Timestamp,Latitude,Longitude,Local_X_m,Local_Y_m,Pressure_Depth_m,Linear_Vx_ms,Linear_Vy_ms,Gyro_Heading_Yaw,Satellites_Count,DVL_FOM,Navigation_Drift_m
16:51:17,22.26369191189718,84.91003229457917,0.453,0.747,0.41,0.023,-0.291,-79.0,13,0.0000,0.00
16:51:17,22.26369175926589,84.91003236103069,0.460,0.730,0.41,0.048,-0.301,-79.0,13,0.0030,0.00
16:51:17,22.263691622922018,84.91003238460418,0.462,0.715,0.43,0.048,-0.301,-78.8,15,0.0030,0.00
16:51:17,22.26369148647051,84.91003240819629,0.464,0.700,0.43,0.048,-0.301,-78.5,15,0.0030,0.00
16:51:17,22.263691349808877,84.91003243182473,0.467,0.685,0.43,0.048,-0.301,-78.4,15,0.0000,0.00
16:51:17,22.263691213617765,84.9100324553718,0.469,0.669,0.43,0.048,-0.301,-78.4,15,0.0000,0.00
16:51:17,22.263691040955095,84.91003254699874,0.479,0.650,0.44,0.077,-0.318,-78.3,15,0.0031,0.00
16:51:17,22.263690896575092,84.91003258488495,0.483,0.634,0.44,0.077,-0.318,-78.1,15,0.0031,0.00
16:51:17,22.263690752775037,84.91003262261897,0.487,0.618,0.44,0.077,-0.318,-78.0,15,0.0000,0.00
16:51:17,22.26369060885654,84.91003266038408,0.490,0.602,0.44,0.077,-0.318,-78.0,15,0.0000,0.00
16:51:17,22.26369049320338,84.91003271964763,0.497,0.589,0.44,0.087,-0.305,-77.9,12,0.0029,0.00
16:51:17,22.26369035510148,84.91003276206588,0.501,0.574,0.44,0.087,-0.305,-77.7,12,0.0029,0.00
16:51:18,22.26369018403873,84.91003278510065,0.503,0.555,0.44,0.077,-0.322,-77.5,12,0.0032,0.00
16:51:18,22.26369003761596,84.91003282300589,0.507,0.539,0.44,0.077,-0.322,-77.5,12,0.0000,0.00
16:51:18,22.263689891781485,84.91003286075883,0.511,0.522,0.46,0.077,-0.322,-77.4,12,0.0000,0.00
16:51:18,22.263689736389104,84.9100329027356,0.515,0.505,0.46,0.079,-0.328,-77.0,12,0.0030,0.00
16:51:18,22.263689588746757,84.91003295333623,0.521,0.489,0.46,0.086,-0.327,-76.9,12,0.0030,0.00
16:51:18,22.263689440350184,84.91003299562601,0.525,0.472,0.46,0.086,-0.327,-76.9,12,0.0000,0.00
16:51:18,22.263689292410763,84.91003303778552,0.529,0.456,0.46,0.086,-0.327,-76.7,12,0.0000,0.00
16:51:18,22.26368913116642,84.91003307364274,0.533,0.438,0.49,0.082,-0.336,-76.4,12,0.0032,0.00
16:51:18,22.263688978673397,84.91003311401192,0.537,0.421,0.49,0.082,-0.336,-75.4,12,0.0032,0.00
16:51:18,22.263688826781383,84.910033154222,0.541,0.404,0.49,0.082,-0.336,-75.4,12,0.0000,0.00
16:51:18,22.263688674698138,84.91003319448272,0.545,0.387,0.49,0.082,-0.336,-74.9,12,0.0000,0.00
16:51:18,22.26368849303435,84.91003319100176,0.545,0.367,0.49,0.058,-0.353,-73.8,15,0.0034,0.00
16:51:18,22.263688332158193,84.91003321975954,0.548,0.349,0.49,0.058,-0.353,-73.6,15,0.0034,0.00
16:51:18,22.26368817239474,84.91003324831841,0.551,0.331,0.49,0.058,-0.353,-73.6,15,0.0000,0.00
16:51:18,22.26368801253522,84.91003327689447,0.554,0.313,0.49,0.058,-0.353,-73.6,15,0.0000,0.00
16:51:18,22.263687892132268,84.91003331236418,0.558,0.300,0.51,0.062,-0.332,-73.5,15,0.0029,0.00
16:51:18,22.263687741255357,84.9100333427414,0.561,0.283,0.51,0.062,-0.332,-73.2,15,0.0029,0.00
16:51:18,22.26368758645702,84.91003337219207,0.564,0.266,0.51,0.061,-0.335,-73.2,15,0.0031,0.00
16:51:18,22.263687434406336,84.91003340235585,0.567,0.249,0.51,0.061,-0.335,-72.9,15,0.0000,0.00
16:51:18,22.263687281266943,84.91003340896319,0.568,0.232,0.51,0.048,-0.336,-71.9,14,0.0032,0.00
16:51:19,22.263687128835713,84.91003343231519,0.570,0.215,0.51,0.048,-0.336,-71.6,14,0.0032,0.00
16:51:19,22.263686976992084,84.91003345557716,0.572,0.198,0.51,0.048,-0.336,-71.6,14,0.0032,0.00
16:51:19,22.26368682512903,84.91003347884212,0.575,0.181,0.51,0.048,-0.336,-71.4,14,0.0000,0.00
16:51:19,22.263686673210604,84.91003350211557,0.577,0.164,0.53,0.048,-0.336,-71.5,14,0.0000,0.00
16:51:19,22.263686555621565,84.9100335236146,0.579,0.151,0.53,0.047,-0.317,-71.5,14,0.0028,0.00
16:51:19,22.263686411165693,84.91003354660282,0.582,0.135,0.53,0.047,-0.317,-71.5,14,0.0028,0.00
16:51:19,22.263686267823562,84.9100335694138,0.584,0.119,0.53,0.047,-0.317,-71.0,14,0.0000,0.00
16:51:19,22.263686124418314,84.91003359223483,0.586,0.103,0.55,0.047,-0.317,-71.0,7,0.0000,0.00
16:51:19,22.26368596368597,84.91003357620312,0.585,0.085,0.55,0.028,-0.326,-71.0,7,0.0030,0.00
16:51:19,22.263685815942644,84.91003359008445,0.586,0.069,0.55,0.028,-0.326,-69.9,7,0.0030,0.00
16:51:19,22.26368564062426,84.91003358258989,0.585,0.049,0.55,0.017,-0.341,-68.4,7,0.0033,0.00
16:51:19,22.263685485199034,84.91003359112217,0.586,0.032,0.55,0.017,-0.341,-67.8,7,0.0000,0.00
16:51:19,22.263685331437326,84.91003357722971,0.585,0.015,0.55,0.004,-0.341,-67.4,7,0.0033,0.00
16:51:19,22.263685176707117,84.91003357940852,0.585,-0.003,0.55,0.004,-0.341,-67.4,7,0.0033,0.00
16:51:19,22.263685029532837,84.91003358918366,0.586,-0.019,0.55,0.009,-0.336,-67.1,7,0.0031,0.00
16:51:19,22.263684876777898,84.91003359371595,0.587,-0.036,0.55,0.009,-0.336,-67.0,7,0.0000,0.00
16:51:19,22.263684730182653,84.91003359300647,0.586,-0.052,0.57,0.006,-0.332,-66.9,7,0.0036,0.00
16:51:19,22.263684579028713,84.91003359583358,0.587,-0.069,0.57,0.006,-0.332,-66.9,7,0.0036,0.00
16:51:19,22.263684428986203,84.91003359863991,0.587,-0.086,0.57,0.006,-0.332,-66.2,7,0.0036,0.00
16:51:20,22.263684278616086,84.91003360145237,0.587,-0.103,0.57,0.006,-0.332,-65.6,7,0.0000,0.00
16:51:20,22.26368412816425,84.91003360426636,0.588,-0.119,0.58,0.006,-0.332,-65.0,11,0.0000,0.00
16:51:20,22.263683964947298,84.91003355511612,0.583,-0.137,0.58,-0.021,-0.339,-65.0,11,0.0033,0.00
16:51:20,22.263683810867903,84.91003354470864,0.582,-0.155,0.58,-0.021,-0.339,-64.6,11,0.0033,0.00
16:51:20,22.26368365733758,84.91003353433825,0.580,-0.172,0.58,-0.021,-0.339,-65.2,11,0.0000,0.00
16:51:20,22.263683503346066,84.91003352393672,0.579,-0.189,0.58,-0.021,-0.339,-66.1,11,0.0000,0.00
16:51:20,22.26368356365883,84.91003346414891,0.573,-0.182,0.58,-0.045,-0.228,-66.1,11,0.0017,0.00
16:51:20,22.26368345998967,84.91003344214394,0.571,-0.194,0.58,-0.045,-0.228,-68.5,11,0.0017,0.00
16:51:20,22.263683356535292,84.91003342018458,0.569,-0.205,0.58,-0.045,-0.228,-69.7,11,0.0000,0.00
16:51:20,22.263683253113694,84.91003339823216,0.566,-0.217,0.58,-0.045,-0.228,-70.8,11,0.0000,0.00
16:51:20,22.263683310185787,84.91003339728468,0.566,-0.210,0.62,-0.035,-0.147,-70.8,11,0.0010,0.00
16:51:20,22.26368324337335,84.91003338010155,0.565,-0.218,0.62,-0.035,-0.147,-73.2,11,0.0010,0.00
16:51:20,22.26368323293889,84.91003337511474,0.564,-0.219,0.62,-0.029,-0.116,-74.4,11,0.0010,0.00
16:51:20,22.263683180137214,84.9100333609527,0.563,-0.225,0.62,-0.029,-0.116,-75.5,11,0.0000,0.00
16:51:20,22.26368312761507,84.91003334686562,0.561,-0.231,0.65,-0.029,-0.116,-75.5,11,0.0000,0.00
16:51:20,22.263683173831,84.91003335885868,0.562,-0.226,0.65,-0.014,-0.057,-77.7,11,0.0010,0.00
16:51:20,22.263683147882816,84.91003335179039,0.562,-0.228,0.65,-0.014,-0.057,-78.4,11,0.0010,0.00
16:51:20,22.26368312202175,84.91003334474583,0.561,-0.231,0.65,-0.014,-0.057,-78.4,11,0.0000,0.00
16:51:20,22.263683096111425,84.91003333768784,0.560,-0.234,0.65,-0.014,-0.057,-78.5,10,0.0000,0.00
16:51:20,22.26368300332555,84.9100332125406,0.547,-0.245,0.65,-0.075,-0.095,-77.2,10,0.0015,0.00
16:51:21,22.26368296034166,84.9100331754977,0.543,-0.249,0.65,-0.075,-0.095,-75.7,10,0.0015,0.00
16:51:21,22.263682917545697,84.91003313861675,0.540,-0.254,0.65,-0.075,-0.095,-75.7,10,0.0000,0.00
16:51:21,22.263682874735963,84.91003310172395,0.536,-0.259,0.67,-0.075,-0.095,-71.2,10,0.0000,0.00
16:51:21,22.263682862675854,84.91003275280843,0.500,-0.260,0.67,-0.227,-0.078,-68.6,10,0.0031,0.00
16:51:21,22.26368282713602,84.91003264134463,0.488,-0.264,0.67,-0.227,-0.078,-66.0,10,0.0031,0.00
16:51:21,22.263682831770115,84.9100323770052,0.461,-0.264,0.67,-0.308,-0.056,-61.1,10,0.0034,0.00
16:51:21,22.263682806527882,84.91003222569199,0.446,-0.266,0.67,-0.308,-0.056,-61.1,10,0.0000,0.00
16:51:21,22.26368280927447,84.91003210179055,0.433,-0.266,0.67,-0.293,-0.038,-59.3,10,0.0026,0.00
16:51:21,22.26368279197633,84.91003195756393,0.418,-0.268,0.67,-0.293,-0.038,-57.9,10,0.0026,0.00
16:51:21,22.26368277479682,84.91003181432639,0.403,-0.270,0.67,-0.293,-0.038,-57.9,10,0.0026,0.00
16:51:21,22.263682757599767,84.91003167094263,0.388,-0.272,0.67,-0.293,-0.038,-56.2,10,0.0000,0.00
16:51:21,22.263682740391676,84.91003152746678,0.374,-0.274,0.67,-0.293,-0.038,-55.9,10,0.0000,0.00
16:51:21,22.263682831457146,84.91003164072453,0.385,-0.264,0.67,-0.165,0.020,-56.6,10,0.0011,0.00
16:51:21,22.263682840759724,84.91003155949632,0.377,-0.263,0.67,-0.165,0.020,-56.6,10,0.0011,0.00
16:51:21,22.263682849971598,84.91003147906008,0.369,-0.262,0.67,-0.165,0.020,-57.3,10,0.0000,0.00
16:51:21,22.263682859229043,84.91003139822595,0.360,-0.261,0.66,-0.165,0.020,-58.1,10,0.0000,0.00
16:51:21,22.26368286846156,84.91003131760945,0.352,-0.260,0.66,-0.165,0.020,-60.3,10,0.0014,0.00
16:51:21,22.26368287769535,84.91003123698191,0.344,-0.259,0.66,-0.165,0.020,-60.3,10,0.0014,0.00
16:51:21,22.26368288691111,84.91003115651176,0.335,-0.257,0.66,-0.165,0.020,-61.5,10,0.0000,0.00
16:51:21,22.26368289614376,84.91003107589411,0.327,-0.256,0.66,-0.165,0.020,-62.9,12,0.0000,0.00
16:51:22,22.263682954959727,84.91003114203292,0.334,-0.250,0.66,-0.113,0.039,-65.7,12,0.0010,0.00
16:51:22,22.263682972748647,84.91003108633156,0.328,-0.248,0.66,-0.113,0.039,-65.7,12,0.0010,0.00
16:51:22,22.263682990409954,84.91003103102979,0.323,-0.246,0.66,-0.113,0.039,-67.2,12,0.0010,0.00
16:51:22,22.263683008086335,84.91003097568081,0.317,-0.244,0.63,-0.113,0.039,-68.8,12,0.0000,0.00
16:51:22,22.26368302583163,84.91003092011606,0.311,-0.242,0.63,-0.113,0.039,-72.0,12,0.0000,0.00
16:51:22,22.26368304508113,84.91003088363365,0.307,-0.240,0.63,-0.106,0.040,-72.0,12,0.0012,0.00
16:51:22,22.263683063165004,84.91003083127234,0.302,-0.238,0.63,-0.106,0.040,-73.7,12,0.0012,0.00
16:51:22,22.26368308112069,84.91003077928221,0.297,-0.236,0.63,-0.106,0.040,-75.4,12,0.0000,0.00
16:51:22,22.26368309913532,84.91003072712138,0.291,-0.234,0.60,-0.106,0.040,-78.9,12,0.0000,0.00
16:51:22,22.263683243195672,84.91003072566754,0.291,-0.218,0.60,-0.086,0.095,-78.9,12,0.0012,0.00
16:51:22,22.26368328613271,84.91003068344179,0.287,-0.213,0.60,-0.086,0.095,-80.7,12,0.0012,0.00
16:51:22,22.26368336533903,84.9100307517546,0.294,-0.204,0.60,-0.035,0.113,-82.4,12,0.0014,0.00
16:51:22,22.263683416650046,84.91003073452093,0.292,-0.199,0.60,-0.035,0.113,-86.0,12,0.0000,0.00
16:51:22,22.263683467721865,84.91003071736758,0.290,-0.193,0.60,-0.035,0.113,-86.0,12,0.0000,0.00
16:51:22,22.263683539500907,84.91003074168987,0.293,-0.185,0.60,-0.013,0.124,-87.8,12,0.0014,0.00
16:51:22,22.263683596027025,84.91003073510015,0.292,-0.179,0.60,-0.013,0.124,-89.6,12,0.0014,0.00
16:51:22,22.26368365233011,84.91003072853643,0.291,-0.172,0.55,-0.013,0.124,-93.2,12,0.0000,0.00
16:51:22,22.2636837088056,84.9100307219526,0.291,-0.166,0.55,-0.013,0.124,-95.0,12,0.0000,0.00
16:51:22,22.26368377974818,84.91003071995148,0.291,-0.158,0.55,-0.011,0.132,-95.0,12,0.0014,0.00
16:51:22,22.26368384003579,84.9100307144807,0.290,-0.151,0.55,-0.011,0.132,-96.8,12,0.0014,0.00
16:51:23,22.26368389996127,84.91003070904277,0.289,-0.145,0.52,-0.011,0.132,-100.5,9,0.0000,0.00
16:51:23,22.263683959999895,84.91003070359459,0.289,-0.138,0.52,-0.011,0.132,-102.3,9,0.0000,0.00
16:51:23,22.26368402256834,84.91003068027031,0.286,-0.131,0.52,-0.020,0.134,-102.3,9,0.0015,0.00
16:51:23,22.26368408337173,84.91003067056882,0.285,-0.124,0.52,-0.020,0.134,-104.1,9,0.0015,0.00
16:51:23,22.26368413991052,84.91003064334986,0.283,-0.118,0.52,-0.029,0.131,-107.8,9,0.0015,0.00
16:51:23,22.26368419959664,84.91003062914629,0.281,-0.111,0.52,-0.029,0.131,-109.6,9,0.0000,0.00
16:51:23,22.263684259108437,84.91003061498422,0.280,-0.105,0.52,-0.029,0.131,-109.6,9,0.0000,0.00
16:51:23,22.263684315351263,84.91003058338154,0.276,-0.098,0.52,-0.039,0.130,-111.4,9,0.0015,0.00
16:51:23,22.26368437436384,84.91003056434728,0.274,-0.092,0.52,-0.039,0.130,-115.1,9,0.0015,0.00
16:51:23,22.263684433039167,84.9100305454218,0.273,-0.085,0.47,-0.039,0.130,-116.9,11,0.0000,0.00
16:51:23,22.2636844919582,84.91003052641771,0.271,-0.079,0.47,-0.039,0.130,-116.9,11,0.0000,0.00
16:51:23,22.263684520424732,84.91003049169747,0.267,-0.076,0.47,-0.047,0.113,-118.6,11,0.0013,0.00
16:51:23,22.263684571940743,84.91003046855604,0.265,-0.070,0.47,-0.047,0.113,-121.9,11,0.0013,0.00
16:51:23,22.26368462309263,84.91003044557819,0.262,-0.064,0.42,-0.047,0.113,-123.8,11,0.0000,0.00
16:51:23,22.26368467428629,84.91003042258156,0.260,-0.059,0.42,-0.047,0.113,-123.8,11,0.0000,0.00
16:51:23,22.263684731200826,84.9100303543622,0.253,-0.052,0.42,-0.069,0.116,-125.9,11,0.0015,0.00
16:51:23,22.263684783963754,84.91003032043453,0.249,-0.046,0.42,-0.069,0.116,-130.9,11,0.0015,0.00
16:51:23,22.26368483649741,84.91003028665429,0.246,-0.040,0.42,-0.069,0.116,-133.7,12,0.0000,0.00
16:51:23,22.263684889180194,84.91003025277814,0.242,-0.035,0.42,-0.069,0.116,-133.7,12,0.0000,0.00
16:51:24,22.263684948853076,84.91003014440999,0.231,-0.028,0.42,-0.104,0.119,-136.6,12,0.0019,0.00
16:51:24,22.263685003250927,84.91003009315628,0.226,-0.022,0.42,-0.104,0.119,-142.2,12,0.0019,0.00
16:51:24,22.263685035523544,84.91003001280588,0.218,-0.018,0.39,-0.119,0.107,-144.7,12,0.0017,0.00
16:51:24,22.263685084336913,84.91002995413899,0.212,-0.013,0.39,-0.119,0.107,-144.7,12,0.0000,0.00
16:51:24,22.26368513285091,84.91002989583191,0.206,-0.007,0.39,-0.119,0.107,-149.4,12,0.0000,0.00
16:51:24,22.263685137862826,84.91002985020546,0.201,-0.007,0.39,-0.112,0.081,-151.5,12,0.0014,0.00
16:51:24,22.263685174837182,84.91002979502983,0.195,-0.003,0.39,-0.112,0.081,-153.5,12,0.0014,0.00
16:51:24,22.263685211626992,84.91002974012957,0.190,0.001,0.39,-0.112,0.081,-153.5,12,0.0000,0.00
16:51:24,22.26368524843318,84.91002968520489,0.184,0.005,0.39,-0.112,0.081,-155.3,12,0.0000,0.00
16:51:24,22.263685201877635,84.91002975536826,0.191,0.000,0.39,-0.048,0.035,-158.5,12,0.0008,0.00
16:51:24,22.263685217713153,84.9100297319125,0.189,0.002,0.39,-0.048,0.035,-159.7,12,0.0008,0.00
16:51:24,22.263685233506898,84.91002970851862,0.186,0.004,0.38,-0.048,0.035,-160.6,10,0.0000,0.00
16:51:24,22.263685249302135,84.91002968512252,0.184,0.005,0.38,-0.048,0.035,-160.6,10,0.0000,0.00
16:51:24,22.263685226342524,84.91002972003156,0.188,0.003,0.38,-0.019,0.014,-161.7,10,0.0002,0.00
16:51:24,22.263685232887678,84.91002971055191,0.187,0.004,0.38,-0.019,0.014,-162.1,10,0.0002,0.00
16:51:24,22.263685239415512,84.91002970109736,0.186,0.004,0.39,-0.019,0.014,-162.3,10,0.0000,0.00
16:51:24,22.263685245954605,84.91002969162649,0.185,0.005,0.39,-0.019,0.014,-162.3,10,0.0000,0.00
16:51:24,22.26368525248411,84.91002968216951,0.184,0.006,0.39,-0.019,0.014,-162.5,10,0.0000,0.00
16:51:24,22.263685239575665,84.91002970302958,0.186,0.004,0.39,-0.006,0.005,-162.5,10,0.0004,0.00
16:51:24,22.26368523672409,84.91002970851873,0.186,0.004,0.39,-0.002,0.002,-162.5,12,0.0005,0.00
16:51:25,22.263685237848165,84.91002970756988,0.186,0.004,0.39,-0.002,0.002,-162.4,12,0.0000,0.00
16:51:25,22.26368523896795,84.91002970662466,0.186,0.004,0.39,-0.002,0.002,-160.4,12,0.0000,0.00
16:51:25,22.263685112995386,84.91002976584087,0.192,-0.010,0.39,0.032,-0.074,-158.1,12,0.0018,0.00
16:51:25,22.263685079507066,84.91002978127753,0.194,-0.013,0.39,0.032,-0.074,-155.4,12,0.0018,0.00
16:51:25,22.263685046081715,84.91002979668517,0.195,-0.017,0.39,0.032,-0.074,-155.4,12,0.0000,0.00
16:51:25,22.263685012606686,84.9100298121157,0.197,-0.021,0.39,0.032,-0.074,-149.4,12,0.0000,0.00
16:51:25,22.26368470611626,84.91002982232702,0.198,-0.055,0.39,0.029,-0.228,-146.5,12,0.0029,0.00
16:51:25,22.263684602802094,84.91002983643973,0.199,-0.066,0.39,0.029,-0.228,-143.7,12,0.0029,0.00
16:51:25,22.263684499846068,84.91002985050352,0.201,-0.078,0.41,0.029,-0.228,-143.7,12,0.0000,0.00
16:51:25,22.263684396505557,84.91002986461983,0.202,-0.089,0.41,0.029,-0.228,-138.9,12,0.0000,0.00
16:51:25,22.263684267058263,84.91002981834252,0.198,-0.104,0.41,-0.001,-0.242,-137.1,12,0.0021,0.00
16:51:25,22.26368415712338,84.91002981798391,0.198,-0.116,0.41,-0.001,-0.242,-135.8,12,0.0021,0.00
16:51:25,22.263684047704864,84.91002981762698,0.198,-0.128,0.41,-0.001,-0.242,-135.8,12,0.0021,0.00
16:51:25,22.263683938388898,84.91002981727038,0.198,-0.140,0.41,-0.001,-0.242,-134.6,12,0.0000,0.00
16:51:25,22.263683828705723,84.9100298169126,0.197,-0.153,0.41,-0.001,-0.242,-134.5,12,0.0000,0.00
16:51:25,22.263683710678905,84.91002947236198,0.162,-0.166,0.41,-0.152,-0.246,-134.6,12,0.0037,0.00
16:51:25,22.26368359897706,84.910029397608,0.154,-0.178,0.38,-0.152,-0.246,-134.6,12,0.0037,0.00
16:51:25,22.263683487773562,84.91002932318753,0.147,-0.191,0.38,-0.152,-0.246,-135.0,12,0.0000,0.00
16:51:25,22.26368337641677,84.91002924866446,0.139,-0.203,0.38,-0.152,-0.246,-135.3,12,0.0000,0.00
16:51:25,22.263683201648554,84.91002898948898,0.112,-0.222,0.38,-0.234,-0.276,-135.6,12,0.0044,0.00
16:51:26,22.263683076323407,84.91002887476377,0.100,-0.236,0.36,-0.234,-0.276,-136.2,11,0.0044,0.00
16:51:26,22.263682951111925,84.91002876014261,0.089,-0.250,0.36,-0.234,-0.276,-136.2,11,0.0044,0.00
16:51:26,22.263682826220723,84.91002864581465,0.077,-0.264,0.36,-0.234,-0.276,-136.5,11,0.0000,0.00
16:51:26,22.263682701211117,84.91002853137829,0.065,-0.278,0.36,-0.234,-0.276,-136.7,11,0.0000,0.00
16:51:26,22.26368257612396,84.91002841687094,0.053,-0.292,0.36,-0.234,-0.276,-137.4,11,0.0000,0.00
16:51:26,22.263682450972272,84.91002830230453,0.041,-0.306,0.36,-0.234,-0.276,-137.4,11,0.0000,0.00
16:51:26,22.263682290580423,84.91002786775275,-0.003,-0.324,0.36,-0.352,-0.291,-137.8,11,0.0052,0.00
16:51:26,22.263682158818042,84.91002769533668,-0.021,-0.339,0.36,-0.352,-0.291,-138.2,11,0.0000,0.00
16:51:26,22.263682027480627,84.9100275234767,-0.039,-0.353,0.36,-0.352,-0.291,-139.8,11,0.0000,0.00
16:51:26,22.263681918330914,84.91002728832527,-0.063,-0.365,0.33,-0.378,-0.281,-139.8,13,0.0049,0.00
16:51:26,22.263681790810846,84.91002710297421,-0.082,-0.380,0.33,-0.378,-0.281,-140.6,13,0.0049,0.00
16:51:26,22.26368166396951,84.9100269186097,-0.101,-0.394,0.33,-0.378,-0.281,-141.5,13,0.0000,0.00
16:51:26,22.26368153669713,84.91002673361866,-0.120,-0.408,0.33,-0.378,-0.281,-144.0,13,0.0000,0.00
16:51:26,22.263681532858122,84.91002669368555,-0.124,-0.408,0.31,-0.314,-0.222,-144.0,13,0.0031,0.00
16:51:26,22.26368143220834,84.91002653994238,-0.140,-0.419,0.31,-0.314,-0.222,-145.5,13,0.0031,0.00
16:51:26,22.263681401383195,84.91002646333388,-0.148,-0.423,0.31,-0.276,-0.185,-147.1,13,0.0026,0.00
16:51:26,22.263681317500236,84.91002632803313,-0.162,-0.432,0.31,-0.276,-0.185,-150.8,13,0.0000,0.00
16:51:26,22.26368123400492,84.91002619335764,-0.176,-0.441,0.31,-0.276,-0.185,-150.8,13,0.0000,0.00
16:51:26,22.263681201361948,84.91002611551735,-0.184,-0.445,0.31,-0.245,-0.155,-152.7,13,0.0023,0.00
16:51:27,22.26368113095884,84.91002599527985,-0.196,-0.453,0.31,-0.245,-0.155,-154.7,13,0.0023,0.00
16:51:27,22.26368106090903,84.91002587564574,-0.209,-0.461,0.31,-0.245,-0.155,-158.6,13,0.0000,0.00
16:51:27,22.263680990703158,84.9100257557451,-0.221,-0.469,0.31,-0.245,-0.155,-158.6,13,0.0000,0.00
16:51:27,22.26368097028104,84.91002566797904,-0.230,-0.471,0.33,-0.229,-0.128,-160.5,13,0.0020,0.00
16:51:27,22.263680912407583,84.91002555586786,-0.241,-0.477,0.33,-0.229,-0.128,-162.3,13,0.0020,0.00
16:51:27,22.263680854673996,84.91002544402762,-0.253,-0.484,0.33,-0.229,-0.128,-165.7,13,0.0000,0.00
16:51:27,22.263680796916372,84.91002533214082,-0.265,-0.490,0.33,-0.229,-0.128,-165.7,13,0.0000,0.00
16:51:27,22.26368078658299,84.91002526645974,-0.271,-0.491,0.33,-0.206,-0.103,-167.3,13,0.0019,0.00
16:51:27,22.26368073993168,84.91002516521048,-0.282,-0.496,0.33,-0.206,-0.103,-168.8,13,0.0019,0.00
16:51:27,22.263680693401867,84.91002506422494,-0.292,-0.502,0.33,-0.206,-0.103,-171.5,13,0.0000,0.00
16:51:27,22.263680646886364,84.91002496327044,-0.303,-0.507,0.33,-0.206,-0.103,-171.5,13,0.0000,0.00
16:51:27,22.263680633942638,84.91002489680483,-0.309,-0.508,0.35,-0.190,-0.086,-172.7,12,0.0020,0.00
16:51:27,22.26368059507821,84.9100248035632,-0.319,-0.513,0.35,-0.190,-0.086,-173.9,12,0.0020,0.00
16:51:27,22.263680556225705,84.91002471035019,-0.329,-0.517,0.35,-0.190,-0.086,-175.8,12,0.0020,0.00
16:51:27,22.263680517518893,84.91002461748671,-0.338,-0.521,0.35,-0.190,-0.086,-176.5,12,0.0000,0.00
16:51:27,22.263680592550177,84.91002462421797,-0.337,-0.513,0.37,-0.144,-0.028,-176.5,12,0.0013,0.00
16:51:27,22.26368057971429,84.91002455370355,-0.345,-0.514,0.37,-0.144,-0.028,-177.2,12,0.0013,0.00
16:51:27,22.263680566942288,84.91002448354007,-0.352,-0.516,0.37,-0.144,-0.028,-178.2,12,0.0013,0.00
16:51:27,22.263680554171312,84.91002441338223,-0.359,-0.517,0.37,-0.144,-0.028,-178.6,12,0.0000,0.00
16:51:27,22.263680541366156,84.91002434303664,-0.366,-0.519,0.37,-0.144,-0.028,-178.6,13,0.0000,0.00
16:51:28,22.263680569671767,84.91002448864853,-0.351,-0.515,0.37,-0.050,-0.009,-179.0,13,0.0011,0.00
16:51:28,22.263680565584618,84.91002446409524,-0.354,-0.516,0.37,-0.050,-0.009,-179.4,13,0.0011,0.00
16:51:28,22.263680561511485,84.91002443962616,-0.356,-0.516,0.37,-0.050,-0.009,-179.6,13,0.0000,0.00
16:51:28,22.263680557437116,84.91002441514962,-0.359,-0.517,0.37,-0.050,-0.009,-179.6,13,0.0000,0.00
16:51:28,22.263680567983297,84.91002446873091,-0.353,-0.516,0.40,-0.016,-0.002,-179.7,13,0.0011,0.00
16:51:28,22.263680567057175,84.91002446105385,-0.354,-0.516,0.40,-0.016,-0.002,-179.8,13,0.0011,0.00
16:51:28,22.263680566132432,84.91002445338825,-0.355,-0.516,0.40,-0.016,-0.002,-179.6,13,0.0000,0.00
16:51:28,22.26368056520847,84.91002444572909,-0.356,-0.516,0.40,-0.016,-0.002,-179.6,13,0.0000,0.00
16:51:28,22.26368056428659,84.91002443808722,-0.357,-0.516,0.43,-0.016,-0.002,-179.5,13,0.0000,0.00
16:51:28,22.26368056906464,84.91002446486782,-0.354,-0.516,0.43,-0.001,0.001,-179.2,13,0.0007,0.00
16:51:28,22.263680570371978,84.91002447166377,-0.353,-0.515,0.43,0.002,0.001,-179.1,13,0.0005,0.00
16:51:28,22.263680570870594,84.91002447281122,-0.353,-0.515,0.43,0.002,0.001,-179.1,13,0.0000,0.00
16:51:28,22.26368057136691,84.91002447395336,-0.353,-0.515,0.43,0.002,0.001,-179.1,11,0.0000,0.00
16:51:28,22.263680572137083,84.91002447769705,-0.353,-0.515,0.43,0.004,0.001,-179.3,11,0.0004,0.00
16:51:28,22.263680572708815,84.91002447954168,-0.352,-0.515,0.43,0.004,0.001,-179.4,11,0.0004,0.00
16:51:28,22.26368057327885,84.91002448138083,-0.352,-0.515,0.43,0.004,0.001,-179.4,11,0.0000,0.00
16:51:28,22.263680573847893,84.91002448321679,-0.352,-0.515,0.46,0.004,0.001,-179.6,11,0.0000,0.00
16:51:28,22.26368057392725,84.91002448340264,-0.352,-0.515,0.46,0.003,0.001,180.0,11,0.0004,0.00
16:51:28,22.263680574373584,84.91002448482483,-0.352,-0.515,0.46,0.003,0.001,179.7,11,0.0004,0.00
16:51:28,22.26368057483198,84.91002448593015,-0.352,-0.515,0.46,0.003,0.001,179.7,11,0.0005,0.00
16:51:29,22.263680575282773,84.9100244872699,-0.352,-0.515,0.46,0.003,0.001,179.3,11,0.0000,0.00
16:51:29,22.263680576889485,84.91002448984537,-0.351,-0.515,0.47,0.003,0.002,178.6,10,0.0006,0.00
16:51:29,22.263680577685225,84.91002449155455,-0.351,-0.515,0.47,0.003,0.002,178.2,10,0.0006,0.00
16:51:29,22.263680578476816,84.91002449325482,-0.351,-0.514,0.47,0.003,0.002,178.2,10,0.0006,0.00
16:51:29,22.263680579268502,84.91002449495532,-0.351,-0.514,0.47,0.003,0.002,177.8,10,0.0000,0.00
16:51:29,22.26368058006698,84.91002449667037,-0.351,-0.514,0.47,0.003,0.002,177.0,10,0.0000,0.00
16:51:29,22.263680584423426,84.91002450307845,-0.350,-0.514,0.47,0.006,0.004,176.5,10,0.0009,0.00
16:51:29,22.263680586102847,84.91002450595433,-0.350,-0.514,0.47,0.006,0.004,176.5,10,0.0009,0.00
16:51:29,22.263680587773134,84.91002450881457,-0.349,-0.513,0.47,0.006,0.004,176.1,10,0.0000,0.00
16:51:29,22.26368058944701,84.91002451168096,-0.349,-0.513,0.48,0.006,0.004,175.5,11,0.0000,0.00
16:51:29,22.26368059116015,84.91002451681754,-0.349,-0.513,0.48,0.007,0.004,175.5,11,0.0010,0.00
16:51:29,22.26368059284722,84.91002452022033,-0.348,-0.513,0.48,0.007,0.004,175.2,11,0.0010,0.00
16:51:29,22.263680593124782,84.9100245244017,-0.348,-0.513,0.48,0.007,0.003,174.7,11,0.0010,0.00
16:51:29,22.26368059445518,84.91002452800595,-0.347,-0.513,0.48,0.007,0.003,174.5,11,0.0000,0.00
16:51:29,22.263680594524416,84.91002453195941,-0.347,-0.513,0.48,0.008,0.002,174.4,11,0.0010,0.00
16:51:29,22.263680595494982,84.91002453566053,-0.347,-0.513,0.48,0.008,0.002,174.4,11,0.0010,0.00
16:51:29,22.263680595344624,84.91002453885733,-0.346,-0.513,0.48,0.007,0.001,174.5,11,0.0009,0.00
16:51:29,22.26368059596844,84.91002454240933,-0.346,-0.513,0.48,0.007,0.001,174.7,11,0.0000,0.00
16:51:29,22.263680595719812,84.91002454480102,-0.346,-0.513,0.51,0.006,0.001,174.9,11,0.0008,0.00
16:51:29,22.26368059605689,84.91002454797324,-0.345,-0.513,0.51,0.006,0.001,174.9,11,0.0008,0.00
16:51:30,22.263680596392273,84.91002455112952,-0.345,-0.512,0.51,0.006,0.001,175.5,11,0.0008,0.00
16:51:30,22.26368059672839,84.91002455429268,-0.345,-0.512,0.51,0.006,0.001,175.9,11,0.0000,0.00
16:51:30,22.263680597065367,84.91002455746397,-0.344,-0.512,0.53,0.006,0.001,176.3,12,0.0000,0.00
16:51:30,22.26368059660852,84.91002455572762,-0.345,-0.512,0.53,0.004,0.000,176.3,12,0.0008,0.00
16:51:30,22.263680596743033,84.91002455764973,-0.344,-0.512,0.53,0.004,0.000,177.0,12,0.0008,0.00
16:51:30,22.263680596891284,84.9100245581024,-0.344,-0.512,0.53,0.003,0.000,177.4,12,0.0007,0.00
16:51:30,22.263680597029833,84.9100245596351,-0.344,-0.512,0.53,0.003,0.000,177.6,12,0.0000,0.00
16:51:30,22.263680597542468,84.91002456170467,-0.344,-0.512,0.53,0.003,0.001,177.6,12,0.0007,0.00
16:51:30,22.263680597791314,84.9100245633978,-0.344,-0.512,0.53,0.003,0.001,177.9,12,0.0007,0.00
16:51:30,22.263680599238,84.91002456644516,-0.343,-0.512,0.53,0.004,0.001,178.4,12,0.0007,0.00
16:51:30,22.263680599867307,84.91002456857133,-0.343,-0.512,0.54,0.004,0.001,178.6,12,0.0000,0.00
16:51:30,22.26368060137744,84.91002457160332,-0.343,-0.512,0.54,0.005,0.002,178.6,12,0.0007,0.00
16:51:30,22.263680602300045,84.91002457403187,-0.343,-0.512,0.54,0.005,0.002,179.2,12,0.0007,0.00
16:51:30,22.26368060321797,84.91002457644808,-0.342,-0.512,0.54,0.005,0.002,179.5,12,0.0007,0.00
16:51:30,22.263680604138766,84.91002457887186,-0.342,-0.512,0.54,0.005,0.002,179.5,12,0.0000,0.00
16:51:30,22.263680605057708,84.91002458129076,-0.342,-0.512,0.57,0.005,0.002,179.9,12,0.0000,0.00
16:51:30,22.26368060512052,84.91002458134217,-0.342,-0.512,0.57,0.004,0.002,-179.5,12,0.0008,0.00
16:51:30,22.26368060582745,84.9100245831736,-0.342,-0.511,0.57,0.004,0.002,-179.2,12,0.0008,0.00
16:51:30,22.263680606526975,84.91002458498585,-0.342,-0.511,0.57,0.004,0.002,-179.2,12,0.0000,0.00
16:51:30,22.263680607226508,84.91002458679812,-0.341,-0.511,0.57,0.004,0.002,-179.0,10,0.0000,0.00
16:51:31,22.263680606481337,84.910024585419,-0.341,-0.511,0.57,0.002,0.001,-179.3,10,0.0004,0.00
16:51:31,22.263680606841223,84.91002458648163,-0.341,-0.511,0.57,0.002,0.001,-179.7,10,0.0004,0.00
16:51:31,22.263680606527736,84.91002458560496,-0.341,-0.511,0.57,0.001,0.000,-179.7,10,0.0004,0.00
16:51:31,22.263680606714743,84.91002458616968,-0.341,-0.511,0.58,0.001,0.000,178.8,10,0.0000,0.00
16:51:31,22.263680606502664,84.91002458528426,-0.341,-0.511,0.58,0.000,0.000,177.9,10,0.0005,0.00
16:51:31,22.263680606575416,84.91002458543382,-0.341,-0.511,0.58,0.000,0.000,176.6,10,0.0005,0.00
16:51:31,22.263680606648048,84.91002458558312,-0.341,-0.511,0.58,0.000,0.000,174.8,10,0.0005,0.00
16:51:31,22.263680606720566,84.91002458573219,-0.341,-0.511,0.57,0.000,0.000,174.8,10,0.0000,0.00
16:51:31,22.26368060679333,84.91002458588176,-0.341,-0.511,0.57,0.000,0.000,172.5,10,0.0000,0.00
16:51:31,22.263680576174607,84.91002444686372,-0.356,-0.515,0.57,-0.069,-0.016,166.7,10,0.0013,0.00
16:51:31,22.26368056867958,84.91002441269664,-0.359,-0.516,0.57,-0.069,-0.016,160.4,10,0.0013,0.00
16:51:31,22.26368056123862,84.91002437877604,-0.363,-0.516,0.57,-0.069,-0.016,160.4,11,0.0000,0.00
16:51:31,22.263680553777185,84.91002434476212,-0.366,-0.517,0.57,-0.069,-0.016,157.2,11,0.0000,0.00
16:51:31,22.263680485652202,84.91002422411314,-0.379,-0.525,0.57,-0.110,-0.047,153.5,11,0.0017,0.00
16:51:31,22.263680464017057,84.91002416974197,-0.384,-0.527,0.57,-0.110,-0.047,153.5,11,0.0017,0.00
16:51:31,22.26368044256957,84.91002411584242,-0.390,-0.530,0.57,-0.110,-0.047,146.9,11,0.0000,0.00
16:51:31,22.263680421022567,84.91002406169275,-0.395,-0.532,0.57,-0.110,-0.047,144.0,11,0.0000,0.00
16:51:31,22.26368019774569,84.91002412871661,-0.389,-0.557,0.57,-0.054,-0.149,141.3,11,0.0018,0.00
16:51:31,22.263680130007785,84.91002410219656,-0.391,-0.564,0.57,-0.054,-0.149,141.3,11,0.0018,0.00
16:51:31,22.263680062743976,84.91002407586211,-0.394,-0.572,0.57,-0.054,-0.149,137.1,11,0.0018,0.00
16:51:32,22.26367999529831,84.91002404945647,-0.397,-0.579,0.56,-0.054,-0.149,135.6,10,0.0000,0.00
16:51:32,22.26367992770238,84.91002402299199,-0.399,-0.587,0.56,-0.054,-0.149,134.3,10,0.0000,0.00
16:51:32,22.263679922514072,84.91002421301307,-0.380,-0.587,0.56,0.040,-0.120,134.3,10,0.0016,0.00
16:51:32,22.263679868032355,84.91002423247599,-0.378,-0.594,0.56,0.040,-0.120,134.8,10,0.0016,0.00
16:51:32,22.26367981369771,84.91002425188637,-0.376,-0.600,0.56,0.040,-0.120,135.6,10,0.0000,0.00
16:51:32,22.26367975947343,84.91002427125731,-0.374,-0.606,0.56,0.040,-0.120,137.7,10,0.0000,0.00
16:51:32,22.263679717801793,84.91002435148759,-0.366,-0.610,0.56,0.066,-0.114,137.7,10,0.0016,0.00
16:51:32,22.263679666018483,84.91002438411415,-0.362,-0.616,0.56,0.066,-0.114,139.0,10,0.0016,0.00
16:51:32,22.2636796145096,84.9100244165678,-0.359,-0.622,0.55,0.066,-0.114,140.2,10,0.0000,0.00
16:51:32,22.263679562810935,84.91002444914102,-0.356,-0.628,0.55,0.066,-0.114,141.5,10,0.0000,0.00
16:51:32,22.263679636150496,84.91002438210809,-0.362,-0.619,0.55,0.022,-0.053,141.5,10,0.0015,0.00
16:51:32,22.26367961205768,84.91002439267699,-0.361,-0.622,0.55,0.022,-0.053,144.1,10,0.0015,0.00
16:51:32,22.263679669146068,84.91002444686652,-0.356,-0.616,0.55,0.043,-0.009,145.3,10,0.0015,0.00
16:51:32,22.263679664990324,84.91002446817265,-0.354,-0.616,0.55,0.043,-0.009,147.7,10,0.0000,0.00
16:51:32,22.263679660839028,84.91002448945599,-0.351,-0.617,0.55,0.043,-0.009,147.7,10,0.0000,0.00
16:51:32,22.26367969242202,84.91002454142263,-0.346,-0.613,0.55,0.060,0.012,148.8,10,0.0015,0.00
16:51:32,22.263679710289804,84.91002458416493,-0.342,-0.611,0.55,0.068,0.020,149.8,10,0.0015,0.00
16:51:32,22.263679719299006,84.91002461752385,-0.338,-0.610,0.50,0.068,0.020,150.8,10,0.0000,0.00
16:51:32,22.263679728290874,84.91002465081858,-0.335,-0.609,0.50,0.068,0.020,152.6,10,0.0000,0.00
16:51:33,22.263679743465822,84.91002469522937,-0.330,-0.607,0.50,0.075,0.024,152.6,10,0.0015,0.00
16:51:33,22.26367975439659,84.91002473206643,-0.326,-0.606,0.50,0.075,0.024,153.4,10,0.0015,0.00
16:51:33,22.263679765276724,84.91002476873282,-0.323,-0.605,0.46,0.075,0.024,155.0,10,0.0000,0.00
16:51:33,22.26367977618194,84.91002480548377,-0.319,-0.604,0.46,0.075,0.024,155.0,10,0.0000,0.00
16:51:33,22.26367975249997,84.91002475950376,-0.324,-0.606,0.46,0.030,0.004,155.7,10,0.0014,0.00
16:51:33,22.263679754137687,84.91002477413066,-0.322,-0.606,0.46,0.030,0.004,156.4,10,0.0014,0.00
16:51:33,22.263679746225556,84.9100247573249,-0.324,-0.607,0.46,0.012,-0.002,157.4,10,0.0014,0.00
16:51:33,22.263679745178077,84.91002476315703,-0.323,-0.607,0.46,0.012,-0.002,157.4,10,0.0000,0.00
16:51:33,22.26367974111958,84.91002475480633,-0.324,-0.608,0.46,0.003,-0.004,157.7,10,0.0012,0.00
16:51:33,22.263679739158917,84.9100247563258,-0.324,-0.608,0.46,0.003,-0.004,158.1,10,0.0012,0.00
16:51:33,22.263679737210328,84.9100247578359,-0.324,-0.608,0.42,0.003,-0.004,158.6,10,0.0012,0.00
16:51:33,22.26367973525455,84.91002475935157,-0.324,-0.608,0.42,0.003,-0.004,158.8,10,0.0000,0.00
16:51:33,22.263679733300233,84.91002476086611,-0.323,-0.609,0.42,0.003,-0.004,158.8,10,0.0000,0.00
16:51:33,22.263679733994085,84.91002474816904,-0.325,-0.608,0.42,-0.004,-0.003,159.1,10,0.0011,0.00
16:51:33,22.263679732695483,84.91002474614989,-0.325,-0.609,0.42,-0.004,-0.003,160.1,10,0.0011,0.00
16:51:33,22.26367973139941,84.91002474413469,-0.325,-0.609,0.36,-0.004,-0.003,160.7,10,0.0000,0.00
16:51:33,22.2636797301051,84.9100247421222,-0.325,-0.609,0.36,-0.004,-0.003,160.7,10,0.0000,0.00
16:51:33,22.26367961054124,84.91002477759974,-0.322,-0.622,0.36,0.014,-0.064,161.3,10,0.0013,0.00
16:51:33,22.263679581547073,84.91002478435357,-0.321,-0.625,0.36,0.014,-0.064,161.8,10,0.0013,0.00
16:51:33,22.263679552732064,84.91002479106567,-0.320,-0.629,0.36,0.014,-0.064,162.0,11,0.0013,0.00
16:51:34,22.263679523842907,84.91002479779503,-0.320,-0.632,0.36,0.014,-0.064,162.0,11,0.0000,0.00
16:51:34,22.26367949495675,84.91002480452369,-0.319,-0.635,0.36,0.014,-0.064,161.9,11,0.0000,0.00
16:51:34,22.26367915433659,84.91002479116074,-0.320,-0.673,0.36,0.005,-0.210,161.9,11,0.0031,0.00
16:51:34,22.263679058700927,84.91002479361254,-0.320,-0.684,0.31,0.005,-0.210,162.0,11,0.0031,0.00
16:51:34,22.263678963297835,84.91002479605837,-0.320,-0.694,0.31,0.005,-0.210,162.0,11,0.0000,0.00
16:51:34,22.263678867990293,84.91002479850175,-0.320,-0.705,0.31,0.005,-0.210,161.9,11,0.0000,0.00
16:51:34,22.263678535902507,84.91002485659747,-0.314,-0.742,0.31,0.030,-0.323,161.8,11,0.0040,0.00
16:51:34,22.263678388887218,84.91002487110228,-0.312,-0.758,0.27,0.030,-0.323,161.7,11,0.0040,0.00
16:51:34,22.263678242429148,84.91002488555212,-0.311,-0.775,0.27,0.030,-0.323,161.7,11,0.0000,0.00
16:51:34,22.26367809618635,84.91002489998071,-0.309,-0.791,0.27,0.030,-0.323,161.6,11,0.0000,0.00
16:51:34,22.263677884887603,84.91002503843754,-0.295,-0.814,0.27,0.085,-0.355,161.6,11,0.0041,0.00
16:51:34,22.26367772386836,84.91002508027326,-0.290,-0.832,0.27,0.085,-0.355,161.5,12,0.0041,0.00
16:51:34,22.263677525596368,84.91002516835128,-0.281,-0.854,0.27,0.108,-0.375,161.5,12,0.0044,0.00
16:51:34,22.26367735559233,84.91002522144609,-0.276,-0.873,0.27,0.108,-0.375,161.6,12,0.0000,0.00
16:51:34,22.263677140442045,84.91002530520267,-0.267,-0.897,0.27,0.126,-0.403,161.6,12,0.0047,0.00
16:51:34,22.263676957547947,84.91002536691214,-0.261,-0.918,0.27,0.126,-0.403,161.5,12,0.0047,0.00
16:51:34,22.263676775114742,84.9100254284661,-0.255,-0.938,0.25,0.126,-0.403,161.5,12,0.0047,0.00
16:51:34,22.26367659128937,84.91002549048977,-0.248,-0.958,0.25,0.126,-0.403,161.4,12,0.0000,0.00
16:51:34,22.263676408637803,84.91002555211742,-0.242,-0.979,0.25,0.126,-0.403,161.4,12,0.0000,0.00
16:51:34,22.26367613200191,84.91002566426609,-0.230,-1.009,0.25,0.151,-0.453,161.3,12,0.0052,0.00
16:51:35,22.263675720116026,84.91002581233644,-0.215,-1.055,0.25,0.151,-0.453,161.3,12,0.0000,0.00
16:51:35,22.26367551500073,84.91002588607408,-0.207,-1.078,0.25,0.151,-0.453,161.2,12,0.0000,0.00
16:51:35,22.26367526859675,84.91002598846275,-0.197,-1.106,0.25,0.164,-0.474,161.2,12,0.0054,0.00
16:51:35,22.263675053220545,84.9100260690601,-0.189,-1.130,0.26,0.164,-0.474,161.2,12,0.0054,0.00
16:51:35,22.263674803651885,84.91002617046628,-0.178,-1.157,0.26,0.175,-0.493,161.0,12,0.0056,0.00
16:51:35,22.263674578579128,84.91002625670647,-0.169,-1.182,0.26,0.175,-0.493,160.9,12,0.0000,0.00
16:51:35,22.263674332917784,84.91002635682906,-0.159,-1.210,0.26,0.183,-0.507,160.8,12,0.0060,0.00
16:51:35,22.263674102232535,84.91002644690204,-0.150,-1.235,0.27,0.183,-0.507,160.8,12,0.0060,0.00
16:51:35,22.26367391562972,84.91002652601796,-0.142,-1.256,0.27,0.177,-0.478,160.3,12,0.0049,0.00
16:51:35,22.263673697873767,84.91002661296186,-0.133,-1.280,0.27,0.177,-0.478,160.0,12,0.0000,0.00
16:51:35,22.263673481651413,84.91002669929343,-0.124,-1.304,0.27,0.177,-0.478,159.5,12,0.0000,0.00
16:51:35,22.263673368931098,84.91002675025685,-0.118,-1.317,0.27,0.155,-0.409,159.5,12,0.0039,0.00
16:51:35,22.26367318327214,84.91002682617668,-0.111,-1.338,0.27,0.155,-0.409,157.6,12,0.0039,0.00
16:51:35,22.263672998170044,84.91002690186878,-0.103,-1.358,0.27,0.155,-0.409,156.2,12,0.0000,0.00
16:51:35,22.263672812497056,84.91002697779435,-0.095,-1.379,0.27,0.155,-0.409,154.6,12,0.0000,0.00
16:51:35,22.263672807019663,84.91002700567043,-0.092,-1.380,0.27,0.129,-0.305,154.6,12,0.0026,0.00
16:51:35,22.263672668755135,84.91002706895378,-0.086,-1.395,0.30,0.129,-0.305,151.3,12,0.0026,0.00
16:51:35,22.263672598229444,84.9100270536088,-0.087,-1.403,0.30,0.085,-0.264,149.5,12,0.0022,0.00
16:51:35,22.263672478667434,84.91002709519269,-0.083,-1.416,0.30,0.085,-0.264,147.6,12,0.0000,0.00
16:51:36,22.263672405309947,84.91002708126217,-0.084,-1.424,0.30,0.051,-0.233,147.6,12,0.0019,0.00
16:51:36,22.263672299438817,84.91002710624788,-0.082,-1.436,0.32,0.051,-0.233,143.1,12,0.0019,0.00
16:51:36,22.263672193653672,84.91002713121328,-0.079,-1.448,0.32,0.051,-0.233,140.7,12,0.0019,0.00
16:51:36,22.263672087947015,84.91002715616017,-0.077,-1.460,0.32,0.051,-0.233,138.1,12,0.0019,0.00
16:51:36,22.26367198223486,84.91002718110836,-0.074,-1.471,0.32,0.051,-0.233,135.3,12,0.0000,0.00
16:51:36,22.263671876450715,84.91002720607354,-0.071,-1.483,0.32,0.051,-0.233,135.3,12,0.0000,0.00
16:51:36,22.263671770656075,84.91002723104118,-0.069,-1.495,0.32,0.051,-0.233,129.5,12,0.0000,0.00
16:51:36,22.263671664950916,84.91002725598771,-0.066,-1.507,0.32,0.051,-0.233,126.5,12,0.0000,0.00
16:51:36,22.263671586379317,84.91002713855627,-0.078,-1.515,0.32,-0.004,-0.222,123.5,12,0.0022,0.00
16:51:36,22.263671485463647,84.91002713660608,-0.079,-1.527,0.35,-0.004,-0.222,123.5,11,0.0000,0.00
16:51:36,22.26367140345064,84.91002712203566,-0.080,-1.536,0.35,-0.009,-0.213,117.8,11,0.0021,0.00
16:51:36,22.26367130633391,84.91002711743022,-0.081,-1.547,0.35,-0.009,-0.213,115.4,11,0.0021,0.00
16:51:36,22.263671209609758,84.91002711284338,-0.081,-1.557,0.35,-0.009,-0.213,113.0,11,0.0021,0.00
16:51:36,22.263671113056528,84.91002710826466,-0.082,-1.568,0.38,-0.009,-0.213,113.0,11,0.0000,0.00
16:51:36,22.26367101626976,84.91002710367486,-0.082,-1.579,0.38,-0.009,-0.213,108.0,11,0.0000,0.00
16:51:36,22.263671041918894,84.91002706185498,-0.086,-1.576,0.38,-0.026,-0.156,105.3,11,0.0014,0.00
16:51:36,22.26367097107171,84.910027049234,-0.088,-1.584,0.38,-0.026,-0.156,99.7,11,0.0014,0.00
16:51:36,22.263670900724133,84.91002703670202,-0.089,-1.592,0.38,-0.026,-0.156,99.7,11,0.0000,0.00
16:51:36,22.26367083011792,84.91002702412396,-0.090,-1.600,0.38,-0.026,-0.156,99.7,11,0.0000,0.00
16:51:36,22.263670796254935,84.91002702856368,-0.090,-1.603,0.38,-0.018,-0.138,94.0,11,0.0014,0.00
16:51:37,22.263670733335186,84.91002701964979,-0.091,-1.610,0.38,-0.018,-0.138,88.6,11,0.0014,0.00
16:51:37,22.263670670869246,84.9100270108002,-0.092,-1.617,0.38,-0.018,-0.138,88.6,11,0.0000,0.00
16:51:37,22.263670608288894,84.91002700193441,-0.093,-1.624,0.41,-0.018,-0.138,85.6,11,0.0000,0.00
16:51:37,22.26367052070259,84.91002718399209,-0.074,-1.634,0.41,0.069,-0.150,82.2,11,0.0021,0.00
16:51:37,22.263670452492352,84.91002721758628,-0.070,-1.642,0.41,0.069,-0.150,78.7,11,0.0021,0.00
16:51:37,22.263670333224177,84.91002749368892,-0.042,-1.655,0.41,0.191,-0.178,78.7,11,0.0032,0.00
16:51:37,22.26367025249559,84.91002758694181,-0.032,-1.664,0.41,0.191,-0.178,71.8,11,0.0000,0.00
16:51:37,22.263670195328743,84.91002790298245,0.000,-1.670,0.41,0.317,-0.164,68.7,11,0.0040,0.00
16:51:37,22.263670121010023,84.91002805859159,0.016,-1.679,0.41,0.317,-0.164,65.8,11,0.0040,0.00
16:51:37,22.263670046828842,84.91002821391275,0.032,-1.687,0.41,0.317,-0.164,65.8,11,0.0040,0.00
16:51:37,22.263669972806955,84.91002836890038,0.048,-1.695,0.43,0.317,-0.164,60.2,11,0.0000,0.00
16:51:37,22.263669898755243,84.91002852395046,0.064,-1.703,0.43,0.317,-0.164,57.3,11,0.0000,0.00
16:51:37,22.263670015167808,84.9100289432433,0.107,-1.690,0.43,0.448,-0.062,51.2,11,0.0043,0.00
16:51:37,22.263669987108678,84.91002916266223,0.130,-1.693,0.43,0.448,-0.062,51.2,11,0.0043,0.00
16:51:37,22.26366995917607,84.91002938109177,0.153,-1.697,0.43,0.448,-0.062,48.2,11,0.0000,0.00
16:51:37,22.26366993113962,84.91002960033336,0.175,-1.700,0.42,0.448,-0.062,45.1,11,0.0000,0.00
16:51:37,22.263670019064023,84.91003002373758,0.219,-1.690,0.42,0.544,-0.003,45.1,11,0.0048,0.00
16:51:37,22.26367001767674,84.91003029013743,0.246,-1.690,0.42,0.544,-0.003,38.8,11,0.0048,0.00
16:51:37,22.26367001629016,84.91003055640253,0.274,-1.690,0.42,0.544,-0.003,35.7,11,0.0000,0.00
16:51:37,22.263670014906413,84.91003082212357,0.301,-1.690,0.42,0.544,-0.003,28.9,12,0.0000,0.00
16:51:38,22.263670268313742,84.91003114784968,0.335,-1.662,0.42,0.572,0.124,28.9,12,0.0049,0.00
16:51:38,22.26367032470512,84.91003142776174,0.363,-1.656,0.42,0.572,0.124,25.5,12,0.0049,0.00
16:51:38,22.26367048760005,84.91003169334596,0.391,-1.638,0.42,0.565,0.183,22.1,12,0.0047,0.00
16:51:38,22.263670570583606,84.91003197010316,0.419,-1.629,0.43,0.565,0.183,16.3,12,0.0000,0.00
16:51:38,22.26367065332102,84.91003224603946,0.448,-1.619,0.43,0.565,0.183,16.3,12,0.0000,0.00
16:51:38,22.2636707791013,84.9100323919507,0.463,-1.605,0.43,0.494,0.208,13.8,12,0.0038,0.00
16:51:38,22.26367087362139,84.91003263403815,0.488,-1.595,0.43,0.494,0.208,11.6,12,0.0038,0.00
16:51:38,22.263670967787018,84.91003287521775,0.513,-1.584,0.45,0.494,0.208,10.0,12,0.0000,0.00
16:51:38,22.263671062058897,84.9100331166695,0.537,-1.574,0.45,0.494,0.208,7.2,12,0.0000,0.00
16:51:38,22.263671146905796,84.91003308311997,0.534,-1.564,0.45,0.353,0.203,7.2,12,0.0027,0.00
16:51:38,22.263671239049874,84.91003325610501,0.552,-1.554,0.45,0.353,0.203,5.8,12,0.0027,0.00
16:51:38,22.263671331129075,84.91003342896828,0.570,-1.544,0.45,0.353,0.203,4.5,12,0.0000,0.00
16:51:38,22.26367142324964,84.91003360190918,0.587,-1.534,0.45,0.353,0.203,1.7,11,0.0000,0.00
16:51:38,22.263671444356635,84.91003359373745,0.587,-1.531,0.45,0.265,0.166,1.7,11,0.0020,0.00
16:51:38,22.263671519640777,84.91003372371613,0.600,-1.523,0.45,0.265,0.166,0.0,11,0.0020,0.00
16:51:38,22.263671594745677,84.91003385338533,0.613,-1.515,0.45,0.265,0.166,-1.8,11,0.0000,0.00
16:51:38,22.263671670015594,84.91003398333943,0.627,-1.506,0.50,0.265,0.166,-5.3,11,0.0000,0.00
16:51:38,22.26367174506217,84.91003411290794,0.640,-1.498,0.50,0.265,0.166,-5.3,11,0.0000,0.00
16:51:38,22.263671637006144,84.91003414162161,0.643,-1.510,0.50,0.221,0.079,-6.9,11,0.0019,0.00
16:51:38,22.2636716255324,84.91003420952471,0.650,-1.511,0.50,0.202,0.055,-8.3,11,0.0019,0.00
16:51:39,22.263671650336608,84.91003430845085,0.660,-1.508,0.53,0.202,0.055,-10.5,13,0.0000,0.00
16:51:39,22.263671675083717,84.91003440714925,0.670,-1.506,0.53,0.202,0.055,-10.5,13,0.0000,0.00
16:51:39,22.26367176081692,84.9100344694539,0.677,-1.496,0.53,0.182,0.091,-11.2,13,0.0020,0.00
16:51:39,22.263671802206495,84.91003455857403,0.686,-1.491,0.53,0.182,0.091,-11.4,13,0.0020,0.00
16:51:39,22.26367184339334,84.91003464725763,0.695,-1.487,0.53,0.182,0.091,-10.9,13,0.0000,0.00
16:51:39,22.263671884662408,84.91003473611828,0.704,-1.482,0.53,0.182,0.091,-10.4,13,0.0000,0.00
16:51:39,22.26367200601257,84.9100347693724,0.708,-1.469,0.53,0.153,0.136,-10.4,13,0.0020,0.00
16:51:39,22.26367206785002,84.9100348442768,0.715,-1.462,0.53,0.153,0.136,-9.7,13,0.0020,0.00
16:51:39,22.26367215960899,84.91003487114992,0.718,-1.452,0.54,0.126,0.154,-8.3,13,0.0018,0.00
16:51:39,22.263672229676594,84.9100349331221,0.725,-1.444,0.54,0.126,0.154,-7.6,13,0.0000,0.00
16:51:39,22.263672332857777,84.91003495595838,0.727,-1.432,0.54,0.103,0.176,-7.6,13,0.0020,0.00
16:51:39,22.263672412742135,84.91003500628587,0.732,-1.423,0.54,0.103,0.176,-7.0,13,0.0020,0.00
16:51:39,22.26367249235176,84.91003505644026,0.737,-1.415,0.54,0.103,0.176,-6.4,13,0.0020,0.00
16:51:39,22.263672572068558,84.91003510666218,0.742,-1.406,0.55,0.103,0.176,-5.3,13,0.0000,0.00
16:51:39,22.26367265192537,84.91003515697231,0.748,-1.397,0.55,0.103,0.176,-4.8,13,0.0000,0.00
16:51:39,22.26367272622614,84.91003506187609,0.738,-1.389,0.55,0.029,0.173,-4.8,13,0.0019,0.00
16:51:39,22.26367280477839,84.9100350762689,0.739,-1.380,0.55,0.029,0.173,-4.4,13,0.0019,0.00
16:51:39,22.263672865982475,84.91003504872423,0.736,-1.373,0.55,0.007,0.163,-4.1,13,0.0016,0.00
16:51:39,22.26367294020853,84.910035052162,0.737,-1.365,0.55,0.007,0.163,-3.3,13,0.0000,0.00
16:51:40,22.263672994893458,84.91003504073245,0.736,-1.359,0.55,-0.002,0.151,-3.3,13,0.0014,0.00
16:51:40,22.263673063594485,84.91003503986894,0.736,-1.351,0.55,-0.002,0.151,-3.0,13,0.0014,0.00
16:51:40,22.263673113636262,84.91003503425854,0.735,-1.345,0.57,-0.005,0.138,-2.4,11,0.0012,0.00
16:51:40,22.263673176653995,84.91003503190143,0.735,-1.338,0.57,-0.005,0.138,-2.4,11,0.0000,0.00
16:51:40,22.263673219962342,84.9100350280065,0.734,-1.334,0.57,-0.006,0.124,-2.0,11,0.0012,0.00
16:51:40,22.26367327646878,84.91003502514127,0.734,-1.327,0.57,-0.006,0.124,-1.7,11,0.0012,0.00
16:51:40,22.263673325168767,84.9100350219622,0.734,-1.322,0.57,-0.006,0.119,-1.0,11,0.0012,0.00
16:51:40,22.263673379032102,84.91003501898925,0.733,-1.316,0.57,-0.006,0.119,-0.7,11,0.0000,0.00
16:51:40,22.263673432708483,84.91003501602661,0.733,-1.310,0.57,-0.006,0.119,-0.7,11,0.0000,0.00
16:51:40,22.263673477712736,84.91003501279907,0.733,-1.305,0.57,-0.006,0.113,-0.3,11,0.0012,0.00
16:51:40,22.263673528825457,84.91003500974196,0.732,-1.299,0.60,-0.006,0.113,0.6,0,0.0012,0.00
16:51:40,22.263673579840034,84.91003500669072,0.732,-1.294,0.60,-0.006,0.113,1.0,0,0.0000,0.00
16:51:40,22.26367363121266,84.9100350025595,0.732,-1.288,0.60,-0.007,0.113,1.0,0,0.0019,0.00
16:51:40,22.26367368239313,84.91003499918564,0.731,-1.282,0.60,-0.007,0.113,1.4,0,0.0019,0.00
16:51:40,22.26367374331389,84.91003499605289,0.731,-1.275,0.60,-0.007,0.120,2.7,0,0.0017,0.00
16:51:40,22.263673797559264,84.91003499274632,0.731,-1.269,0.67,-0.007,0.120,4.4,0,0.0017,0.00
16:51:40,22.26367385167897,84.9100349894474,0.730,-1.263,0.67,-0.007,0.120,4.4,0,0.0000,0.00
16:51:40,22.263674050974323,84.91003489823285,0.721,-1.241,0.67,-0.060,0.215,6.7,0,0.0033,0.00
16:51:40,22.263674148565315,84.91003486869495,0.718,-1.230,0.67,-0.060,0.215,9.3,0,0.0033,0.00
16:51:40,22.263674350829064,84.91003483274793,0.714,-1.208,0.67,-0.064,0.286,14.7,0,0.0037,0.00
16:51:41,22.263674480716293,84.91003480121084,0.711,-1.193,0.67,-0.064,0.286,14.7,0,0.0000,0.00
16:51:41,22.263674610345813,84.91003476973633,0.708,-1.179,0.67,-0.064,0.286,17.0,0,0.0000,0.00
16:51:41,22.263674763386216,84.9100347644566,0.707,-1.162,0.67,-0.048,0.301,21.0,0,0.0033,0.00
16:51:41,22.263674900464036,84.91003474072167,0.705,-1.147,0.71,-0.048,0.301,22.4,0,0.0033,0.00
16:51:41,22.263675037986022,84.9100347279291,0.703,-1.131,0.71,-0.041,0.302,23.3,0,0.0029,0.00
16:51:41,22.263675175507487,84.91003470751896,0.701,-1.116,0.71,-0.041,0.302,23.3,0,0.0000,0.00
16:51:41,22.263675251337844,84.91003477393063,0.708,-1.107,0.71,0.016,0.259,23.9,0,0.0035,0.00
16:51:41,22.2636753695256,84.9100347816072,0.709,-1.094,0.74,0.016,0.259,23.5,0,0.0035,0.00
16:51:41,22.26367543892269,84.91003482750152,0.714,-1.087,0.74,0.042,0.223,22.9,0,0.0024,0.00
16:51:41,22.26367554060314,84.91003484795712,0.716,-1.075,0.74,0.042,0.223,22.9,0,0.0024,0.00
16:51:41,22.263675641482852,84.91003486825164,0.718,-1.064,0.74,0.042,0.223,20.9,0,0.0000,0.00
16:51:41,22.263675666334265,84.91003497681365,0.729,-1.061,0.74,0.098,0.171,19.6,0,0.0020,0.00
16:51:41,22.263675743692026,84.91003502482997,0.734,-1.053,0.74,0.098,0.171,18.2,0,0.0020,0.00
16:51:41,22.263675772298814,84.91003511786853,0.744,-1.049,0.74,0.127,0.136,18.2,0,0.0018,0.00
16:51:41,22.263675834227357,84.91003518022372,0.750,-1.043,0.74,0.127,0.136,16.4,0,0.0018,0.00
16:51:41,22.263675895957412,84.91003524237907,0.756,-1.036,0.74,0.127,0.136,12.6,0,0.0000,0.00
16:51:41,22.263675922221132,84.91003531724768,0.764,-1.033,0.72,0.135,0.113,10.6,0,0.0018,0.00
16:51:41,22.263675973460842,84.91003538360906,0.771,-1.027,0.72,0.135,0.113,8.4,0,0.0018,0.00
16:51:41,22.263675990783888,84.91003545587763,0.778,-1.025,0.72,0.139,0.090,8.4,0,0.0020,0.00
16:51:41,22.263676031364252,84.9100355239425,0.785,-1.021,0.72,0.139,0.090,3.9,0,0.0000,0.00
16:51:42,22.2636760718493,84.91003559184749,0.792,-1.016,0.70,0.139,0.090,1.6,0,0.0000,0.00
16:51:42,22.263676116002557,84.91003566178078,0.800,-1.011,0.70,0.140,0.092,-0.7,0,0.0017,0.00
16:51:42,22.263676104791553,84.91003572919008,0.807,-1.012,0.70,0.139,0.055,-0.7,0,0.0019,0.00
16:51:42,22.263676129542002,84.91003579748188,0.814,-1.010,0.70,0.139,0.055,-5.2,0,0.0019,0.00
16:51:42,22.263676154229476,84.91003586559991,0.821,-1.007,0.70,0.139,0.055,-7.4,0,0.0000,0.00
16:51:42,22.26367617895492,84.91003593382271,0.828,-1.004,0.70,0.139,0.055,-9.6,0,0.0000,0.00
16:51:42,22.26367617816619,84.91003600034693,0.835,-1.004,0.70,0.138,0.038,-9.6,0,0.0018,0.00
16:51:42,22.263676194931186,84.91003607277267,0.842,-1.002,0.70,0.141,0.038,-14.0,0,0.0019,0.00
16:51:42,22.26367621211874,84.91003614213362,0.849,-1.001,0.68,0.141,0.038,-16.2,0,0.0019,0.00
16:51:42,22.26367622921976,84.91003621114538,0.856,-0.999,0.68,0.141,0.038,-16.2,0,0.0000,0.00
16:51:42,22.263676258223686,84.91003628243337,0.864,-0.995,0.68,0.143,0.046,-20.5,0,0.0020,0.00
16:51:42,22.263676279122834,84.91003635243383,0.871,-0.993,0.68,0.143,0.046,-22.4,0,0.0020,0.00
16:51:42,22.263676306869257,84.91003640959045,0.877,-0.990,0.68,0.135,0.051,-24.3,0,0.0018,0.00
16:51:42,22.263676329989508,84.91003647558442,0.883,-0.987,0.68,0.135,0.051,-24.3,0,0.0018,0.00
16:51:42,22.263676352973334,84.91003654118897,0.890,-0.985,0.68,0.135,0.051,-27.5,0,0.0000,0.00
16:51:42,22.263676382618513,84.91003658620131,0.895,-0.982,0.68,0.122,0.055,-28.9,0,0.0015,0.00
16:51:42,22.263676409667685,84.91003663405904,0.900,-0.979,0.68,0.114,0.057,-30.2,0,0.0015,0.00
16:51:42,22.263676435391694,84.91003668980191,0.906,-0.976,0.66,0.114,0.057,-31.2,0,0.0015,0.00
16:51:42,22.26367646004945,84.91003673234513,0.910,-0.973,0.66,0.104,0.056,-31.2,0,0.0014,0.00
16:51:42,22.263676485433926,84.91003678352823,0.915,-0.970,0.66,0.104,0.056,-32.9,0,0.0000,0.00
16:51:43,22.263676506924146,84.91003681731591,0.919,-0.968,0.66,0.092,0.053,-33.4,0,0.0013,0.00
16:51:43,22.263676507067164,84.91003681821994,0.919,-0.968,0.64,0.058,0.033,-33.7,0,0.0013,0.00
16:51:43,22.263676522098304,84.91003684663777,0.922,-0.966,0.64,0.058,0.033,-33.7,0,0.0013,0.00
16:51:43,22.2636765370381,84.91003687488292,0.925,-0.964,0.64,0.058,0.033,-33.5,0,0.0000,0.00
16:51:43,22.263676552029313,84.91003690322528,0.928,-0.963,0.64,0.058,0.033,-33.0,0,0.0000,0.00
16:51:43,22.263676599042345,84.9100368506664,0.922,-0.957,0.64,0.007,0.055,-31.0,0,0.0012,0.00
16:51:43,22.263676639503995,84.91003682317825,0.919,-0.953,0.64,-0.014,0.066,-31.0,0,0.0014,0.00
16:51:43,22.26367666950331,84.91003681642796,0.919,-0.950,0.64,-0.014,0.066,-29.7,0,0.0014,0.00
16:51:43,22.263676699436854,84.91003680969247,0.918,-0.946,0.64,-0.014,0.066,-28.4,0,0.0000,0.00
16:51:43,22.263676748988093,84.91003678286582,0.915,-0.941,0.62,-0.027,0.080,-26.0,0,0.0016,0.00
16:51:43,22.26367678524529,84.91003676968127,0.914,-0.937,0.62,-0.027,0.080,-26.0,0,0.0016,0.00
16:51:43,22.263676829666455,84.91003674880072,0.912,-0.932,0.62,-0.032,0.086,-25.1,0,0.0016,0.00
16:51:43,22.263676868599752,84.91003673311067,0.910,-0.927,0.62,-0.032,0.086,-24.5,0,0.0016,0.00
16:51:43,22.263676907504717,84.91003671743205,0.908,-0.923,0.62,-0.032,0.086,-24.2,0,0.0000,0.00
16:51:43,22.26367688259549,84.91003673099397,0.910,-0.926,0.58,-0.014,0.043,-24.2,0,0.0013,0.00
16:51:43,22.26367690194002,84.91003672428234,0.909,-0.924,0.58,-0.014,0.043,-24.5,0,0.0013,0.00
16:51:43,22.26367689346048,84.91003672992744,0.910,-0.925,0.58,-0.006,0.023,-24.9,0,0.0014,0.00
16:51:43,22.263676904102045,84.91003672708621,0.909,-0.923,0.58,-0.006,0.023,-25.6,0,0.0000,0.00
16:51:43,22.263676914690823,84.91003672425906,0.909,-0.922,0.58,-0.006,0.023,-25.6,0,0.0000,0.00
16:51:43,22.263676944547385,84.91003679973427,0.917,-0.919,0.58,0.043,0.036,-28.1,0,0.0015,0.00
16:51:44,22.263676977231736,84.91003686246269,0.923,-0.915,0.58,0.070,0.048,-29.9,0,0.0015,0.00
16:51:44,22.263676998916708,84.9100368968147,0.927,-0.913,0.58,0.070,0.048,-33.7,0,0.0015,0.00
16:51:44,22.263677031468593,84.91003694837016,0.932,-0.909,0.55,0.082,0.056,-33.7,0,0.0015,0.00
16:51:44,22.263677057028282,84.91003698885632,0.936,-0.906,0.55,0.082,0.056,-35.6,0,0.0000,0.00
16:51:44,22.26367708245343,84.91003702912937,0.940,-0.904,0.55,0.082,0.056,-37.4,0,0.0000,0.00
16:51:44,22.263677122740397,84.91003707266614,0.945,-0.899,0.55,0.084,0.067,-41.5,0,0.0012,0.00
16:51:44,22.26367715311917,84.91003711420076,0.949,-0.896,0.55,0.084,0.067,-41.5,0,0.0012,0.00
16:51:44,22.263677183350282,84.9100371555335,0.954,-0.892,0.55,0.084,0.067,-43.5,0,0.0000,0.00
16:51:44,22.263677213663158,84.91003719697802,0.958,-0.889,0.55,0.084,0.067,-45.4,0,0.0000,0.00
16:51:44,22.263677398345184,84.91003711588007,0.949,-0.868,0.55,0.017,0.159,-48.7,0,0.0020,0.00
16:51:44,22.263677470748775,84.91003712410098,0.950,-0.860,0.55,0.017,0.159,-48.7,0,0.0020,0.00
16:51:44,22.263677542869132,84.91003713228973,0.951,-0.852,0.55,0.017,0.159,-50.1,0,0.0000,0.00
16:51:44,22.26367761535691,84.9100371405202,0.952,-0.844,0.55,0.017,0.159,-51.5,0,0.0000,0.00
16:51:44,22.263677810050908,84.91003704380299,0.942,-0.823,0.55,-0.036,0.225,-53.2,0,0.0024,0.00
16:51:44,22.263677912310516,84.91003702628,0.940,-0.811,0.55,-0.036,0.225,-53.2,0,0.0024,0.00
16:51:44,22.263678053387842,84.91003689958418,0.927,-0.796,0.52,-0.094,0.248,-53.3,0,0.0031,0.00
16:51:44,22.263678166115277,84.9100368532793,0.922,-0.783,0.52,-0.094,0.248,-51.1,0,0.0000,0.00
16:51:44,22.263678293926866,84.9100366204293,0.898,-0.769,0.52,-0.205,0.258,-51.1,0,0.0047,0.00
16:51:44,22.263678411073794,84.91003651990786,0.888,-0.756,0.52,-0.205,0.258,-51.1,0,0.0047,0.00
16:51:45,22.263678527596497,84.91003641992208,0.878,-0.743,0.52,-0.205,0.258,-47.8,0,0.0047,0.00
16:51:45,22.26367864459414,84.91003631952876,0.867,-0.730,0.52,-0.205,0.258,-44.6,0,0.0000,0.00
16:51:45,22.263678761313678,84.91003621937406,0.857,-0.717,0.52,-0.205,0.258,-43.4,0,0.0000,0.00
16:51:45,22.263678910684114,84.91003604735918,0.839,-0.700,0.52,-0.241,0.276,-43.4,0,0.0042,0.00
16:51:45,22.263679035710446,84.91003592933326,0.827,-0.686,0.48,-0.241,0.276,-42.3,0,0.0042,0.00
16:51:45,22.263679160609158,84.91003581142783,0.815,-0.672,0.48,-0.241,0.276,-40.7,0,0.0000,0.00
16:51:45,22.263679285381425,84.91003569364176,0.803,-0.658,0.48,-0.241,0.276,-40.0,0,0.0000,0.00
16:51:45,22.263679294761577,84.91003569742854,0.803,-0.657,0.48,-0.184,0.217,-40.0,0,0.0024,0.00
16:51:45,22.263679393057732,84.91003560755543,0.794,-0.646,0.45,-0.184,0.217,-39.4,0,0.0024,0.00
16:51:45,22.263679437345182,84.91003557479668,0.791,-0.641,0.45,-0.154,0.187,-38.9,0,0.0021,0.00
16:51:45,22.263679522171408,84.9100354991901,0.783,-0.632,0.45,-0.154,0.187,-38.3,0,0.0000,0.00
16:51:45,22.263679589102768,84.91003544665097,0.777,-0.625,0.45,-0.141,0.176,-38.1,0,0.0022,0.00
16:51:45,22.26367966898053,84.91003537747137,0.770,-0.616,0.45,-0.141,0.176,-38.1,0,0.0022,0.00
16:51:45,22.263679736239215,84.9100353235948,0.765,-0.608,0.45,-0.132,0.168,-38.1,0,0.0019,0.00
16:51:45,22.263679812301746,84.91003525907342,0.758,-0.600,0.45,-0.132,0.168,-38.3,0,0.0000,0.00
16:51:45,22.26367987819037,84.91003520689779,0.753,-0.592,0.45,-0.123,0.160,-38.4,0,0.0019,0.00
16:51:45,22.263679951078675,84.91003514628821,0.747,-0.584,0.45,-0.123,0.160,-38.4,0,0.0019,0.00
16:51:45,22.263680023569346,84.91003508600926,0.740,-0.576,0.39,-0.123,0.160,-38.7,0,0.0019,0.00
16:51:45,22.263680096281004,84.91003502554656,0.734,-0.568,0.39,-0.123,0.160,-39.0,0,0.0000,0.00
16:51:45,22.263680168900212,84.91003496516073,0.728,-0.560,0.39,-0.123,0.160,-39.7,0,0.0000,0.00
16:51:46,22.263680227130667,84.91003491695494,0.723,-0.554,0.39,-0.117,0.152,-39.7,0,0.0019,0.00
16:51:46,22.26368029636786,84.91003485943638,0.717,-0.546,0.34,-0.117,0.152,-40.1,0,0.0019,0.00
16:51:46,22.26368036531579,84.91003480215812,0.711,-0.538,0.34,-0.117,0.152,-41.1,0,0.0000,0.00
16:51:46,22.263680434473645,84.91003474470546,0.705,-0.530,0.34,-0.117,0.152,-41.5,0,0.0000,0.00
16:51:46,22.263680503461405,84.91003468739412,0.699,-0.523,0.34,-0.117,0.152,-41.5,0,0.0000,0.00
16:51:46,22.26368057226503,84.91003463023573,0.693,-0.515,0.34,-0.117,0.152,-42.1,0,0.0000,0.00
16:51:46,22.263680641292297,84.91003457289156,0.687,-0.507,0.34,-0.117,0.152,-43.1,0,0.0000,0.00
16:51:46,22.26368071027581,84.91003451558375,0.682,-0.500,0.34,-0.117,0.152,-43.7,0,0.0000,0.00
16:51:46,22.263680779202847,84.91003445832284,0.676,-0.492,0.34,-0.117,0.152,-43.7,0,0.0000,0.00
16:51:46,22.263680848227498,84.91003440098085,0.670,-0.484,0.29,-0.117,0.152,-44.2,0,0.0000,0.00
16:51:46,22.26368079923826,84.91003440383233,0.670,-0.490,0.29,-0.099,0.113,-45.3,0,0.0016,0.00
16:51:46,22.263680850792923,84.91003435530166,0.665,-0.484,0.29,-0.099,0.113,-45.8,0,0.0016,0.00
16:51:46,22.263680902045046,84.9100343070558,0.660,-0.478,0.29,-0.099,0.113,-45.8,0,0.0000,0.00
16:51:46,22.263680953422462,84.910034258692,0.655,-0.473,0.29,-0.099,0.113,-46.3,0,0.0000,0.00
16:51:46,22.26368095095507,84.9100342424668,0.653,-0.473,0.21,-0.088,0.093,-47.3,0,0.0017,0.00
16:51:46,22.26368099328941,84.91003419943893,0.649,-0.468,0.21,-0.088,0.093,-47.8,0,0.0017,0.00
16:51:46,22.263681035368847,84.91003415667012,0.645,-0.464,0.21,-0.088,0.093,-47.8,0,0.0000,0.00
16:51:46,22.26368107752747,84.91003411382083,0.640,-0.459,0.21,-0.088,0.093,-48.3,0,0.0000,0.00
16:51:46,22.263681079540547,84.91003410283415,0.639,-0.459,0.21,-0.075,0.076,-48.8,0,0.0018,0.00
16:51:46,22.263681113984493,84.91003406606896,0.635,-0.455,0.21,-0.075,0.076,-49.8,0,0.0018,0.00
16:51:47,22.263681148281563,84.91003402946055,0.631,-0.451,0.21,-0.075,0.076,-49.8,0,0.0000,0.00
16:51:47,22.26368118268883,84.91003399273451,0.628,-0.447,0.21,-0.075,0.076,-50.2,0,0.0000,0.00
16:51:47,22.263681216943223,84.91003395617165,0.624,-0.443,0.16,-0.075,0.076,-51.2,0,0.0000,0.00
16:51:47,22.263681154286612,84.91003403596312,0.632,-0.450,0.16,-0.027,0.033,-51.8,0,0.0019,0.00
16:51:47,22.263681169274932,84.91003402255578,0.631,-0.449,0.16,-0.027,0.033,-51.8,0,0.0019,0.00
16:51:47,22.263681184163076,84.91003400923803,0.629,-0.447,0.16,-0.027,0.033,-52.3,0,0.0000,0.00
16:51:47,22.263681184163076,84.91003400923803,0.628,-0.445,0.11,-0.027,0.033,-53.3,0,0.0000,0.00
16:51:47,22.263681184163076,84.91003400923803,0.631,-0.447,0.11,-0.010,0.018,-53.8,0,0.0017,0.00
16:51:47,22.263681184163076,84.91003400923803,0.630,-0.446,0.11,-0.010,0.018,-53.8,0,0.0017,0.00
16:51:47,22.263681184163076,84.91003400923803,0.630,-0.446,0.11,-0.010,0.018,-54.3,0,0.0000,0.00
16:51:47,22.263681184163076,84.91003400923803,0.629,-0.445,0.11,-0.010,0.018,-55.3,0,0.0000,0.00
16:51:47,22.263681184163076,84.91003400923803,0.630,-0.446,0.11,-0.004,0.010,-55.8,4,0.0011,0.00
16:51:47,22.263681184163076,84.91003400923803,0.630,-0.445,0.11,-0.004,0.010,-56.2,4,0.0011,0.00
16:51:47,22.263681184163076,84.91003400923803,0.630,-0.446,0.11,-0.002,0.005,-56.2,4,0.0014,0.00
16:51:47,22.263681184163076,84.91003400923803,0.630,-0.445,0.11,-0.002,0.005,-57.1,4,0.0000,0.00
16:51:47,22.263681184163076,84.91003400923803,0.630,-0.445,0.07,-0.002,0.005,-57.6,4,0.0000,0.00
16:51:47,22.263681184163076,84.91003400923803,0.634,-0.439,0.07,0.022,0.038,-58.0,4,0.0009,0.00
16:51:47,22.263681184163076,84.91003400923803,0.635,-0.437,0.07,0.022,0.038,-58.0,4,0.0009,0.00
16:51:47,22.263681184163076,84.91003400923803,0.637,-0.435,0.07,0.022,0.038,-58.4,4,0.0000,0.00
16:51:48,22.263681184163076,84.91003400923803,0.638,-0.433,0.07,0.022,0.038,-59.4,11,0.0000,0.00
16:51:48,22.263681184163076,84.91003400923803,0.641,-0.427,0.07,0.034,0.058,-59.9,11,0.0010,0.00
16:51:48,22.263681184163076,84.91003400923803,0.643,-0.424,0.07,0.034,0.058,-59.9,11,0.0010,0.00
16:51:48,22.263681184163076,84.91003400923803,0.645,-0.421,0.07,0.034,0.058,-60.9,11,0.0000,0.00
16:51:48,22.263681184163076,84.91003400923803,0.646,-0.418,0.09,0.034,0.058,-61.4,11,0.0000,0.00
16:51:48,22.263681184163076,84.91003400923803,0.649,-0.413,0.09,0.038,0.067,-62.2,11,0.0010,0.00
16:51:48,22.263681184163076,84.91003400923803,0.651,-0.410,0.09,0.038,0.067,-62.2,11,0.0010,0.00
16:51:48,22.263681184163076,84.91003400923803,0.654,-0.402,0.09,0.046,0.092,-65.2,11,0.0016,0.00
16:51:48,22.263681184163076,84.91003400923803,0.657,-0.397,0.10,0.046,0.092,-67.4,11,0.0000,0.00
16:51:48,22.263681184163076,84.91003400923803,0.660,-0.386,0.10,0.053,0.127,-69.9,11,0.0019,0.00
16:51:48,22.263681184163076,84.91003400923803,0.663,-0.380,0.10,0.053,0.127,-75.5,11,0.0019,0.00
16:51:48,22.263681184163076,84.91003400923803,0.665,-0.369,0.10,0.052,0.157,-75.5,11,0.0021,0.00
16:51:48,22.263681184163076,84.91003400923803,0.668,-0.361,0.10,0.052,0.157,-78.5,11,0.0000,0.00
16:51:48,22.263681184163076,84.91003400923803,0.669,-0.348,0.10,0.043,0.190,-81.7,14,0.0024,0.00
16:51:48,22.263681184163076,84.91003400923803,0.671,-0.338,0.10,0.043,0.190,-88.2,14,0.0024,0.00
16:51:48,22.263681184163076,84.91003400923803,0.674,-0.329,0.10,0.043,0.190,-88.2,14,0.0024,0.00
16:51:48,22.263681184163076,84.91003400923803,0.676,-0.319,0.10,0.043,0.190,-91.6,14,0.0000,0.00
16:51:48,22.263681184163076,84.91003400923803,0.678,-0.309,0.10,0.043,0.190,-95.0,14,0.0000,0.00
16:51:48,22.263681184163076,84.91003400923803,0.671,-0.294,0.10,-0.003,0.220,-98.4,14,0.0027,0.00
16:51:48,22.263681184163076,84.91003400923803,0.671,-0.283,0.10,-0.003,0.220,-98.4,14,0.0027,0.00
16:51:49,22.263681184163076,84.91003400923803,0.671,-0.272,0.10,-0.003,0.220,-105.6,14,0.0000,0.00
16:51:49,22.263681184163076,84.91003400923803,0.670,-0.261,0.09,-0.003,0.220,-109.1,22,0.0000,0.00
16:51:49,22.263681184163076,84.91003400923803,0.646,-0.249,0.09,-0.117,0.221,-112.4,22,0.0031,0.00
16:51:49,22.263681184163076,84.91003400923803,0.640,-0.238,0.09,-0.117,0.221,-112.4,22,0.0031,0.00
16:51:49,22.263681184163076,84.91003400923803,0.621,-0.233,0.09,-0.182,0.193,-118.1,22,0.0027,0.00
16:51:49,22.263681184163076,84.91003400923803,0.612,-0.223,0.09,-0.182,0.193,-120.6,22,0.0000,0.00
16:51:49,22.263681184163076,84.91003400923803,0.603,-0.213,0.09,-0.182,0.193,-122.9,22,0.0000,0.00
16:51:49,22.263681184163076,84.91003400923803,0.589,-0.214,0.09,-0.207,0.137,-126.8,22,0.0022,0.00
16:51:49,22.263681184163076,84.91003400923803,0.579,-0.207,0.09,-0.207,0.137,-126.8,22,0.0022,0.00
16:51:49,22.263681184163076,84.91003400923803,0.568,-0.200,0.09,-0.207,0.137,-128.1,24,0.0000,0.00
16:51:49,22.263681184163076,84.91003400923803,0.558,-0.193,0.09,-0.207,0.137,-128.7,24,0.0000,0.00
16:51:49,22.263681184163076,84.91003400923803,0.545,-0.208,0.09,-0.217,0.029,-127.3,24,0.0025,0.00
16:51:49,22.263681184163076,84.91003400923803,0.534,-0.206,0.09,-0.217,0.029,-127.3,24,0.0025,0.00
16:51:49,22.263681184163076,84.91003400923803,0.523,-0.205,0.09,-0.217,0.029,-126.1,24,0.0000,0.00
16:51:49,22.263681184163076,84.91003400923803,0.513,-0.204,0.08,-0.217,0.029,-124.8,24,0.0000,0.00
16:51:49,22.263681184163076,84.91003400923803,0.489,-0.231,0.08,-0.276,-0.107,-122.4,24,0.0038,0.00
16:51:49,22.263681184163076,84.91003400923803,0.475,-0.236,0.08,-0.276,-0.107,-122.4,24,0.0038,0.00
16:51:49,22.263681184163076,84.91003400923803,0.461,-0.241,0.08,-0.276,-0.107,-121.3,24,0.0038,0.00
16:51:49,22.263681184163076,84.91003400923803,0.448,-0.247,0.08,-0.276,-0.107,-120.3,24,0.0000,0.00
16:51:49,22.263681184163076,84.91003400923803,0.434,-0.252,0.08,-0.276,-0.107,-118.4,24,0.0000,0.00
16:51:50,22.263681184163076,84.91003400923803,0.408,-0.270,0.08,-0.325,-0.161,-118.4,24,0.0041,0.00
16:51:50,22.263681184163076,84.91003400923803,0.392,-0.278,0.08,-0.325,-0.161,-117.5,24,0.0041,0.00
16:51:50,22.263681184163076,84.91003400923803,0.375,-0.287,0.08,-0.325,-0.161,-116.7,26,0.0000,0.00
16:51:50,22.263681184163076,84.91003400923803,0.359,-0.295,0.08,-0.325,-0.161,-115.4,26,0.0000,0.00
16:51:50,22.263681184163076,84.91003400923803,0.334,-0.306,0.08,-0.363,-0.177,-115.4,26,0.0044,0.00
16:51:50,22.263681184163076,84.91003400923803,0.315,-0.315,0.08,-0.363,-0.177,-114.9,26,0.0044,0.00
16:51:50,22.263681184163076,84.91003400923803,0.293,-0.325,0.08,-0.382,-0.181,-114.4,26,0.0044,0.00
16:51:50,22.263681184163076,84.91003400923803,0.274,-0.334,0.08,-0.382,-0.181,-113.8,26,0.0000,0.00
16:51:50,22.263681184163076,84.91003400923803,0.250,-0.344,0.08,-0.405,-0.186,-113.8,26,0.0048,0.00
16:51:50,22.263681184163076,84.91003400923803,0.230,-0.354,0.08,-0.405,-0.186,-113.5,26,0.0048,0.00
16:51:50,22.263681184163076,84.91003400923803,0.210,-0.363,0.08,-0.405,-0.186,-113.4,26,0.0048,0.00
16:51:50,22.263681184163076,84.91003400923803,0.189,-0.373,0.07,-0.405,-0.186,-113.2,27,0.0000,0.00
16:51:50,22.263681184163076,84.91003400923803,0.169,-0.382,0.07,-0.405,-0.186,-113.2,27,0.0000,0.00
16:51:50,22.263681184163076,84.91003400923803,0.137,-0.395,0.07,-0.460,-0.203,-113.1,27,0.0056,0.00
16:51:50,22.263681184163076,84.91003400923803,0.114,-0.405,0.07,-0.460,-0.203,-113.0,27,0.0056,0.00
16:51:50,22.263681184163076,84.91003400923803,0.091,-0.415,0.09,-0.460,-0.203,-112.8,27,0.0000,0.00
16:51:50,22.263681184163076,84.91003400923803,0.067,-0.426,0.09,-0.460,-0.203,-112.8,27,0.0000,0.00
16:51:50,22.263681184163076,84.91003400923803,0.040,-0.437,0.09,-0.478,-0.207,-112.7,27,0.0054,0.00
16:51:50,22.263681184163076,84.91003400923803,0.016,-0.447,0.09,-0.478,-0.207,-112.7,27,0.0054,0.00
16:51:50,22.263681184163076,84.91003400923803,-0.011,-0.458,0.09,-0.494,-0.211,-112.5,27,0.0057,0.00
16:51:51,22.263681184163076,84.91003400923803,-0.036,-0.469,0.09,-0.494,-0.211,-112.5,27,0.0000,0.00
16:51:51,22.263681184163076,84.91003400923803,-0.063,-0.480,0.09,-0.505,-0.214,-112.4,27,0.0057,0.00
16:51:51,22.263681184163076,84.91003400923803,-0.088,-0.491,0.09,-0.505,-0.214,-112.3,27,0.0057,0.00
16:51:51,22.263681184163076,84.91003400923803,-0.114,-0.502,0.09,-0.505,-0.214,-112.3,27,0.0057,0.00
16:51:51,22.263681184163076,84.91003400923803,-0.139,-0.513,0.09,-0.505,-0.214,-112.3,27,0.0000,0.00
16:51:51,22.263681184163076,84.91003400923803,-0.165,-0.524,0.09,-0.505,-0.214,-112.3,27,0.0058,0.00
16:51:51,22.263681184163076,84.91003400923803,-0.197,-0.523,0.09,-0.537,-0.161,-112.3,27,0.0058,0.00
16:51:51,22.263681184163076,84.91003400923803,-0.224,-0.531,0.09,-0.537,-0.161,-112.3,27,0.0058,0.00
16:51:51,22.263681184163076,84.91003400923803,-0.251,-0.539,0.10,-0.537,-0.161,-112.3,27,0.0000,0.00
16:51:51,22.263681184163076,84.91003400923803,-0.279,-0.548,0.10,-0.537,-0.161,-112.3,27,0.0000,0.00
16:51:51,22.263681184163076,84.91003400923803,-0.309,-0.548,0.10,-0.553,-0.125,-112.3,27,0.0057,0.00
16:51:51,22.263681184163076,84.91003400923803,-0.337,-0.554,0.10,-0.553,-0.125,-112.4,27,0.0057,0.00
16:51:51,22.263681184163076,84.91003400923803,-0.370,-0.558,0.10,-0.577,-0.115,-112.4,27,0.0060,0.00
16:51:51,22.263681184163076,84.91003400923803,-0.400,-0.564,0.10,-0.577,-0.115,-112.6,27,0.0058,0.00
16:51:51,22.263681184163076,84.91003400923803,-0.453,-0.578,0.10,-0.555,-0.123,-112.7,27,0.0058,0.00
16:51:51,22.263681184163076,84.91003400923803,-0.481,-0.584,0.10,-0.555,-0.123,-112.7,27,0.0073,0.00
16:51:51,22.263681184163076,84.91003400923803,-0.509,-0.590,0.10,-0.555,-0.123,-112.8,27,0.0000,0.00
16:51:51,22.263681184163076,84.91003400923803,-0.537,-0.596,0.10,-0.555,-0.123,-112.9,27,0.0000,0.00
16:51:51,22.263681184163076,84.91003400923803,-0.565,-0.603,0.10,-0.555,-0.124,-112.9,27,0.0057,0.00
16:51:51,22.263681184163076,84.91003400923803,-0.593,-0.609,0.10,-0.555,-0.124,-113.0,28,0.0057,0.00
16:51:52,22.263681184163076,84.91003400923803,-0.621,-0.615,0.10,-0.555,-0.124,-113.2,28,0.0000,0.00
16:51:52,22.263681184163076,84.91003400923803,-0.649,-0.622,0.10,-0.555,-0.124,-113.3,28,0.0000,0.00
16:51:52,22.263681184163076,84.91003400923803,-0.681,-0.629,0.10,-0.573,-0.131,-113.3,28,0.0062,0.00
16:51:52,22.263681184163076,84.91003400923803,-0.710,-0.636,0.10,-0.573,-0.131,-113.5,28,0.0062,0.00
16:51:52,22.263681184163076,84.91003400923803,-0.739,-0.643,0.10,-0.573,-0.131,-113.7,28,0.0000,0.00
16:51:52,22.263681184163076,84.91003400923803,-0.768,-0.649,0.10,-0.573,-0.131,-113.9,28,0.0000,0.00
16:51:52,22.263681184163076,84.91003400923803,-0.799,-0.656,0.10,-0.584,-0.130,-113.9,28,0.0060,0.00
16:51:52,22.263681184163076,84.91003400923803,-0.828,-0.662,0.10,-0.584,-0.130,-114.1,28,0.0060,0.00
16:51:52,22.263681184163076,84.91003400923803,-0.858,-0.669,0.11,-0.584,-0.130,-114.8,29,0.0000,0.00
16:51:52,22.263681184163076,84.91003400923803,-0.887,-0.675,0.11,-0.584,-0.130,-115.4,29,0.0000,0.00
16:51:52,22.263681184163076,84.91003400923803,-0.917,-0.682,0.11,-0.584,-0.130,-115.4,29,0.0000,0.00
16:51:52,22.263681184163076,84.91003400923803,-0.917,-0.684,0.11,-0.464,-0.111,-116.1,29,0.0042,0.00
16:51:52,22.263681184163076,84.91003400923803,-0.928,-0.683,0.12,-0.409,-0.083,-118.1,29,0.0035,0.00
16:51:52,22.263681184163076,84.91003400923803,-0.949,-0.687,0.12,-0.409,-0.083,-119.4,29,0.0000,0.00
16:51:52,22.263681184163076,84.91003400923803,-0.970,-0.692,0.12,-0.409,-0.083,-119.4,29,0.0000,0.00
16:51:52,22.263681184163076,84.91003400923803,-0.977,-0.691,0.12,-0.340,-0.058,-120.8,29,0.0026,0.00
16:51:52,22.263681184163076,84.91003400923803,-0.994,-0.694,0.12,-0.340,-0.058,-123.3,29,0.0026,0.00
16:51:52,22.263681184163076,84.91003400923803,-1.011,-0.697,0.12,-0.340,-0.058,-124.4,29,0.0000,0.00
16:51:52,22.263681184163076,84.91003400923803,-1.029,-0.700,0.12,-0.340,-0.058,-124.4,29,0.0000,0.00
16:51:53,22.263681184163076,84.91003400923803,-1.034,-0.703,0.12,-0.283,-0.058,-125.2,29,0.0024,0.00
16:51:53,22.263681184163076,84.91003400923803,-1.049,-0.706,0.12,-0.283,-0.058,-126.6,29,0.0024,0.00
16:51:53,22.263681184163076,84.91003400923803,-1.063,-0.708,0.12,-0.283,-0.058,-127.1,29,0.0000,0.00
16:51:53,22.263681184163076,84.91003400923803,-1.077,-0.711,0.12,-0.283,-0.058,-127.1,29,0.0000,0.00
16:51:53,22.263681184163076,84.91003400923803,-1.086,-0.717,0.12,-0.256,-0.071,-127.6,29,0.0024,0.00
16:51:53,22.263681184163076,84.91003400923803,-1.099,-0.721,0.12,-0.256,-0.071,-128.4,29,0.0024,0.00
16:51:53,22.263681184163076,84.91003400923803,-1.111,-0.724,0.12,-0.256,-0.071,-128.8,29,0.0000,0.00
16:51:53,22.263681184163076,84.91003400923803,-1.124,-0.728,0.12,-0.256,-0.071,-129.1,29,0.0000,0.00
16:51:53,22.263681184163076,84.91003400923803,-1.125,-0.739,0.12,-0.199,-0.105,-129.1,29,0.0022,0.00
16:51:53,22.263681184163076,84.91003400923803,-1.135,-0.744,0.12,-0.199,-0.105,-129.4,29,0.0022,0.00
16:51:53,22.263681184163076,84.91003400923803,-1.140,-0.751,0.12,-0.175,-0.115,-129.5,29,0.0021,0.00
16:51:53,22.263681184163076,84.91003400923803,-1.149,-0.757,0.12,-0.175,-0.115,-129.5,29,0.0000,0.00
16:51:53,22.263681184163076,84.91003400923803,-1.155,-0.764,0.12,-0.160,-0.118,-129.5,29,0.0020,0.00
16:51:53,22.263681184163076,84.91003400923803,-1.163,-0.770,0.12,-0.160,-0.118,-129.5,29,0.0020,0.00
16:51:53,22.263681184163076,84.91003400923803,-1.170,-0.775,0.14,-0.149,-0.116,-129.4,29,0.0020,0.00
16:51:53,22.263681184163076,84.91003400923803,-1.177,-0.781,0.14,-0.149,-0.116,-129.4,29,0.0000,0.00
16:51:53,22.263681184163076,84.91003400923803,-1.185,-0.787,0.14,-0.149,-0.116,-129.3,29,0.0000,0.00
16:51:53,22.263681184163076,84.91003400923803,-1.192,-0.793,0.14,-0.147,-0.119,-129.0,29,0.0020,0.00
16:51:53,22.263681184163076,84.91003400923803,-1.199,-0.799,0.14,-0.147,-0.119,-128.9,29,0.0020,0.00
16:51:53,22.263681184163076,84.91003400923803,-1.207,-0.805,0.14,-0.147,-0.119,-128.9,29,0.0000,0.00
16:51:54,22.263681184163076,84.91003400923803,-1.214,-0.811,0.14,-0.147,-0.119,-128.8,29,0.0000,0.00
16:51:54,22.263681184163076,84.91003400923803,-1.216,-0.813,0.14,-0.121,-0.099,-128.8,29,0.0014,0.00
16:51:54,22.263681184163076,84.91003400923803,-1.223,-0.818,0.14,-0.121,-0.099,-128.8,29,0.0014,0.00
16:51:54,22.263681184163076,84.91003400923803,-1.229,-0.823,0.12,-0.121,-0.099,-128.8,29,0.0000,0.00
16:51:54,22.263681184163076,84.91003400923803,-1.235,-0.828,0.12,-0.121,-0.099,-128.7,29,0.0000,0.00
16:51:54,22.263681184163076,84.91003400923803,-1.234,-0.828,0.12,-0.090,-0.074,-128.6,29,0.0010,0.00
16:51:54,22.263681184163076,84.91003400923803,-1.239,-0.832,0.12,-0.090,-0.074,-128.6,29,0.0010,0.00
16:51:54,22.263681184163076,84.91003400923803,-1.244,-0.836,0.13,-0.090,-0.074,-128.6,29,0.0010,0.00
16:51:54,22.263681184163076,84.91003400923803,-1.248,-0.839,0.13,-0.090,-0.074,-128.6,29,0.0000,0.00
16:51:54,22.263681184163076,84.91003400923803,-1.253,-0.843,0.13,-0.090,-0.074,-128.7,29,0.0000,0.00
16:51:54,22.263681184163076,84.91003400923803,-1.244,-0.836,0.13,-0.035,-0.029,-128.8,29,0.0008,0.00
16:51:54,22.263681184163076,84.91003400923803,-1.246,-0.838,0.13,-0.035,-0.029,-129.0,29,0.0008,0.00
16:51:54,22.263681184163076,84.91003400923803,-1.248,-0.839,0.13,-0.035,-0.029,-129.0,29,0.0000,0.00
16:51:54,22.263681184163076,84.91003400923803,-1.249,-0.841,0.13,-0.035,-0.029,-129.1,29,0.0000,0.00
16:51:54,22.263681184163076,84.91003400923803,-1.247,-0.838,0.13,-0.014,-0.012,-129.1,29,0.0014,0.00
16:51:54,22.263681184163076,84.91003400923803,-1.247,-0.839,0.13,-0.014,-0.012,-129.2,29,0.0014,0.00
16:51:54,22.263681184163076,84.91003400923803,-1.246,-0.838,0.15,-0.007,-0.006,-129.2,29,0.0009,0.00
16:51:54,22.263681184163076,84.91003400923803,-1.247,-0.839,0.15,-0.007,-0.006,-129.2,29,0.0000,0.00
16:51:54,22.263681184163076,84.91003400923803,-1.247,-0.839,0.15,-0.007,-0.006,-129.3,29,0.0000,0.00
16:51:54,22.263681184163076,84.91003400923803,-1.247,-0.839,0.15,-0.003,-0.003,-129.4,29,0.0006,0.00
16:51:55,22.263681184163076,84.91003400923803,-1.247,-0.839,0.15,-0.003,-0.003,-129.4,30,0.0006,0.00
16:51:55,22.263681184163076,84.91003400923803,-1.247,-0.839,0.15,-0.003,-0.003,-129.7,30,0.0000,0.00
16:51:55,22.263681184163076,84.91003400923803,-1.247,-0.839,0.15,-0.003,-0.003,-129.8,30,0.0000,0.00
16:51:55,22.263681184163076,84.91003400923803,-1.247,-0.839,0.15,-0.000,-0.002,-129.9,30,0.0005,0.00
16:51:55,22.263681184163076,84.91003400923803,-1.247,-0.839,0.15,-0.000,-0.002,-129.9,30,0.0005,0.00
16:51:55,22.263681184163076,84.91003400923803,-1.247,-0.839,0.15,-0.000,-0.002,-129.9,30,0.0000,0.00
16:51:55,22.263681184163076,84.91003400923803,-1.247,-0.840,0.15,-0.000,-0.002,-129.9,30,0.0000,0.00
16:51:55,22.263681184163076,84.91003400923803,-1.247,-0.839,0.15,0.000,-0.001,-129.8,30,0.0004,0.00
16:51:55,22.263681184163076,84.91003400923803,-1.247,-0.839,0.16,0.000,-0.001,-129.8,30,0.0004,0.00
16:51:55,22.263681184163076,84.91003400923803,-1.247,-0.840,0.16,0.000,-0.001,-129.8,30,0.0004,0.00
16:51:55,22.263681184163076,84.91003400923803,-1.247,-0.840,0.16,0.000,-0.001,-129.8,30,0.0000,0.00
16:51:55,22.263681184163076,84.91003400923803,-1.247,-0.840,0.16,0.000,-0.001,-129.8,30,0.0000,0.00
16:51:55,22.263681184163076,84.91003400923803,-1.247,-0.839,0.16,-0.001,0.000,-129.8,30,0.0003,0.00
16:51:55,22.263681184163076,84.91003400923803,-1.247,-0.839,0.16,-0.001,0.000,-129.8,30,0.0003,0.00
16:51:55,22.263681184163076,84.91003400923803,-1.247,-0.839,0.16,-0.001,0.000,-129.3,30,0.0000,0.00
16:51:55,22.263681184163076,84.91003400923803,-1.247,-0.839,0.16,-0.001,0.000,-125.8,30,0.0000,0.00
16:51:55,22.263681184163076,84.91003400923803,-1.262,-0.850,0.16,-0.066,-0.047,-125.8,30,0.0016,0.00
16:51:55,22.263681184163076,84.91003400923803,-1.265,-0.853,0.16,-0.066,-0.047,-123.6,30,0.0016,0.00
16:51:55,22.263681184163076,84.91003400923803,-1.269,-0.855,0.16,-0.066,-0.047,-121.4,30,0.0000,0.00
16:51:55,22.263681184163076,84.91003400923803,-1.272,-0.858,0.16,-0.066,-0.047,-119.2,30,0.0000,0.00
16:51:56,22.263681184163076,84.91003400923803,-1.275,-0.860,0.16,-0.066,-0.047,-119.2,30,0.0000,0.00
16:51:56,22.263681184163076,84.91003400923803,-1.279,-0.862,0.14,-0.066,-0.047,-115.1,30,0.0000,0.00
16:51:56,22.263681184163076,84.91003400923803,-1.294,-0.887,0.14,-0.111,-0.132,-113.4,30,0.0026,0.00
16:51:56,22.263681184163076,84.91003400923803,-1.299,-0.893,0.14,-0.111,-0.132,-111.1,30,0.0000,0.00
16:51:56,22.263681184163076,84.91003400923803,-1.305,-0.900,0.14,-0.111,-0.132,-110.7,30,0.0000,0.00
16:51:56,22.263681184163076,84.91003400923803,-1.310,-0.907,0.14,-0.111,-0.132,-110.7,30,0.0000,0.00
16:51:56,22.263681184163076,84.91003400923803,-1.316,-0.913,0.14,-0.111,-0.132,-110.8,30,0.0000,0.00
16:51:56,22.263681184163076,84.91003400923803,-1.321,-0.920,0.14,-0.111,-0.132,-111.3,30,0.0000,0.00
16:51:56,22.263681184163076,84.91003400923803,-1.327,-0.927,0.14,-0.111,-0.132,-113.0,30,0.0000,0.00
16:51:56,22.263681184163076,84.91003400923803,-1.333,-0.933,0.13,-0.111,-0.132,-113.0,30,0.0000,0.00
16:51:56,22.263681184163076,84.91003400923803,-1.336,-0.920,0.13,-0.103,-0.070,-113.9,30,0.0012,0.00
16:51:56,22.263681184163076,84.91003400923803,-1.341,-0.924,0.13,-0.103,-0.070,-116.0,30,0.0012,0.00
16:51:56,22.263681184163076,84.91003400923803,-1.346,-0.927,0.13,-0.103,-0.070,-117.1,30,0.0000,0.00
16:51:56,22.263681184163076,84.91003400923803,-1.351,-0.931,0.13,-0.103,-0.070,-117.1,30,0.0000,0.00
16:51:56,22.263681184163076,84.91003400923803,-1.357,-0.934,0.12,-0.103,-0.070,-118.4,30,0.0007,0.00
16:51:56,22.263681184163076,84.91003400923803,-1.362,-0.938,0.12,-0.103,-0.070,-121.4,30,0.0007,0.00
16:51:56,22.263681184163076,84.91003400923803,-1.367,-0.941,0.12,-0.103,-0.070,-121.4,30,0.0007,0.00
16:51:56,22.263681184163076,84.91003400923803,-1.372,-0.945,0.12,-0.103,-0.070,-122.8,30,0.0000,0.00
16:51:56,22.263681184163076,84.91003400923803,-1.377,-0.948,0.12,-0.103,-0.070,-124.0,30,0.0000,0.00
16:51:57,22.263681184163076,84.91003400923803,-1.356,-0.934,0.12,-0.029,-0.020,-126.1,30,0.0008,0.00
16:51:57,22.263681184163076,84.91003400923803,-1.358,-0.935,0.12,-0.029,-0.020,-127.0,30,0.0008,0.00
16:51:57,22.263681184163076,84.91003400923803,-1.359,-0.936,0.12,-0.029,-0.020,-127.0,30,0.0000,0.00
16:51:57,22.263681184163076,84.91003400923803,-1.360,-0.937,0.13,-0.029,-0.020,-127.9,30,0.0000,0.00
16:51:57,22.263681184163076,84.91003400923803,-1.370,-0.946,0.13,-0.055,-0.047,-129.1,30,0.0013,0.00
16:51:57,22.263681184163076,84.91003400923803,-1.372,-0.948,0.13,-0.055,-0.047,-129.6,30,0.0013,0.00
16:51:57,22.263681184163076,84.91003400923803,-1.375,-0.951,0.13,-0.055,-0.047,-129.6,30,0.0013,0.00
16:51:57,22.263681184163076,84.91003400923803,-1.378,-0.953,0.16,-0.055,-0.047,-129.9,30,0.0013,0.00
16:51:57,22.263681184163076,84.91003400923803,-1.381,-0.956,0.16,-0.055,-0.047,-130.1,30,0.0000,0.00
16:51:57,22.263681184163076,84.91003400923803,-1.383,-0.958,0.16,-0.055,-0.047,-130.4,30,0.0000,0.00
16:51:57,22.263681184163076,84.91003400923803,-1.386,-0.960,0.16,-0.055,-0.047,-130.4,30,0.0000,0.00
16:51:57,22.263681184163076,84.91003400923803,-1.389,-0.963,0.16,-0.055,-0.047,-130.5,30,0.0000,0.00
16:51:57,22.263681184163076,84.91003400923803,-1.396,-0.971,0.16,-0.067,-0.067,-130.6,30,0.0012,0.00
16:51:57,22.263681184163076,84.91003400923803,-1.399,-0.975,0.16,-0.067,-0.067,-130.6,30,0.0012,0.00
16:51:57,22.263681184163076,84.91003400923803,-1.403,-0.978,0.16,-0.067,-0.067,-130.6,30,0.0012,0.00
16:51:57,22.263681184163076,84.91003400923803,-1.395,-0.972,0.16,-0.027,-0.033,-130.5,30,0.0012,0.00
16:51:57,22.263681184163076,84.91003400923803,-1.396,-0.974,0.17,-0.027,-0.033,-130.5,30,0.0000,0.00
16:51:57,22.263681184163076,84.91003400923803,-1.397,-0.976,0.17,-0.027,-0.033,-130.5,30,0.0000,0.00
16:51:57,22.263681184163076,84.91003400923803,-1.399,-0.977,0.17,-0.027,-0.033,-130.5,30,0.0000,0.00
16:51:57,22.263681184163076,84.91003400923803,-1.396,-0.975,0.17,-0.010,-0.016,-130.5,30,0.0009,0.00
16:51:58,22.263681184163076,84.91003400923803,-1.396,-0.976,0.20,-0.010,-0.016,-130.5,30,0.0009,0.00
16:51:58,22.263681184163076,84.91003400923803,-1.397,-0.976,0.20,-0.010,-0.016,-130.5,30,0.0009,0.00
16:51:58,22.263681184163076,84.91003400923803,-1.397,-0.977,0.20,-0.010,-0.016,-130.5,30,0.0009,0.00
16:51:58,22.263681184163076,84.91003400923803,-1.398,-0.978,0.20,-0.010,-0.016,-130.5,30,0.0009,0.00
16:51:58,22.263681184163076,84.91003400923803,-1.398,-0.979,0.20,-0.010,-0.016,-130.4,30,0.0000,0.00
16:51:58,22.263681184163076,84.91003400923803,-1.399,-0.980,0.20,-0.010,-0.016,-130.4,30,0.0000,0.00
16:51:58,22.263681184163076,84.91003400923803,-1.399,-0.981,0.20,-0.010,-0.016,-130.4,30,0.0000,0.00
16:51:58,22.263681184163076,84.91003400923803,-1.382,-0.997,0.20,0.051,-0.067,-130.2,30,0.0012,0.00
16:51:58,22.263681184163076,84.91003400923803,-1.379,-1.000,0.20,0.051,-0.067,-130.1,30,0.0012,0.00
16:51:58,22.263681184163076,84.91003400923803,-1.376,-1.003,0.22,0.051,-0.067,-130.1,28,0.0012,0.00
16:51:58,22.263681184163076,84.91003400923803,-1.374,-1.007,0.22,0.051,-0.067,-129.9,28,0.0012,0.00
16:51:58,22.263681184163076,84.91003400923803,-1.371,-1.010,0.22,0.051,-0.067,-129.7,28,0.0000,0.00
16:51:58,22.263681184163076,84.91003400923803,-1.369,-1.014,0.22,0.051,-0.067,-129.6,28,0.0000,0.00
16:51:58,22.26367606367431,84.91001464066983,-1.366,-1.017,0.26,0.051,-0.067,-129.6,28,0.0000,0.00
16:51:58,22.26367603326623,84.9100146657075,-1.363,-1.020,0.26,0.051,-0.067,-129.5,28,0.0000,0.00
16:51:58,22.263675925928677,84.9100147789359,-1.352,-1.032,0.26,0.078,-0.093,-129.2,28,0.0013,0.00
16:51:58,22.263675869135234,84.91001483312064,-1.346,-1.039,0.26,0.084,-0.098,-129.0,28,0.0015,0.00
16:51:58,22.26367582447994,84.91001487426006,-1.342,-1.044,0.26,0.084,-0.098,-129.0,28,0.0000,0.00
16:51:58,22.263675779984716,84.910014915252,-1.338,-1.049,0.26,0.084,-0.098,-128.7,28,0.0000,0.00
16:51:58,22.263675729645406,84.91001495915484,-1.333,-1.054,0.26,0.085,-0.101,-128.1,28,0.0014,0.00
16:51:59,22.263675683603935,84.91001500102053,-1.329,-1.059,0.26,0.085,-0.101,-127.7,28,0.0014,0.00
16:51:59,22.26367563710355,84.91001504117382,-1.325,-1.065,0.31,0.084,-0.102,-127.7,28,0.0013,0.00
16:51:59,22.263675590907877,84.91001508263138,-1.320,-1.070,0.31,0.084,-0.102,-127.3,28,0.0000,0.00
16:51:59,22.263675539389126,84.91001512393439,-1.316,-1.075,0.31,0.084,-0.105,-126.3,28,0.0014,0.00
16:51:59,22.26367549162993,84.91001516536075,-1.312,-1.081,0.31,0.084,-0.105,-125.7,28,0.0014,0.00
16:51:59,22.263675441557034,84.91001520527854,-1.308,-1.086,0.31,0.084,-0.107,-125.7,28,0.0014,0.00
16:51:59,22.263675393140275,84.91001524616738,-1.304,-1.092,0.31,0.084,-0.107,-125.1,28,0.0000,0.00
16:51:59,22.263675335919803,84.91001528764598,-1.299,-1.098,0.31,0.084,-0.113,-123.8,28,0.0015,0.00
16:51:59,22.263675284543126,84.9100153287633,-1.295,-1.104,0.31,0.084,-0.113,-123.1,28,0.0015,0.00
16:51:59,22.263675225838366,84.910015370687,-1.291,-1.110,0.31,0.085,-0.119,-123.1,28,0.0015,0.00
16:51:59,22.263675171833075,84.91001541217712,-1.287,-1.116,0.34,0.085,-0.119,-121.7,27,0.0000,0.00
16:51:59,22.263675117958243,84.91001545356701,-1.282,-1.122,0.34,0.085,-0.119,-121.0,27,0.0000,0.00
16:51:59,22.2636750633103,84.91001548490355,-1.279,-1.128,0.34,0.078,-0.120,-120.2,27,0.0014,0.00
16:51:59,22.263675009055742,84.91001552320238,-1.275,-1.134,0.34,0.078,-0.120,-119.5,27,0.0014,0.00
16:51:59,22.263674955051062,84.9100155613248,-1.271,-1.140,0.38,0.078,-0.120,-119.5,27,0.0000,0.00
16:51:59,22.263674900786263,84.91001559963084,-1.267,-1.147,0.38,0.078,-0.120,-117.9,27,0.0000,0.00
16:51:59,22.263674854225727,84.91001561793044,-1.265,-1.152,0.38,0.067,-0.115,-117.2,27,0.0012,0.00
16:51:59,22.263674801978574,84.91001565088817,-1.262,-1.158,0.38,0.067,-0.115,-116.5,27,0.0012,0.00
16:51:59,22.26367474990342,84.91001568373741,-1.259,-1.163,0.38,0.067,-0.115,-116.5,26,0.0000,0.00
16:51:59,22.263674697727975,84.91001571664991,-1.255,-1.169,0.38,0.067,-0.115,-115.0,26,0.0000,0.00
16:52:00,22.263674643091157,84.91001573430327,-1.253,-1.175,0.38,0.060,-0.116,-114.3,26,0.0013,0.00
16:52:00,22.263674590043316,84.91001576363267,-1.250,-1.181,0.38,0.060,-0.116,-113.5,26,0.0013,0.00
16:52:00,22.26367453736229,84.91001579275927,-1.247,-1.187,0.38,0.060,-0.116,-113.5,26,0.0013,0.00
16:52:00,22.263674484721168,84.91001582186381,-1.244,-1.193,0.41,0.060,-0.116,-112.0,26,0.0000,0.00
16:52:00,22.263674431876808,84.9100158510807,-1.241,-1.199,0.41,0.060,-0.116,-111.4,26,0.0000,0.00
16:52:00,22.26367438651212,84.91001585705,-1.241,-1.204,0.41,0.049,-0.113,-110.9,26,0.0012,0.00
16:52:00,22.263674354632464,84.91001586738084,-1.240,-1.207,0.41,0.043,-0.103,-110.6,26,0.0010,0.00
16:52:00,22.263674307815226,84.91001588834787,-1.237,-1.213,0.44,0.043,-0.103,-110.6,26,0.0000,0.00
16:52:00,22.263674357166934,84.91001593732892,-1.232,-1.207,0.44,0.059,-0.043,-110.6,26,0.0009,0.00
16:52:00,22.263674337702692,84.91001596615263,-1.229,-1.209,0.44,0.059,-0.043,-112.0,26,0.0009,0.00
16:52:00,22.263674318279392,84.9100159949157,-1.226,-1.211,0.44,0.059,-0.043,-113.1,26,0.0009,0.00
16:52:00,22.263674298872655,84.91001602365425,-1.224,-1.214,0.44,0.059,-0.043,-113.1,23,0.0000,0.00
16:52:00,22.263674279384215,84.91001605251378,-1.221,-1.216,0.44,0.059,-0.043,-115.9,23,0.0000,0.00
16:52:00,22.263674359146627,84.91001612027401,-1.214,-1.207,0.44,0.078,0.011,-117.6,23,0.0011,0.00
16:52:00,22.263674364156135,84.91001615888912,-1.210,-1.206,0.44,0.078,0.011,-119.7,23,0.0011,0.00
16:52:00,22.263674404564686,84.9100162084543,-1.204,-1.202,0.46,0.084,0.031,-119.7,23,0.0011,0.00
16:52:00,22.26367441884151,84.91001624989875,-1.200,-1.200,0.46,0.084,0.031,-124.6,23,0.0000,0.00
16:52:00,22.263674508607334,84.91001624141295,-1.201,-1.190,0.46,0.055,0.080,-127.4,23,0.0011,0.00
16:52:00,22.263674544738755,84.91001626841647,-1.198,-1.186,0.46,0.055,0.080,-130.5,23,0.0011,0.00
16:52:00,22.263674580750976,84.9100162953309,-1.196,-1.182,0.46,0.055,0.080,-130.5,21,0.0011,0.00
16:52:01,22.263674616775813,84.91001632225478,-1.193,-1.178,0.46,0.055,0.080,-137.0,21,0.0000,0.00
16:52:01,22.263674652936228,84.91001634927997,-1.190,-1.174,0.46,0.055,0.080,-140.4,21,0.0000,0.00
16:52:01,22.263674689016078,84.91001618173566,-1.207,-1.170,0.46,-0.042,0.080,-143.9,21,0.0014,0.00
16:52:01,22.263674725181566,84.91001616098318,-1.209,-1.166,0.46,-0.042,0.080,-143.9,21,0.0014,0.00
16:52:01,22.263674761166488,84.9100161403343,-1.211,-1.162,0.46,-0.042,0.080,-150.9,21,0.0000,0.00
16:52:01,22.263674797429335,84.91001611952596,-1.214,-1.158,0.46,-0.042,0.080,-154.4,21,0.0000,0.00
16:52:01,22.26367479659858,84.9100160075249,-1.225,-1.158,0.46,-0.085,0.061,-157.9,21,0.0013,0.00
16:52:01,22.26367482418985,84.91001596559802,-1.229,-1.155,0.46,-0.085,0.061,-157.9,21,0.0013,0.00
16:52:01,22.26367485166487,84.9100159238478,-1.234,-1.152,0.45,-0.085,0.061,-161.5,23,0.0000,0.00
16:52:01,22.26367487923362,84.91001588195513,-1.238,-1.149,0.45,-0.085,0.061,-168.7,23,0.0000,0.00
16:52:01,22.263674845997052,84.910015804532,-1.246,-1.153,0.45,-0.102,0.030,-176.0,23,0.0012,0.00
16:52:01,22.263674859700348,84.91001575443467,-1.251,-1.151,0.45,-0.102,0.030,-176.0,23,0.0012,0.00
16:52:01,22.26367484697524,84.91001569586918,-1.257,-1.152,0.45,-0.107,0.016,-179.7,23,0.0012,0.00
16:52:01,22.26367485406209,84.9100156434913,-1.263,-1.152,0.45,-0.107,0.016,176.7,23,0.0000,0.00
16:52:01,22.263674834087468,84.91001559183597,-1.268,-1.154,0.45,-0.106,-0.001,169.3,23,0.0011,0.00
16:52:01,22.26367483351286,84.91001553958436,-1.273,-1.154,0.45,-0.106,-0.001,165.5,23,0.0011,0.00
16:52:01,22.263674832941213,84.91001548760214,-1.279,-1.154,0.45,-0.106,-0.001,165.5,23,0.0011,0.00
16:52:01,22.26367483236934,84.91001543559925,-1.284,-1.154,0.45,-0.106,-0.001,161.8,23,0.0000,0.00
16:52:01,22.263674831797115,84.91001538356437,-1.289,-1.154,0.45,-0.106,-0.001,158.1,23,0.0000,0.00
16:52:02,22.263674774413612,84.9100153467146,-1.293,-1.161,0.45,-0.099,-0.032,150.7,23,0.0011,0.00
16:52:02,22.26367475996772,84.91001529826778,-1.298,-1.162,0.44,-0.099,-0.032,150.7,21,0.0011,0.00
16:52:02,22.2636747455938,84.91001525006232,-1.303,-1.164,0.44,-0.099,-0.032,146.9,21,0.0000,0.00
16:52:02,22.263674731180416,84.91001520172452,-1.308,-1.165,0.44,-0.099,-0.032,143.2,21,0.0000,0.00
16:52:02,22.263674657366884,84.91001516938039,-1.312,-1.174,0.44,-0.091,-0.062,135.7,21,0.0012,0.00
16:52:02,22.263674629103278,84.91001512456123,-1.316,-1.177,0.44,-0.091,-0.062,135.7,21,0.0012,0.00
16:52:02,22.26367457814477,84.91001509177539,-1.320,-1.182,0.44,-0.085,-0.075,132.0,21,0.0013,0.00
16:52:02,22.26367454414415,84.91001505001228,-1.324,-1.186,0.44,-0.085,-0.075,128.3,21,0.0000,0.00
16:52:02,22.2636745102639,84.91001500839702,-1.328,-1.190,0.44,-0.085,-0.075,124.6,21,0.0016,0.00
16:52:02,22.26367447628366,84.91001496665895,-1.332,-1.194,0.44,-0.085,-0.075,124.6,21,0.0016,0.00
16:52:02,22.26367440144338,84.91001495298478,-1.334,-1.202,0.43,-0.071,-0.098,117.4,13,0.0014,0.00
16:52:02,22.263674357108524,84.91001491824875,-1.337,-1.207,0.43,-0.071,-0.098,113.9,13,0.0000,0.00
16:52:02,22.26367431291155,84.91001488362075,-1.341,-1.212,0.43,-0.071,-0.098,107.0,13,0.0000,0.00
16:52:02,22.263674236431807,84.91001488042068,-1.341,-1.220,0.43,-0.054,-0.116,107.0,13,0.0014,0.00
16:52:02,22.263674183954837,84.9100148538278,-1.344,-1.226,0.43,-0.054,-0.116,103.7,13,0.0014,0.00
16:52:02,22.263674131424235,84.91001482720776,-1.347,-1.232,0.43,-0.054,-0.116,98.1,13,0.0000,0.00
16:52:02,22.263674078900834,84.91001480059137,-1.350,-1.238,0.43,-0.054,-0.116,95.8,13,0.0000,0.00
16:52:02,22.263674056543827,84.9100148259687,-1.347,-1.240,0.43,-0.028,-0.100,95.8,13,0.0009,0.00
16:52:02,22.263674011391668,84.9100148120848,-1.348,-1.246,0.43,-0.028,-0.100,93.7,0,0.0009,0.00
16:52:02,22.26367404662812,84.9100148238973,-1.347,-1.242,0.43,-0.015,-0.053,91.8,0,0.0008,0.00
16:52:03,22.26367402262534,84.91001481677534,-1.348,-1.244,0.43,-0.015,-0.053,88.8,0,0.0000,0.00
16:52:03,22.26367399872342,84.91001480968333,-1.349,-1.247,0.43,-0.015,-0.053,88.8,0,0.0000,0.00
16:52:03,22.263674015324305,84.91001481614036,-1.348,-1.245,0.42,-0.007,-0.028,87.7,0,0.0008,0.00
16:52:03,22.263674002563523,84.91001481277868,-1.348,-1.246,0.42,-0.007,-0.028,87.1,0,0.0008,0.00
16:52:03,22.263673989839408,84.91001480942666,-1.349,-1.248,0.42,-0.007,-0.028,87.0,0,0.0000,0.00
16:52:03,22.26367397708591,84.91001480606688,-1.349,-1.249,0.42,-0.007,-0.028,87.0,0,0.0000,0.00
16:52:03,22.26367399158501,84.9100149280678,-1.336,-1.248,0.42,0.059,-0.013,87.3,0,0.0011,0.00
16:52:03,22.263673985775274,84.91001495679336,-1.333,-1.248,0.42,0.059,-0.013,87.7,0,0.0011,0.00
16:52:03,22.26367397998071,84.9100149854439,-1.330,-1.249,0.42,0.059,-0.013,88.2,0,0.0000,0.00
16:52:03,22.26367397418341,84.91001501410797,-1.328,-1.250,0.42,0.059,-0.013,88.2,0,0.0000,0.00
16:52:03,22.263673976023796,84.91001510502423,-1.318,-1.249,0.42,0.089,-0.009,89.4,0,0.0011,0.00
16:52:03,22.2636739720415,84.91001514876567,-1.314,-1.250,0.42,0.089,-0.009,90.1,10,0.0011,0.00
16:52:03,22.263673967661994,84.91001520971174,-1.307,-1.250,0.42,0.098,-0.009,91.4,10,0.0011,0.00
16:52:03,22.263673963579862,84.91001525788239,-1.302,-1.251,0.42,0.098,-0.009,91.4,10,0.0000,0.00
16:52:03,22.2636739585417,84.91001529369163,-1.299,-1.251,0.42,0.091,-0.010,92.2,10,0.0010,0.00
16:52:03,22.263673954182,84.91001533831145,-1.294,-1.252,0.38,0.091,-0.010,93.1,10,0.0010,0.00
16:52:03,22.263673949825083,84.91001538290286,-1.290,-1.252,0.38,0.091,-0.010,95.1,10,0.0010,0.00
16:52:03,22.26367394547839,84.91001542738955,-1.285,-1.253,0.38,0.091,-0.010,96.1,10,0.0000,0.00
16:52:03,22.26367394112524,84.9100154719424,-1.280,-1.253,0.38,0.091,-0.010,96.1,10,0.0000,0.00
16:52:03,22.263674068020677,84.91001543224122,-1.284,-1.239,0.38,0.049,0.061,98.0,12,0.0013,0.00
16:52:04,22.26367409589462,84.91001545619076,-1.282,-1.236,0.38,0.049,0.061,98.7,12,0.0013,0.00
16:52:04,22.263674123714473,84.91001548009385,-1.280,-1.233,0.38,0.049,0.061,99.2,12,0.0000,0.00
16:52:04,22.26367415150643,84.91001550397294,-1.277,-1.230,0.38,0.049,0.061,99.2,12,0.0000,0.00
16:52:04,22.263674219043253,84.91001535682652,-1.292,-1.222,0.38,-0.032,0.082,99.2,12,0.0012,0.00
16:52:04,22.263674256141968,84.91001534105494,-1.294,-1.218,0.35,-0.032,0.082,97.6,12,0.0012,0.00
16:52:04,22.263674293141875,84.91001532532538,-1.295,-1.214,0.35,-0.032,0.082,96.2,12,0.0000,0.00
16:52:04,22.263674330159304,84.91001530958837,-1.297,-1.210,0.35,-0.032,0.082,96.2,12,0.0000,0.00
16:52:04,22.26367428912566,84.91001504327723,-1.325,-1.215,0.35,-0.149,0.042,94.9,12,0.0025,0.00
16:52:04,22.26367430835748,84.91001497020135,-1.332,-1.212,0.33,-0.149,0.042,93.6,12,0.0025,0.00
16:52:04,22.263674327559663,84.91001489723809,-1.340,-1.210,0.33,-0.149,0.042,91.3,12,0.0022,0.00
16:52:04,22.263674346738572,84.91001482436326,-1.347,-1.208,0.33,-0.149,0.042,90.3,12,0.0000,0.00
16:52:04,22.263674365917574,84.91001475148809,-1.355,-1.206,0.33,-0.149,0.042,90.3,12,0.0000,0.00
16:52:04,22.263674385085753,84.91001467865402,-1.362,-1.204,0.33,-0.149,0.042,88.8,11,0.0022,0.00
16:52:04,22.263674404266844,84.91001460577091,-1.370,-1.202,0.33,-0.149,0.042,88.3,11,0.0022,0.00
16:52:04,22.263674423455665,84.91001453285843,-1.377,-1.200,0.33,-0.149,0.042,87.9,11,0.0000,0.00
16:52:04,22.263674442637846,84.91001445997117,-1.385,-1.198,0.33,-0.149,0.042,87.9,11,0.0000,0.00
16:52:04,22.263674667734392,84.91001449104405,-1.381,-1.172,0.30,-0.115,0.115,87.4,11,0.0021,0.00
16:52:04,22.263674719737086,84.9100144344927,-1.387,-1.167,0.30,-0.115,0.115,87.3,11,0.0021,0.00
16:52:04,22.263674771688905,84.91001437799667,-1.393,-1.161,0.30,-0.115,0.115,87.2,11,0.0000,0.00
16:52:04,22.26367482358444,84.91001432156186,-1.399,-1.155,0.30,-0.115,0.115,87.2,11,0.0000,0.00
16:52:05,22.263674899454724,84.91001408506791,-1.423,-1.147,0.30,-0.181,0.124,87.2,11,0.0023,0.00
16:52:05,22.263674955796,84.9100139963922,-1.432,-1.140,0.26,-0.181,0.124,87.5,12,0.0023,0.00
16:52:05,22.263675019036036,84.91001393277558,-1.439,-1.133,0.26,-0.170,0.127,87.8,12,0.0017,0.00
16:52:05,22.263675076863787,84.91001384926714,-1.448,-1.127,0.26,-0.170,0.127,87.8,12,0.0000,0.00
16:52:05,22.26367514279334,84.91001382032677,-1.451,-1.120,0.26,-0.143,0.132,88.3,12,0.0016,0.00
16:52:05,22.263675202618845,84.91001375047966,-1.458,-1.113,0.26,-0.143,0.132,90.0,12,0.0016,0.00
16:52:05,22.263675257897148,84.9100137894547,-1.454,-1.107,0.26,-0.079,0.129,90.9,12,0.0015,0.00
16:52:05,22.26367537544942,84.91001371173665,-1.462,-1.094,0.26,-0.079,0.129,91.7,12,0.0000,0.00
16:52:05,22.26367539504763,84.91001373631751,-1.459,-1.091,0.24,-0.041,0.104,93.3,12,0.0009,0.00
16:52:05,22.263675442296353,84.91001371610952,-1.461,-1.086,0.24,-0.041,0.104,94.2,12,0.0009,0.00
16:52:05,22.263675489402228,84.91001369596262,-1.463,-1.081,0.24,-0.041,0.104,94.2,12,0.0000,0.00
16:52:05,22.263675536539527,84.91001367580229,-1.465,-1.076,0.24,-0.041,0.104,95.1,12,0.0000,0.00
16:52:05,22.263675478558238,84.91001368672876,-1.464,-1.082,0.21,-0.025,0.043,97.1,12,0.0011,0.00
16:52:05,22.263675498267187,84.91001367465931,-1.466,-1.080,0.21,-0.025,0.043,98.1,12,0.0011,0.00
16:52:05,22.26367551787398,84.91001366265242,-1.467,-1.078,0.21,-0.025,0.043,98.1,12,0.0000,0.00
16:52:05,22.263675537513283,84.91001365062563,-1.468,-1.076,0.21,-0.025,0.043,99.3,12,0.0000,0.00
16:52:05,22.26367548351465,84.9100137994608,-1.453,-1.082,0.21,0.055,0.004,100.7,12,0.0015,0.00
16:52:05,22.263675485340887,84.91001382644376,-1.450,-1.081,0.21,0.055,0.004,100.7,12,0.0015,0.00
16:52:05,22.263675345252782,84.9100140031378,-1.432,-1.097,0.21,0.135,-0.078,100.7,12,0.0028,0.00
16:52:06,22.263675310065796,84.9100140691177,-1.425,-1.101,0.21,0.135,-0.078,100.3,12,0.0000,0.00
16:52:06,22.263675181506198,84.91001428301931,-1.403,-1.115,0.21,0.222,-0.137,99.9,12,0.0037,0.00
16:52:06,22.263675119214273,84.91001439195861,-1.392,-1.122,0.16,0.222,-0.137,99.4,3,0.0037,0.00
16:52:06,22.263675056915883,84.91001450090923,-1.380,-1.129,0.16,0.222,-0.137,99.4,3,0.0037,0.00
16:52:06,22.263674994963363,84.91001460925497,-1.369,-1.136,0.16,0.222,-0.137,98.4,3,0.0000,0.00
16:52:06,22.263674932713755,84.91001471812028,-1.358,-1.143,0.16,0.222,-0.137,98.0,3,0.0000,0.00
16:52:06,22.263674932713755,84.91001471812028,-1.347,-1.150,0.10,0.222,-0.137,97.7,3,0.0000,0.00
16:52:06,22.263674932713755,84.91001471812028,-1.336,-1.157,0.10,0.222,-0.137,97.7,3,0.0000,0.00
16:52:06,22.263674932713755,84.91001471812028,-1.324,-1.164,0.10,0.222,-0.137,97.4,3,0.0000,0.00
16:52:06,22.263674932713755,84.91001471812028,-1.313,-1.171,0.10,0.222,-0.137,97.1,3,0.0000,0.00
16:52:06,22.263674932713755,84.91001471812028,-1.302,-1.178,0.10,0.222,-0.137,97.0,5,0.0000,0.00
16:52:06,22.263674932713755,84.91001471812028,-1.291,-1.184,0.10,0.222,-0.137,97.0,5,0.0000,0.00
16:52:06,22.263674932713755,84.91001471812028,-1.233,-1.210,0.10,0.360,-0.193,97.0,5,0.0045,0.00
16:52:06,22.263674932713755,84.91001471812028,-1.203,-1.222,0.10,0.398,-0.198,97.1,5,0.0048,0.00
16:52:06,22.263674932713755,84.91001471812028,-1.183,-1.232,0.10,0.398,-0.198,97.1,5,0.0000,0.00
16:52:06,22.263674932713755,84.91001471812028,-1.163,-1.242,0.07,0.398,-0.198,97.1,5,0.0000,0.00
16:52:06,22.263674932713755,84.91001471812028,-1.135,-1.249,0.07,0.434,-0.185,97.2,5,0.0050,0.00
16:52:06,22.263674932713755,84.91001471812028,-1.113,-1.258,0.07,0.434,-0.185,97.2,5,0.0050,0.00
16:52:06,22.263674932713755,84.91001471812028,-1.091,-1.267,0.07,0.434,-0.185,97.2,5,0.0000,0.00
16:52:06,22.263674932713755,84.91001471812028,-1.069,-1.277,0.07,0.434,-0.185,97.2,11,0.0000,0.00
16:52:07,22.263674932713755,84.91001471812028,-1.033,-1.288,0.07,0.496,-0.196,97.2,11,0.0060,0.00
16:52:07,22.263674932713755,84.91001471812028,-1.008,-1.298,0.07,0.496,-0.196,97.2,11,0.0060,0.00
16:52:07,22.263674932713755,84.91001471812028,-0.983,-1.308,0.07,0.496,-0.196,97.1,11,0.0057,0.00
16:52:07,22.263674932713755,84.91001471812028,-0.958,-1.318,0.07,0.496,-0.196,97.1,11,0.0000,0.00
16:52:07,22.263674932713755,84.91001471812028,-0.933,-1.328,0.07,0.496,-0.196,97.1,11,0.0000,0.00
16:52:07,22.263674932713755,84.91001471812028,-0.893,-1.344,0.07,0.562,-0.222,97.1,11,0.0064,0.00
16:52:07,22.263674932713755,84.91001471812028,-0.864,-1.355,0.07,0.562,-0.222,97.1,11,0.0064,0.00
16:52:07,22.263674932713755,84.91001471812028,-0.836,-1.366,0.09,0.562,-0.222,97.1,11,0.0000,0.00
16:52:07,22.263674932713755,84.91001471812028,-0.808,-1.378,0.09,0.562,-0.222,97.1,11,0.0000,0.00
16:52:07,22.263674932713755,84.91001471812028,-0.773,-1.391,0.09,0.589,-0.234,97.1,11,0.0063,0.00
16:52:07,22.263674932713755,84.91001471812028,-0.743,-1.403,0.09,0.589,-0.234,97.1,11,0.0063,0.00
16:52:07,22.263674932713755,84.91001471812028,-0.714,-1.415,0.09,0.589,-0.234,97.1,15,0.0000,0.00
16:52:07,22.263674932713755,84.91001471812028,-0.684,-1.427,0.09,0.589,-0.234,97.2,15,0.0000,0.00
16:52:07,22.263674932713755,84.91001471812028,-0.650,-1.445,0.09,0.605,-0.262,97.2,15,0.0067,0.00
16:52:07,22.263674932713755,84.91001471812028,-0.620,-1.458,0.09,0.605,-0.262,97.2,15,0.0067,0.00
16:52:07,22.263674932713755,84.91001471812028,-0.584,-1.478,0.09,0.629,-0.293,97.2,15,0.0071,0.00
16:52:07,22.263674932713755,84.91001471812028,-0.552,-1.493,0.11,0.629,-0.293,97.2,15,0.0000,0.00
16:52:07,22.263674932713755,84.91001471812028,-0.518,-1.508,0.11,0.642,-0.294,97.2,15,0.0069,0.00
16:52:07,22.263674932713755,84.91001471812028,-0.486,-1.523,0.11,0.642,-0.294,97.2,15,0.0069,0.00
16:52:07,22.263674932713755,84.91001471812028,-0.453,-1.538,0.11,0.642,-0.294,97.2,15,0.0069,0.00
16:52:08,22.263674932713755,84.91001471812028,-0.421,-1.552,0.11,0.642,-0.294,97.2,17,0.0000,0.00
16:52:08,22.263674932713755,84.91001471812028,-0.383,-1.563,0.11,0.670,-0.274,97.2,17,0.0073,0.00
16:52:08,22.263674932713755,84.91001471812028,-0.349,-1.577,0.11,0.670,-0.274,97.3,17,0.0073,0.00
16:52:08,22.263674932713755,84.91001471812028,-0.317,-1.587,0.11,0.663,-0.252,97.4,17,0.0068,0.00
16:52:08,22.263674932713755,84.91001471812028,-0.283,-1.600,0.11,0.663,-0.252,97.4,17,0.0000,0.00
16:52:08,22.263674932713755,84.91001471812028,-0.250,-1.613,0.11,0.663,-0.252,97.5,17,0.0000,0.00
16:52:08,22.263674932713755,84.91001471812028,-0.219,-1.624,0.11,0.651,-0.246,97.7,17,0.0068,0.00
16:52:08,22.263674932713755,84.91001471812028,-0.186,-1.637,0.11,0.651,-0.246,97.7,17,0.0068,0.00
16:52:08,22.263674932713755,84.91001471812028,-0.153,-1.649,0.11,0.651,-0.246,97.7,19,0.0000,0.00
16:52:08,22.263674932713755,84.91001471812028,-0.120,-1.661,0.11,0.651,-0.246,97.8,19,0.0000,0.00
16:52:08,22.263674932713755,84.91001471812028,-0.094,-1.672,0.11,0.618,-0.239,98.0,19,0.0065,0.00
16:52:08,22.263674932713755,84.91001471812028,-0.062,-1.684,0.11,0.618,-0.239,98.4,19,0.0065,0.00
16:52:08,22.263674932713755,84.91001471812028,-0.028,-1.696,0.11,0.633,-0.235,98.4,19,0.0068,0.00
16:52:08,22.263674932713755,84.91001471812028,0.004,-1.708,0.11,0.633,-0.235,99.1,19,0.0000,0.00
16:52:08,22.263674932713755,84.91001471812028,0.037,-1.710,0.11,0.642,-0.180,100.2,19,0.0067,0.00
16:52:08,22.263674932713755,84.91001471812028,0.070,-1.719,0.11,0.642,-0.180,103.5,19,0.0067,0.00
16:52:08,22.263674932713755,84.91001471812028,0.096,-1.725,0.11,0.603,-0.159,103.5,19,0.0060,0.00
16:52:08,22.263674932713755,84.91001471812028,0.126,-1.733,0.11,0.603,-0.159,105.0,19,0.0000,0.00
16:52:08,22.263674932713755,84.91001471812028,0.157,-1.741,0.11,0.603,-0.159,106.4,19,0.0000,0.00
16:52:09,22.263674932713755,84.91001471812028,0.172,-1.737,0.11,0.511,-0.085,109.7,19,0.0043,0.00
16:52:09,22.263674932713755,84.91001471812028,0.198,-1.741,0.11,0.511,-0.085,111.5,19,0.0043,0.00
16:52:09,22.263674932713755,84.91001471812028,0.223,-1.745,0.11,0.511,-0.085,111.5,21,0.0000,0.00
16:52:09,22.263674932713755,84.91001471812028,0.249,-1.749,0.11,0.511,-0.085,113.4,21,0.0000,0.00
16:52:09,22.263674932713755,84.91001471812028,0.268,-1.744,0.11,0.474,-0.036,117.6,21,0.0040,0.00
16:52:09,22.263674932713755,84.91001471812028,0.292,-1.746,0.11,0.474,-0.036,119.9,21,0.0040,0.00
16:52:09,22.263674932713755,84.91001471812028,0.316,-1.748,0.13,0.474,-0.036,119.9,21,0.0000,0.00
16:52:09,22.263674932713755,84.91001471812028,0.340,-1.750,0.13,0.474,-0.036,122.3,21,0.0000,0.00
16:52:09,22.263674932713755,84.91001471812028,0.367,-1.745,0.13,0.492,-0.002,124.9,21,0.0044,0.00
16:52:09,22.263674932713755,84.91001471812028,0.392,-1.745,0.13,0.492,-0.002,130.6,21,0.0044,0.00
16:52:09,22.263674932713755,84.91001471812028,0.419,-1.745,0.13,0.503,-0.005,133.6,22,0.0038,0.00
16:52:09,22.263674932713755,84.91001471812028,0.444,-1.746,0.13,0.503,-0.005,133.6,22,0.0000,0.00
16:52:09,22.263674932713755,84.91001471812028,0.468,-1.740,0.13,0.492,0.031,136.7,22,0.0044,0.00
16:52:09,22.263674932713755,84.91001471812028,0.493,-1.738,0.13,0.492,0.031,142.9,22,0.0044,0.00
16:52:09,22.263674932713755,84.91001471812028,0.515,-1.737,0.13,0.476,0.025,146.1,22,0.0042,0.00
16:52:09,22.263674932713755,84.91001471812028,0.539,-1.736,0.13,0.476,0.025,146.1,22,0.0000,0.00
16:52:09,22.263674932713755,84.91001471812028,0.562,-1.735,0.13,0.468,0.025,149.3,22,0.0042,0.00
16:52:09,22.263674932713755,84.91001471812028,0.585,-1.734,0.13,0.468,0.025,156.0,22,0.0042,0.00
16:52:09,22.263674932713755,84.91001471812028,0.609,-1.732,0.13,0.468,0.025,156.0,22,0.0042,0.00
16:52:09,22.263674932713755,84.91001471812028,0.632,-1.731,0.13,0.468,0.025,159.3,22,0.0000,0.00
16:52:10,22.263674932713755,84.91001471812028,0.656,-1.730,0.13,0.468,0.025,165.7,22,0.0000,0.00
16:52:10,22.263674932713755,84.91001471812028,0.672,-1.722,0.13,0.430,0.058,168.6,22,0.0043,0.00
16:52:10,22.263674932713755,84.91001471812028,0.694,-1.719,0.13,0.430,0.058,171.0,22,0.0043,0.00
16:52:10,22.263674932713755,84.91001471812028,0.710,-1.708,0.15,0.403,0.101,171.0,22,0.0041,0.00
16:52:10,22.263674932713755,84.91001471812028,0.731,-1.703,0.15,0.403,0.101,174.5,22,0.0000,0.00
16:52:10,22.263674932713755,84.91001471812028,0.744,-1.691,0.15,0.364,0.138,175.8,22,0.0035,0.00
16:52:10,22.263674932713755,84.91001471812028,0.762,-1.685,0.15,0.364,0.138,176.9,22,0.0035,0.00
16:52:10,22.263674932713755,84.91001471812028,0.775,-1.671,0.14,0.327,0.179,176.9,22,0.0032,0.00
16:52:10,22.263674932713755,84.91001471812028,0.791,-1.662,0.14,0.327,0.179,177.6,22,0.0000,0.00
16:52:10,22.263674932713755,84.91001471812028,0.803,-1.649,0.14,0.294,0.203,177.9,22,0.0029,0.00
16:52:10,22.263674932713755,84.91001471812028,0.818,-1.639,0.14,0.294,0.203,177.1,22,0.0029,0.00
16:52:10,22.263674932713755,84.91001471812028,0.824,-1.621,0.14,0.236,0.252,177.1,22,0.0032,0.00
16:52:10,22.263674932713755,84.91001471812028,0.836,-1.609,0.14,0.236,0.252,173.6,22,0.0000,0.00
16:52:10,22.263674932713755,84.91001471812028,0.848,-1.596,0.14,0.236,0.252,171.4,22,0.0000,0.00
16:52:10,22.263674932713755,84.91001471812028,0.848,-1.575,0.14,0.162,0.303,169.2,22,0.0034,0.00
16:52:10,22.263674932713755,84.91001471812028,0.856,-1.560,0.14,0.162,0.303,169.2,22,0.0034,0.00
16:52:10,22.263674932713755,84.91001471812028,0.864,-1.545,0.13,0.162,0.303,167.2,22,0.0000,0.00
16:52:10,22.263674932713755,84.91001471812028,0.872,-1.529,0.13,0.162,0.303,163.4,22,0.0000,0.00
16:52:10,22.263674932713755,84.91001471812028,0.871,-1.512,0.13,0.112,0.316,161.7,22,0.0030,0.00
16:52:10,22.263674932713755,84.91001471812028,0.877,-1.496,0.13,0.112,0.316,160.4,22,0.0030,0.00
16:52:11,22.263674932713755,84.91001471812028,0.882,-1.480,0.14,0.112,0.316,160.4,23,0.0000,0.00
16:52:11,22.263674932713755,84.91001471812028,0.888,-1.464,0.14,0.112,0.316,159.1,23,0.0000,0.00
16:52:11,22.263674932713755,84.91001471812028,0.900,-1.452,0.14,0.142,0.294,159.2,23,0.0027,0.00
16:52:11,22.263674932713755,84.91001471812028,0.907,-1.437,0.14,0.142,0.294,159.6,23,0.0027,0.00
16:52:11,22.263674932713755,84.91001471812028,0.914,-1.423,0.14,0.142,0.294,159.6,23,0.0000,0.00
16:52:11,22.263674932713755,84.91001471812028,0.921,-1.408,0.14,0.142,0.294,161.1,23,0.0000,0.00
16:52:11,22.263674932713755,84.91001471812028,0.936,-1.398,0.14,0.178,0.270,162.2,23,0.0029,0.00
16:52:11,22.263674932713755,84.91001471812028,0.945,-1.384,0.14,0.178,0.270,163.6,23,0.0029,0.00
16:52:11,22.263674932713755,84.91001471812028,0.959,-1.372,0.12,0.204,0.263,163.6,23,0.0030,0.00
16:52:11,22.263674932713755,84.91001471812028,0.970,-1.359,0.12,0.204,0.263,167.7,23,0.0000,0.00
16:52:11,22.263674932713755,84.91001471812028,0.988,-1.354,0.12,0.247,0.217,170.5,23,0.0033,0.00
16:52:11,22.263674932713755,84.91001471812028,1.000,-1.343,0.12,0.247,0.217,173.8,23,0.0033,0.00
16:52:11,22.263674932713755,84.91001471812028,1.019,-1.346,0.12,0.288,0.134,173.8,23,0.0035,0.00
16:52:11,22.263674932713755,84.91001471812028,1.034,-1.339,0.13,0.288,0.134,-179.1,23,0.0000,0.00
16:52:11,22.263674932713755,84.91001471812028,1.048,-1.332,0.13,0.288,0.134,-175.4,23,0.0000,0.00
16:52:11,22.263674932713755,84.91001471812028,1.063,-1.340,0.13,0.286,0.044,-171.8,23,0.0031,0.00
16:52:11,22.263674932713755,84.91001471812028,1.077,-1.338,0.13,0.286,0.044,-171.8,23,0.0031,0.00
16:52:11,22.263674932713755,84.91001471812028,1.091,-1.336,0.13,0.286,0.044,-164.5,23,0.0000,0.00
16:52:11,22.263674932713755,84.91001471812028,1.106,-1.334,0.13,0.286,0.044,-161.0,23,0.0000,0.00
16:52:11,22.263674932713755,84.91001471812028,1.120,-1.336,0.13,0.287,0.020,-157.6,23,0.0028,0.00
16:52:12,22.263674932713755,84.91001471812028,1.135,-1.335,0.13,0.287,0.020,-157.6,23,0.0028,0.00
16:52:12,22.263674932713755,84.91001471812028,1.150,-1.336,0.12,0.289,0.007,-150.7,24,0.0027,0.00
16:52:12,22.263674932713755,84.91001471812028,1.164,-1.336,0.12,0.289,0.007,-147.2,24,0.0000,0.00
16:52:12,22.263674932713755,84.91001471812028,1.181,-1.332,0.12,0.301,0.027,-143.9,24,0.0025,0.00
16:52:12,22.263674932713755,84.91001471812028,1.196,-1.331,0.12,0.301,0.027,-143.9,24,0.0025,0.00
16:52:12,22.263674932713755,84.91001471812028,1.213,-1.326,0.12,0.311,0.051,-138.4,24,0.0032,0.00
16:52:12,22.263674932713755,84.91001471812028,1.229,-1.323,0.12,0.311,0.051,-136.1,24,0.0000,0.00
16:52:12,22.263674932713755,84.91001471812028,1.244,-1.321,0.12,0.311,0.051,-134.2,24,0.0000,0.00
16:52:12,22.263674932713755,84.91001471812028,1.265,-1.312,0.12,0.341,0.085,-134.2,24,0.0037,0.00
16:52:12,22.263674932713755,84.91001471812028,1.284,-1.304,0.12,0.353,0.114,-131.5,24,0.0040,0.00
16:52:12,22.263674932713755,84.91001471812028,1.302,-1.298,0.12,0.353,0.114,-130.5,24,0.0000,0.00
16:52:12,22.263674932713755,84.91001471812028,1.320,-1.292,0.12,0.353,0.114,-129.8,24,0.0000,0.00
16:52:12,22.263674932713755,84.91001471812028,1.334,-1.275,0.12,0.331,0.187,-129.8,24,0.0041,0.00
16:52:12,22.263674932713755,84.91001471812028,1.351,-1.266,0.12,0.331,0.187,-129.9,24,0.0041,0.00
16:52:12,22.263674932713755,84.91001471812028,1.367,-1.256,0.12,0.331,0.187,-130.5,24,0.0000,0.00
16:52:12,22.263674932713755,84.91001471812028,1.384,-1.247,0.12,0.331,0.187,-132.6,24,0.0000,0.00
16:52:12,22.263674932713755,84.91001471812028,1.399,-1.227,0.12,0.319,0.241,-132.6,24,0.0045,0.00
16:52:12,22.263674932713755,84.91001471812028,1.415,-1.215,0.12,0.319,0.241,-133.9,24,0.0045,0.00
16:52:12,22.263674932713755,84.91001471812028,1.430,-1.196,0.12,0.316,0.278,-135.3,25,0.0050,0.00
16:52:13,22.263674932713755,84.91001471812028,1.446,-1.182,0.12,0.316,0.278,-138.1,25,0.0000,0.00
16:52:13,22.263674932713755,84.91001471812028,1.460,-1.165,0.12,0.304,0.298,-138.1,25,0.0045,0.00
16:52:13,22.263674932713755,84.91001471812028,1.476,-1.150,0.12,0.304,0.298,-139.3,25,0.0045,0.00
16:52:13,22.263674932713755,84.91001471812028,1.494,-1.138,0.11,0.322,0.279,-140.1,25,0.0043,0.00
16:52:13,22.263674932713755,84.91001471812028,1.510,-1.124,0.11,0.322,0.279,-140.5,25,0.0000,0.00
16:52:13,22.263674932713755,84.91001471812028,1.526,-1.110,0.11,0.322,0.279,-140.5,25,0.0000,0.00
16:52:13,22.263674932713755,84.91001471812028,1.544,-1.103,0.11,0.331,0.236,-140.5,25,0.0039,0.00
16:52:13,22.263674932713755,84.91001471812028,1.561,-1.091,0.09,0.331,0.236,-140.2,25,0.0039,0.00
16:52:13,22.263674932713755,84.91001471812028,1.577,-1.079,0.09,0.331,0.236,-139.5,25,0.0000,0.00
16:52:13,22.263674932713755,84.91001471812028,1.594,-1.067,0.09,0.331,0.236,-137.4,25,0.0000,0.00
16:52:13,22.263674932713755,84.91001471812028,1.608,-1.071,0.09,0.314,0.149,-137.4,25,0.0028,0.00
16:52:13,22.263674932713755,84.91001471812028,1.623,-1.064,0.09,0.314,0.149,-136.2,25,0.0028,0.00
16:52:13,22.263674932713755,84.91001471812028,1.639,-1.056,0.09,0.314,0.149,-134.8,28,0.0000,0.00
16:52:13,22.263674932713755,84.91001471812028,1.655,-1.049,0.09,0.314,0.149,-131.5,28,0.0000,0.00
16:52:13,22.263674932713755,84.91001471812028,1.674,-1.057,0.09,0.330,0.076,-131.5,28,0.0029,0.00
16:52:13,22.263674932713755,84.91001471812028,1.691,-1.053,0.09,0.330,0.076,-129.5,28,0.0029,0.00
16:52:13,22.263674932713755,84.91001471812028,1.704,-1.058,0.10,0.313,0.029,-124.0,28,0.0027,0.00
16:52:13,22.263674932713755,84.91001471812028,1.720,-1.056,0.10,0.313,0.029,-124.0,28,0.0000,0.00
16:52:13,22.263674932713755,84.91001471812028,1.731,-1.065,0.10,0.286,-0.030,-120.8,28,0.0022,0.00
16:52:13,22.263674932713755,84.91001471812028,1.746,-1.067,0.10,0.286,-0.030,-114.1,28,0.0022,0.00
16:52:14,22.263674932713755,84.91001471812028,1.760,-1.068,0.11,0.286,-0.030,-110.7,27,0.0022,0.00
16:52:14,22.263674932713755,84.91001471812028,1.774,-1.070,0.11,0.286,-0.030,-110.7,27,0.0000,0.00
16:52:14,22.263674932713755,84.91001471812028,1.789,-1.071,0.11,0.286,-0.030,-107.4,27,0.0000,0.00
16:52:14,22.263674932713755,84.91001471812028,1.792,-1.081,0.11,0.229,-0.068,-101.0,27,0.0017,0.00
16:52:14,22.263674932713755,84.91001471812028,1.803,-1.084,0.11,0.229,-0.068,-101.0,27,0.0017,0.00
16:52:14,22.263674932713755,84.91001471812028,1.815,-1.088,0.11,0.229,-0.068,-98.1,27,0.0000,0.00
16:52:14,22.263674932713755,84.91001471812028,1.826,-1.091,0.11,0.229,-0.068,-95.3,27,0.0000,0.00
16:52:14,22.263674932713755,84.91001471812028,1.846,-1.098,0.11,0.265,-0.082,-90.5,27,0.0033,0.00
16:52:14,22.263674932713755,84.91001471812028,1.859,-1.102,0.11,0.265,-0.082,-90.5,27,0.0033,0.00
16:52:14,22.263674932713755,84.91001471812028,1.883,-1.098,0.11,0.317,-0.045,-88.6,28,0.0038,0.00
16:52:14,22.263674932713755,84.91001471812028,1.899,-1.101,0.11,0.317,-0.045,-87.0,28,0.0000,0.00
16:52:14,22.263674932713755,84.91001471812028,1.923,-1.102,0.11,0.365,-0.038,-85.1,28,0.0044,0.00
16:52:14,22.263674932713755,84.91001471812028,1.942,-1.104,0.11,0.365,-0.038,-85.1,28,0.0044,0.00
16:52:14,22.263674932713755,84.91001471812028,1.960,-1.106,0.11,0.365,-0.038,-84.7,28,0.0044,0.00
16:52:14,22.263674932713755,84.91001471812028,1.978,-1.108,0.11,0.365,-0.038,-84.6,28,0.0000,0.00
16:52:14,22.263674932713755,84.91001471812028,1.997,-1.109,0.11,0.365,-0.038,-85.2,28,0.0000,0.00
16:52:14,22.263674932713755,84.91001471812028,2.021,-1.111,0.11,0.392,-0.036,-85.2,28,0.0044,0.00
16:52:14,22.263674932713755,84.91001471812028,2.041,-1.113,0.11,0.392,-0.036,-86.0,28,0.0044,0.00
16:52:14,22.263674932713755,84.91001471812028,2.060,-1.114,0.11,0.392,-0.036,-87.1,28,0.0000,0.00
16:52:14,22.263674932713755,84.91001471812028,2.080,-1.116,0.11,0.392,-0.036,-90.0,28,0.0000,0.00
16:52:15,22.263674932713755,84.91001471812028,2.104,-1.114,0.11,0.413,-0.016,-90.0,28,0.0044,0.00
16:52:15,22.263674932713755,84.91001471812028,2.125,-1.115,0.12,0.413,-0.016,-91.4,28,0.0044,0.00
16:52:15,22.263674932713755,84.91001471812028,2.146,-1.115,0.12,0.413,-0.016,-94.3,28,0.0000,0.00
16:52:15,22.263674932713755,84.91001471812028,2.167,-1.116,0.12,0.413,-0.016,-96.0,28,0.0000,0.00
16:52:15,22.263674932713755,84.91001471812028,2.193,-1.109,0.12,0.437,0.020,-96.0,28,0.0047,0.00
16:52:15,22.263674932713755,84.91001471812028,2.215,-1.108,0.12,0.437,0.020,-97.8,28,0.0047,0.00
16:52:15,22.263674932713755,84.91001471812028,2.237,-1.107,0.12,0.437,0.020,-100.7,28,0.0000,0.00
16:52:15,22.263674932713755,84.91001471812028,2.259,-1.106,0.12,0.437,0.020,-101.7,28,0.0000,0.00
16:52:15,22.263674932713755,84.91001471812028,2.281,-1.096,0.12,0.437,0.060,-101.7,28,0.0046,0.00
16:52:15,22.263674932713755,84.91001471812028,2.303,-1.093,0.12,0.437,0.060,-102.4,28,0.0046,0.00
16:52:15,22.263674932713755,84.91001471812028,2.325,-1.090,0.10,0.437,0.060,-102.5,28,0.0036,0.00
16:52:15,22.263674932713755,84.91001471812028,2.347,-1.087,0.10,0.437,0.060,-102.2,28,0.0000,0.00
16:52:15,22.263674932713755,84.91001471812028,2.369,-1.084,0.10,0.437,0.060,-101.8,28,0.0000,0.00
16:52:15,22.263674932713755,84.91001471812028,2.392,-1.101,0.10,0.441,-0.023,-101.8,28,0.0044,0.00
16:52:15,22.263674932713755,84.91001471812028,2.415,-1.102,0.09,0.441,-0.023,-101.4,28,0.0044,0.00
16:52:15,22.263674932713755,84.91001471812028,2.437,-1.103,0.09,0.441,-0.023,-101.3,28,0.0000,0.00
16:52:15,22.263674932713755,84.91001471812028,2.459,-1.104,0.09,0.441,-0.023,-101.2,28,0.0000,0.00
16:52:15,22.263674932713755,84.91001471812028,2.491,-1.112,0.09,0.480,-0.052,-101.2,28,0.0048,0.00
16:52:15,22.263674932713755,84.91001471812028,2.515,-1.115,0.09,0.480,-0.052,-101.2,28,0.0048,0.00
16:52:15,22.263674932713755,84.91001471812028,2.539,-1.118,0.09,0.480,-0.052,-101.3,28,0.0000,0.00
16:52:16,22.263674932713755,84.91001471812028,2.563,-1.120,0.09,0.480,-0.052,-101.5,28,0.0000,0.00
16:52:16,22.263674932713755,84.91001471812028,2.591,-1.124,0.09,0.493,-0.058,-101.5,28,0.0052,0.00
16:52:16,22.263674932713755,84.91001471812028,2.616,-1.127,0.10,0.493,-0.058,-101.8,28,0.0052,0.00
16:52:16,22.263674932713755,84.91001471812028,2.641,-1.130,0.10,0.493,-0.058,-103.2,28,0.0000,0.00
16:52:16,22.263674932713755,84.91001471812028,2.665,-1.133,0.10,0.493,-0.058,-104.4,28,0.0000,0.00
16:52:16,22.263674932713755,84.91001471812028,2.673,-1.116,0.10,0.417,0.028,-104.4,28,0.0039,0.00
16:52:16,22.263674932713755,84.91001471812028,2.694,-1.115,0.13,0.417,0.028,-105.7,28,0.0039,0.00
16:52:16,22.263674932713755,84.91001471812028,2.715,-1.114,0.13,0.417,0.028,-108.0,28,0.0039,0.00
16:52:16,22.263674932713755,84.91001471812028,2.736,-1.112,0.13,0.417,0.028,-109.4,28,0.0000,0.00
16:52:16,22.263674932713755,84.91001471812028,2.757,-1.111,0.13,0.417,0.028,-110.9,28,0.0000,0.00
16:52:16,22.263674932713755,84.91001471812028,2.756,-1.099,0.13,0.324,0.073,-110.9,28,0.0035,0.00
16:52:16,22.263674932713755,84.91001471812028,2.766,-1.091,0.13,0.294,0.092,-114.5,28,0.0032,0.00
16:52:16,22.263674932713755,84.91001471812028,2.781,-1.086,0.13,0.294,0.092,-116.4,28,0.0032,0.00
16:52:16,22.263674932713755,84.91001471812028,2.795,-1.081,0.13,0.294,0.092,-118.6,28,0.0000,0.00
16:52:16,22.263674932713755,84.91001471812028,2.804,-1.074,0.13,0.258,0.108,-118.6,28,0.0029,0.00
16:52:16,22.263674932713755,84.91001471812028,2.817,-1.068,0.13,0.258,0.108,-123.3,28,0.0029,0.00
16:52:16,22.263674932713755,84.91001471812028,2.826,-1.059,0.13,0.239,0.132,-125.8,28,0.0030,0.00
16:52:16,22.263674932713755,84.91001471812028,2.838,-1.052,0.13,0.239,0.132,-128.5,28,0.0030,0.00
16:52:16,22.263674932713755,84.91001471812028,2.850,-1.045,0.13,0.239,0.132,-131.2,28,0.0000,0.00
16:52:16,22.263674932713755,84.91001471812028,2.858,-1.035,0.14,0.216,0.152,-131.2,28,0.0030,0.00
16:52:17,22.263674932713755,84.91001471812028,2.869,-1.027,0.14,0.216,0.152,-136.4,28,0.0030,0.00
16:52:17,22.263674932713755,84.91001471812028,2.876,-1.017,0.14,0.191,0.169,-138.7,28,0.0030,0.00
16:52:17,22.263674932713755,84.91001471812028,2.886,-1.008,0.14,0.191,0.169,-140.8,28,0.0030,0.00
16:52:17,22.263674932713755,84.91001471812028,2.895,-1.000,0.14,0.191,0.169,-140.8,28,0.0000,0.00
16:52:17,22.263674932713755,84.91001471812028,2.910,-0.995,0.14,0.221,0.147,-143.8,28,0.0032,0.00
16:52:17,22.263674932713755,84.91001471812028,2.925,-0.990,0.14,0.243,0.130,-144.8,28,0.0029,0.00
16:52:17,22.263674932713755,84.91001471812028,2.937,-0.984,0.14,0.243,0.130,-145.5,28,0.0029,0.00
16:52:17,22.263674932713755,84.91001471812028,2.949,-0.977,0.13,0.243,0.130,-145.5,28,0.0000,0.00
16:52:17,22.263674932713755,84.91001471812028,2.962,-0.971,0.13,0.243,0.130,-145.9,28,0.0000,0.00
16:52:17,22.263674932713755,84.91001471812028,2.978,-0.971,0.13,0.264,0.092,-145.8,28,0.0024,0.00
16:52:17,22.263674932713755,84.91001471812028,2.991,-0.966,0.13,0.264,0.092,-145.3,28,0.0024,0.00
16:52:17,22.263674932713755,84.91001471812028,3.007,-0.965,0.13,0.283,0.071,-143.6,28,0.0027,0.00
16:52:17,22.263674932713755,84.91001471812028,3.022,-0.961,0.13,0.283,0.071,-143.6,28,0.0000,0.00
16:52:17,22.263674932713755,84.91001471812028,3.038,-0.965,0.13,0.298,0.025,-142.0,28,0.0029,0.00
16:52:17,22.263674932713755,84.91001471812028,3.053,-0.964,0.13,0.298,0.025,-139.7,28,0.0029,0.00
16:52:17,22.263674932713755,84.91001471812028,3.067,-0.976,0.13,0.286,-0.060,-133.1,28,0.0032,0.00
16:52:17,22.263674932713755,84.91001471812028,3.081,-0.979,0.13,0.286,-0.060,-133.1,28,0.0032,0.00
16:52:17,22.263674932713755,84.91001471812028,3.095,-0.982,0.13,0.286,-0.060,-129.6,28,0.0000,0.00
16:52:17,22.263674932713755,84.91001471812028,3.100,-0.998,0.13,0.222,-0.142,-126.3,28,0.0034,0.00
16:52:18,22.263674932713755,84.91001471812028,3.111,-1.005,0.13,0.222,-0.142,-123.3,28,0.0034,0.00
16:52:18,22.263674932713755,84.91001471812028,3.115,-1.017,0.13,0.177,-0.166,-123.3,28,0.0026,0.00
16:52:18,22.263674932713755,84.91001471812028,3.125,-1.022,0.13,0.184,-0.150,-118.1,28,0.0024,0.00
16:52:18,22.263674932713755,84.91001471812028,3.134,-1.030,0.13,0.184,-0.150,-115.8,28,0.0000,0.00
16:52:18,22.263674932713755,84.91001471812028,3.149,-1.034,0.13,0.222,-0.124,-113.5,28,0.0027,0.00
16:52:18,22.263674932713755,84.91001471812028,3.160,-1.040,0.13,0.222,-0.124,-109.8,28,0.0027,0.00
16:52:18,22.263674932713755,84.91001471812028,3.178,-1.044,0.13,0.272,-0.106,-109.8,28,0.0032,0.00
16:52:18,22.263674932713755,84.91001471812028,3.192,-1.049,0.13,0.272,-0.106,-108.9,28,0.0000,0.00
16:52:18,22.263674932713755,84.91001471812028,3.206,-1.055,0.13,0.272,-0.106,-108.7,28,0.0000,0.00
16:52:18,22.263674932713755,84.91001471812028,3.226,-1.041,0.13,0.319,0.015,-109.3,27,0.0041,0.00
16:52:18,22.263674932713755,84.91001471812028,3.243,-1.034,0.13,0.324,0.058,-109.3,27,0.0038,0.00
16:52:18,22.263674932713755,84.91001471812028,3.260,-1.031,0.13,0.324,0.058,-110.0,27,0.0038,0.00
16:52:18,22.263674932713755,84.91001471812028,3.276,-1.028,0.13,0.324,0.058,-111.0,27,0.0000,0.00
16:52:18,22.263674932713755,84.91001471812028,3.290,-1.020,0.12,0.305,0.092,-113.8,27,0.0034,0.00
16:52:18,22.263674932713755,84.91001471812028,3.305,-1.016,0.12,0.305,0.092,-113.8,27,0.0034,0.00
16:52:18,22.263674932713755,84.91001471812028,3.316,-1.009,0.12,0.278,0.105,-115.6,27,0.0032,0.00
16:52:18,22.263674932713755,84.91001471812028,3.330,-1.004,0.12,0.278,0.105,-117.7,27,0.0032,0.00
16:52:18,22.263674932713755,84.91001471812028,3.344,-0.998,0.12,0.278,0.105,-122.5,27,0.0000,0.00
16:52:18,22.263674932713755,84.91001471812028,3.351,-0.991,0.12,0.234,0.115,-122.5,27,0.0029,0.00
16:52:18,22.263674932713755,84.91001471812028,3.363,-0.986,0.12,0.234,0.115,-122.5,27,0.0029,0.00
16:52:18,22.263674932713755,84.91001471812028,3.372,-0.976,0.12,0.217,0.137,-128.2,27,0.0036,0.00
16:52:19,22.263674932713755,84.91001471812028,3.383,-0.966,0.12,0.216,0.159,-131.3,27,0.0035,0.00
16:52:19,22.263674932713755,84.91001471812028,3.394,-0.958,0.12,0.216,0.159,-137.2,27,0.0000,0.00
16:52:19,22.263674932713755,84.91001471812028,3.401,-0.949,0.12,0.192,0.168,-137.2,27,0.0031,0.00
16:52:19,22.263674932713755,84.91001471812028,3.411,-0.940,0.12,0.192,0.168,-140.0,27,0.0031,0.00
16:52:19,22.263674932713755,84.91001471812028,3.418,-0.929,0.12,0.174,0.186,-142.8,27,0.0034,0.00
16:52:19,22.263674932713755,84.91001471812028,3.424,-0.919,0.12,0.152,0.190,-148.5,27,0.0033,0.00
16:52:19,22.263674932713755,84.91001471812028,3.432,-0.910,0.12,0.152,0.190,-148.5,27,0.0000,0.00
16:52:19,22.263674932713755,84.91001471812028,3.436,-0.901,0.12,0.127,0.185,-151.1,27,0.0026,0.00
16:52:19,22.263674932713755,84.91001471812028,3.447,-0.894,0.12,0.159,0.167,-153.3,27,0.0028,0.00
16:52:19,22.263674932713755,84.91001471812028,3.455,-0.885,0.11,0.159,0.167,-155.9,27,0.0028,0.00
16:52:19,22.263674932713755,84.91001471812028,3.463,-0.877,0.11,0.159,0.167,-156.4,27,0.0000,0.00
16:52:19,22.263674932713755,84.91001471812028,3.475,-0.876,0.11,0.189,0.113,-156.4,27,0.0028,0.00
16:52:19,22.263674932713755,84.91001471812028,3.485,-0.870,0.11,0.189,0.113,-156.6,27,0.0028,0.00
16:52:19,22.263674932713755,84.91001471812028,3.493,-0.870,0.10,0.181,0.075,-156.6,27,0.0023,0.00
16:52:19,22.263674932713755,84.91001471812028,3.492,-0.870,0.10,0.108,0.045,-156.7,27,0.0019,0.00
16:52:19,22.263674932713755,84.91001471812028,3.497,-0.868,0.10,0.108,0.045,-156.7,27,0.0000,0.00
16:52:19,22.263674932713755,84.91001471812028,3.496,-0.868,0.10,0.059,0.026,-156.5,27,0.0017,0.00
16:52:19,22.263674932713755,84.91001471812028,3.499,-0.867,0.10,0.059,0.026,-156.2,27,0.0017,0.00
16:52:19,22.263674932713755,84.91001471812028,3.499,-0.867,0.10,0.032,0.015,-155.6,28,0.0021,0.00
16:52:20,22.263674932713755,84.91001471812028,3.499,-0.867,0.10,0.019,0.010,-155.6,28,0.0013,0.00
16:52:20,22.263674932713755,84.91001471812028,3.500,-0.867,0.10,0.019,0.010,-155.2,28,0.0000,0.00
16:52:20,22.263674932713755,84.91001471812028,3.500,-0.867,0.10,0.011,0.006,-154.3,28,0.0016,0.00
16:52:20,22.263674932713755,84.91001471812028,3.500,-0.866,0.08,0.011,0.006,-153.6,28,0.0016,0.00
16:52:20,22.263674932713755,84.91001471812028,3.500,-0.866,0.08,0.007,0.004,-153.6,28,0.0013,0.00
16:52:20,22.263674932713755,84.91001471812028,3.500,-0.866,0.08,0.004,0.003,-152.8,28,0.0014,0.00
16:52:20,22.263674932713755,84.91001471812028,3.500,-0.866,0.08,0.004,0.003,-151.0,28,0.0000,0.00
16:52:20,22.263674932713755,84.91001471812028,3.500,-0.866,0.07,0.003,0.002,-150.0,28,0.0011,0.00
16:52:20,22.263674932713755,84.91001471812028,3.500,-0.866,0.07,0.001,0.001,-150.0,28,0.0015,0.00
16:52:20,22.263674932713755,84.91001471812028,3.500,-0.866,0.07,0.001,0.001,-149.1,28,0.0015,0.00
16:52:20,22.263674932713755,84.91001471812028,3.501,-0.866,0.07,0.001,0.001,-147.6,28,0.0000,0.00
16:52:20,22.263674932713755,84.91001471812028,3.500,-0.866,0.07,0.000,-0.000,-146.9,28,0.0013,0.00
16:52:20,22.263674932713755,84.91001471812028,3.501,-0.866,0.07,0.000,-0.000,-146.9,28,0.0013,0.00
16:52:20,22.263674932713755,84.91001471812028,3.501,-0.866,0.07,0.000,-0.001,-145.7,28,0.0011,0.00
16:52:20,22.263674932713755,84.91001471812028,3.501,-0.866,0.07,0.000,-0.002,-145.2,28,0.0018,0.00
16:52:20,22.263674932713755,84.91001471812028,3.501,-0.867,0.06,0.000,-0.002,-144.7,28,0.0000,0.00
16:52:20,22.263674932713755,84.91001471812028,3.501,-0.867,0.06,0.001,-0.002,-144.7,28,0.0013,0.00
16:52:20,22.263674932713755,84.91001471812028,3.501,-0.867,0.06,0.001,-0.002,-143.8,28,0.0013,0.00
16:52:20,22.263674932713755,84.91001471812028,3.501,-0.867,0.06,0.001,-0.002,-143.8,28,0.0011,0.00
16:52:20,22.263674932713755,84.91001471812028,3.501,-0.867,0.06,0.001,-0.001,-143.1,28,0.0013,0.00
16:52:21,22.263674932713755,84.91001471812028,3.501,-0.867,0.10,0.001,-0.001,-143.1,28,0.0000,0.00
16:52:21,22.263674932713755,84.91001471812028,3.501,-0.867,0.10,0.001,-0.001,-142.8,28,0.0020,0.00
16:52:21,22.263674932713755,84.91001471812028,3.501,-0.867,0.10,0.001,-0.001,-142.8,28,0.0020,0.00
16:52:21,22.263674932713755,84.91001471812028,3.501,-0.867,0.10,0.001,-0.000,-142.8,28,0.0024,0.00
16:52:21,22.263674932713755,84.91001471812028,3.501,-0.867,0.10,-0.000,-0.000,-142.8,28,0.0022,0.00
16:52:21,22.263674932713755,84.91001471812028,3.501,-0.867,0.10,-0.000,-0.000,-143.2,28,0.0000,0.00
16:52:21,22.263674932713755,84.91001471812028,3.501,-0.867,0.10,-0.001,-0.000,-143.4,28,0.0017,0.00
16:52:21,22.263674932713755,84.91001471812028,3.501,-0.867,0.10,-0.001,-0.000,-143.7,28,0.0015,0.00
16:52:21,22.263674932713755,84.91001471812028,3.501,-0.867,0.10,-0.001,-0.000,-144.0,28,0.0015,0.00
16:52:21,22.263674932713755,84.91001471812028,3.500,-0.867,0.10,-0.001,-0.000,-144.0,28,0.0000,0.00
16:52:21,22.263674932713755,84.91001471812028,3.500,-0.867,0.10,-0.001,-0.000,-145.1,28,0.0000,0.00
16:52:21,22.263674932713755,84.91001471812028,3.500,-0.867,0.10,-0.001,-0.000,-146.0,28,0.0013,0.00
16:52:21,22.263674932713755,84.91001471812028,3.500,-0.867,0.10,-0.001,-0.000,-146.9,28,0.0015,0.00
16:52:21,22.263674932713755,84.91001471812028,3.500,-0.867,0.10,-0.001,-0.000,-146.9,28,0.0015,0.00
16:52:21,22.263674932713755,84.91001471812028,3.500,-0.867,0.10,-0.001,-0.000,-149.1,28,0.0000,0.00
16:52:21,22.263674932713755,84.91001471812028,3.500,-0.867,0.10,-0.000,-0.000,-150.3,28,0.0016,0.00
16:52:21,22.263674932713755,84.91001471812028,3.500,-0.867,0.10,-0.000,-0.000,-150.3,28,0.0016,0.00
16:52:21,22.263674932713755,84.91001471812028,3.500,-0.867,0.10,-0.001,-0.000,-152.9,28,0.0013,0.00
16:52:21,22.263674932713755,84.91001471812028,3.502,-0.863,0.10,0.014,0.029,-152.9,28,0.0017,0.00
16:52:21,22.263674932713755,84.91001471812028,3.503,-0.861,0.10,0.014,0.029,-155.6,28,0.0000,0.00
16:52:22,22.263674932713755,84.91001471812028,3.506,-0.855,0.10,0.028,0.064,-155.6,28,0.0020,0.00
16:52:22,22.263674932713755,84.91001471812028,3.507,-0.852,0.10,0.028,0.064,-158.2,28,0.0020,0.00
16:52:22,22.263674932713755,84.91001471812028,3.509,-0.845,0.10,0.032,0.086,-159.2,28,0.0024,0.00
16:52:22,22.263674932713755,84.91001471812028,3.511,-0.841,0.10,0.032,0.086,-160.0,28,0.0000,0.00
16:52:22,22.263674932713755,84.91001471812028,3.518,-0.836,0.10,0.074,0.090,-160.0,28,0.0021,0.00
16:52:22,22.263674932713755,84.91001471812028,3.522,-0.832,0.10,0.074,0.090,-160.6,28,0.0021,0.00
16:52:22,22.263674932713755,84.91001471812028,3.529,-0.827,0.10,0.094,0.092,-160.7,28,0.0017,0.00
16:52:22,22.263674932713755,84.91001471812028,3.533,-0.822,0.10,0.094,0.092,-160.6,28,0.0017,0.00
16:52:22,22.263674932713755,84.91001471812028,3.538,-0.818,0.10,0.094,0.092,-160.1,28,0.0000,0.00
16:52:22,22.263674932713755,84.91001471812028,3.543,-0.813,0.10,0.094,0.092,-160.1,28,0.0000,0.00
16:52:22,22.263674932713755,84.91001471812028,3.549,-0.811,0.10,0.105,0.075,-159.8,28,0.0015,0.00
16:52:22,22.263674932713755,84.91001471812028,3.556,-0.808,0.10,0.110,0.071,-159.6,28,0.0015,0.00
16:52:22,22.263674932713755,84.91001471812028,3.563,-0.803,0.10,0.120,0.080,-159.1,28,0.0017,0.00
16:52:22,22.263674932713755,84.91001471812028,3.569,-0.799,0.10,0.120,0.080,-159.1,28,0.0000,0.00
16:52:22,22.263674932713755,84.91001471812028,3.570,-0.794,0.09,0.086,0.091,-158.6,28,0.0016,0.00
16:52:22,22.263674932713755,84.91001471812028,3.574,-0.789,0.09,0.086,0.091,-158.0,28,0.0016,0.00
16:52:22,22.263674932713755,84.91001471812028,3.576,-0.785,0.09,0.064,0.089,-157.3,28,0.0015,0.00
16:52:22,22.263674932713755,84.91001471812028,3.579,-0.780,0.09,0.064,0.089,-157.3,28,0.0000,0.00
16:52:22,22.263674932713755,84.91001471812028,3.582,-0.776,0.09,0.064,0.089,-156.6,28,0.0000,0.00
16:52:22,22.263674932713755,84.91001471812028,3.581,-0.778,0.09,0.033,0.043,-155.1,28,0.0014,0.00
16:52:23,22.263674932713755,84.91001471812028,3.581,-0.779,0.09,0.020,0.025,-153.8,28,0.0015,0.00
16:52:23,22.263674932713755,84.91001471812028,3.582,-0.778,0.09,0.020,0.025,-153.8,28,0.0015,0.00
16:52:23,22.263674932713755,84.91001471812028,3.583,-0.776,0.09,0.020,0.025,-153.1,28,0.0000,0.00
16:52:23,22.263674932713755,84.91001471812028,3.584,-0.775,0.09,0.020,0.025,-152.0,28,0.0000,0.00
16:52:23,22.263674932713755,84.91001471812028,3.588,-0.766,0.09,0.039,0.070,-152.0,28,0.0016,0.00
16:52:23,22.263674932713755,84.91001471812028,3.591,-0.760,0.09,0.047,0.087,-151.6,28,0.0016,0.00
16:52:23,22.263674932713755,84.91001471812028,3.593,-0.756,0.09,0.047,0.087,-151.3,28,0.0016,0.00
16:52:23,22.263674932713755,84.91001471812028,3.596,-0.751,0.09,0.047,0.087,-151.0,28,0.0000,0.00
16:52:23,22.263674932713755,84.91001471812028,3.598,-0.747,0.09,0.047,0.087,-151.0,28,0.0000,0.00
16:52:23,22.263674932713755,84.91001471812028,3.603,-0.739,0.09,0.059,0.107,-150.0,28,0.0020,0.00
16:52:23,22.263674932713755,84.91001471812028,3.606,-0.732,0.09,0.064,0.113,-149.4,28,0.0022,0.00
16:52:23,22.263674932713755,84.91001471812028,3.610,-0.727,0.09,0.064,0.113,-148.2,28,0.0022,0.00
16:52:23,22.263674932713755,84.91001471812028,3.613,-0.721,0.09,0.064,0.113,-147.8,28,0.0000,0.00
16:52:23,22.263674932713755,84.91001471812028,3.617,-0.715,0.09,0.068,0.116,-147.8,28,0.0022,0.00
16:52:23,22.263674932713755,84.91001471812028,3.620,-0.709,0.09,0.068,0.116,-147.6,28,0.0022,0.00
16:52:23,22.263674932713755,84.91001471812028,3.624,-0.702,0.08,0.072,0.122,-147.7,28,0.0019,0.00
16:52:23,22.263674932713755,84.91001471812028,3.628,-0.696,0.08,0.072,0.122,-147.9,28,0.0000,0.00
16:52:23,22.263674932713755,84.91001471812028,3.632,-0.690,0.08,0.072,0.122,-147.9,28,0.0000,0.00
16:52:23,22.263674932713755,84.91001471812028,3.635,-0.685,0.08,0.070,0.113,-148.2,28,0.0023,0.00
16:52:24,22.263674932713755,84.91001471812028,3.638,-0.680,0.09,0.069,0.108,-148.4,28,0.0020,0.00
16:52:24,22.263674932713755,84.91001471812028,3.642,-0.675,0.09,0.069,0.108,-148.8,28,0.0020,0.00
16:52:24,22.263674932713755,84.91001471812028,3.644,-0.671,0.09,0.064,0.097,-148.8,28,0.0016,0.00
16:52:24,22.263674932713755,84.91001471812028,3.648,-0.666,0.09,0.064,0.097,-148.9,28,0.0000,0.00
16:52:24,22.263674932713755,84.91001471812028,3.647,-0.668,0.09,0.038,0.053,-148.9,28,0.0013,0.00
16:52:24,22.263674932713755,84.91001471812028,3.647,-0.668,0.09,0.026,0.031,-148.8,28,0.0012,0.00
16:52:24,22.263674932713755,84.91001471812028,3.649,-0.666,0.09,0.026,0.031,-148.8,28,0.0012,0.00
16:52:24,22.263674932713755,84.91001471812028,3.650,-0.665,0.09,0.026,0.031,-148.8,28,0.0000,0.00
16:52:24,22.263674932713755,84.91001471812028,3.653,-0.660,0.10,0.037,0.055,-148.9,28,0.0017,0.00
16:52:24,22.263674932713755,84.91001471812028,3.655,-0.657,0.10,0.037,0.055,-148.9,28,0.0017,0.00
16:52:24,22.263674932713755,84.91001471812028,3.658,-0.652,0.10,0.044,0.071,-149.0,28,0.0014,0.00
16:52:24,22.263674932713755,84.91001471812028,3.660,-0.648,0.10,0.044,0.071,-149.2,28,0.0014,0.00
16:52:24,22.263674932713755,84.91001471812028,3.662,-0.644,0.10,0.044,0.071,-149.7,28,0.0000,0.00
16:52:24,22.263674932713755,84.91001471812028,3.667,-0.635,0.10,0.060,0.105,-149.7,28,0.0020,0.00
16:52:24,22.263674932713755,84.91001471812028,3.670,-0.630,0.10,0.060,0.105,-150.0,28,0.0020,0.00
16:52:24,22.263674932713755,84.91001471812028,3.675,-0.622,0.10,0.069,0.125,-150.3,28,0.0023,0.00
16:52:24,22.263674932713755,84.91001471812028,3.679,-0.614,0.10,0.074,0.137,-151.1,28,0.0025,0.00
16:52:24,22.263674932713755,84.91001471812028,3.683,-0.607,0.10,0.074,0.137,-151.4,28,0.0000,0.00
16:52:24,22.263674932713755,84.91001471812028,3.687,-0.599,0.10,0.077,0.143,-151.4,28,0.0025,0.00
16:52:24,22.263674932713755,84.91001471812028,3.690,-0.592,0.10,0.073,0.136,-151.6,28,0.0023,0.00
16:52:25,22.263674932713755,84.91001471812028,3.694,-0.586,0.10,0.073,0.136,-151.9,28,0.0023,0.00
16:52:25,22.263674932713755,84.91001471812028,3.697,-0.579,0.09,0.073,0.136,-152.0,28,0.0000,0.00
16:52:25,22.263674932713755,84.91001471812028,3.701,-0.572,0.09,0.073,0.136,-152.0,28,0.0000,0.00
16:52:25,22.263674932713755,84.91001471812028,3.704,-0.567,0.09,0.066,0.123,-152.1,28,0.0019,0.00
16:52:25,22.263674932713755,84.91001471812028,3.706,-0.562,0.09,0.061,0.114,-152.2,28,0.0021,0.00
16:52:25,22.263674932713755,84.91001471812028,3.709,-0.556,0.09,0.061,0.114,-152.3,28,0.0021,0.00
16:52:25,22.263674932713755,84.91001471812028,3.712,-0.551,0.09,0.061,0.114,-152.3,28,0.0000,0.00
16:52:25,22.263674932713755,84.91001471812028,3.715,-0.545,0.09,0.061,0.114,-152.4,28,0.0000,0.00
16:52:25,22.263674932713755,84.91001471812028,3.712,-0.550,0.09,0.026,0.051,-152.4,28,0.0015,0.00
16:52:25,22.263674932713755,84.91001471812028,3.712,-0.551,0.09,0.013,0.029,-152.3,28,0.0016,0.00
16:52:25,22.263674932713755,84.91001471812028,3.711,-0.551,0.09,0.007,0.018,-152.3,28,0.0022,0.00
16:52:25,22.263674932713755,84.91001471812028,3.712,-0.550,0.09,0.007,0.018,-152.2,28,0.0000,0.00
16:52:25,22.263674932713755,84.91001471812028,3.712,-0.550,0.09,0.004,0.010,-152.0,28,0.0023,0.00
16:52:25,22.263674932713755,84.91001471812028,3.712,-0.550,0.09,0.004,0.010,-152.0,28,0.0023,0.00
16:52:25,22.263674932713755,84.91001471812028,3.712,-0.550,0.08,0.003,0.006,-152.0,28,0.0016,0.00
16:52:25,22.263674932713755,84.91001471812028,3.712,-0.550,0.08,0.001,0.003,-152.0,28,0.0014,0.00
16:52:25,22.263674932713755,84.91001471812028,3.712,-0.550,0.08,0.001,0.003,-152.2,28,0.0000,0.00
16:52:25,22.263674932713755,84.91001471812028,3.712,-0.550,0.08,0.001,0.002,-152.3,28,0.0012,0.00
16:52:25,22.263674932713755,84.91001471812028,3.712,-0.550,0.08,0.001,0.001,-152.3,28,0.0013,0.00
16:52:25,22.263674932713755,84.91001471812028,3.712,-0.550,0.08,0.001,0.001,-152.3,28,0.0013,0.00
16:52:26,22.263674932713755,84.91001471812028,3.712,-0.550,0.08,0.001,0.001,-152.4,28,0.0000,0.00
16:52:26,22.263674932713755,84.91001471812028,3.712,-0.550,0.08,0.001,0.001,-152.4,28,0.0000,0.00
16:52:26,22.263674932713755,84.91001471812028,3.712,-0.550,0.08,0.001,0.001,-152.4,28,0.0014,0.00
16:52:26,22.263674932713755,84.91001471812028,3.712,-0.550,0.08,0.000,0.000,-152.4,28,0.0013,0.00
16:52:26,22.263674932713755,84.91001471812028,3.712,-0.550,0.08,0.000,0.000,-152.3,28,0.0013,0.00
16:52:26,22.263674932713755,84.91001471812028,3.712,-0.550,0.08,0.000,0.000,-152.3,28,0.0013,0.00
16:52:26,22.263674932713755,84.91001471812028,3.712,-0.550,0.07,0.000,0.000,-152.4,28,0.0000,0.00
16:52:26,22.263674932713755,84.91001471812028,3.712,-0.550,0.07,0.000,0.000,-152.4,28,0.0020,0.00
16:52:26,22.263674932713755,84.91001471812028,3.712,-0.550,0.07,-0.000,0.000,-152.3,28,0.0018,0.00
16:52:26,22.263674932713755,84.91001471812028,3.712,-0.550,0.07,-0.000,0.000,-152.3,28,0.0018,0.00
16:52:26,22.263674932713755,84.91001471812028,3.712,-0.550,0.07,-0.000,0.000,-152.3,28,0.0000,0.00
16:52:26,22.263674932713755,84.91001471812028,3.712,-0.550,0.07,-0.000,-0.000,-152.3,28,0.0022,0.00
16:52:26,22.263674932713755,84.91001471812028,3.712,-0.550,0.07,-0.000,-0.000,-152.3,28,0.0022,0.00
16:52:26,22.263674932713755,84.91001471812028,3.712,-0.550,0.07,-0.000,-0.000,-152.3,28,0.0017,0.00
16:52:26,22.263674932713755,84.91001471812028,3.712,-0.550,0.07,-0.000,-0.000,-152.2,28,0.0017,0.00
16:52:26,22.263674932713755,84.91001471812028,3.712,-0.550,0.08,-0.000,-0.000,-152.2,28,0.0000,0.00
16:52:26,22.263674932713755,84.91001471812028,3.712,-0.550,0.08,-0.000,-0.000,-152.2,28,0.0017,0.00
16:52:26,22.263674932713755,84.91001471812028,3.712,-0.550,0.08,-0.000,-0.000,-152.2,28,0.0017,0.00
16:52:26,22.263674932713755,84.91001471812028,3.712,-0.550,0.08,-0.000,-0.000,-152.1,28,0.0014,0.00
16:52:26,22.263674932713755,84.91001471812028,3.712,-0.550,0.08,-0.000,-0.000,-152.1,28,0.0016,0.00
16:52:27,22.263674932713755,84.91001471812028,3.712,-0.550,0.08,-0.000,-0.000,-151.9,28,0.0000,0.00
16:52:27,22.263674932713755,84.91001471812028,3.712,-0.550,0.08,-0.000,-0.000,-151.8,28,0.0016,0.00
16:52:27,22.263674932713755,84.91001471812028,3.712,-0.550,0.08,-0.000,-0.000,-151.7,28,0.0016,0.00
16:52:27,22.263674932713755,84.91001471812028,3.712,-0.550,0.08,-0.000,-0.000,-151.7,28,0.0016,0.00
16:52:27,22.263674932713755,84.91001471812028,3.712,-0.550,0.08,-0.000,-0.000,-151.5,28,0.0000,0.00
16:52:27,22.263674932713755,84.91001471812028,3.712,-0.550,0.08,-0.000,-0.000,-151.4,28,0.0000,0.00
16:52:27,22.263674932713755,84.91001471812028,3.712,-0.550,0.08,0.000,0.000,-151.3,28,0.0012,0.00
16:52:27,22.263674932713755,84.91001471812028,3.712,-0.550,0.08,0.000,0.000,-151.3,28,0.0014,0.00
16:52:27,22.263674932713755,84.91001471812028,3.712,-0.550,0.08,0.000,0.000,-151.3,28,0.0012,0.00
16:52:27,22.263674932713755,84.91001471812028,3.712,-0.550,0.08,0.000,0.000,-151.3,28,0.0000,0.00
16:52:27,22.263674932713755,84.91001471812028,3.712,-0.550,0.08,-0.000,-0.000,-151.4,28,0.0013,0.00
16:52:27,22.263674932713755,84.91001471812028,3.712,-0.550,0.08,-0.000,-0.000,-151.6,28,0.0013,0.00
16:52:27,22.263674932713755,84.91001471812028,3.712,-0.550,0.08,-0.000,-0.000,-151.6,28,0.0015,0.00
16:52:27,22.263674932713755,84.91001471812028,3.712,-0.550,0.08,-0.000,-0.000,-151.7,28,0.0015,0.00
16:52:27,22.263674932713755,84.91001471812028,3.712,-0.550,0.08,-0.000,-0.000,-151.8,28,0.0000,0.00
16:52:27,22.263674932713755,84.91001471812028,3.712,-0.550,0.08,0.000,0.000,-151.8,28,0.0025,0.00
16:52:27,22.263674932713755,84.91001471812028,3.712,-0.550,0.08,0.000,0.000,-151.8,28,0.0025,0.00
16:52:27,22.263674932713755,84.91001471812028,3.712,-0.550,0.08,0.000,0.000,-151.7,28,0.0018,0.00
16:52:27,22.263674932713755,84.91001471812028,3.712,-0.550,0.08,0.000,0.000,-151.7,28,0.0013,0.00
16:52:27,22.263674932713755,84.91001471812028,3.712,-0.550,0.08,0.000,0.000,-151.7,28,0.0000,0.00
16:52:28,22.263674932713755,84.91001471812028,3.712,-0.550,0.08,-0.000,-0.000,-151.7,28,0.0017,0.00
16:52:28,22.263674932713755,84.91001471812028,3.712,-0.550,0.08,0.000,0.000,-151.6,28,0.0018,0.00
16:52:28,22.263674932713755,84.91001471812028,3.712,-0.550,0.08,0.000,0.000,-151.6,28,0.0018,0.00
16:52:28,22.263674932713755,84.91001471812028,3.712,-0.550,0.08,0.000,0.000,-151.6,28,0.0000,0.00
16:52:28,22.263674932713755,84.91001471812028,3.712,-0.550,0.08,0.000,0.000,-151.4,28,0.0000,0.00
16:52:28,22.263674932713755,84.91001471812028,3.712,-0.550,0.08,0.000,0.000,-151.4,28,0.0025,0.00
16:52:28,22.263674932713755,84.91001471812028,3.712,-0.550,0.08,-0.000,-0.000,-151.3,28,0.0025,0.00
16:52:28,22.263674932713755,84.91001471812028,3.712,-0.550,0.08,-0.000,-0.000,-151.3,28,0.0025,0.00
16:52:28,22.263674932713755,84.91001471812028,3.712,-0.550,0.08,-0.000,-0.000,-151.3,28,0.0000,0.00
16:52:28,22.263674932713755,84.91001471812028,3.712,-0.550,0.08,-0.000,-0.000,-151.1,28,0.0000,0.00
16:52:28,22.263674932713755,84.91001471812028,3.712,-0.550,0.08,-0.000,-0.000,-151.1,28,0.0030,0.00
16:52:28,22.263674932713755,84.91001471812028,3.712,-0.550,0.08,-0.000,-0.000,-150.9,28,10.0005,0.00
16:52:28,22.263674932713755,84.91001471812028,3.712,-0.550,0.08,-0.000,-0.000,-150.9,28,10.0005,0.00
16:52:28,22.263674932713755,84.91001471812028,3.712,-0.550,0.08,-0.000,-0.000,-150.8,28,10.0005,0.00
16:52:28,22.263674932713755,84.91001471812028,3.712,-0.550,0.08,-0.000,-0.000,-150.8,28,0.0000,0.00
16:52:28,22.263674932713755,84.91001471812028,3.712,-0.550,0.08,-0.000,-0.000,-150.7,28,0.0000,0.00
16:52:28,22.263674932713755,84.91001471812028,3.712,-0.550,0.08,-0.000,-0.000,-150.7,28,0.0000,0.00
16:52:28,22.263674932713755,84.91001471812028,3.712,-0.550,0.08,-0.000,-0.000,-150.7,28,0.0000,0.00
16:52:28,22.263674932713755,84.91001471812028,3.712,-0.550,0.08,-0.000,-0.000,-150.7,28,10.0005,0.00
16:52:29,22.263674932713755,84.91001471812028,3.712,-0.550,0.08,-0.000,-0.000,-150.7,28,10.0005,0.00
16:52:29,22.263674932713755,84.91001471812028,3.712,-0.550,0.08,-0.000,-0.000,-150.7,28,10.0005,0.00
16:52:29,22.263674932713755,84.91001471812028,3.712,-0.550,0.09,-0.000,-0.000,-150.8,28,10.0005,0.00
16:52:29,22.263674932713755,84.91001471812028,3.712,-0.550,0.09,-0.000,-0.000,-150.8,28,0.0000,0.00
16:52:29,22.263674932713755,84.91001471812028,3.712,-0.550,0.09,-0.000,-0.000,-151.0,28,0.0000,0.00
16:52:29,22.263674932713755,84.91001471812028,3.712,-0.550,0.09,-0.000,-0.000,-151.0,28,0.0000,0.00
16:52:29,22.263674932713755,84.91001471812028,3.712,-0.550,0.08,-0.000,-0.000,-151.0,28,0.0000,0.00
16:52:29,22.263674932713755,84.91001471812028,3.712,-0.550,0.08,-0.000,-0.000,-151.0,28,10.0005,0.00
16:52:29,22.263674932713755,84.91001471812028,3.712,-0.550,0.08,-0.000,-0.000,-151.0,28,0.0000,0.00
16:52:29,22.263674932713755,84.91001471812028,3.711,-0.550,0.08,-0.000,-0.000,-150.9,28,0.0000,0.00
16:52:29,22.263674932713755,84.91001471812028,3.711,-0.550,0.08,-0.000,-0.000,-150.9,28,0.0000,0.00
16:52:29,22.263674932713755,84.91001471812028,3.711,-0.550,0.08,-0.000,-0.000,-150.9,28,0.0000,0.00
16:52:29,22.263674932713755,84.91001471812028,3.711,-0.550,0.08,-0.000,-0.000,-150.9,28,10.0005,0.00
16:52:29,22.263674932713755,84.91001471812028,3.711,-0.550,0.08,-0.000,-0.000,-150.8,28,0.0000,0.00
16:52:29,22.263674932713755,84.91001471812028,3.711,-0.550,0.08,-0.000,-0.000,-150.8,28,0.0000,0.00
16:52:29,22.263674932713755,84.91001471812028,3.711,-0.550,0.08,-0.000,-0.000,-150.8,28,0.0000,0.00
16:52:29,22.263674932713755,84.91001471812028,3.711,-0.550,0.08,-0.000,-0.000,-150.8,28,0.0000,0.00
16:52:29,22.263674932713755,84.91001471812028,3.711,-0.550,0.08,-0.000,-0.000,-150.8,28,0.0000,0.00
16:52:29,22.263674932713755,84.91001471812028,3.711,-0.550,0.08,-0.000,-0.000,-150.7,28,0.0000,0.00
16:52:29,22.263674932713755,84.91001471812028,3.711,-0.550,0.08,-0.000,-0.000,-150.7,28,0.0000,0.00
16:52:30,22.263674932713755,84.91001471812028,3.711,-0.550,0.08,-0.000,-0.000,-150.7,28,0.0000,0.00
16:52:30,22.263674932713755,84.91001471812028,3.711,-0.550,0.08,-0.000,-0.000,-150.7,28,10.0005,0.00
16:52:30,22.263674932713755,84.91001471812028,3.711,-0.550,0.08,-0.000,-0.000,-150.7,28,0.0000,0.00
16:52:30,22.263674932713755,84.91001471812028,3.711,-0.550,0.08,-0.000,-0.000,-150.7,28,0.0000,0.00
16:52:30,22.263674932713755,84.91001471812028,3.711,-0.550,0.08,-0.000,-0.000,-150.7,28,0.0000,0.00
16:52:30,22.263674932713755,84.91001471812028,3.711,-0.550,0.08,-0.000,-0.000,-150.7,28,0.0000,0.00
16:52:30,22.263674932713755,84.91001471812028,3.711,-0.550,0.08,-0.000,-0.000,-150.6,28,0.0000,0.00
16:52:30,22.263674932713755,84.91001471812028,3.711,-0.550,0.08,-0.000,-0.000,-150.6,28,0.0000,0.00
16:52:30,22.263674932713755,84.91001471812028,3.711,-0.550,0.08,-0.000,-0.000,-150.6,28,0.0000,0.00
16:52:30,22.263674932713755,84.91001471812028,3.711,-0.550,0.08,-0.000,-0.000,-150.6,28,10.0005,0.00
16:52:30,22.263674932713755,84.91001471812028,3.711,-0.550,0.08,-0.000,-0.000,-150.6,28,0.0000,0.00
16:52:30,22.263674932713755,84.91001471812028,3.711,-0.550,0.08,-0.000,-0.000,-150.6,28,10.0005,0.00
16:52:30,22.263674932713755,84.91001471812028,3.711,-0.550,0.08,-0.000,-0.000,-150.6,28,0.0000,0.00
16:52:30,22.263674932713755,84.91001471812028,3.711,-0.550,0.08,-0.000,-0.000,-150.5,28,0.0023,0.00
16:52:30,22.263674932713755,84.91001471812028,3.711,-0.550,0.08,-0.000,-0.000,-150.5,28,0.0023,0.00
16:52:30,22.263674932713755,84.91001471812028,3.711,-0.550,0.09,-0.000,-0.000,-150.5,28,0.0014,0.00
16:52:30,22.263674932713755,84.91001471812028,3.711,-0.550,0.09,-0.000,-0.000,-150.5,28,0.0000,0.00
16:52:30,22.263674932713755,84.91001471812028,3.711,-0.550,0.09,-0.000,-0.000,-150.5,28,0.0000,0.00
16:52:30,22.263674932713755,84.91001471812028,3.711,-0.550,0.09,-0.000,-0.000,-150.5,28,0.0013,0.00
16:52:30,22.263674932713755,84.91001471812028,3.711,-0.550,0.08,-0.000,-0.000,-150.5,28,0.0010,0.00
16:52:31,22.263674932713755,84.91001471812028,3.711,-0.550,0.08,-0.000,-0.000,-150.4,28,0.0010,0.00
16:52:31,22.263674932713755,84.91001471812028,3.711,-0.550,0.08,-0.000,-0.000,-150.4,28,0.0000,0.00
16:52:31,22.263674932713755,84.91001471812028,3.711,-0.550,0.08,-0.000,-0.000,-150.4,28,0.0000,0.00
16:52:31,22.263674932713755,84.91001471812028,3.711,-0.550,0.08,-0.000,-0.000,-150.4,28,0.0014,0.00
16:52:31,22.263674932713755,84.91001471812028,3.711,-0.550,0.08,-0.000,-0.000,-150.4,28,0.0011,0.00
16:52:31,22.263674932713755,84.91001471812028,3.711,-0.550,0.08,-0.000,-0.000,-150.4,28,0.0011,0.00
16:52:31,22.263674932713755,84.91001471812028,3.711,-0.550,0.08,-0.000,-0.000,-150.4,28,0.0000,0.00
16:52:31,22.263674932713755,84.91001471812028,3.711,-0.550,0.08,0.000,0.000,-150.4,28,0.0012,0.00
16:52:31,22.263674932713755,84.91001471812028,3.711,-0.550,0.08,0.000,0.000,-150.4,28,0.0012,0.00
16:52:31,22.263674932713755,84.91001471812028,3.711,-0.550,0.08,0.000,0.000,-150.3,28,0.0012,0.00
16:52:31,22.263674932713755,84.91001471812028,3.711,-0.550,0.08,-0.000,-0.000,-150.3,28,0.0011,0.00
16:52:31,22.263674932713755,84.91001471812028,3.711,-0.550,0.08,-0.000,-0.000,-150.3,28,0.0000,0.00
16:52:31,22.263674932713755,84.91001471812028,3.711,-0.550,0.08,-0.000,-0.000,-150.3,28,0.0012,0.00
16:52:31,22.263674932713755,84.91001471812028,3.711,-0.550,0.08,-0.000,-0.000,-150.3,28,0.0012,0.00
16:52:31,22.263674932713755,84.91001471812028,3.711,-0.550,0.08,-0.000,-0.000,-150.3,28,0.0013,0.00
16:52:31,22.263674932713755,84.91001471812028,3.711,-0.550,0.08,-0.000,-0.000,-150.2,28,0.0000,0.00
16:52:31,22.263674932713755,84.91001471812028,3.711,-0.550,0.08,-0.000,-0.000,-150.2,28,0.0000,0.00
16:52:31,22.263674932713755,84.91001471812028,3.711,-0.550,0.08,-0.000,-0.000,-150.2,28,0.0012,0.00
16:52:31,22.263674932713755,84.91001471812028,3.711,-0.550,0.08,-0.000,-0.000,-150.2,28,0.0010,0.00
16:52:32,22.263674932713755,84.91001471812028,3.711,-0.550,0.08,-0.000,-0.000,-150.2,28,0.0010,0.00
16:52:32,22.263674932713755,84.91001471812028,3.711,-0.550,0.08,-0.000,-0.000,-150.2,28,0.0000,0.00
16:52:32,22.263674932713755,84.91001471812028,3.711,-0.550,0.08,-0.000,-0.000,-150.2,28,0.0000,0.00
16:52:32,22.263674932713755,84.91001471812028,3.711,-0.550,0.08,-0.000,-0.000,-150.2,28,0.0011,0.00
16:52:32,22.263674932713755,84.91001471812028,3.711,-0.550,0.08,-0.000,-0.000,-150.2,28,0.0014,0.00
16:52:32,22.263674932713755,84.91001471812028,3.711,-0.550,0.08,-0.000,-0.000,-150.2,28,0.0014,0.00
16:52:32,22.263674932713755,84.91001471812028,3.711,-0.550,0.09,-0.000,-0.000,-150.2,28,0.0000,0.00
16:52:32,22.263674932713755,84.91001471812028,3.711,-0.550,0.09,-0.000,-0.000,-150.2,28,0.0011,0.00
16:52:32,22.263674932713755,84.91001471812028,3.711,-0.550,0.09,-0.000,-0.000,-150.2,28,0.0011,0.00
16:52:32,22.263674932713755,84.91001471812028,3.711,-0.550,0.09,-0.000,-0.000,-150.2,28,0.0011,0.00
16:52:32,22.263674932713755,84.91001471812028,3.711,-0.550,0.09,-0.000,-0.000,-150.2,28,0.0011,0.00
16:52:32,22.263674932713755,84.91001471812028,3.711,-0.550,0.09,-0.000,-0.000,-150.2,28,0.0000,0.00
16:52:32,22.263674932713755,84.91001471812028,3.711,-0.550,0.09,-0.000,-0.000,-150.2,28,0.0013,0.00
16:52:32,22.263674932713755,84.91001471812028,3.711,-0.550,0.09,-0.000,-0.000,-150.2,28,0.0010,0.00
16:52:32,22.263674932713755,84.91001471812028,3.711,-0.550,0.08,-0.000,-0.000,-150.2,28,0.0010,0.00
16:52:32,22.263674932713755,84.91001471812028,3.711,-0.550,0.08,-0.000,-0.000,-150.2,28,0.0000,0.00
16:52:32,22.263674932713755,84.91001471812028,3.711,-0.550,0.08,-0.000,-0.000,-150.1,28,0.0000,0.00
16:52:32,22.263674932713755,84.91001471812028,3.711,-0.550,0.08,-0.000,-0.000,-150.1,28,0.0010,0.00
16:52:32,22.263674932713755,84.91001471812028,3.711,-0.550,0.08,0.000,0.000,-150.1,28,0.0010,0.00
16:52:32,22.263674932713755,84.91001471812028,3.711,-0.550,0.09,0.000,0.000,-150.1,28,0.0010,0.00
16:52:33,22.263674932713755,84.91001471812028,3.711,-0.550,0.09,0.000,0.000,-150.1,28,0.0000,0.00
16:52:33,22.263674932713755,84.91001471812028,3.711,-0.550,0.09,-0.000,-0.000,-150.1,28,0.0014,0.00
16:52:33,22.263674932713755,84.91001471812028,3.711,-0.550,0.09,-0.000,-0.000,-150.0,28,0.0014,0.00
16:52:33,22.263674932713755,84.91001471812028,3.711,-0.550,0.09,-0.000,-0.000,-150.0,28,0.0012,0.00
16:52:33,22.263674932713755,84.91001471812028,3.711,-0.550,0.09,-0.000,-0.000,-150.0,28,0.0012,0.00
16:52:33,22.263674932713755,84.91001471812028,3.711,-0.550,0.09,-0.000,-0.000,-150.0,28,0.0000,0.00
16:52:33,22.263674932713755,84.91001471812028,3.711,-0.550,0.09,0.000,0.000,-150.0,28,0.0015,0.00
16:52:33,22.263674932713755,84.91001471812028,3.711,-0.550,0.09,0.000,0.000,-150.0,28,0.0015,0.00
16:52:33,22.263674932713755,84.91001471812028,3.711,-0.550,0.09,-0.000,-0.000,-150.0,28,0.0012,0.00
16:52:33,22.263674932713755,84.91001471812028,3.711,-0.550,0.09,-0.000,-0.000,-149.9,28,0.0015,0.00
16:52:33,22.263674932713755,84.91001471812028,3.711,-0.550,0.09,-0.000,-0.000,-149.9,28,0.0000,0.00
16:52:33,22.263674932713755,84.91001471812028,3.711,-0.550,0.09,-0.000,-0.000,-149.9,28,0.0013,0.00
16:52:33,22.263674932713755,84.91001471812028,3.711,-0.550,0.09,-0.000,-0.000,-149.9,28,0.0013,0.00
16:52:33,22.263674932713755,84.91001471812028,3.711,-0.550,0.09,0.000,0.000,-149.9,28,0.0011,0.00
16:52:33,22.263674932713755,84.91001471812028,3.711,-0.550,0.09,0.000,0.000,-149.9,28,0.0000,0.00
16:52:33,22.263674932713755,84.91001471812028,3.711,-0.550,0.08,0.000,0.000,-149.9,28,0.0000,0.00
16:52:33,22.263674932713755,84.91001471812028,3.711,-0.550,0.08,0.000,0.000,-149.9,28,0.0012,0.00
16:52:33,22.263674932713755,84.91001471812028,3.711,-0.550,0.08,0.000,0.000,-149.9,28,0.0014,0.00
16:52:33,22.263674932713755,84.91001471812028,3.711,-0.550,0.08,0.000,0.000,-149.9,28,0.0014,0.00
16:52:33,22.263674932713755,84.91001471812028,3.711,-0.550,0.08,0.000,0.000,-149.8,28,0.0000,0.00
16:52:34,22.263674932713755,84.91001471812028,3.711,-0.550,0.08,0.000,0.000,-149.8,28,0.0000,0.00
16:52:34,22.263674932713755,84.91001471812028,3.711,-0.550,0.08,0.000,0.000,-149.8,28,0.0014,0.00
16:52:34,22.263674932713755,84.91001471812028,3.711,-0.550,0.08,0.000,0.000,-149.8,28,0.0014,0.00
16:52:34,22.263674932713755,84.91001471812028,3.711,-0.550,0.08,0.000,0.000,-149.8,28,0.0014,0.00
16:52:34,22.263674932713755,84.91001471812028,3.711,-0.550,0.08,0.000,0.000,-149.8,28,0.0000,0.00
16:52:34,22.263674932713755,84.91001471812028,3.711,-0.550,0.08,0.000,0.000,-149.8,28,0.0012,0.00
16:52:34,22.263674932713755,84.91001471812028,3.711,-0.550,0.08,0.000,0.000,-149.7,28,0.0012,0.00
16:52:34,22.263674932713755,84.91001471812028,3.711,-0.550,0.08,0.000,0.000,-149.7,28,0.0012,0.00
16:52:34,22.263674932713755,84.91001471812028,3.711,-0.550,0.08,0.000,0.000,-149.7,28,0.0012,0.00
16:52:34,22.263674932713755,84.91001471812028,3.711,-0.550,0.08,0.000,0.000,-149.7,28,0.0000,0.00
16:52:34,22.263674932713755,84.91001471812028,3.711,-0.550,0.08,0.000,0.000,-149.7,28,0.0012,0.00
16:52:34,22.263674932713755,84.91001471812028,3.711,-0.550,0.08,0.000,0.000,-149.7,28,0.0011,0.00
16:52:34,22.263674932713755,84.91001471812028,3.711,-0.550,0.08,0.000,0.000,-149.7,28,0.0011,0.00
16:52:34,22.263674932713755,84.91001471812028,3.711,-0.550,0.08,0.000,0.000,-149.7,28,0.0000,0.00
16:52:34,22.263674932713755,84.91001471812028,3.711,-0.550,0.08,0.000,0.000,-149.7,28,0.0000,0.00
16:52:34,22.263674932713755,84.91001471812028,3.711,-0.550,0.08,0.000,0.000,-149.6,28,0.0011,0.00
16:52:34,22.263674932713755,84.91001471812028,3.711,-0.550,0.08,0.000,0.000,-149.6,28,0.0011,0.00
16:52:34,22.263674932713755,84.91001471812028,3.711,-0.550,0.08,0.000,0.000,-149.6,28,0.0011,0.00
16:52:34,22.263674932713755,84.91001471812028,3.711,-0.550,0.08,0.000,0.000,-149.6,28,0.0011,0.00
16:52:34,22.263674932713755,84.91001471812028,3.711,-0.550,0.08,0.000,0.000,-149.6,28,0.0000,0.00
16:52:35,22.263674932713755,84.91001471812028,3.711,-0.550,0.08,-0.000,-0.000,-149.5,28,0.0012,0.00
16:52:35,22.263674932713755,84.91001471812028,3.711,-0.550,0.08,-0.000,-0.000,-149.5,28,0.0011,0.00
16:52:35,22.263674932713755,84.91001471812028,3.711,-0.550,0.08,-0.000,-0.000,-149.5,28,0.0011,0.00
16:52:35,22.263674932713755,84.91001471812028,3.711,-0.550,0.08,-0.000,-0.000,-149.5,28,0.0000,0.00
16:52:35,22.263674932713755,84.91001471812028,3.711,-0.550,0.08,-0.000,-0.000,-149.4,28,0.0010,0.00
16:52:35,22.263674932713755,84.91001471812028,3.711,-0.550,0.08,-0.000,-0.000,-149.3,28,0.0010,0.00
16:52:35,22.263674932713755,84.91001471812028,3.711,-0.550,0.08,-0.000,-0.000,-149.3,28,0.0011,0.00
16:52:35,22.263674932713755,84.91001471812028,3.711,-0.550,0.08,-0.000,-0.000,-148.8,28,0.0011,0.00
16:52:35,22.263674932713755,84.91001471812028,3.711,-0.550,0.08,-0.000,-0.000,-147.4,28,0.0000,0.00
16:52:35,22.263674932713755,84.91001471812028,3.711,-0.551,0.08,-0.003,-0.004,-147.4,28,0.0017,0.00
16:52:35,22.263674932713755,84.91001471812028,3.711,-0.551,0.08,-0.003,-0.006,-146.8,28,0.0017,0.00
16:52:35,22.263674932713755,84.91001471812028,3.710,-0.552,0.08,-0.003,-0.006,-146.2,28,0.0017,0.00
16:52:35,22.263674932713755,84.91001471812028,3.710,-0.552,0.08,-0.003,-0.006,-146.1,28,0.0000,0.00
16:52:35,22.263674932713755,84.91001471812028,3.710,-0.552,0.06,-0.003,-0.006,-146.1,28,0.0000,0.00
16:52:35,22.263674932713755,84.91001471812028,3.710,-0.552,0.06,-0.002,-0.006,-146.0,28,0.0015,0.00
16:52:35,22.263674932713755,84.91001471812028,3.710,-0.553,0.06,-0.001,-0.005,-145.5,28,0.0012,0.00
16:52:35,22.263674932713755,84.91001471812028,3.710,-0.553,0.06,-0.001,-0.005,-145.0,28,0.0012,0.00
16:52:35,22.263674932713755,84.91001471812028,3.710,-0.553,0.06,-0.001,-0.005,-145.0,28,0.0000,0.00
16:52:35,22.263674932713755,84.91001471812028,3.710,-0.553,0.06,-0.001,-0.005,-144.4,28,0.0000,0.00
16:52:36,22.263674932713755,84.91001471812028,3.710,-0.554,0.06,-0.000,-0.006,-143.0,28,0.0013,0.00
16:52:36,22.263674932713755,84.91001471812028,3.710,-0.555,0.06,0.001,-0.009,-142.3,28,0.0016,0.00
16:52:36,22.263674932713755,84.91001471812028,3.710,-0.555,0.06,0.001,-0.009,-142.3,28,0.0016,0.00
16:52:36,22.263674932713755,84.91001471812028,3.710,-0.556,0.05,0.001,-0.009,-141.7,28,0.0000,0.00
16:52:36,22.263674932713755,84.91001471812028,3.710,-0.556,0.05,0.001,-0.009,-140.5,28,0.0000,0.00
16:52:36,22.263674932713755,84.91001471812028,3.711,-0.558,0.05,0.003,-0.019,-139.9,28,0.0014,0.00
16:52:36,22.263674932713755,84.91001471812028,3.711,-0.559,0.05,0.003,-0.019,-139.4,28,0.0014,0.00
16:52:36,22.263674932713755,84.91001471812028,3.711,-0.561,0.00,0.004,-0.025,-139.4,28,0.0016,0.00
16:52:36,22.263674932713755,84.91001471812028,3.711,-0.562,0.00,0.004,-0.025,-139.2,28,0.0000,0.00
16:52:36,22.263674932713755,84.91001471812028,3.712,-0.564,0.00,0.004,-0.025,-139.1,28,0.0020,0.00
16:52:36,22.263674932713755,84.91001471812028,3.712,-0.565,0.00,0.004,-0.025,-139.2,28,0.0020,0.00
16:52:36,22.263674932713755,84.91001471812028,3.712,-0.565,0.00,0.003,-0.016,-139.2,28,0.0013,0.00
16:52:36,22.263674932713755,84.91001471812028,3.712,-0.566,0.00,0.003,-0.016,-139.2,28,0.0000,0.00
16:52:36,22.263674932713755,84.91001471812028,3.712,-0.566,0.00,0.003,-0.016,-139.3,28,0.0000,0.00
16:52:36,22.263674932713755,84.91001471812028,3.712,-0.565,0.00,0.000,-0.004,-139.5,28,0.0013,0.00
16:52:36,22.263674932713755,84.91001471812028,3.712,-0.564,0.00,-0.001,0.003,-139.5,28,0.0015,0.00
16:52:36,22.263674932713755,84.91001471812028,3.712,-0.564,0.00,-0.001,0.003,-139.6,28,0.0015,0.00
16:52:36,22.263674932713755,84.91001471812028,3.711,-0.563,0.00,-0.002,0.008,-139.9,28,0.0012,0.00
16:52:36,22.263674932713755,84.91001471812028,3.711,-0.563,0.00,-0.002,0.008,-139.9,28,0.0000,0.00
16:52:36,22.263674932713755,84.91001471812028,3.711,-0.562,0.00,-0.003,0.010,-139.9,28,0.0017,0.00
16:52:37,22.263674932713755,84.91001471812028,3.711,-0.561,0.01,-0.003,0.012,-139.9,28,0.0022,0.00
16:52:37,22.263674932713755,84.91001471812028,3.711,-0.561,0.01,-0.003,0.012,-139.6,28,0.0022,0.00
16:52:37,22.263674932713755,84.91001471812028,3.711,-0.560,0.01,-0.003,0.012,-139.5,28,0.0000,0.00
16:52:37,22.263674932713755,84.91001471812028,3.711,-0.559,0.01,-0.002,0.013,-139.2,28,0.0057,0.00
16:52:37,22.263674932713755,84.91001471812028,3.711,-0.559,0.01,-0.002,0.013,-139.2,28,0.0057,0.00
16:52:37,22.263674932713755,84.91001471812028,3.711,-0.558,0.01,-0.001,0.013,-138.9,28,0.0046,0.00
16:52:37,22.263674932713755,84.91001471812028,3.711,-0.558,0.01,-0.001,0.013,-138.9,28,0.0046,0.00
16:52:37,22.263674932713755,84.91001471812028,3.711,-0.557,0.01,-0.001,0.013,-138.9,28,0.0000,0.00
16:52:37,22.263674932713755,84.91001471812028,3.711,-0.557,0.03,-0.000,0.009,-138.9,28,0.0033,0.00
16:52:37,22.263674932713755,84.91001471812028,3.711,-0.556,0.03,-0.000,0.009,-139.1,28,0.0033,0.00
16:52:37,22.263674932713755,84.91001471812028,3.711,-0.556,0.03,0.000,0.008,-139.1,28,0.0031,0.00
16:52:37,22.263674932713755,84.91001471812028,3.711,-0.556,0.03,0.001,0.009,-139.3,28,0.0041,0.00
16:52:37,22.263674932713755,84.91001471812028,3.711,-0.555,0.04,0.001,0.009,-139.3,28,0.0000,0.00
16:52:37,22.263674932713755,84.91001471812028,3.711,-0.554,0.04,0.001,0.011,-139.5,28,0.0035,0.00
16:52:37,22.263674932713755,84.91001471812028,3.711,-0.554,0.04,0.001,0.008,-139.5,28,0.0033,0.00
16:52:37,22.263674932713755,84.91001471812028,3.711,-0.554,0.04,0.001,0.008,-139.6,28,0.0033,0.00
16:52:37,22.263674932713755,84.91001471812028,3.711,-0.553,0.04,0.001,0.008,-139.6,28,0.0000,0.00
16:52:37,22.263674932713755,84.91001471812028,3.711,-0.553,0.04,0.001,0.008,-139.6,28,0.0000,0.00
16:52:37,22.263674932713755,84.91001471812028,3.711,-0.553,0.04,0.000,0.004,-139.6,28,0.0036,0.00
16:52:37,22.263674932713755,84.91001471812028,3.711,-0.553,0.04,0.000,0.004,-139.7,28,0.0036,0.00
16:52:38,22.263674932713755,84.91001471812028,3.711,-0.553,0.04,0.000,0.004,-139.7,28,10.0005,0.00
16:52:38,22.263674932713755,84.91001471812028,3.711,-0.553,0.04,0.000,0.004,-139.8,28,10.0005,0.00
16:52:38,22.263674932713755,84.91001471812028,3.711,-0.552,0.04,0.000,0.004,-139.7,28,10.0005,0.00
16:52:38,22.263674932713755,84.91001471812028,3.711,-0.552,0.04,0.000,0.004,-139.6,28,0.0000,0.00
16:52:38,22.263674932713755,84.91001471812028,3.711,-0.552,0.04,0.000,0.004,-139.6,28,0.0000,0.00
16:52:38,22.263674932713755,84.91001471812028,3.711,-0.552,0.04,0.000,0.004,-139.5,28,0.0000,0.00
16:52:38,22.263674932713755,84.91001471812028,3.711,-0.551,0.04,0.000,0.004,-139.6,28,10.0005,0.00
16:52:38,22.263674932713755,84.91001471812028,3.711,-0.551,0.04,0.000,0.004,-139.7,28,10.0005,0.00
16:52:38,22.263674932713755,84.91001471812028,3.711,-0.551,0.04,0.000,0.004,-139.7,28,10.0005,0.00
16:52:38,22.263674932713755,84.91001471812028,3.711,-0.551,0.04,0.000,0.004,-140.0,28,10.0005,0.00
16:52:38,22.263674932713755,84.91001471812028,3.711,-0.551,0.04,0.000,0.004,-140.0,28,0.0000,0.00
16:52:38,22.263674932713755,84.91001471812028,3.711,-0.550,0.04,0.000,0.004,-140.0,28,0.0000,0.00
16:52:38,22.263674932713755,84.91001471812028,3.711,-0.550,0.04,0.000,0.004,-140.0,28,0.0000,0.00
16:52:38,22.263674932713755,84.91001471812028,3.711,-0.550,0.06,0.000,0.004,-140.0,28,0.0000,0.00
16:52:38,22.263674932713755,84.91001471812028,3.711,-0.550,0.06,0.000,0.004,-139.9,28,0.0000,0.00
16:52:38,22.263674932713755,84.91001471812028,3.711,-0.550,0.06,0.000,0.004,-139.9,28,0.0000,0.00
16:52:38,22.263674932713755,84.91001471812028,3.711,-0.549,0.06,0.000,0.004,-139.9,28,0.0000,0.00
16:52:38,22.263674932713755,84.91001471812028,3.711,-0.549,0.06,0.000,0.004,-139.9,28,0.0000,0.00
16:52:38,22.263674932713755,84.91001471812028,3.711,-0.549,0.06,0.000,0.004,-140.0,28,0.0000,0.00
16:52:39,22.263674932713755,84.91001471812028,3.711,-0.549,0.06,0.000,0.004,-140.0,28,0.0000,0.00
16:52:39,22.263674932713755,84.91001471812028,3.711,-0.548,0.06,0.000,0.004,-140.1,28,0.0000,0.00
16:52:39,22.263674932713755,84.91001471812028,3.711,-0.548,0.06,0.000,0.004,-140.1,28,0.0000,0.00
16:52:39,22.263674932713755,84.91001471812028,3.711,-0.548,0.06,0.000,0.004,-140.1,28,0.0000,0.00
16:52:39,22.263674932713755,84.91001471812028,3.711,-0.548,0.06,0.000,0.004,-140.1,28,0.0000,0.00
16:52:39,22.263674932713755,84.91001471812028,3.712,-0.548,0.06,0.000,0.004,-140.0,28,0.0000,0.00
16:52:39,22.263674932713755,84.91001471812028,3.712,-0.547,0.06,0.000,0.004,-140.0,28,0.0000,0.00
16:52:39,22.263674932713755,84.91001471812028,3.712,-0.547,0.06,0.000,0.004,-140.0,28,0.0000,0.00
16:52:39,22.263674932713755,84.91001471812028,3.712,-0.547,0.06,0.000,0.004,-140.0,28,0.0000,0.00
16:52:39,22.263674932713755,84.91001471812028,3.712,-0.547,0.06,0.000,0.004,-140.0,28,0.0000,0.00
16:52:39,22.263674932713755,84.91001471812028,3.712,-0.546,0.06,0.000,0.004,-140.0,28,0.0000,0.00
16:52:39,22.263674932713755,84.91001471812028,3.712,-0.546,0.06,0.000,0.004,-140.0,28,0.0000,0.00
16:52:39,22.263674932713755,84.91001471812028,3.712,-0.546,0.06,0.000,0.004,-140.0,28,0.0000,0.00
16:52:39,22.263674932713755,84.91001471812028,3.712,-0.546,0.06,0.000,0.004,-140.0,28,0.0000,0.00
16:52:39,22.263674932713755,84.91001471812028,3.712,-0.546,0.06,0.000,0.004,-140.0,28,0.0000,0.00
16:52:39,22.263674932713755,84.91001471812028,3.712,-0.545,0.06,0.000,0.004,-140.0,28,0.0000,0.00
16:52:39,22.263674932713755,84.91001471812028,3.712,-0.545,0.05,0.000,0.004,-140.0,28,0.0000,0.00
16:52:39,22.263674932713755,84.91001471812028,3.712,-0.545,0.05,0.000,0.004,-140.0,28,0.0000,0.00
16:52:39,22.263674932713755,84.91001471812028,3.712,-0.545,0.05,0.000,0.004,-140.0,28,10.0005,0.00
16:52:39,22.263674932713755,84.91001471812028,3.712,-0.544,0.05,0.000,0.004,-140.1,28,0.0000,0.00
16:52:40,22.263674932713755,84.91001471812028,3.712,-0.544,0.06,0.000,0.004,-140.1,28,10.0005,0.00
16:52:40,22.263674932713755,84.91001471812028,3.712,-0.544,0.06,0.000,0.004,-140.3,28,0.0000,0.00
16:52:40,22.263674932713755,84.91001471812028,3.712,-0.546,0.06,0.001,0.003,-140.3,28,0.0016,0.00
16:52:40,22.263674932713755,84.91001471812028,3.712,-0.546,0.06,0.001,0.003,-140.4,28,0.0016,0.00
16:52:40,22.263674932713755,84.91001471812028,3.713,-0.544,0.06,0.002,0.004,-140.5,28,0.0027,0.00
16:52:40,22.263674932713755,84.91001471812028,3.714,-0.544,0.06,0.002,0.004,-140.9,28,0.0031,0.00
16:52:40,22.263674932713755,84.91001471812028,3.714,-0.544,0.06,0.002,0.004,-140.9,28,0.0000,0.00
16:52:40,22.263674932713755,84.91001471812028,3.714,-0.543,0.06,0.002,0.004,-141.0,28,10.0005,0.00
16:52:40,22.263674932713755,84.91001471812028,3.714,-0.543,0.08,0.002,0.004,-141.2,28,10.0005,0.00
16:52:40,22.263674932713755,84.91001471812028,3.715,-0.543,0.08,0.004,0.005,-141.6,28,0.0021,0.00
16:52:40,22.263674932713755,84.91001471812028,3.715,-0.542,0.08,0.004,0.005,-141.6,28,0.0021,0.00
16:52:40,22.263674932713755,84.91001471812028,3.715,-0.542,0.08,0.004,0.005,-141.9,28,10.0005,0.00
16:52:40,22.263674932713755,84.91001471812028,3.715,-0.542,0.08,0.004,0.005,-142.1,28,0.0000,0.00
16:52:40,22.263674932713755,84.91001471812028,3.716,-0.542,0.09,0.004,0.005,-142.2,28,10.0005,0.00
16:52:40,22.263674932713755,84.91001471812028,3.716,-0.541,0.09,0.004,0.005,-142.3,28,10.0005,0.00
16:52:40,22.263674932713755,84.91001471812028,3.716,-0.541,0.09,0.004,0.005,-142.3,28,10.0005,0.00
16:52:40,22.263674932713755,84.91001471812028,3.716,-0.541,0.09,0.004,0.005,-142.4,28,10.0005,0.00
16:52:40,22.263674932713755,84.91001471812028,3.716,-0.541,0.09,0.004,0.005,-142.4,28,0.0000,0.00
16:52:40,22.263674932713755,84.91001471812028,3.717,-0.540,0.09,0.004,0.005,-142.4,28,0.0000,0.00
16:52:40,22.263674932713755,84.91001471812028,3.717,-0.540,0.09,0.004,0.005,-142.4,28,0.0000,0.00
16:52:40,22.263674932713755,84.91001471812028,3.717,-0.540,0.09,0.004,0.005,-142.3,28,0.0000,0.00
16:52:41,22.263674932713755,84.91001471812028,3.717,-0.540,0.09,0.004,0.005,-142.3,28,10.0005,0.00
16:52:41,22.263674932713755,84.91001471812028,3.717,-0.539,0.09,0.004,0.005,-142.3,28,10.0005,0.00
16:52:41,22.263674932713755,84.91001471812028,3.718,-0.539,0.09,0.004,0.005,-142.3,28,10.0005,0.00
16:52:41,22.263674932713755,84.91001471812028,3.718,-0.539,0.09,0.004,0.005,-142.5,28,10.0005,0.00
16:52:41,22.263674932713755,84.91001471812028,3.718,-0.538,0.09,0.004,0.005,-142.6,28,10.0005,0.00
16:52:41,22.263674932713755,84.91001471812028,3.718,-0.538,0.09,0.004,0.005,-142.6,28,10.0005,0.00
16:52:41,22.263674932713755,84.91001471812028,3.718,-0.538,0.09,0.004,0.005,-142.7,28,10.0005,0.00
16:52:41,22.263674932713755,84.91001471812028,3.719,-0.538,0.09,0.004,0.005,-142.6,28,0.0000,0.00
16:52:41,22.263674932713755,84.91001471812028,3.719,-0.537,0.10,0.004,0.005,-142.6,28,0.0000,0.00
16:52:41,22.263674932713755,84.91001471812028,3.719,-0.537,0.10,0.004,0.005,-142.6,28,0.0000,0.00
16:52:41,22.263674932713755,84.91001471812028,3.719,-0.537,0.10,0.004,0.005,-142.7,28,0.0000,0.00
16:52:41,22.263674932713755,84.91001471812028,3.719,-0.537,0.10,0.004,0.005,-142.7,28,10.0005,0.00
16:52:41,22.263674932713755,84.91001471812028,3.720,-0.536,0.10,0.004,0.005,-142.7,28,0.0000,0.00
16:52:41,22.263674932713755,84.91001471812028,3.720,-0.536,0.09,0.004,0.005,-142.7,28,0.0000,0.00
16:52:41,22.263674932713755,84.91001471812028,3.720,-0.536,0.09,0.004,0.005,-142.7,28,0.0000,0.00
16:52:41,22.263674932713755,84.91001471812028,3.720,-0.536,0.09,0.004,0.005,-142.8,28,0.0000,0.00
16:52:41,22.263674932713755,84.91001471812028,3.720,-0.535,0.09,0.004,0.005,-142.8,28,0.0000,0.00
16:52:41,22.263674932713755,84.91001471812028,3.721,-0.535,0.09,0.004,0.005,-142.8,28,0.0000,0.00
16:52:41,22.263674932713755,84.91001471812028,3.721,-0.535,0.09,0.004,0.005,-142.9,28,0.0000,0.00
16:52:42,22.263674932713755,84.91001471812028,3.721,-0.534,0.09,0.004,0.005,-143.0,28,10.0005,0.00
16:52:42,22.263674932713755,84.91001471812028,3.721,-0.534,0.09,0.004,0.005,-143.0,28,0.0000,0.00
16:52:42,22.263674932713755,84.91001471812028,3.721,-0.534,0.10,0.004,0.005,-143.0,28,0.0000,0.00
16:52:42,22.263674932713755,84.91001471812028,3.722,-0.534,0.10,0.004,0.005,-143.1,28,0.0000,0.00
16:52:42,22.263674932713755,84.91001471812028,3.722,-0.533,0.10,0.004,0.005,-143.2,28,0.0000,0.00
16:52:42,22.263674932713755,84.91001471812028,3.722,-0.533,0.10,0.004,0.005,-143.2,28,0.0000,0.00
16:52:42,22.263674932713755,84.91001471812028,3.722,-0.533,0.09,0.004,0.005,-143.2,28,0.0000,0.00
16:52:42,22.263674932713755,84.91001471812028,3.722,-0.533,0.09,0.004,0.005,-143.2,28,0.0000,0.00
16:52:42,22.263674932713755,84.91001471812028,3.723,-0.532,0.09,0.004,0.005,-143.2,28,10.0005,0.00
16:52:42,22.263674932713755,84.91001471812028,3.723,-0.532,0.09,0.004,0.005,-143.2,28,0.0000,0.00
16:52:42,22.263674932713755,84.91001471812028,3.723,-0.532,0.09,0.004,0.005,-143.2,28,10.0005,0.00
16:52:42,22.263674932713755,84.91001471812028,3.723,-0.532,0.09,0.004,0.005,-143.2,28,0.0000,0.00
16:52:42,22.263674932713755,84.91001471812028,3.723,-0.531,0.09,0.004,0.005,-143.2,28,0.0000,0.00
16:52:42,22.263674932713755,84.91001471812028,3.724,-0.531,0.09,0.004,0.005,-143.2,28,10.0005,0.00
16:52:42,22.263674932713755,84.91001471812028,3.724,-0.531,0.09,0.004,0.005,-143.2,28,10.0005,0.00
16:52:42,22.263674932713755,84.91001471812028,3.724,-0.530,0.09,0.004,0.005,-143.2,28,10.0005,0.00
16:52:42,22.263674932713755,84.91001471812028,3.724,-0.530,0.09,0.004,0.005,-143.2,28,0.0000,0.00
16:52:42,22.263674932713755,84.91001471812028,3.725,-0.530,0.09,0.004,0.005,-143.2,28,0.0000,0.00
16:52:42,22.263674932713755,84.91001471812028,3.725,-0.530,0.09,0.004,0.005,-143.2,28,0.0000,0.00
16:52:42,22.263674932713755,84.91001471812028,3.725,-0.529,0.09,0.004,0.005,-143.2,28,10.0005,0.00
16:52:43,22.263674932713755,84.91001471812028,3.725,-0.529,0.09,0.004,0.005,-143.2,28,10.0005,0.00
16:52:43,22.263674932713755,84.91001471812028,3.725,-0.529,0.09,0.004,0.005,-143.2,28,10.0005,0.00
16:52:43,22.263674932713755,84.91001471812028,3.726,-0.529,0.09,0.004,0.005,-143.2,28,10.0005,0.00
16:52:43,22.263674932713755,84.91001471812028,3.726,-0.528,0.09,0.004,0.005,-143.2,28,10.0005,0.00
16:52:43,22.263674932713755,84.91001471812028,3.726,-0.528,0.09,0.004,0.005,-143.3,28,0.0000,0.00
16:52:43,22.263674932713755,84.91001471812028,3.726,-0.528,0.09,0.004,0.005,-143.3,28,0.0000,0.00
16:52:43,22.263674932713755,84.91001471812028,3.726,-0.528,0.09,0.004,0.005,-143.3,28,0.0000,0.00
16:52:43,22.263674932713755,84.91001471812028,3.727,-0.527,0.09,0.004,0.005,-143.3,28,0.0000,0.00
16:52:43,22.263674932713755,84.91001471812028,3.727,-0.527,0.10,0.004,0.005,-143.3,28,0.0000,0.00
16:52:43,22.263674932713755,84.91001471812028,3.727,-0.527,0.10,0.004,0.005,-143.3,28,0.0000,0.00
16:52:43,22.263674932713755,84.91001471812028,3.727,-0.526,0.10,0.004,0.005,-143.3,28,0.0000,0.00
16:52:43,22.263674932713755,84.91001471812028,3.727,-0.526,0.10,0.004,0.005,-143.2,28,0.0000,0.00
16:52:43,22.263674932713755,84.91001471812028,3.728,-0.526,0.10,0.004,0.005,-143.2,28,0.0000,0.00
16:52:43,22.263674932713755,84.91001471812028,3.728,-0.526,0.10,0.004,0.005,-143.2,28,0.0000,0.00
16:52:43,22.263674932713755,84.91001471812028,3.728,-0.525,0.10,0.004,0.005,-143.3,28,10.0005,0.00
16:52:43,22.263674932713755,84.91001471812028,3.728,-0.525,0.10,0.004,0.005,-143.3,28,0.0000,0.00
16:52:43,22.263674932713755,84.91001471812028,3.728,-0.525,0.09,0.004,0.005,-143.3,28,0.0000,0.00
16:52:43,22.263674932713755,84.91001471812028,3.729,-0.525,0.09,0.004,0.005,-143.3,28,0.0000,0.00
16:52:43,22.263674932713755,84.91001471812028,3.729,-0.524,0.09,0.004,0.005,-143.3,28,0.0000,0.00
16:52:43,22.263674932713755,84.91001471812028,3.729,-0.524,0.09,0.004,0.005,-143.3,28,0.0000,0.00
16:52:44,22.263674932713755,84.91001471812028,3.729,-0.524,0.10,0.004,0.005,-143.3,28,0.0000,0.00
16:52:44,22.263674932713755,84.91001471812028,3.729,-0.524,0.10,0.004,0.005,-143.3,28,0.0000,0.00
16:52:44,22.263674932713755,84.91001471812028,3.730,-0.523,0.10,0.004,0.005,-143.3,28,10.0005,0.00
16:52:44,22.263674932713755,84.91001471812028,3.730,-0.523,0.10,0.004,0.005,-143.3,28,0.0000,0.00
16:52:44,22.263674932713755,84.91001471812028,3.730,-0.523,0.10,0.004,0.005,-143.3,28,0.0000,0.00
16:52:44,22.263674932713755,84.91001471812028,3.730,-0.522,0.10,0.004,0.005,-143.3,28,0.0000,0.00
16:52:44,22.263674932713755,84.91001471812028,3.730,-0.522,0.10,0.004,0.005,-143.3,28,0.0000,0.00
16:52:44,22.263674932713755,84.91001471812028,3.731,-0.522,0.10,0.004,0.005,-143.3,28,0.0000,0.00
16:52:44,22.263674932713755,84.91001471812028,3.731,-0.522,0.10,0.004,0.005,-143.3,28,0.0000,0.00
16:52:44,22.263674932713755,84.91001471812028,3.731,-0.521,0.10,0.004,0.005,-143.3,28,0.0000,0.00
16:52:44,22.263674932713755,84.91001471812028,3.731,-0.521,0.10,0.004,0.005,-143.3,28,10.0005,0.00
16:52:44,22.263674932713755,84.91001471812028,3.731,-0.521,0.10,0.004,0.005,-143.3,28,10.0005,0.00
16:52:44,22.263674932713755,84.91001471812028,3.732,-0.521,0.10,0.004,0.005,-143.3,28,10.0005,0.00
16:52:44,22.263674932713755,84.91001471812028,3.732,-0.520,0.09,0.004,0.005,-143.2,28,10.0005,0.00
16:52:44,22.263674932713755,84.91001471812028,3.732,-0.520,0.09,0.004,0.005,-143.2,28,10.0005,0.00
16:52:44,22.263674932713755,84.91001471812028,3.732,-0.520,0.09,0.004,0.005,-143.2,28,10.0005,0.00
16:52:44,22.263674932713755,84.91001471812028,3.732,-0.520,0.09,0.004,0.005,-143.2,28,10.0005,0.00
16:52:44,22.263674932713755,84.91001471812028,3.733,-0.519,0.09,0.004,0.005,-143.2,28,10.0005,0.00
16:52:44,22.263674932713755,84.91001471812028,3.733,-0.519,0.09,0.004,0.005,-143.2,28,10.0005,0.00
16:52:45,22.263674932713755,84.91001471812028,3.733,-0.518,0.09,0.004,0.005,-143.2,28,10.0005,0.00
16:52:45,22.263674932713755,84.91001471812028,3.733,-0.518,0.09,0.004,0.005,-143.2,28,10.0005,0.00
16:52:45,22.263674932713755,84.91001471812028,3.734,-0.518,0.09,0.004,0.005,-143.2,28,10.0005,0.00
16:52:45,22.263674932713755,84.91001471812028,3.734,-0.518,0.09,0.004,0.005,-143.2,28,10.0005,0.00
16:52:45,22.263674932713755,84.91001471812028,3.734,-0.517,0.09,0.004,0.005,-143.2,28,10.0005,0.00
16:52:45,22.263674932713755,84.91001471812028,3.734,-0.517,0.09,0.004,0.005,-143.2,28,10.0005,0.00
16:52:45,22.263674932713755,84.91001471812028,3.734,-0.517,0.09,0.004,0.005,-143.2,28,10.0005,0.00
16:52:45,22.263674932713755,84.91001471812028,3.735,-0.517,0.09,0.004,0.005,-143.2,28,10.0005,0.00
16:52:45,22.263674932713755,84.91001471812028,3.735,-0.516,0.09,0.004,0.005,-143.2,28,10.0005,0.00
16:52:45,22.263674932713755,84.91001471812028,3.735,-0.516,0.09,0.004,0.005,-143.2,28,10.0005,0.00
16:52:46,22.263674932713755,84.91001471812028,3.735,-0.516,0.09,0.004,0.005,-143.2,28,10.0005,0.00
16:52:46,22.263674932713755,84.91001471812028,3.736,-0.516,0.09,0.004,0.005,-143.2,28,10.0005,0.00
16:52:46,22.263674932713755,84.91001471812028,3.736,-0.515,0.09,0.004,0.005,-143.2,28,10.0005,0.00
16:52:46,22.263674932713755,84.91001471812028,3.736,-0.515,0.09,0.004,0.005,-143.2,28,10.0005,0.00
16:52:46,22.263674932713755,84.91001471812028,3.736,-0.515,0.09,0.004,0.005,-143.2,28,10.0005,0.00
16:52:46,22.263674932713755,84.91001471812028,3.736,-0.514,0.09,0.004,0.005,-143.2,28,10.0005,0.00
16:52:46,22.263674932713755,84.91001471812028,3.737,-0.514,0.09,0.004,0.005,-143.2,28,10.0005,0.00
16:52:46,22.263674932713755,84.91001471812028,3.737,-0.514,0.09,0.004,0.005,-143.2,28,10.0005,0.00
16:52:46,22.263674932713755,84.91001471812028,3.737,-0.514,0.09,0.004,0.005,-143.2,28,10.0005,0.00
16:52:46,22.263674932713755,84.91001471812028,3.737,-0.513,0.09,0.004,0.005,-143.2,28,10.0005,0.00
16:52:46,22.263674932713755,84.91001471812028,3.737,-0.513,0.09,0.004,0.005,-143.1,28,10.0005,0.00
16:52:46,22.263674932713755,84.91001471812028,3.738,-0.513,0.09,0.004,0.005,-143.1,28,10.0005,0.00
16:52:46,22.263674932713755,84.91001471812028,3.738,-0.513,0.09,0.004,0.005,-143.1,28,10.0005,0.00
16:52:46,22.263674932713755,84.91001471812028,3.738,-0.512,0.09,0.004,0.005,-143.1,28,10.0005,0.00
16:52:46,22.263674932713755,84.91001471812028,3.738,-0.512,0.09,0.004,0.005,-143.1,28,10.0005,0.00
16:52:46,22.263674932713755,84.91001471812028,3.738,-0.512,0.09,0.004,0.005,-143.1,28,10.0005,0.00
16:52:46,22.263674932713755,84.91001471812028,3.739,-0.512,0.09,0.004,0.005,-143.1,28,10.0005,0.00
16:52:46,22.263674932713755,84.91001471812028,3.739,-0.511,0.09,0.004,0.005,-143.1,28,10.0005,0.00
16:52:46,22.263674932713755,84.91001471812028,3.739,-0.511,0.09,0.004,0.005,-143.1,28,10.0005,0.00
16:52:46,22.263674932713755,84.91001471812028,3.739,-0.511,0.09,0.004,0.005,-143.1,28,10.0005,0.00
16:52:46,22.263674932713755,84.91001471812028,3.739,-0.510,0.09,0.004,0.005,-143.1,28,10.0005,0.00
16:52:46,22.263674932713755,84.91001471812028,3.740,-0.510,0.09,0.004,0.005,-143.1,28,10.0005,0.00
16:52:46,22.263674932713755,84.91001471812028,3.740,-0.510,0.09,0.004,0.005,-143.1,28,10.0005,0.00
16:52:46,22.263674932713755,84.91001471812028,3.740,-0.510,0.09,0.004,0.005,-143.1,28,10.0005,0.00
16:52:46,22.263674932713755,84.91001471812028,3.740,-0.509,0.09,0.004,0.005,-143.1,28,10.0005,0.00
16:52:46,22.263674932713755,84.91001471812028,3.740,-0.509,0.09,0.004,0.005,-143.1,28,10.0005,0.00
16:52:46,22.263674932713755,84.91001471812028,3.741,-0.509,0.09,0.004,0.005,-143.1,28,10.0005,0.00
16:52:46,22.263674932713755,84.91001471812028,3.741,-0.509,0.09,0.004,0.005,-143.1,28,10.0005,0.00
16:52:46,22.263674932713755,84.91001471812028,3.741,-0.508,0.09,0.004,0.005,-143.1,28,10.0005,0.00
16:52:46,22.263674932713755,84.91001471812028,3.741,-0.508,0.09,0.004,0.005,-143.1,28,10.0005,0.00
16:52:47,22.263674932713755,84.91001471812028,3.741,-0.508,0.09,0.004,0.005,-143.1,28,10.0005,0.00
16:52:47,22.263674932713755,84.91001471812028,3.742,-0.508,0.09,0.004,0.005,-143.1,28,10.0005,0.00
16:52:47,22.263674932713755,84.91001471812028,3.742,-0.507,0.09,0.004,0.005,-143.1,28,10.0005,0.00
16:52:47,22.263674932713755,84.91001471812028,3.742,-0.507,0.09,0.004,0.005,-143.1,28,10.0005,0.00
16:52:47,22.263674932713755,84.91001471812028,3.742,-0.507,0.09,0.004,0.005,-143.1,28,10.0005,0.00
16:52:47,22.263674932713755,84.91001471812028,3.742,-0.506,0.09,0.004,0.005,-143.1,28,10.0005,0.00
16:52:47,22.263674932713755,84.91001471812028,3.743,-0.506,0.09,0.004,0.005,-143.1,28,10.0005,0.00
16:52:47,22.263674932713755,84.91001471812028,3.743,-0.506,0.09,0.004,0.005,-143.1,28,10.0005,0.00
16:52:47,22.263674932713755,84.91001471812028,3.743,-0.506,0.09,0.004,0.005,-143.1,28,10.0005,0.00
16:52:47,22.263674932713755,84.91001471812028,3.743,-0.505,0.09,0.004,0.005,-143.1,28,10.0005,0.00
16:52:47,22.263674932713755,84.91001471812028,3.743,-0.505,0.09,0.004,0.005,-143.1,28,10.0005,0.00
16:52:47,22.263674932713755,84.91001471812028,3.744,-0.505,0.09,0.004,0.005,-143.1,28,10.0005,0.00
16:52:47,22.263674932713755,84.91001471812028,3.744,-0.505,0.09,0.004,0.005,-143.1,28,10.0005,0.00
16:52:47,22.263674932713755,84.91001471812028,3.744,-0.504,0.09,0.004,0.005,-143.1,28,10.0005,0.00
16:52:47,22.263674932713755,84.91001471812028,3.744,-0.504,0.09,0.004,0.005,-143.1,28,10.0005,0.00
16:52:47,22.263674932713755,84.91001471812028,3.745,-0.504,0.09,0.004,0.005,-143.1,28,10.0005,0.00
16:52:47,22.263674932713755,84.91001471812028,3.745,-0.504,0.09,0.004,0.005,-143.1,28,10.0005,0.00
16:52:47,22.263674932713755,84.91001471812028,3.745,-0.503,0.09,0.004,0.005,-143.1,28,10.0005,0.00
16:52:47,22.263674932713755,84.91001471812028,3.745,-0.503,0.09,0.004,0.005,-143.1,28,10.0005,0.00
16:52:47,22.263674932713755,84.91001471812028,3.745,-0.503,0.09,0.004,0.005,-143.1,28,10.0005,0.00
16:52:48,22.263674932713755,84.91001471812028,3.746,-0.502,0.09,0.004,0.005,-143.1,28,10.0005,0.00
16:52:48,22.263674932713755,84.91001471812028,3.746,-0.502,0.09,0.004,0.005,-143.2,28,10.0005,0.00
16:52:48,22.263674932713755,84.91001471812028,3.746,-0.502,0.09,0.004,0.005,-143.2,28,10.0005,0.00
16:52:48,22.263674932713755,84.91001471812028,3.746,-0.502,0.09,0.004,0.005,-143.2,28,10.0005,0.00
16:52:48,22.263674932713755,84.91001471812028,3.746,-0.501,0.09,0.004,0.005,-143.2,28,10.0005,0.00
16:52:48,22.263674932713755,84.91001471812028,3.747,-0.501,0.09,0.004,0.005,-143.2,28,10.0005,0.00
16:52:48,22.263674932713755,84.91001471812028,3.747,-0.501,0.09,0.004,0.005,-143.2,28,10.0005,0.00
16:52:48,22.263674932713755,84.91001471812028,3.747,-0.501,0.09,0.004,0.005,-143.2,28,10.0005,0.00
16:52:48,22.263674932713755,84.91001471812028,3.747,-0.500,0.09,0.004,0.005,-143.2,28,10.0005,0.00
16:52:48,22.263674932713755,84.91001471812028,3.747,-0.500,0.09,0.004,0.005,-143.1,28,10.0005,0.00
16:52:48,22.263674932713755,84.91001471812028,3.748,-0.500,0.09,0.004,0.005,-143.1,28,10.0005,0.00
16:52:48,22.263674932713755,84.91001471812028,3.748,-0.500,0.09,0.004,0.005,-143.1,28,10.0005,0.00
16:52:48,22.263674932713755,84.91001471812028,3.748,-0.499,0.09,0.004,0.005,-143.1,28,10.0005,0.00
16:52:48,22.263674932713755,84.91001471812028,3.748,-0.499,0.08,0.004,0.005,-143.0,28,10.0005,0.00
16:52:48,22.263674932713755,84.91001471812028,3.748,-0.499,0.08,0.004,0.005,-143.0,28,10.0005,0.00
16:52:48,22.263674932713755,84.91001471812028,3.749,-0.498,0.08,0.004,0.005,-143.0,28,10.0005,0.00
16:52:48,22.263674932713755,84.91001471812028,3.749,-0.498,0.08,0.004,0.005,-143.1,28,10.0005,0.00
16:52:48,22.263674932713755,84.91001471812028,3.749,-0.498,0.08,0.004,0.005,-143.2,28,10.0005,0.00
16:52:48,22.263674932713755,84.91001471812028,3.749,-0.498,0.08,0.004,0.005,-143.5,28,10.0005,0.00
16:52:48,22.263674932713755,84.91001471812028,3.749,-0.497,0.08,0.004,0.005,-143.5,28,10.0005,0.00
16:52:49,22.263674932713755,84.91001471812028,3.750,-0.497,0.08,0.004,0.005,-143.6,28,10.0005,0.00
16:52:49,22.263674932713755,84.91001471812028,3.750,-0.497,0.08,0.004,0.005,-144.0,28,10.0005,0.00
16:52:49,22.263674932713755,84.91001471812028,3.750,-0.497,0.07,0.004,0.005,-144.4,28,10.0005,0.00
16:52:49,22.263674932713755,84.91001471812028,3.750,-0.496,0.07,0.004,0.005,-144.4,28,10.0005,0.00
16:52:49,22.263674932713755,84.91001471812028,3.750,-0.496,0.07,0.004,0.005,-144.8,28,10.0005,0.00
16:52:49,22.263674932713755,84.91001471812028,3.751,-0.496,0.07,0.004,0.005,-145.1,28,10.0005,0.00
16:52:49,22.263674932713755,84.91001471812028,3.751,-0.496,0.05,0.004,0.005,-145.2,28,10.0005,0.00
16:52:49,22.263674932713755,84.91001471812028,3.751,-0.495,0.05,0.004,0.005,-145.1,28,10.0005,0.00
16:52:49,22.263674932713755,84.91001471812028,3.751,-0.495,0.05,0.004,0.005,-145.1,28,10.0005,0.00
16:52:49,22.263674932713755,84.91001471812028,3.751,-0.495,0.05,0.004,0.005,-145.1,28,10.0005,0.00
16:52:49,22.263674932713755,84.91001471812028,3.752,-0.494,0.05,0.004,0.005,-145.1,28,10.0005,0.00
16:52:49,22.263674932713755,84.91001471812028,3.752,-0.494,0.05,0.004,0.005,-145.1,28,10.0005,0.00
16:52:49,22.263674932713755,84.91001471812028,3.752,-0.494,0.05,0.004,0.005,-145.1,28,10.0005,0.00
16:52:49,22.263674932713755,84.91001471812028,3.752,-0.494,0.05,0.004,0.005,-145.1,28,10.0005,0.00
16:52:49,22.263674932713755,84.91001471812028,3.752,-0.493,0.05,0.004,0.005,-145.0,28,10.0005,0.00
16:52:49,22.263674932713755,84.91001471812028,3.753,-0.493,0.05,0.004,0.005,-145.0,28,10.0005,0.00
16:52:49,22.263674932713755,84.91001471812028,3.753,-0.493,0.05,0.004,0.005,-145.0,28,10.0005,0.00
16:52:49,22.263674932713755,84.91001471812028,3.753,-0.493,0.05,0.004,0.005,-145.0,28,10.0005,0.00
16:52:49,22.263674932713755,84.91001471812028,3.753,-0.492,0.05,0.004,0.005,-145.0,28,10.0005,0.00
16:52:49,22.263674932713755,84.91001471812028,3.753,-0.492,0.04,0.004,0.005,-145.0,28,10.0005,0.00
16:52:50,22.263674932713755,84.91001471812028,3.754,-0.492,0.04,0.004,0.005,-145.0,28,10.0005,0.00
16:52:50,22.263674932713755,84.91001471812028,3.754,-0.492,0.04,0.004,0.005,-145.1,28,10.0005,0.00
16:52:50,22.263674932713755,84.91001471812028,3.754,-0.491,0.04,0.004,0.005,-145.1,28,10.0005,0.00
16:52:50,22.263674932713755,84.91001471812028,3.754,-0.491,0.04,0.004,0.005,-145.1,28,10.0005,0.00
16:52:50,22.263674932713755,84.91001471812028,3.754,-0.491,0.04,0.004,0.005,-145.1,28,10.0005,0.00
16:52:50,22.263674932713755,84.91001471812028,3.755,-0.490,0.04,0.004,0.005,-145.2,28,10.0005,0.00
16:52:50,22.263674932713755,84.91001471812028,3.755,-0.490,0.04,0.004,0.005,-145.3,28,10.0005,0.00
16:52:50,22.263674932713755,84.91001471812028,3.755,-0.490,0.07,0.004,0.005,-145.4,28,10.0005,0.00
16:52:50,22.263674932713755,84.91001471812028,3.755,-0.490,0.07,0.004,0.005,-145.4,28,10.0005,0.00
16:52:50,22.263674932713755,84.91001471812028,3.756,-0.489,0.07,0.004,0.005,-145.5,28,10.0005,0.00
16:52:50,22.263674932713755,84.91001471812028,3.756,-0.489,0.07,0.004,0.005,-145.7,28,10.0005,0.00
16:52:50,22.263674932713755,84.91001471812028,3.756,-0.489,0.08,0.004,0.005,-145.8,28,10.0005,0.00
16:52:50,22.263674932713755,84.91001471812028,3.756,-0.489,0.08,0.004,0.005,-145.8,28,10.0005,0.00
16:52:50,22.263674932713755,84.91001471812028,3.756,-0.488,0.08,0.004,0.005,-145.9,28,10.0005,0.00
16:52:50,22.263674932713755,84.91001471812028,3.757,-0.488,0.08,0.004,0.005,-146.0,28,10.0005,0.00
16:52:50,22.263674932713755,84.91001471812028,3.757,-0.488,0.08,0.004,0.005,-146.1,28,10.0005,0.00
16:52:50,22.263674932713755,84.91001471812028,3.757,-0.488,0.08,0.004,0.005,-146.1,28,10.0005,0.00
16:52:50,22.263674932713755,84.91001471812028,3.757,-0.487,0.08,0.004,0.005,-146.3,28,10.0005,0.00
16:52:50,22.263674932713755,84.91001471812028,3.757,-0.487,0.08,0.004,0.005,-146.5,28,10.0005,0.00
16:52:51,22.263674932713755,84.91001471812028,3.758,-0.487,0.08,0.004,0.005,-146.6,28,10.0005,0.00
16:52:51,22.263674932713755,84.91001471812028,3.758,-0.486,0.09,0.004,0.005,-146.8,28,10.0005,0.00
16:52:51,22.263674932713755,84.91001471812028,3.758,-0.486,0.09,0.004,0.005,-146.8,28,10.0005,0.00
16:52:51,22.263674932713755,84.91001471812028,3.758,-0.486,0.09,0.004,0.005,-147.0,28,10.0005,0.00
16:52:51,22.263674932713755,84.91001471812028,3.758,-0.486,0.09,0.004,0.005,-147.2,28,10.0005,0.00
16:52:51,22.263674932713755,84.91001471812028,3.759,-0.485,0.09,0.004,0.005,-147.3,28,10.0005,0.00
16:52:51,22.263674932713755,84.91001471812028,3.759,-0.485,0.09,0.004,0.005,-147.3,28,10.0005,0.00
16:52:51,22.263674932713755,84.91001471812028,3.759,-0.485,0.09,0.004,0.005,-147.4,28,10.0005,0.00
16:52:51,22.263674932713755,84.91001471812028,3.759,-0.485,0.09,0.004,0.005,-147.4,28,10.0005,0.00
16:52:51,22.263674932713755,84.91001471812028,3.759,-0.484,0.09,0.004,0.005,-147.4,28,10.0005,0.00
16:52:51,22.263674932713755,84.91001471812028,3.760,-0.484,0.09,0.004,0.005,-147.4,28,10.0005,0.00
16:52:51,22.263674932713755,84.91001471812028,3.760,-0.484,0.09,0.004,0.005,-147.4,28,10.0005,0.00
16:52:51,22.263674932713755,84.91001471812028,3.760,-0.484,0.09,0.004,0.005,-147.4,28,10.0005,0.00
16:52:51,22.263674932713755,84.91001471812028,3.760,-0.483,0.09,0.004,0.005,-147.5,28,10.0005,0.00
16:52:51,22.263674932713755,84.91001471812028,3.760,-0.483,0.09,0.004,0.005,-147.5,28,10.0005,0.00
16:52:51,22.263674932713755,84.91001471812028,3.761,-0.483,0.09,0.004,0.005,-147.5,28,10.0005,0.00
16:52:51,22.263674932713755,84.91001471812028,3.761,-0.482,0.09,0.004,0.005,-147.5,28,10.0005,0.00
16:52:51,22.263674932713755,84.91001471812028,3.761,-0.482,0.09,0.004,0.005,-147.5,28,10.0005,0.00
16:52:51,22.263674932713755,84.91001471812028,3.761,-0.482,0.09,0.004,0.005,-147.5,28,10.0005,0.00
16:52:51,22.263674932713755,84.91001471812028,3.761,-0.482,0.09,0.004,0.005,-147.5,28,10.0005,0.00
16:52:52,22.263674932713755,84.91001471812028,3.762,-0.481,0.09,0.004,0.005,-147.5,28,10.0005,0.00
16:52:52,22.263674932713755,84.91001471812028,3.762,-0.481,0.09,0.004,0.005,-147.5,28,10.0005,0.00
16:52:52,22.263674932713755,84.91001471812028,3.762,-0.481,0.09,0.004,0.005,-147.5,28,10.0005,0.00
16:52:52,22.263674932713755,84.91001471812028,3.762,-0.481,0.09,0.004,0.005,-147.5,28,10.0005,0.00
16:52:52,22.263674932713755,84.91001471812028,3.762,-0.480,0.09,0.004,0.005,-147.5,28,10.0005,0.00
16:52:52,22.263674932713755,84.91001471812028,3.763,-0.480,0.09,0.004,0.005,-147.5,28,10.0005,0.00
16:52:52,22.263674932713755,84.91001471812028,3.763,-0.480,0.09,0.004,0.005,-147.3,28,10.0005,0.00
16:52:52,22.263674932713755,84.91001471812028,3.763,-0.480,0.09,0.004,0.005,-147.3,28,10.0005,0.00
16:52:52,22.263674932713755,84.91001471812028,3.763,-0.479,0.09,0.004,0.005,-147.1,28,10.0005,0.00
16:52:52,22.263674932713755,84.91001471812028,3.763,-0.479,0.09,0.004,0.005,-146.6,28,10.0005,0.00
16:52:52,22.263674932713755,84.91001471812028,3.764,-0.479,0.09,0.004,0.005,-146.6,28,10.0005,0.00
16:52:52,22.263674932713755,84.91001471812028,3.764,-0.478,0.09,0.004,0.005,-146.2,28,10.0005,0.00
16:52:52,22.263674932713755,84.91001471812028,3.764,-0.478,0.09,0.004,0.005,-146.0,28,10.0005,0.00
16:52:52,22.263674932713755,84.91001471812028,3.764,-0.478,0.09,0.004,0.005,-145.9,28,10.0005,0.00
16:52:52,22.263674932713755,84.91001471812028,3.764,-0.478,0.09,0.004,0.005,-145.9,28,10.0005,0.00
16:52:52,22.263674932713755,84.91001471812028,3.765,-0.477,0.06,0.004,0.005,-145.8,28,10.0005,0.00
16:52:52,22.263674932713755,84.91001471812028,3.765,-0.477,0.06,0.004,0.005,-145.8,28,10.0005,0.00
16:52:52,22.263674932713755,84.91001471812028,3.765,-0.477,0.06,0.004,0.005,-145.8,28,10.0005,0.00
16:52:52,22.263674932713755,84.91001471812028,3.765,-0.477,0.06,0.004,0.005,-145.8,28,10.0005,0.00
16:52:52,22.263674932713755,84.91001471812028,3.766,-0.476,0.05,0.004,0.005,-145.7,28,10.0005,0.00
16:52:53,22.263674932713755,84.91001471812028,3.766,-0.476,0.05,0.004,0.005,-145.7,28,10.0005,0.00
16:52:53,22.263674932713755,84.91001471812028,3.766,-0.476,0.05,0.004,0.005,-145.7,28,10.0005,0.00
16:52:53,22.263674932713755,84.91001471812028,3.766,-0.476,0.05,0.004,0.005,-145.7,28,10.0005,0.00
16:52:53,22.263674932713755,84.91001471812028,3.766,-0.475,0.05,0.004,0.005,-145.8,28,10.0005,0.00
16:52:53,22.263674932713755,84.91001471812028,3.767,-0.475,0.05,0.004,0.005,-145.9,28,10.0005,0.00
16:52:53,22.263674932713755,84.91001471812028,3.767,-0.475,0.05,0.004,0.005,-146.1,28,10.0005,0.00
16:52:53,22.263674932713755,84.91001471812028,3.767,-0.474,0.05,0.004,0.005,-146.1,28,10.0005,0.00
16:52:53,22.263674932713755,84.91001471812028,3.767,-0.474,0.06,0.004,0.005,-146.3,28,10.0005,0.00
16:52:53,22.263674932713755,84.91001471812028,3.767,-0.474,0.06,0.004,0.005,-146.5,28,10.0005,0.00
16:52:53,22.263674932713755,84.91001471812028,3.768,-0.474,0.06,0.004,0.005,-147.2,28,10.0005,0.00
16:52:53,22.263674932713755,84.91001471812028,3.768,-0.473,0.06,0.004,0.005,-147.2,28,10.0005,0.00
16:52:53,22.263674932713755,84.91001471812028,3.768,-0.473,0.06,0.004,0.005,-147.5,28,10.0005,0.00
16:52:53,22.263674932713755,84.91001471812028,3.768,-0.473,0.07,0.004,0.005,-147.6,28,10.0005,0.00
16:52:53,22.263674932713755,84.91001471812028,3.768,-0.473,0.07,0.004,0.005,-147.7,28,10.0005,0.00
16:52:53,22.263674932713755,84.91001471812028,3.769,-0.472,0.07,0.004,0.005,-147.8,28,10.0005,0.00
16:52:53,22.263674932713755,84.91001471812028,3.769,-0.472,0.07,0.004,0.005,-147.8,28,10.0005,0.00
16:52:53,22.263674932713755,84.91001471812028,3.769,-0.472,0.07,0.004,0.005,-147.8,28,10.0005,0.00
16:52:53,22.263674932713755,84.91001471812028,3.769,-0.472,0.07,0.004,0.005,-147.9,28,10.0005,0.00
16:52:53,22.263674932713755,84.91001471812028,3.769,-0.471,0.07,0.004,0.005,-148.1,28,10.0005,0.00
16:52:53,22.263674932713755,84.91001471812028,3.770,-0.471,0.07,0.004,0.005,-148.1,28,10.0005,0.00
16:52:54,22.263674932713755,84.91001471812028,3.770,-0.471,0.09,0.004,0.005,-148.5,28,10.0005,0.00
16:52:54,22.263674932713755,84.91001471812028,3.770,-0.470,0.09,0.004,0.005,-148.8,28,10.0005,0.00
16:52:54,22.263674932713755,84.91001471812028,3.770,-0.470,0.09,0.004,0.005,-149.1,28,10.0005,0.00
16:52:54,22.263674932713755,84.91001471812028,3.770,-0.470,0.09,0.004,0.005,-149.1,28,10.0005,0.00
16:52:54,22.263674932713755,84.91001471812028,3.771,-0.470,0.09,0.004,0.005,-149.1,28,10.0005,0.00
16:52:54,22.263674932713755,84.91001471812028,3.771,-0.469,0.09,0.004,0.005,-149.1,28,10.0005,0.00
16:52:54,22.263674932713755,84.91001471812028,3.771,-0.469,0.09,0.004,0.005,-149.1,28,10.0005,0.00
16:52:54,22.263674932713755,84.91001471812028,3.771,-0.469,0.09,0.004,0.005,-149.1,28,10.0005,0.00
16:52:54,22.263674932713755,84.91001471812028,3.771,-0.469,0.09,0.004,0.005,-149.1,28,10.0005,0.00
16:52:54,22.263674932713755,84.91001471812028,3.772,-0.468,0.09,0.004,0.005,-149.1,28,10.0005,0.00
16:52:54,22.263674932713755,84.91001471812028,3.772,-0.468,0.09,0.004,0.005,-149.2,28,10.0005,0.00
16:52:54,22.263674932713755,84.91001471812028,3.772,-0.468,0.09,0.004,0.005,-149.2,28,10.0005,0.00
16:52:54,22.263674932713755,84.91001471812028,3.772,-0.468,0.09,0.004,0.005,-149.2,28,10.0005,0.00
16:52:54,22.263674932713755,84.91001471812028,3.772,-0.467,0.09,0.004,0.005,-149.2,28,10.0005,0.00
16:52:54,22.263674932713755,84.91001471812028,3.773,-0.467,0.09,0.004,0.005,-149.2,28,10.0005,0.00
16:52:54,22.263674932713755,84.91001471812028,3.773,-0.467,0.09,0.004,0.005,-149.2,28,10.0005,0.00
16:52:54,22.263674932713755,84.91001471812028,3.773,-0.466,0.09,0.004,0.005,-149.2,28,10.0005,0.00
16:52:54,22.263674932713755,84.91001471812028,3.773,-0.466,0.09,0.004,0.005,-149.2,28,10.0005,0.00
16:52:54,22.263674932713755,84.91001471812028,3.773,-0.466,0.09,0.004,0.005,-149.0,28,10.0005,0.00
16:52:55,22.263674932713755,84.91001471812028,3.774,-0.466,0.09,0.004,0.005,-148.7,28,10.0005,0.00
16:52:55,22.263674932713755,84.91001471812028,3.774,-0.465,0.09,0.004,0.005,-148.7,28,10.0005,0.00
16:52:55,22.263674932713755,84.91001471812028,3.774,-0.465,0.09,0.004,0.005,-148.3,28,10.0005,0.00
16:52:55,22.263674932713755,84.91001471812028,3.774,-0.465,0.09,0.004,0.005,-147.5,28,10.0005,0.00
16:52:55,22.263674932713755,84.91001471812028,3.774,-0.465,0.09,0.004,0.005,-147.3,28,10.0005,0.00
16:52:55,22.263674932713755,84.91001471812028,3.775,-0.464,0.09,0.004,0.005,-147.3,28,10.0005,0.00
16:52:55,22.263674932713755,84.91001471812028,3.775,-0.464,0.05,0.004,0.005,-147.1,28,10.0005,0.00
16:52:55,22.263674932713755,84.91001471812028,3.775,-0.464,0.05,0.004,0.005,-147.1,28,10.0005,0.00
16:52:55,22.263674932713755,84.91001471812028,3.775,-0.464,0.05,0.004,0.005,-147.1,28,10.0005,0.00
16:52:55,22.263674932713755,84.91001471812028,3.776,-0.463,0.05,0.004,0.005,-147.1,28,10.0005,0.00
16:52:55,22.263674932713755,84.91001471812028,3.776,-0.463,0.05,0.004,0.005,-147.4,28,10.0005,0.00
16:52:55,22.263674932713755,84.91001471812028,3.776,-0.462,0.05,0.004,0.005,-147.2,28,10.0005,0.00
16:52:55,22.263674932713755,84.91001471812028,3.776,-0.462,0.05,0.004,0.005,-147.2,28,10.0005,0.00
16:52:55,22.263674932713755,84.91001471812028,3.777,-0.462,0.05,0.004,0.005,-147.0,28,10.0005,0.00
16:52:55,22.263674932713755,84.91001471812028,3.777,-0.462,0.04,0.004,0.005,-146.0,28,10.0005,0.00
16:52:55,22.263674932713755,84.91001471812028,3.777,-0.461,0.04,0.004,0.005,-145.4,28,10.0005,0.00
16:52:55,22.263674932713755,84.91001471812028,3.777,-0.461,0.04,0.004,0.005,-145.4,28,10.0005,0.00
16:52:55,22.263674932713755,84.91001471812028,3.777,-0.461,0.04,0.004,0.005,-144.8,28,10.0005,0.00
16:52:55,22.263674932713755,84.91001471812028,3.778,-0.461,0.04,0.004,0.005,-143.7,28,10.0005,0.00
16:52:55,22.263674932713755,84.91001471812028,3.778,-0.460,0.04,0.004,0.005,-143.3,28,10.0005,0.00
16:52:56,22.263674932713755,84.91001471812028,3.778,-0.460,0.04,0.004,0.005,-143.3,28,10.0005,0.00
16:52:56,22.263674932713755,84.91001471812028,3.778,-0.460,0.04,0.004,0.005,-142.9,28,10.0005,0.00
16:52:56,22.263674932713755,84.91001471812028,3.778,-0.460,0.04,0.004,0.005,-141.9,28,10.0005,0.00
16:52:56,22.263674932713755,84.91001471812028,3.779,-0.459,0.04,0.004,0.005,-141.5,28,10.0005,0.00
16:52:56,22.263674932713755,84.91001471812028,3.779,-0.459,0.04,0.004,0.005,-140.9,28,10.0005,0.00
16:52:56,22.263674932713755,84.91001471812028,3.779,-0.459,0.04,0.004,0.005,-140.9,28,10.0005,0.00
16:52:56,22.263674932713755,84.91001471812028,3.779,-0.458,0.02,0.004,0.005,-139.5,28,10.0005,0.00
16:52:56,22.263674932713755,84.91001471812028,3.779,-0.458,0.02,0.004,0.005,-138.7,28,10.0005,0.00
16:52:56,22.263674932713755,84.91001471812028,3.780,-0.458,0.02,0.004,0.005,-138.7,28,10.0005,0.00
16:52:56,22.263674932713755,84.91001471812028,3.780,-0.458,0.02,0.004,0.005,-137.7,28,10.0005,0.00
16:52:56,22.263674932713755,84.91001471812028,3.780,-0.457,0.02,0.004,0.005,-136.2,28,10.0005,0.00
16:52:56,22.263674932713755,84.91001471812028,3.780,-0.457,0.00,0.004,0.005,-135.6,28,10.0005,0.00
16:52:56,22.263674932713755,84.91001471812028,3.780,-0.457,0.00,0.004,0.005,-134.8,28,10.0005,0.00
16:52:56,22.263674932713755,84.91001471812028,3.781,-0.457,0.00,0.004,0.005,-134.8,28,10.0005,0.00
16:52:56,22.263674932713755,84.91001471812028,3.781,-0.456,0.00,0.004,0.005,-133.4,28,10.0005,0.00
16:52:56,22.263674932713755,84.91001471812028,3.781,-0.456,0.00,0.004,0.005,-132.8,28,10.0005,0.00
16:52:56,22.263674932713755,84.91001471812028,3.781,-0.456,0.00,0.004,0.005,-132.8,28,10.0005,0.00
16:52:56,22.263674932713755,84.91001471812028,3.781,-0.456,0.00,0.004,0.005,-132.2,28,10.0005,0.00
16:52:56,22.263674932713755,84.91001471812028,3.782,-0.455,0.00,0.004,0.005,-131.4,28,10.0005,0.00
16:52:56,22.263674932713755,84.91001471812028,3.782,-0.455,0.01,0.004,0.005,-131.3,28,10.0005,0.00
16:52:57,22.263674932713755,84.91001471812028,3.782,-0.455,0.01,0.004,0.005,-131.1,28,10.0005,0.00
16:52:57,22.263674932713755,84.91001471812028,3.782,-0.454,0.01,0.004,0.005,-131.1,28,10.0005,0.00
16:52:57,22.263674932713755,84.91001471812028,3.782,-0.454,0.01,0.004,0.005,-130.1,28,10.0005,0.00
16:52:57,22.263674932713755,84.91001471812028,3.783,-0.454,0.01,0.004,0.005,-129.6,28,10.0005,0.00
16:52:57,22.263674932713755,84.91001471812028,3.783,-0.454,0.01,0.004,0.005,-129.6,28,10.0005,0.00
16:52:57,22.263674932713755,84.91001471812028,3.783,-0.453,0.01,0.004,0.005,-129.0,28,10.0005,0.00
16:52:57,22.263674932713755,84.91001471812028,3.783,-0.453,0.01,0.004,0.005,-127.9,28,10.0005,0.00
16:52:57,22.263674932713755,84.91001471812028,3.783,-0.453,0.01,0.004,0.005,-127.6,28,10.0005,0.00
16:52:57,22.263674932713755,84.91001471812028,3.784,-0.453,0.00,0.004,0.005,-127.6,28,10.0005,0.00
16:52:57,22.263674932713755,84.91001471812028,3.784,-0.452,0.00,0.004,0.005,-127.3,28,10.0005,0.00
16:52:57,22.263674932713755,84.91001471812028,3.784,-0.452,0.00,0.004,0.005,-127.1,28,10.0005,0.00
16:52:57,22.263674932713755,84.91001471812028,3.784,-0.452,0.00,0.004,0.005,-127.0,28,10.0005,0.00
16:52:57,22.263674932713755,84.91001471812028,3.785,-0.452,0.00,0.004,0.005,-127.0,28,10.0005,0.00
16:52:57,22.263674932713755,84.91001471812028,3.785,-0.451,0.00,0.004,0.005,-126.9,28,10.0005,0.00
16:52:57,22.263674932713755,84.91001471812028,3.785,-0.451,0.00,0.004,0.005,-126.8,28,10.0005,0.00
16:52:57,22.263674932713755,84.91001471812028,3.785,-0.451,0.00,0.004,0.005,-126.6,28,10.0005,0.00
16:52:57,22.263674932713755,84.91001471812028,3.785,-0.450,0.00,0.004,0.005,-126.6,28,10.0005,0.00
16:52:57,22.263674932713755,84.91001471812028,3.786,-0.450,0.00,0.004,0.005,-126.3,28,10.0005,0.00
16:52:57,22.263674932713755,84.91001471812028,3.786,-0.450,0.00,0.004,0.005,-125.2,28,10.0005,0.00
16:52:57,22.263674932713755,84.91001471812028,3.786,-0.450,0.00,0.004,0.005,-124.2,28,10.0005,0.00
16:52:58,22.263674932713755,84.91001471812028,3.786,-0.449,0.01,0.004,0.005,-124.2,28,10.0005,0.00
16:52:58,22.263674932713755,84.91001471812028,3.786,-0.449,0.01,0.004,0.005,-121.8,28,10.0005,0.00
16:52:58,22.263674932713755,84.91001471812028,3.787,-0.449,0.01,0.004,0.005,-120.7,28,10.0005,0.00
16:52:58,22.263674932713755,84.91001471812028,3.787,-0.449,0.01,0.004,0.005,-118.6,28,10.0005,0.00
16:52:58,22.263674932713755,84.91001471812028,3.787,-0.448,0.01,0.004,0.005,-118.6,28,10.0005,0.00
16:52:58,22.263674932713755,84.91001471812028,3.787,-0.448,0.01,0.004,0.005,-117.8,28,10.0005,0.00
16:52:58,22.263674932713755,84.91001471812028,3.787,-0.448,0.01,0.004,0.005,-117.1,28,10.0005,0.00
16:52:58,22.263674932713755,84.91001471812028,3.788,-0.448,0.01,0.004,0.005,-116.2,28,10.0005,0.00
16:52:58,22.263674932713755,84.91001471812028,3.788,-0.447,0.01,0.004,0.005,-116.2,28,10.0005,0.00
16:52:58,22.263674932713755,84.91001471812028,3.788,-0.447,0.01,0.004,0.005,-115.8,28,10.0005,0.00
16:52:58,22.263674932713755,84.91001471812028,3.788,-0.447,0.01,0.004,0.005,-115.4,28,10.0005,0.00
16:52:58,22.263674932713755,84.91001471812028,3.788,-0.446,0.01,0.004,0.005,-114.2,28,10.0005,0.00
16:52:58,22.263674932713755,84.91001471812028,3.789,-0.446,0.01,0.004,0.005,-114.2,28,10.0005,0.00
16:52:58,22.263674932713755,84.91001471812028,3.789,-0.446,0.01,0.004,0.005,-113.5,28,10.0005,0.00
16:52:58,22.263674932713755,84.91001471812028,3.789,-0.446,0.01,0.004,0.005,-112.9,28,10.0005,0.00
16:52:58,22.263674932713755,84.91001471812028,3.789,-0.445,0.01,0.004,0.005,-112.3,28,10.0005,0.00
16:52:58,22.263674932713755,84.91001471812028,3.789,-0.445,0.01,0.004,0.005,-112.3,28,10.0005,0.00
16:52:58,22.263674932713755,84.91001471812028,3.790,-0.445,0.01,0.004,0.005,-112.2,27,10.0005,0.00
16:52:58,22.263674932713755,84.91001471812028,3.790,-0.445,0.01,0.004,0.005,-112.3,27,10.0005,0.00
16:52:59,22.263674932713755,84.91001471812028,3.790,-0.444,0.01,0.004,0.005,-112.4,27,10.0005,0.00
16:52:59,22.263674932713755,84.91001471812028,3.790,-0.444,0.01,0.004,0.005,-112.4,27,10.0005,0.00
16:52:59,22.263674932713755,84.91001471812028,3.790,-0.444,0.01,0.004,0.005,-112.5,27,10.0005,0.00
16:52:59,22.263674932713755,84.91001471812028,3.791,-0.444,0.01,0.004,0.005,-112.6,27,10.0005,0.00
16:52:59,22.263674932713755,84.91001471812028,3.791,-0.443,0.01,0.004,0.005,-113.0,27,10.0005,0.00
16:52:59,22.263674932713755,84.91001471812028,3.791,-0.443,0.01,0.004,0.005,-113.0,27,10.0005,0.00
16:52:59,22.263674932713755,84.91001471812028,3.791,-0.443,0.01,0.004,0.005,-113.2,27,10.0005,0.00
16:52:59,22.263674932713755,84.91001471812028,3.791,-0.442,0.01,0.004,0.005,-113.3,27,10.0005,0.00
16:52:59,22.263674932713755,84.91001471812028,3.792,-0.442,0.01,0.004,0.005,-112.5,27,10.0005,0.00
16:52:59,22.263674932713755,84.91001471812028,3.792,-0.442,0.01,0.004,0.005,-112.5,27,10.0005,0.00
16:52:59,22.263674932713755,84.91001471812028,3.792,-0.442,0.01,0.004,0.005,-111.7,27,10.0005,0.00
16:52:59,22.263674932713755,84.91001471812028,3.792,-0.441,0.01,0.004,0.005,-110.6,27,10.0005,0.00
16:52:59,22.263674932713755,84.91001471812028,3.792,-0.441,0.01,0.004,0.005,-108.4,27,10.0005,0.00
16:52:59,22.263674932713755,84.91001471812028,3.793,-0.441,0.01,0.004,0.005,-108.4,27,10.0005,0.00
16:52:59,22.263674932713755,84.91001471812028,3.793,-0.441,0.01,0.004,0.005,-107.3,27,10.0005,0.00
16:52:59,22.263674932713755,84.91001471812028,3.793,-0.440,0.01,0.004,0.005,-106.3,27,10.0005,0.00
16:52:59,22.263674932713755,84.91001471812028,3.793,-0.440,0.01,0.004,0.005,-104.3,27,10.0005,0.00
16:52:59,22.263674932713755,84.91001471812028,3.793,-0.440,0.01,0.004,0.005,-104.3,27,10.0005,0.00
16:52:59,22.263674932713755,84.91001471812028,3.794,-0.440,0.01,0.004,0.005,-104.3,27,10.0005,0.00
16:52:59,22.263674932713755,84.91001471812028,3.794,-0.439,0.01,0.004,0.005,-101.8,27,10.0005,0.00
16:53:00,22.263674932713755,84.91001471812028,3.794,-0.439,0.01,0.004,0.005,-98.8,27,10.0005,0.00
16:53:00,22.263674932713755,84.91001471812028,3.794,-0.439,0.01,0.004,0.005,-98.8,27,10.0005,0.00
16:53:00,22.263674932713755,84.91001471812028,3.795,-0.438,0.01,0.004,0.005,-97.1,27,10.0005,0.00
16:53:00,22.263674932713755,84.91001471812028,3.795,-0.438,0.01,0.004,0.005,-93.6,27,10.0005,0.00
16:53:00,22.263674932713755,84.91001471812028,3.795,-0.438,0.01,0.004,0.005,-93.6,27,10.0005,0.00
16:53:00,22.263674932713755,84.91001471812028,3.795,-0.438,0.01,0.004,0.005,-91.4,27,10.0005,0.00
16:53:00,22.263674932713755,84.91001471812028,3.795,-0.437,0.01,0.004,0.005,-89.4,27,10.0005,0.00
16:53:00,22.263674932713755,84.91001471812028,3.796,-0.437,0.01,0.004,0.005,-87.9,27,10.0005,0.00
16:53:00,22.263674932713755,84.91001471812028,3.796,-0.437,0.01,0.004,0.005,-87.9,26,10.0005,0.00
16:53:00,22.263674932713755,84.91001471812028,3.796,-0.437,0.01,0.004,0.005,-86.0,26,10.0005,0.00
16:53:00,22.263674932713755,84.91001471812028,3.796,-0.436,0.01,0.004,0.005,-85.7,26,10.0005,0.00
16:53:00,22.263674932713755,84.91001471812028,3.796,-0.436,0.01,0.004,0.005,-85.9,26,10.0005,0.00
16:53:00,22.263674932713755,84.91001471812028,3.797,-0.436,0.02,0.004,0.005,-85.9,26,10.0005,0.00
16:53:00,22.263674932713755,84.91001471812028,3.797,-0.436,0.02,0.004,0.005,-86.0,26,10.0005,0.00
16:53:00,22.263674932713755,84.91001471812028,3.797,-0.435,0.02,0.004,0.005,-85.7,26,10.0005,0.00
16:53:00,22.263674932713755,84.91001471812028,3.797,-0.435,0.02,0.004,0.005,-84.9,26,10.0005,0.00
16:53:00,22.263674932713755,84.91001471812028,3.797,-0.435,0.02,0.004,0.005,-84.9,26,10.0005,0.00
16:53:00,22.263674932713755,84.91001471812028,3.798,-0.434,0.02,0.004,0.005,-83.7,26,10.0005,0.00
16:53:00,22.263674932713755,84.91001471812028,3.798,-0.434,0.02,0.004,0.005,-80.6,26,10.0005,0.00
16:53:00,22.263674932713755,84.91001471812028,3.798,-0.434,0.02,0.004,0.005,-79.2,26,10.0005,0.00
16:53:01,22.263674932713755,84.91001471812028,3.798,-0.434,0.02,0.004,0.005,-79.2,26,10.0005,0.00
16:53:01,22.263674932713755,84.91001471812028,3.798,-0.433,0.01,0.004,0.005,-78.4,26,10.0005,0.00
16:53:01,22.263674932713755,84.91001471812028,3.799,-0.433,0.01,0.004,0.005,-78.4,26,10.0005,0.00
16:53:01,22.263674932713755,84.91001471812028,3.799,-0.433,0.01,0.004,0.005,-78.4,26,10.0005,0.00
16:53:01,22.263674932713755,84.91001471812028,3.799,-0.433,0.01,0.004,0.005,-78.4,26,10.0005,0.00
16:53:01,22.263674932713755,84.91001471812028,3.799,-0.432,0.01,0.004,0.005,-78.4,26,10.0005,0.00
16:53:01,22.263674932713755,84.91001471812028,3.799,-0.432,0.01,0.004,0.005,-78.4,26,10.0005,0.00
16:53:01,22.263674932713755,84.91001471812028,3.800,-0.432,0.01,0.004,0.005,-78.4,26,10.0005,0.00
16:53:01,22.263674932713755,84.91001471812028,3.800,-0.432,0.01,0.004,0.005,-78.4,26,10.0005,0.00
16:53:01,22.263674932713755,84.91001471812028,3.800,-0.431,0.01,0.004,0.005,-78.4,26,10.0005,0.00
16:53:01,22.263674932713755,84.91001471812028,3.800,-0.431,0.01,0.004,0.005,-78.4,26,10.0005,0.00
16:53:01,22.263674932713755,84.91001471812028,3.800,-0.431,0.01,0.004,0.005,-78.4,26,10.0005,0.00
16:53:01,22.263674932713755,84.91001471812028,3.801,-0.430,0.01,0.004,0.005,-78.4,26,10.0005,0.00
16:53:01,22.263674932713755,84.91001471812028,3.801,-0.430,0.01,0.004,0.005,-78.4,26,10.0005,0.00
16:53:01,22.263674932713755,84.91001471812028,3.801,-0.430,0.01,0.004,0.005,-78.4,26,10.0005,0.00
16:53:01,22.263674932713755,84.91001471812028,3.801,-0.430,0.01,0.004,0.005,-78.4,26,10.0005,0.00
16:53:01,22.263674932713755,84.91001471812028,3.801,-0.429,0.01,0.004,0.005,-78.4,26,10.0005,0.00
16:53:01,22.263674932713755,84.91001471812028,3.802,-0.429,0.01,0.004,0.005,-78.4,26,10.0005,0.00
16:53:01,22.263674932713755,84.91001471812028,3.802,-0.429,0.01,0.004,0.005,-78.4,26,10.0005,0.00
16:53:01,22.263674932713755,84.91001471812028,3.802,-0.429,0.01,0.004,0.005,-78.4,26,10.0005,0.00
16:53:02,22.263674932713755,84.91001471812028,3.802,-0.428,0.01,0.004,0.005,-78.4,26,10.0005,0.00
16:53:02,22.263674932713755,84.91001471812028,3.802,-0.428,0.01,0.000,0.000,-78.4,26,10.0005,0.00
16:53:02,22.263674932713755,84.91001471812028,3.802,-0.428,0.01,0.000,0.000,-78.4,26,10.0005,0.00
16:53:02,22.263674932713755,84.91001471812028,3.802,-0.428,0.01,0.000,0.000,-78.4,26,10.0005,0.00
16:53:02,22.263674932713755,84.91001471812028,3.802,-0.428,0.01,0.000,0.000,-78.4,26,10.0005,0.00
16:53:02,22.263674932713755,84.91001471812028,3.802,-0.428,0.01,0.000,0.000,-78.4,26,10.0005,0.00
16:53:02,22.263674932713755,84.91001471812028,3.802,-0.428,0.01,0.000,0.000,-78.4,26,10.0005,0.00
16:53:02,22.263674932713755,84.91001471812028,3.802,-0.428,0.01,0.000,0.000,-78.4,26,10.0005,0.00
16:53:02,22.263674932713755,84.91001471812028,3.802,-0.428,0.01,0.000,0.000,-78.4,26,10.0005,0.00
16:53:02,22.263674932713755,84.91001471812028,3.802,-0.428,0.01,0.000,0.000,-78.4,26,10.0005,0.00
16:53:02,22.263674932713755,84.91001471812028,3.802,-0.428,0.01,0.000,0.000,-78.4,26,10.0005,0.00
16:53:02,22.263674932713755,84.91001471812028,3.802,-0.428,0.01,0.000,0.000,-78.4,26,10.0005,0.00
16:53:02,22.263674932713755,84.91001471812028,3.802,-0.428,0.01,0.000,0.000,-78.4,26,10.0005,0.00
16:53:02,22.263674932713755,84.91001471812028,3.802,-0.428,0.01,0.000,0.000,-78.4,26,10.0005,0.00
16:53:02,22.263674932713755,84.91001471812028,3.802,-0.428,0.01,0.000,0.000,-78.4,26,10.0005,0.00
16:53:02,22.263674932713755,84.91001471812028,3.802,-0.428,0.01,0.000,0.000,-78.4,26,10.0005,0.00
16:53:02,22.263674932713755,84.91001471812028,3.802,-0.428,0.01,0.000,0.000,-78.4,26,10.0005,0.00
16:53:02,22.263674932713755,84.91001471812028,3.802,-0.428,0.01,0.000,0.000,-78.4,26,10.0005,0.00
16:53:02,22.263674932713755,84.91001471812028,3.802,-0.428,0.01,0.000,0.000,-78.4,26,10.0005,0.00
16:53:03,22.263674932713755,84.91001471812028,3.802,-0.428,0.01,0.000,0.000,-78.4,26,10.0005,0.00
16:53:03,22.263674932713755,84.91001471812028,3.802,-0.428,0.01,0.000,0.000,-78.4,26,10.0005,0.00
16:53:03,22.263674932713755,84.91001471812028,3.802,-0.428,0.01,0.000,0.000,-78.4,26,10.0005,0.00
16:53:03,22.263674932713755,84.91001471812028,3.802,-0.428,0.01,0.000,0.000,-78.4,26,10.0005,0.00
16:53:03,22.263674932713755,84.91001471812028,3.802,-0.428,0.01,0.000,0.000,-78.4,26,10.0005,0.00
16:53:03,22.263674932713755,84.91001471812028,3.802,-0.428,0.01,0.000,0.000,-78.4,26,10.0005,0.00
16:53:03,22.263674932713755,84.91001471812028,3.802,-0.428,0.01,0.000,0.000,-78.4,26,10.0005,0.00
16:53:03,22.263674932713755,84.91001471812028,3.802,-0.428,0.01,0.000,0.000,-78.4,26,10.0005,0.00
16:53:03,22.263674932713755,84.91001471812028,3.802,-0.428,0.01,0.000,0.000,-78.4,26,10.0005,0.00
16:53:03,22.263674932713755,84.91001471812028,3.802,-0.428,0.01,0.000,0.000,-78.4,26,10.0005,0.00
16:53:03,22.263674932713755,84.91001471812028,3.802,-0.428,0.01,0.000,0.000,-78.4,26,10.0005,0.00
16:53:03,22.263674932713755,84.91001471812028,3.802,-0.428,0.01,0.000,0.000,-78.4,26,10.0005,0.00
16:53:03,22.263674932713755,84.91001471812028,3.802,-0.428,0.01,0.000,0.000,-78.4,26,10.0005,0.00
16:53:03,22.263674932713755,84.91001471812028,3.802,-0.428,0.01,0.000,0.000,-78.4,26,10.0005,0.00
16:53:03,22.263674932713755,84.91001471812028,3.802,-0.428,0.01,0.000,0.000,-78.4,26,10.0005,0.00
16:53:03,22.263674932713755,84.91001471812028,3.802,-0.428,0.01,0.000,0.000,-78.4,26,10.0005,0.00
16:53:03,22.263674932713755,84.91001471812028,3.802,-0.428,0.01,0.000,0.000,-78.4,26,10.0005,0.00
16:53:03,22.263674932713755,84.91001471812028,3.802,-0.428,0.01,0.000,0.000,-78.4,26,10.0005,0.00
16:53:03,22.263674932713755,84.91001471812028,3.802,-0.428,0.01,0.000,0.000,-78.4,26,10.0005,0.00
16:53:03,22.263674932713755,84.91001471812028,3.802,-0.428,0.01,0.000,0.000,-78.4,26,10.0005,0.00
16:53:04,22.263674932713755,84.91001471812028,3.802,-0.428,0.01,0.000,0.000,-78.4,26,10.0005,0.00
16:53:04,22.263674932713755,84.91001471812028,3.802,-0.428,0.01,0.000,0.000,-78.4,26,10.0005,0.00
16:53:04,22.263674932713755,84.91001471812028,3.802,-0.428,0.01,0.000,0.000,-78.4,26,10.0005,0.00
16:53:04,22.263674932713755,84.91001471812028,3.802,-0.428,0.01,0.000,0.000,-78.4,26,10.0005,0.00
16:53:04,22.263674932713755,84.91001471812028,3.802,-0.428,0.01,0.000,0.000,-78.4,26,10.0005,0.00
16:53:04,22.263674932713755,84.91001471812028,3.802,-0.428,0.01,0.000,0.000,-78.4,26,10.0005,0.00
16:53:04,22.263674932713755,84.91001471812028,3.802,-0.428,0.01,0.000,0.000,-78.4,26,10.0005,0.00
16:53:04,22.263674932713755,84.91001471812028,3.802,-0.428,0.01,0.000,0.000,-78.4,26,10.0005,0.00
16:53:04,22.263674932713755,84.91001471812028,3.802,-0.428,0.01,0.000,0.000,-78.4,26,10.0005,0.00
16:53:04,22.263674932713755,84.91001471812028,3.802,-0.428,0.01,0.000,0.000,-78.4,26,10.0005,0.00
16:53:04,22.263674932713755,84.91001471812028,3.802,-0.428,0.01,0.000,0.000,-78.4,26,10.0005,0.00
16:53:04,22.263674932713755,84.91001471812028,3.802,-0.428,0.01,0.000,0.000,-78.4,26,10.0005,0.00
16:53:04,22.263674932713755,84.91001471812028,3.802,-0.428,0.01,0.000,0.000,-78.4,26,10.0005,0.00
16:53:04,22.263674932713755,84.91001471812028,3.802,-0.428,0.01,0.000,0.000,-78.4,26,10.0005,0.00
16:53:04,22.263674932713755,84.91001471812028,3.802,-0.428,0.01,0.000,0.000,-78.4,26,10.0005,0.00
16:53:04,22.263674932713755,84.91001471812028,3.802,-0.428,0.01,0.000,0.000,-78.4,26,10.0005,0.00
16:53:04,22.263674932713755,84.91001471812028,3.802,-0.428,0.01,0.000,0.000,-78.4,26,10.0005,0.00
16:53:04,22.263674932713755,84.91001471812028,3.802,-0.428,0.01,0.000,0.000,-78.4,26,10.0005,0.00
16:53:04,22.263674932713755,84.91001471812028,3.802,-0.428,0.01,0.000,0.000,-78.4,26,10.0005,0.00
16:53:04,22.263674932713755,84.91001471812028,3.802,-0.428,0.01,0.000,0.000,-78.4,26,10.0005,0.00
16:53:05,22.263674932713755,84.91001471812028,3.802,-0.428,0.01,0.000,0.000,-78.4,26,10.0005,0.00
16:53:05,22.263674932713755,84.91001471812028,3.802,-0.428,0.01,0.000,0.000,-78.4,26,10.0005,0.00
16:53:05,22.263674932713755,84.91001471812028,3.802,-0.428,0.01,0.000,0.000,-78.4,26,10.0005,0.00
16:53:05,22.263674932713755,84.91001471812028,3.802,-0.428,0.01,0.000,0.000,-78.4,26,10.0005,0.00
16:53:05,22.263674932713755,84.91001471812028,3.802,-0.428,0.01,0.000,0.000,-78.4,26,10.0005,0.00
16:53:05,22.263674932713755,84.91001471812028,3.802,-0.428,0.01,0.000,0.000,-78.4,26,10.0005,0.00
16:53:05,22.263674932713755,84.91001471812028,3.802,-0.428,0.01,0.000,0.000,-78.4,26,10.0005,0.00
16:53:05,22.263674932713755,84.91001471812028,3.802,-0.428,0.01,0.000,0.000,-78.4,26,10.0005,0.00
16:53:05,22.263674932713755,84.91001471812028,3.802,-0.428,0.01,0.000,0.000,-78.4,26,10.0005,0.00
16:53:05,22.263674932713755,84.91001471812028,3.802,-0.428,0.01,0.000,0.000,-78.4,26,10.0005,0.00
16:53:05,22.263674932713755,84.91001471812028,3.802,-0.428,0.01,0.000,0.000,-78.4,26,10.0005,0.00
16:53:05,22.263674932713755,84.91001471812028,3.802,-0.428,0.01,0.000,0.000,-78.4,26,10.0005,0.00
16:53:05,22.263674932713755,84.91001471812028,3.802,-0.428,0.01,0.000,0.000,-78.4,26,10.0005,0.00
16:53:05,22.263674932713755,84.91001471812028,3.802,-0.428,0.01,0.000,0.000,-78.4,26,10.0005,0.00
16:53:05,22.263674932713755,84.91001471812028,3.802,-0.428,0.01,0.000,0.000,-78.4,26,10.0005,0.00
16:53:05,22.263674932713755,84.91001471812028,3.802,-0.428,0.01,0.000,0.000,-78.4,26,10.0005,0.00
16:53:05,22.263674932713755,84.91001471812028,3.802,-0.428,0.01,0.000,0.000,-78.4,26,10.0005,0.00
16:53:05,22.263674932713755,84.91001471812028,3.802,-0.428,0.01,0.000,0.000,-78.4,26,10.0005,0.00
16:53:05,22.263674932713755,84.91001471812028,3.802,-0.428,0.01,0.000,0.000,-78.4,26,10.0005,0.00
16:53:05,22.263674932713755,84.91001471812028,3.802,-0.428,0.01,0.000,0.000,-78.4,26,10.0005,0.00
16:53:06,22.263674932713755,84.91001471812028,3.802,-0.428,0.01,0.000,0.000,-78.4,26,10.0005,0.00
16:53:06,22.263674932713755,84.91001471812028,3.802,-0.428,0.01,0.000,0.000,-78.4,26,10.0005,0.00
16:53:06,22.263674932713755,84.91001471812028,3.802,-0.428,0.01,0.000,0.000,-78.4,26,10.0005,0.00
16:53:06,22.263674932713755,84.91001471812028,3.802,-0.428,0.01,0.000,0.000,-78.4,26,10.0005,0.00
16:53:06,22.263674932713755,84.91001471812028,3.802,-0.428,0.01,0.000,0.000,-78.4,26,10.0005,0.00
16:53:06,22.263674932713755,84.91001471812028,3.802,-0.428,0.01,0.000,0.000,-78.4,26,10.0005,0.00
16:53:06,22.263674932713755,84.91001471812028,3.802,-0.428,0.01,0.000,0.000,-78.4,26,10.0005,0.00
16:53:06,22.263674932713755,84.91001471812028,3.802,-0.428,0.01,0.000,0.000,-78.4,26,10.0005,0.00
16:53:06,22.263674932713755,84.91001471812028,3.802,-0.428,0.01,0.000,0.000,-78.4,26,10.0005,0.00
16:53:06,22.263674932713755,84.91001471812028,3.802,-0.428,0.01,0.000,0.000,-78.4,26,10.0005,0.00
16:53:06,22.263674932713755,84.91001471812028,3.802,-0.428,0.01,0.000,0.000,-78.4,26,10.0005,0.00
16:53:06,22.263674932713755,84.91001471812028,3.802,-0.428,0.01,0.000,0.000,-78.4,26,10.0005,0.00
16:53:06,22.263674932713755,84.91001471812028,3.802,-0.428,0.01,0.000,0.000,-78.4,26,10.0005,0.00
16:53:06,22.263674932713755,84.91001471812028,3.802,-0.428,0.01,0.000,0.000,-78.4,26,10.0005,0.00
16:53:06,22.263674932713755,84.91001471812028,3.802,-0.428,0.01,0.000,0.000,-78.4,26,10.0005,0.00
16:53:06,22.263674932713755,84.91001471812028,3.802,-0.428,0.01,0.000,0.000,-78.4,26,10.0005,0.00
16:53:06,22.263674932713755,84.91001471812028,3.802,-0.428,0.01,0.000,0.000,-78.4,26,10.0005,0.00
16:53:06,22.263674932713755,84.91001471812028,3.802,-0.428,0.01,0.000,0.000,-78.4,26,10.0005,0.00
16:53:06,22.263674932713755,84.91001471812028,3.802,-0.428,0.01,0.000,0.000,-78.4,26,10.0005,0.00
16:53:07,22.263674932713755,84.91001471812028,3.802,-0.428,0.01,0.000,0.000,-78.4,26,10.0005,0.00
16:53:07,22.263674932713755,84.91001471812028,3.802,-0.428,0.01,0.000,0.000,-78.4,26,10.0005,0.00
16:53:07,22.263674932713755,84.91001471812028,3.802,-0.428,0.01,0.000,0.000,-78.4,26,10.0005,0.00
16:53:07,22.263674932713755,84.91001471812028,3.802,-0.428,0.01,0.000,0.000,-78.4,26,10.0005,0.00
16:53:07,22.263674932713755,84.91001471812028,3.802,-0.428,0.01,0.000,0.000,-78.4,26,10.0005,0.00
16:53:07,22.263674932713755,84.91001471812028,3.802,-0.428,0.01,0.000,0.000,-78.4,26,10.0005,0.00
16:53:07,22.263674932713755,84.91001471812028,3.802,-0.428,0.01,0.000,0.000,-78.4,26,10.0005,0.00
16:53:07,22.263674932713755,84.91001471812028,3.802,-0.428,0.01,0.000,0.000,-78.4,26,10.0005,0.00
16:53:07,22.263674932713755,84.91001471812028,3.802,-0.428,0.01,0.000,0.000,-78.4,26,10.0005,0.00
16:53:07,22.263674932713755,84.91001471812028,3.802,-0.428,0.01,0.000,0.000,-78.4,26,10.0005,0.00
16:53:07,22.263674932713755,84.91001471812028,3.802,-0.428,0.01,0.000,0.000,-78.4,26,10.0005,0.00
16:53:07,22.263674932713755,84.91001471812028,3.802,-0.428,0.01,0.000,0.000,-78.4,26,10.0005,0.00
16:53:07,22.263674932713755,84.91001471812028,3.802,-0.428,0.01,0.000,0.000,-78.4,26,10.0005,0.00
16:53:07,22.263674932713755,84.91001471812028,3.802,-0.428,0.01,0.000,0.000,-78.4,26,10.0005,0.00
16:53:07,22.263674932713755,84.91001471812028,3.802,-0.428,0.01,0.000,0.000,-78.4,26,10.0005,0.00
16:53:07,22.263674932713755,84.91001471812028,3.802,-0.428,0.01,0.000,0.000,-78.4,26,10.0005,0.00
16:53:07,22.263674932713755,84.91001471812028,3.802,-0.428,0.01,0.000,0.000,-78.4,26,10.0005,0.00
16:53:07,22.263674932713755,84.91001471812028,3.802,-0.428,0.01,0.000,0.000,-78.4,26,10.0005,0.00
16:53:07,22.263674932713755,84.91001471812028,3.802,-0.428,0.01,0.000,0.000,-78.4,26,10.0005,0.00
16:53:07,22.263674932713755,84.91001471812028,3.802,-0.428,0.01,0.000,0.000,-78.4,26,10.0005,0.00
16:53:08,22.263674932713755,84.91001471812028,3.802,-0.428,0.01,0.000,0.000,-78.4,26,10.0005,0.00
16:53:08,22.263674932713755,84.91001471812028,3.802,-0.428,0.01,0.000,0.000,-78.4,26,10.0005,0.00
16:53:08,22.263674932713755,84.91001471812028,3.802,-0.428,0.01,0.000,0.000,-78.4,26,10.0005,0.00
16:53:08,22.263674932713755,84.91001471812028,3.802,-0.428,0.01,0.000,0.000,-78.4,26,10.0005,0.00
16:53:08,22.263674932713755,84.91001471812028,3.802,-0.428,0.01,0.000,0.000,-78.4,26,10.0005,0.00
16:53:08,22.263674932713755,84.91001471812028,3.802,-0.428,0.01,0.000,0.000,-78.4,26,10.0005,0.00
16:53:08,22.263674932713755,84.91001471812028,3.802,-0.428,0.01,0.000,0.000,-78.4,26,10.0005,0.00
16:53:08,22.263674932713755,84.91001471812028,3.802,-0.428,0.01,0.000,0.000,-78.4,26,10.0005,0.00
16:53:08,22.263674932713755,84.91001471812028,3.802,-0.428,0.01,0.000,0.000,-78.4,26,10.0005,0.00
16:53:08,22.263674932713755,84.91001471812028,3.802,-0.428,0.01,0.000,0.000,-78.4,26,10.0005,0.00
16:53:08,22.263674932713755,84.91001471812028,3.802,-0.428,0.01,0.000,0.000,-78.4,26,10.0005,0.00
16:53:08,22.263674932713755,84.91001471812028,3.802,-0.428,0.01,0.000,0.000,-78.4,26,10.0005,0.00
16:53:08,22.263674932713755,84.91001471812028,3.802,-0.428,0.01,0.000,0.000,-78.4,26,10.0005,0.00
16:53:08,22.263674932713755,84.91001471812028,3.802,-0.428,0.01,0.000,0.000,-78.4,26,10.0005,0.00
16:53:08,22.263674932713755,84.91001471812028,3.802,-0.428,0.01,0.000,0.000,-78.4,26,10.0005,0.00
16:53:08,22.263674932713755,84.91001471812028,3.802,-0.428,0.01,0.000,0.000,-78.4,26,10.0005,0.00
16:53:08,22.263674932713755,84.91001471812028,3.802,-0.428,0.01,0.000,0.000,-78.4,26,10.0005,0.00
16:53:08,22.263674932713755,84.91001471812028,3.802,-0.428,0.01,0.000,0.000,-78.4,26,10.0005,0.00
16:53:08,22.263674932713755,84.91001471812028,3.802,-0.428,0.01,0.000,0.000,-78.4,26,10.0005,0.00
16:53:08,22.263674932713755,84.91001471812028,3.802,-0.428,0.01,0.000,0.000,-78.4,26,10.0005,0.00
16:53:09,22.263674932713755,84.91001471812028,3.802,-0.428,0.01,0.000,0.000,-78.4,26,10.0005,0.00
16:53:09,22.263674932713755,84.91001471812028,3.802,-0.428,0.01,0.000,0.000,-78.4,26,10.0005,0.00
16:53:09,22.263674932713755,84.91001471812028,3.802,-0.428,0.01,0.000,0.000,-78.4,26,10.0005,0.00
16:53:09,22.263674932713755,84.91001471812028,3.802,-0.428,0.01,0.000,0.000,-78.4,26,10.0005,0.00
16:53:09,22.263674932713755,84.91001471812028,3.802,-0.428,0.01,0.000,0.000,-78.4,26,10.0005,0.00
16:53:09,22.263674932713755,84.91001471812028,3.802,-0.428,0.01,0.000,0.000,-78.4,26,10.0005,0.00
16:53:09,22.263674932713755,84.91001471812028,3.802,-0.428,0.01,0.000,0.000,-78.4,26,10.0005,0.00
16:53:09,22.263674932713755,84.91001471812028,3.802,-0.428,0.01,0.000,0.000,-78.4,26,10.0005,0.00
16:53:09,22.263674932713755,84.91001471812028,3.802,-0.428,0.01,0.000,0.000,-78.4,26,10.0005,0.00
16:53:09,22.263674932713755,84.91001471812028,3.802,-0.428,0.01,0.000,0.000,-78.4,26,10.0005,0.00
16:53:09,22.263674932713755,84.91001471812028,3.802,-0.428,0.01,0.000,0.000,-78.4,26,10.0005,0.00
16:53:09,22.263674932713755,84.91001471812028,3.802,-0.428,0.01,0.000,0.000,-78.4,26,10.0005,0.00
16:53:09,22.263674932713755,84.91001471812028,3.802,-0.428,0.01,0.000,0.000,-78.4,26,10.0005,0.00
16:53:09,22.263674932713755,84.91001471812028,3.802,-0.428,0.01,0.000,0.000,-78.4,26,10.0005,0.00
16:53:09,22.263674932713755,84.91001471812028,3.802,-0.428,0.01,0.000,0.000,-78.4,26,10.0005,0.00
16:53:09,22.263674932713755,84.91001471812028,3.802,-0.428,0.01,0.000,0.000,-78.4,26,10.0005,0.00
16:53:09,22.263674932713755,84.91001471812028,3.802,-0.428,0.01,0.000,0.000,-78.4,26,10.0005,0.00
16:53:09,22.263674932713755,84.91001471812028,3.802,-0.428,0.01,0.000,0.000,-78.4,26,10.0005,0.00
16:53:09,22.263674932713755,84.91001471812028,3.802,-0.428,0.01,0.000,0.000,-78.4,26,10.0005,0.00
16:53:09,22.263674932713755,84.91001471812028,3.802,-0.428,0.01,0.000,0.000,-78.4,26,10.0005,0.00
16:53:10,22.263674932713755,84.91001471812028,3.802,-0.428,0.01,0.000,0.000,-78.4,26,10.0005,0.00
16:53:10,22.263674932713755,84.91001471812028,3.802,-0.428,0.01,0.000,0.000,-78.4,26,10.0005,0.00
16:53:10,22.263674932713755,84.91001471812028,3.802,-0.428,0.01,0.000,0.000,-78.4,26,10.0005,0.00
16:53:10,22.263674932713755,84.91001471812028,3.802,-0.428,0.01,0.000,0.000,-78.4,26,10.0005,0.00
16:53:10,22.263674932713755,84.91001471812028,3.802,-0.428,0.01,0.000,0.000,-78.4,26,10.0005,0.00
16:53:10,22.263674932713755,84.91001471812028,3.802,-0.428,0.01,0.000,0.000,-78.4,26,10.0005,0.00
16:53:10,22.263674932713755,84.91001471812028,3.802,-0.428,0.01,0.000,0.000,-78.4,26,10.0005,0.00
16:53:10,22.263674932713755,84.91001471812028,3.802,-0.428,0.01,0.000,0.000,-78.4,26,10.0005,0.00
16:53:10,22.263674932713755,84.91001471812028,3.802,-0.428,0.01,0.000,0.000,-78.4,26,10.0005,0.00
16:53:10,22.263674932713755,84.91001471812028,3.802,-0.428,0.01,0.000,0.000,-78.4,26,10.0005,0.00
16:53:10,22.263674932713755,84.91001471812028,3.802,-0.428,0.01,0.000,0.000,-78.4,26,10.0005,0.00
16:53:10,22.263674932713755,84.91001471812028,3.802,-0.428,0.01,0.000,0.000,-78.4,26,10.0005,0.00
16:53:10,22.263674932713755,84.91001471812028,3.802,-0.428,0.01,0.000,0.000,-78.4,26,10.0005,0.00
16:53:10,22.263674932713755,84.91001471812028,3.802,-0.428,0.01,0.000,0.000,-78.4,26,10.0005,0.00
16:53:10,22.263674932713755,84.91001471812028,3.802,-0.428,0.01,0.000,0.000,-78.4,26,10.0005,0.00
16:53:10,22.263674932713755,84.91001471812028,3.802,-0.428,0.01,0.000,0.000,-78.4,26,10.0005,0.00
16:53:10,22.263674932713755,84.91001471812028,3.802,-0.428,0.01,0.000,0.000,-78.4,26,10.0005,0.00
16:53:10,22.263674932713755,84.91001471812028,3.802,-0.428,0.01,0.000,0.000,-78.4,26,10.0005,0.00
16:53:10,22.263674932713755,84.91001471812028,3.802,-0.428,0.01,0.000,0.000,-78.4,26,10.0005,0.00
16:53:11,22.263674932713755,84.91001471812028,3.802,-0.428,0.01,0.000,0.000,-78.4,26,10.0005,0.00
16:53:11,22.263674932713755,84.91001471812028,3.802,-0.428,0.01,0.000,0.000,-78.4,26,10.0005,0.00
16:53:11,22.263674932713755,84.91001471812028,3.802,-0.428,0.01,0.000,0.000,-78.4,26,10.0005,0.00
16:53:11,22.263674932713755,84.91001471812028,3.802,-0.428,0.01,0.000,0.000,-78.4,26,10.0005,0.00
16:53:11,22.263674932713755,84.91001471812028,3.802,-0.428,0.01,0.000,0.000,-78.4,26,10.0005,0.00
16:53:11,22.263674932713755,84.91001471812028,3.802,-0.428,0.01,0.000,0.000,-78.4,26,10.0005,0.00
16:53:11,22.263674932713755,84.91001471812028,3.802,-0.428,0.01,0.000,0.000,-78.4,26,10.0005,0.00
16:53:11,22.263674932713755,84.91001471812028,3.802,-0.428,0.01,0.000,0.000,-78.4,26,10.0005,0.00
16:53:11,22.263674932713755,84.91001471812028,3.802,-0.428,0.01,0.000,0.000,-78.4,26,10.0005,0.00
16:53:11,22.263674932713755,84.91001471812028,3.802,-0.428,0.01,0.000,0.000,-78.4,26,10.0005,0.00
16:53:11,22.263674932713755,84.91001471812028,3.802,-0.428,0.01,0.000,0.000,-78.4,26,10.0005,0.00
16:53:11,22.263674932713755,84.91001471812028,3.802,-0.428,0.01,0.000,0.000,-78.4,26,10.0005,0.00
16:53:11,22.263674932713755,84.91001471812028,3.802,-0.428,0.01,0.000,0.000,-78.4,26,10.0005,0.00
16:53:11,22.263674932713755,84.91001471812028,3.802,-0.428,0.01,0.000,0.000,-78.4,26,10.0005,0.00
16:53:11,22.263674932713755,84.91001471812028,3.802,-0.428,0.01,0.000,0.000,-78.4,26,10.0005,0.00
16:53:11,22.263674932713755,84.91001471812028,3.802,-0.428,0.01,0.000,0.000,-78.4,26,10.0005,0.00
16:53:11,22.263674932713755,84.91001471812028,3.802,-0.428,0.01,0.000,0.000,-78.4,26,10.0005,0.00
16:53:11,22.263674932713755,84.91001471812028,3.802,-0.428,0.01,0.000,0.000,-78.4,26,10.0005,0.00
16:53:11,22.263674932713755,84.91001471812028,3.802,-0.428,0.01,0.000,0.000,-78.4,26,10.0005,0.00
16:53:11,22.263674932713755,84.91001471812028,3.802,-0.428,0.01,0.000,0.000,-78.4,26,10.0005,0.00
16:53:12,22.263674932713755,84.91001471812028,3.802,-0.428,0.01,0.000,0.000,-78.4,26,10.0005,0.00
16:53:12,22.263674932713755,84.91001471812028,3.802,-0.428,0.01,0.000,0.000,-78.4,26,10.0005,0.00
16:53:12,22.263674932713755,84.91001471812028,3.802,-0.428,0.01,0.000,0.000,-78.4,26,10.0005,0.00
16:53:12,22.263674932713755,84.91001471812028,3.802,-0.428,0.01,0.000,0.000,-78.4,26,10.0005,0.00
16:53:12,22.263674932713755,84.91001471812028,3.802,-0.428,0.01,0.000,0.000,-78.4,26,10.0005,0.00
16:53:12,22.263674932713755,84.91001471812028,3.802,-0.428,0.01,0.000,0.000,-78.4,26,10.0005,0.00
16:53:12,22.263674932713755,84.91001471812028,3.802,-0.428,0.01,0.000,0.000,-78.4,26,10.0005,0.00
16:53:12,22.263674932713755,84.91001471812028,3.802,-0.428,0.01,0.000,0.000,-78.4,26,10.0005,0.00
16:53:12,22.263674932713755,84.91001471812028,3.802,-0.428,0.01,0.000,0.000,-78.4,26,10.0005,0.00
16:53:12,22.263674932713755,84.91001471812028,3.802,-0.428,0.01,0.000,0.000,-78.4,26,10.0005,0.00
16:53:12,22.263674932713755,84.91001471812028,3.802,-0.428,0.01,0.000,0.000,-78.4,26,10.0005,0.00
16:53:12,22.263674932713755,84.91001471812028,3.802,-0.428,0.01,0.000,0.000,-78.4,26,10.0005,0.00
16:53:12,22.263674932713755,84.91001471812028,3.802,-0.428,0.01,0.000,0.000,-78.4,26,10.0005,0.00
16:53:12,22.263674932713755,84.91001471812028,3.802,-0.428,0.01,0.000,0.000,-78.4,26,10.0005,0.00
16:53:12,22.263674932713755,84.91001471812028,3.802,-0.428,0.01,0.000,0.000,-78.4,26,10.0005,0.00
16:53:12,22.263674932713755,84.91001471812028,3.802,-0.428,0.01,0.000,0.000,-78.4,26,10.0005,0.00
16:53:12,22.263674932713755,84.91001471812028,3.802,-0.428,0.01,0.000,0.000,-78.4,26,10.0005,0.00
16:53:12,22.263674932713755,84.91001471812028,3.802,-0.428,0.01,0.000,0.000,-78.4,26,10.0005,0.00
16:53:12,22.263674932713755,84.91001471812028,3.802,-0.428,0.01,0.000,0.000,-78.4,26,10.0005,0.00
16:53:12,22.263674932713755,84.91001471812028,3.802,-0.428,0.01,0.000,0.000,-78.4,26,10.0005,0.00
16:53:13,22.263674932713755,84.91001471812028,3.802,-0.428,0.01,0.000,0.000,-78.4,26,10.0005,0.00
16:53:13,22.263674932713755,84.91001471812028,3.802,-0.428,0.01,0.000,0.000,-78.4,26,10.0005,0.00
16:53:13,22.263674932713755,84.91001471812028,3.802,-0.428,0.01,0.000,0.000,-78.4,26,10.0005,0.00
16:53:13,22.263674932713755,84.91001471812028,3.802,-0.428,0.01,0.000,0.000,-78.4,26,10.0005,0.00
16:53:13,22.263674932713755,84.91001471812028,3.802,-0.428,0.01,0.000,0.000,-78.4,26,10.0005,0.00
16:53:13,22.263674932713755,84.91001471812028,3.802,-0.428,0.01,0.000,0.000,-78.4,26,10.0005,0.00
16:53:13,22.263674932713755,84.91001471812028,3.802,-0.428,0.01,0.000,0.000,-78.4,26,10.0005,0.00
16:53:13,22.263674932713755,84.91001471812028,3.802,-0.428,0.01,0.000,0.000,-78.4,26,10.0005,0.00
16:53:13,22.263674932713755,84.91001471812028,3.802,-0.428,0.01,0.000,0.000,-78.4,26,10.0005,0.00
16:53:13,22.263674932713755,84.91001471812028,3.802,-0.428,0.01,0.000,0.000,-78.4,26,10.0005,0.00
16:53:13,22.263674932713755,84.91001471812028,3.802,-0.428,0.01,0.000,0.000,-78.4,26,10.0005,0.00
16:53:13,22.263674932713755,84.91001471812028,3.802,-0.428,0.01,0.000,0.000,-78.4,26,10.0005,0.00
16:53:13,22.263674932713755,84.91001471812028,3.802,-0.428,0.01,0.000,0.000,-78.4,26,10.0005,0.00
16:53:13,22.263674932713755,84.91001471812028,3.802,-0.428,0.01,0.000,0.000,-78.4,26,10.0005,0.00
16:53:13,22.263674932713755,84.91001471812028,3.802,-0.428,0.01,0.000,0.000,-78.4,26,10.0005,0.00
16:53:13,22.263674932713755,84.91001471812028,3.802,-0.428,0.01,0.000,0.000,-78.4,26,10.0005,0.00
16:53:13,22.263674932713755,84.91001471812028,3.802,-0.428,0.01,0.000,0.000,-78.4,26,10.0005,0.00
16:53:13,22.263674932713755,84.91001471812028,3.802,-0.428,0.01,0.000,0.000,-78.4,26,10.0005,0.00
16:53:13,22.263674932713755,84.91001471812028,3.802,-0.428,0.01,0.000,0.000,-78.4,26,10.0005,0.00
16:53:13,22.263674932713755,84.91001471812028,3.802,-0.428,0.01,0.000,0.000,-78.4,26,10.0005,0.00
16:53:14,22.263674932713755,84.91001471812028,3.802,-0.428,0.01,0.000,0.000,-78.4,26,10.0005,0.00
16:53:14,22.263674932713755,84.91001471812028,3.802,-0.428,0.01,0.000,0.000,-78.4,26,10.0005,0.00
16:53:14,22.263674932713755,84.91001471812028,3.802,-0.428,0.01,0.000,0.000,-78.4,26,10.0005,0.00
16:53:14,22.263674932713755,84.91001471812028,3.802,-0.428,0.01,0.000,0.000,-78.4,26,10.0005,0.00
16:53:14,22.263674932713755,84.91001471812028,3.802,-0.428,0.01,0.000,0.000,-78.4,26,10.0005,0.00
16:53:14,22.263674932713755,84.91001471812028,3.802,-0.428,0.01,0.000,0.000,-78.4,26,10.0005,0.00
16:53:14,22.263674932713755,84.91001471812028,3.802,-0.428,0.01,0.000,0.000,-78.4,26,10.0005,0.00
16:53:14,22.263674932713755,84.91001471812028,3.802,-0.428,0.01,0.000,0.000,-78.4,26,10.0005,0.00
16:53:14,22.263674932713755,84.91001471812028,3.802,-0.428,0.01,0.000,0.000,-78.4,26,10.0005,0.00
16:53:14,22.263674932713755,84.91001471812028,3.802,-0.428,0.01,0.000,0.000,-78.4,26,10.0005,0.00
16:53:14,22.263674932713755,84.91001471812028,3.802,-0.428,0.01,0.000,0.000,-78.4,26,10.0005,0.00
16:53:14,22.263674932713755,84.91001471812028,3.802,-0.428,0.01,0.000,0.000,-78.4,26,10.0005,0.00
16:53:14,22.263674932713755,84.91001471812028,3.802,-0.428,0.01,0.000,0.000,-78.4,26,10.0005,0.00
16:53:14,22.263674932713755,84.91001471812028,3.802,-0.428,0.01,0.000,0.000,-78.4,26,10.0005,0.00
16:53:14,22.263674932713755,84.91001471812028,3.802,-0.428,0.01,0.000,0.000,-78.4,26,10.0005,0.00
16:53:14,22.263674932713755,84.91001471812028,3.802,-0.428,0.01,0.000,0.000,-78.4,26,10.0005,0.00
16:53:14,22.263674932713755,84.91001471812028,3.802,-0.428,0.01,0.000,0.000,-78.4,26,10.0005,0.00
16:53:14,22.263674932713755,84.91001471812028,3.802,-0.428,0.01,0.000,0.000,-78.4,26,10.0005,0.00
16:53:14,22.263674932713755,84.91001471812028,3.802,-0.428,0.01,0.000,0.000,-78.4,26,10.0005,0.00
16:53:15,22.263674932713755,84.91001471812028,3.802,-0.428,0.01,0.000,0.000,-78.4,26,10.0005,0.00
16:53:15,22.263674932713755,84.91001471812028,3.802,-0.428,0.01,0.000,0.000,-78.4,26,10.0005,0.00
16:53:15,22.263674932713755,84.91001471812028,3.802,-0.428,0.01,0.000,0.000,-78.4,26,10.0005,0.00
16:53:15,22.263674932713755,84.91001471812028,3.802,-0.428,0.01,0.000,0.000,-78.4,26,10.0005,0.00
16:53:15,22.263674932713755,84.91001471812028,3.802,-0.428,0.01,0.000,0.000,-78.4,26,10.0005,0.00
16:53:15,22.263674932713755,84.91001471812028,3.802,-0.428,0.01,0.000,0.000,-78.4,26,10.0005,0.00
16:53:15,22.263674932713755,84.91001471812028,3.802,-0.428,0.01,0.000,0.000,-78.4,26,10.0005,0.00
16:53:15,22.263674932713755,84.91001471812028,3.802,-0.428,0.01,0.000,0.000,-78.4,26,10.0005,0.00
16:53:15,22.263674932713755,84.91001471812028,3.802,-0.428,0.01,0.000,0.000,-78.4,26,10.0005,0.00
16:53:15,22.263674932713755,84.91001471812028,3.802,-0.428,0.01,0.000,0.000,-78.4,26,10.0005,0.00
16:53:15,22.263674932713755,84.91001471812028,3.802,-0.428,0.01,0.000,0.000,-78.4,26,10.0005,0.00
16:53:15,22.263674932713755,84.91001471812028,3.802,-0.428,0.01,0.000,0.000,-78.4,26,10.0005,0.00
16:53:15,22.263674932713755,84.91001471812028,3.802,-0.428,0.01,0.000,0.000,-78.4,26,10.0005,0.00
16:53:15,22.263674932713755,84.91001471812028,3.802,-0.428,0.01,0.000,0.000,-78.4,26,10.0005,0.00
16:53:15,22.263674932713755,84.91001471812028,3.802,-0.428,0.01,0.000,0.000,-78.4,26,10.0005,0.00
16:53:15,22.263674932713755,84.91001471812028,3.802,-0.428,0.01,0.000,0.000,-78.4,26,10.0005,0.00
16:53:15,22.263674932713755,84.91001471812028,3.802,-0.428,0.01,0.000,0.000,-78.4,26,10.0005,0.00
16:53:15,22.263674932713755,84.91001471812028,3.802,-0.428,0.01,0.000,0.000,-78.4,26,10.0005,0.00
16:53:15,22.263674932713755,84.91001471812028,3.802,-0.428,0.01,0.000,0.000,-78.4,26,10.0005,0.00
16:53:15,22.263674932713755,84.91001471812028,3.802,-0.428,0.01,0.000,0.000,-78.4,26,10.0005,0.00
16:53:16,22.263674932713755,84.91001471812028,3.802,-0.428,0.01,0.000,0.000,-78.4,26,10.0005,0.00
16:53:16,22.263674932713755,84.91001471812028,3.802,-0.428,0.01,0.000,0.000,-78.4,26,10.0005,0.00
16:53:16,22.263674932713755,84.91001471812028,3.802,-0.428,0.01,0.000,0.000,-78.4,26,10.0005,0.00
16:53:16,22.263674932713755,84.91001471812028,3.802,-0.428,0.01,0.000,0.000,-78.4,26,10.0005,0.00
16:53:16,22.263674932713755,84.91001471812028,3.802,-0.428,0.01,0.000,0.000,-78.4,26,10.0005,0.00
16:53:16,22.263674932713755,84.91001471812028,3.802,-0.428,0.01,0.000,0.000,-78.4,26,10.0005,0.00
16:53:16,22.263674932713755,84.91001471812028,3.802,-0.428,0.01,0.000,0.000,-78.4,26,10.0005,0.00
16:53:16,22.263674932713755,84.91001471812028,3.802,-0.428,0.01,0.000,0.000,-78.4,26,10.0005,0.00
16:53:16,22.263674932713755,84.91001471812028,3.802,-0.428,0.01,0.000,0.000,-78.4,26,10.0005,0.00
16:53:16,22.263674932713755,84.91001471812028,3.802,-0.428,0.01,0.000,0.000,-78.4,26,10.0005,0.00
16:53:16,22.263674932713755,84.91001471812028,3.802,-0.428,0.01,0.000,0.000,-78.4,26,10.0005,0.00
16:53:16,22.263674932713755,84.91001471812028,3.802,-0.428,0.01,0.000,0.000,-78.4,26,10.0005,0.00
16:53:16,22.263674932713755,84.91001471812028,3.802,-0.428,0.01,0.000,0.000,-78.4,26,10.0005,0.00
16:53:16,22.263674932713755,84.91001471812028,3.802,-0.428,0.01,0.000,0.000,-78.4,26,10.0005,0.00
16:53:16,22.263674932713755,84.91001471812028,3.802,-0.428,0.01,0.000,0.000,-78.4,26,10.0005,0.00
16:53:16,22.263674932713755,84.91001471812028,3.802,-0.428,0.01,0.000,0.000,-78.4,26,10.0005,0.00
16:53:16,22.263674932713755,84.91001471812028,3.802,-0.428,0.01,0.000,0.000,-78.4,26,10.0005,0.00
16:53:16,22.263674932713755,84.91001471812028,3.802,-0.428,0.01,0.000,0.000,-78.4,26,10.0005,0.00
16:53:16,22.263674932713755,84.91001471812028,3.802,-0.428,0.01,0.000,0.000,-78.4,26,10.0005,0.00
16:53:16,22.263674932713755,84.91001471812028,3.802,-0.428,0.01,0.000,0.000,-78.4,26,10.0005,0.00
16:53:17,22.263674932713755,84.91001471812028,3.802,-0.428,0.01,0.000,0.000,-78.4,26,10.0005,0.00
16:53:17,22.263674932713755,84.91001471812028,3.802,-0.428,0.01,0.000,0.000,-78.4,26,10.0005,0.00
16:53:17,22.263674932713755,84.91001471812028,3.802,-0.428,0.01,0.000,0.000,-78.4,26,10.0005,0.00
16:53:17,22.263674932713755,84.91001471812028,3.802,-0.428,0.01,0.000,0.000,-78.4,26,10.0005,0.00
16:53:17,22.263674932713755,84.91001471812028,3.802,-0.428,0.01,0.000,0.000,-78.4,26,10.0005,0.00
16:53:17,22.263674932713755,84.91001471812028,3.802,-0.428,0.01,0.000,0.000,-78.4,26,10.0005,0.00
16:53:17,22.263674932713755,84.91001471812028,3.802,-0.428,0.01,0.000,0.000,-78.4,26,10.0005,0.00
16:53:17,22.263674932713755,84.91001471812028,3.802,-0.428,0.01,0.000,0.000,-78.4,26,10.0005,0.00
16:53:17,22.263674932713755,84.91001471812028,3.802,-0.428,0.01,0.000,0.000,-78.4,26,10.0005,0.00
16:53:17,22.263674932713755,84.91001471812028,3.802,-0.428,0.01,0.000,0.000,-78.4,26,10.0005,0.00
16:53:17,22.263674932713755,84.91001471812028,3.802,-0.428,0.01,0.000,0.000,-78.4,26,10.0005,0.00
16:53:17,22.263674932713755,84.91001471812028,3.802,-0.428,0.01,0.000,0.000,-78.4,26,10.0005,0.00
16:53:17,22.263674932713755,84.91001471812028,3.802,-0.428,0.01,0.000,0.000,-78.4,26,10.0005,0.00
16:53:17,22.263674932713755,84.91001471812028,3.802,-0.428,0.01,0.000,0.000,-78.4,26,10.0005,0.00
16:53:17,22.263674932713755,84.91001471812028,3.802,-0.428,0.01,0.000,0.000,-78.4,26,10.0005,0.00
16:53:17,22.263674932713755,84.91001471812028,3.802,-0.428,0.01,0.000,0.000,-78.4,26,10.0005,0.00
16:53:17,22.263674932713755,84.91001471812028,3.802,-0.428,0.01,0.000,0.000,-78.4,26,10.0005,0.00
16:53:17,22.263674932713755,84.91001471812028,3.802,-0.428,0.01,0.000,0.000,-78.4,26,10.0005,0.00
16:53:17,22.263674932713755,84.91001471812028,3.802,-0.428,0.01,0.000,0.000,-78.4,26,10.0005,0.00
16:53:17,22.263674932713755,84.91001471812028,3.802,-0.428,0.01,0.000,0.000,-78.4,26,10.0005,0.00
16:53:18,22.263674932713755,84.91001471812028,3.802,-0.428,0.01,0.000,0.000,-78.4,26,10.0005,0.00
16:53:18,22.263674932713755,84.91001471812028,3.802,-0.428,0.01,0.000,0.000,-78.4,26,10.0005,0.00
16:53:18,22.263674932713755,84.91001471812028,3.802,-0.428,0.01,0.000,0.000,-78.4,26,10.0005,0.00
16:53:18,22.263674932713755,84.91001471812028,3.802,-0.428,0.01,0.000,0.000,-78.4,26,10.0005,0.00
16:53:18,22.263674932713755,84.91001471812028,3.802,-0.428,0.01,0.000,0.000,-78.4,26,10.0005,0.00
16:53:18,22.263674932713755,84.91001471812028,3.802,-0.428,0.01,0.000,0.000,-78.4,26,10.0005,0.00
16:53:18,22.263674932713755,84.91001471812028,3.802,-0.428,0.01,0.000,0.000,-78.4,26,10.0005,0.00
16:53:18,22.263674932713755,84.91001471812028,3.802,-0.428,0.01,0.000,0.000,-78.4,26,10.0005,0.00
16:53:18,22.263674932713755,84.91001471812028,3.802,-0.428,0.01,0.000,0.000,-78.4,26,10.0005,0.00
16:53:18,22.263674932713755,84.91001471812028,3.802,-0.428,0.01,0.000,0.000,-78.4,26,10.0005,0.00
16:53:18,22.263674932713755,84.91001471812028,3.802,-0.428,0.01,0.000,0.000,-78.4,26,10.0005,0.00
16:53:18,22.263674932713755,84.91001471812028,3.802,-0.428,0.01,0.000,0.000,-78.4,26,10.0005,0.00
16:53:18,22.263674932713755,84.91001471812028,3.802,-0.428,0.01,0.000,0.000,-78.4,26,10.0005,0.00
16:53:18,22.263674932713755,84.91001471812028,3.802,-0.428,0.01,0.000,0.000,-78.4,26,10.0005,0.00
16:53:18,22.263674932713755,84.91001471812028,3.802,-0.428,0.01,0.000,0.000,-78.4,26,10.0005,0.00
16:53:18,22.263674932713755,84.91001471812028,3.802,-0.428,0.01,0.000,0.000,-78.4,26,10.0005,0.00
16:53:18,22.263674932713755,84.91001471812028,3.802,-0.428,0.01,0.000,0.000,-78.4,26,10.0005,0.00
16:53:18,22.263674932713755,84.91001471812028,3.802,-0.428,0.01,0.000,0.000,-78.4,26,10.0005,0.00
16:53:18,22.263674932713755,84.91001471812028,3.802,-0.428,0.01,0.000,0.000,-78.4,26,10.0005,0.00
16:53:19,22.263674932713755,84.91001471812028,3.802,-0.428,0.01,0.000,0.000,-78.4,26,10.0005,0.00
16:53:19,22.263674932713755,84.91001471812028,3.802,-0.428,0.01,0.000,0.000,-78.4,26,10.0005,0.00
16:53:19,22.263674932713755,84.91001471812028,3.802,-0.428,0.01,0.000,0.000,-78.4,26,10.0005,0.00
16:53:19,22.263674932713755,84.91001471812028,3.802,-0.428,0.01,0.000,0.000,-78.4,26,10.0005,0.00
16:53:19,22.263674932713755,84.91001471812028,3.802,-0.428,0.01,0.000,0.000,-78.4,26,10.0005,0.00
16:53:19,22.263674932713755,84.91001471812028,3.802,-0.428,0.01,0.000,0.000,-78.4,26,10.0005,0.00
16:53:19,22.263674932713755,84.91001471812028,3.802,-0.428,0.01,0.000,0.000,-78.4,26,10.0005,0.00
16:53:19,22.263674932713755,84.91001471812028,3.802,-0.428,0.01,0.000,0.000,-78.4,26,10.0005,0.00
16:53:19,22.263674932713755,84.91001471812028,3.802,-0.428,0.01,0.000,0.000,-78.4,26,10.0005,0.00
16:53:19,22.263674932713755,84.91001471812028,3.802,-0.428,0.01,0.000,0.000,-78.4,26,10.0005,0.00
16:53:19,22.263674932713755,84.91001471812028,3.802,-0.428,0.01,0.000,0.000,-78.4,26,10.0005,0.00
16:53:19,22.263674932713755,84.91001471812028,3.802,-0.428,0.01,0.000,0.000,-78.4,26,10.0005,0.00
16:53:19,22.263674932713755,84.91001471812028,3.802,-0.428,0.01,0.000,0.000,-78.4,26,10.0005,0.00
16:53:19,22.263674932713755,84.91001471812028,3.802,-0.428,0.01,0.000,0.000,-78.4,26,10.0005,0.00
16:53:19,22.263674932713755,84.91001471812028,3.802,-0.428,0.01,0.000,0.000,-78.4,26,10.0005,0.00
16:53:19,22.263674932713755,84.91001471812028,3.802,-0.428,0.01,0.000,0.000,-78.4,26,10.0005,0.00
16:53:19,22.263674932713755,84.91001471812028,3.802,-0.428,0.01,0.000,0.000,-78.4,26,10.0005,0.00
16:53:19,22.263674932713755,84.91001471812028,3.802,-0.428,0.01,0.000,0.000,-78.4,26,10.0005,0.00
16:53:19,22.263674932713755,84.91001471812028,3.802,-0.428,0.01,0.000,0.000,-78.4,26,10.0005,0.00
16:53:19,22.263674932713755,84.91001471812028,3.802,-0.428,0.01,0.000,0.000,-78.4,26,10.0005,0.00
16:53:20,22.263674932713755,84.91001471812028,3.802,-0.428,0.01,0.000,0.000,-78.4,26,10.0005,0.00
16:53:20,22.263674932713755,84.91001471812028,3.802,-0.428,0.01,0.000,0.000,-78.4,26,10.0005,0.00
16:53:20,22.263674932713755,84.91001471812028,3.802,-0.428,0.01,0.000,0.000,-78.4,26,10.0005,0.00
16:53:20,22.263674932713755,84.91001471812028,3.802,-0.428,0.01,0.000,0.000,-78.4,26,10.0005,0.00
16:53:20,22.263674932713755,84.91001471812028,3.802,-0.428,0.01,0.000,0.000,-78.4,26,10.0005,0.00