Timestamp,Latitude,Longitude,Local_X_m,Local_Y_m,Pressure_Depth_m,Linear_Vx_ms,Linear_Vy_ms,Gyro_Heading_Yaw,Satellites_Count,DVL_FOM,Navigation_Drift_m
18:46:02,22.2552704,84.9038964,0.457,0.655,0.03,0.009,-0.001,54.4,8,0.0011,0.80
18:46:02,22.2552704,84.9038964,0.457,0.655,0.03,0.008,0.019,53.9,8,0.0012,0.80
18:46:02,22.2552703,84.9038969,0.498,0.616,0.05,0.047,0.017,53.6,8,0.0000,0.79
18:46:02,22.2552703,84.9038969,0.499,0.617,0.05,0.008,0.027,53.6,8,0.0014,0.79
18:46:02,22.2552703,84.9038969,0.500,0.619,0.05,-0.008,0.034,53.6,8,0.0016,0.80
18:46:02,22.2552703,84.9038969,0.500,0.620,0.05,0.029,0.035,53.5,8,0.0000,0.80
18:46:02,22.2552703,84.9038969,0.536,0.585,0.05,-0.012,0.030,53.7,8,0.0018,0.79
18:46:02,22.2552703,84.9038969,0.536,0.586,0.05,-0.018,0.027,53.7,8,0.0020,0.79
18:46:02,22.2552703,84.9038969,0.536,0.588,0.05,0.016,0.032,53.7,8,0.0000,0.80
18:46:02,22.2552703,84.9038969,0.535,0.589,0.05,-0.025,0.027,54.1,8,0.0022,0.80
18:46:02,22.2552704,84.9038971,0.568,0.558,0.14,-0.014,0.036,54.8,8,0.0023,0.80
18:46:02,22.2552704,84.9038971,0.568,0.559,0.14,-0.011,0.041,54.8,8,0.0025,0.80
18:46:02,22.2552704,84.9038971,0.568,0.562,0.14,0.020,0.048,54.8,8,0.0000,0.80
18:46:02,22.2552704,84.9038971,0.568,0.565,0.14,-0.011,0.061,55.5,8,0.0025,0.80
18:46:02,22.2552702,84.9038967,0.568,0.568,0.23,0.003,0.070,56.3,8,0.0025,0.80
18:46:02,22.2552702,84.9038967,0.569,0.572,0.23,0.006,0.079,56.3,8,0.0025,0.81
18:46:02,22.2552702,84.9038967,0.570,0.576,0.23,0.036,0.086,57.1,8,0.0000,0.81
18:46:02,22.2552702,84.9038967,0.570,0.580,0.23,0.006,0.096,57.1,8,0.0026,0.81
18:46:02,22.2552702,84.9038967,0.571,0.585,0.23,0.006,0.108,57.9,8,0.0026,0.82
18:46:02,22.2552702,84.9038967,0.572,0.591,0.23,0.006,0.125,57.9,8,0.0026,0.82
18:46:02,22.2552702,84.9038967,0.573,0.598,0.23,0.035,0.133,58.7,8,0.0000,0.83
18:46:03,22.2552702,84.9038967,0.573,0.604,0.23,-0.011,0.132,58.7,8,0.0026,0.83
18:46:03,22.2552698,84.9038957,0.573,0.611,0.29,-0.010,0.143,58.4,8,0.0025,0.84
18:46:03,22.2552698,84.9038957,0.572,0.619,0.29,-0.026,0.162,58.6,8,0.0028,0.84
18:46:03,22.2552698,84.9038957,0.572,0.627,0.29,0.017,0.164,58.6,8,0.0000,0.85
18:46:03,22.2552698,84.9038957,0.572,0.635,0.29,-0.020,0.150,58.6,8,0.0027,0.85
18:46:03,22.2552698,84.9038957,0.571,0.642,0.29,-0.020,0.153,58.8,8,0.0025,0.86
18:46:03,22.2552698,84.9038957,0.572,0.651,0.29,0.147,0.242,58.7,8,0.0136,0.87
18:46:03,22.2552698,84.9038957,0.581,0.663,0.29,0.191,0.239,58.7,8,0.0000,0.88
18:46:03,22.2552698,84.9038957,0.592,0.674,0.29,0.251,0.194,58.7,8,0.0302,0.90
18:46:03,22.2552698,84.9038957,0.606,0.683,0.29,0.296,0.190,59.2,8,10.0005,0.91
18:46:03,22.2552688,84.9038939,0.612,0.686,0.29,0.062,-0.010,59.9,8,0.0041,0.92
18:46:03,22.2552688,84.9038939,0.616,0.685,0.29,0.103,-0.013,59.9,8,0.0000,0.92
18:46:03,22.2552688,84.9038939,0.622,0.685,0.29,0.143,-0.016,59.9,8,10.0005,0.93
18:46:03,22.2552688,84.9038939,0.631,0.684,0.29,0.184,-0.018,61.4,8,10.0005,0.93
18:46:03,22.2552671,84.9038911,0.641,0.683,0.29,0.220,-0.022,63.3,8,0.0000,0.94
18:46:03,22.2552671,84.9038911,0.653,0.682,0.29,0.253,-0.024,63.3,8,10.0005,0.94
18:46:03,22.2552671,84.9038911,0.666,0.680,0.29,0.286,-0.027,63.3,8,10.0005,0.95
18:46:03,22.2552671,84.9038911,0.682,0.679,0.29,0.318,-0.030,64.9,8,0.0000,0.96
18:46:04,22.2552671,84.9038911,0.698,0.677,0.29,0.348,-0.031,64.9,8,0.0000,0.97
18:46:04,22.2552671,84.9038911,0.717,0.676,0.29,0.378,-0.033,64.9,8,0.0000,0.98
18:46:04,22.2552671,84.9038911,0.736,0.674,0.29,0.408,-0.034,65.6,8,10.0005,1.00
18:46:04,22.2552671,84.9038911,0.758,0.672,0.29,0.437,-0.035,65.1,8,0.0000,1.01
18:46:04,22.2552671,84.9038911,0.780,0.671,0.29,0.466,-0.034,65.1,8,0.0000,1.03
18:46:04,22.2552641,84.9038868,0.805,0.669,0.29,0.495,-0.033,64.4,8,0.0000,1.05
18:46:04,22.2552641,84.9038868,0.830,0.667,0.29,0.523,-0.032,64.4,8,0.0000,1.07
18:46:04,22.2552641,84.9038868,0.857,0.666,0.29,0.551,-0.031,63.9,8,0.0000,1.09
18:46:04,22.2552641,84.9038868,0.886,0.664,0.29,0.580,-0.030,63.5,8,10.0005,1.11
18:46:04,22.25526,84.9038816,0.916,0.663,0.28,0.613,-0.028,63.5,8,0.0000,1.13
18:46:04,22.25526,84.9038816,0.948,0.661,0.28,0.645,-0.027,63.5,8,0.0000,1.16
18:46:04,22.25526,84.9038816,0.981,0.660,0.28,0.677,-0.026,63.3,8,0.0000,1.18
18:46:04,22.25526,84.9038816,1.016,0.659,0.28,0.711,-0.024,63.3,8,0.0000,1.21
18:46:04,22.25526,84.9038816,1.053,0.658,0.28,0.744,-0.022,63.3,8,0.0000,1.24
18:46:04,22.25526,84.9038816,1.091,0.657,0.28,0.778,-0.019,63.3,8,0.0000,1.27
18:46:04,22.25526,84.9038816,1.131,0.656,0.28,0.811,-0.017,63.4,8,0.0000,1.31
18:46:04,22.25526,84.9038816,1.173,0.655,0.28,0.844,-0.014,63.4,8,10.0005,1.34
18:46:04,22.2552556,84.9038762,1.216,0.654,0.28,0.877,-0.012,63.4,8,0.0000,1.38
18:46:04,22.2552556,84.9038762,1.261,0.654,0.28,0.908,-0.009,63.4,8,0.0000,1.42
18:46:04,22.2552556,84.9038762,1.308,0.653,0.28,0.939,-0.007,63.6,8,0.0000,1.46
18:46:04,22.2552556,84.9038762,1.356,0.653,0.28,0.974,-0.005,63.7,8,0.0000,1.50
18:46:04,22.2552511,84.9038705,1.406,0.653,0.28,1.008,-0.004,63.7,8,0.0000,1.55
18:46:05,22.2552511,84.9038705,1.457,0.652,0.28,1.043,-0.003,63.7,8,0.0000,1.60
18:46:05,22.2552511,84.9038705,1.511,0.652,0.28,1.078,-0.002,63.6,8,0.0000,1.65
18:46:05,22.2552511,84.9038705,1.566,0.652,0.28,1.110,-0.001,63.7,8,10.0005,1.70
18:46:05,22.2552511,84.9038705,1.622,0.652,0.28,1.141,-0.001,63.7,8,0.0000,1.75
18:46:05,22.2552511,84.9038705,1.681,0.652,0.28,1.172,-0.002,63.7,8,0.0000,1.80
18:46:05,22.2552511,84.9038705,1.740,0.652,0.28,1.203,-0.002,63.6,8,0.0000,1.86
18:46:05,22.2552511,84.9038705,1.801,0.652,0.28,1.232,-0.003,63.1,8,0.0000,1.92
18:46:05,22.2552511,84.9038705,1.864,0.652,0.28,1.260,-0.006,63.1,8,0.0000,1.97
18:46:05,22.2552465,84.9038649,1.928,0.651,0.27,1.288,-0.010,63.1,8,0.0000,2.04
18:46:05,22.2552465,84.9038649,1.994,0.651,0.27,1.316,-0.013,62.8,8,0.0000,2.10
18:46:05,22.2552465,84.9038649,2.061,0.650,0.27,1.344,-0.018,62.3,8,0.0000,2.16
18:46:05,22.2552465,84.9038649,2.130,0.649,0.27,1.370,-0.020,62.3,8,0.0000,2.23
18:46:05,22.2552465,84.9038649,2.199,0.648,0.27,1.396,-0.022,62.3,8,0.0000,2.29
18:46:05,22.2552465,84.9038649,2.270,0.647,0.27,1.422,-0.024,62.1,8,0.0000,2.36
18:46:05,22.2552465,84.9038649,2.343,0.646,0.27,1.446,-0.025,62.2,8,0.0000,2.43
18:46:05,22.2552465,84.9038649,2.416,0.644,0.27,1.470,-0.029,62.2,8,0.0000,2.50
18:46:05,22.255242,84.9038585,2.491,0.643,0.27,1.493,-0.033,62.2,8,0.0000,2.57
18:46:05,22.255242,84.9038585,2.566,0.641,0.27,1.516,-0.037,62.4,8,0.0000,2.65
18:46:06,22.255242,84.9038585,2.643,0.639,0.27,1.538,-0.043,62.7,8,0.0000,2.72
18:46:06,22.255242,84.9038585,2.721,0.636,0.27,1.559,-0.050,62.7,8,0.0000,2.79
18:46:06,22.2552366,84.9038504,2.800,0.634,0.27,1.581,-0.058,62.7,8,0.0000,2.87
18:46:06,22.2552366,84.9038504,2.880,0.631,0.27,1.603,-0.065,62.6,8,0.0000,2.95
18:46:06,22.2552366,84.9038504,2.961,0.627,0.27,1.624,-0.071,62.7,8,0.0000,3.03
18:46:06,22.2552366,84.9038504,3.044,0.624,0.27,1.645,-0.077,62.7,8,0.0000,3.11
18:46:06,22.2552366,84.9038504,3.127,0.619,0.27,1.665,-0.084,62.7,8,0.0000,3.19
18:46:06,22.2552366,84.9038504,3.211,0.615,0.27,1.686,-0.090,63.0,8,0.0000,3.27
18:46:06,22.2552366,84.9038504,3.297,0.610,0.27,1.706,-0.098,63.5,8,0.0000,3.35
18:46:06,22.2552366,84.9038504,3.383,0.605,0.27,1.725,-0.108,63.5,8,0.0000,3.44
18:46:06,22.2552366,84.9038504,3.471,0.599,0.27,1.744,-0.117,63.5,8,0.0000,3.52
18:46:06,22.255232,84.9038439,3.559,0.593,0.27,1.763,-0.126,64.1,8,0.0000,3.61
18:46:06,22.255232,84.9038439,3.648,0.587,0.27,1.781,-0.136,64.7,8,0.0000,3.70
18:46:06,22.255232,84.9038439,3.739,0.580,0.27,1.799,-0.147,64.7,8,0.0000,3.78
18:46:06,22.255232,84.9038439,3.830,0.572,0.27,1.816,-0.157,64.7,8,0.0000,3.87
18:46:06,22.2552285,84.9038394,3.922,0.564,0.28,1.834,-0.168,65.1,8,0.0000,3.96
18:46:06,22.2552285,84.9038394,4.015,0.555,0.28,1.851,-0.179,65.2,8,0.0000,4.05
18:46:06,22.2552285,84.9038394,4.108,0.546,0.28,1.868,-0.190,65.2,8,0.0000,4.14
18:46:06,22.2552285,84.9038394,4.203,0.536,0.28,1.885,-0.202,65.2,8,0.0000,4.24
18:46:07,22.2552285,84.9038394,4.298,0.525,0.28,1.902,-0.213,64.8,8,0.0000,4.33
18:46:07,22.2552285,84.9038394,4.394,0.514,0.28,1.920,-0.225,64.8,8,0.0000,4.42
18:46:07,22.2552285,84.9038394,4.492,0.503,0.28,1.937,-0.236,64.0,8,0.0000,4.52
18:46:07,22.2552285,84.9038394,4.590,0.491,0.28,1.954,-0.248,64.0,8,0.0000,4.62
18:46:07,22.2552253,84.9038355,4.689,0.478,0.29,1.972,-0.259,63.2,8,0.0000,4.71
18:46:07,22.2552253,84.9038355,4.789,0.464,0.29,1.990,-0.269,62.3,8,0.0000,4.81
18:46:07,22.2552253,84.9038355,4.890,0.451,0.29,2.008,-0.279,62.3,8,0.0000,4.91
18:46:07,22.2552253,84.9038355,4.991,0.436,0.29,2.026,-0.289,62.3,8,0.0000,5.01
18:46:07,22.2552253,84.9038355,5.094,0.421,0.29,2.044,-0.300,61.3,8,0.0000,5.11
18:46:07,22.2552223,84.9038318,5.197,0.406,0.29,2.062,-0.310,60.4,8,0.0000,5.21
18:46:07,22.2552223,84.9038318,5.302,0.390,0.29,2.081,-0.321,60.4,8,0.0000,5.32
18:46:07,22.2552223,84.9038318,5.407,0.374,0.29,2.100,-0.332,59.6,8,10.0005,5.42
18:46:07,22.2552223,84.9038318,1.349,1.032,0.29,0.006,-0.001,59.6,8,0.0019,1.70
18:46:07,22.2552223,84.9038318,1.350,1.032,0.29,0.026,-0.013,58.9,8,0.0000,1.70
18:46:07,22.2552223,84.9038318,1.352,1.031,0.29,0.046,-0.024,58.9,8,10.0005,1.70
18:46:07,22.2552223,84.9038318,1.355,1.030,0.29,0.065,-0.036,58.4,8,10.0005,1.70
18:46:07,22.2552223,84.9038318,1.358,1.027,0.29,0.085,-0.048,58.4,8,10.0005,1.70
18:46:07,22.2552191,84.9038278,1.363,1.025,0.30,0.105,-0.060,58.0,8,0.0000,1.71
18:46:07,22.2552191,84.9038278,1.369,1.021,0.30,0.125,-0.072,58.0,8,0.0000,1.71
18:46:07,22.2552191,84.9038278,1.376,1.017,0.30,0.146,-0.084,57.7,8,0.0000,1.71
18:46:08,22.2552191,84.9038278,1.384,1.013,0.30,0.166,-0.096,57.7,8,10.0005,1.71
18:46:08,22.2552191,84.9038278,1.393,1.008,0.30,0.187,-0.108,57.7,8,10.0005,1.72
18:46:08,22.2552191,84.9038278,1.402,1.002,0.30,0.208,-0.120,57.6,8,10.0005,1.72
18:46:08,22.2552191,84.9038278,1.413,0.996,0.30,0.228,-0.131,57.5,8,10.0005,1.73
18:46:08,22.2552191,84.9038278,1.425,0.989,0.30,0.250,-0.143,57.5,8,10.0005,1.73
18:46:08,22.2552159,84.9038238,1.439,0.981,0.30,0.271,-0.154,57.6,8,0.0000,1.74
18:46:08,22.2552159,84.9038238,1.453,0.973,0.30,0.293,-0.165,57.6,8,0.0000,1.75
18:46:08,22.2552159,84.9038238,1.468,0.965,0.30,0.314,-0.176,57.8,8,0.0000,1.76
18:46:08,22.2552159,84.9038238,1.485,0.956,0.30,0.337,-0.186,57.8,8,0.0000,1.77
18:46:08,22.2552125,84.9038197,1.502,0.946,0.31,0.358,-0.197,58.2,8,10.0005,1.78
18:46:08,22.2552125,84.9038197,1.521,0.936,0.31,0.380,-0.207,58.2,8,0.0000,1.79
18:46:08,22.2552125,84.9038197,1.540,0.925,0.31,0.402,-0.217,58.5,8,0.0000,1.80
18:46:08,22.2552125,84.9038197,1.561,0.914,0.31,0.425,-0.227,58.5,8,0.0000,1.81
18:46:08,22.2552125,84.9038197,1.583,0.902,0.31,0.447,-0.237,58.9,8,0.0000,1.82
18:46:08,22.2552125,84.9038197,1.606,0.890,0.31,0.470,-0.246,58.9,8,0.0000,1.84
18:46:08,22.2552125,84.9038197,1.630,0.877,0.31,0.492,-0.255,59.3,8,10.0005,1.85
18:46:08,22.2552125,84.9038197,1.656,0.864,0.31,0.515,-0.264,59.3,8,0.0000,1.87
18:46:08,22.2552125,84.9038197,1.682,0.851,0.31,0.538,-0.274,59.6,8,0.0000,1.89
18:46:08,22.255209,84.9038153,1.710,0.837,0.31,0.560,-0.283,59.6,8,0.0000,1.90
18:46:08,22.255209,84.9038153,1.739,0.822,0.31,0.583,-0.292,59.9,8,0.0000,1.92
18:46:08,22.255209,84.9038153,1.769,0.807,0.31,0.607,-0.301,59.9,8,0.0000,1.94
18:46:09,22.255209,84.9038153,1.800,0.792,0.31,0.630,-0.310,59.9,8,0.0000,1.97
18:46:09,22.2552052,84.9038107,1.832,0.776,0.31,0.653,-0.319,60.0,8,0.0000,1.99
18:46:09,22.2552052,84.9038107,1.866,0.760,0.31,0.676,-0.328,60.0,8,10.0005,2.01
18:46:09,22.2552052,84.9038107,1.900,0.743,0.31,0.699,-0.337,60.0,8,0.0000,2.04
18:46:09,22.2552052,84.9038107,1.936,0.726,0.31,0.722,-0.346,60.0,8,0.0000,2.07
18:46:09,22.2552052,84.9038107,1.973,0.708,0.31,0.745,-0.355,60.0,8,0.0000,2.10
18:46:09,22.2552052,84.9038107,2.011,0.690,0.31,0.768,-0.364,60.0,8,0.0000,2.13
18:46:09,22.2552052,84.9038107,2.051,0.671,0.31,0.791,-0.374,60.0,8,0.0000,2.16
18:46:09,22.2552052,84.9038107,2.091,0.652,0.31,0.814,-0.383,60.0,8,0.0000,2.19
18:46:09,22.2552012,84.9038059,2.133,0.633,0.30,0.837,-0.392,60.0,8,0.0000,2.22
18:46:09,22.2552012,84.9038059,2.175,0.613,0.30,0.860,-0.401,60.1,8,10.0005,2.26
18:46:09,22.2552012,84.9038059,2.219,0.592,0.30,0.882,-0.410,60.1,8,0.0000,2.30
18:46:09,22.2552012,84.9038059,2.264,0.572,0.30,0.905,-0.419,60.1,8,10.0005,2.34
18:46:09,22.2552012,84.9038059,1.341,0.998,0.30,0.005,-0.002,60.1,8,0.0015,1.67
18:46:09,22.255197,84.9038008,1.342,0.997,0.30,0.028,-0.012,60.1,8,0.0000,1.67
18:46:09,22.255197,84.9038008,1.337,0.999,0.30,0.005,-0.002,60.1,8,0.0012,1.67
18:46:09,22.255197,84.9038008,1.337,0.999,0.30,0.005,-0.002,60.1,8,0.0014,1.67
18:46:09,22.255197,84.9038008,1.338,0.999,0.30,0.028,-0.011,60.1,8,10.0005,1.67
18:46:09,22.255197,84.9038008,1.340,0.998,0.30,0.051,-0.020,60.1,8,0.0000,1.67
18:46:10,22.255197,84.9038008,1.339,0.999,0.30,0.005,-0.002,60.1,8,0.0025,1.67
18:46:10,22.255197,84.9038008,1.340,0.998,0.30,0.028,-0.011,60.2,8,0.0025,1.67
18:46:10,22.255197,84.9038008,1.342,0.997,0.30,0.051,-0.021,60.2,8,10.0005,1.67
18:46:10,22.2551928,84.9037956,1.345,0.996,0.30,0.074,-0.030,60.2,8,10.0005,1.67
18:46:10,22.2551928,84.9037956,1.349,0.994,0.30,0.097,-0.039,60.2,8,10.0005,1.68
18:46:10,22.2551928,84.9037956,1.355,0.992,0.30,0.120,-0.048,60.2,8,0.0000,1.68
18:46:10,22.2551928,84.9037956,1.361,0.990,0.30,0.142,-0.057,60.2,8,0.0000,1.68
18:46:10,22.2551928,84.9037956,1.369,0.986,0.30,0.165,-0.066,60.2,8,0.0000,1.69
18:46:10,22.2551928,84.9037956,1.378,0.983,0.30,0.188,-0.075,60.2,8,10.0005,1.69
18:46:10,22.2551928,84.9037956,1.388,0.979,0.30,0.211,-0.084,60.2,8,10.0005,1.70
18:46:10,22.2551928,84.9037956,1.399,0.974,0.30,0.234,-0.093,60.2,8,10.0005,1.71
18:46:10,22.2551883,84.9037902,1.412,0.969,0.30,0.256,-0.103,60.2,8,10.0005,1.71
18:46:10,22.2551883,84.9037902,1.425,0.964,0.30,0.279,-0.112,60.2,8,10.0005,1.72
18:46:10,22.2551883,84.9037902,1.440,0.958,0.30,0.302,-0.121,60.2,8,0.0000,1.73
18:46:10,22.2551883,84.9037902,1.455,0.952,0.30,0.325,-0.130,60.2,8,0.0000,1.74
18:46:10,22.2551838,84.9037846,1.472,0.945,0.29,0.348,-0.139,60.2,8,0.0000,1.75
18:46:10,22.2551838,84.9037846,1.491,0.938,0.29,0.371,-0.148,60.2,8,0.0000,1.76
18:46:10,22.2551838,84.9037846,1.510,0.930,0.29,0.393,-0.157,60.2,8,10.0005,1.77
18:46:10,22.2551838,84.9037846,1.530,0.922,0.29,0.416,-0.166,60.2,8,0.0000,1.79
18:46:10,22.2551838,84.9037846,1.552,0.914,0.29,0.439,-0.175,60.2,8,0.0000,1.80
18:46:11,22.2551838,84.9037846,1.574,0.905,0.29,0.461,-0.184,60.2,8,0.0000,1.82
18:46:11,22.2551838,84.9037846,1.598,0.895,0.29,0.483,-0.193,60.3,8,0.0000,1.83
18:46:11,22.2551838,84.9037846,1.623,0.885,0.29,0.504,-0.202,60.3,8,0.0000,1.85
18:46:11,22.2551838,84.9037846,1.649,0.875,0.29,0.524,-0.211,60.4,8,10.0005,1.87
18:46:11,22.255179,84.9037788,1.676,0.864,0.29,0.543,-0.220,60.4,8,0.0000,1.89
18:46:11,22.255179,84.9037788,1.704,0.853,0.29,0.562,-0.229,60.6,8,0.0000,1.90
18:46:11,22.255179,84.9037788,1.732,0.841,0.29,0.579,-0.239,60.6,8,0.0000,1.93
18:46:11,22.255179,84.9037788,1.762,0.828,0.29,0.597,-0.249,60.8,8,0.0000,1.95
18:46:11,22.2551741,84.9037727,1.792,0.816,0.29,0.614,-0.260,60.9,8,0.0000,1.97
18:46:11,22.2551741,84.9037727,1.824,0.802,0.29,0.630,-0.271,60.9,8,0.0000,1.99
18:46:11,22.2551741,84.9037727,1.856,0.788,0.29,0.647,-0.283,60.9,8,0.0000,2.02
18:46:11,22.2551741,84.9037727,1.889,0.774,0.29,0.664,-0.294,61.0,8,10.0005,2.04
18:46:11,22.2551741,84.9037727,1.922,0.759,0.29,0.681,-0.305,61.2,8,0.0000,2.07
18:46:11,22.2551741,84.9037727,1.957,0.743,0.29,0.698,-0.317,61.2,8,0.0000,2.09
18:46:11,22.2551741,84.9037727,1.993,0.727,0.29,0.715,-0.329,61.2,8,0.0000,2.12
18:46:11,22.2551741,84.9037727,2.029,0.710,0.29,0.733,-0.342,61.4,8,0.0000,2.15
18:46:11,22.2551691,84.9037665,2.066,0.693,0.29,0.750,-0.354,61.6,8,0.0000,2.18
18:46:11,22.2551691,84.9037665,2.105,0.674,0.29,0.768,-0.368,61.6,8,0.0000,2.21
18:46:11,22.2551691,84.9037665,2.144,0.655,0.29,0.786,-0.382,61.6,8,0.0000,2.24
18:46:11,22.2551691,84.9037665,2.184,0.636,0.29,0.803,-0.395,61.8,8,10.0005,2.27
18:46:11,22.2551691,84.9037665,2.225,0.615,0.29,0.821,-0.410,61.8,8,0.0000,2.31
18:46:12,22.2551691,84.9037665,1.426,1.025,0.29,0.005,-0.002,62.0,8,0.0020,1.76
18:46:12,22.2551691,84.9037665,1.427,1.024,0.29,0.022,-0.017,62.2,8,0.0000,1.76
18:46:12,22.2551691,84.9037665,1.424,1.027,0.29,0.004,-0.003,62.2,8,0.0031,1.76
18:46:12,22.255164,84.90376,1.424,1.027,0.29,0.003,-0.003,62.4,8,0.0029,1.76
18:46:12,22.255164,84.90376,1.424,1.027,0.29,0.019,-0.017,62.5,8,0.0029,1.76
18:46:12,22.255164,84.90376,1.424,1.027,0.29,0.019,-0.017,62.5,8,0.0020,1.76
18:46:12,22.255164,84.90376,1.425,1.026,0.29,0.018,-0.018,62.7,8,0.0000,1.76
18:46:12,22.2551588,84.9037535,1.425,1.026,0.29,0.003,-0.003,62.7,8,0.0021,1.76
18:46:12,22.2551588,84.9037535,1.425,1.026,0.29,0.003,-0.003,62.7,8,0.0016,1.76
18:46:12,22.2551588,84.9037535,1.426,1.025,0.29,0.003,-0.003,62.8,8,0.0018,1.76
18:46:12,22.2551588,84.9037535,1.426,1.024,0.29,0.016,-0.017,62.8,8,0.0000,1.76
18:46:12,22.2551588,84.9037535,1.427,1.023,0.29,0.029,-0.031,62.9,8,10.0005,1.76
18:46:12,22.2551588,84.9037535,1.429,1.021,0.29,0.039,-0.045,63.0,8,10.0005,1.76
18:46:12,22.2551588,84.9037535,1.431,1.019,0.29,0.043,-0.057,63.0,8,10.0005,1.76
18:46:12,22.2551588,84.9037535,1.433,1.016,0.29,0.047,-0.069,63.0,8,10.0005,1.76
18:46:12,22.2551535,84.9037467,1.436,1.012,0.29,0.051,-0.081,63.3,8,10.0005,1.76
18:46:12,22.2551535,84.9037467,1.438,1.007,0.29,0.044,-0.091,63.8,8,0.0000,1.76
18:46:12,22.2551535,84.9037467,1.440,1.003,0.29,0.023,-0.097,63.8,8,10.0005,1.75
18:46:13,22.2551535,84.9037467,1.441,0.998,0.29,0.002,-0.103,63.8,8,10.0005,1.75
18:46:13,22.2551479,84.9037397,1.440,0.992,0.26,-0.019,-0.109,64.4,8,10.0005,1.75
18:46:13,22.2551479,84.9037397,1.438,0.987,0.26,-0.058,-0.112,65.1,8,10.0005,1.74
18:46:13,22.2551479,84.9037397,1.434,0.981,0.26,-0.115,-0.114,65.1,8,10.0005,1.74
18:46:13,22.2551479,84.9037397,1.427,0.975,0.26,-0.172,-0.116,65.1,8,0.0000,1.73
18:46:13,22.2551479,84.9037397,1.417,0.969,0.26,-0.229,-0.117,65.9,8,0.0000,1.72
18:46:13,22.2551479,84.9037397,1.403,0.963,0.26,-0.302,-0.118,66.7,8,0.0000,1.70
18:46:13,22.2551479,84.9037397,1.386,0.957,0.26,-0.387,-0.120,66.7,8,0.0000,1.68
18:46:13,22.2551479,84.9037397,1.364,0.951,0.26,-0.472,-0.122,66.7,8,10.0005,1.66
18:46:13,22.2551479,84.9037397,1.338,0.945,0.26,-0.557,-0.124,67.5,8,10.0005,1.64
18:46:13,22.2551424,84.903733,1.308,0.939,0.22,-0.650,-0.126,68.4,8,10.0005,1.61
18:46:13,22.2551424,84.903733,1.273,0.933,0.22,-0.745,-0.126,68.4,8,10.0005,1.58
18:46:13,22.2551424,84.903733,1.233,0.926,0.22,-0.840,-0.126,68.4,8,10.0005,1.54
18:46:13,22.2551424,84.903733,1.188,0.920,0.22,-0.935,-0.127,69.2,8,10.0005,1.50
18:46:13,22.2551367,84.9037262,1.139,0.913,0.15,-1.030,-0.124,70.0,8,0.0000,1.46
18:46:13,22.2551367,84.9037262,1.084,0.907,0.15,-1.120,-0.118,70.0,8,0.0000,1.41
18:46:13,22.2551367,84.9037262,1.026,0.902,0.15,-1.211,-0.112,70.0,8,0.0000,1.37
18:46:13,22.2551367,84.9037262,0.963,0.896,0.15,-1.301,-0.105,70.5,8,0.0000,1.32
18:46:13,22.2551367,84.9037262,0.895,0.891,0.15,-1.384,-0.097,70.9,8,10.0005,1.26
18:46:13,22.2551367,84.9037262,0.823,0.886,0.15,-1.457,-0.091,70.9,8,0.0000,1.21
18:46:14,22.2551367,84.9037262,0.748,0.882,0.15,-1.530,-0.084,70.9,8,0.0000,1.16
18:46:14,22.2551367,84.9037262,0.669,0.878,0.15,-1.602,-0.077,71.1,8,0.0000,1.10
18:46:14,22.2551309,84.9037196,0.587,0.874,0.07,-1.663,-0.073,71.1,8,0.0000,1.05
18:46:14,22.2551309,84.9037196,0.502,0.870,0.07,-1.710,-0.071,71.1,8,0.0000,1.00
18:46:14,22.2551309,84.9037196,0.415,0.867,0.07,-1.758,-0.069,71.1,8,0.0000,0.96
18:46:14,22.2551309,84.9037196,0.325,0.864,0.07,-1.805,-0.067,71.0,8,0.0000,0.92
18:46:14,22.2551309,84.9037196,0.233,0.860,0.07,-1.841,-0.067,70.8,8,10.0005,0.89
18:46:14,22.2551309,84.9037196,0.140,0.857,0.07,-1.867,-0.067,70.8,8,0.0000,0.87
18:46:14,22.2551309,84.9037196,0.045,0.853,0.07,-1.893,-0.068,70.4,8,0.0000,0.85
18:46:14,22.2551309,84.9037196,-0.051,0.850,0.07,-1.910,-0.067,70.4,8,0.0000,0.85
18:46:14,22.2551309,84.9037196,-0.147,0.847,0.07,-1.928,-0.066,69.9,8,0.0000,0.86
18:46:14,22.2551248,84.9037127,-0.245,0.843,0.00,-1.938,-0.062,69.9,8,0.0000,0.88
18:46:14,22.2551248,84.9037127,-0.343,0.840,0.00,-1.948,-0.058,69.3,8,0.0000,0.91
18:46:14,22.2551248,84.9037127,-0.441,0.838,0.00,-1.949,-0.051,69.3,8,0.0000,0.95
18:46:14,22.2551248,84.9037127,-0.539,0.835,0.00,-1.950,-0.044,68.4,8,0.0000,0.99
18:46:14,22.2551186,84.9037054,-0.637,0.833,0.05,-1.941,-0.036,67.6,8,10.0005,1.05
18:46:14,22.2551186,84.9037054,-0.734,0.832,0.05,-1.923,-0.032,67.6,8,0.0000,1.11
18:46:14,22.2551186,84.9037054,-0.831,0.830,0.05,-1.904,-0.029,67.6,8,10.0005,1.17
18:46:14,22.2551186,84.9037054,1.295,0.839,0.05,0.022,-0.017,66.7,8,0.0016,1.54
18:46:14,22.2551186,84.9037054,1.296,0.838,0.05,0.051,-0.023,66.7,8,0.0000,1.54
18:46:15,22.2551186,84.9037054,1.292,0.840,0.05,0.028,-0.003,66.7,8,0.0015,1.54
18:46:15,22.2551186,84.9037054,1.293,0.840,0.05,0.027,-0.001,65.9,8,0.0016,1.54
18:46:15,22.2551186,84.9037054,1.295,0.840,0.05,0.027,-0.003,65.1,8,0.0012,1.54
18:46:15,22.2551122,84.9036979,1.297,0.839,0.06,0.072,-0.027,65.1,8,0.0000,1.54
18:46:15,22.2551122,84.9036979,1.299,0.839,0.06,0.035,-0.005,65.1,8,0.0006,1.55
18:46:15,22.2551122,84.9036979,1.302,0.838,0.06,0.080,-0.029,64.1,8,0.0006,1.55
18:46:15,22.2551122,84.9036979,1.304,0.838,0.06,0.049,-0.006,63.0,8,0.0007,1.55
18:46:15,22.2551056,84.9036899,1.308,0.837,0.05,0.099,-0.040,63.0,8,0.0000,1.55
18:46:15,22.2551056,84.9036899,1.311,0.836,0.05,0.055,-0.007,61.8,8,0.0007,1.55
18:46:15,22.2551056,84.9036899,1.315,0.835,0.05,0.103,-0.042,61.8,8,0.0007,1.56
18:46:15,22.2551056,84.9036899,1.321,0.832,0.05,0.152,-0.077,60.6,8,0.0007,1.56
18:46:15,22.2551056,84.9036899,1.322,0.834,0.05,0.057,0.009,60.6,8,0.0014,1.56
18:46:15,22.2551056,84.9036899,1.326,0.834,0.05,0.102,-0.023,59.7,8,0.0000,1.57
18:46:15,22.2551056,84.9036899,1.328,0.835,0.05,0.054,0.013,59.7,8,0.0013,1.57
18:46:15,22.2551056,84.9036899,1.332,0.834,0.05,0.094,-0.015,59.0,8,0.0013,1.57
18:46:15,22.2551056,84.9036899,1.335,0.835,0.05,0.054,0.017,59.0,8,0.0015,1.57
18:46:15,22.2550987,84.9036818,1.338,0.836,0.01,0.044,0.022,58.6,8,0.0015,1.58
18:46:15,22.2550987,84.9036818,1.341,0.836,0.01,0.072,0.003,58.6,8,0.0000,1.58
18:46:15,22.2550987,84.9036818,1.343,0.838,0.01,0.045,0.028,58.4,8,0.0015,1.58
18:46:15,22.2550987,84.9036818,1.346,0.839,0.01,0.065,0.013,58.4,8,0.0015,1.59
18:46:16,22.2550916,84.9036735,1.348,0.840,0.03,0.037,0.039,58.4,8,0.0014,1.59
18:46:16,22.2550916,84.9036735,1.350,0.842,0.03,0.025,0.048,58.4,8,0.0015,1.59
18:46:16,22.2550916,84.9036735,1.352,0.844,0.03,0.038,0.035,58.5,8,0.0000,1.59
18:46:16,22.2550916,84.9036735,1.353,0.847,0.03,0.023,0.055,58.6,8,0.0014,1.60
18:46:16,22.2550916,84.9036735,1.354,0.850,0.03,0.005,0.060,58.6,8,0.0014,1.60
18:46:16,22.2550916,84.9036735,1.354,0.852,0.03,0.011,0.049,58.6,8,0.0014,1.60
18:46:16,22.2550916,84.9036735,1.355,0.856,0.03,0.002,0.069,58.9,8,0.0015,1.60
18:46:16,22.2550916,84.9036735,1.355,0.859,0.03,0.008,0.059,59.3,8,0.0000,1.60
18:46:16,22.2550845,84.9036651,1.355,0.862,0.08,0.002,0.071,59.3,8,0.0021,1.61
18:46:16,22.2550845,84.9036651,1.355,0.866,0.08,-0.015,0.075,59.3,8,0.0014,1.61
18:46:16,22.2550845,84.9036651,1.354,0.870,0.08,-0.027,0.083,59.9,8,0.0017,1.61
18:46:16,22.2550845,84.9036651,1.353,0.874,0.08,-0.014,0.074,60.4,8,0.0000,1.61
18:46:16,22.2550845,84.9036651,1.352,0.878,0.08,-0.024,0.080,60.4,8,0.0020,1.61
18:46:16,22.2550845,84.9036651,1.351,0.882,0.08,-0.026,0.084,60.4,8,0.0014,1.61
18:46:16,22.2550845,84.9036651,1.350,0.886,0.08,-0.009,0.076,61.0,8,0.0014,1.61
18:46:16,22.2550845,84.9036651,1.349,0.890,0.08,-0.022,0.089,61.5,8,0.0015,1.62
18:46:16,22.2550845,84.9036651,1.348,0.894,0.08,0.004,0.082,61.5,8,0.0000,1.62
18:46:16,22.2550774,84.9036569,1.348,0.899,0.12,-0.011,0.084,61.5,8,0.0025,1.62
18:46:16,22.2550774,84.9036569,1.348,0.903,0.12,0.014,0.078,61.9,8,0.0025,1.62
18:46:17,22.2550774,84.9036569,1.348,0.907,0.12,0.004,0.085,61.9,8,0.0014,1.62
18:46:17,22.2550774,84.9036569,1.348,0.911,0.12,0.005,0.085,61.9,8,0.0014,1.63
18:46:17,22.2550699,84.9036483,1.349,0.915,0.16,0.032,0.079,62.3,8,0.0000,1.63
18:46:17,22.2550699,84.9036483,1.350,0.919,0.16,0.006,0.073,62.5,8,0.0016,1.63
18:46:17,22.2550699,84.9036483,1.351,0.923,0.16,0.027,0.068,62.7,8,0.0015,1.64
18:46:17,22.2550699,84.9036483,1.353,0.926,0.16,0.049,0.060,62.7,8,0.0015,1.64
18:46:17,22.2550699,84.9036483,1.354,0.929,0.16,0.035,0.062,62.7,8,0.0015,1.64
18:46:17,22.2550699,84.9036483,1.357,0.932,0.16,0.057,0.054,62.8,8,0.0000,1.65
18:46:17,22.2550699,84.9036483,1.359,0.935,0.16,0.039,0.057,63.0,8,0.0016,1.65
18:46:17,22.2550699,84.9036483,1.361,0.938,0.16,0.031,0.056,63.0,8,0.0015,1.65
18:46:17,22.2550622,84.9036395,1.363,0.941,0.20,0.038,0.058,63.0,8,0.0015,1.66
18:46:17,22.2550622,84.9036395,1.365,0.943,0.20,0.048,0.052,63.1,8,0.0000,1.66
18:46:17,22.2550622,84.9036395,1.366,0.946,0.20,0.024,0.058,63.2,8,0.0021,1.66
18:46:17,22.2550622,84.9036395,1.367,0.949,0.20,0.020,0.055,63.2,8,0.0021,1.66
18:46:17,22.2550543,84.9036304,1.369,0.952,0.24,0.029,0.047,63.2,8,0.0016,1.67
18:46:17,22.2550543,84.9036304,1.370,0.954,0.24,0.031,0.044,63.3,8,0.0021,1.67
18:46:17,22.2550543,84.9036304,1.372,0.956,0.24,0.020,0.044,63.4,8,0.0000,1.67
18:46:17,22.2550543,84.9036304,1.373,0.958,0.24,0.038,0.045,63.4,8,0.0027,1.67
18:46:17,22.2550543,84.9036304,1.376,0.961,0.24,0.081,0.074,63.4,8,0.0041,1.68
18:46:17,22.2550543,84.9036304,1.379,0.965,0.24,0.063,0.077,63.4,8,0.0041,1.68
18:46:17,22.2550543,84.9036304,1.382,0.971,0.24,0.049,0.132,63.4,8,0.0068,1.69
18:46:18,22.2550543,84.9036304,1.384,0.977,0.24,0.025,0.139,63.4,8,0.0000,1.69
18:46:18,22.2550543,84.9036304,1.386,0.985,0.24,0.034,0.166,63.6,8,0.0072,1.70
18:46:18,22.2550462,84.9036212,1.388,0.992,0.27,0.057,0.029,63.5,8,0.0043,1.71
18:46:18,22.2550462,84.9036212,1.390,0.993,0.27,0.027,0.007,63.3,8,0.0040,1.71
18:46:18,22.2550462,84.9036212,1.391,0.994,0.27,0.026,0.017,63.3,8,0.0000,1.71
18:46:18,22.2550462,84.9036212,1.394,0.994,0.27,0.056,0.003,63.3,8,0.0025,1.71
18:46:18,22.2550462,84.9036212,1.397,0.994,0.27,0.056,0.013,63.2,8,0.0025,1.71
18:46:18,22.2550462,84.9036212,1.398,0.996,0.27,0.007,0.032,63.8,8,0.0016,1.72
18:46:18,22.2550462,84.9036212,1.398,0.998,0.27,-0.026,0.064,63.8,8,0.0017,1.72
18:46:18,22.2550462,84.9036212,1.397,1.001,0.27,-0.008,0.065,63.8,8,0.0000,1.72
18:46:18,22.2550381,84.9036122,1.394,1.006,0.27,-0.084,0.109,66.3,8,0.0023,1.72
18:46:18,22.2550381,84.9036122,1.389,1.011,0.27,-0.111,0.119,69.1,8,0.0022,1.72
18:46:18,22.2550381,84.9036122,1.384,1.017,0.27,-0.091,0.117,69.1,8,0.0022,1.72
18:46:18,22.2550381,84.9036122,1.379,1.023,0.27,-0.104,0.097,69.1,8,0.0021,1.72
18:46:18,22.2550296,84.903602,1.374,1.027,0.26,-0.084,0.095,71.2,8,0.0000,1.72
18:46:18,22.2550296,84.903602,1.369,1.031,0.26,-0.103,0.050,72.4,8,0.0030,1.71
18:46:18,22.2550296,84.903602,1.363,1.033,0.26,-0.140,0.042,72.4,8,0.0031,1.71
18:46:18,22.2550296,84.903602,1.357,1.035,0.26,-0.128,0.046,72.4,8,0.0031,1.71
18:46:18,22.2550296,84.903602,1.348,1.036,0.26,-0.189,0.005,71.9,8,0.0043,1.70
18:46:19,22.2550296,84.903602,1.339,1.037,0.26,-0.178,0.014,69.9,8,0.0000,1.69
18:46:19,22.2550296,84.903602,1.327,1.037,0.26,-0.243,0.003,69.9,8,0.0032,1.68
18:46:19,22.2550296,84.903602,1.315,1.036,0.26,-0.267,-0.079,67.3,8,0.0034,1.67
18:46:19,22.2550296,84.903602,1.302,1.032,0.26,-0.253,-0.063,67.3,8,0.0034,1.66
18:46:19,22.2550209,84.9035913,1.288,1.027,0.26,-0.283,-0.120,64.8,8,0.0041,1.65
18:46:19,22.2550209,84.9035913,1.274,1.021,0.26,-0.269,-0.103,64.8,8,0.0000,1.63
18:46:19,22.2550209,84.9035913,1.262,1.016,0.26,-0.230,-0.106,62.5,8,0.0034,1.62
18:46:19,22.2550209,84.9035913,1.251,1.011,0.26,-0.173,-0.064,62.5,8,0.0026,1.61
18:46:19,22.2550115,84.9035802,1.243,1.008,0.25,-0.131,-0.060,60.5,8,0.0022,1.60
18:46:19,22.2550115,84.9035802,1.236,1.006,0.25,-0.136,-0.050,60.5,8,0.0000,1.59
18:46:19,22.2550115,84.9035802,1.230,1.004,0.25,-0.106,-0.004,60.5,8,0.0019,1.59
18:46:19,22.2550115,84.9035802,1.225,1.005,0.25,-0.111,0.005,59.3,8,0.0019,1.58
18:46:19,22.2550115,84.9035802,1.220,1.005,0.25,-0.095,0.001,58.8,8,0.0026,1.58
18:46:19,22.2550115,84.9035802,1.215,1.005,0.25,-0.085,-0.000,58.8,8,0.0017,1.58
18:46:19,22.2550115,84.9035802,1.210,1.005,0.25,-0.115,-0.002,58.6,8,0.0000,1.57
18:46:19,22.2550115,84.9035802,1.206,1.005,0.25,-0.078,-0.001,58.6,8,0.0012,1.57
18:46:19,22.2550022,84.9035691,1.202,1.004,0.24,-0.075,-0.001,58.6,8,0.0011,1.57
18:46:19,22.2550022,84.9035691,1.197,1.004,0.24,-0.119,-0.006,58.6,8,0.0011,1.56
18:46:19,22.2550022,84.9035691,1.193,1.004,0.24,-0.075,-0.001,58.8,8,0.0018,1.56
18:46:19,22.2550022,84.9035691,1.188,1.004,0.24,-0.119,-0.005,58.8,8,0.0000,1.56
18:46:19,22.2549927,84.9035581,1.184,1.004,0.24,-0.074,-0.001,59.1,8,0.0020,1.55
18:46:20,22.2549927,84.9035581,1.180,1.004,0.24,-0.019,-0.001,59.1,8,0.0016,1.55
18:46:20,22.2549927,84.9035581,1.178,1.004,0.24,-0.059,-0.004,59.7,8,0.0016,1.55
18:46:20,22.2549927,84.9035581,1.175,1.004,0.24,-0.083,-0.000,59.7,8,0.0016,1.55
18:46:20,22.2549927,84.9035581,1.170,1.004,0.24,-0.118,-0.002,60.3,8,0.0000,1.54
18:46:20,22.2549927,84.9035581,1.167,1.004,0.24,-0.054,-0.000,60.3,8,0.0023,1.54
18:46:20,22.2549927,84.9035581,1.164,1.004,0.24,-0.041,-0.000,61.1,8,0.0019,1.54
18:46:20,22.2549927,84.9035581,1.161,1.004,0.24,-0.045,0.013,61.1,8,0.0023,1.54
18:46:20,22.2549927,84.9035581,1.159,1.004,0.24,-0.068,0.013,61.9,8,0.0000,1.53
18:46:20,22.254983,84.9035469,1.155,1.005,0.24,-0.061,0.001,61.9,8,0.0018,1.53
18:46:20,22.254983,84.9035469,1.152,1.005,0.24,-0.045,0.000,61.9,8,0.0016,1.53
18:46:20,22.254983,84.9035469,1.150,1.005,0.24,-0.062,0.000,62.6,8,0.0016,1.53
18:46:20,22.254983,84.9035469,1.149,1.005,0.24,-0.007,-0.000,63.3,8,0.0021,1.53
18:46:20,22.254983,84.9035469,1.148,1.005,0.24,-0.017,-0.000,63.3,8,0.0000,1.53
18:46:20,22.254983,84.9035469,1.147,1.005,0.24,-0.021,-0.000,63.8,8,0.0017,1.52
18:46:20,22.254983,84.9035469,1.146,1.005,0.24,-0.005,0.000,63.8,8,0.0019,1.52
18:46:20,22.254983,84.9035469,1.146,1.005,0.24,-0.013,0.001,63.8,8,0.0019,1.52
18:46:20,22.2549731,84.9035358,1.145,1.005,0.24,-0.002,0.000,64.3,8,0.0015,1.52
18:46:20,22.2549731,84.9035358,1.145,1.005,0.24,-0.010,0.002,64.7,8,0.0000,1.52
18:46:21,22.2549731,84.9035358,1.145,1.005,0.24,-0.002,0.000,64.7,8,0.0018,1.52
18:46:21,22.2549731,84.9035358,1.145,1.005,0.24,-0.002,0.001,64.7,8,0.0019,1.52
18:46:21,22.2549676,84.9035307,1.144,1.005,0.24,-0.011,0.003,65.0,8,0.0019,1.52
18:46:21,22.2549676,84.9035307,1.144,1.005,0.24,-0.002,0.001,65.1,8,0.0019,1.52
18:46:21,22.2549676,84.9035307,1.144,1.005,0.24,-0.017,0.005,65.1,8,0.0000,1.52
18:46:21,22.2549676,84.9035307,1.145,1.005,0.24,0.022,-0.019,65.1,8,0.0016,1.52
18:46:21,22.2549676,84.9035307,1.146,1.004,0.24,0.025,-0.002,65.2,8,0.0019,1.52
18:46:21,22.2549676,84.9035307,1.147,1.004,0.24,0.036,0.001,65.2,8,0.0015,1.52
18:46:21,22.2549676,84.9035307,1.148,1.004,0.24,0.016,0.007,65.2,8,0.0000,1.53
18:46:21,22.2549676,84.9035307,1.149,1.004,0.24,0.027,0.001,65.1,8,0.0020,1.53
18:46:21,22.2549676,84.9035307,1.150,1.004,0.24,0.006,0.008,65.1,8,0.0020,1.53
18:46:21,22.2549676,84.9035307,1.152,1.005,0.23,0.029,0.002,64.9,8,0.0019,1.53
18:46:21,22.2549676,84.9035307,1.153,1.004,0.23,0.024,-0.015,64.9,8,0.0023,1.53
18:46:21,22.2549676,84.9035307,1.153,1.004,0.23,0.001,-0.008,64.7,8,0.0000,1.53
18:46:21,22.2549676,84.9035307,1.154,1.003,0.23,0.018,-0.030,64.7,8,0.0015,1.53
18:46:21,22.2549676,84.9035307,1.155,1.001,0.22,-0.005,-0.023,64.4,8,0.0015,1.53
18:46:21,22.2549676,84.9035307,1.155,1.001,0.22,0.014,-0.002,64.4,8,0.0016,1.53
18:46:21,22.2549676,84.9035307,1.156,1.001,0.22,0.021,0.001,64.2,8,0.0015,1.53
18:46:21,22.2549676,84.9035307,1.156,1.001,0.22,0.001,0.006,63.9,8,0.0000,1.53
18:46:21,22.2549676,84.9035307,1.157,1.001,0.22,0.020,-0.014,63.9,8,0.0016,1.53
18:46:22,22.2549676,84.9035307,1.158,1.000,0.22,0.022,-0.015,63.9,8,0.0017,1.53
18:46:22,22.2549676,84.9035307,1.159,0.999,0.22,0.004,-0.010,63.5,8,0.0017,1.53
18:46:22,22.2549676,84.9035307,1.160,0.998,0.22,0.020,-0.024,63.1,8,0.0014,1.53
18:46:22,22.2549676,84.9035307,1.160,0.997,0.22,0.006,-0.022,63.1,8,0.0000,1.53
18:46:22,22.2549676,84.9035307,1.161,0.997,0.22,0.025,-0.002,63.1,8,0.0015,1.53
18:46:22,22.2549676,84.9035307,1.162,0.997,0.22,0.002,0.000,62.8,8,0.0013,1.53
18:46:22,22.2549676,84.9035307,1.162,0.997,0.22,0.025,0.000,62.4,8,0.0013,1.53
18:46:22,22.2549676,84.9035307,1.163,0.997,0.21,0.014,0.002,62.4,8,0.0000,1.53
18:46:22,22.2549676,84.9035307,1.165,0.997,0.21,0.028,0.000,62.4,8,0.0013,1.53
18:46:22,22.2549676,84.9035307,1.166,0.997,0.21,0.033,0.000,62.1,8,0.0010,1.53
18:46:22,22.2549676,84.9035307,1.167,0.997,0.21,0.023,0.001,62.1,8,0.0010,1.54
18:46:22,22.2549676,84.9035307,1.169,0.997,0.21,0.032,0.000,62.1,8,0.0011,1.54
18:46:22,22.2549676,84.9035307,1.170,0.997,0.21,0.023,0.001,61.8,8,0.0000,1.54
18:46:22,22.2549676,84.9035307,1.172,0.997,0.21,0.038,0.000,61.6,8,0.0011,1.54
18:46:22,22.2549676,84.9035307,1.174,0.997,0.21,0.041,0.000,61.5,8,0.0013,1.54
18:46:22,22.2549676,84.9035307,1.176,0.997,0.21,0.032,0.000,61.5,8,0.0013,1.54
18:46:22,22.2549676,84.9035307,1.178,0.997,0.21,0.041,0.000,61.5,8,0.0011,1.54
18:46:22,22.2549676,84.9035307,1.180,0.997,0.21,0.032,0.000,61.5,8,0.0000,1.54
18:46:22,22.2549676,84.9035307,1.182,0.997,0.21,0.041,0.000,61.6,8,0.0014,1.55
18:46:22,22.2549676,84.9035307,1.184,0.997,0.21,0.043,0.000,61.6,8,0.0011,1.55
18:46:22,22.2549676,84.9035307,1.186,0.997,0.21,0.032,0.001,61.6,8,0.0011,1.55
18:46:23,22.2549676,84.9035307,1.188,0.997,0.21,0.039,0.000,61.8,8,0.0014,1.55
18:46:23,22.2549676,84.9035307,1.189,0.997,0.21,0.027,0.001,61.8,8,0.0000,1.55
18:46:23,22.2549676,84.9035307,1.191,0.997,0.21,0.032,0.000,62.1,8,0.0015,1.55
18:46:23,22.2549676,84.9035307,1.192,0.997,0.21,0.038,0.000,62.1,8,0.0014,1.55
18:46:23,22.2549676,84.9035307,1.194,0.997,0.22,0.026,0.002,62.3,8,0.0014,1.56
18:46:23,22.2549676,84.9035307,1.196,0.997,0.22,0.039,0.000,62.3,8,0.0010,1.56
18:46:23,22.2549676,84.9035307,1.198,0.997,0.22,0.025,0.003,62.6,8,0.0000,1.56
18:46:23,22.2549676,84.9035307,1.199,0.997,0.22,0.028,0.000,62.6,8,0.0016,1.56
18:46:23,22.2549676,84.9035307,1.200,0.998,0.22,0.032,0.016,62.8,8,0.0016,1.56
18:46:23,22.2549676,84.9035307,1.202,0.999,0.22,0.029,0.019,62.8,8,0.0013,1.56
18:46:23,22.2549676,84.9035307,1.203,1.000,0.22,0.014,0.021,63.2,8,0.0000,1.56
18:46:23,22.2549676,84.9035307,1.204,1.001,0.22,0.028,0.025,63.5,8,0.0013,1.57
18:46:23,22.2549676,84.9035307,1.205,1.002,0.22,0.030,0.020,63.5,8,0.0012,1.57
18:46:23,22.2549676,84.9035307,1.207,1.003,0.22,0.014,0.022,63.5,8,0.0012,1.57
18:46:23,22.2549676,84.9035307,1.208,1.004,0.22,0.026,0.020,63.8,8,0.0014,1.57
18:46:23,22.2549676,84.9035307,1.209,1.005,0.22,0.009,0.022,64.2,8,0.0000,1.57
18:46:23,22.2549676,84.9035307,1.210,1.005,0.22,0.023,0.002,64.2,8,0.0014,1.57
18:46:23,22.2549676,84.9035307,1.211,1.006,0.22,0.024,0.001,64.5,8,0.0013,1.57
18:46:23,22.2549676,84.9035307,1.212,1.006,0.22,0.008,0.004,64.5,8,0.0013,1.57
18:46:23,22.2549676,84.9035307,1.213,1.006,0.22,0.025,0.001,64.5,8,0.0013,1.58
18:46:24,22.2549676,84.9035307,1.214,1.006,0.21,0.010,0.003,64.9,8,0.0000,1.58
18:46:24,22.2549676,84.9035307,1.215,1.006,0.21,0.024,0.001,64.9,8,0.0013,1.58
18:46:24,22.2549676,84.9035307,1.216,1.006,0.21,0.029,0.001,65.2,8,0.0018,1.58
18:46:24,22.2549676,84.9035307,1.217,1.006,0.21,0.032,0.001,65.4,8,0.0014,1.58
18:46:24,22.2549676,84.9035307,1.219,1.006,0.21,0.021,0.005,65.4,8,0.0000,1.58
18:46:24,22.2549676,84.9035307,1.220,1.006,0.21,0.030,0.001,65.5,8,0.0015,1.58
18:46:24,22.2549676,84.9035307,1.221,1.006,0.21,0.021,0.005,65.5,8,0.0015,1.58
18:46:24,22.2549676,84.9035307,1.223,1.006,0.21,0.038,0.001,65.5,8,0.0011,1.58
18:46:24,22.2549676,84.9035307,1.225,1.006,0.21,0.039,0.001,65.5,8,0.0014,1.59
18:46:24,22.2549676,84.9035307,1.227,1.007,0.21,0.030,0.005,65.4,8,0.0000,1.59
18:46:24,22.2549676,84.9035307,1.229,1.007,0.21,0.043,0.001,65.4,8,0.0014,1.59
18:46:24,22.2549676,84.9035307,1.231,1.007,0.21,0.047,0.001,65.3,8,0.0016,1.59
18:46:24,22.2549676,84.9035307,1.233,1.007,0.21,0.038,0.004,65.3,8,0.0016,1.59
18:46:24,22.2549676,84.9035307,1.235,1.007,0.21,0.045,0.001,65.1,8,0.0012,1.59
18:46:24,22.2549676,84.9035307,1.237,1.007,0.21,0.036,0.005,65.1,8,0.0000,1.60
18:46:24,22.2549676,84.9035307,1.240,1.007,0.21,0.056,0.001,64.9,8,0.0014,1.60
18:46:24,22.2549676,84.9035307,1.242,1.007,0.21,0.053,0.001,64.9,8,0.0013,1.60
18:46:24,22.2549676,84.9035307,1.245,1.007,0.21,0.052,0.001,64.6,8,0.0013,1.60
18:46:24,22.2549676,84.9035307,1.247,1.007,0.21,0.040,0.005,64.6,8,0.0000,1.60
18:46:25,22.2549676,84.9035307,1.250,1.008,0.21,0.061,0.001,64.6,8,0.0017,1.61
18:46:25,22.2549676,84.9035307,1.253,1.008,0.21,0.050,0.005,64.3,8,0.0017,1.61
18:46:25,22.2549676,84.9035307,1.256,1.008,0.21,0.052,0.001,63.9,8,0.0014,1.61
18:46:25,22.2549676,84.9035307,1.258,1.008,0.21,0.040,0.005,63.9,8,0.0014,1.61
18:46:25,22.2549676,84.9035307,1.261,1.008,0.21,0.053,0.001,63.5,8,0.0013,1.61
18:46:25,22.2549676,84.9035307,1.263,1.008,0.21,0.040,0.005,63.5,8,0.0000,1.62
18:46:25,22.2549676,84.9035307,1.265,1.008,0.21,0.051,0.001,63.2,8,0.0016,1.62
18:46:25,22.2549676,84.9035307,1.268,1.008,0.21,0.048,0.001,63.2,8,0.0015,1.62
18:46:25,22.2549676,84.9035307,1.270,1.008,0.21,0.035,0.005,62.9,8,0.0000,1.62
18:46:25,22.2549676,84.9035307,1.271,1.009,0.21,0.023,0.008,62.9,8,0.0000,1.62
18:46:25,22.2549676,84.9035307,1.274,1.009,0.21,0.044,0.001,62.6,8,0.0014,1.63
18:46:25,22.2549676,84.9035307,1.276,1.009,0.21,0.046,0.001,62.6,8,0.0013,1.63
18:46:25,22.2549676,84.9035307,1.278,1.009,0.21,0.035,0.004,62.4,8,0.0013,1.63
18:46:25,22.2549676,84.9035307,1.281,1.009,0.21,0.047,0.001,62.4,8,0.0014,1.63
18:46:25,22.2549676,84.9035307,1.283,1.009,0.21,0.037,0.004,62.2,8,0.0000,1.63
18:46:25,22.2549676,84.9035307,1.285,1.009,0.21,0.045,0.001,62.2,8,0.0015,1.63
18:46:25,22.2549676,84.9035307,1.287,1.009,0.21,0.045,-0.015,62.2,8,0.0015,1.64
18:46:25,22.2549676,84.9035307,1.289,1.008,0.21,0.037,-0.012,62.2,8,0.0015,1.64
18:46:25,22.2549676,84.9035307,1.291,1.008,0.21,0.042,-0.001,62.2,8,0.0016,1.64
18:46:26,22.2549676,84.9035307,1.293,1.008,0.21,0.035,0.002,62.2,8,0.0000,1.64
18:46:26,22.2549676,84.9035307,1.296,1.008,0.21,0.049,0.000,62.2,8,0.0013,1.64
18:46:26,22.2549676,84.9035307,1.298,1.008,0.21,0.041,0.000,62.2,8,0.0016,1.64
18:46:26,22.2549676,84.9035307,1.300,1.008,0.21,0.051,0.000,62.3,8,0.0011,1.65
18:46:26,22.2549676,84.9035307,1.302,1.008,0.21,0.044,0.003,62.4,8,0.0000,1.65
18:46:26,22.2549676,84.9035307,1.305,1.008,0.21,0.050,0.001,62.4,8,0.0015,1.65
18:46:26,22.2549676,84.9035307,1.307,1.008,0.21,0.043,0.003,62.4,8,0.0015,1.65
18:46:26,22.2549676,84.9035307,1.310,1.008,0.21,0.054,0.001,62.6,8,0.0014,1.65
18:46:26,22.2549676,84.9035307,1.312,1.008,0.21,0.052,0.001,62.7,8,0.0018,1.66
18:46:26,22.2549676,84.9035307,1.315,1.008,0.21,0.043,0.003,62.7,8,0.0000,1.66
18:46:26,22.2549676,84.9035307,1.317,1.008,0.21,0.052,0.001,62.7,8,0.0013,1.66
18:46:26,22.2549676,84.9035307,1.320,1.009,0.21,0.043,0.004,62.8,8,0.0013,1.66
18:46:26,22.2549676,84.9035307,1.322,1.009,0.21,0.054,0.001,62.9,8,0.0012,1.66
18:46:26,22.2549676,84.9035307,1.325,1.009,0.21,0.055,0.001,62.9,8,0.0013,1.67
18:46:26,22.2549676,84.9035307,1.328,1.009,0.21,0.044,0.004,62.9,8,0.0000,1.67
18:46:26,22.2549676,84.9035307,1.330,1.009,0.21,0.055,0.001,63.0,8,0.0015,1.67
18:46:26,22.2549676,84.9035307,1.333,1.009,0.21,0.048,0.001,63.2,8,0.0014,1.67
18:46:26,22.2549676,84.9035307,1.335,1.009,0.21,0.036,0.004,63.2,8,0.0014,1.67
18:46:26,22.2549676,84.9035307,1.337,1.009,0.21,0.053,0.001,63.2,8,0.0013,1.68
18:46:26,22.2549676,84.9035307,1.340,1.009,0.21,0.041,0.004,63.6,8,0.0000,1.68
18:46:26,22.2549676,84.9035307,1.342,1.009,0.21,0.049,0.001,63.6,8,0.0011,1.68
18:46:27,22.2549676,84.9035307,1.345,1.009,0.21,0.042,0.001,63.9,8,0.0021,1.68
18:46:27,22.2549676,84.9035307,1.346,1.009,0.21,0.043,0.001,63.9,8,0.0012,1.68
18:46:27,22.2549676,84.9035307,1.348,1.010,0.21,0.031,0.005,64.3,8,0.0000,1.68
18:46:27,22.2549676,84.9035307,1.350,1.010,0.21,0.040,0.001,64.3,8,0.0012,1.69
18:46:27,22.2549676,84.9035307,1.352,1.010,0.21,0.029,0.005,64.3,8,0.0012,1.69
18:46:27,22.2549676,84.9035307,1.354,1.010,0.21,0.040,0.001,64.6,8,0.0013,1.69
18:46:27,22.2549676,84.9035307,1.356,1.010,0.21,0.041,0.001,64.9,8,0.0011,1.69
18:46:27,22.2549676,84.9035307,1.358,1.010,0.21,0.030,0.006,64.9,8,0.0000,1.69
18:46:27,22.2549676,84.9035307,1.360,1.010,0.21,0.038,0.001,65.2,8,0.0013,1.69
18:46:27,22.2549676,84.9035307,1.361,1.010,0.21,0.028,0.006,65.2,8,0.0013,1.70
18:46:27,22.2549676,84.9035307,1.363,1.010,0.21,0.038,0.001,65.3,8,0.0012,1.70
18:46:27,22.2549676,84.9035307,1.365,1.011,0.21,0.034,0.001,65.3,8,0.0012,1.70
18:46:27,22.2549676,84.9035307,1.366,1.011,0.21,0.025,0.007,65.4,8,0.0000,1.70
18:46:27,22.2549676,84.9035307,1.368,1.011,0.21,0.036,0.001,65.4,8,0.0010,1.70
18:46:27,22.2549676,84.9035307,1.370,1.011,0.21,0.036,0.001,65.3,8,0.0010,1.70
18:46:27,22.2549676,84.9035307,1.372,1.011,0.21,0.029,0.007,65.3,8,0.0010,1.70
18:46:27,22.2549676,84.9035307,1.373,1.011,0.21,0.034,0.001,65.3,8,0.0012,1.71
18:46:27,22.2549676,84.9035307,1.375,1.012,0.20,0.028,0.006,65.3,8,0.0000,1.71
18:46:27,22.2549676,84.9035307,1.377,1.012,0.20,0.046,0.001,65.1,8,0.0011,1.71
18:46:28,22.2549676,84.9035307,1.379,1.012,0.20,0.045,0.001,65.1,8,0.0012,1.71
18:46:28,22.2549676,84.9035307,1.381,1.012,0.20,0.039,0.005,65.0,8,0.0012,1.71
18:46:28,22.2549676,84.9035307,1.383,1.012,0.20,0.044,0.001,65.0,8,0.0013,1.71
18:46:28,22.2549676,84.9035307,1.386,1.012,0.20,0.040,0.005,64.8,8,0.0000,1.72
18:46:28,22.2549676,84.9035307,1.388,1.012,0.20,0.045,0.001,64.8,8,0.0013,1.72
18:46:28,22.2549676,84.9035307,1.390,1.012,0.20,0.043,0.001,64.5,8,0.0013,1.72
18:46:28,22.2549676,84.9035307,1.392,1.012,0.20,0.049,0.001,64.5,8,0.0015,1.72
18:46:28,22.2549676,84.9035307,1.395,1.012,0.20,0.046,0.004,64.2,8,0.0000,1.72
18:46:28,22.2549676,84.9035307,1.397,1.012,0.20,0.045,0.001,63.9,8,0.0012,1.73
18:46:28,22.2549676,84.9035307,1.399,1.013,0.20,0.044,0.001,63.9,8,0.0014,1.73
18:46:28,22.2549676,84.9035307,1.401,1.013,0.19,0.040,0.004,63.9,8,0.0014,1.73
18:46:28,22.2549676,84.9035307,1.403,1.013,0.19,0.042,0.001,63.6,8,0.0017,1.73
18:46:28,22.2549676,84.9035307,1.405,1.013,0.19,0.039,0.004,63.2,8,0.0000,1.73
18:46:28,22.2549676,84.9035307,1.407,1.013,0.19,0.042,0.001,63.2,8,0.0014,1.73
18:46:28,22.2549676,84.9035307,1.409,1.013,0.19,0.038,-0.014,63.2,8,0.0014,1.74
18:46:28,22.2549676,84.9035307,1.411,1.012,0.19,0.034,-0.011,62.9,8,0.0014,1.74
18:46:28,22.2549676,84.9035307,1.413,1.012,0.19,0.036,-0.001,62.7,8,0.0011,1.74
18:46:28,22.2549676,84.9035307,1.415,1.012,0.19,0.031,0.002,62.7,8,0.0000,1.74
18:46:28,22.2549676,84.9035307,1.416,1.011,0.19,0.029,-0.014,62.7,8,0.0015,1.74
18:46:28,22.2549676,84.9035307,1.418,1.011,0.19,0.026,-0.002,62.6,8,0.0012,1.74
18:46:29,22.2549676,84.9035307,1.419,1.011,0.19,0.021,0.001,62.6,8,0.0012,1.74
18:46:29,22.2549676,84.9035307,1.420,1.011,0.19,0.023,0.000,62.4,8,0.0015,1.74
18:46:29,22.2549676,84.9035307,1.421,1.011,0.19,0.019,0.003,62.4,8,0.0000,1.74
18:46:29,22.2549676,84.9035307,1.422,1.011,0.19,0.018,0.001,62.4,8,0.0015,1.74
18:46:29,22.2549676,84.9035307,1.423,1.011,0.19,0.016,0.001,62.4,8,0.0014,1.75
18:46:29,22.2549676,84.9035307,1.424,1.011,0.19,0.013,0.004,62.4,8,0.0014,1.75
18:46:29,22.2549676,84.9035307,1.424,1.011,0.19,0.016,0.001,62.4,8,0.0012,1.75
18:46:29,22.2549676,84.9035307,1.425,1.011,0.20,0.014,0.004,62.5,8,0.0000,1.75
18:46:29,22.2549676,84.9035307,1.426,1.011,0.20,0.016,0.001,62.6,8,0.0013,1.75
18:46:29,22.2549676,84.9035307,1.427,1.011,0.20,0.017,0.001,62.6,8,0.0010,1.75
18:46:29,22.2549676,84.9035307,1.428,1.012,0.20,0.019,0.001,62.6,8,0.0011,1.75
18:46:29,22.2549676,84.9035307,1.429,1.012,0.20,0.018,0.004,62.7,8,0.0000,1.75
18:46:29,22.2549676,84.9035307,1.430,1.012,0.20,0.023,0.001,62.8,8,0.0012,1.75
18:46:29,22.2549676,84.9035307,1.431,1.012,0.20,0.025,0.000,62.8,8,0.0013,1.75
18:46:29,22.2549676,84.9035307,1.432,1.012,0.20,0.023,0.003,62.8,8,0.0013,1.75
18:46:29,22.2549676,84.9035307,1.433,1.012,0.20,0.028,0.000,63.0,8,0.0016,1.75
18:46:29,22.2549676,84.9035307,1.435,1.012,0.20,0.026,0.002,63.1,8,0.0000,1.76
18:46:29,22.2549676,84.9035307,1.436,1.012,0.20,0.028,0.000,63.1,8,0.0017,1.76
18:46:29,22.2549676,84.9035307,1.438,1.012,0.20,0.030,0.000,63.1,8,0.0014,1.76
18:46:29,22.2549676,84.9035307,1.439,1.012,0.20,0.027,0.002,63.3,8,0.0014,1.76
18:46:29,22.2549676,84.9035307,1.441,1.012,0.20,0.036,0.000,63.3,8,0.0015,1.76
18:46:30,22.2549676,84.9035307,1.442,1.012,0.20,0.032,0.003,63.4,8,0.0000,1.76
18:46:30,22.2549676,84.9035307,1.444,1.012,0.20,0.040,0.001,63.4,8,0.0013,1.76
18:46:30,22.2549676,84.9035307,1.446,1.012,0.20,0.042,0.001,63.5,8,0.0015,1.77
18:46:30,22.2549676,84.9035307,1.448,1.012,0.20,0.037,0.001,63.6,8,0.0016,1.77
18:46:30,22.2549676,84.9035307,1.450,1.013,0.20,0.030,0.005,63.6,8,0.0000,1.77
18:46:30,22.2549676,84.9035307,1.452,1.013,0.20,0.036,0.001,63.6,8,0.0014,1.77
18:46:30,22.2549676,84.9035307,1.454,1.013,0.20,0.029,0.005,63.7,8,0.0014,1.77
18:46:30,22.2549676,84.9035307,1.455,1.013,0.20,0.034,0.001,63.8,8,0.0012,1.77
18:46:30,22.2549676,84.9035307,1.457,1.013,0.20,0.031,0.001,63.8,8,0.0010,1.77
18:46:30,22.2549676,84.9035307,1.458,1.013,0.20,0.023,0.006,63.9,8,0.0000,1.78
18:46:30,22.2549676,84.9035307,1.460,1.013,0.20,0.025,0.001,63.9,8,0.0012,1.78
18:46:30,22.2549676,84.9035307,1.461,1.013,0.20,0.026,0.001,64.0,8,0.0015,1.78
18:46:30,22.2549676,84.9035307,1.462,1.013,0.20,0.018,0.005,64.0,8,0.0015,1.78
18:46:30,22.2549676,84.9035307,1.463,1.014,0.20,0.028,0.019,64.1,8,0.0012,1.78
18:46:30,22.2549676,84.9035307,1.464,1.015,0.20,0.020,0.024,64.1,8,0.0000,1.78
18:46:30,22.2549676,84.9035307,1.466,1.016,0.20,0.028,0.016,64.1,8,0.0015,1.78
18:46:30,22.2549676,84.9035307,1.467,1.017,0.20,0.025,0.016,64.1,8,0.0013,1.79
18:46:30,22.2549676,84.9035307,1.468,1.018,0.20,0.017,0.020,64.1,8,0.0013,1.79
18:46:31,22.2549676,84.9035307,1.469,1.018,0.20,0.024,0.002,64.1,8,0.0013,1.79
18:46:31,22.2549676,84.9035307,1.470,1.018,0.20,0.016,0.005,64.1,8,0.0000,1.79
18:46:31,22.2549676,84.9035307,1.471,1.019,0.20,0.023,0.001,64.1,8,0.0013,1.79
18:46:31,22.2549676,84.9035307,1.472,1.019,0.20,0.023,0.001,64.1,8,0.0011,1.79
18:46:31,22.2549676,84.9035307,1.473,1.019,0.20,0.017,0.003,64.1,8,0.0011,1.79
18:46:31,22.2549676,84.9035307,1.475,1.019,0.20,0.022,0.001,64.1,8,0.0012,1.79
18:46:31,22.2549676,84.9035307,1.476,1.019,0.20,0.017,0.004,64.1,8,0.0000,1.79
18:46:31,22.2549676,84.9035307,1.477,1.019,0.20,0.025,0.001,64.1,8,0.0012,1.79
18:46:31,22.2549676,84.9035307,1.478,1.019,0.20,0.026,0.001,64.1,8,0.0013,1.80
18:46:31,22.2549676,84.9035307,1.479,1.019,0.20,0.028,0.001,64.1,8,0.0012,1.80
18:46:31,22.2549676,84.9035307,1.481,1.019,0.20,0.025,0.004,64.1,8,0.0000,1.80
18:46:31,22.2549676,84.9035307,1.482,1.019,0.20,0.031,0.001,64.1,8,0.0015,1.80
18:46:31,22.2549676,84.9035307,1.484,1.020,0.20,0.032,0.013,64.1,8,0.0013,1.80
18:46:31,22.2549676,84.9035307,1.485,1.020,0.20,0.030,0.017,64.1,8,0.0013,1.80
18:46:31,22.2549676,84.9035307,1.487,1.021,0.19,0.035,0.018,64.1,8,0.0013,1.80
18:46:31,22.2549676,84.9035307,1.489,1.022,0.19,0.035,0.022,64.1,8,0.0000,1.81
18:46:31,22.2549676,84.9035307,1.491,1.023,0.19,0.040,0.025,64.1,8,0.0012,1.81
18:46:31,22.2549676,84.9035307,1.493,1.025,0.19,0.038,0.023,64.1,8,0.0014,1.81
18:46:31,22.2549676,84.9035307,1.494,1.026,0.19,0.039,0.027,64.1,8,0.0014,1.81
18:46:31,22.2549676,84.9035307,1.496,1.027,0.19,0.032,0.024,64.1,8,0.0013,1.81
18:46:31,22.2549676,84.9035307,1.498,1.028,0.19,0.033,0.026,64.1,8,0.0000,1.82
18:46:32,22.2549676,84.9035307,1.499,1.030,0.19,0.032,0.025,64.1,8,0.0013,1.82
18:46:32,22.2549676,84.9035307,1.501,1.031,0.19,0.030,0.021,64.1,8,0.0014,1.82
18:46:32,22.2549676,84.9035307,1.503,1.032,0.19,0.032,0.021,64.2,8,0.0013,1.82
18:46:32,22.2549676,84.9035307,1.504,1.033,0.19,0.033,0.023,64.3,8,0.0000,1.82
18:46:32,22.2549676,84.9035307,1.506,1.034,0.19,0.029,0.021,64.3,8,0.0014,1.83
18:46:32,22.2549676,84.9035307,1.507,1.035,0.19,0.030,0.022,64.3,8,0.0014,1.83
18:46:32,22.2549676,84.9035307,1.509,1.036,0.19,0.028,0.020,64.5,8,0.0014,1.83
18:46:32,22.2549676,84.9035307,1.510,1.037,0.19,0.024,0.019,64.5,8,0.0015,1.83
18:46:32,22.2549676,84.9035307,1.511,1.038,0.19,0.025,0.021,64.6,8,0.0000,1.83
18:46:32,22.2549676,84.9035307,1.513,1.039,0.19,0.025,0.018,64.6,8,0.0017,1.84
18:46:32,22.2549676,84.9035307,1.514,1.040,0.19,0.027,0.020,64.7,8,0.0015,1.84
18:46:32,22.2549676,84.9035307,1.515,1.041,0.19,0.027,0.023,64.8,8,0.0015,1.84
18:46:32,22.2549676,84.9035307,1.517,1.042,0.19,0.025,0.024,64.8,8,0.0016,1.84
18:46:32,22.2549676,84.9035307,1.518,1.044,0.19,0.025,0.026,64.8,8,0.0000,1.84
18:46:32,22.2549676,84.9035307,1.519,1.045,0.19,0.027,0.021,64.9,8,0.0014,1.84
18:46:32,22.2549676,84.9035307,1.521,1.046,0.19,0.025,0.023,65.1,8,0.0018,1.85
18:46:32,22.2549676,84.9035307,1.522,1.047,0.19,0.022,0.022,65.1,8,0.0014,1.85
18:46:32,22.2549676,84.9035307,1.523,1.048,0.19,0.021,0.025,65.1,8,0.0000,1.85
18:46:33,22.2549676,84.9035307,1.524,1.049,0.19,0.021,0.022,65.2,8,0.0015,1.85
18:46:33,22.2549676,84.9035307,1.525,1.051,0.19,0.020,0.025,65.2,8,0.0015,1.85
18:46:33,22.2549676,84.9035307,1.526,1.052,0.19,0.024,0.019,65.2,8,0.0014,1.85
18:46:33,22.2549676,84.9035307,1.527,1.053,0.19,0.022,0.017,65.3,8,0.0012,1.85
18:46:33,22.2549676,84.9035307,1.528,1.053,0.19,0.023,0.020,65.4,8,0.0000,1.86
18:46:33,22.2549676,84.9035307,1.529,1.054,0.19,0.020,0.018,65.3,8,0.0013,1.86
18:46:33,22.2549676,84.9035307,1.530,1.055,0.19,0.022,0.021,65.3,8,0.0013,1.86
18:46:33,22.2549676,84.9035307,1.532,1.056,0.19,0.024,0.020,65.3,8,0.0014,1.86
18:46:33,22.2549676,84.9035307,1.533,1.057,0.19,0.024,0.004,65.3,8,0.0013,1.86
18:46:33,22.2549676,84.9035307,1.534,1.057,0.19,0.025,0.006,65.3,8,0.0000,1.86
18:46:33,22.2549676,84.9035307,1.535,1.057,0.19,0.023,0.001,65.3,8,0.0014,1.86
18:46:33,22.2549676,84.9035307,1.536,1.058,0.19,0.026,0.000,65.3,8,0.0013,1.87
18:46:33,22.2549676,84.9035307,1.538,1.058,0.19,0.028,0.002,65.2,8,0.0013,1.87
18:46:33,22.2549676,84.9035307,1.539,1.058,0.19,0.027,0.000,65.1,8,0.0012,1.87
18:46:33,22.2549676,84.9035307,1.541,1.058,0.19,0.028,0.002,65.1,8,0.0000,1.87
18:46:33,22.2549676,84.9035307,1.542,1.058,0.19,0.024,0.015,65.1,8,0.0013,1.87
18:46:33,22.2549676,84.9035307,1.543,1.059,0.19,0.026,0.015,65.0,8,0.0012,1.87
18:46:33,22.2549676,84.9035307,1.544,1.060,0.19,0.028,0.017,64.8,8,0.0012,1.87
18:46:33,22.2549676,84.9035307,1.546,1.061,0.19,0.027,0.017,64.8,8,0.0013,1.87
18:46:33,22.2549676,84.9035307,1.547,1.062,0.19,0.029,0.019,64.8,8,0.0000,1.88
18:46:34,22.2549676,84.9035307,1.549,1.062,0.19,0.028,0.017,64.6,8,0.0012,1.88
18:46:34,22.2549676,84.9035307,1.550,1.063,0.19,0.029,0.018,64.6,8,0.0015,1.88
18:46:34,22.2549676,84.9035307,1.552,1.064,0.19,0.030,0.019,64.6,8,0.0013,1.88
18:46:34,22.2549676,84.9035307,1.553,1.065,0.19,0.032,0.020,64.3,8,0.0000,1.88
18:46:34,22.2549676,84.9035307,1.555,1.066,0.19,0.027,0.020,64.0,8,0.0013,1.89
18:46:34,22.2549676,84.9035307,1.556,1.067,0.19,0.028,0.021,63.8,8,0.0013,1.89
18:46:34,22.2549676,84.9035307,1.557,1.068,0.19,0.026,0.018,63.8,8,0.0014,1.89
18:46:34,22.2549676,84.9035307,1.559,1.069,0.19,0.023,0.017,63.8,8,0.0013,1.89
18:46:34,22.2549676,84.9035307,1.560,1.070,0.19,0.024,0.019,63.5,8,0.0000,1.89
18:46:34,22.2549676,84.9035307,1.561,1.071,0.19,0.021,0.016,63.2,8,0.0016,1.89
18:46:34,22.2549676,84.9035307,1.562,1.072,0.18,0.020,0.003,63.2,8,0.0012,1.89
18:46:34,22.2549676,84.9035307,1.563,1.072,0.18,0.021,0.004,63.2,8,0.0012,1.90
18:46:34,22.2549676,84.9035307,1.564,1.072,0.18,0.018,0.001,63.0,8,0.0013,1.90
18:46:34,22.2549676,84.9035307,1.565,1.072,0.18,0.020,0.002,62.8,8,0.0000,1.90
18:46:34,22.2549676,84.9035307,1.566,1.072,0.18,0.016,0.000,62.8,8,0.0013,1.90
18:46:34,22.2549676,84.9035307,1.566,1.072,0.18,0.003,0.000,62.8,8,0.0014,1.90
18:46:34,22.2549676,84.9035307,1.567,1.072,0.18,0.006,0.002,62.7,8,0.0014,1.90
18:46:34,22.2549676,84.9035307,1.567,1.072,0.18,0.015,0.000,62.7,8,0.0014,1.90
18:46:34,22.2549676,84.9035307,1.568,1.072,0.19,0.019,0.002,62.7,8,0.0000,1.90
18:46:34,22.2549676,84.9035307,1.569,1.072,0.19,0.016,0.000,62.8,8,0.0013,1.90
18:46:35,22.2549676,84.9035307,1.569,1.072,0.19,0.003,0.000,62.8,8,0.0012,1.90
18:46:35,22.2549676,84.9035307,1.570,1.072,0.19,0.008,0.001,62.8,8,0.0012,1.90
18:46:35,22.2549676,84.9035307,1.570,1.073,0.18,0.001,0.016,62.8,8,0.0013,1.90
18:46:35,22.2549676,84.9035307,1.570,1.074,0.18,0.006,0.017,62.9,8,0.0000,1.90
18:46:35,22.2549676,84.9035307,1.570,1.074,0.18,0.001,0.019,62.9,8,0.0014,1.90
18:46:35,22.2549676,84.9035307,1.570,1.075,0.18,0.015,0.021,62.9,8,0.0011,1.90
18:46:35,22.2549676,84.9035307,1.571,1.077,0.18,0.018,0.024,62.9,8,0.0013,1.90
18:46:35,22.2549676,84.9035307,1.572,1.078,0.18,0.024,0.025,63.0,8,0.0000,1.91
18:46:35,22.2549676,84.9035307,1.573,1.079,0.18,0.021,0.022,63.0,8,0.0013,1.91
18:46:35,22.2549676,84.9035307,1.575,1.080,0.18,0.022,0.022,63.1,8,0.0014,1.91
18:46:35,22.2549676,84.9035307,1.576,1.081,0.18,0.027,0.023,63.1,8,0.0014,1.91
18:46:35,22.2549676,84.9035307,1.577,1.082,0.18,0.032,0.024,63.1,8,0.0000,1.91
18:46:35,22.2549676,84.9035307,1.578,1.083,0.18,0.020,0.019,63.1,8,0.0012,1.91
18:46:35,22.2549676,84.9035307,1.579,1.084,0.18,0.024,0.020,63.1,8,0.0012,1.92
18:46:35,22.2549676,84.9035307,1.580,1.085,0.18,0.024,0.018,63.1,8,0.0011,1.92
18:46:35,22.2549676,84.9035307,1.582,1.086,0.18,0.028,0.019,63.1,8,0.0011,1.92
18:46:35,22.2549676,84.9035307,1.583,1.086,0.18,0.025,0.002,63.1,8,0.0010,1.92
18:46:35,22.2549676,84.9035307,1.584,1.087,0.18,0.029,0.002,63.1,8,0.0000,1.92
18:46:35,22.2549676,84.9035307,1.585,1.087,0.18,0.025,0.014,63.1,8,0.0011,1.92
18:46:35,22.2549676,84.9035307,1.587,1.088,0.18,0.025,0.019,63.1,8,0.0012,1.92
18:46:36,22.2549676,84.9035307,1.588,1.089,0.18,0.024,0.019,63.0,8,0.0016,1.93
18:46:36,22.2549676,84.9035307,1.589,1.090,0.18,0.028,0.018,63.0,8,0.0000,1.93
18:46:36,22.2549676,84.9035307,1.591,1.091,0.18,0.023,0.017,63.0,8,0.0012,1.93
18:46:36,22.2549676,84.9035307,1.592,1.092,0.18,0.027,0.016,63.0,8,0.0012,1.93
18:46:36,22.2549676,84.9035307,1.593,1.092,0.18,0.022,0.018,63.0,8,0.0014,1.93
18:46:36,22.2549676,84.9035307,1.594,1.093,0.18,0.022,0.021,63.1,8,0.0013,1.93
18:46:36,22.2549676,84.9035307,1.595,1.094,0.18,0.025,0.020,63.1,8,0.0000,1.93
18:46:36,22.2549676,84.9035307,1.596,1.096,0.18,0.021,0.025,63.1,8,0.0014,1.94
18:46:36,22.2549676,84.9035307,1.598,1.097,0.18,0.019,0.027,63.2,8,0.0015,1.94
18:46:36,22.2549676,84.9035307,1.599,1.098,0.18,0.023,0.025,63.4,8,0.0015,1.94
18:46:36,22.2549676,84.9035307,1.600,1.100,0.18,0.018,0.028,63.4,8,0.0012,1.94
18:46:36,22.2549676,84.9035307,1.601,1.101,0.18,0.022,0.027,63.4,8,0.0000,1.94
18:46:36,22.2549676,84.9035307,1.602,1.102,0.18,0.023,0.024,63.6,8,0.0014,1.94
18:46:36,22.2549676,84.9035307,1.603,1.103,0.18,0.021,0.027,63.7,8,0.0015,1.95
18:46:36,22.2549676,84.9035307,1.604,1.105,0.18,0.026,0.026,63.7,8,0.0015,1.95
18:46:36,22.2549676,84.9035307,1.605,1.106,0.18,0.023,0.024,63.7,8,0.0012,1.95
18:46:36,22.2549676,84.9035307,1.606,1.107,0.18,0.027,0.023,63.9,8,0.0000,1.95
18:46:36,22.2549676,84.9035307,1.608,1.108,0.18,0.027,0.023,64.0,8,0.0012,1.95
18:46:36,22.2549676,84.9035307,1.609,1.110,0.18,0.030,0.024,64.0,8,0.0013,1.95
18:46:36,22.2549676,84.9035307,1.611,1.111,0.18,0.033,0.020,64.0,8,0.0014,1.96
18:46:37,22.2549676,84.9035307,1.613,1.112,0.18,0.038,0.019,64.1,8,0.0000,1.96
18:46:37,22.2549676,84.9035307,1.615,1.113,0.18,0.039,0.020,64.2,8,0.0011,1.96
18:46:37,22.2549676,84.9035307,1.617,1.114,0.18,0.044,0.020,64.2,8,0.0011,1.96
18:46:37,22.2549676,84.9035307,1.619,1.115,0.18,0.040,0.025,64.2,8,0.0016,1.97
18:46:37,22.2549676,84.9035307,1.621,1.116,0.18,0.041,0.022,64.2,8,0.0013,1.97
18:46:37,22.2549676,84.9035307,1.623,1.117,0.18,0.045,0.022,64.3,8,0.0000,1.97
18:46:37,22.2549676,84.9035307,1.625,1.118,0.18,0.035,0.024,64.3,8,0.0012,1.97
18:46:37,22.2549676,84.9035307,1.627,1.120,0.18,0.037,0.028,64.3,8,0.0013,1.97
18:46:37,22.2549676,84.9035307,1.629,1.121,0.19,0.041,0.029,64.4,8,0.0013,1.98
18:46:37,22.2549676,84.9035307,1.631,1.123,0.19,0.037,0.031,64.4,8,0.0016,1.98
18:46:37,22.2549676,84.9035307,1.633,1.124,0.19,0.038,0.032,64.4,8,0.0000,1.98
18:46:37,22.2549676,84.9035307,1.635,1.126,0.19,0.042,0.031,64.4,8,0.0018,1.98
18:46:37,22.2549676,84.9035307,1.637,1.127,0.19,0.036,0.032,64.4,8,0.0011,1.99
18:46:37,22.2549676,84.9035307,1.638,1.129,0.19,0.036,0.033,64.5,8,0.0011,1.99
18:46:37,22.2549676,84.9035307,1.640,1.131,0.19,0.031,0.037,64.5,8,0.0012,1.99
18:46:37,22.2549676,84.9035307,1.642,1.133,0.19,0.031,0.038,64.5,8,0.0000,1.99
18:46:37,22.2549676,84.9035307,1.643,1.134,0.19,0.033,0.036,64.5,8,0.0013,2.00
18:46:37,22.2549676,84.9035307,1.645,1.136,0.19,0.033,0.034,64.6,8,0.0015,2.00
18:46:37,22.2549676,84.9035307,1.647,1.138,0.19,0.034,0.032,64.6,8,0.0014,2.00
18:46:37,22.2549676,84.9035307,1.648,1.140,0.19,0.032,0.033,64.6,8,0.0000,2.00
18:46:38,22.2549676,84.9035307,1.650,1.141,0.19,0.034,0.031,64.6,8,0.0010,2.01
18:46:38,22.2549676,84.9035307,1.652,1.143,0.19,0.031,0.031,64.7,8,0.0010,2.01
18:46:38,22.2549676,84.9035307,1.653,1.144,0.19,0.033,0.030,64.7,8,0.0011,2.01
18:46:38,22.2549676,84.9035307,1.655,1.146,0.19,0.031,0.030,64.7,8,0.0011,2.01
18:46:38,22.2549676,84.9035307,1.656,1.147,0.19,0.030,0.030,64.7,8,0.0000,2.01
18:46:38,22.2549676,84.9035307,1.658,1.149,0.19,0.035,0.024,64.8,8,0.0012,2.02
18:46:38,22.2549676,84.9035307,1.660,1.150,0.19,0.034,0.024,64.8,8,0.0012,2.02
18:46:38,22.2549676,84.9035307,1.662,1.151,0.19,0.034,0.026,64.8,8,0.0013,2.02
18:46:38,22.2549676,84.9035307,1.663,1.152,0.19,0.030,0.020,64.8,8,0.0015,2.02
18:46:38,22.2549676,84.9035307,1.665,1.153,0.19,0.029,0.020,64.9,8,0.0000,2.03
18:46:38,22.2549676,84.9035307,1.666,1.154,0.19,0.031,0.019,64.9,8,0.0015,2.03
18:46:38,22.2549676,84.9035307,1.668,1.155,0.19,0.039,0.024,65.0,8,0.0014,2.03
18:46:38,22.2549676,84.9035307,1.670,1.157,0.19,0.041,0.024,65.0,8,0.0014,2.03
18:46:38,22.2549676,84.9035307,1.671,1.158,0.19,0.022,0.026,65.0,8,0.0016,2.03
18:46:38,22.2549676,84.9035307,1.673,1.159,0.19,0.025,0.026,65.0,8,0.0000,2.03
18:46:38,22.2549676,84.9035307,1.674,1.161,0.19,0.037,0.029,65.1,8,0.0017,2.04
18:46:38,22.2549676,84.9035307,1.676,1.162,0.19,0.036,0.036,65.1,8,0.0012,2.04
18:46:38,22.2549676,84.9035307,1.678,1.164,0.18,0.039,0.036,65.1,8,0.0012,2.04
18:46:38,22.2549676,84.9035307,1.680,1.165,0.18,0.034,0.025,65.1,8,0.0016,2.04
18:46:38,22.2549676,84.9035307,1.682,1.167,0.18,0.037,0.026,65.1,8,0.0000,2.05
18:46:39,22.2549676,84.9035307,1.684,1.168,0.18,0.041,0.036,65.1,8,0.0014,2.05
18:46:39,22.2549676,84.9035307,1.686,1.170,0.18,0.039,0.040,65.1,8,0.0014,2.05
18:46:39,22.2549676,84.9035307,1.688,1.172,0.18,0.044,0.040,65.1,8,0.0014,2.05
18:46:39,22.2549676,84.9035307,1.690,1.174,0.18,0.047,0.040,65.0,8,0.0000,2.06
18:46:39,22.2549676,84.9035307,1.692,1.176,0.18,0.041,0.038,65.0,8,0.0012,2.06
18:46:39,22.2549676,84.9035307,1.694,1.178,0.18,0.044,0.038,65.0,8,0.0012,2.06
18:46:39,22.2549676,84.9035307,1.697,1.180,0.18,0.048,0.037,65.0,8,0.0012,2.07
18:46:39,22.2549676,84.9035307,1.699,1.182,0.18,0.042,0.027,65.0,8,0.0014,2.07
18:46:39,22.2549676,84.9035307,1.701,1.183,0.18,0.044,0.027,65.0,8,0.0000,2.07
18:46:39,22.2549676,84.9035307,1.703,1.185,0.18,0.046,0.034,64.9,8,0.0015,2.07
18:46:39,22.2549676,84.9035307,1.706,1.186,0.18,0.048,0.034,64.9,8,0.0015,2.08
18:46:39,22.2549676,84.9035307,1.708,1.187,0.18,0.035,0.003,64.8,8,0.0019,2.08
18:46:39,22.2549676,84.9035307,1.710,1.187,0.18,0.042,0.025,64.8,8,0.0015,2.08
18:46:39,22.2549676,84.9035307,1.712,1.189,0.18,0.043,0.024,64.7,8,0.0000,2.08
18:46:39,22.2549676,84.9035307,1.714,1.190,0.18,0.042,0.028,64.6,8,0.0016,2.09
18:46:39,22.2549676,84.9035307,1.716,1.191,0.18,0.044,0.028,64.6,8,0.0018,2.09
18:46:39,22.2549676,84.9035307,1.718,1.193,0.18,0.045,0.027,64.6,8,0.0018,2.09
18:46:39,22.2549676,84.9035307,1.720,1.194,0.18,0.040,0.029,64.5,8,0.0017,2.09
18:46:39,22.2549676,84.9035307,1.722,1.196,0.18,0.041,0.027,64.4,8,0.0000,2.10
18:46:39,22.2549676,84.9035307,1.724,1.196,0.18,0.035,0.003,64.4,8,0.0013,2.10
18:46:40,22.2549676,84.9035307,1.726,1.196,0.18,0.040,0.000,64.4,8,0.0016,2.10
18:46:40,22.2549676,84.9035307,1.728,1.196,0.18,0.044,0.020,64.2,8,0.0016,2.10
18:46:40,22.2549676,84.9035307,1.730,1.197,0.18,0.045,0.019,64.1,8,0.0000,2.10
18:46:40,22.2549676,84.9035307,1.732,1.198,0.18,0.040,0.019,64.1,8,0.0014,2.11
18:46:40,22.2549676,84.9035307,1.734,1.199,0.18,0.039,0.018,64.1,8,0.0017,2.11
18:46:40,22.2549676,84.9035307,1.737,1.200,0.18,0.042,0.017,64.0,8,0.0017,2.11
18:46:40,22.2549676,84.9035307,1.739,1.201,0.18,0.039,0.019,63.8,8,0.0016,2.11
18:46:40,22.2549676,84.9035307,1.741,1.202,0.18,0.043,0.018,63.8,8,0.0000,2.12
18:46:40,22.2549676,84.9035307,1.742,1.203,0.18,0.036,0.018,63.8,8,0.0011,2.12
18:46:40,22.2549676,84.9035307,1.744,1.204,0.18,0.041,0.016,63.7,8,0.0013,2.12
18:46:40,22.2549676,84.9035307,1.747,1.205,0.18,0.047,0.015,63.7,8,0.0013,2.12
18:46:40,22.2549676,84.9035307,1.749,1.205,0.18,0.040,0.021,63.6,8,0.0012,2.12
18:46:40,22.2549676,84.9035307,1.751,1.207,0.18,0.047,0.020,63.6,8,0.0000,2.13
18:46:40,22.2549676,84.9035307,1.753,1.207,0.18,0.037,0.002,63.5,8,0.0013,2.13
18:46:40,22.2549676,84.9035307,1.755,1.207,0.18,0.034,0.000,63.5,8,0.0016,2.13
18:46:40,22.2549676,84.9035307,1.757,1.207,0.18,0.041,-0.001,63.5,8,0.0016,2.13
18:46:40,22.2549676,84.9035307,1.759,1.208,0.18,0.043,0.024,63.5,8,0.0014,2.13
18:46:40,22.2549676,84.9035307,1.761,1.209,0.18,0.050,0.023,63.5,8,0.0000,2.14
18:46:40,22.2549676,84.9035307,1.763,1.210,0.18,0.045,0.032,63.4,8,0.0012,2.14
18:46:40,22.2549676,84.9035307,1.766,1.212,0.18,0.048,0.029,63.4,8,0.0012,2.14
18:46:41,22.2549676,84.9035307,1.768,1.213,0.18,0.044,0.020,63.4,8,0.0010,2.14
18:46:41,22.2549676,84.9035307,1.771,1.214,0.18,0.051,0.018,63.5,8,0.0000,2.15
18:46:41,22.2549676,84.9035307,1.773,1.216,0.18,0.042,0.030,63.5,8,0.0013,2.15
18:46:41,22.2549676,84.9035307,1.775,1.217,0.18,0.047,0.028,63.5,8,0.0013,2.15
18:46:41,22.2549676,84.9035307,1.777,1.218,0.18,0.041,0.027,63.6,8,0.0014,2.15
18:46:41,22.2549676,84.9035307,1.779,1.220,0.18,0.039,0.024,63.6,8,0.0014,2.16
18:46:41,22.2549676,84.9035307,1.781,1.221,0.18,0.043,0.023,63.6,8,0.0000,2.16
18:46:41,22.2549676,84.9035307,1.783,1.222,0.18,0.040,0.021,63.6,8,0.0011,2.16
18:46:41,22.2549676,84.9035307,1.785,1.223,0.19,0.040,0.020,63.7,8,0.0014,2.16
18:46:41,22.2549676,84.9035307,1.788,1.224,0.19,0.043,0.019,63.7,8,0.0014,2.17
18:46:41,22.2549676,84.9035307,1.790,1.225,0.19,0.041,0.022,63.7,8,0.0016,2.17
18:46:41,22.2549676,84.9035307,1.792,1.226,0.19,0.044,0.020,63.8,8,0.0000,2.17
18:46:41,22.2549676,84.9035307,1.794,1.227,0.19,0.039,0.021,63.9,8,0.0014,2.17
18:46:41,22.2549676,84.9035307,1.796,1.228,0.19,0.037,0.022,63.9,8,0.0014,2.18
18:46:41,22.2549676,84.9035307,1.798,1.229,0.19,0.040,0.021,64.0,8,0.0014,2.18
18:46:41,22.2549676,84.9035307,1.800,1.230,0.19,0.037,0.021,64.0,8,0.0013,2.18
18:46:41,22.2549676,84.9035307,1.802,1.231,0.19,0.040,0.019,64.1,8,0.0000,2.18
18:46:41,22.2549676,84.9035307,1.803,1.232,0.19,0.038,0.021,64.1,8,0.0014,2.18
18:46:41,22.2549676,84.9035307,1.805,1.234,0.19,0.037,0.021,64.1,8,0.0015,2.19
18:46:42,22.2549676,84.9035307,1.807,1.235,0.19,0.040,0.019,64.1,8,0.0015,2.19
18:46:42,22.2549676,84.9035307,1.809,1.236,0.19,0.037,0.022,64.2,8,0.0016,2.19
18:46:42,22.2549676,84.9035307,1.811,1.237,0.19,0.039,0.020,64.2,8,0.0000,2.19
18:46:42,22.2549676,84.9035307,1.813,1.238,0.19,0.035,0.022,64.3,8,0.0015,2.20
18:46:42,22.2549676,84.9035307,1.815,1.239,0.19,0.038,0.019,64.3,8,0.0014,2.20
18:46:42,22.2549676,84.9035307,1.817,1.240,0.19,0.035,0.020,64.4,8,0.0015,2.20
18:46:42,22.2549676,84.9035307,1.819,1.241,0.19,0.038,0.018,64.4,8,0.0000,2.20
18:46:42,22.2549676,84.9035307,1.820,1.242,0.19,0.032,0.021,64.5,8,0.0014,2.20
18:46:42,22.2549676,84.9035307,1.822,1.243,0.19,0.034,0.023,64.5,8,0.0012,2.21
18:46:42,22.2549676,84.9035307,1.824,1.244,0.19,0.037,0.022,64.6,8,0.0012,2.21
18:46:42,22.2549676,84.9035307,1.825,1.245,0.18,0.034,0.023,64.6,8,0.0014,2.21
18:46:42,22.2549676,84.9035307,1.827,1.246,0.18,0.037,0.022,64.6,8,0.0000,2.21
18:46:42,22.2549676,84.9035307,1.829,1.247,0.18,0.033,0.024,64.6,8,0.0013,2.21
18:46:42,22.2549676,84.9035307,1.831,1.249,0.18,0.037,0.021,64.7,8,0.0013,2.22
18:46:42,22.2549676,84.9035307,1.833,1.250,0.18,0.042,0.020,64.7,8,0.0013,2.22
18:46:42,22.2549676,84.9035307,1.835,1.251,0.18,0.040,0.022,64.6,8,0.0015,2.22
18:46:42,22.2549676,84.9035307,1.837,1.252,0.18,0.046,0.021,64.6,8,0.0000,2.22
18:46:42,22.2549676,84.9035307,1.839,1.253,0.18,0.044,0.023,64.6,8,0.0015,2.23
18:46:42,22.2549676,84.9035307,1.841,1.254,0.18,0.045,0.024,64.5,8,0.0012,2.23
18:46:43,22.2549676,84.9035307,1.844,1.255,0.18,0.040,0.024,64.5,8,0.0012,2.23
18:46:43,22.2549676,84.9035307,1.846,1.256,0.18,0.045,0.023,64.5,8,0.0000,2.23
18:46:43,22.2549676,84.9035307,1.848,1.257,0.18,0.045,0.019,64.4,8,0.0011,2.24
18:46:43,22.2549676,84.9035307,1.850,1.258,0.18,0.050,0.018,64.4,8,0.0011,2.24
18:46:43,22.2549676,84.9035307,1.852,1.259,0.18,0.042,0.002,64.4,8,0.0012,2.24
18:46:43,22.2549676,84.9035307,1.855,1.259,0.18,0.044,-0.000,64.4,8,0.0012,2.24
18:46:43,22.2549676,84.9035307,1.857,1.259,0.18,0.048,-0.002,64.3,8,0.0000,2.24
18:46:43,22.2549676,84.9035307,1.859,1.259,0.18,0.041,0.016,64.3,8,0.0014,2.25
18:46:43,22.2549676,84.9035307,1.861,1.260,0.18,0.045,0.015,64.3,8,0.0014,2.25
18:46:43,22.2549676,84.9035307,1.863,1.261,0.18,0.038,0.021,64.3,8,0.0018,2.25
18:46:43,22.2549676,84.9035307,1.865,1.262,0.18,0.037,0.019,64.2,8,0.0015,2.25
18:46:43,22.2549676,84.9035307,1.867,1.263,0.18,0.041,0.017,64.2,8,0.0000,2.25
18:46:43,22.2549676,84.9035307,1.869,1.264,0.18,0.036,0.015,64.2,8,0.0017,2.26
18:46:43,22.2549676,84.9035307,1.871,1.265,0.18,0.038,0.018,64.2,8,0.0013,2.26
18:46:43,22.2549676,84.9035307,1.873,1.265,0.18,0.042,0.015,64.2,8,0.0013,2.26
18:46:43,22.2549676,84.9035307,1.875,1.266,0.18,0.035,0.018,64.2,8,0.0013,2.26
18:46:43,22.2549676,84.9035307,1.877,1.267,0.18,0.039,0.016,64.2,8,0.0000,2.26
18:46:43,22.2549676,84.9035307,1.878,1.268,0.18,0.033,0.018,64.2,8,0.0012,2.27
18:46:43,22.2549676,84.9035307,1.880,1.269,0.18,0.034,0.020,64.3,8,0.0013,2.27
18:46:43,22.2549676,84.9035307,1.882,1.270,0.18,0.033,0.018,64.3,8,0.0014,2.27
18:46:43,22.2549676,84.9035307,1.884,1.271,0.18,0.038,0.017,64.6,8,0.0000,2.27
18:46:44,22.2549676,84.9035307,1.884,1.272,0.18,0.004,0.026,64.6,8,0.0015,2.27
18:46:44,22.2549676,84.9035307,1.885,1.273,0.18,0.009,0.024,65.1,8,0.0015,2.27
18:46:44,22.2549676,84.9035307,1.885,1.274,0.18,0.001,0.022,65.1,8,0.0015,2.28
18:46:44,22.2549676,84.9035307,1.885,1.275,0.18,0.001,0.018,65.4,8,0.0013,2.28
18:46:44,22.2549676,84.9035307,1.885,1.276,0.18,0.004,0.017,65.4,8,0.0000,2.28
18:46:44,22.2549676,84.9035307,1.885,1.277,0.18,0.001,0.018,65.5,8,0.0013,2.28
18:46:44,22.2549676,84.9035307,1.885,1.278,0.18,0.001,0.016,65.5,8,0.0015,2.28
18:46:44,22.2549676,84.9035307,1.885,1.279,0.18,0.003,0.016,65.5,8,0.0015,2.28
18:46:44,22.2549676,84.9035307,1.885,1.280,0.18,0.000,0.023,65.5,8,0.0013,2.28
18:46:44,22.2549676,84.9035307,1.885,1.281,0.18,0.002,0.024,65.8,8,0.0000,2.28
18:46:44,22.2549676,84.9035307,1.885,1.282,0.18,0.000,0.023,65.8,8,0.0011,2.28
18:46:44,22.2549676,84.9035307,1.886,1.284,0.18,0.000,0.035,65.9,8,0.0010,2.28
18:46:44,22.2549676,84.9035307,1.886,1.285,0.18,0.000,0.036,65.9,8,0.0010,2.28
18:46:44,22.2549676,84.9035307,1.886,1.287,0.18,0.000,0.028,66.0,8,0.0012,2.28
18:46:44,22.2549676,84.9035307,1.886,1.288,0.18,-0.001,0.029,66.0,8,0.0000,2.28
18:46:44,22.2549676,84.9035307,1.885,1.290,0.18,-0.000,0.025,66.1,8,0.0012,2.28
18:46:44,22.2549676,84.9035307,1.885,1.291,0.18,-0.000,0.024,66.1,8,0.0013,2.29
18:46:44,22.2549676,84.9035307,1.885,1.292,0.18,-0.001,0.025,66.3,8,0.0013,2.29
18:46:44,22.2549676,84.9035307,1.885,1.293,0.18,-0.000,0.026,66.4,8,0.0015,2.29
18:46:44,22.2549676,84.9035307,1.885,1.295,0.18,-0.002,0.027,66.4,8,0.0000,2.29
18:46:45,22.2549676,84.9035307,1.885,1.296,0.18,-0.000,0.021,66.4,8,0.0009,2.29
18:46:45,22.2549676,84.9035307,1.885,1.297,0.18,-0.000,0.021,66.5,8,0.0012,2.29
18:46:45,22.2549676,84.9035307,1.885,1.298,0.18,-0.000,0.017,66.6,8,0.0014,2.29
18:46:45,22.2549676,84.9035307,1.885,1.299,0.18,-0.002,0.017,66.6,8,0.0000,2.29
18:46:45,22.2549676,84.9035307,1.885,1.299,0.19,-0.000,0.002,66.6,8,0.0012,2.29
18:46:45,22.2549676,84.9035307,1.885,1.299,0.19,-0.002,0.002,66.7,8,0.0012,2.29
18:46:45,22.2549676,84.9035307,1.885,1.299,0.19,-0.000,0.000,66.7,8,0.0011,2.29
18:46:45,22.2549676,84.9035307,1.885,1.299,0.19,-0.000,-0.000,66.7,8,0.0011,2.29
18:46:45,22.2549676,84.9035307,1.885,1.299,0.19,-0.002,-0.000,66.7,8,0.0000,2.29
18:46:45,22.2549676,84.9035307,1.885,1.299,0.19,-0.000,-0.000,66.7,8,0.0012,2.29
18:46:45,22.2549676,84.9035307,1.885,1.299,0.19,-0.000,-0.000,66.7,8,0.0012,2.29
18:46:45,22.2549676,84.9035307,1.885,1.299,0.19,-0.001,-0.000,66.6,8,0.0012,2.29
18:46:45,22.2549676,84.9035307,1.885,1.299,0.19,-0.001,-0.000,66.6,8,0.0000,2.29
18:46:45,22.2549676,84.9035307,1.885,1.299,0.19,-0.000,-0.000,66.6,8,0.0013,2.29
18:46:45,22.2549676,84.9035307,1.885,1.299,0.19,0.000,-0.000,66.5,8,0.0013,2.29
18:46:45,22.2549676,84.9035307,1.885,1.299,0.19,0.002,0.000,66.5,8,0.0013,2.29
18:46:45,22.2549676,84.9035307,1.885,1.299,0.19,0.000,0.000,66.5,8,0.0014,2.29
18:46:45,22.2549676,84.9035307,1.885,1.299,0.18,0.003,0.000,66.4,8,0.0000,2.29
18:46:45,22.2549676,84.9035307,1.885,1.299,0.18,0.001,0.000,66.3,8,0.0015,2.29
18:46:45,22.2549676,84.9035307,1.885,1.299,0.18,0.001,0.000,66.3,8,0.0014,2.29
18:46:46,22.2549676,84.9035307,1.885,1.299,0.18,0.005,0.001,66.3,8,0.0014,2.29
18:46:46,22.2549676,84.9035307,1.885,1.299,0.18,0.001,0.000,66.3,8,0.0015,2.29
18:46:46,22.2549676,84.9035307,1.886,1.299,0.18,0.006,0.001,66.3,8,0.0000,2.29
18:46:46,22.2549676,84.9035307,1.886,1.299,0.18,0.001,0.000,66.3,8,0.0012,2.29
18:46:46,22.2549676,84.9035307,1.886,1.299,0.18,0.001,0.000,66.3,8,0.0012,2.29
18:46:46,22.2549676,84.9035307,1.886,1.299,0.18,0.006,-0.000,66.2,8,0.0012,2.29
18:46:46,22.2549676,84.9035307,1.886,1.299,0.18,0.001,-0.000,66.2,8,0.0015,2.29
18:46:46,22.2549676,84.9035307,1.886,1.299,0.18,0.006,-0.001,66.2,8,0.0000,2.29
18:46:46,22.2549676,84.9035307,1.886,1.299,0.18,0.001,-0.000,66.2,8,0.0016,2.29
18:46:46,22.2549676,84.9035307,1.886,1.299,0.18,0.001,-0.000,66.1,8,0.0013,2.29
18:46:46,22.2549676,84.9035307,1.886,1.299,0.18,0.005,-0.001,66.1,8,0.0013,2.29
18:46:46,22.2549676,84.9035307,1.887,1.299,0.18,0.001,-0.000,66.1,8,0.0013,2.29
18:46:46,22.2549676,84.9035307,1.887,1.299,0.18,0.004,-0.001,66.1,8,0.0000,2.29
18:46:46,22.2549676,84.9035307,1.887,1.299,0.18,0.000,-0.000,66.0,8,0.0013,2.29
18:46:46,22.2549676,84.9035307,1.887,1.299,0.18,0.000,-0.000,66.0,8,0.0013,2.29
18:46:46,22.2549676,84.9035307,1.887,1.299,0.18,0.000,-0.000,66.0,8,0.0013,2.29
18:46:46,22.2549676,84.9035307,1.887,1.299,0.18,0.002,0.000,66.0,8,0.0000,2.29
18:46:46,22.2549676,84.9035307,1.887,1.299,0.18,0.000,0.000,65.9,8,0.0013,2.29
18:46:46,22.2549676,84.9035307,1.887,1.299,0.18,0.000,-0.000,65.8,8,0.0014,2.29
18:46:46,22.2549676,84.9035307,1.887,1.299,0.18,0.000,-0.000,65.7,8,0.0013,2.29
18:46:47,22.2549676,84.9035307,1.887,1.299,0.18,0.003,-0.001,65.7,8,0.0000,2.29
18:46:47,22.2549676,84.9035307,1.887,1.299,0.17,0.001,-0.000,65.5,8,0.0013,2.29
18:46:47,22.2549676,84.9035307,1.887,1.299,0.17,0.001,-0.000,65.5,8,0.0013,2.29
18:46:47,22.2549676,84.9035307,1.887,1.299,0.17,0.004,-0.002,65.3,8,0.0013,2.29
18:46:47,22.2549676,84.9035307,1.887,1.299,0.17,0.001,-0.000,65.3,8,0.0013,2.29
18:46:47,22.2549676,84.9035307,1.888,1.299,0.17,0.004,-0.003,65.1,8,0.0000,2.29
18:46:47,22.2549676,84.9035307,1.888,1.299,0.17,0.001,-0.001,65.1,8,0.0012,2.29
18:46:47,22.2549676,84.9035307,1.888,1.299,0.17,0.001,-0.000,65.0,8,0.0010,2.29
18:46:47,22.2549676,84.9035307,1.888,1.299,0.17,0.001,-0.000,65.0,8,0.0010,2.29
18:46:47,22.2549676,84.9035307,1.888,1.299,0.17,0.004,-0.003,65.0,8,0.0000,2.29
18:46:47,22.2549676,84.9035307,1.888,1.299,0.17,0.004,-0.003,64.8,8,0.0015,2.29
18:46:47,22.2549676,84.9035307,1.888,1.299,0.17,0.001,-0.000,64.8,8,0.0015,2.29
18:46:47,22.2549676,84.9035307,1.888,1.299,0.17,0.003,-0.002,64.8,8,0.0015,2.29
18:46:47,22.2549676,84.9035307,1.888,1.299,0.17,0.001,-0.000,64.7,8,0.0017,2.29
18:46:47,22.2549676,84.9035307,1.888,1.299,0.17,0.000,-0.000,64.6,8,0.0015,2.29
18:46:47,22.2549676,84.9035307,1.888,1.299,0.17,0.002,-0.002,64.6,8,0.0000,2.29
18:46:47,22.2549676,84.9035307,1.888,1.299,0.17,0.000,-0.000,64.6,8,0.0014,2.29
18:46:47,22.2549676,84.9035307,1.888,1.299,0.17,0.000,-0.000,64.5,8,0.0013,2.29
18:46:47,22.2549676,84.9035307,1.888,1.299,0.17,0.002,-0.001,64.5,8,0.0013,2.29
18:46:47,22.2549676,84.9035307,1.888,1.299,0.17,0.000,-0.000,64.5,8,0.0015,2.29
18:46:48,22.2549676,84.9035307,1.888,1.298,0.17,0.002,-0.001,64.4,8,0.0000,2.29
18:46:48,22.2549676,84.9035307,1.888,1.298,0.17,0.000,-0.000,64.4,8,0.0014,2.29
18:46:48,22.2549676,84.9035307,1.888,1.298,0.17,0.000,-0.000,64.4,8,0.0014,2.29
18:46:48,22.2549676,84.9035307,1.888,1.298,0.18,0.001,-0.000,64.4,8,0.0014,2.29
18:46:48,22.2549676,84.9035307,1.888,1.298,0.18,0.000,-0.000,64.4,8,0.0010,2.29
18:46:48,22.2549676,84.9035307,1.888,1.298,0.18,0.001,-0.000,64.4,8,0.0000,2.29
18:46:48,22.2549676,84.9035307,1.888,1.298,0.18,0.000,-0.000,64.4,8,0.0010,2.29
18:46:48,22.2549676,84.9035307,1.889,1.298,0.18,0.000,-0.000,64.4,8,0.0010,2.29
18:46:48,22.2549676,84.9035307,1.889,1.298,0.18,0.000,-0.000,64.4,8,0.0011,2.29
18:46:48,22.2549676,84.9035307,1.889,1.298,0.18,0.003,-0.000,64.4,8,0.0011,2.29
18:46:48,22.2549676,84.9035307,1.889,1.298,0.18,0.000,-0.000,64.4,8,0.0011,2.29
18:46:48,22.2549676,84.9035307,1.889,1.298,0.18,0.004,-0.001,64.3,8,0.0011,2.29
18:46:48,22.2549676,84.9035307,1.889,1.298,0.18,0.001,-0.000,64.3,8,0.0015,2.29
18:46:48,22.2549676,84.9035307,1.889,1.298,0.18,0.004,-0.001,64.2,8,0.0000,2.29
18:46:48,22.2549676,84.9035307,1.889,1.298,0.18,0.001,-0.000,64.2,8,0.0011,2.29
18:46:48,22.2549676,84.9035307,1.889,1.298,0.18,0.001,-0.000,64.1,8,0.0011,2.29
18:46:48,22.2549676,84.9035307,1.889,1.298,0.18,0.005,-0.002,64.1,8,0.0011,2.29
18:46:48,22.2549676,84.9035307,1.889,1.298,0.18,0.001,-0.000,64.0,8,0.0012,2.29
18:46:49,22.2549676,84.9035307,1.890,1.298,0.18,0.005,-0.002,64.0,8,0.0000,2.29
18:46:49,22.2549676,84.9035307,1.890,1.298,0.18,0.001,-0.000,63.9,8,0.0011,2.29
18:46:49,22.2549676,84.9035307,1.890,1.298,0.18,0.001,-0.000,63.7,8,0.0010,2.29
18:46:49,22.2549676,84.9035307,1.890,1.298,0.18,0.001,-0.000,63.7,8,0.0010,2.29
18:46:49,22.2549676,84.9035307,1.890,1.298,0.18,0.004,-0.002,63.7,8,0.0000,2.29
18:46:49,22.2549676,84.9035307,1.890,1.298,0.18,0.001,-0.000,63.5,8,0.0011,2.29
18:46:49,22.2549676,84.9035307,1.890,1.298,0.18,0.003,-0.002,63.4,8,0.0011,2.29
18:46:49,22.2549676,84.9035307,1.890,1.298,0.18,0.000,-0.000,63.4,8,0.0010,2.29
18:46:49,22.2549676,84.9035307,1.890,1.298,0.18,0.000,-0.000,63.4,8,0.0011,2.29
18:46:49,22.2549676,84.9035307,1.890,1.298,0.18,0.002,-0.001,63.3,8,0.0000,2.29
18:46:49,22.2549676,84.9035307,1.890,1.298,0.18,0.000,-0.000,63.2,8,0.0010,2.29
18:46:49,22.2549676,84.9035307,1.890,1.298,0.18,0.001,-0.000,63.2,8,0.0010,2.29
18:46:49,22.2549676,84.9035307,1.890,1.298,0.18,0.000,-0.000,63.2,8,0.0009,2.29
18:46:49,22.2549676,84.9035307,1.890,1.298,0.18,0.000,-0.000,63.1,8,0.0009,2.29
18:46:49,22.2549676,84.9035307,1.890,1.298,0.18,0.001,-0.000,63.0,8,0.0000,2.29
18:46:49,22.2549676,84.9035307,1.890,1.298,0.18,0.000,-0.000,63.0,8,0.0009,2.29
18:46:49,22.2549676,84.9035307,1.890,1.298,0.18,0.000,-0.000,63.0,8,0.0010,2.29
18:46:49,22.2549676,84.9035307,1.890,1.298,0.17,0.001,-0.001,62.9,8,0.0010,2.29
18:46:49,22.2549676,84.9035307,1.890,1.298,0.17,0.000,-0.000,62.8,8,0.0010,2.29
18:46:49,22.2549676,84.9035307,1.890,1.298,0.17,0.003,-0.001,62.8,8,0.0000,2.29
18:46:50,22.2549676,84.9035307,1.890,1.298,0.17,0.001,-0.000,62.8,8,0.0010,2.29
18:46:50,22.2549676,84.9035307,1.891,1.298,0.17,0.000,-0.000,62.7,8,0.0010,2.29
18:46:50,22.2549676,84.9035307,1.891,1.298,0.17,0.003,-0.001,62.6,8,0.0010,2.29
18:46:50,22.2549676,84.9035307,1.891,1.298,0.17,0.001,-0.000,62.6,8,0.0010,2.29
18:46:50,22.2549676,84.9035307,1.891,1.297,0.17,0.004,-0.002,62.6,8,0.0000,2.29
18:46:50,22.2549676,84.9035307,1.891,1.297,0.17,0.001,-0.000,62.5,8,0.0010,2.29
18:46:50,22.2549676,84.9035307,1.891,1.297,0.17,0.001,-0.000,62.4,8,0.0010,2.29
18:46:50,22.2549676,84.9035307,1.891,1.297,0.17,0.000,-0.000,62.4,8,0.0010,2.29
18:46:50,22.2549676,84.9035307,1.891,1.297,0.17,0.003,-0.003,62.4,8,0.0000,2.29
18:46:50,22.2549676,84.9035307,1.891,1.297,0.17,0.001,-0.000,62.4,8,0.0010,2.29
18:46:50,22.2549676,84.9035307,1.891,1.297,0.17,0.002,-0.003,62.4,8,0.0010,2.29
18:46:50,22.2549676,84.9035307,1.891,1.297,0.17,0.000,-0.001,62.4,8,0.0009,2.29
18:46:50,22.2549676,84.9035307,1.891,1.297,0.17,0.000,-0.000,62.3,8,0.0009,2.29
18:46:50,22.2549676,84.9035307,1.891,1.297,0.17,0.002,-0.003,62.3,8,0.0000,2.29
18:46:50,22.2549676,84.9035307,1.891,1.297,0.17,0.000,-0.000,62.2,8,0.0007,2.29
18:46:50,22.2549676,84.9035307,1.891,1.297,0.17,0.000,-0.000,62.2,8,0.0009,2.29
18:46:50,22.2549676,84.9035307,1.891,1.297,0.17,0.001,-0.002,62.2,8,0.0009,2.29
18:46:50,22.2549676,84.9035307,1.891,1.296,0.17,-0.015,-0.026,62.2,8,0.0011,2.29
18:46:50,22.2549676,84.9035307,1.890,1.295,0.17,-0.013,-0.026,62.4,8,0.0000,2.29
18:46:50,22.2549676,84.9035307,1.889,1.293,0.17,-0.039,-0.038,62.4,8,0.0012,2.29
18:46:51,22.2549676,84.9035307,1.886,1.291,0.17,-0.074,-0.055,62.4,8,0.0016,2.29
18:46:51,22.2549676,84.9035307,1.882,1.288,0.17,-0.106,-0.075,63.6,8,0.0018,2.28
18:46:51,22.2549676,84.9035307,1.877,1.284,0.17,-0.094,-0.070,65.5,8,0.0000,2.27
18:46:51,22.2549676,84.9035307,1.872,1.279,0.17,-0.110,-0.103,65.5,8,0.0021,2.27
18:46:51,22.2549676,84.9035307,1.867,1.274,0.17,-0.090,-0.095,65.5,8,0.0021,2.26
18:46:51,22.2549676,84.9035307,1.860,1.268,0.17,-0.130,-0.143,66.9,8,0.0024,2.25
18:46:51,22.2549676,84.9035307,1.854,1.260,0.17,-0.146,-0.211,67.2,8,0.0028,2.24
18:46:51,22.2549676,84.9035307,1.847,1.249,0.17,-0.112,-0.194,67.2,8,0.0000,2.23
18:46:51,22.2549676,84.9035307,1.840,1.239,0.17,-0.151,-0.222,67.2,8,0.0030,2.22
18:46:51,22.2549676,84.9035307,1.833,1.227,0.17,-0.165,-0.263,67.0,8,0.0032,2.21
18:46:51,22.2549676,84.9035307,1.825,1.214,0.18,-0.127,-0.241,66.5,8,0.0032,2.19
18:46:51,22.2549676,84.9035307,1.817,1.201,0.18,-0.170,-0.263,66.5,8,0.0030,2.18
18:46:51,22.2549676,84.9035307,1.809,1.188,0.18,-0.131,-0.237,66.0,8,0.0000,2.16
18:46:51,22.2549676,84.9035307,1.809,1.188,0.18,-0.131,-0.237,66.0,8,0.0034,2.16
18:46:51,22.2549676,84.9035307,1.801,1.174,0.18,-0.168,-0.283,66.0,8,0.0034,2.15
18:46:51,22.2549676,84.9035307,1.792,1.160,0.18,-0.190,-0.272,65.5,8,0.0032,2.14
18:46:51,22.2549676,84.9035307,1.783,1.147,0.17,-0.203,-0.287,65.5,8,0.0035,2.12
18:46:51,22.2549676,84.9035307,1.774,1.133,0.17,-0.169,-0.261,65.1,8,0.0000,2.10
18:46:51,22.2549676,84.9035307,1.764,1.119,0.17,-0.203,-0.274,65.1,8,0.0034,2.09
18:46:51,22.2549676,84.9035307,1.754,1.106,0.17,-0.172,-0.249,64.9,8,0.0034,2.07
18:46:52,22.2549676,84.9035307,1.743,1.092,0.17,-0.232,-0.282,64.9,8,0.0038,2.06
18:46:52,22.2549676,84.9035307,1.721,1.064,0.17,-0.205,-0.268,64.8,8,0.0000,2.02
18:46:52,22.2549676,84.9035307,1.708,1.049,0.17,-0.266,-0.297,64.8,8,0.0043,2.00
18:46:52,22.2549676,84.9035307,1.695,1.035,0.17,-0.260,-0.256,64.8,8,0.0038,1.99
18:46:52,22.2549676,84.9035307,1.683,1.022,0.17,-0.238,-0.240,64.8,8,0.0038,1.97
18:46:52,22.2549676,84.9035307,1.669,1.008,0.17,-0.284,-0.297,64.8,8,0.0044,1.95
18:46:52,22.2549676,84.9035307,1.655,0.994,0.17,-0.264,-0.283,64.8,8,0.0000,1.93
18:46:52,22.2549676,84.9035307,1.641,0.978,0.16,-0.271,-0.309,64.9,8,0.0042,1.91
18:46:52,22.2549676,84.9035307,1.628,0.963,0.16,-0.288,-0.318,65.0,8,0.0045,1.89
18:46:52,22.2549676,84.9035307,1.613,0.947,0.16,-0.271,-0.304,65.0,8,0.0045,1.87
18:46:52,22.2549676,84.9035307,1.599,0.931,0.16,-0.303,-0.319,65.0,8,0.0044,1.85
18:46:52,22.2549676,84.9035307,1.584,0.915,0.16,-0.286,-0.305,65.0,8,0.0000,1.83
18:46:52,22.2549676,84.9035307,1.569,0.899,0.16,-0.303,-0.334,65.0,8,0.0051,1.81
18:46:52,22.2549676,84.9035307,1.554,0.883,0.16,-0.303,-0.295,65.0,8,0.0050,1.79
18:46:52,22.2549676,84.9035307,1.539,0.868,0.16,-0.283,-0.279,65.0,8,0.0050,1.77
18:46:52,22.2549676,84.9035307,1.522,0.854,0.17,-0.357,-0.282,65.0,8,0.0059,1.75
18:46:52,22.2549676,84.9035307,1.504,0.840,0.17,-0.333,-0.268,64.8,8,0.0000,1.72
18:46:52,22.2549676,84.9035307,1.486,0.827,0.17,-0.377,-0.259,64.5,8,0.0051,1.70
18:46:52,22.2549676,84.9035307,1.467,0.814,0.17,-0.364,-0.227,64.5,8,0.0060,1.68
18:46:52,22.2549676,84.9035307,1.450,0.803,0.17,-0.350,-0.224,64.5,8,0.0052,1.66
18:46:53,22.2549676,84.9035307,1.433,0.792,0.17,-0.319,-0.216,64.1,8,0.0000,1.64
18:46:53,22.2549676,84.9035307,1.415,0.782,0.17,-0.369,-0.194,63.6,8,0.0062,1.62
18:46:53,22.2549676,84.9035307,1.397,0.772,0.17,-0.334,-0.191,63.6,8,0.0062,1.60
18:46:53,22.2549676,84.9035307,1.379,0.761,0.17,-0.356,-0.235,63.6,8,0.0046,1.57
18:46:53,22.2549676,84.9035307,1.363,0.749,0.17,-0.262,-0.214,63.0,8,0.0063,1.56
18:46:53,22.2549676,84.9035307,1.351,0.738,0.17,-0.225,-0.214,63.0,8,0.0000,1.54
18:46:53,22.2549676,84.9035307,1.336,0.727,0.17,-0.316,-0.225,63.0,8,0.0045,1.52
18:46:53,22.2549676,84.9035307,1.319,0.716,0.17,-0.366,-0.230,62.5,8,0.0052,1.50
18:46:53,22.2549676,84.9035307,1.302,0.704,0.16,-0.329,-0.232,62.1,8,0.0052,1.48
18:46:53,22.2549676,84.9035307,1.283,0.692,0.16,-0.377,-0.235,62.1,8,0.0050,1.46
18:46:53,22.2549676,84.9035307,1.265,0.680,0.16,-0.339,-0.239,62.9,8,0.0000,1.44
18:46:53,22.2549676,84.9035307,1.249,0.675,0.16,-0.315,-0.067,62.9,8,0.0051,1.42
18:46:53,22.2549676,84.9035307,1.233,0.670,0.16,-0.341,-0.109,62.9,8,0.0041,1.40
18:46:53,22.2549676,84.9035307,1.216,0.665,0.16,-0.307,-0.114,62.9,8,0.0041,1.39
18:46:53,22.2549676,84.9035307,1.199,0.658,0.16,-0.349,-0.136,62.7,8,0.0044,1.37
18:46:53,22.2549676,84.9035307,1.182,0.651,0.16,-0.317,-0.141,62.7,8,0.0000,1.35
18:46:53,22.2549676,84.9035307,1.165,0.645,0.16,-0.358,-0.125,62.6,8,0.0042,1.33
18:46:53,22.2549676,84.9035307,1.147,0.639,0.16,-0.337,-0.088,62.6,8,0.0038,1.31
18:46:53,22.2549676,84.9035307,1.130,0.634,0.16,-0.350,-0.123,62.6,8,0.0040,1.30
18:46:54,22.2549676,84.9035307,1.113,0.628,0.16,-0.322,-0.129,62.5,8,0.0000,1.28
18:46:54,22.2549676,84.9035307,1.097,0.623,0.16,-0.334,-0.090,62.4,8,0.0041,1.26
18:46:54,22.2549676,84.9035307,1.080,0.618,0.17,-0.325,-0.103,62.3,8,0.0044,1.24
18:46:54,22.2549676,84.9035307,1.064,0.612,0.17,-0.307,-0.115,62.3,8,0.0044,1.23
18:46:54,22.2549676,84.9035307,1.047,0.607,0.17,-0.343,-0.105,62.3,8,0.0040,1.21
18:46:54,22.2549676,84.9035307,1.030,0.601,0.17,-0.325,-0.116,62.0,8,0.0000,1.19
18:46:54,22.2549676,84.9035307,1.016,0.597,0.17,-0.278,-0.085,61.4,8,0.0035,1.18
18:46:54,22.2549676,84.9035307,1.002,0.593,0.17,-0.234,-0.051,61.4,8,0.0028,1.16
18:46:54,22.2549676,84.9035307,0.991,0.590,0.17,-0.229,-0.067,61.4,8,0.0028,1.15
18:46:54,22.2549676,84.9035307,0.980,0.587,0.17,-0.196,-0.047,60.9,8,0.0022,1.14
18:46:54,22.2549676,84.9035307,0.970,0.584,0.17,-0.202,-0.068,60.9,8,0.0000,1.13
18:46:54,22.2549676,84.9035307,0.961,0.583,0.17,-0.162,-0.009,60.9,8,0.0018,1.12
18:46:54,22.2549676,84.9035307,0.953,0.583,0.17,-0.139,-0.005,60.5,8,0.0018,1.12
18:46:54,22.2549676,84.9035307,0.946,0.582,0.17,-0.137,0.010,60.5,8,0.0026,1.11
18:46:54,22.2549676,84.9035307,0.939,0.582,0.18,-0.161,-0.019,60.8,8,0.0000,1.10
18:46:54,22.2549676,84.9035307,0.932,0.583,0.18,-0.126,0.031,60.8,8,0.0016,1.10
18:46:54,22.2549676,84.9035307,0.925,0.584,0.18,-0.156,-0.000,60.8,8,0.0016,1.09
18:46:54,22.2549676,84.9035307,0.918,0.584,0.18,-0.125,0.011,61.1,8,0.0014,1.09
18:46:54,22.2549676,84.9035307,0.912,0.585,0.18,-0.124,0.025,61.6,8,0.0015,1.08
18:46:54,22.2549676,84.9035307,0.905,0.585,0.18,-0.155,-0.003,61.6,8,0.0000,1.08
18:46:54,22.2549676,84.9035307,0.898,0.586,0.18,-0.119,0.024,61.6,8,0.0014,1.07
18:46:55,22.2549676,84.9035307,0.891,0.587,0.18,-0.150,-0.005,62.1,8,0.0014,1.07
18:46:55,22.2549676,84.9035307,0.885,0.588,0.20,-0.122,0.024,62.7,8,0.0018,1.06
18:46:55,22.2549676,84.9035307,0.879,0.589,0.20,-0.105,0.036,62.7,8,0.0022,1.06
18:46:55,22.2549676,84.9035307,0.873,0.590,0.20,-0.128,0.016,62.7,8,0.0000,1.05
18:46:55,22.2549676,84.9035307,0.868,0.592,0.20,-0.103,0.021,63.2,8,0.0016,1.05
18:46:55,22.2549676,84.9035307,0.863,0.593,0.20,-0.081,0.027,63.8,8,0.0022,1.05
18:46:55,22.2549676,84.9035307,0.858,0.594,0.20,-0.092,0.015,63.8,8,0.0022,1.04
18:46:55,22.2549676,84.9035307,0.854,0.595,0.20,-0.074,0.032,63.8,8,0.0014,1.04
18:46:55,22.2549676,84.9035307,0.850,0.596,0.20,-0.085,0.019,64.6,8,0.0000,1.04
18:46:55,22.2549676,84.9035307,0.847,0.598,0.20,-0.062,0.031,64.6,8,0.0017,1.04
18:46:55,22.2549676,84.9035307,0.844,0.599,0.20,-0.045,0.038,65.3,8,0.0014,1.04
18:46:55,22.2549676,84.9035307,0.842,0.601,0.20,-0.048,0.028,65.3,8,0.0014,1.03
18:46:55,22.2549676,84.9035307,0.839,0.602,0.20,-0.052,0.019,66.2,8,0.0000,1.03
18:46:55,22.2549676,84.9035307,0.838,0.604,0.20,-0.028,0.033,67.1,8,0.0014,1.03
18:46:55,22.2549676,84.9035307,0.837,0.606,0.20,-0.029,0.024,67.1,8,0.0014,1.03
18:46:55,22.2549676,84.9035307,0.835,0.607,0.20,-0.021,0.025,67.1,8,0.0014,1.03
18:46:55,22.2549676,84.9035307,0.835,0.608,0.20,-0.004,0.017,67.9,8,0.0013,1.03
18:46:55,22.2549676,84.9035307,0.834,0.609,0.20,-0.005,0.007,68.7,8,0.0000,1.03
18:46:55,22.2549676,84.9035307,0.834,0.609,0.20,-0.001,-0.000,68.7,8,0.0011,1.03
18:46:56,22.2549676,84.9035307,0.834,0.609,0.20,-0.002,-0.010,68.7,8,0.0011,1.03
18:46:56,22.2549676,84.9035307,0.833,0.609,0.20,-0.022,-0.002,69.2,8,0.0013,1.03
18:46:56,22.2549676,84.9035307,0.832,0.608,0.20,-0.043,-0.002,69.8,8,0.0011,1.03
18:46:56,22.2549676,84.9035307,0.830,0.608,0.19,-0.042,-0.009,69.8,8,0.0000,1.03
18:46:56,22.2549676,84.9035307,0.827,0.607,0.19,-0.073,-0.016,69.8,8,0.0014,1.03
18:46:56,22.2549676,84.9035307,0.823,0.606,0.19,-0.098,-0.037,69.9,8,0.0016,1.02
18:46:56,22.2549676,84.9035307,0.818,0.604,0.19,-0.093,-0.043,69.1,8,0.0016,1.02
18:46:56,22.2549676,84.9035307,0.812,0.601,0.19,-0.122,-0.062,69.1,8,0.0019,1.01
18:46:56,22.2549676,84.9035307,0.806,0.598,0.17,-0.110,-0.067,67.2,8,0.0000,1.00
18:46:56,22.2549676,84.9035307,0.798,0.593,0.17,-0.173,-0.116,67.2,8,0.0038,0.99
18:46:56,22.2549676,84.9035307,0.789,0.587,0.17,-0.203,-0.137,67.2,8,0.0030,0.98
18:46:56,22.2549676,84.9035307,0.779,0.580,0.17,-0.256,-0.140,65.5,8,0.0035,0.97
18:46:56,22.2549676,84.9035307,0.766,0.573,0.17,-0.229,-0.140,64.6,8,0.0000,0.96
18:46:56,22.2549676,84.9035307,0.753,0.565,0.17,-0.263,-0.173,64.6,8,0.0036,0.94
18:46:56,22.2549676,84.9035307,0.741,0.556,0.17,-0.229,-0.167,63.8,8,0.0036,0.93
18:46:56,22.2549676,84.9035307,0.729,0.547,0.17,-0.229,-0.192,63.8,8,0.0036,0.91
18:46:56,22.2549676,84.9035307,0.718,0.537,0.16,-0.210,-0.205,63.3,8,0.0035,0.90
18:46:56,22.2549676,84.9035307,0.709,0.527,0.16,-0.172,-0.196,63.3,8,0.0000,0.88
18:46:56,22.2549676,84.9035307,0.698,0.517,0.16,-0.222,-0.185,62.9,8,0.0034,0.87
18:46:56,22.2549676,84.9035307,0.686,0.508,0.16,-0.263,-0.177,62.9,8,0.0042,0.85
18:46:56,22.2549676,84.9035307,0.674,0.499,0.15,-0.228,-0.170,62.6,8,0.0042,0.84
18:46:57,22.2549676,84.9035307,0.662,0.490,0.15,-0.239,-0.176,62.6,8,0.0035,0.82
18:46:57,22.2549676,84.9035307,0.651,0.482,0.15,-0.210,-0.171,62.5,8,0.0000,0.81
18:46:57,22.2549676,84.9035307,0.638,0.473,0.15,-0.254,-0.185,62.5,8,0.0034,0.79
18:46:57,22.2549676,84.9035307,0.626,0.464,0.15,-0.201,-0.135,63.9,8,0.0027,0.78
18:46:57,22.2549676,84.9035307,0.617,0.457,0.15,-0.184,-0.141,63.9,8,0.0027,0.77
18:46:57,22.2549676,84.9035307,0.613,0.455,0.15,-0.017,-0.000,66.7,8,0.0050,0.76
18:46:57,22.2549676,84.9035307,0.613,0.454,0.15,0.003,-0.015,66.7,8,0.0000,0.76
18:46:57,22.2549676,84.9035307,0.613,0.455,0.15,0.002,0.014,67.8,8,0.0018,0.76
18:46:57,22.2549676,84.9035307,0.613,0.455,0.14,0.003,0.013,67.8,8,0.0022,0.76
18:46:57,22.2549676,84.9035307,0.613,0.455,0.14,0.021,-0.011,67.8,8,0.0022,0.76
18:46:57,22.2549676,84.9035307,0.615,0.456,0.14,0.029,0.015,68.1,8,0.0010,0.77
18:46:57,22.2549676,84.9035307,0.616,0.456,0.14,0.044,-0.014,68.1,8,0.0000,0.77
18:46:57,22.2549676,84.9035307,0.618,0.457,0.14,0.022,0.018,67.9,8,0.0012,0.77
18:46:57,22.2549676,84.9035307,0.619,0.457,0.14,0.006,0.026,67.9,8,0.0010,0.77
18:46:57,22.2549676,84.9035307,0.619,0.458,0.14,0.003,0.029,67.9,8,0.0012,0.77
18:46:57,22.2549676,84.9035307,0.620,0.459,0.14,0.015,-0.006,67.7,8,0.0000,0.77
18:46:57,22.2549676,84.9035307,0.620,0.460,0.14,0.003,0.034,67.7,8,0.0013,0.77
18:46:57,22.2549676,84.9035307,0.620,0.461,0.14,0.016,-0.002,67.2,8,0.0013,0.77
18:46:57,22.2549676,84.9035307,0.621,0.462,0.14,0.003,0.027,67.2,8,0.0011,0.77
18:46:58,22.2549676,84.9035307,0.621,0.463,0.14,0.003,0.029,66.6,8,0.0011,0.77
18:46:58,22.2549676,84.9035307,0.621,0.464,0.14,0.021,-0.007,66.6,8,0.0000,0.78
18:46:58,22.2549676,84.9035307,0.622,0.465,0.14,0.004,0.030,66.1,8,0.0012,0.78
18:46:58,22.2549676,84.9035307,0.622,0.466,0.14,0.004,0.036,66.1,8,0.0016,0.78
18:46:58,22.2549676,84.9035307,0.623,0.467,0.14,0.024,0.002,65.5,8,0.0016,0.78
18:46:58,22.2549676,84.9035307,0.624,0.468,0.14,0.019,0.033,65.5,8,0.0012,0.78
18:46:58,22.2549676,84.9035307,0.625,0.469,0.14,0.040,0.003,64.9,8,0.0000,0.78
18:46:58,22.2549676,84.9035307,0.626,0.471,0.14,0.006,0.034,64.9,8,0.0012,0.78
18:46:58,22.2549676,84.9035307,0.626,0.472,0.14,0.004,0.038,64.4,8,0.0014,0.78
18:46:58,22.2549676,84.9035307,0.627,0.474,0.14,0.024,0.016,64.4,8,0.0014,0.79
18:46:58,22.2549676,84.9035307,0.627,0.476,0.14,0.004,0.039,64.4,8,0.0012,0.79
18:46:58,22.2549676,84.9035307,0.628,0.477,0.14,0.024,0.017,64.0,8,0.0000,0.79
18:46:58,22.2549676,84.9035307,0.629,0.479,0.14,0.025,0.037,63.8,8,0.0008,0.79
18:46:58,22.2549676,84.9035307,0.631,0.480,0.14,0.032,0.039,63.8,8,0.0017,0.79
18:46:58,22.2549676,84.9035307,0.632,0.482,0.15,0.032,0.041,63.7,8,0.0011,0.80
18:46:58,22.2549676,84.9035307,0.634,0.484,0.15,0.041,0.031,63.7,8,0.0000,0.80
18:46:58,22.2549676,84.9035307,0.636,0.486,0.15,0.038,0.044,63.7,8,0.0013,0.80
18:46:58,22.2549676,84.9035307,0.638,0.488,0.15,0.038,0.041,64.0,8,0.0010,0.80
18:46:58,22.2549676,84.9035307,0.640,0.490,0.15,0.037,0.037,64.0,8,0.0010,0.81
18:46:58,22.2549676,84.9035307,0.642,0.492,0.15,0.041,0.039,64.0,8,0.0012,0.81
18:46:59,22.2549676,84.9035307,0.644,0.494,0.15,0.040,0.035,64.4,8,0.0000,0.81
18:46:59,22.2549676,84.9035307,0.646,0.496,0.15,0.042,0.050,64.9,8,0.0016,0.81
18:46:59,22.2549676,84.9035307,0.648,0.499,0.16,0.026,0.065,64.9,8,0.0012,0.82
18:46:59,22.2549676,84.9035307,0.649,0.502,0.16,0.018,0.063,64.9,8,0.0012,0.82
18:46:59,22.2549676,84.9035307,0.650,0.506,0.16,0.021,0.079,65.5,8,0.0014,0.82
18:46:59,22.2549676,84.9035307,0.651,0.510,0.16,0.012,0.078,66.1,8,0.0000,0.83
18:46:59,22.2549676,84.9035307,0.652,0.514,0.16,0.017,0.082,66.1,8,0.0014,0.83
18:46:59,22.2549676,84.9035307,0.653,0.519,0.16,0.002,0.113,66.1,8,0.0023,0.83
18:46:59,22.2549676,84.9035307,0.652,0.525,0.16,-0.022,0.151,66.5,8,0.0020,0.84
18:46:59,22.2549676,84.9035307,0.651,0.532,0.16,-0.025,0.149,66.5,8,0.0000,0.84
18:46:59,22.2549676,84.9035307,0.650,0.541,0.16,-0.036,0.183,66.2,8,0.0024,0.85
18:46:59,22.2549676,84.9035307,0.648,0.550,0.16,-0.033,0.178,66.2,8,0.0024,0.85
18:46:59,22.2549676,84.9035307,0.645,0.559,0.16,-0.052,0.175,65.5,8,0.0024,0.85
18:46:59,22.2549676,84.9035307,0.643,0.568,0.16,-0.043,0.167,65.5,8,0.0024,0.86
18:46:59,22.2549676,84.9035307,0.641,0.577,0.16,-0.050,0.190,64.8,8,0.0023,0.86
18:46:59,22.2549676,84.9035307,0.638,0.586,0.16,-0.036,0.178,64.8,8,0.0000,0.87
18:46:59,22.2549676,84.9035307,0.636,0.596,0.16,-0.044,0.197,64.3,8,0.0037,0.87
18:46:59,22.2549676,84.9035307,0.634,0.606,0.16,-0.064,0.240,64.1,8,0.0033,0.88
18:46:59,22.2549676,84.9035307,0.631,0.618,0.16,-0.043,0.210,64.1,8,0.0034,0.88
18:46:59,22.2549676,84.9035307,0.629,0.628,0.16,-0.028,0.193,64.1,8,0.0000,0.89
18:47:00,22.2549676,84.9035307,0.626,0.640,0.16,-0.067,0.244,64.0,8,0.0031,0.90
18:47:00,22.2549676,84.9035307,0.623,0.652,0.16,-0.068,0.264,64.0,8,0.0033,0.90
18:47:00,22.2549676,84.9035307,0.620,0.665,0.16,-0.055,0.247,64.1,8,0.0033,0.91
18:47:00,22.2549676,84.9035307,0.617,0.678,0.16,-0.063,0.252,64.1,8,0.0030,0.92
18:47:00,22.2549676,84.9035307,0.614,0.690,0.16,-0.055,0.235,64.1,8,0.0000,0.92
18:47:00,22.2549676,84.9035307,0.610,0.702,0.16,-0.071,0.239,64.0,8,0.0030,0.93
18:47:00,22.2549676,84.9035307,0.606,0.714,0.16,-0.104,0.250,64.0,8,0.0034,0.94
18:47:00,22.2549676,84.9035307,0.601,0.726,0.16,-0.104,0.233,64.0,8,0.0034,0.94
18:47:00,22.2549676,84.9035307,0.597,0.739,0.16,-0.081,0.252,63.8,8,0.0030,0.95
18:47:00,22.2549676,84.9035307,0.592,0.751,0.16,-0.085,0.236,63.7,8,0.0000,0.96
18:47:00,22.2549676,84.9035307,0.588,0.765,0.16,-0.086,0.291,63.7,8,0.0032,0.97
18:47:00,22.2549676,84.9035307,0.584,0.779,0.16,-0.092,0.243,63.7,8,0.0032,0.97
18:47:00,22.2549676,84.9035307,0.579,0.791,0.16,-0.099,0.227,63.6,8,0.0032,0.98
18:47:00,22.2549676,84.9035307,0.575,0.804,0.16,-0.083,0.267,63.6,8,0.0032,0.99
18:47:00,22.2549676,84.9035307,0.570,0.817,0.16,-0.096,0.256,63.6,8,0.0000,1.00
18:47:00,22.2549676,84.9035307,0.565,0.830,0.16,-0.112,0.245,63.6,8,0.0033,1.00
18:47:00,22.2549676,84.9035307,0.559,0.842,0.16,-0.113,0.262,63.7,8,0.0034,1.01
18:47:00,22.2549676,84.9035307,0.553,0.855,0.16,-0.133,0.265,63.6,8,0.0034,1.02
18:47:00,22.2549676,84.9035307,0.546,0.869,0.16,-0.148,0.262,63.6,8,0.0000,1.03
18:47:01,22.2549676,84.9035307,0.539,0.882,0.17,-0.117,0.282,63.6,8,0.0034,1.03
18:47:01,22.2549676,84.9035307,0.533,0.896,0.17,-0.113,0.274,63.5,8,0.0032,1.04
18:47:01,22.2549676,84.9035307,0.527,0.910,0.17,-0.128,0.274,63.4,8,0.0032,1.05
18:47:01,22.2549676,84.9035307,0.522,0.925,0.17,-0.091,0.287,63.4,8,0.0034,1.06
18:47:01,22.2549676,84.9035307,0.517,0.939,0.17,-0.106,0.289,63.4,8,0.0000,1.07
18:47:01,22.2549676,84.9035307,0.512,0.953,0.17,-0.120,0.283,63.4,8,0.0034,1.08
18:47:01,22.2549676,84.9035307,0.505,0.968,0.17,-0.131,0.292,63.4,8,0.0036,1.09
18:47:01,22.2549676,84.9035307,0.498,0.983,0.17,-0.149,0.295,63.4,8,0.0036,1.10
18:47:01,22.2549676,84.9035307,0.492,0.997,0.17,-0.108,0.287,63.4,8,0.0035,1.11
18:47:01,22.2549676,84.9035307,0.486,1.012,0.18,-0.126,0.290,63.4,8,0.0000,1.12
18:47:01,22.2549676,84.9035307,0.480,1.027,0.18,-0.116,0.306,63.4,8,0.0040,1.13
18:47:01,22.2549676,84.9035307,0.474,1.042,0.18,-0.145,0.307,63.4,8,0.0037,1.15
18:47:01,22.2549676,84.9035307,0.466,1.058,0.18,-0.165,0.309,63.5,8,0.0037,1.16
18:47:01,22.2549676,84.9035307,0.459,1.073,0.18,-0.132,0.283,63.6,8,0.0034,1.17
18:47:01,22.2549676,84.9035307,0.452,1.087,0.18,-0.154,0.285,63.6,8,0.0000,1.18
18:47:01,22.2549676,84.9035307,0.445,1.101,0.18,-0.128,0.273,63.6,8,0.0035,1.19
18:47:01,22.2549676,84.9035307,0.439,1.115,0.18,-0.116,0.305,63.6,8,0.0035,1.20
18:47:01,22.2549676,84.9035307,0.433,1.131,0.18,-0.116,0.312,63.6,8,0.0035,1.21
18:47:01,22.2549676,84.9035307,0.426,1.147,0.18,-0.138,0.314,63.7,8,0.0000,1.22
18:47:01,22.2549676,84.9035307,0.420,1.162,0.18,-0.126,0.310,63.7,8,0.0038,1.24
18:47:01,22.2549676,84.9035307,0.413,1.178,0.18,-0.145,0.316,63.7,8,0.0039,1.25
18:47:02,22.2549676,84.9035307,0.405,1.194,0.19,-0.168,0.318,63.8,8,0.0039,1.26
18:47:02,22.2549676,84.9035307,0.399,1.209,0.19,-0.110,0.301,63.9,8,0.0035,1.27
18:47:02,22.2549676,84.9035307,0.393,1.225,0.19,-0.132,0.302,63.9,8,0.0000,1.29
18:47:02,22.2549676,84.9035307,0.386,1.241,0.19,-0.150,0.332,63.9,8,0.0040,1.30
18:47:02,22.2549676,84.9035307,0.378,1.257,0.19,-0.126,0.290,64.0,8,0.0035,1.31
18:47:02,22.2549676,84.9035307,0.371,1.272,0.19,-0.149,0.292,64.1,8,0.0035,1.32
18:47:02,22.2549676,84.9035307,0.365,1.288,0.19,-0.112,0.327,64.1,8,0.0037,1.34
18:47:02,22.2549676,84.9035307,0.359,1.304,0.19,-0.138,0.330,64.1,8,0.0000,1.35
18:47:02,22.2549676,84.9035307,0.353,1.321,0.19,-0.109,0.327,64.2,8,0.0038,1.37
18:47:02,22.2549676,84.9035307,0.347,1.337,0.20,-0.115,0.294,64.2,8,0.0039,1.38
18:47:02,22.2549676,84.9035307,0.341,1.352,0.20,-0.107,0.306,64.2,8,0.0037,1.39
18:47:02,22.2549676,84.9035307,0.335,1.367,0.20,-0.135,0.312,64.2,8,0.0000,1.41
18:47:02,22.2549676,84.9035307,0.329,1.382,0.20,-0.122,0.269,64.1,8,0.0036,1.42
18:47:02,22.2549676,84.9035307,0.322,1.395,0.21,-0.149,0.276,64.0,8,0.0036,1.43
18:47:02,22.2549676,84.9035307,0.316,1.410,0.21,-0.115,0.289,64.0,8,0.0038,1.44
18:47:02,22.2549676,84.9035307,0.310,1.425,0.21,-0.116,0.320,64.0,8,0.0039,1.46
18:47:02,22.2549676,84.9035307,0.303,1.441,0.21,-0.143,0.328,63.9,8,0.0000,1.47
18:47:02,22.2549676,84.9035307,0.297,1.457,0.21,-0.117,0.309,63.8,8,0.0035,1.49
18:47:02,22.2549676,84.9035307,0.291,1.473,0.21,-0.109,0.335,63.8,8,0.0042,1.50
18:47:03,22.2549676,84.9035307,0.285,1.490,0.21,-0.136,0.342,63.8,8,0.0042,1.52
18:47:03,22.2549676,84.9035307,0.281,1.506,0.21,-0.073,0.315,63.8,8,0.0036,1.53
18:47:03,22.2549676,84.9035307,0.276,1.522,0.22,-0.099,0.321,63.6,8,0.0000,1.55
18:47:03,22.2549676,84.9035307,0.272,1.537,0.22,-0.095,0.274,63.6,8,0.0041,1.56
18:47:03,22.2549676,84.9035307,0.267,1.550,0.22,-0.079,0.259,63.4,8,0.0040,1.57
18:47:03,22.2549676,84.9035307,0.262,1.564,0.22,-0.100,0.263,63.4,8,0.0040,1.59
18:47:03,22.2549676,84.9035307,0.259,1.575,0.22,-0.055,0.206,63.1,8,0.0031,1.60
18:47:03,22.2549676,84.9035307,0.256,1.585,0.22,-0.070,0.208,63.1,8,0.0000,1.61
18:47:03,22.2549676,84.9035307,0.254,1.595,0.22,-0.030,0.193,62.9,8,0.0031,1.62
18:47:03,22.2549676,84.9035307,0.252,1.605,0.22,-0.034,0.223,62.9,8,0.0053,1.63
18:47:03,22.2549676,84.9035307,0.250,1.617,0.22,-0.045,0.225,62.9,8,0.0053,1.64
18:47:03,22.2549676,84.9035307,0.248,1.631,0.22,-0.051,0.297,62.9,8,0.0040,1.65
18:47:03,22.2549676,84.9035307,0.245,1.646,0.22,-0.060,0.299,62.9,8,0.0000,1.66
18:47:03,22.2549676,84.9035307,0.244,1.661,0.22,-0.007,0.304,62.9,8,0.0032,1.68
18:47:03,22.2549676,84.9035307,0.243,1.676,0.22,-0.026,0.307,62.9,8,0.0034,1.69
18:47:03,22.2549676,84.9035307,0.242,1.692,0.21,-0.006,0.294,62.9,8,0.0042,1.71
18:47:03,22.2549676,84.9035307,0.242,1.706,0.21,-0.016,0.295,62.7,8,0.0000,1.72
18:47:03,22.2549676,84.9035307,0.240,1.721,0.21,-0.028,0.277,62.7,8,0.0029,1.74
18:47:03,22.2549676,84.9035307,0.239,1.735,0.21,-0.042,0.303,62.7,8,0.0035,1.75
18:47:04,22.2549676,84.9035307,0.236,1.750,0.20,-0.051,0.293,62.7,8,0.0035,1.77
18:47:04,22.2549676,84.9035307,0.235,1.762,0.20,-0.006,0.201,63.2,8,0.0028,1.78
18:47:04,22.2549676,84.9035307,0.235,1.771,0.20,-0.002,0.170,63.2,8,0.0000,1.79
18:47:04,22.2549676,84.9035307,0.236,1.779,0.20,0.027,0.144,62.5,8,0.0021,1.79
18:47:04,22.2549676,84.9035307,0.238,1.784,0.20,0.062,0.031,62.5,8,0.0015,1.80
18:47:04,22.2549676,84.9035307,0.241,1.785,0.20,0.072,-0.009,62.5,8,0.0015,1.80
18:47:04,22.2549676,84.9035307,0.246,1.784,0.20,0.094,-0.033,61.1,8,0.0015,1.80
18:47:04,22.2549676,84.9035307,0.251,1.781,0.20,0.104,-0.072,59.8,8,0.0000,1.80
18:47:04,22.2549676,84.9035307,0.255,1.779,0.20,0.084,-0.049,59.1,8,0.0019,1.80
18:47:04,22.2549676,84.9035307,0.259,1.776,0.22,0.080,-0.053,59.1,8,0.0018,1.79
18:47:04,22.2549676,84.9035307,0.264,1.773,0.22,0.085,-0.078,59.1,8,0.0018,1.79
18:47:04,22.2549676,84.9035307,0.268,1.770,0.22,0.091,-0.050,59.2,8,0.0015,1.79
18:47:04,22.2549676,84.9035307,0.273,1.767,0.22,0.093,-0.066,60.7,8,0.0000,1.79
18:47:04,22.2549676,84.9035307,0.277,1.765,0.22,0.083,-0.036,60.7,8,0.0011,1.79
18:47:04,22.2549676,84.9035307,0.282,1.764,0.22,0.116,0.043,60.7,8,0.0021,1.79
18:47:04,22.2549676,84.9035307,0.288,1.767,0.22,0.149,0.111,63.2,8,0.0024,1.79
18:47:04,22.2549676,84.9035307,0.295,1.772,0.22,0.141,0.102,66.3,8,0.0000,1.80
18:47:04,22.2549676,84.9035307,0.303,1.779,0.22,0.164,0.148,66.3,8,0.0024,1.80
18:47:04,22.2549676,84.9035307,0.311,1.786,0.22,0.147,0.139,66.3,8,0.0024,1.81
18:47:04,22.2549676,84.9035307,0.320,1.794,0.22,0.197,0.151,69.6,8,0.0027,1.82
18:47:04,22.2549676,84.9035307,0.330,1.801,0.22,0.213,0.132,69.6,8,0.0029,1.83
18:47:05,22.2549676,84.9035307,0.340,1.807,0.21,0.191,0.124,69.6,8,0.0000,1.84
18:47:05,22.2549676,84.9035307,0.353,1.813,0.21,0.274,0.112,71.6,8,0.0032,1.85
18:47:05,22.2549676,84.9035307,0.368,1.819,0.21,0.340,0.096,72.0,8,0.0041,1.86
18:47:05,22.2549676,84.9035307,0.384,1.823,0.21,0.312,0.088,70.9,8,0.0041,1.86
18:47:05,22.2549676,84.9035307,0.403,1.828,0.21,0.407,0.081,70.9,8,0.0046,1.87
18:47:05,22.2549676,84.9035307,0.423,1.831,0.21,0.375,0.074,70.9,8,0.0000,1.88
18:47:05,22.2549676,84.9035307,0.444,1.836,0.21,0.419,0.082,69.6,8,0.0045,1.89
18:47:05,22.2549676,84.9035307,0.465,1.839,0.21,0.432,0.069,68.2,8,0.0050,1.90
18:47:05,22.2549676,84.9035307,0.486,1.843,0.21,0.439,0.082,68.2,8,0.0048,1.91
18:47:05,22.2549676,84.9035307,0.507,1.847,0.19,0.405,0.073,68.2,8,0.0000,1.92
18:47:05,22.2549676,84.9035307,0.529,1.852,0.19,0.428,0.131,67.1,8,0.0049,1.93
18:47:05,22.2549676,84.9035307,0.550,1.859,0.19,0.397,0.121,66.3,8,0.0049,1.94
18:47:05,22.2549676,84.9035307,0.571,1.865,0.19,0.435,0.122,66.3,8,0.0048,1.95
18:47:05,22.2549676,84.9035307,0.593,1.871,0.17,0.410,0.112,66.3,8,0.0000,1.96
18:47:05,22.2549676,84.9035307,0.613,1.876,0.17,0.385,0.102,65.5,8,0.0000,1.97
18:47:05,22.2549676,84.9035307,0.637,1.884,0.17,0.452,0.140,65.0,8,0.0057,1.99
18:47:05,22.2549676,84.9035307,0.660,1.891,0.17,0.466,0.158,65.0,8,0.0052,2.00
18:47:05,22.2549676,84.9035307,0.683,1.899,0.17,0.454,0.147,65.0,8,0.0052,2.02
18:47:05,22.2549676,84.9035307,0.707,1.908,0.17,0.496,0.201,64.5,8,0.0056,2.04
18:47:05,22.2549676,84.9035307,0.732,1.918,0.17,0.489,0.190,64.5,8,0.0000,2.05
18:47:06,22.2549676,84.9035307,0.756,1.930,0.17,0.480,0.236,64.5,8,0.0064,2.07
18:47:06,22.2549676,84.9035307,0.781,1.941,0.16,0.485,0.213,64.2,8,0.0055,2.09
18:47:06,22.2549676,84.9035307,0.805,1.952,0.16,0.483,0.200,64.1,8,0.0055,2.11
18:47:06,22.2549676,84.9035307,0.831,1.963,0.16,0.523,0.247,64.0,8,0.0061,2.13
18:47:06,22.2549676,84.9035307,0.857,1.975,0.16,0.526,0.233,64.0,8,0.0000,2.15
18:47:06,22.2549676,84.9035307,0.883,1.987,0.16,0.513,0.236,64.0,8,0.0060,2.17
18:47:06,22.2549676,84.9035307,0.909,1.999,0.16,0.504,0.230,63.9,8,0.0062,2.20
18:47:06,22.2549676,84.9035307,0.934,2.010,0.16,0.507,0.215,63.9,8,0.0062,2.22
18:47:06,22.2549676,84.9035307,0.962,2.021,0.16,0.571,0.197,63.9,8,0.0066,2.24
18:47:06,22.2549676,84.9035307,0.991,2.030,0.16,0.575,0.183,63.9,8,0.0000,2.26
18:47:06,22.2549676,84.9035307,1.018,2.043,0.14,0.515,0.292,63.8,8,0.0073,2.28
18:47:06,22.2549676,84.9035307,1.044,2.058,0.14,0.513,0.266,63.8,8,0.0062,2.31
18:47:06,22.2549676,84.9035307,1.069,2.071,0.14,0.483,0.267,63.8,8,0.0058,2.33
18:47:06,22.2549676,84.9035307,1.094,2.084,0.14,0.491,0.253,63.8,8,0.0000,2.35
18:47:06,22.2549676,84.9035307,1.119,2.098,0.13,0.501,0.283,63.9,8,0.0060,2.38
18:47:06,22.2549676,84.9035307,1.144,2.112,0.13,0.511,0.269,63.9,8,0.0060,2.40
18:47:06,22.2549676,84.9035307,1.171,2.125,0.13,0.541,0.260,63.9,8,0.0063,2.43
18:47:06,22.2549676,84.9035307,1.198,2.138,0.13,0.520,0.238,63.9,8,0.0081,2.45
18:47:07,22.2549676,84.9035307,1.225,2.149,0.13,0.532,0.224,64.0,8,0.0000,2.47
18:47:07,22.2549676,84.9035307,1.250,2.164,0.13,0.503,0.307,64.0,8,0.0062,2.50
18:47:07,22.2549676,84.9035307,1.276,2.179,0.13,0.521,0.306,64.0,8,0.0063,2.53
18:47:07,22.2549676,84.9035307,1.303,2.194,0.13,0.535,0.292,64.0,8,0.0063,2.55
18:47:07,22.2549676,84.9035307,1.329,2.208,0.12,0.516,0.283,64.0,8,0.0060,2.58
18:47:07,22.2549676,84.9035307,1.355,2.222,0.12,0.531,0.269,64.0,8,0.0000,2.60
18:47:07,22.2549676,84.9035307,1.380,2.236,0.12,0.476,0.253,64.0,8,0.0059,2.63
18:47:07,22.2549676,84.9035307,1.404,2.248,0.12,0.450,0.239,63.7,8,0.0053,2.65
18:47:07,22.2549676,84.9035307,1.427,2.260,0.13,0.468,0.229,63.7,8,0.0053,2.67
18:47:07,22.2549676,84.9035307,1.447,2.271,0.13,0.379,0.206,63.3,8,0.0045,2.69
18:47:07,22.2549676,84.9035307,1.467,2.281,0.13,0.403,0.201,63.3,8,0.0000,2.71
18:47:07,22.2549676,84.9035307,1.485,2.290,0.13,0.348,0.169,63.3,8,0.0041,2.73
18:47:07,22.2549676,84.9035307,1.500,2.298,0.13,0.189,0.129,63.2,8,0.0034,2.74
18:47:07,22.2549676,84.9035307,1.510,2.304,0.13,0.198,0.116,63.3,8,0.0034,2.75
18:47:07,22.2549676,84.9035307,1.517,2.309,0.13,0.099,0.089,63.3,8,0.0023,2.76
18:47:07,22.2549676,84.9035307,1.522,2.313,0.13,0.084,0.068,62.7,8,0.0000,2.77
18:47:07,22.2549676,84.9035307,1.523,2.314,0.13,0.006,0.005,62.7,8,0.0026,2.77
18:47:07,22.2549676,84.9035307,1.523,2.314,0.14,-0.017,-0.024,62.7,8,0.0021,2.77
18:47:07,22.2549676,84.9035307,1.521,2.312,0.14,-0.042,-0.038,62.6,8,0.0021,2.77
18:47:07,22.2549676,84.9035307,1.520,2.311,0.14,-0.022,-0.036,62.5,8,0.0017,2.77
18:47:07,22.2549676,84.9035307,1.518,2.309,0.14,-0.052,-0.020,62.5,8,0.0000,2.76
18:47:08,22.2549676,84.9035307,1.517,2.308,0.15,-0.029,-0.031,62.5,8,0.0011,2.76
18:47:08,22.2549676,84.9035307,1.515,2.307,0.15,-0.010,-0.002,62.5,8,0.0015,2.76
18:47:08,22.2549676,84.9035307,1.515,2.307,0.15,0.031,-0.025,62.3,8,0.0012,2.76
18:47:08,22.2549676,84.9035307,1.515,2.306,0.15,-0.005,-0.005,62.3,8,0.0000,2.76
18:47:08,22.2549676,84.9035307,1.516,2.304,0.15,0.010,-0.053,62.3,8,0.0014,2.76
18:47:08,22.2549676,84.9035307,1.516,2.301,0.15,0.020,-0.076,62.1,8,0.0014,2.76
18:47:08,22.2549676,84.9035307,1.516,2.298,0.15,-0.014,-0.054,61.9,8,0.0014,2.75
18:47:08,22.2549676,84.9035307,1.517,2.294,0.15,0.023,-0.079,61.9,8,0.0017,2.75
18:47:08,22.2549676,84.9035307,1.518,2.291,0.15,-0.009,-0.059,61.9,8,0.0000,2.75
18:47:08,22.2549676,84.9035307,1.519,2.286,0.16,0.037,-0.084,61.7,8,0.0017,2.75
18:47:08,22.2549676,84.9035307,1.521,2.282,0.16,0.038,-0.091,61.7,8,0.0016,2.74
18:47:08,22.2549676,84.9035307,1.522,2.278,0.16,0.009,-0.073,61.7,8,0.0016,2.74
18:47:08,22.2549676,84.9035307,1.523,2.274,0.16,0.033,-0.092,61.7,8,0.0019,2.74
18:47:08,22.2549676,84.9035307,1.524,2.270,0.17,0.004,-0.074,61.6,8,0.0000,2.73
18:47:08,22.2549676,84.9035307,1.526,2.265,0.17,0.049,-0.081,61.6,8,0.0021,2.73
18:47:08,22.2549676,84.9035307,1.528,2.262,0.17,0.022,-0.052,61.6,8,0.0016,2.73
18:47:08,22.2549676,84.9035307,1.529,2.259,0.17,0.030,-0.066,61.6,8,0.0021,2.73
18:47:08,22.2549676,84.9035307,1.530,2.256,0.17,0.008,-0.058,61.5,8,0.0000,2.73
18:47:08,22.2549676,84.9035307,1.531,2.252,0.17,0.032,-0.089,61.5,8,0.0018,2.72
18:47:09,22.2549676,84.9035307,1.533,2.248,0.17,0.045,-0.083,61.5,8,0.0021,2.72
18:47:09,22.2549676,84.9035307,1.535,2.243,0.17,0.034,-0.085,61.5,8,0.0021,2.72
18:47:09,22.2549676,84.9035307,1.536,2.240,0.18,0.023,-0.065,61.4,8,0.0024,2.72
18:47:09,22.2549676,84.9035307,1.537,2.236,0.18,0.014,-0.070,61.2,8,0.0000,2.71
18:47:09,22.2549676,84.9035307,1.539,2.232,0.18,0.030,-0.097,61.2,8,0.0020,2.71
18:47:09,22.2549676,84.9035307,1.540,2.227,0.18,0.037,-0.078,61.2,8,0.0028,2.71
18:47:09,22.2549676,84.9035307,1.542,2.223,0.18,0.029,-0.084,61.1,8,0.0028,2.71
18:47:09,22.2549676,84.9035307,1.544,2.219,0.18,0.043,-0.084,61.0,8,0.0024,2.70
18:47:09,22.2549676,84.9035307,1.546,2.215,0.18,0.036,-0.090,61.0,8,0.0000,2.70
18:47:09,22.2549676,84.9035307,1.548,2.210,0.18,0.044,-0.086,61.0,8,0.0024,2.70
18:47:09,22.2549676,84.9035307,1.550,2.206,0.19,0.039,-0.110,60.9,8,0.0026,2.70
18:47:09,22.2549676,84.9035307,1.552,2.200,0.19,0.032,-0.116,60.7,8,0.0026,2.69
18:47:09,22.2549676,84.9035307,1.554,2.194,0.19,0.054,-0.110,60.7,8,0.0020,2.69
18:47:09,22.2549676,84.9035307,1.557,2.189,0.19,0.047,-0.115,60.7,8,0.0000,2.69
18:47:09,22.2549676,84.9035307,1.560,2.183,0.19,0.058,-0.097,60.6,8,0.0020,2.68
18:47:09,22.2549676,84.9035307,1.563,2.179,0.20,0.049,-0.099,60.5,8,0.0019,2.68
18:47:09,22.2549676,84.9035307,1.565,2.174,0.20,0.046,-0.093,60.5,8,0.0018,2.68
18:47:09,22.2549676,84.9035307,1.567,2.169,0.20,0.039,-0.097,60.5,8,0.0000,2.68
18:47:09,22.2549676,84.9035307,1.570,2.163,0.20,0.067,-0.110,60.5,8,0.0021,2.67
18:47:09,22.2549676,84.9035307,1.573,2.158,0.20,0.061,-0.113,60.4,8,0.0021,2.67
18:47:09,22.2549676,84.9035307,1.576,2.152,0.20,0.058,-0.110,60.4,8,0.0019,2.67
18:47:09,22.2549676,84.9035307,1.579,2.147,0.20,0.059,-0.107,60.4,8,0.0017,2.66
18:47:10,22.2549676,84.9035307,1.582,2.141,0.20,0.052,-0.109,60.4,8,0.0000,2.66
18:47:10,22.2549676,84.9035307,1.585,2.136,0.21,0.060,-0.104,60.3,8,0.0021,2.66
18:47:10,22.2549676,84.9035307,1.588,2.131,0.21,0.063,-0.100,60.2,8,0.0017,2.66
18:47:10,22.2549676,84.9035307,1.591,2.125,0.21,0.053,-0.105,60.2,8,0.0017,2.65
18:47:10,22.2549676,84.9035307,1.594,2.120,0.21,0.055,-0.103,60.2,8,0.0018,2.65
18:47:10,22.2549676,84.9035307,1.596,2.115,0.22,0.045,-0.109,60.1,8,0.0000,2.65
18:47:10,22.2549676,84.9035307,1.599,2.110,0.22,0.062,-0.094,60.1,8,0.0027,2.65
18:47:10,22.2549676,84.9035307,1.602,2.105,0.22,0.049,-0.112,60.1,8,0.0019,2.65
18:47:10,22.2549676,84.9035307,1.604,2.099,0.22,0.047,-0.098,60.1,8,0.0015,2.64
18:47:10,22.2549676,84.9035307,1.606,2.094,0.22,0.035,-0.106,60.0,8,0.0000,2.64
18:47:10,22.2549676,84.9035307,1.609,2.089,0.22,0.044,-0.106,60.0,8,0.0019,2.64
18:47:10,22.2549676,84.9035307,1.610,2.083,0.22,0.032,-0.114,59.9,8,0.0019,2.63
18:47:10,22.2549676,84.9035307,1.613,2.078,0.22,0.047,-0.103,59.9,8,0.0015,2.63
18:47:10,22.2549676,84.9035307,1.615,2.073,0.22,0.044,-0.102,59.9,8,0.0017,2.63
18:47:10,22.2549676,84.9035307,1.617,2.067,0.22,0.032,-0.111,59.9,8,0.0000,2.62
18:47:10,22.2549676,84.9035307,1.619,2.062,0.22,0.052,-0.111,59.8,8,0.0018,2.62
18:47:10,22.2549676,84.9035307,1.622,2.056,0.22,0.040,-0.120,59.8,8,0.0018,2.62
18:47:10,22.2549676,84.9035307,1.625,2.051,0.22,0.069,-0.096,59.7,8,0.0020,2.62
18:47:11,22.2549676,84.9035307,1.628,2.046,0.22,0.060,-0.106,59.7,8,0.0018,2.61
18:47:11,22.2549676,84.9035307,1.631,2.040,0.22,0.047,-0.116,59.7,8,0.0000,2.61
18:47:11,22.2549676,84.9035307,1.633,2.035,0.22,0.047,-0.095,59.7,8,0.0020,2.61
18:47:11,22.2549676,84.9035307,1.635,2.030,0.22,0.035,-0.101,59.6,8,0.0028,2.61
18:47:11,22.2549676,84.9035307,1.637,2.025,0.23,0.024,-0.112,59.5,8,0.0028,2.60
18:47:11,22.2549676,84.9035307,1.639,2.019,0.23,0.043,-0.110,59.5,8,0.0017,2.60
18:47:11,22.2549676,84.9035307,1.641,2.014,0.23,0.033,-0.122,59.5,8,0.0000,2.60
18:47:11,22.2549676,84.9035307,1.643,2.008,0.23,0.060,-0.105,59.4,8,0.0019,2.59
18:47:11,22.2549676,84.9035307,1.646,2.003,0.23,0.060,-0.118,59.4,8,0.0019,2.59
18:47:11,22.2549676,84.9035307,1.649,1.997,0.23,0.055,-0.104,59.4,8,0.0022,2.59
18:47:11,22.2549676,84.9035307,1.652,1.991,0.23,0.046,-0.116,59.4,8,0.0000,2.59
18:47:11,22.2549676,84.9035307,1.654,1.986,0.23,0.055,-0.106,59.2,8,0.0026,2.58
18:47:11,22.2549676,84.9035307,1.657,1.980,0.23,0.045,-0.118,59.1,8,0.0026,2.58
18:47:11,22.2549676,84.9035307,1.660,1.974,0.23,0.061,-0.109,59.1,8,0.0018,2.58
18:47:11,22.2549676,84.9035307,1.663,1.969,0.23,0.069,-0.104,59.1,8,0.0020,2.58
18:47:11,22.2549676,84.9035307,1.666,1.963,0.23,0.058,-0.115,59.0,8,0.0000,2.57
18:47:11,22.2549676,84.9035307,1.669,1.959,0.23,0.058,-0.084,59.0,8,0.0019,2.57
18:47:11,22.2549676,84.9035307,1.672,1.954,0.23,0.047,-0.094,59.0,8,0.0019,2.57
18:47:11,22.2549676,84.9035307,1.674,1.950,0.23,0.050,-0.091,59.0,8,0.0016,2.57
18:47:11,22.2549676,84.9035307,1.677,1.945,0.23,0.061,-0.090,58.9,8,0.0019,2.57
18:47:12,22.2549676,84.9035307,1.680,1.940,0.23,0.050,-0.101,58.9,8,0.0000,2.57
18:47:12,22.2549676,84.9035307,1.683,1.936,0.23,0.059,-0.087,58.8,8,0.0020,2.56
18:47:12,22.2549676,84.9035307,1.685,1.931,0.23,0.037,-0.072,58.8,8,0.0020,2.56
18:47:12,22.2549676,84.9035307,1.687,1.928,0.23,0.026,-0.082,58.7,8,0.0020,2.56
18:47:12,22.2549676,84.9035307,1.689,1.924,0.23,0.037,-0.070,58.7,8,0.0017,2.56
18:47:12,22.2549676,84.9035307,1.690,1.920,0.23,0.025,-0.080,58.6,8,0.0000,2.56
18:47:12,22.2549676,84.9035307,1.692,1.916,0.23,0.033,-0.074,58.6,8,0.0025,2.56
18:47:12,22.2549676,84.9035307,1.693,1.913,0.23,0.035,-0.074,58.5,8,0.0023,2.55
18:47:12,22.2549676,84.9035307,1.695,1.909,0.23,0.045,-0.083,58.5,8,0.0024,2.55
18:47:12,22.2549676,84.9035307,1.697,1.904,0.23,0.032,-0.093,58.4,8,0.0000,2.55
18:47:12,22.2549676,84.9035307,1.699,1.899,0.23,0.041,-0.097,58.4,8,0.0024,2.55
18:47:12,22.2549676,84.9035307,1.701,1.894,0.23,0.027,-0.107,58.2,8,0.0024,2.55
18:47:12,22.2549676,84.9035307,1.703,1.890,0.23,0.049,-0.071,58.1,8,0.0018,2.54
18:47:12,22.2549676,84.9035307,1.706,1.886,0.24,0.065,-0.098,58.1,8,0.0017,2.54
18:47:12,22.2549676,84.9035307,1.708,1.881,0.24,0.047,-0.110,58.1,8,0.0000,2.54
18:47:12,22.2549676,84.9035307,1.711,1.876,0.24,0.053,-0.103,58.0,8,0.0019,2.54
18:47:12,22.2549676,84.9035307,1.713,1.870,0.24,0.034,-0.116,57.9,8,0.0019,2.54
18:47:12,22.2549676,84.9035307,1.716,1.866,0.24,0.043,-0.064,57.9,8,0.0025,2.53
18:47:13,22.2549676,84.9035307,1.717,1.863,0.24,0.027,-0.061,57.9,8,0.0030,2.53
18:47:13,22.2549676,84.9035307,1.718,1.860,0.24,0.008,-0.073,57.8,8,0.0000,2.53
18:47:13,22.2549676,84.9035307,1.720,1.855,0.24,0.036,-0.103,57.8,8,0.0018,2.53
18:47:13,22.2549676,84.9035307,1.721,1.850,0.24,0.043,-0.083,57.6,8,0.0019,2.53
18:47:13,22.2549676,84.9035307,1.723,1.846,0.24,0.022,-0.095,57.6,8,0.0019,2.52
18:47:13,22.2549676,84.9035307,1.725,1.841,0.24,0.039,-0.092,57.5,8,0.0022,2.52
18:47:13,22.2549676,84.9035307,1.726,1.836,0.24,0.018,-0.103,57.4,8,0.0000,2.52
18:47:13,22.2549676,84.9035307,1.728,1.832,0.24,0.033,-0.074,57.4,8,0.0016,2.52
18:47:13,22.2549676,84.9035307,1.729,1.828,0.24,0.033,-0.080,57.4,8,0.0014,2.52
18:47:13,22.2549676,84.9035307,1.731,1.824,0.24,0.034,-0.073,57.3,8,0.0016,2.51
18:47:13,22.2549676,84.9035307,1.732,1.820,0.24,0.013,-0.082,57.2,8,0.0000,2.51
18:47:13,22.2549676,84.9035307,1.734,1.817,0.24,0.037,-0.067,57.2,8,0.0017,2.51
18:47:13,22.2549676,84.9035307,1.735,1.813,0.24,0.017,-0.076,57.2,8,0.0017,2.51
18:47:13,22.2549676,84.9035307,1.736,1.810,0.24,0.025,-0.056,57.1,8,0.0016,2.51
18:47:13,22.2549676,84.9035307,1.738,1.807,0.24,0.031,-0.059,57.0,8,0.0018,2.51
18:47:13,22.2549676,84.9035307,1.739,1.804,0.24,0.010,-0.068,57.0,8,0.0000,2.51
18:47:13,22.2549676,84.9035307,1.740,1.801,0.24,0.033,-0.056,57.0,8,0.0020,2.50
18:47:13,22.2549676,84.9035307,1.741,1.798,0.24,0.012,-0.064,56.9,8,0.0020,2.50
18:47:13,22.2549676,84.9035307,1.743,1.795,0.24,0.036,-0.062,56.8,8,0.0014,2.50
18:47:13,22.2549676,84.9035307,1.744,1.792,0.24,0.034,-0.060,56.8,8,0.0015,2.50
18:47:13,22.2549676,84.9035307,1.746,1.788,0.24,0.014,-0.069,56.8,8,0.0000,2.50
18:47:14,22.2549676,84.9035307,1.747,1.785,0.24,0.036,-0.065,56.7,8,0.0014,2.50
18:47:14,22.2549676,84.9035307,1.749,1.782,0.24,0.036,-0.072,56.7,8,0.0019,2.50
18:47:14,22.2549676,84.9035307,1.750,1.778,0.24,0.017,-0.081,56.6,8,0.0019,2.49
18:47:14,22.2549676,84.9035307,1.752,1.774,0.24,0.047,-0.074,56.6,8,0.0018,2.49
18:47:14,22.2549676,84.9035307,1.754,1.770,0.24,0.029,-0.083,56.5,8,0.0000,2.49
18:47:14,22.2549676,84.9035307,1.756,1.766,0.24,0.040,-0.073,56.3,8,0.0016,2.49
18:47:14,22.2549676,84.9035307,1.758,1.762,0.24,0.032,-0.078,56.3,8,0.0015,2.49
18:47:14,22.2549676,84.9035307,1.759,1.758,0.24,0.014,-0.087,56.3,8,0.0015,2.49
18:47:14,22.2549676,84.9035307,1.760,1.755,0.24,0.025,-0.063,56.2,8,0.0019,2.49
18:47:14,22.2549676,84.9035307,1.761,1.751,0.24,0.007,-0.071,56.1,8,0.0000,2.48
18:47:14,22.2549676,84.9035307,1.762,1.748,0.24,0.029,-0.064,56.1,8,0.0020,2.48
18:47:14,22.2549676,84.9035307,1.764,1.745,0.24,0.025,-0.071,56.1,8,0.0020,2.48
18:47:14,22.2549676,84.9035307,1.764,1.741,0.24,0.007,-0.079,56.0,8,0.0020,2.48
18:47:14,22.2549676,84.9035307,1.766,1.737,0.24,0.044,-0.078,55.9,8,0.0016,2.48
18:47:14,22.2549676,84.9035307,1.768,1.733,0.24,0.026,-0.084,55.9,8,0.0000,2.48
18:47:14,22.2549676,84.9035307,1.770,1.729,0.24,0.033,-0.074,55.8,8,0.0020,2.47
18:47:14,22.2549676,84.9035307,1.771,1.725,0.24,0.043,-0.073,55.8,8,0.0015,2.47
18:47:14,22.2549676,84.9035307,1.773,1.721,0.24,0.039,-0.082,55.7,8,0.0019,2.47
18:47:14,22.2549676,84.9035307,1.775,1.717,0.24,0.019,-0.087,55.7,8,0.0000,2.47
18:47:14,22.2549676,84.9035307,1.776,1.713,0.24,0.039,-0.085,55.6,8,0.0020,2.47
18:47:14,22.2549676,84.9035307,1.778,1.708,0.24,0.044,-0.096,55.6,8,0.0016,2.47
18:47:15,22.2549676,84.9035307,1.780,1.703,0.24,0.023,-0.100,55.5,8,0.0016,2.46
18:47:15,22.2549676,84.9035307,1.782,1.699,0.24,0.057,-0.084,55.5,8,0.0018,2.46
18:47:15,22.2549676,84.9035307,1.785,1.695,0.24,0.035,-0.087,55.4,8,0.0000,2.46
18:47:15,22.2549676,84.9035307,1.787,1.690,0.24,0.055,-0.087,55.4,8,0.0015,2.46
18:47:15,22.2549676,84.9035307,1.790,1.686,0.24,0.053,-0.088,55.3,8,0.0015,2.46
18:47:15,22.2549676,84.9035307,1.792,1.681,0.24,0.031,-0.090,55.3,8,0.0015,2.46
18:47:15,22.2549676,84.9035307,1.794,1.677,0.24,0.048,-0.088,55.2,8,0.0019,2.46
18:47:15,22.2549676,84.9035307,1.796,1.672,0.24,0.026,-0.088,55.2,8,0.0000,2.45
18:47:15,22.2549676,84.9035307,1.799,1.668,0.24,0.051,-0.087,55.1,8,0.0016,2.45
18:47:15,22.2549676,84.9035307,1.801,1.664,0.24,0.061,-0.095,55.1,8,0.0016,2.45
18:47:15,22.2549676,84.9035307,1.804,1.659,0.24,0.056,-0.102,55.1,8,0.0017,2.45
18:47:15,22.2549676,84.9035307,1.806,1.654,0.24,0.033,-0.101,55.0,8,0.0000,2.45
18:47:15,22.2549676,84.9035307,1.809,1.649,0.24,0.072,-0.096,54.8,8,0.0017,2.45
18:47:15,22.2549676,84.9035307,1.812,1.644,0.24,0.048,-0.094,54.8,8,0.0017,2.45
18:47:15,22.2549676,84.9035307,1.814,1.639,0.24,0.025,-0.092,54.8,8,0.0017,2.45
18:47:15,22.2549676,84.9035307,1.818,1.635,0.24,0.060,-0.089,54.8,8,0.0015,2.45
18:47:15,22.2549676,84.9035307,1.821,1.630,0.24,0.035,-0.087,54.7,8,0.0000,2.44
18:47:15,22.2549676,84.9035307,1.824,1.626,0.24,0.058,-0.089,54.7,8,0.0018,2.44
18:47:15,22.2549676,84.9035307,1.826,1.621,0.24,0.058,-0.084,54.5,8,0.0016,2.44
18:47:16,22.2549676,84.9035307,1.829,1.617,0.24,0.034,-0.084,54.5,8,0.0016,2.44
18:47:16,22.2549676,84.9035307,1.831,1.613,0.23,0.053,-0.082,54.5,8,0.0016,2.44
18:47:16,22.2549676,84.9035307,1.833,1.609,0.23,0.029,-0.081,54.4,8,0.0000,2.44
18:47:16,22.2549676,84.9035307,1.836,1.604,0.23,0.051,-0.088,54.3,8,0.0016,2.44
18:47:16,22.2549676,84.9035307,1.838,1.600,0.23,0.056,-0.082,54.2,8,0.0014,2.44
18:47:16,22.2549676,84.9035307,1.841,1.596,0.23,0.033,-0.083,54.2,8,0.0014,2.44
18:47:16,22.2549676,84.9035307,1.843,1.592,0.23,0.045,-0.083,54.2,8,0.0017,2.44
18:47:16,22.2549676,84.9035307,1.845,1.588,0.23,0.023,-0.084,54.0,8,0.0000,2.43
18:47:16,22.2549676,84.9035307,1.847,1.583,0.23,0.051,-0.092,53.9,8,0.0017,2.43
18:47:16,22.2549676,84.9035307,1.849,1.578,0.23,0.043,-0.089,53.9,8,0.0016,2.43
18:47:16,22.2549676,84.9035307,1.851,1.574,0.23,0.022,-0.091,53.9,8,0.0016,2.43
18:47:16,22.2549676,84.9035307,1.853,1.569,0.23,0.052,-0.091,53.8,8,0.0020,2.43
18:47:16,22.2549676,84.9035307,1.855,1.565,0.23,0.031,-0.094,53.7,8,0.0000,2.43
18:47:16,22.2549676,84.9035307,1.858,1.560,0.23,0.044,-0.093,53.7,8,0.0018,2.43
18:47:16,22.2549676,84.9035307,1.860,1.555,0.23,0.052,-0.100,53.7,8,0.0022,2.42
18:47:16,22.2549676,84.9035307,1.862,1.550,0.23,0.046,-0.084,53.5,8,0.0015,2.42
18:47:16,22.2549676,84.9035307,1.864,1.546,0.23,0.023,-0.088,53.4,8,0.0000,2.42
18:47:16,22.2549676,84.9035307,1.866,1.542,0.23,0.055,-0.077,53.4,8,0.0016,2.42
18:47:16,22.2549676,84.9035307,1.869,1.538,0.23,0.052,-0.080,53.4,8,0.0016,2.42
18:47:16,22.2549676,84.9035307,1.871,1.534,0.23,0.029,-0.084,53.2,8,0.0016,2.42
18:47:17,22.2549676,84.9035307,1.873,1.529,0.23,0.053,-0.087,53.2,8,0.0017,2.42
18:47:17,22.2549676,84.9035307,1.875,1.525,0.23,0.030,-0.091,53.2,8,0.0000,2.42
18:47:17,22.2549676,84.9035307,1.878,1.521,0.23,0.067,-0.074,53.1,8,0.0018,2.42
18:47:17,22.2549676,84.9035307,1.881,1.517,0.23,0.050,-0.092,52.9,8,0.0017,2.42
18:47:17,22.2549676,84.9035307,1.883,1.512,0.23,0.025,-0.097,52.8,8,0.0017,2.42
18:47:17,22.2549676,84.9035307,1.886,1.508,0.23,0.055,-0.086,52.8,8,0.0016,2.41
18:47:17,22.2549676,84.9035307,1.888,1.503,0.23,0.029,-0.091,52.8,8,0.0000,2.41
18:47:17,22.2549676,84.9035307,1.890,1.499,0.23,0.042,-0.090,52.6,8,0.0020,2.41
18:47:17,22.2549676,84.9035307,1.892,1.494,0.23,0.036,-0.072,52.4,8,0.0014,2.41
18:47:17,22.2549676,84.9035307,1.893,1.491,0.23,0.009,-0.076,52.4,8,0.0014,2.41
18:47:17,22.2549676,84.9035307,1.895,1.487,0.23,0.050,-0.086,52.4,8,0.0015,2.41
18:47:17,22.2549676,84.9035307,1.897,1.482,0.23,0.023,-0.090,52.3,8,0.0000,2.41
18:47:17,22.2549676,84.9035307,1.899,1.478,0.23,0.045,-0.086,52.2,8,0.0016,2.41
18:47:17,22.2549676,84.9035307,1.901,1.473,0.23,0.046,-0.084,52.2,8,0.0015,2.41
18:47:17,22.2549676,84.9035307,1.903,1.469,0.23,0.050,-0.081,52.2,8,0.0019,2.40
18:47:17,22.2549676,84.9035307,1.905,1.465,0.23,0.023,-0.085,52.0,8,0.0000,2.40
18:47:17,22.2549676,84.9035307,1.907,1.461,0.23,0.054,-0.078,52.0,8,0.0015,2.40
18:47:17,22.2549676,84.9035307,1.910,1.457,0.23,0.052,-0.080,52.0,8,0.0017,2.40
18:47:17,22.2549676,84.9035307,1.912,1.453,0.23,0.027,-0.084,52.0,8,0.0017,2.40
18:47:17,22.2549676,84.9035307,1.914,1.448,0.23,0.057,-0.091,51.9,8,0.0017,2.40
18:47:18,22.2549676,84.9035307,1.916,1.444,0.23,0.033,-0.095,51.9,8,0.0000,2.40
18:47:18,22.2549676,84.9035307,1.919,1.439,0.23,0.060,-0.085,51.9,8,0.0020,2.40
18:47:18,22.2549676,84.9035307,1.922,1.435,0.23,0.056,-0.093,51.9,8,0.0018,2.40
18:47:18,22.2549676,84.9035307,1.924,1.430,0.23,0.035,-0.096,51.9,8,0.0018,2.40
18:47:18,22.2549676,84.9035307,1.928,1.425,0.23,0.072,-0.093,51.7,8,0.0017,2.40
18:47:18,22.2549676,84.9035307,1.931,1.421,0.23,0.055,-0.096,51.7,8,0.0000,2.40
18:47:18,22.2549676,84.9035307,1.934,1.416,0.23,0.065,-0.090,51.7,8,0.0018,2.40
18:47:18,22.2549676,84.9035307,1.937,1.411,0.23,0.068,-0.095,51.5,8,0.0019,2.40
18:47:18,22.2549676,84.9035307,1.940,1.407,0.23,0.079,-0.080,51.4,8,0.0017,2.40
18:47:18,22.2549676,84.9035307,1.944,1.403,0.23,0.059,-0.082,51.4,8,0.0000,2.40
18:47:18,22.2549676,84.9035307,1.947,1.399,0.23,0.066,-0.081,51.4,8,0.0017,2.40
18:47:18,22.2549676,84.9035307,1.950,1.394,0.23,0.046,-0.082,51.2,8,0.0017,2.40
18:47:18,22.2549676,84.9035307,1.953,1.390,0.23,0.052,-0.076,51.3,8,0.0020,2.40
18:47:18,22.2549676,84.9035307,1.955,1.386,0.23,0.046,-0.087,51.3,8,0.0017,2.40
18:47:18,22.2549676,84.9035307,1.957,1.382,0.23,0.022,-0.087,51.3,8,0.0000,2.40
18:47:18,22.2549676,84.9035307,1.959,1.378,0.23,0.039,-0.087,51.6,8,0.0016,2.39
18:47:18,22.2549676,84.9035307,1.961,1.373,0.22,0.039,-0.087,51.6,8,0.0015,2.39
18:47:18,22.2549676,84.9035307,1.962,1.369,0.22,0.014,-0.086,52.0,8,0.0015,2.39
18:47:18,22.2549676,84.9035307,1.963,1.365,0.22,0.027,-0.084,52.5,8,0.0014,2.39
18:47:18,22.2549676,84.9035307,1.964,1.361,0.22,0.007,-0.081,52.5,8,0.0000,2.39
18:47:19,22.2549676,84.9035307,1.965,1.356,0.22,0.029,-0.086,52.5,8,0.0016,2.39
18:47:19,22.2549676,84.9035307,1.967,1.352,0.22,0.023,-0.092,53.2,8,0.0016,2.39
18:47:19,22.2549676,84.9035307,1.967,1.347,0.22,0.015,-0.100,53.2,8,0.0017,2.38
18:47:19,22.2549676,84.9035307,1.968,1.342,0.22,-0.000,-0.096,54.1,8,0.0000,2.38
18:47:19,22.2549676,84.9035307,1.968,1.337,0.22,0.013,-0.104,55.0,8,0.0017,2.38
18:47:19,22.2549676,84.9035307,1.969,1.332,0.22,0.010,-0.098,55.0,8,0.0017,2.38
18:47:19,22.2549676,84.9035307,1.970,1.327,0.22,0.017,-0.099,55.0,8,0.0016,2.37
18:47:19,22.2549676,84.9035307,1.971,1.322,0.22,0.027,-0.093,56.0,8,0.0019,2.37
18:47:19,22.2549676,84.9035307,1.972,1.318,0.22,0.031,-0.085,56.9,8,0.0000,2.37
18:47:19,22.2549676,84.9035307,1.974,1.313,0.22,0.033,-0.109,56.9,8,0.0016,2.37
18:47:19,22.2549676,84.9035307,1.976,1.307,0.22,0.046,-0.100,56.9,8,0.0016,2.37
18:47:19,22.2549676,84.9035307,1.977,1.302,0.22,0.031,-0.097,57.7,8,0.0015,2.37
18:47:19,22.2549676,84.9035307,1.979,1.298,0.22,0.008,-0.069,58.7,8,0.0014,2.37
18:47:19,22.2549676,84.9035307,1.980,1.295,0.22,0.033,-0.058,58.7,8,0.0000,2.37
18:47:19,22.2549676,84.9035307,1.980,1.292,0.22,0.006,-0.052,59.6,8,0.0013,2.36
18:47:19,22.2549676,84.9035307,1.981,1.290,0.22,0.006,-0.034,59.6,8,0.0012,2.36
18:47:19,22.2549676,84.9035307,1.982,1.288,0.22,0.034,-0.021,60.6,8,0.0012,2.36
18:47:19,22.2549676,84.9035307,1.982,1.287,0.22,-0.009,-0.025,60.6,8,0.0010,2.36
18:47:19,22.2549676,84.9035307,1.982,1.286,0.22,0.019,-0.008,61.7,8,0.0000,2.36
18:47:19,22.2549676,84.9035307,1.982,1.285,0.22,0.004,-0.022,61.7,8,0.0010,2.36
18:47:20,22.2549676,84.9035307,1.983,1.284,0.22,0.005,-0.016,62.5,8,0.0011,2.36
18:47:20,22.2549676,84.9035307,1.983,1.284,0.21,0.025,0.010,62.5,8,0.0011,2.36
18:47:20,22.2549676,84.9035307,1.984,1.284,0.21,0.004,-0.014,63.2,8,0.0010,2.36
18:47:20,22.2549676,84.9035307,1.984,1.284,0.21,0.019,0.014,63.2,8,0.0000,2.36
18:47:20,22.2549676,84.9035307,1.985,1.283,0.21,0.003,-0.013,63.8,8,0.0010,2.36
18:47:20,22.2549676,84.9035307,1.985,1.283,0.21,0.002,0.003,63.8,8,0.0009,2.36
18:47:20,22.2549676,84.9035307,1.985,1.284,0.21,0.013,0.031,64.4,8,0.0009,2.36
18:47:20,22.2549676,84.9035307,1.986,1.284,0.21,0.002,0.006,64.4,8,0.0010,2.36
18:47:20,22.2549676,84.9035307,1.986,1.285,0.21,0.009,0.034,64.9,8,0.0000,2.37
18:47:20,22.2549676,84.9035307,1.987,1.286,0.20,0.017,0.006,64.9,8,0.0010,2.37
18:47:20,22.2549676,84.9035307,1.987,1.286,0.20,0.018,0.005,64.9,8,0.0012,2.37
18:47:20,22.2549676,84.9035307,1.988,1.287,0.20,0.003,0.005,65.4,8,0.0011,2.37
18:47:20,22.2549676,84.9035307,1.988,1.288,0.20,0.003,0.032,65.7,8,0.0000,2.37
18:47:20,22.2549676,84.9035307,1.988,1.288,0.19,-0.000,0.006,65.7,8,0.0012,2.37
18:47:20,22.2549676,84.9035307,1.988,1.289,0.19,-0.001,0.005,65.8,8,0.0017,2.37
18:47:20,22.2549676,84.9035307,1.988,1.290,0.19,-0.004,0.029,65.8,8,0.0017,2.37
18:47:20,22.2549676,84.9035307,1.988,1.290,0.19,-0.001,0.005,65.7,8,0.0011,2.37
18:47:20,22.2549676,84.9035307,1.988,1.291,0.19,-0.005,0.029,65.7,8,0.0000,2.37
18:47:20,22.2549676,84.9035307,1.988,1.291,0.19,-0.001,0.005,65.6,8,0.0012,2.37
18:47:20,22.2549676,84.9035307,1.988,1.292,0.19,-0.001,0.005,65.6,8,0.0013,2.37
18:47:20,22.2549676,84.9035307,1.988,1.293,0.19,-0.005,0.028,65.4,8,0.0013,2.37
18:47:21,22.2549676,84.9035307,1.988,1.293,0.19,-0.001,0.005,65.4,8,0.0013,2.37
18:47:21,22.2549676,84.9035307,1.988,1.294,0.19,-0.005,0.029,65.3,8,0.0000,2.37
18:47:21,22.2549676,84.9035307,1.988,1.294,0.19,-0.001,0.005,65.3,8,0.0012,2.37
18:47:21,22.2549676,84.9035307,1.987,1.295,0.19,-0.020,0.028,65.3,8,0.0012,2.37
18:47:21,22.2549676,84.9035307,1.986,1.297,0.19,-0.041,0.050,64.9,8,0.0013,2.37
18:47:21,22.2549676,84.9035307,1.984,1.300,0.18,-0.040,0.073,64.5,8,0.0000,2.37
18:47:21,22.2549676,84.9035307,1.982,1.303,0.18,-0.049,0.061,64.5,8,0.0020,2.37
18:47:21,22.2549676,84.9035307,1.979,1.307,0.18,-0.043,0.082,64.5,8,0.0020,2.37
18:47:21,22.2549676,84.9035307,1.976,1.311,0.18,-0.058,0.072,64.3,8,0.0013,2.37
18:47:21,22.2549676,84.9035307,1.974,1.315,0.18,-0.047,0.091,64.1,8,0.0013,2.37
18:47:21,22.2549676,84.9035307,1.971,1.319,0.18,-0.054,0.079,64.1,8,0.0015,2.37
18:47:21,22.2549676,84.9035307,1.969,1.323,0.18,-0.039,0.095,64.1,8,0.0000,2.37
18:47:21,22.2549676,84.9035307,1.966,1.327,0.18,-0.052,0.065,63.9,8,0.0013,2.37
18:47:21,22.2549676,84.9035307,1.964,1.330,0.18,-0.050,0.063,63.8,8,0.0012,2.37
18:47:21,22.2549676,84.9035307,1.962,1.333,0.17,-0.018,0.036,63.8,8,0.0016,2.37
18:47:21,22.2549676,84.9035307,1.962,1.335,0.17,0.007,0.048,63.8,8,0.0000,2.37
18:47:21,22.2549676,84.9035307,1.960,1.337,0.17,-0.037,0.041,63.8,8,0.0015,2.37
18:47:21,22.2549676,84.9035307,1.959,1.339,0.17,-0.037,0.042,63.9,8,0.0012,2.37
18:47:22,22.2549676,84.9035307,1.957,1.342,0.17,-0.011,0.053,63.9,8,0.0012,2.37
18:47:22,22.2549676,84.9035307,1.956,1.344,0.17,-0.032,0.038,63.9,8,0.0015,2.37
18:47:22,22.2549676,84.9035307,1.955,1.346,0.17,-0.006,0.049,64.2,8,0.0000,2.37
18:47:22,22.2549676,84.9035307,1.954,1.348,0.17,-0.029,0.038,64.5,8,0.0015,2.37
18:47:22,22.2549676,84.9035307,1.952,1.350,0.17,-0.031,0.034,64.5,8,0.0010,2.37
18:47:22,22.2549676,84.9035307,1.952,1.352,0.17,-0.006,0.046,64.9,8,0.0010,2.37
18:47:22,22.2549676,84.9035307,1.950,1.354,0.17,-0.031,0.038,64.9,8,0.0013,2.37
18:47:22,22.2549676,84.9035307,1.949,1.356,0.17,-0.009,0.051,65.3,8,0.0000,2.37
18:47:22,22.2549676,84.9035307,1.948,1.358,0.16,-0.029,0.030,65.7,8,0.0015,2.37
18:47:22,22.2549676,84.9035307,1.947,1.360,0.16,-0.027,0.028,65.7,8,0.0014,2.37
18:47:22,22.2549676,84.9035307,1.946,1.361,0.16,-0.021,0.029,65.7,8,0.0014,2.37
18:47:22,22.2549676,84.9035307,1.945,1.363,0.16,-0.003,0.046,66.0,8,0.0000,2.38
18:47:22,22.2549676,84.9035307,1.944,1.365,0.16,-0.021,0.033,66.0,8,0.0014,2.38
18:47:22,22.2549676,84.9035307,1.943,1.367,0.16,-0.020,0.033,66.4,8,0.0017,2.38
18:47:22,22.2549676,84.9035307,1.942,1.369,0.16,-0.006,0.051,66.4,8,0.0017,2.38
18:47:22,22.2549676,84.9035307,1.942,1.371,0.16,-0.020,0.032,66.6,8,0.0015,2.38
18:47:22,22.2549676,84.9035307,1.941,1.373,0.16,-0.006,0.050,66.6,8,0.0000,2.38
18:47:22,22.2549676,84.9035307,1.940,1.374,0.16,-0.024,0.031,66.8,8,0.0012,2.38
18:47:22,22.2549676,84.9035307,1.939,1.376,0.16,-0.022,0.029,66.8,8,0.0013,2.38
18:47:22,22.2549676,84.9035307,1.938,1.378,0.16,-0.009,0.047,67.0,8,0.0013,2.38
18:47:23,22.2549676,84.9035307,1.937,1.379,0.16,-0.024,0.028,67.0,8,0.0013,2.38
18:47:23,22.2549676,84.9035307,1.936,1.381,0.15,-0.011,0.045,67.2,8,0.0000,2.38
18:47:23,22.2549676,84.9035307,1.935,1.383,0.15,-0.024,0.028,67.4,8,0.0012,2.38
18:47:23,22.2549676,84.9035307,1.934,1.384,0.15,-0.026,0.031,67.4,8,0.0014,2.38
18:47:23,22.2549676,84.9035307,1.933,1.386,0.15,-0.011,0.047,67.4,8,0.0014,2.38
18:47:23,22.2549676,84.9035307,1.931,1.388,0.15,-0.034,0.038,67.5,8,0.0015,2.38
18:47:23,22.2549676,84.9035307,1.930,1.391,0.15,-0.017,0.053,67.5,8,0.0000,2.38
18:47:23,22.2549676,84.9035307,1.929,1.393,0.15,-0.029,0.036,67.5,8,0.0012,2.38
18:47:23,22.2549676,84.9035307,1.927,1.394,0.15,-0.028,0.032,67.5,8,0.0011,2.38
18:47:23,22.2549676,84.9035307,1.926,1.396,0.14,-0.010,0.047,67.5,8,0.0011,2.38
18:47:23,22.2549676,84.9035307,1.925,1.398,0.14,-0.026,0.029,67.5,8,0.0012,2.38
18:47:23,22.2549676,84.9035307,1.924,1.400,0.14,-0.007,0.043,67.5,8,0.0000,2.38
18:47:23,22.2549676,84.9035307,1.923,1.402,0.14,-0.021,0.032,67.4,8,0.0011,2.38
18:47:23,22.2549676,84.9035307,1.922,1.403,0.14,-0.022,0.030,67.4,8,0.0012,2.38
18:47:23,22.2549676,84.9035307,1.922,1.405,0.14,-0.020,0.030,67.4,8,0.0011,2.38
18:47:23,22.2549676,84.9035307,1.921,1.407,0.14,0.001,0.043,67.2,8,0.0000,2.38
18:47:23,22.2549676,84.9035307,1.920,1.408,0.14,-0.022,0.029,67.1,8,0.0011,2.38
18:47:23,22.2549676,84.9035307,1.919,1.410,0.14,-0.027,0.032,67.1,8,0.0012,2.38
18:47:23,22.2549676,84.9035307,1.918,1.412,0.14,-0.004,0.044,67.1,8,0.0012,2.38
18:47:24,22.2549676,84.9035307,1.917,1.414,0.14,-0.026,0.042,66.9,8,0.0012,2.38
18:47:24,22.2549676,84.9035307,1.917,1.416,0.14,-0.003,0.052,66.9,8,0.0000,2.38
18:47:24,22.2549676,84.9035307,1.915,1.418,0.14,-0.027,0.036,66.6,8,0.0018,2.38
18:47:24,22.2549676,84.9035307,1.914,1.420,0.14,-0.033,0.040,66.6,8,0.0012,2.38
18:47:24,22.2549676,84.9035307,1.913,1.422,0.14,-0.008,0.048,66.4,8,0.0012,2.38
18:47:24,22.2549676,84.9035307,1.912,1.425,0.14,-0.034,0.041,66.1,8,0.0017,2.38
18:47:24,22.2549676,84.9035307,1.911,1.427,0.14,-0.005,0.046,66.1,8,0.0000,2.38
18:47:24,22.2549676,84.9035307,1.909,1.429,0.16,-0.042,0.049,66.1,8,0.0016,2.38
18:47:24,22.2549676,84.9035307,1.907,1.432,0.16,-0.044,0.042,65.8,8,0.0013,2.38
18:47:24,22.2549676,84.9035307,1.905,1.434,0.16,-0.012,0.046,65.5,8,0.0013,2.38
18:47:24,22.2549676,84.9035307,1.903,1.436,0.16,-0.047,0.041,65.5,8,0.0014,2.38
18:47:24,22.2549676,84.9035307,1.902,1.438,0.16,-0.012,0.045,65.5,8,0.0000,2.38
18:47:24,22.2549676,84.9035307,1.899,1.440,0.16,-0.052,0.042,65.3,8,0.0013,2.38
18:47:24,22.2549676,84.9035307,1.897,1.442,0.16,-0.053,0.043,65.2,8,0.0016,2.38
18:47:24,22.2549676,84.9035307,1.895,1.445,0.16,-0.050,0.045,65.2,8,0.0014,2.38
18:47:24,22.2549676,84.9035307,1.894,1.447,0.20,-0.010,0.047,65.2,8,0.0000,2.38
18:47:24,22.2549676,84.9035307,1.891,1.449,0.20,-0.060,0.047,65.1,8,0.0014,2.38
18:47:24,22.2549676,84.9035307,1.889,1.452,0.20,-0.019,0.048,65.1,8,0.0014,2.38
18:47:24,22.2549676,84.9035307,1.891,1.456,0.20,0.065,0.113,65.1,8,0.0084,2.39
18:47:24,22.2549676,84.9035307,1.894,1.462,0.20,0.051,0.103,65.0,8,0.0099,2.39
18:47:24,22.2549676,84.9035307,1.898,1.467,0.20,0.095,0.100,65.0,8,0.0000,2.40
18:47:25,22.2549676,84.9035307,1.902,1.473,0.20,0.083,0.128,65.0,8,0.0083,2.41
18:47:25,22.2549676,84.9035307,1.907,1.479,0.20,0.081,0.132,65.0,8,0.0095,2.41
18:47:25,22.2549676,84.9035307,1.912,1.486,0.20,0.126,0.126,65.0,8,0.0095,2.42
18:47:25,22.2549676,84.9035307,1.915,1.488,0.26,0.049,-0.016,64.9,8,0.0169,2.43
18:47:25,22.2549676,84.9035307,1.919,1.487,0.26,0.097,-0.025,65.2,8,0.0000,2.43
18:47:25,22.2549676,84.9035307,1.915,1.492,0.26,-0.128,0.175,65.2,8,0.0102,2.43
18:47:25,22.2549676,84.9035307,1.910,1.501,0.26,-0.091,0.176,65.9,8,10.0005,2.43
18:47:25,22.2549676,84.9035307,1.909,1.504,0.29,0.026,-0.003,65.9,8,0.0062,2.43
18:47:25,22.2549676,84.9035307,1.911,1.504,0.29,0.065,0.007,66.3,8,0.0000,2.43
18:47:25,22.2549676,84.9035307,1.916,1.504,0.29,0.109,0.014,66.3,8,0.0000,2.44
18:47:25,22.2549676,84.9035307,1.922,1.505,0.29,0.153,0.020,66.5,8,10.0005,2.44
18:47:25,22.2549676,84.9035307,1.931,1.506,0.29,0.192,0.025,66.5,8,10.0005,2.45
18:47:25,22.2549676,84.9035307,1.942,1.508,0.29,0.230,0.029,66.4,8,10.0005,2.46
18:47:25,22.2549676,84.9035307,1.954,1.509,0.29,0.263,0.032,66.4,8,0.0000,2.47
18:47:25,22.2549676,84.9035307,1.968,1.511,0.29,0.295,0.036,66.1,8,0.0000,2.48
18:47:25,22.2549676,84.9035307,1.984,1.513,0.29,0.333,0.042,66.1,8,0.0000,2.49
18:47:25,22.2549676,84.9035307,2.002,1.515,0.29,0.370,0.047,65.8,8,10.0005,2.51
18:47:25,22.2549676,84.9035307,2.021,1.518,0.29,0.407,0.052,65.8,8,10.0005,2.53
18:47:25,22.2549676,84.9035307,2.042,1.520,0.29,0.443,0.057,65.5,8,10.0005,2.55
18:47:25,22.2549676,84.9035307,2.066,1.523,0.29,0.480,0.062,65.5,8,10.0005,2.57
18:47:26,22.2549676,84.9035307,2.091,1.527,0.29,0.516,0.068,65.5,8,10.0005,2.59
18:47:26,22.2549676,84.9035307,2.118,1.530,0.29,0.552,0.073,65.1,8,0.0000,2.61
18:47:26,22.2549676,84.9035307,2.146,1.534,0.29,0.590,0.076,64.6,8,0.0000,2.64
18:47:26,22.2549676,84.9035307,2.177,1.538,0.29,0.626,0.081,64.6,8,0.0000,2.67
18:47:26,22.2549676,84.9035307,2.209,1.542,0.29,0.661,0.086,64.4,8,0.0000,2.69
18:47:26,22.2549676,84.9035307,2.244,1.547,0.29,0.697,0.091,64.4,8,0.0000,2.73
18:47:26,22.2549676,84.9035307,2.280,1.551,0.29,0.733,0.096,64.2,8,10.0005,2.76
18:47:26,22.2549676,84.9035307,2.317,1.556,0.29,0.769,0.101,64.2,8,0.0000,2.79
18:47:26,22.2549676,84.9035307,2.357,1.561,0.29,0.805,0.105,64.2,8,0.0000,2.83
18:47:26,22.2549676,84.9035307,2.399,1.567,0.29,0.841,0.110,64.1,8,0.0000,2.86
18:47:26,22.2549676,84.9035307,2.442,1.573,0.29,0.877,0.115,63.9,8,0.0000,2.90
18:47:26,22.2549676,84.9035307,2.487,1.578,0.29,0.914,0.120,63.9,8,10.0005,2.95
18:47:26,22.2549676,84.9035307,2.534,1.585,0.29,0.950,0.125,63.9,8,0.0000,2.99
18:47:26,22.2549676,84.9035307,2.583,1.591,0.29,0.986,0.129,63.8,8,0.0000,3.03
18:47:26,22.2549676,84.9035307,2.633,1.598,0.29,1.023,0.134,63.7,8,0.0000,3.08
18:47:26,22.2549676,84.9035307,2.686,1.604,0.29,1.060,0.139,63.7,8,0.0000,3.13
18:47:26,22.2549676,84.9035307,2.740,1.612,0.29,1.098,0.143,63.7,8,0.0000,3.18
18:47:26,22.2549676,84.9035307,2.796,1.619,0.29,1.135,0.148,63.5,8,0.0000,3.23
18:47:27,22.2549676,84.9035307,2.854,1.626,0.29,1.173,0.153,63.4,8,0.0000,3.29
18:47:27,22.2549676,84.9035307,2.914,1.634,0.29,1.212,0.157,63.4,8,0.0000,3.34
18:47:27,22.2549676,84.9035307,2.976,1.642,0.29,1.251,0.161,63.4,8,10.0005,3.40
18:47:27,22.2549676,84.9035307,3.040,1.651,0.29,1.291,0.166,63.3,8,0.0000,3.46
18:47:27,22.2549676,84.9035307,3.174,1.668,0.29,1.369,0.175,63.1,8,0.0000,3.59
18:47:27,22.2549676,84.9035307,3.244,1.677,0.29,1.408,0.179,63.0,8,0.0000,3.65
18:47:27,22.2549676,84.9035307,3.316,1.686,0.29,1.447,0.184,63.0,8,0.0000,3.72
18:47:27,22.2549676,84.9035307,3.390,1.695,0.29,1.486,0.188,62.9,8,0.0000,3.79
18:47:27,22.2549676,84.9035307,3.466,1.705,0.29,1.524,0.193,62.9,8,0.0000,3.86
18:47:27,22.2549676,84.9035307,3.543,1.714,0.29,1.562,0.197,62.7,8,10.0005,3.94
18:47:27,22.2549676,84.9035307,3.623,1.724,0.29,1.600,0.202,62.7,8,0.0000,4.01
18:47:27,22.2549676,84.9035307,3.704,1.735,0.29,1.638,0.207,62.7,8,0.0000,4.09
18:47:27,22.2549676,84.9035307,3.788,1.745,0.29,1.676,0.211,62.6,8,0.0000,4.17
18:47:27,22.2549676,84.9035307,1.975,1.517,0.29,0.009,0.001,62.5,8,0.0016,2.49
18:47:27,22.2549676,84.9035307,1.977,1.517,0.29,0.046,0.006,62.5,8,10.0005,2.49
18:47:27,22.2549676,84.9035307,1.980,1.517,0.29,0.084,0.011,62.3,8,10.0005,2.49
18:47:27,22.2549676,84.9035307,1.985,1.518,0.29,0.121,0.016,62.3,8,10.0005,2.50
18:47:27,22.2549676,84.9035307,1.992,1.519,0.29,0.158,0.020,62.2,8,0.0000,2.50
18:47:27,22.2549676,84.9035307,2.001,1.520,0.29,0.195,0.025,62.2,8,10.0005,2.51
18:47:27,22.2549676,84.9035307,2.012,1.521,0.29,0.232,0.030,62.1,8,10.0005,2.52
18:47:27,22.2549676,84.9035307,2.024,1.523,0.29,0.270,0.035,62.1,8,10.0005,2.53
18:47:28,22.2549676,84.9035307,2.039,1.525,0.29,0.308,0.040,61.9,8,0.0000,2.55
18:47:28,22.2549676,84.9035307,2.055,1.527,0.29,0.347,0.044,61.9,8,0.0000,2.56
18:47:28,22.2549676,84.9035307,2.074,1.529,0.29,0.387,0.049,61.9,8,0.0000,2.58
18:47:28,22.2549676,84.9035307,2.094,1.532,0.29,0.427,0.053,61.9,8,10.0005,2.59
18:47:28,22.2549676,84.9035307,2.117,1.535,0.29,0.467,0.058,61.9,8,10.0005,2.61
18:47:28,22.2549676,84.9035307,2.141,1.538,0.29,0.507,0.062,61.9,8,10.0005,2.64
18:47:28,22.2549676,84.9035307,2.168,1.541,0.29,0.547,0.067,61.9,8,10.0005,2.66
18:47:28,22.2549676,84.9035307,2.196,1.544,0.29,0.586,0.071,61.9,8,10.0005,2.68
18:47:28,22.2549676,84.9035307,2.227,1.548,0.29,0.626,0.076,61.8,8,0.0000,2.71
18:47:28,22.2549676,84.9035307,2.260,1.552,0.29,0.666,0.080,61.8,8,0.0000,2.74
18:47:28,22.2549676,84.9035307,2.294,1.556,0.29,0.705,0.085,61.6,8,0.0000,2.77
18:47:28,22.2549676,84.9035307,2.331,1.561,0.29,0.745,0.089,61.6,8,0.0000,2.80
18:47:28,22.2549676,84.9035307,2.369,1.565,0.29,0.785,0.094,61.6,8,0.0000,2.84
18:47:28,22.2549676,84.9035307,2.410,1.570,0.29,0.825,0.099,61.5,8,10.0005,2.88
18:47:28,22.2549676,84.9035307,2.452,1.575,0.29,0.865,0.103,61.3,8,0.0000,2.91
18:47:28,22.2549676,84.9035307,2.497,1.580,0.29,0.904,0.108,61.2,8,0.0000,2.96
18:47:28,22.2549676,84.9035307,2.543,1.586,0.29,0.944,0.113,61.2,8,0.0000,3.00
18:47:28,22.2549676,84.9035307,2.592,1.592,0.29,0.983,0.117,61.2,8,0.0000,3.04
18:47:28,22.2549676,84.9035307,2.642,1.598,0.29,1.023,0.122,61.1,8,10.0005,3.09
18:47:28,22.2549676,84.9035307,2.695,1.604,0.29,1.062,0.127,61.1,8,0.0000,3.14
18:47:28,22.2549676,84.9035307,2.749,1.611,0.29,1.102,0.131,60.9,8,0.0000,3.19
18:47:29,22.2549676,84.9035307,2.806,1.617,0.29,1.141,0.136,60.9,8,0.0000,3.24
18:47:29,22.2549676,84.9035307,2.864,1.624,0.28,1.181,0.140,60.8,8,0.0000,3.29
18:47:29,22.2549676,84.9035307,2.925,1.631,0.28,1.221,0.145,60.6,8,0.0000,3.35
18:47:29,22.2549676,84.9035307,2.987,1.639,0.28,1.261,0.150,60.6,8,0.0000,3.41
18:47:29,22.2549676,84.9035307,3.052,1.646,0.28,1.301,0.155,60.6,8,0.0000,3.47
18:47:29,22.2549676,84.9035307,3.118,1.654,0.28,1.341,0.159,60.5,8,0.0000,3.53
18:47:29,22.2549676,84.9035307,3.187,1.663,0.28,1.380,0.164,60.4,8,10.0005,3.59
18:47:29,22.2549676,84.9035307,3.257,1.671,0.28,1.420,0.169,60.4,8,0.0000,3.66
18:47:29,22.2549676,84.9035307,3.330,1.679,0.28,1.460,0.173,60.4,8,0.0000,3.73
18:47:29,22.2549676,84.9035307,3.404,1.688,0.28,1.500,0.178,60.2,8,0.0000,3.80
18:47:29,22.2549676,84.9035307,3.481,1.697,0.28,1.540,0.183,60.1,8,0.0000,3.87
18:47:29,22.2549676,84.9035307,3.559,1.707,0.28,1.581,0.187,60.1,8,0.0000,3.95
18:47:29,22.2549676,84.9035307,3.640,1.716,0.28,1.621,0.192,60.1,8,0.0000,4.02
18:47:29,22.2549676,84.9035307,3.723,1.726,0.28,1.661,0.197,60.0,8,10.0005,4.10
18:47:29,22.2549676,84.9035307,3.807,1.736,0.28,1.701,0.201,59.8,8,0.0000,4.18
18:47:29,22.2549676,84.9035307,3.894,1.746,0.28,1.742,0.206,59.8,8,10.0005,4.27
18:47:29,22.2549676,84.9035307,1.998,1.522,0.28,0.009,0.001,59.8,8,0.0015,2.51
18:47:29,22.2549676,84.9035307,1.999,1.522,0.28,0.050,0.006,59.7,8,0.0000,2.51
18:47:29,22.2549676,84.9035307,1.990,1.521,0.28,0.009,0.001,59.7,8,0.0017,2.50
18:47:30,22.2549676,84.9035307,1.990,1.521,0.28,0.008,0.001,59.5,8,0.0014,2.50
18:47:30,22.2549676,84.9035307,1.992,1.521,0.28,0.049,0.006,59.5,8,0.0014,2.51
18:47:30,22.2549676,84.9035307,1.992,1.521,0.28,0.009,0.001,59.4,8,0.0013,2.51
18:47:30,22.2549676,84.9035307,1.994,1.522,0.28,0.049,0.006,59.3,8,0.0000,2.51
18:47:30,22.2549676,84.9035307,1.994,1.522,0.28,0.009,0.001,59.3,8,0.0013,2.51
18:47:30,22.2549676,84.9035307,1.995,1.522,0.28,0.008,0.001,59.3,8,0.0017,2.51
18:47:30,22.2549676,84.9035307,1.997,1.522,0.28,0.049,0.006,59.1,8,0.0017,2.51
18:47:30,22.2549676,84.9035307,1.997,1.522,0.28,0.009,0.001,59.0,8,0.0012,2.51
18:47:30,22.2549676,84.9035307,1.999,1.522,0.28,0.049,0.006,59.0,8,0.0000,2.51
18:47:30,22.2549676,84.9035307,1.999,1.522,0.28,0.009,0.001,59.0,8,0.0013,2.51
18:47:30,22.2549676,84.9035307,2.000,1.522,0.28,0.008,0.001,58.9,8,0.0013,2.51
18:47:30,22.2549676,84.9035307,2.001,1.522,0.28,0.008,0.001,58.8,8,0.0010,2.51
18:47:30,22.2549676,84.9035307,2.003,1.523,0.28,0.048,0.006,58.8,8,0.0000,2.52
18:47:30,22.2549676,84.9035307,2.003,1.523,0.28,0.009,0.001,58.8,8,0.0009,2.52
18:47:30,22.2549676,84.9035307,2.005,1.523,0.28,0.049,0.006,58.7,8,10.0005,2.52
18:47:30,22.2549676,84.9035307,2.008,1.523,0.28,0.088,0.011,58.7,8,10.0005,2.52
18:47:30,22.2549676,84.9035307,2.007,1.523,0.28,0.009,0.001,58.7,8,0.0027,2.52
18:47:30,22.2549676,84.9035307,2.008,1.523,0.28,0.047,0.006,58.7,8,0.0000,2.52
18:47:30,22.2549676,84.9035307,2.012,1.524,0.28,0.085,0.010,59.1,8,10.0005,2.52
18:47:31,22.2549676,84.9035307,2.017,1.524,0.28,0.123,0.014,59.1,8,10.0005,2.53
18:47:31,22.2549676,84.9035307,2.024,1.525,0.28,0.160,0.018,59.5,8,10.0005,2.53
18:47:31,22.2549676,84.9035307,2.033,1.526,0.28,0.196,0.021,59.5,8,10.0005,2.54
18:47:31,22.2549676,84.9035307,2.044,1.527,0.28,0.232,0.023,60.1,8,0.0000,2.55
18:47:31,22.2549676,84.9035307,2.056,1.528,0.28,0.265,0.023,61.0,8,0.0000,2.56
18:47:31,22.2549676,84.9035307,2.070,1.529,0.28,0.293,0.020,61.0,8,0.0000,2.57
18:47:31,22.2549676,84.9035307,2.086,1.530,0.28,0.321,0.017,61.9,8,10.0005,2.59
18:47:31,22.2549676,84.9035307,2.102,1.531,0.28,0.345,0.011,61.9,8,10.0005,2.60
18:47:31,22.2549676,84.9035307,2.120,1.532,0.28,0.369,0.005,62.7,8,10.0005,2.62
18:47:31,22.2549676,84.9035307,2.139,1.532,0.28,0.390,-0.003,62.7,8,10.0005,2.63
18:47:31,22.2549676,84.9035307,2.160,1.531,0.28,0.410,-0.012,63.5,8,10.0005,2.65
18:47:31,22.2549676,84.9035307,2.181,1.530,0.28,0.427,-0.022,63.5,8,0.0000,2.66
18:47:31,22.2549676,84.9035307,2.203,1.529,0.28,0.444,-0.031,64.1,8,0.0000,2.68
18:47:31,22.2549676,84.9035307,2.225,1.527,0.28,0.460,-0.042,64.1,8,0.0000,2.70
18:47:31,22.2549676,84.9035307,2.249,1.525,0.28,0.475,-0.053,64.7,8,0.0000,2.72
18:47:31,22.2549676,84.9035307,2.273,1.522,0.28,0.488,-0.064,64.7,8,10.0005,2.74
18:47:31,22.2549676,84.9035307,2.298,1.518,0.28,0.501,-0.075,65.2,8,0.0000,2.75
18:47:31,22.2549676,84.9035307,2.324,1.514,0.28,0.513,-0.085,65.2,8,0.0000,2.77
18:47:31,22.2549676,84.9035307,2.350,1.510,0.28,0.526,-0.096,65.8,8,0.0000,2.79
18:47:31,22.2549676,84.9035307,2.377,1.505,0.28,0.537,-0.108,65.8,8,0.0000,2.81
18:47:32,22.2549676,84.9035307,2.404,1.499,0.28,0.549,-0.119,65.8,8,10.0005,2.83
18:47:32,22.2549676,84.9035307,2.432,1.493,0.28,0.560,-0.130,66.3,8,0.0000,2.85
18:47:32,22.2549676,84.9035307,2.460,1.486,0.28,0.571,-0.142,66.7,8,0.0000,2.87
18:47:32,22.2549676,84.9035307,2.489,1.478,0.28,0.582,-0.155,66.7,8,0.0000,2.90
18:47:32,22.2549676,84.9035307,2.519,1.470,0.28,0.593,-0.167,67.1,8,0.0000,2.92
18:47:32,22.2549676,84.9035307,2.549,1.462,0.28,0.603,-0.179,67.1,8,0.0000,2.94
18:47:32,22.2549676,84.9035307,2.579,1.452,0.28,0.613,-0.191,67.4,8,0.0000,2.96
18:47:32,22.2549676,84.9035307,2.611,1.442,0.28,0.621,-0.203,67.4,8,0.0000,2.98
18:47:32,22.2549676,84.9035307,2.642,1.432,0.28,0.628,-0.215,67.4,8,0.0000,3.01
18:47:32,22.2549676,84.9035307,2.674,1.421,0.28,0.636,-0.226,67.8,8,10.0005,3.03
18:47:32,22.2549676,84.9035307,2.706,1.409,0.28,0.642,-0.238,68.0,8,0.0000,3.05
18:47:32,22.2549676,84.9035307,2.738,1.397,0.28,0.647,-0.248,68.0,8,0.0000,3.07
18:47:32,22.2549676,84.9035307,2.771,1.384,0.28,0.651,-0.259,68.2,8,0.0000,3.10
18:47:32,22.2549676,84.9035307,2.804,1.371,0.28,0.654,-0.268,68.2,8,0.0000,3.12
18:47:32,22.2549676,84.9035307,2.837,1.357,0.27,0.657,-0.277,68.3,8,0.0000,3.14
18:47:32,22.2549676,84.9035307,2.870,1.343,0.27,0.658,-0.285,68.3,8,0.0000,3.17
18:47:32,22.2549676,84.9035307,2.903,1.328,0.27,0.659,-0.293,68.4,8,0.0000,3.19
18:47:32,22.2549676,84.9035307,2.936,1.313,0.27,0.659,-0.300,68.4,8,10.0005,3.22
18:47:33,22.2549676,84.9035307,2.970,1.298,0.27,0.658,-0.308,68.4,8,0.0000,3.24
18:47:33,22.2549676,84.9035307,3.003,1.282,0.27,0.655,-0.315,68.4,8,10.0005,3.27
18:47:33,22.2549676,84.9035307,2.405,1.607,0.27,0.059,-0.002,68.4,8,0.0019,2.89
18:47:33,22.2549676,84.9035307,2.408,1.607,0.27,0.056,-0.009,68.5,8,0.0000,2.90
18:47:33,22.2549676,84.9035307,2.409,1.606,0.27,0.036,-0.018,68.6,8,0.0017,2.89
18:47:33,22.2549676,84.9035307,2.411,1.605,0.27,0.035,-0.004,68.7,8,0.0022,2.90
18:47:33,22.2549676,84.9035307,2.412,1.605,0.27,0.020,0.016,68.7,8,0.0020,2.90
18:47:33,22.2549676,84.9035307,2.413,1.606,0.27,0.013,0.009,68.7,8,0.0000,2.90
18:47:33,22.2549676,84.9035307,2.413,1.606,0.27,0.001,0.000,68.7,8,0.0015,2.90
18:47:33,22.2549676,84.9035307,2.413,1.606,0.26,-0.028,-0.001,68.7,8,0.0019,2.90
18:47:33,22.2549676,84.9035307,2.411,1.606,0.26,-0.035,-0.007,68.7,8,0.0019,2.90
18:47:33,22.2549676,84.9035307,2.411,1.606,0.26,-0.004,-0.001,68.7,8,0.0027,2.90
18:47:33,22.2549676,84.9035307,2.410,1.606,0.26,-0.011,-0.007,68.7,8,0.0000,2.90
18:47:33,22.2549676,84.9035307,2.410,1.605,0.26,-0.002,-0.001,68.7,8,0.0020,2.90
18:47:33,22.2549676,84.9035307,2.410,1.605,0.26,0.013,-0.001,68.7,8,0.0030,2.90
18:47:33,22.2549676,84.9035307,2.411,1.605,0.26,0.005,-0.006,68.7,8,0.0030,2.90
18:47:33,22.2549676,84.9035307,2.411,1.606,0.26,-0.000,0.025,68.6,8,0.0026,2.90
18:47:33,22.2549676,84.9035307,2.411,1.607,0.26,-0.009,0.021,68.6,8,0.0000,2.90
18:47:33,22.2549676,84.9035307,2.411,1.608,0.26,0.018,0.016,68.6,8,0.0030,2.90
18:47:33,22.2549676,84.9035307,2.412,1.609,0.26,0.002,0.002,68.6,8,0.0030,2.90
18:47:33,22.2549676,84.9035307,2.412,1.608,0.26,0.035,-0.013,68.5,8,0.0018,2.90
18:47:34,22.2549676,84.9035307,2.414,1.608,0.25,0.026,-0.015,68.5,8,0.0000,2.90
18:47:34,22.2549676,84.9035307,2.415,1.607,0.25,0.033,-0.002,68.5,8,0.0023,2.90
18:47:34,22.2549676,84.9035307,2.417,1.607,0.25,0.039,-0.016,68.4,8,0.0015,2.90
18:47:34,22.2549676,84.9035307,2.419,1.606,0.25,0.030,-0.018,68.4,8,0.0015,2.90
18:47:34,22.2549676,84.9035307,2.420,1.605,0.25,0.028,-0.019,68.4,8,0.0016,2.90
18:47:34,22.2549676,84.9035307,2.421,1.604,0.25,0.019,-0.022,68.4,8,0.0000,2.90
18:47:34,22.2549676,84.9035307,2.423,1.603,0.25,0.026,-0.019,68.3,8,0.0016,2.91
18:47:34,22.2549676,84.9035307,2.424,1.602,0.25,0.018,-0.022,68.2,8,0.0016,2.91
18:47:34,22.2549676,84.9035307,2.425,1.601,0.24,0.031,-0.019,68.2,8,0.0015,2.91
18:47:34,22.2549676,84.9035307,2.427,1.600,0.24,0.025,-0.021,68.2,8,0.0014,2.91
18:47:34,22.2549676,84.9035307,2.428,1.599,0.24,0.017,-0.023,68.1,8,0.0000,2.91
18:47:34,22.2549676,84.9035307,2.429,1.598,0.24,0.015,-0.017,67.9,8,0.0012,2.91
18:47:34,22.2549676,84.9035307,2.429,1.597,0.24,0.018,-0.017,67.9,8,0.0015,2.91
18:47:34,22.2549676,84.9035307,2.430,1.596,0.24,0.011,-0.020,67.7,8,0.0015,2.91
18:47:34,22.2549676,84.9035307,2.430,1.596,0.24,0.000,-0.002,67.7,8,0.0010,2.91
18:47:34,22.2549676,84.9035307,2.430,1.596,0.24,-0.006,-0.005,67.5,8,0.0000,2.91
18:47:34,22.2549676,84.9035307,2.430,1.596,0.24,-0.001,-0.001,67.5,8,0.0012,2.91
18:47:34,22.2549676,84.9035307,2.430,1.596,0.23,-0.001,-0.001,67.3,8,0.0012,2.91
18:47:34,22.2549676,84.9035307,2.430,1.596,0.23,-0.001,-0.001,67.3,8,0.0012,2.91
18:47:34,22.2549676,84.9035307,2.430,1.596,0.23,-0.007,-0.004,67.0,8,0.0000,2.91
18:47:35,22.2549676,84.9035307,2.429,1.595,0.23,-0.001,-0.001,67.0,8,0.0011,2.91
18:47:35,22.2549676,84.9035307,2.429,1.595,0.23,-0.007,-0.004,66.8,8,0.0011,2.91
18:47:35,22.2549676,84.9035307,2.429,1.595,0.23,-0.001,-0.001,66.6,8,0.0012,2.91
18:47:35,22.2549676,84.9035307,2.429,1.595,0.23,-0.001,-0.001,66.6,8,0.0011,2.91
18:47:35,22.2549676,84.9035307,2.429,1.595,0.23,-0.006,-0.003,66.6,8,0.0000,2.91
18:47:35,22.2549676,84.9035307,2.429,1.595,0.23,-0.001,-0.001,66.5,8,0.0013,2.91
18:47:35,22.2549676,84.9035307,2.429,1.595,0.23,-0.001,-0.001,66.3,8,0.0011,2.91
18:47:35,22.2549676,84.9035307,2.429,1.595,0.23,-0.005,-0.003,66.3,8,0.0011,2.91
18:47:35,22.2549676,84.9035307,2.428,1.595,0.23,-0.001,-0.001,66.3,8,0.0012,2.91
18:47:35,22.2549676,84.9035307,2.428,1.595,0.22,-0.005,-0.003,66.2,8,0.0000,2.91
18:47:35,22.2549676,84.9035307,2.429,1.595,0.22,0.014,-0.001,66.2,8,0.0012,2.91
18:47:35,22.2549676,84.9035307,2.430,1.595,0.22,0.016,-0.001,66.2,8,0.0010,2.91
18:47:35,22.2549676,84.9035307,2.430,1.595,0.22,0.013,-0.004,66.2,8,0.0010,2.91
18:47:35,22.2549676,84.9035307,2.431,1.595,0.21,0.024,-0.001,66.2,8,0.0012,2.91
18:47:35,22.2549676,84.9035307,2.432,1.594,0.21,0.020,-0.005,66.3,8,0.0000,2.91
18:47:35,22.2549676,84.9035307,2.433,1.594,0.21,0.019,-0.001,66.3,8,0.0011,2.91
18:47:35,22.2549676,84.9035307,2.435,1.595,0.21,0.036,0.032,66.3,8,0.0012,2.91
18:47:35,22.2549676,84.9035307,2.436,1.596,0.21,0.031,0.027,66.2,8,0.0012,2.91
18:47:35,22.2549676,84.9035307,2.439,1.597,0.21,0.056,0.002,65.4,8,0.0015,2.92
18:47:36,22.2549676,84.9035307,2.441,1.597,0.21,0.043,-0.005,65.4,8,0.0000,2.92
18:47:36,22.2549676,84.9035307,2.444,1.595,0.21,0.068,-0.035,65.4,8,0.0016,2.92
18:47:36,22.2549676,84.9035307,2.448,1.594,0.21,0.066,-0.026,64.4,8,0.0021,2.92
18:47:36,22.2549676,84.9035307,2.451,1.592,0.21,0.072,-0.024,63.2,8,0.0026,2.92
18:47:36,22.2549676,84.9035307,2.454,1.591,0.21,0.041,-0.035,63.2,8,0.0000,2.92
18:47:36,22.2549676,84.9035307,2.459,1.589,0.21,0.125,-0.045,63.2,8,0.0026,2.93
18:47:36,22.2549676,84.9035307,2.465,1.586,0.21,0.133,-0.046,61.4,8,0.0033,2.93
18:47:36,22.2549676,84.9035307,2.471,1.584,0.23,0.090,-0.061,59.3,8,0.0033,2.93
18:47:36,22.2549676,84.9035307,2.479,1.581,0.23,0.182,-0.057,59.3,8,0.0039,2.94
18:47:36,22.2549676,84.9035307,2.486,1.578,0.23,0.128,-0.078,59.3,8,0.0000,2.94
18:47:36,22.2549676,84.9035307,2.493,1.576,0.23,0.113,-0.010,57.3,8,0.0029,2.95
18:47:36,22.2549676,84.9035307,2.498,1.575,0.23,0.100,-0.049,57.3,8,0.0025,2.95
18:47:36,22.2549676,84.9035307,2.501,1.572,0.23,0.038,-0.078,55.4,8,0.0025,2.95
18:47:36,22.2549676,84.9035307,2.504,1.569,0.23,0.053,-0.037,54.0,8,0.0037,2.96
18:47:36,22.2549676,84.9035307,2.505,1.566,0.23,-0.012,-0.086,54.0,8,0.0000,2.95
18:47:36,22.2549676,84.9035307,2.508,1.566,0.24,0.051,0.001,54.0,8,0.0019,2.96
18:47:36,22.2549676,84.9035307,2.509,1.565,0.24,-0.002,-0.031,52.8,8,0.0040,2.96
18:47:36,22.2549676,84.9035307,2.507,1.562,0.24,-0.065,-0.090,52.0,8,0.0040,2.95
18:47:36,22.2549676,84.9035307,2.507,1.561,0.24,0.021,0.006,52.0,8,0.0019,2.95
18:47:36,22.2549676,84.9035307,2.507,1.559,0.24,-0.037,-0.064,52.0,8,0.0000,2.95
18:47:36,22.2549676,84.9035307,2.506,1.560,0.24,-0.028,0.011,51.9,8,0.0025,2.95
18:47:36,22.2549676,84.9035307,2.503,1.559,0.24,-0.062,-0.011,51.9,8,0.0024,2.95
18:47:37,22.2549676,84.9035307,2.499,1.557,0.24,-0.076,-0.046,51.9,8,0.0017,2.94
18:47:37,22.2549676,84.9035307,2.495,1.553,0.24,-0.113,-0.119,51.9,8,0.0000,2.94
18:47:37,22.2549676,84.9035307,2.490,1.549,0.25,-0.098,-0.069,51.5,8,0.0026,2.93
18:47:37,22.2549676,84.9035307,2.484,1.544,0.25,-0.120,-0.128,51.0,8,0.0026,2.93
18:47:37,22.2549676,84.9035307,2.480,1.540,0.25,-0.075,-0.069,51.0,8,0.0039,2.92
18:47:37,22.2549676,84.9035307,2.476,1.536,0.25,-0.095,-0.072,51.0,8,0.0046,2.91
18:47:37,22.2549676,84.9035307,2.471,1.532,0.26,-0.105,-0.109,51.4,8,0.0000,2.91
18:47:37,22.2549676,84.9035307,2.464,1.528,0.26,-0.148,-0.077,53.5,8,0.0056,2.90
18:47:37,22.2549676,84.9035307,2.456,1.523,0.26,-0.181,-0.107,53.5,8,0.0072,2.89
18:47:37,22.2549676,84.9035307,2.447,1.518,0.26,-0.172,-0.096,56.7,8,0.0072,2.88
18:47:37,22.2549676,84.9035307,2.439,1.514,0.26,-0.158,-0.067,56.7,8,0.0000,2.87
18:47:37,22.2549676,84.9035307,2.424,1.513,0.26,-0.269,-0.003,60.1,8,0.0034,2.86
18:47:37,22.2549676,84.9035307,2.411,1.514,0.26,-0.252,0.039,60.1,8,0.0034,2.85
18:47:37,22.2549676,84.9035307,2.397,1.513,0.26,-0.275,-0.026,60.1,8,0.0031,2.83
18:47:37,22.2549676,84.9035307,2.383,1.513,0.26,-0.259,0.016,62.9,8,0.0031,2.82
18:47:37,22.2549676,84.9035307,2.369,1.511,0.26,-0.281,-0.040,65.0,8,0.0036,2.81
18:47:37,22.2549676,84.9035307,2.355,1.511,0.26,-0.273,0.008,65.0,8,0.0000,2.80
18:47:37,22.2549676,84.9035307,2.341,1.509,0.26,-0.293,-0.030,65.0,8,0.0035,2.79
18:47:37,22.2549676,84.9035307,2.327,1.508,0.26,-0.226,-0.051,66.3,8,0.0044,2.77
18:47:38,22.2549676,84.9035307,2.315,1.505,0.23,-0.297,-0.102,66.3,8,0.0041,2.76
18:47:38,22.2549676,84.9035307,2.300,1.501,0.23,-0.298,-0.059,67.1,8,0.0000,2.75
18:47:38,22.2549676,84.9035307,2.285,1.496,0.23,-0.308,-0.102,67.1,8,0.0038,2.73
18:47:38,22.2549676,84.9035307,2.269,1.492,0.23,-0.331,-0.101,67.7,8,0.0038,2.72
18:47:38,22.2549676,84.9035307,2.252,1.487,0.23,-0.348,-0.072,68.0,8,0.0038,2.70
18:47:38,22.2549676,84.9035307,2.236,1.482,0.23,-0.295,-0.116,68.0,8,0.0041,2.68
18:47:38,22.2549676,84.9035307,2.221,1.477,0.23,-0.317,-0.092,68.0,8,0.0000,2.67
18:47:38,22.2549676,84.9035307,2.204,1.471,0.23,-0.353,-0.120,68.1,8,0.0042,2.65
18:47:38,22.2549676,84.9035307,2.186,1.465,0.21,-0.333,-0.132,67.9,8,0.0046,2.63
18:47:38,22.2549676,84.9035307,2.168,1.459,0.21,-0.353,-0.114,67.9,8,0.0046,2.61
18:47:38,22.2549676,84.9035307,2.150,1.453,0.21,-0.369,-0.098,67.9,8,0.0043,2.60
18:47:38,22.2549676,84.9035307,2.131,1.449,0.21,-0.390,-0.080,67.7,8,0.0000,2.58
18:47:38,22.2549676,84.9035307,2.113,1.443,0.19,-0.344,-0.122,67.4,8,0.0043,2.56
18:47:38,22.2549676,84.9035307,2.096,1.437,0.19,-0.335,-0.119,67.4,8,0.0053,2.54
18:47:38,22.2549676,84.9035307,2.078,1.431,0.19,-0.374,-0.136,67.4,8,0.0044,2.52
18:47:38,22.2549676,84.9035307,2.059,1.424,0.19,-0.385,-0.122,67.2,8,0.0000,2.50
18:47:38,22.2549676,84.9035307,2.040,1.418,0.19,-0.371,-0.137,66.9,8,0.0044,2.48
18:47:38,22.2549676,84.9035307,2.022,1.411,0.19,-0.366,-0.123,66.3,8,0.0044,2.47
18:47:38,22.2549676,84.9035307,2.004,1.404,0.19,-0.346,-0.141,66.3,8,0.0042,2.45
18:47:38,22.2549676,84.9035307,1.988,1.397,0.19,-0.279,-0.121,66.3,8,0.0033,2.43
18:47:38,22.2549676,84.9035307,1.974,1.392,0.19,-0.269,-0.108,65.4,8,0.0000,2.42
18:47:39,22.2549676,84.9035307,1.961,1.386,0.18,-0.229,-0.100,65.4,8,0.0032,2.40
18:47:39,22.2549676,84.9035307,1.950,1.382,0.18,-0.221,-0.091,65.4,8,0.0032,2.39
18:47:39,22.2549676,84.9035307,1.940,1.377,0.18,-0.180,-0.093,64.7,8,0.0026,2.38
18:47:39,22.2549676,84.9035307,1.932,1.373,0.18,-0.159,-0.073,64.0,8,0.0021,2.37
18:47:39,22.2549676,84.9035307,1.924,1.369,0.18,-0.161,-0.071,64.0,8,0.0000,2.36
18:47:39,22.2549676,84.9035307,1.917,1.365,0.18,-0.129,-0.071,64.0,8,0.0026,2.35
18:47:39,22.2549676,84.9035307,1.910,1.362,0.18,-0.106,-0.081,63.0,8,0.0019,2.35
18:47:39,22.2549676,84.9035307,1.905,1.357,0.18,-0.114,-0.081,61.6,8,0.0019,2.34
18:47:39,22.2549676,84.9035307,1.900,1.353,0.18,-0.100,-0.090,61.6,8,0.0020,2.33
18:47:39,22.2549676,84.9035307,1.894,1.348,0.18,-0.112,-0.092,61.6,8,0.0000,2.33
18:47:39,22.2549676,84.9035307,1.889,1.343,0.18,-0.100,-0.113,59.7,8,0.0023,2.32
18:47:39,22.2549676,84.9035307,1.884,1.337,0.18,-0.081,-0.105,57.3,8,0.0022,2.31
18:47:39,22.2549676,84.9035307,1.880,1.332,0.18,-0.094,-0.108,57.3,8,0.0022,2.30
18:47:39,22.2549676,84.9035307,1.875,1.327,0.18,-0.087,-0.107,57.3,8,0.0021,2.30
18:47:39,22.2549676,84.9035307,1.871,1.321,0.18,-0.100,-0.110,54.3,8,0.0000,2.29
18:47:39,22.2549676,84.9035307,1.867,1.316,0.18,-0.063,-0.113,50.6,8,0.0018,2.28
18:47:39,22.2549676,84.9035307,1.864,1.310,0.18,-0.043,-0.122,50.6,8,0.0016,2.28
18:47:39,22.2549676,84.9035307,1.862,1.304,0.18,-0.040,-0.112,50.6,8,0.0016,2.27
18:47:39,22.2549676,84.9035307,1.860,1.298,0.18,-0.046,-0.114,46.4,8,0.0000,2.27
18:47:40,22.2549676,84.9035307,1.859,1.292,0.18,-0.005,-0.116,41.8,8,0.0016,2.26
18:47:40,22.2549676,84.9035307,1.859,1.286,0.18,-0.000,-0.117,36.7,8,0.0016,2.26
18:47:40,22.2549676,84.9035307,1.858,1.280,0.18,0.001,-0.117,36.7,8,0.0015,2.26
18:47:40,22.2549676,84.9035307,1.859,1.274,0.18,0.002,-0.111,36.7,8,0.0013,2.25
18:47:40,22.2549676,84.9035307,1.859,1.269,0.18,0.012,-0.113,31.3,8,0.0000,2.25
18:47:40,22.2549676,84.9035307,1.861,1.264,0.18,0.051,-0.087,26.2,8,0.0016,2.25
18:47:40,22.2549676,84.9035307,1.863,1.260,0.18,0.048,-0.070,26.2,8,0.0015,2.25
18:47:40,22.2549676,84.9035307,1.866,1.256,0.18,0.064,-0.073,26.2,8,0.0015,2.25
18:47:40,22.2549676,84.9035307,1.870,1.253,0.18,0.090,-0.064,21.3,8,0.0016,2.25
18:47:40,22.2549676,84.9035307,1.875,1.250,0.18,0.106,-0.069,21.3,8,0.0000,2.25
18:47:40,22.2549676,84.9035307,1.881,1.247,0.18,0.136,-0.047,16.1,8,0.0018,2.26
18:47:40,22.2549676,84.9035307,1.889,1.245,0.18,0.143,-0.034,16.1,8,0.0020,2.26
18:47:40,22.2549676,84.9035307,1.896,1.243,0.18,0.138,-0.032,11.5,8,0.0020,2.27
18:47:40,22.2549676,84.9035307,1.903,1.241,0.18,0.147,-0.044,11.5,8,0.0000,2.27
18:47:40,22.2549676,84.9035307,1.910,1.240,0.18,0.122,-0.025,7.8,8,0.0017,2.28
18:47:40,22.2549676,84.9035307,1.916,1.238,0.18,0.129,-0.041,7.8,8,0.0017,2.28
18:47:40,22.2549676,84.9035307,1.922,1.237,0.18,0.102,-0.006,5.6,8,0.0017,2.29
18:47:40,22.2549676,84.9035307,1.926,1.237,0.18,0.081,0.029,5.6,8,0.0014,2.29
18:47:40,22.2549676,84.9035307,1.931,1.238,0.18,0.086,0.009,6.5,8,0.0000,2.29
18:47:40,22.2549676,84.9035307,1.933,1.241,0.18,0.036,0.063,6.5,8,0.0014,2.30
18:47:41,22.2549676,84.9035307,1.935,1.243,0.18,0.039,0.040,9.7,8,0.0014,2.30
18:47:41,22.2549676,84.9035307,1.937,1.246,0.18,0.036,0.064,9.7,8,0.0016,2.30
18:47:41,22.2549676,84.9035307,1.939,1.249,0.19,0.049,0.054,9.7,8,0.0017,2.31
18:47:41,22.2549676,84.9035307,1.942,1.251,0.19,0.050,0.031,13.4,8,0.0000,2.31
18:47:41,22.2549676,84.9035307,1.944,1.253,0.19,0.050,0.039,17.0,8,0.0012,2.31
18:47:41,22.2549676,84.9035307,1.947,1.256,0.19,0.070,0.054,20.8,8,0.0015,2.32
18:47:41,22.2549676,84.9035307,1.950,1.258,0.19,0.068,0.044,20.8,8,0.0015,2.32
18:47:41,22.2549676,84.9035307,1.954,1.261,0.20,0.078,0.063,20.8,8,0.0017,2.33
18:47:41,22.2549676,84.9035307,1.958,1.264,0.20,0.076,0.053,25.0,8,0.0000,2.33
18:47:41,22.2549676,84.9035307,1.962,1.267,0.20,0.074,0.070,25.0,8,0.0018,2.34
18:47:41,22.2549676,84.9035307,1.965,1.271,0.20,0.069,0.069,30.4,8,0.0016,2.34
18:47:41,22.2549676,84.9035307,1.969,1.274,0.20,0.074,0.077,30.4,8,0.0017,2.35
18:47:41,22.2549676,84.9035307,1.973,1.278,0.20,0.076,0.074,35.9,8,0.0000,2.35
18:47:41,22.2549676,84.9035307,1.978,1.281,0.20,0.107,0.048,40.0,8,0.0017,2.36
18:47:41,22.2549676,84.9035307,1.983,1.283,0.20,0.114,0.052,40.0,8,0.0017,2.36
18:47:41,22.2549676,84.9035307,1.990,1.286,0.20,0.137,0.038,40.0,8,0.0020,2.37
18:47:41,22.2549676,84.9035307,1.997,1.287,0.20,0.156,0.007,42.3,8,0.0027,2.38
18:47:41,22.2549676,84.9035307,2.005,1.287,0.20,0.166,0.012,43.7,8,0.0000,2.38
18:47:41,22.2549676,84.9035307,2.014,1.288,0.20,0.174,0.002,43.7,8,0.0018,2.39
18:47:41,22.2549676,84.9035307,2.022,1.288,0.20,0.173,0.001,43.7,8,0.0018,2.40
18:47:42,22.2549676,84.9035307,2.032,1.288,0.20,0.186,0.005,45.0,8,0.0018,2.41
18:47:42,22.2549676,84.9035307,2.041,1.288,0.20,0.186,0.001,46.2,8,0.0023,2.41
18:47:42,22.2549676,84.9035307,2.051,1.288,0.20,0.205,0.001,46.2,8,0.0000,2.42
18:47:42,22.2549676,84.9035307,2.060,1.288,0.20,0.192,0.000,46.2,8,0.0021,2.43
18:47:42,22.2549676,84.9035307,2.071,1.288,0.20,0.211,0.000,47.1,8,0.0019,2.44
18:47:42,22.2549676,84.9035307,2.082,1.288,0.20,0.232,-0.001,47.7,8,0.0019,2.45
18:47:42,22.2549676,84.9035307,2.093,1.288,0.20,0.217,-0.000,47.7,8,0.0020,2.46
18:47:42,22.2549676,84.9035307,2.104,1.288,0.20,0.240,-0.003,48.0,8,0.0000,2.47
18:47:42,22.2549676,84.9035307,2.115,1.288,0.20,0.224,-0.000,48.0,8,0.0021,2.48
18:47:42,22.2549676,84.9035307,2.127,1.288,0.20,0.239,-0.000,48.0,8,0.0024,2.49
18:47:42,22.2549676,84.9035307,2.140,1.288,0.20,0.263,-0.002,48.2,8,0.0024,2.50
18:47:42,22.2549676,84.9035307,2.153,1.287,0.20,0.253,-0.021,48.3,8,0.0025,2.51
18:47:42,22.2549676,84.9035307,2.166,1.286,0.20,0.276,-0.020,48.3,8,0.0000,2.52
18:47:42,22.2549676,84.9035307,2.179,1.285,0.20,0.245,-0.024,48.3,8,0.0030,2.53
18:47:42,22.2549676,84.9035307,2.191,1.284,0.20,0.256,-0.004,48.3,8,0.0023,2.54
18:47:42,22.2549676,84.9035307,2.205,1.284,0.20,0.278,-0.003,48.3,8,0.0023,2.55
18:47:42,22.2549676,84.9035307,2.218,1.283,0.20,0.254,-0.017,48.3,8,0.0023,2.56
18:47:42,22.2549676,84.9035307,2.231,1.282,0.20,0.275,-0.016,48.2,8,0.0000,2.57
18:47:42,22.2549676,84.9035307,2.244,1.281,0.20,0.261,-0.027,48.2,8,0.0030,2.58
18:47:42,22.2549676,84.9035307,2.257,1.280,0.20,0.249,-0.036,48.2,8,0.0025,2.59
18:47:42,22.2549676,84.9035307,2.271,1.278,0.20,0.267,-0.053,48.2,8,0.0026,2.61
18:47:43,22.2549676,84.9035307,2.284,1.275,0.20,0.284,-0.054,48.2,8,0.0000,2.62
18:47:43,22.2549676,84.9035307,2.298,1.272,0.20,0.256,-0.062,48.2,8,0.0026,2.63
18:47:43,22.2549676,84.9035307,2.311,1.269,0.20,0.254,-0.058,48.1,8,0.0026,2.64
18:47:43,22.2549676,84.9035307,2.324,1.266,0.20,0.267,-0.059,48.1,8,0.0026,2.65
18:47:43,22.2549676,84.9035307,2.336,1.262,0.20,0.237,-0.075,48.1,8,0.0028,2.66
18:47:43,22.2549676,84.9035307,2.348,1.259,0.20,0.248,-0.075,48.1,8,0.0000,2.66
18:47:43,22.2549676,84.9035307,2.361,1.255,0.20,0.269,-0.059,48.0,8,0.0027,2.67
18:47:43,22.2549676,84.9035307,2.375,1.252,0.20,0.249,-0.077,48.0,8,0.0027,2.68
18:47:43,22.2549676,84.9035307,2.388,1.248,0.20,0.260,-0.075,48.0,8,0.0027,2.69
18:47:43,22.2549676,84.9035307,2.400,1.244,0.20,0.244,-0.079,48.0,8,0.0026,2.70
18:47:43,22.2549676,84.9035307,2.413,1.241,0.20,0.256,-0.076,47.9,8,0.0000,2.71
18:47:43,22.2549676,84.9035307,2.425,1.237,0.20,0.249,-0.075,47.9,8,0.0028,2.72
18:47:43,22.2549676,84.9035307,2.438,1.233,0.21,0.252,-0.068,47.7,8,0.0027,2.73
18:47:43,22.2549676,84.9035307,2.451,1.230,0.21,0.250,-0.063,47.7,8,0.0027,2.74
18:47:43,22.2549676,84.9035307,2.464,1.227,0.21,0.265,-0.061,47.7,8,0.0000,2.75
18:47:43,22.2549676,84.9035307,2.477,1.223,0.21,0.255,-0.076,47.7,8,0.0031,2.76
18:47:43,22.2549676,84.9035307,2.490,1.219,0.21,0.269,-0.081,47.6,8,0.0029,2.77
18:47:43,22.2549676,84.9035307,2.504,1.215,0.21,0.287,-0.083,47.6,8,0.0029,2.78
18:47:44,22.2549676,84.9035307,2.508,1.212,0.21,-0.031,-0.047,47.6,8,0.0025,2.79
18:47:44,22.2549676,84.9035307,2.507,1.210,0.21,-0.013,-0.048,47.3,8,0.0000,2.78
18:47:44,22.2549676,84.9035307,2.507,1.208,0.21,0.018,-0.032,47.0,8,0.0043,2.78
18:47:44,22.2549676,84.9035307,2.508,1.206,0.21,0.027,-0.026,47.0,8,0.0025,2.78
18:47:44,22.2549676,84.9035307,2.510,1.205,0.21,0.038,-0.032,47.0,8,0.0025,2.78
18:47:44,22.2549676,84.9035307,2.511,1.203,0.21,0.022,-0.025,46.4,8,0.0014,2.78
18:47:44,22.2549676,84.9035307,2.512,1.202,0.20,0.029,-0.033,46.0,8,0.0000,2.79
18:47:44,22.2549676,84.9035307,2.513,1.201,0.20,0.003,-0.027,46.0,8,0.0012,2.78
18:47:44,22.2549676,84.9035307,2.513,1.199,0.20,0.014,-0.028,45.5,8,0.0014,2.78
18:47:44,22.2549676,84.9035307,2.514,1.198,0.20,0.016,-0.035,45.5,8,0.0014,2.78
18:47:44,22.2549676,84.9035307,2.514,1.196,0.20,0.002,-0.037,45.5,8,0.0014,2.78
18:47:44,22.2549676,84.9035307,2.514,1.194,0.20,0.003,-0.045,44.9,8,0.0000,2.78
18:47:44,22.2549676,84.9035307,2.515,1.192,0.20,0.014,-0.044,44.2,8,0.0014,2.78
18:47:44,22.2549676,84.9035307,2.516,1.189,0.20,0.017,-0.052,44.2,8,0.0015,2.78
18:47:44,22.2549676,84.9035307,2.516,1.186,0.20,0.002,-0.061,43.3,8,0.0019,2.78
18:47:44,22.2549676,84.9035307,2.516,1.183,0.20,-0.007,-0.066,43.3,8,0.0000,2.78
18:47:44,22.2549676,84.9035307,2.517,1.181,0.20,0.022,-0.048,42.5,8,0.0014,2.78
18:47:44,22.2549676,84.9035307,2.518,1.178,0.20,0.010,-0.053,42.5,8,0.0014,2.78
18:47:44,22.2549676,84.9035307,2.519,1.176,0.20,0.021,-0.047,41.8,8,0.0015,2.78
18:47:44,22.2549676,84.9035307,2.519,1.173,0.21,0.015,-0.036,41.8,8,0.0013,2.78
18:47:45,22.2549676,84.9035307,2.520,1.171,0.21,-0.000,-0.041,41.2,8,0.0000,2.78
18:47:45,22.2549676,84.9035307,2.520,1.171,0.21,-0.002,-0.005,41.2,8,0.0017,2.78
18:47:45,22.2549676,84.9035307,2.520,1.170,0.21,-0.003,-0.002,40.8,8,0.0014,2.78
18:47:45,22.2549676,84.9035307,2.519,1.170,0.21,-0.021,-0.011,40.8,8,0.0014,2.78
18:47:45,22.2549676,84.9035307,2.519,1.170,0.21,-0.004,-0.002,40.5,8,0.0014,2.78
18:47:45,22.2549676,84.9035307,2.518,1.170,0.21,-0.022,-0.012,40.5,8,0.0000,2.78
18:47:45,22.2549676,84.9035307,2.518,1.169,0.21,-0.004,-0.002,40.4,8,0.0011,2.78
18:47:45,22.2549676,84.9035307,2.517,1.169,0.21,-0.004,-0.002,40.4,8,0.0012,2.78
18:47:45,22.2549676,84.9035307,2.517,1.169,0.21,-0.022,-0.014,40.5,8,0.0012,2.77
18:47:45,22.2549676,84.9035307,2.516,1.170,0.21,-0.004,0.027,40.5,8,0.0014,2.77
18:47:45,22.2549676,84.9035307,2.516,1.171,0.21,-0.021,0.015,41.1,8,0.0000,2.77
18:47:45,22.2549676,84.9035307,2.515,1.173,0.21,-0.020,0.060,41.1,8,0.0015,2.78
18:47:45,22.2549676,84.9035307,2.513,1.177,0.21,-0.039,0.116,42.5,8,0.0024,2.78
18:47:45,22.2549676,84.9035307,2.511,1.182,0.21,-0.054,0.097,42.5,8,0.0024,2.78
18:47:45,22.2549676,84.9035307,2.509,1.189,0.21,-0.042,0.159,44.3,8,0.0027,2.78
18:47:45,22.2549676,84.9035307,2.506,1.197,0.20,-0.059,0.135,44.3,8,0.0000,2.78
18:47:45,22.2549676,84.9035307,2.505,1.205,0.20,-0.022,0.167,46.3,8,0.0021,2.78
18:47:45,22.2549676,84.9035307,2.503,1.213,0.20,-0.032,0.159,46.3,8,0.0028,2.78
18:47:45,22.2549676,84.9035307,2.501,1.221,0.20,-0.028,0.169,48.3,8,0.0022,2.78
18:47:45,22.2549676,84.9035307,2.500,1.229,0.20,-0.051,0.138,48.3,8,0.0000,2.79
18:47:46,22.2549676,84.9035307,2.499,1.237,0.21,-0.007,0.168,50.5,8,0.0021,2.79
18:47:46,22.2549676,84.9035307,2.498,1.245,0.21,-0.006,0.181,50.5,8,0.0024,2.79
18:47:46,22.2549676,84.9035307,2.497,1.253,0.21,-0.032,0.148,52.8,8,0.0024,2.79
18:47:46,22.2549676,84.9035307,2.498,1.263,0.21,0.031,0.194,52.8,8,0.0023,2.80
18:47:46,22.2549676,84.9035307,2.498,1.272,0.21,-0.001,0.159,54.5,8,0.0000,2.80
18:47:46,22.2549676,84.9035307,2.501,1.280,0.21,0.048,0.160,54.5,8,0.0035,2.81
18:47:46,22.2549676,84.9035307,2.503,1.289,0.21,0.091,0.223,55.3,8,0.0033,2.82
18:47:46,22.2549676,84.9035307,2.507,1.299,0.21,0.039,0.185,55.3,8,0.0033,2.82
18:47:46,22.2549676,84.9035307,2.511,1.311,0.23,0.107,0.256,56.0,8,0.0037,2.83
18:47:46,22.2549676,84.9035307,2.515,1.323,0.23,0.042,0.217,56.0,8,0.0000,2.84
18:47:46,22.2549676,84.9035307,2.519,1.337,0.23,0.077,0.284,57.0,8,0.0030,2.85
18:47:46,22.2549676,84.9035307,2.522,1.350,0.23,0.078,0.271,57.0,8,0.0036,2.86
18:47:46,22.2549676,84.9035307,2.525,1.364,0.24,0.068,0.277,58.5,8,0.0029,2.87
18:47:46,22.2549676,84.9035307,2.526,1.377,0.24,-0.019,0.243,58.5,8,0.0000,2.88
18:47:46,22.2549676,84.9035307,2.529,1.390,0.24,0.083,0.256,60.6,8,0.0026,2.89
18:47:46,22.2549676,84.9035307,2.531,1.402,0.24,-0.015,0.227,60.6,8,0.0026,2.89
18:47:46,22.2549676,84.9035307,2.531,1.414,0.24,-0.011,0.222,63.0,8,0.0031,2.90
18:47:46,22.2549676,84.9035307,2.530,1.424,0.24,-0.017,0.185,63.0,8,0.0029,2.90
18:47:46,22.2549676,84.9035307,2.527,1.433,0.24,-0.112,0.167,64.7,8,0.0000,2.90
18:47:47,22.2549676,84.9035307,2.525,1.440,0.24,-0.020,0.131,64.7,8,0.0023,2.91
18:47:47,22.2549676,84.9035307,2.523,1.446,0.24,-0.018,0.103,65.2,8,0.0021,2.91
18:47:47,22.2549676,84.9035307,2.520,1.452,0.24,-0.104,0.104,65.2,8,0.0021,2.91
18:47:47,22.2549676,84.9035307,2.518,1.456,0.24,-0.019,0.078,64.6,8,0.0022,2.91
18:47:47,22.2549676,84.9035307,2.515,1.460,0.24,-0.100,0.085,62.8,8,0.0000,2.91
18:47:47,22.2549676,84.9035307,2.514,1.464,0.24,-0.017,0.067,62.8,8,0.0020,2.91
18:47:47,22.2549676,84.9035307,2.512,1.466,0.23,-0.032,0.033,62.8,8,0.0014,2.91
18:47:47,22.2549676,84.9035307,2.508,1.468,0.23,-0.108,0.042,59.9,8,0.0014,2.91
18:47:47,22.2549676,84.9035307,2.506,1.469,0.23,-0.036,0.005,55.6,8,0.0020,2.90
18:47:47,22.2549676,84.9035307,2.503,1.470,0.23,-0.098,0.012,55.6,8,0.0000,2.90
18:47:47,22.2549676,84.9035307,2.501,1.468,0.23,-0.016,-0.039,55.6,8,0.0021,2.90
18:47:47,22.2549676,84.9035307,2.500,1.466,0.23,-0.013,-0.057,49.8,8,0.0018,2.90
18:47:47,22.2549676,84.9035307,2.498,1.463,0.23,-0.063,-0.054,43.2,8,0.0018,2.89
18:47:47,22.2549676,84.9035307,2.494,1.461,0.23,-0.099,-0.056,43.2,8,0.0000,2.89
18:47:47,22.2549676,84.9035307,2.499,1.458,0.21,0.055,-0.055,36.1,8,0.0023,2.89
18:47:47,22.2549676,84.9035307,2.502,1.455,0.21,0.070,-0.052,36.1,8,0.0016,2.89
18:47:47,22.2549676,84.9035307,2.505,1.452,0.21,0.049,-0.059,36.1,8,0.0016,2.90
18:47:47,22.2549676,84.9035307,2.509,1.450,0.21,0.092,-0.039,28.6,8,0.0018,2.90
18:47:47,22.2549676,84.9035307,2.514,1.448,0.21,0.086,-0.050,21.3,8,0.0000,2.90
18:47:47,22.2549676,84.9035307,2.519,1.447,0.21,0.110,-0.006,21.3,8,0.0015,2.90
18:47:48,22.2549676,84.9035307,2.524,1.446,0.21,0.116,-0.019,21.3,8,0.0015,2.91
18:47:48,22.2549676,84.9035307,2.530,1.446,0.21,0.124,-0.003,14.3,8,0.0017,2.91
18:47:48,22.2549676,84.9035307,2.537,1.446,0.19,0.108,0.021,8.5,8,0.0015,2.92
18:47:48,22.2549676,84.9035307,2.543,1.447,0.19,0.131,0.007,8.5,8,0.0000,2.93
18:47:48,22.2549676,84.9035307,2.548,1.448,0.19,0.086,0.026,3.8,8,0.0013,2.93
18:47:48,22.2549676,84.9035307,2.552,1.449,0.19,0.080,0.035,3.8,8,0.0015,2.93
18:47:48,22.2549676,84.9035307,2.557,1.451,0.19,0.104,0.023,0.0,8,0.0015,2.94
18:47:48,22.2549676,84.9035307,2.561,1.453,0.19,0.078,0.041,0.0,8,0.0014,2.94
18:47:48,22.2549676,84.9035307,2.565,1.454,0.19,0.100,0.030,-2.5,8,0.0000,2.95
18:47:48,22.2549676,84.9035307,2.569,1.456,0.19,0.059,0.040,-2.5,8,0.0013,2.95
18:47:48,22.2549676,84.9035307,2.571,1.458,0.19,0.031,0.039,-3.6,8,0.0014,2.96
18:47:48,22.2549676,84.9035307,2.573,1.460,0.19,0.045,0.031,-3.6,8,0.0014,2.96
18:47:48,22.2549676,84.9035307,2.574,1.462,0.19,0.006,0.038,-3.6,8,0.0013,2.96
18:47:48,22.2549676,84.9035307,2.575,1.464,0.19,0.019,0.030,-3.7,8,0.0000,2.96
18:47:48,22.2549676,84.9035307,2.574,1.465,0.19,-0.020,0.033,-2.5,8,0.0012,2.96
18:47:48,22.2549676,84.9035307,2.573,1.467,0.19,-0.057,0.030,-2.5,8,0.0013,2.96
18:47:48,22.2549676,84.9035307,2.570,1.468,0.19,-0.070,0.039,-0.6,8,0.0014,2.96
18:47:48,22.2549676,84.9035307,2.566,1.470,0.19,-0.068,0.039,-0.6,8,0.0000,2.96
18:47:48,22.2549676,84.9035307,2.562,1.473,0.19,-0.085,0.043,1.4,8,0.0015,2.96
18:47:48,22.2549676,84.9035307,2.558,1.475,0.19,-0.083,0.039,1.4,8,0.0016,2.95
18:47:49,22.2549676,84.9035307,2.554,1.477,0.19,-0.085,0.043,1.4,8,0.0016,2.95
18:47:49,22.2549676,84.9035307,2.550,1.478,0.19,-0.057,0.005,3.9,8,0.0028,2.95
18:47:49,22.2549676,84.9035307,2.547,1.478,0.19,-0.063,0.016,6.7,8,0.0000,2.95
18:47:49,22.2549676,84.9035307,2.544,1.476,0.19,-0.069,-0.067,6.7,8,0.0016,2.94
18:47:49,22.2549676,84.9035307,2.541,1.472,0.19,-0.039,-0.109,6.7,8,0.0017,2.94
18:47:49,22.2549676,84.9035307,2.539,1.467,0.19,-0.048,-0.085,8.8,8,0.0017,2.93
18:47:49,22.2549676,84.9035307,2.538,1.460,0.19,-0.006,-0.164,9.4,8,0.0022,2.93
18:47:49,22.2549676,84.9035307,2.537,1.453,0.17,-0.017,-0.110,9.4,8,0.0000,2.92
18:47:49,22.2549676,84.9035307,2.538,1.444,0.17,0.025,-0.198,9.0,8,0.0025,2.92
18:47:49,22.2549676,84.9035307,2.540,1.434,0.17,0.047,-0.188,9.0,8,0.0023,2.92
18:47:49,22.2549676,84.9035307,2.542,1.425,0.17,0.033,-0.218,8.3,8,0.0026,2.91
18:47:49,22.2549676,84.9035307,2.543,1.416,0.17,0.020,-0.150,8.3,8,0.0000,2.91
18:47:49,22.2549676,84.9035307,2.545,1.406,0.17,0.049,-0.214,8.3,8,0.0025,2.91
18:47:49,22.2549676,84.9035307,2.547,1.397,0.17,0.036,-0.146,7.4,8,0.0025,2.91
18:47:49,22.2549676,84.9035307,2.549,1.387,0.17,0.040,-0.203,6.4,8,0.0024,2.90
18:47:49,22.2549676,84.9035307,2.551,1.377,0.17,0.031,-0.216,6.4,8,0.0026,2.90
18:47:49,22.2549676,84.9035307,2.552,1.368,0.15,0.016,-0.157,6.4,8,0.0000,2.90
18:47:49,22.2549676,84.9035307,2.554,1.357,0.15,0.044,-0.220,5.5,8,0.0025,2.89
18:47:49,22.2549676,84.9035307,2.556,1.347,0.15,0.029,-0.171,4.8,8,0.0025,2.89
18:47:50,22.2549676,84.9035307,2.559,1.336,0.15,0.070,-0.219,4.8,8,0.0035,2.89
18:47:50,22.2549676,84.9035307,2.562,1.325,0.13,0.068,-0.260,4.8,8,0.0030,2.88
18:47:50,22.2549676,84.9035307,2.565,1.313,0.13,0.052,-0.221,4.2,8,0.0000,2.88
18:47:50,22.2549676,84.9035307,2.569,1.300,0.13,0.067,-0.259,3.8,8,0.0028,2.88
18:47:50,22.2549676,84.9035307,2.571,1.288,0.13,0.045,-0.234,3.8,8,0.0028,2.88
18:47:50,22.2549676,84.9035307,2.575,1.275,0.13,0.077,-0.261,3.8,8,0.0030,2.87
18:47:50,22.2549676,84.9035307,2.579,1.262,0.13,0.068,-0.283,3.6,8,0.0031,2.87
18:47:50,22.2549676,84.9035307,2.581,1.248,0.13,0.043,-0.262,3.5,8,0.0000,2.87
18:47:50,22.2549676,84.9035307,2.585,1.234,0.13,0.079,-0.288,3.5,8,0.0034,2.86
18:47:50,22.2549676,84.9035307,2.589,1.219,0.13,0.064,-0.320,3.5,8,0.0035,2.86
18:47:50,22.2549676,84.9035307,2.591,1.203,0.13,0.038,-0.301,3.5,8,0.0035,2.86
18:47:50,22.2549676,84.9035307,2.594,1.187,0.13,0.075,-0.316,3.4,8,0.0034,2.85
18:47:50,22.2549676,84.9035307,2.598,1.172,0.13,0.052,-0.297,3.4,8,0.0000,2.85
18:47:50,22.2549676,84.9035307,2.601,1.156,0.13,0.072,-0.327,3.3,8,0.0035,2.85
18:47:50,22.2549676,84.9035307,2.604,1.139,0.14,0.045,-0.321,3.3,8,0.0036,2.84
18:47:50,22.2549676,84.9035307,2.606,1.124,0.14,0.025,-0.299,2.9,8,0.0036,2.84
18:47:50,22.2549676,84.9035307,2.607,1.108,0.14,0.020,-0.296,2.9,8,0.0032,2.83
18:47:50,22.2549676,84.9035307,2.608,1.094,0.14,-0.004,-0.270,2.6,8,0.0000,2.83
18:47:50,22.2549676,84.9035307,2.607,1.079,0.14,-0.031,-0.303,2.6,8,0.0036,2.82
18:47:50,22.2549676,84.9035307,2.605,1.065,0.14,-0.010,-0.251,2.6,8,0.0059,2.81
18:47:51,22.2549676,84.9035307,2.604,1.053,0.14,-0.034,-0.256,2.6,8,0.0035,2.81
18:47:51,22.2549676,84.9035307,2.602,1.040,0.14,-0.063,-0.225,2.6,8,0.0000,2.80
18:47:51,22.2549676,84.9035307,2.600,1.028,0.15,-0.032,-0.244,2.7,8,0.0041,2.80
18:47:51,22.2549676,84.9035307,2.598,1.016,0.15,-0.041,-0.237,2.8,8,0.0031,2.79
18:47:51,22.2549676,84.9035307,2.595,1.005,0.15,-0.065,-0.205,2.8,8,0.0031,2.78
18:47:51,22.2549676,84.9035307,2.593,0.993,0.15,-0.041,-0.256,2.8,8,0.0043,2.78
18:47:51,22.2549676,84.9035307,2.590,0.981,0.16,-0.065,-0.224,2.8,8,0.0000,2.77
18:47:51,22.2549676,84.9035307,2.589,0.968,0.16,-0.008,-0.251,2.7,8,0.0034,2.76
18:47:51,22.2549676,84.9035307,2.588,0.956,0.16,-0.051,-0.251,2.6,8,0.0041,2.76
18:47:51,22.2549676,84.9035307,2.585,0.944,0.16,-0.073,-0.220,2.6,8,0.0041,2.75
18:47:51,22.2549676,84.9035307,2.583,0.932,0.16,-0.032,-0.235,2.6,8,0.0035,2.75
18:47:51,22.2549676,84.9035307,2.580,0.921,0.16,-0.053,-0.204,2.6,8,0.0000,2.74
18:47:51,22.2549676,84.9035307,2.578,0.910,0.16,-0.041,-0.225,2.6,8,0.0036,2.73
18:47:51,22.2549676,84.9035307,2.576,0.898,0.16,-0.027,-0.247,2.6,8,0.0032,2.73
18:47:51,22.2549676,84.9035307,2.575,0.886,0.17,-0.008,-0.246,2.6,8,0.0039,2.72
18:47:51,22.2549676,84.9035307,2.574,0.874,0.17,-0.029,-0.217,2.6,8,0.0000,2.72
18:47:51,22.2549676,84.9035307,2.573,0.862,0.17,-0.005,-0.262,2.6,8,0.0037,2.71
18:47:51,22.2549676,84.9035307,2.573,0.849,0.17,-0.004,-0.235,2.6,8,0.0032,2.71
18:47:51,22.2549676,84.9035307,2.572,0.838,0.17,-0.024,-0.212,2.6,8,0.0032,2.71
18:47:51,22.2549676,84.9035307,2.570,0.826,0.17,-0.052,-0.232,2.6,8,0.0033,2.70
18:47:52,22.2549676,84.9035307,2.567,0.815,0.17,-0.071,-0.210,2.6,8,0.0000,2.69
18:47:52,22.2549676,84.9035307,2.565,0.802,0.17,-0.032,-0.280,2.6,8,0.0032,2.69
18:47:52,22.2549676,84.9035307,2.563,0.788,0.17,-0.051,-0.258,2.7,8,0.0032,2.68
18:47:52,22.2549676,84.9035307,2.561,0.776,0.18,-0.053,-0.235,2.8,8,0.0032,2.68
18:47:52,22.2549676,84.9035307,2.558,0.764,0.18,-0.052,-0.262,3.0,8,0.0036,2.67
18:47:52,22.2549676,84.9035307,2.555,0.751,0.18,-0.065,-0.248,3.0,8,0.0000,2.66
18:47:52,22.2549676,84.9035307,2.551,0.739,0.18,-0.078,-0.234,3.0,8,0.0023,2.66
18:47:52,22.2549676,84.9035307,2.551,0.723,0.18,-0.023,-0.292,3.1,8,0.0042,2.65
18:47:52,22.2549676,84.9035307,2.549,0.709,0.18,-0.043,-0.267,3.1,8,0.0038,2.65
18:47:52,22.2549676,84.9035307,2.547,0.696,0.18,-0.054,-0.255,3.2,8,0.0000,2.64
18:47:52,22.2549676,84.9035307,2.546,0.682,0.18,-0.006,-0.273,3.2,8,0.0034,2.64
18:47:52,22.2549676,84.9035307,2.545,0.669,0.18,-0.018,-0.261,3.2,8,0.0034,2.63
18:47:52,22.2549676,84.9035307,2.545,0.654,0.18,-0.003,-0.311,3.2,8,0.0039,2.63
18:47:52,22.2549676,84.9035307,2.545,0.638,0.18,-0.017,-0.300,3.2,8,0.0039,2.62
18:47:52,22.2549676,84.9035307,2.544,0.623,0.18,-0.021,-0.287,3.2,8,0.0043,2.62
18:47:52,22.2549676,84.9035307,2.542,0.609,0.20,-0.038,-0.275,3.2,8,0.0000,2.61
18:47:52,22.2549676,84.9035307,2.543,0.594,0.20,0.023,-0.311,3.2,8,0.0036,2.61
18:47:52,22.2549676,84.9035307,2.543,0.579,0.20,-0.025,-0.274,3.1,8,0.0039,2.61
18:47:52,22.2549676,84.9035307,2.542,0.566,0.20,-0.008,-0.210,3.1,8,0.0035,2.60
18:47:52,22.2549676,84.9035307,2.541,0.556,0.20,-0.028,-0.198,2.9,8,0.0000,2.60
18:47:53,22.2549676,84.9035307,2.539,0.544,0.20,-0.031,-0.253,2.8,8,0.0032,2.60
18:47:53,22.2549676,84.9035307,2.538,0.531,0.20,-0.035,-0.264,2.8,8,0.0032,2.59
18:47:53,22.2549676,84.9035307,2.535,0.518,0.20,-0.056,-0.254,2.8,8,0.0032,2.59
18:47:53,22.2549676,84.9035307,2.533,0.505,0.20,-0.032,-0.252,2.6,8,0.0032,2.58
18:47:53,22.2549676,84.9035307,2.531,0.492,0.20,-0.051,-0.246,2.2,8,0.0000,2.58
18:47:53,22.2549676,84.9035307,2.529,0.482,0.20,-0.058,-0.178,2.2,8,0.0026,2.57
18:47:53,22.2549676,84.9035307,2.525,0.474,0.20,-0.070,-0.147,2.2,8,0.0021,2.57
18:47:53,22.2549676,84.9035307,2.522,0.466,0.20,-0.084,-0.150,1.7,8,0.0021,2.56
18:47:53,22.2549676,84.9035307,2.517,0.460,0.20,-0.082,-0.109,1.6,8,0.0020,2.56
18:47:53,22.2549676,84.9035307,2.513,0.454,0.20,-0.077,-0.134,1.6,8,0.0000,2.55
18:47:53,22.2549676,84.9035307,2.510,0.449,0.20,-0.064,-0.093,1.6,8,0.0027,2.55
18:47:53,22.2549676,84.9035307,2.506,0.444,0.20,-0.098,-0.099,1.8,8,0.0016,2.55
18:47:53,22.2549676,84.9035307,2.502,0.438,0.20,-0.083,-0.125,2.3,8,0.0022,2.54
18:47:53,22.2549676,84.9035307,2.498,0.431,0.20,-0.066,-0.159,2.3,8,0.0000,2.53
18:47:53,22.2549676,84.9035307,2.494,0.425,0.20,-0.088,-0.104,2.3,8,0.0016,2.53
18:47:53,22.2549676,84.9035307,2.489,0.420,0.20,-0.093,-0.087,2.9,8,0.0016,2.52
18:47:53,22.2549676,84.9035307,2.485,0.415,0.19,-0.074,-0.118,3.7,8,0.0016,2.52
18:47:53,22.2549676,84.9035307,2.481,0.410,0.19,-0.090,-0.085,3.7,8,0.0014,2.51
18:47:53,22.2549676,84.9035307,2.477,0.405,0.19,-0.072,-0.111,3.7,8,0.0000,2.51
18:47:53,22.2549676,84.9035307,2.472,0.401,0.19,-0.088,-0.069,4.4,8,0.0023,2.50
18:47:54,22.2549676,84.9035307,2.468,0.398,0.19,-0.084,-0.060,5.1,8,0.0023,2.50
18:47:54,22.2549676,84.9035307,2.464,0.394,0.19,-0.067,-0.074,5.1,8,0.0023,2.50
18:47:54,22.2549676,84.9035307,2.460,0.392,0.19,-0.082,-0.042,5.1,8,0.0016,2.49
18:47:54,22.2549676,84.9035307,2.456,0.389,0.19,-0.065,-0.056,5.8,8,0.0000,2.49
18:47:54,22.2549676,84.9035307,2.452,0.388,0.19,-0.079,-0.023,6.4,8,0.0016,2.48
18:47:54,22.2549676,84.9035307,2.449,0.387,0.19,-0.069,-0.005,6.4,8,0.0018,2.48
18:47:54,22.2549676,84.9035307,2.446,0.387,0.19,-0.058,-0.002,6.4,8,0.0014,2.48
18:47:54,22.2549676,84.9035307,2.443,0.386,0.19,-0.042,-0.007,7.0,8,0.0000,2.47
18:47:54,22.2549676,84.9035307,2.441,0.386,0.19,-0.044,-0.001,7.7,8,0.0016,2.47
18:47:54,22.2549676,84.9035307,2.439,0.386,0.18,-0.031,-0.004,7.7,8,0.0016,2.47
18:47:54,22.2549676,84.9035307,2.437,0.387,0.18,-0.029,0.021,7.7,8,0.0014,2.47
18:47:54,22.2549676,84.9035307,2.436,0.388,0.18,-0.015,0.018,8.4,8,0.0014,2.47
18:47:54,22.2549676,84.9035307,2.435,0.390,0.18,-0.020,0.036,9.1,8,0.0013,2.47
18:47:54,22.2549676,84.9035307,2.434,0.391,0.17,-0.012,0.022,9.1,8,0.0000,2.47
18:47:54,22.2549676,84.9035307,2.434,0.393,0.17,-0.000,0.041,9.1,8,0.0015,2.47
18:47:54,22.2549676,84.9035307,2.434,0.395,0.17,0.001,0.053,9.9,8,0.0014,2.47
18:47:54,22.2549676,84.9035307,2.434,0.397,0.17,0.019,0.052,10.6,8,0.0012,2.47
18:47:54,22.2549676,84.9035307,2.435,0.399,0.17,0.017,0.021,10.6,8,0.0000,2.47
18:47:54,22.2549676,84.9035307,2.437,0.401,0.17,0.045,0.043,10.6,8,0.0016,2.47
18:47:54,22.2549676,84.9035307,2.439,0.403,0.17,0.042,0.012,11.4,8,0.0016,2.47
18:47:55,22.2549676,84.9035307,2.442,0.404,0.17,0.049,0.030,12.1,8,0.0017,2.48
18:47:55,22.2549676,84.9035307,2.444,0.405,0.13,0.052,0.014,12.1,8,0.0017,2.48
18:47:55,22.2549676,84.9035307,2.446,0.405,0.13,0.028,-0.026,12.1,8,0.0000,2.48
18:47:55,22.2549676,84.9035307,2.448,0.405,0.13,0.041,-0.007,12.8,8,0.0018,2.48
18:47:55,22.2549676,84.9035307,2.450,0.404,0.13,0.030,-0.008,13.5,8,0.0020,2.48
18:47:55,22.2549676,84.9035307,2.450,0.402,0.07,-0.007,-0.045,13.5,8,0.0020,2.48
18:47:55,22.2549676,84.9035307,2.451,0.402,0.07,0.012,-0.008,13.5,8,0.0021,2.48
18:47:55,22.2549676,84.9035307,2.451,0.400,0.07,-0.025,-0.046,14.0,8,0.0000,2.48
18:47:55,22.2549676,84.9035307,2.450,0.400,0.07,-0.006,-0.008,14.4,8,0.0022,2.48
18:47:55,22.2549676,84.9035307,2.450,0.399,0.07,-0.007,-0.007,14.4,8,0.0022,2.48
18:47:55,22.2549676,84.9035307,2.449,0.398,0.07,-0.007,-0.007,14.4,8,0.0022,2.48
18:47:55,22.2549676,84.9035307,2.448,0.397,0.07,-0.040,-0.039,14.7,8,0.0000,2.48
18:47:55,22.2549676,84.9035307,2.447,0.397,0.07,-0.007,-0.007,14.7,8,0.0022,2.48
18:47:55,22.2549676,84.9035307,2.446,0.395,0.07,-0.027,-0.036,14.7,8,0.0022,2.48
18:47:55,22.2549676,84.9035307,2.446,0.395,0.01,-0.005,-0.006,14.7,8,0.0022,2.48
18:47:55,22.2549676,84.9035307,2.445,0.394,0.01,-0.004,-0.006,14.7,8,0.0022,2.48
18:47:55,22.2549676,84.9035307,2.445,0.393,0.01,-0.017,-0.035,14.5,8,0.0000,2.48
18:47:55,22.2549676,84.9035307,2.445,0.393,0.01,0.016,-0.006,14.5,8,0.0022,2.48
18:47:55,22.2549676,84.9035307,2.446,0.392,0.09,0.010,-0.036,14.5,8,0.0022,2.48
18:47:56,22.2549676,84.9035307,2.447,0.391,0.09,0.025,-0.006,14.3,8,0.0022,2.48
18:47:56,22.2549676,84.9035307,2.448,0.391,0.09,0.024,-0.006,14.1,8,0.0022,2.48
18:47:56,22.2549676,84.9035307,2.450,0.390,0.09,0.032,-0.035,14.1,8,0.0000,2.48
18:47:56,22.2549676,84.9035307,2.451,0.387,0.09,0.039,-0.065,14.1,8,0.0000,2.48
18:47:56,22.2549676,84.9035307,2.453,0.388,0.09,0.030,-0.007,13.9,8,0.0022,2.48
18:47:56,22.2549676,84.9035307,2.454,0.388,0.09,0.034,-0.006,13.6,8,0.0020,2.48
18:47:56,22.2549676,84.9035307,2.456,0.387,0.09,0.052,-0.031,13.6,8,0.0000,2.49
18:47:56,22.2549676,84.9035307,2.460,0.384,0.16,0.070,-0.057,13.6,8,0.0000,2.49
18:47:56,22.2549676,84.9035307,2.461,0.385,0.16,0.038,-0.006,13.3,8,0.0017,2.49
18:47:56,22.2549676,84.9035307,2.463,0.385,0.16,0.059,-0.025,13.0,8,0.0017,2.49
18:47:56,22.2549676,84.9035307,2.465,0.384,0.16,0.036,-0.004,13.0,8,0.0013,2.49
18:47:56,22.2549676,84.9035307,2.467,0.384,0.16,0.059,-0.015,13.0,8,0.0000,2.50
18:47:56,22.2549676,84.9035307,2.469,0.384,0.16,0.033,-0.003,12.9,8,0.0012,2.50
18:47:56,22.2549676,84.9035307,2.471,0.383,0.16,0.056,-0.008,12.9,8,0.0012,2.50
18:47:56,22.2549676,84.9035307,2.472,0.383,0.16,0.008,-0.001,13.1,8,0.0007,2.50
18:47:56,22.2549676,84.9035307,2.473,0.383,0.16,0.024,-0.005,13.1,8,0.0000,2.50
18:47:56,22.2549676,84.9035307,2.473,0.383,0.17,0.004,-0.001,13.1,8,0.0007,2.50
18:47:56,22.2549676,84.9035307,2.474,0.383,0.17,0.021,-0.005,13.3,8,0.0007,2.50
18:47:56,22.2549676,84.9035307,2.475,0.382,0.17,0.028,-0.011,13.3,8,0.0007,2.50
18:47:57,22.2549676,84.9035307,2.477,0.382,0.17,0.027,-0.018,13.3,8,0.0000,2.51
18:47:57,22.2549676,84.9035307,2.478,0.381,0.14,0.027,-0.025,13.3,8,0.0000,2.51
18:47:57,22.2549676,84.9035307,2.475,0.383,0.14,-0.015,-0.001,13.1,8,0.0006,2.50
18:47:57,22.2549676,84.9035307,2.474,0.382,0.14,-0.022,-0.009,12.8,8,0.0006,2.50
18:47:57,22.2549676,84.9035307,2.473,0.382,0.14,-0.025,-0.002,12.8,8,0.0005,2.50
18:47:57,22.2549676,84.9035307,2.471,0.382,0.14,-0.034,-0.010,12.8,8,0.0000,2.50
18:47:57,22.2549676,84.9035307,2.470,0.382,0.14,-0.026,-0.002,12.3,8,0.0005,2.50
18:47:57,22.2549676,84.9035307,2.469,0.382,0.14,-0.033,-0.010,11.6,8,0.0005,2.50
18:47:57,22.2549676,84.9035307,2.467,0.382,0.14,-0.019,-0.002,11.6,8,0.0005,2.50
18:47:57,22.2549676,84.9035307,2.466,0.381,0.14,-0.023,-0.012,11.6,8,0.0000,2.50
18:47:57,22.2549676,84.9035307,2.466,0.381,0.14,-0.003,-0.002,11.1,8,0.0005,2.50
18:47:57,22.2549676,84.9035307,2.466,0.381,0.14,-0.003,-0.014,11.1,8,0.0005,2.50
18:47:57,22.2549676,84.9035307,2.466,0.380,0.14,-0.000,-0.003,10.6,8,0.0003,2.49
18:47:57,22.2549676,84.9035307,2.466,0.380,0.14,0.003,-0.016,10.6,8,0.0000,2.49
18:47:57,22.2549676,84.9035307,2.466,0.380,0.15,0.001,-0.003,10.2,8,0.0003,2.49
18:47:57,22.2549676,84.9035307,2.466,0.379,0.15,0.007,-0.016,10.0,8,0.0003,2.50
18:47:57,22.2549676,84.9035307,2.466,0.379,0.15,0.001,-0.003,10.0,8,0.0003,2.50
18:47:57,22.2549676,84.9035307,2.466,0.379,0.15,0.010,-0.015,10.0,8,0.0000,2.50
18:47:57,22.2549676,84.9035307,2.467,0.378,0.15,0.018,-0.028,9.9,8,0.0000,2.50
18:47:57,22.2549676,84.9035307,2.468,0.378,0.15,0.016,-0.003,9.2,8,0.0011,2.50
18:47:57,22.2549676,84.9035307,2.469,0.378,0.15,0.026,-0.014,9.2,8,0.0011,2.50
18:47:58,22.2549676,84.9035307,2.470,0.377,0.15,0.036,-0.026,9.2,8,0.0011,2.50
18:47:58,22.2552037,84.9037867,2.473,0.386,0.16,0.053,0.142,7.6,8,0.0018,2.50
18:47:58,22.2552037,84.9037867,2.476,0.393,0.16,0.063,0.122,6.0,8,0.0000,2.51
18:47:58,22.2552037,84.9037867,2.478,0.402,0.16,0.040,0.201,6.0,8,0.0022,2.51
18:47:58,22.2552037,84.9037867,2.480,0.412,0.16,0.051,0.171,6.0,8,0.0022,2.51
18:47:58,22.2552132,84.9038151,2.481,0.424,0.16,0.021,0.249,4.9,8,0.0027,2.52
18:47:58,22.2552132,84.9038151,2.483,0.435,0.16,0.036,0.210,4.8,8,0.0000,2.52
18:47:58,22.2552132,84.9038151,2.484,0.449,0.16,0.027,0.284,4.8,8,0.0031,2.52
18:47:58,22.2552132,84.9038151,2.486,0.462,0.16,0.042,0.240,4.8,8,0.0031,2.53
18:47:58,22.2552132,84.9038151,2.488,0.473,0.16,0.057,0.196,6.4,8,0.0031,2.53
18:47:58,22.2552132,84.9038151,2.490,0.494,0.16,0.050,0.352,8.4,8,0.0038,2.54
18:47:58,22.2552132,84.9038151,2.493,0.510,0.16,0.051,0.300,8.4,8,0.0000,2.54
18:47:58,22.2552132,84.9038151,2.495,0.531,0.16,0.038,0.415,8.4,8,0.0043,2.55
18:47:58,22.2552132,84.9038151,2.497,0.551,0.16,0.039,0.363,10.0,8,0.0043,2.56
18:47:58,22.2552488,84.9038564,2.500,0.570,0.15,0.077,0.388,11.1,8,0.0040,2.56
18:47:58,22.2552488,84.9038564,2.509,0.608,0.15,0.106,0.387,11.1,8,0.0048,2.58
18:47:58,22.2552488,84.9038564,2.514,0.626,0.15,0.087,0.338,10.8,8,0.0048,2.59
18:47:58,22.2552488,84.9038564,2.518,0.646,0.15,0.073,0.391,10.4,8,0.0045,2.60
18:47:58,22.2552488,84.9038564,2.521,0.664,0.15,0.040,0.344,10.4,8,0.0000,2.61
18:47:59,22.2552488,84.9038564,2.522,0.683,0.15,0.001,0.375,10.4,8,0.0038,2.61
18:47:59,22.2552488,84.9038564,2.521,0.701,0.15,-0.031,0.327,9.9,8,0.0038,2.62
18:47:59,22.255257,84.9038618,2.520,0.719,0.14,-0.006,0.360,9.7,8,0.0036,2.62
18:47:59,22.255257,84.9038618,2.519,0.736,0.14,-0.043,0.310,9.7,8,0.0000,2.62
18:47:59,22.255257,84.9038618,2.519,0.754,0.14,-0.008,0.357,9.7,8,0.0037,2.63
18:47:59,22.255257,84.9038618,2.517,0.771,0.14,-0.045,0.307,9.4,8,0.0037,2.63
18:47:59,22.2552548,84.9038578,2.517,0.789,0.15,-0.008,0.365,9.2,8,0.0037,2.64
18:47:59,22.2552548,84.9038578,2.515,0.806,0.15,-0.049,0.313,9.2,8,0.0000,2.64
18:47:59,22.2552548,84.9038578,2.512,0.820,0.15,-0.089,0.263,9.2,8,0.0000,2.64
18:47:59,22.2552548,84.9038578,2.514,0.841,0.15,-0.009,0.363,9.0,8,0.0038,2.65
18:47:59,22.2552548,84.9038578,2.512,0.858,0.15,-0.049,0.314,8.9,8,0.0038,2.65
18:47:59,22.2552548,84.9038578,2.511,0.876,0.15,-0.024,0.352,8.9,8,0.0037,2.66
18:47:59,22.2552548,84.9038578,2.509,0.893,0.15,-0.063,0.305,8.9,8,0.0000,2.66
18:47:59,22.2552548,84.9038578,2.508,0.911,0.15,-0.010,0.378,8.8,8,0.0040,2.67
18:47:59,22.2552548,84.9038578,2.507,0.929,0.15,-0.048,0.332,8.7,8,0.0040,2.67
18:47:59,22.2552516,84.9038461,2.505,0.949,0.16,-0.035,0.395,8.7,8,0.0041,2.68
18:47:59,22.2552516,84.9038461,2.502,0.968,0.16,-0.072,0.351,8.7,8,0.0000,2.68
18:47:59,22.2552516,84.9038461,2.501,0.988,0.16,-0.027,0.414,8.6,8,0.0043,2.69
18:47:59,22.2552516,84.9038461,2.499,1.008,0.16,-0.061,0.371,8.6,8,0.0043,2.69
18:47:59,22.2552529,84.9038439,2.497,1.029,0.18,-0.040,0.430,8.6,8,0.0045,2.70
18:48:00,22.2552529,84.9038439,2.494,1.050,0.18,-0.072,0.389,8.6,8,0.0000,2.71
18:48:00,22.2552529,84.9038439,2.491,1.072,0.18,-0.054,0.447,8.5,8,0.0045,2.71
18:48:00,22.2552529,84.9038439,2.488,1.093,0.18,-0.082,0.407,8.5,8,0.0045,2.72
18:48:00,22.2552529,84.9038439,2.483,1.113,0.18,-0.107,0.369,8.5,8,0.0045,2.72
18:48:00,22.2552529,84.9038439,2.482,1.137,0.18,-0.041,0.442,8.5,8,0.0045,2.73
18:48:00,22.2552529,84.9038439,2.480,1.159,0.18,-0.063,0.405,8.5,8,0.0000,2.74
18:48:00,22.2552529,84.9038439,2.478,1.181,0.18,-0.035,0.437,8.6,8,0.0044,2.74
18:48:00,22.2552542,84.9038412,2.476,1.202,0.18,-0.055,0.400,8.6,8,0.0044,2.75
18:48:00,22.2552542,84.9038412,2.474,1.223,0.18,-0.028,0.419,8.7,8,0.0043,2.76
18:48:00,22.2552542,84.9038412,2.472,1.243,0.18,-0.047,0.383,8.7,8,0.0000,2.77
18:48:00,22.2552542,84.9038412,2.470,1.264,0.18,-0.043,0.417,8.6,8,0.0042,2.77
18:48:00,22.2552542,84.9038412,2.468,1.284,0.18,-0.062,0.383,8.6,8,0.0042,2.78
18:48:00,22.2552542,84.9038412,2.465,1.305,0.18,-0.062,0.399,8.6,8,0.0042,2.79
18:48:00,22.2552542,84.9038412,2.461,1.324,0.18,-0.081,0.364,8.6,8,0.0000,2.79
18:48:00,22.2552542,84.9038412,2.458,1.344,0.18,-0.052,0.401,8.6,8,0.0041,2.80
18:48:00,22.2552572,84.9038513,2.455,1.363,0.19,-0.070,0.372,8.6,8,0.0041,2.81
18:48:00,22.2552572,84.9038513,2.452,1.383,0.19,-0.063,0.394,8.6,8,0.0040,2.82
18:48:00,22.2552572,84.9038513,2.449,1.402,0.19,-0.081,0.365,8.4,8,0.0000,2.82
18:48:00,22.2552572,84.9038513,2.444,1.420,0.19,-0.098,0.340,8.4,8,0.0000,2.83
18:48:00,22.2552572,84.9038513,2.443,1.442,0.19,-0.043,0.411,8.4,8,0.0043,2.84
18:48:01,22.2552592,84.9038539,2.441,1.463,0.17,-0.028,0.422,8.4,8,0.0043,2.85
18:48:01,22.2552592,84.9038539,2.439,1.484,0.17,-0.045,0.401,8.3,8,0.0000,2.85
18:48:01,22.2552592,84.9038539,2.437,1.503,0.17,-0.060,0.384,8.3,8,0.0000,2.86
18:48:01,22.2552592,84.9038539,2.434,1.526,0.17,-0.064,0.433,6.3,8,0.0043,2.87
18:48:01,22.2552592,84.9038539,2.430,1.548,0.17,-0.076,0.423,6.3,8,0.0043,2.88
18:48:01,22.2552592,84.9038539,2.435,1.556,0.17,0.149,0.077,6.3,8,0.0025,2.89
18:48:01,22.2552592,84.9038539,2.442,1.559,0.17,0.137,0.068,2.0,8,0.0000,2.90
18:48:01,22.2552592,84.9038539,2.446,1.562,0.17,0.054,0.041,1.2,8,0.0016,2.90
18:48:01,22.2552614,84.9038562,2.449,1.564,0.17,0.054,0.050,1.2,8,0.0016,2.91
18:48:01,22.2552614,84.9038562,2.449,1.566,0.17,-0.032,0.030,1.2,8,0.0025,2.91
18:48:01,22.2552614,84.9038562,2.447,1.568,0.17,-0.031,0.039,1.4,8,0.0000,2.91
18:48:01,22.2552614,84.9038562,2.446,1.570,0.17,-0.027,0.048,1.4,8,0.0000,2.91
18:48:01,22.2552595,84.9038588,2.444,1.569,0.17,-0.030,0.004,1.4,8,0.0005,2.90
18:48:01,22.2552595,84.9038588,2.442,1.570,0.17,-0.038,0.002,1.9,8,0.0007,2.90
18:48:01,22.2552595,84.9038588,2.440,1.570,0.17,-0.035,0.009,2.5,8,0.0000,2.90
18:48:01,22.2552595,84.9038588,2.438,1.570,0.17,-0.039,-0.013,3.1,8,0.0005,2.90
18:48:01,22.2552595,84.9038588,2.437,1.569,0.17,-0.039,-0.010,3.1,8,0.0005,2.90
18:48:01,22.2552595,84.9038588,2.435,1.569,0.17,-0.039,-0.007,3.1,8,0.0005,2.90
18:48:01,22.2552595,84.9038588,2.432,1.567,0.17,-0.046,-0.018,3.8,8,0.0005,2.89
18:48:01,22.2552595,84.9038588,2.430,1.567,0.17,-0.047,-0.015,3.8,8,0.0000,2.89
18:48:02,22.255259,84.9038609,2.427,1.565,0.17,-0.071,-0.037,3.8,8,0.0008,2.89
18:48:02,22.255259,84.9038609,2.423,1.563,0.17,-0.072,-0.034,4.9,8,0.0008,2.88
18:48:02,22.255259,84.9038609,2.418,1.562,0.17,-0.114,-0.023,5.8,8,0.0012,2.88
18:48:02,22.255259,84.9038609,2.412,1.561,0.17,-0.117,-0.020,5.8,8,0.0000,2.87
18:48:02,22.255259,84.9038609,2.405,1.560,0.17,-0.146,-0.002,6.2,8,0.0015,2.87
18:48:02,22.2552582,84.9038645,2.398,1.560,0.18,-0.147,0.001,6.2,8,0.0015,2.86
18:48:02,22.2552582,84.9038645,2.390,1.560,0.18,-0.149,0.000,6.2,8,0.0017,2.85
18:48:02,22.2552582,84.9038645,2.383,1.560,0.18,-0.149,0.001,6.2,8,0.0000,2.85
18:48:02,22.2552582,84.9038645,2.375,1.560,0.18,-0.148,0.002,6.0,8,0.0000,2.84
18:48:02,22.2552582,84.9038645,2.368,1.560,0.18,-0.138,0.000,6.0,8,0.0014,2.84
18:48:02,22.2552582,84.9038645,2.361,1.560,0.18,-0.137,-0.001,5.6,8,0.0014,2.83
18:48:02,22.2552582,84.9038645,2.354,1.561,0.18,-0.143,0.015,5.6,8,0.0015,2.82
18:48:02,22.2552582,84.9038645,2.347,1.562,0.18,-0.140,0.014,5.0,8,0.0000,2.82
18:48:02,22.2552583,84.9038668,2.340,1.562,0.17,-0.151,0.001,5.0,8,0.0017,2.81
18:48:02,22.2552583,84.9038668,2.332,1.562,0.17,-0.145,-0.002,4.6,8,0.0017,2.81
18:48:02,22.2552583,84.9038668,2.324,1.562,0.17,-0.158,-0.000,4.6,8,0.0017,2.80
18:48:02,22.2552583,84.9038668,2.316,1.562,0.17,-0.148,-0.004,4.3,8,0.0000,2.79
18:48:02,22.2552583,84.9038668,2.309,1.562,0.17,-0.145,-0.001,4.3,8,0.0015,2.79
18:48:02,22.2552583,84.9038668,2.302,1.562,0.17,-0.132,-0.004,3.9,8,0.0015,2.78
18:48:02,22.2552583,84.9038668,2.295,1.562,0.17,-0.136,-0.001,3.9,8,0.0014,2.78
18:48:03,22.2552583,84.9038668,2.289,1.562,0.17,-0.121,-0.003,3.6,8,0.0000,2.77
18:48:03,22.2552586,84.9038675,2.282,1.562,0.17,-0.139,-0.000,3.6,8,0.0015,2.76
18:48:03,22.2552586,84.9038675,2.275,1.562,0.17,-0.124,-0.002,3.3,8,0.0015,2.76
18:48:03,22.2552586,84.9038675,2.268,1.561,0.17,-0.137,-0.000,3.3,8,0.0015,2.75
18:48:03,22.2552586,84.9038675,2.262,1.561,0.17,-0.123,-0.001,3.1,8,0.0000,2.75
18:48:03,22.2552586,84.9038675,2.255,1.561,0.17,-0.132,-0.000,3.1,8,0.0014,2.74
18:48:03,22.255259,84.9038677,2.249,1.561,0.18,-0.120,-0.000,2.8,8,0.0014,2.74
18:48:03,22.255259,84.9038677,2.243,1.561,0.18,-0.111,-0.000,2.8,8,0.0014,2.73
18:48:03,22.255259,84.9038677,2.236,1.562,0.18,-0.131,0.017,2.5,8,0.0014,2.73
18:48:03,22.255259,84.9038677,2.229,1.563,0.18,-0.124,0.017,2.5,8,0.0000,2.72
18:48:03,22.255259,84.9038677,2.223,1.564,0.18,-0.130,0.002,2.4,8,0.0015,2.72
18:48:03,22.255259,84.9038677,2.216,1.564,0.18,-0.124,0.000,2.4,8,0.0015,2.71
18:48:03,22.255259,84.9038677,2.209,1.564,0.18,-0.144,-0.000,2.3,8,0.0015,2.71
18:48:03,22.255259,84.9038677,2.202,1.564,0.18,-0.139,-0.002,2.3,8,0.0000,2.70
18:48:03,22.2552596,84.9038678,2.195,1.564,0.18,-0.142,-0.001,2.3,8,0.0015,2.70
18:48:03,22.2552596,84.9038678,2.188,1.563,0.18,-0.139,-0.004,2.3,8,0.0015,2.69
18:48:03,22.2552596,84.9038678,2.180,1.563,0.18,-0.162,-0.001,2.3,8,0.0017,2.68
18:48:03,22.2552596,84.9038678,2.172,1.563,0.18,-0.161,-0.005,2.3,8,0.0000,2.68
18:48:03,22.2552597,84.9038677,2.164,1.563,0.18,-0.161,-0.010,2.3,8,0.0000,2.67
18:48:04,22.2552597,84.9038677,2.155,1.563,0.18,-0.169,-0.001,2.3,8,0.0018,2.66
18:48:04,22.2552597,84.9038677,2.147,1.563,0.18,-0.169,-0.006,2.5,8,0.0018,2.66
18:48:04,22.2552597,84.9038677,2.137,1.563,0.18,-0.202,-0.001,2.6,8,0.0023,2.65
18:48:04,22.2552597,84.9038677,2.127,1.563,0.18,-0.201,-0.006,2.6,8,0.0000,2.64
18:48:04,22.2552597,84.9038677,2.117,1.563,0.18,-0.201,-0.001,2.6,8,0.0021,2.63
18:48:04,22.2552597,84.9038677,2.106,1.562,0.18,-0.201,-0.006,2.8,8,0.0021,2.62
18:48:04,22.2552597,84.9038677,2.097,1.562,0.18,-0.193,-0.023,2.8,8,0.0020,2.61
18:48:04,22.2552602,84.903868,2.087,1.560,0.18,-0.191,-0.027,2.8,8,0.0000,2.61
18:48:04,22.2552602,84.903868,2.077,1.560,0.18,-0.201,-0.003,2.8,8,0.0023,2.60
18:48:04,22.2552602,84.903868,2.067,1.560,0.18,-0.198,-0.007,2.8,8,0.0023,2.59
18:48:04,22.2552602,84.903868,2.057,1.560,0.18,-0.182,-0.001,2.8,8,0.0022,2.58
18:48:04,22.2552602,84.903868,2.048,1.559,0.18,-0.178,-0.003,2.8,8,0.0000,2.57
18:48:04,22.2552602,84.903868,2.039,1.559,0.18,-0.181,-0.000,2.8,8,0.0019,2.57
18:48:04,22.2552602,84.903868,2.030,1.559,0.18,-0.175,-0.001,2.8,8,0.0019,2.56
18:48:04,22.2552602,84.903868,2.021,1.559,0.18,-0.182,-0.000,2.8,8,0.0019,2.55
18:48:04,22.2552602,84.903868,2.012,1.559,0.18,-0.175,-0.001,2.9,8,0.0000,2.55
18:48:04,22.2552606,84.9038677,2.003,1.559,0.18,-0.168,-0.002,3.0,8,0.0000,2.54
18:48:04,22.2552606,84.9038677,1.994,1.559,0.18,-0.181,-0.000,3.0,8,0.0019,2.53
18:48:04,22.2552606,84.9038677,1.985,1.559,0.18,-0.174,-0.002,3.0,8,0.0019,2.52
18:48:04,22.2552606,84.9038677,1.976,1.559,0.18,-0.184,-0.000,3.2,8,0.0020,2.52
18:48:05,22.2552615,84.9038686,1.967,1.559,0.17,-0.178,-0.003,3.3,8,0.0000,2.51
18:48:05,22.2552615,84.9038686,1.957,1.559,0.17,-0.183,-0.001,3.3,8,0.0019,2.50
18:48:05,22.2552615,84.9038686,1.948,1.559,0.17,-0.178,-0.003,3.3,8,0.0019,2.50
18:48:05,22.2552615,84.9038686,1.939,1.558,0.17,-0.176,-0.016,3.2,8,0.0020,2.49
18:48:05,22.2552615,84.9038686,1.930,1.558,0.17,-0.171,-0.018,3.1,8,0.0000,2.48
18:48:05,22.2552615,84.9038686,1.921,1.557,0.17,-0.186,-0.002,3.1,8,0.0020,2.47
18:48:05,22.2552615,84.9038686,1.912,1.557,0.17,-0.182,-0.002,3.1,8,0.0020,2.47
18:48:05,22.2552615,84.9038686,1.902,1.557,0.17,-0.190,-0.000,3.1,8,0.0020,2.46
18:48:05,22.255262,84.9038689,-1.925,-0.692,0.17,-0.185,0.001,3.1,8,0.0000,2.05
18:48:05,22.255262,84.9038689,-1.934,-0.692,0.17,-0.181,0.004,3.1,8,0.0000,2.05
18:48:05,22.255262,84.9038689,-1.944,-0.692,0.17,-0.190,0.001,3.1,8,0.0020,2.06
18:48:05,22.255262,84.9038689,-1.954,-0.693,0.17,-0.195,-0.017,3.2,8,0.0020,2.07
18:48:05,22.255262,84.9038689,-1.963,-0.693,0.17,-0.190,-0.011,3.4,8,0.0000,2.08
18:48:05,22.2552634,84.90387,-1.962,-0.681,0.18,-0.185,-0.003,3.4,8,0.0000,2.08
18:48:05,22.2552634,84.90387,-1.973,-0.682,0.18,-0.203,-0.015,3.4,8,0.0021,2.09
18:48:05,22.2552634,84.90387,-1.983,-0.683,0.18,-0.199,-0.007,3.4,8,0.0021,2.10
18:48:05,22.2552634,84.90387,-1.993,-0.683,0.18,-0.192,0.000,3.5,8,0.0023,2.11
18:48:05,22.2552634,84.90387,-1.989,-0.672,0.18,-0.190,0.008,3.5,8,0.0000,2.10
18:48:05,22.2552634,84.90387,-2.000,-0.672,0.18,-0.230,0.002,3.5,8,0.0023,2.11
18:48:05,22.2552634,84.90387,-2.012,-0.671,0.18,-0.228,0.009,3.5,8,0.0023,2.12
18:48:05,22.2552634,84.90387,-2.024,-0.671,0.18,-0.238,0.001,3.6,8,0.0025,2.13
18:48:06,22.2552636,84.90387,-2.019,-0.659,0.19,-0.237,0.005,3.6,8,0.0000,2.12
18:48:06,22.2552636,84.90387,-2.032,-0.659,0.19,-0.245,0.001,3.6,8,0.0025,2.14
18:48:06,22.2552636,84.90387,-2.044,-0.659,0.19,-0.245,0.004,3.7,8,0.0025,2.15
18:48:06,22.2552636,84.90387,-2.056,-0.659,0.19,-0.244,0.005,4.0,8,0.0025,2.16
18:48:06,22.2552646,84.9038707,-2.043,-0.638,0.19,-0.248,0.000,4.0,8,0.0026,2.14
18:48:06,22.2552646,84.9038707,-2.056,-0.638,0.19,-0.247,0.001,4.0,8,0.0000,2.15
18:48:06,22.2552646,84.9038707,-2.068,-0.638,0.19,-0.246,0.002,4.3,8,0.0026,2.16
18:48:06,22.2552646,84.9038707,-2.080,-0.638,0.19,-0.244,0.003,4.3,8,0.0026,2.18
18:48:06,22.2552646,84.9038707,-2.065,-0.621,0.19,-0.239,-0.023,4.3,8,0.0026,2.16
18:48:06,22.2552646,84.9038707,-2.077,-0.622,0.19,-0.235,-0.021,4.3,8,0.0000,2.17
18:48:06,22.2552646,84.9038707,-2.089,-0.624,0.19,-0.246,-0.029,4.5,8,0.0026,2.18
18:48:06,22.2552646,84.9038707,-2.102,-0.625,0.19,-0.238,-0.025,4.7,8,0.0026,2.19
18:48:06,22.2552646,84.9038707,-2.113,-0.627,0.19,-0.223,-0.042,4.7,8,0.0023,2.20
18:48:06,22.2552653,84.9038707,-2.094,-0.604,0.19,-0.213,-0.037,4.7,8,0.0000,2.18
18:48:06,22.2552653,84.9038707,-2.105,-0.605,0.19,-0.220,-0.026,4.8,8,0.0023,2.19
18:48:06,22.2552653,84.9038707,-2.116,-0.606,0.19,-0.210,-0.020,4.9,8,0.0023,2.20
18:48:06,22.2552653,84.9038707,-2.126,-0.607,0.19,-0.209,-0.001,4.9,8,0.0022,2.21
18:48:06,22.2552653,84.9038707,-2.105,-0.584,0.19,-0.200,0.004,4.9,8,0.0000,2.18
18:48:06,22.2552653,84.9038707,-2.115,-0.584,0.19,-0.191,0.009,5.0,8,0.0000,2.19
18:48:07,22.2552653,84.9038707,-2.126,-0.584,0.19,-0.214,0.001,5.0,8,0.0024,2.20
18:48:07,22.2552653,84.9038707,-2.137,-0.584,0.19,-0.208,0.004,5.1,8,0.0024,2.22
18:48:07,22.2552658,84.903871,-2.113,-0.558,0.19,-0.225,-0.015,5.1,8,0.0023,2.19
18:48:07,22.2552658,84.903871,-2.124,-0.559,0.19,-0.226,-0.018,5.1,8,0.0000,2.20
18:48:07,22.2552658,84.903871,-2.136,-0.560,0.19,-0.245,-0.002,5.2,8,0.0027,2.21
18:48:07,22.2552658,84.903871,-2.149,-0.560,0.19,-0.250,-0.006,5.2,8,0.0027,2.22
18:48:07,22.2552661,84.9038712,-2.124,-0.534,0.18,-0.245,-0.020,5.2,8,0.0026,2.19
18:48:07,22.2552661,84.9038712,-2.136,-0.535,0.18,-0.252,-0.023,5.2,8,0.0000,2.20
18:48:07,22.2552661,84.9038712,-2.149,-0.536,0.18,-0.263,-0.018,5.0,8,0.0027,2.22
18:48:07,22.2552661,84.9038712,-2.163,-0.537,0.18,-0.271,-0.021,5.0,8,0.0027,2.23
18:48:07,22.2552661,84.9038712,-2.138,-0.514,0.18,-0.275,-0.023,4.8,8,0.0028,2.20
18:48:07,22.2552661,84.9038712,-2.152,-0.515,0.18,-0.284,-0.024,4.8,8,0.0000,2.21
18:48:07,22.2552661,84.9038712,-2.165,-0.516,0.18,-0.269,-0.019,4.4,8,0.0028,2.23
18:48:07,22.2552661,84.9038712,-2.179,-0.517,0.18,-0.279,-0.019,4.4,8,0.0028,2.24
18:48:07,22.2552659,84.90387,-2.164,-0.498,0.18,-0.288,-0.020,4.3,8,0.0028,2.22
18:48:07,22.2552659,84.90387,-2.179,-0.501,0.18,-0.292,-0.047,4.3,8,0.0030,2.24
18:48:07,22.2552659,84.90387,-2.194,-0.503,0.18,-0.301,-0.047,4.3,8,0.0000,2.25
18:48:07,22.2552659,84.90387,-2.209,-0.505,0.18,-0.310,-0.047,4.3,8,0.0000,2.27
18:48:07,22.2552659,84.90387,-2.224,-0.508,0.18,-0.306,-0.054,4.3,8,0.0035,2.28
18:48:07,22.255266,84.9038698,-2.208,-0.490,0.19,-0.315,-0.054,4.3,8,0.0035,2.26
18:48:08,22.255266,84.9038698,-2.223,-0.492,0.19,-0.283,-0.031,4.4,8,0.0031,2.28
18:48:08,22.255266,84.9038698,-2.237,-0.493,0.19,-0.291,-0.030,4.4,8,0.0000,2.29
18:48:08,22.255266,84.9038698,-2.252,-0.495,0.19,-0.298,-0.030,4.4,8,0.0000,2.31
18:48:08,22.255266,84.9038698,-2.232,-0.477,0.19,-0.285,-0.029,4.4,8,0.0029,2.28
18:48:08,22.255266,84.9038698,-2.246,-0.478,0.19,-0.293,-0.029,4.4,8,0.0029,2.30
18:48:08,22.255266,84.9038698,-2.261,-0.480,0.19,-0.280,-0.030,4.4,8,0.0030,2.31
18:48:08,22.255266,84.9038698,-2.275,-0.481,0.19,-0.289,-0.030,4.3,8,0.0000,2.33
18:48:08,22.2552661,84.9038693,-2.258,-0.465,0.19,-0.276,-0.053,4.3,8,0.0028,2.31
18:48:08,22.2552661,84.9038693,-2.272,-0.467,0.19,-0.287,-0.052,4.0,8,0.0028,2.32
18:48:08,22.2552661,84.9038693,-2.286,-0.474,0.19,-0.266,-0.158,4.0,8,0.0027,2.33
18:48:08,22.2552661,84.9038693,-2.299,-0.482,0.19,-0.279,-0.153,3.1,8,0.0000,2.35
18:48:08,22.2552649,84.903868,-2.292,-0.481,0.18,-0.296,-0.137,3.1,8,0.0000,2.34
18:48:08,22.2552649,84.903868,-2.303,-0.495,0.18,-0.234,-0.247,1.9,8,0.0029,2.36
18:48:08,22.2552649,84.903868,-2.315,-0.506,0.18,-0.256,-0.217,1.9,8,0.0029,2.37
18:48:08,22.2552649,84.903868,-2.325,-0.520,0.18,-0.171,-0.264,0.4,8,0.0029,2.38
18:48:08,22.2552649,84.903868,-2.311,-0.520,0.18,-0.197,-0.223,0.4,8,0.0000,2.37
18:48:08,22.2552649,84.903868,-2.319,-0.533,0.18,-0.162,-0.262,-1.1,8,0.0038,2.38
18:48:08,22.2552649,84.903868,-2.328,-0.545,0.18,-0.192,-0.216,-1.1,8,0.0038,2.39
18:48:08,22.2552649,84.903868,-2.335,-0.558,0.18,-0.118,-0.244,-2.5,8,0.0027,2.40
18:48:09,22.2552649,84.903868,-2.342,-0.569,0.18,-0.149,-0.201,-2.5,8,0.0000,2.41
18:48:09,22.2552648,84.9038679,-2.324,-0.566,0.18,-0.113,-0.233,-3.1,8,0.0024,2.39
18:48:09,22.2552648,84.9038679,-2.330,-0.577,0.18,-0.143,-0.196,-1.5,8,0.0024,2.40
18:48:09,22.2552648,84.9038679,-2.334,-0.589,0.18,-0.057,-0.244,-1.5,8,0.0029,2.41
18:48:09,22.2552648,84.9038679,-2.337,-0.600,0.18,-0.073,-0.202,-1.5,8,0.0000,2.41
18:48:09,22.2552648,84.9038679,-2.316,-0.595,0.18,-0.009,-0.270,-0.4,8,0.0029,2.39
18:48:09,22.2552648,84.9038679,-2.316,-0.608,0.18,-0.019,-0.228,0.5,8,0.0029,2.39
18:48:09,22.2552648,84.9038679,-2.318,-0.618,0.18,-0.030,-0.189,0.5,8,0.0029,2.40
18:48:09,22.2552648,84.9038679,-2.317,-0.633,0.18,-0.003,-0.260,0.5,8,0.0028,2.40
18:48:09,22.2552633,84.903868,-2.296,-0.640,0.19,-0.013,-0.222,2.0,8,0.0000,2.38
18:48:09,22.2552633,84.903868,-2.295,-0.652,0.19,0.017,-0.250,2.0,8,0.0028,2.39
18:48:09,22.2552633,84.903868,-2.294,-0.665,0.19,0.029,-0.262,2.8,8,0.0028,2.39
18:48:09,22.2552633,84.903868,-2.293,-0.677,0.19,0.019,-0.230,2.8,8,0.0000,2.39
18:48:09,22.255262,84.9038682,-2.271,-0.691,0.21,0.010,-0.198,3.3,8,0.0000,2.37
18:48:09,22.255262,84.9038682,-2.269,-0.706,0.21,0.042,-0.276,3.3,8,0.0029,2.38
18:48:09,22.255262,84.9038682,-2.267,-0.719,0.21,0.032,-0.251,3.6,8,0.0029,2.38
18:48:09,22.255262,84.9038682,-2.265,-0.734,0.21,0.036,-0.303,3.6,8,0.0032,2.38
18:48:09,22.255262,84.9038682,-2.245,-0.747,0.21,0.028,-0.285,3.8,8,0.0000,2.37
18:48:09,22.255262,84.9038682,-2.242,-0.764,0.21,0.059,-0.349,3.8,8,0.0035,2.37
18:48:09,22.255262,84.9038682,-2.239,-0.781,0.21,0.053,-0.337,3.9,8,0.0035,2.37
18:48:10,22.255262,84.9038682,-2.236,-0.798,0.21,0.058,-0.335,3.9,8,0.0034,2.37
18:48:10,22.255262,84.9038682,-2.233,-0.815,0.21,0.054,-0.327,4.1,8,0.0000,2.38
18:48:10,22.2552613,84.9038684,-2.212,-0.829,0.21,0.082,-0.334,4.1,8,0.0033,2.36
18:48:10,22.2552613,84.9038684,-2.208,-0.845,0.21,0.077,-0.327,4.2,8,0.0033,2.36
18:48:10,22.2552613,84.9038684,-2.204,-0.862,0.21,0.070,-0.319,4.3,8,0.0033,2.37
18:48:10,22.2552613,84.9038684,-2.201,-0.880,0.21,0.063,-0.344,4.3,8,0.0035,2.37
18:48:10,22.2552595,84.9038682,-2.185,-0.906,0.19,0.055,-0.333,4.3,8,0.0000,2.37
18:48:10,22.2552595,84.9038682,-2.182,-0.923,0.19,0.056,-0.346,4.4,8,0.0035,2.37
18:48:10,22.2552595,84.9038682,-2.179,-0.941,0.19,0.047,-0.332,4.7,8,0.0035,2.37
18:48:10,22.2552595,84.9038682,-2.176,-0.958,0.19,0.055,-0.355,4.7,8,0.0036,2.38
18:48:10,22.2552595,84.9038682,-2.163,-0.978,0.19,0.045,-0.340,4.7,8,0.0000,2.37
18:48:10,22.2552595,84.9038682,-2.161,-0.995,0.19,0.039,-0.337,4.9,8,0.0036,2.38
18:48:10,22.2552595,84.9038682,-2.159,-1.012,0.19,0.031,-0.323,5.0,8,0.0036,2.38
18:48:10,22.2552595,84.9038682,-2.157,-1.029,0.19,0.036,-0.336,5.0,8,0.0035,2.39
18:48:10,22.2552581,84.9038685,-2.144,-1.055,0.18,0.029,-0.324,5.0,8,0.0000,2.39
18:48:10,22.2552581,84.9038685,-2.142,-1.072,0.18,0.046,-0.339,5.1,8,0.0034,2.39
18:48:10,22.2552581,84.9038685,-2.139,-1.089,0.18,0.040,-0.327,5.2,8,0.0034,2.40
18:48:10,22.2552581,84.9038685,-2.137,-1.105,0.18,0.036,-0.316,5.2,8,0.0034,2.41
18:48:10,22.2552581,84.9038685,-2.124,-1.125,0.18,0.062,-0.324,5.2,8,0.0033,2.40
18:48:11,22.2552581,84.9038685,-2.121,-1.141,0.18,0.057,-0.313,5.4,8,0.0000,2.41
18:48:11,22.2552581,84.9038685,-2.119,-1.159,0.18,0.043,-0.360,5.4,8,0.0037,2.41
18:48:11,22.2552581,84.9038685,-2.116,-1.177,0.18,0.039,-0.350,5.4,8,0.0037,2.42
18:48:11,22.2552577,84.9038694,-2.098,-1.196,0.18,0.053,-0.365,5.6,8,0.0038,2.41
18:48:11,22.2552577,84.9038694,-2.095,-1.214,0.18,0.050,-0.356,5.7,8,0.0000,2.42
18:48:11,22.2552577,84.9038694,-2.093,-1.231,0.18,0.043,-0.342,5.8,8,0.0034,2.43
18:48:11,22.2552577,84.9038694,-2.091,-1.249,0.18,0.041,-0.336,5.8,8,0.0034,2.44
18:48:11,22.2552577,84.9038694,-2.089,-1.266,0.18,0.030,-0.341,5.8,8,0.0036,2.44
18:48:11,22.2552566,84.9038705,-2.063,-1.286,0.18,0.028,-0.334,5.8,8,0.0000,2.43
18:48:11,22.2552566,84.9038705,-2.061,-1.304,0.18,0.055,-0.349,5.8,8,0.0036,2.44
18:48:11,22.2552566,84.9038705,-2.058,-1.321,0.18,0.054,-0.346,5.8,8,0.0036,2.45
18:48:11,22.2552566,84.9038705,-2.055,-1.340,0.18,0.055,-0.367,5.8,8,0.0037,2.45
18:48:11,22.2552566,84.9038705,-2.031,-1.355,0.18,0.054,-0.364,5.9,8,0.0000,2.44
18:48:11,22.2552566,84.9038705,-2.029,-1.373,0.18,0.053,-0.361,6.0,8,0.0000,2.45
18:48:11,22.2552566,84.9038705,-2.027,-1.391,0.18,0.036,-0.352,6.0,8,0.0037,2.46
18:48:11,22.2552566,84.9038705,-2.025,-1.409,0.18,0.034,-0.349,6.0,8,0.0037,2.47
18:48:11,22.2552555,84.9038711,-1.999,-1.428,0.17,0.050,-0.348,6.1,8,0.0036,2.46
18:48:11,22.2552555,84.9038711,-1.997,-1.446,0.17,0.048,-0.344,6.1,8,0.0000,2.47
18:48:11,22.2552555,84.9038711,-1.995,-1.464,0.17,0.034,-0.379,6.1,8,0.0039,2.47
18:48:11,22.2552555,84.9038711,-1.993,-1.483,0.17,0.032,-0.374,6.1,8,0.0039,2.48
18:48:11,22.255255,84.9038717,-1.964,-1.501,0.16,0.052,-0.341,6.2,8,0.0034,2.47
18:48:12,22.255255,84.9038717,-1.962,-1.518,0.16,0.050,-0.334,6.2,8,0.0000,2.48
18:48:12,22.255255,84.9038717,-1.959,-1.535,0.16,0.069,-0.339,6.3,8,0.0035,2.49
18:48:12,22.255255,84.9038717,-1.955,-1.552,0.16,0.067,-0.332,6.3,8,0.0035,2.50
18:48:12,22.255255,84.9038717,-1.929,-1.563,0.16,0.078,-0.326,6.4,8,0.0032,2.48
18:48:12,22.255255,84.9038717,-1.925,-1.579,0.16,0.076,-0.319,6.4,8,0.0000,2.49
18:48:12,22.255255,84.9038717,-1.921,-1.596,0.16,0.083,-0.343,6.4,8,0.0035,2.50
18:48:12,22.255255,84.9038717,-1.916,-1.613,0.16,0.079,-0.338,6.4,8,0.0035,2.51
18:48:12,22.255255,84.9038717,-1.912,-1.632,0.16,0.078,-0.386,6.4,8,0.0038,2.51
18:48:12,22.2552542,84.9038729,-1.878,-1.646,0.15,0.072,-0.382,6.5,8,0.0000,2.50
18:48:12,22.2552542,84.9038729,-1.875,-1.665,0.15,0.062,-0.378,6.5,8,0.0000,2.51
18:48:12,22.2552542,84.9038729,-1.868,-1.683,0.15,0.116,-0.353,6.8,8,0.0035,2.51
18:48:12,22.2552542,84.9038729,-1.863,-1.701,0.15,0.101,-0.351,6.8,8,0.0035,2.52
18:48:12,22.2552531,84.9038736,-1.824,-1.715,0.14,0.143,-0.279,7.2,8,0.0027,2.50
18:48:12,22.2552531,84.9038736,-1.817,-1.729,0.14,0.124,-0.280,7.2,8,0.0000,2.51
18:48:12,22.2552531,84.9038736,-1.810,-1.743,0.14,0.140,-0.251,7.5,8,0.0024,2.51
18:48:12,22.2552531,84.9038736,-1.804,-1.755,0.14,0.120,-0.256,7.5,8,0.0024,2.52
18:48:12,22.2552531,84.9038736,-1.770,-1.763,0.14,0.138,-0.237,7.8,8,0.0024,2.50
18:48:12,22.2552531,84.9038736,-1.764,-1.775,0.14,0.120,-0.246,7.8,8,0.0000,2.50
18:48:12,22.2552531,84.9038736,-1.756,-1.786,0.14,0.153,-0.200,8.3,8,0.0025,2.50
18:48:12,22.2552531,84.9038736,-1.749,-1.796,0.14,0.137,-0.212,8.3,8,0.0025,2.51
18:48:13,22.2552528,84.9038747,-1.708,-1.799,0.14,0.203,-0.134,8.3,8,0.0023,2.48
18:48:13,22.2552528,84.9038747,-1.698,-1.806,0.14,0.187,-0.146,8.7,8,0.0000,2.48
18:48:13,22.2552528,84.9038747,-1.689,-1.814,0.14,0.175,-0.164,8.7,8,0.0000,2.48
18:48:13,22.2552528,84.9038747,-1.676,-1.816,0.14,0.237,-0.083,8.7,8,0.0026,2.47
18:48:13,22.2552528,84.9038747,-1.640,-1.815,0.14,0.231,-0.106,8.5,8,0.0026,2.45
18:48:13,22.2552528,84.9038747,-1.627,-1.818,0.14,0.269,-0.057,8.5,8,0.0029,2.44
18:48:13,22.2552528,84.9038747,-1.613,-1.821,0.14,0.272,-0.084,8.5,8,0.0000,2.43
18:48:13,22.2552528,84.9038747,-1.599,-1.825,0.14,0.274,-0.067,9.7,8,0.0033,2.43
18:48:13,22.2552528,84.9038747,-1.586,-1.829,0.14,0.279,-0.089,9.7,8,0.0033,2.42
18:48:13,22.2552528,84.9038762,-1.543,-1.821,0.16,0.223,0.046,9.7,8,0.0022,2.39
18:48:13,22.2552528,84.9038762,-1.531,-1.819,0.16,0.228,0.023,9.6,8,0.0000,2.38
18:48:13,22.2552528,84.9038762,-1.518,-1.818,0.16,0.278,0.016,9.6,8,0.0028,2.37
18:48:13,22.2552528,84.9038762,-1.504,-1.818,0.16,0.282,-0.002,9.6,8,0.0028,2.36
18:48:13,22.2552533,84.9038776,-1.453,-1.807,0.15,0.301,-0.002,9.2,8,0.0031,2.32
18:48:13,22.2552533,84.9038776,-1.438,-1.807,0.15,0.305,-0.016,8.7,8,0.0000,2.31
18:48:13,22.2552533,84.9038776,-1.422,-1.808,0.15,0.309,-0.024,8.3,8,0.0000,2.30
18:48:13,22.2552533,84.9038776,-1.406,-1.808,0.15,0.319,-0.002,8.3,8,0.0032,2.29
18:48:13,22.2552533,84.9038776,-1.363,-1.798,0.15,0.322,-0.002,8.3,8,0.0032,2.26
18:48:13,22.2552533,84.9038776,-1.347,-1.797,0.15,0.318,0.023,8.1,8,0.0033,2.25
18:48:13,22.2552533,84.9038776,-1.331,-1.796,0.15,0.321,0.031,8.1,8,0.0000,2.24
18:48:14,22.2552533,84.9038776,-1.316,-1.793,0.15,0.300,0.049,8.1,8,0.0031,2.22
18:48:14,22.2552536,84.9038788,-1.270,-1.779,0.14,0.303,0.056,8.0,8,0.0031,2.19
18:48:14,22.2552536,84.9038788,-1.255,-1.775,0.14,0.309,0.096,7.9,8,0.0030,2.17
18:48:14,22.2552536,84.9038788,-1.239,-1.770,0.14,0.316,0.112,7.9,8,0.0000,2.16
18:48:14,22.2552536,84.9038788,-1.224,-1.765,0.14,0.304,0.101,7.9,8,0.0031,2.15
18:48:14,22.2552539,84.90388,-1.176,-1.748,0.14,0.312,0.118,7.9,8,0.0031,2.11
18:48:14,22.2552539,84.90388,-1.161,-1.742,0.14,0.291,0.125,8.1,8,0.0028,2.09
18:48:14,22.2552539,84.90388,-1.146,-1.735,0.14,0.301,0.141,8.1,8,0.0000,2.08
18:48:14,22.2552539,84.90388,-1.132,-1.728,0.14,0.274,0.135,8.4,8,0.0027,2.07
18:48:14,22.2552539,84.90388,-1.118,-1.721,0.14,0.285,0.147,8.4,8,0.0027,2.05
18:48:14,22.2552539,84.90388,-1.079,-1.705,0.14,0.296,0.159,8.8,8,0.0027,2.02
18:48:14,22.2552539,84.90388,-1.065,-1.700,0.14,0.291,0.112,9.2,8,0.0028,2.01
18:48:14,22.2552539,84.90388,-1.050,-1.695,0.14,0.303,0.118,9.2,8,0.0000,1.99
18:48:14,22.2552539,84.90388,-1.036,-1.689,0.14,0.278,0.103,9.2,8,0.0030,1.98
18:48:14,22.2552542,84.903881,-0.996,-1.676,0.13,0.290,0.108,9.6,8,0.0030,1.95
18:48:14,22.2552542,84.903881,-0.982,-1.671,0.13,0.273,0.100,9.9,8,0.0026,1.94
18:48:14,22.2552542,84.903881,-0.968,-1.666,0.13,0.285,0.103,9.9,8,0.0000,1.93
18:48:14,22.2552542,84.903881,-0.954,-1.661,0.13,0.270,0.088,9.9,8,0.0027,1.92
18:48:14,22.2552543,84.903882,-0.913,-1.650,0.13,0.283,0.090,10.1,8,0.0027,1.89
18:48:14,22.2552543,84.903882,-0.898,-1.646,0.13,0.287,0.063,10.1,8,0.0029,1.88
18:48:15,22.2552543,84.903882,-0.884,-1.643,0.13,0.300,0.066,10.1,8,0.0000,1.87
18:48:15,22.2552543,84.903882,-0.869,-1.639,0.13,0.285,0.079,10.2,8,0.0029,1.86
18:48:15,22.2552543,84.903882,-0.835,-1.630,0.13,0.296,0.083,10.2,8,0.0029,1.83
18:48:15,22.2552543,84.903882,-0.820,-1.626,0.13,0.284,0.086,10.2,8,0.0027,1.82
18:48:15,22.2552543,84.903882,-0.806,-1.622,0.13,0.294,0.092,10.2,8,0.0000,1.81
18:48:15,22.2552543,84.903882,-0.791,-1.617,0.13,0.302,0.099,10.2,8,0.0000,1.80
18:48:15,22.2552546,84.9038828,-0.756,-1.608,0.14,0.298,0.064,10.3,8,0.0029,1.78
18:48:15,22.2552546,84.9038828,-0.741,-1.605,0.14,0.304,0.072,10.3,8,0.0029,1.77
18:48:15,22.2552546,84.9038828,-0.726,-1.601,0.14,0.303,0.085,10.3,8,0.0029,1.76
18:48:15,22.2552546,84.9038828,-0.710,-1.596,0.14,0.308,0.094,10.3,8,0.0000,1.75
18:48:15,22.2552546,84.9038828,-0.682,-1.589,0.14,0.310,0.075,10.4,8,0.0030,1.73
18:48:15,22.2552546,84.9038828,-0.666,-1.585,0.14,0.315,0.084,10.4,8,0.0030,1.72
18:48:15,22.2552546,84.9038828,-0.650,-1.581,0.14,0.322,0.069,10.4,8,0.0031,1.71
18:48:15,22.2552546,84.9038828,-0.634,-1.577,0.14,0.326,0.079,10.4,8,0.0000,1.70
18:48:15,22.2552546,84.9038828,-0.617,-1.573,0.14,0.332,0.081,10.4,8,0.0032,1.69
18:48:15,22.2552549,84.9038836,-0.588,-1.564,0.14,0.335,0.091,10.4,8,0.0032,1.67
18:48:15,22.2552549,84.9038836,-0.572,-1.561,0.14,0.322,0.062,10.4,8,0.0032,1.66
18:48:15,22.2552549,84.9038836,-0.555,-1.557,0.14,0.323,0.071,10.4,8,0.0000,1.65
18:48:16,22.2552549,84.9038836,-0.539,-1.553,0.14,0.323,0.080,10.5,8,0.0000,1.64
18:48:16,22.2552551,84.9038845,-0.509,-1.546,0.14,0.330,0.051,10.5,8,0.0032,1.63
18:48:16,22.2552551,84.9038845,-0.492,-1.543,0.14,0.328,0.059,10.4,8,0.0032,1.62
18:48:16,22.2552551,84.9038845,-0.477,-1.540,0.14,0.284,0.065,10.4,8,0.0028,1.61
18:48:16,22.2552551,84.9038845,-0.463,-1.537,0.14,0.279,0.072,10.5,8,0.0000,1.61
18:48:16,22.2552551,84.9038845,-0.442,-1.530,0.14,0.272,0.055,10.5,8,0.0028,1.59
18:48:16,22.2552551,84.9038845,-0.429,-1.527,0.14,0.263,0.063,10.5,8,0.0028,1.59
18:48:16,22.2552551,84.9038845,-0.415,-1.525,0.14,0.284,0.034,10.5,8,0.0030,1.58
18:48:16,22.2552551,84.9038845,-0.401,-1.523,0.14,0.275,0.043,10.4,8,0.0000,1.57
18:48:16,22.2552556,84.9038853,-0.378,-1.514,0.16,0.275,0.035,10.4,8,0.0028,1.56
18:48:16,22.2552556,84.9038853,-0.365,-1.512,0.16,0.265,0.046,10.4,8,0.0028,1.56
18:48:16,22.2552556,84.9038853,-0.351,-1.510,0.16,0.274,0.045,10.4,8,0.0028,1.55
18:48:16,22.2552556,84.9038853,-0.337,-1.507,0.16,0.264,0.056,10.3,8,0.0000,1.54
18:48:16,22.2552561,84.9038861,-0.313,-1.494,0.16,0.281,0.034,10.2,8,0.0029,1.53
18:48:16,22.2552561,84.9038861,-0.299,-1.492,0.16,0.276,0.044,10.2,8,0.0029,1.52
18:48:16,22.2552561,84.9038861,-0.285,-1.491,0.16,0.270,0.026,10.2,8,0.0028,1.52
18:48:16,22.2552561,84.9038861,-0.272,-1.489,0.16,0.265,0.037,10.1,8,0.0000,1.51
18:48:16,22.2552561,84.9038861,-0.259,-1.487,0.16,0.262,0.048,10.0,8,0.0000,1.51
18:48:16,22.2552561,84.9038861,-0.240,-1.478,0.16,0.299,0.004,10.0,8,0.0031,1.50
18:48:16,22.2552561,84.9038861,-0.225,-1.478,0.16,0.298,0.014,10.0,8,0.0031,1.49
18:48:16,22.2552561,84.9038861,-0.209,-1.476,0.16,0.304,0.040,10.0,8,0.0032,1.49
18:48:16,22.2552561,84.9038861,-0.194,-1.474,0.16,0.303,0.049,10.0,8,0.0000,1.49
18:48:17,22.2552565,84.9038871,-0.172,-1.460,0.16,0.293,0.045,10.0,8,0.0030,1.47
18:48:17,22.2552565,84.9038871,-0.158,-1.457,0.16,0.293,0.054,9.9,8,0.0030,1.47
18:48:17,22.2552565,84.9038871,-0.143,-1.455,0.16,0.297,0.041,9.9,8,0.0031,1.46
18:48:17,22.2552565,84.9038871,-0.128,-1.453,0.16,0.293,0.050,9.9,8,0.0000,1.46
18:48:17,22.2552569,84.903888,-0.104,-1.436,0.16,0.287,0.060,9.9,8,0.0000,1.44
18:48:17,22.2552569,84.903888,-0.089,-1.436,0.16,0.297,0.021,9.9,8,0.0030,1.44
18:48:17,22.2552569,84.903888,-0.074,-1.435,0.16,0.307,0.005,9.8,8,0.0031,1.44
18:48:17,22.2552569,84.903888,-0.059,-1.434,0.16,0.300,0.013,9.7,8,0.0000,1.44
18:48:17,22.2552569,84.903888,-0.041,-1.421,0.16,0.293,0.019,9.7,8,0.0000,1.42
18:48:17,22.2552569,84.903888,-0.025,-1.420,0.16,0.303,0.031,9.7,8,0.0030,1.42
18:48:17,22.2552569,84.903888,-0.010,-1.418,0.16,0.296,0.037,9.6,8,0.0030,1.42
18:48:17,22.2552569,84.903888,0.005,-1.416,0.16,0.293,0.046,7.8,8,0.0029,1.42
18:48:17,22.2552571,84.9038888,0.024,-1.401,0.17,0.289,0.048,7.8,8,0.0000,1.40
18:48:17,22.2552571,84.9038888,0.031,-1.402,0.17,0.077,-0.058,7.8,8,0.0014,1.40
18:48:17,22.2552571,84.9038888,0.035,-1.405,0.17,0.073,-0.056,6.8,8,0.0014,1.41
18:48:17,22.2552571,84.9038888,0.037,-1.407,0.17,0.039,-0.037,6.1,8,0.0007,1.41
18:48:17,22.2552571,84.9038888,0.042,-1.397,0.17,0.039,-0.038,6.1,8,0.0000,1.40
18:48:17,22.2552571,84.9038888,0.044,-1.399,0.17,0.039,-0.040,6.1,8,0.0000,1.40
18:48:18,22.2552571,84.9038888,0.045,-1.399,0.17,0.024,-0.003,5.6,8,0.0022,1.40
18:48:18,22.2552571,84.9038888,0.046,-1.399,0.17,0.024,-0.007,5.6,8,0.0022,1.40
18:48:18,22.2552571,84.9038888,0.048,-1.399,0.17,0.023,-0.011,5.5,8,0.0022,1.40
18:48:18,22.2552572,84.9038887,0.049,-1.386,0.18,0.001,-0.001,5.5,8,0.0003,1.39
18:48:18,22.2552572,84.9038887,0.049,-1.387,0.18,-0.001,-0.008,5.6,8,0.0000,1.39
18:48:18,22.2552572,84.9038887,0.049,-1.387,0.18,-0.001,-0.002,5.6,8,0.0004,1.39
18:48:18,22.2552572,84.9038887,0.049,-1.387,0.18,-0.009,-0.012,5.6,8,0.0004,1.39
18:48:18,22.2552575,84.9038888,0.051,-1.373,0.17,-0.002,-0.002,5.6,8,0.0003,1.37
18:48:18,22.2552575,84.9038888,0.050,-1.373,0.17,-0.010,-0.012,5.6,8,0.0000,1.37
18:48:18,22.2552575,84.9038888,0.050,-1.373,0.17,-0.002,-0.002,5.6,8,0.0003,1.37
18:48:18,22.2552575,84.9038888,0.050,-1.374,0.17,-0.016,-0.014,5.6,8,0.0003,1.37
18:48:18,22.2552575,84.9038888,0.052,-1.361,0.17,-0.003,-0.003,5.6,8,0.0004,1.36
18:48:18,22.2552575,84.9038888,0.051,-1.361,0.17,-0.017,-0.014,5.6,8,0.0000,1.36
18:48:18,22.2552575,84.9038888,0.051,-1.361,0.17,-0.003,-0.003,5.7,8,0.0002,1.36
18:48:18,22.2552575,84.9038888,0.050,-1.362,0.17,-0.019,-0.016,5.7,8,0.0002,1.36
18:48:18,22.2552579,84.9038889,0.053,-1.346,0.17,-0.003,-0.003,5.7,8,0.0003,1.35
18:48:18,22.2552579,84.9038889,0.052,-1.347,0.17,-0.019,-0.018,5.7,8,0.0000,1.35
18:48:18,22.2552579,84.9038889,0.052,-1.347,0.17,-0.003,-0.003,5.8,8,0.0003,1.35
18:48:18,22.2552579,84.9038889,0.052,-1.347,0.17,-0.017,-0.019,5.8,8,0.0003,1.35
18:48:19,22.2552583,84.9038889,0.054,-1.329,0.17,-0.003,-0.003,5.8,8,0.0003,1.33
18:48:19,22.2552583,84.9038889,0.054,-1.330,0.17,-0.016,-0.020,5.8,8,0.0000,1.33
18:48:19,22.2552583,84.9038889,0.053,-1.330,0.17,-0.003,-0.004,5.8,8,0.0002,1.33
18:48:19,22.2552583,84.9038889,0.053,-1.331,0.17,-0.015,-0.020,5.8,8,0.0002,1.33
18:48:19,22.2552583,84.9038889,0.055,-1.315,0.17,-0.027,-0.035,5.7,8,0.0002,1.32
18:48:19,22.2552583,84.9038889,0.055,-1.314,0.17,-0.003,-0.003,5.7,8,0.0002,1.32
18:48:19,22.2552583,84.9038889,0.055,-1.315,0.17,-0.014,-0.017,5.7,8,0.0000,1.32
18:48:19,22.2552583,84.9038889,0.054,-1.315,0.17,-0.003,-0.003,5.7,8,0.0003,1.32
18:48:19,22.2552583,84.9038889,0.054,-1.315,0.17,-0.014,-0.014,5.7,8,0.0003,1.32
18:48:19,22.2552586,84.9038889,0.056,-1.297,0.17,-0.002,-0.002,5.7,8,0.0003,1.30
18:48:19,22.2552586,84.9038889,0.056,-1.297,0.17,-0.013,-0.011,5.8,8,0.0000,1.30
18:48:19,22.2552586,84.9038889,0.056,-1.297,0.17,-0.002,-0.002,5.8,8,0.0003,1.30
18:48:19,22.2552586,84.9038889,0.055,-1.297,0.17,-0.012,-0.007,5.8,8,0.0003,1.30
18:48:19,22.2552586,84.9038889,0.057,-1.280,0.17,-0.017,-0.001,5.8,8,0.0003,1.28
18:48:19,22.2552586,84.9038889,0.056,-1.280,0.17,-0.025,-0.004,5.8,8,0.0000,1.28
18:48:19,22.2552586,84.9038889,0.055,-1.280,0.17,-0.023,-0.001,6.0,8,0.0003,1.28
18:48:19,22.2552586,84.9038889,0.054,-1.281,0.17,-0.028,-0.002,6.2,8,0.0003,1.28
18:48:19,22.2552589,84.9038889,0.055,-1.261,0.17,-0.041,0.031,6.2,8,0.0007,1.26
18:48:19,22.2552589,84.9038889,0.052,-1.259,0.17,-0.043,0.030,6.2,8,0.0000,1.26
18:48:19,22.2552589,84.9038889,0.050,-1.258,0.17,-0.045,0.030,6.9,8,0.0000,1.26
18:48:19,22.2552589,84.9038889,0.046,-1.252,0.17,-0.070,0.098,8.0,8,0.0016,1.25
18:48:19,22.2552593,84.9038887,0.045,-1.228,0.17,-0.061,0.085,8.0,8,0.0016,1.23
18:48:20,22.2552593,84.9038887,0.041,-1.221,0.17,-0.067,0.151,8.0,8,0.0019,1.22
18:48:20,22.2552593,84.9038887,0.038,-1.214,0.17,-0.058,0.138,8.7,8,0.0000,1.21
18:48:20,22.2552593,84.9038887,0.036,-1.206,0.17,-0.036,0.165,8.9,8,0.0017,1.21
18:48:20,22.2552593,84.9038887,0.036,-1.183,0.17,-0.029,0.128,8.9,8,0.0017,1.18
18:48:20,22.2552593,84.9038887,0.036,-1.176,0.17,-0.002,0.144,8.9,8,0.0016,1.18
18:48:20,22.2552593,84.9038887,0.036,-1.169,0.17,0.005,0.107,8.8,8,0.0000,1.17
18:48:20,22.2552593,84.9038887,0.036,-1.163,0.17,0.001,0.121,8.8,8,0.0013,1.16
18:48:20,22.2552593,84.9038887,0.036,-1.158,0.17,-0.004,0.078,8.8,8,0.0013,1.16
18:48:20,22.2552599,84.9038886,0.036,-1.134,0.16,-0.040,0.149,8.8,8,0.0016,1.13
18:48:20,22.2552599,84.9038886,0.034,-1.127,0.16,-0.045,0.106,9.1,8,0.0000,1.13
18:48:20,22.2552599,84.9038886,0.031,-1.123,0.16,-0.055,0.062,9.2,8,0.0000,1.12
18:48:20,22.2552599,84.9038886,0.030,-1.109,0.16,-0.042,0.222,9.2,8,0.0023,1.11
18:48:20,22.2552606,84.9038882,0.026,-1.079,0.15,-0.057,0.175,9.2,8,0.0023,1.08
18:48:20,22.2552606,84.9038882,0.023,-1.067,0.15,-0.059,0.254,9.2,8,0.0026,1.07
18:48:20,22.2552606,84.9038882,0.020,-1.056,0.15,-0.078,0.204,9.3,8,0.0000,1.06
18:48:20,22.2552606,84.9038882,0.016,-1.042,0.15,-0.070,0.281,9.3,8,0.0029,1.04
18:48:20,22.2552606,84.9038882,0.012,-1.016,0.15,-0.092,0.228,9.2,8,0.0029,1.02
18:48:20,22.2552606,84.9038882,0.008,-1.002,0.15,-0.088,0.281,9.2,8,0.0029,1.00
18:48:20,22.2552606,84.9038882,0.003,-0.989,0.15,-0.112,0.226,9.1,8,0.0000,0.99
18:48:21,22.2552606,84.9038882,-0.002,-0.975,0.15,-0.085,0.283,9.1,8,0.0030,0.97
18:48:21,22.2552617,84.9038877,-0.010,-0.944,0.16,-0.111,0.226,9.0,8,0.0030,0.94
18:48:21,22.2552617,84.9038877,-0.014,-0.930,0.16,-0.084,0.287,9.0,8,0.0031,0.93
18:48:21,22.2552617,84.9038877,-0.019,-0.917,0.16,-0.112,0.229,9.1,8,0.0000,0.92
18:48:21,22.2552617,84.9038877,-0.024,-0.903,0.16,-0.102,0.289,9.1,8,0.0031,0.90
18:48:21,22.255263,84.9038872,-0.035,-0.865,0.17,-0.131,0.231,9.1,8,0.0031,0.87
18:48:21,22.255263,84.9038872,-0.040,-0.850,0.17,-0.090,0.329,9.3,8,0.0033,0.85
18:48:21,22.255263,84.9038872,-0.046,-0.834,0.17,-0.121,0.271,9.4,8,0.0000,0.84
18:48:21,22.255263,84.9038872,-0.052,-0.822,0.17,-0.153,0.215,9.5,8,0.0000,0.82
18:48:21,22.255263,84.9038872,-0.056,-0.804,0.17,-0.097,0.315,9.5,8,0.0031,0.81
18:48:21,22.255263,84.9038872,-0.064,-0.773,0.17,-0.131,0.261,9.5,8,0.0031,0.78
18:48:21,22.255263,84.9038872,-0.069,-0.757,0.17,-0.096,0.334,9.5,8,0.0034,0.76
18:48:21,22.255263,84.9038872,-0.075,-0.741,0.17,-0.133,0.282,9.5,8,0.0000,0.75
18:48:21,22.255263,84.9038872,-0.080,-0.724,0.17,-0.106,0.354,9.7,8,0.0035,0.73
18:48:21,22.2552643,84.9038866,-0.092,-0.686,0.16,-0.144,0.305,9.7,8,0.0035,0.69
18:48:21,22.2552643,84.9038866,-0.099,-0.669,0.16,-0.123,0.345,9.7,8,0.0036,0.68
18:48:21,22.2552643,84.9038866,-0.106,-0.653,0.16,-0.162,0.299,9.7,8,0.0000,0.66
18:48:21,22.2552643,84.9038866,-0.112,-0.634,0.16,-0.113,0.369,9.6,8,0.0038,0.64
18:48:21,22.2552643,84.9038866,-0.122,-0.604,0.16,-0.153,0.324,9.6,8,0.0038,0.62
18:48:21,22.2552643,84.9038866,-0.127,-0.584,0.16,-0.088,0.412,9.4,8,0.0044,0.60
18:48:22,22.2552643,84.9038866,-0.132,-0.564,0.16,-0.126,0.368,9.4,8,0.0000,0.58
18:48:22,22.2552643,84.9038866,-0.139,-0.547,0.16,-0.164,0.324,9.2,8,0.0000,0.56
18:48:22,22.2552656,84.9038859,-0.152,-0.508,0.16,-0.130,0.381,9.2,8,0.0038,0.53
18:48:22,22.2552656,84.9038859,-0.159,-0.490,0.16,-0.168,0.337,9.0,8,0.0038,0.51
18:48:22,22.2552656,84.9038859,-0.166,-0.470,0.16,-0.135,0.390,9.0,8,0.0038,0.50
18:48:22,22.2552656,84.9038859,-0.173,-0.452,0.16,-0.170,0.346,8.7,8,0.0000,0.48
18:48:22,22.2552669,84.9038852,-0.191,-0.410,0.16,-0.139,0.393,8.7,8,0.0038,0.45
18:48:22,22.2552669,84.9038852,-0.199,-0.391,0.16,-0.171,0.351,8.2,8,0.0038,0.44
18:48:22,22.2552669,84.9038852,-0.206,-0.371,0.16,-0.132,0.408,7.8,8,0.0043,0.42
18:48:22,22.2552669,84.9038852,-0.213,-0.351,0.16,-0.155,0.370,7.8,8,0.0000,0.41
18:48:22,22.2552669,84.9038852,-0.227,-0.317,0.16,-0.143,0.413,7.8,8,0.0043,0.39
18:48:22,22.2552669,84.9038852,-0.235,-0.298,0.16,-0.166,0.376,7.7,8,0.0043,0.38
18:48:22,22.2552669,84.9038852,-0.242,-0.278,0.16,-0.137,0.395,7.7,8,0.0039,0.37
18:48:22,22.2552669,84.9038852,-0.249,-0.259,0.16,-0.152,0.361,7.7,8,0.0000,0.36
18:48:22,22.2552669,84.9038852,-0.256,-0.239,0.16,-0.131,0.392,7.7,8,0.0039,0.35
18:48:22,22.2552682,84.9038846,-0.272,-0.203,0.16,-0.146,0.359,7.7,8,0.0039,0.34
18:48:22,22.2552682,84.9038846,-0.278,-0.184,0.16,-0.126,0.396,7.7,8,0.0040,0.33
18:48:22,22.2552682,84.9038846,-0.285,-0.164,0.16,-0.137,0.367,7.7,8,0.0000,0.33
18:48:22,22.2552682,84.9038846,-0.292,-0.147,0.16,-0.148,0.338,7.7,8,0.0000,0.33
18:48:22,22.2552693,84.9038839,-0.310,-0.106,0.17,-0.130,0.400,7.7,8,0.0040,0.33
18:48:22,22.2552693,84.9038839,-0.317,-0.087,0.17,-0.141,0.374,7.7,8,0.0040,0.33
18:48:23,22.2552693,84.9038839,-0.324,-0.067,0.17,-0.147,0.389,7.7,8,0.0039,0.33
18:48:23,22.2552693,84.9038839,-0.331,-0.048,0.17,-0.159,0.363,8.1,8,0.0000,0.33
18:48:23,22.2552693,84.9038839,-0.347,-0.018,0.17,-0.148,0.393,8.4,8,0.0038,0.35
18:48:23,22.2552693,84.9038839,-0.355,0.001,0.17,-0.162,0.372,8.7,8,0.0038,0.36
18:48:23,22.2552693,84.9038839,-0.362,0.021,0.17,-0.131,0.388,8.7,8,0.0039,0.36
18:48:23,22.2552693,84.9038839,-0.369,0.040,0.17,-0.147,0.367,8.7,8,0.0000,0.37
18:48:23,22.2552705,84.9038833,-0.386,0.074,0.16,-0.138,0.397,8.8,8,0.0039,0.39
18:48:23,22.2552705,84.9038833,-0.394,0.093,0.16,-0.156,0.374,8.8,8,0.0039,0.40
18:48:23,22.2552705,84.9038833,-0.400,0.114,0.16,-0.134,0.422,8.8,8,0.0043,0.42
18:48:23,22.2552705,84.9038833,-0.408,0.135,0.16,-0.153,0.399,8.8,8,0.0000,0.43
18:48:23,22.2552716,84.9038827,-0.428,0.171,0.15,-0.171,0.375,8.8,8,0.0000,0.46
18:48:23,22.2552716,84.9038827,-0.435,0.193,0.15,-0.143,0.419,8.8,8,0.0041,0.48
18:48:23,22.2552716,84.9038827,-0.442,0.214,0.15,-0.162,0.395,8.8,8,0.0041,0.49
18:48:23,22.2552716,84.9038827,-0.449,0.234,0.15,-0.131,0.401,8.8,8,0.0040,0.51
18:48:23,22.2552716,84.9038827,-0.456,0.254,0.15,-0.150,0.377,8.9,8,0.0000,0.52
18:48:23,22.2552716,84.9038827,-0.471,0.280,0.15,-0.128,0.386,9.0,8,0.0038,0.55
18:48:23,22.2552716,84.9038827,-0.478,0.299,0.15,-0.143,0.364,9.0,8,0.0038,0.56
18:48:23,22.2552716,84.9038827,-0.484,0.319,0.15,-0.123,0.415,9.0,8,0.0041,0.58
18:48:23,22.2552716,84.9038827,-0.491,0.339,0.15,-0.139,0.393,8.8,8,0.0000,0.60
18:48:24,22.2552725,84.9038819,-0.505,0.355,0.15,0.018,0.036,6.0,8,0.0026,0.62
18:48:24,22.2552725,84.9038819,-0.504,0.357,0.15,0.010,0.017,6.0,8,0.0026,0.62
18:48:24,22.2552725,84.9038819,-0.502,0.359,0.15,0.044,0.055,6.0,8,0.0032,0.62
18:48:24,22.2552725,84.9038819,-0.500,0.361,0.15,0.035,0.036,4.6,8,0.0000,0.62
18:48:24,22.2552725,84.9038819,-0.512,0.370,0.15,0.003,0.016,4.3,8,0.0013,0.63
18:48:24,22.2552725,84.9038819,-0.512,0.370,0.15,-0.002,-0.008,4.3,8,0.0013,0.63
18:48:24,22.2552725,84.9038819,-0.512,0.371,0.15,-0.001,0.020,4.3,8,0.0006,0.63
18:48:24,22.2552725,84.9038819,-0.512,0.371,0.15,-0.006,-0.004,4.3,8,0.0000,0.63
18:48:24,22.2552723,84.9038819,-0.524,0.375,0.15,-0.011,-0.036,4.2,8,0.0000,0.64
18:48:24,22.2552723,84.9038819,-0.523,0.378,0.15,-0.001,0.023,4.2,8,0.0005,0.65
18:48:24,22.2552723,84.9038819,-0.524,0.378,0.15,-0.007,-0.016,4.2,8,0.0005,0.65
18:48:24,22.2552723,84.9038819,-0.524,0.379,0.15,-0.001,0.013,4.1,8,0.0004,0.65
18:48:24,22.255272,84.9038816,-0.537,0.379,0.14,-0.007,-0.031,4.1,8,0.0000,0.66
18:48:24,22.255272,84.9038816,-0.537,0.379,0.14,-0.001,-0.007,4.1,8,0.0004,0.66
18:48:24,22.255272,84.9038816,-0.537,0.377,0.14,-0.007,-0.056,4.0,8,0.0004,0.66
18:48:24,22.255272,84.9038816,-0.537,0.377,0.14,-0.001,-0.010,4.0,8,0.0007,0.66
18:48:24,22.255272,84.9038816,-0.549,0.376,0.14,-0.008,-0.060,4.0,8,0.0000,0.67
18:48:24,22.255272,84.9038816,-0.549,0.374,0.14,-0.001,-0.059,4.0,8,0.0010,0.66
18:48:24,22.255272,84.9038816,-0.549,0.370,0.14,-0.008,-0.104,4.2,8,0.0010,0.66
18:48:25,22.255272,84.9038816,-0.550,0.364,0.14,-0.020,-0.117,4.2,8,0.0012,0.66
18:48:25,22.255272,84.9038816,-0.551,0.358,0.14,-0.028,-0.149,4.2,8,0.0000,0.66
18:48:25,22.2552719,84.9038814,-0.565,0.352,0.14,-0.036,-0.181,4.4,8,0.0000,0.67
18:48:25,22.2552719,84.9038814,-0.567,0.342,0.14,-0.044,-0.194,4.5,8,0.0012,0.66
18:48:25,22.2552719,84.9038814,-0.569,0.333,0.14,-0.051,-0.186,4.5,8,0.0012,0.66
18:48:25,22.2552719,84.9038814,-0.569,0.329,0.14,-0.026,-0.132,4.5,8,0.0014,0.66
18:48:25,22.2552719,84.9038813,-0.581,0.328,0.13,-0.030,-0.106,4.5,8,0.0000,0.67
18:48:25,22.2552719,84.9038813,-0.583,0.322,0.13,-0.024,-0.103,4.3,8,0.0012,0.67
18:48:25,22.2552719,84.9038813,-0.584,0.318,0.13,-0.025,-0.064,4.3,8,0.0012,0.66
18:48:25,22.2552719,84.9038813,-0.597,0.318,0.13,-0.027,-0.009,4.0,8,0.0000,0.68
18:48:25,22.2552719,84.9038813,-0.597,0.318,0.13,-0.027,-0.009,4.0,8,0.0005,0.68
18:48:25,22.2552719,84.9038813,-0.598,0.318,0.13,-0.033,0.004,4.0,8,0.0005,0.68
18:48:25,22.2552719,84.9038813,-0.600,0.319,0.13,-0.030,0.050,3.8,8,0.0005,0.68
18:48:25,22.2552718,84.9038811,-0.614,0.327,0.13,-0.025,0.071,3.6,8,0.0000,0.70
18:48:25,22.2552718,84.9038811,-0.615,0.329,0.13,-0.029,0.042,3.6,8,0.0005,0.70
18:48:25,22.2552718,84.9038811,-0.616,0.332,0.13,-0.012,0.074,3.6,8,0.0005,0.70
18:48:25,22.2552718,84.9038811,-0.617,0.334,0.13,-0.014,0.039,3.6,8,0.0004,0.70
18:48:25,22.2552718,84.9038811,-0.626,0.339,0.13,0.003,0.071,3.7,8,0.0000,0.71
18:48:25,22.2552718,84.9038811,-0.626,0.344,0.13,0.021,0.095,4.0,8,0.0000,0.71
18:48:25,22.2552718,84.9038811,-0.627,0.345,0.13,-0.012,0.054,4.0,8,0.0007,0.72
18:48:25,22.2552718,84.9038811,-0.627,0.349,0.13,0.006,0.070,4.0,8,0.0007,0.72
18:48:25,22.2552718,84.9038811,-0.629,0.354,0.13,-0.036,0.126,5.4,8,0.0015,0.72
18:48:26,22.2552716,84.9038809,-0.640,0.359,0.15,-0.018,0.132,7.6,8,0.0000,0.73
18:48:26,22.2552716,84.9038809,-0.642,0.366,0.15,-0.025,0.141,7.6,8,0.0017,0.74
18:48:26,22.2552716,84.9038809,-0.642,0.373,0.15,-0.008,0.137,7.6,8,0.0017,0.74
18:48:26,22.2552716,84.9038809,-0.641,0.377,0.15,0.053,0.056,7.2,8,0.0014,0.74
18:48:26,22.2552716,84.9038807,-0.649,0.377,0.17,0.065,0.051,6.2,8,0.0000,0.75
18:48:26,22.2552716,84.9038807,-0.643,0.380,0.17,0.129,0.060,6.2,8,0.0015,0.75
18:48:26,22.2552716,84.9038807,-0.637,0.383,0.17,0.138,0.052,6.2,8,0.0015,0.74
18:48:26,22.2552716,84.9038807,-0.634,0.385,0.17,0.030,0.051,4.4,8,0.0009,0.74
18:48:26,22.2552716,84.9038807,-0.643,0.384,0.17,0.039,0.036,4.0,8,0.0000,0.75
18:48:26,22.2552716,84.9038807,-0.643,0.386,0.17,0.005,0.034,4.0,8,0.0007,0.75
18:48:26,22.2552716,84.9038807,-0.642,0.387,0.17,0.013,0.010,4.0,8,0.0007,0.75
18:48:26,22.2552716,84.9038807,-0.642,0.388,0.17,0.002,0.027,3.9,8,0.0007,0.75
18:48:26,22.2552714,84.9038804,-0.655,0.383,0.16,0.010,-0.006,3.8,8,0.0000,0.76
18:48:26,22.2552714,84.9038804,-0.655,0.384,0.16,0.002,0.016,3.8,8,0.0006,0.76
18:48:26,22.2552714,84.9038804,-0.655,0.384,0.16,0.009,-0.026,3.8,8,0.0006,0.76
18:48:26,22.2552714,84.9038804,-0.654,0.381,0.16,0.017,-0.074,3.8,8,0.0006,0.76
18:48:26,22.2552711,84.90388,-0.670,0.375,0.15,0.002,-0.008,3.9,8,0.0009,0.77
18:48:27,22.2552711,84.90388,-0.670,0.373,0.15,0.010,-0.055,3.9,8,0.0000,0.77
18:48:27,22.2552711,84.90388,-0.671,0.371,0.15,-0.025,-0.060,4.2,8,0.0010,0.77
18:48:27,22.2552711,84.90388,-0.672,0.367,0.15,-0.015,-0.095,4.2,8,0.0010,0.77
18:48:27,22.2552711,84.90388,-0.686,0.356,0.15,-0.001,-0.094,4.6,8,0.0012,0.77
18:48:27,22.2552711,84.90388,-0.686,0.351,0.15,0.007,-0.111,4.6,8,0.0000,0.77
18:48:27,22.2552711,84.90388,-0.686,0.346,0.15,0.001,-0.094,4.9,8,0.0012,0.77
18:48:27,22.2552711,84.90388,-0.686,0.342,0.15,0.007,-0.093,4.9,8,0.0012,0.77
18:48:27,22.2552711,84.90388,-0.686,0.337,0.15,-0.018,-0.094,5.2,8,0.0012,0.76
18:48:27,22.255271,84.9038796,-0.704,0.328,0.16,-0.015,-0.077,5.2,8,0.0000,0.78
18:48:27,22.255271,84.9038796,-0.705,0.324,0.16,-0.018,-0.079,5.4,8,0.0010,0.78
18:48:27,22.255271,84.9038796,-0.706,0.320,0.16,-0.016,-0.051,5.4,8,0.0010,0.77
18:48:27,22.255271,84.9038796,-0.706,0.318,0.16,-0.014,-0.023,5.5,8,0.0010,0.77
18:48:27,22.2552708,84.9038793,-0.725,0.309,0.16,-0.022,-0.060,5.5,8,0.0008,0.79
18:48:27,22.2552708,84.9038793,-0.726,0.307,0.16,-0.019,-0.025,5.5,8,0.0000,0.79
18:48:27,22.2552708,84.9038793,-0.727,0.304,0.16,-0.017,-0.039,5.5,8,0.0006,0.79
18:48:27,22.2552708,84.9038793,-0.728,0.303,0.16,-0.012,-0.003,5.5,8,0.0006,0.79
18:48:27,22.2552708,84.9038793,-0.744,0.298,0.16,-0.000,-0.012,5.6,8,0.0003,0.80
18:48:27,22.2552708,84.9038793,-0.744,0.298,0.16,0.009,0.019,5.6,8,0.0000,0.80
18:48:27,22.2552708,84.9038793,-0.744,0.299,0.16,0.002,0.005,5.6,8,0.0002,0.80
18:48:27,22.2552708,84.9038793,-0.743,0.300,0.16,0.012,0.036,5.7,8,0.0002,0.80
18:48:27,22.2552707,84.903879,-0.759,0.297,0.16,0.021,0.062,5.7,8,0.0002,0.82
18:48:28,22.2552707,84.903879,-0.758,0.296,0.16,0.028,0.006,5.7,8,0.0011,0.81
18:48:28,22.2552707,84.903879,-0.757,0.297,0.16,0.038,0.032,5.8,8,0.0000,0.81
18:48:28,22.2552707,84.903879,-0.754,0.299,0.16,0.046,0.054,5.9,8,0.0000,0.81
18:48:28,22.2552707,84.903879,-0.769,0.294,0.16,0.030,0.005,6.0,8,0.0004,0.82
18:48:28,22.2552707,84.903879,-0.768,0.294,0.16,0.033,0.020,6.0,8,0.0004,0.82
18:48:28,22.2552707,84.903879,-0.767,0.294,0.16,0.019,0.003,6.0,8,0.0004,0.82
18:48:28,22.2552707,84.903879,-0.766,0.295,0.16,0.022,0.018,6.1,8,0.0000,0.82
18:48:28,22.2552707,84.903879,-0.765,0.295,0.16,0.002,-0.015,6.2,8,0.0002,0.82
18:48:28,22.2552706,84.9038786,-0.784,0.289,0.17,0.003,-0.001,6.2,8,0.0002,0.84
18:48:28,22.2552706,84.9038786,-0.784,0.288,0.17,0.000,-0.024,6.2,8,0.0003,0.84
18:48:28,22.2552706,84.9038786,-0.784,0.287,0.17,0.001,-0.010,6.2,8,0.0000,0.83
18:48:28,22.2552706,84.9038786,-0.784,0.287,0.17,0.004,0.004,6.2,8,0.0000,0.83
18:48:28,22.2552704,84.9038783,-0.804,0.278,0.17,0.000,-0.030,6.2,8,0.0004,0.85
18:48:28,22.2552704,84.9038783,-0.804,0.277,0.17,0.004,-0.014,6.2,8,0.0004,0.85
18:48:28,22.2552704,84.9038783,-0.804,0.275,0.17,0.001,-0.032,6.1,8,0.0004,0.85
18:48:28,22.2552704,84.9038783,-0.804,0.274,0.17,0.007,-0.016,6.1,8,0.0000,0.85
18:48:28,22.2552704,84.9038783,-0.822,0.267,0.17,0.001,-0.032,6.1,8,0.0004,0.86
18:48:28,22.2552704,84.9038783,-0.821,0.266,0.17,0.010,-0.014,6.1,8,0.0004,0.86
18:48:28,22.2552704,84.9038783,-0.821,0.265,0.17,0.020,-0.029,6.2,8,0.0004,0.86
18:48:28,22.2552704,84.9038783,-0.819,0.264,0.17,0.029,-0.010,6.2,8,0.0000,0.86
18:48:29,22.2552703,84.903878,-0.837,0.258,0.17,0.038,0.009,6.3,8,0.0000,0.88
18:48:29,22.2552703,84.903878,-0.836,0.256,0.17,0.031,-0.020,6.3,8,0.0004,0.87
18:48:29,22.2552703,84.903878,-0.835,0.256,0.17,0.027,0.000,6.4,8,0.0004,0.87
18:48:29,22.2552703,84.903878,-0.833,0.256,0.17,0.034,0.021,6.6,8,0.0000,0.87
18:48:29,22.2552701,84.9038776,-0.854,0.250,0.17,0.004,0.004,6.6,8,0.0004,0.89
18:48:29,22.2552701,84.9038776,-0.854,0.250,0.17,0.007,0.026,6.6,8,0.0004,0.89
18:48:29,22.2552701,84.9038776,-0.853,0.252,0.17,0.011,0.047,6.8,8,0.0004,0.89
18:48:29,22.2552701,84.9038776,-0.853,0.252,0.17,0.001,0.019,7.1,8,0.0003,0.89
18:48:29,22.2552701,84.9038776,-0.853,0.254,0.17,0.002,0.039,7.1,8,0.0000,0.89
18:48:29,22.2552701,84.9038776,-0.874,0.248,0.17,-0.022,0.029,7.1,8,0.0003,0.91
18:48:29,22.2552701,84.9038776,-0.876,0.250,0.17,-0.021,0.048,7.4,8,0.0003,0.91
18:48:29,22.2552701,84.9038776,-0.877,0.252,0.17,-0.025,0.029,7.8,8,0.0004,0.91
18:48:29,22.2552701,84.9038776,-0.878,0.254,0.17,-0.017,0.040,7.8,8,0.0000,0.91
18:48:29,22.2552699,84.9038771,-0.901,0.245,0.18,-0.001,0.005,7.8,8,0.0003,0.93
18:48:29,22.2552699,84.9038771,-0.901,0.246,0.18,0.007,0.016,8.2,8,0.0003,0.93
18:48:29,22.2552699,84.9038771,-0.900,0.246,0.18,0.002,-0.014,8.7,8,0.0004,0.93
18:48:29,22.2552699,84.9038771,-0.900,0.245,0.18,0.015,-0.012,8.7,8,0.0000,0.93
18:48:29,22.2552696,84.9038768,-0.922,0.234,0.18,0.028,-0.010,8.7,8,0.0000,0.95
18:48:29,22.2552696,84.9038768,-0.921,0.231,0.18,0.033,-0.052,8.6,8,0.0006,0.95
18:48:29,22.2552696,84.9038768,-0.919,0.228,0.18,0.044,-0.052,8.6,8,0.0006,0.95
18:48:29,22.2552696,84.9038768,-0.917,0.225,0.18,0.046,-0.078,8.2,8,0.0008,0.94
18:48:30,22.2552696,84.9038768,-0.936,0.212,0.18,0.054,-0.075,8.2,8,0.0000,0.96
18:48:30,22.2552696,84.9038768,-0.934,0.208,0.18,0.043,-0.086,7.8,8,0.0009,0.96
18:48:30,22.2552696,84.9038768,-0.932,0.204,0.18,0.046,-0.078,7.6,8,0.0009,0.95
18:48:30,22.2552696,84.9038768,-0.930,0.200,0.18,0.031,-0.074,7.6,8,0.0008,0.95
18:48:30,22.2552693,84.9038764,-0.953,0.187,0.17,0.029,-0.058,7.6,8,0.0000,0.97
18:48:30,22.2552693,84.9038764,-0.952,0.184,0.17,0.003,-0.045,7.3,8,0.0006,0.97
18:48:30,22.2552693,84.9038764,-0.952,0.183,0.17,-0.004,-0.024,7.1,8,0.0006,0.97
18:48:30,22.2552693,84.9038764,-0.953,0.182,0.17,-0.023,0.000,7.1,8,0.0004,0.97
18:48:30,22.2552693,84.9038764,-0.976,0.175,0.17,-0.032,0.024,7.1,8,0.0000,0.99
18:48:30,22.2552693,84.9038764,-0.978,0.176,0.17,-0.044,0.028,7.0,8,0.0005,0.99
18:48:30,22.2552693,84.9038764,-0.981,0.178,0.17,-0.052,0.051,7.0,8,0.0005,1.00
18:48:30,22.2552693,84.9038764,-0.983,0.180,0.17,-0.051,0.045,7.0,8,0.0006,1.00
18:48:30,22.2552693,84.9038764,-0.986,0.183,0.17,-0.055,0.064,7.0,8,0.0000,1.00
18:48:30,22.2552691,84.9038759,-1.012,0.174,0.17,-0.039,0.041,7.0,8,0.0005,1.03
18:48:30,22.2552691,84.9038759,-1.014,0.177,0.17,-0.038,0.053,7.1,8,0.0005,1.03
18:48:30,22.2552691,84.9038759,-1.015,0.178,0.17,-0.023,0.006,7.1,8,0.0004,1.03
18:48:30,22.2552691,84.9038759,-1.016,0.178,0.17,-0.016,0.012,7.1,8,0.0000,1.03
18:48:30,22.255269,84.9038755,-1.042,0.168,0.18,-0.009,0.019,7.3,8,0.0000,1.06
18:48:31,22.255269,84.9038755,-1.042,0.167,0.18,0.000,-0.012,7.3,8,0.0004,1.06
18:48:31,22.255269,84.9038755,-1.042,0.167,0.18,0.011,-0.010,7.6,8,0.0004,1.05
18:48:31,22.255269,84.9038755,-1.041,0.165,0.18,0.029,-0.038,7.6,8,0.0004,1.05
18:48:31,22.255269,84.9038755,-1.062,0.154,0.18,0.041,-0.037,7.8,8,0.0000,1.07
18:48:31,22.255269,84.9038755,-1.060,0.151,0.18,0.043,-0.055,8.1,8,0.0006,1.07
18:48:31,22.255269,84.9038755,-1.057,0.148,0.18,0.051,-0.048,8.1,8,0.0006,1.07
18:48:31,22.255269,84.9038755,-1.055,0.146,0.18,0.036,-0.055,8.3,8,0.0006,1.07
18:48:31,22.2552688,84.9038753,-1.076,0.134,0.18,0.040,-0.044,8.3,8,0.0000,1.08
18:48:31,22.2552688,84.9038753,-1.075,0.131,0.18,0.027,-0.051,8.5,8,0.0005,1.08
18:48:31,22.2552688,84.9038753,-1.074,0.129,0.18,0.027,-0.036,8.5,8,0.0005,1.08
18:48:31,22.2552688,84.9038753,-1.073,0.127,0.18,0.003,-0.035,8.5,8,0.0004,1.08
18:48:31,22.2552687,84.903875,-1.097,0.117,0.17,0.001,-0.018,8.5,8,0.0000,1.10
18:48:31,22.2552687,84.903875,-1.097,0.116,0.17,-0.001,-0.000,8.6,8,0.0000,1.10
18:48:31,22.2552687,84.903875,-1.097,0.114,0.17,-0.000,-0.020,8.6,8,0.0003,1.10
18:48:31,22.2552687,84.903875,-1.097,0.114,0.17,-0.002,-0.002,8.5,8,0.0003,1.10
18:48:31,22.2552687,84.903875,-1.119,0.106,0.17,-0.000,0.001,8.5,8,0.0003,1.12
18:48:31,22.2552687,84.903875,-1.119,0.106,0.17,-0.000,0.017,8.4,8,0.0000,1.12
18:48:31,22.2552687,84.903875,-1.119,0.106,0.17,0.000,0.003,8.4,8,0.0003,1.12
18:48:31,22.2552687,84.903875,-1.119,0.107,0.17,0.003,0.015,8.3,8,0.0003,1.12
18:48:31,22.2552687,84.903875,-1.119,0.106,0.17,0.001,-0.012,8.3,8,0.0004,1.12
18:48:31,22.2552684,84.9038747,-1.142,0.096,0.17,0.007,-0.004,8.3,8,0.0000,1.15
18:48:31,22.2552684,84.9038747,-1.141,0.095,0.17,0.017,-0.028,8.2,8,0.0004,1.15
18:48:32,22.2552684,84.9038747,-1.140,0.093,0.17,0.025,-0.023,8.0,8,0.0004,1.14
18:48:32,22.2552684,84.9038747,-1.139,0.091,0.17,0.031,-0.044,7.8,8,0.0005,1.14
18:48:32,22.2552684,84.9038747,-1.159,0.080,0.17,0.040,-0.041,7.8,8,0.0000,1.16
18:48:32,22.2552684,84.9038747,-1.156,0.078,0.17,0.049,-0.037,7.8,8,0.0000,1.16
18:48:32,22.2552684,84.9038747,-1.155,0.075,0.17,0.039,-0.057,7.7,8,0.0007,1.16
18:48:32,22.2552684,84.9038747,-1.153,0.072,0.17,0.046,-0.052,7.5,8,0.0007,1.16
18:48:32,22.2552681,84.9038745,-1.173,0.059,0.16,0.038,-0.061,7.5,8,0.0007,1.17
18:48:32,22.2552681,84.9038745,-1.171,0.057,0.16,0.042,-0.052,7.5,8,0.0000,1.17
18:48:32,22.2552681,84.9038745,-1.169,0.054,0.16,0.032,-0.048,7.2,8,0.0009,1.17
18:48:32,22.2552681,84.9038745,-1.167,0.052,0.16,0.033,-0.036,6.3,8,0.0009,1.17
18:48:32,22.255268,84.9038743,-1.189,0.040,0.16,0.003,-0.045,6.3,8,0.0006,1.19
18:48:32,22.255268,84.9038743,-1.189,0.038,0.16,0.004,-0.029,6.3,8,0.0000,1.19
18:48:32,22.255268,84.9038743,-1.189,0.036,0.16,-0.016,-0.046,4.7,8,0.0006,1.19
18:48:32,22.255268,84.9038743,-1.190,0.034,0.16,-0.013,-0.028,2.6,8,0.0006,1.19
18:48:32,22.255268,84.9038743,-1.212,0.025,0.16,-0.034,-0.035,2.6,8,0.0004,1.21
18:48:32,22.255268,84.9038743,-1.213,0.023,0.16,-0.028,-0.017,2.6,8,0.0000,1.21
18:48:32,22.255268,84.9038743,-1.216,0.022,0.16,-0.057,-0.017,0.6,8,0.0007,1.22
18:48:32,22.255268,84.9038743,-1.218,0.022,0.16,-0.047,-0.001,0.6,8,0.0007,1.22
18:48:32,22.2552678,84.9038739,-1.242,0.013,0.16,-0.038,0.014,0.6,8,0.0007,1.24
18:48:33,22.2552678,84.9038739,-1.249,0.013,0.16,-0.126,0.002,0.1,8,0.0016,1.25
18:48:33,22.2552678,84.9038739,-1.255,0.013,0.16,-0.112,0.012,1.2,8,0.0000,1.25
18:48:33,22.2552678,84.9038739,-1.264,0.015,0.16,-0.191,0.026,2.6,8,0.0021,1.26
18:48:33,22.2552678,84.9038739,-1.273,0.016,0.16,-0.171,0.018,2.6,8,0.0021,1.27
18:48:33,22.2552677,84.9038735,-1.302,0.008,0.17,-0.197,0.033,2.6,8,0.0021,1.30
18:48:33,22.2552677,84.9038735,-1.312,0.009,0.17,-0.177,0.025,4.0,8,0.0000,1.31
18:48:33,22.2552677,84.9038735,-1.322,0.010,0.17,-0.201,0.015,5.3,8,0.0021,1.32
18:48:33,22.2552677,84.9038735,-1.331,0.011,0.17,-0.186,0.002,5.3,8,0.0021,1.33
18:48:33,22.2552677,84.9038735,-1.355,0.002,0.17,-0.187,-0.017,5.3,8,0.0020,1.36
18:48:33,22.2552677,84.9038735,-1.364,0.000,0.17,-0.172,-0.031,6.2,8,0.0000,1.36
18:48:33,22.2552677,84.9038735,-1.374,-0.000,0.17,-0.194,-0.004,6.6,8,0.0020,1.37
18:48:33,22.2552677,84.9038735,-1.384,-0.000,0.17,-0.189,-0.009,6.6,8,0.0020,1.38
18:48:33,22.2552679,84.9038728,-1.410,-0.006,0.16,-0.206,-0.001,6.6,8,0.0022,1.41
18:48:33,22.2552679,84.9038728,-1.420,-0.007,0.16,-0.201,-0.006,6.9,8,0.0000,1.42
18:48:33,22.2552679,84.9038728,-1.431,-0.008,0.16,-0.231,-0.028,6.9,8,0.0023,1.43
18:48:33,22.2552679,84.9038728,-1.443,-0.009,0.16,-0.231,-0.019,6.9,8,0.0023,1.44
18:48:33,22.2552681,84.9038721,-1.472,-0.013,0.15,-0.252,-0.016,6.9,8,0.0027,1.47
18:48:33,22.2552681,84.9038721,-1.485,-0.013,0.15,-0.252,-0.007,6.7,8,0.0000,1.48
18:48:33,22.2552681,84.9038721,-1.498,-0.014,0.15,-0.253,0.001,6.7,8,0.0026,1.50
18:48:34,22.2552681,84.9038721,-1.510,-0.013,0.15,-0.255,0.017,6.4,8,0.0026,1.51
18:48:34,22.2552681,84.9038721,-1.534,-0.015,0.15,-0.259,0.040,6.4,8,0.0026,1.53
18:48:34,22.2552681,84.9038721,-1.548,-0.015,0.15,-0.265,0.004,6.0,8,0.0027,1.55
18:48:34,22.2552681,84.9038721,-1.561,-0.014,0.15,-0.270,0.033,5.5,8,0.0000,1.56
18:48:34,22.2552681,84.9038721,-1.575,-0.014,0.15,-0.270,0.021,5.5,8,0.0027,1.57
18:48:34,22.2552682,84.9038713,-1.601,-0.014,0.15,-0.275,0.052,5.5,8,0.0027,1.60
18:48:34,22.2552682,84.9038713,-1.614,-0.012,0.15,-0.272,0.041,4.8,8,0.0028,1.61
18:48:34,22.2552682,84.9038713,-1.628,-0.009,0.15,-0.277,0.071,4.3,8,0.0000,1.63
18:48:34,22.2552682,84.9038713,-1.642,-0.007,0.15,-0.267,0.032,4.3,8,0.0028,1.64
18:48:34,22.2552682,84.9038713,-1.655,-0.005,0.15,-0.272,0.057,4.3,8,0.0028,1.66
18:48:34,22.2552682,84.9038713,-1.674,-0.006,0.15,-0.273,0.036,3.8,8,0.0030,1.67
18:48:34,22.2552682,84.9038713,-1.688,-0.003,0.15,-0.278,0.054,3.4,8,0.0000,1.69
18:48:34,22.2552682,84.9038713,-1.702,-0.003,0.15,-0.276,0.006,3.4,8,0.0031,1.70
18:48:34,22.2552682,84.9038713,-1.716,-0.002,0.15,-0.281,0.015,3.4,8,0.0031,1.72
18:48:34,22.2552685,84.9038706,-1.737,-0.003,0.17,-0.287,-0.025,3.1,8,0.0029,1.74
18:48:34,22.2552685,84.9038706,-1.752,-0.004,0.17,-0.293,-0.022,3.1,8,0.0000,1.75
18:48:34,22.2552685,84.9038706,-1.766,-0.005,0.17,-0.300,-0.023,3.1,8,0.0000,1.77
18:48:34,22.2552685,84.9038706,-1.782,-0.007,0.17,-0.307,-0.046,3.1,8,0.0032,1.78
18:48:34,22.2552686,84.9038698,-1.805,-0.008,0.17,-0.314,-0.046,3.1,8,0.0032,1.81
18:48:35,22.2552686,84.9038698,-1.820,-0.012,0.17,-0.292,-0.083,3.1,8,0.0030,1.82
18:48:35,22.2552686,84.9038698,-1.835,-0.016,0.17,-0.300,-0.083,3.2,8,0.0000,1.84
18:48:35,22.2552686,84.9038698,-1.850,-0.022,0.17,-0.306,-0.128,3.2,8,0.0034,1.85
18:48:35,22.2552686,84.9038698,-1.868,-0.025,0.17,-0.316,-0.124,3.3,8,0.0034,1.87
18:48:35,22.2552686,84.9038698,-1.883,-0.031,0.17,-0.312,-0.120,3.2,8,0.0031,1.88
18:48:35,22.2552686,84.9038698,-1.899,-0.036,0.17,-0.326,-0.104,3.2,8,0.0000,1.90
18:48:35,22.2552686,84.9038698,-1.914,-0.041,0.17,-0.284,-0.076,3.2,8,0.0028,1.91
18:48:35,22.2552686,84.9038692,-1.930,-0.039,0.16,-0.298,-0.060,2.4,8,0.0028,1.93
18:48:35,22.2552686,84.9038692,-1.944,-0.044,0.16,-0.261,-0.087,0.8,8,0.0028,1.94
18:48:35,22.2552686,84.9038692,-1.958,-0.047,0.16,-0.278,-0.065,0.8,8,0.0000,1.96
18:48:35,22.2552686,84.9038692,-1.971,-0.051,0.16,-0.263,-0.061,0.8,8,0.0027,1.97
18:48:35,22.2552687,84.9038686,-1.987,-0.047,0.16,-0.279,-0.039,-1.3,8,0.0027,1.99
18:48:35,22.2552687,84.9038686,-2.001,-0.048,0.16,-0.295,-0.017,-3.4,8,0.0027,2.00
18:48:35,22.2552687,84.9038686,-2.013,-0.053,0.16,-0.254,-0.067,-3.4,8,0.0028,2.01
18:48:35,22.2552687,84.9038686,-2.026,-0.056,0.16,-0.269,-0.048,-3.4,8,0.0000,2.03
18:48:35,22.2552687,84.9038686,-2.040,-0.060,0.16,-0.263,-0.088,-4.8,8,0.0028,2.04
18:48:35,22.2552687,84.9038686,-2.049,-0.056,0.16,-0.276,-0.072,-5.5,8,0.0028,2.05
18:48:35,22.2552687,84.9038686,-2.063,-0.061,0.16,-0.268,-0.108,-5.5,8,0.0029,2.06
18:48:35,22.2552687,84.9038686,-2.077,-0.066,0.16,-0.280,-0.094,-5.5,8,0.0000,2.08
18:48:35,22.2552687,84.9038686,-2.090,-0.072,0.16,-0.266,-0.123,-6.0,8,0.0029,2.09
18:48:35,22.2552689,84.9038682,-2.099,-0.067,0.16,-0.277,-0.112,-6.7,8,0.0029,2.10
18:48:36,22.2552689,84.9038682,-2.113,-0.073,0.16,-0.288,-0.100,-6.7,8,0.0029,2.11
18:48:36,22.2552689,84.9038682,-2.126,-0.082,0.16,-0.261,-0.159,-6.7,8,0.0032,2.13
18:48:36,22.2552689,84.9038682,-2.139,-0.089,0.16,-0.272,-0.147,-7.2,8,0.0000,2.14
18:48:36,22.2552689,84.9038682,-2.144,-0.085,0.16,-0.271,-0.163,-7.5,8,0.0031,2.15
18:48:36,22.2552689,84.9038682,-2.158,-0.093,0.16,-0.285,-0.147,-7.5,8,0.0031,2.16
18:48:36,22.2552689,84.9038682,-2.171,-0.101,0.16,-0.265,-0.157,-7.5,8,0.0029,2.17
18:48:36,22.2552689,84.9038682,-2.185,-0.108,0.16,-0.279,-0.141,-7.6,8,0.0000,2.19
18:48:36,22.2552689,84.9038679,-2.189,-0.102,0.16,-0.299,-0.147,-7.7,8,0.0034,2.19
18:48:36,22.2552689,84.9038679,-2.205,-0.109,0.16,-0.316,-0.131,-7.7,8,0.0034,2.21
18:48:36,22.2552689,84.9038679,-2.220,-0.115,0.16,-0.302,-0.116,-7.7,8,0.0032,2.22
18:48:36,22.2552689,84.9038679,-2.236,-0.121,0.16,-0.319,-0.100,-7.7,8,0.0000,2.24
18:48:36,22.2552689,84.9038675,-2.240,-0.113,0.17,-0.315,-0.155,-7.6,8,0.0035,2.24
18:48:36,22.2552689,84.9038675,-2.257,-0.120,0.17,-0.331,-0.145,-7.6,8,0.0035,2.26
18:48:36,22.2552689,84.9038675,-2.274,-0.127,0.17,-0.346,-0.134,-7.6,8,0.0035,2.28
18:48:36,22.2552689,84.9038675,-2.288,-0.134,0.17,-0.302,-0.133,-7.6,8,0.0032,2.29
18:48:36,22.2552689,84.9038675,-2.304,-0.141,0.17,-0.314,-0.126,-7.5,8,0.0000,2.31
18:48:36,22.2552689,84.9038675,-2.302,-0.131,0.17,-0.315,-0.134,-7.5,8,0.0034,2.31
18:48:36,22.2552689,84.9038675,-2.318,-0.137,0.17,-0.325,-0.129,-7.5,8,0.0034,2.32
18:48:36,22.2552689,84.9038675,-2.334,-0.145,0.17,-0.311,-0.160,-7.4,8,0.0033,2.34
18:48:37,22.2552689,84.9038675,-2.350,-0.153,0.17,-0.317,-0.157,-7.4,8,0.0000,2.35
18:48:37,22.2552687,84.9038672,-2.346,-0.146,0.16,-0.287,-0.209,-7.3,8,0.0033,2.35
18:48:37,22.2552687,84.9038672,-2.360,-0.157,0.16,-0.292,-0.205,-7.3,8,0.0033,2.37
18:48:37,22.2552687,84.9038672,-2.374,-0.167,0.16,-0.272,-0.201,-7.1,8,0.0031,2.38
18:48:37,22.2552687,84.9038672,-2.388,-0.177,0.16,-0.277,-0.196,-6.9,8,0.0000,2.39
18:48:37,22.2552684,84.9038668,-2.383,-0.172,0.15,-0.257,-0.211,-6.9,8,0.0028,2.39
18:48:37,22.2552684,84.9038668,-2.396,-0.183,0.15,-0.263,-0.205,-6.8,8,0.0028,2.40
18:48:37,22.2552684,84.9038668,-2.410,-0.194,0.15,-0.262,-0.233,-6.8,8,0.0031,2.42
18:48:37,22.2552684,84.9038668,-2.423,-0.206,0.15,-0.271,-0.223,-7.0,8,0.0000,2.43
18:48:37,22.2552684,84.9038668,-2.414,-0.200,0.15,-0.241,-0.256,-7.0,8,0.0031,2.42
18:48:37,22.2552684,84.9038668,-2.427,-0.213,0.15,-0.254,-0.241,-7.0,8,0.0031,2.44
18:48:37,22.2552684,84.9038668,-2.440,-0.224,0.15,-0.266,-0.225,-7.6,8,0.0031,2.45
18:48:37,22.2552684,84.9038668,-2.448,-0.241,0.15,-0.184,-0.305,-8.4,8,0.0031,2.46
18:48:37,22.2552679,84.9038663,-2.439,-0.239,0.15,-0.207,-0.275,-8.4,8,0.0000,2.45
18:48:37,22.2552679,84.9038663,-2.447,-0.254,0.15,-0.153,-0.280,-9.2,8,0.0028,2.46
18:48:37,22.2552679,84.9038663,-2.456,-0.267,0.15,-0.179,-0.248,-9.2,8,0.0028,2.47
18:48:37,22.2552679,84.9038663,-2.463,-0.280,0.15,-0.137,-0.256,-9.9,8,0.0026,2.48
18:48:37,22.2552679,84.9038663,-2.471,-0.293,0.15,-0.162,-0.226,-9.9,8,0.0000,2.49
18:48:37,22.2552674,84.9038662,-2.457,-0.289,0.16,-0.111,-0.254,-9.9,8,0.0025,2.47
18:48:37,22.2552674,84.9038662,-2.463,-0.301,0.16,-0.137,-0.225,-9.6,8,0.0025,2.48
18:48:38,22.2552674,84.9038662,-2.471,-0.312,0.16,-0.156,-0.194,-8.4,8,0.0025,2.49
18:48:38,22.2552674,84.9038662,-2.468,-0.323,0.16,0.009,-0.199,-8.4,8,0.0033,2.49
18:48:38,22.2552674,84.9038662,-2.450,-0.314,0.16,-0.003,-0.163,-7.4,8,0.0000,2.47
18:48:38,22.2552674,84.9038662,-2.449,-0.325,0.16,0.019,-0.233,-7.4,8,0.0028,2.47
18:48:38,22.2552674,84.9038662,-2.448,-0.336,0.16,0.013,-0.196,-6.7,8,0.0028,2.47
18:48:38,22.2552674,84.9038662,-2.445,-0.347,0.16,0.084,-0.234,-6.7,8,0.0026,2.47
18:48:38,22.2552669,84.903867,-2.417,-0.343,0.16,0.081,-0.201,-6.1,8,0.0000,2.44
18:48:38,22.2552669,84.903867,-2.413,-0.352,0.16,0.082,-0.173,-6.1,8,0.0000,2.44
18:48:38,22.2552669,84.903867,-2.409,-0.367,0.16,0.077,-0.259,-5.2,8,0.0029,2.44
18:48:38,22.2552669,84.903867,-2.405,-0.379,0.16,0.081,-0.236,-5.2,8,0.0029,2.43
18:48:38,22.2552669,84.903867,-2.381,-0.373,0.16,0.083,-0.257,-5.2,8,0.0027,2.41
18:48:38,22.2552669,84.903867,-2.377,-0.386,0.16,0.088,-0.233,-4.5,8,0.0000,2.41
18:48:38,22.2552669,84.903867,-2.372,-0.397,0.16,0.097,-0.212,-3.5,8,0.0025,2.41
18:48:38,22.2552669,84.903867,-2.367,-0.407,0.16,0.113,-0.189,-3.5,8,0.0025,2.40
18:48:38,22.2552669,84.903867,-2.361,-0.426,0.16,0.125,-0.281,-3.3,8,0.0030,2.40
18:48:38,22.255266,84.9038676,-2.333,-0.425,0.16,0.144,-0.261,-3.3,8,0.0000,2.37
18:48:38,22.255266,84.9038676,-2.326,-0.440,0.16,0.126,-0.291,-3.7,8,0.0031,2.37
18:48:38,22.255266,84.9038676,-2.320,-0.454,0.16,0.145,-0.278,-3.7,8,0.0031,2.36
18:48:38,22.255266,84.9038676,-2.314,-0.469,0.16,0.113,-0.299,-4.1,8,0.0033,2.36
18:48:39,22.2552651,84.9038679,-2.288,-0.475,0.15,0.130,-0.294,-4.1,8,0.0000,2.34
18:48:39,22.2552651,84.9038679,-2.281,-0.489,0.15,0.130,-0.269,-4.2,8,0.0030,2.33
18:48:39,22.2552651,84.9038679,-2.274,-0.502,0.15,0.146,-0.272,-4.4,8,0.0030,2.33
18:48:39,22.2552651,84.9038679,-2.266,-0.516,0.15,0.159,-0.279,-4.4,8,0.0030,2.32
18:48:39,22.2552651,84.9038679,-2.244,-0.519,0.15,0.136,-0.330,-4.4,8,0.0035,2.30
18:48:39,22.2552651,84.9038679,-2.237,-0.536,0.15,0.149,-0.337,-4.4,8,0.0000,2.30
18:48:39,22.2552651,84.9038679,-2.230,-0.552,0.15,0.147,-0.298,-4.3,8,0.0032,2.30
18:48:39,22.2552651,84.9038679,-2.222,-0.567,0.15,0.155,-0.307,-4.3,8,0.0032,2.29
18:48:39,22.2552641,84.9038682,-2.201,-0.574,0.14,0.128,-0.308,-4.3,8,0.0032,2.27
18:48:39,22.2552641,84.9038682,-2.194,-0.590,0.14,0.136,-0.317,-4.4,8,0.0000,2.27
18:48:39,22.2552641,84.9038682,-2.188,-0.605,0.14,0.129,-0.301,-4.4,8,0.0031,2.27
18:48:39,22.2552641,84.9038682,-2.181,-0.621,0.14,0.136,-0.309,-4.4,8,0.0031,2.27
18:48:39,22.2552632,84.9038687,-2.160,-0.633,0.13,0.108,-0.322,-4.5,8,0.0034,2.25
18:48:39,22.2552632,84.9038687,-2.154,-0.649,0.13,0.115,-0.330,-4.7,8,0.0000,2.25
18:48:39,22.2552632,84.9038687,-2.148,-0.666,0.13,0.121,-0.339,-4.9,8,0.0000,2.25
18:48:39,22.2552632,84.9038687,-2.142,-0.680,0.13,0.123,-0.286,-4.9,8,0.0031,2.25
18:48:39,22.2552632,84.9038687,-2.136,-0.694,0.13,0.129,-0.296,-4.9,8,0.0031,2.25
18:48:39,22.2552632,84.9038687,-2.119,-0.698,0.13,0.100,-0.280,-5.1,8,0.0031,2.23
18:48:39,22.2552632,84.9038687,-2.114,-0.712,0.13,0.105,-0.289,-5.1,8,0.0000,2.23
18:48:39,22.2552632,84.9038687,-2.108,-0.727,0.13,0.126,-0.289,-5.1,8,0.0031,2.23
18:48:39,22.2552632,84.9038687,-2.101,-0.741,0.13,0.129,-0.298,-5.1,8,0.0031,2.23
18:48:40,22.255262,84.9038691,-2.083,-0.753,0.12,0.111,-0.290,-5.2,8,0.0030,2.22
18:48:40,22.255262,84.9038691,-2.078,-0.768,0.12,0.113,-0.298,-5.3,8,0.0000,2.22
18:48:40,22.255262,84.9038691,-2.072,-0.784,0.12,0.121,-0.333,-5.3,8,0.0036,2.22
18:48:40,22.255262,84.9038691,-2.066,-0.801,0.12,0.120,-0.338,-5.3,8,0.0036,2.22
18:48:40,22.2552612,84.9038693,-2.049,-0.817,0.11,0.109,-0.321,-5.2,8,0.0034,2.21
18:48:40,22.2552612,84.9038693,-2.044,-0.833,0.11,0.108,-0.325,-5.1,8,0.0000,2.21
18:48:40,22.2552612,84.9038693,-2.038,-0.850,0.11,0.104,-0.327,-5.1,8,0.0000,2.21
18:48:40,22.2552612,84.9038693,-2.030,-0.863,0.11,0.161,-0.281,-5.1,8,0.0040,2.21
18:48:40,22.2552612,84.9038693,-2.014,-0.872,0.11,0.157,-0.283,-5.1,8,0.0040,2.19
18:48:40,22.2552612,84.9038693,-2.005,-0.889,0.11,0.184,-0.355,-5.1,8,0.0039,2.19
18:48:40,22.2552612,84.9038693,-1.996,-0.907,0.11,0.177,-0.355,-5.1,8,0.0000,2.19
18:48:40,22.2552612,84.9038693,-1.986,-0.924,0.11,0.212,-0.332,-5.1,8,0.0036,2.19
18:48:40,22.2552605,84.9038698,-1.967,-0.936,0.09,0.199,-0.330,-5.1,8,0.0036,2.18
18:48:40,22.2552605,84.9038698,-1.958,-0.953,0.09,0.182,-0.325,-5.0,8,0.0034,2.18
18:48:40,22.2552605,84.9038698,-1.949,-0.969,0.09,0.161,-0.317,-5.0,8,0.0000,2.18
18:48:40,22.2552605,84.9038698,-1.936,-0.985,0.09,0.209,-0.309,-5.0,8,0.0033,2.17
18:48:40,22.2552605,84.9038698,-1.922,-0.991,0.09,0.187,-0.301,-4.7,8,0.0033,2.16
18:48:40,22.2552605,84.9038698,-1.913,-1.006,0.09,0.162,-0.288,-4.4,8,0.0033,2.16
18:48:40,22.2552605,84.9038698,-1.901,-1.023,0.09,0.205,-0.327,-4.4,8,0.0037,2.16
18:48:40,22.2552605,84.9038698,-1.892,-1.039,0.09,0.176,-0.310,-4.4,8,0.0000,2.16
18:48:41,22.2552605,84.9038698,-1.879,-1.054,0.09,0.253,-0.276,-4.0,8,0.0034,2.15
18:48:41,22.2552596,84.9038705,-1.863,-1.060,0.09,0.223,-0.257,-3.8,8,0.0034,2.14
18:48:41,22.2552596,84.9038705,-1.851,-1.073,0.09,0.220,-0.241,-3.8,8,0.0030,2.14
18:48:41,22.2552596,84.9038705,-1.841,-1.085,0.09,0.191,-0.226,-3.8,8,0.0000,2.14
18:48:41,22.2552596,84.9038705,-1.830,-1.095,0.09,0.210,-0.183,-3.6,8,0.0022,2.13
18:48:41,22.2552594,84.9038712,-1.813,-1.096,0.08,0.185,-0.172,-3.2,8,0.0022,2.12
18:48:41,22.2552594,84.9038712,-1.803,-1.103,0.08,0.198,-0.132,-3.2,8,0.0022,2.11
18:48:41,22.2552594,84.9038712,-1.794,-1.110,0.08,0.180,-0.130,-3.2,8,0.0000,2.11
18:48:41,22.2552594,84.9038712,-1.783,-1.112,0.08,0.207,-0.012,-2.8,8,0.0032,2.10
18:48:41,22.2552594,84.9038712,-1.770,-1.104,0.08,0.198,-0.027,-2.8,8,0.0032,2.09
18:48:41,22.2552594,84.9038712,-1.758,-1.099,0.08,0.272,0.157,-2.9,8,0.0031,2.07
18:48:41,22.2552594,84.9038712,-1.744,-1.092,0.08,0.272,0.120,-2.9,8,0.0000,2.06
18:48:41,22.2552594,84.9038712,-1.729,-1.082,0.08,0.306,0.221,-3.5,8,0.0036,2.04
18:48:41,22.2552599,84.9038721,-1.708,-1.062,0.09,0.315,0.163,-4.4,8,0.0036,2.01
18:48:41,22.2552599,84.9038721,-1.691,-1.056,0.09,0.328,0.089,-4.4,8,0.0036,1.99
18:48:41,22.2552599,84.9038721,-1.676,-1.039,0.09,0.327,0.246,-5.2,8,0.0037,1.97
18:48:41,22.2552599,84.9038721,-1.659,-1.029,0.09,0.343,0.164,-5.2,8,0.0000,1.95
18:48:41,22.255261,84.9038729,-1.636,-1.001,0.10,0.304,0.236,-5.2,8,0.0038,1.92
18:48:41,22.255261,84.9038729,-1.621,-0.990,0.10,0.294,0.264,-5.4,8,0.0038,1.90
18:48:41,22.255261,84.9038729,-1.606,-0.977,0.10,0.286,0.270,-5.2,8,0.0039,1.88
18:48:41,22.255261,84.9038729,-1.591,-0.966,0.10,0.299,0.191,-5.2,8,0.0000,1.86
18:48:42,22.255261,84.9038729,-1.577,-0.953,0.10,0.286,0.280,-4.8,8,0.0034,1.84
18:48:42,22.255261,84.9038729,-1.562,-0.931,0.10,0.295,0.211,-4.8,8,0.0034,1.82
18:48:42,22.255261,84.9038729,-1.547,-0.922,0.10,0.304,0.142,-4.8,8,0.0034,1.80
18:48:42,22.255261,84.9038729,-1.536,-0.902,0.10,0.249,0.322,-4.4,8,0.0039,1.78
18:48:42,22.255261,84.9038729,-1.523,-0.887,0.10,0.256,0.264,-3.9,8,0.0000,1.76
18:48:42,22.2552626,84.9038736,-1.509,-0.852,0.12,0.241,0.329,-3.9,8,0.0034,1.73
18:48:42,22.2552626,84.9038736,-1.497,-0.836,0.12,0.248,0.284,-3.5,8,0.0034,1.71
18:48:42,22.2552626,84.9038736,-1.484,-0.820,0.12,0.261,0.331,-3.5,8,0.0034,1.70
18:48:42,22.2552626,84.9038736,-1.471,-0.804,0.12,0.268,0.300,-3.5,8,0.0000,1.68
18:48:42,22.2552643,84.9038743,-1.454,-0.760,0.14,0.259,0.318,-3.1,8,0.0032,1.64
18:48:42,22.2552643,84.9038743,-1.441,-0.744,0.14,0.266,0.302,-2.8,8,0.0032,1.62
18:48:42,22.2552643,84.9038743,-1.428,-0.730,0.14,0.265,0.262,-2.8,8,0.0029,1.60
18:48:42,22.2552643,84.9038743,-1.414,-0.717,0.14,0.273,0.264,-2.5,8,0.0000,1.59
18:48:42,22.2552643,84.9038743,-1.403,-0.684,0.14,0.269,0.239,-2.5,8,0.0030,1.56
18:48:42,22.2552643,84.9038743,-1.389,-0.672,0.14,0.277,0.257,-2.1,8,0.0030,1.54
18:48:42,22.2552643,84.9038743,-1.375,-0.658,0.14,0.264,0.274,-2.1,8,0.0029,1.52
18:48:42,22.2552643,84.9038743,-1.362,-0.644,0.14,0.272,0.306,-2.1,8,0.0000,1.51
18:48:42,22.2552653,84.9038748,-1.350,-0.604,0.13,0.280,0.337,-1.6,8,0.0000,1.48
18:48:43,22.2552653,84.9038748,-1.335,-0.589,0.13,0.302,0.312,-1.0,8,0.0033,1.46
18:48:43,22.2552653,84.9038748,-1.319,-0.573,0.13,0.313,0.345,-1.0,8,0.0033,1.44
18:48:43,22.2552653,84.9038748,-1.304,-0.551,0.13,0.290,0.473,-0.6,8,0.0050,1.42
18:48:43,22.2552653,84.9038748,-1.296,-0.512,0.13,0.305,0.490,-0.6,8,0.0000,1.39
18:48:43,22.2552653,84.9038748,-1.283,-0.486,0.13,0.267,0.516,-0.5,8,0.0055,1.37
18:48:43,22.2552653,84.9038748,-1.269,-0.460,0.13,0.285,0.513,-0.8,8,0.0055,1.35
18:48:43,22.2552653,84.9038748,-1.256,-0.434,0.13,0.229,0.526,-0.8,8,0.0055,1.33
18:48:43,22.2552653,84.9038748,-1.244,-0.408,0.13,0.247,0.505,-0.8,8,0.0000,1.31
18:48:43,22.2552665,84.9038753,-1.239,-0.367,0.13,0.281,0.541,-1.5,8,0.0055,1.29
18:48:43,22.2552665,84.9038753,-1.224,-0.340,0.13,0.294,0.506,-1.5,8,0.0055,1.27
18:48:43,22.2552665,84.9038753,-1.210,-0.313,0.13,0.267,0.535,-1.5,8,0.0054,1.25
18:48:43,22.2552665,84.9038753,-1.197,-0.287,0.13,0.281,0.501,-2.3,8,0.0000,1.23
18:48:43,22.2552676,84.9038754,-1.195,-0.248,0.13,0.226,0.488,-3.1,8,0.0049,1.22
18:48:43,22.2552676,84.9038754,-1.184,-0.224,0.13,0.228,0.438,-3.1,8,0.0049,1.20
18:48:43,22.2552676,84.9038754,-1.172,-0.203,0.13,0.229,0.388,-3.9,8,0.0049,1.19
18:48:43,22.2552676,84.9038754,-1.165,-0.178,0.13,0.159,0.453,-3.9,8,0.0045,1.18
18:48:43,22.2552676,84.9038754,-1.170,-0.152,0.13,0.158,0.403,-4.1,8,0.0000,1.18
18:48:43,22.2552676,84.9038754,-1.166,-0.130,0.13,0.064,0.431,-4.1,8,0.0046,1.17
18:48:43,22.2552676,84.9038754,-1.163,-0.109,0.13,0.065,0.384,-4.2,8,0.0046,1.17
18:48:43,22.2552676,84.9038754,-1.160,-0.092,0.13,0.048,0.318,-4.2,8,0.0036,1.16
18:48:44,22.2552685,84.9038751,-1.173,-0.070,0.13,0.053,0.285,-4.4,8,0.0000,1.18
18:48:44,22.2552685,84.9038751,-1.170,-0.057,0.13,0.063,0.232,-4.4,8,0.0023,1.17
18:48:44,22.2552685,84.9038751,-1.167,-0.046,0.13,0.071,0.219,-4.6,8,0.0023,1.17
18:48:44,22.2552685,84.9038751,-1.163,-0.035,0.13,0.084,0.202,-4.6,8,0.0020,1.16
18:48:44,22.2552691,84.903875,-1.175,-0.017,0.14,0.094,0.209,-4.8,8,0.0000,1.18
18:48:44,22.2552691,84.903875,-1.170,-0.007,0.14,0.110,0.208,-4.8,8,0.0020,1.17
18:48:44,22.2552691,84.903875,-1.164,0.004,0.14,0.119,0.231,-4.9,8,0.0020,1.16
18:48:44,22.2552691,84.903875,-1.158,0.015,0.14,0.134,0.207,-4.9,8,0.0020,1.16