Timestamp,Latitude,Longitude,Local_X_m,Local_Y_m,Pressure_Depth_m,Linear_Vx_ms,Linear_Vy_ms,Gyro_Heading_Yaw,Satellites_Count,DVL_FOM,Navigation_Drift_m
14:33:18,22.2546626,84.8798831,1.667,-8.158,0.11,-0.035,-0.032,138.5,27,0.0004,8.33
14:33:19,22.2546625,84.8798829,1.661,-8.159,0.11,-0.038,-0.022,138.5,27,0.0004,8.33
14:33:19,22.2546625,84.8798829,1.659,-8.160,0.11,-0.038,-0.024,138.5,27,0.0000,8.33
14:33:19,22.2546625,84.8798829,1.657,-8.161,0.11,-0.038,-0.026,138.5,27,0.0000,8.33
14:33:19,22.2546625,84.8798829,1.655,-8.163,0.11,-0.038,-0.028,138.5,27,0.0000,8.33
14:33:19,22.2546624,84.8798827,1.648,-8.164,0.11,-0.041,-0.018,138.5,27,0.0004,8.33
14:33:19,22.2546624,84.8798827,1.646,-8.165,0.11,-0.040,-0.019,138.5,27,0.0004,8.33
14:33:19,22.2546624,84.8798827,1.644,-8.166,0.11,-0.039,-0.021,138.5,27,0.0004,8.33
14:33:19,22.2546624,84.8798827,1.642,-8.167,0.11,-0.038,-0.022,138.5,27,0.0004,8.33
14:33:19,22.2546624,84.8798827,1.640,-8.168,0.11,-0.041,-0.017,138.5,27,0.0004,8.33
14:33:19,22.2546624,84.8798827,1.638,-8.168,0.11,-0.040,-0.019,138.5,27,0.0000,8.33
14:33:19,22.2546624,84.8798827,1.636,-8.170,0.11,-0.038,-0.021,138.5,27,0.0000,8.33
14:33:19,22.2546624,84.8798827,1.633,-8.170,0.11,-0.042,-0.018,138.5,27,0.0004,8.33
14:33:19,22.2546623,84.8798825,1.626,-8.172,0.11,-0.040,-0.020,138.4,27,0.0004,8.33
14:33:19,22.2546623,84.8798825,1.624,-8.173,0.11,-0.038,-0.022,138.4,27,0.0004,8.33
14:33:19,22.2546623,84.8798825,1.623,-8.175,0.11,-0.036,-0.024,138.4,27,0.0004,8.33
14:33:19,22.2546623,84.8798825,1.620,-8.175,0.11,-0.040,-0.020,138.4,27,0.0004,8.33
14:33:19,22.2546623,84.8798825,1.618,-8.176,0.11,-0.037,-0.022,138.4,27,0.0000,8.34
14:33:19,22.2546622,84.8798822,1.610,-8.179,0.11,-0.035,-0.023,138.4,27,0.0000,8.34
14:33:19,22.2546622,84.8798822,1.608,-8.180,0.11,-0.033,-0.025,138.4,27,0.0000,8.34
14:33:20,22.2546622,84.8798822,1.606,-8.181,0.11,-0.037,-0.018,138.4,27,0.0004,8.34
14:33:20,22.2546622,84.8798822,1.604,-8.182,0.11,-0.035,-0.019,138.4,27,0.0004,8.34
14:33:20,22.2546622,84.8798822,1.603,-8.183,0.11,-0.034,-0.021,138.4,27,0.0004,8.34
14:33:20,22.2546622,84.8798822,1.601,-8.184,0.11,-0.033,-0.023,138.4,27,0.0004,8.34
14:33:20,22.2546622,84.8798822,1.599,-8.183,0.11,-0.035,-0.001,138.4,27,0.0004,8.34
14:33:20,22.2546622,84.8798822,1.597,-8.183,0.11,-0.034,-0.003,138.4,27,0.0000,8.34
14:33:20,22.254662,84.879882,1.589,-8.187,0.11,-0.034,-0.005,138.4,27,0.0000,8.34
14:33:20,22.254662,84.879882,1.587,-8.188,0.11,-0.038,-0.016,138.4,27,0.0004,8.34
14:33:20,22.254662,84.879882,1.585,-8.189,0.11,-0.038,-0.017,138.4,27,0.0004,8.34
14:33:20,22.254662,84.879882,1.583,-8.190,0.11,-0.038,-0.019,138.4,27,0.0004,8.34
14:33:20,22.254662,84.879882,1.581,-8.191,0.11,-0.038,-0.021,138.4,27,0.0004,8.34
14:33:20,22.254662,84.879882,1.579,-8.192,0.11,-0.038,-0.022,138.4,27,0.0004,8.34
14:33:20,22.254662,84.879882,1.577,-8.192,0.11,-0.042,-0.017,138.4,27,0.0004,8.34
14:33:20,22.254662,84.879882,1.575,-8.193,0.11,-0.041,-0.019,138.4,27,0.0000,8.34
14:33:20,22.254662,84.879882,1.573,-8.194,0.11,-0.040,-0.020,138.4,27,0.0000,8.34
14:33:20,22.2546619,84.8798818,1.564,-8.198,0.11,-0.044,-0.016,138.3,27,0.0004,8.35
14:33:20,22.2546619,84.8798818,1.562,-8.199,0.11,-0.042,-0.017,138.3,27,0.0004,8.35
14:33:20,22.2546619,84.8798818,1.560,-8.200,0.11,-0.041,-0.018,138.3,27,0.0004,8.35
14:33:20,22.2546619,84.8798818,1.558,-8.201,0.11,-0.039,-0.020,138.3,27,0.0004,8.35
14:33:20,22.2546619,84.8798815,1.548,-8.203,0.11,-0.041,-0.001,138.2,27,0.0004,8.35
14:33:21,22.2546619,84.8798815,1.545,-8.203,0.11,-0.040,-0.002,138.2,27,0.0000,8.35
14:33:21,22.2546619,84.8798815,1.544,-8.204,0.11,-0.038,-0.004,138.2,27,0.0000,8.35
14:33:21,22.2546619,84.8798815,1.542,-8.204,0.11,-0.036,-0.005,138.1,27,0.0000,8.35
14:33:21,22.2546619,84.8798815,1.539,-8.203,0.11,-0.041,-0.000,138.1,27,0.0004,8.35
14:33:21,22.2546619,84.8798815,1.537,-8.204,0.11,-0.040,-0.001,138.1,27,0.0004,8.35
14:33:21,22.2546619,84.8798815,1.535,-8.204,0.11,-0.038,-0.003,138.1,27,0.0004,8.35
14:33:21,22.2546619,84.8798815,1.533,-8.204,0.11,-0.038,-0.000,138.0,27,0.0004,8.35
14:33:21,22.2546617,84.8798813,1.524,-8.209,0.11,-0.037,-0.001,138.0,27,0.0000,8.35
14:33:21,22.2546617,84.8798813,1.522,-8.209,0.11,-0.036,-0.002,138.0,27,0.0000,8.35
14:33:21,22.2546617,84.8798813,1.520,-8.209,0.11,-0.034,-0.002,138.0,27,0.0000,8.35
14:33:21,22.2546617,84.8798813,1.518,-8.209,0.11,-0.036,-0.000,138.0,27,0.0004,8.35
14:33:21,22.2546616,84.8798812,1.510,-8.214,0.11,-0.035,-0.001,137.9,27,0.0004,8.35
14:33:21,22.2546616,84.8798812,1.508,-8.214,0.11,-0.034,-0.002,137.9,27,0.0004,8.35
14:33:21,22.2546616,84.8798812,1.506,-8.214,0.11,-0.034,-0.003,137.9,27,0.0004,8.35
14:33:21,22.2546616,84.8798812,1.504,-8.214,0.11,-0.036,-0.000,137.9,27,0.0004,8.35
14:33:21,22.2546616,84.8798812,1.502,-8.214,0.11,-0.036,-0.002,137.9,27,0.0000,8.35
14:33:21,22.2546616,84.8798812,1.501,-8.214,0.11,-0.035,-0.003,137.9,27,0.0000,8.35
14:33:21,22.2546616,84.8798812,1.499,-8.215,0.11,-0.035,-0.005,137.9,27,0.0000,8.35
14:33:21,22.2546616,84.8798812,1.497,-8.214,0.11,-0.039,-0.000,137.8,27,0.0004,8.35
14:33:21,22.2546616,84.8798812,1.495,-8.214,0.11,-0.038,-0.002,137.7,27,0.0004,8.35
14:33:22,22.2546615,84.879881,1.486,-8.221,0.11,-0.038,-0.003,137.7,27,0.0004,8.35
14:33:22,22.2546615,84.879881,1.484,-8.221,0.11,-0.038,-0.005,137.7,27,0.0004,8.35
14:33:22,22.2546615,84.879881,1.482,-8.221,0.11,-0.044,-0.000,137.6,27,0.0004,8.35
14:33:22,22.2546615,84.879881,1.480,-8.221,0.11,-0.043,-0.001,137.6,27,0.0000,8.35
14:33:22,22.2546614,84.8798808,1.470,-8.227,0.11,-0.043,-0.002,137.6,27,0.0000,8.36
14:33:22,22.2546614,84.8798808,1.468,-8.228,0.11,-0.042,-0.002,137.6,27,0.0000,8.36
14:33:22,22.2546614,84.8798808,1.466,-8.227,0.11,-0.041,-0.000,137.6,27,0.0004,8.36
14:33:22,22.2546614,84.8798808,1.464,-8.228,0.11,-0.040,-0.000,137.6,27,0.0000,8.36
14:33:22,22.2546614,84.8798808,1.462,-8.228,0.11,-0.039,-0.001,137.6,27,0.0000,8.36
14:33:22,22.2546614,84.8798808,1.460,-8.228,0.11,-0.038,-0.002,137.6,27,0.0000,8.36
14:33:22,22.2546614,84.8798808,1.458,-8.228,0.11,-0.036,-0.003,137.6,27,0.0000,8.36
14:33:22,22.2546614,84.8798808,1.457,-8.228,0.11,-0.035,-0.004,137.7,27,0.0000,8.36
14:33:22,22.2546613,84.8798807,1.449,-8.235,0.11,-0.034,-0.005,137.7,27,0.0000,8.36
14:33:22,22.2546613,84.8798807,1.447,-8.235,0.11,-0.031,-0.000,137.7,27,0.0004,8.36
14:33:22,22.2546613,84.8798807,1.446,-8.235,0.11,-0.030,-0.001,137.7,27,0.0000,8.36
14:33:22,22.2546613,84.8798807,1.444,-8.235,0.11,-0.029,-0.002,137.7,27,0.0000,8.36
14:33:22,22.2546613,84.8798807,1.443,-8.235,0.11,-0.028,-0.002,137.7,27,0.0000,8.36
14:33:22,22.2546613,84.8798807,1.441,-8.235,0.11,-0.032,-0.000,137.7,27,0.0003,8.36
14:33:22,22.2546613,84.8798807,1.439,-8.235,0.11,-0.032,-0.000,137.7,27,0.0003,8.36
14:33:22,22.2546613,84.8798807,1.438,-8.235,0.11,-0.033,-0.000,137.7,27,0.0003,8.36
14:33:23,22.2546612,84.8798806,1.436,-8.235,0.11,-0.033,-0.000,137.6,27,0.0003,8.36
14:33:23,22.2546612,84.8798806,1.429,-8.243,0.11,-0.036,-0.000,137.6,27,0.0003,8.37
14:33:23,22.2546612,84.8798806,1.427,-8.243,0.11,-0.037,0.000,137.6,27,0.0000,8.37
14:33:23,22.2546612,84.8798806,1.424,-8.243,0.11,-0.038,0.000,137.6,27,0.0000,8.36
14:33:23,22.2546611,84.8798805,1.417,-8.251,0.11,-0.037,0.000,137.6,27,0.0003,8.37
14:33:23,22.2546611,84.8798805,1.416,-8.251,0.11,-0.037,0.000,137.6,27,0.0003,8.37
14:33:23,22.2546611,84.8798805,1.414,-8.251,0.11,-0.037,0.000,137.6,27,0.0003,8.37
14:33:23,22.2546611,84.8798805,1.412,-8.251,0.11,-0.037,0.000,137.6,27,0.0003,8.37
14:33:23,22.2546611,84.8798805,1.410,-8.251,0.11,-0.037,-0.000,137.6,27,0.0004,8.37
14:33:23,22.2546611,84.8798805,1.408,-8.251,0.11,-0.036,-0.000,137.6,27,0.0000,8.37
14:33:23,22.2546611,84.8798805,1.406,-8.251,0.11,-0.034,-0.001,137.6,27,0.0000,8.37
14:33:23,22.2546611,84.8798805,1.404,-8.251,0.11,-0.035,-0.000,137.6,27,0.0003,8.37
14:33:23,22.2546611,84.8798805,1.403,-8.251,0.11,-0.033,-0.001,137.6,27,0.0003,8.37
14:33:23,22.2546611,84.8798804,1.398,-8.258,0.11,-0.031,-0.002,137.6,27,0.0003,8.38
14:33:23,22.2546611,84.8798804,1.396,-8.258,0.11,-0.029,-0.003,137.6,27,0.0003,8.38
14:33:23,22.2546611,84.8798804,1.394,-8.258,0.11,-0.035,-0.000,137.6,27,0.0003,8.37
14:33:23,22.2546611,84.8798804,1.392,-8.258,0.11,-0.033,-0.001,137.6,27,0.0000,8.37
14:33:23,22.2546611,84.8798802,1.386,-8.264,0.11,-0.032,-0.002,137.6,27,0.0000,8.38
14:33:23,22.2546611,84.8798802,1.385,-8.265,0.11,-0.030,-0.002,137.5,27,0.0000,8.38
14:33:24,22.2546611,84.8798802,1.383,-8.264,0.11,-0.035,-0.000,137.5,27,0.0003,8.38
14:33:24,22.2546611,84.8798802,1.381,-8.264,0.11,-0.034,-0.000,137.5,27,0.0000,8.38
14:33:24,22.2546611,84.8798802,1.379,-8.264,0.11,-0.033,-0.001,137.5,27,0.0000,8.38
14:33:24,22.2546611,84.8798802,1.378,-8.265,0.11,-0.032,-0.001,137.5,27,0.0000,8.38
14:33:24,22.2546611,84.8798802,1.376,-8.264,0.11,-0.035,-0.000,137.5,27,0.0003,8.38
14:33:24,22.2546611,84.8798802,1.374,-8.264,0.11,-0.035,-0.001,137.4,27,0.0003,8.38
14:33:24,22.2546611,84.8798802,1.372,-8.265,0.11,-0.033,-0.001,137.4,27,0.0003,8.38
14:33:24,22.2546611,84.8798801,1.367,-8.270,0.11,-0.032,-0.002,137.3,27,0.0003,8.38
14:33:24,22.2546611,84.8798801,1.365,-8.270,0.11,-0.034,-0.000,137.3,27,0.0003,8.38
14:33:24,22.2546611,84.8798801,1.364,-8.270,0.11,-0.033,-0.001,137.3,27,0.0000,8.38
14:33:24,22.2546611,84.8798801,1.362,-8.270,0.11,-0.032,-0.002,137.3,27,0.0000,8.38
14:33:24,22.254661,84.87988,1.357,-8.277,0.11,-0.031,-0.004,137.2,27,0.0000,8.39
14:33:24,22.254661,84.87988,1.355,-8.276,0.11,-0.032,-0.000,137.2,27,0.0003,8.39
14:33:24,22.254661,84.87988,1.354,-8.276,0.11,-0.032,-0.001,137.1,27,0.0003,8.39
14:33:24,22.254661,84.87988,1.352,-8.277,0.11,-0.031,-0.002,137.1,27,0.0003,8.39
14:33:24,22.254661,84.87988,1.350,-8.277,0.11,-0.031,-0.000,137.1,27,0.0003,8.39
14:33:24,22.254661,84.87988,1.349,-8.277,0.11,-0.031,-0.000,137.1,27,0.0000,8.39
14:33:24,22.254661,84.87988,1.347,-8.277,0.11,-0.031,-0.000,137.1,27,0.0000,8.39
14:33:24,22.254661,84.87988,1.346,-8.277,0.11,-0.031,0.000,137.1,27,0.0000,8.39
14:33:24,22.254661,84.8798799,1.341,-8.282,0.11,-0.033,0.000,137.1,27,0.0003,8.39
14:33:25,22.254661,84.8798799,1.339,-8.282,0.11,-0.033,0.000,137.1,27,0.0003,8.39
14:33:25,22.254661,84.8798799,1.338,-8.282,0.11,-0.032,0.001,137.1,27,0.0003,8.39
14:33:25,22.254661,84.8798799,1.336,-8.282,0.11,-0.031,0.001,137.1,27,0.0003,8.39
14:33:25,22.254661,84.8798799,1.334,-8.282,0.11,-0.033,0.000,137.1,27,0.0003,8.39
14:33:25,22.2546609,84.8798798,1.330,-8.288,0.11,-0.031,0.000,137.2,27,0.0000,8.39
14:33:25,22.2546609,84.8798798,1.329,-8.288,0.11,-0.029,0.000,137.2,27,0.0000,8.39
14:33:25,22.2546609,84.8798798,1.327,-8.288,0.11,-0.027,-0.000,137.2,27,0.0000,8.39
14:33:25,22.2546609,84.8798798,1.325,-8.288,0.11,-0.031,-0.000,137.3,27,0.0002,8.39
14:33:25,22.2546609,84.8798798,1.324,-8.288,0.11,-0.028,-0.000,137.5,27,0.0002,8.39
14:33:25,22.2546609,84.8798798,1.323,-8.288,0.11,-0.026,-0.001,137.5,27,0.0002,8.39
14:33:25,22.2546609,84.8798798,1.321,-8.288,0.11,-0.023,-0.001,137.5,27,0.0002,8.39
14:33:25,22.2546609,84.8798798,1.320,-8.288,0.11,-0.027,-0.000,137.6,27,0.0002,8.39
14:33:25,22.2546609,84.8798797,1.316,-8.294,0.11,-0.025,-0.001,137.6,27,0.0000,8.40
14:33:25,22.2546609,84.8798797,1.315,-8.294,0.11,-0.023,-0.001,137.8,27,0.0000,8.40
14:33:25,22.2546609,84.8798797,1.313,-8.294,0.11,-0.028,-0.000,137.8,27,0.0002,8.40
14:33:25,22.2546609,84.8798797,1.312,-8.294,0.11,-0.026,-0.001,138.0,27,0.0002,8.40
14:33:25,22.2546608,84.8798796,1.308,-8.300,0.11,-0.024,-0.001,138.0,27,0.0002,8.40
14:33:25,22.2546608,84.8798796,1.307,-8.300,0.11,-0.022,-0.002,138.2,27,0.0002,8.40
14:33:25,22.2546608,84.8798796,1.305,-8.300,0.11,-0.031,-0.000,138.2,27,0.0002,8.40
14:33:25,22.2546608,84.8798796,1.304,-8.300,0.11,-0.028,-0.001,138.3,27,0.0000,8.40
14:33:26,22.2546608,84.8798796,1.302,-8.300,0.11,-0.026,-0.001,138.3,27,0.0000,8.40
14:33:26,22.2546608,84.8798796,1.301,-8.300,0.11,-0.023,-0.002,138.5,27,0.0000,8.40
14:33:26,22.2546608,84.8798796,1.299,-8.300,0.11,-0.031,-0.000,138.7,27,0.0003,8.40
14:33:26,22.2546608,84.8798796,1.298,-8.300,0.11,-0.029,-0.001,138.7,27,0.0003,8.40
14:33:26,22.2546608,84.8798796,1.296,-8.300,0.11,-0.027,-0.001,138.7,27,0.0003,8.40
14:33:26,22.2546609,84.8798795,1.293,-8.304,0.11,-0.026,-0.002,138.8,27,0.0003,8.40
14:33:26,22.2546609,84.8798795,1.291,-8.304,0.11,-0.033,-0.000,138.9,27,0.0003,8.40
14:33:26,22.2546609,84.8798795,1.289,-8.304,0.11,-0.032,-0.001,138.9,27,0.0000,8.40
14:33:26,22.2546609,84.8798795,1.288,-8.304,0.11,-0.030,-0.001,138.9,27,0.0000,8.40
14:33:26,22.2546609,84.8798795,1.286,-8.304,0.11,-0.033,-0.000,138.9,27,0.0003,8.40
14:33:26,22.2546609,84.8798795,1.284,-8.304,0.11,-0.032,-0.000,138.8,27,0.0003,8.40
14:33:26,22.2546609,84.8798795,1.283,-8.304,0.11,-0.030,-0.001,138.8,27,0.0003,8.40
14:33:26,22.2546609,84.8798795,1.281,-8.304,0.11,-0.029,-0.001,138.8,27,0.0003,8.40
14:33:26,22.2546609,84.8798795,1.279,-8.304,0.11,-0.032,-0.000,138.8,27,0.0003,8.40
14:33:26,22.2546609,84.8798795,1.278,-8.304,0.11,-0.031,-0.000,138.7,27,0.0000,8.40
14:33:26,22.2546609,84.8798795,1.276,-8.304,0.11,-0.029,-0.001,138.7,27,0.0000,8.40
14:33:26,22.2546609,84.8798795,1.275,-8.304,0.11,-0.027,-0.002,138.7,27,0.0000,8.40
14:33:26,22.2546609,84.8798795,1.273,-8.304,0.11,-0.032,-0.000,138.6,27,0.0003,8.40
14:33:26,22.2546609,84.8798794,1.271,-8.308,0.11,-0.030,-0.001,138.6,27,0.0003,8.40
14:33:26,22.2546609,84.8798794,1.269,-8.308,0.11,-0.028,-0.001,138.5,27,0.0003,8.40
14:33:27,22.2546609,84.8798794,1.268,-8.308,0.11,-0.027,-0.002,138.5,27,0.0003,8.40
14:33:27,22.2546609,84.8798794,1.266,-8.308,0.11,-0.033,-0.000,138.5,27,0.0003,8.40
14:33:27,22.2546609,84.8798794,1.264,-8.308,0.11,-0.032,-0.001,138.5,27,0.0000,8.40
14:33:27,22.2546609,84.8798794,1.263,-8.308,0.11,-0.030,-0.001,138.4,27,0.0000,8.40
14:33:27,22.2546609,84.8798794,1.261,-8.308,0.11,-0.036,-0.000,138.3,27,0.0003,8.40
14:33:27,22.2546609,84.8798794,1.259,-8.308,0.11,-0.035,-0.000,138.3,27,0.0003,8.40
14:33:27,22.2546609,84.8798794,1.257,-8.308,0.11,-0.034,-0.000,138.3,27,0.0003,8.40
14:33:27,22.2546609,84.8798794,1.256,-8.308,0.11,-0.033,-0.000,138.3,27,0.0003,8.40
14:33:27,22.2546609,84.8798794,1.254,-8.308,0.11,-0.036,-0.000,138.3,27,0.0003,8.40
14:33:27,22.2546609,84.8798794,1.252,-8.308,0.11,-0.035,-0.000,138.3,27,0.0000,8.40
14:33:27,22.2546609,84.8798793,1.251,-8.312,0.11,-0.033,-0.000,138.3,27,0.0000,8.41
14:33:27,22.2546609,84.8798793,1.249,-8.312,0.11,-0.032,-0.001,138.3,27,0.0000,8.41
14:33:27,22.2546609,84.8798793,1.247,-8.312,0.11,-0.035,-0.000,138.3,27,0.0004,8.41
14:33:27,22.2546609,84.8798793,1.246,-8.312,0.11,-0.033,-0.000,138.3,27,0.0004,8.40
14:33:27,22.2546609,84.8798793,1.244,-8.312,0.11,-0.032,-0.001,138.3,27,0.0004,8.40
14:33:27,22.2546609,84.8798793,1.242,-8.312,0.11,-0.030,-0.001,138.3,27,0.0004,8.40
14:33:27,22.2546609,84.8798793,1.241,-8.311,0.11,-0.033,0.014,138.3,27,0.0003,8.40
14:33:27,22.2546609,84.8798793,1.239,-8.310,0.11,-0.031,0.013,138.3,27,0.0000,8.40
14:33:27,22.2546609,84.8798793,1.237,-8.309,0.11,-0.029,0.013,138.4,27,0.0000,8.40
14:33:28,22.2546609,84.8798793,1.236,-8.309,0.11,-0.027,0.012,138.4,27,0.0000,8.40
14:33:28,22.2546609,84.8798793,1.234,-8.308,0.11,-0.032,0.016,138.4,27,0.0003,8.40
14:33:28,22.2546609,84.8798793,1.233,-8.307,0.11,-0.030,0.015,138.4,27,0.0003,8.40
14:33:28,22.2546609,84.8798793,1.231,-8.306,0.11,-0.029,0.014,138.4,27,0.0003,8.40
14:33:28,22.2546609,84.8798792,1.232,-8.310,0.11,-0.028,0.014,138.4,27,0.0003,8.40
14:33:28,22.2546609,84.8798792,1.230,-8.309,0.11,-0.032,0.017,138.5,27,0.0004,8.40
14:33:28,22.2546609,84.8798792,1.228,-8.308,0.11,-0.031,0.017,138.5,27,0.0000,8.40
14:33:28,22.2546609,84.8798792,1.227,-8.307,0.11,-0.030,0.017,138.5,27,0.0000,8.40
14:33:28,22.2546609,84.8798792,1.225,-8.306,0.11,-0.028,0.017,138.5,27,0.0000,8.40
14:33:28,22.2546609,84.8798792,1.223,-8.305,0.11,-0.034,0.021,138.5,27,0.0004,8.39
14:33:28,22.2546609,84.8798792,1.222,-8.304,0.11,-0.032,0.021,138.5,27,0.0004,8.39
14:33:28,22.2546609,84.8798792,1.220,-8.303,0.11,-0.031,0.021,138.5,27,0.0004,8.39
14:33:28,22.2546609,84.8798791,1.221,-8.307,0.11,-0.033,0.021,138.5,27,0.0004,8.40
14:33:28,22.2546609,84.8798791,1.219,-8.306,0.11,-0.031,0.021,138.5,27,0.0000,8.39
14:33:28,22.2546609,84.8798791,1.218,-8.304,0.11,-0.029,0.021,138.5,27,0.0000,8.39
14:33:28,22.2546609,84.8798791,1.216,-8.303,0.11,-0.027,0.020,138.5,27,0.0000,8.39
14:33:28,22.2546609,84.8798791,1.214,-8.302,0.11,-0.031,0.019,138.5,27,0.0004,8.39
14:33:28,22.2546609,84.8798791,1.213,-8.302,0.11,-0.029,0.019,138.5,27,0.0004,8.39
14:33:28,22.2546609,84.8798791,1.211,-8.301,0.11,-0.028,0.018,138.5,27,0.0004,8.39
14:33:28,22.2546609,84.8798791,1.210,-8.300,0.11,-0.026,0.017,138.4,27,0.0004,8.39
14:33:29,22.2546609,84.8798791,1.208,-8.299,0.11,-0.032,0.018,138.4,27,0.0004,8.39
14:33:29,22.254661,84.8798789,1.208,-8.302,0.11,-0.030,0.017,138.4,27,0.0000,8.39
14:33:29,22.254661,84.8798789,1.206,-8.301,0.11,-0.029,0.016,138.4,27,0.0000,8.39
14:33:29,22.254661,84.8798789,1.205,-8.300,0.11,-0.032,0.017,138.4,27,0.0003,8.39
14:33:29,22.254661,84.8798789,1.203,-8.299,0.11,-0.031,0.017,138.4,27,0.0003,8.39
14:33:29,22.254661,84.8798788,1.202,-8.302,0.11,-0.030,0.017,138.4,27,0.0003,8.39
14:33:29,22.254661,84.8798788,1.200,-8.301,0.11,-0.029,0.017,138.4,27,0.0003,8.39
14:33:29,22.254661,84.8798788,1.198,-8.300,0.11,-0.034,0.019,138.3,27,0.0004,8.39
14:33:29,22.254661,84.8798788,1.197,-8.299,0.11,-0.032,0.020,138.3,27,0.0000,8.38
14:33:29,22.254661,84.8798788,1.195,-8.298,0.11,-0.031,0.020,138.3,27,0.0000,8.38
14:33:29,22.254661,84.8798788,1.194,-8.297,0.11,-0.029,0.020,138.3,27,0.0000,8.38
14:33:29,22.254661,84.8798788,1.192,-8.296,0.11,-0.032,0.020,138.4,27,0.0004,8.38
14:33:29,22.254661,84.8798788,1.190,-8.295,0.11,-0.030,0.020,138.4,27,0.0004,8.38
14:33:29,22.2546611,84.8798787,1.190,-8.296,0.11,-0.028,0.020,138.4,27,0.0004,8.38
14:33:29,22.2546611,84.8798787,1.188,-8.295,0.11,-0.026,0.020,138.4,27,0.0004,8.38
14:33:29,22.2546611,84.8798787,1.187,-8.294,0.11,-0.028,0.021,138.4,27,0.0004,8.38
14:33:29,22.2546611,84.8798787,1.185,-8.293,0.11,-0.027,0.020,138.4,27,0.0000,8.38
14:33:29,22.2546611,84.8798787,1.184,-8.292,0.11,-0.025,0.020,138.4,27,0.0000,8.38
14:33:29,22.2546612,84.8798786,1.183,-8.293,0.11,-0.029,0.020,138.4,27,0.0003,8.38
14:33:29,22.2546612,84.8798786,1.181,-8.292,0.11,-0.027,0.019,138.4,27,0.0003,8.38
14:33:30,22.2546612,84.8798786,1.180,-8.291,0.11,-0.026,0.018,138.4,27,0.0003,8.37
14:33:30,22.2546612,84.8798786,1.179,-8.290,0.11,-0.024,0.017,138.5,27,0.0003,8.37
14:33:30,22.2546612,84.8798786,1.177,-8.289,0.11,-0.030,0.020,138.5,27,0.0004,8.37
14:33:30,22.2546612,84.8798786,1.175,-8.288,0.11,-0.029,0.021,138.5,27,0.0000,8.37
14:33:30,22.2546612,84.8798786,1.174,-8.287,0.11,-0.027,0.021,138.5,27,0.0000,8.37
14:33:30,22.2546612,84.8798786,1.173,-8.286,0.11,-0.025,0.021,138.5,27,0.0000,8.37
14:33:30,22.2546612,84.8798785,1.171,-8.287,0.11,-0.030,0.023,138.5,27,0.0004,8.37
14:33:30,22.2546612,84.8798785,1.170,-8.286,0.11,-0.028,0.024,138.5,27,0.0004,8.37
14:33:30,22.2546612,84.8798785,1.168,-8.284,0.11,-0.026,0.025,138.5,27,0.0004,8.37
14:33:30,22.2546612,84.8798785,1.167,-8.283,0.11,-0.024,0.025,138.4,27,0.0004,8.36
14:33:30,22.2546612,84.8798785,1.166,-8.282,0.11,-0.027,0.024,138.4,27,0.0004,8.36
14:33:30,22.2546612,84.8798784,1.164,-8.283,0.11,-0.025,0.025,138.4,27,0.0000,8.36
14:33:30,22.2546612,84.8798784,1.163,-8.282,0.11,-0.024,0.025,138.4,27,0.0000,8.36
14:33:30,22.2546612,84.8798784,1.162,-8.281,0.11,-0.022,0.025,138.4,27,0.0000,8.36
14:33:30,22.2546612,84.8798784,1.160,-8.280,0.11,-0.027,0.023,138.4,27,0.0004,8.36
14:33:30,22.2546612,84.8798784,1.159,-8.279,0.11,-0.025,0.023,138.4,27,0.0004,8.36
14:33:30,22.2546612,84.8798784,1.158,-8.277,0.11,-0.024,0.022,138.4,27,0.0004,8.36
14:33:30,22.2546612,84.8798784,1.156,-8.276,0.11,-0.023,0.021,138.4,27,0.0004,8.36
14:33:30,22.2546612,84.8798784,1.155,-8.275,0.11,-0.028,0.022,138.4,27,0.0004,8.36
14:33:30,22.2546613,84.8798783,1.154,-8.276,0.10,-0.027,0.021,138.4,27,0.0000,8.36
14:33:31,22.2546613,84.8798783,1.152,-8.275,0.10,-0.027,0.020,138.4,27,0.0000,8.36
14:33:31,22.2546613,84.8798783,1.151,-8.274,0.10,-0.026,0.020,138.4,27,0.0000,8.35
14:33:31,22.2546613,84.8798783,1.149,-8.273,0.10,-0.031,0.021,138.4,27,0.0004,8.35
14:33:31,22.2546613,84.8798782,1.147,-8.274,0.10,-0.030,0.021,138.4,27,0.0004,8.35
14:33:31,22.2546613,84.8798782,1.146,-8.273,0.10,-0.029,0.020,138.3,27,0.0004,8.35
14:33:31,22.2546613,84.8798782,1.144,-8.272,0.10,-0.032,0.022,138.3,27,0.0004,8.35
14:33:31,22.2546613,84.8798782,1.142,-8.271,0.10,-0.030,0.021,138.3,27,0.0000,8.35
14:33:31,22.2546613,84.8798782,1.141,-8.270,0.10,-0.029,0.021,138.3,27,0.0000,8.35
14:33:31,22.2546613,84.8798782,1.139,-8.269,0.10,-0.027,0.020,138.4,27,0.0000,8.35
14:33:31,22.2546613,84.8798782,1.138,-8.268,0.10,-0.030,0.020,138.4,27,0.0004,8.35
14:33:31,22.2546613,84.8798782,1.136,-8.267,0.10,-0.028,0.020,138.4,27,0.0004,8.34
14:33:31,22.2546613,84.8798782,1.135,-8.266,0.10,-0.026,0.020,138.4,27,0.0004,8.34
14:33:31,22.2546613,84.8798781,1.134,-8.268,0.11,-0.024,0.020,138.4,27,0.0004,8.35
14:33:31,22.2546613,84.8798781,1.132,-8.267,0.11,-0.027,0.020,138.4,27,0.0003,8.34
14:33:31,22.2546613,84.8798781,1.131,-8.266,0.11,-0.025,0.020,138.4,27,0.0000,8.34
14:33:31,22.2546613,84.8798781,1.129,-8.265,0.11,-0.023,0.019,138.4,27,0.0000,8.34
14:33:31,22.2546613,84.879878,1.128,-8.267,0.11,-0.022,0.019,138.4,27,0.0000,8.34
14:33:31,22.2546613,84.879878,1.126,-8.266,0.11,-0.026,0.019,138.4,27,0.0003,8.34
14:33:31,22.2546613,84.879878,1.125,-8.265,0.11,-0.024,0.019,138.4,27,0.0003,8.34
14:33:32,22.2546613,84.879878,1.124,-8.264,0.11,-0.023,0.018,138.4,27,0.0003,8.34
14:33:32,22.2546613,84.879878,1.122,-8.263,0.11,-0.026,0.019,138.4,27,0.0003,8.34
14:33:32,22.2546613,84.879878,1.121,-8.262,0.11,-0.025,0.018,138.4,27,0.0000,8.34
14:33:32,22.2546613,84.879878,1.120,-8.262,0.11,-0.024,0.018,138.4,27,0.0000,8.34
14:33:32,22.2546613,84.879878,1.119,-8.261,0.11,-0.024,0.018,138.4,27,0.0000,8.34
14:33:32,22.2546613,84.879878,1.117,-8.260,0.11,-0.027,0.016,138.3,27,0.0003,8.34
14:33:32,22.2546613,84.8798779,1.115,-8.263,0.11,-0.027,0.016,138.3,27,0.0003,8.34
14:33:32,22.2546613,84.8798779,1.114,-8.262,0.11,-0.027,0.015,138.3,27,0.0003,8.34
14:33:32,22.2546613,84.8798779,1.113,-8.261,0.11,-0.027,0.015,138.3,27,0.0003,8.34
14:33:32,22.2546613,84.8798779,1.111,-8.262,0.11,-0.031,0.001,138.3,27,0.0003,8.34
14:33:32,22.2546613,84.8798779,1.109,-8.262,0.11,-0.032,0.000,138.3,27,0.0000,8.34
14:33:32,22.2546613,84.8798779,1.108,-8.262,0.11,-0.032,-0.001,138.3,27,0.0000,8.34
14:33:32,22.2546613,84.8798779,1.106,-8.262,0.11,-0.032,-0.001,138.2,27,0.0000,8.34
14:33:32,22.2546613,84.8798779,1.105,-8.262,0.11,-0.032,-0.002,138.2,27,0.0000,8.34
14:33:32,22.2546614,84.8798778,1.103,-8.264,0.11,-0.031,-0.002,138.2,27,0.0000,8.34
14:33:32,22.2546614,84.8798778,1.101,-8.264,0.11,-0.031,-0.003,138.2,27,0.0000,8.34
14:33:32,22.2546614,84.8798778,1.100,-8.265,0.11,-0.031,-0.003,138.1,27,0.0000,8.34
14:33:32,22.2546614,84.8798778,1.097,-8.264,0.11,-0.034,-0.000,138.0,27,0.0004,8.34
14:33:32,22.2546614,84.8798777,1.095,-8.266,0.11,-0.033,-0.000,138.0,27,0.0000,8.34
14:33:32,22.2546614,84.8798777,1.094,-8.266,0.11,-0.031,-0.000,138.0,27,0.0000,8.34
14:33:33,22.2546614,84.8798777,1.092,-8.266,0.11,-0.030,-0.001,137.9,27,0.0000,8.34
14:33:33,22.2546614,84.8798777,1.090,-8.266,0.11,-0.031,-0.000,137.9,27,0.0003,8.34
14:33:33,22.2546614,84.8798777,1.089,-8.266,0.11,-0.029,-0.000,137.9,27,0.0003,8.34
14:33:33,22.2546614,84.8798777,1.088,-8.266,0.11,-0.027,-0.000,137.9,27,0.0003,8.34
14:33:33,22.2546614,84.8798777,1.086,-8.266,0.11,-0.025,-0.000,137.8,27,0.0003,8.34
14:33:33,22.2546614,84.8798777,1.085,-8.266,0.11,-0.028,-0.000,137.7,27,0.0003,8.34
14:33:33,22.2546614,84.8798777,1.083,-8.266,0.11,-0.027,-0.000,137.7,27,0.0000,8.34
14:33:33,22.2546615,84.8798776,1.082,-8.267,0.11,-0.025,-0.001,137.7,27,0.0000,8.34
14:33:33,22.2546615,84.8798776,1.080,-8.267,0.11,-0.027,-0.000,137.6,27,0.0003,8.34
14:33:33,22.2546615,84.8798776,1.079,-8.267,0.11,-0.026,-0.001,137.5,27,0.0003,8.34
14:33:33,22.2546615,84.8798776,1.078,-8.267,0.11,-0.026,-0.002,137.5,27,0.0003,8.34
14:33:33,22.2546616,84.8798775,1.076,-8.266,0.10,-0.025,-0.002,137.4,27,0.0003,8.34
14:33:33,22.2546616,84.8798775,1.074,-8.266,0.10,-0.029,-0.000,137.4,27,0.0003,8.34
14:33:33,22.2546616,84.8798775,1.073,-8.266,0.10,-0.029,-0.001,137.3,27,0.0000,8.34
14:33:33,22.2546616,84.8798775,1.071,-8.266,0.10,-0.029,-0.002,137.3,27,0.0000,8.34
14:33:33,22.2546616,84.8798775,1.070,-8.266,0.10,-0.029,-0.003,137.3,27,0.0000,8.34
14:33:33,22.2546616,84.8798775,1.068,-8.266,0.10,-0.033,-0.000,137.3,27,0.0003,8.33
14:33:33,22.2546616,84.8798775,1.067,-8.266,0.10,-0.033,-0.001,137.3,27,0.0003,8.33
14:33:33,22.2546616,84.8798775,1.065,-8.266,0.10,-0.034,-0.001,137.3,27,0.0003,8.33
14:33:33,22.2546617,84.8798773,1.062,-8.264,0.11,-0.035,-0.001,137.3,27,0.0003,8.33
14:33:34,22.2546617,84.8798773,1.060,-8.264,0.11,-0.037,-0.000,137.3,27,0.0003,8.33
14:33:34,22.2546617,84.8798773,1.058,-8.264,0.11,-0.037,0.001,137.3,27,0.0000,8.33
14:33:34,22.2546617,84.8798773,1.056,-8.264,0.11,-0.036,0.002,137.3,27,0.0000,8.33
14:33:34,22.2546617,84.8798773,1.054,-8.264,0.11,-0.036,0.003,137.3,27,0.0000,8.33
14:33:34,22.2546617,84.8798772,1.051,-8.263,0.11,-0.037,0.000,137.3,27,0.0003,8.33
14:33:34,22.2546617,84.8798772,1.049,-8.263,0.11,-0.036,0.001,137.3,27,0.0003,8.33
14:33:34,22.2546617,84.8798772,1.048,-8.262,0.11,-0.036,0.003,137.3,27,0.0003,8.33
14:33:34,22.2546617,84.8798772,1.046,-8.262,0.11,-0.034,0.004,137.3,27,0.0003,8.33
14:33:34,22.2546617,84.8798772,1.044,-8.263,0.11,-0.033,0.000,137.3,27,0.0003,8.33
14:33:34,22.2546617,84.8798772,1.042,-8.262,0.11,-0.031,0.002,137.3,27,0.0000,8.33
14:33:34,22.2546617,84.8798772,1.041,-8.262,0.11,-0.029,0.003,137.3,27,0.0000,8.33
14:33:34,22.2546617,84.8798772,1.039,-8.262,0.11,-0.029,0.000,137.4,27,0.0002,8.33
14:33:34,22.2546617,84.879877,1.036,-8.261,0.11,-0.027,0.001,137.4,27,0.0002,8.33
14:33:34,22.2546617,84.879877,1.035,-8.261,0.11,-0.026,0.002,137.4,27,0.0002,8.33
14:33:34,22.2546617,84.879877,1.033,-8.261,0.11,-0.024,0.003,137.4,27,0.0002,8.33
14:33:34,22.2546617,84.879877,1.032,-8.261,0.11,-0.029,0.000,137.4,27,0.0002,8.32
14:33:34,22.2546617,84.879877,1.030,-8.261,0.11,-0.028,-0.000,137.4,27,0.0000,8.32
14:33:34,22.2546617,84.8798769,1.027,-8.260,0.11,-0.028,-0.000,137.4,27,0.0000,8.32
14:33:34,22.2546617,84.8798769,1.025,-8.260,0.11,-0.027,-0.000,137.4,27,0.0000,8.32
14:33:34,22.2546617,84.8798769,1.024,-8.259,0.11,-0.031,-0.000,137.4,27,0.0003,8.32
14:33:35,22.2546617,84.8798769,1.022,-8.259,0.11,-0.031,-0.000,137.4,27,0.0003,8.32
14:33:35,22.2546617,84.8798769,1.021,-8.260,0.11,-0.032,-0.000,137.4,27,0.0003,8.32
14:33:35,22.2546617,84.8798769,1.019,-8.260,0.11,-0.033,-0.000,137.4,27,0.0003,8.32
14:33:35,22.2546617,84.8798769,1.017,-8.260,0.11,-0.034,-0.000,137.4,27,0.0003,8.32
14:33:35,22.2546617,84.8798769,1.016,-8.260,0.11,-0.035,-0.000,137.4,27,0.0000,8.32
14:33:35,22.2546617,84.8798768,1.012,-8.258,0.11,-0.035,-0.000,137.4,27,0.0000,8.32
14:33:35,22.2546617,84.8798768,1.010,-8.258,0.11,-0.038,-0.000,137.4,27,0.0003,8.32
14:33:35,22.2546617,84.8798768,1.008,-8.258,0.11,-0.038,-0.000,137.4,27,0.0003,8.32
14:33:35,22.2546617,84.8798768,1.004,-8.258,0.11,-0.037,-0.001,137.5,27,0.0003,8.32
14:33:35,22.2546617,84.8798768,1.004,-8.258,0.11,-0.037,-0.001,137.5,27,0.0003,8.32
14:33:35,22.2546617,84.8798768,1.000,-8.258,0.11,-0.038,-0.001,137.5,27,0.0000,8.32
14:33:35,22.2546617,84.8798768,0.999,-8.258,0.11,-0.036,-0.001,137.5,27,0.0000,8.32
14:33:35,22.2546617,84.8798767,0.996,-8.257,0.11,-0.034,-0.001,137.5,27,0.0000,8.32
14:33:35,22.2546617,84.8798767,0.994,-8.257,0.11,-0.035,-0.000,137.5,27,0.0003,8.32
14:33:35,22.2546617,84.8798767,0.992,-8.257,0.11,-0.033,-0.000,137.5,27,0.0003,8.32
14:33:35,22.2546617,84.8798767,0.991,-8.257,0.11,-0.031,-0.000,137.5,27,0.0003,8.32
14:33:35,22.2546617,84.8798767,0.989,-8.257,0.11,-0.029,-0.000,137.5,27,0.0003,8.32
14:33:35,22.2546617,84.8798765,0.985,-8.256,0.11,-0.033,-0.000,137.5,27,0.0003,8.31
14:33:35,22.2546617,84.8798765,0.984,-8.256,0.11,-0.032,0.000,137.5,27,0.0000,8.31
14:33:36,22.2546617,84.8798765,0.982,-8.256,0.11,-0.031,0.001,137.5,27,0.0000,8.31
14:33:36,22.2546617,84.8798765,0.980,-8.256,0.11,-0.031,0.002,137.5,27,0.0000,8.31
14:33:36,22.2546617,84.8798765,0.979,-8.256,0.11,-0.034,0.000,137.5,27,0.0003,8.31
14:33:36,22.2546617,84.8798765,0.977,-8.256,0.11,-0.033,0.001,137.5,27,0.0003,8.31
14:33:36,22.2546617,84.8798765,0.975,-8.256,0.11,-0.034,0.002,137.5,27,0.0003,8.31
14:33:36,22.2546617,84.8798765,0.973,-8.256,0.11,-0.034,0.003,137.5,27,0.0003,8.31
14:33:36,22.2546617,84.8798764,0.970,-8.255,0.11,-0.038,0.000,137.5,27,0.0003,8.31
14:33:36,22.2546617,84.8798764,0.968,-8.255,0.11,-0.038,0.001,137.6,27,0.0000,8.31
14:33:36,22.2546617,84.8798764,0.966,-8.255,0.11,-0.038,0.001,137.6,27,0.0000,8.31
14:33:36,22.2546617,84.8798764,0.964,-8.255,0.11,-0.041,0.000,137.6,27,0.0003,8.31
14:33:36,22.2546617,84.8798763,0.960,-8.255,0.11,-0.040,-0.000,137.6,27,0.0003,8.31
14:33:36,22.2546617,84.8798763,0.958,-8.255,0.11,-0.040,-0.001,137.6,27,0.0003,8.31
14:33:36,22.2546617,84.8798763,0.956,-8.255,0.11,-0.039,-0.002,137.6,27,0.0003,8.31
14:33:36,22.2546617,84.8798763,0.954,-8.255,0.11,-0.042,-0.000,137.6,27,0.0003,8.31
14:33:36,22.2546617,84.8798763,0.952,-8.255,0.11,-0.041,-0.001,137.6,27,0.0000,8.31
14:33:36,22.2546617,84.8798763,0.950,-8.255,0.11,-0.040,-0.003,137.6,27,0.0000,8.31
14:33:36,22.2546617,84.8798763,0.948,-8.255,0.11,-0.039,-0.004,137.6,27,0.0000,8.31
14:33:36,22.2546617,84.8798763,0.946,-8.255,0.11,-0.042,-0.000,137.6,27,0.0003,8.31
14:33:36,22.2546617,84.8798763,0.944,-8.255,0.11,-0.041,-0.001,137.6,27,0.0003,8.31
14:33:36,22.2546617,84.8798761,0.940,-8.254,0.11,-0.040,-0.002,137.6,27,0.0003,8.31
14:33:37,22.2546617,84.8798761,0.938,-8.254,0.11,-0.041,-0.000,137.7,27,0.0003,8.31
14:33:37,22.2546617,84.8798761,0.936,-8.254,0.11,-0.040,-0.000,137.7,27,0.0000,8.31
14:33:37,22.2546617,84.8798761,0.934,-8.254,0.11,-0.039,0.000,137.7,27,0.0000,8.31
14:33:37,22.2546617,84.879876,0.930,-8.254,0.11,-0.039,0.000,137.7,27,0.0000,8.31
14:33:37,22.2546617,84.879876,0.928,-8.254,0.11,-0.041,0.000,137.7,27,0.0003,8.31
14:33:37,22.2546617,84.879876,0.926,-8.254,0.11,-0.040,0.001,137.7,27,0.0003,8.31
14:33:37,22.2546617,84.879876,0.924,-8.254,0.11,-0.039,0.001,137.7,27,0.0003,8.31
14:33:37,22.2546617,84.879876,0.922,-8.254,0.11,-0.039,0.002,137.8,27,0.0003,8.30
14:33:37,22.2546617,84.879876,0.920,-8.254,0.11,-0.041,0.000,137.8,27,0.0003,8.30
14:33:37,22.2546617,84.879876,0.918,-8.254,0.11,-0.040,0.001,137.8,27,0.0000,8.30
14:33:37,22.2546617,84.879876,0.916,-8.254,0.11,-0.040,0.001,137.8,27,0.0000,8.30
14:33:37,22.2546618,84.8798758,0.912,-8.252,0.11,-0.039,0.001,137.9,27,0.0000,8.30
14:33:37,22.2546618,84.8798758,0.910,-8.252,0.11,-0.042,0.000,138.0,27,0.0003,8.30
14:33:37,22.2546618,84.8798758,0.908,-8.252,0.11,-0.041,0.000,138.0,27,0.0003,8.30
14:33:37,22.2546618,84.8798758,0.906,-8.252,0.11,-0.041,0.000,138.0,27,0.0003,8.30
14:33:37,22.2546618,84.8798758,0.904,-8.252,0.11,-0.040,0.000,138.0,27,0.0003,8.30
14:33:37,22.2546618,84.8798758,0.901,-8.252,0.11,-0.045,0.000,138.1,27,0.0003,8.30
14:33:37,22.2546618,84.8798758,0.899,-8.252,0.11,-0.044,-0.000,138.1,27,0.0000,8.30
14:33:37,22.2546618,84.8798758,0.897,-8.252,0.11,-0.043,-0.000,138.1,27,0.0000,8.30
14:33:37,22.2546618,84.8798758,0.894,-8.252,0.11,-0.043,-0.000,138.2,27,0.0000,8.30
14:33:38,22.2546618,84.8798757,0.891,-8.250,0.11,-0.046,-0.000,138.2,27,0.0004,8.30
14:33:38,22.2546618,84.8798757,0.889,-8.250,0.11,-0.045,-0.000,138.2,27,0.0004,8.30
14:33:38,22.2546618,84.8798757,0.887,-8.250,0.11,-0.044,-0.001,138.2,27,0.0004,8.30
14:33:38,22.2546618,84.8798757,0.884,-8.250,0.11,-0.045,-0.000,138.3,27,0.0003,8.30
14:33:38,22.2546619,84.8798756,0.881,-8.248,0.11,-0.044,-0.000,138.3,27,0.0000,8.29
14:33:38,22.2546619,84.8798756,0.879,-8.248,0.11,-0.044,-0.001,138.3,27,0.0000,8.29
14:33:38,22.2546619,84.8798756,0.877,-8.248,0.11,-0.043,-0.001,138.3,27,0.0000,8.29
14:33:38,22.2546619,84.8798756,0.874,-8.248,0.11,-0.047,-0.000,138.3,27,0.0004,8.29
14:33:38,22.2546619,84.8798756,0.872,-8.248,0.11,-0.047,-0.000,138.3,27,0.0004,8.29
14:33:38,22.2546619,84.8798756,0.870,-8.248,0.11,-0.047,-0.000,138.3,27,0.0004,8.29
14:33:38,22.2546619,84.8798756,0.867,-8.248,0.11,-0.046,-0.001,138.3,27,0.0004,8.29
14:33:38,22.2546619,84.8798756,0.865,-8.248,0.11,-0.052,-0.000,138.4,27,0.0004,8.29
14:33:38,22.2546619,84.8798756,0.862,-8.248,0.11,-0.051,-0.000,138.4,27,0.0000,8.29
14:33:38,22.254662,84.8798755,0.860,-8.244,0.11,-0.051,0.000,138.4,27,0.0000,8.29
14:33:38,22.254662,84.8798755,0.857,-8.244,0.11,-0.051,0.000,138.5,27,0.0004,8.29
14:33:38,22.254662,84.8798755,0.855,-8.244,0.11,-0.050,0.000,138.5,27,0.0004,8.29
14:33:38,22.254662,84.8798755,0.852,-8.244,0.11,-0.049,0.000,138.5,27,0.0004,8.29
14:33:38,22.254662,84.8798754,0.850,-8.241,0.11,-0.049,0.001,138.5,27,0.0004,8.28
14:33:38,22.254662,84.8798754,0.848,-8.241,0.11,-0.050,0.000,138.5,27,0.0004,8.28
14:33:39,22.254662,84.8798754,0.845,-8.241,0.11,-0.049,0.000,138.5,27,0.0000,8.28
14:33:39,22.254662,84.8798754,0.843,-8.241,0.11,-0.048,0.001,138.5,27,0.0000,8.28
14:33:39,22.254662,84.8798754,0.841,-8.241,0.11,-0.048,0.001,138.6,27,0.0000,8.28
14:33:39,22.254662,84.8798754,0.838,-8.241,0.11,-0.049,0.000,138.6,27,0.0004,8.28
14:33:39,22.254662,84.8798754,0.835,-8.241,0.11,-0.048,0.000,138.6,27,0.0004,8.28
14:33:39,22.254662,84.8798754,0.833,-8.241,0.11,-0.047,0.001,138.6,27,0.0004,8.28
14:33:39,22.254662,84.8798752,0.831,-8.238,0.11,-0.046,0.001,138.6,27,0.0004,8.28
14:33:39,22.254662,84.8798752,0.829,-8.238,0.11,-0.049,0.000,138.6,27,0.0004,8.28
14:33:39,22.254662,84.8798752,0.826,-8.238,0.11,-0.048,0.000,138.6,27,0.0000,8.28
14:33:39,22.254662,84.8798752,0.824,-8.238,0.11,-0.048,0.000,138.6,27,0.0000,8.28
14:33:39,22.254662,84.8798752,0.821,-8.238,0.11,-0.047,0.001,138.6,27,0.0000,8.28
14:33:39,22.2546621,84.8798751,0.819,-8.234,0.11,-0.048,0.000,138.6,27,0.0004,8.28
14:33:39,22.2546621,84.8798751,0.817,-8.234,0.11,-0.048,0.000,138.6,27,0.0004,8.27
14:33:39,22.2546621,84.8798751,0.814,-8.234,0.11,-0.047,0.001,138.6,27,0.0004,8.27
14:33:39,22.2546621,84.8798751,0.812,-8.234,0.11,-0.047,0.001,138.6,27,0.0004,8.27
14:33:39,22.2546621,84.8798751,0.809,-8.234,0.11,-0.052,0.000,138.6,27,0.0004,8.27
14:33:39,22.2546621,84.8798751,0.807,-8.234,0.11,-0.051,0.000,138.6,27,0.0000,8.27
14:33:39,22.2546621,84.8798751,0.804,-8.234,0.11,-0.050,0.000,138.6,27,0.0000,8.27
14:33:39,22.2546621,84.8798751,0.801,-8.234,0.11,-0.053,0.000,138.6,27,0.0004,8.27
14:33:39,22.2546621,84.8798749,0.799,-8.231,0.11,-0.052,-0.000,138.7,27,0.0004,8.27
14:33:40,22.2546621,84.8798749,0.797,-8.231,0.11,-0.051,-0.000,138.7,27,0.0004,8.27
14:33:40,22.2546621,84.8798749,0.794,-8.231,0.11,-0.050,-0.000,138.7,27,0.0004,8.27
14:33:40,22.2546621,84.8798749,0.792,-8.231,0.11,-0.050,-0.000,138.7,27,0.0004,8.27
14:33:40,22.2546621,84.8798749,0.789,-8.231,0.11,-0.049,0.000,138.6,27,0.0000,8.27
14:33:40,22.2546622,84.8798747,0.786,-8.227,0.11,-0.048,0.001,138.6,27,0.0000,8.26
14:33:40,22.2546622,84.8798747,0.784,-8.227,0.11,-0.047,0.001,138.6,27,0.0000,8.26
14:33:40,22.2546622,84.8798747,0.781,-8.227,0.11,-0.050,0.000,138.6,27,0.0004,8.26
14:33:40,22.2546622,84.8798747,0.779,-8.227,0.11,-0.049,0.001,138.7,27,0.0004,8.26
14:33:40,22.2546622,84.8798747,0.776,-8.227,0.11,-0.048,0.001,138.7,27,0.0004,8.26
14:33:40,22.2546622,84.8798747,0.774,-8.227,0.11,-0.047,0.002,138.7,27,0.0004,8.26
14:33:40,22.2546622,84.8798747,0.771,-8.227,0.11,-0.048,0.000,138.7,27,0.0004,8.26
14:33:40,22.2546622,84.8798747,0.769,-8.227,0.11,-0.048,0.001,138.7,27,0.0000,8.26
14:33:40,22.2546622,84.8798745,0.766,-8.223,0.11,-0.048,0.001,138.7,27,0.0000,8.26
14:33:40,22.2546622,84.8798745,0.764,-8.223,0.11,-0.048,0.002,138.7,27,0.0000,8.26
14:33:40,22.2546622,84.8798745,0.761,-8.223,0.11,-0.049,0.000,138.7,27,0.0004,8.26
14:33:40,22.2546622,84.8798745,0.759,-8.223,0.11,-0.049,0.001,138.7,27,0.0004,8.26
14:33:40,22.2546623,84.8798743,0.755,-8.219,0.11,-0.050,0.001,138.7,27,0.0004,8.25
14:33:40,22.2546623,84.8798743,0.752,-8.219,0.11,-0.051,0.001,138.7,27,0.0004,8.25
14:33:40,22.2546623,84.8798743,0.749,-8.219,0.11,-0.054,0.000,138.7,27,0.0004,8.25
14:33:40,22.2546623,84.8798743,0.747,-8.219,0.11,-0.055,0.000,138.7,27,0.0000,8.25
14:33:41,22.2546623,84.8798743,0.744,-8.219,0.11,-0.056,0.000,138.7,27,0.0000,8.25
14:33:41,22.2546623,84.8798743,0.741,-8.219,0.11,-0.057,0.000,138.7,27,0.0000,8.25
14:33:41,22.2546623,84.8798743,0.738,-8.219,0.11,-0.054,0.000,138.7,27,0.0004,8.25
14:33:41,22.2546623,84.8798743,0.736,-8.219,0.11,-0.055,0.000,138.7,27,0.0004,8.25
14:33:41,22.2546623,84.8798743,0.733,-8.219,0.11,-0.056,0.001,138.7,27,0.0004,8.25
14:33:41,22.2546623,84.8798742,0.730,-8.215,0.11,-0.056,0.002,138.7,27,0.0004,8.25
14:33:41,22.2546623,84.8798742,0.728,-8.215,0.11,-0.054,0.000,138.7,27,0.0004,8.25
14:33:41,22.2546623,84.8798742,0.725,-8.215,0.11,-0.055,0.001,138.7,27,0.0000,8.25
14:33:41,22.2546623,84.8798742,0.722,-8.215,0.11,-0.056,0.001,138.7,27,0.0000,8.25
14:33:41,22.2546623,84.8798742,0.719,-8.215,0.11,-0.057,0.000,138.7,27,0.0005,8.25
14:33:41,22.2546623,84.8798742,0.716,-8.215,0.11,-0.057,0.001,138.7,27,0.0005,8.25
14:33:41,22.2546623,84.8798742,0.713,-8.215,0.11,-0.057,0.001,138.7,27,0.0005,8.25
14:33:41,22.2546623,84.8798742,0.711,-8.214,0.11,-0.058,0.001,138.7,27,0.0005,8.25
14:33:41,22.2546624,84.879874,0.708,-8.210,0.11,-0.057,0.000,138.7,27,0.0005,8.24
14:33:41,22.2546624,84.879874,0.705,-8.210,0.11,-0.057,0.000,138.7,27,0.0000,8.24
14:33:41,22.2546624,84.879874,0.702,-8.210,0.11,-0.057,0.001,138.7,27,0.0000,8.24
14:33:41,22.2546624,84.879874,0.699,-8.210,0.11,-0.057,0.001,138.7,27,0.0000,8.24
14:33:41,22.2546624,84.879874,0.697,-8.210,0.11,-0.056,0.000,138.7,27,0.0005,8.24
14:33:41,22.2546624,84.8798738,0.694,-8.205,0.11,-0.055,0.000,138.7,27,0.0005,8.23
14:33:41,22.2546624,84.8798738,0.691,-8.205,0.11,-0.055,0.001,138.7,27,0.0005,8.23
14:33:42,22.2546624,84.8798738,0.688,-8.205,0.11,-0.055,0.001,138.7,27,0.0005,8.23
14:33:42,22.2546624,84.8798738,0.685,-8.205,0.11,-0.052,0.000,138.7,27,0.0004,8.23
14:33:42,22.2546624,84.8798738,0.683,-8.205,0.11,-0.052,0.000,138.7,27,0.0000,8.23
14:33:42,22.2546624,84.8798738,0.680,-8.205,0.11,-0.053,0.001,138.7,27,0.0000,8.23
14:33:42,22.2546624,84.8798738,0.678,-8.205,0.11,-0.050,0.000,138.7,27,0.0004,8.23
14:33:42,22.2546624,84.8798738,0.675,-8.205,0.11,-0.051,0.000,138.7,27,0.0004,8.23
14:33:42,22.2546625,84.8798736,0.672,-8.200,0.11,-0.052,0.001,138.7,27,0.0004,8.23
14:33:42,22.2546625,84.8798736,0.670,-8.200,0.11,-0.053,0.001,138.7,27,0.0004,8.23
14:33:42,22.2546625,84.8798736,0.667,-8.200,0.11,-0.052,0.000,138.7,27,0.0004,8.23
14:33:42,22.2546625,84.8798736,0.665,-8.200,0.11,-0.053,0.000,138.7,27,0.0000,8.23
14:33:42,22.2546625,84.8798736,0.662,-8.200,0.11,-0.054,0.001,138.8,27,0.0000,8.23
14:33:42,22.2546626,84.8798734,0.658,-8.194,0.11,-0.056,0.001,138.8,27,0.0000,8.22
14:33:42,22.2546626,84.8798734,0.655,-8.194,0.11,-0.057,0.001,138.8,27,0.0000,8.22
14:33:42,22.2546626,84.8798734,0.652,-8.194,0.11,-0.059,0.002,138.7,27,0.0000,8.22
14:33:42,22.2546626,84.8798734,0.649,-8.194,0.11,-0.060,0.002,138.7,27,0.0000,8.22
14:33:42,22.2546626,84.8798734,0.646,-8.194,0.11,-0.061,0.002,138.7,27,0.0000,8.22
14:33:42,22.2546626,84.8798734,0.644,-8.192,0.11,-0.058,0.015,138.7,27,0.0005,8.22
14:33:42,22.2546626,84.8798734,0.641,-8.191,0.11,-0.059,0.016,138.7,27,0.0000,8.22
14:33:42,22.2546626,84.8798734,0.638,-8.190,0.11,-0.060,0.016,138.7,27,0.0000,8.21
14:33:43,22.2546627,84.8798733,0.635,-8.183,0.11,-0.060,0.016,138.7,27,0.0000,8.21
14:33:43,22.2546627,84.8798733,0.632,-8.184,0.11,-0.057,0.001,138.7,27,0.0005,8.21
14:33:43,22.2546627,84.8798733,0.630,-8.184,0.11,-0.058,0.001,138.6,27,0.0005,8.21
14:33:43,22.2546627,84.8798733,0.627,-8.184,0.11,-0.058,0.002,138.6,27,0.0005,8.21
14:33:43,22.2546628,84.8798732,0.624,-8.178,0.11,-0.058,0.002,138.6,27,0.0005,8.20
14:33:43,22.2546628,84.8798732,0.622,-8.178,0.11,-0.054,0.000,138.6,27,0.0005,8.20
14:33:43,22.2546628,84.8798732,0.619,-8.178,0.11,-0.055,0.000,138.6,27,0.0000,8.20
14:33:43,22.2546628,84.8798732,0.616,-8.178,0.11,-0.055,0.000,138.6,27,0.0000,8.20
14:33:43,22.2546628,84.8798732,0.613,-8.178,0.11,-0.054,0.000,138.6,27,0.0005,8.20
14:33:43,22.2546628,84.8798732,0.611,-8.178,0.11,-0.055,0.000,138.6,27,0.0005,8.20
14:33:43,22.2546628,84.8798732,0.608,-8.178,0.11,-0.056,-0.000,138.6,27,0.0005,8.20
14:33:43,22.2546628,84.8798732,0.605,-8.178,0.11,-0.056,-0.000,138.6,27,0.0005,8.20
14:33:43,22.2546628,84.8798732,0.602,-8.178,0.11,-0.054,-0.000,138.6,27,0.0005,8.20
14:33:43,22.2546628,84.879873,0.601,-8.172,0.11,-0.055,-0.000,138.7,27,0.0000,8.19
14:33:43,22.2546628,84.879873,0.598,-8.172,0.11,-0.056,-0.001,138.7,27,0.0000,8.19
14:33:43,22.2546628,84.879873,0.595,-8.172,0.11,-0.057,-0.002,138.7,27,0.0000,8.19
14:33:43,22.2546628,84.879873,0.592,-8.172,0.11,-0.056,-0.000,138.5,27,0.0005,8.19
14:33:43,22.2546629,84.8798729,0.590,-8.166,0.11,-0.058,0.000,138.5,27,0.0005,8.19
14:33:43,22.2546629,84.8798729,0.587,-8.166,0.11,-0.063,0.003,138.5,27,0.0005,8.19
14:33:43,22.2546629,84.8798729,0.584,-8.166,0.11,-0.068,0.007,138.5,27,0.0005,8.19
14:33:44,22.2546629,84.8798729,0.586,-8.170,0.11,-0.004,-0.051,138.8,27,0.0005,8.19
14:33:44,22.2546629,84.8798729,0.586,-8.173,0.11,-0.014,-0.045,139.0,27,0.0000,8.19
14:33:44,22.2546629,84.8798729,0.585,-8.175,0.11,-0.027,-0.035,139.0,27,0.0000,8.20
14:33:44,22.2546629,84.8798729,0.583,-8.176,0.11,-0.041,-0.026,139.0,27,0.0000,8.20
14:33:44,22.2546629,84.8798729,0.589,-8.186,0.11,0.035,-0.113,138.7,27,0.0012,8.21
14:33:44,22.2546627,84.8798731,0.593,-8.185,0.11,0.016,-0.099,138.0,27,0.0012,8.21
14:33:44,22.2546627,84.8798731,0.593,-8.190,0.11,-0.015,-0.077,138.0,27,0.0012,8.21
14:33:44,22.2546627,84.8798731,0.592,-8.193,0.11,-0.045,-0.055,138.0,27,0.0012,8.21
14:33:44,22.2546627,84.8798731,0.606,-8.219,0.11,0.131,-0.313,137.8,27,0.0035,8.24
14:33:44,22.2546627,84.8798731,0.612,-8.234,0.11,0.092,-0.280,137.5,27,0.0000,8.26
14:33:44,22.2546627,84.8798731,0.615,-8.247,0.11,0.048,-0.237,137.5,27,0.0000,8.27
14:33:44,22.2546627,84.8798731,0.628,-8.271,0.11,0.187,-0.390,137.5,27,0.0042,8.29
14:33:44,22.2546627,84.8798731,0.637,-8.289,0.11,0.143,-0.348,137.3,27,0.0042,8.31
14:33:44,22.2546627,84.8798731,0.643,-8.306,0.11,0.102,-0.303,137.2,27,0.0042,8.33
14:33:44,22.2546618,84.8798737,0.651,-8.311,0.12,0.064,-0.260,137.2,27,0.0042,8.34
14:33:44,22.2546618,84.8798737,0.665,-8.338,0.12,0.177,-0.408,137.2,27,0.0044,8.36
14:33:44,22.2546618,84.8798737,0.673,-8.358,0.12,0.140,-0.365,137.1,27,0.0000,8.38
14:33:44,22.2546618,84.8798737,0.679,-8.375,0.12,0.107,-0.329,137.1,27,0.0000,8.40
14:33:44,22.2546604,84.8798746,0.694,-8.391,0.12,0.080,-0.300,137.1,27,0.0000,8.42
14:33:44,22.2546604,84.8798746,0.710,-8.417,0.12,0.208,-0.412,137.2,27,0.0046,8.45
14:33:45,22.2546604,84.8798746,0.720,-8.437,0.12,0.184,-0.391,137.2,27,0.0046,8.47
14:33:45,22.2546604,84.8798746,0.729,-8.457,0.12,0.161,-0.370,137.2,27,0.0046,8.49
14:33:45,22.2546604,84.8798746,0.736,-8.475,0.12,0.137,-0.349,137.4,27,0.0046,8.51
14:33:45,22.2546604,84.8798746,0.751,-8.501,0.12,0.220,-0.445,137.5,27,0.0050,8.53
14:33:45,22.2546604,84.8798746,0.762,-8.524,0.12,0.201,-0.436,137.5,27,0.0000,8.56
14:33:45,22.2546604,84.8798746,0.772,-8.546,0.12,0.186,-0.430,137.5,27,0.0000,8.58
14:33:45,22.2546587,84.8798758,0.794,-8.569,0.13,0.171,-0.423,137.5,27,0.0000,8.61
14:33:45,22.2546587,84.8798758,0.808,-8.595,0.13,0.233,-0.481,137.6,27,0.0052,8.63
14:33:45,22.2546587,84.8798758,0.820,-8.619,0.13,0.221,-0.477,137.6,27,0.0052,8.66
14:33:45,22.2546587,84.8798758,0.830,-8.643,0.13,0.209,-0.472,137.6,27,0.0052,8.68
14:33:45,22.2546587,84.8798758,0.844,-8.671,0.13,0.248,-0.540,137.5,27,0.0058,8.71
14:33:45,22.2546569,84.8798771,0.875,-8.708,0.13,0.239,-0.536,137.4,27,0.0000,8.75
14:33:45,22.2546569,84.8798771,0.887,-8.735,0.13,0.232,-0.531,137.4,27,0.0000,8.78
14:33:45,22.2546569,84.8798771,0.899,-8.761,0.13,0.225,-0.527,137.2,27,0.0000,8.81
14:33:45,22.2546569,84.8798771,0.910,-8.788,0.13,0.220,-0.522,137.2,27,0.0000,8.83
14:33:45,22.2546569,84.8798771,0.927,-8.819,0.13,0.271,-0.564,137.0,27,0.0060,8.87
14:33:45,22.2546569,84.8798771,0.941,-8.848,0.13,0.266,-0.558,137.0,27,0.0060,8.90
14:33:45,22.2546569,84.8798771,0.954,-8.875,0.13,0.262,-0.552,136.8,27,0.0060,8.93
14:33:45,22.2546569,84.8798771,0.969,-8.904,0.13,0.296,-0.555,136.8,27,0.0061,8.96
14:33:45,22.254655,84.8798783,1.003,-8.939,0.14,0.290,-0.547,136.8,27,0.0000,8.99
14:33:46,22.254655,84.8798783,1.018,-8.966,0.14,0.285,-0.539,136.7,27,0.0000,9.02
14:33:46,22.254655,84.8798783,1.032,-8.993,0.14,0.278,-0.531,136.7,27,0.0000,9.05
14:33:46,22.254655,84.8798783,1.050,-9.024,0.14,0.326,-0.576,136.7,27,0.0064,9.09
14:33:46,22.254655,84.8798783,1.067,-9.053,0.14,0.317,-0.566,136.7,27,0.0064,9.12
14:33:46,22.2546532,84.8798797,1.106,-9.094,0.14,0.308,-0.556,136.7,27,0.0064,9.16
14:33:46,22.2546532,84.8798797,1.121,-9.122,0.14,0.297,-0.545,136.8,27,0.0064,9.19
14:33:46,22.2546532,84.8798797,1.139,-9.152,0.14,0.321,-0.569,136.8,27,0.0064,9.22
14:33:46,22.2546532,84.8798797,1.155,-9.180,0.14,0.309,-0.556,136.8,27,0.0000,9.25
14:33:46,22.2546532,84.8798797,1.170,-9.208,0.14,0.296,-0.544,136.8,27,0.0000,9.28
14:33:46,22.2546532,84.8798797,1.185,-9.235,0.14,0.282,-0.531,136.8,27,0.0000,9.31
14:33:46,22.2546532,84.8798797,1.204,-9.268,0.14,0.333,-0.591,136.8,27,0.0067,9.35
14:33:46,22.2546532,84.8798797,1.221,-9.297,0.14,0.318,-0.579,136.8,27,0.0067,9.38
14:33:46,22.2546514,84.879881,1.258,-9.334,0.13,0.305,-0.567,136.7,27,0.0067,9.42
14:33:46,22.2546514,84.879881,1.273,-9.362,0.13,0.292,-0.556,136.7,27,0.0067,9.45
14:33:46,22.2546514,84.879881,1.289,-9.396,0.13,0.301,-0.617,136.7,27,0.0066,9.48
14:33:46,22.2546514,84.879881,1.304,-9.427,0.13,0.291,-0.609,136.7,27,0.0000,9.52
14:33:46,22.2546495,84.8798824,1.346,-9.473,0.13,0.282,-0.600,136.7,27,0.0000,9.57
14:33:46,22.2546495,84.8798824,1.360,-9.503,0.13,0.272,-0.592,136.7,27,0.0000,9.60
14:33:46,22.2546495,84.8798824,1.380,-9.534,0.13,0.345,-0.598,136.7,27,0.0067,9.63
14:33:47,22.2546495,84.8798824,1.397,-9.564,0.13,0.338,-0.592,136.8,27,0.0067,9.67
14:33:47,22.2546495,84.8798824,1.414,-9.594,0.13,0.332,-0.588,136.9,27,0.0067,9.70
14:33:47,22.2546495,84.8798824,1.433,-9.623,0.13,0.359,-0.585,136.9,27,0.0066,9.73
14:33:47,22.2546495,84.8798824,1.451,-9.653,0.13,0.356,-0.583,136.9,27,0.0000,9.76
14:33:47,22.2546495,84.8798824,1.469,-9.682,0.13,0.352,-0.582,137.0,27,0.0000,9.79
14:33:47,22.2546495,84.8798824,1.486,-9.711,0.13,0.351,-0.583,137.0,27,0.0000,9.82
14:33:47,22.2546477,84.8798838,1.528,-9.748,0.13,0.351,-0.585,137.0,27,0.0000,9.87
14:33:47,22.2546477,84.8798838,1.548,-9.774,0.13,0.370,-0.556,137.0,27,0.0067,9.90
14:33:47,22.2546477,84.8798838,1.566,-9.803,0.13,0.370,-0.558,137.2,27,0.0067,9.93
14:33:47,22.2546477,84.8798838,1.585,-9.831,0.13,0.370,-0.560,138.4,27,0.0067,9.96
14:33:47,22.2546458,84.8798852,1.630,-9.879,0.13,0.341,-0.609,138.4,27,0.0071,10.01
14:33:47,22.2546458,84.8798852,1.647,-9.910,0.13,0.342,-0.612,138.4,27,0.0000,10.05
14:33:47,22.2546458,84.8798852,1.664,-9.941,0.13,0.344,-0.615,142.1,27,0.0000,10.08
14:33:47,22.2546458,84.8798852,1.682,-9.972,0.13,0.347,-0.618,147.0,27,0.0000,10.11
14:33:47,22.2546458,84.8798852,1.700,-10.002,0.13,0.353,-0.605,147.0,27,0.0069,10.15
14:33:47,22.2546458,84.8798852,1.718,-10.032,0.13,0.358,-0.605,147.0,27,0.0069,10.18
14:33:47,22.2546458,84.8798852,1.736,-10.063,0.13,0.362,-0.605,152.5,27,0.0069,10.21
14:33:47,22.2546458,84.8798852,1.754,-10.093,0.13,0.369,-0.601,158.7,27,0.0069,10.24
14:33:47,22.2546458,84.8798852,1.768,-10.125,0.13,0.325,-0.617,158.7,27,0.0070,10.28
14:33:47,22.2546437,84.8798865,1.809,-10.167,0.13,0.334,-0.607,158.7,27,0.0000,10.33
14:33:48,22.2546437,84.8798865,1.826,-10.198,0.13,0.343,-0.598,163.5,27,0.0000,10.36
14:33:48,22.2546437,84.8798865,1.843,-10.227,0.13,0.356,-0.584,166.7,27,0.0000,10.39
14:33:48,22.2546437,84.8798865,1.853,-10.262,0.13,0.264,-0.625,166.7,27,0.0067,10.43
14:33:48,22.2546437,84.8798865,1.866,-10.293,0.13,0.279,-0.605,166.7,27,0.0067,10.46
14:33:48,22.2546437,84.8798865,1.881,-10.323,0.13,0.294,-0.586,168.9,27,0.0067,10.49
14:33:48,22.2546437,84.8798865,1.886,-10.357,0.13,0.158,-0.640,170.0,27,0.0066,10.53
14:33:48,22.2546437,84.8798865,1.895,-10.389,0.13,0.174,-0.611,170.0,27,0.0000,10.56
14:33:48,22.2546416,84.8798872,1.923,-10.426,0.13,0.189,-0.581,170.0,27,0.0000,10.60
14:33:48,22.2546416,84.8798872,1.933,-10.455,0.13,0.205,-0.552,169.9,27,0.0000,10.63
14:33:48,22.2546416,84.8798872,1.934,-10.531,0.13,0.075,-0.663,169.4,27,0.0070,10.71
14:33:48,22.2546416,84.8798872,1.938,-10.564,0.13,0.087,-0.631,169.4,27,0.0070,10.74
14:33:48,22.2546396,84.8798875,1.960,-10.607,0.11,0.099,-0.599,169.0,27,0.0070,10.79
14:33:48,22.2546396,84.8798875,1.957,-10.647,0.11,0.006,-0.695,168.6,27,0.0069,10.83
14:33:48,22.2546396,84.8798875,1.958,-10.682,0.11,0.013,-0.668,168.6,27,0.0000,10.86
14:33:48,22.2546396,84.8798875,1.958,-10.715,0.11,0.021,-0.642,168.6,27,0.0000,10.89
14:33:48,22.2546396,84.8798875,1.960,-10.747,0.11,0.029,-0.616,168.2,27,0.0000,10.92
14:33:48,22.2546396,84.8798875,1.957,-10.786,0.11,-0.016,-0.697,167.9,27,0.0068,10.96
14:33:48,22.2546396,84.8798875,1.956,-10.821,0.11,-0.014,-0.682,167.9,27,0.0068,11.00
14:33:48,22.2546396,84.8798875,1.956,-10.855,0.11,-0.012,-0.668,167.9,27,0.0068,11.03
14:33:48,22.2546375,84.8798877,1.973,-10.896,0.10,-0.026,-0.677,167.6,27,0.0066,11.07
14:33:49,22.2546375,84.8798877,1.972,-10.930,0.10,-0.025,-0.668,167.4,27,0.0000,11.11
14:33:49,22.2546375,84.8798877,1.970,-10.963,0.10,-0.026,-0.663,167.4,27,0.0000,11.14
14:33:49,22.2546375,84.8798877,1.969,-10.997,0.10,-0.026,-0.659,167.4,27,0.0000,11.17
14:33:49,22.2546354,84.8798878,1.984,-11.047,0.10,-0.050,-0.676,167.1,27,0.0065,11.22
14:33:49,22.2546354,84.8798878,1.981,-11.081,0.10,-0.052,-0.675,166.8,27,0.0065,11.26
14:33:49,22.2546354,84.8798878,1.978,-11.115,0.10,-0.053,-0.675,166.8,27,0.0065,11.29
14:33:49,22.2546354,84.8798878,1.976,-11.150,0.10,-0.055,-0.675,166.8,27,0.0065,11.32
14:33:49,22.2546354,84.8798878,1.974,-11.184,0.10,-0.043,-0.680,166.5,27,0.0066,11.36
14:33:49,22.2546354,84.8798878,1.972,-11.219,0.10,-0.044,-0.681,166.2,27,0.0000,11.39
14:33:49,22.2546354,84.8798878,1.970,-11.253,0.10,-0.046,-0.682,166.2,27,0.0000,11.42
14:33:49,22.2546354,84.8798878,1.967,-11.287,0.10,-0.047,-0.684,166.0,27,0.0000,11.46
14:33:49,22.2546354,84.8798878,1.966,-11.319,0.10,-0.035,-0.658,166.0,27,0.0065,11.49
14:33:49,22.2546333,84.8798879,1.984,-11.359,0.11,-0.035,-0.660,165.9,27,0.0065,11.53
14:33:49,22.2546333,84.8798879,1.982,-11.393,0.11,-0.034,-0.661,165.9,27,0.0065,11.56
14:33:49,22.2546333,84.8798879,1.981,-11.426,0.11,-0.033,-0.662,165.7,27,0.0065,11.60
14:33:49,22.2546333,84.8798879,1.979,-11.462,0.11,-0.027,-0.687,165.7,27,0.0067,11.63
14:33:49,22.2546313,84.879888,1.997,-11.511,0.12,-0.025,-0.687,165.6,27,0.0000,11.68
14:33:49,22.2546313,84.879888,1.996,-11.546,0.12,-0.022,-0.686,165.6,27,0.0000,11.72
14:33:49,22.2546313,84.879888,1.995,-11.580,0.12,-0.019,-0.684,165.5,27,0.0000,11.75
14:33:49,22.2546313,84.879888,1.994,-11.615,0.12,-0.018,-0.688,165.5,27,0.0067,11.79
14:33:50,22.2546313,84.879888,1.993,-11.650,0.12,-0.014,-0.685,165.5,27,0.0067,11.82
14:33:50,22.2546313,84.879888,1.992,-11.685,0.12,-0.011,-0.680,165.5,27,0.0067,11.85
14:33:50,22.2546313,84.879888,1.992,-11.720,0.12,-0.000,-0.686,165.7,27,0.0067,11.89
14:33:50,22.2546313,84.879888,1.992,-11.754,0.12,0.003,-0.680,165.7,27,0.0000,11.92
14:33:50,22.2546293,84.8798883,2.014,-11.796,0.13,0.007,-0.674,165.7,27,0.0000,11.97
14:33:50,22.2546293,84.8798883,2.014,-11.830,0.13,0.010,-0.668,165.7,27,0.0000,12.00
14:33:50,22.2546293,84.8798883,2.013,-11.865,0.13,0.001,-0.687,165.8,27,0.0067,12.03
14:33:50,22.2546293,84.8798883,2.014,-11.900,0.13,0.005,-0.680,165.8,27,0.0067,12.07
14:33:50,22.2546293,84.8798883,2.014,-11.934,0.13,0.008,-0.673,165.8,27,0.0067,12.10
14:33:50,22.2546273,84.8798886,2.036,-11.980,0.13,0.013,-0.666,165.8,27,0.0067,12.15
14:33:50,22.2546273,84.8798886,2.037,-12.017,0.13,0.017,-0.712,165.8,27,0.0069,12.19
14:33:50,22.2546273,84.8798886,2.038,-12.053,0.13,0.022,-0.705,165.8,27,0.0000,12.22
14:33:50,22.2546273,84.8798886,2.039,-12.089,0.13,0.027,-0.698,165.8,27,0.0000,12.26
14:33:50,22.2546273,84.8798886,2.040,-12.124,0.13,0.031,-0.691,165.9,27,0.0000,12.29
14:33:50,22.2546273,84.8798886,2.039,-12.159,0.13,0.002,-0.697,166.0,27,0.0068,12.33
14:33:50,22.2546273,84.8798886,2.039,-12.194,0.13,0.006,-0.690,166.0,27,0.0068,12.36
14:33:50,22.2546273,84.8798886,2.040,-12.229,0.13,0.011,-0.684,166.0,27,0.0068,12.40
14:33:50,22.2546252,84.879889,2.063,-12.270,0.13,0.001,-0.694,166.0,27,0.0068,12.44
14:33:50,22.2546252,84.879889,2.064,-12.305,0.13,0.005,-0.688,166.1,27,0.0000,12.48
14:33:51,22.2546252,84.879889,2.064,-12.339,0.13,0.008,-0.683,166.1,27,0.0000,12.51
14:33:51,22.2546252,84.879889,2.064,-12.374,0.13,0.010,-0.679,166.1,27,0.0000,12.54
14:33:51,22.2546252,84.879889,2.067,-12.409,0.13,0.031,-0.696,166.1,27,0.0069,12.58
14:33:51,22.2546252,84.879889,2.068,-12.444,0.13,0.034,-0.692,166.1,27,0.0069,12.62
14:33:51,22.2546252,84.879889,2.070,-12.479,0.13,0.036,-0.689,166.1,27,0.0069,12.65
14:33:51,22.2546252,84.879889,2.072,-12.514,0.13,0.037,-0.686,166.1,27,0.0069,12.68
14:33:51,22.2546232,84.8798894,2.097,-12.547,0.13,0.020,-0.683,166.0,27,0.0068,12.72
14:33:51,22.2546232,84.8798894,2.098,-12.581,0.13,0.022,-0.682,166.0,27,0.0000,12.76
14:33:51,22.2546232,84.8798894,2.100,-12.616,0.13,0.024,-0.681,166.0,27,0.0000,12.79
14:33:51,22.2546232,84.8798894,2.101,-12.650,0.13,0.026,-0.680,166.0,27,0.0000,12.82
14:33:51,22.2546232,84.8798894,2.102,-12.687,0.13,0.022,-0.711,165.9,27,0.0070,12.86
14:33:51,22.2546211,84.8798897,2.128,-12.728,0.13,0.025,-0.710,165.9,27,0.0070,12.90
14:33:51,22.2546211,84.8798897,2.129,-12.764,0.13,0.028,-0.710,165.9,27,0.0070,12.94
14:33:51,22.2546211,84.8798897,2.130,-12.799,0.13,0.032,-0.709,165.9,27,0.0070,12.98
14:33:51,22.2546211,84.8798897,2.131,-12.835,0.13,0.021,-0.711,165.7,27,0.0069,13.01
14:33:51,22.2546211,84.8798897,2.132,-12.871,0.13,0.025,-0.710,165.6,27,0.0000,13.05
14:33:51,22.2546211,84.8798897,2.133,-12.907,0.13,0.028,-0.709,165.6,27,0.0000,13.08
14:33:51,22.2546211,84.8798897,2.135,-12.943,0.13,0.031,-0.709,165.6,27,0.0000,13.12
14:33:51,22.2546211,84.8798897,2.137,-12.978,0.13,0.042,-0.699,165.6,27,0.0069,13.15
14:33:51,22.2546191,84.8798901,2.165,-13.011,0.13,0.044,-0.698,165.7,27,0.0069,13.19
14:33:52,22.2546191,84.8798901,2.167,-13.046,0.13,0.045,-0.697,165.7,27,0.0069,13.22
14:33:52,22.2546191,84.8798901,2.169,-13.079,0.13,0.031,-0.667,165.7,27,0.0066,13.26
14:33:52,22.2546191,84.8798901,2.170,-13.113,0.13,0.033,-0.668,165.7,27,0.0000,13.29
14:33:52,22.2546191,84.8798901,2.172,-13.146,0.13,0.034,-0.670,165.6,27,0.0000,13.32
14:33:52,22.2546171,84.8798904,2.198,-13.184,0.12,0.040,-0.681,165.6,27,0.0000,13.37
14:33:52,22.2546171,84.8798904,2.200,-13.200,0.12,0.040,-0.465,165.6,27,0.0045,13.38
14:33:52,22.2546171,84.8798904,2.202,-13.225,0.12,0.048,-0.492,165.6,27,0.0045,13.41
14:33:52,22.2546171,84.8798904,2.205,-13.250,0.12,0.056,-0.519,165.8,27,0.0045,13.43
14:33:52,22.2546171,84.8798904,2.208,-13.277,0.12,0.065,-0.557,165.8,27,0.0045,13.46
14:33:52,22.2546171,84.8798904,2.209,-13.287,0.12,0.047,-0.379,166.0,27,0.0036,13.47
14:33:52,22.2546171,84.8798904,2.212,-13.308,0.12,0.057,-0.424,166.2,27,0.0000,13.49
14:33:52,22.2546171,84.8798904,2.215,-13.330,0.12,0.066,-0.470,166.2,27,0.0000,13.51
14:33:52,22.2546158,84.8798907,2.242,-13.355,0.11,0.075,-0.516,166.2,27,0.0000,13.54
14:33:52,22.2546158,84.8798907,2.246,-13.383,0.11,0.084,-0.562,166.4,27,0.0000,13.57
14:33:52,22.2546158,84.8798907,2.251,-13.412,0.11,0.090,-0.603,166.5,27,0.0000,13.60
14:33:52,22.2546158,84.8798907,2.255,-13.443,0.11,0.094,-0.639,166.5,27,0.0000,13.63
14:33:52,22.2546149,84.8798908,2.274,-13.431,0.10,0.057,-0.364,166.5,27,0.0036,13.62
14:33:52,22.2546149,84.8798908,2.277,-13.450,0.10,0.060,-0.400,166.6,27,0.0000,13.64
14:33:52,22.2546149,84.8798908,2.280,-13.471,0.10,0.060,-0.428,166.6,27,0.0000,13.66
14:33:52,22.2546149,84.8798908,2.283,-13.493,0.10,0.057,-0.449,166.6,27,0.0000,13.69
14:33:53,22.2546149,84.8798908,2.286,-13.516,0.10,0.054,-0.471,166.6,27,0.0000,13.71
14:33:53,22.2546149,84.8798908,2.285,-13.518,0.10,0.023,-0.294,166.5,27,0.0029,13.71
14:33:53,22.2546149,84.8798908,2.286,-13.534,0.10,0.019,-0.311,166.4,27,0.0029,13.73
14:33:53,22.2546149,84.8798908,2.287,-13.550,0.10,0.014,-0.325,166.4,27,0.0029,13.74
14:33:53,22.2546149,84.8798908,2.288,-13.561,0.10,0.016,-0.250,166.4,27,0.0024,13.75
14:33:53,22.2546143,84.8798909,2.307,-13.568,0.10,0.011,-0.263,166.3,27,0.0000,13.76
14:33:53,22.2546143,84.8798909,2.307,-13.582,0.10,0.006,-0.274,166.2,27,0.0000,13.78
14:33:53,22.2546143,84.8798909,2.307,-13.596,0.10,0.002,-0.283,166.2,27,0.0000,13.79
14:33:53,22.2546143,84.8798909,2.308,-13.604,0.10,-0.000,-0.219,166.2,27,0.0021,13.80
14:33:53,22.2546143,84.8798909,2.308,-13.615,0.10,-0.004,-0.228,166.1,27,0.0021,13.81
14:33:53,22.2546143,84.8798909,2.307,-13.627,0.10,-0.008,-0.236,166.0,27,0.0021,13.82
14:33:53,22.2546143,84.8798909,2.307,-13.639,0.10,-0.012,-0.240,166.0,27,0.0021,13.83
14:33:53,22.2546143,84.8798909,2.307,-13.652,0.10,-0.001,-0.257,166.0,27,0.0026,13.85
14:33:53,22.2546138,84.8798909,2.324,-13.656,0.10,-0.006,-0.261,166.2,27,0.0000,13.85
14:33:53,22.2546138,84.8798909,2.323,-13.669,0.10,-0.012,-0.262,167.2,27,0.0000,13.86
14:33:53,22.2546138,84.8798909,2.322,-13.682,0.10,-0.020,-0.259,167.2,27,0.0000,13.88
14:33:53,22.2546138,84.8798909,2.327,-13.700,0.10,0.039,-0.318,167.2,27,0.0033,13.90
14:33:53,22.254613,84.879891,2.343,-13.711,0.10,0.031,-0.315,168.9,27,0.0033,13.91
14:33:53,22.254613,84.879891,2.345,-13.727,0.10,0.022,-0.306,168.9,27,0.0033,13.93
14:33:53,22.254613,84.879891,2.345,-13.742,0.10,0.013,-0.297,169.4,27,0.0033,13.94
14:33:54,22.254613,84.879891,2.351,-13.774,0.10,0.064,-0.474,168.4,27,0.0050,13.97
14:33:54,22.254613,84.879891,2.354,-13.797,0.10,0.050,-0.444,168.4,27,0.0000,14.00
14:33:54,22.254613,84.879891,2.356,-13.818,0.10,0.037,-0.413,167.3,27,0.0000,14.02
14:33:54,22.254613,84.879891,2.358,-13.838,0.10,0.023,-0.380,167.3,27,0.0000,14.04
14:33:54,22.254613,84.879891,2.360,-13.868,0.10,0.030,-0.477,166.2,27,0.0050,14.07
14:33:54,22.254613,84.879891,2.362,-13.891,0.10,0.020,-0.454,166.2,27,0.0050,14.09
14:33:54,22.2546117,84.8798912,2.376,-13.902,0.11,0.011,-0.432,166.2,27,0.0050,14.10
14:33:54,22.2546117,84.8798912,2.376,-13.924,0.11,0.001,-0.409,165.3,27,0.0050,14.13
14:33:54,22.2546117,84.8798912,2.376,-13.933,0.11,-0.000,-0.274,164.6,27,0.0027,14.13
14:33:54,22.2546117,84.8798912,2.376,-13.947,0.11,0.001,-0.288,164.6,27,0.0000,14.15
14:33:54,22.2546107,84.8798914,2.390,-13.958,0.11,0.002,-0.303,164.6,27,0.0000,14.16
14:33:54,22.2546107,84.8798914,2.390,-13.969,0.11,0.000,-0.229,164.3,27,0.0021,14.17
14:33:54,22.2546107,84.8798914,2.390,-13.981,0.11,0.005,-0.256,164.1,27,0.0021,14.18
14:33:54,22.2546107,84.8798914,2.391,-13.995,0.11,0.012,-0.290,164.1,27,0.0021,14.20
14:33:54,22.2546107,84.8798914,2.392,-14.010,0.11,0.018,-0.323,164.1,27,0.0021,14.21
14:33:54,22.2546107,84.8798914,2.395,-14.020,0.11,0.048,-0.268,164.9,27,0.0027,14.22
14:33:54,22.2546107,84.8798914,2.397,-14.034,0.11,0.052,-0.300,166.7,27,0.0000,14.24
14:33:54,22.2546107,84.8798914,2.400,-14.050,0.11,0.050,-0.322,166.7,27,0.0000,14.25
14:33:54,22.2546107,84.8798914,2.402,-14.066,0.11,0.047,-0.345,166.7,27,0.0000,14.27
14:33:55,22.2546097,84.8798916,2.424,-14.080,0.11,0.128,-0.381,169.0,27,0.0040,14.29
14:33:55,22.2546097,84.8798916,2.431,-14.100,0.11,0.120,-0.392,171.3,27,0.0040,14.31
14:33:55,22.2546097,84.8798916,2.436,-14.119,0.11,0.109,-0.394,171.3,27,0.0040,14.33
14:33:55,22.2546097,84.8798916,2.442,-14.139,0.11,0.098,-0.395,173.1,27,0.0040,14.35
14:33:55,22.2546086,84.879892,2.460,-14.159,0.11,0.095,-0.386,173.1,27,0.0041,14.37
14:33:55,22.2546086,84.879892,2.464,-14.178,0.11,0.085,-0.378,173.1,27,0.0000,14.39
14:33:55,22.2546086,84.879892,2.468,-14.197,0.11,0.079,-0.360,173.1,27,0.0000,14.41
14:33:55,22.2546086,84.879892,2.472,-14.215,0.11,0.072,-0.341,171.7,27,0.0000,14.43
14:33:55,22.2546086,84.879892,2.472,-14.251,0.11,0.030,-0.543,171.7,27,0.0055,14.46
14:33:55,22.2546086,84.879892,2.474,-14.278,0.11,0.027,-0.513,171.7,27,0.0055,14.49
14:33:55,22.2546086,84.879892,2.474,-14.307,0.11,0.002,-0.584,170.1,27,0.0059,14.52
14:33:55,22.2546086,84.879892,2.474,-14.336,0.11,0.003,-0.547,168.8,27,0.0000,14.55
14:33:55,22.254607,84.8798923,2.488,-14.362,0.12,0.001,-0.581,168.8,27,0.0060,14.58
14:33:55,22.254607,84.8798923,2.488,-14.391,0.12,0.004,-0.545,168.8,27,0.0060,14.60
14:33:55,22.254607,84.8798923,2.488,-14.417,0.12,0.007,-0.509,168.0,27,0.0060,14.63
14:33:55,22.254607,84.8798923,2.489,-14.442,0.12,0.011,-0.478,167.4,27,0.0060,14.65
14:33:55,22.254607,84.8798923,2.491,-14.475,0.12,0.033,-0.566,167.4,27,0.0057,14.69
14:33:55,22.2546049,84.8798926,2.507,-14.510,0.11,0.035,-0.543,167.4,27,0.0000,14.73
14:33:55,22.2546049,84.8798926,2.509,-14.537,0.11,0.037,-0.519,167.0,27,0.0000,14.75
14:33:55,22.2546049,84.8798926,2.511,-14.563,0.11,0.037,-0.505,166.7,27,0.0000,14.78
14:33:56,22.2546049,84.8798926,2.514,-14.596,0.11,0.055,-0.582,166.6,27,0.0059,14.81
14:33:56,22.2546049,84.8798926,2.517,-14.625,0.11,0.051,-0.580,166.6,27,0.0059,14.84
14:33:56,22.2546049,84.8798926,2.520,-14.656,0.11,0.073,-0.623,166.6,27,0.0065,14.87
14:33:56,22.2546049,84.8798926,2.524,-14.688,0.11,0.069,-0.621,166.4,27,0.0000,14.90
14:33:56,22.2546049,84.8798926,2.526,-14.719,0.11,0.023,-0.615,166.4,27,0.0065,14.93
14:33:56,22.2546028,84.8798929,2.541,-14.756,0.11,0.018,-0.619,166.4,27,0.0065,14.97
14:33:56,22.2546028,84.8798929,2.542,-14.789,0.11,0.021,-0.653,166.2,27,0.0065,15.01
14:33:56,22.2546028,84.8798929,2.543,-14.822,0.11,0.015,-0.661,166.1,27,0.0000,15.04
14:33:56,22.2546028,84.8798929,2.544,-14.855,0.11,0.007,-0.670,166.1,27,0.0000,15.07
14:33:56,22.2546004,84.8798932,2.560,-14.907,0.11,0.015,-0.643,166.1,27,0.0065,15.12
14:33:56,22.2546004,84.8798932,2.561,-14.940,0.11,0.022,-0.663,166.0,27,0.0067,15.16
14:33:56,22.2546004,84.8798932,2.562,-14.973,0.11,0.014,-0.672,166.0,27,0.0000,15.19
14:33:56,22.2546004,84.8798932,2.562,-15.007,0.11,0.005,-0.680,166.0,27,0.0000,15.22
14:33:56,22.2546004,84.8798932,2.565,-15.040,0.11,0.035,-0.653,166.0,27,0.0064,15.26
14:33:56,22.2546004,84.8798932,2.566,-15.073,0.11,0.027,-0.662,166.0,27,0.0064,15.29
14:33:56,22.2546004,84.8798932,2.568,-15.107,0.11,0.028,-0.673,165.9,27,0.0066,15.32
14:33:56,22.2546004,84.8798932,2.569,-15.141,0.11,0.021,-0.675,165.9,27,0.0000,15.36
14:33:56,22.2546004,84.8798932,2.571,-15.175,0.11,0.046,-0.680,165.9,27,0.0067,15.39
14:33:56,22.2545981,84.8798934,2.588,-15.222,0.12,0.039,-0.683,165.9,27,0.0067,15.44
14:33:56,22.2545981,84.8798934,2.590,-15.257,0.12,0.018,-0.694,165.9,27,0.0069,15.48
14:33:57,22.2545981,84.8798934,2.590,-15.292,0.12,0.013,-0.692,166.0,27,0.0000,15.51
14:33:57,22.2545981,84.8798934,2.591,-15.326,0.12,0.026,-0.660,166.0,27,0.0065,15.54
14:33:57,22.2545981,84.8798934,2.593,-15.359,0.12,0.022,-0.657,166.0,27,0.0065,15.58
14:33:57,22.2545981,84.8798934,2.595,-15.393,0.12,0.051,-0.674,166.0,27,0.0069,15.61
14:33:57,22.2545981,84.8798934,2.597,-15.427,0.12,0.047,-0.668,166.0,27,0.0000,15.64
14:33:57,22.2545981,84.8798934,2.600,-15.461,0.12,0.044,-0.662,166.0,27,0.0000,15.68
14:33:57,22.2545958,84.8798937,2.618,-15.504,0.12,0.061,-0.663,166.1,27,0.0067,15.72
14:33:57,22.2545958,84.8798937,2.621,-15.538,0.12,0.059,-0.655,166.3,27,0.0067,15.76
14:33:57,22.2545958,84.8798937,2.625,-15.571,0.12,0.067,-0.660,168.1,27,0.0067,15.79
14:33:57,22.2545958,84.8798937,2.628,-15.604,0.12,0.067,-0.653,168.1,27,0.0000,15.82
14:33:57,22.2545935,84.879894,2.649,-15.659,0.12,0.133,-0.665,168.1,27,0.0070,15.88
14:33:57,22.2545935,84.879894,2.655,-15.693,0.12,0.132,-0.658,172.3,27,0.0070,15.92
14:33:57,22.2545935,84.879894,2.664,-15.725,0.12,0.189,-0.639,172.3,27,0.0067,15.95
14:33:57,22.2545935,84.879894,2.674,-15.758,0.12,0.190,-0.633,177.4,27,0.0000,15.98
14:33:57,22.2545935,84.879894,2.682,-15.791,0.12,0.166,-0.671,177.4,27,0.0069,16.02
14:33:57,22.2545935,84.879894,2.691,-15.825,0.12,0.169,-0.666,-177.2,27,0.0069,16.05
14:33:57,22.2545935,84.879894,2.697,-15.868,0.12,0.102,-0.916,-177.2,27,0.0096,16.10
14:33:57,22.2545935,84.879894,2.702,-15.914,0.12,0.110,-0.910,-173.3,27,0.0000,16.14
14:33:57,22.2545935,84.879894,2.704,-15.952,0.12,0.012,-0.705,-173.3,27,0.0069,16.18
14:33:57,22.2545911,84.8798942,2.715,-16.001,0.12,0.025,-0.699,-170.8,27,0.0069,16.23
14:33:58,22.2545911,84.8798942,2.716,-16.037,0.12,0.041,-0.692,-169.1,27,0.0069,16.27
14:33:58,22.2545911,84.8798942,2.712,-16.072,0.12,-0.059,-0.686,-169.1,27,0.0068,16.30
14:33:58,22.2545911,84.8798942,2.709,-16.106,0.12,-0.040,-0.676,-169.1,27,0.0000,16.33
14:33:58,22.2545889,84.8798941,2.713,-16.163,0.12,-0.103,-0.664,-168.5,27,0.0069,16.39
14:33:58,22.2545889,84.8798941,2.708,-16.196,0.12,-0.082,-0.652,-168.6,27,0.0069,16.42
14:33:58,22.2545889,84.8798941,2.701,-16.229,0.12,-0.171,-0.640,-168.6,27,0.0068,16.45
14:33:58,22.2545889,84.8798941,2.692,-16.261,0.12,-0.152,-0.626,-168.6,27,0.0000,16.48
14:33:58,22.2545889,84.8798941,2.683,-16.293,0.12,-0.189,-0.637,-168.9,27,0.0068,16.51
14:33:58,22.2545889,84.8798941,2.674,-16.325,0.12,-0.171,-0.624,-169.1,27,0.0068,16.54
14:33:58,22.2545889,84.8798941,2.666,-16.356,0.12,-0.150,-0.620,-169.1,27,0.0065,16.57
14:33:58,22.2545889,84.8798941,2.659,-16.387,0.12,-0.136,-0.609,-169.1,27,0.0000,16.60
14:33:58,22.2545889,84.8798941,2.648,-16.419,0.12,-0.240,-0.644,-169.3,27,0.0071,16.63
14:33:58,22.2545867,84.8798938,2.649,-16.468,0.11,-0.232,-0.636,-169.5,27,0.0071,16.68
14:33:58,22.2545867,84.8798938,2.637,-16.500,0.11,-0.229,-0.631,-169.5,27,0.0071,16.71
14:33:58,22.2545867,84.8798938,2.625,-16.533,0.11,-0.245,-0.649,-169.5,27,0.0069,16.74
14:33:58,22.2545867,84.8798938,2.612,-16.565,0.11,-0.241,-0.644,-169.6,27,0.0000,16.77
14:33:58,22.2545845,84.8798932,2.610,-16.624,0.10,-0.247,-0.645,-169.6,27,0.0069,16.83
14:33:58,22.2545845,84.8798932,2.597,-16.657,0.10,-0.248,-0.642,-169.9,27,0.0069,16.86
14:33:58,22.2545845,84.8798932,2.584,-16.689,0.10,-0.255,-0.635,-169.9,27,0.0070,16.89
14:33:59,22.2545845,84.8798932,2.571,-16.721,0.10,-0.258,-0.635,-170.1,27,0.0000,16.92
14:33:59,22.2545845,84.8798932,2.559,-16.753,0.10,-0.256,-0.632,-170.3,27,0.0068,16.95
14:33:59,22.2545845,84.8798932,2.545,-16.785,0.10,-0.261,-0.635,-170.3,27,0.0068,16.98
14:33:59,22.2545845,84.8798932,2.533,-16.817,0.10,-0.250,-0.637,-170.3,27,0.0069,17.01
14:33:59,22.2545845,84.8798932,2.520,-16.849,0.10,-0.255,-0.639,-170.5,27,0.0000,17.04
14:33:59,22.2545823,84.8798926,2.520,-16.904,0.11,-0.273,-0.661,-170.8,27,0.0070,17.09
14:33:59,22.2545823,84.8798926,2.506,-16.938,0.11,-0.278,-0.662,-170.8,27,0.0070,17.12
14:33:59,22.2545823,84.8798926,2.492,-16.970,0.11,-0.263,-0.628,-170.8,27,0.0068,17.15
14:33:59,22.2545823,84.8798926,2.479,-17.002,0.11,-0.267,-0.629,-171.1,27,0.0000,17.18
14:33:59,22.2545823,84.8798926,2.465,-17.033,0.11,-0.272,-0.629,-171.2,27,0.0000,17.21
14:33:59,22.2545802,84.8798919,2.465,-17.094,0.12,-0.228,-0.654,-171.2,27,0.0069,17.27
14:33:59,22.2545802,84.8798919,2.454,-17.127,0.12,-0.232,-0.653,-171.2,27,0.0069,17.30
14:33:59,22.2545802,84.8798919,2.441,-17.160,0.12,-0.266,-0.651,-171.2,27,0.0070,17.33
14:33:59,22.2545802,84.8798919,2.427,-17.193,0.12,-0.270,-0.650,-171.3,27,0.0000,17.36
14:33:59,22.2545802,84.8798919,2.414,-17.225,0.12,-0.255,-0.632,-171.3,27,0.0068,17.39
14:33:59,22.2545802,84.8798919,2.401,-17.257,0.12,-0.257,-0.631,-171.3,27,0.0068,17.42
14:33:59,22.2545802,84.8798919,2.389,-17.289,0.12,-0.245,-0.644,-171.3,27,0.0069,17.45
14:33:59,22.2545802,84.8798919,2.376,-17.322,0.12,-0.246,-0.644,-171.3,27,0.0000,17.48
14:33:59,22.254578,84.8798913,2.377,-17.378,0.13,-0.262,-0.665,-171.3,27,0.0071,17.54
14:33:59,22.254578,84.8798913,2.364,-17.412,0.13,-0.263,-0.666,-171.3,27,0.0071,17.57
14:34:00,22.254578,84.8798913,2.351,-17.445,0.13,-0.263,-0.668,-171.3,27,0.0071,17.60
14:34:00,22.254578,84.8798913,2.338,-17.476,0.13,-0.250,-0.620,-171.4,27,0.0066,17.63
14:34:00,22.254578,84.8798913,2.326,-17.508,0.13,-0.249,-0.623,-171.4,27,0.0000,17.66
14:34:00,22.254578,84.8798913,2.312,-17.539,0.13,-0.263,-0.628,-171.4,27,0.0067,17.69
14:34:00,22.254578,84.8798913,2.299,-17.571,0.13,-0.262,-0.631,-171.3,27,0.0067,17.72
14:34:00,22.254578,84.8798913,2.287,-17.604,0.13,-0.222,-0.651,-171.4,27,0.0069,17.75
14:34:00,22.254578,84.8798913,2.276,-17.637,0.13,-0.222,-0.654,-171.4,27,0.0000,17.78
14:34:00,22.2545759,84.8798906,2.282,-17.684,0.13,-0.255,-0.632,-171.4,27,0.0067,17.83
14:34:00,22.2545759,84.8798906,2.269,-17.716,0.13,-0.254,-0.635,-171.4,27,0.0067,17.86
14:34:00,22.2545759,84.8798906,2.256,-17.748,0.13,-0.246,-0.627,-171.5,27,0.0066,17.89
14:34:00,22.2545759,84.8798906,2.244,-17.780,0.13,-0.246,-0.631,-171.5,27,0.0000,17.92
14:34:00,22.2545738,84.8798899,2.244,-17.837,0.13,-0.243,-0.688,-171.5,27,0.0072,17.98
14:34:00,22.2545738,84.8798899,2.232,-17.872,0.13,-0.242,-0.692,-171.6,27,0.0072,18.01
14:34:00,22.2545738,84.8798899,2.221,-17.906,0.13,-0.200,-0.668,-171.6,27,0.0070,18.04
14:34:00,22.2545738,84.8798899,2.211,-17.940,0.13,-0.201,-0.670,-171.6,27,0.0000,18.08
14:34:00,22.2545738,84.8798899,2.200,-17.974,0.13,-0.234,-0.687,-171.6,27,0.0072,18.11
14:34:00,22.2545738,84.8798899,2.188,-18.009,0.13,-0.235,-0.690,-171.6,27,0.0072,18.14
14:34:00,22.2545738,84.8798899,2.176,-18.043,0.13,-0.227,-0.655,-171.7,27,0.0070,18.17
14:34:00,22.2545738,84.8798899,2.165,-18.076,0.13,-0.227,-0.657,-171.7,27,0.0000,18.20
14:34:00,22.2545717,84.8798892,2.167,-18.126,0.13,-0.221,-0.649,-171.7,27,0.0068,18.26
14:34:01,22.2545717,84.8798892,2.156,-18.159,0.13,-0.220,-0.650,-171.8,27,0.0068,18.29
14:34:01,22.2545717,84.8798892,2.145,-18.192,0.13,-0.219,-0.653,-171.9,27,0.0068,18.32
14:34:01,22.2545717,84.8798892,2.133,-18.227,0.13,-0.225,-0.686,-171.9,27,0.0073,18.35
14:34:01,22.2545717,84.8798892,2.122,-18.261,0.13,-0.225,-0.689,-171.9,27,0.0000,18.38
14:34:01,22.2545695,84.8798886,2.122,-18.319,0.12,-0.226,-0.680,-171.9,27,0.0071,18.44
14:34:01,22.2545695,84.8798886,2.111,-18.354,0.12,-0.226,-0.683,-171.9,27,0.0071,18.47
14:34:01,22.2545695,84.8798886,2.100,-18.387,0.12,-0.212,-0.663,-171.9,27,0.0069,18.51
14:34:01,22.2545695,84.8798886,2.089,-18.421,0.12,-0.213,-0.666,-171.9,27,0.0000,18.54
14:34:01,22.2545695,84.8798886,2.079,-18.455,0.12,-0.183,-0.673,-171.9,27,0.0071,18.57
14:34:01,22.2545695,84.8798886,2.070,-18.489,0.12,-0.184,-0.675,-171.9,27,0.0071,18.60
14:34:01,22.2545695,84.8798886,2.060,-18.523,0.12,-0.197,-0.674,-171.9,27,0.0071,18.64
14:34:01,22.2545695,84.8798886,2.050,-18.557,0.12,-0.197,-0.676,-171.9,27,0.0000,18.67
14:34:01,22.2545674,84.8798879,2.051,-18.608,0.13,-0.214,-0.684,-171.9,27,0.0071,18.72
14:34:01,22.2545674,84.8798879,2.040,-18.643,0.13,-0.214,-0.685,-171.9,27,0.0071,18.75
14:34:01,22.2545674,84.8798879,2.029,-18.676,0.13,-0.219,-0.642,-171.9,27,0.0067,18.79
14:34:01,22.2545674,84.8798879,2.018,-18.709,0.13,-0.219,-0.643,-171.9,27,0.0000,18.82
14:34:01,22.2545652,84.8798872,2.014,-18.768,0.13,-0.219,-0.643,-171.9,27,0.0000,18.88
14:34:01,22.2545652,84.8798872,2.004,-18.802,0.13,-0.200,-0.665,-171.9,27,0.0070,18.91
14:34:01,22.2545652,84.8798872,1.994,-18.835,0.13,-0.200,-0.665,-171.9,27,0.0070,18.94
14:34:01,22.2545652,84.8798872,1.982,-18.870,0.13,-0.235,-0.687,-171.9,27,0.0073,18.97
14:34:02,22.2545652,84.8798872,1.970,-18.905,0.13,-0.235,-0.686,-171.9,27,0.0000,19.01
14:34:02,22.2545652,84.8798872,1.960,-18.939,0.13,-0.204,-0.676,-171.9,27,0.0071,19.04
14:34:02,22.2545652,84.8798872,1.949,-18.973,0.13,-0.204,-0.674,-171.9,27,0.0071,19.07
14:34:02,22.2545652,84.8798872,1.939,-19.007,0.13,-0.199,-0.678,-171.9,27,0.0071,19.11
14:34:02,22.2545652,84.8798872,1.929,-19.041,0.13,-0.199,-0.674,-171.9,27,0.0000,19.14
14:34:02,22.2545631,84.8798865,1.929,-19.092,0.13,-0.179,-0.671,-171.9,27,0.0070,19.19
14:34:02,22.2545631,84.8798865,1.919,-19.126,0.13,-0.179,-0.666,-171.9,27,0.0070,19.22
14:34:02,22.2545631,84.8798865,1.910,-19.159,0.13,-0.202,-0.653,-171.9,27,0.0070,19.25
14:34:02,22.2545631,84.8798865,1.899,-19.192,0.13,-0.202,-0.648,-171.9,27,0.0000,19.29
14:34:02,22.254561,84.8798858,1.893,-19.249,0.13,-0.202,-0.643,-171.9,27,0.0000,19.34
14:34:02,22.254561,84.8798858,1.883,-19.282,0.13,-0.202,-0.638,-171.9,27,0.0000,19.37
14:34:02,22.254561,84.8798858,1.873,-19.314,0.13,-0.202,-0.633,-171.9,27,0.0000,19.40
14:34:02,22.254561,84.8798858,1.862,-19.346,0.13,-0.202,-0.629,-171.9,27,0.0000,19.44
14:34:02,22.254561,84.8798858,1.852,-19.377,0.13,-0.202,-0.624,-171.8,27,0.0000,19.47
14:34:02,22.254561,84.8798858,1.842,-19.409,0.13,-0.202,-0.620,-171.8,27,0.0000,19.50
14:34:02,22.254561,84.8798858,1.833,-19.446,0.13,-0.197,-0.649,-171.7,27,0.0069,19.53
14:34:02,22.254561,84.8798858,1.823,-19.478,0.13,-0.197,-0.646,-171.7,27,0.0069,19.56
14:34:02,22.2545588,84.8798851,1.818,-19.532,0.12,-0.198,-0.643,-171.6,27,0.0069,19.62
14:34:02,22.2545588,84.8798851,1.808,-19.566,0.12,-0.189,-0.662,-171.6,27,0.0069,19.65
14:34:03,22.2545588,84.8798851,1.799,-19.599,0.12,-0.190,-0.660,-171.6,27,0.0000,19.68
14:34:03,22.2545588,84.8798851,1.788,-19.633,0.12,-0.205,-0.672,-171.4,27,0.0070,19.71
14:34:03,22.2545588,84.8798851,1.778,-19.667,0.12,-0.207,-0.671,-171.4,27,0.0070,19.75
14:34:03,22.2545588,84.8798851,1.767,-19.701,0.12,-0.230,-0.679,-171.4,27,0.0071,19.78
14:34:03,22.2545588,84.8798851,1.755,-19.735,0.12,-0.232,-0.678,-171.3,27,0.0000,19.81
14:34:03,22.2545588,84.8798851,1.744,-19.770,0.12,-0.212,-0.676,-171.3,27,0.0071,19.85
14:34:03,22.2545588,84.8798851,1.733,-19.804,0.12,-0.214,-0.675,-171.2,27,0.0071,19.88
14:34:03,22.2545567,84.8798843,1.728,-19.848,0.12,-0.227,-0.652,-171.2,27,0.0070,19.92
14:34:03,22.2545567,84.8798843,1.716,-19.881,0.12,-0.229,-0.651,-171.2,27,0.0000,19.96
14:34:03,22.2545567,84.8798843,1.705,-19.915,0.12,-0.216,-0.669,-171.2,27,0.0072,19.99
14:34:03,22.2545567,84.8798843,1.694,-19.949,0.12,-0.216,-0.668,-171.2,27,0.0072,20.02
14:34:03,22.2545546,84.8798836,1.685,-20.003,0.12,-0.211,-0.678,-171.2,27,0.0071,20.07
14:34:03,22.2545546,84.8798836,1.675,-20.037,0.12,-0.212,-0.677,-171.2,27,0.0000,20.11
14:34:03,22.2545546,84.8798836,1.664,-20.072,0.12,-0.221,-0.690,-171.2,27,0.0075,20.14
14:34:03,22.2545546,84.8798836,1.652,-20.107,0.12,-0.222,-0.689,-171.2,27,0.0075,20.17
14:34:03,22.2545546,84.8798836,1.641,-20.142,0.12,-0.224,-0.691,-171.2,27,0.0075,20.21
14:34:03,22.2545546,84.8798836,1.628,-20.169,0.12,-0.253,-0.552,-171.2,27,0.0061,20.23
14:34:03,22.2545546,84.8798836,1.615,-20.197,0.12,-0.255,-0.554,-171.2,27,0.0071,20.26
14:34:03,22.2545546,84.8798836,1.604,-20.229,0.12,-0.215,-0.668,-171.2,27,0.0071,20.29
14:34:03,22.2545524,84.8798828,1.593,-20.264,0.12,-0.217,-0.670,-171.2,27,0.0065,20.33
14:34:04,22.2545524,84.8798828,1.574,-20.345,0.12,-0.221,-0.675,-171.3,27,0.0000,20.41
14:34:04,22.2545524,84.8798828,1.563,-20.380,0.12,-0.229,-0.688,-171.3,27,0.0073,20.44
14:34:04,22.2545524,84.8798828,1.551,-20.415,0.12,-0.230,-0.690,-171.4,27,0.0073,20.47
14:34:04,22.2545502,84.879882,1.539,-20.473,0.12,-0.221,-0.694,-171.4,27,0.0074,20.53
14:34:04,22.2545502,84.879882,1.528,-20.508,0.12,-0.222,-0.696,-171.5,27,0.0000,20.56
14:34:04,22.2545502,84.879882,1.518,-20.543,0.12,-0.197,-0.690,-171.5,27,0.0074,20.60
14:34:04,22.2545502,84.879882,1.508,-20.578,0.12,-0.198,-0.692,-171.6,27,0.0074,20.63
14:34:04,22.2545502,84.879882,1.496,-20.611,0.12,-0.247,-0.648,-171.6,27,0.0068,20.67
14:34:04,22.2545502,84.879882,1.484,-20.644,0.12,-0.249,-0.650,-171.9,27,0.0000,20.70
14:34:04,22.2545502,84.879882,1.471,-20.677,0.12,-0.251,-0.652,-171.9,27,0.0000,20.73
14:34:04,22.2545502,84.879882,1.462,-20.711,0.12,-0.199,-0.684,-171.9,27,0.0074,20.76
14:34:04,22.254548,84.8798812,1.452,-20.764,0.12,-0.201,-0.687,-172.4,27,0.0074,20.81
14:34:04,22.254548,84.8798812,1.439,-20.798,0.12,-0.257,-0.690,-172.4,27,0.0073,20.85
14:34:04,22.254548,84.8798812,1.426,-20.833,0.12,-0.259,-0.692,-174.2,27,0.0000,20.88
14:34:04,22.254548,84.8798812,1.413,-20.869,0.12,-0.258,-0.717,-178.1,27,0.0075,20.92
14:34:04,22.2545459,84.8798803,1.396,-20.930,0.12,-0.262,-0.717,-178.1,27,0.0075,20.98
14:34:04,22.2545459,84.8798803,1.380,-20.966,0.12,-0.342,-0.704,-178.1,27,0.0074,21.01
14:34:04,22.2545459,84.8798803,1.362,-21.002,0.12,-0.346,-0.704,177.0,27,0.0000,21.05
14:34:04,22.2545459,84.8798803,1.348,-21.037,0.12,-0.267,-0.687,171.8,27,0.0068,21.08
14:34:04,22.2545459,84.8798803,1.334,-21.072,0.12,-0.276,-0.686,171.8,27,0.0068,21.11
14:34:05,22.2545459,84.8798803,1.321,-21.105,0.12,-0.266,-0.657,171.8,27,0.0062,21.15
14:34:05,22.2545459,84.8798803,1.307,-21.138,0.12,-0.275,-0.656,167.1,27,0.0000,21.18
14:34:05,22.2545459,84.8798803,1.297,-21.173,0.12,-0.170,-0.690,164.2,27,0.0064,21.21
14:34:05,22.2545459,84.8798803,1.288,-21.208,0.12,-0.186,-0.691,164.2,27,0.0064,21.25
14:34:05,22.2545438,84.8798797,1.283,-21.257,0.12,-0.112,-0.688,164.2,27,0.0066,21.30
14:34:05,22.2545438,84.8798797,1.277,-21.292,0.12,-0.127,-0.689,162.2,27,0.0000,21.33
14:34:05,22.2545438,84.8798797,1.275,-21.326,0.12,-0.014,-0.657,161.5,27,0.0064,21.36
14:34:05,22.2545438,84.8798797,1.274,-21.359,0.12,-0.032,-0.659,161.5,27,0.0064,21.40
14:34:05,22.2545438,84.8798797,1.272,-21.392,0.12,-0.050,-0.660,161.5,27,0.0064,21.43
14:34:05,22.2545438,84.8798797,1.274,-21.427,0.12,0.028,-0.681,161.5,27,0.0067,21.46
14:34:05,22.2545438,84.8798797,1.275,-21.461,0.12,0.011,-0.681,161.7,27,0.0000,21.50
14:34:05,22.2545438,84.8798797,1.278,-21.495,0.12,0.056,-0.645,161.7,27,0.0064,21.53
14:34:05,22.2545416,84.8798794,1.279,-21.537,0.12,0.041,-0.644,161.7,27,0.0064,21.58
14:34:05,22.2545416,84.8798794,1.282,-21.571,0.12,0.076,-0.670,162.0,27,0.0067,21.61
14:34:05,22.2545416,84.8798794,1.286,-21.605,0.12,0.064,-0.668,162.1,27,0.0000,21.64
14:34:05,22.2545416,84.8798794,1.291,-21.638,0.12,0.108,-0.660,162.1,27,0.0067,21.68
14:34:05,22.2545393,84.8798795,1.294,-21.693,0.13,0.099,-0.657,162.1,27,0.0067,21.73
14:34:05,22.2545393,84.8798795,1.300,-21.727,0.13,0.110,-0.662,162.2,27,0.0067,21.77
14:34:05,22.2545393,84.8798795,1.305,-21.760,0.13,0.104,-0.658,162.4,27,0.0000,21.80
14:34:06,22.2545393,84.8798795,1.310,-21.794,0.13,0.083,-0.681,162.6,27,0.0069,21.83
14:34:06,22.2545393,84.8798795,1.314,-21.829,0.13,0.081,-0.677,162.6,27,0.0069,21.87
14:34:06,22.2545393,84.8798795,1.319,-21.863,0.13,0.104,-0.675,162.6,27,0.0069,21.90
14:34:06,22.2545393,84.8798795,1.324,-21.897,0.13,0.102,-0.671,162.7,27,0.0000,21.94
14:34:06,22.2545393,84.8798795,1.329,-21.930,0.13,0.101,-0.668,162.7,27,0.0000,21.97
14:34:06,22.2545393,84.8798795,1.333,-21.962,0.13,0.087,-0.636,162.7,27,0.0065,22.00
14:34:06,22.2545371,84.8798797,1.333,-22.008,0.13,0.096,-0.642,162.7,27,0.0065,22.05
14:34:06,22.2545371,84.8798797,1.338,-22.041,0.13,0.096,-0.640,162.7,27,0.0000,22.08
14:34:06,22.2545371,84.8798797,1.343,-22.073,0.13,0.098,-0.639,162.7,27,0.0000,22.11
14:34:06,22.2545371,84.8798797,1.347,-22.105,0.13,0.085,-0.634,162.7,27,0.0065,22.15
14:34:06,22.2545349,84.8798798,1.347,-22.161,0.13,0.087,-0.633,162.7,27,0.0065,22.20
14:34:06,22.2545349,84.8798798,1.350,-22.195,0.13,0.055,-0.674,162.6,27,0.0068,22.24
14:34:06,22.2545349,84.8798798,1.353,-22.229,0.13,0.057,-0.674,162.6,27,0.0000,22.27
14:34:06,22.2545349,84.8798798,1.355,-22.263,0.13,0.030,-0.664,161.0,27,0.0064,22.30
14:34:06,22.2545349,84.8798798,1.356,-22.296,0.13,0.031,-0.664,161.0,27,0.0064,22.34
14:34:06,22.2545349,84.8798798,1.356,-22.332,0.13,-0.012,-0.728,157.2,27,0.0068,22.37
14:34:06,22.2545349,84.8798798,1.356,-22.369,0.13,-0.013,-0.729,157.2,27,0.0000,22.41
14:34:06,22.2545349,84.8798798,1.353,-22.405,0.13,-0.073,-0.728,157.2,27,0.0067,22.45
14:34:06,22.2545328,84.8798798,1.345,-22.459,0.12,-0.074,-0.728,151.9,27,0.0067,22.50
14:34:06,22.2545328,84.8798798,1.341,-22.496,0.12,-0.079,-0.729,145.9,27,0.0067,22.54
14:34:07,22.2545328,84.8798798,1.347,-22.534,0.12,0.080,-0.741,139.6,27,0.0066,22.57
14:34:07,22.2545328,84.8798798,1.350,-22.571,0.12,0.068,-0.746,139.6,27,0.0000,22.61
14:34:07,22.2545307,84.8798798,1.351,-22.631,0.11,0.110,-0.708,139.6,27,0.0064,22.67
14:34:07,22.2545307,84.8798798,1.356,-22.667,0.11,0.098,-0.713,133.2,27,0.0064,22.71
14:34:07,22.2545307,84.8798798,1.364,-22.704,0.11,0.168,-0.742,126.4,27,0.0060,22.74
14:34:07,22.2545307,84.8798798,1.372,-22.742,0.11,0.151,-0.753,126.4,27,0.0000,22.78
14:34:07,22.2545307,84.8798798,1.379,-22.781,0.11,0.147,-0.805,126.4,27,0.0061,22.82
14:34:07,22.2545307,84.8798798,1.386,-22.822,0.11,0.130,-0.815,119.2,27,0.0061,22.86
14:34:07,22.2545307,84.8798798,1.395,-22.855,0.11,0.176,-0.582,113.8,27,0.0045,22.90
14:34:07,22.2545307,84.8798798,1.403,-22.885,0.11,0.169,-0.604,113.8,27,0.0000,22.93
14:34:07,22.2545307,84.8798798,1.409,-22.911,0.11,0.073,-0.473,113.8,27,0.0041,22.95
14:34:07,22.2545288,84.87988,1.403,-22.947,0.12,0.065,-0.495,109.6,27,0.0041,22.99
14:34:07,22.2545288,84.87988,1.406,-22.969,0.12,0.070,-0.411,106.2,27,0.0037,23.01
14:34:07,22.2545288,84.87988,1.410,-22.991,0.12,0.091,-0.442,106.2,27,0.0000,23.03
14:34:07,22.2545288,84.87988,1.414,-23.011,0.12,0.058,-0.390,106.2,27,0.0035,23.05
14:34:07,22.2545288,84.87988,1.417,-23.031,0.12,0.079,-0.420,103.6,27,0.0035,23.07
14:34:07,22.2545288,84.87988,1.422,-23.053,0.12,0.109,-0.450,102.0,27,0.0035,23.10
14:34:07,22.2545288,84.87988,1.425,-23.069,0.12,0.094,-0.345,102.0,27,0.0032,23.11
14:34:07,22.2545288,84.87988,1.431,-23.087,0.12,0.127,-0.371,102.0,27,0.0000,23.13
14:34:07,22.2545274,84.8798801,1.425,-23.114,0.12,0.104,-0.331,101.3,27,0.0031,23.16
14:34:08,22.2545274,84.8798801,1.431,-23.132,0.12,0.135,-0.352,101.0,27,0.0031,23.18
14:34:08,22.2545274,84.8798801,1.437,-23.148,0.12,0.102,-0.311,101.0,27,0.0029,23.19
14:34:08,22.2545274,84.8798801,1.442,-23.164,0.12,0.127,-0.327,101.0,27,0.0000,23.21
14:34:08,22.2545274,84.8798801,1.448,-23.178,0.12,0.118,-0.261,101.0,27,0.0023,23.22
14:34:08,22.2545262,84.87988,1.441,-23.207,0.12,0.136,-0.274,101.0,27,0.0023,23.25
14:34:08,22.2545262,84.87988,1.446,-23.219,0.12,0.100,-0.239,101.3,27,0.0022,23.26
14:34:08,22.2545262,84.87988,1.452,-23.232,0.12,0.111,-0.251,101.8,27,0.0000,23.28
14:34:08,22.2545262,84.87988,1.458,-23.245,0.12,0.118,-0.261,101.8,27,0.0000,23.29
14:34:08,22.2545262,84.87988,1.461,-23.254,0.12,0.077,-0.206,101.8,27,0.0019,23.30
14:34:08,22.2545262,84.87988,1.465,-23.265,0.12,0.084,-0.217,102.3,27,0.0019,23.31
14:34:08,22.2545262,84.87988,1.468,-23.275,0.12,0.058,-0.190,103.0,27,0.0018,23.32
14:34:08,22.2545262,84.87988,1.471,-23.284,0.12,0.062,-0.200,103.0,27,0.0000,23.33
14:34:08,22.2545251,84.8798797,1.454,-23.311,0.12,0.043,-0.174,103.0,27,0.0017,23.36
14:34:08,22.2545251,84.8798797,1.456,-23.320,0.12,0.047,-0.184,103.7,27,0.0017,23.37
14:34:08,22.2545251,84.8798797,1.458,-23.329,0.12,0.038,-0.172,104.7,27,0.0016,23.37
14:34:08,22.2545251,84.8798797,1.460,-23.338,0.12,0.042,-0.180,104.7,27,0.0000,23.38
14:34:08,22.254524,84.8798796,1.444,-23.371,0.12,0.036,-0.164,104.7,27,0.0015,23.42
14:34:08,22.254524,84.8798796,1.446,-23.380,0.12,0.040,-0.172,105.6,27,0.0015,23.42
14:34:08,22.254524,84.8798796,1.447,-23.388,0.12,0.033,-0.158,106.6,27,0.0015,23.43
14:34:08,22.254524,84.8798796,1.449,-23.396,0.12,0.038,-0.164,106.6,27,0.0000,23.44
14:34:09,22.254524,84.8798796,1.451,-23.404,0.12,0.031,-0.157,106.6,27,0.0014,23.45
14:34:09,22.254524,84.8798796,1.452,-23.412,0.12,0.036,-0.163,107.5,27,0.0014,23.46
14:34:09,22.254524,84.8798796,1.454,-23.420,0.12,0.042,-0.169,108.5,27,0.0014,23.47
14:34:09,22.254524,84.8798796,1.455,-23.427,0.12,0.028,-0.142,108.5,27,0.0013,23.47
14:34:09,22.254524,84.8798796,1.457,-23.434,0.12,0.035,-0.149,108.5,27,0.0000,23.48
14:34:09,22.2545231,84.8798796,1.439,-23.467,0.11,0.022,-0.133,109.5,27,0.0012,23.51
14:34:09,22.2545231,84.8798796,1.440,-23.474,0.11,0.029,-0.141,110.4,27,0.0012,23.52
14:34:09,22.2545231,84.8798796,1.441,-23.481,0.11,0.003,-0.130,110.4,27,0.0012,23.53
14:34:09,22.2545231,84.8798796,1.441,-23.488,0.11,0.011,-0.138,110.4,27,0.0000,23.53
14:34:09,22.2545223,84.8798795,1.424,-23.523,0.11,0.002,-0.130,111.3,27,0.0013,23.57
14:34:09,22.2545223,84.8798795,1.424,-23.530,0.11,0.009,-0.139,112.2,27,0.0013,23.57
14:34:09,22.2545223,84.8798795,1.424,-23.536,0.11,0.002,-0.121,112.2,27,0.0011,23.58
14:34:09,22.2545223,84.8798795,1.425,-23.543,0.11,0.009,-0.130,112.2,27,0.0000,23.59
14:34:09,22.2545223,84.8798795,1.425,-23.549,0.11,0.017,-0.139,112.9,27,0.0000,23.59
14:34:09,22.2545223,84.8798795,1.425,-23.556,0.11,0.002,-0.130,113.5,27,0.0013,23.60
14:34:09,22.2545223,84.8798795,1.425,-23.562,0.11,0.010,-0.139,113.5,27,0.0013,23.61
14:34:09,22.2545223,84.8798795,1.425,-23.569,0.11,0.002,-0.124,113.5,27,0.0012,23.61
14:34:09,22.2545216,84.8798795,1.410,-23.605,0.11,0.010,-0.133,114.0,27,0.0000,23.65
14:34:09,22.2545216,84.8798795,1.410,-23.611,0.11,0.002,-0.121,114.3,27,0.0012,23.65
14:34:10,22.2545216,84.8798795,1.410,-23.617,0.11,0.010,-0.131,114.3,27,0.0012,23.66
14:34:10,22.2545216,84.8798795,1.409,-23.623,0.11,-0.015,-0.117,114.6,27,0.0012,23.67
14:34:10,22.2545216,84.8798795,1.409,-23.629,0.11,-0.007,-0.127,114.6,27,0.0000,23.67
14:34:10,22.2545211,84.8798794,1.393,-23.663,0.10,-0.014,-0.109,114.8,27,0.0011,23.70
14:34:10,22.2545211,84.8798794,1.393,-23.669,0.10,-0.006,-0.119,114.8,27,0.0011,23.71
14:34:10,22.2545211,84.8798794,1.392,-23.674,0.10,-0.014,-0.107,115.0,27,0.0011,23.72
14:34:10,22.2545211,84.8798794,1.392,-23.680,0.10,-0.006,-0.119,115.0,27,0.0000,23.72
14:34:10,22.2545211,84.8798794,1.390,-23.685,0.10,-0.024,-0.102,114.9,27,0.0011,23.73
14:34:10,22.2545211,84.8798794,1.389,-23.691,0.10,-0.016,-0.114,114.9,27,0.0011,23.73
14:34:10,22.2545211,84.8798794,1.389,-23.697,0.10,-0.008,-0.126,114.8,27,0.0011,23.74
14:34:10,22.2545211,84.8798794,1.387,-23.702,0.10,-0.029,-0.103,114.8,27,0.0011,23.74
14:34:10,22.2545207,84.8798794,1.373,-23.733,0.10,-0.020,-0.115,114.8,27,0.0000,23.77
14:34:10,22.2545207,84.8798794,1.371,-23.738,0.10,-0.029,-0.102,114.5,27,0.0011,23.78
14:34:10,22.2545207,84.8798794,1.370,-23.744,0.10,-0.019,-0.113,114.2,27,0.0011,23.78
14:34:10,22.2545207,84.8798794,1.369,-23.749,0.10,-0.027,-0.106,114.2,27,0.0011,23.79
14:34:10,22.2545207,84.8798794,1.368,-23.755,0.10,-0.017,-0.117,114.2,27,0.0000,23.79
14:34:10,22.2545207,84.8798794,1.366,-23.760,0.10,-0.028,-0.108,113.9,27,0.0012,23.80
14:34:10,22.2545207,84.8798794,1.365,-23.766,0.10,-0.018,-0.118,113.5,27,0.0012,23.80
14:34:10,22.2545207,84.8798794,1.364,-23.771,0.10,-0.021,-0.106,113.2,27,0.0011,23.81
14:34:10,22.2545205,84.8798794,1.352,-23.798,0.10,-0.013,-0.114,113.2,27,0.0000,23.84
14:34:11,22.2545205,84.8798794,1.351,-23.803,0.10,-0.027,-0.098,113.2,27,0.0010,23.84
14:34:11,22.2545205,84.8798794,1.350,-23.808,0.10,-0.018,-0.106,112.9,27,0.0010,23.85
14:34:11,22.2545205,84.8798794,1.349,-23.813,0.10,-0.029,-0.092,112.9,27,0.0010,23.85
14:34:11,22.2545205,84.8798794,1.347,-23.818,0.10,-0.021,-0.100,112.6,27,0.0000,23.86
14:34:11,22.2545203,84.8798794,1.338,-23.840,0.10,-0.025,-0.088,112.6,27,0.0010,23.88
14:34:11,22.2545203,84.8798794,1.336,-23.845,0.10,-0.018,-0.095,112.3,27,0.0010,23.88
14:34:11,22.2545203,84.8798794,1.336,-23.850,0.10,-0.010,-0.102,112.3,27,0.0010,23.89
14:34:11,22.2545203,84.8798794,1.334,-23.854,0.10,-0.024,-0.082,112.2,27,0.0009,23.89
14:34:11,22.2545203,84.8798794,1.333,-23.858,0.10,-0.016,-0.089,112.2,27,0.0000,23.90
14:34:11,22.2545203,84.8798794,1.332,-23.862,0.10,-0.021,-0.078,112.2,27,0.0008,23.90
14:34:11,22.2545203,84.8798794,1.331,-23.866,0.10,-0.013,-0.085,112.2,27,0.0008,23.90
14:34:11,22.2545203,84.8798794,1.330,-23.870,0.10,-0.021,-0.074,112.2,27,0.0008,23.91
14:34:11,22.2545202,84.8798794,1.322,-23.888,0.10,-0.013,-0.081,112.2,27,0.0000,23.92
14:34:11,22.2545202,84.8798794,1.321,-23.892,0.10,-0.021,-0.074,112.3,27,0.0008,23.93
14:34:11,22.2545202,84.8798794,1.321,-23.896,0.10,-0.013,-0.081,112.3,27,0.0008,23.93
14:34:11,22.2545202,84.8798794,1.319,-23.899,0.10,-0.024,-0.068,112.5,27,0.0007,23.94
14:34:11,22.2545202,84.8798794,1.318,-23.903,0.10,-0.017,-0.075,112.5,27,0.0000,23.94
14:34:11,22.2545202,84.8798794,1.317,-23.906,0.10,-0.022,-0.066,112.6,27,0.0007,23.94
14:34:11,22.2545202,84.8798794,1.316,-23.910,0.10,-0.014,-0.073,112.6,27,0.0007,23.95
14:34:11,22.2545202,84.8798794,1.315,-23.913,0.10,-0.024,-0.065,112.7,27,0.0007,23.95
14:34:12,22.2545202,84.8798794,1.314,-23.916,0.10,-0.017,-0.071,112.7,27,0.0000,23.95
14:34:12,22.2545202,84.8798794,1.313,-23.920,0.10,-0.019,-0.065,112.8,27,0.0007,23.96
14:34:12,22.2545202,84.8798794,1.312,-23.923,0.10,-0.012,-0.070,112.7,27,0.0007,23.96
14:34:12,22.2545202,84.8798794,1.311,-23.926,0.10,-0.021,-0.061,112.7,27,0.0007,23.96
14:34:12,22.2545202,84.8798794,1.311,-23.929,0.10,-0.014,-0.065,112.7,27,0.0000,23.97
14:34:12,22.2545202,84.8798794,1.310,-23.933,0.10,-0.007,-0.070,112.7,27,0.0000,23.97
14:34:12,22.2545202,84.8798794,1.309,-23.936,0.10,-0.017,-0.058,112.7,27,0.0007,23.97
14:34:12,22.2545202,84.8798794,1.308,-23.939,0.10,-0.011,-0.062,112.6,27,0.0007,23.97
14:34:12,22.2545202,84.8798794,1.307,-23.942,0.10,-0.020,-0.059,112.6,27,0.0007,23.98
14:34:12,22.2545202,84.8798794,1.306,-23.945,0.10,-0.014,-0.061,112.6,27,0.0000,23.98
14:34:12,22.2545202,84.8798794,1.306,-23.948,0.10,-0.008,-0.063,112.5,27,0.0000,23.98
14:34:12,22.2545202,84.8798794,1.305,-23.951,0.10,-0.002,-0.065,112.5,27,0.0000,23.99
14:34:12,22.2545202,84.8798794,1.306,-23.954,0.10,0.004,-0.067,112.5,27,0.0000,23.99
14:34:12,22.2545202,84.8798794,1.306,-23.958,0.10,0.011,-0.070,112.5,27,0.0000,23.99
14:34:12,22.2545202,84.8798794,1.307,-23.961,0.10,0.017,-0.072,112.6,27,0.0000,24.00
14:34:12,22.2545202,84.8798794,1.301,-23.961,0.10,-0.020,-0.047,112.6,27,0.0006,24.00
14:34:12,22.2545202,84.8798794,1.300,-23.963,0.10,-0.013,-0.049,112.6,27,0.0006,24.00
14:34:12,22.2545203,84.8798794,1.294,-23.969,0.10,-0.018,-0.046,112.5,27,0.0005,24.00
14:34:12,22.2545203,84.8798794,1.294,-23.971,0.10,-0.011,-0.049,112.5,27,0.0000,24.01
14:34:12,22.2545203,84.8798794,1.293,-23.974,0.10,-0.004,-0.052,112.5,27,0.0000,24.01
14:34:13,22.2545203,84.8798794,1.292,-23.976,0.10,-0.016,-0.046,112.5,27,0.0005,24.01
14:34:13,22.2545203,84.8798794,1.291,-23.978,0.10,-0.010,-0.049,112.5,27,0.0005,24.01
14:34:13,22.2545203,84.8798794,1.291,-23.981,0.10,-0.000,-0.047,112.5,27,0.0005,24.02
14:34:13,22.2545203,84.8798794,1.291,-23.983,0.10,0.006,-0.050,112.5,27,0.0000,24.02
14:34:13,22.2545203,84.8798794,1.291,-23.985,0.10,-0.013,-0.048,112.5,27,0.0005,24.02
14:34:13,22.2545203,84.8798794,1.290,-23.988,0.10,-0.008,-0.051,112.5,27,0.0005,24.02
14:34:13,22.2545204,84.8798795,1.288,-23.989,0.10,-0.015,-0.045,112.5,27,0.0005,24.02
14:34:13,22.2545204,84.8798795,1.287,-23.991,0.10,-0.011,-0.048,112.4,27,0.0000,24.03
14:34:13,22.2545204,84.8798795,1.286,-23.993,0.10,-0.018,-0.044,112.4,27,0.0005,24.03
14:34:13,22.2545204,84.8798795,1.286,-23.996,0.10,-0.014,-0.045,112.4,27,0.0005,24.03
14:34:13,22.2545205,84.8798795,1.284,-23.994,0.10,-0.019,-0.039,112.4,27,0.0005,24.03
14:34:13,22.2545205,84.8798795,1.283,-23.996,0.10,-0.015,-0.041,112.4,27,0.0000,24.03
14:34:13,22.2545205,84.8798795,1.282,-23.998,0.10,-0.011,-0.042,112.3,27,0.0000,24.03
14:34:13,22.2545205,84.8798795,1.281,-24.000,0.10,-0.021,-0.035,112.3,27,0.0004,24.03
14:34:13,22.2545205,84.8798795,1.280,-24.001,0.10,-0.018,-0.036,112.3,27,0.0005,24.04
14:34:13,22.2545205,84.8798795,1.279,-24.003,0.10,-0.013,-0.037,112.3,27,0.0000,24.04
14:34:13,22.2545205,84.8798795,1.279,-24.005,0.10,-0.007,-0.039,112.3,27,0.0000,24.04
14:34:13,22.2545205,84.8798795,1.278,-24.007,0.10,-0.015,-0.037,112.3,27,0.0004,24.04
14:34:13,22.2545206,84.8798795,1.277,-24.002,0.10,-0.009,-0.039,112.3,27,0.0004,24.04
14:34:14,22.2545206,84.8798795,1.277,-24.004,0.10,-0.000,-0.037,112.2,27,0.0005,24.04
14:34:14,22.2545206,84.8798795,1.277,-24.006,0.10,0.006,-0.040,112.3,27,0.0000,24.04
14:34:14,22.2545206,84.8798795,1.277,-24.008,0.10,0.001,-0.038,112.3,27,0.0004,24.04
14:34:14,22.2545206,84.8798795,1.277,-24.010,0.10,0.008,-0.040,112.3,27,0.0004,24.04
14:34:14,22.2545208,84.8798795,1.277,-24.003,0.10,0.001,-0.037,112.3,27,0.0004,24.04
14:34:14,22.2545208,84.8798795,1.278,-24.004,0.10,0.007,-0.039,112.2,27,0.0000,24.04
14:34:14,22.2545208,84.8798795,1.278,-24.006,0.10,0.001,-0.037,112.2,27,0.0004,24.04
14:34:14,22.2545208,84.8798795,1.278,-24.008,0.10,0.007,-0.039,112.2,27,0.0004,24.04
14:34:14,22.2545208,84.8798795,1.278,-24.010,0.10,0.001,-0.035,112.2,27,0.0004,24.04
14:34:14,22.2545208,84.8798795,1.278,-24.012,0.10,0.006,-0.035,112.2,27,0.0000,24.05
14:34:14,22.2545208,84.8798795,1.278,-24.013,0.10,0.001,-0.031,112.2,27,0.0003,24.05
14:34:14,22.2545208,84.8798795,1.278,-24.015,0.10,0.006,-0.030,112.2,27,0.0003,24.05
14:34:14,22.254521,84.8798796,1.280,-24.004,0.10,0.011,-0.029,112.1,27,0.0003,24.04
14:34:14,22.254521,84.8798796,1.280,-24.005,0.10,0.001,-0.026,112.1,27,0.0003,24.04
14:34:14,22.254521,84.8798796,1.280,-24.007,0.10,0.005,-0.025,112.1,27,0.0000,24.04
14:34:14,22.254521,84.8798796,1.280,-24.008,0.10,0.001,-0.024,112.1,27,0.0003,24.04
14:34:14,22.2545212,84.8798797,1.282,-23.996,0.10,0.005,-0.023,112.0,27,0.0003,24.03
14:34:14,22.2545212,84.8798797,1.282,-23.997,0.10,0.001,-0.021,112.0,27,0.0002,24.03
14:34:14,22.2545212,84.8798797,1.282,-23.998,0.10,0.005,-0.021,112.0,27,0.0000,24.03
14:34:14,22.2545212,84.8798797,1.282,-23.999,0.10,0.001,-0.020,112.0,27,0.0002,24.03
14:34:15,22.2545212,84.8798797,1.283,-24.000,0.10,0.005,-0.020,112.0,27,0.0002,24.03
14:34:15,22.2545212,84.8798797,1.283,-24.001,0.10,0.001,-0.020,112.1,27,0.0002,24.04
14:34:15,22.2545212,84.8798797,1.283,-24.002,0.10,0.005,-0.021,112.1,27,0.0000,24.04
14:34:15,22.2545212,84.8798797,1.283,-24.003,0.10,0.001,-0.021,112.1,27,0.0003,24.04
14:34:15,22.2545212,84.8798797,1.283,-24.004,0.10,0.005,-0.021,112.1,27,0.0003,24.04
14:34:15,22.2545213,84.8798797,1.285,-23.990,0.10,0.001,-0.019,112.2,27,0.0003,24.02
14:34:15,22.2545213,84.8798797,1.285,-23.991,0.10,0.006,-0.020,112.2,27,0.0000,24.03
14:34:15,22.2545213,84.8798797,1.285,-23.992,0.10,0.010,-0.020,112.2,27,0.0000,24.03
14:34:15,22.2545213,84.8798797,1.285,-23.993,0.10,0.001,-0.019,112.2,27,0.0003,24.03
14:34:15,22.2545215,84.8798798,1.288,-23.979,0.10,0.006,-0.019,112.2,27,0.0003,24.01
14:34:15,22.2545215,84.8798798,1.288,-23.980,0.10,0.001,-0.018,112.2,27,0.0002,24.01
14:34:15,22.2545215,84.8798798,1.288,-23.981,0.10,0.006,-0.018,112.2,27,0.0000,24.02
14:34:15,22.2545215,84.8798798,1.288,-23.982,0.10,0.001,-0.016,112.2,27,0.0003,24.02
14:34:15,22.2545215,84.8798798,1.288,-23.982,0.10,0.006,-0.015,112.2,27,0.0003,24.02
14:34:15,22.2545215,84.8798798,1.288,-23.983,0.10,0.001,-0.001,112.2,27,0.0002,24.02
14:34:15,22.2545215,84.8798798,1.289,-23.983,0.10,0.006,-0.001,112.2,27,0.0000,24.02
14:34:15,22.2545215,84.8798798,1.289,-23.983,0.10,0.001,0.000,112.2,27,0.0002,24.02
14:34:15,22.2545215,84.8798798,1.289,-23.983,0.10,0.006,0.001,112.1,27,0.0002,24.02
14:34:15,22.2545217,84.8798798,1.291,-23.966,0.10,0.001,0.000,112.1,26,0.0002,24.00
14:34:15,22.2545217,84.8798798,1.291,-23.966,0.10,0.007,0.001,112.1,26,0.0000,24.00
14:34:16,22.2545217,84.8798798,1.291,-23.966,0.10,0.001,0.000,112.1,26,0.0002,24.00
14:34:16,22.2545217,84.8798798,1.292,-23.966,0.10,0.007,0.000,112.1,26,0.0002,24.00
14:34:16,22.2545217,84.8798798,1.292,-23.966,0.10,0.012,0.000,112.1,26,0.0002,24.00
14:34:16,22.2545217,84.8798798,1.292,-23.966,0.10,0.001,0.000,112.1,26,0.0002,24.00
14:34:16,22.2545217,84.8798798,1.292,-23.966,0.10,0.007,-0.000,112.2,26,0.0000,24.00
14:34:16,22.2545217,84.8798798,1.292,-23.966,0.10,0.001,-0.000,112.2,26,0.0002,24.00
14:34:16,22.2545219,84.8798798,1.294,-23.948,0.10,0.006,0.000,112.2,26,0.0002,23.98
14:34:16,22.2545219,84.8798798,1.294,-23.948,0.10,0.001,0.000,112.8,26,0.0002,23.98
14:34:16,22.2545219,84.8798798,1.294,-23.948,0.10,0.006,0.001,114.0,26,0.0000,23.98
14:34:16,22.2545219,84.8798798,1.295,-23.948,0.10,0.001,-0.015,114.0,26,0.0003,23.98
14:34:16,22.2545221,84.87988,1.298,-23.932,0.10,0.006,-0.013,114.0,26,0.0003,23.97
14:34:16,22.2545221,84.87988,1.299,-23.932,0.10,0.001,-0.001,115.5,26,0.0003,23.97
14:34:16,22.2545221,84.87988,1.299,-23.932,0.10,0.007,0.001,117.7,26,0.0000,23.97
14:34:16,22.2545221,84.87988,1.299,-23.932,0.10,0.014,0.003,117.7,26,0.0000,23.97
14:34:16,22.2545221,84.87988,1.299,-23.932,0.10,0.002,0.000,117.7,26,0.0003,23.97
14:34:16,22.2545221,84.87988,1.299,-23.932,0.10,0.009,0.002,120.9,26,0.0003,23.97
14:34:16,22.2545221,84.87988,1.300,-23.931,0.10,0.020,0.018,120.9,26,0.0004,23.97
14:34:16,22.2545221,84.87988,1.301,-23.930,0.10,0.030,0.019,126.1,26,0.0000,23.97
14:34:16,22.2545221,84.87988,1.303,-23.929,0.10,0.049,0.017,126.1,26,0.0005,23.96
14:34:16,22.2545221,84.8798801,1.310,-23.913,0.10,0.061,0.018,133.5,26,0.0005,23.95
14:34:17,22.2545221,84.8798801,1.313,-23.912,0.10,0.062,0.021,133.5,26,0.0007,23.95
14:34:17,22.2545221,84.8798801,1.316,-23.911,0.10,0.076,0.019,142.3,26,0.0000,23.95
14:34:17,22.2545221,84.8798801,1.319,-23.910,0.10,0.047,0.001,142.3,26,0.0005,23.95
14:34:17,22.2545218,84.8798803,1.326,-23.901,0.11,0.067,-0.002,151.4,26,0.0005,23.94
14:34:17,22.2545218,84.8798803,1.328,-23.901,0.11,0.023,-0.001,151.4,26,0.0003,23.94
14:34:17,22.2545218,84.8798803,1.329,-23.901,0.11,0.051,-0.006,160.4,26,0.0000,23.94
14:34:17,22.2545218,84.8798803,1.330,-23.901,0.11,0.008,-0.001,160.4,26,0.0003,23.94
14:34:17,22.2545218,84.8798803,1.331,-23.901,0.11,0.043,-0.008,169.0,26,0.0003,23.94
14:34:17,22.2545218,84.8798803,1.331,-23.901,0.11,-0.025,-0.002,169.0,26,0.0005,23.94
14:34:17,22.2545218,84.8798803,1.330,-23.902,0.11,0.015,-0.012,177.0,26,0.0000,23.94
14:34:17,22.2545218,84.8798803,1.332,-23.903,0.11,0.058,-0.026,-175.5,26,0.0000,23.94
14:34:17,22.2545218,84.8798803,1.328,-23.903,0.11,-0.048,-0.019,-175.5,26,0.0006,23.94
14:34:17,22.2545215,84.8798799,1.325,-23.899,0.12,-0.007,-0.033,-175.5,26,0.0006,23.94
14:34:17,22.2545215,84.8798799,1.322,-23.900,0.12,-0.074,-0.032,-169.0,26,0.0008,23.94
14:34:17,22.2545215,84.8798799,1.319,-23.902,0.12,-0.038,-0.043,-162.3,26,0.0000,23.94
14:34:17,22.2545215,84.8798799,1.314,-23.904,0.12,-0.108,-0.046,-162.3,26,0.0011,23.94
14:34:17,22.2545218,84.8798791,1.302,-23.898,0.12,-0.078,-0.050,-162.3,26,0.0011,23.93
14:34:17,22.2545218,84.8798791,1.295,-23.900,0.12,-0.147,-0.037,-156.9,26,0.0015,23.93
14:34:17,22.2545218,84.8798791,1.288,-23.902,0.12,-0.122,-0.036,-152.1,26,0.0000,23.94
14:34:18,22.2545218,84.8798791,1.279,-23.904,0.12,-0.208,-0.057,-152.1,26,0.0022,23.94
14:34:18,22.2545218,84.8798791,1.269,-23.907,0.12,-0.188,-0.049,-152.1,26,0.0022,23.94
14:34:18,22.2545218,84.8798791,1.254,-23.912,0.12,-0.330,-0.108,-148.1,26,0.0032,23.94
14:34:18,22.2545218,84.8798791,1.238,-23.917,0.12,-0.311,-0.087,-145.3,26,0.0000,23.95
14:34:18,22.2545218,84.8798791,1.218,-23.923,0.12,-0.409,-0.120,-145.3,26,0.0037,23.95
14:34:18,22.2545222,84.8798782,1.192,-23.911,0.11,-0.386,-0.088,-145.3,26,0.0037,23.94
14:34:18,22.2545222,84.8798782,1.173,-23.915,0.11,-0.362,-0.057,-144.0,26,0.0037,23.94
14:34:18,22.2545222,84.8798782,1.151,-23.921,0.11,-0.410,-0.089,-143.7,26,0.0041,23.95
14:34:18,22.2545222,84.8798782,1.131,-23.925,0.11,-0.371,-0.053,-143.7,26,0.0000,23.95
14:34:18,22.2545222,84.8798782,1.107,-23.929,0.11,-0.500,-0.096,-144.3,26,0.0041,23.96
14:34:18,22.2545223,84.8798774,1.081,-23.916,0.11,-0.455,-0.063,-144.3,27,0.0041,23.94
14:34:18,22.2545223,84.8798774,1.055,-23.922,0.11,-0.520,-0.153,-144.3,27,0.0045,23.95
14:34:18,22.2545223,84.8798774,1.029,-23.929,0.11,-0.475,-0.119,-145.4,27,0.0000,23.95
14:34:18,22.2545223,84.8798774,1.003,-23.938,0.11,-0.524,-0.189,-146.4,27,0.0050,23.96
14:34:18,22.2545223,84.8798774,0.978,-23.947,0.11,-0.473,-0.159,-146.4,27,0.0050,23.97
14:34:18,22.2545223,84.8798774,0.955,-23.954,0.11,-0.424,-0.129,-146.4,27,0.0050,23.97
14:34:18,22.2545223,84.8798774,0.927,-23.967,0.11,-0.504,-0.216,-146.9,27,0.0049,23.98
14:34:18,22.2545223,84.8798774,0.903,-23.977,0.11,-0.455,-0.189,-145.6,27,0.0000,23.99
14:34:18,22.2545219,84.8798766,0.891,-23.970,0.12,-0.435,-0.262,-145.6,27,0.0049,23.99
14:34:18,22.2545219,84.8798766,0.870,-23.983,0.12,-0.414,-0.267,-145.6,27,0.0047,24.00
14:34:19,22.2545219,84.8798766,0.850,-23.996,0.12,-0.367,-0.245,-142.8,27,0.0000,24.01
14:34:19,22.2545219,84.8798766,0.833,-24.008,0.12,-0.323,-0.230,-139.1,27,0.0000,24.02
14:34:19,22.2545213,84.8798757,0.818,-24.006,0.13,-0.413,-0.257,-139.1,27,0.0050,24.02
14:34:19,22.2545213,84.8798757,0.798,-24.019,0.13,-0.373,-0.250,-139.1,27,0.0050,24.03
14:34:19,22.2545213,84.8798757,0.777,-24.033,0.13,-0.436,-0.271,-135.1,27,0.0052,24.05
14:34:19,22.2545213,84.8798757,0.756,-24.046,0.13,-0.400,-0.271,-130.2,27,0.0000,24.06
14:34:19,22.2545213,84.8798757,0.734,-24.060,0.13,-0.440,-0.276,-130.2,27,0.0055,24.07
14:34:19,22.2545213,84.8798757,0.712,-24.074,0.13,-0.407,-0.282,-130.2,27,0.0055,24.08
14:34:19,22.2545213,84.8798757,0.689,-24.088,0.13,-0.477,-0.269,-125.4,27,0.0056,24.10
14:34:19,22.2545213,84.8798757,0.666,-24.102,0.13,-0.446,-0.280,-119.9,27,0.0000,24.11
14:34:19,22.2545213,84.8798757,0.644,-24.116,0.13,-0.417,-0.295,-114.3,27,0.0000,24.12
14:34:19,22.2545206,84.8798743,0.629,-24.105,0.14,-0.525,-0.178,-114.3,27,0.0061,24.11
14:34:19,22.2545206,84.8798743,0.604,-24.114,0.14,-0.495,-0.198,-114.3,27,0.0061,24.12
14:34:19,22.2545206,84.8798743,0.577,-24.122,0.14,-0.528,-0.137,-108.7,27,0.0056,24.13
14:34:19,22.2545206,84.8798743,0.551,-24.130,0.14,-0.496,-0.166,-103.6,27,0.0000,24.14
14:34:19,22.2545206,84.8798743,0.524,-24.136,0.14,-0.540,-0.121,-103.6,27,0.0057,24.14
14:34:19,22.2545206,84.8798743,0.498,-24.143,0.14,-0.503,-0.159,-103.6,27,0.0057,24.15
14:34:19,22.2545206,84.8798743,0.471,-24.146,0.14,-0.533,-0.042,-98.3,27,0.0055,24.15
14:34:19,22.2545206,84.8798743,0.445,-24.150,0.14,-0.492,-0.092,-98.3,27,0.0000,24.15
14:34:19,22.2545206,84.8798743,0.416,-24.154,0.14,-0.599,-0.113,-98.3,27,0.0064,24.16
14:34:20,22.2545204,84.8798731,0.413,-24.141,0.17,-0.558,-0.163,-92.9,26,0.0064,24.14
14:34:20,22.2545204,84.8798731,0.386,-24.150,0.17,-0.518,-0.224,-88.0,26,0.0064,24.15
14:34:20,22.2545204,84.8798731,0.357,-24.146,0.17,-0.548,-0.004,-88.0,26,0.0055,24.15
14:34:20,22.2545204,84.8798731,0.330,-24.148,0.17,-0.512,-0.070,-83.3,26,0.0000,24.15
14:34:20,22.2545207,84.8798718,0.325,-24.126,0.20,-0.475,0.017,-83.3,26,0.0047,24.13
14:34:20,22.2545207,84.8798718,0.301,-24.126,0.20,-0.450,-0.049,-83.3,26,0.0047,24.13
14:34:20,22.2545207,84.8798718,0.281,-24.126,0.20,-0.376,0.014,-79.8,26,0.0037,24.13
14:34:20,22.2545207,84.8798718,0.262,-24.127,0.20,-0.365,-0.044,-76.9,26,0.0000,24.13
14:34:20,22.2545207,84.8798718,0.246,-24.127,0.20,-0.299,-0.009,-76.9,26,0.0029,24.13
14:34:20,22.2545207,84.8798718,0.231,-24.129,0.20,-0.302,-0.055,-76.9,26,0.0029,24.13
14:34:20,22.2545207,84.8798718,0.217,-24.129,0.20,-0.269,-0.010,-74.3,26,0.0027,24.13
14:34:20,22.2545207,84.8798718,0.203,-24.131,0.20,-0.282,-0.044,-72.3,26,0.0000,24.13
14:34:20,22.2545213,84.8798711,0.190,-24.130,0.26,-0.245,0.021,-72.3,26,0.0026,24.13
14:34:20,22.2545213,84.8798711,0.178,-24.130,0.26,-0.265,-0.002,-72.3,26,0.0026,24.13
14:34:20,22.2545213,84.8798711,0.167,-24.128,0.26,-0.203,0.053,-71.3,26,0.0025,24.13
14:34:20,22.2545213,84.8798711,0.156,-24.125,0.26,-0.226,0.037,-71.0,26,0.0000,24.13
14:34:20,22.2545213,84.8798711,0.144,-24.124,0.26,-0.250,0.024,-71.0,26,0.0000,24.12
14:34:20,22.2545218,84.879872,0.137,-24.119,0.35,-0.166,0.077,-71.0,25,0.0031,24.12
14:34:20,22.2545218,84.879872,0.128,-24.115,0.35,-0.190,0.064,-71.4,25,0.0031,24.12
14:34:20,22.2545218,84.879872,0.119,-24.111,0.35,-0.177,0.083,-72.3,25,0.0036,24.11
14:34:21,22.2545218,84.879872,0.110,-24.108,0.35,-0.199,0.066,-73.2,25,0.0000,24.11
14:34:21,22.2545218,84.879872,0.101,-24.102,0.35,-0.162,0.118,-73.2,25,0.0039,24.10
14:34:21,22.2545218,84.879872,0.093,-24.097,0.35,-0.179,0.097,-73.2,25,0.0039,24.10
14:34:21,22.2545218,84.879872,0.084,-24.091,0.35,-0.172,0.115,-74.5,25,0.0042,24.09
14:34:21,22.2545218,84.879872,0.075,-24.086,0.35,-0.182,0.090,-74.5,25,0.0000,24.09
14:34:21,22.2545221,84.8798735,0.066,-24.080,0.48,-0.192,0.111,-74.5,25,0.0045,24.08
14:34:21,22.2545221,84.8798735,0.056,-24.075,0.48,-0.203,0.086,-76.0,25,0.0045,24.08
14:34:21,22.2545221,84.8798735,0.041,-24.067,0.48,-0.322,0.192,-77.2,25,0.0048,24.07
14:34:21,22.2545221,84.8798735,0.025,-24.058,0.48,-0.307,0.160,-77.2,25,0.0000,24.06
14:34:21,22.2545226,84.8798747,0.006,-24.047,0.63,-0.388,0.225,-77.8,24,0.0050,24.05
14:34:21,22.2545226,84.8798747,-0.012,-24.036,0.63,-0.356,0.190,-77.8,24,0.0050,24.04
14:34:21,22.2545226,84.8798747,-0.030,-24.028,0.63,-0.324,0.155,-78.2,24,0.0050,24.03
14:34:21,22.2545226,84.8798747,-0.052,-24.013,0.63,-0.397,0.252,-78.2,24,0.0048,24.01
14:34:21,22.2545226,84.8798747,-0.071,-24.001,0.63,-0.351,0.214,-78.7,24,0.0047,24.00
14:34:21,22.2545226,84.8798747,-0.093,-23.989,0.63,-0.439,0.233,-78.7,24,0.0047,23.99
14:34:21,22.2545226,84.8798747,-0.114,-23.978,0.63,-0.384,0.195,-79.0,24,0.0047,23.98
14:34:21,22.2545226,84.8798747,-0.138,-23.966,0.63,-0.487,0.231,-79.1,24,0.0049,23.97
14:34:21,22.2545226,84.8798747,-0.161,-23.956,0.63,-0.424,0.197,-79.1,24,0.0000,23.96
14:34:21,22.2545235,84.8798752,-0.204,-23.936,0.75,-0.376,0.165,-79.0,21,0.0047,23.94
14:34:22,22.2545235,84.8798752,-0.228,-23.926,0.75,-0.478,0.192,-78.8,21,0.0047,23.93
14:34:22,22.2545235,84.8798752,-0.250,-23.917,0.75,-0.415,0.165,-78.8,21,0.0000,23.92
14:34:22,22.2545241,84.8798757,-0.275,-23.907,0.86,-0.494,0.200,-78.8,21,0.0049,23.91
14:34:22,22.2545241,84.8798757,-0.298,-23.898,0.86,-0.431,0.173,-78.6,21,0.0049,23.90
14:34:22,22.2545241,84.8798757,-0.323,-23.888,0.86,-0.496,0.212,-78.4,21,0.0050,23.89
14:34:22,22.2545241,84.8798757,-0.346,-23.877,0.86,-0.436,0.190,-78.4,21,0.0000,23.88
14:34:22,22.2545241,84.8798757,-0.367,-23.868,0.86,-0.376,0.167,-78.4,16,0.0000,23.87
14:34:22,22.2545241,84.8798757,-0.397,-23.853,0.86,-0.533,0.264,-78.2,16,0.0060,23.86
14:34:22,22.2545241,84.8798757,-0.423,-23.841,0.86,-0.476,0.242,-78.1,16,0.0060,23.84
14:34:22,22.2545241,84.8798757,-0.450,-23.830,0.86,-0.532,0.193,-78.1,16,0.0054,23.83
14:34:22,22.2545246,84.8798757,-0.475,-23.821,0.96,-0.477,0.172,-78.1,16,0.0000,23.83
14:34:22,22.2545246,84.8798757,-0.498,-23.813,0.96,-0.421,0.151,-78.0,16,0.0000,23.82
14:34:22,22.2545246,84.8798757,-0.518,-23.806,0.96,-0.368,0.129,-77.8,16,0.0000,23.81
14:34:22,22.2545246,84.8798757,-0.535,-23.800,0.96,-0.319,0.109,-77.8,16,0.0000,23.81
14:34:22,22.2545246,84.8798757,-0.550,-23.795,0.96,-0.269,0.088,-77.8,16,0.0000,23.80
14:34:22,22.2545246,84.8798757,-0.562,-23.791,0.96,-0.220,0.068,-77.7,16,0.0000,23.80
14:34:22,22.2545246,84.8798757,-0.572,-23.788,0.96,-0.174,0.048,-77.8,16,0.0000,23.79
14:34:22,22.2545246,84.8798757,-0.665,-23.744,0.96,-0.598,0.260,-77.8,16,0.0065,23.75
14:34:22,22.2545246,84.8798757,-0.694,-23.731,0.96,-0.556,0.242,-77.9,16,0.0065,23.74
14:34:22,22.2545253,84.8798752,-0.727,-23.717,1.03,-0.616,0.276,-77.9,17,0.0068,23.73
14:34:23,22.2545253,84.8798752,-0.757,-23.703,1.03,-0.576,0.261,-77.9,17,0.0000,23.72
14:34:23,22.2545253,84.8798752,-0.789,-23.688,1.03,-0.641,0.297,-78.0,17,0.0070,23.70
14:34:23,22.2545253,84.8798752,-0.820,-23.674,1.03,-0.601,0.285,-78.0,17,0.0070,23.69
14:34:23,22.254526,84.8798745,-0.852,-23.659,1.05,-0.624,0.281,-78.0,17,0.0069,23.67
14:34:23,22.254526,84.8798745,-0.882,-23.645,1.05,-0.584,0.270,-78.0,17,0.0000,23.66
14:34:23,22.254526,84.8798745,-0.915,-23.630,1.05,-0.671,0.319,-78.0,17,0.0075,23.65
14:34:23,22.254526,84.8798745,-0.948,-23.614,1.05,-0.631,0.308,-77.8,17,0.0075,23.63
14:34:23,22.254526,84.8798745,-0.982,-23.599,1.05,-0.658,0.300,-77.8,10,0.0073,23.62
14:34:23,22.254526,84.8798745,-1.014,-23.584,1.05,-0.619,0.287,-77.8,10,0.0000,23.61
14:34:23,22.254526,84.8798745,-1.046,-23.569,1.05,-0.639,0.287,-77.7,10,0.0069,23.59
14:34:23,22.254526,84.8798745,-1.078,-23.555,1.05,-0.601,0.272,-77.4,10,0.0069,23.58
14:34:23,22.254526,84.8798745,-1.111,-23.541,1.05,-0.668,0.271,-77.4,10,0.0076,23.57
14:34:23,22.2545268,84.8798733,-1.144,-23.528,1.05,-0.633,0.254,-77.4,10,0.0000,23.56
14:34:23,22.2545268,84.8798733,-1.177,-23.513,1.05,-0.651,0.302,-77.1,10,0.0072,23.54
14:34:23,22.2545268,84.8798733,-1.209,-23.498,1.05,-0.620,0.285,-76.8,10,0.0072,23.53
14:34:23,22.2545268,84.8798733,-1.241,-23.484,1.05,-0.647,0.278,-76.8,10,0.0073,23.52
14:34:23,22.2545275,84.8798722,-1.273,-23.470,1.02,-0.622,0.262,-76.5,13,0.0000,23.50
14:34:23,22.2545275,84.8798722,-1.304,-23.458,1.02,-0.605,0.249,-76.5,13,0.0000,23.49
14:34:23,22.2545275,84.8798722,-1.335,-23.447,1.02,-0.596,0.215,-76.2,13,0.0065,23.48
14:34:23,22.2545275,84.8798722,-1.365,-23.436,1.02,-0.588,0.207,-76.2,13,0.0065,23.48
14:34:24,22.2545275,84.8798722,-1.397,-23.424,1.02,-0.643,0.252,-76.0,13,0.0071,23.47
14:34:24,22.2545275,84.8798722,-1.429,-23.411,1.02,-0.644,0.247,-76.0,13,0.0000,23.45
14:34:24,22.2545275,84.8798722,-1.461,-23.397,1.02,-0.641,0.276,-75.6,13,0.0070,23.44
14:34:24,22.2545275,84.8798722,-1.494,-23.384,1.02,-0.647,0.274,-75.6,13,0.0070,23.43
14:34:24,22.2545283,84.8798708,-1.524,-23.370,0.97,-0.581,0.272,-75.1,13,0.0063,23.42
14:34:24,22.2545283,84.8798708,-1.553,-23.356,0.97,-0.585,0.262,-75.1,13,0.0000,23.41
14:34:24,22.2545283,84.8798708,-1.584,-23.341,0.97,-0.624,0.329,-75.1,13,0.0070,23.39
14:34:24,22.2545283,84.8798708,-1.616,-23.324,0.97,-0.627,0.320,-74.5,13,0.0070,23.38
14:34:24,22.2545283,84.8798708,-1.648,-23.308,0.97,-0.638,0.315,-73.9,13,0.0073,23.37
14:34:24,22.254529,84.8798696,-1.680,-23.293,0.91,-0.625,0.278,-73.9,8,0.0000,23.35
14:34:24,22.254529,84.8798696,-1.706,-23.278,0.91,-0.469,0.297,-73.3,8,0.0058,23.34
14:34:24,22.254529,84.8798696,-1.729,-23.264,0.91,-0.456,0.248,-73.3,8,0.0058,23.33
14:34:24,22.254529,84.8798696,-1.752,-23.253,0.91,-0.443,0.199,-73.3,8,0.0058,23.32
14:34:24,22.254529,84.8798696,-1.769,-23.242,0.91,-0.350,0.181,-72.5,8,0.0041,23.31
14:34:24,22.254529,84.8798696,-1.787,-23.235,0.91,-0.343,0.125,-71.9,8,0.0000,23.30
14:34:24,22.254529,84.8798696,-1.801,-23.227,0.91,-0.274,0.126,-71.9,8,0.0031,23.30
14:34:24,22.254529,84.8798696,-1.815,-23.222,0.91,-0.276,0.070,-71.9,8,0.0031,23.29
14:34:24,22.2545293,84.8798712,-1.827,-23.217,0.82,-0.225,0.101,-71.6,0,0.0031,23.29
14:34:24,22.2545293,84.8798712,-1.839,-23.213,0.82,-0.236,0.048,-71.5,0,0.0000,23.29
14:34:25,22.2545293,84.8798712,-1.850,-23.209,0.82,-0.217,0.086,-71.5,0,0.0032,23.28
14:34:25,22.2545293,84.8798712,-1.861,-23.206,0.82,-0.234,0.040,-71.5,0,0.0032,23.28
14:34:25,22.2545292,84.879874,-1.874,-23.205,0.71,-0.251,-0.007,-71.6,0,0.0032,23.28
14:34:25,22.2545292,84.879874,-1.881,-23.199,0.71,-0.179,0.082,-71.7,0,0.0033,23.28
14:34:25,22.2545292,84.879874,-1.891,-23.195,0.71,-0.202,0.051,-71.7,0,0.0000,23.27
14:34:25,22.2545292,84.879874,-1.899,-23.191,0.71,-0.154,0.096,-71.8,0,0.0033,23.27
14:34:25,22.2545292,84.879874,-1.907,-23.186,0.71,-0.176,0.073,-71.8,0,0.0033,23.26
14:34:25,22.2545292,84.879874,-1.915,-23.182,0.71,-0.153,0.094,-71.9,7,0.0033,23.26
14:34:25,22.2545292,84.879874,-1.923,-23.177,0.71,-0.173,0.077,-72.0,7,0.0000,23.26
14:34:25,22.2545292,84.879874,-1.930,-23.173,0.71,-0.136,0.089,-72.0,7,0.0033,23.25
14:34:25,22.2545292,84.879874,-1.938,-23.169,0.71,-0.155,0.079,-72.0,7,0.0033,23.25
14:34:25,22.2545291,84.8798774,-1.944,-23.164,0.59,-0.129,0.082,-72.1,7,0.0033,23.25
14:34:25,22.2545291,84.8798774,-1.951,-23.160,0.59,-0.146,0.078,-72.1,7,0.0000,23.24
14:34:25,22.2545291,84.8798774,-1.957,-23.156,0.59,-0.104,0.087,-72.2,7,0.0032,23.24
14:34:25,22.2545291,84.8798774,-1.963,-23.152,0.59,-0.117,0.088,-72.2,7,0.0032,23.23
14:34:25,22.2545291,84.8798774,-1.969,-23.147,0.59,-0.129,0.089,-72.2,7,0.0032,23.23
14:34:25,22.2545291,84.8798774,-1.972,-23.143,0.59,-0.073,0.089,-72.2,7,0.0032,23.23
14:34:25,22.2545291,84.8798774,-1.976,-23.138,0.59,-0.082,0.093,-72.2,7,0.0000,23.22
14:34:25,22.2545291,84.8798774,-1.979,-23.134,0.59,-0.056,0.094,-72.2,7,0.0031,23.22
14:34:25,22.2545291,84.8798774,-1.982,-23.129,0.59,-0.061,0.101,-72.2,7,0.0031,23.21
14:34:26,22.2545286,84.8798818,-1.984,-23.125,0.47,-0.046,0.077,-72.2,9,0.0031,23.21
14:34:26,22.2545286,84.8798818,-1.986,-23.121,0.47,-0.048,0.086,-72.3,9,0.0000,23.21
14:34:26,22.2545286,84.8798818,-1.989,-23.116,0.47,-0.041,0.083,-72.5,9,0.0029,23.20
14:34:26,22.2545286,84.8798818,-1.991,-23.112,0.47,-0.037,0.094,-72.5,9,0.0029,23.20
14:34:26,22.2545278,84.8798868,-2.000,-23.114,0.37,-0.237,-0.093,-72.5,9,0.0091,23.20
14:34:26,22.2545278,84.8798868,-2.009,-23.119,0.37,-0.038,-0.087,-72.7,9,0.0068,23.21
14:34:26,22.2545278,84.8798868,-2.010,-23.123,0.37,-0.031,-0.074,-72.7,9,0.0000,23.21
14:34:26,22.2545278,84.8798868,-2.009,-23.126,0.37,0.059,-0.067,-72.7,9,0.0129,23.21
14:34:26,22.2545278,84.8798868,-2.007,-23.134,0.37,-0.032,-0.369,-73.0,13,0.0113,23.22
14:34:26,22.2545278,84.8798868,-2.009,-23.152,0.37,-0.022,-0.354,-73.3,13,0.0113,23.24
14:34:26,22.2545278,84.8798868,-2.009,-23.170,0.37,-0.009,-0.337,-73.6,13,10.0005,23.26
14:34:26,22.2545278,84.8798868,-2.009,-23.186,0.37,0.007,-0.319,-73.6,13,0.0000,23.27
14:34:26,22.2545267,84.8798926,-1.994,-23.187,0.28,0.197,-0.122,-73.6,13,0.0078,23.27
14:34:26,22.2545267,84.8798926,-1.984,-23.193,0.28,0.212,-0.104,-73.8,13,10.0005,23.28
14:34:26,22.2545267,84.8798926,-1.973,-23.198,0.28,0.230,-0.084,-74.1,13,10.0005,23.28
14:34:26,22.2545267,84.8798926,-1.961,-23.201,0.28,0.248,-0.064,-74.1,13,10.0005,23.28
14:34:26,22.2545267,84.8798926,-1.968,-23.196,0.28,0.038,0.048,-74.1,13,0.0025,23.28
14:34:26,22.2545251,84.879899,-1.965,-23.193,0.20,0.056,0.068,-74.2,9,0.0000,23.28
14:34:26,22.2545251,84.879899,-1.964,-23.191,0.20,0.035,0.052,-74.4,9,0.0024,23.27
14:34:26,22.2545251,84.879899,-1.961,-23.187,0.20,0.053,0.072,-74.4,9,0.0024,23.27
14:34:27,22.2545251,84.879899,-1.959,-23.185,0.20,0.043,0.053,-74.4,9,0.0022,23.27
14:34:27,22.2545251,84.879899,-1.957,-23.182,0.20,0.061,0.072,-74.5,9,0.0000,23.26
14:34:27,22.2545251,84.879899,-1.955,-23.179,0.20,0.043,0.057,-74.5,9,0.0021,23.26
14:34:27,22.2545251,84.879899,-1.952,-23.175,0.20,0.058,0.074,-74.5,9,0.0021,23.26
14:34:27,22.2545251,84.879899,-1.950,-23.173,0.20,0.045,0.048,-74.5,9,0.0019,23.25
14:34:27,22.2545231,84.879906,-1.947,-23.170,0.14,0.060,0.065,-74.6,9,0.0000,23.25
14:34:27,22.2545231,84.879906,-1.944,-23.168,0.14,0.052,0.043,-74.6,9,0.0017,23.25
14:34:27,22.2545231,84.879906,-1.942,-23.165,0.14,0.061,0.057,-74.6,9,0.0017,23.25
14:34:27,22.2545231,84.879906,-1.938,-23.162,0.14,0.069,0.071,-74.6,9,0.0017,23.24
14:34:27,22.2545209,84.8799133,-1.936,-23.160,0.10,0.055,0.043,-74.6,13,0.0012,23.24
14:34:27,22.2545209,84.8799133,-1.933,-23.158,0.10,0.061,0.055,-74.6,13,0.0000,23.24
14:34:27,22.2545209,84.8799133,-1.930,-23.156,0.10,0.054,0.032,-74.6,13,0.0009,23.24
14:34:27,22.2545209,84.8799133,-1.927,-23.154,0.10,0.057,0.044,-74.6,13,0.0009,23.23
14:34:27,22.2545209,84.8799133,-1.925,-23.153,0.10,0.052,0.024,-74.5,13,0.0008,23.23
14:34:27,22.2545209,84.8799133,-1.922,-23.151,0.10,0.053,0.037,-74.2,13,0.0000,23.23
14:34:27,22.2545209,84.8799133,-1.919,-23.150,0.10,0.053,0.020,-74.2,13,0.0006,23.23
14:34:27,22.2545209,84.8799133,-1.917,-23.149,0.10,0.053,0.033,-74.2,13,0.0006,23.23
14:34:27,22.2545209,84.8799133,-1.914,-23.148,0.10,0.051,0.020,-73.9,13,0.0006,23.23
14:34:27,22.2545188,84.8799209,-1.912,-23.147,0.11,0.051,0.034,-73.7,21,0.0000,23.23
14:34:27,22.2545188,84.8799209,-1.909,-23.145,0.11,0.051,0.025,-73.7,21,0.0005,23.22
14:34:28,22.2545188,84.8799209,-1.906,-23.144,0.11,0.050,0.039,-73.7,21,0.0005,23.22
14:34:28,22.2545188,84.8799209,-1.904,-23.142,0.11,0.049,0.031,-73.6,21,0.0006,23.22
14:34:28,22.2545165,84.8799291,-1.901,-23.140,0.12,0.048,0.045,-73.5,21,0.0000,23.22
14:34:28,22.2545165,84.8799291,-1.899,-23.138,0.12,0.045,0.059,-73.5,21,0.0000,23.22
14:34:28,22.2545165,84.8799291,-1.897,-23.137,0.12,0.047,0.033,-73.5,21,0.0006,23.21
14:34:28,22.2545165,84.8799291,-1.894,-23.135,0.12,0.044,0.046,-73.5,21,0.0006,23.21
14:34:28,22.2545165,84.8799291,-1.892,-23.133,0.12,0.045,0.037,-73.6,22,0.0006,23.21
14:34:28,22.2545165,84.8799291,-1.890,-23.131,0.12,0.041,0.051,-73.6,22,0.0000,23.21
14:34:28,22.2545165,84.8799291,-1.888,-23.129,0.12,0.042,0.040,-73.6,22,0.0005,23.21
14:34:28,22.2545165,84.8799291,-1.886,-23.126,0.12,0.038,0.054,-73.8,22,0.0005,23.20
14:34:28,22.2545143,84.8799373,-1.884,-23.124,0.12,0.041,0.042,-74.0,22,0.0005,23.20
14:34:28,22.2545143,84.8799373,-1.882,-23.122,0.12,0.036,0.056,-74.0,22,0.0000,23.20
14:34:28,22.2545143,84.8799373,-1.880,-23.119,0.12,0.039,0.046,-74.0,22,0.0006,23.20
14:34:28,22.2545143,84.8799373,-1.878,-23.117,0.12,0.033,0.061,-74.2,22,0.0006,23.19
14:34:28,22.2545143,84.8799373,-1.876,-23.114,0.12,0.038,0.051,-74.4,22,0.0006,23.19
14:34:28,22.2545143,84.8799373,-1.874,-23.111,0.12,0.032,0.065,-74.4,22,0.0000,23.19
14:34:28,22.2545143,84.8799373,-1.873,-23.108,0.12,0.027,0.080,-74.4,22,0.0000,23.18
14:34:28,22.2545143,84.8799373,-1.870,-23.106,0.12,0.039,0.053,-74.6,22,0.0007,23.18
14:34:28,22.2545143,84.8799373,-1.869,-23.103,0.12,0.033,0.067,-74.8,22,0.0007,23.18
14:34:29,22.2545119,84.8799457,-1.867,-23.100,0.11,0.039,0.055,-74.8,23,0.0007,23.18
14:34:29,22.2545119,84.8799457,-1.865,-23.097,0.11,0.033,0.068,-74.8,23,0.0000,23.17
14:34:29,22.2545119,84.8799457,-1.863,-23.094,0.11,0.042,0.055,-75.1,23,0.0007,23.17
14:34:29,22.2545119,84.8799457,-1.861,-23.091,0.11,0.036,0.067,-75.3,23,0.0007,23.17
14:34:29,22.2545096,84.8799542,-1.859,-23.088,0.11,0.039,0.054,-75.3,23,0.0007,23.16
14:34:29,22.2545096,84.8799542,-1.857,-23.085,0.11,0.034,0.066,-75.3,23,0.0000,23.16
14:34:29,22.2545096,84.8799542,-1.855,-23.082,0.11,0.041,0.050,-75.5,23,0.0006,23.16
14:34:29,22.2545096,84.8799542,-1.853,-23.080,0.11,0.035,0.061,-75.7,23,0.0006,23.15
14:34:29,22.2545096,84.8799542,-1.851,-23.077,0.11,0.038,0.044,-75.7,24,0.0006,23.15
14:34:29,22.2545096,84.8799542,-1.849,-23.075,0.11,0.032,0.054,-75.7,24,0.0000,23.15
14:34:29,22.2545096,84.8799542,-1.848,-23.072,0.11,0.026,0.064,-75.8,24,0.0000,23.15
14:34:29,22.2545096,84.8799542,-1.846,-23.070,0.11,0.035,0.040,-75.9,24,0.0005,23.14
14:34:29,22.2545075,84.8799619,-1.844,-23.068,0.11,0.027,0.052,-75.9,24,0.0005,23.14
14:34:29,22.2545075,84.8799619,-1.843,-23.066,0.11,0.019,0.043,-75.9,24,0.0007,23.14
14:34:29,22.2545075,84.8799619,-1.842,-23.063,0.11,0.011,0.055,-75.8,24,0.0000,23.14
14:34:29,22.2545075,84.8799619,-1.843,-23.061,0.11,-0.034,0.057,-75.5,24,0.0007,23.13
14:34:29,22.2545075,84.8799619,-1.845,-23.057,0.11,-0.034,0.070,-75.5,24,0.0007,23.13
14:34:29,22.2545056,84.8799688,-1.848,-23.054,0.10,-0.061,0.069,-75.5,24,0.0009,23.13
14:34:29,22.2545056,84.8799688,-1.851,-23.050,0.10,-0.061,0.081,-75.1,24,0.0000,23.12
14:34:29,22.2545056,84.8799688,-1.855,-23.046,0.10,-0.093,0.091,-74.6,24,0.0013,23.12
14:34:30,22.2545056,84.8799688,-1.860,-23.041,0.10,-0.081,0.099,-74.6,24,0.0013,23.12
14:34:30,22.2545056,84.8799688,-1.869,-23.035,0.10,-0.231,0.136,-74.0,24,0.0030,23.11
14:34:30,22.2545056,84.8799688,-1.880,-23.028,0.10,-0.205,0.139,-74.0,24,0.0000,23.10
14:34:30,22.2545056,84.8799688,-1.890,-23.021,0.10,-0.179,0.142,-73.9,24,0.0000,23.10
14:34:30,22.2545056,84.8799688,-1.911,-23.012,0.10,-0.365,0.163,-74.1,24,0.0042,23.09
14:34:30,22.2545039,84.8799744,-1.603,-23.075,0.10,-0.307,0.150,-74.1,24,0.0042,23.13
14:34:30,22.2545039,84.8799744,-1.622,-23.065,0.10,-0.387,0.201,-74.1,24,0.0045,23.12
14:34:30,22.2545039,84.8799744,-1.640,-23.055,0.10,-0.330,0.188,-74.5,24,0.0000,23.11
14:34:30,22.2545039,84.8799744,-1.659,-23.047,0.10,-0.378,0.165,-74.5,24,0.0044,23.11
14:34:30,22.2545029,84.8799771,-1.677,-23.039,0.09,-0.317,0.144,-74.7,25,0.0044,23.10
14:34:30,22.2545029,84.8799771,-1.696,-23.031,0.09,-0.388,0.153,-74.7,25,0.0043,23.09
14:34:30,22.2545029,84.8799771,-1.714,-23.024,0.09,-0.332,0.128,-74.5,25,0.0000,23.09
14:34:30,22.2545029,84.8799771,-1.729,-23.019,0.09,-0.247,0.086,-74.5,25,0.0029,23.08
14:34:30,22.2545029,84.8799771,-1.740,-23.015,0.09,-0.206,0.063,-74.2,25,0.0029,23.08
14:34:30,22.2545029,84.8799771,-1.749,-23.012,0.09,-0.161,0.054,-74.2,25,0.0018,23.08
14:34:30,22.2545029,84.8799771,-1.757,-23.009,0.09,-0.148,0.040,-73.9,25,0.0000,23.08
14:34:30,22.2545029,84.8799771,-1.764,-23.007,0.09,-0.162,0.039,-73.9,25,0.0000,23.07
14:34:30,22.2545029,84.8799771,-1.771,-23.006,0.09,-0.137,0.036,-73.7,25,0.0014,23.07
14:34:30,22.2545027,84.8799775,-1.778,-23.004,0.09,-0.161,0.027,-73.7,24,0.0016,23.07
14:34:30,22.2545027,84.8799775,-1.787,-23.002,0.09,-0.200,0.042,-73.0,24,0.0000,23.07
14:34:31,22.2545027,84.8799775,-1.799,-22.999,0.09,-0.253,0.070,-73.0,24,0.0000,23.07
14:34:31,22.2545027,84.8799775,-1.807,-23.000,0.09,-0.203,0.007,-71.1,24,0.0019,23.07
14:34:31,22.2545025,84.8799782,-1.819,-22.999,0.08,-0.262,0.047,-71.1,24,0.0019,23.07
14:34:31,22.2545025,84.8799782,-1.830,-22.998,0.08,-0.240,0.036,-71.1,24,0.0023,23.07
14:34:31,22.2545025,84.8799782,-1.844,-22.995,0.08,-0.298,0.076,-68.9,24,0.0000,23.07
14:34:31,22.2545025,84.8799782,-1.858,-22.993,0.08,-0.285,0.042,-65.3,24,0.0028,23.07
14:34:31,22.2545025,84.8799782,-1.873,-22.989,0.08,-0.324,0.089,-65.3,25,0.0028,23.07
14:34:31,22.2545025,84.8799782,-1.890,-22.984,0.08,-0.363,0.135,-60.3,25,0.0028,23.06
14:34:31,22.2545025,84.8799782,-1.905,-22.984,0.08,-0.309,0.039,-60.3,25,0.0031,23.06
14:34:31,22.2545025,84.8799782,-1.921,-22.981,0.08,-0.333,0.082,-54.0,25,0.0000,23.06
14:34:31,22.2545025,84.8799782,-1.936,-22.980,0.08,-0.290,0.011,-54.0,25,0.0026,23.06
14:34:31,22.2545028,84.8799762,-1.951,-22.979,0.08,-0.302,0.046,-47.3,25,0.0026,23.06
14:34:31,22.2545028,84.8799762,-1.965,-22.977,0.08,-0.271,0.031,-47.3,25,0.0024,23.06
14:34:31,22.2545028,84.8799762,-1.979,-22.975,0.08,-0.276,0.056,-40.3,25,0.0000,23.06
14:34:31,22.2545028,84.8799762,-1.992,-22.974,0.08,-0.251,0.007,-40.3,25,0.0021,23.06
14:34:31,22.2545028,84.8799762,-2.005,-22.973,0.08,-0.252,0.026,-33.1,25,0.0021,23.06
14:34:31,22.2545028,84.8799762,-2.017,-22.973,0.08,-0.245,0.004,-33.1,25,0.0022,23.06
14:34:31,22.2545028,84.8799762,-2.029,-22.972,0.08,-0.246,0.021,-25.9,25,0.0000,23.06
14:34:31,22.2545028,84.8799762,-2.043,-22.969,0.08,-0.280,0.087,-17.9,25,0.0025,23.06
14:34:31,22.254503,84.8799726,-2.057,-22.964,0.09,-0.275,0.102,-17.9,25,0.0025,23.06
14:34:32,22.254503,84.8799726,-2.073,-22.956,0.09,-0.337,0.185,-17.9,25,0.0031,23.05
14:34:32,22.254503,84.8799726,-2.090,-22.946,0.09,-0.332,0.201,-9.7,25,0.0000,23.04
14:34:32,22.254503,84.8799726,-2.105,-22.934,0.09,-0.268,0.265,-2.4,25,0.0029,23.03
14:34:32,22.2545038,84.8799676,-2.118,-22.921,0.09,-0.255,0.263,-2.4,25,0.0029,23.02
14:34:32,22.2545038,84.8799676,-2.130,-22.908,0.09,-0.242,0.261,-2.4,25,0.0029,23.01
14:34:32,22.2545038,84.8799676,-2.143,-22.895,0.09,-0.246,0.253,3.4,25,0.0029,22.99
14:34:32,22.2545038,84.8799676,-2.155,-22.882,0.09,-0.233,0.248,7.7,25,0.0000,22.98
14:34:32,22.2545038,84.8799676,-2.166,-22.870,0.09,-0.191,0.231,7.7,25,0.0023,22.97
14:34:32,22.2545038,84.8799676,-2.175,-22.859,0.09,-0.177,0.226,7.7,25,0.0023,22.96
14:34:32,22.2545038,84.8799676,-2.182,-22.846,0.09,-0.119,0.263,10.3,25,0.0028,22.95
14:34:32,22.2545038,84.8799676,-2.187,-22.833,0.09,-0.104,0.259,10.9,25,0.0000,22.94
14:34:32,22.2545038,84.8799676,-2.192,-22.820,0.09,-0.089,0.254,10.9,25,0.0000,22.93
14:34:32,22.2545058,84.8799589,-2.196,-22.807,0.09,-0.074,0.250,10.9,25,0.0000,22.91
14:34:32,22.2545058,84.8799589,-2.200,-22.795,0.09,-0.059,0.245,10.3,25,0.0000,22.90
14:34:32,22.2545058,84.8799589,-2.202,-22.783,0.09,-0.046,0.245,10.3,25,0.0000,22.89
14:34:32,22.2545058,84.8799589,-2.204,-22.770,0.09,-0.032,0.244,7.9,25,0.0000,22.88
14:34:32,22.2545081,84.8799491,-2.206,-22.758,0.09,-0.021,0.253,7.9,25,0.0000,22.86
14:34:32,22.2545081,84.8799491,-2.193,-22.763,0.09,0.065,0.163,4.1,25,0.0017,22.87
14:34:32,22.2545081,84.8799491,-2.189,-22.754,0.09,0.076,0.178,4.1,25,0.0017,22.86
14:34:33,22.2545081,84.8799491,-2.185,-22.747,0.09,0.093,0.156,-0.9,25,0.0016,22.85
14:34:33,22.2545081,84.8799491,-2.180,-22.738,0.09,0.104,0.176,-7.3,25,0.0000,22.84
14:34:33,22.2545081,84.8799491,-2.175,-22.730,0.09,0.104,0.152,-7.3,25,0.0015,22.83
14:34:33,22.2545081,84.8799491,-2.169,-22.722,0.09,0.117,0.176,-7.3,25,0.0015,22.83
14:34:33,22.2545081,84.8799491,-2.163,-22.714,0.09,0.117,0.155,-13.5,25,0.0017,22.82
14:34:33,22.2545081,84.8799491,-2.157,-22.706,0.09,0.129,0.183,-20.6,25,0.0000,22.81
14:34:33,22.2545097,84.8799395,-2.150,-22.698,0.09,0.143,0.166,-20.6,25,0.0021,22.80
14:34:33,22.2545097,84.8799395,-2.143,-22.688,0.09,0.152,0.194,-20.6,25,0.0021,22.79
14:34:33,22.2545097,84.8799395,-2.136,-22.679,0.09,0.124,0.187,-27.1,25,0.0020,22.78
14:34:33,22.2545097,84.8799395,-2.130,-22.669,0.09,0.130,0.215,-27.1,25,0.0000,22.77
14:34:33,22.2545116,84.8799291,-2.124,-22.659,0.09,0.107,0.195,-34.2,25,0.0020,22.76
14:34:33,22.2545116,84.8799291,-2.119,-22.649,0.09,0.109,0.220,-41.6,25,0.0020,22.75
14:34:33,22.2545116,84.8799291,-2.113,-22.637,0.09,0.109,0.239,-41.6,25,0.0020,22.74
14:34:33,22.2545116,84.8799291,-2.110,-22.628,0.09,0.080,0.211,-41.6,25,0.0020,22.73
14:34:33,22.2545116,84.8799291,-2.106,-22.616,0.09,0.080,0.231,-49.2,25,0.0000,22.71
14:34:33,22.2545116,84.8799291,-2.103,-22.605,0.09,0.054,0.232,-56.9,25,0.0023,22.70
14:34:33,22.2545116,84.8799291,-2.100,-22.593,0.09,0.047,0.244,-56.9,25,0.0023,22.69
14:34:33,22.2545116,84.8799291,-2.097,-22.581,0.09,0.067,0.242,-56.9,25,0.0024,22.68
14:34:33,22.2545116,84.8799291,-2.094,-22.568,0.09,0.061,0.253,-64.7,25,0.0000,22.67
14:34:33,22.2545136,84.8799188,-2.092,-22.556,0.09,0.005,0.235,-72.7,25,0.0023,22.65
14:34:34,22.2545136,84.8799188,-2.093,-22.544,0.09,-0.009,0.245,-72.7,25,0.0023,22.64
14:34:34,22.2545136,84.8799188,-2.093,-22.532,0.09,-0.002,0.233,-72.7,25,0.0022,22.63
14:34:34,22.2545136,84.8799188,-2.093,-22.521,0.09,-0.016,0.243,-80.6,25,0.0000,22.62
14:34:34,22.2545151,84.8799105,-2.095,-22.510,0.09,-0.051,0.200,-86.5,25,0.0019,22.61
14:34:34,22.2545151,84.8799105,-2.098,-22.499,0.09,-0.069,0.215,-86.5,25,0.0019,22.60
14:34:34,22.2545151,84.8799105,-2.102,-22.488,0.09,-0.088,0.230,-86.5,25,0.0019,22.59
14:34:34,22.2545151,84.8799105,-2.104,-22.481,0.09,-0.063,0.165,-91.2,25,0.0017,22.58
14:34:34,22.2545151,84.8799105,-2.108,-22.472,0.09,-0.083,0.182,-93.3,26,0.0000,22.57
14:34:34,22.2545151,84.8799105,-2.111,-22.466,0.09,-0.054,0.111,-93.3,26,0.0011,22.57
14:34:34,22.2545151,84.8799105,-2.114,-22.460,0.09,-0.075,0.129,-93.3,26,0.0011,22.56
14:34:34,22.2545151,84.8799105,-2.117,-22.455,0.09,-0.051,0.083,-93.6,26,0.0009,22.56
14:34:34,22.2545175,84.8799019,-2.077,-22.465,0.09,-0.073,0.101,-92.7,26,0.0000,22.56
14:34:34,22.2545175,84.8799019,-2.080,-22.461,0.09,-0.052,0.060,-92.7,26,0.0007,22.56
14:34:34,22.2545175,84.8799019,-2.083,-22.458,0.09,-0.072,0.077,-92.7,26,0.0007,22.55
14:34:34,22.2545175,84.8799019,-2.086,-22.456,0.09,-0.067,0.009,-90.1,26,0.0007,22.55
14:34:34,22.2545175,84.8799019,-2.090,-22.456,0.09,-0.086,0.024,-85.8,26,0.0000,22.55
14:34:34,22.2545199,84.8798939,-2.094,-22.456,0.10,-0.085,-0.031,-85.8,26,0.0009,22.55
14:34:34,22.2545199,84.8798939,-2.099,-22.458,0.10,-0.101,-0.018,-85.8,26,0.0009,22.56
14:34:34,22.2545199,84.8798939,-2.104,-22.460,0.10,-0.105,-0.052,-79.9,26,0.0010,22.56
14:34:34,22.2545199,84.8798939,-2.110,-22.462,0.10,-0.119,-0.040,-73.4,26,0.0000,22.56
14:34:35,22.2545199,84.8798939,-2.116,-22.466,0.10,-0.122,-0.071,-73.4,26,0.0011,22.56
14:34:35,22.2545199,84.8798939,-2.122,-22.469,0.10,-0.135,-0.060,-73.4,26,0.0011,22.57
14:34:35,22.2545199,84.8798939,-2.129,-22.473,0.10,-0.132,-0.078,-66.5,26,0.0014,22.57
14:34:35,22.2545199,84.8798939,-2.136,-22.476,0.10,-0.144,-0.066,-59.3,26,0.0000,22.58
14:34:35,22.2545218,84.8798878,-2.143,-22.479,0.10,-0.155,-0.054,-51.9,26,0.0000,22.58
14:34:35,22.2545218,84.8798878,-2.151,-22.483,0.10,-0.154,-0.054,-51.9,26,0.0015,22.59
14:34:35,22.2545218,84.8798878,-2.159,-22.485,0.10,-0.165,-0.040,-51.9,26,0.0015,22.59
14:34:35,22.2545218,84.8798878,-2.167,-22.487,0.10,-0.165,-0.031,-44.4,26,0.0015,22.59
14:34:35,22.2545218,84.8798878,-2.176,-22.488,0.10,-0.173,-0.015,-44.4,26,0.0000,22.59
14:34:35,22.2545241,84.8798815,-2.184,-22.490,0.10,-0.177,-0.038,-44.4,26,0.0017,22.60
14:34:35,22.2545241,84.8798815,-2.193,-22.491,0.10,-0.186,-0.021,-36.5,26,0.0017,22.60
14:34:35,22.2545241,84.8798815,-2.203,-22.491,0.10,-0.203,0.014,-28.8,26,0.0018,22.60
14:34:35,22.2545241,84.8798815,-2.214,-22.490,0.10,-0.206,0.034,-28.8,26,0.0000,22.60
14:34:35,22.2545241,84.8798815,-2.224,-22.488,0.10,-0.208,0.049,-20.8,26,0.0019,22.60
14:34:35,22.2545241,84.8798815,-2.235,-22.485,0.10,-0.209,0.070,-20.8,26,0.0019,22.60
14:34:35,22.2545241,84.8798815,-2.245,-22.482,0.10,-0.207,0.063,-12.8,26,0.0019,22.59
14:34:35,22.2545241,84.8798815,-2.256,-22.478,0.10,-0.206,0.083,-12.8,26,0.0000,22.59
14:34:35,22.2545258,84.8798762,-2.266,-22.474,0.10,-0.214,0.086,-4.7,26,0.0022,22.59
14:34:35,22.2545258,84.8798762,-2.277,-22.469,0.10,-0.212,0.105,-4.7,26,0.0022,22.58
14:34:35,22.2545258,84.8798762,-2.288,-22.464,0.10,-0.209,0.125,3.4,26,0.0022,22.58
14:34:36,22.2545258,84.8798762,-2.309,-22.453,0.10,-0.209,0.129,11.0,26,0.0000,22.57
14:34:36,22.2545258,84.8798762,-2.321,-22.448,0.10,-0.221,0.085,11.0,26,0.0025,22.57
14:34:36,22.2545258,84.8798762,-2.332,-22.443,0.10,-0.215,0.103,18.9,26,0.0025,22.56
14:34:36,22.2545258,84.8798762,-2.341,-22.436,0.10,-0.175,0.156,18.9,26,0.0023,22.56
14:34:36,22.2545258,84.8798762,-2.350,-22.428,0.10,-0.165,0.173,27.2,26,0.0000,22.55
14:34:36,22.254527,84.8798719,-1.147,-22.770,0.10,-0.161,0.150,27.2,26,0.0022,22.80
14:34:36,22.254527,84.8798719,-1.154,-22.762,0.10,-0.149,0.163,35.2,26,0.0022,22.79
14:34:36,22.254527,84.8798719,-1.162,-22.753,0.10,-0.140,0.181,35.2,26,0.0023,22.78
14:34:36,22.254527,84.8798719,-1.168,-22.744,0.10,-0.126,0.191,43.2,26,0.0000,22.77
14:34:36,22.2545283,84.8798676,-0.804,-22.844,0.10,-0.117,0.207,43.2,27,0.0024,22.86
14:34:36,22.2545283,84.8798676,-0.810,-22.833,0.10,-0.102,0.214,50.8,27,0.0024,22.85
14:34:36,22.2545283,84.8798676,-0.815,-22.823,0.10,-0.100,0.212,50.8,27,0.0024,22.84
14:34:36,22.2545283,84.8798676,-0.820,-22.812,0.10,-0.085,0.216,59.3,27,0.0000,22.83
14:34:36,22.2545283,84.8798676,-0.824,-22.801,0.10,-0.072,0.217,59.3,27,0.0000,22.82
14:34:36,22.2545283,84.8798676,-0.827,-22.788,0.10,-0.049,0.243,67.0,27,0.0026,22.80
14:34:36,22.2545283,84.8798676,-0.829,-22.776,0.10,-0.036,0.242,67.0,27,0.0026,22.79
14:34:36,22.2545283,84.8798676,-0.830,-22.764,0.10,-0.030,0.231,75.2,27,0.0024,22.78
14:34:36,22.2545292,84.8798639,-0.710,-22.812,0.09,-0.019,0.227,75.2,27,0.0000,22.82
14:34:36,22.2545292,84.8798639,-0.711,-22.800,0.09,-0.001,0.228,83.1,27,0.0023,22.81
14:34:37,22.2545292,84.8798639,-0.711,-22.789,0.09,0.009,0.222,83.1,27,0.0023,22.80
14:34:37,22.2545292,84.8798639,-0.711,-22.778,0.09,0.002,0.205,90.5,27,0.0021,22.79
14:34:37,22.2545292,84.8798639,-0.710,-22.768,0.09,0.010,0.198,90.5,27,0.0000,22.78
14:34:37,22.2545302,84.8798602,-0.710,-22.785,0.09,0.002,0.169,96.3,27,0.0018,22.80
14:34:37,22.2545302,84.8798602,-0.710,-22.777,0.09,0.009,0.160,96.3,27,0.0018,22.79
14:34:37,22.2545302,84.8798602,-0.709,-22.769,0.09,0.017,0.151,100.7,27,0.0018,22.78
14:34:37,22.2545302,84.8798602,-0.710,-22.763,0.09,0.002,0.121,100.7,27,0.0012,22.77
14:34:37,22.2545302,84.8798602,-0.709,-22.757,0.09,0.008,0.110,103.8,27,0.0000,22.77
14:34:37,22.2545302,84.8798602,-0.709,-22.752,0.09,0.001,0.089,103.8,27,0.0009,22.76
14:34:37,22.2545302,84.8798602,-0.709,-22.748,0.09,0.004,0.075,105.6,27,0.0009,22.76
14:34:37,22.2545302,84.8798602,-0.709,-22.744,0.09,0.000,0.063,106.7,27,0.0007,22.76
14:34:37,22.2545316,84.8798564,-0.779,-22.740,0.09,-0.004,0.044,106.7,27,0.0000,22.75
14:34:37,22.2545316,84.8798564,-0.779,-22.737,0.09,-0.001,0.044,106.7,27,0.0005,22.75
14:34:37,22.2545316,84.8798564,-0.780,-22.736,0.09,-0.005,0.025,107.2,27,0.0005,22.75
14:34:37,22.2545316,84.8798564,-0.780,-22.734,0.09,-0.020,0.030,107.2,27,0.0004,22.75
14:34:37,22.2545331,84.8798531,-0.885,-22.706,0.10,-0.026,0.011,107.1,27,0.0000,22.72
14:34:37,22.2545331,84.8798531,-0.886,-22.707,0.10,-0.003,-0.027,107.1,27,0.0009,22.72
14:34:37,22.2545331,84.8798531,-0.886,-22.709,0.10,-0.009,-0.045,105.0,27,0.0009,22.73
14:34:37,22.2545331,84.8798531,-0.881,-22.714,0.10,0.132,-0.125,105.0,27,0.0019,22.73
14:34:37,22.2545331,84.8798531,-0.875,-22.720,0.10,0.120,-0.141,101.4,27,0.0000,22.74
14:34:38,22.2545331,84.8798531,-0.866,-22.728,0.10,0.180,-0.151,101.4,27,0.0023,22.74
14:34:38,22.2545331,84.8798531,-0.858,-22.736,0.10,0.154,-0.162,97.7,27,0.0023,22.75
14:34:38,22.2545331,84.8798531,-0.851,-22.744,0.10,0.117,-0.168,93.7,27,0.0023,22.76
14:34:38,22.2545331,84.8798531,-0.839,-22.751,0.10,0.195,-0.137,93.7,27,0.0022,22.77
14:34:38,22.2545344,84.8798507,-0.959,-22.707,0.11,0.153,-0.137,93.7,27,0.0000,22.73
14:34:38,22.2545344,84.8798507,-0.949,-22.713,0.11,0.195,-0.103,90.8,27,0.0021,22.73
14:34:38,22.2545344,84.8798507,-0.940,-22.718,0.11,0.157,-0.097,90.3,27,0.0021,22.74
14:34:38,22.2545344,84.8798507,-0.927,-22.721,0.11,0.289,-0.039,90.3,27,0.0033,22.74
14:34:38,22.2545358,84.8798498,-1.031,-22.660,0.12,0.255,-0.029,90.3,27,0.0000,22.68
14:34:38,22.2545358,84.8798498,-1.014,-22.660,0.12,0.361,0.017,91.7,27,0.0039,22.68
14:34:38,22.2545358,84.8798498,-0.997,-22.659,0.12,0.332,0.029,93.0,27,0.0039,22.68
14:34:38,22.2545358,84.8798498,-0.980,-22.657,0.12,0.310,0.042,93.0,27,0.0039,22.68
14:34:38,22.2545358,84.8798498,-0.965,-22.655,0.12,0.289,0.054,94.0,27,0.0052,22.68
14:34:38,22.2545358,84.8798498,-0.951,-22.652,0.12,0.278,0.065,94.0,27,0.0000,22.67
14:34:38,22.2545358,84.8798498,-0.925,-22.656,0.12,0.385,0.003,94.3,27,0.0041,22.68
14:34:38,22.2545358,84.8798498,-0.904,-22.657,0.12,0.421,-0.031,94.3,27,0.0043,22.68
14:34:38,22.2545358,84.8798498,-0.883,-22.658,0.12,0.424,-0.021,94.5,27,0.0000,22.68
14:34:38,22.2545368,84.87985,-0.981,-22.592,0.15,0.439,-0.013,94.5,27,0.0000,22.61
14:34:38,22.2545368,84.87985,-0.959,-22.593,0.15,0.453,-0.029,94.5,27,0.0047,22.61
14:34:38,22.2545368,84.87985,-0.935,-22.595,0.15,0.468,-0.022,94.5,27,0.0047,22.61
14:34:39,22.2545368,84.87985,-0.911,-22.596,0.15,0.499,-0.023,94.5,27,0.0051,22.61
14:34:39,22.2545368,84.87985,-0.885,-22.597,0.15,0.531,-0.020,94.5,27,0.0000,22.61
14:34:39,22.2545368,84.87985,-0.857,-22.598,0.15,0.563,-0.017,94.5,27,0.0050,22.61
14:34:39,22.2545368,84.87985,-0.828,-22.599,0.15,0.594,-0.013,94.4,27,0.0050,22.61
14:34:39,22.2545368,84.87985,-0.807,-22.598,0.15,0.516,-0.001,94.2,27,0.0056,22.61
14:34:39,22.2545375,84.8798506,-0.900,-22.530,0.19,0.554,-0.007,94.2,27,0.0000,22.55
14:34:39,22.2545375,84.8798506,-0.871,-22.531,0.19,0.592,-0.014,94.2,27,0.0000,22.55
14:34:39,22.2545375,84.8798506,-0.845,-22.532,0.19,0.549,-0.026,94.0,27,0.0058,22.55
14:34:39,22.2545375,84.8798506,-0.816,-22.533,0.19,0.588,-0.038,94.0,27,0.0058,22.55
14:34:39,22.2545382,84.8798519,-0.789,-22.536,0.26,0.544,-0.067,93.8,27,0.0060,22.55
14:34:39,22.2545382,84.8798519,-0.761,-22.540,0.26,0.585,-0.084,93.7,27,0.0000,22.55
14:34:39,22.2545382,84.8798519,-0.733,-22.543,0.26,0.556,-0.062,93.7,27,0.0060,22.56
14:34:39,22.2545382,84.8798519,-0.703,-22.547,0.26,0.596,-0.081,93.7,27,0.0060,22.56
14:34:39,22.2545382,84.8798519,-0.675,-22.550,0.26,0.575,-0.069,93.6,27,0.0061,22.56
14:34:39,22.2545382,84.8798519,-0.645,-22.554,0.26,0.613,-0.090,93.5,27,0.0000,22.56
14:34:39,22.2545382,84.8798519,-0.615,-22.558,0.26,0.597,-0.073,93.5,27,0.0062,22.57
14:34:39,22.2545382,84.8798519,-0.584,-22.562,0.26,0.632,-0.096,93.5,27,0.0062,22.57
14:34:39,22.2545382,84.8798519,-0.554,-22.565,0.26,0.596,-0.039,93.4,27,0.0065,22.57
14:34:39,22.2545365,84.8798568,-0.523,-22.567,0.35,0.629,-0.064,93.4,27,0.0000,22.57
14:34:39,22.2545365,84.8798568,-0.490,-22.570,0.35,0.654,-0.045,93.4,27,0.0071,22.57
14:34:40,22.2545365,84.8798568,-0.457,-22.573,0.35,0.684,-0.072,93.4,27,0.0071,22.58
14:34:40,22.2545365,84.8798568,-0.425,-22.576,0.35,0.608,-0.071,93.3,27,0.0065,22.58
14:34:40,22.254534,84.879861,-0.394,-22.580,0.44,0.636,-0.098,93.3,27,0.0000,22.58
14:34:40,22.254534,84.879861,-0.361,-22.586,0.44,0.662,-0.126,93.3,27,0.0000,22.59
14:34:40,22.254534,84.879861,-0.333,-22.588,0.44,0.595,-0.064,93.3,27,0.0062,22.59
14:34:40,22.254534,84.879861,-0.302,-22.592,0.44,0.621,-0.092,93.4,27,0.0062,22.59
14:34:40,22.254534,84.879861,-0.272,-22.594,0.44,0.598,-0.045,93.5,25,0.0064,22.60
14:34:40,22.254534,84.879861,-0.241,-22.597,0.44,0.620,-0.075,93.5,25,0.0000,22.60
14:34:40,22.254534,84.879861,-0.211,-22.599,0.44,0.601,-0.038,93.5,25,0.0063,22.60
14:34:40,22.254534,84.879861,-0.180,-22.602,0.44,0.622,-0.070,93.5,25,0.0063,22.60
14:34:40,22.254533,84.8798635,-0.149,-22.603,0.54,0.620,-0.010,93.5,25,0.0066,22.60
14:34:40,22.254533,84.8798635,-0.117,-22.604,0.54,0.641,-0.042,93.6,25,0.0000,22.60
14:34:40,22.254533,84.8798635,-0.085,-22.605,0.54,0.633,-0.025,93.7,25,0.0068,22.61
14:34:40,22.254533,84.8798635,-0.053,-22.607,0.54,0.649,-0.061,93.7,25,0.0068,22.61
14:34:40,22.254533,84.8798635,-0.021,-22.610,0.54,0.625,-0.047,93.7,25,0.0065,22.61
14:34:40,22.2545334,84.8798649,0.011,-22.613,0.64,0.641,-0.082,93.8,25,0.0000,22.61
14:34:40,22.2545334,84.8798649,0.044,-22.618,0.64,0.655,-0.118,93.8,25,0.0000,22.62
14:34:40,22.2545334,84.8798649,0.075,-22.619,0.64,0.636,-0.063,93.8,25,0.0065,22.62
14:34:40,22.2545334,84.8798649,0.107,-22.623,0.64,0.611,-0.068,93.8,25,0.0065,22.62
14:34:41,22.2545334,84.8798649,0.138,-22.627,0.64,0.623,-0.104,93.7,23,0.0000,22.63
14:34:41,22.2545334,84.8798649,0.170,-22.633,0.64,0.633,-0.139,93.6,23,0.0000,22.63
14:34:41,22.2545334,84.8798649,0.201,-22.635,0.64,0.619,-0.071,93.6,23,0.0066,22.64
14:34:41,22.2545334,84.8798649,0.232,-22.640,0.64,0.628,-0.107,93.6,23,0.0066,22.64
14:34:41,22.2545334,84.8798653,0.264,-22.646,0.74,0.636,-0.142,93.6,23,0.0073,22.65
14:34:41,22.2545334,84.8798653,0.297,-22.654,0.74,0.644,-0.177,93.5,23,0.0000,22.66
14:34:41,22.2545334,84.8798653,0.329,-22.664,0.74,0.650,-0.213,93.5,23,0.0074,22.67
14:34:41,22.2545334,84.8798653,0.363,-22.676,0.74,0.657,-0.248,93.5,23,0.0074,22.68
14:34:41,22.2545326,84.8798655,0.396,-22.689,0.84,0.663,-0.284,93.4,19,0.0067,22.69
14:34:41,22.2545326,84.8798655,0.429,-22.704,0.84,0.669,-0.319,93.2,19,0.0000,22.71
14:34:41,22.2545326,84.8798655,0.463,-22.721,0.84,0.673,-0.355,93.2,19,0.0000,22.73
14:34:41,22.2545326,84.8798655,0.489,-22.671,0.84,0.640,-0.064,93.2,19,0.0068,22.68
14:34:41,22.2545326,84.8798655,0.522,-22.676,0.84,0.644,-0.100,93.1,19,0.0068,22.68
14:34:41,22.2545326,84.8798655,0.553,-22.675,0.84,0.621,-0.013,93.2,19,0.0065,22.68
14:34:41,22.2545326,84.8798655,0.584,-22.676,0.84,0.623,-0.049,93.2,19,0.0000,22.68
14:34:41,22.2545326,84.8798655,0.616,-22.680,0.84,0.625,-0.085,93.2,19,0.0053,22.69
14:34:41,22.2545326,84.8798655,0.647,-22.685,0.84,0.627,-0.121,93.2,19,0.0053,22.69
14:34:41,22.2545316,84.8798653,0.676,-22.679,0.94,0.598,-0.008,93.1,15,0.0064,22.69
14:34:41,22.2545316,84.8798653,0.707,-22.681,0.94,0.600,-0.043,93.1,15,0.0000,22.69
14:34:41,22.2545316,84.8798653,0.738,-22.683,0.94,0.628,-0.055,93.1,15,0.0067,22.69
14:34:42,22.2545316,84.8798653,0.770,-22.686,0.94,0.631,-0.089,93.1,15,0.0067,22.70
14:34:42,22.2545316,84.8798653,0.803,-22.689,0.94,0.661,-0.036,93.2,15,0.0069,22.70
14:34:42,22.2545316,84.8798653,0.836,-22.691,0.94,0.665,-0.067,93.2,15,0.0000,22.71
14:34:42,22.2545316,84.8798653,0.867,-22.692,0.94,0.597,-0.010,93.2,15,0.0063,22.71
14:34:42,22.2545316,84.8798653,0.897,-22.693,0.94,0.601,-0.039,93.2,15,0.0063,22.71
14:34:42,22.2545309,84.8798649,0.925,-22.691,1.03,0.514,0.063,93.2,15,0.0063,22.71
14:34:42,22.2545309,84.8798649,0.951,-22.689,1.03,0.517,0.034,93.1,15,0.0000,22.71
14:34:42,22.2545309,84.8798649,0.977,-22.688,1.03,0.520,0.004,93.1,15,0.0000,22.71
14:34:42,22.2545309,84.8798649,1.003,-22.689,1.03,0.523,-0.025,93.1,15,0.0000,22.71
14:34:42,22.2545309,84.8798649,1.029,-22.691,1.03,0.525,-0.055,93.1,15,0.0000,22.71
14:34:42,22.2545305,84.8798643,1.068,-22.688,1.13,0.634,-0.026,93.1,11,0.0068,22.71
14:34:42,22.2545305,84.8798643,1.100,-22.690,1.13,0.636,-0.056,93.1,11,0.0000,22.72
14:34:42,22.2545305,84.8798643,1.132,-22.693,1.13,0.638,-0.085,93.1,11,0.0000,22.72
14:34:42,22.2545305,84.8798643,1.164,-22.698,1.13,0.640,-0.115,93.1,11,0.0000,22.73
14:34:42,22.2545305,84.8798643,1.196,-22.705,1.13,0.642,-0.143,93.1,11,0.0000,22.74
14:34:42,22.2545305,84.8798643,1.229,-22.713,1.13,0.644,-0.169,93.1,11,0.0000,22.75
14:34:42,22.2545305,84.8798643,1.261,-22.722,1.13,0.647,-0.195,93.1,11,0.0000,22.76
14:34:42,22.2545305,84.8798643,1.285,-22.698,1.13,0.594,-0.007,93.1,11,0.0062,22.73
14:34:42,22.2545305,84.8798634,1.315,-22.699,1.22,0.596,-0.032,93.0,14,0.0062,22.74
14:34:42,22.2545305,84.8798634,1.345,-22.699,1.22,0.602,-0.005,93.0,14,0.0064,22.74
14:34:43,22.2545305,84.8798634,1.376,-22.699,1.22,0.602,-0.028,93.0,14,0.0000,22.74
14:34:43,22.2545305,84.8798634,1.406,-22.701,1.22,0.602,-0.050,92.5,14,0.0000,22.74
14:34:43,22.2545305,84.8798623,1.438,-22.703,1.31,0.622,-0.048,91.7,14,0.0063,22.75
14:34:43,22.2545305,84.8798623,1.469,-22.706,1.31,0.596,-0.079,91.7,14,0.0063,22.75
14:34:43,22.2545305,84.8798623,1.499,-22.710,1.31,0.590,-0.089,91.7,14,0.0000,22.76
14:34:43,22.2545305,84.8798623,1.528,-22.715,1.31,0.585,-0.100,90.6,14,0.0000,22.77
14:34:43,22.2545305,84.8798623,1.558,-22.718,1.31,0.584,-0.066,89.4,14,0.0063,22.77
14:34:43,22.2545305,84.8798623,1.587,-22.721,1.31,0.581,-0.058,89.4,11,0.0063,22.78
14:34:43,22.2545305,84.8798623,1.615,-22.726,1.31,0.542,-0.103,88.4,11,0.0070,22.78
14:34:43,22.2545305,84.8798623,1.643,-22.731,1.31,0.546,-0.083,88.4,11,0.0000,22.79
14:34:43,22.2545305,84.8798623,1.665,-22.735,1.31,0.386,-0.064,87.3,11,0.0043,22.80
14:34:43,22.2545303,84.8798604,1.683,-22.738,1.40,0.342,-0.064,87.3,11,0.0043,22.80
14:34:43,22.2545303,84.8798604,1.700,-22.740,1.40,0.302,-0.044,87.3,11,0.0036,22.80
14:34:43,22.2545303,84.8798604,1.716,-22.742,1.40,0.314,-0.014,86.1,11,0.0000,22.81
14:34:43,22.2545303,84.8798604,1.730,-22.744,1.40,0.265,-0.050,86.1,11,0.0034,22.81
14:34:43,22.2545293,84.8798572,1.744,-22.746,1.47,0.271,-0.026,84.8,11,0.0037,22.81
14:34:43,22.2545293,84.8798572,1.758,-22.746,1.47,0.295,0.021,83.4,11,0.0037,22.81
14:34:43,22.2545293,84.8798572,1.772,-22.746,1.47,0.261,-0.013,83.4,11,0.0029,22.82
14:34:43,22.2545293,84.8798572,1.786,-22.746,1.47,0.284,0.035,83.4,11,0.0000,22.82
14:34:43,22.2545293,84.8798572,1.798,-22.746,1.47,0.230,-0.013,82.0,0,0.0040,22.82
14:34:44,22.2545293,84.8798572,1.810,-22.746,1.47,0.297,0.028,80.6,0,0.0049,22.82
14:34:44,22.2545293,84.8798572,1.826,-22.743,1.47,0.308,0.061,80.6,0,0.0049,22.82
14:34:44,22.2545293,84.8798572,1.840,-22.742,1.47,0.280,0.009,80.6,0,0.0048,22.82
14:34:44,22.2545293,84.8798572,1.855,-22.741,1.47,0.291,0.043,79.4,0,0.0000,22.82
14:34:44,22.2545278,84.8798532,1.868,-22.740,1.50,0.244,0.020,78.1,0,0.0036,22.82
14:34:44,22.2545278,84.8798532,1.880,-22.739,1.50,0.223,0.004,78.1,0,0.0028,22.82
14:34:44,22.2545278,84.8798532,1.890,-22.739,1.50,0.203,0.001,78.1,0,0.0027,22.82
14:34:44,22.2545278,84.8798532,1.900,-22.739,1.50,0.185,0.006,77.3,0,0.0000,22.82
14:34:44,22.2545262,84.8798485,1.909,-22.741,1.50,0.175,-0.084,76.9,7,0.0026,22.82
14:34:44,22.2545262,84.8798485,1.917,-22.746,1.50,0.121,-0.081,76.9,7,0.0026,22.83
14:34:44,22.2545262,84.8798485,1.924,-22.751,1.50,0.126,-0.121,76.9,7,0.0024,22.83
14:34:44,22.2545262,84.8798485,1.929,-22.758,1.50,0.094,-0.151,76.9,7,0.0021,22.84
14:34:44,22.2545262,84.8798485,1.932,-22.765,1.50,0.027,-0.132,77.2,7,0.0000,22.85
14:34:44,22.2545262,84.8798485,1.934,-22.773,1.50,0.017,-0.166,77.2,7,0.0023,22.85
14:34:44,22.2545262,84.8798485,1.933,-22.780,1.50,-0.059,-0.127,77.2,7,0.0023,22.86
14:34:44,22.2545262,84.8798485,1.932,-22.790,1.50,-0.013,-0.214,77.6,7,0.0082,22.87
14:34:44,22.2545244,84.8798434,1.932,-22.799,1.49,0.045,-0.093,78.0,7,0.0021,22.88
14:34:44,22.2545244,84.8798434,1.932,-22.802,1.49,-0.040,-0.029,78.0,7,0.0000,22.88
14:34:44,22.2545244,84.8798434,1.932,-22.805,1.49,-0.012,-0.083,78.0,7,0.0054,22.89
14:34:45,22.2545244,84.8798434,1.930,-22.808,1.49,0.002,-0.035,78.2,7,0.0025,22.89
14:34:45,22.2545244,84.8798434,1.928,-22.808,1.49,-0.085,0.032,78.3,7,0.0025,22.89
14:34:45,22.2545244,84.8798434,1.927,-22.807,1.49,-0.017,0.047,78.3,7,0.0098,22.89
14:34:45,22.2545244,84.8798434,1.924,-22.803,1.49,-0.105,0.113,78.3,7,0.0000,22.88
14:34:45,22.2545244,84.8798434,1.924,-22.809,1.49,0.023,-0.197,78.4,7,0.0044,22.89
14:34:45,22.2545244,84.8798434,1.925,-22.821,1.49,0.084,-0.403,78.4,7,0.0055,22.90
14:34:45,22.2545221,84.8798384,1.927,-22.840,1.42,-0.001,-0.342,78.4,7,0.0055,22.92
14:34:45,22.2545221,84.8798384,1.930,-22.861,1.42,0.066,-0.435,78.4,7,0.0063,22.94
14:34:45,22.2545221,84.8798384,1.931,-22.882,1.42,-0.018,-0.374,78.3,7,0.0000,22.96
14:34:45,22.2545221,84.8798384,1.928,-22.899,1.42,-0.097,-0.317,78.2,7,0.0053,22.98
14:34:45,22.254519,84.8798332,1.939,-22.929,1.32,0.122,-0.525,78.2,10,0.0066,23.01
14:34:45,22.254519,84.8798332,1.943,-22.947,1.32,0.032,-0.114,78.0,10,0.0038,23.03
14:34:45,22.254519,84.8798332,1.943,-22.952,1.32,-0.038,-0.066,78.0,10,0.0000,23.03
14:34:45,22.254519,84.8798332,1.943,-22.954,1.32,-0.011,-0.036,77.4,10,0.0035,23.04
14:34:45,22.254519,84.8798332,1.940,-22.955,1.32,-0.074,0.006,77.4,10,0.0035,23.04
14:34:45,22.254519,84.8798332,1.943,-22.965,1.32,0.081,-0.259,76.8,10,0.0125,23.05
14:34:45,22.254519,84.8798332,1.947,-22.978,1.32,0.103,-0.299,76.8,10,0.0087,23.06
14:34:45,22.254519,84.8798332,1.951,-22.992,1.32,0.046,-0.262,76.8,10,0.0000,23.07
14:34:45,22.2545154,84.8798279,1.951,-23.005,1.21,-0.011,-0.225,76.1,10,10.0005,23.09
14:34:45,22.2545154,84.8798279,1.916,-23.000,1.21,-0.647,0.068,75.5,10,0.0109,23.08
14:34:46,22.2545154,84.8798279,1.882,-22.996,1.21,-0.696,0.097,75.5,10,0.0109,23.07
14:34:46,22.2545154,84.8798279,1.846,-22.990,1.21,-0.746,0.125,75.5,10,0.0109,23.06
14:34:46,22.2545154,84.8798279,1.807,-22.983,1.21,-0.795,0.154,74.8,10,10.0005,23.05
14:34:46,22.2545114,84.8798222,1.766,-22.975,1.09,-0.842,0.178,74.1,10,0.0000,23.04
14:34:46,22.2545114,84.8798222,1.722,-22.965,1.09,-0.885,0.198,74.1,10,10.0005,23.03
14:34:46,22.2545114,84.8798222,1.676,-22.955,1.09,-0.928,0.219,74.1,10,10.0005,23.02
14:34:46,22.2545114,84.8798222,1.629,-22.943,1.09,-0.971,0.239,73.4,10,10.0005,23.00
14:34:46,22.2545114,84.8798222,1.579,-22.931,1.09,-1.011,0.256,72.5,9,0.0000,22.99
14:34:46,22.2545114,84.8798222,1.527,-22.918,1.09,-1.049,0.270,72.5,9,10.0005,22.97
14:34:46,22.2545114,84.8798222,1.473,-22.904,1.09,-1.088,0.284,71.6,9,10.0005,22.95
14:34:46,22.2545114,84.8798222,1.639,-23.092,1.09,-0.268,-0.486,71.6,9,0.0110,23.15
14:34:46,22.2545069,84.879816,1.624,-23.116,0.97,-0.304,-0.473,71.6,9,0.0063,23.17
14:34:46,22.2545069,84.879816,1.608,-23.140,0.97,-0.340,-0.461,70.7,9,0.0000,23.20
14:34:46,22.2545069,84.879816,1.613,-23.138,0.97,-0.064,-0.128,69.6,9,0.0130,23.19
14:34:46,22.2545069,84.879816,1.608,-23.149,0.97,-0.151,-0.322,69.6,9,0.0097,23.20
14:34:46,22.2545069,84.879816,1.600,-23.165,0.97,-0.177,-0.313,68.4,9,0.0097,23.22
14:34:46,22.2545025,84.8798099,1.590,-23.180,0.84,-0.200,-0.305,68.4,9,0.0082,23.23
14:34:46,22.2545025,84.8798099,1.580,-23.196,0.84,-0.222,-0.298,67.4,9,0.0000,23.25
14:34:46,22.2545025,84.8798099,1.587,-23.178,0.84,-0.013,0.095,66.4,9,0.0106,23.23
14:34:46,22.2545025,84.8798099,1.586,-23.179,0.84,-0.036,-0.141,66.4,9,0.0072,23.23
14:34:47,22.2545025,84.8798099,1.583,-23.187,0.84,-0.050,-0.139,66.4,0,0.0072,23.24
14:34:47,22.2545025,84.8798099,1.578,-23.204,0.84,-0.149,-0.436,65.4,0,0.0108,23.26
14:34:47,22.2545025,84.8798099,1.570,-23.226,0.84,-0.159,-0.436,64.2,0,0.0000,23.28
14:34:47,22.2545025,84.8798099,1.564,-23.241,0.84,-0.104,-0.252,64.2,0,0.0111,23.29
14:34:47,22.2544983,84.8798037,1.558,-23.254,0.71,-0.110,-0.254,64.2,0,0.0087,23.31
14:34:47,22.2544983,84.8798037,1.547,-23.248,0.71,-0.266,0.254,63.1,0,0.0113,23.30
14:34:47,22.2544983,84.8798037,1.534,-23.236,0.71,-0.268,0.249,61.9,0,0.0000,23.29
14:34:47,22.2544983,84.8798037,1.537,-23.222,0.71,0.182,0.271,61.9,0,0.0067,23.27
14:34:47,22.2544941,84.8797971,1.539,-23.208,0.58,-0.239,0.331,61.9,0,0.0103,23.26
14:34:47,22.2544941,84.8797971,1.527,-23.191,0.58,-0.239,0.324,60.8,0,0.0103,23.24
14:34:47,22.2544941,84.8797971,1.522,-23.185,0.58,-0.043,0.014,60.8,0,0.0081,23.23
14:34:47,22.2544941,84.8797971,1.520,-23.185,0.58,-0.040,0.005,59.6,0,0.0000,23.23
14:34:47,22.2544941,84.8797971,1.517,-23.180,0.58,-0.064,0.111,59.6,0,0.0101,23.23
14:34:47,22.2544941,84.8797971,1.516,-23.171,0.58,0.080,0.346,58.4,0,0.0123,23.22
14:34:47,22.2544941,84.8797971,1.520,-23.154,0.58,0.088,0.334,58.4,0,0.0123,23.20
14:34:47,22.2544941,84.8797971,1.522,-23.146,0.58,0.010,0.067,57.2,0,0.0063,23.20
14:34:47,22.2544941,84.8797971,1.522,-23.143,0.58,0.021,0.053,57.2,0,0.0000,23.19
14:34:47,22.2544899,84.8797899,1.524,-23.142,0.47,0.032,0.004,56.0,0,0.0126,23.19
14:34:47,22.2544899,84.8797899,1.525,-23.143,0.47,0.008,-0.057,56.0,0,0.0079,23.19
14:34:47,22.2544899,84.8797899,1.526,-23.146,0.47,0.022,-0.072,54.9,0,0.0079,23.20
14:34:48,22.2544899,84.8797899,1.525,-23.148,0.47,-0.033,-0.028,54.9,0,0.0076,23.20
14:34:48,22.2544899,84.8797899,1.524,-23.150,0.47,-0.016,-0.046,53.7,0,0.0000,23.20
14:34:48,22.2544899,84.8797899,1.522,-23.160,0.47,-0.027,-0.270,53.7,0,0.0054,23.21
14:34:48,22.2544899,84.8797899,1.522,-23.174,0.47,-0.009,-0.289,52.7,0,0.0087,23.22
14:34:48,22.2544899,84.8797899,1.520,-23.193,0.47,-0.040,-0.420,51.7,0,0.0090,23.24
14:34:48,22.2544854,84.8797822,1.518,-23.215,0.36,-0.018,-0.442,51.7,0,0.0000,23.26
14:34:48,22.2544854,84.8797822,1.514,-23.249,0.36,-0.097,-0.782,51.7,0,0.0085,23.30
14:34:48,22.2544854,84.8797822,1.510,-23.289,0.36,-0.075,-0.805,50.8,0,0.0085,23.34
14:34:48,22.2544854,84.8797822,1.507,-23.331,0.36,-0.050,-0.828,49.8,0,0.0073,23.38
14:34:48,22.2544854,84.8797822,1.507,-23.308,0.36,0.017,0.230,49.8,0,0.0077,23.36
14:34:48,22.2544808,84.8797741,1.509,-23.297,0.27,0.044,0.206,49.8,4,0.0000,23.35
14:34:48,22.2544808,84.8797741,1.495,-23.292,0.27,-0.360,0.078,48.9,4,0.0065,23.34
14:34:48,22.2544808,84.8797741,1.480,-23.290,0.27,-0.165,-0.044,48.1,4,0.0067,23.34
14:34:48,22.2544808,84.8797741,1.473,-23.293,0.27,-0.135,-0.067,48.1,4,0.0067,23.34
14:34:48,22.2544808,84.8797741,1.469,-23.296,0.27,-0.029,-0.076,47.4,4,0.0071,23.34
14:34:48,22.2544808,84.8797741,1.469,-23.300,0.27,0.003,-0.096,47.4,4,0.0000,23.35
14:34:48,22.2544808,84.8797741,1.469,-23.307,0.27,0.036,-0.157,46.8,4,0.0075,23.35
14:34:48,22.2544808,84.8797741,1.471,-23.315,0.27,-0.028,-0.122,46.8,4,0.0044,23.36
14:34:48,22.2544757,84.8797654,1.470,-23.321,0.18,0.005,-0.139,46.3,3,0.0044,23.37
14:34:49,22.2544757,84.8797654,1.469,-23.328,0.18,-0.030,-0.139,46.3,3,0.0059,23.37
14:34:49,22.2544757,84.8797654,1.468,-23.336,0.18,0.003,-0.151,45.8,3,0.0000,23.38
14:34:49,22.2544757,84.8797654,1.468,-23.342,0.18,0.003,-0.133,45.8,3,0.0059,23.39
14:34:49,22.2544702,84.8797564,1.468,-23.347,0.12,-0.036,-0.008,45.8,3,0.0076,23.39
14:34:49,22.2544702,84.8797564,1.467,-23.348,0.12,-0.015,0.022,45.2,3,0.0066,23.39
14:34:49,22.2544702,84.8797564,1.467,-23.347,0.12,0.013,0.017,44.7,3,0.0000,23.39
14:34:49,22.2544702,84.8797564,1.455,-23.344,0.12,-0.358,0.080,44.7,3,0.0121,23.39
14:34:49,22.2544702,84.8797564,1.440,-23.342,0.12,-0.197,-0.084,44.7,3,0.0062,23.39
14:34:49,22.2544702,84.8797564,1.430,-23.346,0.12,-0.171,-0.087,44.2,9,0.0062,23.39
14:34:49,22.2544702,84.8797564,1.424,-23.355,0.12,-0.096,-0.212,43.7,9,0.0077,23.40
14:34:49,22.2544702,84.8797564,1.420,-23.366,0.12,-0.076,-0.216,43.7,9,0.0000,23.41
14:34:49,22.2544702,84.8797564,1.411,-23.371,0.12,-0.201,-0.066,43.7,9,0.0057,23.41
14:34:49,22.2544637,84.8797477,1.401,-23.373,0.11,-0.236,0.046,43.2,9,0.0079,23.41
14:34:49,22.2544637,84.8797477,1.389,-23.370,0.11,-0.218,0.041,41.4,9,0.0079,23.41
14:34:49,22.2544637,84.8797477,1.377,-23.372,0.11,-0.253,-0.080,41.4,9,0.0069,23.41
14:34:49,22.2544637,84.8797477,1.364,-23.377,0.11,-0.239,-0.091,39.0,9,0.0000,23.42
14:34:49,22.2544565,84.8797399,1.354,-23.370,0.12,-0.183,0.228,39.0,9,0.0082,23.41
14:34:49,22.2544565,84.8797399,1.342,-23.357,0.12,-0.419,0.293,36.1,9,0.0084,23.40
14:34:49,22.2544565,84.8797399,1.320,-23.343,0.12,-0.425,0.264,36.1,9,0.0084,23.38
14:34:49,22.2544565,84.8797399,1.308,-23.331,0.12,-0.147,0.227,33.5,9,0.0166,23.37
14:34:50,22.2544565,84.8797399,1.300,-23.320,0.12,-0.159,0.193,33.5,14,0.0000,23.36
14:34:50,22.2544565,84.8797399,1.292,-23.311,0.12,-0.171,0.160,31.5,14,10.0005,23.35
14:34:50,22.2544565,84.8797399,1.283,-23.289,0.12,-0.183,0.375,31.5,14,0.0125,23.32
14:34:50,22.2544565,84.8797399,1.274,-23.271,0.12,-0.200,0.335,32.0,14,0.0125,23.31
14:34:50,22.2544565,84.8797399,1.263,-23.256,0.12,-0.220,0.287,32.0,14,10.0005,23.29
14:34:50,22.2544499,84.8797332,1.251,-23.242,0.11,-0.240,0.238,33.2,14,0.0000,23.28
14:34:50,22.2544499,84.8797332,1.278,-23.217,0.11,0.196,0.356,33.2,14,0.0044,23.25
14:34:50,22.2544499,84.8797332,1.287,-23.200,0.11,0.174,0.301,34.6,14,0.0044,23.24
14:34:50,22.2544499,84.8797332,1.298,-23.183,0.11,0.224,0.337,34.6,14,0.0044,23.22
14:34:50,22.2544452,84.8797286,1.309,-23.167,0.09,0.203,0.282,36.8,15,0.0000,23.20
14:34:50,22.2544452,84.8797286,1.319,-23.154,0.09,0.186,0.236,36.8,15,0.0000,23.19
14:34:50,22.2544452,84.8797286,1.332,-23.134,0.09,0.235,0.347,40.8,15,0.0045,23.17
14:34:50,22.2544452,84.8797286,1.344,-23.117,0.09,0.224,0.313,40.8,15,0.0045,23.16
14:34:50,22.2544452,84.8797286,1.355,-23.098,0.09,0.218,0.392,45.8,15,0.0046,23.14
14:34:50,22.2544452,84.8797286,1.366,-23.078,0.09,0.211,0.371,45.8,15,0.0000,23.12
14:34:50,22.2544452,84.8797286,1.378,-23.057,0.09,0.246,0.430,51.8,15,0.0047,23.10
14:34:50,22.2544452,84.8797286,1.390,-23.036,0.09,0.242,0.420,51.8,15,0.0047,23.08
14:34:50,22.2544421,84.8797257,1.402,-23.013,0.09,0.234,0.459,51.8,22,0.0050,23.06
14:34:50,22.2544421,84.8797257,1.414,-22.990,0.09,0.231,0.449,57.6,22,0.0000,23.03
14:34:50,22.2544421,84.8797257,1.429,-22.968,0.09,0.331,0.436,63.5,22,0.0053,23.01
14:34:51,22.2544421,84.8797257,1.446,-22.945,0.09,0.328,0.443,67.6,22,0.0053,22.99
14:34:51,22.2544421,84.8797257,1.464,-22.924,0.09,0.386,0.414,67.6,22,0.0053,22.97
14:34:51,22.2544421,84.8797257,1.484,-22.903,0.09,0.383,0.425,67.6,22,0.0000,22.95
14:34:51,22.2544421,84.8797257,1.503,-22.881,0.09,0.381,0.436,70.4,22,0.0000,22.93
14:34:51,22.2544421,84.8797257,1.526,-22.865,0.09,0.437,0.346,72.2,22,0.0055,22.92
14:34:51,22.2544385,84.879724,1.570,-22.829,0.10,0.436,0.373,72.2,22,0.0000,22.88
14:34:51,22.2544385,84.879724,1.592,-22.810,0.10,0.436,0.386,72.5,22,0.0000,22.87
14:34:51,22.2544385,84.879724,1.618,-22.804,0.10,0.486,0.236,72.5,22,0.0055,22.86
14:34:51,22.2544385,84.879724,1.643,-22.791,0.10,0.488,0.249,72.5,22,0.0055,22.85
14:34:51,22.2544346,84.879725,1.668,-22.781,0.10,0.499,0.212,72.1,23,0.0056,22.84
14:34:51,22.2544346,84.879725,1.693,-22.770,0.10,0.504,0.223,71.6,23,0.0000,22.83
14:34:51,22.2544346,84.879725,1.720,-22.760,0.10,0.537,0.183,71.6,23,0.0058,22.82
14:34:51,22.2544346,84.879725,1.747,-22.751,0.10,0.544,0.191,71.6,23,0.0058,22.82
14:34:51,22.2544346,84.879725,1.775,-22.741,0.10,0.565,0.205,71.1,23,0.0062,22.81
14:34:51,22.2544346,84.879725,1.804,-22.730,0.10,0.576,0.209,70.7,23,0.0000,22.80
14:34:51,22.2544346,84.879725,1.833,-22.719,0.10,0.573,0.222,70.6,23,0.0061,22.79
14:34:51,22.2544346,84.879725,1.862,-22.708,0.10,0.586,0.220,70.6,23,0.0061,22.78
14:34:51,22.2544311,84.8797278,1.891,-22.696,0.09,0.573,0.234,70.6,22,0.0063,22.77
14:34:51,22.2544311,84.8797278,1.920,-22.684,0.09,0.586,0.233,72.3,22,0.0000,22.77
14:34:52,22.2544311,84.8797278,1.949,-22.672,0.09,0.564,0.244,76.3,22,0.0062,22.76
14:34:52,22.2544311,84.8797278,1.978,-22.660,0.09,0.576,0.241,76.3,22,0.0062,22.75
14:34:52,22.2544311,84.8797278,2.007,-22.648,0.09,0.588,0.239,76.3,22,0.0062,22.74
14:34:52,22.2544285,84.8797317,2.035,-22.636,0.10,0.566,0.239,80.8,22,0.0060,22.73
14:34:52,22.2544285,84.8797317,2.064,-22.624,0.10,0.575,0.238,83.8,22,0.0000,22.72
14:34:52,22.2544285,84.8797317,2.093,-22.613,0.10,0.570,0.210,83.8,22,0.0061,22.71
14:34:52,22.2544285,84.8797317,2.121,-22.602,0.10,0.575,0.213,83.8,22,0.0061,22.70
14:34:52,22.2544285,84.8797317,2.151,-22.594,0.10,0.591,0.151,85.3,22,0.0062,22.70
14:34:52,22.2544285,84.8797317,2.181,-22.586,0.10,0.594,0.156,86.0,22,0.0000,22.69
14:34:52,22.2544285,84.8797317,2.211,-22.580,0.10,0.607,0.116,86.0,22,0.0062,22.69
14:34:52,22.2544285,84.8797317,2.242,-22.574,0.10,0.607,0.123,86.0,22,0.0062,22.68
14:34:52,22.2544281,84.8797386,1.925,-22.829,0.11,0.607,0.130,85.8,22,0.0062,22.91
14:34:52,22.2544281,84.8797386,1.955,-22.826,0.11,0.596,0.074,85.2,22,0.0062,22.91
14:34:52,22.2544281,84.8797386,1.985,-22.822,0.11,0.593,0.081,85.2,22,0.0000,22.91
14:34:52,22.2544281,84.8797386,2.015,-22.818,0.11,0.590,0.088,85.2,22,0.0000,22.91
14:34:52,22.2544281,84.8797386,2.044,-22.813,0.11,0.588,0.095,84.7,22,0.0000,22.90
14:34:52,22.2544288,84.8797474,2.074,-22.809,0.11,0.584,0.100,84.7,22,0.0000,22.90
14:34:52,22.2544288,84.8797474,2.103,-22.803,0.11,0.580,0.105,84.4,22,0.0000,22.90
14:34:52,22.2544288,84.8797474,2.133,-22.798,0.11,0.576,0.109,84.0,22,0.0000,22.90
14:34:52,22.2544288,84.8797474,2.174,-22.799,0.11,0.651,0.072,84.0,22,0.0066,22.90
14:34:53,22.2544288,84.8797474,2.207,-22.795,0.11,0.646,0.074,84.0,22,0.0066,22.90
14:34:53,22.2544288,84.8797474,2.239,-22.791,0.11,0.631,0.076,83.8,22,0.0065,22.90
14:34:53,22.2544288,84.8797474,2.271,-22.787,0.11,0.627,0.076,83.6,22,0.0000,22.90
14:34:53,22.2544288,84.8797474,2.303,-22.783,0.11,0.625,0.075,83.6,22,0.0000,22.90
14:34:53,22.25443,84.879757,2.333,-22.778,0.10,0.598,0.103,83.6,22,0.0063,22.90
14:34:53,22.25443,84.879757,2.363,-22.773,0.10,0.596,0.102,83.3,22,0.0063,22.89
14:34:53,22.25443,84.879757,2.393,-22.767,0.10,0.604,0.105,83.0,22,0.0063,22.89
14:34:53,22.25443,84.879757,2.424,-22.762,0.10,0.604,0.104,83.0,22,0.0000,22.89
14:34:53,22.2544334,84.8797693,2.454,-22.757,0.10,0.593,0.105,83.0,27,0.0061,22.89
14:34:53,22.2544334,84.8797693,2.484,-22.752,0.10,0.592,0.104,82.6,27,0.0061,22.89
14:34:53,22.2544334,84.8797693,2.514,-22.746,0.10,0.592,0.105,82.4,27,0.0062,22.88
14:34:53,22.2544334,84.8797693,2.544,-22.741,0.10,0.590,0.104,82.4,27,0.0000,22.88
14:34:53,22.2544334,84.8797693,2.574,-22.736,0.10,0.615,0.103,82.4,27,0.0064,22.88
14:34:53,22.2544334,84.8797693,2.605,-22.731,0.10,0.614,0.102,82.3,27,0.0064,22.88
14:34:53,22.2544334,84.8797693,2.636,-22.725,0.10,0.617,0.118,82.2,27,0.0064,22.88
14:34:53,22.2544334,84.8797693,2.667,-22.719,0.10,0.616,0.117,82.2,27,0.0000,22.87
14:34:53,22.2544334,84.8797693,2.698,-22.713,0.10,0.614,0.115,82.3,27,0.0000,22.87
14:34:53,22.2544379,84.8797823,2.729,-22.707,0.11,0.601,0.116,82.3,27,0.0062,22.87
14:34:53,22.2544379,84.8797823,2.759,-22.701,0.11,0.601,0.114,82.3,27,0.0062,22.87
14:34:53,22.2544379,84.8797823,2.790,-22.696,0.11,0.629,0.090,82.5,27,0.0067,22.87
14:34:54,22.2544379,84.8797823,2.822,-22.692,0.11,0.631,0.087,82.6,27,0.0000,22.87
14:34:54,22.2544379,84.8797823,2.853,-22.686,0.11,0.612,0.117,82.6,27,0.0063,22.87
14:34:54,22.2544379,84.8797823,2.885,-22.681,0.11,0.617,0.114,82.6,27,0.0063,22.86
14:34:54,22.2544379,84.8797823,2.915,-22.675,0.11,0.602,0.112,82.4,27,0.0063,22.86
14:34:54,22.2544379,84.8797823,2.946,-22.669,0.11,0.607,0.109,82.1,27,0.0000,22.86
14:34:54,22.2544428,84.8797953,2.976,-22.663,0.11,0.605,0.135,82.1,27,0.0063,22.86
14:34:54,22.2544428,84.8797953,3.007,-22.656,0.11,0.610,0.131,81.8,27,0.0063,22.85
14:34:54,22.2544428,84.8797953,3.039,-22.649,0.11,0.635,0.143,81.8,27,0.0067,22.85
14:34:54,22.2544428,84.8797953,3.071,-22.642,0.11,0.640,0.139,81.6,27,0.0000,22.85
14:34:54,22.2544497,84.87981,3.103,-22.635,0.11,0.614,0.133,81.6,27,0.0066,22.85
14:34:54,22.2544497,84.87981,3.134,-22.628,0.11,0.618,0.130,81.5,27,0.0066,22.84
14:34:54,22.2544497,84.87981,3.166,-22.621,0.11,0.647,0.157,81.5,27,0.0070,22.84
14:34:54,22.2544497,84.87981,3.199,-22.613,0.11,0.652,0.152,81.6,27,0.0000,22.84
14:34:54,22.2544497,84.87981,3.230,-22.605,0.11,0.607,0.162,81.6,27,0.0063,22.83
14:34:54,22.2544497,84.87981,3.261,-22.597,0.11,0.613,0.157,81.6,27,0.0063,22.83
14:34:54,22.2544497,84.87981,3.291,-22.588,0.11,0.597,0.166,81.7,27,0.0065,22.83
14:34:54,22.2544497,84.87981,3.322,-22.580,0.11,0.605,0.160,81.7,27,0.0000,22.82
14:34:54,22.2544497,84.87981,3.353,-22.572,0.11,0.614,0.153,81.7,27,0.0000,22.82
14:34:54,22.254457,84.8798244,3.384,-22.562,0.11,0.620,0.189,81.7,27,0.0065,22.81
14:34:54,22.254457,84.8798244,3.415,-22.553,0.11,0.629,0.182,81.8,27,0.0065,22.81
14:34:55,22.254457,84.8798244,3.446,-22.545,0.11,0.605,0.146,81.8,27,0.0063,22.81
14:34:55,22.254457,84.8798244,3.477,-22.538,0.11,0.616,0.139,81.8,27,0.0000,22.80
14:34:55,22.2544634,84.8798365,3.509,-22.529,0.11,0.641,0.169,81.8,27,0.0067,22.80
14:34:55,22.2544634,84.8798365,3.541,-22.521,0.11,0.651,0.162,81.8,27,0.0067,22.80
14:34:55,22.2544634,84.8798365,3.574,-22.513,0.11,0.661,0.156,82.0,27,0.0067,22.80
14:34:55,22.2544634,84.8798365,3.605,-22.503,0.11,0.622,0.185,82.0,27,0.0063,22.79
14:34:55,22.2544634,84.8798365,3.637,-22.494,0.11,0.631,0.179,82.1,27,0.0000,22.79
14:34:55,22.2544634,84.8798365,3.669,-22.484,0.11,0.629,0.199,82.1,27,0.0066,22.78
14:34:55,22.2544634,84.8798365,3.701,-22.474,0.11,0.636,0.193,82.2,27,0.0066,22.78
14:34:55,22.2544634,84.8798365,3.732,-22.465,0.11,0.626,0.177,82.2,27,0.0066,22.77
14:34:55,22.2544712,84.8798495,3.764,-22.456,0.12,0.630,0.172,82.2,27,0.0000,22.77
14:34:55,22.2544712,84.8798495,3.794,-22.447,0.12,0.595,0.201,82.3,27,0.0063,22.76
14:34:55,22.2544712,84.8798495,3.824,-22.436,0.12,0.597,0.196,82.5,27,0.0063,22.76
14:34:55,22.2544712,84.8798495,3.854,-22.427,0.12,0.586,0.182,82.5,27,0.0061,22.76
14:34:55,22.2544712,84.8798495,3.884,-22.418,0.12,0.588,0.178,82.5,27,0.0000,22.75
14:34:55,22.2544782,84.8798612,3.914,-22.410,0.11,0.615,0.145,82.7,27,0.0064,22.75
14:34:55,22.2544782,84.8798612,3.945,-22.403,0.11,0.615,0.141,82.8,27,0.0064,22.75
14:34:55,22.2544782,84.8798612,3.977,-22.396,0.11,0.624,0.149,82.8,27,0.0064,22.75
14:34:55,22.2544782,84.8798612,4.008,-22.388,0.11,0.623,0.147,82.8,27,0.0000,22.74
14:34:56,22.2544782,84.8798612,4.040,-22.380,0.11,0.630,0.163,82.8,27,0.0066,22.74
14:34:56,22.2544782,84.8798612,4.072,-22.372,0.11,0.629,0.161,82.9,27,0.0066,22.74
14:34:56,22.2544782,84.8798612,4.103,-22.364,0.11,0.628,0.159,82.8,27,0.0066,22.74
14:34:56,22.2544782,84.8798612,4.135,-22.356,0.11,0.620,0.158,82.8,27,0.0064,22.73
14:34:56,22.2544843,84.8798711,4.166,-22.348,0.11,0.621,0.156,82.8,27,0.0000,22.73
14:34:56,22.2544843,84.8798711,4.196,-22.340,0.11,0.594,0.158,82.7,27,0.0062,22.73
14:34:56,22.2544843,84.8798711,4.227,-22.332,0.11,0.596,0.157,82.7,27,0.0062,22.73
14:34:56,22.2544843,84.8798711,4.258,-22.323,0.11,0.631,0.176,82.7,27,0.0070,22.73
14:34:56,22.2544908,84.8798809,4.290,-22.314,0.11,0.634,0.175,82.7,27,0.0000,22.72
14:34:56,22.2544908,84.8798809,4.322,-22.306,0.11,0.632,0.154,82.8,27,0.0065,22.72
14:34:56,22.2544908,84.8798809,4.354,-22.298,0.11,0.636,0.152,82.8,27,0.0065,22.72
14:34:56,22.2544908,84.8798809,4.385,-22.290,0.11,0.605,0.157,82.8,27,0.0064,22.72
14:34:56,22.2544908,84.8798809,4.416,-22.283,0.11,0.609,0.155,82.8,27,0.0000,22.72
14:34:56,22.2544908,84.8798809,4.447,-22.275,0.11,0.624,0.147,82.8,27,0.0065,22.71
14:34:56,22.2544908,84.8798809,4.479,-22.268,0.11,0.629,0.144,82.8,27,0.0065,22.71
14:34:56,22.2544908,84.8798809,4.510,-22.260,0.11,0.615,0.148,82.8,27,0.0064,22.71
14:34:56,22.2544962,84.8798894,4.517,-22.301,0.11,0.619,0.146,82.8,27,0.0000,22.75
14:34:56,22.2544962,84.8798894,4.547,-22.294,0.11,0.589,0.147,82.7,27,0.0063,22.75
14:34:56,22.2544962,84.8798894,4.577,-22.286,0.11,0.593,0.146,82.7,27,0.0063,22.75
14:34:56,22.2544962,84.8798894,4.607,-22.279,0.11,0.597,0.144,82.6,27,0.0063,22.75
14:34:57,22.2544962,84.8798894,4.638,-22.270,0.11,0.611,0.173,82.6,27,0.0063,22.75
14:34:57,22.2544962,84.8798894,4.669,-22.261,0.11,0.614,0.172,82.5,27,0.0000,22.75
14:34:57,22.2544962,84.8798894,4.700,-22.251,0.11,0.601,0.201,82.5,27,0.0062,22.74
14:34:57,22.2544962,84.8798894,4.730,-22.241,0.11,0.604,0.200,82.4,27,0.0062,22.74
14:34:57,22.2544962,84.8798894,4.760,-22.232,0.11,0.600,0.179,82.4,27,0.0063,22.74
14:34:57,22.2545007,84.8798966,4.769,-22.273,0.11,0.603,0.178,82.4,27,0.0000,22.78
14:34:57,22.2545007,84.8798966,4.800,-22.266,0.11,0.618,0.120,82.4,27,0.0065,22.78
14:34:57,22.2545007,84.8798966,4.831,-22.260,0.11,0.620,0.119,82.4,27,0.0065,22.78
14:34:57,22.2545007,84.8798966,4.862,-22.253,0.11,0.625,0.140,82.4,27,0.0065,22.78
14:34:57,22.2545054,84.8799034,4.877,-22.298,0.11,0.627,0.139,82.5,27,0.0000,22.82
14:34:57,22.2545054,84.8799034,4.907,-22.290,0.11,0.583,0.164,82.5,27,0.0062,22.82
14:34:57,22.2545054,84.8799034,4.936,-22.282,0.11,0.586,0.165,82.6,27,0.0062,22.82
14:34:57,22.2545054,84.8799034,4.967,-22.274,0.11,0.613,0.144,82.7,27,0.0065,22.82
14:34:57,22.2545054,84.8799034,4.998,-22.267,0.11,0.615,0.145,82.7,27,0.0000,22.82
14:34:57,22.2545054,84.8799034,5.029,-22.259,0.11,0.617,0.146,82.7,27,0.0000,22.82
14:34:57,22.2545054,84.8799034,5.059,-22.251,0.11,0.599,0.161,82.8,27,0.0063,22.82
14:34:57,22.2545054,84.8799034,5.089,-22.243,0.11,0.600,0.162,82.9,27,0.0063,22.82
14:34:57,22.2545098,84.8799097,5.106,-22.288,0.11,0.598,0.165,82.9,27,0.0062,22.87
14:34:57,22.2545098,84.8799097,5.137,-22.279,0.11,0.600,0.165,82.9,27,0.0000,22.86
14:34:57,22.2545098,84.8799097,5.167,-22.271,0.11,0.599,0.154,83.1,27,0.0063,22.86
14:34:58,22.2545098,84.8799097,5.198,-22.263,0.11,0.602,0.153,83.2,27,0.0063,22.86
14:34:58,22.2545098,84.8799097,5.228,-22.256,0.11,0.615,0.144,83.2,27,0.0063,22.86
14:34:58,22.2545129,84.8799146,5.094,-23.411,0.11,0.617,0.143,83.2,27,0.0000,23.96
14:34:58,22.2545129,84.8799146,5.124,-23.403,0.11,0.593,0.155,83.4,27,0.0062,23.96
14:34:58,22.2545129,84.8799146,5.154,-23.396,0.11,0.596,0.153,83.7,27,0.0062,23.96
14:34:58,22.2545129,84.8799146,5.184,-23.389,0.11,0.589,0.135,83.7,27,0.0063,23.96
14:34:58,22.2545129,84.8799146,5.214,-23.382,0.11,0.593,0.133,83.7,27,0.0000,23.96
14:34:58,22.2545129,84.8799146,5.244,-23.374,0.11,0.589,0.156,83.9,27,0.0061,23.96
14:34:58,22.2545129,84.8799146,5.274,-23.366,0.11,0.596,0.154,84.2,27,0.0061,23.95
14:34:58,22.2545129,84.8799146,5.304,-23.360,0.11,0.596,0.120,84.2,27,0.0062,23.95
14:34:58,22.2545163,84.8799195,5.355,-23.699,0.11,0.605,0.119,84.2,27,0.0000,24.30
14:34:58,22.2545163,84.8799195,5.385,-23.693,0.11,0.613,0.117,84.3,27,0.0000,24.30
14:34:58,22.2545163,84.8799195,5.416,-23.688,0.11,0.608,0.106,84.4,27,0.0063,24.30
14:34:58,22.2545163,84.8799195,5.447,-23.683,0.11,0.618,0.105,84.4,27,0.0063,24.30
14:34:58,22.2545188,84.8799236,5.562,-23.795,0.11,0.614,0.123,84.4,27,0.0063,24.44
14:34:58,22.2545188,84.8799236,5.594,-23.789,0.11,0.624,0.122,84.5,27,0.0000,24.44
14:34:58,22.2545188,84.8799236,5.625,-23.783,0.11,0.625,0.120,84.8,27,0.0064,24.44
14:34:58,22.2545188,84.8799236,5.657,-23.777,0.11,0.636,0.117,84.8,27,0.0064,24.44
14:34:58,22.2545188,84.8799236,5.689,-23.771,0.11,0.632,0.113,84.8,27,0.0064,24.44
14:34:58,22.2545188,84.8799236,5.721,-23.765,0.11,0.643,0.111,85.0,27,0.0000,24.44
14:34:59,22.2545188,84.8799236,5.753,-23.759,0.11,0.632,0.117,85.4,27,0.0065,24.45
14:34:59,22.2545188,84.8799236,5.785,-23.754,0.11,0.645,0.114,85.4,27,0.0065,24.45
14:34:59,22.2545188,84.8799236,5.818,-23.748,0.11,0.664,0.115,85.4,27,0.0067,24.45
14:34:59,22.2545211,84.8799275,5.929,-23.775,0.11,0.677,0.112,85.8,27,0.0000,24.50
14:34:59,22.2545211,84.8799275,5.961,-23.767,0.11,0.601,0.178,86.1,27,0.0063,24.50
14:34:59,22.2545211,84.8799275,5.992,-23.758,0.11,0.616,0.176,86.1,27,0.0063,24.50
14:34:59,22.2545211,84.8799275,6.023,-23.750,0.11,0.630,0.174,86.1,27,0.0063,24.50
14:34:59,22.2545211,84.8799275,6.054,-23.745,0.11,0.621,0.105,86.2,27,0.0065,24.50
14:34:59,22.2545211,84.8799275,6.085,-23.740,0.11,0.636,0.104,86.3,27,0.0000,24.51
14:34:59,22.2545211,84.8799275,6.118,-23.734,0.11,0.667,0.114,86.3,27,0.0071,24.51
14:34:59,22.2545211,84.8799275,6.152,-23.728,0.11,0.682,0.114,86.4,27,0.0071,24.51
14:34:59,22.2545236,84.8799313,6.263,-23.705,0.12,0.618,0.093,86.4,27,0.0063,24.52
14:34:59,22.2545236,84.8799313,6.295,-23.700,0.12,0.634,0.094,86.5,27,0.0000,24.52
14:34:59,22.2545236,84.8799313,6.327,-23.696,0.12,0.645,0.056,86.5,27,0.0065,24.53
14:34:59,22.2545236,84.8799313,6.360,-23.694,0.12,0.661,0.057,86.4,27,0.0065,24.53
14:34:59,22.2545236,84.8799313,6.393,-23.691,0.12,0.665,0.062,86.4,27,0.0068,24.54
14:34:59,22.2545257,84.8799346,6.513,-23.639,0.12,0.680,0.062,86.2,27,0.0000,24.52
14:34:59,22.2545257,84.8799346,6.547,-23.635,0.12,0.668,0.083,86.2,27,0.0070,24.52
14:34:59,22.2545257,84.8799346,6.581,-23.631,0.12,0.683,0.083,86.1,27,0.0070,24.53
14:35:00,22.2545257,84.8799346,6.615,-23.627,0.12,0.667,0.069,86.1,27,0.0068,24.54
14:35:00,22.2545257,84.8799346,6.649,-23.624,0.12,0.681,0.069,86.0,27,0.0000,24.54
14:35:00,22.2545257,84.8799346,6.684,-23.620,0.12,0.694,0.068,86.0,27,0.0000,24.55
14:35:00,22.2545257,84.8799346,6.715,-23.618,0.12,0.649,0.051,86.0,27,0.0067,24.55
14:35:00,22.2545257,84.8799346,6.748,-23.615,0.12,0.660,0.049,86.0,27,0.0067,24.56
14:35:00,22.2545277,84.8799374,6.851,-23.545,0.13,0.648,0.056,85.8,27,0.0067,24.52
14:35:00,22.2545277,84.8799374,6.884,-23.542,0.13,0.658,0.054,85.8,27,0.0000,24.53
14:35:00,22.2545277,84.8799374,6.919,-23.540,0.13,0.694,0.039,85.8,27,0.0069,24.54
14:35:00,22.2545277,84.8799374,6.954,-23.538,0.13,0.704,0.037,85.8,27,0.0069,24.54
14:35:00,22.2545299,84.8799401,7.062,-23.451,0.12,0.685,0.041,85.9,26,0.0069,24.49
14:35:00,22.2545299,84.8799401,7.097,-23.449,0.12,0.695,0.040,85.9,26,0.0000,24.50
14:35:00,22.2545299,84.8799401,7.131,-23.446,0.12,0.655,0.053,85.9,26,0.0066,24.51
14:35:00,22.2545299,84.8799401,7.164,-23.444,0.12,0.665,0.052,85.9,26,0.0066,24.51
14:35:00,22.2545299,84.8799401,7.198,-23.441,0.12,0.674,0.051,85.9,26,0.0066,24.52
14:35:00,22.2545299,84.8799401,7.231,-23.438,0.12,0.673,0.063,85.9,26,0.0068,24.53
14:35:00,22.2545299,84.8799401,7.266,-23.435,0.12,0.682,0.062,85.9,26,0.0000,24.54
14:35:00,22.2545299,84.8799401,7.300,-23.432,0.12,0.670,0.053,85.9,26,0.0068,24.54
14:35:00,22.2545299,84.8799401,7.334,-23.429,0.12,0.678,0.052,85.9,26,0.0068,24.55
14:35:00,22.2545318,84.8799428,7.424,-23.328,0.12,0.630,0.095,86.0,26,0.0065,24.48
14:35:00,22.2545318,84.8799428,7.457,-23.324,0.12,0.637,0.095,85.9,26,0.0000,24.49
14:35:01,22.2545318,84.8799428,7.489,-23.321,0.12,0.643,0.026,85.9,26,0.0066,24.49
14:35:01,22.2545318,84.8799428,7.521,-23.320,0.12,0.649,0.025,85.8,26,0.0066,24.50
14:35:01,22.2545332,84.8799452,7.616,-23.223,0.12,0.652,0.036,85.8,26,0.0067,24.44
14:35:01,22.2545332,84.8799452,7.649,-23.221,0.12,0.659,0.035,85.7,26,0.0000,24.45
14:35:01,22.2545332,84.8799452,7.682,-23.218,0.12,0.650,0.050,85.7,26,0.0067,24.46
14:35:01,22.2545332,84.8799452,7.715,-23.216,0.12,0.658,0.048,85.7,26,0.0067,24.46
14:35:01,22.2545332,84.8799452,7.748,-23.214,0.12,0.665,0.045,85.7,26,0.0067,24.47
14:35:01,22.2545332,84.8799452,7.780,-23.209,0.12,0.641,0.076,85.6,26,0.0065,24.48
14:35:01,22.2545332,84.8799452,7.813,-23.206,0.12,0.648,0.073,85.6,26,0.0000,24.49
14:35:01,22.2545332,84.8799452,7.845,-23.204,0.12,0.653,0.029,85.7,26,0.0066,24.49
14:35:01,22.2545332,84.8799452,7.878,-23.202,0.12,0.659,0.026,85.7,26,0.0066,24.50
14:35:01,22.2545347,84.8799478,7.962,-23.098,0.12,0.650,0.053,85.6,26,0.0066,24.43
14:35:01,22.2545347,84.8799478,7.995,-23.095,0.12,0.655,0.052,85.6,26,0.0000,24.44
14:35:01,22.2545347,84.8799478,8.028,-23.092,0.12,0.654,0.076,85.6,26,0.0067,24.45
14:35:01,22.2545347,84.8799478,8.061,-23.088,0.12,0.659,0.076,85.6,26,0.0067,24.45
14:35:01,22.2545361,84.8799502,8.149,-22.984,0.12,0.664,0.076,85.6,26,0.0067,24.39
14:35:01,22.2545361,84.8799502,8.182,-22.979,0.12,0.653,0.083,85.6,26,0.0067,24.39
14:35:01,22.2545361,84.8799502,8.215,-22.975,0.12,0.658,0.083,85.6,26,0.0000,24.40
14:35:01,22.2545361,84.8799502,8.248,-22.970,0.12,0.647,0.101,85.6,26,0.0067,24.41
14:35:01,22.2545361,84.8799502,8.281,-22.965,0.12,0.652,0.103,85.6,26,0.0067,24.41
14:35:02,22.2545361,84.8799502,8.313,-22.962,0.12,0.636,0.058,85.6,26,0.0066,24.42
14:35:02,22.2545361,84.8799502,8.345,-22.959,0.12,0.642,0.059,85.6,26,0.0000,24.43
14:35:02,22.2545361,84.8799502,8.378,-22.955,0.12,0.656,0.075,85.6,26,0.0068,24.44
14:35:02,22.2545372,84.8799525,8.457,-22.852,0.12,0.663,0.076,85.6,26,0.0068,24.37
14:35:02,22.2545372,84.8799525,8.490,-22.848,0.12,0.644,0.068,85.6,26,0.0066,24.37
14:35:02,22.2545372,84.8799525,8.523,-22.845,0.12,0.651,0.068,85.5,26,0.0000,24.38
14:35:02,22.2545372,84.8799525,8.556,-22.841,0.12,0.659,0.086,85.5,26,0.0068,24.39
14:35:02,22.2545372,84.8799525,8.589,-22.836,0.12,0.665,0.085,85.5,26,0.0068,24.40
14:35:02,22.2545372,84.8799525,8.623,-22.834,0.12,0.654,0.040,85.5,26,0.0066,24.41
14:35:02,22.2545372,84.8799525,8.656,-22.832,0.12,0.661,0.039,85.4,26,0.0000,24.42
14:35:02,22.2545372,84.8799525,8.689,-22.830,0.12,0.667,0.037,85.4,26,0.0000,24.43
14:35:02,22.2545372,84.8799525,8.722,-22.826,0.12,0.658,0.061,85.4,26,0.0067,24.44
14:35:02,22.2545382,84.8799548,8.789,-22.724,0.12,0.663,0.059,85.4,26,0.0067,24.36
14:35:02,22.2545382,84.8799548,8.823,-22.720,0.12,0.667,0.079,85.3,26,0.0068,24.37
14:35:02,22.2545382,84.8799548,8.857,-22.717,0.12,0.671,0.076,85.2,26,0.0000,24.38
14:35:02,22.2545382,84.8799548,8.890,-22.713,0.12,0.674,0.075,85.2,26,0.0000,24.39
14:35:02,22.2545391,84.8799571,8.964,-22.617,0.12,0.678,0.075,85.2,26,0.0000,24.33
14:35:02,22.2545391,84.8799571,8.999,-22.613,0.12,0.682,0.074,85.2,26,0.0000,24.34
14:35:02,22.2545391,84.8799571,9.033,-22.609,0.12,0.684,0.072,85.1,26,0.0000,24.35
14:35:02,22.2545391,84.8799571,9.067,-22.606,0.12,0.686,0.071,85.1,26,0.0000,24.36
14:35:03,22.2545391,84.8799571,9.094,-22.606,0.12,0.638,0.043,85.1,26,0.0066,24.37
14:35:03,22.2545391,84.8799571,9.127,-22.604,0.12,0.640,0.042,85.0,26,0.0066,24.38
14:35:03,22.2545391,84.8799571,9.158,-22.601,0.12,0.625,0.060,85.0,26,0.0064,24.39
14:35:03,22.2545391,84.8799571,9.190,-22.598,0.12,0.625,0.059,85.0,26,0.0000,24.39
14:35:03,22.2545399,84.8799594,9.254,-22.504,0.12,0.627,0.074,85.0,26,0.0065,24.33
14:35:03,22.2545399,84.8799594,9.286,-22.500,0.12,0.627,0.072,84.9,26,0.0065,24.34
14:35:03,22.2545399,84.8799594,9.319,-22.496,0.12,0.650,0.084,85.0,26,0.0067,24.35
14:35:03,22.2545399,84.8799594,9.352,-22.492,0.12,0.651,0.083,85.0,26,0.0000,24.36
14:35:03,22.2545408,84.8799617,9.424,-22.401,0.11,0.642,0.089,85.0,26,0.0065,24.30
14:35:03,22.2545408,84.8799617,9.456,-22.397,0.11,0.643,0.088,85.0,26,0.0065,24.31
14:35:03,22.2545408,84.8799617,9.488,-22.392,0.11,0.627,0.097,85.0,26,0.0064,24.32
14:35:03,22.2545408,84.8799617,9.520,-22.387,0.11,0.629,0.094,85.0,26,0.0000,24.33
14:35:03,22.2545408,84.8799617,9.552,-22.383,0.11,0.631,0.092,85.0,26,0.0000,24.34
14:35:03,22.2545408,84.8799617,9.584,-22.377,0.11,0.635,0.102,85.0,26,0.0065,24.34
14:35:03,22.2545408,84.8799617,9.616,-22.372,0.11,0.637,0.099,85.0,26,0.0065,24.35
14:35:03,22.2545408,84.8799617,9.648,-22.368,0.11,0.646,0.080,85.0,26,0.0069,24.36
14:35:03,22.2545408,84.8799617,9.681,-22.364,0.11,0.649,0.076,85.0,26,0.0000,24.37
14:35:03,22.2545416,84.8799639,9.743,-22.276,0.11,0.644,0.070,84.9,26,0.0065,24.31
14:35:03,22.2545416,84.8799639,9.776,-22.273,0.11,0.648,0.067,84.5,26,0.0065,24.32
14:35:04,22.2545416,84.8799639,9.808,-22.269,0.11,0.645,0.070,84.5,26,0.0064,24.33
14:35:04,22.2545416,84.8799639,9.841,-22.266,0.11,0.652,0.070,84.1,26,0.0000,24.34
14:35:04,22.2545423,84.8799662,9.910,-22.184,0.13,0.660,0.077,84.1,26,0.0000,24.30
14:35:04,22.2545423,84.8799662,9.942,-22.182,0.13,0.639,0.049,83.7,26,0.0066,24.31
14:35:04,22.2545423,84.8799662,9.975,-22.179,0.13,0.646,0.064,83.7,26,0.0066,24.32
14:35:04,22.2545423,84.8799662,10.007,-22.177,0.13,0.631,0.045,83.4,26,0.0065,24.33
14:35:04,22.2545423,84.8799662,10.039,-22.174,0.13,0.636,0.071,83.4,26,0.0000,24.34
14:35:04,22.2545423,84.8799662,10.071,-22.170,0.13,0.634,0.066,83.1,26,0.0065,24.35
14:35:04,22.2545423,84.8799662,10.103,-22.166,0.13,0.639,0.100,83.1,26,0.0065,24.36
14:35:04,22.2545423,84.8799662,10.135,-22.162,0.13,0.622,0.103,83.1,26,0.0065,24.37
14:35:04,22.2545423,84.8799662,10.166,-22.155,0.13,0.625,0.143,83.1,26,0.0000,24.38
14:35:04,22.2545432,84.8799685,10.224,-22.070,0.17,0.577,0.115,83.1,26,0.0061,24.32
14:35:04,22.2545432,84.8799685,10.253,-22.063,0.17,0.578,0.160,83.1,26,0.0061,24.33
14:35:04,22.2545432,84.8799685,10.283,-22.055,0.17,0.587,0.155,83.0,26,0.0062,24.33
14:35:04,22.2545432,84.8799685,10.312,-22.046,0.17,0.583,0.204,83.0,26,0.0000,24.34
14:35:04,22.2545441,84.8799706,10.341,-22.035,0.24,0.579,0.253,83.1,26,0.0000,24.34
14:35:04,22.2545441,84.8799706,10.370,-22.031,0.24,0.571,0.129,83.1,26,0.0059,24.35
14:35:04,22.2545441,84.8799706,10.399,-22.023,0.24,0.564,0.180,83.0,26,0.0059,24.36
14:35:04,22.2545441,84.8799706,10.427,-22.017,0.24,0.541,0.141,83.0,26,0.0058,24.36
14:35:04,22.2545441,84.8799706,10.454,-22.008,0.24,0.532,0.191,82.9,26,0.0000,24.36
14:35:05,22.2545441,84.8799706,10.484,-21.999,0.24,0.630,0.193,82.9,26,0.0071,24.37
14:35:05,22.2545441,84.8799706,10.516,-21.988,0.24,0.617,0.239,81.9,26,0.0071,24.37
14:35:05,22.2545441,84.8799706,10.546,-21.981,0.24,0.594,0.101,81.9,26,0.0061,24.38
14:35:05,22.2545441,84.8799706,10.576,-21.975,0.24,0.577,0.143,78.7,26,0.0000,24.39
14:35:05,22.2545456,84.879972,10.608,-21.973,0.31,0.636,0.018,78.7,26,0.0066,24.40
14:35:05,22.2545456,84.879972,10.639,-21.971,0.31,0.612,0.054,74.0,26,0.0066,24.41
14:35:05,22.2545456,84.879972,10.672,-21.970,0.31,0.652,0.008,74.0,26,0.0064,24.43
14:35:05,22.2545456,84.879972,10.704,-21.969,0.31,0.620,0.041,74.0,26,0.0000,24.44
14:35:05,22.2545456,84.879972,10.737,-21.968,0.31,0.650,0.028,68.2,25,0.0064,24.45
14:35:05,22.2545456,84.879972,10.769,-21.966,0.31,0.611,0.053,61.9,25,0.0064,24.46
14:35:05,22.2545456,84.879972,10.802,-21.962,0.31,0.668,0.102,61.9,25,0.0066,24.47
14:35:05,22.2545456,84.879972,10.835,-21.956,0.31,0.622,0.121,61.9,25,0.0000,24.48
14:35:05,22.254549,84.8799726,10.865,-21.949,0.38,0.577,0.140,54.8,25,0.0000,24.49
14:35:05,22.254549,84.8799726,10.901,-21.941,0.38,0.660,0.178,47.8,25,0.0062,24.50
14:35:05,22.254549,84.8799726,10.933,-21.931,0.38,0.607,0.186,47.8,25,0.0062,24.51
14:35:05,22.254549,84.8799726,10.965,-21.920,0.38,0.621,0.236,40.5,25,0.0060,24.51
14:35:05,22.2545518,84.879973,10.995,-21.908,0.43,0.569,0.239,40.5,25,0.0000,24.51
14:35:05,22.2545518,84.879973,11.026,-21.896,0.43,0.600,0.248,33.1,25,0.0055,24.52
14:35:05,22.2545518,84.879973,11.055,-21.883,0.43,0.549,0.246,33.1,25,0.0055,24.52
14:35:05,22.2545518,84.879973,11.082,-21.868,0.43,0.529,0.317,25.5,25,0.0055,24.52
14:35:06,22.2545518,84.879973,11.108,-21.852,0.43,0.480,0.311,25.5,25,0.0000,24.51
14:35:06,22.2545518,84.879973,11.132,-21.832,0.43,0.474,0.430,17.9,25,0.0058,24.51
14:35:06,22.2545518,84.879973,11.155,-21.811,0.43,0.429,0.419,17.9,25,0.0058,24.50
14:35:06,22.2545518,84.879973,11.176,-21.790,0.43,0.385,0.408,10.8,25,0.0058,24.49
14:35:06,22.2545518,84.879973,11.198,-21.764,0.43,0.420,0.484,10.8,25,0.0059,24.48
14:35:06,22.2545538,84.8799737,11.219,-21.740,0.48,0.382,0.469,4.0,25,0.0000,24.46
14:35:06,22.2545538,84.8799737,11.233,-21.713,0.48,0.245,0.564,4.0,25,0.0059,24.45
14:35:06,22.2545538,84.8799737,11.245,-21.684,0.48,0.216,0.546,4.0,25,0.0059,24.43
14:35:06,22.2545538,84.8799737,11.253,-21.658,0.48,0.129,0.505,-2.9,25,0.0050,24.41
14:35:06,22.2545552,84.8799742,11.259,-21.633,0.52,0.115,0.486,-9.3,21,0.0000,24.39
14:35:06,22.2545552,84.8799742,11.262,-21.610,0.52,0.046,0.438,-9.3,21,0.0044,24.37
14:35:06,22.2545552,84.8799742,11.264,-21.588,0.52,0.043,0.423,-9.3,21,0.0044,24.35
14:35:06,22.2545552,84.8799742,11.265,-21.569,0.52,0.004,0.374,-15.5,21,0.0037,24.33
14:35:06,22.2545552,84.8799742,11.266,-21.550,0.52,0.007,0.366,-21.8,21,0.0000,24.32
14:35:06,22.2545552,84.8799742,11.265,-21.532,0.52,-0.030,0.347,-21.8,21,0.0034,24.30
14:35:06,22.2545552,84.8799742,11.263,-21.514,0.52,-0.025,0.348,-21.8,21,0.0034,24.28
14:35:06,22.2545552,84.8799742,11.262,-21.500,0.52,-0.025,0.256,-28.7,21,0.0026,24.27
14:35:06,22.2545553,84.8799751,11.261,-21.487,0.58,-0.023,0.264,-36.4,21,0.0000,24.26
14:35:06,22.2545553,84.8799751,11.259,-21.473,0.58,-0.028,0.281,-45.9,21,0.0000,24.25
14:35:06,22.2545553,84.8799751,11.259,-21.465,0.58,-0.024,0.189,-45.9,21,0.0017,24.24
14:35:07,22.2545553,84.8799751,11.257,-21.455,0.58,-0.037,0.216,-45.9,21,0.0017,24.23
14:35:07,22.2545538,84.879977,11.257,-21.448,0.64,-0.005,0.122,-55.3,21,0.0014,24.22
14:35:07,22.2545538,84.879977,11.256,-21.441,0.64,-0.026,0.156,-65.1,21,0.0000,24.22
14:35:07,22.2545538,84.879977,11.256,-21.437,0.64,-0.005,0.076,-65.1,21,0.0014,24.21
14:35:07,22.2545538,84.879977,11.255,-21.432,0.64,-0.032,0.111,-65.1,21,0.0014,24.21
14:35:07,22.2545538,84.879977,11.255,-21.429,0.64,0.011,0.049,-74.9,21,0.0015,24.20
14:35:07,22.2545538,84.879977,11.255,-21.426,0.64,-0.018,0.082,-84.3,21,0.0000,24.20
14:35:07,22.2545538,84.879977,11.256,-21.424,0.64,0.023,0.026,-84.3,21,0.0015,24.20
14:35:07,22.2545538,84.879977,11.256,-21.422,0.64,-0.005,0.053,-84.3,21,0.0015,24.20
14:35:07,22.2545538,84.879977,11.257,-21.421,0.64,0.027,0.008,-93.0,21,0.0014,24.20
14:35:07,22.2545505,84.8799805,11.258,-21.420,0.69,0.005,0.029,-100.7,15,0.0000,24.20
14:35:07,22.2545505,84.8799805,11.258,-21.419,0.69,-0.000,0.032,-100.7,15,0.0014,24.20
14:35:07,22.2545505,84.8799805,11.258,-21.417,0.69,-0.011,0.045,-100.7,15,0.0014,24.20
14:35:07,22.2545505,84.8799805,11.258,-21.415,0.69,-0.002,0.030,-107.1,15,0.0012,24.19
14:35:07,22.2545471,84.8799848,11.258,-21.414,0.73,0.000,0.038,-113.3,15,0.0000,24.19
14:35:07,22.2545471,84.8799848,11.258,-21.412,0.73,0.015,0.043,-113.3,15,0.0000,24.19
14:35:07,22.2545471,84.8799848,11.258,-21.412,0.73,0.002,0.003,-113.3,15,0.0009,24.19
14:35:07,22.2545471,84.8799848,11.258,-21.412,0.73,0.017,0.008,-118.1,15,0.0009,24.19
14:35:07,22.2545471,84.8799848,11.258,-21.412,0.73,0.004,0.001,-122.1,15,0.0009,24.19
14:35:08,22.2545471,84.8799848,11.259,-21.412,0.73,0.032,0.004,-122.1,15,0.0000,24.19
14:35:08,22.2545471,84.8799848,11.261,-21.411,0.73,0.039,0.023,-122.1,15,0.0009,24.19
14:35:08,22.2545471,84.8799848,11.263,-21.409,0.73,0.067,0.025,-125.6,15,0.0009,24.19
14:35:08,22.2545471,84.8799848,11.266,-21.407,0.73,0.055,0.049,-128.6,15,0.0010,24.19
14:35:08,22.2545438,84.8799897,11.269,-21.405,0.74,0.085,0.038,-128.6,15,0.0000,24.19
14:35:08,22.2545438,84.8799897,11.272,-21.402,0.74,0.040,0.068,-131.4,15,0.0010,24.19
14:35:08,22.2545438,84.8799897,11.275,-21.399,0.74,0.075,0.047,-131.4,15,0.0010,24.19
14:35:08,22.2545438,84.8799897,11.276,-21.396,0.74,0.027,0.073,-133.8,15,0.0011,24.19
14:35:08,22.2545438,84.8799897,11.279,-21.393,0.74,0.071,0.046,-133.8,18,0.0000,24.18
14:35:08,22.2545438,84.8799897,11.280,-21.390,0.74,0.011,0.049,-133.8,18,0.0013,24.18
14:35:08,22.2545438,84.8799897,11.281,-21.388,0.74,0.055,0.023,-136.0,18,0.0013,24.18
14:35:08,22.2545438,84.8799897,11.283,-21.386,0.74,0.038,0.037,-137.8,18,0.0015,24.18
14:35:08,22.2545408,84.879995,11.286,-21.385,0.71,0.092,0.018,-137.8,18,0.0000,24.18
14:35:08,22.2545408,84.879995,11.292,-21.384,0.71,0.146,-0.001,-139.4,18,0.0000,24.18
14:35:08,22.2545408,84.879995,11.292,-21.381,0.71,0.054,0.042,-139.4,18,0.0017,24.18
14:35:08,22.2545408,84.879995,11.296,-21.379,0.71,0.108,0.030,-139.4,18,0.0017,24.18
14:35:08,22.2545408,84.879995,11.299,-21.377,0.71,0.053,0.053,-141.2,18,0.0019,24.18
14:35:08,22.254538,84.8800012,11.303,-21.374,0.65,0.105,0.047,-143.0,18,0.0000,24.18
14:35:08,22.254538,84.8800012,11.306,-21.371,0.65,0.050,0.073,-143.0,18,0.0020,24.18
14:35:08,22.254538,84.8800012,11.310,-21.367,0.65,0.099,0.071,-143.0,18,0.0020,24.18
14:35:09,22.254538,84.8800012,11.312,-21.364,0.65,0.054,0.078,-145.3,18,0.0022,24.17
14:35:09,22.254538,84.8800012,11.316,-21.360,0.65,0.097,0.078,-147.9,18,0.0000,24.17
14:35:09,22.254538,84.8800012,11.319,-21.355,0.65,0.034,0.086,-147.9,18,0.0022,24.17
14:35:09,22.254538,84.8800012,11.321,-21.351,0.65,0.070,0.086,-147.9,18,0.0022,24.17
14:35:09,22.254538,84.8800012,11.326,-21.347,0.65,0.106,0.087,-150.7,18,0.0022,24.17
14:35:09,22.2545356,84.8800082,11.325,-21.337,0.58,0.035,0.091,-153.7,18,0.0000,24.16
14:35:09,22.2545356,84.8800082,11.326,-21.332,0.58,0.006,0.100,-153.7,18,0.0022,24.15
14:35:09,22.2545356,84.8800082,11.326,-21.327,0.58,0.031,0.099,-157.0,18,0.0022,24.15
14:35:09,22.2545337,84.8800152,11.326,-21.322,0.50,-0.014,0.096,-160.5,4,0.0023,24.14
14:35:09,22.2545337,84.8800152,11.326,-21.318,0.50,0.000,0.093,-160.5,4,0.0000,24.14
14:35:09,22.2545337,84.8800152,11.325,-21.313,0.50,-0.012,0.101,-164.2,4,0.0024,24.13
14:35:09,22.2545337,84.8800152,11.325,-21.308,0.50,-0.006,0.095,-164.2,4,0.0024,24.13
14:35:09,22.2545337,84.8800152,11.324,-21.303,0.50,-0.020,0.086,-168.0,4,0.0025,24.13
14:35:09,22.2545337,84.8800152,11.323,-21.299,0.50,-0.022,0.076,-168.0,4,0.0000,24.12
14:35:09,22.2545337,84.8800152,11.321,-21.295,0.50,-0.044,0.073,-172.0,4,0.0024,24.12
14:35:09,22.2545337,84.8800152,11.319,-21.292,0.50,-0.052,0.060,-172.0,4,0.0024,24.11
14:35:09,22.2545337,84.8800152,11.316,-21.289,0.50,-0.061,0.046,-176.0,4,0.0024,24.11
14:35:09,22.2545332,84.8800223,11.313,-21.286,0.42,-0.060,0.056,-176.0,7,0.0023,24.11
14:35:09,22.2545332,84.8800223,11.310,-21.283,0.42,-0.072,0.041,179.9,7,0.0000,24.10
14:35:09,22.2545332,84.8800223,11.306,-21.281,0.42,-0.075,0.038,179.9,7,0.0022,24.10
14:35:10,22.2545332,84.8800223,11.302,-21.280,0.42,-0.089,0.023,175.9,7,0.0022,24.09
14:35:10,22.2545333,84.8800296,11.298,-21.278,0.35,-0.085,0.028,175.9,7,0.0021,24.09
14:35:10,22.2545333,84.8800296,11.293,-21.277,0.35,-0.098,0.014,172.0,7,0.0000,24.09
14:35:10,22.2545333,84.8800296,11.289,-21.276,0.35,-0.086,0.020,172.0,7,0.0021,24.09
14:35:10,22.2545333,84.8800296,11.284,-21.275,0.35,-0.098,0.007,172.0,7,0.0021,24.08
14:35:10,22.2545333,84.8800296,11.280,-21.274,0.35,-0.077,0.014,168.3,8,0.0021,24.08
14:35:10,22.2545333,84.8800296,11.276,-21.274,0.35,-0.088,0.002,164.6,8,0.0000,24.08
14:35:10,22.2545333,84.8800296,11.272,-21.274,0.35,-0.074,-0.001,164.6,8,0.0020,24.08
14:35:10,22.2545333,84.8800296,11.268,-21.274,0.35,-0.083,-0.012,164.6,8,0.0020,24.07
14:35:10,22.2545333,84.8800296,11.265,-21.274,0.35,-0.067,-0.002,161.2,8,0.0020,24.07
14:35:10,22.2545338,84.8800372,11.261,-21.275,0.28,-0.074,-0.012,157.8,8,0.0000,24.07
14:35:10,22.2545338,84.8800372,11.257,-21.276,0.28,-0.081,-0.022,157.8,8,0.0000,24.07
14:35:10,22.2545338,84.8800372,11.255,-21.275,0.28,-0.059,-0.002,157.8,8,0.0019,24.07
14:35:10,22.2545338,84.8800372,11.251,-21.276,0.28,-0.065,-0.012,154.4,8,0.0019,24.07
14:35:10,22.2545347,84.8800449,11.248,-21.276,0.22,-0.059,-0.002,151.0,8,0.0019,24.07
14:35:10,22.2545347,84.8800449,11.245,-21.276,0.22,-0.066,-0.011,151.0,8,0.0000,24.07
14:35:10,22.2545347,84.8800449,11.243,-21.276,0.22,-0.050,-0.002,151.0,8,0.0018,24.06
14:35:10,22.2545347,84.8800449,11.240,-21.276,0.22,-0.057,-0.011,147.6,8,0.0018,24.06
14:35:10,22.2545347,84.8800449,11.238,-21.277,0.22,-0.045,-0.002,144.2,8,0.0018,24.06
14:35:10,22.2545347,84.8800449,11.235,-21.277,0.22,-0.052,-0.013,141.0,8,0.0000,24.06
14:35:11,22.2545347,84.8800449,11.233,-21.277,0.22,-0.047,-0.002,141.0,8,0.0017,24.06
14:35:11,22.2545347,84.8800449,11.230,-21.278,0.22,-0.053,-0.014,141.0,8,0.0017,24.06
14:35:11,22.254536,84.8800524,11.228,-21.278,0.16,-0.044,-0.002,137.7,8,0.0016,24.06
14:35:11,22.254536,84.8800524,11.226,-21.278,0.16,-0.049,-0.015,134.2,8,0.0000,24.06
14:35:11,22.254536,84.8800524,11.223,-21.279,0.16,-0.054,-0.029,134.2,8,0.0000,24.06
14:35:11,22.254536,84.8800524,11.221,-21.279,0.16,-0.041,-0.003,134.2,8,0.0015,24.06
14:35:11,22.254536,84.8800524,11.219,-21.279,0.16,-0.045,-0.017,131.0,11,0.0015,24.06
14:35:11,22.254536,84.8800524,11.217,-21.280,0.16,-0.043,-0.020,127.6,11,0.0013,24.06
14:35:11,22.254536,84.8800524,11.215,-21.281,0.16,-0.040,-0.037,127.6,11,0.0000,24.06
14:35:11,22.254536,84.8800524,11.213,-21.282,0.16,-0.043,-0.019,127.6,11,0.0010,24.06
14:35:11,22.254536,84.8800524,11.210,-21.284,0.16,-0.040,-0.037,124.2,11,0.0010,24.06
14:35:11,22.2545376,84.8800597,11.208,-21.285,0.11,-0.041,-0.026,124.2,11,0.0008,24.06
14:35:11,22.2545376,84.8800597,11.206,-21.287,0.11,-0.033,-0.045,120.8,11,0.0000,24.06
14:35:11,22.2545376,84.8800597,11.205,-21.290,0.11,-0.018,-0.066,120.8,11,0.0013,24.06
14:35:11,22.2545376,84.8800597,11.205,-21.294,0.11,-0.006,-0.086,116.0,11,0.0013,24.06
14:35:11,22.2545392,84.8800666,11.208,-21.301,0.10,0.088,-0.169,116.0,11,0.0019,24.07
14:35:11,22.2545392,84.8800666,11.212,-21.310,0.10,0.096,-0.188,110.3,11,0.0000,24.08
14:35:11,22.2545392,84.8800666,11.220,-21.318,0.10,0.170,-0.171,105.2,11,0.0024,24.09
14:35:11,22.2545392,84.8800666,11.228,-21.327,0.10,0.156,-0.177,105.2,11,0.0024,24.10
14:35:12,22.2545392,84.8800666,11.235,-21.336,0.10,0.142,-0.184,105.2,21,0.0024,24.11
14:35:12,22.2545392,84.8800666,11.245,-21.342,0.10,0.170,-0.127,100.7,21,0.0021,24.12
14:35:12,22.2545392,84.8800666,11.253,-21.349,0.10,0.150,-0.130,100.7,21,0.0000,24.13
14:35:12,22.2545392,84.8800666,11.264,-21.353,0.10,0.223,-0.089,97.4,21,0.0025,24.14
14:35:12,22.2545407,84.8800736,11.274,-21.358,0.11,0.201,-0.090,97.4,21,0.0025,24.15
14:35:12,22.2545407,84.8800736,11.289,-21.360,0.11,0.328,-0.009,96.4,21,0.0035,24.16
14:35:12,22.2545407,84.8800736,11.305,-21.360,0.11,0.300,-0.012,96.4,21,0.0000,24.17
14:35:12,22.2545407,84.8800736,11.325,-21.360,0.11,0.413,-0.001,96.9,21,0.0044,24.18
14:35:12,22.254542,84.8800813,11.345,-21.360,0.10,0.379,-0.006,96.9,25,0.0044,24.19
14:35:12,22.254542,84.8800813,11.367,-21.360,0.10,0.444,0.017,98.0,25,0.0046,24.20
14:35:12,22.254542,84.8800813,11.388,-21.359,0.10,0.409,0.011,99.4,25,0.0000,24.21
14:35:12,22.254542,84.8800813,11.408,-21.359,0.10,0.379,0.003,99.4,25,0.0000,24.21
14:35:12,22.254542,84.8800813,11.435,-21.357,0.10,0.484,0.028,99.4,25,0.0048,24.23
14:35:12,22.254542,84.8800813,11.458,-21.356,0.10,0.454,0.020,100.7,25,0.0048,24.24
14:35:12,22.254542,84.8800813,11.482,-21.356,0.10,0.479,-0.019,101.9,25,0.0050,24.25
14:35:12,22.254542,84.8800813,11.506,-21.357,0.10,0.466,-0.029,101.9,25,0.0000,24.26
14:35:12,22.254542,84.8800813,11.530,-21.359,0.10,0.453,-0.039,101.9,25,0.0000,24.27
14:35:12,22.2545432,84.880089,11.552,-21.361,0.10,0.440,-0.049,103.0,27,0.0000,24.28
14:35:12,22.2545432,84.880089,11.574,-21.364,0.10,0.435,-0.061,102.7,27,0.0000,24.30
14:35:12,22.2545432,84.880089,11.596,-21.367,0.10,0.436,-0.072,102.7,27,0.0000,24.31
14:35:13,22.2545432,84.880089,11.618,-21.371,0.10,0.437,-0.084,102.7,27,0.0000,24.33
14:35:13,22.2545441,84.8800962,11.640,-21.376,0.11,0.438,-0.095,99.8,27,0.0000,24.34
14:35:13,22.2545441,84.8800962,11.685,-21.385,0.11,0.567,-0.131,95.2,27,0.0058,24.37
14:35:13,22.2545441,84.8800962,11.713,-21.394,0.11,0.555,-0.171,95.2,27,0.0057,24.39
14:35:13,22.2545441,84.8800962,11.741,-21.403,0.11,0.566,-0.183,95.2,27,0.0000,24.41
14:35:13,22.2545441,84.8800962,11.770,-21.412,0.11,0.577,-0.194,89.6,27,0.0000,24.43
14:35:13,22.2545441,84.8800962,11.799,-21.419,0.11,0.578,-0.147,84.0,27,0.0058,24.45
14:35:13,22.2545441,84.8800962,11.829,-21.426,0.11,0.598,-0.162,84.0,27,0.0058,24.47
14:35:13,22.2545441,84.8800962,11.859,-21.435,0.11,0.619,-0.177,77.9,27,0.0048,24.50
14:35:13,22.2545441,84.8800962,11.891,-21.444,0.11,0.644,-0.196,77.9,27,0.0000,24.52
14:35:13,22.2545448,84.8801022,11.919,-21.443,0.11,0.614,-0.075,73.4,27,0.0058,24.53
14:35:13,22.2545448,84.8801022,11.951,-21.447,0.11,0.642,-0.098,73.4,27,0.0058,24.55
14:35:13,22.2545448,84.8801022,11.984,-21.448,0.11,0.652,-0.012,70.5,27,0.0064,24.57
14:35:13,22.2545448,84.8801022,12.017,-21.449,0.11,0.682,-0.038,70.5,27,0.0000,24.59
14:35:13,22.2545459,84.8801073,12.049,-21.447,0.10,0.612,0.062,68.5,27,0.0060,24.60
14:35:13,22.2545459,84.8801073,12.080,-21.445,0.10,0.640,0.035,68.5,27,0.0060,24.61
14:35:13,22.2545459,84.8801073,12.111,-21.439,0.10,0.596,0.129,67.8,27,0.0062,24.62
14:35:13,22.2545459,84.8801073,12.141,-21.434,0.10,0.622,0.102,67.8,27,0.0000,24.63
14:35:13,22.2545459,84.8801073,12.173,-21.429,0.10,0.648,0.075,67.9,27,0.0000,24.65
14:35:13,22.2545459,84.8801073,12.203,-21.419,0.10,0.604,0.159,67.9,27,0.0063,24.65
14:35:14,22.2545459,84.8801073,12.234,-21.412,0.10,0.627,0.133,68.1,27,0.0063,24.66
14:35:14,22.2545459,84.8801073,12.261,-21.405,0.10,0.514,0.134,68.1,27,0.0054,24.67
14:35:14,22.254548,84.8801107,12.320,-21.398,0.11,0.537,0.114,68.1,27,0.0000,24.69
14:35:14,22.254548,84.8801107,12.341,-21.392,0.11,0.381,0.108,68.1,27,0.0039,24.70
14:35:14,22.254548,84.8801107,12.361,-21.387,0.11,0.411,0.096,68.0,27,0.0039,24.70
14:35:14,22.254548,84.8801107,12.377,-21.382,0.11,0.285,0.079,68.0,27,0.0029,24.71
14:35:14,22.254548,84.8801107,12.392,-21.378,0.11,0.325,0.078,67.6,27,0.0000,24.71
14:35:14,22.254548,84.8801107,12.404,-21.376,0.11,0.216,0.048,67.6,26,0.0020,24.71
14:35:14,22.254548,84.8801107,12.417,-21.373,0.11,0.267,0.056,67.1,26,0.0020,24.72
14:35:14,22.254548,84.8801107,12.427,-21.371,0.11,0.199,0.044,67.1,26,0.0020,24.72
14:35:14,22.254548,84.8801107,12.438,-21.368,0.11,0.259,0.059,67.1,26,0.0000,24.72
14:35:14,22.2545501,84.8801112,12.448,-21.366,0.10,0.178,0.047,66.7,26,0.0017,24.73
14:35:14,22.2545501,84.8801112,12.459,-21.363,0.10,0.243,0.064,65.9,26,0.0017,24.73
14:35:14,22.2545501,84.8801112,12.472,-21.359,0.10,0.309,0.080,65.9,26,0.0017,24.73
14:35:14,22.2545501,84.8801112,12.473,-21.360,0.10,0.090,0.007,65.9,26,0.0008,24.74
14:35:14,22.2545517,84.8801091,12.479,-21.360,0.09,0.156,0.023,65.0,26,0.0000,24.74
14:35:14,22.2545517,84.8801091,12.479,-21.361,0.09,-0.008,-0.030,64.3,26,0.0007,24.74
14:35:14,22.2545517,84.8801091,12.481,-21.362,0.09,0.062,-0.015,64.3,26,0.0007,24.74
14:35:14,22.2545517,84.8801091,12.479,-21.365,0.09,-0.061,-0.071,64.3,26,0.0012,24.74
14:35:14,22.2545517,84.8801091,12.477,-21.368,0.09,0.009,-0.056,63.9,25,0.0000,24.74
14:35:15,22.2545517,84.8801091,12.474,-21.373,0.09,-0.072,-0.103,63.6,25,0.0014,24.75
14:35:15,22.2545517,84.8801091,12.472,-21.378,0.09,-0.005,-0.089,63.6,25,0.0014,24.75
14:35:15,22.2545517,84.8801091,12.469,-21.383,0.09,-0.078,-0.121,63.6,25,0.0015,24.75
14:35:15,22.2545517,84.8801091,12.466,-21.389,0.09,-0.011,-0.107,63.6,25,0.0000,24.76
14:35:15,22.2545525,84.8801048,12.462,-21.396,0.08,-0.087,-0.135,63.5,25,0.0016,24.76
14:35:15,22.2545525,84.8801048,12.459,-21.402,0.08,-0.031,-0.124,63.5,25,0.0016,24.76
14:35:15,22.2545525,84.8801048,12.454,-21.409,0.08,-0.112,-0.142,63.5,25,0.0018,24.77
14:35:15,22.2545525,84.8801048,12.450,-21.416,0.08,-0.055,-0.131,63.7,25,0.0000,24.77
14:35:15,22.2545525,84.8800984,12.444,-21.424,0.07,-0.127,-0.155,64.0,26,0.0020,24.78
14:35:15,22.2545525,84.8800984,12.439,-21.431,0.07,-0.083,-0.153,64.4,26,0.0020,24.78
14:35:15,22.2545525,84.8800984,12.436,-21.439,0.07,-0.043,-0.156,64.4,26,0.0020,24.78
14:35:15,22.2545525,84.8800984,12.425,-21.448,0.07,-0.168,-0.165,64.4,26,0.0024,24.79
14:35:15,22.2545525,84.8800984,12.417,-21.456,0.07,-0.128,-0.168,64.8,26,0.0000,24.79
14:35:15,22.2545525,84.8800984,12.408,-21.464,0.07,-0.192,-0.168,64.8,26,0.0026,24.79
14:35:15,22.2545525,84.8800984,12.399,-21.473,0.07,-0.157,-0.173,65.2,26,0.0026,24.80
14:35:15,22.2545525,84.8800984,12.388,-21.482,0.07,-0.224,-0.180,65.2,26,0.0029,24.80
14:35:15,22.2545522,84.8800899,12.378,-21.491,0.06,-0.191,-0.187,65.6,26,0.0000,24.80
14:35:15,22.2545522,84.8800899,12.367,-21.500,0.06,-0.205,-0.171,65.6,26,0.0027,24.80
14:35:15,22.2545522,84.8800899,12.358,-21.509,0.06,-0.173,-0.178,65.8,26,0.0027,24.81
14:35:16,22.2545522,84.8800899,12.350,-21.518,0.06,-0.147,-0.188,65.8,26,0.0027,24.81
14:35:16,22.2545522,84.8800899,12.342,-21.524,0.06,-0.129,-0.133,65.9,26,0.0018,24.81
14:35:16,22.2545519,84.8800805,12.336,-21.531,0.06,-0.115,-0.147,65.9,26,0.0000,24.81
14:35:16,22.2545519,84.8800805,12.332,-21.537,0.06,-0.079,-0.120,65.7,26,0.0012,24.82
14:35:16,22.2545519,84.8800805,12.328,-21.544,0.06,-0.075,-0.137,65.7,26,0.0012,24.82
14:35:16,22.2545519,84.8800805,12.325,-21.550,0.06,-0.045,-0.134,65.7,26,0.0011,24.83
14:35:16,22.2545519,84.8800805,12.323,-21.557,0.06,-0.041,-0.152,64.6,26,0.0000,24.83
14:35:16,22.2545519,84.8800805,12.321,-21.564,0.06,-0.029,-0.140,62.8,26,0.0012,24.84
14:35:16,22.2545519,84.8800805,12.320,-21.572,0.06,-0.040,-0.163,60.0,26,0.0012,24.84
14:35:16,22.2545519,84.8800805,12.318,-21.580,0.06,-0.040,-0.165,60.0,26,0.0013,24.85
14:35:16,22.2545519,84.8800694,12.315,-21.589,0.06,-0.051,-0.188,60.0,26,0.0000,24.85
14:35:16,22.2545519,84.8800694,12.315,-21.599,0.06,-0.006,-0.218,56.0,26,0.0018,24.86
14:35:16,22.2545519,84.8800694,12.314,-21.611,0.06,-0.012,-0.239,50.0,26,0.0018,24.87
14:35:16,22.2545519,84.8800694,12.315,-21.622,0.06,0.028,-0.224,50.0,26,0.0020,24.88
14:35:16,22.2545519,84.8800592,12.316,-21.634,0.07,0.026,-0.244,50.0,26,0.0000,24.89
14:35:16,22.2545519,84.8800592,12.319,-21.645,0.07,0.072,-0.203,43.1,26,0.0020,24.90
14:35:16,22.2545519,84.8800592,12.323,-21.655,0.07,0.074,-0.222,35.5,26,0.0020,24.92
14:35:16,22.2545519,84.8800592,12.327,-21.667,0.07,0.077,-0.240,35.5,26,0.0020,24.93
14:35:16,22.2545519,84.8800592,12.333,-21.674,0.07,0.115,-0.174,35.5,26,0.0021,24.94
14:35:16,22.2545519,84.8800592,12.339,-21.684,0.07,0.119,-0.192,27.7,26,0.0000,24.95
14:35:17,22.2545519,84.8800592,12.345,-21.691,0.07,0.139,-0.147,27.7,26,0.0020,24.96
14:35:17,22.2545519,84.8800592,12.353,-21.699,0.07,0.146,-0.164,19.7,26,0.0020,24.97
14:35:17,22.2545519,84.8800592,12.360,-21.706,0.07,0.157,-0.121,19.7,26,0.0019,24.98
14:35:17,22.2545519,84.880049,12.368,-21.712,0.09,0.166,-0.136,11.2,26,0.0000,24.99
14:35:17,22.2545519,84.880049,12.377,-21.717,0.09,0.174,-0.091,11.2,26,0.0019,25.00
14:35:17,22.2545519,84.880049,12.386,-21.722,0.09,0.186,-0.104,2.4,26,0.0019,25.01
14:35:17,22.2545519,84.880049,12.397,-21.720,0.09,0.228,0.084,-7.0,26,0.0026,25.01
14:35:17,22.2545519,84.880049,12.409,-21.717,0.09,0.245,0.064,-7.0,26,0.0000,25.01
14:35:17,22.2545519,84.880049,12.419,-21.711,0.09,0.190,0.136,-7.0,26,0.0022,25.01
14:35:17,22.2545519,84.880049,12.429,-21.704,0.09,0.208,0.116,-15.3,26,0.0022,25.01
14:35:17,22.2545519,84.880049,12.440,-21.699,0.09,0.229,0.088,-22.1,26,0.0022,25.01
14:35:17,22.2545519,84.8800396,12.444,-21.688,0.09,0.116,0.187,-22.1,26,0.0018,25.00
14:35:17,22.2545519,84.8800396,12.450,-21.679,0.09,0.140,0.154,-22.1,26,0.0000,25.00
14:35:17,22.2545519,84.8800396,12.454,-21.670,0.09,0.069,0.182,-27.6,26,0.0016,24.99
14:35:17,22.2545519,84.8800396,12.459,-21.661,0.09,0.094,0.152,-31.7,26,0.0016,24.99
14:35:17,22.2545519,84.8800396,12.460,-21.653,0.09,0.012,0.167,-31.7,26,0.0015,24.98
14:35:17,22.2545523,84.8800303,12.461,-21.645,0.09,0.036,0.143,-31.7,26,0.0000,24.98
14:35:17,22.2545523,84.8800303,12.458,-21.635,0.09,-0.091,0.200,-33.2,26,0.0025,24.97
14:35:17,22.2545523,84.8800303,12.454,-21.626,0.09,-0.065,0.181,-33.2,26,0.0025,24.96
14:35:17,22.2545523,84.8800303,12.445,-21.613,0.09,-0.214,0.281,-32.0,26,0.0038,24.94
14:35:18,22.2545523,84.8800303,12.435,-21.599,0.09,-0.184,0.261,-32.0,26,0.0000,24.92
14:35:18,22.2545523,84.8800303,12.422,-21.584,0.09,-0.288,0.305,-28.8,26,0.0043,24.90
14:35:18,22.2545523,84.8800303,12.408,-21.569,0.09,-0.255,0.279,-28.8,26,0.0043,24.88
14:35:18,22.2545523,84.8800303,12.392,-21.555,0.09,-0.333,0.297,-23.7,26,0.0043,24.86
14:35:18,22.2545533,84.8800217,12.417,-21.526,0.10,-0.301,0.266,-17.6,26,0.0000,24.85
14:35:18,22.2545533,84.8800217,12.403,-21.514,0.10,-0.274,0.234,-17.6,26,0.0000,24.83
14:35:18,22.2545533,84.8800217,12.386,-21.497,0.10,-0.318,0.298,-17.6,26,0.0040,24.81
14:35:18,22.2545533,84.8800217,12.370,-21.483,0.10,-0.291,0.266,-11.4,26,0.0040,24.79
14:35:18,22.254555,84.8800137,12.396,-21.446,0.11,-0.256,0.350,-4.5,26,0.0041,24.77
14:35:18,22.254555,84.8800137,12.383,-21.430,0.11,-0.243,0.318,-4.5,26,0.0000,24.75
14:35:18,22.254555,84.8800137,12.370,-21.411,0.11,-0.254,0.377,-4.5,26,0.0042,24.73
14:35:18,22.254555,84.8800137,12.358,-21.393,0.11,-0.242,0.346,1.3,26,0.0042,24.71
14:35:18,22.254555,84.8800137,12.348,-21.372,0.11,-0.173,0.428,1.3,26,0.0044,24.68
14:35:18,22.254555,84.8800137,12.339,-21.351,0.11,-0.168,0.397,5.5,26,0.0000,24.66
14:35:18,22.254555,84.8800137,12.331,-21.332,0.11,-0.169,0.367,8.4,26,0.0000,24.64
14:35:18,22.254555,84.8800137,12.328,-21.308,0.11,-0.072,0.448,8.4,26,0.0046,24.62
14:35:18,22.254555,84.8800137,12.325,-21.286,0.11,-0.076,0.420,8.4,26,0.0046,24.60
14:35:18,22.2545568,84.8800074,13.178,-20.726,0.12,-0.008,0.489,9.8,26,0.0051,24.56
14:35:18,22.2545568,84.8800074,13.178,-20.702,0.12,-0.015,0.462,9.4,26,0.0000,24.54
14:35:18,22.2545568,84.8800074,13.179,-20.678,0.12,0.038,0.486,9.4,26,0.0051,24.52
14:35:19,22.2545568,84.8800074,13.180,-20.654,0.12,0.028,0.462,9.4,26,0.0051,24.50
14:35:19,22.2545583,84.8800024,13.403,-20.377,0.11,0.082,0.485,8.6,26,0.0050,24.39
14:35:19,22.2545583,84.8800024,13.407,-20.353,0.11,0.072,0.466,7.8,26,0.0000,24.37
14:35:19,22.2545583,84.8800024,13.412,-20.328,0.11,0.106,0.500,7.8,26,0.0054,24.35
14:35:19,22.2545583,84.8800024,13.417,-20.303,0.11,0.099,0.485,7.8,26,0.0054,24.34
14:35:19,22.2545583,84.8800024,13.419,-20.277,0.11,0.009,0.521,8.8,26,0.0055,24.32
14:35:19,22.2545583,84.8800024,13.419,-20.251,0.11,0.006,0.511,12.4,26,0.0000,24.29
14:35:19,22.2545583,84.8800024,13.420,-20.224,0.11,0.001,0.548,12.4,26,0.0055,24.27
14:35:19,22.2545583,84.8800024,13.420,-20.196,0.11,0.002,0.543,12.4,26,0.0055,24.25
14:35:19,22.2545583,84.8800024,13.420,-20.169,0.11,0.003,0.538,16.3,26,0.0055,24.23
14:35:19,22.2545596,84.8799981,13.441,-20.016,0.10,0.072,0.563,18.7,26,0.0058,24.11
14:35:19,22.2545596,84.8799981,13.445,-19.988,0.10,0.078,0.565,18.7,26,0.0000,24.09
14:35:19,22.2545596,84.8799981,13.450,-19.961,0.10,0.108,0.534,18.7,26,0.0056,24.07
14:35:19,22.2545596,84.8799981,13.455,-19.934,0.10,0.114,0.536,19.7,26,0.0056,24.05
14:35:19,22.254561,84.879995,13.407,-19.818,0.11,0.160,0.565,20.0,26,0.0060,23.93
14:35:19,22.254561,84.879995,13.415,-19.789,0.11,0.167,0.570,20.0,26,0.0000,23.91
14:35:19,22.254561,84.879995,13.426,-19.762,0.11,0.237,0.539,20.0,26,0.0060,23.89
14:35:19,22.254561,84.879995,13.438,-19.734,0.11,0.244,0.544,19.9,26,0.0060,23.88
14:35:19,22.254561,84.879995,13.450,-19.707,0.11,0.226,0.546,19.7,26,0.0059,23.86
14:35:20,22.254561,84.879995,13.461,-19.679,0.11,0.233,0.552,19.7,26,0.0000,23.84
14:35:20,22.254561,84.879995,13.473,-19.651,0.11,0.240,0.558,18.7,26,0.0083,23.83
14:35:20,22.254561,84.879995,13.485,-19.623,0.11,0.247,0.565,18.7,26,0.0083,23.81
14:35:20,22.254561,84.879995,13.498,-19.594,0.11,0.254,0.573,16.3,26,0.0083,23.79
14:35:20,22.2545621,84.8799926,13.409,-19.526,0.10,0.270,0.564,16.3,26,0.0064,23.69
14:35:20,22.2545621,84.8799926,13.423,-19.498,0.10,0.278,0.571,14.4,26,0.0000,23.67
14:35:20,22.2545621,84.8799926,13.436,-19.470,0.10,0.258,0.548,14.4,26,0.0062,23.66
14:35:20,22.2545621,84.8799926,13.449,-19.442,0.10,0.268,0.555,14.4,26,0.0062,23.64
14:35:20,22.2545632,84.8799907,13.348,-19.382,0.11,0.240,0.587,13.4,26,0.0064,23.53
14:35:20,22.2545632,84.8799907,13.361,-19.352,0.11,0.251,0.593,13.0,26,0.0000,23.52
14:35:20,22.2545632,84.8799907,13.373,-19.322,0.11,0.233,0.596,13.0,26,0.0064,23.50
14:35:20,22.2545632,84.8799907,13.385,-19.292,0.11,0.243,0.600,12.1,26,0.0064,23.48
14:35:20,22.2545632,84.8799907,13.397,-19.262,0.11,0.242,0.599,12.1,26,0.0065,23.46
14:35:20,22.2545632,84.8799907,13.409,-19.231,0.11,0.251,0.602,8.9,26,0.0000,23.44
14:35:20,22.2545632,84.8799907,13.422,-19.202,0.11,0.260,0.582,8.9,26,0.0065,23.43
14:35:20,22.2545632,84.8799907,13.435,-19.172,0.11,0.267,0.583,8.9,26,0.0065,23.41
14:35:20,22.2545632,84.8799907,13.448,-19.143,0.11,0.235,0.581,5.6,26,0.0062,23.39
14:35:20,22.2545644,84.8799892,13.329,-19.109,0.11,0.241,0.582,3.7,26,0.0000,23.30
14:35:20,22.2545644,84.8799892,13.339,-19.079,0.11,0.173,0.589,3.7,26,0.0062,23.28
14:35:20,22.2545644,84.8799892,13.348,-19.049,0.11,0.178,0.591,2.5,26,0.0062,23.26
14:35:21,22.2545644,84.8799892,13.355,-19.019,0.11,0.139,0.610,2.5,26,0.0063,23.24
14:35:21,22.2545644,84.8799892,13.363,-18.988,0.11,0.145,0.612,2.1,26,0.0000,23.22
14:35:21,22.2545644,84.8799892,13.370,-18.957,0.11,0.151,0.614,2.1,26,0.0000,23.20
14:35:21,22.2545644,84.8799892,13.375,-18.927,0.11,0.113,0.604,2.1,26,0.0063,23.18
14:35:21,22.2545644,84.8799892,13.381,-18.896,0.11,0.120,0.608,2.1,26,0.0063,23.15
14:35:21,22.2545657,84.879988,13.254,-18.875,0.12,0.078,0.624,1.8,26,0.0063,23.06
14:35:21,22.2545657,84.879988,13.258,-18.843,0.12,0.084,0.629,1.8,26,0.0000,23.04
14:35:21,22.2545657,84.879988,13.262,-18.812,0.12,0.086,0.619,0.9,26,0.0065,23.02
14:35:21,22.2545657,84.879988,13.267,-18.781,0.12,0.091,0.625,0.9,26,0.0065,22.99
14:35:21,22.2545673,84.879987,13.151,-18.749,0.12,0.053,0.650,0.1,26,0.0067,22.90
14:35:21,22.2545673,84.879987,13.154,-18.716,0.12,0.057,0.656,0.1,26,0.0000,22.88
14:35:21,22.2545673,84.879987,13.155,-18.684,0.12,0.006,0.628,-0.3,26,0.0064,22.85
14:35:21,22.2545673,84.879987,13.155,-18.652,0.12,0.009,0.634,-0.3,26,0.0064,22.82
14:35:21,22.2545673,84.879987,13.156,-18.620,0.12,0.011,0.639,-0.5,26,0.0064,22.80
14:35:21,22.2545673,84.879987,13.156,-18.589,0.12,0.001,0.633,-0.5,26,0.0064,22.77
14:35:21,22.2545673,84.879987,13.156,-18.557,0.12,0.002,0.638,-0.7,26,0.0000,22.75
14:35:21,22.2545673,84.879987,13.155,-18.525,0.12,-0.027,0.636,-0.7,26,0.0064,22.72
14:35:21,22.2545673,84.879987,13.153,-18.492,0.12,-0.025,0.642,-0.7,26,0.0064,22.69
14:35:21,22.2545689,84.8799862,13.040,-18.475,0.12,0.020,0.648,-0.7,26,0.0067,22.61
14:35:21,22.2545689,84.8799862,13.041,-18.442,0.12,0.022,0.654,-0.7,26,0.0000,22.59
14:35:22,22.2545689,84.8799862,13.042,-18.409,0.12,0.024,0.660,-0.7,26,0.0074,22.56
14:35:22,22.2545689,84.8799862,13.043,-18.376,0.12,0.026,0.666,-0.7,26,0.0074,22.53
14:35:22,22.2545706,84.8799856,12.941,-18.350,0.12,-0.016,0.645,-0.7,26,0.0066,22.45
14:35:22,22.2545706,84.8799856,12.940,-18.317,0.12,-0.014,0.652,-0.7,26,0.0000,22.43
14:35:22,22.2545706,84.8799856,12.938,-18.285,0.12,-0.028,0.641,-0.7,26,0.0067,22.40
14:35:22,22.2545706,84.8799856,12.937,-18.252,0.12,-0.027,0.647,-0.6,26,0.0067,22.37
14:35:22,22.2545706,84.8799856,12.936,-18.221,0.12,-0.021,0.629,-0.6,26,0.0064,22.35
14:35:22,22.2545706,84.8799856,12.935,-18.189,0.12,-0.022,0.633,-0.6,26,0.0000,22.32
14:35:22,22.2545706,84.8799856,12.934,-18.157,0.12,-0.002,0.619,-0.6,26,0.0064,22.29
14:35:22,22.2545706,84.8799856,12.934,-18.126,0.12,-0.004,0.622,-0.5,26,0.0064,22.27
14:35:22,22.2545706,84.8799856,12.934,-18.095,0.12,-0.005,0.625,-0.5,26,0.0064,22.24
14:35:22,22.2545725,84.8799854,12.842,-18.074,0.12,-0.019,0.696,-0.5,26,0.0070,22.17
14:35:22,22.2545725,84.8799854,12.841,-18.038,0.12,-0.021,0.698,-0.5,26,0.0000,22.14
14:35:22,22.2545725,84.8799854,12.840,-18.005,0.12,-0.020,0.663,-0.4,26,0.0068,22.11
14:35:22,22.2545725,84.8799854,12.839,-17.971,0.12,-0.021,0.665,-0.2,26,0.0068,22.09
14:35:22,22.2545744,84.8799853,12.762,-17.943,0.12,-0.031,0.617,-0.2,26,0.0063,22.02
14:35:22,22.2545744,84.8799853,12.760,-17.911,0.12,-0.032,0.619,-0.2,26,0.0000,21.99
14:35:22,22.2545744,84.8799853,12.759,-17.880,0.12,-0.034,0.621,-0.2,26,0.0000,21.97
14:35:22,22.2545744,84.8799853,12.757,-17.849,0.12,-0.035,0.623,-0.1,26,0.0000,21.94
14:35:23,22.2545744,84.8799853,12.755,-17.817,0.12,-0.038,0.624,-0.1,26,0.0000,21.91
14:35:23,22.2545744,84.8799853,12.753,-17.786,0.12,-0.040,0.626,-0.1,26,0.0000,21.89
14:35:23,22.2545744,84.8799853,12.751,-17.754,0.12,-0.043,0.628,-0.2,26,0.0000,21.86
14:35:23,22.2545744,84.8799853,12.749,-17.723,0.12,-0.048,0.630,-0.6,26,0.0000,21.83
14:35:23,22.2545762,84.8799854,12.713,-17.697,0.11,0.138,0.648,-0.6,26,0.0066,21.79
14:35:23,22.2545762,84.8799854,12.719,-17.664,0.11,0.128,0.651,-0.6,26,0.0066,21.77
14:35:23,22.2545762,84.8799854,12.730,-17.636,0.11,0.205,0.568,-1.1,26,0.0058,21.75
14:35:23,22.2545762,84.8799854,12.740,-17.607,0.11,0.189,0.572,-1.4,26,0.0000,21.73
14:35:23,22.2545762,84.8799854,12.749,-17.578,0.11,0.176,0.571,-1.4,26,0.0058,21.71
14:35:23,22.254578,84.8799861,12.701,-17.551,0.11,0.158,0.577,-1.7,26,0.0058,21.66
14:35:23,22.254578,84.8799861,12.712,-17.522,0.11,0.227,0.582,-1.7,26,0.0058,21.65
14:35:23,22.254578,84.8799861,12.723,-17.492,0.11,0.209,0.590,-1.7,26,0.0000,21.63
14:35:23,22.254578,84.8799861,12.734,-17.464,0.11,0.224,0.559,-1.9,26,0.0056,21.61
14:35:23,22.254578,84.8799861,12.745,-17.435,0.11,0.208,0.568,-2.1,26,0.0056,21.60
14:35:23,22.254578,84.8799861,12.757,-17.409,0.11,0.253,0.508,-2.1,26,0.0051,21.58
14:35:23,22.254578,84.8799861,12.770,-17.383,0.11,0.240,0.519,-2.1,26,0.0000,21.57
14:35:23,22.254578,84.8799861,12.783,-17.360,0.11,0.265,0.432,-2.3,26,0.0043,21.56
14:35:23,22.2545798,84.8799873,12.749,-17.341,0.11,0.256,0.449,-2.3,26,0.0043,21.52
14:35:23,22.2545798,84.8799873,12.763,-17.321,0.11,0.276,0.376,-1.9,26,0.0038,21.52
14:35:23,22.2545798,84.8799873,12.777,-17.301,0.11,0.271,0.402,-1.9,26,0.0000,21.51
14:35:24,22.2545798,84.8799873,12.807,-17.263,0.11,0.311,0.364,-0.7,26,0.0037,21.49
14:35:24,22.2545815,84.8799888,12.792,-17.236,0.11,0.321,0.408,-0.7,26,0.0037,21.46
14:35:24,22.2545815,84.8799888,12.808,-17.218,0.11,0.314,0.361,-0.7,26,0.0037,21.46
14:35:24,22.2545815,84.8799888,12.824,-17.198,0.11,0.324,0.404,-0.0,26,0.0000,21.45
14:35:24,22.2545815,84.8799888,12.840,-17.180,0.11,0.337,0.367,0.9,26,0.0039,21.45
14:35:24,22.2545815,84.8799888,12.858,-17.160,0.11,0.360,0.410,0.9,26,0.0039,21.44
14:35:24,22.2545815,84.8799888,12.874,-17.142,0.11,0.314,0.345,0.9,26,0.0041,21.44
14:35:24,22.2545815,84.8799888,12.891,-17.124,0.11,0.337,0.388,2.1,26,0.0000,21.43
14:35:24,22.2545815,84.8799888,12.906,-17.107,0.11,0.298,0.333,3.8,26,0.0036,21.43
14:35:24,22.2545827,84.8799905,12.898,-17.084,0.12,0.326,0.358,3.8,26,0.0036,21.41
14:35:24,22.2545827,84.8799905,12.911,-17.068,0.12,0.237,0.304,5.7,26,0.0035,21.40
14:35:24,22.2545827,84.8799905,12.924,-17.052,0.12,0.263,0.323,5.7,26,0.0000,21.40
14:35:24,22.2545827,84.8799905,12.938,-17.035,0.12,0.290,0.342,8.1,26,0.0000,21.39
14:35:24,22.2545827,84.8799905,12.947,-17.023,0.12,0.207,0.262,8.1,26,0.0029,21.39
14:35:24,22.2545827,84.8799905,12.958,-17.010,0.12,0.229,0.277,8.1,26,0.0029,21.38
14:35:24,22.2545827,84.8799905,12.967,-16.998,0.12,0.166,0.226,10.6,26,0.0026,21.38
14:35:24,22.2545827,84.8799905,12.976,-16.986,0.12,0.180,0.238,13.0,26,0.0000,21.38
14:35:24,22.2545836,84.8799916,12.965,-16.971,0.12,0.126,0.215,13.0,26,0.0025,21.36
14:35:24,22.2545836,84.8799916,12.971,-16.960,0.12,0.132,0.225,13.0,26,0.0025,21.35
14:35:24,22.2545836,84.8799916,12.977,-16.949,0.12,0.097,0.213,14.6,26,0.0024,21.35
14:35:25,22.2545836,84.8799916,12.982,-16.938,0.12,0.097,0.222,13.5,26,0.0000,21.34
14:35:25,22.2545836,84.8799916,12.985,-16.927,0.12,0.055,0.227,13.5,26,0.0025,21.33
14:35:25,22.2545841,84.8799921,12.976,-16.912,0.13,0.054,0.237,13.5,26,0.0025,21.32
14:35:25,22.2545841,84.8799921,12.977,-16.901,0.13,0.005,0.233,11.1,26,0.0024,21.31
14:35:25,22.2545841,84.8799921,12.977,-16.888,0.13,0.009,0.244,8.2,26,0.0000,21.30
14:35:25,22.2545841,84.8799921,12.976,-16.877,0.13,-0.032,0.231,8.2,26,0.0024,21.29
14:35:25,22.2545841,84.8799921,12.975,-16.865,0.13,-0.024,0.242,8.2,26,0.0024,21.28
14:35:25,22.2545841,84.8799921,12.974,-16.852,0.13,-0.015,0.253,5.3,26,0.0024,21.27
14:35:25,22.2545841,84.8799921,12.969,-16.841,0.13,-0.070,0.237,2.4,26,0.0024,21.26
14:35:25,22.2545841,84.8799921,12.966,-16.829,0.13,-0.058,0.243,2.4,26,0.0000,21.24
14:35:25,22.2545847,84.8799919,12.951,-16.818,0.13,-0.071,0.224,2.4,26,0.0024,21.23
14:35:25,22.2545847,84.8799919,12.947,-16.806,0.13,-0.060,0.230,0.0,26,0.0024,21.22
14:35:25,22.2545847,84.8799919,12.942,-16.794,0.13,-0.112,0.232,-1.8,26,0.0024,21.20
14:35:25,22.2545847,84.8799919,12.937,-16.783,0.13,-0.105,0.234,-1.8,26,0.0000,21.19
14:35:25,22.2545857,84.8799917,12.920,-16.765,0.12,-0.143,0.212,-1.8,26,0.0023,21.17
14:35:25,22.2545857,84.8799917,12.913,-16.754,0.12,-0.137,0.214,-3.1,26,0.0023,21.15
14:35:25,22.2545857,84.8799917,12.905,-16.744,0.12,-0.175,0.206,-3.9,26,0.0023,21.14
14:35:25,22.2545857,84.8799917,12.896,-16.733,0.12,-0.173,0.204,-4.2,26,0.0000,21.13
14:35:25,22.2545857,84.8799917,12.887,-16.724,0.12,-0.191,0.185,-4.2,26,0.0021,21.11
14:35:25,22.2545857,84.8799917,12.877,-16.714,0.12,-0.191,0.181,-4.2,26,0.0021,21.10
14:35:26,22.2545857,84.8799917,12.867,-16.705,0.12,-0.191,0.176,-4.2,26,0.0021,21.09
14:35:26,22.2545857,84.8799917,12.856,-16.696,0.12,-0.218,0.180,-4.2,26,0.0023,21.07
14:35:26,22.2545857,84.8799917,12.845,-16.687,0.12,-0.220,0.174,-4.1,26,0.0000,21.06
14:35:26,22.2545865,84.8799912,12.828,-16.672,0.12,-0.228,0.169,-4.1,26,0.0024,21.04
14:35:26,22.2545865,84.8799912,12.817,-16.663,0.12,-0.230,0.162,-4.1,26,0.0024,21.02
14:35:26,22.2545865,84.8799912,12.804,-16.655,0.12,-0.249,0.169,-4.1,26,0.0025,21.01
14:35:26,22.2545865,84.8799912,12.792,-16.647,0.12,-0.251,0.162,-4.0,26,0.0000,20.99
14:35:26,22.2545874,84.8799906,12.773,-16.625,0.11,-0.255,0.171,-4.0,26,0.0027,20.97
14:35:26,22.2545874,84.8799906,12.760,-16.617,0.11,-0.256,0.163,-3.9,26,0.0027,20.95
14:35:26,22.2545874,84.8799906,12.747,-16.609,0.11,-0.266,0.164,-3.9,26,0.0027,20.94
14:35:26,22.2545874,84.8799906,12.733,-16.601,0.11,-0.266,0.156,-3.8,26,0.0000,20.92
14:35:26,22.2545874,84.8799906,12.719,-16.593,0.11,-0.289,0.154,-3.8,26,0.0029,20.91
14:35:26,22.2545874,84.8799906,12.704,-16.585,0.11,-0.290,0.146,-3.6,26,0.0029,20.89
14:35:26,22.2545874,84.8799906,12.690,-16.578,0.11,-0.291,0.138,-3.6,26,0.0029,20.88
14:35:26,22.2545874,84.8799906,12.675,-16.568,0.11,-0.291,0.174,-3.5,26,0.0029,20.86
14:35:26,22.2545883,84.8799899,12.659,-16.545,0.11,-0.294,0.165,-3.5,26,0.0000,20.83
14:35:26,22.2545883,84.8799899,12.644,-16.536,0.11,-0.311,0.172,-3.6,26,0.0030,20.82
14:35:26,22.2545883,84.8799899,12.628,-16.527,0.11,-0.316,0.162,-3.6,26,0.0030,20.80
14:35:26,22.2545883,84.8799899,12.612,-16.519,0.11,-0.325,0.158,-3.7,26,0.0032,20.78
14:35:27,22.2545883,84.8799899,12.595,-16.511,0.11,-0.331,0.147,-3.7,26,0.0000,20.77
14:35:27,22.254589,84.8799889,12.576,-16.487,0.11,-0.325,0.148,-3.8,26,0.0032,20.74
14:35:27,22.254589,84.8799889,12.559,-16.479,0.11,-0.333,0.136,-3.8,26,0.0032,20.72
14:35:27,22.254589,84.8799889,12.542,-16.472,0.11,-0.334,0.138,-4.0,26,0.0034,20.70
14:35:27,22.254589,84.8799889,12.525,-16.466,0.11,-0.343,0.127,-4.0,26,0.0000,20.69
14:35:27,22.254589,84.8799889,12.508,-16.458,0.11,-0.344,0.144,-4.0,26,0.0034,20.67
14:35:27,22.254589,84.8799889,12.490,-16.451,0.11,-0.355,0.133,-4.0,26,0.0034,20.66
14:35:27,22.254589,84.8799889,12.472,-16.445,0.11,-0.366,0.122,-4.2,26,0.0034,20.64
14:35:27,22.254589,84.8799889,12.455,-16.437,0.11,-0.351,0.140,-4.2,26,0.0035,20.62
14:35:27,22.2545895,84.8799878,12.437,-16.415,0.11,-0.364,0.129,-4.4,26,0.0000,20.59
14:35:27,22.2545895,84.8799878,12.419,-16.408,0.11,-0.355,0.136,-4.4,26,0.0036,20.58
14:35:27,22.2545895,84.8799878,12.400,-16.401,0.11,-0.369,0.122,-4.6,26,0.0036,20.56
14:35:27,22.2545895,84.8799878,12.382,-16.395,0.11,-0.383,0.124,-4.6,26,0.0039,20.54
14:35:27,22.2545895,84.8799878,12.362,-16.389,0.11,-0.398,0.109,-4.6,26,0.0000,20.53
14:35:27,22.2545895,84.8799878,12.341,-16.382,0.11,-0.414,0.130,-4.6,26,0.0041,20.51
14:35:27,22.2545895,84.8799878,12.320,-16.376,0.11,-0.427,0.116,-4.6,26,0.0041,20.49
14:35:27,22.2545895,84.8799878,12.300,-16.370,0.11,-0.404,0.113,-4.6,26,0.0040,20.48
14:35:27,22.2545895,84.8799878,12.279,-16.365,0.11,-0.418,0.099,-4.5,26,0.0000,20.46
14:35:27,22.25459,84.8799867,12.265,-16.346,0.12,-0.430,0.088,-4.5,26,0.0000,20.44
14:35:27,22.25459,84.8799867,12.244,-16.341,0.12,-0.415,0.092,-4.4,26,0.0041,20.42
14:35:28,22.25459,84.8799867,12.223,-16.336,0.12,-0.401,0.075,-4.4,26,0.0041,20.40
14:35:28,22.25459,84.8799867,12.203,-16.333,0.12,-0.414,0.070,-4.4,26,0.0000,20.39
14:35:28,22.2545905,84.8799855,12.184,-16.312,0.12,-0.427,0.065,-4.4,26,0.0000,20.36
14:35:28,22.2545905,84.8799855,12.164,-16.307,0.12,-0.402,0.104,-4.3,26,0.0040,20.34
14:35:28,22.2545905,84.8799855,12.143,-16.302,0.12,-0.415,0.101,-4.2,26,0.0040,20.33
14:35:28,22.2545905,84.8799855,12.124,-16.297,0.12,-0.380,0.088,-4.2,26,0.0039,20.31
14:35:28,22.2545905,84.8799855,12.104,-16.293,0.12,-0.394,0.086,-4.2,26,0.0000,20.30
14:35:28,22.2545905,84.8799855,12.084,-16.288,0.12,-0.402,0.107,-4.1,26,0.0041,20.28
14:35:28,22.2545905,84.8799855,12.064,-16.282,0.12,-0.416,0.105,-4.0,26,0.0041,20.26
14:35:28,22.2545905,84.8799855,12.042,-16.277,0.12,-0.425,0.117,-4.0,26,0.0044,20.25
14:35:28,22.2545909,84.8799843,12.027,-16.255,0.12,-0.441,0.115,-4.0,26,0.0000,20.22
14:35:28,22.2545909,84.8799843,12.005,-16.250,0.12,-0.417,0.082,-3.9,26,0.0041,20.20
14:35:28,22.2545909,84.8799843,11.984,-16.246,0.12,-0.433,0.080,-3.8,26,0.0041,20.19
14:35:28,22.2545909,84.8799843,11.961,-16.242,0.12,-0.451,0.079,-3.8,26,0.0041,20.17
14:35:28,22.2545909,84.8799843,11.942,-16.238,0.12,-0.414,0.089,-3.8,26,0.0041,20.16
14:35:28,22.2545913,84.8799829,11.921,-16.217,0.11,-0.432,0.088,-3.6,26,0.0000,20.13
14:35:28,22.2545913,84.8799829,11.899,-16.213,0.11,-0.450,0.072,-3.5,26,0.0045,20.11
14:35:28,22.2545913,84.8799829,11.876,-16.210,0.11,-0.469,0.071,-3.5,26,0.0045,20.09
14:35:28,22.2545913,84.8799829,11.853,-16.205,0.11,-0.443,0.094,-3.5,26,0.0045,20.08
14:35:28,22.2545913,84.8799829,11.830,-16.201,0.11,-0.462,0.093,-3.5,26,0.0000,20.06
14:35:29,22.2545913,84.8799829,11.806,-16.196,0.11,-0.481,0.092,-3.4,26,0.0039,20.04
14:35:29,22.2545913,84.8799829,11.782,-16.191,0.11,-0.499,0.091,-3.4,26,0.0039,20.02
14:35:29,22.2545913,84.8799829,11.764,-16.188,0.11,-0.426,0.076,-3.4,26,0.0044,20.01
14:35:29,22.2545916,84.8799814,11.746,-16.170,0.11,-0.444,0.075,-3.3,26,0.0000,19.99
14:35:29,22.2545916,84.8799814,11.723,-16.166,0.11,-0.442,0.070,-3.0,26,0.0044,19.97
14:35:29,22.2545916,84.8799814,11.701,-16.162,0.11,-0.460,0.068,-3.0,26,0.0044,19.95
14:35:29,22.2545916,84.8799814,11.677,-16.159,0.11,-0.478,0.066,-3.0,26,0.0044,19.94
14:35:29,22.2545919,84.8799801,11.655,-16.141,0.12,-0.435,0.073,-2.9,26,0.0045,19.91
14:35:29,22.2545919,84.8799801,11.632,-16.137,0.12,-0.453,0.071,-2.9,26,0.0000,19.89
14:35:29,22.2545919,84.8799801,11.611,-16.134,0.12,-0.424,0.071,-2.9,26,0.0042,19.88
14:35:29,22.2545919,84.8799801,11.589,-16.130,0.12,-0.442,0.068,-2.9,26,0.0042,19.86
14:35:29,22.2545919,84.8799801,11.567,-16.127,0.12,-0.427,0.058,-2.9,26,0.0042,19.85
14:35:29,22.2545919,84.8799801,11.545,-16.124,0.12,-0.445,0.055,-2.9,26,0.0000,19.83
14:35:29,22.2545919,84.8799801,11.524,-16.121,0.12,-0.420,0.054,-2.9,26,0.0043,19.82
14:35:29,22.2545919,84.8799801,11.502,-16.119,0.12,-0.437,0.050,-2.9,26,0.0043,19.80
14:35:29,22.2545919,84.8799801,11.480,-16.115,0.12,-0.439,0.080,-2.9,26,0.0044,19.79
14:35:29,22.2545922,84.8799786,11.461,-16.097,0.12,-0.456,0.075,-2.8,26,0.0000,19.76
14:35:29,22.2545922,84.8799786,11.437,-16.092,0.12,-0.475,0.120,-2.8,26,0.0049,19.74
14:35:29,22.2545922,84.8799786,11.413,-16.086,0.12,-0.491,0.114,-2.4,26,0.0049,19.72
14:35:29,22.2545922,84.8799786,11.390,-16.076,0.12,-0.455,0.215,-2.4,26,0.0046,19.70
14:35:30,22.2545928,84.8799772,11.364,-16.050,0.12,-0.468,0.200,-1.7,26,0.0000,19.67
14:35:30,22.2545928,84.8799772,11.343,-16.037,0.12,-0.405,0.291,-1.7,26,0.0040,19.64
14:35:30,22.2545928,84.8799772,11.322,-16.023,0.12,-0.417,0.265,-0.6,26,0.0040,19.62
14:35:30,22.2545928,84.8799772,11.301,-16.010,0.12,-0.431,0.232,-0.6,26,0.0040,19.60
14:35:30,22.2545928,84.8799772,11.283,-15.992,0.12,-0.369,0.315,-0.6,26,0.0038,19.57
14:35:30,22.2545928,84.8799772,11.264,-15.977,0.12,-0.383,0.282,0.9,26,0.0000,19.55
14:35:30,22.2545928,84.8799772,11.246,-15.961,0.12,-0.353,0.326,2.6,26,0.0038,19.53
14:35:30,22.2545928,84.8799772,11.228,-15.945,0.12,-0.374,0.292,2.6,26,0.0038,19.50
14:35:30,22.2545928,84.8799772,11.210,-15.929,0.12,-0.339,0.335,2.6,26,0.0036,19.48
14:35:30,22.2545941,84.8799761,11.197,-15.897,0.11,-0.359,0.301,4.2,26,0.0000,19.44
14:35:30,22.2545941,84.8799761,11.184,-15.879,0.11,-0.226,0.381,5.3,26,0.0038,19.42
14:35:30,22.2545941,84.8799761,11.172,-15.860,0.11,-0.248,0.360,5.3,26,0.0038,19.40
14:35:30,22.2545941,84.8799761,11.164,-15.838,0.11,-0.134,0.458,5.3,26,0.0046,19.38
14:35:30,22.2545941,84.8799761,11.156,-15.816,0.11,-0.156,0.438,5.3,26,0.0000,19.35
14:35:30,22.2545941,84.8799761,11.152,-15.792,0.11,-0.066,0.484,5.0,26,0.0050,19.33
14:35:30,22.2545941,84.8799761,11.148,-15.768,0.11,-0.085,0.469,4.6,26,0.0050,19.31
14:35:30,22.2545941,84.8799761,11.143,-15.744,0.11,-0.102,0.458,4.6,26,0.0050,19.29
14:35:30,22.2545959,84.8799754,11.144,-15.701,0.11,-0.042,0.520,4.6,26,0.0054,19.25
14:35:30,22.2545959,84.8799754,11.142,-15.675,0.11,-0.058,0.509,4.1,26,0.0000,19.23
14:35:31,22.2545959,84.8799754,11.139,-15.647,0.11,-0.045,0.560,3.7,26,0.0057,19.21
14:35:31,22.2545959,84.8799754,11.137,-15.619,0.11,-0.051,0.556,3.7,26,0.0057,19.18
14:35:31,22.254598,84.8799753,11.136,-15.565,0.11,-0.032,0.543,3.7,26,0.0056,19.14
14:35:31,22.254598,84.8799753,11.135,-15.537,0.11,-0.038,0.540,3.3,26,0.0000,19.11
14:35:31,22.254598,84.8799753,11.134,-15.509,0.11,-0.004,0.570,2.9,26,0.0058,19.09
14:35:31,22.254598,84.8799753,11.134,-15.480,0.11,0.000,0.573,2.9,26,0.0058,19.07
14:35:31,22.254598,84.8799753,11.134,-15.451,0.11,0.000,0.567,2.9,26,0.0060,19.04
14:35:31,22.254598,84.8799753,11.134,-15.423,0.11,0.004,0.570,2.5,26,0.0000,19.02
14:35:31,22.254598,84.8799753,11.135,-15.393,0.11,0.026,0.586,2.5,26,0.0060,19.00
14:35:31,22.254598,84.8799753,11.136,-15.363,0.11,0.034,0.592,2.3,26,0.0060,18.98
14:35:31,22.254598,84.8799753,11.138,-15.333,0.11,0.044,0.600,2.3,26,0.0060,18.95
14:35:31,22.2546001,84.8799754,11.141,-15.282,0.11,0.020,0.592,2.1,26,0.0061,18.91
14:35:31,22.2546001,84.8799754,11.142,-15.252,0.11,0.033,0.601,2.1,26,0.0000,18.89
14:35:31,22.2546001,84.8799754,11.144,-15.221,0.11,0.026,0.603,1.9,26,0.0064,18.86
14:35:31,22.2546001,84.8799754,11.145,-15.191,0.11,0.039,0.612,1.6,26,0.0064,18.84
14:35:31,22.2546021,84.8799756,11.151,-15.130,0.11,0.068,0.610,1.6,26,0.0063,18.80
14:35:31,22.2546021,84.8799756,11.155,-15.099,0.11,0.082,0.618,1.6,26,0.0000,18.77
14:35:31,22.2546021,84.8799756,11.157,-15.068,0.11,0.037,0.620,1.4,26,0.0064,18.75
14:35:31,22.2546021,84.8799756,11.160,-15.037,0.11,0.049,0.627,1.4,26,0.0064,18.73
14:35:31,22.2546021,84.8799756,11.162,-15.005,0.11,0.062,0.634,1.4,26,0.0064,18.70
14:35:32,22.2546021,84.8799756,11.166,-14.975,0.11,0.079,0.609,1.2,26,0.0062,18.68
14:35:32,22.2546021,84.8799756,11.170,-14.944,0.11,0.090,0.615,1.1,26,0.0000,18.66
14:35:32,22.2546021,84.8799756,11.174,-14.913,0.11,0.065,0.628,0.9,26,0.0065,18.63
14:35:32,22.2546021,84.8799756,11.177,-14.881,0.11,0.076,0.633,0.9,26,0.0065,18.61
14:35:32,22.254604,84.8799757,11.182,-14.830,0.12,0.065,0.604,0.9,26,0.0062,18.57
14:35:32,22.254604,84.8799757,11.185,-14.800,0.12,0.075,0.609,0.8,26,0.0000,18.55
14:35:32,22.254604,84.8799757,11.187,-14.768,0.12,0.037,0.642,0.7,26,0.0065,18.53
14:35:32,22.254604,84.8799757,11.190,-14.735,0.12,0.048,0.646,0.7,26,0.0065,18.50
14:35:32,22.254606,84.8799759,11.194,-14.676,0.12,0.060,0.625,0.7,26,0.0062,18.46
14:35:32,22.254606,84.8799759,11.197,-14.645,0.12,0.070,0.628,0.6,26,0.0000,18.43
14:35:32,22.254606,84.8799759,11.199,-14.613,0.12,0.031,0.637,0.5,26,0.0066,18.41
14:35:32,22.254606,84.8799759,11.201,-14.581,0.12,0.042,0.641,0.5,26,0.0066,18.39
14:35:32,22.254606,84.8799759,11.203,-14.549,0.12,0.040,0.633,0.5,26,0.0065,18.36
14:35:32,22.254606,84.8799759,11.205,-14.517,0.12,0.051,0.637,0.4,26,0.0000,18.34
14:35:32,22.254606,84.8799759,11.208,-14.484,0.12,0.061,0.641,0.4,26,0.0000,18.31
14:35:32,22.254606,84.8799759,11.213,-14.454,0.12,0.096,0.613,0.3,26,0.0063,18.29
14:35:32,22.2546079,84.8799763,11.222,-14.403,0.12,0.105,0.619,0.3,26,0.0063,18.26
14:35:32,22.2546079,84.8799763,11.225,-14.371,0.12,0.051,0.618,0.3,26,0.0063,18.24
14:35:32,22.2546079,84.8799763,11.228,-14.340,0.12,0.060,0.625,0.3,26,0.0000,18.21
14:35:32,22.2546079,84.8799763,11.231,-14.308,0.12,0.069,0.631,0.2,26,0.0000,18.19
14:35:33,22.2546079,84.8799763,11.235,-14.276,0.12,0.078,0.638,0.2,26,0.0000,18.17
14:35:33,22.2546098,84.8799764,11.241,-14.221,0.12,0.087,0.646,0.1,26,0.0000,18.13
14:35:33,22.2546098,84.8799764,11.246,-14.188,0.12,0.095,0.652,0.1,26,0.0000,18.10
14:35:33,22.2546098,84.8799764,11.251,-14.155,0.12,0.104,0.659,0.0,26,0.0000,18.08
14:35:33,22.2546098,84.8799764,11.243,-14.122,0.12,0.025,0.663,-0.0,26,0.0066,18.05
14:35:33,22.2546098,84.8799764,11.245,-14.088,0.12,0.033,0.670,-0.0,26,0.0066,18.03
14:35:33,22.2546098,84.8799764,11.246,-14.054,0.12,0.040,0.676,-0.0,26,0.0066,18.00
14:35:33,22.2546098,84.8799764,11.247,-14.022,0.12,0.029,0.650,-0.1,26,0.0067,17.98
14:35:33,22.2546098,84.8799764,11.249,-13.989,0.12,0.037,0.657,-0.1,26,0.0000,17.95
14:35:33,22.2546117,84.8799765,11.253,-13.941,0.12,0.041,0.626,-0.1,26,0.0065,17.92
14:35:33,22.2546117,84.8799765,11.255,-13.910,0.12,0.049,0.632,-0.1,26,0.0065,17.89
14:35:33,22.2546117,84.8799765,11.257,-13.878,0.12,0.024,0.638,-0.1,26,0.0064,17.87
14:35:33,22.2546117,84.8799765,11.258,-13.845,0.12,0.031,0.644,-0.2,26,0.0000,17.84
14:35:33,22.2546117,84.8799765,11.259,-13.812,0.12,0.022,0.649,-0.2,26,0.0065,17.82
14:35:33,22.2546117,84.8799765,11.261,-13.779,0.12,0.029,0.656,-0.2,26,0.0065,17.80
14:35:33,22.2546117,84.8799765,11.261,-13.746,0.12,0.004,0.660,-0.2,26,0.0067,17.77
14:35:33,22.2546117,84.8799765,11.262,-13.713,0.12,0.011,0.668,-0.1,26,0.0000,17.74
14:35:33,22.2546136,84.8799767,11.266,-13.670,0.11,0.018,0.675,-0.1,26,0.0000,17.71
14:35:33,22.2546136,84.8799767,11.267,-13.636,0.11,0.025,0.682,-0.0,26,0.0000,17.69
14:35:33,22.2546136,84.8799767,11.268,-13.607,0.11,0.026,0.630,-0.0,26,0.0064,17.67
14:35:34,22.2546136,84.8799767,11.269,-13.574,0.11,0.032,0.637,0.0,26,0.0064,17.64
14:35:34,22.2546136,84.8799767,11.271,-13.542,0.11,0.037,0.645,0.0,26,0.0064,17.62
14:35:34,22.2546156,84.8799768,11.276,-13.495,0.11,0.043,0.652,0.0,26,0.0064,17.59
14:35:34,22.2546156,84.8799768,11.278,-13.462,0.11,0.048,0.659,0.1,26,0.0064,17.56
14:35:34,22.2546156,84.8799768,11.281,-13.429,0.11,0.053,0.666,0.1,26,0.0000,17.54
14:35:34,22.2546156,84.8799768,11.284,-13.395,0.11,0.057,0.673,0.1,26,0.0000,17.51
14:35:34,22.2546156,84.8799768,11.287,-13.361,0.11,0.062,0.679,-0.3,26,0.0000,17.49
14:35:34,22.2546156,84.8799768,11.290,-13.327,0.11,0.066,0.684,-0.3,26,0.0062,17.47
14:35:34,22.2546156,84.8799768,11.293,-13.292,0.11,0.070,0.689,-0.3,26,0.0062,17.44
14:35:34,22.2546156,84.8799768,11.297,-13.258,0.11,0.074,0.694,-1.4,26,0.0062,17.42
14:35:34,22.2546175,84.8799769,11.302,-13.216,0.11,0.079,0.699,-3.5,26,0.0062,17.39
14:35:34,22.2546175,84.8799769,11.306,-13.181,0.11,0.085,0.703,-3.5,26,0.0061,17.37
14:35:34,22.2546175,84.8799769,11.311,-13.145,0.11,0.091,0.707,-3.5,26,0.0000,17.34
14:35:34,22.2546175,84.8799769,11.316,-13.109,0.11,0.097,0.710,-6.3,26,0.0000,17.32
14:35:34,22.2546193,84.8799771,11.308,-13.090,0.11,0.056,0.622,-8.8,26,0.0061,17.30
14:35:34,22.2546193,84.8799771,11.311,-13.058,0.11,0.064,0.627,-8.8,26,0.0061,17.28
14:35:34,22.2546193,84.8799771,11.314,-13.026,0.11,0.072,0.633,-8.8,26,0.0061,17.25
14:35:34,22.2546193,84.8799771,11.318,-12.994,0.11,0.080,0.638,-10.4,26,0.0061,17.23
14:35:34,22.2546193,84.8799771,11.314,-12.962,0.11,0.005,0.642,-11.3,26,0.0064,17.21
14:35:35,22.2546193,84.8799771,11.315,-12.930,0.11,0.015,0.650,-11.3,26,0.0000,17.18
14:35:35,22.2546193,84.8799771,11.316,-12.897,0.11,0.026,0.659,-11.3,26,0.0000,17.16
14:35:35,22.2546193,84.8799771,11.317,-12.863,0.11,0.036,0.668,-11.7,26,0.0000,17.13
14:35:35,22.2546193,84.8799771,11.310,-12.833,0.11,-0.065,0.638,-11.7,26,0.0064,17.11
14:35:35,22.2546211,84.8799771,11.310,-12.797,0.11,-0.055,0.646,-11.7,26,0.0064,17.08
14:35:35,22.2546211,84.8799771,11.307,-12.764,0.11,-0.044,0.654,-11.7,26,0.0064,17.05
14:35:35,22.2546211,84.8799771,11.305,-12.730,0.11,-0.034,0.663,-11.6,26,0.0064,17.03
14:35:35,22.2546211,84.8799771,11.299,-12.699,0.11,-0.075,0.643,-11.5,26,0.0064,17.00
14:35:35,22.2546229,84.8799771,11.300,-12.656,0.11,-0.068,0.647,-11.5,26,0.0000,16.97
14:35:35,22.2546229,84.8799771,11.297,-12.623,0.11,-0.060,0.652,-11.5,26,0.0000,16.94
14:35:35,22.2546229,84.8799771,11.291,-12.592,0.11,-0.093,0.624,-11.4,26,0.0063,16.91
14:35:35,22.2546229,84.8799771,11.287,-12.560,0.11,-0.087,0.628,-11.3,26,0.0063,16.89
14:35:35,22.2546229,84.8799771,11.282,-12.528,0.11,-0.083,0.631,-11.3,26,0.0063,16.86
14:35:35,22.2546229,84.8799771,11.278,-12.497,0.11,-0.079,0.634,-11.3,26,0.0063,16.83
14:35:35,22.2546229,84.8799771,11.270,-12.465,0.11,-0.125,0.630,-11.2,26,0.0065,16.80
14:35:35,22.2546229,84.8799771,11.264,-12.433,0.11,-0.121,0.632,-11.0,26,0.0000,16.78
14:35:35,22.2546229,84.8799771,11.258,-12.401,0.11,-0.118,0.634,-11.0,26,0.0000,16.75
14:35:35,22.2546248,84.8799769,11.259,-12.368,0.11,-0.115,0.636,-11.0,26,0.0000,16.72
14:35:35,22.2546248,84.8799769,11.253,-12.337,0.11,-0.117,0.618,-10.9,26,0.0063,16.70
14:35:35,22.2546248,84.8799769,11.247,-12.306,0.11,-0.114,0.620,-10.9,26,0.0063,16.67
14:35:36,22.2546248,84.8799769,11.241,-12.274,0.11,-0.111,0.623,-10.9,26,0.0063,16.64
14:35:36,22.2546266,84.8799768,11.243,-12.233,0.11,-0.108,0.626,-10.9,26,0.0063,16.61
14:35:36,22.2546266,84.8799768,11.235,-12.200,0.11,-0.131,0.647,-10.9,26,0.0065,16.59
14:35:36,22.2546266,84.8799768,11.229,-12.167,0.11,-0.128,0.649,-10.8,26,0.0000,16.56
14:35:36,22.2546266,84.8799768,11.222,-12.134,0.11,-0.126,0.651,-10.8,26,0.0000,16.53
14:35:36,22.2546266,84.8799768,11.216,-12.102,0.11,-0.124,0.653,-10.8,26,0.0000,16.50
14:35:36,22.2546266,84.8799768,11.211,-12.070,0.11,-0.112,0.643,-10.8,26,0.0065,16.47
14:35:36,22.2546266,84.8799768,11.205,-12.037,0.11,-0.110,0.644,-10.7,26,0.0000,16.45
14:35:36,22.2546266,84.8799768,11.200,-12.004,0.11,-0.107,0.645,-10.7,26,0.0000,16.42
14:35:36,22.2546285,84.8799765,11.201,-11.969,0.11,-0.136,0.640,-10.4,26,0.0065,16.39
14:35:36,22.2546285,84.8799765,11.194,-11.937,0.11,-0.134,0.640,-10.4,26,0.0065,16.36
14:35:36,22.2546285,84.8799765,11.187,-11.904,0.11,-0.131,0.641,-8.2,26,0.0065,16.34
14:35:36,22.2546285,84.8799765,11.181,-11.872,0.11,-0.128,0.641,-8.2,26,0.0065,16.31
14:35:36,22.2546285,84.8799765,11.172,-11.842,0.11,-0.156,0.613,-5.8,26,0.0064,16.28
14:35:36,22.2546285,84.8799765,11.164,-11.811,0.11,-0.153,0.614,-4.4,26,0.0000,16.25
14:35:36,22.2546285,84.8799765,11.156,-11.780,0.11,-0.152,0.615,-4.4,26,0.0000,16.22
14:35:36,22.2546285,84.8799765,11.149,-11.749,0.11,-0.151,0.616,-4.4,26,0.0000,16.20
14:35:36,22.2546285,84.8799765,11.145,-11.715,0.11,-0.110,0.656,-3.7,26,0.0065,16.17
14:35:36,22.2546305,84.8799762,11.151,-11.686,0.11,-0.111,0.656,-3.6,26,0.0065,16.15
14:35:36,22.2546305,84.8799762,11.145,-11.653,0.11,-0.113,0.654,-3.6,26,0.0065,16.12
14:35:37,22.2546305,84.8799762,11.139,-11.620,0.11,-0.115,0.652,-3.6,26,0.0065,16.10
14:35:37,22.2546305,84.8799762,11.136,-11.587,0.11,-0.083,0.656,-3.6,26,0.0066,16.07
14:35:37,22.2546324,84.879976,11.142,-11.549,0.11,-0.086,0.654,-3.7,26,0.0000,16.05
14:35:37,22.2546324,84.879976,11.137,-11.516,0.11,-0.087,0.653,-3.7,26,0.0000,16.02
14:35:37,22.2546324,84.879976,11.133,-11.483,0.11,-0.089,0.651,-3.7,26,0.0000,15.99
14:35:37,22.2546324,84.879976,11.132,-11.450,0.11,-0.047,0.656,-3.8,26,0.0066,15.97
14:35:37,22.2546324,84.879976,11.130,-11.417,0.11,-0.048,0.656,-3.8,26,0.0066,15.94
14:35:37,22.2546324,84.879976,11.127,-11.384,0.11,-0.048,0.657,-3.8,26,0.0066,15.92
14:35:37,22.2546324,84.879976,11.125,-11.351,0.11,-0.048,0.658,-3.8,26,0.0066,15.89
14:35:37,22.2546324,84.879976,11.122,-11.319,0.11,-0.054,0.650,-3.8,26,0.0065,15.87
14:35:37,22.2546324,84.879976,11.119,-11.286,0.11,-0.053,0.652,-3.8,26,0.0000,15.84
14:35:37,22.2546343,84.8799759,11.127,-11.258,0.11,-0.051,0.656,-3.8,26,0.0000,15.83
14:35:37,22.2546343,84.8799759,11.124,-11.226,0.11,-0.053,0.639,-3.8,26,0.0065,15.80
14:35:37,22.2546343,84.8799759,11.122,-11.194,0.11,-0.051,0.642,-3.9,26,0.0065,15.78
14:35:37,22.2546343,84.8799759,11.119,-11.161,0.11,-0.048,0.647,-3.9,26,0.0065,15.75
14:35:37,22.2546363,84.8799758,11.126,-11.123,0.11,-0.044,0.651,-3.9,26,0.0065,15.73
14:35:37,22.2546363,84.8799758,11.125,-11.091,0.11,-0.026,0.641,-3.9,26,0.0065,15.71
14:35:37,22.2546363,84.8799758,11.124,-11.059,0.11,-0.023,0.646,-4.0,26,0.0000,15.69
14:35:37,22.2546363,84.8799758,11.123,-11.026,0.11,-0.019,0.650,-4.1,26,0.0000,15.66
14:35:37,22.2546363,84.8799758,11.122,-10.993,0.11,-0.015,0.655,-4.1,26,0.0000,15.64
14:35:38,22.2546363,84.8799758,11.119,-10.961,0.11,-0.033,0.649,-4.1,26,0.0064,15.61
14:35:38,22.2546363,84.8799758,11.118,-10.928,0.11,-0.029,0.654,-4.2,26,0.0064,15.59
14:35:38,22.2546363,84.8799758,11.116,-10.895,0.11,-0.024,0.659,-4.2,26,0.0064,15.56
14:35:38,22.2546384,84.8799758,11.124,-10.859,0.11,-0.020,0.663,-4.2,26,0.0064,15.55
14:35:38,22.2546384,84.8799758,11.121,-10.828,0.11,-0.042,0.643,-4.2,26,0.0063,15.52
14:35:38,22.2546384,84.8799758,11.119,-10.795,0.11,-0.037,0.647,-4.2,26,0.0000,15.50
14:35:38,22.2546384,84.8799758,11.118,-10.762,0.11,-0.034,0.650,-4.2,26,0.0000,15.47
14:35:38,22.2546404,84.8799757,11.123,-10.717,0.11,-0.044,0.663,-4.2,26,0.0066,15.45
14:35:38,22.2546404,84.8799757,11.121,-10.683,0.11,-0.043,0.666,-4.2,26,0.0066,15.42
14:35:38,22.2546404,84.8799757,11.119,-10.650,0.11,-0.041,0.669,-4.1,26,0.0066,15.40
14:35:38,22.2546404,84.8799757,11.117,-10.616,0.11,-0.040,0.672,-4.2,26,0.0066,15.37
14:35:38,22.2546404,84.8799757,11.114,-10.584,0.11,-0.047,0.648,-4.2,26,0.0065,15.35
14:35:38,22.2546404,84.8799757,11.112,-10.551,0.11,-0.047,0.650,-4.2,26,0.0000,15.32
14:35:38,22.2546404,84.8799757,11.109,-10.518,0.11,-0.046,0.653,-4.2,26,0.0000,15.30
14:35:38,22.2546404,84.8799757,11.107,-10.485,0.11,-0.046,0.656,-4.2,26,0.0000,15.27
14:35:38,22.2546404,84.8799757,11.106,-10.453,0.11,-0.026,0.653,-4.2,26,0.0067,15.25
14:35:38,22.2546424,84.8799757,11.114,-10.417,0.11,-0.025,0.656,-4.2,26,0.0067,15.23
14:35:38,22.2546424,84.8799757,11.113,-10.384,0.11,-0.025,0.658,-4.3,26,0.0067,15.21
14:35:38,22.2546424,84.8799757,11.112,-10.350,0.11,-0.024,0.661,-4.3,26,0.0067,15.19
14:35:39,22.2546424,84.8799757,11.111,-10.321,0.11,-0.021,0.617,-4.3,26,0.0063,15.16
14:35:39,22.2546445,84.8799756,11.117,-10.276,0.11,-0.020,0.620,-4.3,26,0.0000,15.14
14:35:39,22.2546445,84.8799756,11.116,-10.244,0.11,-0.019,0.624,-4.4,26,0.0000,15.12
14:35:39,22.2546445,84.8799756,11.115,-10.213,0.11,-0.018,0.627,-4.4,26,0.0000,15.09
14:35:39,22.2546445,84.8799756,11.113,-10.180,0.11,-0.033,0.643,-4.4,26,0.0065,15.07
14:35:39,22.2546445,84.8799756,11.111,-10.148,0.11,-0.031,0.647,-4.4,26,0.0065,15.05
14:35:39,22.2546445,84.8799756,11.110,-10.115,0.11,-0.030,0.651,-4.4,26,0.0065,15.02
14:35:39,22.2546445,84.8799756,11.108,-10.082,0.11,-0.028,0.654,-4.4,26,0.0065,15.00
14:35:39,22.2546445,84.8799756,11.107,-10.048,0.11,-0.024,0.664,-4.4,26,0.0066,14.98
14:35:39,22.2546445,84.8799756,11.106,-10.015,0.11,-0.022,0.667,-4.3,26,0.0000,14.95
14:35:39,22.2546464,84.8799755,11.112,-9.978,0.11,-0.021,0.669,-4.3,26,0.0000,14.93
14:35:39,22.2546464,84.8799755,11.110,-9.945,0.11,-0.029,0.651,-4.4,26,0.0066,14.91
14:35:39,22.2546464,84.8799755,11.109,-9.912,0.11,-0.029,0.652,-4.4,26,0.0066,14.89
14:35:39,22.2546464,84.8799755,11.107,-9.879,0.11,-0.029,0.653,-4.4,26,0.0066,14.87
14:35:39,22.2546464,84.8799755,11.106,-9.846,0.11,-0.030,0.654,-4.4,26,0.0066,14.84
14:35:39,22.2546464,84.8799755,11.103,-9.812,0.11,-0.047,0.663,-4.4,26,0.0068,14.82
14:35:39,22.2546464,84.8799755,11.098,-9.745,0.11,-0.047,0.664,-4.4,26,0.0000,14.77
14:35:39,22.2546485,84.8799753,11.098,-9.745,0.11,-0.047,0.664,-4.4,26,0.0000,14.77
14:35:39,22.2546485,84.8799753,11.102,-9.712,0.11,-0.046,0.664,-4.4,26,0.0000,14.75
14:35:39,22.2546485,84.8799753,11.095,-9.646,0.11,-0.061,0.650,-4.4,26,0.0065,14.70
14:35:40,22.2546485,84.8799753,11.092,-9.614,0.11,-0.059,0.650,-4.4,26,0.0065,14.68
14:35:40,22.2546505,84.8799752,11.094,-9.572,0.11,-0.057,0.651,-4.4,26,0.0065,14.65
14:35:40,22.2546505,84.8799752,11.096,-9.538,0.11,-0.003,0.653,-4.4,26,0.0067,14.63
14:35:40,22.2546505,84.8799752,11.095,-9.505,0.11,-0.001,0.654,-4.4,26,0.0000,14.61
14:35:40,22.2546505,84.8799752,11.095,-9.472,0.11,0.001,0.655,-4.6,26,0.0000,14.59
14:35:40,22.2546505,84.8799752,11.095,-9.439,0.11,0.002,0.657,-4.6,26,0.0000,14.57
14:35:40,22.2546505,84.8799752,11.093,-9.406,0.11,-0.021,0.656,-4.6,26,0.0065,14.54
14:35:40,22.2546505,84.8799752,11.092,-9.373,0.11,-0.020,0.658,-5.3,26,0.0065,14.52
14:35:40,22.2546505,84.8799752,11.091,-9.340,0.11,-0.019,0.662,-7.4,26,0.0065,14.50
14:35:40,22.2546505,84.8799752,11.090,-9.306,0.11,-0.019,0.665,-7.4,26,0.0065,14.48
14:35:40,22.2546525,84.879975,11.094,-9.275,0.11,-0.001,0.642,-7.4,26,0.0065,14.46
14:35:40,22.2546525,84.879975,11.094,-9.242,0.11,-0.000,0.646,-10.1,26,0.0000,14.44
14:35:40,22.2546525,84.879975,11.094,-9.209,0.11,0.002,0.649,-12.0,26,0.0000,14.42
14:35:40,22.2546525,84.879975,11.091,-9.177,0.11,-0.040,0.646,-12.0,26,0.0064,14.40
14:35:40,22.2546544,84.8799749,11.091,-9.135,0.11,-0.036,0.650,-12.0,26,0.0064,14.37
14:35:40,22.2546544,84.8799749,11.089,-9.102,0.11,-0.032,0.654,-13.0,26,0.0064,14.35
14:35:40,22.2546544,84.8799749,11.088,-9.069,0.11,-0.025,0.659,-13.6,26,0.0064,14.32
14:35:40,22.2546544,84.8799749,11.079,-9.037,0.11,-0.110,0.645,-13.6,26,0.0065,14.30
14:35:40,22.2546544,84.8799749,11.074,-9.004,0.11,-0.101,0.651,-13.6,26,0.0000,14.27
14:35:40,22.2546544,84.8799749,11.069,-8.971,0.11,-0.091,0.656,-13.7,26,0.0000,14.25
14:35:41,22.2546544,84.8799749,11.064,-8.938,0.11,-0.080,0.662,-13.6,26,0.0000,14.22
14:35:41,22.2546544,84.8799749,11.056,-8.907,0.11,-0.122,0.643,-13.6,26,0.0065,14.20
14:35:41,22.2546544,84.8799749,11.050,-8.874,0.11,-0.111,0.649,-13.5,26,0.0065,14.17
14:35:41,22.2546564,84.8799746,11.048,-8.841,0.11,-0.102,0.653,-13.5,26,0.0065,14.15
14:35:41,22.2546564,84.8799746,11.043,-8.808,0.11,-0.093,0.656,-13.4,26,0.0065,14.13
14:35:41,22.2546564,84.8799746,11.034,-8.778,0.11,-0.144,0.620,-13.4,26,0.0066,14.10
14:35:41,22.2546564,84.8799746,11.027,-8.746,0.11,-0.138,0.622,-13.3,26,0.0000,14.07
14:35:41,22.2546584,84.8799742,11.021,-8.704,0.11,-0.136,0.624,-13.3,26,0.0000,14.04
14:35:41,22.2546584,84.8799742,11.014,-8.672,0.11,-0.133,0.626,-13.2,26,0.0000,14.02
14:35:41,22.2546584,84.8799742,11.009,-8.641,0.11,-0.122,0.619,-13.2,26,0.0063,14.00
14:35:41,22.2546584,84.8799742,11.002,-8.610,0.11,-0.122,0.621,-13.1,26,0.0063,13.97
14:35:41,22.2546584,84.8799742,10.996,-8.579,0.11,-0.124,0.621,-13.1,26,0.0063,13.95
14:35:41,22.2546584,84.8799742,10.988,-8.546,0.11,-0.149,0.634,-13.1,26,0.0065,13.92
14:35:41,22.2546584,84.8799742,10.981,-8.514,0.11,-0.150,0.634,-13.1,26,0.0000,13.90
14:35:41,22.2546584,84.8799742,10.973,-8.482,0.11,-0.152,0.635,-13.1,26,0.0000,13.87
14:35:41,22.2546603,84.8799737,10.967,-8.445,0.11,-0.154,0.636,-13.1,26,0.0000,13.84
14:35:41,22.2546603,84.8799737,10.959,-8.413,0.11,-0.166,0.637,-13.1,26,0.0067,13.82
14:35:41,22.2546603,84.8799737,10.950,-8.381,0.11,-0.167,0.638,-13.2,26,0.0067,13.79
14:35:41,22.2546603,84.8799737,10.942,-8.349,0.11,-0.169,0.638,-14.5,26,0.0067,13.76
14:35:41,22.2546603,84.8799737,10.933,-8.316,0.11,-0.169,0.639,-14.5,26,0.0067,13.74
14:35:42,22.2546622,84.8799731,10.928,-8.277,0.11,-0.121,0.602,-14.5,26,0.0061,13.71
14:35:42,22.2546622,84.8799731,10.922,-8.247,0.11,-0.122,0.602,-16.9,26,0.0000,13.69
14:35:42,22.2546622,84.8799731,10.916,-8.216,0.11,-0.121,0.602,-18.6,26,0.0000,13.66
14:35:42,22.2546622,84.8799731,10.910,-8.186,0.11,-0.119,0.603,-19.5,26,0.0000,13.64
14:35:42,22.2546622,84.8799731,10.902,-8.155,0.11,-0.140,0.610,-19.5,26,0.0063,13.61
14:35:42,22.2546622,84.8799731,10.895,-8.124,0.11,-0.135,0.612,-19.5,26,0.0063,13.59
14:35:42,22.2546622,84.8799731,10.888,-8.093,0.11,-0.131,0.615,-19.8,26,0.0063,13.57
14:35:42,22.2546622,84.8799731,10.881,-8.062,0.11,-0.125,0.619,-19.9,26,0.0063,13.54
14:35:42,22.2546642,84.8799724,10.866,-8.026,0.10,-0.202,0.591,-19.9,26,0.0063,13.51
14:35:42,22.2546642,84.8799724,10.856,-7.996,0.10,-0.195,0.597,-19.9,26,0.0000,13.48
14:35:42,22.2546642,84.8799724,10.846,-7.966,0.10,-0.188,0.602,-19.8,26,0.0000,13.46
14:35:42,22.2546642,84.8799724,10.835,-7.936,0.10,-0.213,0.603,-19.6,26,0.0064,13.43
14:35:42,22.2546642,84.8799724,10.824,-7.905,0.10,-0.207,0.608,-19.6,26,0.0064,13.40
14:35:42,22.2546642,84.8799724,10.814,-7.874,0.10,-0.202,0.614,-19.6,26,0.0064,13.38
14:35:42,22.2546642,84.8799724,10.804,-7.843,0.10,-0.196,0.620,-19.5,26,0.0064,13.35
14:35:42,22.2546642,84.8799724,10.792,-7.814,0.10,-0.211,0.599,-19.4,26,0.0064,13.32
14:35:42,22.2546662,84.8799717,10.781,-7.779,0.11,-0.210,0.601,-19.4,26,0.0000,13.29
14:35:42,22.2546662,84.8799717,10.770,-7.749,0.11,-0.209,0.604,-19.4,26,0.0000,13.27
14:35:42,22.2546662,84.8799717,10.760,-7.718,0.11,-0.208,0.607,-19.4,26,0.0000,13.24
14:35:43,22.2546662,84.8799717,10.748,-7.688,0.11,-0.219,0.599,-19.4,26,0.0063,13.21
14:35:43,22.2546662,84.8799717,10.737,-7.658,0.11,-0.220,0.598,-19.4,26,0.0063,13.19
14:35:43,22.254668,84.8799709,10.723,-7.619,0.11,-0.221,0.597,-19.4,26,0.0000,13.15
14:35:43,22.254668,84.8799709,10.711,-7.589,0.11,-0.222,0.596,-19.3,26,0.0000,13.13
14:35:43,22.254668,84.8799709,10.700,-7.559,0.11,-0.223,0.596,-19.3,26,0.0000,13.10
14:35:43,22.254668,84.8799709,10.689,-7.529,0.11,-0.224,0.595,-19.2,26,0.0000,13.07
14:35:43,22.254668,84.8799709,10.678,-7.499,0.11,-0.226,0.594,-19.2,26,0.0000,13.05
14:35:43,22.254668,84.8799709,10.664,-7.465,0.11,-0.239,0.618,-19.1,26,0.0068,13.02
14:35:43,22.254668,84.8799709,10.652,-7.434,0.11,-0.240,0.618,-19.0,26,0.0000,12.99
14:35:43,22.254668,84.8799709,10.640,-7.402,0.11,-0.242,0.617,-19.0,26,0.0000,12.96
14:35:43,22.2546698,84.8799702,10.627,-7.369,0.11,-0.243,0.616,-19.0,26,0.0000,12.93
14:35:43,22.2546698,84.8799702,10.615,-7.338,0.11,-0.245,0.615,-19.0,26,0.0000,12.90
14:35:43,22.2546698,84.8799702,10.609,-7.307,0.11,-0.187,0.612,-19.0,26,0.0064,12.88
14:35:43,22.2546698,84.8799702,10.600,-7.276,0.11,-0.188,0.611,-19.0,26,0.0064,12.86
14:35:43,22.2546717,84.8799695,10.586,-7.233,0.11,-0.189,0.610,-19.0,26,0.0064,12.82
14:35:43,22.2546717,84.8799695,10.575,-7.203,0.11,-0.216,0.604,-19.0,26,0.0065,12.79
14:35:43,22.2546717,84.8799695,10.564,-7.173,0.11,-0.216,0.603,-19.0,26,0.0000,12.77
14:35:43,22.2546717,84.8799695,10.553,-7.142,0.11,-0.216,0.602,-19.0,26,0.0000,12.74
14:35:43,22.2546717,84.8799695,10.542,-7.112,0.11,-0.216,0.602,-19.0,26,0.0000,12.72
14:35:43,22.2546717,84.8799695,10.527,-7.080,0.11,-0.260,0.620,-19.0,26,0.0067,12.69
14:35:44,22.2546717,84.8799695,10.514,-7.049,0.11,-0.259,0.620,-19.0,26,0.0067,12.66
14:35:44,22.2546717,84.8799695,10.501,-7.017,0.11,-0.259,0.620,-19.0,26,0.0067,12.63
14:35:44,22.2546717,84.8799695,10.488,-6.986,0.11,-0.258,0.620,-19.0,26,0.0067,12.60
14:35:44,22.2546736,84.8799687,10.476,-6.953,0.11,-0.239,0.607,-19.0,26,0.0065,12.57
14:35:44,22.2546736,84.8799687,10.464,-6.922,0.11,-0.238,0.608,-19.0,26,0.0000,12.55
14:35:44,22.2546736,84.8799687,10.452,-6.891,0.11,-0.238,0.609,-19.0,26,0.0000,12.52
14:35:44,22.2546736,84.8799687,10.440,-6.860,0.11,-0.238,0.611,-19.0,26,0.0000,12.49
14:35:44,22.2546756,84.879968,10.425,-6.817,0.10,-0.229,0.589,-18.9,26,0.0064,12.46
14:35:44,22.2546756,84.879968,10.413,-6.787,0.10,-0.229,0.591,-18.8,26,0.0064,12.43
14:35:44,22.2546756,84.879968,10.402,-6.757,0.10,-0.230,0.592,-18.8,26,0.0064,12.40
14:35:44,22.2546756,84.879968,10.390,-6.727,0.10,-0.225,0.595,-18.8,26,0.0063,12.38
14:35:44,22.2546756,84.879968,10.379,-6.697,0.10,-0.224,0.596,-18.8,26,0.0000,12.35
14:35:44,22.2546756,84.879968,10.368,-6.667,0.10,-0.224,0.597,-18.9,26,0.0000,12.33
14:35:44,22.2546756,84.879968,10.356,-6.637,0.10,-0.223,0.596,-18.9,26,0.0000,12.30
14:35:44,22.2546756,84.879968,10.345,-6.606,0.10,-0.220,0.607,-19.0,26,0.0065,12.27
14:35:44,22.2546756,84.879968,10.334,-6.575,0.10,-0.219,0.606,-19.0,26,0.0065,12.25
14:35:44,22.2546776,84.8799674,10.324,-6.537,0.11,-0.218,0.605,-19.0,26,0.0065,12.22
14:35:44,22.2546776,84.8799674,10.313,-6.507,0.11,-0.217,0.603,-19.0,26,0.0065,12.19
14:35:44,22.2546776,84.8799674,10.301,-6.475,0.11,-0.236,0.614,-19.0,26,0.0066,12.17
14:35:44,22.2546776,84.8799674,10.289,-6.444,0.11,-0.235,0.612,-19.0,26,0.0000,12.14
14:35:45,22.2546797,84.8799667,10.275,-6.395,0.11,-0.235,0.611,-19.0,26,0.0000,12.10
14:35:45,22.2546797,84.8799667,10.263,-6.364,0.11,-0.235,0.609,-19.0,26,0.0000,12.08
14:35:45,22.2546797,84.8799667,10.251,-6.334,0.11,-0.239,0.606,-19.0,26,0.0065,12.05
14:35:45,22.2546797,84.8799667,10.239,-6.303,0.11,-0.239,0.606,-19.0,26,0.0065,12.02
14:35:45,22.2546797,84.8799667,10.227,-6.273,0.11,-0.239,0.606,-19.0,26,0.0065,12.00
14:35:45,22.2546797,84.8799667,10.216,-6.242,0.11,-0.225,0.610,-19.0,26,0.0065,11.97
14:35:45,22.2546797,84.8799667,10.204,-6.211,0.11,-0.225,0.611,-18.9,26,0.0000,11.95
14:35:45,22.2546797,84.8799667,10.193,-6.180,0.11,-0.226,0.613,-18.9,26,0.0000,11.92
14:35:45,22.2546818,84.8799661,10.184,-6.134,0.11,-0.226,0.614,-18.9,26,0.0000,11.89
14:35:45,22.2546818,84.8799661,10.172,-6.103,0.11,-0.226,0.616,-19.0,26,0.0000,11.86
14:35:45,22.2546818,84.8799661,10.164,-6.074,0.11,-0.194,0.591,-19.0,26,0.0062,11.84
14:35:45,22.2546818,84.8799661,10.154,-6.044,0.11,-0.194,0.593,-19.0,26,0.0062,11.82
14:35:45,22.2546818,84.8799661,10.145,-6.014,0.11,-0.193,0.594,-19.0,26,0.0062,11.79
14:35:45,22.2546818,84.8799661,10.135,-5.984,0.11,-0.193,0.595,-19.0,26,0.0062,11.77
14:35:45,22.2546818,84.8799661,10.122,-5.954,0.11,-0.230,0.603,-19.0,26,0.0065,11.74
14:35:45,22.2546818,84.8799661,10.110,-5.923,0.11,-0.229,0.604,-19.0,26,0.0000,11.72
14:35:45,22.2546818,84.8799661,10.099,-5.893,0.11,-0.229,0.604,-19.0,26,0.0000,11.69
14:35:45,22.2546839,84.8799655,10.094,-5.853,0.11,-0.212,0.601,-19.0,26,0.0064,11.67
14:35:45,22.2546839,84.8799655,10.083,-5.822,0.11,-0.212,0.601,-19.0,26,0.0064,11.64
14:35:45,22.2546839,84.8799655,10.072,-5.792,0.11,-0.212,0.600,-19.0,26,0.0064,11.62
14:35:46,22.2546839,84.8799655,10.062,-5.762,0.11,-0.213,0.599,-19.0,26,0.0064,11.59
14:35:46,22.254686,84.8799648,10.052,-5.709,0.11,-0.216,0.624,-19.0,26,0.0067,11.56
14:35:46,22.254686,84.8799648,10.041,-5.677,0.11,-0.217,0.623,-18.0,26,0.0000,11.54
14:35:46,22.254686,84.8799648,10.030,-5.646,0.11,-0.218,0.622,-18.0,26,0.0000,11.51
14:35:46,22.254686,84.8799648,10.019,-5.615,0.11,-0.219,0.621,-16.7,26,0.0000,11.49
14:35:46,22.254686,84.8799648,10.007,-5.584,0.11,-0.234,0.612,-16.7,26,0.0066,11.46
14:35:46,22.254686,84.8799648,9.995,-5.553,0.11,-0.235,0.611,-15.9,26,0.0066,11.43
14:35:46,22.254686,84.8799648,9.983,-5.522,0.11,-0.236,0.608,-15.9,26,0.0066,11.41
14:35:46,22.254686,84.8799648,9.971,-5.492,0.11,-0.238,0.605,-15.4,26,0.0066,11.38
14:35:46,22.2546881,84.8799641,9.967,-5.445,0.11,-0.186,0.598,-15.4,26,0.0063,11.36
14:35:46,22.2546881,84.8799641,9.958,-5.414,0.11,-0.187,0.594,-15.4,26,0.0000,11.33
14:35:46,22.2546881,84.8799641,9.948,-5.384,0.11,-0.190,0.590,-15.4,26,0.0000,11.31
14:35:46,22.2546881,84.8799641,9.939,-5.353,0.11,-0.180,0.617,-15.4,26,0.0064,11.29
14:35:46,22.2546881,84.8799641,9.930,-5.321,0.11,-0.183,0.613,-15.4,26,0.0064,11.27
14:35:46,22.2546901,84.8799635,9.922,-5.269,0.11,-0.185,0.610,-15.5,26,0.0064,11.23
14:35:46,22.2546901,84.8799635,9.913,-5.238,0.11,-0.188,0.607,-15.5,26,0.0064,11.21
14:35:46,22.2546901,84.8799635,9.905,-5.207,0.11,-0.172,0.604,-15.6,26,0.0062,11.19
14:35:46,22.2546901,84.8799635,9.896,-5.177,0.11,-0.174,0.602,-15.6,26,0.0000,11.17
14:35:46,22.2546901,84.8799635,9.887,-5.147,0.11,-0.176,0.600,-15.7,26,0.0000,11.15
14:35:47,22.2546901,84.8799635,9.878,-5.116,0.11,-0.177,0.600,-15.7,26,0.0000,11.12
14:35:47,22.2546901,84.8799635,9.872,-5.086,0.11,-0.151,0.607,-15.7,26,0.0063,11.10
14:35:47,22.2546901,84.8799635,9.864,-5.055,0.11,-0.151,0.608,-15.7,26,0.0063,11.08
14:35:47,22.2546922,84.8799629,9.858,-5.005,0.11,-0.152,0.609,-15.7,26,0.0063,11.06
14:35:47,22.2546922,84.8799629,9.850,-4.975,0.11,-0.153,0.610,-15.8,26,0.0063,11.03
14:35:47,22.2546922,84.8799629,9.841,-4.944,0.11,-0.175,0.608,-15.8,26,0.0065,11.01
14:35:47,22.2546922,84.8799629,9.832,-4.913,0.11,-0.176,0.611,-15.8,26,0.0000,10.99
14:35:47,22.2546942,84.8799623,9.821,-4.856,0.11,-0.177,0.615,-15.8,26,0.0000,10.96
14:35:47,22.2546942,84.8799623,9.812,-4.825,0.11,-0.178,0.618,-15.8,26,0.0000,10.93
14:35:47,22.2546942,84.8799623,9.802,-4.793,0.11,-0.193,0.629,-15.9,26,0.0067,10.91
14:35:47,22.2546942,84.8799623,9.792,-4.761,0.11,-0.194,0.632,-15.8,26,0.0067,10.89
14:35:47,22.2546942,84.8799623,9.782,-4.729,0.11,-0.196,0.635,-15.8,26,0.0067,10.87
14:35:47,22.2546942,84.8799623,9.774,-4.697,0.11,-0.179,0.633,-15.8,26,0.0066,10.84
14:35:47,22.2546942,84.8799623,9.765,-4.665,0.11,-0.180,0.637,-15.8,26,0.0000,10.82
14:35:47,22.2546942,84.8799623,9.756,-4.633,0.11,-0.182,0.640,-15.9,26,0.0000,10.80
14:35:47,22.2546942,84.8799623,9.746,-4.601,0.11,-0.184,0.643,-15.9,26,0.0000,10.78
14:35:47,22.2546963,84.8799618,9.739,-4.549,0.11,-0.186,0.647,-15.9,26,0.0000,10.75
14:35:47,22.2546963,84.8799618,9.731,-4.518,0.11,-0.174,0.636,-16.0,26,0.0066,10.73
14:35:47,22.2546963,84.8799618,9.722,-4.486,0.11,-0.176,0.638,-16.0,26,0.0066,10.71
14:35:47,22.2546963,84.8799618,9.714,-4.454,0.11,-0.178,0.641,-16.0,26,0.0066,10.69
14:35:48,22.2546984,84.8799613,9.704,-4.394,0.11,-0.186,0.636,-16.1,26,0.0066,10.65
14:35:48,22.2546984,84.8799613,9.695,-4.362,0.11,-0.188,0.638,-16.1,26,0.0000,10.63
14:35:48,22.2546984,84.8799613,9.685,-4.330,0.11,-0.189,0.640,-16.1,26,0.0000,10.61
14:35:48,22.2546984,84.8799613,9.676,-4.298,0.11,-0.191,0.641,-16.1,26,0.0000,10.59
14:35:48,22.2546984,84.8799613,9.668,-4.265,0.11,-0.167,0.648,-16.1,26,0.0066,10.57
14:35:48,22.2546984,84.8799613,9.660,-4.232,0.11,-0.167,0.648,-16.1,26,0.0066,10.55
14:35:48,22.2546984,84.8799613,9.651,-4.200,0.11,-0.168,0.648,-16.1,26,0.0066,10.53
14:35:48,22.2546984,84.8799613,9.643,-4.167,0.11,-0.168,0.648,-16.2,26,0.0066,10.50
14:35:48,22.2546984,84.8799613,9.636,-4.136,0.11,-0.152,0.620,-16.2,26,0.0065,10.49
14:35:48,22.2547004,84.8799607,9.630,-4.087,0.11,-0.152,0.618,-16.2,26,0.0000,10.46
14:35:48,22.2547004,84.8799607,9.622,-4.055,0.11,-0.152,0.617,-16.2,26,0.0000,10.44
14:35:48,22.2547004,84.8799607,9.614,-4.024,0.11,-0.152,0.615,-16.3,26,0.0000,10.42
14:35:48,22.2547004,84.8799607,9.605,-3.992,0.11,-0.166,0.633,-16.3,26,0.0066,10.40
14:35:48,22.2547024,84.8799601,9.595,-3.934,0.11,-0.166,0.630,-16.3,26,0.0066,10.37
14:35:48,22.2547024,84.8799601,9.587,-3.902,0.11,-0.166,0.627,-16.3,26,0.0066,10.35
14:35:48,22.2547024,84.8799601,9.578,-3.870,0.11,-0.173,0.635,-16.3,26,0.0067,10.33
14:35:48,22.2547024,84.8799601,9.569,-3.838,0.11,-0.172,0.632,-16.3,26,0.0000,10.31
14:35:48,22.2547024,84.8799601,9.561,-3.806,0.11,-0.172,0.628,-16.3,26,0.0000,10.29
14:35:48,22.2547024,84.8799601,9.552,-3.774,0.11,-0.172,0.623,-16.3,26,0.0000,10.27
14:35:48,22.2547024,84.8799601,9.543,-3.742,0.11,-0.181,0.631,-16.2,26,0.0066,10.25
14:35:49,22.2547024,84.8799601,9.533,-3.710,0.11,-0.180,0.626,-16.2,26,0.0066,10.23
14:35:49,22.2547024,84.8799601,9.524,-3.679,0.11,-0.179,0.622,-16.2,26,0.0066,10.21
14:35:49,22.2547043,84.8799594,9.515,-3.632,0.11,-0.179,0.618,-16.2,26,0.0066,10.18
14:35:49,22.2547043,84.8799594,9.506,-3.599,0.11,-0.170,0.638,-16.2,26,0.0066,10.16
14:35:49,22.2547043,84.8799594,9.498,-3.567,0.11,-0.169,0.634,-16.2,26,0.0000,10.15
14:35:49,22.2547043,84.8799594,9.489,-3.535,0.11,-0.169,0.630,-16.2,26,0.0000,10.13
14:35:49,22.2547043,84.8799594,9.481,-3.503,0.11,-0.168,0.627,-16.2,26,0.0000,10.11
14:35:49,22.2547043,84.8799594,9.472,-3.471,0.11,-0.168,0.634,-16.1,26,0.0066,10.09
14:35:49,22.2547043,84.8799594,9.464,-3.439,0.11,-0.168,0.631,-16.1,26,0.0066,10.07
14:35:49,22.2547043,84.8799594,9.455,-3.407,0.11,-0.168,0.629,-16.1,26,0.0066,10.05
14:35:49,22.2547062,84.8799587,9.445,-3.365,0.10,-0.176,0.644,-16.1,26,0.0067,10.03
14:35:49,22.2547062,84.8799587,9.436,-3.333,0.10,-0.177,0.643,-16.1,26,0.0000,10.01
14:35:49,22.2547062,84.8799587,9.427,-3.300,0.10,-0.178,0.641,-16.2,26,0.0000,9.99
14:35:49,22.2547062,84.8799587,9.418,-3.268,0.10,-0.178,0.639,-16.2,26,0.0000,9.97
14:35:49,22.2547082,84.8799581,9.405,-3.219,0.10,-0.185,0.627,-16.3,26,0.0067,9.94
14:35:49,22.2547082,84.8799581,9.396,-3.187,0.10,-0.185,0.626,-16.3,26,0.0067,9.92
14:35:49,22.2547082,84.8799581,9.387,-3.156,0.10,-0.186,0.625,-16.4,26,0.0067,9.90
14:35:49,22.2547082,84.8799581,9.377,-3.124,0.10,-0.186,0.625,-16.4,26,0.0067,9.88
14:35:49,22.2547082,84.8799581,9.367,-3.092,0.10,-0.200,0.630,-16.4,26,0.0067,9.86
14:35:50,22.2547082,84.8799581,9.357,-3.060,0.10,-0.200,0.630,-16.4,26,0.0000,9.84
14:35:50,22.2547082,84.8799581,9.346,-3.028,0.10,-0.200,0.631,-16.4,26,0.0000,9.82
14:35:50,22.2547082,84.8799581,9.336,-2.997,0.10,-0.200,0.632,-16.4,26,0.0000,9.81
14:35:50,22.2547082,84.8799581,9.326,-2.965,0.10,-0.207,0.627,-16.4,26,0.0067,9.79
14:35:50,22.2547103,84.8799574,9.314,-2.923,0.11,-0.206,0.628,-16.3,26,0.0067,9.76
14:35:50,22.2547103,84.8799574,9.303,-2.891,0.11,-0.206,0.629,-16.3,26,0.0067,9.74
14:35:50,22.2547103,84.8799574,9.293,-2.859,0.11,-0.205,0.630,-16.3,26,0.0067,9.72
14:35:50,22.2547103,84.8799574,9.285,-2.828,0.11,-0.178,0.624,-16.3,26,0.0065,9.71
14:35:50,22.2547123,84.8799568,9.272,-2.777,0.11,-0.177,0.625,-16.3,26,0.0000,9.68
14:35:50,22.2547123,84.8799568,9.263,-2.745,0.11,-0.177,0.627,-16.2,26,0.0000,9.66
14:35:50,22.2547123,84.8799568,9.254,-2.713,0.11,-0.192,0.643,-16.2,26,0.0068,9.64
14:35:50,22.2547123,84.8799568,9.244,-2.680,0.11,-0.193,0.645,-16.2,26,0.0068,9.62
14:35:50,22.2547123,84.8799568,9.234,-2.648,0.11,-0.193,0.648,-16.2,26,0.0068,9.61
14:35:50,22.2547123,84.8799568,9.224,-2.615,0.11,-0.194,0.650,-16.2,26,0.0068,9.59
14:35:50,22.2547123,84.8799568,9.216,-2.584,0.11,-0.177,0.623,-16.2,26,0.0064,9.57
14:35:50,22.2547123,84.8799568,9.207,-2.553,0.11,-0.178,0.625,-16.2,26,0.0000,9.55
14:35:50,22.2547143,84.8799562,9.196,-2.507,0.11,-0.179,0.627,-16.1,26,0.0000,9.53
14:35:50,22.2547143,84.8799562,9.187,-2.475,0.11,-0.180,0.628,-16.1,26,0.0000,9.51
14:35:50,22.2547143,84.8799562,9.177,-2.442,0.11,-0.191,0.647,-16.1,26,0.0067,9.50
14:35:50,22.2547143,84.8799562,9.167,-2.409,0.11,-0.193,0.647,-16.1,26,0.0067,9.48
14:35:51,22.2547162,84.8799555,9.152,-2.356,0.11,-0.194,0.648,-16.1,26,0.0067,9.45
14:35:51,22.2547162,84.8799555,9.142,-2.323,0.11,-0.196,0.648,-16.1,26,0.0067,9.43
14:35:51,22.2547162,84.8799555,9.135,-2.291,0.11,-0.172,0.644,-16.1,26,0.0068,9.42
14:35:51,22.2547162,84.8799555,9.126,-2.258,0.11,-0.174,0.643,-16.1,26,0.0000,9.40
14:35:51,22.2547162,84.8799555,9.117,-2.226,0.11,-0.176,0.643,-16.1,26,0.0000,9.38
14:35:51,22.2547162,84.8799555,9.107,-2.193,0.11,-0.189,0.652,-16.1,26,0.0068,9.37
14:35:51,22.2547162,84.8799555,9.098,-2.160,0.11,-0.191,0.650,-16.1,26,0.0068,9.35
14:35:51,22.2547162,84.8799555,9.088,-2.127,0.11,-0.192,0.649,-16.1,26,0.0068,9.33
14:35:51,22.2547162,84.8799555,9.079,-2.095,0.11,-0.193,0.648,-16.1,26,0.0068,9.32
14:35:51,22.2547182,84.8799549,9.064,-2.050,0.11,-0.225,0.656,-16.1,26,0.0069,9.29
14:35:51,22.2547182,84.8799549,9.053,-2.017,0.11,-0.225,0.655,-16.1,26,0.0000,9.27
14:35:51,22.2547182,84.8799549,9.041,-1.984,0.11,-0.224,0.653,-16.1,26,0.0000,9.26
14:35:51,22.2547182,84.8799549,9.030,-1.951,0.11,-0.224,0.652,-16.1,26,0.0000,9.24
14:35:51,22.2547182,84.8799549,9.020,-1.918,0.11,-0.204,0.645,-16.1,26,0.0070,9.22
14:35:51,22.2547182,84.8799549,9.010,-1.886,0.11,-0.204,0.643,-16.1,26,0.0070,9.21
14:35:51,22.2547182,84.8799549,9.000,-1.853,0.11,-0.203,0.641,-16.0,26,0.0070,9.19
14:35:51,22.2547182,84.8799549,8.989,-1.821,0.11,-0.203,0.638,-16.0,26,0.0070,9.17
14:35:51,22.2547201,84.8799543,8.980,-1.785,0.11,-0.203,0.622,-16.0,26,0.0066,9.16
14:35:51,22.2547201,84.8799543,8.970,-1.754,0.11,-0.202,0.619,-16.0,26,0.0000,9.14
14:35:51,22.2547201,84.8799543,8.959,-1.723,0.11,-0.202,0.616,-16.0,26,0.0000,9.12
14:35:52,22.2547201,84.8799543,8.949,-1.692,0.11,-0.202,0.613,-16.0,26,0.0000,9.11
14:35:52,22.2547201,84.8799543,8.941,-1.660,0.11,-0.182,0.627,-16.0,26,0.0065,9.09
14:35:52,22.2547221,84.8799536,8.929,-1.617,0.11,-0.181,0.624,-16.0,26,0.0065,9.07
14:35:52,22.2547221,84.8799536,8.920,-1.585,0.11,-0.180,0.620,-16.1,26,0.0065,9.06
14:35:52,22.2547221,84.8799536,8.911,-1.554,0.11,-0.179,0.617,-16.1,26,0.0065,9.05
14:35:52,22.2547221,84.8799536,8.902,-1.521,0.11,-0.181,0.639,-16.1,26,0.0067,9.03
14:35:52,22.2547221,84.8799536,8.893,-1.489,0.11,-0.180,0.636,-16.1,26,0.0000,9.02
14:35:52,22.2547221,84.8799536,8.884,-1.457,0.11,-0.179,0.633,-16.2,26,0.0000,9.00
14:35:52,22.2547221,84.8799536,8.875,-1.425,0.11,-0.171,0.633,-16.2,26,0.0066,8.99
14:35:52,22.2547221,84.8799536,8.867,-1.393,0.11,-0.171,0.631,-16.3,26,0.0066,8.98
14:35:52,22.254724,84.8799529,8.856,-1.356,0.11,-0.171,0.629,-16.3,26,0.0066,8.96
14:35:52,22.254724,84.8799529,8.847,-1.324,0.11,-0.172,0.626,-16.3,26,0.0066,8.95
14:35:52,22.254724,84.8799529,8.839,-1.292,0.11,-0.172,0.625,-16.3,26,0.0065,8.93
14:35:52,22.254724,84.8799529,8.830,-1.261,0.11,-0.173,0.623,-16.3,26,0.0000,8.92
14:35:52,22.2547261,84.8799522,8.815,-1.213,0.11,-0.174,0.623,-16.3,26,0.0000,8.90
14:35:52,22.2547261,84.8799522,8.806,-1.182,0.11,-0.175,0.622,-16.3,26,0.0000,8.89
14:35:52,22.2547261,84.8799522,8.796,-1.150,0.11,-0.197,0.627,-16.3,26,0.0065,8.87
14:35:52,22.2547261,84.8799522,8.786,-1.118,0.11,-0.198,0.627,-16.3,26,0.0065,8.86
14:35:52,22.2547261,84.8799522,8.776,-1.087,0.11,-0.199,0.628,-16.3,26,0.0065,8.84
14:35:52,22.2547261,84.8799522,8.767,-1.054,0.11,-0.183,0.643,-16.2,26,0.0067,8.83
14:35:53,22.2547261,84.8799522,8.758,-1.021,0.11,-0.183,0.644,-16.1,26,0.0000,8.82
14:35:53,22.2547261,84.8799522,8.748,-0.989,0.11,-0.183,0.644,-16.1,26,0.0000,8.80
14:35:53,22.2547261,84.8799522,8.739,-0.956,0.11,-0.183,0.644,-16.1,26,0.0000,8.79
14:35:53,22.2547281,84.8799515,8.726,-0.916,0.11,-0.183,0.645,-16.1,26,0.0000,8.77
14:35:53,22.2547281,84.8799515,8.714,-0.885,0.11,-0.211,0.629,-16.1,26,0.0066,8.76
14:35:53,22.2547281,84.8799515,8.703,-0.854,0.11,-0.211,0.629,-16.0,26,0.0000,8.74
14:35:53,22.2547281,84.8799515,8.693,-0.822,0.11,-0.210,0.628,-15.9,26,0.0000,8.73
14:35:53,22.2547301,84.879951,8.678,-0.774,0.12,-0.209,0.626,-15.9,26,0.0000,8.71
14:35:53,22.2547301,84.879951,8.667,-0.742,0.12,-0.208,0.625,-15.9,26,0.0000,8.70
14:35:53,22.2547301,84.879951,8.657,-0.710,0.12,-0.208,0.623,-16.0,26,0.0000,8.69
14:35:53,22.2547301,84.879951,8.646,-0.679,0.12,-0.207,0.622,-16.0,26,0.0000,8.67
14:35:53,22.2547301,84.879951,8.636,-0.648,0.12,-0.207,0.621,-16.0,26,0.0000,8.66
14:35:53,22.2547301,84.879951,8.626,-0.617,0.12,-0.206,0.619,-16.0,26,0.0000,8.65
14:35:53,22.2547301,84.879951,8.615,-0.585,0.12,-0.206,0.618,-15.9,26,0.0000,8.64
14:35:53,22.2547301,84.879951,8.605,-0.554,0.12,-0.205,0.618,-15.9,26,0.0000,8.62
14:35:53,22.2547301,84.879951,8.594,-0.523,0.12,-0.205,0.618,-15.9,26,0.0000,8.61
14:35:53,22.2547322,84.8799504,8.584,-0.481,0.12,-0.204,0.621,-15.9,26,0.0000,8.60
14:35:53,22.2547322,84.8799504,8.574,-0.449,0.12,-0.203,0.621,-15.9,26,0.0000,8.59
14:35:53,22.2547322,84.8799504,8.563,-0.418,0.12,-0.203,0.622,-15.9,26,0.0000,8.57
14:35:54,22.2547322,84.8799504,8.557,-0.385,0.12,-0.192,0.628,-15.9,26,0.0066,8.57
14:35:54,22.2547343,84.8799498,8.544,-0.332,0.11,-0.191,0.629,-15.9,26,0.0000,8.55
14:35:54,22.2547343,84.8799498,8.534,-0.301,0.11,-0.191,0.630,-15.9,26,0.0000,8.54
14:35:54,22.2547343,84.8799498,8.525,-0.269,0.11,-0.191,0.632,-15.8,26,0.0000,8.53
14:35:54,22.2547343,84.8799498,8.517,-0.236,0.11,-0.177,0.642,-15.8,26,0.0067,8.52
14:35:54,22.2547343,84.8799498,8.508,-0.204,0.11,-0.177,0.643,-15.9,26,0.0067,8.51
14:35:54,22.2547343,84.8799498,8.499,-0.171,0.11,-0.178,0.644,-15.9,26,0.0067,8.50
14:35:54,22.2547343,84.8799498,8.490,-0.139,0.11,-0.178,0.645,-15.9,26,0.0067,8.49
14:35:54,22.2547343,84.8799498,8.479,-0.106,0.11,-0.193,0.653,-15.9,26,0.0068,8.48
14:35:54,22.2547343,84.8799498,8.470,-0.073,0.11,-0.195,0.653,-15.9,26,0.0000,8.47
14:35:54,22.2547363,84.8799493,8.461,-0.029,0.11,-0.197,0.655,-15.9,26,0.0000,8.46
14:35:54,22.2547363,84.8799493,8.451,0.005,0.11,-0.197,0.661,-15.9,26,0.0068,8.45
14:35:54,22.2547363,84.8799493,8.441,0.038,0.11,-0.199,0.662,-15.9,26,0.0068,8.44
14:35:54,22.2547363,84.8799493,8.431,0.072,0.11,-0.201,0.664,-16.0,26,0.0068,8.43
14:35:54,22.2547383,84.8799487,8.419,0.124,0.11,-0.203,0.667,-16.0,26,0.0068,8.42
14:35:54,22.2547383,84.8799487,8.411,0.155,0.11,-0.184,0.634,-16.0,26,0.0066,8.41
14:35:54,22.2547383,84.8799487,8.401,0.187,0.11,-0.185,0.637,-16.0,26,0.0000,8.40
14:35:54,22.2547383,84.8799487,8.392,0.219,0.11,-0.186,0.640,-15.9,26,0.0000,8.39
14:35:54,22.2547383,84.8799487,8.382,0.252,0.11,-0.187,0.643,-15.9,26,0.0000,8.39
14:35:54,22.2547383,84.8799487,8.374,0.282,0.11,-0.172,0.617,-15.9,26,0.0065,8.38
14:35:55,22.2547383,84.8799487,8.366,0.313,0.11,-0.172,0.620,-15.9,26,0.0065,8.37
14:35:55,22.2547383,84.8799487,8.357,0.344,0.11,-0.172,0.624,-15.9,26,0.0065,8.36
14:35:55,22.2547403,84.8799481,8.348,0.390,0.11,-0.172,0.628,-15.9,26,0.0065,8.36
14:35:55,22.2547403,84.8799481,8.339,0.422,0.11,-0.173,0.638,-15.9,26,0.0067,8.35
14:35:55,22.2547403,84.8799481,8.330,0.455,0.11,-0.173,0.642,-15.9,26,0.0000,8.34
14:35:55,22.2547403,84.8799481,8.322,0.487,0.11,-0.174,0.645,-16.0,26,0.0000,8.34
14:35:55,22.2547403,84.8799481,8.313,0.520,0.11,-0.175,0.647,-16.0,26,0.0000,8.33
14:35:55,22.2547403,84.8799481,8.302,0.554,0.11,-0.198,0.662,-16.0,27,0.0069,8.32
14:35:55,22.2547403,84.8799481,8.292,0.587,0.11,-0.199,0.664,-16.0,27,0.0069,8.31
14:35:55,22.2547403,84.8799481,8.282,0.621,0.11,-0.201,0.666,-16.2,27,0.0069,8.31
14:35:55,22.2547403,84.8799481,8.272,0.655,0.11,-0.202,0.669,-16.2,27,0.0069,8.30
14:35:55,22.2547423,84.8799475,8.266,0.689,0.11,-0.174,0.630,-16.5,27,0.0066,8.29
14:35:55,22.2547423,84.8799475,8.257,0.721,0.11,-0.178,0.634,-16.5,27,0.0000,8.29
14:35:55,22.2547423,84.8799475,8.248,0.753,0.11,-0.181,0.637,-16.8,27,0.0000,8.28
14:35:55,22.2547423,84.8799475,8.240,0.785,0.11,-0.172,0.623,-16.8,27,0.0065,8.28
14:35:55,22.2547442,84.8799468,8.229,0.829,0.12,-0.178,0.627,-17.2,27,0.0065,8.27
14:35:55,22.2547442,84.8799468,8.220,0.861,0.12,-0.185,0.630,-17.2,27,0.0065,8.26
14:35:55,22.2547442,84.8799468,8.210,0.893,0.12,-0.193,0.633,-17.5,27,0.0065,8.26
14:35:55,22.2547442,84.8799468,8.201,0.923,0.12,-0.190,0.613,-17.5,27,0.0065,8.25
14:35:55,22.2547442,84.8799468,8.191,0.954,0.12,-0.201,0.614,-17.9,26,0.0000,8.25
14:35:56,22.2547442,84.8799468,8.181,0.985,0.12,-0.215,0.611,-17.9,26,0.0000,8.24
14:35:56,22.2547442,84.8799468,8.170,1.016,0.12,-0.229,0.607,-17.9,26,0.0000,8.23
14:35:56,22.2547442,84.8799468,8.162,1.047,0.12,-0.191,0.609,-18.1,26,0.0084,8.23
14:35:56,22.2547461,84.8799461,8.151,1.085,0.15,-0.209,0.599,-18.4,26,0.0084,8.22
14:35:56,22.2547461,84.8799461,8.139,1.115,0.15,-0.232,0.582,-18.4,26,0.0084,8.22
14:35:56,22.2547461,84.8799461,8.127,1.144,0.15,-0.255,0.566,-18.4,26,0.0084,8.21
14:35:56,22.2547461,84.8799461,8.120,1.176,0.15,-0.206,0.599,-18.6,26,0.0092,8.20
14:35:56,22.2547461,84.8799461,8.109,1.206,0.15,-0.233,0.576,-18.9,26,0.0000,8.20
14:35:56,22.254748,84.8799456,8.095,1.248,0.19,-0.262,0.548,-18.9,26,0.0000,8.19
14:35:56,22.254748,84.8799456,8.084,1.279,0.19,-0.245,0.587,-18.9,26,0.0094,8.18
14:35:56,22.254748,84.8799456,8.071,1.308,0.19,-0.274,0.558,-19.1,26,0.0094,8.18
14:35:56,22.254748,84.8799456,8.056,1.336,0.19,-0.304,0.527,-19.2,26,0.0094,8.17
14:35:56,22.254748,84.8799456,8.040,1.361,0.19,-0.331,0.492,-19.2,26,0.0094,8.15
14:35:56,22.254748,84.8799456,8.023,1.385,0.19,-0.358,0.458,-19.2,26,0.0094,8.14
14:35:56,22.254748,84.8799456,8.016,1.425,0.19,-0.275,0.585,-19.2,26,0.0065,8.14
14:35:56,22.254748,84.8799456,8.002,1.454,0.19,-0.297,0.549,-19.6,26,0.0000,8.13
14:35:56,22.25475,84.8799452,7.993,1.492,0.22,-0.313,0.513,-19.6,26,0.0000,8.13
14:35:56,22.25475,84.8799452,7.980,1.525,0.22,-0.275,0.605,-20.3,26,0.0066,8.12
14:35:56,22.25475,84.8799452,7.966,1.555,0.22,-0.285,0.568,-20.3,26,0.0066,8.12
14:35:56,22.25475,84.8799452,7.952,1.582,0.22,-0.294,0.532,-20.7,26,0.0066,8.11
14:35:57,22.254752,84.8799456,7.937,1.608,0.24,-0.299,0.495,-20.7,26,0.0066,8.10
14:35:57,22.254752,84.8799456,7.928,1.652,0.24,-0.226,0.690,-21.1,26,0.0072,8.10
14:35:57,22.254752,84.8799456,7.917,1.686,0.24,-0.226,0.654,-21.1,26,0.0000,8.09
14:35:57,22.254752,84.8799456,7.905,1.718,0.24,-0.226,0.618,-21.3,26,0.0000,8.09
14:35:57,22.254752,84.8799456,7.894,1.749,0.24,-0.223,0.583,-21.3,26,0.0000,8.09
14:35:57,22.254752,84.8799456,7.866,1.815,0.24,-0.260,0.593,-21.3,26,0.0068,8.07
14:35:57,22.254752,84.8799456,7.853,1.844,0.24,-0.257,0.558,-21.3,26,0.0068,8.07
14:35:57,22.254752,84.8799456,7.838,1.875,0.24,-0.288,0.578,-21.4,26,0.0065,8.06
14:35:57,22.254754,84.8799469,7.823,1.903,0.27,-0.285,0.544,-21.4,25,0.0000,8.05
14:35:57,22.254754,84.8799469,7.809,1.930,0.27,-0.282,0.509,-21.4,25,0.0000,8.04
14:35:57,22.254754,84.8799469,7.795,1.955,0.27,-0.280,0.475,-22.6,25,0.0000,8.04
14:35:57,22.254754,84.8799469,7.783,1.991,0.27,-0.247,0.597,-22.6,25,0.0087,8.03
14:35:57,22.254754,84.8799469,7.771,2.020,0.27,-0.245,0.563,-26.1,25,0.0087,8.03
14:35:57,22.254754,84.8799469,7.758,2.048,0.27,-0.246,0.531,-26.1,25,0.0087,8.02
14:35:57,22.254754,84.8799469,7.746,2.074,0.27,-0.247,0.499,-31.2,25,0.0087,8.02
14:35:57,22.254754,84.8799469,7.738,2.112,0.27,-0.201,0.629,-31.2,25,0.0086,8.02
14:35:57,22.2547561,84.879949,7.727,2.143,0.30,-0.204,0.599,-37.1,23,0.0000,8.02
14:35:57,22.2547561,84.879949,7.717,2.173,0.30,-0.209,0.570,-37.1,23,0.0000,8.02
14:35:57,22.2547561,84.879949,7.706,2.201,0.30,-0.213,0.542,-43.6,23,0.0000,8.01
14:35:58,22.2547561,84.879949,7.683,2.233,0.30,-0.361,0.580,-50.5,23,0.0089,8.00
14:35:58,22.2547579,84.8799511,7.665,2.262,0.33,-0.365,0.555,-50.5,23,0.0089,7.99
14:35:58,22.2547579,84.8799511,7.646,2.289,0.33,-0.370,0.529,-50.5,23,0.0089,7.98
14:35:58,22.2547579,84.8799511,7.627,2.315,0.33,-0.375,0.504,-56.4,23,0.0089,7.97
14:35:58,22.2547579,84.8799511,7.610,2.346,0.33,-0.362,0.550,-60.8,23,0.0059,7.96
14:35:58,22.2547579,84.8799511,7.592,2.373,0.33,-0.363,0.528,-60.8,23,0.0000,7.95
14:35:58,22.2547579,84.8799511,7.573,2.400,0.33,-0.364,0.507,-60.8,23,0.0000,7.94
14:35:58,22.2547579,84.8799511,7.549,2.424,0.33,-0.454,0.469,-63.4,23,0.0062,7.93
14:35:58,22.2547579,84.8799511,7.526,2.447,0.33,-0.452,0.450,-64.9,23,0.0062,7.91
14:35:58,22.2547579,84.8799511,7.504,2.469,0.33,-0.444,0.434,-64.9,23,0.0062,7.90
14:35:58,22.2547592,84.8799527,7.481,2.490,0.35,-0.437,0.418,-64.9,22,0.0062,7.89
14:35:58,22.2547592,84.8799527,7.450,2.505,0.35,-0.539,0.331,-65.6,22,0.0063,7.86
14:35:58,22.2547592,84.8799527,7.423,2.522,0.35,-0.527,0.318,-65.9,22,0.0000,7.84
14:35:58,22.2547592,84.8799527,7.397,2.537,0.35,-0.511,0.307,-65.9,22,0.0000,7.82
14:35:58,22.2547598,84.8799537,7.372,2.553,0.38,-0.495,0.297,-65.9,22,0.0000,7.80
14:35:58,22.2547598,84.8799537,7.341,2.564,0.38,-0.549,0.247,-65.9,22,0.0061,7.78
14:35:58,22.2547598,84.8799537,7.314,2.576,0.38,-0.530,0.238,-65.9,22,0.0061,7.75
14:35:58,22.2547598,84.8799537,7.288,2.588,0.38,-0.509,0.231,-65.9,22,0.0061,7.73
14:35:58,22.2547598,84.8799537,7.262,2.599,0.38,-0.489,0.225,-65.9,20,0.0061,7.71
14:35:58,22.2547598,84.8799537,7.227,2.611,0.38,-0.598,0.225,-65.7,20,0.0077,7.68
14:35:59,22.2547598,84.8799537,7.197,2.622,0.38,-0.578,0.220,-65.4,20,0.0000,7.66
14:35:59,22.2547598,84.8799537,7.169,2.633,0.38,-0.559,0.216,-65.4,20,0.0000,7.64
14:35:59,22.2547598,84.8799537,7.136,2.644,0.38,-0.621,0.210,-65.4,20,0.0066,7.61
14:35:59,22.2547601,84.8799544,7.105,2.655,0.41,-0.602,0.206,-65.2,20,0.0066,7.58
14:35:59,22.2547601,84.8799544,7.075,2.665,0.41,-0.585,0.203,-65.0,20,0.0066,7.56
14:35:59,22.2547601,84.8799544,7.046,2.675,0.41,-0.568,0.199,-65.0,20,0.0066,7.54
14:35:59,22.2547601,84.8799544,7.012,2.685,0.41,-0.620,0.199,-65.0,20,0.0065,7.51
14:35:59,22.2547603,84.879955,6.981,2.695,0.43,-0.604,0.195,-64.7,20,0.0000,7.48
14:35:59,22.2547603,84.879955,6.951,2.705,0.43,-0.588,0.190,-63.8,20,0.0000,7.46
14:35:59,22.2547603,84.879955,6.921,2.714,0.43,-0.573,0.185,-63.8,20,0.0000,7.43
14:35:59,22.2547603,84.879955,6.885,2.723,0.43,-0.645,0.172,-63.8,20,0.0086,7.40
14:35:59,22.2547603,84.879955,6.853,2.731,0.43,-0.630,0.167,-60.8,20,0.0086,7.38
14:35:59,22.2547603,84.879955,6.822,2.740,0.43,-0.614,0.161,-57.8,20,0.0086,7.35
14:35:59,22.2547603,84.879955,6.791,2.748,0.43,-0.598,0.154,-57.8,20,0.0086,7.33
14:35:59,22.2547603,84.879955,6.756,2.760,0.43,-0.639,0.196,-55.9,20,0.0066,7.30
14:35:59,22.2547608,84.8799556,6.724,2.769,0.46,-0.624,0.187,-55.9,20,0.0000,7.27
14:35:59,22.2547608,84.8799556,6.693,2.778,0.46,-0.609,0.179,-54.7,20,0.0000,7.25
14:35:59,22.2547608,84.8799556,6.663,2.787,0.46,-0.594,0.169,-54.7,20,0.0000,7.22
14:35:59,22.2547608,84.8799556,6.628,2.800,0.46,-0.645,0.208,-54.4,20,0.0064,7.19
14:35:59,22.2547608,84.8799556,6.595,2.810,0.46,-0.631,0.198,-54.4,20,0.0064,7.17
14:36:00,22.2547617,84.8799567,6.564,2.820,0.49,-0.617,0.188,-54.8,21,0.0064,7.14
14:36:00,22.2547617,84.8799567,6.534,2.835,0.49,-0.594,0.279,-54.8,21,0.0064,7.12
14:36:00,22.2547617,84.8799567,6.504,2.849,0.49,-0.580,0.267,-55.5,21,0.0000,7.10
14:36:00,22.2547617,84.8799567,6.475,2.863,0.49,-0.566,0.254,-55.5,21,0.0000,7.08
14:36:00,22.2547617,84.8799567,6.447,2.875,0.49,-0.553,0.242,-56.0,21,0.0000,7.06
14:36:00,22.2547617,84.8799567,6.416,2.892,0.49,-0.573,0.293,-56.0,21,0.0064,7.04
14:36:00,22.2547617,84.8799567,6.388,2.907,0.49,-0.559,0.280,-56.2,21,0.0064,7.02
14:36:00,22.2547617,84.8799567,6.360,2.921,0.49,-0.544,0.269,-56.2,21,0.0064,7.00
14:36:00,22.2547632,84.8799581,6.333,2.934,0.51,-0.530,0.258,-56.3,18,0.0064,6.98
14:36:00,22.2547632,84.8799581,6.306,2.947,0.51,-0.515,0.249,-56.3,18,0.0064,6.96
14:36:00,22.2547632,84.8799581,6.270,2.970,0.51,-0.601,0.342,-56.4,18,0.0070,6.94
14:36:00,22.2547632,84.8799581,6.240,2.988,0.51,-0.586,0.335,-56.4,18,0.0000,6.92
14:36:00,22.2547632,84.8799581,6.210,3.004,0.51,-0.572,0.329,-56.6,18,0.0000,6.90
14:36:00,22.2547632,84.8799581,6.180,3.019,0.51,-0.586,0.301,-56.6,18,0.0066,6.88
14:36:00,22.2547632,84.8799581,6.151,3.034,0.51,-0.573,0.296,-56.7,18,0.0066,6.86
14:36:00,22.2547632,84.8799581,6.122,3.049,0.51,-0.561,0.293,-56.7,18,0.0066,6.84
14:36:00,22.2547632,84.8799581,6.094,3.064,0.51,-0.548,0.290,-56.8,18,0.0066,6.82
14:36:00,22.2547654,84.8799597,6.062,3.082,0.52,-0.600,0.330,-56.8,15,0.0069,6.80
14:36:00,22.2547654,84.8799597,6.032,3.099,0.52,-0.588,0.329,-56.8,15,0.0000,6.78
14:36:00,22.2547654,84.8799597,6.002,3.115,0.52,-0.577,0.327,-56.9,15,0.0000,6.76
14:36:01,22.2547654,84.8799597,5.970,3.130,0.52,-0.612,0.306,-56.9,15,0.0069,6.74
14:36:01,22.2547678,84.8799615,5.940,3.146,0.53,-0.601,0.306,-56.9,15,0.0069,6.72
14:36:01,22.2547678,84.8799615,5.910,3.161,0.53,-0.589,0.306,-56.9,15,0.0069,6.70
14:36:01,22.2547678,84.8799615,5.881,3.177,0.53,-0.578,0.306,-56.9,15,0.0069,6.68
14:36:01,22.2547678,84.8799615,5.849,3.196,0.53,-0.597,0.357,-56.9,15,0.0069,6.67
14:36:01,22.2547678,84.8799615,5.819,3.214,0.53,-0.586,0.357,-56.9,15,0.0000,6.65
14:36:01,22.2547678,84.8799615,5.790,3.232,0.53,-0.575,0.357,-56.9,15,0.0000,6.63
14:36:01,22.2547678,84.8799615,5.761,3.250,0.53,-0.564,0.358,-56.9,15,0.0000,6.62
14:36:01,22.2547678,84.8799615,5.725,3.266,0.53,-0.651,0.330,-57.0,15,0.0073,6.59
14:36:01,22.2547701,84.8799632,5.692,3.282,0.54,-0.641,0.331,-57.0,10,0.0073,6.57
14:36:01,22.2547701,84.8799632,5.660,3.299,0.54,-0.630,0.332,-57.1,10,0.0073,6.55
14:36:01,22.2547701,84.8799632,5.629,3.316,0.54,-0.620,0.333,-57.1,10,0.0073,6.53
14:36:01,22.2547701,84.8799632,5.597,3.330,0.54,-0.623,0.302,-57.1,10,0.0069,6.51
14:36:01,22.2547701,84.8799632,5.565,3.345,0.54,-0.614,0.304,-57.1,10,0.0000,6.49
14:36:01,22.2547725,84.879965,5.535,3.361,0.55,-0.604,0.306,-57.1,10,0.0000,6.48
14:36:01,22.2547725,84.879965,5.505,3.376,0.55,-0.594,0.308,-57.1,10,0.0000,6.46
14:36:01,22.2547725,84.879965,5.469,3.395,0.55,-0.648,0.347,-57.1,10,0.0073,6.44
14:36:01,22.2547725,84.879965,5.437,3.412,0.55,-0.638,0.349,-57.1,10,0.0073,6.42
14:36:01,22.2547725,84.879965,5.405,3.430,0.55,-0.628,0.351,-57.1,12,0.0073,6.40
14:36:02,22.2547725,84.879965,5.374,3.445,0.55,-0.620,0.314,-57.1,12,0.0069,6.38
14:36:02,22.2547725,84.879965,5.342,3.461,0.55,-0.611,0.317,-57.1,12,0.0000,6.37
14:36:02,22.2547725,84.879965,5.312,3.477,0.55,-0.602,0.319,-57.1,12,0.0000,6.35
14:36:02,22.2547751,84.879967,5.282,3.493,0.56,-0.594,0.322,-57.1,12,0.0000,6.33
14:36:02,22.2547751,84.879967,5.252,3.510,0.56,-0.585,0.325,-57.1,12,0.0000,6.32
14:36:02,22.2547751,84.879967,5.216,3.523,0.56,-0.637,0.300,-57.0,12,0.0071,6.29
14:36:02,22.2547751,84.879967,5.184,3.538,0.56,-0.631,0.304,-57.0,12,0.0071,6.28
14:36:02,22.2547778,84.8799691,5.152,3.554,0.56,-0.625,0.307,-57.0,12,0.0071,6.26
14:36:02,22.2547778,84.8799691,5.121,3.568,0.56,-0.627,0.292,-57.0,12,0.0069,6.24
14:36:02,22.2547778,84.8799691,5.089,3.583,0.56,-0.622,0.296,-57.0,12,0.0000,6.22
14:36:02,22.2547778,84.8799691,5.058,3.598,0.56,-0.617,0.299,-57.0,12,0.0000,6.21
14:36:02,22.2547778,84.8799691,5.027,3.613,0.56,-0.612,0.302,-57.0,12,0.0000,6.19
14:36:02,22.2547778,84.8799691,4.997,3.628,0.56,-0.597,0.300,-57.0,12,0.0067,6.18
14:36:02,22.2547778,84.8799691,4.967,3.643,0.56,-0.592,0.303,-56.9,12,0.0067,6.16
14:36:02,22.2547778,84.8799691,4.937,3.659,0.56,-0.588,0.306,-56.9,12,0.0067,6.14
14:36:02,22.2547778,84.8799691,4.908,3.674,0.56,-0.584,0.309,-56.9,12,0.0067,6.13
14:36:02,22.2547805,84.8799714,4.876,3.689,0.57,-0.607,0.308,-56.8,12,0.0068,6.11
14:36:02,22.2547805,84.8799714,4.845,3.705,0.57,-0.603,0.311,-56.8,12,0.0000,6.10
14:36:02,22.2547805,84.8799714,4.815,3.721,0.57,-0.599,0.314,-56.8,12,0.0000,6.09
14:36:02,22.2547805,84.8799714,4.785,3.737,0.57,-0.595,0.318,-56.8,12,0.0000,6.07
14:36:03,22.2547834,84.879974,4.752,3.757,0.58,-0.627,0.368,-56.8,11,0.0073,6.06
14:36:03,22.2547834,84.879974,4.720,3.776,0.58,-0.622,0.371,-56.8,11,0.0073,6.04
14:36:03,22.2547834,84.879974,4.689,3.795,0.58,-0.618,0.374,-56.8,11,0.0073,6.03
14:36:03,22.2547834,84.879974,4.658,3.814,0.58,-0.613,0.377,-56.8,11,0.0073,6.02
14:36:03,22.2547834,84.879974,4.627,3.829,0.58,-0.609,0.342,-56.7,11,0.0070,6.01
14:36:03,22.2547834,84.879974,4.596,3.847,0.58,-0.605,0.345,-56.7,11,0.0000,5.99
14:36:03,22.2547834,84.879974,4.566,3.864,0.58,-0.601,0.348,-56.7,11,0.0000,5.98
14:36:03,22.2547834,84.879974,4.536,3.882,0.58,-0.596,0.351,-56.7,11,0.0000,5.97
14:36:03,22.2547834,84.879974,4.506,3.899,0.58,-0.593,0.354,-56.6,11,0.0000,5.96
14:36:03,22.2547863,84.8799768,4.476,3.917,0.58,-0.589,0.357,-56.6,5,0.0000,5.95
14:36:03,22.2547863,84.8799768,4.446,3.935,0.58,-0.585,0.360,-56.6,5,0.0000,5.94
14:36:03,22.2547863,84.8799768,4.412,3.951,0.58,-0.615,0.344,-56.6,5,0.0073,5.92
14:36:03,22.2547863,84.8799768,4.381,3.968,0.58,-0.611,0.347,-56.6,5,0.0000,5.91
14:36:03,22.2547863,84.8799768,4.350,3.986,0.58,-0.608,0.348,-56.6,5,0.0000,5.90
14:36:03,22.2547863,84.8799768,4.319,4.003,0.58,-0.604,0.350,-56.6,5,0.0000,5.89
14:36:03,22.2547863,84.8799768,4.289,4.021,0.58,-0.601,0.351,-56.5,5,0.0000,5.88
14:36:03,22.2547863,84.8799768,4.256,4.040,0.58,-0.624,0.363,-56.6,5,0.0073,5.87
14:36:03,22.2547893,84.8799798,4.224,4.058,0.58,-0.621,0.364,-56.6,6,0.0073,5.86
14:36:03,22.2547893,84.8799798,4.193,4.077,0.58,-0.619,0.365,-56.6,6,0.0073,5.85
14:36:03,22.2547893,84.8799798,4.162,4.094,0.58,-0.619,0.350,-56.6,6,0.0072,5.84
14:36:04,22.2547893,84.8799798,4.131,4.112,0.58,-0.617,0.351,-56.6,6,0.0000,5.83
14:36:04,22.2547924,84.8799831,4.100,4.129,0.59,-0.615,0.351,-56.6,6,0.0000,5.82
14:36:04,22.2547924,84.8799831,4.069,4.147,0.59,-0.612,0.352,-56.6,6,0.0000,5.81
14:36:04,22.2547924,84.8799831,4.038,4.165,0.59,-0.613,0.361,-56.6,6,0.0071,5.80
14:36:04,22.2547924,84.8799831,4.007,4.184,0.59,-0.610,0.361,-56.7,6,0.0071,5.79
14:36:04,22.2547924,84.8799831,3.976,4.202,0.59,-0.607,0.361,-56.7,6,0.0071,5.78
14:36:04,22.2547924,84.8799831,3.946,4.220,0.59,-0.604,0.362,-56.7,6,0.0071,5.78
14:36:04,22.2547924,84.8799831,3.915,4.239,0.59,-0.608,0.366,-56.8,6,0.0071,5.77
14:36:04,22.2547924,84.8799831,3.884,4.257,0.59,-0.605,0.367,-56.9,6,0.0000,5.76
14:36:04,22.2547924,84.8799831,3.854,4.276,0.59,-0.603,0.368,-56.9,6,0.0000,5.76
14:36:04,22.2547958,84.8799865,3.823,4.294,0.59,-0.601,0.369,-56.9,0,0.0000,5.75
14:36:04,22.2547958,84.8799865,3.790,4.314,0.59,-0.630,0.382,-57.0,0,0.0074,5.74
14:36:04,22.2547958,84.8799865,3.758,4.333,0.59,-0.628,0.384,-57.0,0,0.0074,5.74
14:36:04,22.2547958,84.8799865,3.727,4.353,0.59,-0.627,0.386,-57.0,0,0.0074,5.73
14:36:04,22.2547992,84.8799901,3.695,4.369,0.60,-0.630,0.343,-57.0,0,0.0072,5.72
14:36:04,22.2547992,84.8799901,3.663,4.387,0.60,-0.629,0.345,-56.9,0,0.0000,5.72
14:36:04,22.2547992,84.8799901,3.632,4.404,0.60,-0.627,0.348,-56.8,0,0.0000,5.71
14:36:04,22.2547992,84.8799901,3.600,4.422,0.60,-0.625,0.351,-56.8,0,0.0000,5.70
14:36:04,22.2547992,84.8799901,3.569,4.439,0.60,-0.618,0.351,-56.8,0,0.0071,5.70
14:36:04,22.2547992,84.8799901,3.538,4.457,0.60,-0.616,0.354,-56.8,0,0.0071,5.69
14:36:05,22.2547992,84.8799901,3.507,4.475,0.60,-0.612,0.358,-56.8,0,0.0071,5.69
14:36:05,22.2547992,84.8799901,3.476,4.493,0.60,-0.609,0.361,-56.8,0,0.0071,5.68
14:36:05,22.2547992,84.8799901,3.444,4.510,0.60,-0.622,0.349,-56.8,0,0.0072,5.67
14:36:05,22.2548029,84.8799938,3.412,4.528,0.60,-0.619,0.352,-56.8,0,0.0000,5.67
14:36:05,22.2548029,84.8799938,3.381,4.546,0.60,-0.616,0.355,-56.9,0,0.0000,5.67
14:36:05,22.2548029,84.8799938,3.350,4.564,0.60,-0.613,0.358,-56.9,0,0.0000,5.66
14:36:05,22.2548029,84.8799938,3.318,4.581,0.60,-0.626,0.354,-56.9,0,0.0072,5.66
14:36:05,22.2548067,84.8799978,3.287,4.599,0.61,-0.623,0.357,-56.9,0,0.0072,5.65
14:36:05,22.2548067,84.8799978,3.255,4.617,0.61,-0.622,0.360,-56.9,0,0.0072,5.65
14:36:05,22.2548067,84.8799978,3.224,4.635,0.61,-0.621,0.364,-56.8,0,0.0072,5.65
14:36:05,22.2548067,84.8799978,3.191,4.653,0.61,-0.642,0.359,-56.8,0,0.0072,5.64
14:36:05,22.2548067,84.8799978,3.159,4.671,0.61,-0.641,0.363,-56.8,0,0.0000,5.64
14:36:05,22.2548067,84.8799978,3.126,4.690,0.61,-0.640,0.368,-56.8,0,0.0000,5.64
14:36:05,22.2548067,84.8799978,3.094,4.708,0.61,-0.641,0.373,-56.8,0,0.0000,5.63
14:36:05,22.2548067,84.8799978,3.064,4.724,0.61,-0.617,0.344,-56.8,0,0.0071,5.63
14:36:05,22.2548108,84.8800019,3.033,4.742,0.61,-0.619,0.349,-56.8,0,0.0071,5.63
14:36:05,22.2548108,84.8800019,3.002,4.759,0.61,-0.620,0.355,-56.8,0,0.0071,5.63
14:36:05,22.2548108,84.8800019,2.970,4.778,0.61,-0.622,0.361,-56.8,0,0.0071,5.63
14:36:05,22.2548108,84.8800019,2.940,4.792,0.61,-0.611,0.318,-56.8,0,0.0069,5.62
14:36:06,22.2548108,84.8800019,2.909,4.808,0.61,-0.613,0.324,-56.8,0,0.0000,5.62
14:36:06,22.2548149,84.8800063,2.878,4.824,0.61,-0.615,0.333,-56.8,4,0.0000,5.62
14:36:06,22.2548149,84.8800063,2.847,4.840,0.61,-0.623,0.327,-56.8,4,0.0070,5.62
14:36:06,22.2548149,84.8800063,2.815,4.857,0.61,-0.627,0.336,-56.8,4,0.0070,5.61
14:36:06,22.2548149,84.8800063,2.784,4.874,0.61,-0.630,0.346,-56.7,4,0.0070,5.61
14:36:06,22.2548149,84.8800063,2.752,4.892,0.61,-0.634,0.356,-56.7,4,0.0070,5.61
14:36:06,22.2548149,84.8800063,2.722,4.910,0.61,-0.611,0.364,-56.7,4,0.0072,5.61
14:36:06,22.2548149,84.8800063,2.691,4.929,0.61,-0.616,0.374,-56.7,4,0.0000,5.62
14:36:06,22.2548149,84.8800063,2.660,4.948,0.61,-0.621,0.384,-56.7,4,0.0000,5.62
14:36:06,22.2548194,84.880011,2.629,4.967,0.62,-0.626,0.393,-56.8,5,0.0000,5.62
14:36:06,22.2548194,84.880011,2.599,4.984,0.62,-0.614,0.369,-56.7,5,0.0073,5.62
14:36:06,22.2548194,84.880011,2.568,5.003,0.62,-0.617,0.376,-56.7,5,0.0073,5.62
14:36:06,22.2548194,84.880011,2.537,5.022,0.62,-0.620,0.383,-56.7,5,0.0073,5.63
14:36:06,22.2548194,84.880011,2.505,5.042,0.62,-0.622,0.390,-56.7,5,0.0073,5.63
14:36:06,22.2548194,84.880011,2.475,5.058,0.62,-0.617,0.353,-56.6,5,0.0071,5.63
14:36:06,22.2548194,84.880011,2.443,5.076,0.62,-0.616,0.359,-56.6,5,0.0000,5.63
14:36:06,22.2548194,84.880011,2.412,5.094,0.62,-0.615,0.365,-56.6,5,0.0000,5.64
14:36:06,22.2548194,84.880011,2.381,5.113,0.62,-0.617,0.373,-56.6,5,0.0073,5.64
14:36:06,22.2548247,84.8800166,2.350,5.132,0.63,-0.615,0.378,-56.6,0,0.0073,5.64
14:36:06,22.2548247,84.8800166,2.319,5.151,0.63,-0.613,0.382,-56.6,0,0.0073,5.65
14:36:07,22.2548247,84.8800166,2.289,5.170,0.63,-0.610,0.386,-56.6,0,0.0073,5.65
14:36:07,22.2548247,84.8800166,2.258,5.190,0.63,-0.608,0.391,-56.6,0,0.0073,5.66
14:36:07,22.2548303,84.8800221,2.226,5.204,0.63,-0.613,0.343,-56.6,0,0.0071,5.66
14:36:07,22.2548303,84.8800221,2.195,5.221,0.63,-0.611,0.347,-56.6,0,0.0000,5.66
14:36:07,22.2548303,84.8800221,2.165,5.239,0.63,-0.608,0.351,-56.6,0,0.0000,5.67
14:36:07,22.2548303,84.8800221,2.133,5.256,0.63,-0.622,0.349,-56.5,0,0.0072,5.67
14:36:07,22.2548303,84.8800221,2.102,5.274,0.63,-0.619,0.354,-56.5,0,0.0072,5.68
14:36:07,22.2548303,84.8800221,2.071,5.292,0.63,-0.617,0.359,-56.5,0,0.0072,5.68
14:36:07,22.2548303,84.8800221,2.040,5.310,0.63,-0.614,0.364,-56.5,0,0.0072,5.69
14:36:07,22.2548303,84.8800221,2.009,5.328,0.63,-0.612,0.369,-56.5,0,0.0072,5.69
14:36:07,22.2548303,84.8800221,1.978,5.347,0.63,-0.610,0.374,-56.5,0,0.0072,5.70
14:36:07,22.2548303,84.8800221,1.948,5.366,0.63,-0.607,0.379,-56.5,0,0.0072,5.71
14:36:07,22.2548303,84.8800221,1.917,5.385,0.63,-0.605,0.384,-56.5,0,0.0072,5.72
14:36:07,22.2548303,84.8800221,1.887,5.405,0.63,-0.603,0.389,-56.5,0,0.0072,5.72
14:36:07,22.2548303,84.8800221,1.856,5.424,0.63,-0.600,0.394,-56.5,0,0.0072,5.73
14:36:07,22.2548303,84.8800221,1.796,5.465,0.63,-0.596,0.404,-56.5,0,0.0072,5.75
14:36:07,22.2548303,84.8800221,1.766,5.485,0.63,-0.593,0.409,-56.5,0,0.0072,5.76
14:36:07,22.2548303,84.8800221,1.736,5.506,0.63,-0.591,0.414,-56.5,0,0.0072,5.77
14:36:07,22.2548303,84.8800221,1.706,5.527,0.63,-0.589,0.419,-56.5,0,0.0072,5.78
14:36:07,22.2548303,84.8800221,1.677,5.548,0.63,-0.586,0.424,-56.5,0,0.0072,5.80
14:36:08,22.2548303,84.8800221,1.647,5.570,0.63,-0.584,0.429,-56.5,0,0.0072,5.81
14:36:08,22.2548303,84.8800221,1.618,5.591,0.63,-0.581,0.434,-56.5,0,0.0072,5.82
14:36:08,22.2548303,84.8800221,1.589,5.613,0.63,-0.579,0.439,-56.5,0,0.0072,5.83
14:36:08,22.2548303,84.8800221,1.560,5.635,0.63,-0.577,0.444,-56.5,0,0.0072,5.85
14:36:08,22.2548303,84.8800221,1.531,5.658,0.63,-0.574,0.449,-56.5,0,0.0072,5.86
14:36:08,22.2548303,84.8800221,1.502,5.681,0.63,-0.574,0.449,-56.5,0,0.0072,5.88
14:36:08,22.2548303,84.8800221,1.473,5.703,0.63,-0.574,0.449,-56.5,0,0.0072,5.89
14:36:08,22.2548303,84.8800221,1.444,5.726,0.63,-0.574,0.449,-56.5,0,0.0072,5.90
14:36:08,22.2548303,84.8800221,1.415,5.748,0.63,-0.574,0.449,-56.5,0,0.0072,5.92
14:36:08,22.2548303,84.8800221,1.386,5.771,0.63,-0.574,0.449,-56.5,0,0.0072,5.93
14:36:08,22.2548303,84.8800221,1.357,5.793,0.63,-0.574,0.449,-56.5,0,0.0072,5.95
14:36:08,22.2548303,84.8800221,1.328,5.816,0.63,-0.574,0.449,-56.5,0,0.0072,5.97
14:36:08,22.2548303,84.8800221,1.299,5.839,0.63,-0.574,0.449,-56.5,0,0.0072,5.98
14:36:08,22.2548303,84.8800221,1.270,5.861,0.63,-0.574,0.449,-56.5,0,0.0072,6.00
14:36:08,22.2548303,84.8800221,1.241,5.884,0.63,-0.574,0.449,-56.5,0,0.0072,6.01
14:36:08,22.2548303,84.8800221,1.212,5.906,0.63,-0.574,0.449,-56.5,0,0.0072,6.03
14:36:08,22.2548303,84.8800221,1.184,5.929,0.63,-0.574,0.449,-56.5,0,0.0072,6.05
14:36:08,22.2548303,84.8800221,1.155,5.952,0.63,-0.574,0.449,-56.5,0,0.0072,6.06
14:36:08,22.2548303,84.8800221,1.126,5.974,0.63,-0.574,0.449,-56.5,0,0.0072,6.08
14:36:09,22.2548303,84.8800221,1.097,5.997,0.63,-0.574,0.449,-56.5,0,0.0072,6.10
14:36:09,22.2548303,84.8800221,1.068,6.019,0.63,-0.574,0.449,-56.5,0,0.0072,6.11
14:36:09,22.2548303,84.8800221,1.039,6.042,0.63,-0.574,0.449,-56.5,0,0.0072,6.13
14:36:09,22.2548303,84.8800221,1.010,6.064,0.63,-0.574,0.449,-56.5,0,0.0072,6.15
14:36:09,22.2548303,84.8800221,0.981,6.087,0.63,-0.574,0.449,-56.5,0,0.0072,6.17
14:36:09,22.2548303,84.8800221,0.952,6.110,0.63,-0.574,0.449,-56.5,0,0.0072,6.18
14:36:09,22.2548303,84.8800221,0.923,6.132,0.63,-0.574,0.449,-56.5,0,0.0072,6.20
14:36:09,22.2548303,84.8800221,0.894,6.155,0.63,-0.574,0.449,-56.5,0,0.0072,6.22
14:36:09,22.2548303,84.8800221,0.865,6.177,0.63,-0.574,0.449,-56.5,0,0.0072,6.24
14:36:09,22.2548303,84.8800221,0.837,6.200,0.63,-0.574,0.449,-56.5,0,0.0072,6.26
14:36:09,22.2548303,84.8800221,0.808,6.222,0.63,-0.574,0.449,-56.5,0,0.0072,6.27
14:36:09,22.2548303,84.8800221,0.779,6.245,0.63,-0.574,0.449,-56.5,0,0.0072,6.29
14:36:09,22.2548303,84.8800221,0.750,6.268,0.63,-0.574,0.449,-56.5,0,0.0072,6.31
14:36:09,22.2548303,84.8800221,0.721,6.290,0.63,-0.574,0.449,-56.5,0,0.0072,6.33
14:36:09,22.2548303,84.8800221,0.692,6.313,0.63,-0.574,0.449,-56.5,0,0.0072,6.35
14:36:09,22.2548303,84.8800221,0.663,6.335,0.63,-0.574,0.449,-56.5,0,0.0072,6.37
14:36:09,22.2548303,84.8800221,0.634,6.358,0.63,-0.574,0.449,-56.5,0,0.0072,6.39
14:36:09,22.2548303,84.8800221,0.605,6.380,0.63,-0.574,0.449,-56.5,0,0.0072,6.41
14:36:09,22.2548303,84.8800221,0.577,6.403,0.63,-0.574,0.449,-56.5,0,0.0072,6.43
14:36:09,22.2548303,84.8800221,0.548,6.425,0.63,-0.574,0.449,-56.5,0,0.0072,6.45
14:36:10,22.2548303,84.8800221,0.519,6.448,0.63,-0.574,0.449,-56.5,0,0.0072,6.47
14:36:10,22.2548303,84.8800221,0.490,6.471,0.63,-0.574,0.449,-56.5,0,0.0072,6.49
14:36:10,22.2548303,84.8800221,0.461,6.493,0.63,-0.574,0.449,-56.5,0,0.0072,6.51
14:36:10,22.2548303,84.8800221,0.432,6.516,0.63,-0.574,0.449,-56.5,0,0.0072,6.53
14:36:10,22.2548303,84.8800221,0.403,6.538,0.63,-0.574,0.449,-56.5,0,0.0072,6.55
14:36:10,22.2548303,84.8800221,0.375,6.561,0.63,-0.574,0.449,-56.5,0,0.0072,6.57
14:36:10,22.2548303,84.8800221,0.346,6.583,0.63,-0.574,0.449,-56.5,0,0.0072,6.59
14:36:10,22.2548303,84.8800221,0.317,6.606,0.63,-0.574,0.449,-56.5,0,0.0072,6.61
14:36:10,22.2548303,84.8800221,0.288,6.628,0.63,-0.574,0.449,-56.5,0,0.0072,6.63
14:36:10,22.2548303,84.8800221,0.259,6.651,0.63,-0.574,0.449,-56.5,0,0.0072,6.66
14:36:10,22.2548303,84.8800221,0.230,6.673,0.63,-0.574,0.449,-56.5,0,0.0072,6.68
14:36:10,22.2548303,84.8800221,0.201,6.696,0.63,-0.574,0.449,-56.5,0,0.0072,6.70
14:36:10,22.2548303,84.8800221,0.172,6.718,0.63,-0.574,0.449,-56.5,0,0.0072,6.72
14:36:10,22.2548303,84.8800221,0.144,6.741,0.63,-0.574,0.449,-56.5,0,0.0072,6.74
14:36:10,22.2548303,84.8800221,0.115,6.764,0.63,-0.574,0.449,-56.5,0,0.0072,6.76
14:36:10,22.2548698,84.8800495,0.086,6.786,0.62,-0.574,0.449,-56.5,0,0.0072,6.79
14:36:10,22.2548698,84.8800495,0.057,6.809,0.62,-0.574,0.449,-58.0,0,0.0072,6.81
14:36:10,22.2548698,84.8800495,0.028,6.833,0.62,-0.573,0.502,-58.0,0,0.0072,6.83
14:36:10,22.2548698,84.8800495,-0.001,6.859,0.62,-0.571,0.555,-58.4,0,0.0072,6.86
14:36:10,22.2548698,84.8800495,-0.029,6.889,0.62,-0.568,0.623,-58.4,0,0.0072,6.89
14:36:11,22.2548698,84.8800495,-0.058,6.922,0.62,-0.566,0.691,-58.9,0,0.0072,6.92
14:36:11,22.2548698,84.8800495,-0.086,6.959,0.62,-0.562,0.771,-59.4,0,0.0072,6.96
14:36:11,22.2548698,84.8800495,-0.115,7.000,0.62,-0.556,0.857,-59.4,0,0.0072,7.00
14:36:11,22.2548658,84.8800442,-0.142,7.045,0.60,-0.550,0.942,-59.7,0,0.0072,7.05
14:36:11,22.2548658,84.8800442,-0.170,7.095,0.60,-0.542,1.030,-59.7,0,0.0072,7.10
14:36:11,22.2548658,84.8800442,-0.197,7.149,0.60,-0.535,1.117,-60.1,0,0.0072,7.15
14:36:11,22.2548658,84.8800442,-0.224,7.207,0.60,-0.525,1.202,-60.1,0,0.0072,7.21
14:36:11,22.2548658,84.8800442,-0.250,7.270,0.60,-0.515,1.286,-60.4,0,0.0072,7.27
14:36:11,22.2548675,84.8800482,-0.275,7.337,0.59,-0.502,1.365,-60.4,0,0.0072,7.34
14:36:11,22.2548675,84.8800482,-0.300,7.407,0.59,-0.490,1.444,-60.6,0,0.0030,7.41
14:36:11,22.2548675,84.8800482,-0.325,7.482,0.59,-0.475,1.513,-60.9,0,0.0030,7.49
14:36:11,22.2548675,84.8800482,-0.348,7.560,0.59,-0.457,1.573,-60.9,0,0.0030,7.57
14:36:11,22.2548675,84.8800482,-0.371,7.641,0.59,-0.440,1.633,-60.9,0,0.0030,7.65
14:36:11,22.2548675,84.8800482,0.065,4.347,0.59,-0.214,0.154,-60.9,0,0.0026,4.35
14:36:11,22.2548675,84.8800482,0.054,4.356,0.59,-0.197,0.214,-61.1,0,0.0000,4.36
14:36:11,22.2548675,84.8800482,0.045,4.369,0.59,-0.178,0.264,-61.1,0,0.0000,4.37
14:36:11,22.254871,84.8800552,0.032,4.349,0.58,-0.178,0.160,-61.4,0,0.0024,4.35
14:36:11,22.254871,84.8800552,0.023,4.358,0.58,-0.158,0.201,-61.7,0,0.0024,4.36
14:36:11,22.254871,84.8800552,0.016,4.369,0.58,-0.137,0.236,-61.7,0,0.0024,4.37
14:36:11,22.254871,84.8800552,0.010,4.382,0.58,-0.116,0.270,-62.0,0,0.0024,4.38
14:36:12,22.254871,84.8800552,-0.001,4.381,0.58,-0.156,0.130,-62.0,0,0.0020,4.38
14:36:12,22.2548752,84.8800632,-0.009,4.388,0.56,-0.135,0.161,-62.2,0,0.0000,4.39
14:36:12,22.2548752,84.8800632,-0.015,4.397,0.56,-0.115,0.190,-62.2,0,0.0000,4.40
14:36:12,22.2548752,84.8800632,-0.020,4.407,0.56,-0.096,0.219,-62.7,0,0.0000,4.41
14:36:12,22.2548752,84.8800632,-0.025,4.419,0.56,-0.080,0.248,-62.7,0,0.0000,4.42
14:36:12,22.2548752,84.8800632,-0.038,4.413,0.56,-0.145,0.105,-63.1,0,0.0018,4.41
14:36:12,22.2548752,84.8800632,-0.045,4.419,0.56,-0.132,0.137,-63.1,0,0.0018,4.42
14:36:12,22.2548752,84.8800632,-0.051,4.427,0.56,-0.119,0.169,-63.4,0,0.0018,4.43
14:36:12,22.2548752,84.8800632,-0.058,4.428,0.56,-0.134,0.083,-63.7,0,0.0015,4.43
14:36:12,22.2548752,84.8800632,-0.065,4.433,0.56,-0.124,0.126,-63.7,0,0.0000,4.43
14:36:12,22.2548612,84.8800331,-0.071,4.441,0.53,-0.115,0.168,-64.0,0,0.0000,4.44
14:36:12,22.2548612,84.8800331,-0.076,4.451,0.53,-0.107,0.217,-64.0,0,0.0000,4.45
14:36:12,22.2548612,84.8800331,-0.084,4.447,0.53,-0.124,0.081,-64.0,0,0.0015,4.45
14:36:12,22.2548612,84.8800331,-0.090,4.452,0.53,-0.116,0.130,-64.0,0,0.0015,4.45
14:36:12,22.2548584,84.8800264,-0.095,4.460,0.49,-0.108,0.179,-64.4,0,0.0015,4.46
14:36:12,22.2548584,84.8800264,-0.101,4.470,0.49,-0.100,0.233,-64.7,0,0.0015,4.47
14:36:12,22.2548584,84.8800264,-0.108,4.466,0.49,-0.123,0.084,-64.7,0,0.0014,4.47
14:36:12,22.2548584,84.8800264,-0.114,4.471,0.49,-0.115,0.143,-65.1,0,0.0000,4.47
14:36:12,22.2548584,84.8800264,-0.120,4.480,0.49,-0.108,0.204,-65.1,0,0.0000,4.48
14:36:13,22.2548599,84.8800289,-0.126,4.481,0.46,-0.115,0.094,-65.4,0,0.0014,4.48
14:36:13,22.2548599,84.8800289,-0.132,4.487,0.46,-0.107,0.156,-65.4,0,0.0014,4.49
14:36:13,22.2548599,84.8800289,-0.137,4.497,0.46,-0.098,0.217,-65.7,0,0.0014,4.50
14:36:13,22.2548599,84.8800289,-0.141,4.509,0.46,-0.089,0.277,-65.7,0,0.0014,4.51
14:36:13,22.2548599,84.8800289,-0.148,4.504,0.46,-0.110,0.100,-66.0,0,0.0014,4.51
14:36:13,22.2548599,84.8800289,-0.154,4.511,0.46,-0.099,0.157,-66.2,0,0.0000,4.51
14:36:13,22.2548599,84.8800289,-0.158,4.520,0.46,-0.087,0.210,-66.2,0,0.0000,4.52
14:36:13,22.2548599,84.8800289,-0.162,4.532,0.46,-0.075,0.263,-66.5,0,0.0000,4.53
14:36:13,22.2548599,84.8800289,-0.166,4.547,0.46,-0.062,0.311,-66.5,0,0.0000,4.55
14:36:13,22.2548627,84.8800343,-0.169,4.563,0.43,-0.050,0.358,-66.8,0,0.0000,4.57
14:36:13,22.2548627,84.8800343,-0.171,4.583,0.43,-0.036,0.401,-66.8,0,0.0000,4.59
14:36:13,22.2548627,84.8800343,-0.172,4.604,0.43,-0.023,0.444,-66.8,0,0.0000,4.61
14:36:13,22.2548627,84.8800343,-0.173,4.627,0.43,-0.010,0.487,-66.8,0,0.0000,4.63
14:36:13,22.254866,84.8800407,-0.173,4.653,0.39,0.003,0.530,-67.0,0,0.0000,4.66
14:36:13,22.254866,84.8800407,-0.173,4.681,0.39,0.016,0.569,-67.2,0,0.0000,4.68
14:36:13,22.254866,84.8800407,-0.172,4.710,0.39,0.029,0.605,-67.2,0,0.0000,4.71
14:36:13,22.254866,84.8800407,-0.170,4.741,0.39,0.042,0.641,-67.4,0,0.0000,4.74
14:36:13,22.254866,84.8800407,-0.168,4.775,0.39,0.053,0.673,-67.4,0,0.0000,4.78
14:36:13,22.254866,84.8800407,-0.165,4.809,0.39,0.063,0.705,-67.5,0,0.0000,4.81
14:36:13,22.254866,84.8800407,-0.161,4.845,0.39,0.070,0.734,-67.5,0,0.0000,4.85
14:36:14,22.254866,84.8800407,-0.200,4.620,0.39,-0.033,0.078,-67.7,0,0.0011,4.62
14:36:14,22.254866,84.8800407,-0.201,4.624,0.39,-0.034,0.102,-67.7,0,0.0000,4.63
14:36:14,22.2548693,84.8800472,-0.203,4.630,0.37,-0.035,0.126,-67.9,0,0.0000,4.63
14:36:14,22.2548693,84.8800472,-0.205,4.637,0.37,-0.043,0.148,-67.9,0,0.0000,4.64
14:36:14,22.2548693,84.8800472,-0.209,4.632,0.37,-0.069,0.044,-68.2,0,0.0009,4.64
14:36:14,22.2548693,84.8800472,-0.213,4.635,0.37,-0.081,0.067,-68.2,0,0.0009,4.64
14:36:14,22.2548693,84.8800472,-0.217,4.639,0.37,-0.093,0.089,-68.6,0,0.0009,4.64
14:36:14,22.2548728,84.8800539,-0.222,4.644,0.36,-0.106,0.115,-68.6,0,0.0009,4.65
14:36:14,22.2548728,84.8800539,-0.225,4.641,0.36,-0.084,0.029,-68.9,0,0.0009,4.65
14:36:14,22.2548728,84.8800539,-0.230,4.643,0.36,-0.096,0.059,-69.2,0,0.0000,4.65
14:36:14,22.2548728,84.8800539,-0.235,4.647,0.36,-0.107,0.095,-69.2,0,0.0000,4.65
14:36:14,22.2548728,84.8800539,-0.240,4.652,0.36,-0.119,0.130,-69.4,0,0.0000,4.66
14:36:14,22.2548728,84.8800539,-0.242,4.647,0.36,-0.077,0.025,-69.4,0,0.0008,4.65
14:36:14,22.2548728,84.8800539,-0.246,4.649,0.36,-0.088,0.064,-69.7,0,0.0008,4.66
14:36:14,22.2548728,84.8800539,-0.251,4.654,0.36,-0.101,0.108,-69.7,0,0.0008,4.66
14:36:14,22.2548728,84.8800539,-0.256,4.660,0.36,-0.114,0.151,-70.0,0,0.0008,4.67
14:36:14,22.2548762,84.8800608,-0.257,4.654,0.36,-0.069,0.028,-70.0,0,0.0007,4.66
14:36:14,22.2548762,84.8800608,-0.261,4.657,0.36,-0.083,0.074,-69.2,0,0.0000,4.66
14:36:14,22.2548762,84.8800608,-0.266,4.662,0.36,-0.095,0.121,-69.2,0,0.0000,4.67
14:36:14,22.2548762,84.8800608,-0.271,4.669,0.36,-0.107,0.168,-66.9,0,0.0000,4.68
14:36:15,22.2548796,84.8800674,-0.284,4.661,0.37,-0.195,0.011,-66.9,0,0.0020,4.67
14:36:15,22.2548796,84.8800674,-0.294,4.663,0.37,-0.195,0.056,-66.9,0,0.0020,4.67
14:36:15,22.2548796,84.8800674,-0.303,4.667,0.37,-0.196,0.101,-64.4,0,0.0020,4.68
14:36:15,22.2548796,84.8800674,-0.323,4.670,0.37,-0.335,0.084,-64.4,0,0.0036,4.68
14:36:15,22.2548796,84.8800674,-0.339,4.675,0.37,-0.321,0.123,-62.5,0,0.0000,4.69
14:36:15,22.2548796,84.8800674,-0.355,4.682,0.37,-0.293,0.151,-62.5,0,0.0000,4.70
14:36:15,22.2548796,84.8800674,-0.369,4.690,0.37,-0.265,0.179,-61.2,0,0.0000,4.70
14:36:15,22.2548796,84.8800674,-0.396,4.703,0.37,-0.400,0.230,-61.2,0,0.0047,4.72
14:36:15,22.2548796,84.8800674,-0.416,4.715,0.37,-0.361,0.243,-60.8,0,0.0047,4.73
14:36:15,22.2548834,84.8800733,-0.433,4.727,0.39,-0.316,0.240,-60.8,0,0.0047,4.75
14:36:15,22.2548834,84.8800733,-0.447,4.739,0.39,-0.271,0.237,-61.4,0,0.0047,4.76
14:36:15,22.2548834,84.8800733,-0.479,4.756,0.39,-0.449,0.290,-61.4,0,0.0088,4.78
14:36:15,22.2548834,84.8800733,-0.501,4.771,0.39,-0.403,0.276,-62.4,0,0.0000,4.80
14:36:15,22.2548874,84.8800787,-0.520,4.784,0.38,-0.360,0.256,-63.3,0,0.0000,4.81
14:36:15,22.2548874,84.8800787,-0.537,4.796,0.38,-0.323,0.237,-63.3,0,0.0000,4.83
14:36:15,22.2548874,84.8800787,-0.569,4.809,0.38,-0.472,0.234,-63.8,0,0.0091,4.84
14:36:15,22.2548874,84.8800787,-0.592,4.821,0.38,-0.442,0.220,-63.8,0,0.0091,4.86
14:36:15,22.2548874,84.8800787,-0.613,4.832,0.38,-0.413,0.205,-64.0,0,0.0091,4.87
14:36:15,22.2548874,84.8800787,-0.634,4.842,0.38,-0.391,0.200,-64.0,0,0.0091,4.88
14:36:15,22.2548874,84.8800787,-0.663,4.854,0.38,-0.490,0.225,-64.2,0,0.0098,4.90
14:36:16,22.2548874,84.8800787,-0.688,4.866,0.38,-0.474,0.230,-64.2,0,0.0000,4.91
14:36:16,22.2548874,84.8800787,-0.711,4.878,0.38,-0.458,0.236,-64.3,0,0.0000,4.93
14:36:16,22.2548874,84.8800787,-0.741,4.890,0.38,-0.562,0.250,-64.3,0,0.0096,4.95
14:36:16,22.2548914,84.8800838,-0.769,4.903,0.37,-0.552,0.266,-64.3,0,0.0096,4.96
14:36:16,22.2548914,84.8800838,-0.797,4.917,0.37,-0.542,0.282,-64.4,0,0.0096,4.98
14:36:16,22.2548914,84.8800838,-0.824,4.931,0.37,-0.536,0.309,-64.4,0,0.0096,5.00
14:36:16,22.2548914,84.8800838,-0.856,4.943,0.37,-0.594,0.284,-64.4,0,0.0092,5.02
14:36:16,22.2548957,84.8800889,-0.886,4.959,0.37,-0.590,0.320,-64.4,0,0.0000,5.04
14:36:16,22.2548957,84.8800889,-0.916,4.976,0.37,-0.587,0.356,-64.5,0,0.0000,5.06
14:36:16,22.2548957,84.8800889,-0.945,4.995,0.37,-0.585,0.399,-64.5,0,0.0000,5.08
14:36:16,22.2548957,84.8800889,-0.978,5.002,0.37,-0.624,0.282,-64.5,0,0.0115,5.10
14:36:16,22.2548957,84.8800889,-1.010,5.017,0.37,-0.622,0.329,-64.5,0,0.0115,5.12
14:36:16,22.2548957,84.8800889,-1.041,5.035,0.37,-0.620,0.376,-64.6,0,0.0115,5.14
14:36:16,22.2548957,84.8800889,-1.072,5.055,0.37,-0.619,0.426,-64.6,0,0.0115,5.17
14:36:16,22.2548957,84.8800889,-1.104,5.062,0.37,-0.624,0.296,-64.6,0,0.0069,5.18
14:36:16,22.2548957,84.8800889,-1.135,5.079,0.37,-0.623,0.348,-64.7,0,0.0000,5.20
14:36:16,22.2549,84.8800938,-1.167,5.097,0.39,-0.622,0.400,-64.7,0,0.0000,5.23
14:36:16,22.2549,84.8800938,-1.192,5.107,0.39,-0.531,0.272,-65.1,0,0.0085,5.24
14:36:16,22.2549,84.8800938,-1.219,5.122,0.39,-0.537,0.325,-65.1,0,0.0085,5.27
14:36:17,22.2549,84.8800938,-1.247,5.140,0.39,-0.544,0.378,-65.5,0,0.0085,5.29
14:36:17,22.2549043,84.8800991,-1.274,5.161,0.41,-0.564,0.432,-65.5,0,0.0085,5.32
14:36:17,22.2549043,84.8800991,-1.285,5.159,0.41,-0.367,0.202,-66.0,0,0.0042,5.32
14:36:17,22.2549043,84.8800991,-1.304,5.171,0.41,-0.400,0.260,-66.5,0,0.0000,5.33
14:36:17,22.2549043,84.8800991,-1.325,5.186,0.41,-0.443,0.320,-66.5,0,0.0000,5.35
14:36:17,22.2549043,84.8800991,-1.349,5.203,0.41,-0.486,0.381,-66.5,0,0.0000,5.38
14:36:17,22.2549043,84.8800991,-1.356,5.198,0.41,-0.322,0.145,-66.5,0,0.0034,5.37
14:36:17,22.2549043,84.8800991,-1.374,5.207,0.41,-0.366,0.207,-67.4,0,0.0034,5.39
14:36:17,22.2549043,84.8800991,-1.394,5.219,0.41,-0.415,0.271,-67.4,0,0.0034,5.40
14:36:17,22.2549086,84.880105,-1.416,5.235,0.43,-0.464,0.335,-67.9,0,0.0034,5.42
14:36:17,22.2549086,84.880105,-1.424,5.228,0.43,-0.314,0.113,-67.9,0,0.0034,5.42
14:36:17,22.2549086,84.880105,-1.460,5.246,0.43,-0.408,0.239,-67.9,0,0.0000,5.45
14:36:17,22.2549086,84.880105,-1.482,5.260,0.43,-0.454,0.301,-68.4,0,0.0000,5.46
14:36:17,22.2549086,84.880105,-1.487,5.256,0.43,-0.279,0.121,-68.4,0,0.0030,5.46
14:36:17,22.2549128,84.8801117,-1.502,5.263,0.45,-0.321,0.181,-68.8,0,0.0030,5.47
14:36:17,22.2549128,84.8801117,-1.519,5.274,0.45,-0.358,0.236,-69.1,0,0.0030,5.49
14:36:17,22.2549128,84.8801117,-1.538,5.287,0.45,-0.390,0.285,-69.1,0,0.0030,5.51
14:36:17,22.2549128,84.8801117,-1.545,5.283,0.45,-0.265,0.106,-69.3,0,0.0028,5.50
14:36:17,22.2549128,84.8801117,-1.559,5.289,0.45,-0.292,0.149,-69.3,0,0.0000,5.51
14:36:17,22.2549128,84.8801117,-1.575,5.298,0.45,-0.319,0.192,-69.4,0,0.0000,5.53
14:36:18,22.2549128,84.8801117,-1.591,5.308,0.45,-0.341,0.228,-69.4,0,0.0000,5.54
14:36:18,22.2549128,84.8801117,-1.597,5.305,0.45,-0.229,0.086,-69.4,0,0.0024,5.54
14:36:18,22.2549169,84.8801189,-1.609,5.310,0.47,-0.246,0.117,-69.4,0,0.0024,5.55
14:36:18,22.2549169,84.8801189,-1.622,5.317,0.47,-0.264,0.148,-69.3,0,0.0024,5.56
14:36:18,22.2549169,84.8801189,-1.632,5.318,0.47,-0.225,0.063,-69.2,0,0.0023,5.56
14:36:18,22.2549169,84.8801189,-1.644,5.322,0.47,-0.236,0.086,-69.2,0,0.0000,5.57
14:36:18,22.2549169,84.8801189,-1.656,5.327,0.47,-0.248,0.109,-68.9,0,0.0000,5.58
14:36:18,22.2549209,84.8801265,-1.669,5.333,0.48,-0.258,0.130,-68.9,0,0.0000,5.59
14:36:18,22.2549209,84.8801265,-1.678,5.330,0.48,-0.219,0.035,-68.7,0,0.0021,5.59
14:36:18,22.2549209,84.8801265,-1.689,5.332,0.48,-0.228,0.056,-68.7,0,0.0021,5.59
14:36:18,22.2549209,84.8801265,-1.701,5.336,0.48,-0.237,0.077,-68.4,0,0.0021,5.60
14:36:18,22.2549209,84.8801265,-1.713,5.340,0.48,-0.246,0.099,-68.4,0,0.0021,5.61
14:36:18,22.2549209,84.8801265,-1.719,5.337,0.48,-0.179,0.027,-68.4,0,0.0017,5.61
14:36:18,22.2549209,84.8801265,-1.728,5.339,0.48,-0.188,0.049,-68.1,0,0.0000,5.61
14:36:18,22.2549209,84.8801265,-1.738,5.342,0.48,-0.197,0.073,-68.1,0,0.0000,5.62
14:36:18,22.2549209,84.8801265,-1.746,5.341,0.48,-0.170,0.007,-67.7,0,0.0016,5.62
14:36:18,22.2549249,84.8801346,-1.755,5.342,0.49,-0.179,0.033,-67.7,0,0.0016,5.62
14:36:18,22.2549249,84.8801346,-1.764,5.344,0.49,-0.189,0.059,-67.4,0,0.0016,5.63
14:36:18,22.2549249,84.8801346,-1.774,5.348,0.49,-0.198,0.088,-67.4,0,0.0016,5.63
14:36:18,22.2549249,84.8801346,-1.779,5.344,0.49,-0.151,0.006,-67.1,0,0.0015,5.63
14:36:19,22.2549289,84.8801431,-1.787,5.345,0.50,-0.161,0.036,-67.1,0,0.0000,5.64
14:36:19,22.2549289,84.8801431,-1.795,5.347,0.50,-0.171,0.066,-66.9,0,0.0000,5.64
14:36:19,22.2549289,84.8801431,-1.804,5.351,0.50,-0.180,0.097,-66.6,0,0.0000,5.65
14:36:19,22.2549289,84.8801431,-1.810,5.348,0.50,-0.152,0.022,-66.6,0,0.0015,5.65
14:36:19,22.2549289,84.8801431,-1.818,5.350,0.50,-0.160,0.053,-66.3,0,0.0015,5.65
14:36:19,22.2549289,84.8801431,-1.826,5.353,0.50,-0.168,0.083,-66.3,0,0.0015,5.66
14:36:19,22.2549289,84.8801431,-1.835,5.358,0.50,-0.176,0.113,-66.0,0,0.0015,5.66
14:36:19,22.2549289,84.8801431,-1.841,5.355,0.50,-0.147,0.033,-66.0,0,0.0014,5.66
14:36:19,22.2549289,84.8801431,-1.849,5.358,0.50,-0.154,0.062,-66.0,0,0.0000,5.67
14:36:19,22.2549328,84.8801519,-1.857,5.361,0.51,-0.160,0.090,-66.0,0,0.0000,5.67
14:36:19,22.2549328,84.8801519,-1.865,5.367,0.51,-0.167,0.119,-65.8,0,0.0000,5.68
14:36:19,22.2549328,84.8801519,-1.873,5.373,0.51,-0.173,0.146,-65.7,0,0.0015,5.69
14:36:19,22.2549328,84.8801519,-1.882,5.381,0.51,-0.177,0.171,-65.7,0,0.0015,5.70
14:36:19,22.2549369,84.8801608,-1.891,5.391,0.51,-0.181,0.196,-65.6,0,0.0015,5.71
14:36:19,22.2549369,84.8801608,-1.900,5.401,0.51,-0.184,0.219,-65.6,0,0.0015,5.73
14:36:19,22.2549369,84.8801608,-1.899,5.376,0.51,-0.129,0.045,-65.5,0,0.0013,5.70
14:36:19,22.2549369,84.8801608,-1.906,5.379,0.51,-0.131,0.067,-65.5,0,0.0000,5.71
14:36:19,22.2549369,84.8801608,-1.912,5.383,0.51,-0.133,0.089,-65.5,0,0.0000,5.71
14:36:19,22.2549369,84.8801608,-1.919,5.388,0.51,-0.135,0.110,-65.5,0,0.0000,5.72
14:36:19,22.2549369,84.8801608,-1.925,5.385,0.51,-0.123,0.039,-65.4,0,0.0013,5.72
14:36:20,22.2549369,84.8801608,-1.931,5.388,0.51,-0.124,0.060,-65.4,0,0.0013,5.72
14:36:20,22.2549369,84.8801608,-1.937,5.392,0.51,-0.125,0.081,-65.4,0,0.0013,5.73
14:36:20,22.2549411,84.8801699,-1.943,5.396,0.51,-0.126,0.101,-65.3,0,0.0013,5.74
14:36:20,22.2549411,84.8801699,-1.950,5.402,0.51,-0.127,0.122,-65.3,0,0.0000,5.74
14:36:20,22.2549411,84.8801699,-1.956,5.408,0.51,-0.128,0.142,-65.3,0,0.0000,5.75
14:36:20,22.2549411,84.8801699,-1.963,5.416,0.51,-0.129,0.163,-65.3,0,0.0000,5.76
14:36:20,22.2549454,84.880179,-1.966,5.401,0.51,-0.108,0.038,-65.3,0,0.0011,5.75
14:36:20,22.2549454,84.880179,-1.971,5.404,0.51,-0.110,0.058,-65.3,0,0.0011,5.75
14:36:20,22.2549454,84.880179,-1.977,5.407,0.51,-0.111,0.079,-65.3,0,0.0011,5.76
14:36:20,22.2549454,84.880179,-1.982,5.412,0.51,-0.112,0.100,-65.3,0,0.0011,5.76
14:36:20,22.2549454,84.880179,-1.987,5.410,0.51,-0.103,0.041,-65.3,0,0.0011,5.76
14:36:20,22.2549454,84.880179,-1.992,5.413,0.51,-0.105,0.062,-65.3,0,0.0000,5.77
14:36:20,22.2549454,84.880179,-1.998,5.416,0.51,-0.107,0.082,-65.3,0,0.0000,5.77
14:36:20,22.2549454,84.880179,-2.002,5.417,0.51,-0.096,0.041,-65.2,0,0.0010,5.78
14:36:20,22.2549454,84.880179,-2.007,5.420,0.51,-0.099,0.061,-65.2,0,0.0010,5.78
14:36:20,22.2549454,84.880179,-2.012,5.423,0.51,-0.102,0.081,-65.2,0,0.0010,5.78
14:36:20,22.2549499,84.8801884,-2.018,5.428,0.50,-0.105,0.102,-65.2,0,0.0010,5.79
14:36:20,22.2549499,84.8801884,-2.022,5.427,0.50,-0.094,0.041,-65.2,0,0.0010,5.79
14:36:20,22.2549499,84.8801884,-2.027,5.429,0.50,-0.100,0.061,-65.2,0,0.0000,5.80
14:36:21,22.2549499,84.8801884,-2.032,5.433,0.50,-0.107,0.080,-65.2,0,0.0000,5.80
14:36:21,22.2549544,84.8801975,-2.037,5.437,0.49,-0.114,0.099,-65.2,0,0.0000,5.81
14:36:21,22.2549544,84.8801975,-2.041,5.436,0.49,-0.094,0.041,-65.2,0,0.0010,5.81
14:36:21,22.2549544,84.8801975,-2.046,5.438,0.49,-0.102,0.060,-65.2,0,0.0010,5.81
14:36:21,22.2549544,84.8801975,-2.051,5.442,0.49,-0.111,0.079,-65.3,0,0.0010,5.82
14:36:21,22.2549544,84.8801975,-2.057,5.446,0.49,-0.121,0.098,-65.3,0,0.0010,5.82
14:36:21,22.2549544,84.8801975,-2.061,5.445,0.49,-0.102,0.038,-65.3,0,0.0067,5.82
14:36:21,22.2549544,84.8801975,-2.066,5.447,0.49,-0.111,0.058,-65.3,0,0.0000,5.83
14:36:21,22.2549544,84.8801975,-2.072,5.451,0.49,-0.122,0.077,-65.3,0,0.0000,5.83
14:36:21,22.2549591,84.8802069,-2.078,5.455,0.48,-0.133,0.096,-65.3,0,0.0000,5.84
14:36:21,22.2549591,84.8802069,-2.081,5.454,0.48,-0.090,0.042,-65.3,0,0.0009,5.84
14:36:21,22.2549591,84.8802069,-2.086,5.457,0.48,-0.102,0.061,-65.4,0,0.0009,5.84
14:36:21,22.2549591,84.8802069,-2.091,5.460,0.48,-0.115,0.079,-65.5,0,0.0009,5.85
14:36:21,22.2549591,84.8802069,-2.097,5.465,0.48,-0.129,0.098,-65.5,0,0.0009,5.85
14:36:21,22.2549638,84.8802161,-2.099,5.464,0.47,-0.085,0.042,-65.5,0,0.0009,5.85
14:36:21,22.2549638,84.8802161,-2.104,5.466,0.47,-0.099,0.060,-65.6,0,0.0000,5.86
14:36:21,22.2549638,84.8802161,-2.109,5.470,0.47,-0.115,0.079,-65.6,0,0.0000,5.86
14:36:21,22.2549638,84.8802161,-2.115,5.474,0.47,-0.131,0.098,-65.6,0,0.0000,5.87
14:36:21,22.2549638,84.8802161,-2.116,5.473,0.47,-0.081,0.039,-65.6,0,0.0009,5.87
14:36:21,22.2549638,84.8802161,-2.121,5.475,0.47,-0.098,0.058,-65.7,0,0.0009,5.87
14:36:22,22.2549638,84.8802161,-2.126,5.479,0.47,-0.115,0.078,-65.7,0,0.0009,5.88
14:36:22,22.2549638,84.8802161,-2.129,5.479,0.47,-0.082,0.037,-65.8,0,0.0009,5.88
14:36:22,22.2549686,84.8802257,-2.134,5.482,0.45,-0.100,0.057,-65.9,0,0.0000,5.88
14:36:22,22.2549686,84.8802257,-2.139,5.485,0.45,-0.118,0.077,-65.9,0,0.0000,5.89
14:36:22,22.2549686,84.8802257,-2.146,5.489,0.45,-0.137,0.098,-65.9,0,0.0000,5.89
14:36:22,22.2549686,84.8802257,-2.147,5.488,0.45,-0.082,0.036,-66.0,0,0.0008,5.89
14:36:22,22.2549734,84.8802353,-2.151,5.490,0.44,-0.100,0.057,-66.0,0,0.0008,5.90
14:36:22,22.2549734,84.8802353,-2.157,5.494,0.44,-0.119,0.079,-66.1,0,0.0008,5.90
14:36:22,22.2549734,84.8802353,-2.163,5.498,0.44,-0.137,0.101,-66.1,0,0.0008,5.91
14:36:22,22.2549734,84.8802353,-2.164,5.496,0.44,-0.081,0.034,-66.2,0,0.0009,5.91
14:36:22,22.2549734,84.8802353,-2.169,5.498,0.44,-0.099,0.057,-66.4,0,0.0000,5.91
14:36:22,22.2549734,84.8802353,-2.174,5.502,0.44,-0.116,0.081,-66.4,0,0.0000,5.92
14:36:22,22.2549734,84.8802353,-2.181,5.507,0.44,-0.134,0.104,-66.4,0,0.0000,5.92
14:36:22,22.2549734,84.8802353,-2.182,5.504,0.44,-0.086,0.033,-66.5,0,0.0009,5.92
14:36:22,22.2549734,84.8802353,-2.187,5.506,0.44,-0.103,0.056,-66.6,0,0.0009,5.92
14:36:22,22.2549784,84.8802453,-2.193,5.510,0.43,-0.119,0.079,-66.6,0,0.0009,5.93
14:36:22,22.2549784,84.8802453,-2.199,5.514,0.43,-0.135,0.101,-66.6,0,0.0009,5.94
14:36:22,22.2549784,84.8802453,-2.200,5.512,0.43,-0.078,0.037,-66.7,0,0.0008,5.94
14:36:22,22.2549784,84.8802453,-2.204,5.515,0.43,-0.094,0.059,-66.7,0,0.0000,5.94
14:36:22,22.2549784,84.8802453,-2.209,5.518,0.43,-0.110,0.080,-66.7,0,0.0000,5.94
14:36:23,22.2549784,84.8802453,-2.212,5.519,0.43,-0.071,0.033,-66.8,0,0.0007,5.95
14:36:23,22.2549784,84.8802453,-2.216,5.521,0.43,-0.088,0.053,-66.8,0,0.0007,5.95
14:36:23,22.2549784,84.8802453,-2.221,5.524,0.43,-0.104,0.073,-66.8,0,0.0007,5.95
14:36:23,22.2549835,84.8802555,-2.226,5.528,0.43,-0.120,0.094,-66.8,0,0.0007,5.96
14:36:23,22.2549835,84.8802555,-2.227,5.526,0.43,-0.069,0.029,-66.9,0,0.0007,5.96
14:36:23,22.2549835,84.8802555,-2.231,5.528,0.43,-0.085,0.048,-66.9,0,0.0000,5.96
14:36:23,22.2549835,84.8802555,-2.236,5.531,0.43,-0.101,0.067,-66.9,0,0.0000,5.97
14:36:23,22.2549886,84.8802656,-2.241,5.535,0.44,-0.118,0.086,-66.9,0,0.0000,5.97
14:36:23,22.2549886,84.8802656,-2.248,5.540,0.44,-0.133,0.105,-66.8,0,0.0000,5.98
14:36:23,22.2549886,84.8802656,-2.255,5.545,0.44,-0.148,0.124,-66.8,0,0.0000,5.99
14:36:23,22.2549886,84.8802656,-2.262,5.552,0.44,-0.163,0.142,-66.8,0,0.0000,6.00
14:36:23,22.2549886,84.8802656,-2.271,5.560,0.44,-0.179,0.161,-66.8,0,0.0000,6.01
14:36:23,22.2549886,84.8802656,-2.280,5.568,0.44,-0.193,0.179,-66.8,0,0.0000,6.02
14:36:23,22.2549886,84.8802656,-2.291,5.578,0.44,-0.208,0.197,-66.8,0,0.0000,6.03
14:36:23,22.2549886,84.8802656,-2.301,5.588,0.44,-0.222,0.215,-66.8,0,0.0000,6.04
14:36:23,22.2549886,84.8802656,-2.313,5.600,0.44,-0.237,0.233,-66.8,0,0.0000,6.06
14:36:23,22.2549886,84.8802656,-2.325,5.612,0.44,-0.251,0.251,-66.8,0,0.0000,6.07
14:36:23,22.2549886,84.8802656,-2.338,5.625,0.44,-0.266,0.269,-66.8,0,0.0000,6.09
14:36:23,22.2549886,84.8802656,-2.352,5.639,0.44,-0.280,0.287,-66.8,0,0.0000,6.11
14:36:24,22.2549886,84.8802656,-2.367,5.654,0.44,-0.295,0.305,-66.8,0,0.0000,6.13
14:36:24,22.2549886,84.8802656,-2.382,5.669,0.44,-0.309,0.323,-66.8,0,0.0000,6.15
14:36:24,22.2549886,84.8802656,-2.398,5.686,0.44,-0.324,0.341,-66.8,0,0.0000,6.17
14:36:24,22.2549886,84.8802656,-2.414,5.704,0.44,-0.338,0.359,-66.8,0,0.0000,6.19
14:36:24,22.2549886,84.8802656,-2.432,5.722,0.44,-0.353,0.377,-66.8,0,0.0000,6.22
14:36:24,22.2549886,84.8802656,-2.450,5.742,0.44,-0.367,0.395,-66.8,0,0.0000,6.24
14:36:24,22.2549886,84.8802656,-2.469,5.762,0.44,-0.382,0.413,-66.8,0,0.0000,6.27
14:36:24,22.2549886,84.8802656,-2.488,5.783,0.44,-0.397,0.431,-66.8,0,0.0000,6.30
14:36:24,22.2549886,84.8802656,-2.509,5.806,0.44,-0.411,0.449,-66.8,0,0.0000,6.32
14:36:24,22.2549886,84.8802656,-2.530,5.829,0.44,-0.426,0.467,-66.8,0,0.0000,6.35
14:36:24,22.2549886,84.8802656,-2.551,5.852,0.44,-0.440,0.485,-66.8,0,0.0000,6.38
14:36:24,22.2549886,84.8802656,-2.574,5.877,0.44,-0.455,0.503,-66.8,0,0.0000,6.42
14:36:24,22.2549886,84.8802656,-2.597,5.903,0.44,-0.469,0.522,-66.8,0,0.0000,6.45
14:36:24,22.2549886,84.8802656,-2.621,5.929,0.44,-0.469,0.522,-66.8,0,0.0000,6.48
14:36:24,22.2549886,84.8802656,-2.644,5.956,0.44,-0.469,0.522,-66.8,0,0.0000,6.52
14:36:24,22.2549886,84.8802656,-2.668,5.982,0.44,-0.469,0.522,-66.8,0,0.0000,6.55
14:36:24,22.2549886,84.8802656,-2.692,6.008,0.44,-0.469,0.522,-66.8,0,0.0000,6.58
14:36:24,22.2549886,84.8802656,-2.715,6.034,0.44,-0.469,0.522,-66.8,0,0.0000,6.62
14:36:24,22.2549886,84.8802656,-2.739,6.061,0.44,-0.469,0.522,-66.8,0,0.0000,6.65
14:36:24,22.2549886,84.8802656,-2.762,6.087,0.44,-0.469,0.522,-66.8,0,0.0000,6.68
14:36:25,22.2549886,84.8802656,-2.786,6.113,0.44,-0.469,0.522,-66.8,0,0.0000,6.72
14:36:25,22.2549886,84.8802656,-2.809,6.139,0.44,-0.469,0.522,-66.8,0,0.0000,6.75
14:36:25,22.2549886,84.8802656,-2.833,6.165,0.44,-0.469,0.522,-66.8,0,0.0000,6.79
14:36:25,22.2549886,84.8802656,-2.857,6.192,0.44,-0.469,0.522,-66.8,0,0.0000,6.82
14:36:25,22.2549886,84.8802656,-2.880,6.218,0.44,-0.469,0.522,-66.8,0,0.0000,6.85
14:36:25,22.2549886,84.8802656,-2.904,6.244,0.44,-0.469,0.522,-66.8,0,0.0000,6.89
14:36:25,22.2549886,84.8802656,-2.927,6.270,0.44,-0.469,0.522,-66.8,0,0.0000,6.92
14:36:25,22.2549886,84.8802656,-2.951,6.297,0.44,-0.469,0.522,-66.8,0,0.0000,6.95
14:36:25,22.2549886,84.8802656,-2.975,6.323,0.44,-0.469,0.522,-66.8,0,0.0000,6.99
14:36:25,22.2549886,84.8802656,-2.998,6.349,0.44,-0.469,0.522,-66.8,0,0.0000,7.02
14:36:25,22.2549886,84.8802656,-3.022,6.375,0.44,-0.469,0.522,-66.8,0,0.0000,7.06
14:36:25,22.2549886,84.8802656,-3.045,6.402,0.44,-0.469,0.522,-66.8,0,0.0000,7.09
14:36:25,22.2549886,84.8802656,-3.069,6.428,0.44,-0.469,0.522,-66.8,0,0.0000,7.12
14:36:25,22.2549886,84.8802656,-3.093,6.454,0.44,-0.469,0.522,-66.8,0,0.0000,7.16
14:36:25,22.2549886,84.8802656,-3.116,6.480,0.44,-0.469,0.522,-66.8,0,0.0000,7.19
14:36:25,22.2549886,84.8802656,-3.140,6.507,0.44,-0.469,0.522,-66.8,0,0.0000,7.22
14:36:25,22.2549886,84.8802656,-3.163,6.533,0.44,-0.469,0.522,-66.8,0,0.0000,7.26
14:36:25,22.2549886,84.8802656,-3.187,6.559,0.44,-0.469,0.522,-66.8,0,0.0000,7.29
14:36:25,22.2549886,84.8802656,-3.211,6.585,0.44,-0.469,0.522,-66.8,0,0.0000,7.33
14:36:25,22.2549886,84.8802656,-3.234,6.612,0.44,-0.469,0.522,-66.8,0,0.0000,7.36
14:36:26,22.2549886,84.8802656,-3.258,6.638,0.44,-0.469,0.522,-66.8,0,0.0000,7.39
14:36:26,22.2549886,84.8802656,-3.281,6.664,0.44,-0.469,0.522,-66.8,0,0.0000,7.43
14:36:26,22.2549886,84.8802656,-3.305,6.690,0.44,-0.469,0.522,-66.8,0,0.0000,7.46
14:36:26,22.2549886,84.8802656,-3.329,6.716,0.44,-0.469,0.522,-66.8,0,0.0000,7.50
14:36:26,22.2549886,84.8802656,-3.352,6.743,0.44,-0.469,0.522,-66.8,0,0.0000,7.53
14:36:26,22.2549886,84.8802656,-3.376,6.769,0.44,-0.469,0.522,-66.8,0,0.0000,7.56
14:36:26,22.2549886,84.8802656,-3.399,6.795,0.44,-0.469,0.522,-66.8,0,0.0000,7.60
14:36:26,22.2549886,84.8802656,-3.423,6.821,0.44,-0.469,0.522,-66.8,0,0.0000,7.63
14:36:26,22.2549886,84.8802656,-3.447,6.848,0.44,-0.469,0.522,-66.8,0,0.0000,7.67
14:36:26,22.2549886,84.8802656,-3.470,6.874,0.44,-0.469,0.522,-66.8,0,0.0000,7.70
14:36:26,22.2549886,84.8802656,-3.494,6.900,0.44,-0.469,0.522,-66.8,0,0.0000,7.73
14:36:26,22.2549886,84.8802656,-3.518,6.927,0.44,-0.469,0.522,-66.8,0,0.0000,7.77
14:36:26,22.2549886,84.8802656,-3.541,6.953,0.44,-0.469,0.522,-66.8,0,0.0000,7.80
14:36:26,22.2549886,84.8802656,-3.565,6.979,0.44,-0.469,0.522,-66.8,0,0.0000,7.84
14:36:26,22.2549886,84.8802656,-3.589,7.005,0.44,-0.469,0.522,-66.8,0,0.0000,7.87
14:36:26,22.2549886,84.8802656,-3.612,7.032,0.44,-0.469,0.522,-66.8,0,0.0000,7.91
14:36:26,22.2549886,84.8802656,-3.636,7.058,0.44,-0.469,0.522,-66.8,0,0.0000,7.94
14:36:26,22.2549886,84.8802656,-3.660,7.084,0.44,-0.469,0.522,-66.8,0,0.0000,7.97
14:36:26,22.2549886,84.8802656,-3.683,7.111,0.44,-0.469,0.522,-66.8,0,0.0000,8.01
14:36:26,22.2549886,84.8802656,-3.707,7.137,0.44,-0.469,0.522,-66.8,0,0.0000,8.04
14:36:27,22.2549886,84.8802656,-3.731,7.163,0.44,-0.469,0.522,-66.8,0,0.0000,8.08
14:36:27,22.2549886,84.8802656,-3.754,7.190,0.44,-0.469,0.522,-66.8,0,0.0000,8.11
14:36:27,22.2549886,84.8802656,-3.778,7.216,0.44,-0.469,0.522,-65.8,0,0.0000,8.15
14:36:27,22.2549886,84.8802656,-3.802,7.243,0.44,-0.473,0.565,-65.8,0,0.0000,8.18
14:36:27,22.2550912,84.8804128,-3.850,7.306,0.44,-0.477,0.666,-66.1,0,0.0000,8.26
14:36:27,22.2550912,84.8804128,-3.874,7.341,0.44,-0.479,0.722,-66.4,0,0.0000,8.30
14:36:27,22.2550912,84.8804128,-3.898,7.379,0.44,-0.477,0.789,-66.4,0,0.0000,8.34
14:36:27,22.2550912,84.8804128,-3.922,7.420,0.44,-0.476,0.855,-66.8,0,0.0000,8.39
14:36:27,22.2550912,84.8804128,-3.946,7.465,0.44,-0.472,0.931,-66.8,0,0.0000,8.44
14:36:27,22.2551322,84.8804445,-3.970,7.514,0.43,-0.469,1.006,-67.1,0,0.0000,8.50
14:36:27,22.2551322,84.8804445,-3.993,7.567,0.43,-0.464,1.086,-67.5,0,0.0000,8.56
14:36:27,22.2551322,84.8804445,-4.016,7.623,0.43,-0.457,1.166,-67.5,0,0.0000,8.62
14:36:27,22.2551322,84.8804445,-4.039,7.684,0.43,-0.450,1.247,-67.9,0,0.0000,8.68
14:36:27,22.2551712,84.880475,-4.062,7.749,0.42,-0.443,1.325,-67.9,0,0.0000,8.75
14:36:27,22.2551712,84.880475,-4.084,7.818,0.42,-0.436,1.402,-68.3,0,0.0000,8.82
14:36:27,22.2551712,84.880475,-4.106,7.890,0.42,-0.429,1.474,-68.3,0,0.0000,8.89
14:36:27,22.2551712,84.880475,-3.158,4.574,0.42,-0.001,0.070,-68.7,0,0.0007,5.56
14:36:27,22.2551712,84.880475,-3.158,4.579,0.42,0.005,0.134,-68.7,0,0.0000,5.56
14:36:27,22.2551712,84.880475,-3.158,4.588,0.42,0.011,0.198,-69.1,0,0.0000,5.57
14:36:28,22.2551712,84.880475,-3.157,4.599,0.42,0.016,0.251,-69.5,0,0.0000,5.58
14:36:28,22.2551712,84.880475,-3.160,4.568,0.42,0.001,0.086,-69.5,0,0.0008,5.55
14:36:28,22.2552103,84.8805059,-3.160,4.574,0.40,0.004,0.129,-69.5,0,0.0008,5.56
14:36:28,22.2552103,84.8805059,-3.160,4.581,0.40,0.007,0.173,-69.5,0,0.0008,5.57
14:36:28,22.2552103,84.8805059,-3.160,4.581,0.40,0.001,0.080,-70.0,0,0.0009,5.57
14:36:28,22.2552103,84.8805059,-3.160,4.586,0.40,0.002,0.115,-70.0,0,0.0000,5.57
14:36:28,22.2552103,84.8805059,-3.160,4.593,0.40,0.003,0.149,-70.4,0,0.0000,5.57
14:36:28,22.2552488,84.8805362,-3.160,4.601,0.38,0.002,0.177,-70.9,0,0.0000,5.58
14:36:28,22.2552488,84.8805362,-3.160,4.611,0.38,-0.001,0.201,-70.9,0,0.0000,5.59
14:36:28,22.2552488,84.8805362,-3.162,4.603,0.38,-0.020,0.059,-71.3,0,0.0009,5.58
14:36:28,22.2552488,84.8805362,-3.163,4.606,0.38,-0.024,0.082,-71.3,0,0.0009,5.59
14:36:28,22.2552488,84.8805362,-3.164,4.611,0.38,-0.027,0.105,-71.7,0,0.0009,5.59
14:36:28,22.2552488,84.8805362,-3.166,4.617,0.38,-0.031,0.131,-71.7,0,0.0010,5.60
14:36:28,22.2552488,84.8805362,-3.167,4.624,0.38,-0.035,0.156,-72.2,0,0.0000,5.60
14:36:28,22.2552488,84.8805362,-3.169,4.633,0.38,-0.040,0.186,-72.2,0,0.0000,5.61
14:36:28,22.2552876,84.880567,-3.171,4.643,0.34,-0.044,0.216,-72.6,0,0.0000,5.62
14:36:28,22.2552876,84.880567,-3.170,4.618,0.34,-0.025,0.025,-72.6,0,0.0010,5.60
14:36:28,22.2552876,84.880567,-3.171,4.620,0.34,-0.029,0.062,-72.6,0,0.0010,5.60
14:36:28,22.2552876,84.880567,-3.173,4.624,0.34,-0.033,0.099,-73.4,0,0.0010,5.61
14:36:28,22.2552876,84.880567,-3.174,4.622,0.34,-0.027,0.025,-73.4,0,0.0011,5.61
14:36:29,22.2553265,84.8805979,-3.175,4.625,0.29,-0.029,0.076,-73.8,0,0.0000,5.61
14:36:29,22.2553265,84.8805979,-3.177,4.630,0.29,-0.031,0.133,-73.8,0,0.0000,5.61
14:36:29,22.2553265,84.8805979,-3.178,4.638,0.29,-0.032,0.190,-73.8,0,0.0000,5.62
14:36:29,22.2553265,84.8805979,-3.180,4.649,0.29,-0.034,0.247,-73.8,0,0.0000,5.63
14:36:29,22.2553265,84.8805979,-3.181,4.634,0.29,-0.025,0.038,-74.2,0,0.0011,5.62
14:36:29,22.2553265,84.8805979,-3.182,4.637,0.29,-0.026,0.100,-74.2,0,0.0011,5.62
14:36:29,22.2553265,84.8805979,-3.183,4.644,0.29,-0.026,0.161,-74.6,0,0.0011,5.63
14:36:29,22.2553265,84.8805979,-3.184,4.642,0.29,-0.019,0.051,-75.0,0,0.0011,5.63
14:36:29,22.2553265,84.8805979,-3.185,4.646,0.29,-0.018,0.115,-75.0,0,0.0000,5.63
14:36:29,22.2553653,84.8806286,-3.186,4.654,0.25,-0.017,0.179,-75.4,0,0.0000,5.64
14:36:29,22.2553653,84.8806286,-3.187,4.664,0.25,-0.016,0.241,-75.4,0,0.0000,5.65
14:36:29,22.2553653,84.8806286,-3.186,4.657,0.25,-0.001,0.063,-75.8,0,0.0012,5.64
14:36:29,22.2553653,84.8806286,-3.186,4.662,0.25,-0.000,0.121,-75.8,0,0.0012,5.65
14:36:29,22.2554047,84.8806599,-3.186,4.670,0.21,-0.000,0.180,-76.2,0,0.0012,5.65
14:36:29,22.2554047,84.8806599,-3.186,4.680,0.21,-0.000,0.234,-76.6,0,0.0012,5.66
14:36:29,22.2554047,84.8806599,-3.186,4.674,0.21,-0.000,0.066,-76.6,0,0.0012,5.66
14:36:29,22.2554047,84.8806599,-3.186,4.679,0.21,-0.001,0.115,-77.0,0,0.0000,5.66
14:36:29,22.2554047,84.8806599,-3.186,4.686,0.21,-0.002,0.159,-77.0,0,0.0000,5.67
14:36:29,22.2554047,84.8806599,-3.186,4.695,0.21,-0.004,0.202,-77.4,0,0.0000,5.67
14:36:29,22.2554047,84.8806599,-3.186,4.691,0.21,-0.000,0.064,-77.4,0,0.0012,5.67
14:36:30,22.2554047,84.8806599,-3.186,4.695,0.21,-0.003,0.104,-77.7,0,0.0012,5.67
14:36:30,22.2554047,84.8806599,-3.186,4.701,0.21,-0.005,0.140,-77.7,0,0.0012,5.68
14:36:30,22.2554438,84.880691,-3.187,4.709,0.18,-0.008,0.176,-77.7,0,0.0012,5.69
14:36:30,22.2554438,84.880691,-3.186,4.705,0.18,-0.001,0.059,-77.7,0,0.0011,5.68
14:36:30,22.2554438,84.880691,-3.187,4.709,0.18,-0.004,0.095,-78.1,0,0.0000,5.69
14:36:30,22.2554438,84.880691,-3.187,4.715,0.18,-0.007,0.130,-78.4,0,0.0000,5.69
14:36:30,22.2554438,84.880691,-3.187,4.722,0.18,-0.012,0.164,-78.4,0,0.0000,5.70
14:36:30,22.2552362,84.8805429,-3.187,4.718,0.14,-0.001,0.043,-78.7,0,0.0011,5.69
14:36:30,22.2552362,84.8805429,-3.187,4.721,0.14,-0.007,0.079,-78.7,0,0.0011,5.70
14:36:30,22.2552362,84.8805429,-3.187,4.726,0.14,-0.013,0.115,-79.0,0,0.0011,5.70
14:36:30,22.2552362,84.8805429,-3.187,4.725,0.14,-0.001,0.033,-79.0,0,0.0010,5.70
14:36:30,22.2552362,84.8805429,-3.187,4.728,0.14,-0.008,0.072,-79.3,0,0.0000,5.70
14:36:30,22.2552362,84.8805429,-3.188,4.732,0.14,-0.016,0.114,-79.3,0,0.0000,5.71
14:36:30,22.2552362,84.8805429,-3.189,4.739,0.14,-0.024,0.157,-79.5,0,0.0000,5.71
14:36:30,22.2552362,84.8805429,-3.190,4.748,0.14,-0.034,0.202,-79.5,0,0.0000,5.72
14:36:30,22.2552362,84.8805429,-3.188,4.736,0.14,-0.002,0.033,-79.7,0,0.0007,5.71
14:36:30,22.2550688,84.8804242,-3.188,4.739,0.11,-0.013,0.079,-79.8,5,0.0007,5.71
14:36:30,22.2550688,84.8804242,-3.189,4.744,0.11,-0.027,0.123,-79.8,5,0.0007,5.72
14:36:30,22.2550688,84.8804242,-3.188,4.743,0.11,-0.003,0.040,-80.0,5,0.0005,5.72
14:36:30,22.2550688,84.8804242,-3.189,4.746,0.11,-0.018,0.082,-80.0,5,0.0000,5.72
14:36:31,22.2547447,84.8795386,-3.190,4.751,0.10,-0.034,0.122,-80.0,5,0.0000,5.72
14:36:31,22.2547447,84.8795386,-3.192,4.758,0.10,-0.049,0.163,-80.0,5,0.0000,5.73
14:36:31,22.2547447,84.8795386,-3.190,4.754,0.10,-0.003,0.041,-80.1,5,0.0005,5.72
14:36:31,22.2547447,84.8795386,-3.190,4.757,0.10,-0.020,0.078,-80.1,5,0.0005,5.73
14:36:31,22.2547447,84.8795386,-3.192,4.762,0.10,-0.036,0.116,-80.2,5,0.0005,5.73
14:36:31,22.2547447,84.8795386,-3.194,4.768,0.10,-0.053,0.152,-80.2,5,0.0005,5.74
14:36:31,22.2547447,84.8795386,-3.192,4.764,0.10,-0.004,0.035,-80.3,5,0.0004,5.73
14:36:31,22.2547447,84.8795386,-3.192,4.766,0.10,-0.021,0.069,-80.4,5,0.0000,5.74
14:36:31,22.2547447,84.8795386,-3.194,4.771,0.10,-0.039,0.102,-80.4,5,0.0000,5.74
14:36:31,22.254791,84.879606,-3.196,4.777,0.12,-0.056,0.135,-80.5,7,0.0000,5.75
14:36:31,22.254791,84.879606,-3.193,4.772,0.12,-0.004,0.027,-80.5,7,0.0003,5.74
14:36:31,22.254791,84.879606,-3.194,4.774,0.12,-0.022,0.061,-80.6,7,0.0003,5.74
14:36:31,22.254791,84.879606,-3.195,4.778,0.12,-0.039,0.098,-80.6,7,0.0003,5.75
14:36:31,22.2547901,84.8796643,-3.194,4.776,0.11,-0.004,0.009,-80.7,7,0.0002,5.75
14:36:31,22.2547901,84.8796643,-3.195,4.777,0.11,-0.021,0.049,-80.7,7,0.0000,5.75
14:36:31,22.2547901,84.8796643,-3.197,4.781,0.11,-0.038,0.088,-80.7,7,0.0000,5.75
14:36:31,22.2547901,84.8796643,-3.199,4.786,0.11,-0.054,0.130,-80.7,7,0.0000,5.76
14:36:31,22.2547901,84.8796643,-3.198,4.780,0.11,-0.019,0.009,-80.7,12,0.0002,5.75