Timestamp,Latitude,Longitude,Local_X_m,Local_Y_m,Pressure_Depth_m,Linear_Vx_ms,Linear_Vy_ms,Gyro_Heading_Yaw,Satellites_Count,DVL_FOM,Navigation_Drift_m
19:16:55,22.2552526,84.9038386,1.436,-0.518,0.15,0.025,0.002,173.4,8,0.0005,1.53
19:16:55,22.2552526,84.9038386,1.437,-0.518,0.15,0.023,0.004,173.6,8,0.0005,1.53
19:16:55,22.2552526,84.9038386,1.439,-0.517,0.15,0.033,0.017,174.3,8,0.0005,1.53
19:16:55,22.2552526,84.9038386,1.440,-0.517,0.15,0.031,0.019,174.9,8,0.0000,1.53
19:16:55,22.2552526,84.9038386,1.438,-0.488,0.15,0.029,0.022,174.9,8,0.0015,1.52
19:16:55,22.2552526,84.9038386,1.439,-0.487,0.15,0.027,0.025,175.5,8,0.0015,1.52
19:16:55,22.2552526,84.9038386,1.449,-0.486,0.15,0.126,0.023,176.0,8,0.0038,1.53
19:16:55,22.2552526,84.9038386,1.455,-0.485,0.15,0.123,0.025,175.8,8,0.0000,1.53
19:16:55,22.2552526,84.9038386,1.461,-0.484,0.15,0.130,0.003,175.8,8,0.0017,1.54
19:16:55,22.2552527,84.9038387,1.462,-0.458,0.14,0.127,0.006,175.5,8,0.0017,1.53
19:16:55,22.2552527,84.9038387,1.469,-0.458,0.14,0.130,0.001,174.6,8,0.0020,1.54
19:16:55,22.2552527,84.9038387,1.475,-0.458,0.14,0.128,0.009,174.1,8,0.0000,1.54
19:16:55,22.2552527,84.9038387,1.482,-0.457,0.14,0.127,0.019,174.1,8,0.0000,1.55
19:16:56,22.2552526,84.9038389,1.483,-0.435,0.14,0.137,0.002,173.8,8,0.0016,1.55
19:16:56,22.2552526,84.9038389,1.490,-0.435,0.14,0.141,0.002,173.1,8,0.0036,1.55
19:16:56,22.2552526,84.9038389,1.497,-0.434,0.14,0.140,0.015,173.0,8,0.0036,1.56
19:16:56,22.2552526,84.9038389,1.504,-0.434,0.14,0.142,0.003,173.0,8,0.0028,1.57
19:16:56,22.2552526,84.9038389,1.503,-0.413,0.14,0.141,0.018,172.8,8,0.0000,1.56
19:16:56,22.2552526,84.9038389,1.511,-0.414,0.14,0.173,-0.039,172.6,8,0.0047,1.57
19:16:56,22.2552526,84.9038389,1.520,-0.415,0.14,0.167,0.020,172.6,8,0.0029,1.58
19:16:56,22.2552526,84.9038389,1.528,-0.414,0.14,0.167,0.037,172.6,8,0.0029,1.58
19:16:56,22.2552527,84.903839,1.528,-0.392,0.14,0.165,0.038,172.5,8,0.0029,1.58
19:16:56,22.2552527,84.903839,1.536,-0.390,0.14,0.164,0.054,172.4,8,0.0000,1.58
19:16:56,22.2552527,84.903839,1.544,-0.388,0.14,0.165,0.036,172.4,8,0.0030,1.59
19:16:56,22.2552527,84.903839,1.552,-0.387,0.14,0.157,0.008,172.4,8,0.0065,1.60
19:16:56,22.2552529,84.9038391,1.550,-0.367,0.14,0.180,-0.017,172.3,8,0.0049,1.59
19:16:56,22.2552529,84.9038391,1.559,-0.368,0.14,0.176,-0.010,172.2,8,0.0000,1.60
19:16:56,22.2552529,84.9038391,1.568,-0.368,0.14,0.167,-0.000,172.1,8,0.0062,1.61
19:16:56,22.2552529,84.9038391,1.576,-0.368,0.14,0.191,0.029,172.1,8,0.0036,1.62
19:16:56,22.2552529,84.9038391,1.586,-0.366,0.14,0.188,0.033,171.9,8,0.0036,1.63
19:16:56,22.2552529,84.9038391,1.581,-0.347,0.14,0.167,0.044,171.8,8,0.0076,1.62
19:16:56,22.2552529,84.9038391,1.590,-0.344,0.14,0.170,0.048,171.8,8,0.0000,1.63
19:16:56,22.2552529,84.9038391,1.599,-0.344,0.14,0.198,0.005,171.7,8,0.0052,1.64
19:16:57,22.2552529,84.9038391,1.609,-0.343,0.14,0.193,0.043,171.4,8,0.0032,1.65
19:16:57,22.255253,84.903839,1.603,-0.324,0.14,0.201,0.049,171.3,8,0.0032,1.64
19:16:57,22.255253,84.903839,1.614,-0.321,0.14,0.224,0.064,171.3,8,0.0047,1.65
19:16:57,22.255253,84.903839,1.625,-0.318,0.14,0.233,0.072,171.2,8,0.0000,1.66
19:16:57,22.255253,84.903839,1.634,-0.316,0.14,0.167,0.008,171.1,8,0.0044,1.66
19:16:57,22.255253,84.903839,1.626,-0.300,0.14,0.293,0.146,171.2,8,0.0077,1.65
19:16:57,22.255253,84.903839,1.641,-0.292,0.14,0.304,0.159,171.2,8,0.0077,1.67
19:16:57,22.255253,84.903839,1.653,-0.283,0.14,0.217,0.195,171.4,8,0.0077,1.68
19:16:57,22.255253,84.903839,1.665,-0.273,0.14,0.231,0.210,171.6,8,0.0000,1.69
19:16:57,22.2552531,84.9038388,1.653,-0.257,0.13,0.218,0.073,171.7,8,0.0061,1.67
19:16:57,22.2552531,84.9038388,1.664,-0.252,0.13,0.260,0.098,171.7,8,0.0065,1.68
19:16:57,22.2552531,84.9038388,1.678,-0.246,0.13,0.321,0.179,172.1,8,0.0084,1.70
19:16:57,22.2552531,84.9038388,1.695,-0.237,0.13,0.340,0.193,172.3,8,0.0000,1.71
19:16:57,22.2552531,84.9038388,1.683,-0.227,0.13,0.255,-0.029,172.3,8,0.0098,1.70
19:16:57,22.2552531,84.9038388,1.697,-0.228,0.13,0.275,-0.017,172.3,8,0.0098,1.71
19:16:57,22.2552531,84.9038388,1.709,-0.228,0.13,0.244,-0.001,172.5,8,0.0084,1.72
19:16:57,22.2552531,84.9038388,1.721,-0.230,0.13,0.200,-0.122,172.4,8,0.0054,1.74
19:16:57,22.2552531,84.9038388,1.732,-0.236,0.13,0.219,-0.113,172.4,8,0.0000,1.75
19:16:57,22.2552531,84.9038388,1.712,-0.229,0.13,0.191,0.015,172.4,8,0.0072,1.73
19:16:57,22.2552531,84.9038388,1.723,-0.228,0.13,0.241,0.030,172.2,8,0.0049,1.74
19:16:58,22.2552531,84.9038388,1.735,-0.227,0.13,0.258,0.039,172.1,8,0.0049,1.75
19:16:58,22.2552531,84.9038388,1.748,-0.226,0.13,0.238,0.005,172.1,8,0.0034,1.76
19:16:58,22.255253,84.9038385,1.727,-0.219,0.14,0.253,0.012,172.1,8,0.0000,1.74
19:16:58,22.255253,84.9038385,1.740,-0.218,0.14,0.263,0.026,171.9,8,0.0051,1.75
19:16:58,22.255253,84.9038385,1.753,-0.217,0.14,0.242,0.019,171.9,8,0.0031,1.77
19:16:58,22.255253,84.9038385,1.765,-0.216,0.14,0.253,0.024,171.8,8,0.0031,1.78
19:16:58,22.2552528,84.9038378,1.737,-0.213,0.14,0.264,-0.038,171.8,8,0.0055,1.75
19:16:58,22.2552528,84.9038378,1.751,-0.215,0.14,0.273,-0.032,171.8,8,0.0000,1.76
19:16:58,22.2552528,84.9038378,1.764,-0.217,0.14,0.280,-0.028,171.8,8,0.0000,1.78
19:16:58,22.2552528,84.9038378,1.780,-0.215,0.14,0.304,0.027,171.9,8,0.0049,1.79
19:16:58,22.2552528,84.9038378,1.752,-0.210,0.14,0.267,0.035,171.9,8,0.0050,1.76
19:16:58,22.2552528,84.9038378,1.765,-0.208,0.14,0.273,0.040,171.9,8,0.0000,1.78
19:16:58,22.2552528,84.9038378,1.777,-0.206,0.14,0.220,0.054,172.0,8,0.0038,1.79
19:16:58,22.2552528,84.9038378,1.789,-0.203,0.14,0.228,0.061,172.1,8,0.0038,1.80
19:16:58,22.2552528,84.9038373,1.753,-0.200,0.14,0.247,0.021,172.1,8,0.0036,1.76
19:16:58,22.2552528,84.9038373,1.766,-0.198,0.14,0.252,0.027,172.3,8,0.0040,1.78
19:16:58,22.2552528,84.9038373,1.779,-0.197,0.14,0.261,0.036,172.4,8,0.0000,1.79
19:16:58,22.2552528,84.9038373,1.793,-0.195,0.14,0.283,0.041,172.4,8,0.0059,1.80
19:16:58,22.2552528,84.9038373,1.807,-0.193,0.14,0.285,0.033,172.6,8,0.0082,1.82
19:16:58,22.2552526,84.9038365,1.764,-0.192,0.14,0.295,0.041,172.6,8,0.0082,1.77
19:16:59,22.2552526,84.9038365,1.782,-0.189,0.14,0.370,0.065,172.7,8,0.0098,1.79
19:16:59,22.2552526,84.9038365,1.801,-0.186,0.14,0.381,0.072,172.7,8,0.0000,1.81
19:16:59,22.2552526,84.9038365,1.814,-0.183,0.14,0.219,0.055,172.7,8,0.0042,1.82
19:16:59,22.2552526,84.9038365,1.768,-0.182,0.14,0.241,0.046,172.7,8,0.0040,1.78
19:16:59,22.2552526,84.9038365,1.780,-0.179,0.14,0.252,0.049,172.7,8,0.0040,1.79
19:16:59,22.2552526,84.9038365,1.794,-0.178,0.14,0.294,0.027,172.7,8,0.0064,1.80
19:16:59,22.2552526,84.9038365,1.810,-0.176,0.14,0.306,0.027,172.7,8,0.0000,1.82
19:16:59,22.2552526,84.9038358,1.760,-0.175,0.14,0.258,0.079,172.7,8,0.0061,1.77
19:16:59,22.2552526,84.9038358,1.770,-0.173,0.14,0.026,-0.022,172.7,8,0.0057,1.78
19:16:59,22.2552526,84.9038358,1.771,-0.174,0.14,0.039,-0.025,172.6,8,0.0057,1.78
19:16:59,22.2552526,84.9038358,1.780,-0.173,0.14,0.242,0.053,172.5,8,0.0035,1.79
19:16:59,22.2552526,84.9038358,1.732,-0.173,0.14,0.254,0.050,172.5,8,0.0000,1.74
19:16:59,22.2552526,84.9038358,1.744,-0.171,0.14,0.248,0.039,172.5,8,0.0045,1.75
19:16:59,22.2552526,84.9038358,1.757,-0.168,0.14,0.233,0.051,172.6,8,0.0045,1.76
19:16:59,22.2552526,84.9038358,1.769,-0.166,0.14,0.271,0.053,172.7,8,0.0034,1.78
19:16:59,22.2552526,84.9038353,1.719,-0.166,0.14,0.284,0.054,172.7,8,0.0000,1.73
19:16:59,22.2552526,84.9038353,1.733,-0.164,0.14,0.278,0.036,172.7,8,0.0040,1.74
19:16:59,22.2552526,84.9038353,1.748,-0.162,0.14,0.291,0.038,172.8,8,0.0040,1.76
19:16:59,22.2552526,84.9038353,1.762,-0.160,0.14,0.289,0.044,172.7,8,0.0030,1.77
19:16:59,22.2552526,84.9038353,1.777,-0.158,0.14,0.302,0.050,172.7,8,0.0030,1.78
19:17:00,22.2552527,84.9038352,1.725,-0.159,0.14,0.287,0.044,172.7,8,0.0031,1.73
19:17:00,22.2552527,84.9038352,1.740,-0.156,0.14,0.299,0.050,172.7,8,0.0000,1.75
19:17:00,22.2552527,84.9038352,1.755,-0.154,0.14,0.310,0.056,172.7,8,0.0000,1.76
19:17:00,22.2552527,84.9038352,1.769,-0.152,0.14,0.282,0.048,172.7,8,0.0029,1.78
19:17:00,22.2552527,84.9038352,1.718,-0.153,0.14,0.292,0.055,172.8,8,0.0029,1.72
19:17:00,22.2552527,84.9038352,1.733,-0.150,0.14,0.302,0.046,172.8,8,0.0031,1.74
19:17:00,22.2552527,84.9038352,1.748,-0.148,0.14,0.311,0.054,173.1,8,0.0000,1.75
19:17:00,22.2552527,84.9038352,1.762,-0.144,0.14,0.273,0.082,173.1,8,0.0029,1.77
19:17:00,22.2552527,84.9038349,1.709,-0.144,0.14,0.282,0.089,173.3,8,0.0029,1.72
19:17:00,22.2552527,84.9038349,1.723,-0.141,0.14,0.280,0.055,173.4,8,0.0029,1.73
19:17:00,22.2552527,84.9038349,1.737,-0.138,0.14,0.289,0.062,173.5,8,0.0000,1.74
19:17:00,22.2552527,84.9038349,1.752,-0.135,0.14,0.290,0.057,173.5,8,0.0031,1.76
19:17:00,22.2552527,84.9038346,1.698,-0.137,0.14,0.301,0.063,173.5,8,0.0031,1.70
19:17:00,22.2552527,84.9038346,1.712,-0.134,0.14,0.283,0.062,173.4,8,0.0029,1.72
19:17:00,22.2552527,84.9038346,1.727,-0.131,0.14,0.296,0.068,173.3,8,0.0000,1.73
19:17:00,22.2552527,84.9038346,1.742,-0.127,0.14,0.310,0.075,173.3,8,0.0000,1.75
19:17:00,22.2552527,84.9038346,1.688,-0.130,0.14,0.282,0.066,173.3,8,0.0029,1.69
19:17:00,22.2552527,84.9038346,1.702,-0.126,0.14,0.297,0.073,173.2,8,0.0029,1.71
19:17:00,22.2552527,84.9038346,1.717,-0.123,0.14,0.291,0.054,173.1,8,0.0030,1.72
19:17:00,22.2552527,84.9038346,1.732,-0.121,0.14,0.309,0.063,173.1,8,0.0000,1.74
19:17:01,22.2552529,84.9038341,1.675,-0.122,0.15,0.297,0.056,173.1,8,0.0031,1.68
19:17:01,22.2552529,84.9038341,1.691,-0.119,0.15,0.315,0.067,173.0,8,0.0031,1.70
19:17:01,22.2552529,84.9038341,1.706,-0.115,0.15,0.289,0.088,172.8,8,0.0033,1.71
19:17:01,22.2552529,84.9038341,1.721,-0.110,0.15,0.310,0.099,172.8,8,0.0000,1.72
19:17:01,22.2552529,84.9038341,1.735,-0.103,0.15,0.274,0.173,172.6,8,0.0030,1.74
19:17:01,22.2552529,84.9038335,1.671,-0.100,0.15,0.298,0.179,172.1,8,0.0030,1.67
19:17:01,22.2552529,84.9038335,1.685,-0.087,0.15,0.267,0.294,170.7,8,0.0037,1.69
19:17:01,22.2552529,84.9038335,1.699,-0.073,0.15,0.302,0.272,169.9,8,0.0000,1.70
19:17:01,22.2552529,84.9038335,1.710,-0.057,0.15,0.195,0.333,169.9,8,0.0032,1.71
19:17:01,22.2552529,84.9038335,1.645,-0.052,0.15,0.234,0.301,169.1,8,0.0032,1.65
19:17:01,22.2552529,84.9038335,1.654,-0.036,0.15,0.155,0.310,167.9,8,0.0032,1.65
19:17:01,22.2552529,84.9038335,1.663,-0.022,0.15,0.196,0.248,167.9,8,0.0000,1.66
19:17:01,22.2552529,84.9038335,1.674,-0.011,0.15,0.237,0.186,167.5,8,0.0000,1.67
19:17:01,22.2552531,84.9038324,1.591,-0.010,0.15,0.019,0.219,167.1,8,0.0028,1.59
19:17:01,22.2552531,84.9038324,1.592,-0.001,0.15,0.050,0.139,166.5,8,0.0028,1.59
19:17:01,22.2552531,84.9038324,1.593,0.008,0.15,0.007,0.165,166.5,8,0.0018,1.59
19:17:01,22.2552531,84.9038324,1.594,0.015,0.15,0.034,0.084,166.8,8,0.0000,1.59
19:17:01,22.2552531,84.9038324,1.521,0.007,0.15,0.005,0.143,167.2,8,0.0018,1.52
19:17:01,22.2552531,84.9038324,1.522,0.012,0.15,0.025,0.065,168.2,8,0.0018,1.52
19:17:01,22.2552531,84.9038324,1.523,0.014,0.15,0.042,-0.004,168.2,8,0.0018,1.52
19:17:02,22.2552531,84.9038324,1.521,0.025,0.15,-0.022,0.148,168.7,8,0.0018,1.52
19:17:02,22.2552531,84.9038324,1.520,0.031,0.15,-0.006,0.083,169.5,8,0.0000,1.52
19:17:02,22.2552529,84.9038317,1.444,0.020,0.14,-0.031,0.153,169.9,8,0.0021,1.44
19:17:02,22.2552529,84.9038317,1.442,0.028,0.14,-0.060,0.198,169.9,8,0.0023,1.44
19:17:02,22.2552529,84.9038317,1.440,0.037,0.14,-0.047,0.150,170.1,8,0.0000,1.44
19:17:02,22.2552529,84.9038317,1.438,0.044,0.14,-0.033,0.107,170.6,8,0.0000,1.44
19:17:02,22.2552527,84.9038317,1.366,0.036,0.13,-0.079,0.248,170.8,8,0.0029,1.37
19:17:02,22.2552527,84.9038317,1.363,0.048,0.13,-0.065,0.219,170.8,8,0.0029,1.36
19:17:02,22.2552527,84.9038317,1.359,0.061,0.13,-0.081,0.251,171.0,8,0.0038,1.36
19:17:02,22.2552527,84.9038317,1.355,0.073,0.13,-0.066,0.225,171.2,8,0.0000,1.36
19:17:02,22.2552527,84.9038317,1.293,0.062,0.13,-0.058,0.280,171.3,8,0.0031,1.29
19:17:02,22.2552527,84.9038317,1.290,0.076,0.13,-0.042,0.259,171.3,8,0.0031,1.29
19:17:02,22.2552527,84.9038317,1.287,0.090,0.13,-0.067,0.296,171.3,8,0.0032,1.29
19:17:02,22.2552527,84.9038317,1.284,0.105,0.13,-0.052,0.275,171.6,8,0.0000,1.29
19:17:02,22.2552522,84.9038319,1.231,0.086,0.13,-0.040,0.254,171.8,8,0.0000,1.23
19:17:02,22.2552522,84.9038319,1.230,0.102,0.13,-0.018,0.298,171.8,8,0.0033,1.23
19:17:02,22.2552522,84.9038319,1.229,0.117,0.13,-0.008,0.276,172.1,8,0.0033,1.23
19:17:02,22.2552522,84.9038319,1.228,0.132,0.13,-0.027,0.296,172.6,8,0.0037,1.23
19:17:02,22.2552514,84.9038325,1.186,0.104,0.13,-0.021,0.272,172.9,8,0.0000,1.19
19:17:03,22.2552514,84.9038325,1.184,0.119,0.13,-0.049,0.301,172.9,8,0.0032,1.19
19:17:03,22.2552514,84.9038325,1.181,0.134,0.13,-0.044,0.277,173.0,8,0.0032,1.19
19:17:03,22.2552514,84.9038325,1.178,0.149,0.13,-0.068,0.305,173.3,8,0.0034,1.19
19:17:03,22.2552514,84.9038325,1.139,0.121,0.13,-0.064,0.284,173.5,8,0.0000,1.15
19:17:03,22.2552514,84.9038325,1.136,0.136,0.13,-0.065,0.320,173.5,8,0.0035,1.14
19:17:03,22.2552514,84.9038325,1.132,0.152,0.13,-0.062,0.301,173.6,8,0.0035,1.14
19:17:03,22.2552514,84.9038325,1.129,0.170,0.13,-0.056,0.367,173.5,8,0.0042,1.14
19:17:03,22.2552514,84.9038325,1.127,0.188,0.13,-0.052,0.352,173.5,8,0.0000,1.14
19:17:03,22.2552506,84.9038331,1.097,0.150,0.13,-0.076,0.346,173.6,8,0.0036,1.11
19:17:03,22.2552506,84.9038331,1.093,0.167,0.13,-0.072,0.333,173.6,8,0.0036,1.11
19:17:03,22.2552506,84.9038331,1.089,0.184,0.13,-0.089,0.337,173.8,8,0.0037,1.10
19:17:03,22.2552506,84.9038331,1.084,0.201,0.13,-0.084,0.325,173.9,8,0.0000,1.10
19:17:03,22.2552496,84.9038336,1.062,0.152,0.13,-0.095,0.337,174.1,8,0.0035,1.07
19:17:03,22.2552496,84.9038336,1.057,0.168,0.13,-0.089,0.325,174.1,8,0.0035,1.07
19:17:03,22.2552496,84.9038336,1.053,0.185,0.13,-0.083,0.314,174.3,8,0.0035,1.07
19:17:03,22.2552496,84.9038336,1.048,0.203,0.13,-0.082,0.358,174.4,8,0.0038,1.07
19:17:03,22.2552496,84.9038336,1.030,0.155,0.13,-0.074,0.345,174.6,8,0.0000,1.04
19:17:03,22.2552496,84.9038336,1.026,0.173,0.13,-0.074,0.355,174.6,8,0.0036,1.04
19:17:03,22.2552496,84.9038336,1.022,0.190,0.13,-0.066,0.342,174.7,8,0.0036,1.04
19:17:04,22.2552496,84.9038336,1.019,0.207,0.13,-0.049,0.333,174.9,8,0.0035,1.04
19:17:04,22.2552486,84.9038346,1.014,0.148,0.14,-0.041,0.319,175.0,8,0.0000,1.02
19:17:04,22.2552486,84.9038346,1.010,0.164,0.14,-0.077,0.309,175.2,8,0.0033,1.02
19:17:04,22.2552486,84.9038346,1.007,0.179,0.14,-0.070,0.295,175.2,8,0.0033,1.02
19:17:04,22.2552486,84.9038346,1.003,0.195,0.14,-0.059,0.326,175.3,8,0.0035,1.02
19:17:04,22.2552486,84.9038346,0.999,0.136,0.14,-0.053,0.311,175.3,8,0.0000,1.01
19:17:04,22.2552486,84.9038346,0.996,0.152,0.14,-0.048,0.296,175.3,8,0.0000,1.01
19:17:04,22.2552486,84.9038346,0.992,0.167,0.14,-0.076,0.298,175.3,8,0.0032,1.01
19:17:04,22.2552486,84.9038346,0.988,0.182,0.14,-0.072,0.283,175.6,8,0.0032,1.00
19:17:04,22.2552486,84.9038346,0.984,0.198,0.14,-0.080,0.325,175.7,8,0.0036,1.00
19:17:04,22.2552475,84.9038353,0.986,0.127,0.15,-0.077,0.308,175.7,8,0.0000,0.99
19:17:04,22.2552475,84.9038353,0.983,0.143,0.15,-0.076,0.310,175.7,8,0.0033,0.99
19:17:04,22.2552475,84.9038353,0.979,0.158,0.15,-0.074,0.293,175.8,8,0.0033,0.99
19:17:04,22.2552475,84.9038353,0.976,0.173,0.15,-0.056,0.313,175.9,8,0.0032,0.99
19:17:04,22.2552466,84.9038361,0.987,0.095,0.16,-0.056,0.295,176.0,8,0.0000,0.99
19:17:04,22.2552466,84.9038361,0.984,0.111,0.16,-0.068,0.308,176.0,8,0.0032,0.99
19:17:04,22.2552466,84.9038361,0.980,0.126,0.16,-0.068,0.289,176.0,8,0.0032,0.99
19:17:04,22.2552466,84.9038361,0.977,0.142,0.16,-0.073,0.328,175.9,8,0.0036,0.99
19:17:04,22.2552466,84.9038361,0.987,0.068,0.16,-0.074,0.310,175.9,8,0.0000,0.99
19:17:04,22.2552466,84.9038361,0.983,0.083,0.16,-0.075,0.292,175.9,8,0.0000,0.99
19:17:04,22.2552466,84.9038361,0.980,0.099,0.16,-0.071,0.306,175.8,8,0.0032,0.98
19:17:05,22.2552466,84.9038361,0.976,0.114,0.16,-0.072,0.289,175.8,8,0.0032,0.98
19:17:05,22.2552458,84.9038371,0.996,0.035,0.16,-0.074,0.323,175.9,8,0.0035,1.00
19:17:05,22.2552458,84.9038371,0.992,0.051,0.16,-0.075,0.306,175.9,8,0.0000,0.99
19:17:05,22.2552458,84.9038371,0.988,0.069,0.16,-0.089,0.370,175.8,8,0.0040,0.99
19:17:05,22.2552458,84.9038371,0.983,0.087,0.16,-0.090,0.352,175.8,8,0.0040,0.99
19:17:05,22.2552447,84.9038377,1.007,0.001,0.17,-0.086,0.323,175.8,8,0.0034,1.01
19:17:05,22.2552447,84.9038377,1.002,0.017,0.17,-0.086,0.303,175.8,8,0.0000,1.00
19:17:05,22.2552447,84.9038377,0.998,0.034,0.17,-0.095,0.346,175.8,8,0.0036,1.00
19:17:05,22.2552447,84.9038377,0.993,0.050,0.17,-0.093,0.324,175.8,8,0.0036,0.99
19:17:05,22.2552447,84.9038377,1.016,-0.033,0.17,-0.074,0.319,175.8,8,0.0033,1.02
19:17:05,22.2552447,84.9038377,1.012,-0.017,0.17,-0.071,0.294,176.0,8,0.0000,1.01
19:17:05,22.2552447,84.9038377,1.008,-0.002,0.17,-0.077,0.306,176.0,8,0.0032,1.01
19:17:05,22.2552447,84.9038377,1.005,0.013,0.17,-0.073,0.278,176.1,8,0.0032,1.00
19:17:05,22.2552447,84.9038377,1.001,0.026,0.17,-0.069,0.249,176.2,8,0.0032,1.00
19:17:05,22.2552437,84.9038384,1.031,-0.067,0.17,-0.063,0.299,176.2,8,0.0033,1.03
19:17:05,22.2552437,84.9038384,1.028,-0.052,0.17,-0.059,0.269,176.5,8,0.0000,1.03
19:17:05,22.2552437,84.9038384,1.024,-0.037,0.17,-0.088,0.298,176.4,8,0.0036,1.02
19:17:05,22.2552437,84.9038384,1.019,-0.023,0.17,-0.084,0.267,176.3,8,0.0036,1.02
19:17:05,22.2552426,84.9038391,1.051,-0.124,0.17,-0.124,0.288,176.3,8,0.0032,1.06
19:17:05,22.2552426,84.9038391,1.045,-0.110,0.17,-0.118,0.258,176.0,8,0.0000,1.05
19:17:06,22.2552426,84.9038391,1.037,-0.097,0.17,-0.186,0.253,175.9,8,0.0031,1.04
19:17:06,22.2552426,84.9038391,1.028,-0.084,0.17,-0.172,0.234,175.8,8,0.0031,1.03
19:17:06,22.2552426,84.9038391,1.055,-0.182,0.17,-0.212,0.209,175.8,8,0.0025,1.07
19:17:06,22.2552426,84.9038391,1.044,-0.172,0.17,-0.192,0.199,175.8,8,0.0000,1.06
19:17:06,22.2552426,84.9038391,1.034,-0.163,0.17,-0.210,0.174,175.8,8,0.0022,1.05
19:17:06,22.2552426,84.9038391,1.024,-0.154,0.17,-0.188,0.175,175.8,8,0.0022,1.04
19:17:06,22.255241,84.9038395,1.056,-0.263,0.17,-0.153,0.163,175.8,8,0.0022,1.09
19:17:06,22.255241,84.9038395,1.046,-0.260,0.17,-0.174,0.078,175.9,8,0.0024,1.08
19:17:06,22.255241,84.9038395,1.038,-0.256,0.17,-0.136,0.061,175.7,8,0.0000,1.07
19:17:06,22.255241,84.9038395,1.032,-0.256,0.17,-0.114,-0.012,175.5,8,0.0014,1.06
19:17:06,22.255241,84.9038395,1.067,-0.364,0.17,-0.085,-0.031,175.5,8,0.0014,1.13
19:17:06,22.255241,84.9038395,1.061,-0.366,0.17,-0.112,-0.041,175.5,8,0.0013,1.12
19:17:06,22.255241,84.9038395,1.056,-0.369,0.17,-0.087,-0.057,175.6,8,0.0000,1.12
19:17:06,22.255241,84.9038395,1.049,-0.372,0.17,-0.153,-0.076,176.2,8,0.0019,1.11
19:17:06,22.255241,84.9038395,1.042,-0.376,0.17,-0.134,-0.085,176.2,8,0.0019,1.11
19:17:06,22.2552395,84.9038401,1.079,-0.494,0.17,-0.174,-0.101,176.4,8,0.0020,1.19
19:17:06,22.2552395,84.9038401,1.071,-0.499,0.17,-0.156,-0.108,176.5,8,0.0000,1.18
19:17:06,22.2552395,84.9038401,1.060,-0.504,0.17,-0.213,-0.077,176.4,8,0.0024,1.17
19:17:06,22.2552395,84.9038401,1.050,-0.508,0.17,-0.197,-0.077,176.4,8,0.0024,1.17
19:17:07,22.2552389,84.9038406,1.090,-0.619,0.16,-0.181,-0.078,176.4,8,0.0024,1.25
19:17:07,22.2552389,84.9038406,1.077,-0.623,0.16,-0.233,-0.083,176.4,8,0.0026,1.24
19:17:07,22.2552389,84.9038406,1.066,-0.627,0.16,-0.219,-0.078,176.5,8,0.0000,1.24
19:17:07,22.2552389,84.9038406,1.053,-0.632,0.16,-0.251,-0.089,176.7,8,0.0028,1.23
19:17:07,22.2552389,84.9038406,1.090,-0.732,0.16,-0.239,-0.079,176.7,8,0.0028,1.31
19:17:07,22.2552389,84.9038406,1.077,-0.736,0.16,-0.250,-0.090,176.8,8,0.0028,1.30
19:17:07,22.2552389,84.9038406,1.065,-0.740,0.16,-0.238,-0.078,176.9,8,0.0000,1.30
19:17:07,22.2552389,84.9038406,1.052,-0.745,0.16,-0.260,-0.109,177.0,8,0.0029,1.29
19:17:07,22.2552381,84.9038409,1.091,-0.844,0.16,-0.248,-0.098,177.0,8,0.0029,1.38
19:17:07,22.2552381,84.9038409,1.077,-0.849,0.16,-0.263,-0.092,177.0,8,0.0028,1.37
19:17:07,22.2552381,84.9038409,1.064,-0.853,0.16,-0.252,-0.081,176.9,8,0.0000,1.36
19:17:07,22.2552381,84.9038409,1.051,-0.857,0.16,-0.264,-0.073,176.9,8,0.0030,1.36
19:17:07,22.2552377,84.9038414,1.094,-0.948,0.16,-0.254,-0.065,176.8,8,0.0030,1.45
19:17:07,22.2552377,84.9038414,1.081,-0.952,0.16,-0.256,-0.089,176.9,8,0.0028,1.44
19:17:07,22.2552377,84.9038414,1.068,-0.956,0.16,-0.249,-0.086,177.0,8,0.0000,1.43
19:17:07,22.2552377,84.9038414,1.055,-0.961,0.16,-0.281,-0.090,177.0,8,0.0030,1.43
19:17:07,22.2552377,84.9038414,1.096,-1.043,0.16,-0.276,-0.090,177.2,8,0.0030,1.51
19:17:07,22.2552377,84.9038414,1.082,-1.048,0.16,-0.271,-0.091,177.4,8,0.0030,1.51
19:17:07,22.2552377,84.9038414,1.069,-1.052,0.16,-0.257,-0.097,177.8,8,0.0028,1.50
19:17:08,22.2552377,84.9038414,1.056,-1.058,0.16,-0.255,-0.104,177.9,8,0.0000,1.49
19:17:08,22.2552377,84.9038414,1.043,-1.063,0.16,-0.261,-0.115,177.9,8,0.0029,1.49
19:17:08,22.2552377,84.9038419,1.092,-1.139,0.17,-0.259,-0.124,178.0,8,0.0029,1.58
19:17:08,22.2552377,84.9038419,1.079,-1.145,0.17,-0.278,-0.107,178.2,8,0.0029,1.57
19:17:08,22.2552377,84.9038419,1.064,-1.150,0.17,-0.278,-0.120,178.3,8,0.0000,1.57
19:17:08,22.2552377,84.9038419,1.050,-1.157,0.17,-0.280,-0.137,178.3,8,0.0029,1.56
19:17:08,22.2552377,84.9038419,1.097,-1.225,0.17,-0.281,-0.151,178.5,8,0.0029,1.65
19:17:08,22.2552377,84.9038419,1.083,-1.233,0.17,-0.291,-0.155,178.8,8,0.0030,1.64
19:17:08,22.2552377,84.9038419,1.068,-1.241,0.17,-0.292,-0.171,179.0,8,0.0000,1.64
19:17:08,22.2552377,84.9038419,1.054,-1.249,0.17,-0.282,-0.145,179.0,8,0.0029,1.63
19:17:08,22.255238,84.9038425,1.106,-1.306,0.17,-0.283,-0.161,179.1,8,0.0029,1.71
19:17:08,22.255238,84.9038425,1.091,-1.314,0.17,-0.287,-0.144,179.3,8,0.0033,1.71
19:17:08,22.255238,84.9038425,1.077,-1.322,0.17,-0.288,-0.158,179.4,8,0.0000,1.70
19:17:08,22.255238,84.9038425,1.062,-1.330,0.17,-0.287,-0.170,179.4,8,0.0000,1.70
19:17:08,22.2552383,84.903843,1.117,-1.378,0.17,-0.286,-0.184,179.5,8,0.0027,1.77
19:17:08,22.2552383,84.903843,1.103,-1.388,0.17,-0.285,-0.195,179.7,8,0.0027,1.77
19:17:08,22.2552383,84.903843,1.087,-1.369,0.17,-0.297,0.072,179.7,8,0.0038,1.75
19:17:08,22.2552383,84.903843,1.072,-1.366,0.17,-0.294,0.065,179.8,8,0.0000,1.74
19:17:08,22.2552383,84.903843,1.126,-1.407,0.17,-0.299,-0.108,179.8,8,0.0036,1.80
19:17:08,22.2552383,84.903843,1.111,-1.412,0.17,-0.294,-0.113,179.9,8,0.0036,1.80
19:17:08,22.2552383,84.903843,1.096,-1.418,0.17,-0.288,-0.105,179.9,8,0.0030,1.79
19:17:08,22.2552383,84.903843,1.082,-1.423,0.17,-0.280,-0.107,179.9,8,0.0000,1.79
19:17:09,22.2552389,84.9038436,1.140,-1.455,0.17,-0.305,-0.122,179.9,8,0.0033,1.85
19:17:09,22.2552389,84.9038436,1.125,-1.461,0.17,-0.297,-0.124,-180.0,8,0.0033,1.84
19:17:09,22.2552389,84.9038436,1.110,-1.467,0.17,-0.289,-0.125,-179.9,8,0.0033,1.84
19:17:09,22.2552389,84.9038436,1.098,-1.473,0.17,-0.239,-0.117,-179.9,8,0.0026,1.84
19:17:09,22.2552389,84.9038436,1.086,-1.479,0.17,-0.232,-0.118,-179.9,8,0.0000,1.83
19:17:09,22.2552394,84.9038444,1.154,-1.501,0.16,-0.285,-0.116,-179.8,8,0.0030,1.89
19:17:09,22.2552394,84.9038444,1.139,-1.507,0.16,-0.280,-0.118,-179.8,8,0.0030,1.89
19:17:09,22.2552394,84.9038444,1.124,-1.513,0.16,-0.316,-0.118,-179.8,8,0.0033,1.88
19:17:09,22.2552394,84.9038444,1.108,-1.519,0.16,-0.312,-0.121,-179.8,8,0.0000,1.88
19:17:09,22.2552394,84.9038444,1.172,-1.537,0.16,-0.300,-0.085,-179.9,8,0.0032,1.93
19:17:09,22.2552394,84.9038444,1.157,-1.541,0.16,-0.296,-0.088,-180.0,8,0.0032,1.93
19:17:09,22.2552394,84.9038444,1.141,-1.543,0.16,-0.304,-0.030,180.0,8,0.0032,1.92
19:17:09,22.2552394,84.9038444,1.126,-1.545,0.16,-0.299,-0.039,-180.0,8,0.0000,1.91
19:17:09,22.25524,84.9038453,1.196,-1.552,0.16,-0.292,-0.053,-180.0,8,0.0000,1.96
19:17:09,22.25524,84.9038453,1.182,-1.549,0.16,-0.282,0.049,-179.8,8,0.0029,1.95
19:17:09,22.25524,84.9038453,1.168,-1.547,0.16,-0.273,0.026,-179.7,8,0.0029,1.94
19:17:09,22.25524,84.9038453,1.154,-1.542,0.16,-0.275,0.106,-179.5,8,0.0030,1.93
19:17:09,22.255241,84.9038463,1.232,-1.534,0.17,-0.255,0.072,-179.5,8,0.0000,1.97
19:17:09,22.255241,84.9038463,1.219,-1.527,0.17,-0.256,0.133,-179.5,8,0.0031,1.95
19:17:10,22.255241,84.9038463,1.206,-1.522,0.17,-0.233,0.097,-179.6,8,0.0031,1.94
19:17:10,22.255241,84.9038463,1.194,-1.515,0.17,-0.252,0.124,-179.8,8,0.0028,1.93
19:17:10,22.255241,84.9038463,1.269,-1.508,0.17,-0.222,0.091,-179.8,8,0.0000,1.97
19:17:10,22.255241,84.9038463,1.256,-1.501,0.17,-0.268,0.164,-180.0,8,0.0027,1.96
19:17:10,22.255241,84.9038463,1.243,-1.493,0.17,-0.238,0.133,179.9,8,0.0027,1.94
19:17:10,22.255241,84.9038463,1.230,-1.486,0.17,-0.259,0.133,179.9,8,0.0028,1.93
19:17:10,22.2552416,84.9038472,1.310,-1.475,0.16,-0.228,0.105,179.3,8,0.0000,1.97
19:17:10,22.2552416,84.9038472,1.297,-1.470,0.16,-0.273,0.099,179.0,8,0.0030,1.96
19:17:10,22.2552416,84.9038472,1.284,-1.466,0.16,-0.246,0.085,178.7,8,0.0030,1.95
19:17:10,22.2552416,84.9038472,1.272,-1.462,0.16,-0.221,0.074,178.7,8,0.0030,1.94
19:17:10,22.2552416,84.9038472,1.257,-1.457,0.16,-0.269,0.084,178.1,8,0.0028,1.92
19:17:10,22.2552416,84.9038472,1.336,-1.450,0.16,-0.249,0.082,177.8,8,0.0000,1.97
19:17:10,22.2552416,84.9038472,1.322,-1.445,0.16,-0.275,0.108,177.9,8,0.0029,1.96
19:17:10,22.2552416,84.9038472,1.308,-1.440,0.16,-0.255,0.105,177.9,8,0.0029,1.95
19:17:10,22.2552416,84.9038472,1.299,-1.438,0.16,-0.168,0.010,177.8,8,0.0025,1.94
19:17:10,22.2552417,84.9038481,1.386,-1.435,0.15,-0.147,0.003,177.7,8,0.0000,2.00
19:17:10,22.2552417,84.9038481,1.376,-1.435,0.15,-0.195,-0.001,177.1,8,0.0023,1.99
19:17:10,22.2552417,84.9038481,1.367,-1.436,0.15,-0.185,-0.009,177.1,8,0.0023,1.98
19:17:10,22.2552417,84.9038481,1.357,-1.437,0.15,-0.198,-0.046,176.8,8,0.0022,1.98
19:17:11,22.2552412,84.9038492,1.447,-1.442,0.14,-0.192,-0.053,176.7,8,0.0000,2.04
19:17:11,22.2552412,84.9038492,1.428,-1.447,0.14,-0.189,-0.042,176.8,8,0.0020,2.03
19:17:11,22.2552412,84.9038492,1.418,-1.449,0.14,-0.189,-0.051,176.8,8,0.0020,2.03
19:17:11,22.2552412,84.9038492,1.501,-1.453,0.14,-0.231,-0.036,176.8,8,0.0025,2.09
19:17:11,22.2552412,84.9038492,1.489,-1.455,0.14,-0.228,-0.047,176.9,8,0.0000,2.08
19:17:11,22.2552412,84.9038492,1.478,-1.457,0.14,-0.228,-0.048,176.9,8,0.0024,2.08
19:17:11,22.2552412,84.9038492,1.467,-1.460,0.14,-0.224,-0.060,177.1,8,0.0024,2.07
19:17:11,22.2552412,84.9038492,1.455,-1.466,0.14,-0.221,-0.158,177.3,8,0.0032,2.07
19:17:11,22.2552412,84.90385,1.544,-1.474,0.14,-0.218,-0.162,177.6,8,0.0000,2.13
19:17:11,22.2552412,84.90385,1.532,-1.486,0.14,-0.237,-0.262,177.6,8,0.0029,2.13
19:17:11,22.2552412,84.90385,1.520,-1.499,0.14,-0.235,-0.248,177.7,8,0.0029,2.13
19:17:11,22.2552412,84.90385,1.509,-1.514,0.14,-0.233,-0.322,177.6,8,0.0033,2.14
19:17:11,22.2552411,84.9038506,1.597,-1.525,0.15,-0.230,-0.282,177.2,8,0.0000,2.21
19:17:11,22.2552411,84.9038506,1.585,-1.538,0.15,-0.226,-0.219,177.2,8,0.0000,2.21
19:17:11,22.2552411,84.9038506,1.576,-1.559,0.15,-0.190,-0.355,177.1,8,0.0037,2.22
19:17:11,22.2552411,84.9038506,1.566,-1.575,0.15,-0.186,-0.281,176.1,8,0.0037,2.22
19:17:11,22.2552411,84.9038506,1.657,-1.579,0.15,-0.018,-0.244,175.2,8,0.0027,2.29
19:17:11,22.2552411,84.9038506,1.657,-1.589,0.15,-0.010,-0.150,175.2,8,0.0000,2.30
19:17:11,22.2552411,84.9038506,1.656,-1.599,0.15,-0.000,-0.184,175.2,8,0.0023,2.30
19:17:11,22.2552411,84.9038506,1.657,-1.606,0.15,0.009,-0.088,175.4,8,0.0023,2.31
19:17:11,22.2552415,84.9038515,1.752,-1.598,0.16,0.067,-0.164,175.8,8,0.0020,2.37
19:17:12,22.2552415,84.9038515,1.756,-1.604,0.16,0.078,-0.066,176.8,8,0.0000,2.38
19:17:12,22.2552415,84.9038515,1.761,-1.615,0.16,0.127,-0.243,176.8,8,0.0029,2.39
19:17:12,22.2552415,84.9038515,1.768,-1.625,0.16,0.137,-0.144,177.3,8,0.0029,2.40
19:17:12,22.2552418,84.9038524,1.865,-1.618,0.15,0.135,-0.295,177.7,8,0.0033,2.47
19:17:12,22.2552418,84.9038524,1.872,-1.630,0.15,0.142,-0.195,178.3,8,0.0000,2.48
19:17:12,22.2552418,84.9038524,1.880,-1.638,0.15,0.147,-0.098,178.3,8,0.0000,2.49
19:17:12,22.2552418,84.9038524,1.886,-1.658,0.15,0.129,-0.310,178.4,8,0.0035,2.51
19:17:12,22.2552418,84.9038524,1.892,-1.672,0.15,0.134,-0.215,178.5,8,0.0035,2.53
19:17:12,22.2552418,84.9038524,1.980,-1.663,0.15,0.137,-0.330,178.7,8,0.0039,2.59
19:17:12,22.2552418,84.9038524,1.987,-1.677,0.15,0.142,-0.247,178.7,8,0.0000,2.60
19:17:12,22.2552418,84.9038524,1.994,-1.694,0.15,0.123,-0.334,178.8,8,0.0037,2.62
19:17:12,22.2552418,84.9038524,2.000,-1.709,0.15,0.129,-0.255,179.0,8,0.0037,2.63
19:17:12,22.2552424,84.9038527,2.081,-1.692,0.13,0.151,-0.368,179.0,8,0.0040,2.68
19:17:12,22.2552424,84.9038527,2.089,-1.709,0.13,0.153,-0.301,179.0,8,0.0000,2.70
19:17:12,22.2552424,84.9038527,2.096,-1.728,0.13,0.148,-0.394,178.9,8,0.0042,2.72
19:17:12,22.2552424,84.9038527,2.104,-1.746,0.13,0.148,-0.332,178.9,8,0.0042,2.73
19:17:12,22.2552424,84.9038527,2.176,-1.729,0.13,0.148,-0.431,179.0,8,0.0047,2.78
19:17:12,22.2552424,84.9038527,2.183,-1.750,0.13,0.140,-0.382,179.0,8,0.0000,2.80
19:17:12,22.2552424,84.9038527,2.192,-1.771,0.13,0.187,-0.434,179.2,8,0.0047,2.82
19:17:13,22.2552424,84.9038527,2.201,-1.792,0.13,0.176,-0.390,179.4,8,0.0047,2.84
19:17:13,22.2552438,84.9038527,2.266,-1.760,0.13,0.185,-0.472,179.8,8,0.0050,2.87
19:17:13,22.2552438,84.9038527,2.275,-1.782,0.13,0.170,-0.435,180.0,8,0.0000,2.89
19:17:13,22.2552438,84.9038527,2.284,-1.806,0.13,0.179,-0.475,180.0,8,0.0050,2.91
19:17:13,22.2552438,84.9038527,2.292,-1.829,0.13,0.162,-0.440,-179.9,8,0.0050,2.93
19:17:13,22.2552451,84.9038525,2.346,-1.779,0.14,0.144,-0.407,-179.7,8,0.0050,2.94
19:17:13,22.2552451,84.9038525,2.355,-1.805,0.14,0.164,-0.487,-179.7,8,0.0051,2.97
19:17:13,22.2552451,84.9038525,2.363,-1.829,0.14,0.143,-0.456,-179.7,8,0.0000,2.99
19:17:13,22.2552451,84.9038525,2.369,-1.851,0.14,0.121,-0.424,-179.7,8,0.0043,3.01
19:17:13,22.2552451,84.9038525,2.375,-1.872,0.14,0.099,-0.393,-179.7,8,0.0043,3.02
19:17:13,22.2552451,84.9038525,2.423,-1.824,0.14,0.136,-0.480,-179.7,8,0.0050,3.03
19:17:13,22.2552451,84.9038525,2.429,-1.848,0.14,0.114,-0.449,-179.8,8,0.0000,3.05
19:17:13,22.2552451,84.9038525,2.435,-1.873,0.14,0.109,-0.513,180.0,8,0.0054,3.07
19:17:13,22.2552451,84.9038525,2.440,-1.898,0.14,0.094,-0.481,179.8,8,0.0054,3.09
19:17:13,22.2552469,84.9038518,2.473,-1.828,0.15,0.121,-0.528,179.8,8,0.0054,3.08
19:17:13,22.2552469,84.9038518,2.479,-1.854,0.15,0.109,-0.495,179.7,8,0.0000,3.10
19:17:13,22.2552469,84.9038518,2.485,-1.881,0.15,0.134,-0.534,179.3,8,0.0056,3.12
19:17:13,22.2552469,84.9038518,2.492,-1.907,0.15,0.127,-0.502,179.3,8,0.0056,3.14
19:17:13,22.2552489,84.903851,2.514,-1.817,0.15,0.137,-0.533,179.2,8,0.0056,3.10
19:17:13,22.2552489,84.903851,2.521,-1.843,0.15,0.130,-0.501,178.8,8,0.0000,3.12
19:17:14,22.2552489,84.903851,2.527,-1.868,0.15,0.125,-0.467,178.7,8,0.0000,3.14
19:17:14,22.2552489,84.903851,2.534,-1.897,0.15,0.133,-0.542,178.7,8,0.0057,3.17
19:17:14,22.2552489,84.903851,2.552,-1.808,0.15,0.128,-0.506,178.6,8,0.0057,3.13
19:17:14,22.2552489,84.903851,2.559,-1.836,0.15,0.144,-0.534,178.5,8,0.0055,3.15
19:17:14,22.2552489,84.903851,2.566,-1.862,0.15,0.140,-0.495,178.5,8,0.0000,3.17
19:17:14,22.2552489,84.903851,2.574,-1.888,0.15,0.166,-0.531,178.5,8,0.0055,3.19
19:17:14,22.2552508,84.9038505,2.585,-1.782,0.15,0.164,-0.491,178.5,8,0.0055,3.14
19:17:14,22.2552508,84.9038505,2.595,-1.809,0.15,0.189,-0.534,178.5,8,0.0056,3.16
19:17:14,22.2552508,84.9038505,2.604,-1.835,0.15,0.188,-0.495,178.5,8,0.0000,3.19
19:17:14,22.2552508,84.9038505,2.614,-1.861,0.15,0.207,-0.518,178.5,8,0.0055,3.21
19:17:14,22.2552508,84.9038505,2.624,-1.757,0.15,0.206,-0.482,178.5,8,0.0055,3.16
19:17:14,22.2552508,84.9038505,2.633,-1.784,0.15,0.160,-0.550,178.5,8,0.0058,3.18
19:17:14,22.2552508,84.9038505,2.641,-1.811,0.15,0.159,-0.516,178.5,8,0.0000,3.20
19:17:14,22.2552508,84.9038505,2.649,-1.836,0.15,0.156,-0.484,178.5,8,0.0000,3.22
19:17:14,22.2552508,84.9038505,2.658,-1.864,0.15,0.171,-0.536,178.5,8,0.0057,3.25
19:17:14,22.2552529,84.9038501,2.658,-1.738,0.15,0.167,-0.504,178.6,8,0.0057,3.18
19:17:14,22.2552529,84.9038501,2.667,-1.763,0.15,0.190,-0.495,178.4,8,0.0052,3.20
19:17:14,22.2552529,84.9038501,2.677,-1.788,0.15,0.187,-0.466,178.4,8,0.0000,3.22
19:17:14,22.2552529,84.9038501,2.675,-1.800,0.15,-0.135,-0.157,174.4,8,0.0025,3.22
19:17:15,22.2552556,84.9038492,2.652,-1.636,0.15,-0.138,-0.131,170.9,8,0.0025,3.12
19:17:15,22.2552556,84.9038492,2.646,-1.643,0.15,-0.110,-0.140,169.4,8,0.0021,3.11
19:17:15,22.2552556,84.9038492,2.640,-1.650,0.15,-0.125,-0.115,169.4,8,0.0000,3.11
19:17:15,22.2552556,84.9038492,2.634,-1.656,0.15,-0.118,-0.128,167.5,8,0.0029,3.11
19:17:15,22.2552556,84.9038492,2.615,-1.504,0.15,-0.138,-0.092,167.2,8,0.0029,3.02
19:17:15,22.2552556,84.9038492,2.612,-1.510,0.15,-0.029,-0.117,166.8,8,0.0020,3.02
19:17:15,22.2552556,84.9038492,2.610,-1.515,0.15,-0.049,-0.064,166.8,8,0.0000,3.02
19:17:15,22.2552556,84.9038492,2.609,-1.517,0.15,-0.007,-0.015,166.6,8,0.0024,3.02
19:17:15,22.2552583,84.9038483,2.589,-1.345,0.17,-0.029,0.043,166.6,8,0.0024,2.92
19:17:15,22.2552583,84.9038483,2.589,-1.345,0.17,-0.005,0.010,166.5,8,0.0005,2.92
19:17:15,22.2552583,84.9038483,2.588,-1.343,0.17,-0.028,0.067,166.5,8,0.0000,2.92
19:17:15,22.2552583,84.9038483,2.588,-1.342,0.17,-0.005,0.012,166.3,8,0.0006,2.92
19:17:15,22.2552599,84.9038479,2.566,-1.170,0.18,-0.028,0.069,166.2,8,0.0006,2.82
19:17:15,22.2552599,84.9038479,2.564,-1.165,0.18,-0.050,0.125,166.2,8,0.0006,2.82
19:17:15,22.2552599,84.9038479,2.561,-1.157,0.18,-0.073,0.181,166.2,8,0.0003,2.81
19:17:15,22.2552599,84.9038479,2.557,-1.147,0.18,-0.096,0.237,166.1,8,0.0000,2.80
19:17:15,22.2552599,84.9038479,2.564,-1.164,0.18,-0.005,0.013,165.9,8,0.0003,2.82
19:17:15,22.2552599,84.9038479,2.544,-1.004,0.18,-0.028,0.069,165.9,8,0.0003,2.73
19:17:15,22.2552599,84.9038479,2.544,-1.004,0.18,-0.005,0.012,165.9,8,0.0003,2.73
19:17:15,22.2552599,84.9038479,2.543,-1.002,0.18,-0.027,0.067,165.8,8,0.0000,2.73
19:17:16,22.2552599,84.9038479,2.543,-1.001,0.18,-0.005,0.012,165.8,8,0.0003,2.73
19:17:16,22.2552608,84.9038476,2.522,-0.848,0.18,-0.027,0.067,165.7,8,0.0003,2.66
19:17:16,22.2552608,84.9038476,2.522,-0.847,0.18,-0.005,0.012,165.5,8,0.0003,2.66
19:17:16,22.2552608,84.9038476,2.521,-0.845,0.18,-0.026,0.066,165.5,8,0.0000,2.66
19:17:16,22.2552608,84.9038476,2.521,-0.844,0.18,-0.005,0.012,165.5,8,0.0004,2.66
19:17:16,22.2552614,84.9038475,2.501,-0.699,0.18,-0.027,0.066,165.4,8,0.0004,2.60
19:17:16,22.2552614,84.9038475,2.499,-0.695,0.18,-0.048,0.120,165.2,8,0.0004,2.59
19:17:16,22.2552614,84.9038475,2.500,-0.697,0.18,-0.005,0.012,165.2,8,0.0006,2.60
19:17:16,22.2552614,84.9038475,2.499,-0.695,0.18,-0.026,0.065,165.1,8,0.0000,2.59
19:17:16,22.2552614,84.9038475,2.482,-0.565,0.18,-0.005,0.012,165.0,8,0.0004,2.55
19:17:16,22.2552614,84.9038475,2.482,-0.563,0.18,-0.026,0.065,165.0,8,0.0004,2.54
19:17:16,22.2552614,84.9038475,2.481,-0.563,0.18,-0.005,0.011,165.0,8,0.0004,2.54
19:17:16,22.2552614,84.9038475,2.481,-0.561,0.18,-0.025,0.064,164.9,8,0.0000,2.54
19:17:16,22.2552617,84.9038474,2.464,-0.440,0.18,-0.004,0.012,164.9,8,0.0005,2.50
19:17:16,22.2552617,84.9038474,2.464,-0.438,0.18,-0.025,0.064,164.7,8,0.0005,2.50
19:17:16,22.2552617,84.9038474,2.463,-0.437,0.18,-0.004,0.011,164.7,8,0.0006,2.50
19:17:16,22.2552617,84.9038474,2.462,-0.435,0.18,-0.024,0.064,164.6,8,0.0000,2.50
19:17:16,22.2552617,84.9038474,2.447,-0.322,0.18,-0.044,0.117,164.6,8,0.0000,2.47
19:17:16,22.2552617,84.9038474,2.447,-0.324,0.18,-0.004,0.012,164.5,8,0.0005,2.47
19:17:16,22.2552617,84.9038474,2.447,-0.323,0.18,-0.004,0.010,164.5,8,0.0005,2.47
19:17:17,22.2552617,84.9038474,2.446,-0.322,0.18,-0.023,0.061,164.4,8,0.0000,2.47
19:17:17,22.2552617,84.9038474,2.446,-0.321,0.18,-0.004,0.011,164.4,8,0.0005,2.47
19:17:17,22.2552618,84.9038475,2.433,-0.217,0.18,-0.023,0.062,164.3,8,0.0005,2.44
19:17:17,22.2552618,84.9038475,2.431,-0.213,0.18,-0.043,0.112,164.3,8,0.0005,2.44
19:17:17,22.2552618,84.9038475,2.432,-0.215,0.18,-0.004,0.011,164.2,8,0.0005,2.44
19:17:17,22.2552618,84.9038475,2.431,-0.213,0.18,-0.023,0.061,164.1,8,0.0000,2.44
19:17:17,22.2552618,84.9038476,2.421,-0.121,0.18,-0.004,0.011,164.0,8,0.0006,2.42
19:17:17,22.2552618,84.9038476,2.421,-0.120,0.18,-0.023,0.061,164.0,8,0.0006,2.42
19:17:17,22.2552618,84.9038476,2.420,-0.119,0.18,-0.004,0.011,163.9,8,0.0006,2.42
19:17:17,22.2552618,84.9038476,2.420,-0.117,0.18,-0.023,0.061,163.8,8,0.0000,2.42
19:17:17,22.2552618,84.9038476,2.412,-0.034,0.18,0.045,0.011,163.7,8,0.0050,2.41
19:17:17,22.2552618,84.9038476,2.413,-0.032,0.18,0.004,0.039,163.7,8,0.0091,2.41
19:17:17,22.2552618,84.9038476,2.413,-0.029,0.18,-0.014,0.089,163.6,8,0.0091,2.41
19:17:17,22.2552618,84.9038476,2.411,-0.028,0.18,-0.067,-0.005,163.6,8,0.0087,2.41
19:17:17,22.2552618,84.9038475,2.398,0.047,0.18,-0.085,0.043,163.5,8,0.0000,2.40
19:17:17,22.2552618,84.9038475,2.386,0.044,0.18,-0.332,-0.090,163.4,8,0.0054,2.39
19:17:17,22.2552618,84.9038475,2.374,0.042,0.18,-0.007,0.013,163.4,8,0.0061,2.37
19:17:17,22.2552618,84.9038475,2.373,0.044,0.18,-0.025,0.060,163.4,8,0.0061,2.37
19:17:17,22.2552616,84.9038472,2.364,0.111,0.18,-0.004,0.010,163.3,8,0.0042,2.37
19:17:17,22.2552616,84.9038472,2.363,0.112,0.18,-0.022,0.056,163.2,8,0.0000,2.37
19:17:18,22.2552616,84.9038472,2.362,0.113,0.18,-0.034,-0.006,163.2,8,0.0039,2.36
19:17:18,22.2552616,84.9038472,2.360,0.113,0.18,-0.022,-0.009,163.2,8,0.0047,2.36
19:17:18,22.2552616,84.9038472,2.359,0.113,0.18,-0.040,0.036,163.1,8,0.0047,2.36
19:17:18,22.2552616,84.9038472,2.351,0.175,0.18,-0.006,0.008,163.0,8,0.0057,2.36
19:17:18,22.2552616,84.9038472,2.350,0.176,0.18,-0.023,0.054,163.0,8,0.0000,2.36
19:17:18,22.2552616,84.9038472,2.350,0.175,0.18,-0.004,-0.039,163.0,8,0.0093,2.36
19:17:18,22.2552616,84.9038472,2.350,0.175,0.18,-0.004,0.022,163.0,8,0.0030,2.36
19:17:18,22.2552615,84.9038471,2.342,0.231,0.18,0.023,0.039,162.9,8,0.0043,2.35
19:17:18,22.2552615,84.9038471,2.343,0.234,0.18,0.006,0.083,162.9,8,0.0000,2.35
19:17:18,22.2552615,84.9038471,2.344,0.239,0.18,0.014,0.112,162.9,8,0.0062,2.36
19:17:18,22.2552615,84.9038471,2.344,0.246,0.18,-0.003,0.155,162.8,8,0.0062,2.36
19:17:18,22.2552613,84.903847,2.336,0.300,0.18,-0.020,0.199,162.7,8,0.0062,2.35
19:17:18,22.2552613,84.903847,2.336,0.296,0.18,-0.003,-0.014,162.7,8,0.0046,2.35
19:17:18,22.2552613,84.903847,2.336,0.296,0.18,-0.019,0.028,162.7,8,0.0000,2.35
19:17:18,22.2552613,84.903847,2.335,0.296,0.18,-0.003,0.007,162.6,8,0.0045,2.35
19:17:18,22.2552613,84.903847,2.328,0.339,0.18,0.010,0.023,162.6,8,0.0019,2.35
19:17:18,22.2552613,84.903847,2.328,0.341,0.18,-0.006,0.064,162.6,8,0.0019,2.35
19:17:18,22.2552613,84.903847,2.328,0.342,0.18,-0.002,0.010,162.6,8,0.0016,2.35
19:17:18,22.2552613,84.903847,2.328,0.343,0.18,-0.018,0.051,162.5,8,0.0000,2.35
19:17:18,22.2552612,84.9038469,2.323,0.384,0.18,0.057,0.128,162.5,8,0.0096,2.35
19:17:19,22.2552612,84.9038469,2.324,0.389,0.18,-0.018,0.013,162.5,8,0.0049,2.36
19:17:19,22.2552612,84.9038469,2.323,0.390,0.18,-0.005,0.009,162.5,8,0.0043,2.36
19:17:19,22.2552612,84.9038469,2.322,0.392,0.18,-0.020,0.047,162.4,8,0.0000,2.36
19:17:19,22.2552612,84.9038469,2.326,0.400,0.18,0.100,0.236,162.4,8,0.0090,2.36
19:17:19,22.2552612,84.9038469,2.323,0.443,0.18,0.086,0.272,162.4,8,0.0090,2.36
19:17:19,22.2552612,84.9038469,2.327,0.450,0.18,0.069,0.075,162.4,8,0.0064,2.37
19:17:19,22.2552612,84.9038469,2.329,0.453,0.18,0.009,0.018,162.4,8,0.0036,2.37
19:17:19,22.2552612,84.9038469,2.329,0.455,0.18,-0.005,0.052,162.4,8,0.0000,2.37
19:17:19,22.255261,84.9038467,2.320,0.481,0.17,-0.002,0.034,162.4,8,0.0068,2.37
19:17:19,22.255261,84.9038467,2.320,0.483,0.17,-0.003,0.011,162.4,8,0.0038,2.37
19:17:19,22.255261,84.9038467,2.319,0.484,0.17,-0.016,0.042,162.4,8,0.0038,2.37
19:17:19,22.255261,84.9038467,2.319,0.486,0.17,-0.003,0.025,162.4,8,0.0035,2.37
19:17:19,22.2552609,84.9038467,2.310,0.508,0.17,-0.016,0.054,162.4,8,0.0000,2.37
19:17:19,22.2552609,84.9038467,2.310,0.509,0.17,-0.018,0.008,162.4,8,0.0041,2.37
19:17:19,22.2552609,84.9038467,2.309,0.510,0.17,0.024,0.006,162.3,8,0.0051,2.36
19:17:19,22.2552609,84.9038467,2.310,0.511,0.17,0.012,0.034,162.3,8,0.0051,2.37
19:17:19,22.2552609,84.9038467,2.304,0.530,0.17,0.028,0.006,162.2,8,0.0031,2.36
19:17:19,22.2552609,84.9038467,2.305,0.531,0.17,0.017,0.032,162.2,8,0.0000,2.37
19:17:19,22.2552609,84.9038467,2.303,0.529,0.17,-0.057,-0.047,162.2,8,0.0036,2.36
19:17:20,22.2552609,84.9038467,2.301,0.528,0.17,-0.011,-0.004,162.2,8,0.0023,2.36
19:17:20,22.2552608,84.9038466,2.293,0.544,0.17,-0.022,0.021,162.2,8,0.0023,2.36
19:17:20,22.2552608,84.9038466,2.294,0.543,0.17,0.040,-0.040,162.2,8,0.0082,2.36
19:17:20,22.2552608,84.9038466,2.296,0.542,0.17,0.030,-0.015,162.3,8,0.0000,2.36
19:17:20,22.2552608,84.9038466,2.296,0.541,0.17,0.002,0.001,162.3,8,0.0023,2.36
19:17:20,22.2552606,84.9038465,2.288,0.556,0.17,-0.001,0.106,162.3,8,0.0060,2.35
19:17:20,22.2552606,84.9038465,2.288,0.561,0.17,-0.002,0.060,162.3,8,0.0058,2.36
19:17:20,22.2552606,84.9038465,2.288,0.565,0.17,-0.012,0.083,162.3,8,0.0000,2.36
19:17:20,22.2552606,84.9038465,2.288,0.567,0.17,0.014,0.039,162.2,8,0.0041,2.36
19:17:20,22.2552606,84.9038465,2.288,0.569,0.17,0.001,0.010,162.2,8,0.0019,2.36
19:17:20,22.2552606,84.9038465,2.281,0.581,0.17,-0.010,0.030,162.2,8,0.0019,2.35
19:17:20,22.2552606,84.9038465,2.281,0.580,0.17,0.014,-0.023,162.2,8,0.0065,2.35
19:17:20,22.2552606,84.9038465,2.282,0.580,0.17,0.003,-0.004,162.1,8,0.0000,2.35
19:17:20,22.2552606,84.9038465,2.282,0.580,0.17,-0.001,0.001,162.1,8,0.0026,2.35
19:17:20,22.2552604,84.9038464,2.274,0.588,0.17,0.030,0.017,162.1,8,0.0048,2.35
19:17:20,22.2552604,84.9038464,2.276,0.589,0.17,0.020,0.036,162.0,8,0.0048,2.35
19:17:20,22.2552604,84.9038464,2.276,0.592,0.17,0.001,0.064,162.0,8,0.0061,2.35
19:17:20,22.2552604,84.9038464,2.276,0.596,0.17,-0.009,0.084,162.0,8,0.0000,2.35
19:17:20,22.2552601,84.9038461,2.265,0.600,0.17,-0.018,0.010,162.0,8,0.0036,2.34
19:17:20,22.2552601,84.9038461,2.265,0.602,0.17,0.033,0.080,162.0,8,0.0076,2.34
19:17:20,22.2552601,84.9038461,2.266,0.606,0.17,0.004,0.042,161.9,8,0.0036,2.35
19:17:21,22.2552601,84.9038461,2.266,0.608,0.17,-0.005,0.062,161.9,8,0.0000,2.35
19:17:21,22.2552601,84.9038461,2.257,0.614,0.17,-0.025,0.075,161.9,8,0.0070,2.34
19:17:21,22.2552601,84.9038461,2.255,0.618,0.17,-0.034,0.095,161.9,8,0.0070,2.34
19:17:21,22.2552601,84.9038461,2.255,0.623,0.17,-0.004,0.106,161.9,8,0.0090,2.34
19:17:21,22.2552601,84.9038461,2.254,0.628,0.17,-0.002,0.057,161.9,8,0.0057,2.34
19:17:21,22.2552598,84.9038457,2.243,0.629,0.17,-0.009,0.075,161.9,8,0.0000,2.33
19:17:21,22.2552598,84.9038457,2.245,0.634,0.17,0.091,0.130,161.9,8,0.0144,2.33
19:17:21,22.2552598,84.9038457,2.249,0.640,0.17,-0.005,0.097,161.9,8,0.0074,2.34
19:17:21,22.2552598,84.9038457,2.248,0.646,0.17,-0.010,0.109,162.0,8,0.0074,2.34
19:17:21,22.2552598,84.9038457,2.248,0.648,0.17,-0.001,0.030,162.0,8,0.0031,2.34
19:17:21,22.2552598,84.9038457,2.237,0.646,0.17,-0.006,0.039,162.0,8,0.0000,2.33
19:17:21,22.2552598,84.9038457,2.238,0.649,0.17,0.040,0.084,162.1,8,0.0074,2.33
19:17:21,22.2552598,84.9038457,2.241,0.652,0.17,0.071,-0.000,162.1,8,0.0095,2.33
19:17:21,22.2552598,84.9038457,2.244,0.653,0.17,0.044,0.019,162.1,8,0.0038,2.34
19:17:21,22.2552595,84.9038452,2.230,0.646,0.16,0.040,0.029,162.1,8,0.0000,2.32
19:17:21,22.2552595,84.9038452,2.231,0.647,0.16,0.004,0.004,162.2,8,0.0016,2.32
19:17:21,22.2552595,84.9038452,2.231,0.647,0.16,0.000,0.015,162.7,8,0.0016,2.32
19:17:21,22.2552595,84.9038452,2.233,0.650,0.16,0.045,0.074,162.7,8,0.0048,2.33
19:17:21,22.2552592,84.9038447,2.216,0.643,0.16,0.047,0.076,163.2,8,0.0030,2.31
19:17:21,22.2552592,84.9038447,2.219,0.647,0.16,0.044,0.076,163.9,8,0.0000,2.31
19:17:22,22.2552592,84.9038447,2.221,0.655,0.16,0.032,0.190,165.6,8,0.0096,2.32
19:17:22,22.2552592,84.9038447,2.222,0.664,0.16,0.034,0.168,165.6,8,0.0096,2.32
19:17:22,22.2552592,84.9038447,2.206,0.660,0.16,0.031,0.148,166.5,8,0.0015,2.30
19:17:22,22.2552592,84.9038447,2.208,0.667,0.16,0.036,0.119,167.1,8,0.0015,2.31
19:17:22,22.2552592,84.9038447,2.210,0.672,0.16,0.045,0.081,167.9,8,0.0015,2.31
19:17:22,22.2552592,84.9038447,2.209,0.682,0.16,0.004,0.155,167.9,8,0.0019,2.31
19:17:22,22.2552589,84.9038442,2.189,0.672,0.15,0.022,0.102,168.4,8,0.0000,2.29
19:17:22,22.2552589,84.9038442,2.189,0.681,0.15,0.004,0.167,169.1,8,0.0021,2.29
19:17:22,22.2552589,84.9038442,2.190,0.687,0.15,0.029,0.100,172.1,8,0.0021,2.29
19:17:22,22.2552589,84.9038442,2.191,0.698,0.15,0.036,0.219,172.1,8,0.0026,2.30
19:17:22,22.2552589,84.9038437,2.169,0.689,0.14,0.067,0.137,174.0,8,0.0000,2.28
19:17:22,22.2552589,84.9038437,2.172,0.701,0.14,0.048,0.253,175.8,8,0.0030,2.28
19:17:22,22.2552589,84.9038437,2.175,0.711,0.14,0.082,0.160,178.6,8,0.0030,2.29
19:17:22,22.2552589,84.9038437,2.177,0.724,0.14,0.028,0.278,178.6,8,0.0031,2.29
19:17:22,22.2552589,84.9038437,2.179,0.736,0.14,0.063,0.178,179.4,8,0.0000,2.30
19:17:22,22.2552589,84.9038437,2.160,0.721,0.14,0.096,0.077,179.8,8,0.0000,2.28
19:17:22,22.2552589,84.9038437,2.156,0.742,0.14,-0.033,0.319,-180.0,8,0.0037,2.28
19:17:22,22.2552589,84.9038437,2.155,0.756,0.14,-0.005,0.218,180.0,8,0.0037,2.28
19:17:22,22.2552589,84.9038437,2.152,0.771,0.14,-0.067,0.283,180.0,8,0.0031,2.29
19:17:22,22.2552587,84.9038432,2.124,0.756,0.13,-0.043,0.187,179.8,8,0.0000,2.25
19:17:23,22.2552587,84.9038432,2.120,0.766,0.13,-0.086,0.181,179.3,8,0.0020,2.25
19:17:23,22.2552587,84.9038432,2.116,0.773,0.13,-0.072,0.115,179.0,8,0.0020,2.25
19:17:23,22.2552587,84.9038432,2.110,0.779,0.13,-0.130,0.086,179.0,8,0.0017,2.25
19:17:23,22.2552579,84.9038428,2.080,0.747,0.12,-0.119,0.032,178.6,8,0.0000,2.21
19:17:23,22.2552579,84.9038428,2.074,0.751,0.12,-0.115,0.089,178.2,8,0.0016,2.21
19:17:23,22.2552579,84.9038428,2.068,0.755,0.12,-0.111,0.064,178.1,8,0.0016,2.20
19:17:23,22.2552579,84.9038428,2.062,0.761,0.12,-0.106,0.130,178.1,8,0.0018,2.20
19:17:23,22.2552579,84.9038428,2.037,0.734,0.12,-0.104,0.112,178.0,8,0.0000,2.17
19:17:23,22.2552579,84.9038428,2.032,0.739,0.12,-0.102,0.099,177.9,8,0.0000,2.16
19:17:23,22.2552579,84.9038428,2.026,0.749,0.12,-0.101,0.167,177.9,8,0.0024,2.16
19:17:23,22.2552579,84.9038428,2.021,0.757,0.12,-0.107,0.168,177.9,8,0.0019,2.16
19:17:23,22.2552566,84.9038427,1.998,0.720,0.11,-0.103,0.159,177.9,8,0.0000,2.12
19:17:23,22.2552566,84.9038427,1.993,0.728,0.11,-0.097,0.150,177.9,8,0.0000,2.12
19:17:23,22.2552566,84.9038427,1.988,0.734,0.11,-0.105,0.130,177.9,8,0.0015,2.12
19:17:23,22.2552566,84.9038427,1.983,0.741,0.11,-0.094,0.122,178.0,8,0.0015,2.12
19:17:23,22.2552566,84.9038427,1.978,0.746,0.11,-0.077,0.096,178.0,8,0.0011,2.11
19:17:23,22.2552566,84.9038427,1.961,0.706,0.11,-0.065,0.087,178.5,8,0.0000,2.08
19:17:23,22.2552566,84.9038427,1.959,0.708,0.11,-0.005,0.008,179.4,8,0.0012,2.08
19:17:23,22.2552566,84.9038427,1.959,0.708,0.11,0.004,0.002,179.4,8,0.0012,2.08
19:17:24,22.2552566,84.9038427,1.963,0.704,0.11,0.110,-0.098,-179.8,8,0.0015,2.09
19:17:24,22.2552552,84.9038427,1.955,0.645,0.10,0.117,-0.101,-178.4,8,0.0000,2.06
19:17:24,22.2552552,84.9038427,1.962,0.637,0.10,0.149,-0.186,-177.9,8,0.0027,2.06
19:17:24,22.2552552,84.9038427,1.970,0.628,0.10,0.152,-0.172,-177.9,8,0.0027,2.07
19:17:24,22.2552552,84.9038427,1.976,0.618,0.10,0.108,-0.225,-177.4,8,0.0026,2.07
19:17:24,22.2552539,84.9038431,1.970,0.548,0.12,0.111,-0.206,-176.3,8,0.0000,2.05
19:17:24,22.2552539,84.9038431,1.976,0.539,0.12,0.116,-0.176,-175.9,8,0.0000,2.05
19:17:24,22.2552539,84.9038431,1.982,0.527,0.12,0.122,-0.211,-175.9,8,0.0022,2.05
19:17:24,22.2552539,84.9038431,1.988,0.517,0.12,0.128,-0.178,-175.6,8,0.0022,2.05
19:17:24,22.2552539,84.9038431,1.981,0.457,0.12,0.091,-0.217,-174.6,8,0.0022,2.03
19:17:24,22.2552539,84.9038431,1.986,0.447,0.12,0.104,-0.177,-174.0,8,0.0000,2.04
19:17:24,22.2552539,84.9038431,1.991,0.437,0.12,0.100,-0.195,-174.0,8,0.0020,2.04
19:17:24,22.2552539,84.9038431,1.996,0.428,0.12,0.115,-0.154,-173.6,8,0.0020,2.04
19:17:24,22.2552534,84.9038431,1.989,0.372,0.12,0.112,-0.181,-172.1,8,0.0018,2.02
19:17:24,22.2552534,84.9038431,1.995,0.364,0.12,0.135,-0.139,-171.4,8,0.0000,2.03
19:17:24,22.2552534,84.9038431,2.001,0.356,0.12,0.118,-0.164,-170.6,8,0.0017,2.03
19:17:24,22.2552534,84.9038431,2.008,0.349,0.12,0.145,-0.122,-170.6,8,0.0017,2.04
19:17:24,22.2552535,84.9038429,1.998,0.302,0.13,0.113,-0.167,-169.4,8,0.0017,2.02
19:17:24,22.2552535,84.9038429,2.004,0.295,0.13,0.143,-0.125,-168.7,8,0.0000,2.03
19:17:25,22.2552535,84.9038429,2.011,0.286,0.13,0.136,-0.180,-167.9,8,0.0019,2.03
19:17:25,22.2552535,84.9038429,2.019,0.278,0.13,0.168,-0.140,-167.9,8,0.0019,2.04
19:17:25,22.2552535,84.9038429,2.028,0.272,0.13,0.201,-0.101,-166.5,8,0.0019,2.05
19:17:25,22.2552535,84.9038429,2.017,0.225,0.13,0.163,-0.244,-165.7,8,0.0025,2.03
19:17:25,22.2552535,84.9038429,2.026,0.214,0.13,0.196,-0.209,-165.0,8,0.0000,2.04
19:17:25,22.2552535,84.9038429,2.036,0.200,0.13,0.199,-0.286,-165.0,8,0.0028,2.05
19:17:25,22.2552535,84.9038429,2.046,0.186,0.13,0.231,-0.253,-164.0,8,0.0028,2.05
19:17:25,22.2552535,84.9038428,2.036,0.148,0.13,0.203,-0.299,-164.0,8,0.0030,2.04
19:17:25,22.2552535,84.9038428,2.047,0.133,0.13,0.230,-0.275,-164.2,8,0.0000,2.05
19:17:25,22.2552535,84.9038428,2.050,0.126,0.13,-0.005,-0.076,-164.2,8,0.0027,2.05
19:17:25,22.2552535,84.9038428,2.050,0.123,0.13,0.017,-0.046,-164.3,8,0.0027,2.05
19:17:25,22.2552535,84.9038428,2.031,0.103,0.13,0.004,-0.002,-164.3,8,0.0009,2.03
19:17:25,22.2552535,84.9038428,2.031,0.103,0.13,0.026,0.027,-164.3,8,0.0000,2.03
19:17:25,22.2552535,84.9038428,2.032,0.104,0.13,0.005,0.006,-164.3,8,0.0004,2.03
19:17:25,22.2552535,84.9038428,2.032,0.105,0.13,0.027,0.035,-164.3,8,0.0004,2.04
19:17:25,22.2552542,84.9038425,2.013,0.096,0.13,0.049,0.065,-164.4,8,0.0004,2.02
19:17:25,22.2552542,84.9038425,2.012,0.095,0.13,0.005,0.007,-164.4,8,0.0004,2.01
19:17:25,22.2552542,84.9038425,2.013,0.096,0.13,0.028,0.039,-164.4,8,0.0000,2.02
19:17:25,22.2552542,84.9038425,2.013,0.096,0.13,0.005,0.007,-164.4,8,0.0007,2.02
19:17:25,22.2552546,84.9038426,1.996,0.091,0.15,0.027,0.039,-164.7,8,0.0007,2.00
19:17:26,22.2552546,84.9038426,1.996,0.091,0.15,0.005,0.007,-165.9,8,0.0006,2.00
19:17:26,22.2552546,84.9038426,1.997,0.092,0.15,0.024,0.033,-165.9,8,0.0000,2.00
19:17:26,22.2552546,84.9038426,1.997,0.095,0.15,0.004,0.061,-170.6,8,0.0010,2.00
19:17:26,22.2552546,84.9038426,1.981,0.091,0.15,0.015,0.071,-173.4,8,0.0010,1.98
19:17:26,22.2552546,84.9038426,1.981,0.096,0.15,0.002,0.105,-176.7,8,0.0017,1.98
19:17:26,22.2552546,84.9038426,1.981,0.101,0.15,0.007,0.091,-176.7,8,0.0000,1.98
19:17:26,22.2552546,84.9038426,1.979,0.109,0.15,-0.055,0.177,176.1,8,0.0023,1.98
19:17:26,22.2552546,84.9038426,1.977,0.117,0.15,-0.050,0.136,172.2,8,0.0023,1.98
19:17:26,22.2552549,84.9038428,1.961,0.116,0.15,-0.043,0.081,172.2,8,0.0023,1.96
19:17:26,22.2552549,84.9038428,1.955,0.129,0.15,-0.111,0.201,164.1,8,0.0027,1.96
19:17:26,22.2552549,84.9038428,1.949,0.137,0.15,-0.092,0.125,160.5,8,0.0000,1.95
19:17:26,22.2552549,84.9038428,1.944,0.145,0.15,-0.107,0.121,157.4,8,0.0022,1.95
19:17:26,22.2552555,84.9038425,1.926,0.146,0.16,-0.076,0.039,157.4,8,0.0022,1.93
19:17:26,22.2552555,84.9038425,1.922,0.148,0.16,-0.089,0.012,152.0,8,0.0012,1.93
19:17:26,22.2552555,84.9038425,1.918,0.147,0.16,-0.050,-0.064,149.5,8,0.0000,1.92
19:17:26,22.2552555,84.9038425,1.916,0.143,0.16,-0.033,-0.109,147.0,8,0.0014,1.92
19:17:26,22.2552555,84.9038425,1.904,0.135,0.16,0.007,-0.167,147.0,8,0.0014,1.91
19:17:26,22.2552555,84.9038425,1.906,0.126,0.16,0.057,-0.191,142.6,8,0.0023,1.91
19:17:26,22.2552555,84.9038425,1.910,0.116,0.16,0.089,-0.228,140.8,8,0.0000,1.91
19:17:26,22.2552555,84.9038425,1.914,0.106,0.16,0.088,-0.177,139.4,8,0.0021,1.92
19:17:27,22.2552554,84.9038421,1.904,0.098,0.17,0.110,-0.198,139.4,8,0.0021,1.91
19:17:27,22.2552554,84.9038421,1.910,0.089,0.17,0.128,-0.167,137.9,8,0.0021,1.91
19:17:27,22.2552554,84.9038421,1.917,0.081,0.17,0.138,-0.177,137.9,8,0.0000,1.92
19:17:27,22.2552554,84.9038421,1.925,0.072,0.17,0.174,-0.184,138.5,8,0.0029,1.93
19:17:27,22.2552554,84.9038421,1.934,0.062,0.17,0.170,-0.185,138.5,8,0.0029,1.93
19:17:27,22.2552549,84.9038419,1.920,0.057,0.16,0.062,-0.059,141.3,8,0.0025,1.92
19:17:27,22.2552549,84.9038419,1.923,0.055,0.16,0.048,-0.054,143.5,8,0.0000,1.92
19:17:27,22.2552549,84.9038419,1.925,0.052,0.16,0.031,-0.045,147.9,8,0.0000,1.93
19:17:27,22.2552549,84.9038419,1.930,0.047,0.16,0.074,-0.079,147.9,8,0.0015,1.93
19:17:27,22.2552549,84.9038419,1.915,0.045,0.16,0.059,-0.061,149.8,8,0.0015,1.92
19:17:27,22.2552549,84.9038419,1.916,0.040,0.16,0.005,-0.089,151.5,8,0.0010,1.92
19:17:27,22.2552549,84.9038419,1.916,0.036,0.16,-0.004,-0.065,151.5,8,0.0000,1.92
19:17:27,22.2552549,84.9038419,1.914,0.032,0.16,-0.066,-0.085,154.4,8,0.0012,1.91
19:17:27,22.2552546,84.9038411,1.887,0.028,0.16,-0.067,-0.061,155.7,8,0.0012,1.89
19:17:27,22.2552546,84.9038411,1.883,0.023,0.16,-0.103,-0.097,158.3,8,0.0015,1.88
19:17:27,22.2552546,84.9038411,1.878,0.019,0.16,-0.098,-0.072,158.3,8,0.0000,1.88
19:17:27,22.2552546,84.9038411,1.871,0.012,0.16,-0.151,-0.150,158.4,8,0.0023,1.87
19:17:27,22.2552546,84.9038411,1.844,0.007,0.16,-0.146,-0.116,158.3,8,0.0023,1.84
19:17:27,22.2552546,84.9038411,1.835,0.000,0.16,-0.202,-0.126,158.3,8,0.0029,1.84
19:17:27,22.2552546,84.9038411,1.825,-0.005,0.16,-0.197,-0.083,158.3,8,0.0000,1.82
19:17:28,22.2552546,84.9038411,1.815,-0.009,0.16,-0.198,-0.080,158.3,8,0.0023,1.81
19:17:28,22.2552546,84.9038402,1.783,-0.009,0.16,-0.194,-0.035,158.3,8,0.0023,1.78
19:17:28,22.2552546,84.9038402,1.775,-0.013,0.16,-0.161,-0.074,158.2,8,0.0021,1.77
19:17:28,22.2552546,84.9038402,1.766,-0.015,0.16,-0.166,-0.028,158.2,8,0.0000,1.77
19:17:28,22.2552546,84.9038402,1.758,-0.016,0.16,-0.172,0.017,158.2,8,0.0000,1.76
19:17:28,22.2552546,84.9038395,1.729,-0.017,0.15,-0.130,-0.061,158.1,8,0.0015,1.73
19:17:28,22.2552546,84.9038395,1.722,-0.019,0.15,-0.143,-0.016,157.9,8,0.0015,1.72
19:17:28,22.2552546,84.9038395,1.717,-0.021,0.15,-0.082,-0.028,157.4,8,0.0010,1.72
19:17:28,22.2552546,84.9038395,1.712,-0.021,0.15,-0.106,0.016,157.4,8,0.0000,1.71
19:17:28,22.2552546,84.9038395,1.710,-0.021,0.15,-0.039,0.006,157.1,8,0.0005,1.71
19:17:28,22.2552546,84.9038395,1.687,-0.016,0.15,-0.066,0.051,156.8,8,0.0005,1.69
19:17:28,22.2552546,84.9038395,1.686,-0.016,0.15,-0.009,0.009,156.8,8,0.0006,1.69
19:17:28,22.2552546,84.9038395,1.685,-0.014,0.15,-0.035,0.054,156.6,8,0.0000,1.69
19:17:28,22.2552546,84.9038395,1.686,-0.010,0.15,0.016,0.101,156.5,8,0.0012,1.69
19:17:28,22.2552546,84.9038395,1.668,-0.002,0.15,-0.003,0.134,155.9,8,0.0012,1.67
19:17:28,22.2552546,84.9038395,1.668,0.005,0.15,-0.009,0.145,155.9,8,0.0012,1.67
19:17:28,22.2552546,84.9038395,1.667,0.013,0.15,-0.015,0.157,155.5,8,0.0012,1.67
19:17:28,22.2552546,84.9038395,1.665,0.020,0.15,-0.034,0.151,155.2,8,0.0035,1.66
19:17:28,22.2552546,84.9038396,1.648,0.027,0.16,-0.025,0.144,154.6,8,0.0000,1.65
19:17:28,22.2552546,84.9038396,1.645,0.035,0.16,-0.060,0.163,154.6,8,0.0063,1.65
19:17:28,22.2552546,84.9038396,1.643,0.043,0.16,-0.007,0.117,154.2,8,0.0066,1.64
19:17:29,22.2552546,84.9038396,1.643,0.048,0.16,0.002,0.077,153.7,8,0.0028,1.64
19:17:29,22.2552546,84.9038396,1.631,0.049,0.16,0.026,0.048,152.8,8,0.0000,1.63
19:17:29,22.2552546,84.9038396,1.631,0.052,0.16,0.005,0.056,152.3,8,0.0023,1.63
19:17:29,22.2552546,84.9038396,1.632,0.054,0.16,0.038,0.059,152.3,8,0.0025,1.63
19:17:29,22.2552546,84.9038396,1.635,0.056,0.16,0.067,0.021,151.9,8,0.0025,1.64
19:17:29,22.2552548,84.9038394,1.622,0.057,0.15,0.009,0.034,151.1,8,0.0035,1.62
19:17:29,22.2552548,84.9038394,1.623,0.057,0.15,0.037,-0.008,150.7,8,0.0000,1.62
19:17:29,22.2552548,84.9038394,1.624,0.059,0.15,0.006,0.046,150.7,8,0.0026,1.62
19:17:29,22.2552548,84.9038394,1.624,0.061,0.15,0.005,0.032,150.4,8,0.0025,1.63
19:17:29,22.2552548,84.9038394,1.625,0.062,0.15,0.030,-0.010,149.9,8,0.0025,1.63
19:17:29,22.2552547,84.9038389,1.609,0.058,0.14,0.050,-0.051,149.7,8,0.0025,1.61
19:17:29,22.2552547,84.9038389,1.608,0.060,0.14,0.005,0.014,149.7,8,0.0004,1.61
19:17:29,22.2552547,84.9038389,1.609,0.060,0.14,0.024,-0.027,149.5,8,0.0000,1.61
19:17:29,22.2552547,84.9038389,1.609,0.060,0.14,0.004,-0.006,149.2,8,0.0003,1.61
19:17:29,22.2552547,84.9038389,1.593,0.056,0.14,0.018,-0.044,149.1,8,0.0003,1.59
19:17:29,22.2552547,84.9038389,1.594,0.056,0.14,0.003,-0.008,149.1,8,0.0003,1.59
19:17:29,22.2552547,84.9038389,1.594,0.054,0.14,0.016,-0.043,149.0,8,0.0000,1.59
19:17:29,22.2552547,84.9038389,1.594,0.054,0.14,0.003,-0.007,148.8,8,0.0004,1.60
19:17:29,22.2552546,84.9038385,1.576,0.050,0.14,0.012,-0.035,148.7,8,0.0004,1.58
19:17:30,22.2552546,84.9038385,1.575,0.050,0.14,-0.015,0.017,148.7,8,0.0005,1.58
19:17:30,22.2552546,84.9038385,1.575,0.050,0.14,-0.006,-0.008,148.4,8,0.0000,1.58
19:17:30,22.2552546,84.9038385,1.574,0.052,0.14,-0.022,0.036,147.9,8,0.0007,1.57
19:17:30,22.2552546,84.9038385,1.556,0.051,0.14,-0.015,0.017,147.6,8,0.0007,1.56
19:17:30,22.2552546,84.9038385,1.555,0.053,0.14,-0.025,0.061,147.6,8,0.0008,1.56
19:17:30,22.2552546,84.9038385,1.554,0.056,0.14,-0.018,0.042,147.3,8,0.0000,1.55
19:17:30,22.2552546,84.9038385,1.553,0.057,0.14,-0.011,0.023,146.9,8,0.0000,1.55
19:17:30,22.2552545,84.9038381,1.533,0.058,0.15,-0.027,0.072,146.7,8,0.0009,1.53
19:17:30,22.2552545,84.9038381,1.532,0.061,0.15,-0.014,0.048,146.7,8,0.0009,1.53
19:17:30,22.2552545,84.9038381,1.530,0.065,0.15,-0.027,0.075,146.4,8,0.0010,1.53
19:17:30,22.2552545,84.9038381,1.529,0.068,0.15,-0.008,0.045,146.4,8,0.0000,1.53
19:17:30,22.2552545,84.9038381,1.528,0.071,0.15,-0.016,0.059,146.3,8,0.0009,1.53
19:17:30,22.2552544,84.9038379,1.510,0.066,0.16,0.007,0.023,146.3,8,0.0009,1.51
19:17:30,22.2552544,84.9038379,1.510,0.068,0.16,0.003,0.028,146.4,8,0.0005,1.51
19:17:30,22.2552544,84.9038379,1.510,0.068,0.16,0.028,-0.010,146.6,8,0.0000,1.51
19:17:30,22.2552544,84.9038379,1.511,0.069,0.16,0.005,0.012,146.9,8,0.0003,1.51
19:17:30,22.2552544,84.9038379,1.495,0.063,0.16,0.029,-0.026,146.9,8,0.0003,1.50
19:17:30,22.2552544,84.9038379,1.495,0.063,0.16,0.005,-0.006,147.3,8,0.0005,1.50
19:17:30,22.2552544,84.9038379,1.496,0.061,0.16,0.027,-0.042,147.5,8,0.0000,1.50
19:17:30,22.2552544,84.9038379,1.496,0.061,0.16,0.005,0.007,147.6,8,0.0005,1.50
19:17:30,22.2552541,84.9038378,1.480,0.053,0.15,0.024,-0.024,147.6,8,0.0005,1.48
19:17:31,22.2552541,84.9038378,1.481,0.053,0.15,0.004,0.020,147.7,8,0.0003,1.48
19:17:31,22.2552541,84.9038378,1.481,0.054,0.15,0.023,-0.008,147.8,8,0.0000,1.48
19:17:31,22.2552541,84.9038378,1.483,0.053,0.15,0.040,-0.032,147.8,8,0.0000,1.48
19:17:31,22.2552539,84.9038374,1.463,0.046,0.15,0.004,0.038,147.8,8,0.0005,1.46
19:17:31,22.2552539,84.9038374,1.464,0.047,0.15,0.021,0.015,147.8,8,0.0005,1.46
19:17:31,22.2552539,84.9038374,1.464,0.050,0.15,0.004,0.057,148.1,8,0.0006,1.46
19:17:31,22.2552539,84.9038374,1.465,0.052,0.15,0.023,0.031,148.2,8,0.0000,1.47
19:17:31,22.2552539,84.9038374,1.448,0.045,0.15,0.019,0.055,148.2,8,0.0006,1.45
19:17:31,22.2552539,84.9038374,1.450,0.048,0.15,0.038,0.028,148.6,8,0.0006,1.45
19:17:31,22.2552539,84.9038374,1.451,0.050,0.15,0.030,0.043,148.9,8,0.0007,1.45
19:17:31,22.2552539,84.9038374,1.453,0.051,0.15,0.050,0.011,149.1,8,0.0000,1.45
19:17:31,22.2552537,84.9038373,1.438,0.041,0.15,0.039,0.029,149.4,8,0.0006,1.44
19:17:31,22.2552537,84.9038373,1.440,0.042,0.15,0.058,-0.003,149.4,8,0.0006,1.44
19:17:31,22.2552537,84.9038373,1.443,0.043,0.15,0.046,0.013,149.8,8,0.0007,1.44
19:17:31,22.2552537,84.9038373,1.445,0.043,0.15,0.062,-0.017,150.0,8,0.0000,1.45
19:17:31,22.2552537,84.9038373,1.447,0.043,0.15,0.037,0.013,150.2,8,0.0005,1.45
19:17:31,22.2552536,84.9038373,1.432,0.031,0.16,0.050,-0.014,150.2,8,0.0005,1.43
19:17:31,22.2552536,84.9038373,1.435,0.030,0.16,0.062,-0.042,150.6,8,0.0005,1.44
19:17:31,22.2552536,84.9038373,1.436,0.033,0.16,0.020,0.024,150.7,8,0.0004,1.44
19:17:32,22.2552536,84.9038373,1.437,0.033,0.16,0.029,-0.003,150.8,8,0.0000,1.44
19:17:32,22.2552536,84.9038373,1.421,0.024,0.16,0.003,0.033,150.8,8,0.0006,1.42
19:17:32,22.2552536,84.9038373,1.422,0.025,0.16,0.010,0.004,150.9,8,0.0006,1.42
19:17:32,22.2552536,84.9038373,1.421,0.027,0.16,-0.024,0.039,150.9,8,0.0006,1.42
19:17:32,22.2552536,84.9038373,1.420,0.028,0.16,-0.017,0.007,150.9,8,0.0000,1.42
19:17:32,22.2552535,84.9038371,1.402,0.018,0.16,-0.038,0.031,150.9,8,0.0006,1.40
19:17:32,22.2552535,84.9038371,1.400,0.019,0.16,-0.029,-0.003,150.9,8,0.0006,1.40
19:17:32,22.2552535,84.9038371,1.399,0.020,0.16,-0.038,0.021,151.0,8,0.0006,1.40
19:17:32,22.2552535,84.9038371,1.397,0.020,0.16,-0.028,-0.014,151.0,8,0.0000,1.40
19:17:32,22.2552535,84.9038371,1.381,0.010,0.16,-0.030,-0.004,151.0,8,0.0006,1.38
19:17:32,22.2552535,84.9038371,1.380,0.009,0.16,-0.020,-0.036,151.0,8,0.0006,1.38
19:17:32,22.2552535,84.9038371,1.379,0.006,0.16,-0.011,-0.065,151.0,8,0.0006,1.38
19:17:32,22.2552535,84.9038371,1.378,0.007,0.16,-0.014,-0.006,150.9,8,0.0004,1.38
19:17:32,22.2552533,84.9038372,1.366,-0.005,0.16,-0.008,-0.028,150.9,8,0.0000,1.37
19:17:32,22.2552533,84.9038372,1.366,-0.005,0.16,-0.000,0.013,150.8,8,0.0006,1.37
19:17:32,22.2552533,84.9038372,1.366,-0.004,0.16,0.006,-0.007,150.6,8,0.0006,1.37
19:17:32,22.2552533,84.9038372,1.366,-0.003,0.16,0.001,0.024,150.3,8,0.0005,1.37
19:17:32,22.2552533,84.9038372,1.367,-0.003,0.16,0.009,0.007,150.3,8,0.0000,1.37
19:17:32,22.2552532,84.9038373,1.357,-0.013,0.17,0.002,0.034,150.2,8,0.0005,1.36
19:17:33,22.2552532,84.9038373,1.357,-0.012,0.17,0.011,0.017,150.0,8,0.0005,1.36
19:17:33,22.2552532,84.9038373,1.357,-0.010,0.17,0.002,0.036,149.8,8,0.0005,1.36
19:17:33,22.2552532,84.9038373,1.358,-0.009,0.17,0.018,0.019,149.8,8,0.0000,1.36
19:17:33,22.2552532,84.9038373,1.349,-0.018,0.17,0.003,0.029,149.7,8,0.0007,1.35
19:17:33,22.2552532,84.9038373,1.350,-0.017,0.17,0.022,0.012,149.6,8,0.0007,1.35
19:17:33,22.2552532,84.9038373,1.351,-0.017,0.17,0.042,-0.002,149.6,8,0.0007,1.35
19:17:33,22.2552532,84.9038373,1.350,-0.015,0.17,-0.010,0.024,149.5,8,0.0005,1.35
19:17:33,22.255253,84.9038374,1.343,-0.027,0.19,0.016,0.015,149.5,8,0.0000,1.34
19:17:33,22.255253,84.9038374,1.343,-0.025,0.19,0.004,0.026,149.5,8,0.0005,1.34
19:17:33,22.255253,84.9038374,1.343,-0.024,0.19,0.031,0.019,149.5,8,0.0005,1.34
19:17:33,22.255253,84.9038374,1.344,-0.023,0.19,0.006,0.033,149.5,8,0.0005,1.34
19:17:33,22.2552529,84.9038375,1.339,-0.034,0.21,0.034,0.027,149.4,8,0.0000,1.34
19:17:33,22.2552529,84.9038375,1.339,-0.032,0.21,0.006,0.048,149.4,8,0.0005,1.34
19:17:33,22.2552529,84.9038375,1.340,-0.029,0.21,0.037,0.042,149.5,8,0.0005,1.34
19:17:33,22.2552529,84.9038375,1.341,-0.027,0.21,0.007,0.059,149.5,8,0.0006,1.34
19:17:33,22.2552529,84.9038375,1.336,-0.036,0.21,0.038,0.051,149.5,8,0.0000,1.34
19:17:33,22.2552529,84.9038375,1.339,-0.034,0.21,0.071,0.042,149.5,8,0.0000,1.34
19:17:33,22.2552529,84.9038375,1.339,-0.030,0.21,0.022,0.062,149.5,8,0.0007,1.34
19:17:33,22.2552529,84.9038375,1.341,-0.027,0.21,0.054,0.050,149.5,8,0.0007,1.34
19:17:34,22.2552528,84.9038375,1.342,-0.024,0.23,0.038,0.062,149.4,8,0.0009,1.34
19:17:34,22.2552528,84.9038375,1.345,-0.022,0.23,0.069,0.050,149.4,8,0.0000,1.35
19:17:34,22.2552528,84.9038375,1.347,-0.019,0.23,0.042,0.059,149.3,8,0.0008,1.35
19:17:34,22.2552528,84.9038375,1.350,-0.016,0.23,0.068,0.046,149.3,8,0.0008,1.35
19:17:34,22.2552528,84.9038375,1.352,-0.013,0.23,0.042,0.056,149.2,8,0.0009,1.35
19:17:34,22.2552528,84.9038375,1.355,-0.011,0.23,0.065,0.043,149.2,8,0.0000,1.35
19:17:34,22.2552528,84.9038375,1.357,-0.008,0.23,0.037,0.060,149.1,8,0.0021,1.36
19:17:34,22.2552528,84.9038375,1.359,-0.005,0.23,0.028,0.060,149.1,8,0.0014,1.36
19:17:34,22.2552528,84.9038375,1.360,-0.002,0.23,0.024,0.061,149.1,8,0.0010,1.36
19:17:34,22.2552528,84.9038376,1.362,0.001,0.26,0.039,0.050,149.0,8,0.0000,1.36
19:17:34,22.2552528,84.9038376,1.363,0.004,0.26,0.021,0.063,149.1,8,0.0015,1.36
19:17:34,22.2552528,84.9038376,1.365,0.007,0.26,0.032,0.052,149.1,8,0.0015,1.36
19:17:34,22.2552528,84.9038376,1.365,0.010,0.26,0.004,0.054,149.1,8,0.0024,1.37
19:17:34,22.2552529,84.9038379,1.365,0.012,0.28,0.003,0.057,149.2,8,0.0018,1.37
19:17:34,22.2552529,84.9038379,1.366,0.015,0.28,0.013,0.046,149.2,8,0.0000,1.37
19:17:34,22.2552529,84.9038379,1.366,0.018,0.28,0.002,0.064,149.2,8,0.0013,1.37
19:17:34,22.2552529,84.9038379,1.366,0.021,0.28,0.013,0.053,149.3,8,0.0013,1.37
19:17:34,22.2552529,84.9038379,1.367,0.024,0.28,0.024,0.066,149.4,8,0.0017,1.37
19:17:34,22.2552529,84.9038379,1.369,0.027,0.28,0.041,0.047,149.6,8,0.0026,1.37
19:17:34,22.2552529,84.9038379,1.371,0.029,0.28,0.051,0.034,149.6,8,0.0000,1.37
19:17:34,22.2552529,84.9038379,1.373,0.032,0.28,0.035,0.064,149.7,8,0.0020,1.37
19:17:35,22.2552529,84.9038382,1.375,0.035,0.31,0.036,0.068,149.9,8,0.0022,1.38
19:17:35,22.2552529,84.9038382,1.377,0.038,0.31,0.045,0.052,150.0,8,0.0022,1.38
19:17:35,22.2552529,84.9038382,1.379,0.041,0.31,0.033,0.066,150.0,8,0.0022,1.38
19:17:35,22.2552529,84.9038382,1.381,0.044,0.31,0.042,0.048,150.1,8,0.0000,1.38
19:17:35,22.2552526,84.9038387,1.383,0.048,0.33,0.039,0.072,150.3,8,0.0016,1.38
19:17:35,22.2552526,84.9038387,1.385,0.051,0.33,0.035,0.070,150.4,8,0.0013,1.39
19:17:35,22.2552526,84.9038387,1.387,0.054,0.33,0.032,0.064,150.5,8,0.0017,1.39
19:17:35,22.2552526,84.9038387,1.388,0.057,0.33,0.036,0.042,150.5,8,0.0000,1.39
19:17:35,22.2552526,84.9038387,1.390,0.060,0.33,0.026,0.054,150.6,8,0.0013,1.39
19:17:35,22.2552526,84.9038387,1.391,0.062,0.33,0.029,0.031,150.8,8,0.0013,1.39
19:17:35,22.2552526,84.9038387,1.392,0.064,0.33,0.019,0.050,150.9,8,0.0015,1.39
19:17:35,22.2552526,84.9038387,1.393,0.067,0.33,0.003,0.051,150.9,8,0.0011,1.39
19:17:35,22.2552526,84.9038387,1.393,0.069,0.33,0.003,0.029,151.0,8,0.0000,1.39
19:17:35,22.2552519,84.9038399,1.394,0.071,0.34,0.017,0.052,151.2,8,0.0014,1.40
19:17:35,22.2552519,84.9038399,1.395,0.073,0.34,0.019,0.053,151.3,8,0.0012,1.40
19:17:35,22.2552519,84.9038399,1.395,0.076,0.34,0.014,0.031,151.3,8,0.0012,1.40
19:17:35,22.2552519,84.9038399,1.396,0.078,0.34,0.001,0.050,151.3,8,0.0011,1.40
19:17:35,22.255251,84.9038413,1.396,0.080,0.36,-0.004,0.029,151.5,8,0.0000,1.40
19:17:35,22.255251,84.9038413,1.396,0.082,0.36,-0.001,0.051,151.5,8,0.0015,1.40
19:17:36,22.255251,84.9038413,1.396,0.085,0.36,-0.001,0.056,151.5,8,0.0013,1.40
19:17:36,22.255251,84.9038413,1.395,0.087,0.36,-0.008,0.036,151.6,8,0.0013,1.40
19:17:36,22.255251,84.9038413,1.395,0.090,0.36,-0.001,0.052,152.2,8,0.0012,1.40
19:17:36,22.255251,84.9038413,1.395,0.092,0.36,-0.010,0.035,153.1,8,0.0000,1.40
19:17:36,22.255251,84.9038413,1.398,0.093,0.36,0.077,0.002,153.1,8,0.0015,1.40
19:17:36,22.255251,84.9038413,1.402,0.092,0.36,0.132,-0.024,155.5,8,0.0016,1.41
19:17:36,22.2552499,84.9038426,1.409,0.091,0.36,0.115,-0.029,156.9,8,0.0016,1.41
19:17:36,22.2552499,84.9038426,1.415,0.089,0.36,0.139,-0.050,158.4,8,0.0018,1.42
19:17:36,22.2552499,84.9038426,1.422,0.086,0.36,0.117,-0.048,158.4,8,0.0000,1.42
19:17:36,22.2552499,84.9038426,1.429,0.083,0.36,0.142,-0.078,161.3,8,0.0020,1.43
19:17:36,22.2552499,84.9038426,1.436,0.078,0.36,0.147,-0.122,162.4,8,0.0022,1.44
19:17:36,22.2552499,84.9038426,1.443,0.071,0.36,0.116,-0.189,162.9,8,0.0028,1.44
19:17:36,22.2552499,84.9038426,1.448,0.062,0.36,0.093,-0.172,162.9,8,0.0000,1.45
19:17:36,22.2552499,84.9038426,1.453,0.049,0.36,0.087,-0.312,162.1,8,0.0041,1.45
19:17:36,22.2552499,84.9038426,1.457,0.033,0.36,0.100,-0.370,161.3,8,0.0044,1.46
19:17:36,22.2552483,84.9038439,1.461,0.015,0.36,0.079,-0.335,160.5,8,0.0044,1.46
19:17:36,22.2552483,84.9038439,1.465,-0.005,0.36,0.076,-0.414,160.5,8,0.0046,1.47
19:17:36,22.2552483,84.9038439,1.469,-0.025,0.36,0.057,-0.374,158.7,8,0.0000,1.47
19:17:36,22.2552483,84.9038439,1.474,-0.046,0.36,0.124,-0.412,157.9,8,0.0049,1.47
19:17:36,22.255246,84.9038451,1.480,-0.066,0.35,0.108,-0.413,157.1,8,0.0051,1.48
19:17:37,22.255246,84.9038451,1.485,-0.086,0.35,0.099,-0.364,157.1,8,0.0051,1.49
19:17:37,22.255246,84.9038451,1.492,-0.107,0.35,0.140,-0.450,155.7,8,0.0052,1.50
19:17:37,22.255246,84.9038451,1.499,-0.129,0.35,0.136,-0.403,155.1,8,0.0000,1.50
19:17:37,22.255246,84.9038451,1.506,-0.151,0.35,0.152,-0.451,157.2,8,0.0055,1.51
19:17:37,22.255246,84.9038451,1.515,-0.167,0.35,0.247,-0.021,157.2,8,0.0039,1.52
19:17:37,22.255246,84.9038451,1.528,-0.167,0.35,0.244,0.022,157.7,8,0.0039,1.54
19:17:37,22.255246,84.9038451,1.533,-0.167,0.35,0.044,0.005,157.4,8,0.0032,1.54
19:17:37,22.2552441,84.9038461,1.536,-0.166,0.33,0.045,0.036,157.1,8,0.0000,1.54
19:17:37,22.2552441,84.9038461,1.536,-0.164,0.33,0.004,0.042,157.1,8,0.0017,1.55
19:17:37,22.2552441,84.9038461,1.537,-0.161,0.33,0.001,0.053,156.6,8,0.0019,1.55
19:17:37,22.2552441,84.9038461,1.536,-0.159,0.33,-0.023,0.045,156.4,8,0.0017,1.54
19:17:37,22.2552441,84.9038461,1.535,-0.156,0.33,-0.022,0.059,155.8,8,0.0000,1.54
19:17:37,22.2552433,84.9038462,1.535,-0.153,0.32,-0.002,0.054,155.8,8,0.0040,1.54
19:17:37,22.2552433,84.9038462,1.534,-0.150,0.32,-0.049,0.072,155.5,8,0.0030,1.54
19:17:37,22.2552433,84.9038462,1.532,-0.147,0.32,-0.043,0.068,155.3,8,0.0030,1.54
19:17:37,22.2552433,84.9038462,1.528,-0.142,0.32,-0.071,0.099,154.7,8,0.0022,1.54
19:17:37,22.2552433,84.9038462,1.525,-0.138,0.32,-0.054,0.076,154.7,8,0.0000,1.53
19:17:37,22.2552433,84.9038462,1.521,-0.133,0.32,-0.082,0.093,154.3,8,0.0018,1.53
19:17:37,22.2552433,84.9038462,1.517,-0.128,0.32,-0.094,0.108,153.7,8,0.0022,1.52
19:17:37,22.2552433,84.9038462,1.513,-0.124,0.32,-0.070,0.075,151.6,8,0.0022,1.52
19:17:38,22.2552425,84.9038457,1.507,-0.117,0.31,-0.141,0.139,151.6,8,0.0026,1.51
19:17:38,22.2552425,84.9038457,1.501,-0.111,0.31,-0.108,0.097,150.3,8,0.0000,1.50
19:17:38,22.2552425,84.9038457,1.494,-0.102,0.31,-0.140,0.210,149.3,8,0.0033,1.50
19:17:38,22.2552425,84.9038457,1.486,-0.092,0.31,-0.201,0.216,148.4,8,0.0038,1.49
19:17:38,22.2552422,84.9038452,1.477,-0.081,0.31,-0.194,0.275,148.4,8,0.0041,1.48
19:17:38,22.2552422,84.9038452,1.468,-0.068,0.31,-0.146,0.223,148.4,8,0.0000,1.47
19:17:38,22.2552422,84.9038452,1.458,-0.054,0.31,-0.216,0.302,148.6,8,0.0042,1.46
19:17:38,22.2552422,84.9038452,1.448,-0.040,0.31,-0.162,0.248,149.1,8,0.0042,1.45
19:17:38,22.2552422,84.9038452,1.438,-0.025,0.31,-0.208,0.300,149.1,8,0.0050,1.44
19:17:38,22.2552422,84.9038452,1.428,-0.011,0.31,-0.226,0.314,149.4,8,0.0046,1.43
19:17:38,22.2552422,84.9038452,1.418,0.004,0.31,-0.174,0.264,149.7,8,0.0000,1.42
19:17:38,22.2552422,84.9038452,1.407,0.020,0.31,-0.211,0.326,150.4,8,0.0045,1.41
19:17:38,22.2552422,84.9038452,1.397,0.036,0.31,-0.243,0.339,150.4,8,0.0046,1.40
19:17:38,22.2552421,84.9038447,1.386,0.052,0.31,-0.198,0.298,150.7,8,0.0046,1.39
19:17:38,22.2552421,84.9038447,1.377,0.066,0.31,-0.155,0.262,151.1,8,0.0046,1.38
19:17:38,22.2552421,84.9038447,1.370,0.079,0.31,-0.114,0.229,151.6,8,0.0000,1.37
19:17:38,22.2552421,84.9038447,1.350,0.102,0.31,-0.254,0.358,151.6,8,0.0048,1.35
19:17:38,22.2552421,84.9038447,1.337,0.120,0.31,-0.294,0.368,151.8,8,0.0053,1.34
19:17:38,22.2552421,84.9038447,1.323,0.138,0.31,-0.256,0.344,152.0,8,0.0053,1.33
19:17:39,22.2552421,84.9038447,1.308,0.157,0.31,-0.293,0.375,152.3,8,0.0051,1.32
19:17:39,22.2552421,84.9038447,1.294,0.175,0.31,-0.256,0.354,152.3,8,0.0000,1.31
19:17:39,22.2552425,84.9038438,1.280,0.195,0.31,-0.283,0.392,152.4,8,0.0052,1.29
19:17:39,22.2552425,84.9038438,1.266,0.215,0.31,-0.317,0.400,152.5,8,0.0056,1.28
19:17:39,22.2552425,84.9038438,1.251,0.234,0.31,-0.282,0.378,152.6,8,0.0056,1.27
19:17:39,22.2552425,84.9038438,1.236,0.254,0.31,-0.290,0.400,152.6,8,0.0056,1.26
19:17:39,22.255243,84.9038427,1.222,0.274,0.32,-0.256,0.375,152.4,8,0.0000,1.25
19:17:39,22.255243,84.9038427,1.206,0.295,0.32,-0.323,0.444,152.3,8,0.0056,1.24
19:17:39,22.255243,84.9038427,1.191,0.318,0.32,-0.299,0.458,151.9,8,0.0060,1.23
19:17:39,22.255243,84.9038427,1.176,0.340,0.32,-0.292,0.436,151.9,8,0.0056,1.22
19:17:39,22.255243,84.9038427,1.162,0.361,0.32,-0.259,0.411,151.7,8,0.0000,1.22
19:17:39,22.255243,84.9038427,1.148,0.384,0.32,-0.292,0.451,151.4,8,0.0058,1.21
19:17:39,22.255243,84.9038427,1.134,0.406,0.32,-0.261,0.427,151.0,8,0.0058,1.20
19:17:39,22.255243,84.9038427,1.120,0.429,0.32,-0.280,0.459,151.0,8,0.0057,1.20
19:17:39,22.255243,84.9038427,1.105,0.452,0.32,-0.316,0.454,150.8,8,0.0062,1.19
19:17:39,22.2552438,84.9038422,1.090,0.474,0.32,-0.287,0.434,150.6,8,0.0000,1.19
19:17:39,22.2552438,84.9038422,1.077,0.497,0.32,-0.259,0.478,150.2,8,0.0058,1.19
19:17:39,22.2552438,84.9038422,1.063,0.521,0.32,-0.288,0.442,150.2,8,0.0056,1.18
19:17:39,22.2552438,84.9038422,1.049,0.543,0.32,-0.262,0.426,150.1,8,0.0056,1.18
19:17:39,22.2552446,84.9038425,1.035,0.566,0.34,-0.290,0.479,149.7,8,0.0063,1.18
19:17:39,22.2552446,84.9038425,1.021,0.590,0.34,-0.266,0.465,150.0,8,0.0000,1.18
19:17:40,22.2552446,84.9038425,1.006,0.612,0.34,-0.297,0.436,150.0,8,0.0057,1.18
19:17:40,22.2552446,84.9038425,0.993,0.636,0.34,-0.220,0.533,150.4,8,0.0064,1.18
19:17:40,22.2552446,84.9038425,0.982,0.662,0.34,-0.198,0.520,150.4,8,0.0064,1.18
19:17:40,22.2552446,84.9038425,0.970,0.688,0.34,-0.267,0.495,150.3,8,0.0062,1.19
19:17:40,22.2552446,84.9038425,0.957,0.712,0.34,-0.241,0.477,150.3,8,0.0000,1.19
19:17:40,22.2552446,84.9038425,0.943,0.737,0.34,-0.285,0.493,150.3,8,0.0062,1.20
19:17:40,22.2552451,84.9038433,0.929,0.762,0.36,-0.244,0.494,150.0,8,0.0061,1.20
19:17:40,22.2552451,84.9038433,0.917,0.787,0.36,-0.257,0.517,150.0,8,0.0065,1.21
19:17:40,22.2552451,84.9038433,0.905,0.812,0.36,-0.228,0.490,150.0,8,0.0000,1.22
19:17:40,22.2552451,84.9038433,0.894,0.838,0.36,-0.207,0.528,149.9,8,0.0064,1.23
19:17:40,22.2552454,84.9038443,0.884,0.864,0.38,-0.178,0.500,149.8,8,0.0064,1.24
19:17:40,22.2552454,84.9038443,0.874,0.890,0.38,-0.216,0.511,149.8,8,0.0060,1.25
19:17:40,22.2552454,84.9038443,0.864,0.915,0.38,-0.188,0.462,149.8,8,0.0054,1.26
19:17:40,22.2552454,84.9038443,0.855,0.937,0.38,-0.163,0.432,149.8,8,0.0000,1.27
19:17:40,22.2552454,84.9038443,0.845,0.961,0.38,-0.210,0.468,149.9,8,0.0068,1.28
19:17:40,22.2552454,84.9038443,0.835,0.983,0.38,-0.188,0.439,150.2,8,0.0068,1.29
19:17:40,22.2552454,84.9038443,0.825,1.009,0.38,-0.189,0.524,150.2,8,0.0059,1.30
19:17:40,22.2552454,84.9038443,0.816,1.035,0.38,-0.143,0.504,150.3,8,0.0064,1.32
19:17:40,22.2552454,84.9038443,0.810,1.059,0.38,-0.127,0.475,150.7,8,0.0000,1.33
19:17:40,22.2552458,84.9038454,0.801,1.085,0.40,-0.180,0.508,150.8,8,0.0062,1.35
19:17:40,22.2552458,84.9038454,0.792,1.110,0.40,-0.167,0.480,150.8,8,0.0062,1.36
19:17:41,22.2552458,84.9038454,0.784,1.133,0.40,-0.153,0.452,150.9,8,0.0062,1.38
19:17:41,22.2552458,84.9038454,0.777,1.155,0.40,-0.140,0.425,155.8,8,0.0062,1.39
19:17:41,22.2552458,84.9038454,0.770,1.176,0.40,-0.126,0.383,157.4,8,0.0062,1.41
19:17:41,22.2552458,84.9038454,0.764,1.194,0.40,-0.111,0.334,157.4,8,0.0062,1.42
19:17:41,22.2552458,84.9038454,0.759,1.209,0.40,-0.095,0.285,158.4,8,0.0062,1.43
19:17:41,22.2552458,84.9038454,0.755,1.222,0.40,-0.079,0.232,159.1,8,0.0062,1.44
19:17:41,22.2552457,84.9038469,0.751,1.233,0.42,-0.064,0.180,159.1,8,0.0062,1.44
19:17:41,22.2552457,84.9038469,0.748,1.240,0.42,-0.052,0.127,159.1,8,0.0062,1.45
19:17:41,22.2552457,84.9038469,0.746,1.245,0.42,-0.039,0.074,158.9,8,0.0062,1.45
19:17:41,22.2552457,84.9038469,0.744,1.248,0.42,-0.028,0.022,158.4,8,0.0062,1.45
19:17:41,22.2552455,84.9038487,0.743,1.248,0.43,-0.022,-0.027,158.1,8,0.0062,1.45
19:17:41,22.2552455,84.9038487,0.742,1.245,0.43,-0.018,-0.076,158.1,8,0.0062,1.45
19:17:41,22.2552455,84.9038487,0.741,1.240,0.43,-0.014,-0.124,157.8,8,0.0062,1.44
19:17:41,22.2552455,84.9038487,0.741,1.233,0.43,-0.013,-0.171,156.8,8,0.0062,1.44
19:17:41,22.2552455,84.9038487,0.740,1.223,0.43,-0.019,-0.220,155.9,8,0.0062,1.43
19:17:41,22.2552455,84.9038487,0.739,1.210,0.43,-0.026,-0.271,155.9,8,0.0062,1.42
19:17:41,22.2552455,84.9038487,0.737,1.196,0.43,-0.034,-0.322,154.8,8,0.0062,1.40
19:17:41,22.2552455,84.9038487,0.735,1.178,0.43,-0.043,-0.376,152.5,8,0.0062,1.39
19:17:42,22.2552455,84.9038487,0.733,1.158,0.43,-0.054,-0.431,151.1,8,0.0062,1.37
19:17:42,22.2552453,84.9038509,0.730,1.135,0.44,-0.067,-0.484,151.1,8,0.0062,1.35
19:17:42,22.2552453,84.9038509,0.726,1.109,0.44,-0.080,-0.537,149.8,8,0.0062,1.33
19:17:42,22.2552453,84.9038509,0.722,1.081,0.44,-0.096,-0.589,147.5,8,0.0062,1.30
19:17:42,22.2552453,84.9038509,0.716,1.050,0.44,-0.116,-0.634,147.0,8,0.0062,1.27
19:17:42,22.2552451,84.9038535,0.710,1.017,0.45,-0.139,-0.676,147.0,8,0.0062,1.24
19:17:42,22.2552451,84.9038535,0.702,0.982,0.45,-0.163,-0.718,147.0,8,0.0062,1.21
19:17:42,22.2552451,84.9038535,0.693,0.944,0.45,-0.189,-0.756,147.7,8,0.0062,1.17
19:17:42,22.2552451,84.9038535,0.683,0.906,0.45,-0.221,-0.784,148.1,8,0.0062,1.13
19:17:42,22.2552451,84.9038535,0.671,0.866,0.45,-0.255,-0.806,148.5,8,0.0062,1.10
19:17:42,22.2552451,84.9038535,0.657,0.825,0.45,-0.290,-0.822,148.5,8,0.0062,1.05
19:17:42,22.2552451,84.9038535,0.642,0.783,0.45,-0.326,-0.838,149.3,8,0.0062,1.01
19:17:42,22.2552451,84.9038535,0.625,0.740,0.45,-0.360,-0.853,149.6,8,0.0062,0.97
19:17:42,22.2552449,84.903856,0.606,0.697,0.45,-0.392,-0.866,149.6,8,0.0062,0.92
19:17:42,22.2552449,84.903856,0.585,0.653,0.45,-0.423,-0.879,149.9,8,0.0062,0.88
19:17:42,22.2552449,84.903856,0.563,0.609,0.45,-0.449,-0.892,150.0,8,0.0062,0.83
19:17:42,22.2552449,84.903856,0.540,0.563,0.45,-0.470,-0.907,150.0,8,0.0062,0.78
19:17:42,22.2552449,84.903856,0.516,0.517,0.45,-0.487,-0.923,150.0,8,0.0062,0.73
19:17:42,22.2552449,84.903856,0.491,0.470,0.45,-0.503,-0.938,150.0,8,0.0062,0.68
19:17:42,22.2552449,84.903856,0.466,0.423,0.45,-0.509,-0.956,150.1,8,0.0062,0.63
19:17:42,22.2552446,84.9038579,0.414,0.324,0.43,-0.505,-0.994,150.1,8,0.0062,0.53
19:17:42,22.2552446,84.9038579,0.389,0.274,0.43,-0.500,-1.014,150.1,8,0.0062,0.48
19:17:43,22.2552446,84.9038579,0.364,0.222,0.43,-0.486,-1.035,150.2,8,0.0062,0.43
19:17:43,22.2552446,84.9038579,0.340,0.170,0.43,-0.467,-1.058,150.5,8,0.0062,0.38
19:17:43,22.2552446,84.9038579,0.317,0.116,0.43,-0.445,-1.082,150.5,8,0.0062,0.34
19:17:43,22.2552442,84.9038595,0.295,0.061,0.42,-0.424,-1.105,151.0,8,0.0062,0.30
19:17:43,22.2552442,84.9038595,0.275,0.005,0.42,-0.397,-1.127,151.2,8,0.0062,0.27
19:17:43,22.2552442,84.9038595,0.256,-0.053,0.42,-0.368,-1.150,151.3,8,0.0062,0.26
19:17:43,22.2552442,84.9038595,0.238,-0.111,0.42,-0.338,-1.174,151.3,8,0.0062,0.26
19:17:43,22.2552442,84.9038595,0.221,-0.171,0.42,-0.308,-1.198,151.5,8,0.0062,0.28
19:17:43,22.2552442,84.9038595,0.207,-0.232,0.42,-0.275,-1.222,151.6,8,0.0062,0.31
19:17:43,22.2552442,84.9038595,0.194,-0.294,0.42,-0.241,-1.248,151.7,8,0.0062,0.35
19:17:43,22.2552442,84.9038595,0.183,-0.358,0.42,-0.206,-1.274,151.7,8,0.0062,0.40
19:17:43,22.2552439,84.9038609,0.173,-0.422,0.40,-0.171,-1.301,151.8,8,0.0062,0.46
19:17:43,22.2552439,84.9038609,0.165,-0.489,0.40,-0.136,-1.328,151.8,8,0.0062,0.52
19:17:43,22.2552439,84.9038609,0.159,-0.557,0.40,-0.102,-1.356,151.8,8,0.0062,0.58
19:17:43,22.2552439,84.9038609,0.155,-0.625,0.40,-0.068,-1.385,151.8,8,0.0062,0.64
19:17:43,22.2552442,84.9038623,0.152,-0.696,0.39,-0.034,-1.413,151.7,8,0.0062,0.71
19:17:43,22.2552442,84.9038623,0.152,-0.768,0.39,-0.002,-1.443,151.7,8,0.0062,0.78
19:17:43,22.2552442,84.9038623,0.668,1.557,0.39,0.372,0.136,151.7,8,0.0045,1.69
19:17:44,22.2552442,84.9038623,0.687,1.563,0.39,0.401,0.106,151.3,8,0.0000,1.71
19:17:44,22.2552442,84.9038623,0.701,1.577,0.39,0.388,0.125,151.0,8,0.0043,1.73
19:17:44,22.2552442,84.9038623,0.720,1.584,0.39,0.377,0.124,150.7,8,0.0041,1.74
19:17:44,22.2552442,84.9038623,0.739,1.589,0.39,0.394,0.091,150.7,8,0.0041,1.75
19:17:44,22.2552442,84.9038623,0.758,1.595,0.39,0.369,0.112,150.5,8,0.0045,1.77
19:17:44,22.2552442,84.9038623,0.777,1.600,0.39,0.379,0.079,150.3,8,0.0000,1.78
19:17:44,22.2552449,84.903864,0.794,1.606,0.38,0.335,0.120,150.3,8,0.0048,1.79
19:17:44,22.2552449,84.903864,0.811,1.611,0.38,0.330,0.121,150.3,8,0.0047,1.80
19:17:44,22.2552449,84.903864,0.828,1.617,0.38,0.357,0.118,150.3,8,0.0043,1.82
19:17:44,22.2552449,84.903864,0.846,1.622,0.38,0.361,0.086,150.2,8,0.0000,1.83
19:17:44,22.2552457,84.903866,0.864,1.629,0.38,0.335,0.142,150.1,8,0.0038,1.84
19:17:44,22.2552457,84.903866,0.881,1.635,0.38,0.337,0.112,150.1,8,0.0038,1.86
19:17:44,22.2552457,84.903866,0.897,1.640,0.38,0.310,0.080,150.1,8,0.0074,1.87
19:17:44,22.2552457,84.903866,0.913,1.644,0.38,0.336,0.107,149.9,8,0.0039,1.88
19:17:44,22.2552457,84.903866,0.930,1.649,0.38,0.341,0.079,149.8,8,0.0000,1.89
19:17:44,22.2552457,84.903866,0.948,1.653,0.38,0.359,0.091,149.8,8,0.0040,1.91
19:17:44,22.2552457,84.903866,0.965,1.658,0.38,0.335,0.111,150.0,8,0.0039,1.92
19:17:44,22.2552457,84.903866,0.982,1.663,0.38,0.341,0.088,150.0,8,0.0039,1.93
19:17:45,22.255247,84.9038682,1.000,1.668,0.38,0.355,0.104,150.0,8,0.0051,1.94
19:17:45,22.255247,84.9038682,1.018,1.673,0.38,0.361,0.082,150.0,8,0.0000,1.96
19:17:45,22.255247,84.9038682,1.037,1.678,0.38,0.378,0.113,150.0,8,0.0044,1.97
19:17:45,22.255247,84.9038682,1.055,1.684,0.38,0.329,0.141,150.0,8,0.0039,1.99
19:17:45,22.255247,84.9038682,1.072,1.691,0.38,0.336,0.118,150.0,8,0.0039,2.00
19:17:45,22.255247,84.9038682,1.090,1.697,0.38,0.365,0.114,150.0,8,0.0042,2.02
19:17:45,22.255247,84.9038682,1.109,1.702,0.38,0.373,0.090,150.0,8,0.0000,2.03
19:17:45,22.255247,84.9038682,1.126,1.708,0.38,0.345,0.127,149.9,8,0.0040,2.05
19:17:45,22.255247,84.9038682,1.144,1.714,0.38,0.357,0.120,149.9,8,0.0044,2.06
19:17:45,22.2552473,84.9038708,1.162,1.720,0.38,0.333,0.112,149.9,8,0.0039,2.08
19:17:45,22.2552473,84.9038708,1.179,1.725,0.38,0.345,0.087,149.8,8,0.0000,2.09
19:17:45,22.2552473,84.9038708,1.197,1.731,0.38,0.354,0.146,149.7,8,0.0049,2.10
19:17:45,22.2552473,84.9038708,1.215,1.738,0.38,0.346,0.087,149.7,8,0.0043,2.12
19:17:45,22.2552474,84.9038736,1.233,1.741,0.38,0.359,0.062,149.7,8,0.0043,2.13
19:17:45,22.2552474,84.9038736,1.249,1.747,0.38,0.322,0.118,149.8,8,0.0040,2.15
19:17:45,22.2552474,84.9038736,1.266,1.752,0.38,0.334,0.093,149.9,8,0.0000,2.16
19:17:45,22.2552474,84.9038736,1.281,1.759,0.38,0.297,0.140,149.9,8,0.0070,2.18
19:17:45,22.2552474,84.9038736,1.297,1.765,0.38,0.352,0.119,150.0,8,0.0040,2.19
19:17:45,22.2552474,84.9038736,1.315,1.771,0.38,0.362,0.096,150.0,8,0.0040,2.21
19:17:45,22.2552474,84.9038736,1.332,1.777,0.38,0.323,0.129,150.1,8,0.0037,2.22
19:17:45,22.2552474,84.9038736,1.349,1.783,0.38,0.332,0.106,150.1,8,0.0000,2.24
19:17:46,22.2552473,84.9038764,1.366,1.788,0.39,0.344,0.110,150.2,8,0.0040,2.25
19:17:46,22.2552473,84.9038764,1.383,1.794,0.39,0.344,0.103,150.3,8,0.0038,2.27
19:17:46,22.2552473,84.9038764,1.401,1.798,0.39,0.354,0.082,150.4,8,0.0038,2.28
19:17:46,22.2552473,84.9038764,1.418,1.803,0.39,0.330,0.102,150.4,8,0.0039,2.29
19:17:46,22.2552471,84.9038791,1.435,1.808,0.40,0.328,0.075,150.9,8,0.0000,2.31
19:17:46,22.2552471,84.9038791,1.448,1.813,0.40,0.238,0.112,151.7,8,0.0037,2.32
19:17:46,22.2552471,84.9038791,1.458,1.818,0.40,0.123,0.068,151.8,8,0.0016,2.33
19:17:46,22.2552471,84.9038791,1.463,1.820,0.40,0.083,0.013,151.8,8,0.0016,2.34
19:17:46,22.2552471,84.9038791,1.466,1.821,0.40,0.022,0.011,151.7,8,0.0013,2.34
19:17:46,22.2552471,84.9038791,1.466,1.820,0.40,-0.017,-0.045,151.1,8,0.0000,2.34
19:17:46,22.2552471,84.9038791,1.464,1.819,0.40,-0.054,-0.040,150.9,8,0.0015,2.33
19:17:46,22.2552471,84.9038791,1.461,1.816,0.40,-0.065,-0.054,150.9,8,0.0013,2.33
19:17:46,22.2552471,84.9038791,1.457,1.812,0.40,-0.059,-0.064,150.7,8,0.0016,2.33
19:17:46,22.2552464,84.9038809,1.453,1.808,0.41,-0.090,-0.112,150.4,8,0.0000,2.32
19:17:46,22.2552464,84.9038809,1.450,1.804,0.41,-0.051,-0.070,150.4,8,0.0014,2.31
19:17:46,22.2552464,84.9038809,1.447,1.799,0.41,-0.079,-0.110,150.5,8,0.0014,2.31
19:17:46,22.2552464,84.9038809,1.446,1.795,0.41,-0.011,-0.094,151.7,8,0.0017,2.30
19:17:46,22.2552455,84.9038829,1.446,1.789,0.41,0.059,-0.120,152.9,8,0.0021,2.30
19:17:46,22.2552455,84.9038829,1.448,1.783,0.41,0.024,-0.133,154.3,8,0.0000,2.30
19:17:46,22.2552455,84.9038829,1.453,1.776,0.41,0.129,-0.142,154.3,8,0.0022,2.29
19:17:47,22.2552455,84.9038829,1.460,1.768,0.41,0.143,-0.176,157.2,8,0.0026,2.29
19:17:47,22.2552455,84.9038829,1.466,1.760,0.41,0.100,-0.164,158.4,8,0.0026,2.29
19:17:47,22.2552455,84.9038829,1.472,1.750,0.41,0.110,-0.193,158.4,8,0.0026,2.29
19:17:47,22.2552455,84.9038829,1.476,1.741,0.41,0.065,-0.173,159.2,8,0.0000,2.28
19:17:47,22.2552455,84.9038829,1.480,1.729,0.41,0.069,-0.255,159.3,8,0.0031,2.28
19:17:47,22.2552441,84.9038853,1.483,1.716,0.40,0.065,-0.318,158.8,8,0.0037,2.27
19:17:47,22.2552441,84.9038853,1.485,1.701,0.40,0.017,-0.266,158.2,8,0.0037,2.26
19:17:47,22.2552441,84.9038853,1.489,1.683,0.40,0.101,-0.400,158.2,8,0.0047,2.25
19:17:47,22.2552441,84.9038853,1.493,1.664,0.40,0.052,-0.340,157.0,8,0.0000,2.24
19:17:47,22.2552441,84.9038853,1.499,1.642,0.40,0.131,-0.459,156.3,8,0.0055,2.22
19:17:47,22.2552441,84.9038853,1.505,1.620,0.40,0.106,-0.439,156.3,8,0.0048,2.21
19:17:47,22.2552441,84.9038853,1.509,1.598,0.40,0.125,-0.438,155.7,8,0.0052,2.20
19:17:47,22.2552441,84.9038853,1.515,1.578,0.40,0.078,-0.372,154.7,8,0.0000,2.19
19:17:47,22.2552441,84.9038853,1.521,1.557,0.40,0.145,-0.440,154.3,8,0.0059,2.18
19:17:47,22.2552423,84.9038882,1.528,1.535,0.38,0.176,-0.409,153.8,8,0.0050,2.17
19:17:47,22.2552423,84.9038882,1.536,1.516,0.38,0.136,-0.361,153.8,8,0.0050,2.16
19:17:47,22.2552423,84.9038882,1.546,1.495,0.38,0.224,-0.445,153.1,8,0.0056,2.15
19:17:47,22.2552423,84.9038882,1.557,1.473,0.38,0.187,-0.410,152.9,8,0.0000,2.14
19:17:47,22.2552402,84.9038917,1.570,1.450,0.36,0.276,-0.481,152.7,8,0.0062,2.14
19:17:47,22.2552402,84.9038917,1.583,1.425,0.36,0.263,-0.487,152.7,8,0.0061,2.13
19:17:48,22.2552402,84.9038917,1.595,1.401,0.36,0.229,-0.467,152.5,8,0.0061,2.12
19:17:48,22.2552402,84.9038917,1.609,1.376,0.36,0.291,-0.527,152.4,8,0.0075,2.12
19:17:48,22.2552402,84.9038917,1.623,1.349,0.36,0.262,-0.523,152.4,8,0.0000,2.11
19:17:48,22.2552402,84.9038917,1.634,1.322,0.36,0.185,-0.545,152.4,8,0.0068,2.10
19:17:48,22.2552402,84.9038917,1.644,1.295,0.36,0.271,-0.526,152.4,8,0.0062,2.09
19:17:48,22.2552402,84.9038917,1.657,1.268,0.36,0.247,-0.532,152.4,8,0.0062,2.09
19:17:48,22.2552379,84.9038954,1.671,1.239,0.34,0.285,-0.590,152.4,8,0.0072,2.08
19:17:48,22.2552379,84.9038954,1.685,1.209,0.34,0.262,-0.598,152.4,8,0.0000,2.07
19:17:48,22.2552379,84.9038954,1.699,1.179,0.34,0.263,-0.612,152.1,8,0.0076,2.07
19:17:48,22.2552379,84.9038954,1.711,1.148,0.34,0.235,-0.578,152.0,8,0.0068,2.06
19:17:48,22.2552379,84.9038954,1.723,1.119,0.34,0.283,-0.629,152.0,8,0.0072,2.05
19:17:48,22.2552361,84.9038992,1.737,1.087,0.34,0.263,-0.635,151.8,8,0.0000,2.05
19:17:48,22.2552361,84.9038992,1.751,1.056,0.34,0.265,-0.593,151.6,8,0.0068,2.04
19:17:48,22.2552361,84.9038992,1.764,1.026,0.34,0.273,-0.626,151.6,8,0.0083,2.04
19:17:48,22.2552361,84.9038992,1.777,0.994,0.34,0.257,-0.624,151.6,8,0.0083,2.04
19:17:48,22.2552361,84.9038992,1.790,0.963,0.34,0.240,-0.622,151.5,8,0.0000,2.03
19:17:48,22.2552361,84.9038992,1.801,0.932,0.34,0.223,-0.617,151.5,8,0.0000,2.03
19:17:48,22.2552361,84.9038992,1.820,0.904,0.34,0.296,-0.574,151.4,8,0.0090,2.03
19:17:48,22.2552361,84.9038992,1.836,0.875,0.34,0.351,-0.566,151.2,8,0.0072,2.03
19:17:48,22.2552349,84.9039028,1.853,0.847,0.33,0.327,-0.557,151.2,8,0.0072,2.04
19:17:49,22.2552349,84.9039028,1.870,0.816,0.33,0.348,-0.645,151.1,8,0.0077,2.04
19:17:49,22.2552349,84.9039028,1.887,0.783,0.33,0.321,-0.636,150.8,8,0.0000,2.04
19:17:49,22.2552349,84.9039028,1.904,0.753,0.33,0.322,-0.575,150.3,8,0.0070,2.05
19:17:49,22.2552342,84.9039064,1.919,0.724,0.33,0.304,-0.612,150.3,8,0.0077,2.05
19:17:49,22.2552342,84.9039064,1.934,0.693,0.33,0.267,-0.605,150.0,8,0.0077,2.05
19:17:49,22.2552342,84.9039064,1.947,0.664,0.33,0.257,-0.570,149.6,8,0.0065,2.06
19:17:49,22.2552342,84.9039064,1.959,0.635,0.33,0.224,-0.571,149.1,8,0.0000,2.06
19:17:49,22.2552342,84.9039064,1.968,0.612,0.33,0.147,-0.426,149.1,8,0.0044,2.06
19:17:49,22.2552342,84.9039064,1.975,0.591,0.33,0.117,-0.370,148.3,8,0.0057,2.06
19:17:49,22.2552342,84.9039064,1.980,0.572,0.33,0.091,-0.355,148.2,8,0.0037,2.06
19:17:49,22.2552342,84.9039064,1.985,0.553,0.33,0.080,-0.389,148.5,8,0.0000,2.06
19:17:49,22.2552342,84.9039064,1.989,0.535,0.33,0.088,-0.346,148.5,8,0.0039,2.06
19:17:49,22.255233,84.9039097,1.993,0.517,0.33,0.089,-0.363,149.9,8,0.0065,2.06
19:17:49,22.255233,84.9039097,1.998,0.498,0.33,0.091,-0.415,150.9,8,0.0065,2.06
19:17:49,22.255233,84.9039097,2.003,0.475,0.33,0.095,-0.469,153.1,8,0.0065,2.06
19:17:49,22.255233,84.9039097,2.008,0.451,0.33,0.099,-0.510,153.1,8,0.0065,2.06
19:17:49,22.255233,84.9039097,2.013,0.424,0.33,0.102,-0.551,153.9,8,0.0065,2.06
19:17:49,22.255233,84.9039097,2.018,0.396,0.33,0.102,-0.573,154.8,8,0.0065,2.06
19:17:49,22.255233,84.9039097,2.023,0.367,0.33,0.102,-0.578,156.3,8,0.0065,2.06
19:17:49,22.255233,84.9039097,2.028,0.338,0.33,0.104,-0.558,156.3,8,0.0065,2.06
19:17:50,22.2552317,84.9039128,2.033,0.311,0.34,0.107,-0.538,156.6,8,0.0065,2.06
19:17:50,22.2552317,84.9039128,2.039,0.284,0.34,0.113,-0.507,156.4,8,0.0065,2.06
19:17:50,22.2552317,84.9039128,2.045,0.260,0.34,0.122,-0.469,155.3,8,0.0065,2.06
19:17:50,22.2552317,84.9039128,2.051,0.237,0.34,0.139,-0.421,155.3,8,0.0065,2.07
19:17:50,22.2552309,84.9039154,2.059,0.217,0.36,0.156,-0.374,154.8,8,0.0065,2.07
19:17:50,22.2552309,84.9039154,2.067,0.200,0.36,0.175,-0.324,154.3,8,0.0065,2.08
19:17:50,22.2552309,84.9039154,2.076,0.185,0.36,0.197,-0.274,153.5,8,0.0065,2.08
19:17:50,22.2552309,84.9039154,2.087,0.172,0.36,0.223,-0.227,153.5,8,0.0065,2.09
19:17:50,22.2552309,84.9039154,2.099,0.162,0.36,0.249,-0.181,153.3,8,0.0065,2.11
19:17:50,22.2552309,84.9039154,2.112,0.154,0.36,0.276,-0.138,153.0,8,0.0065,2.12
19:17:50,22.2552309,84.9039154,2.127,0.148,0.36,0.305,-0.100,152.9,8,0.0065,2.13
19:17:50,22.2552309,84.9039154,2.143,0.144,0.36,0.332,-0.075,152.9,8,0.0065,2.15
19:17:50,22.2552309,84.9039154,2.160,0.140,0.36,0.360,-0.049,152.9,8,0.0065,2.16
19:17:50,22.2552298,84.9039179,2.179,0.138,0.37,0.385,-0.031,152.9,8,0.0065,2.18
19:17:50,22.2552298,84.9039179,2.199,0.137,0.37,0.408,-0.018,152.9,8,0.0065,2.20
19:17:50,22.2552298,84.9039179,2.220,0.136,0.37,0.423,-0.016,152.9,8,0.0065,2.22
19:17:50,22.2552298,84.9039179,2.241,0.136,0.37,0.438,-0.015,152.9,8,0.0065,2.25
19:17:50,22.2552286,84.9039203,2.264,0.135,0.38,0.449,-0.018,152.9,8,0.0065,2.27
19:17:50,22.2552286,84.9039203,2.286,0.134,0.38,0.457,-0.025,152.9,8,0.0065,2.29
19:17:50,22.2552286,84.9039203,2.309,0.132,0.38,0.459,-0.040,152.9,8,0.0065,2.31
19:17:51,22.2552286,84.9039203,2.333,0.130,0.38,0.461,-0.055,152.8,8,0.0065,2.34
19:17:51,22.2552286,84.9039203,2.356,0.126,0.38,0.461,-0.072,152.6,8,0.0065,2.36
19:17:51,22.2552286,84.9039203,2.379,0.122,0.38,0.458,-0.090,152.3,8,0.0065,2.38
19:17:51,22.2552286,84.9039203,2.402,0.117,0.38,0.453,-0.112,152.1,8,0.0065,2.40
19:17:51,22.2552286,84.9039203,2.425,0.111,0.38,0.448,-0.134,152.1,8,0.0065,2.43
19:17:51,22.2552275,84.9039226,2.447,0.104,0.39,0.443,-0.156,152.0,8,0.0065,2.45
19:17:51,22.2552275,84.9039226,2.469,0.095,0.39,0.438,-0.179,152.0,8,0.0065,2.47
19:17:51,22.2552275,84.9039226,2.491,0.086,0.39,0.434,-0.201,152.0,8,0.0065,2.49
19:17:51,22.2552275,84.9039226,2.513,0.075,0.39,0.429,-0.224,152.1,8,0.0065,2.51
19:17:51,22.2552265,84.9039249,2.534,0.063,0.41,0.425,-0.246,152.1,8,0.0065,2.54
19:17:51,22.2552265,84.9039249,2.556,0.050,0.41,0.419,-0.268,152.2,8,0.0065,2.56
19:17:51,22.2552265,84.9039249,2.577,0.036,0.41,0.411,-0.290,152.2,8,0.0065,2.58
19:17:51,22.2552265,84.9039249,2.597,0.021,0.41,0.403,-0.311,152.3,8,0.0065,2.60
19:17:51,22.2552265,84.9039249,2.617,0.005,0.41,0.394,-0.333,152.4,8,0.0065,2.62
19:17:51,22.2552265,84.9039249,2.637,-0.012,0.41,0.382,-0.354,152.5,8,0.0065,2.64
19:17:51,22.2552265,84.9039249,2.655,-0.031,0.41,0.366,-0.376,152.5,8,0.0065,2.66
19:17:51,22.2552265,84.9039249,2.674,-0.050,0.41,0.350,-0.397,152.4,8,0.0065,2.67
19:17:52,22.2552265,84.9039249,2.691,-0.071,0.41,0.332,-0.419,152.4,8,0.0065,2.69
19:17:52,22.2552254,84.9039273,2.707,-0.092,0.43,0.311,-0.440,152.3,8,0.0065,2.71
19:17:52,22.2552254,84.9039273,2.722,-0.115,0.43,0.289,-0.461,152.4,8,0.0065,2.72
19:17:52,22.2552254,84.9039273,2.736,-0.139,0.43,0.266,-0.482,152.4,8,0.0065,2.74
19:17:52,22.2552254,84.9039273,2.749,-0.164,0.43,0.242,-0.502,152.4,8,0.0065,2.75
19:17:52,22.2552254,84.9039273,2.760,-0.189,0.43,0.219,-0.522,152.2,8,0.0065,2.77
19:17:52,22.2552254,84.9039273,2.771,-0.216,0.43,0.196,-0.541,152.2,8,0.0065,2.78
19:17:52,22.2552254,84.9039273,2.780,-0.244,0.43,0.173,-0.560,152.1,8,0.0065,2.79
19:17:52,22.2552254,84.9039273,2.788,-0.273,0.43,0.150,-0.577,152.0,8,0.0065,2.80
19:17:52,22.2552242,84.9039297,2.795,-0.302,0.44,0.129,-0.595,151.9,8,0.0065,2.81
19:17:52,22.2552242,84.9039297,2.801,-0.333,0.44,0.109,-0.611,151.9,8,0.0065,2.82
19:17:52,22.2552242,84.9039297,2.806,-0.364,0.44,0.089,-0.627,151.8,8,0.0065,2.83
19:17:52,22.2552242,84.9039297,2.810,-0.396,0.44,0.070,-0.643,151.7,8,0.0065,2.84
19:17:52,22.2552242,84.9039297,2.813,-0.428,0.44,0.052,-0.658,151.7,8,0.0065,2.85
19:17:52,22.2552236,84.9039325,2.816,-0.462,0.46,0.035,-0.674,151.7,8,0.0065,2.85
19:17:52,22.2552236,84.9039325,2.817,-0.496,0.46,0.017,-0.690,151.7,8,0.0065,2.86
19:17:52,22.2552236,84.9039325,2.348,0.371,0.46,-0.311,-0.111,151.8,8,0.0037,2.38
19:17:52,22.2552236,84.9039325,2.331,0.366,0.46,-0.330,-0.126,151.9,8,0.0037,2.36
19:17:52,22.2552236,84.9039325,2.317,0.358,0.46,-0.335,-0.145,151.9,8,0.0043,2.34
19:17:52,22.2552236,84.9039325,2.302,0.351,0.46,-0.311,-0.152,152.0,8,0.0036,2.33
19:17:52,22.2552236,84.9039325,2.285,0.343,0.46,-0.331,-0.166,152.0,8,0.0000,2.31
19:17:52,22.2552236,84.9039325,2.269,0.335,0.46,-0.323,-0.137,152.0,8,0.0041,2.29
19:17:53,22.2552234,84.9039351,2.252,0.328,0.46,-0.338,-0.154,152.0,8,0.0040,2.28
19:17:53,22.2552234,84.9039351,2.235,0.320,0.46,-0.361,-0.163,152.1,8,0.0040,2.26
19:17:53,22.2552234,84.9039351,2.218,0.312,0.46,-0.328,-0.171,152.1,8,0.0042,2.24
19:17:53,22.2552234,84.9039351,2.201,0.303,0.46,-0.352,-0.174,152.1,8,0.0000,2.22
19:17:53,22.2552222,84.9039359,2.184,0.295,0.46,-0.344,-0.163,152.1,8,0.0039,2.20
19:17:53,22.2552222,84.9039359,2.166,0.286,0.46,-0.339,-0.170,152.0,8,0.0041,2.18
19:17:53,22.2552222,84.9039359,2.148,0.278,0.46,-0.348,-0.162,152.0,8,0.0041,2.17
19:17:53,22.2552222,84.9039359,2.130,0.270,0.46,-0.374,-0.158,152.0,8,0.0000,2.15
19:17:53,22.2552222,84.9039359,2.112,0.261,0.46,-0.353,-0.171,152.0,8,0.0058,2.13
19:17:53,22.2552222,84.9039359,2.093,0.253,0.46,-0.379,-0.165,151.9,8,0.0058,2.11
19:17:53,22.2552222,84.9039359,2.075,0.245,0.46,-0.361,-0.145,151.9,8,0.0042,2.09
19:17:53,22.2552222,84.9039359,2.057,0.238,0.46,-0.365,-0.154,151.9,8,0.0042,2.07
19:17:53,22.2552204,84.9039359,2.038,0.230,0.44,-0.389,-0.147,151.9,8,0.0000,2.05
19:17:53,22.2552204,84.9039359,2.019,0.223,0.44,-0.363,-0.135,151.9,8,0.0041,2.03
19:17:53,22.2552204,84.9039359,2.000,0.216,0.44,-0.387,-0.128,152.0,8,0.0041,2.01
19:17:53,22.2552204,84.9039359,1.983,0.209,0.44,-0.343,-0.142,152.0,8,0.0043,1.99
19:17:53,22.2552204,84.9039359,1.965,0.202,0.44,-0.367,-0.161,152.0,8,0.0042,1.98
19:17:53,22.2552192,84.9039381,1.946,0.194,0.44,-0.388,-0.157,152.0,8,0.0000,1.96
19:17:54,22.2552192,84.9039381,1.926,0.185,0.44,-0.390,-0.179,152.0,8,0.0047,1.94
19:17:54,22.2552192,84.9039381,1.907,0.176,0.44,-0.380,-0.173,151.9,8,0.0044,1.91
19:17:54,22.2552192,84.9039381,1.887,0.168,0.44,-0.396,-0.173,151.9,8,0.0044,1.89
19:17:54,22.2552192,84.9039381,1.868,0.159,0.44,-0.364,-0.162,151.9,8,0.0051,1.88
19:17:54,22.2552192,84.9039381,1.850,0.151,0.44,-0.379,-0.164,151.9,8,0.0000,1.86
19:17:54,22.2552192,84.9039381,1.832,0.144,0.44,-0.341,-0.134,151.9,8,0.0051,1.84
19:17:54,22.2552192,84.9039381,1.815,0.137,0.44,-0.319,-0.139,151.9,8,0.0037,1.82
19:17:54,22.2552182,84.9039417,1.799,0.130,0.43,-0.334,-0.142,151.9,8,0.0037,1.80
19:17:54,22.2552182,84.9039417,1.783,0.124,0.43,-0.290,-0.110,151.8,8,0.0033,1.79
19:17:54,22.2552182,84.9039417,1.768,0.118,0.43,-0.312,-0.116,151.8,8,0.0000,1.77
19:17:54,22.2552182,84.9039417,1.757,0.113,0.43,-0.201,-0.099,151.7,8,0.0025,1.76
19:17:54,22.2552182,84.9039417,1.747,0.108,0.43,-0.136,-0.063,151.4,8,0.0018,1.75
19:17:54,22.2552182,84.9039417,1.741,0.105,0.43,-0.042,-0.035,151.5,8,0.0013,1.74
19:17:54,22.2552182,84.9039417,1.738,0.104,0.43,-0.080,-0.041,151.5,8,0.0000,1.74
19:17:54,22.2552182,84.9039417,1.738,0.103,0.43,0.051,-0.005,151.5,8,0.0012,1.74
19:17:54,22.2552182,84.9039417,1.741,0.103,0.43,0.075,0.027,151.8,8,0.0015,1.74
19:17:54,22.2552173,84.9039477,1.744,0.104,0.42,0.039,0.023,152.0,8,0.0015,1.75
19:17:54,22.2552173,84.9039477,1.748,0.106,0.42,0.090,0.030,152.0,8,0.0016,1.75
19:17:54,22.2552173,84.9039477,1.752,0.107,0.42,0.057,0.027,152.2,8,0.0000,1.75
19:17:54,22.2552173,84.9039477,1.756,0.109,0.42,0.099,0.031,152.8,8,0.0015,1.76
19:17:54,22.2552143,84.9039543,1.761,0.110,0.41,0.104,0.027,153.1,8,0.0015,1.76
19:17:55,22.2552143,84.9039543,1.766,0.111,0.41,0.079,0.025,153.1,8,0.0015,1.77
19:17:55,22.2552143,84.9039543,1.770,0.113,0.41,0.088,0.029,153.3,8,0.0019,1.77
19:17:55,22.2552143,84.9039543,1.774,0.114,0.41,0.070,0.024,152.5,8,0.0000,1.78
19:17:55,22.2552143,84.9039543,1.775,0.116,0.41,-0.019,0.047,151.5,8,0.0013,1.78
19:17:55,22.2552143,84.9039543,1.773,0.119,0.41,-0.083,0.066,151.5,8,0.0022,1.78
19:17:55,22.2552143,84.9039543,1.768,0.122,0.41,-0.090,0.056,148.6,8,0.0022,1.77
19:17:55,22.2552143,84.9039543,1.762,0.125,0.41,-0.147,0.078,147.1,8,0.0022,1.77
19:17:55,22.2552129,84.903959,1.755,0.129,0.38,-0.132,0.062,145.7,8,0.0000,1.76
19:17:55,22.2552129,84.903959,1.747,0.132,0.38,-0.159,0.053,142.9,8,0.0024,1.75
19:17:55,22.2552129,84.903959,1.740,0.135,0.38,-0.133,0.066,142.9,8,0.0025,1.74
19:17:55,22.2552129,84.903959,1.734,0.138,0.38,-0.114,0.079,141.7,8,0.0021,1.74
19:17:55,22.255212,84.9039629,1.729,0.141,0.35,-0.079,0.056,140.9,8,0.0000,1.73
19:17:55,22.255212,84.9039629,1.723,0.146,0.35,-0.120,0.121,140.4,8,0.0023,1.73
19:17:55,22.255212,84.9039629,1.718,0.152,0.35,-0.079,0.089,140.4,8,0.0023,1.72
19:17:55,22.255212,84.9039629,1.711,0.159,0.35,-0.138,0.154,140.7,8,0.0026,1.72
19:17:55,22.255212,84.9039629,1.704,0.167,0.35,-0.182,0.167,141.2,8,0.0030,1.71
19:17:55,22.255212,84.9039629,1.696,0.174,0.35,-0.137,0.128,142.2,8,0.0000,1.71
19:17:55,22.255212,84.9039629,1.687,0.182,0.35,-0.200,0.170,142.2,8,0.0033,1.70
19:17:55,22.255212,84.9039629,1.676,0.191,0.35,-0.241,0.182,142.7,8,0.0033,1.69
19:17:55,22.255212,84.9039629,1.666,0.199,0.35,-0.190,0.138,143.1,8,0.0033,1.68
19:17:55,22.2552113,84.9039665,1.654,0.207,0.34,-0.251,0.167,144.2,8,0.0034,1.67
19:17:56,22.2552113,84.9039665,1.642,0.214,0.34,-0.198,0.128,144.2,8,0.0000,1.66
19:17:56,22.2552113,84.9039665,1.630,0.222,0.34,-0.244,0.147,145.6,8,0.0032,1.65
19:17:56,22.2552113,84.9039665,1.621,0.230,0.34,-0.090,0.212,146.4,8,0.0034,1.64
19:17:56,22.2552108,84.90397,1.617,0.240,0.33,-0.039,0.181,147.5,8,0.0034,1.64
19:17:56,22.2552108,84.90397,1.611,0.250,0.33,-0.151,0.199,147.5,8,0.0029,1.63
19:17:56,22.2552108,84.90397,1.605,0.259,0.33,-0.103,0.175,148.0,8,0.0000,1.63
19:17:56,22.2552108,84.90397,1.600,0.270,0.33,-0.074,0.220,148.3,8,0.0028,1.62
19:17:56,22.2552108,84.90397,1.596,0.281,0.33,-0.120,0.228,148.3,8,0.0033,1.62
19:17:56,22.2552108,84.90397,1.591,0.292,0.33,-0.074,0.209,149.0,8,0.0033,1.62
19:17:56,22.2552108,84.90397,1.586,0.303,0.33,-0.107,0.228,149.2,8,0.0029,1.61
19:17:56,22.2552108,84.90397,1.582,0.314,0.33,-0.062,0.216,149.3,8,0.0000,1.61
19:17:56,22.2552103,84.9039737,1.576,0.326,0.32,-0.124,0.227,149.3,8,0.0031,1.61
19:17:56,22.2552103,84.9039737,1.570,0.337,0.32,-0.136,0.244,149.5,8,0.0035,1.61
19:17:56,22.2552103,84.9039737,1.564,0.350,0.32,-0.121,0.264,149.6,8,0.0039,1.60
19:17:56,22.2552103,84.9039737,1.559,0.363,0.32,-0.075,0.252,149.6,8,0.0000,1.60
19:17:56,22.2552103,84.9039737,1.553,0.376,0.32,-0.139,0.268,149.6,8,0.0033,1.60
19:17:56,22.2552103,84.9039737,1.547,0.390,0.32,-0.106,0.286,149.5,8,0.0035,1.59
19:17:56,22.2552103,84.9039737,1.542,0.404,0.32,-0.058,0.272,149.4,8,0.0035,1.59
19:17:57,22.2552103,84.9039737,1.537,0.417,0.32,-0.128,0.265,149.2,8,0.0036,1.59
19:17:57,22.2552104,84.9039777,1.532,0.430,0.32,-0.078,0.250,149.2,8,0.0000,1.59
19:17:57,22.2552104,84.9039777,1.525,0.444,0.32,-0.139,0.274,149.1,8,0.0034,1.59
19:17:57,22.2552104,84.9039777,1.519,0.458,0.32,-0.134,0.302,149.2,8,0.0036,1.59
19:17:57,22.2552104,84.9039777,1.512,0.473,0.32,-0.157,0.317,149.4,8,0.0043,1.58
19:17:57,22.2552104,84.9039777,1.506,0.489,0.32,-0.106,0.300,149.4,8,0.0000,1.58
19:17:57,22.2552113,84.9039819,1.498,0.505,0.32,-0.153,0.326,149.6,8,0.0042,1.58
19:17:57,22.2552113,84.9039819,1.492,0.521,0.32,-0.103,0.308,149.8,8,0.0042,1.58
19:17:57,22.2552113,84.9039819,1.486,0.538,0.32,-0.119,0.333,150.1,8,0.0042,1.58
19:17:57,22.2552113,84.9039819,1.480,0.554,0.32,-0.149,0.340,150.1,8,0.0041,1.58
19:17:57,22.2552113,84.9039819,1.473,0.571,0.32,-0.102,0.319,150.2,8,0.0000,1.58
19:17:57,22.2552113,84.9039819,1.467,0.587,0.32,-0.126,0.324,150.3,8,0.0040,1.58
19:17:57,22.2552113,84.9039819,1.462,0.603,0.32,-0.081,0.301,150.3,8,0.0040,1.58
19:17:57,22.2552113,84.9039819,1.454,0.620,0.32,-0.177,0.336,150.4,8,0.0044,1.58
19:17:57,22.2552129,84.903986,1.445,0.637,0.33,-0.182,0.351,150.5,8,0.0045,1.58
19:17:57,22.2552129,84.903986,1.437,0.654,0.33,-0.140,0.327,150.5,8,0.0000,1.58
19:17:57,22.2552129,84.903986,1.429,0.671,0.33,-0.149,0.355,150.5,8,0.0041,1.58
19:17:57,22.2552129,84.903986,1.422,0.689,0.33,-0.146,0.334,150.5,8,0.0042,1.58
19:17:57,22.2552147,84.90399,1.416,0.705,0.35,-0.108,0.312,150.4,8,0.0042,1.58
19:17:57,22.2552147,84.90399,1.408,0.722,0.35,-0.158,0.345,150.3,8,0.0041,1.58
19:17:58,22.2552147,84.90399,1.401,0.739,0.35,-0.124,0.323,150.3,8,0.0000,1.58
19:17:58,22.2552147,84.90399,1.393,0.757,0.35,-0.166,0.363,150.3,8,0.0042,1.59
19:17:58,22.2552147,84.90399,1.385,0.775,0.35,-0.176,0.366,150.2,8,0.0049,1.59
19:17:58,22.2552147,84.90399,1.377,0.793,0.35,-0.145,0.344,150.3,8,0.0049,1.59
19:17:58,22.2552147,84.90399,1.369,0.810,0.35,-0.166,0.343,150.3,8,0.0042,1.59
19:17:58,22.2552147,84.90399,1.361,0.827,0.35,-0.138,0.323,150.3,8,0.0000,1.59
19:17:58,22.2552147,84.90399,1.353,0.845,0.35,-0.156,0.363,150.4,8,0.0043,1.60
19:17:58,22.255217,84.903994,1.345,0.863,0.36,-0.163,0.364,150.6,8,0.0045,1.60
19:17:58,22.255217,84.903994,1.338,0.881,0.36,-0.149,0.364,150.8,8,0.0044,1.60
19:17:58,22.255217,84.903994,1.331,0.899,0.36,-0.125,0.347,150.8,8,0.0000,1.61
19:17:58,22.255217,84.903994,1.322,0.918,0.36,-0.190,0.368,150.9,8,0.0045,1.61
19:17:58,22.255217,84.903994,1.312,0.936,0.36,-0.216,0.352,150.5,8,0.0047,1.61
19:17:58,22.255217,84.903994,1.302,0.953,0.36,-0.192,0.337,150.1,8,0.0047,1.61
19:17:58,22.255217,84.903994,1.293,0.971,0.36,-0.172,0.347,150.1,8,0.0042,1.62
19:17:58,22.255217,84.903994,1.285,0.988,0.36,-0.146,0.334,150.1,8,0.0000,1.62
19:17:58,22.255219,84.903998,1.276,1.006,0.37,-0.186,0.372,150.3,8,0.0045,1.62
19:17:58,22.255219,84.903998,1.267,1.025,0.37,-0.189,0.374,150.4,8,0.0045,1.63
19:17:58,22.255219,84.903998,1.258,1.043,0.37,-0.166,0.363,150.4,8,0.0045,1.63
19:17:58,22.255219,84.903998,1.250,1.061,0.37,-0.144,0.353,150.4,8,0.0000,1.64
19:17:58,22.255221,84.9040021,1.243,1.079,0.38,-0.121,0.344,150.4,8,0.0000,1.65
19:17:58,22.255221,84.9040021,1.228,1.101,0.38,-0.213,0.398,150.4,8,0.0048,1.65
19:17:59,22.255221,84.9040021,1.218,1.121,0.38,-0.208,0.394,150.4,8,0.0047,1.66
19:17:59,22.255221,84.9040021,1.208,1.141,0.38,-0.191,0.387,150.4,8,0.0047,1.66
19:17:59,22.255221,84.9040021,1.198,1.160,0.38,-0.187,0.368,150.3,8,0.0044,1.67
19:17:59,22.255221,84.9040021,1.189,1.178,0.38,-0.172,0.365,150.3,8,0.0000,1.67
19:17:59,22.255221,84.9040021,1.180,1.197,0.38,-0.180,0.379,150.3,8,0.0047,1.68
19:17:59,22.255221,84.9040021,1.171,1.217,0.38,-0.175,0.411,150.2,8,0.0053,1.69
19:17:59,22.255221,84.9040021,1.162,1.237,0.38,-0.203,0.405,150.2,8,0.0052,1.70
19:17:59,22.2552228,84.9040063,1.152,1.258,0.38,-0.190,0.406,150.2,8,0.0000,1.71
19:17:59,22.2552228,84.9040063,1.143,1.278,0.38,-0.171,0.388,150.2,8,0.0046,1.71
19:17:59,22.2552228,84.9040063,1.135,1.297,0.38,-0.158,0.390,150.5,8,0.0046,1.72
19:17:59,22.2552228,84.9040063,1.126,1.317,0.38,-0.179,0.403,150.6,8,0.0045,1.73
19:17:59,22.2552244,84.9040107,1.117,1.338,0.40,-0.199,0.412,150.6,8,0.0065,1.74
19:17:59,22.2552244,84.9040107,1.107,1.359,0.40,-0.185,0.420,150.6,8,0.0000,1.75
19:17:59,22.2552244,84.9040107,1.098,1.380,0.40,-0.171,0.428,151.9,8,0.0000,1.76
19:17:59,22.2552244,84.9040107,1.090,1.402,0.40,-0.149,0.424,153.2,8,0.0000,1.78
19:17:59,22.2552244,84.9040107,1.084,1.423,0.40,-0.113,0.403,154.5,8,0.0000,1.79
19:17:59,22.2552244,84.9040107,1.079,1.442,0.40,-0.062,0.364,154.5,8,0.0000,1.80
19:17:59,22.2552244,84.9040107,1.077,1.459,0.40,-0.011,0.326,155.9,8,0.0000,1.81
19:17:59,22.2552244,84.9040107,1.078,1.475,0.40,0.051,0.282,157.0,8,0.0000,1.83
19:18:00,22.255225,84.9040156,1.083,1.487,0.42,0.124,0.232,157.0,8,0.0000,1.84
19:18:00,22.255225,84.9040156,1.091,1.498,0.42,0.197,0.182,157.0,8,0.0000,1.85
19:18:00,22.255225,84.9040156,1.103,1.506,0.42,0.270,0.132,157.0,8,0.0000,1.87
19:18:00,22.255225,84.9040156,1.118,1.511,0.42,0.334,0.085,156.9,8,0.0000,1.88
19:18:00,22.255225,84.9040156,1.136,1.514,0.42,0.389,0.041,156.7,8,0.0000,1.89
19:18:00,22.2552251,84.9040208,1.157,1.515,0.41,0.437,-0.001,156.7,8,0.0000,1.91
19:18:00,22.2552251,84.9040208,1.180,1.514,0.41,0.485,-0.043,156.3,8,0.0000,1.92
19:18:00,22.2552251,84.9040208,1.205,1.511,0.41,0.514,-0.088,155.8,8,0.0000,1.93
19:18:00,22.2552251,84.9040208,1.232,1.506,0.41,0.531,-0.133,155.3,8,0.0000,1.95
19:18:00,22.2552251,84.9040208,1.258,1.498,0.41,0.535,-0.181,155.3,8,0.0000,1.96
19:18:00,22.2552251,84.9040208,1.285,1.487,0.41,0.540,-0.228,154.0,8,0.0000,1.97
19:18:00,22.2552251,84.9040208,1.312,1.475,0.41,0.519,-0.278,153.2,8,0.0000,1.97
19:18:00,22.2552251,84.9040208,1.337,1.459,0.41,0.487,-0.328,152.3,8,0.0000,1.98
19:18:00,22.2552246,84.9040273,1.361,1.442,0.38,0.444,-0.379,152.3,8,0.0000,1.98
19:18:00,22.2552246,84.9040273,1.382,1.421,0.38,0.402,-0.431,150.4,8,0.0000,1.98
19:18:00,22.2552246,84.9040273,1.401,1.398,0.38,0.343,-0.483,149.7,8,0.0000,1.98
19:18:00,22.2552246,84.9040273,1.417,1.372,0.38,0.278,-0.535,149.4,8,0.0000,1.97
19:18:00,22.2552218,84.9040378,1.429,1.344,0.38,0.209,-0.583,149.4,8,0.0000,1.96
19:18:00,22.2552218,84.9040378,1.438,1.314,0.38,0.141,-0.632,149.2,8,0.0000,1.95
19:18:00,22.2552218,84.9040378,1.443,1.281,0.38,0.069,-0.677,149.2,8,0.0000,1.93
19:18:01,22.2552218,84.9040378,1.445,1.246,0.38,-0.005,-0.709,149.4,8,0.0000,1.91
19:18:01,22.2552218,84.9040378,1.442,1.210,0.38,-0.080,-0.735,149.4,8,0.0000,1.88
19:18:01,22.2552218,84.9040378,1.436,1.172,0.38,-0.154,-0.760,150.0,8,0.0000,1.85
19:18:01,22.2552218,84.9040378,1.427,1.133,0.38,-0.227,-0.770,150.3,8,0.0000,1.82
19:18:01,22.2552218,84.9040378,1.414,1.095,0.38,-0.298,-0.771,150.6,8,0.0000,1.79
19:18:01,22.2552194,84.9040486,1.397,1.056,0.39,-0.367,-0.765,150.6,8,0.0000,1.75
19:18:01,22.2552194,84.9040486,1.377,1.017,0.39,-0.436,-0.759,151.2,8,0.0000,1.71
19:18:01,22.2552194,84.9040486,1.353,0.980,0.39,-0.497,-0.741,151.4,8,0.0000,1.67
19:18:01,22.2552194,84.9040486,1.327,0.943,0.39,-0.553,-0.718,151.5,8,0.0000,1.63
19:18:01,22.2552194,84.9040486,1.298,0.907,0.39,-0.604,-0.690,151.6,8,0.0000,1.58
19:18:01,22.2552194,84.9040486,1.266,0.874,0.39,-0.651,-0.660,151.6,8,0.0000,1.54
19:18:01,22.2552194,84.9040486,1.232,0.841,0.39,-0.698,-0.629,151.4,8,0.0000,1.49
19:18:01,22.2552194,84.9040486,1.196,0.810,0.39,-0.736,-0.596,151.3,8,0.0000,1.44
19:18:01,22.2552194,84.9040486,1.158,0.781,0.39,-0.770,-0.561,151.2,8,0.0000,1.40
19:18:01,22.2552192,84.9040559,1.118,0.754,0.39,-0.800,-0.527,151.2,8,0.0000,1.35
19:18:01,22.2552192,84.9040559,1.077,0.728,0.39,-0.830,-0.493,150.9,8,0.0000,1.30
19:18:01,22.2552192,84.9040559,1.035,0.704,0.39,-0.856,-0.461,150.7,8,0.0000,1.25
19:18:01,22.2552192,84.9040559,0.991,0.681,0.39,-0.880,-0.430,150.5,8,0.0000,1.20
19:18:01,22.2552199,84.9040598,0.946,0.660,0.37,-0.904,-0.400,150.5,8,0.0000,1.15
19:18:01,22.2552199,84.9040598,0.900,0.641,0.37,-0.928,-0.370,150.1,8,0.0000,1.10
19:18:02,22.2552199,84.9040598,0.853,0.623,0.37,-0.951,-0.342,150.0,8,0.0000,1.06
19:18:02,22.2552199,84.9040598,0.804,0.607,0.37,-0.975,-0.316,150.0,8,0.0000,1.01
19:18:02,22.2552199,84.9040598,0.755,0.591,0.37,-0.999,-0.289,149.7,8,0.0000,0.96
19:18:02,22.2552199,84.9040598,0.704,0.577,0.37,-1.023,-0.265,149.6,8,0.0000,0.91
19:18:02,22.2552199,84.9040598,0.651,0.565,0.37,-1.049,-0.240,149.5,8,0.0000,0.86
19:18:02,22.2552199,84.9040598,0.598,0.553,0.37,-1.075,-0.217,149.5,8,0.0000,0.81
19:18:02,22.2552207,84.9040622,0.543,0.543,0.37,-1.101,-0.193,149.3,8,0.0000,0.77
19:18:02,22.2552207,84.9040622,0.487,0.534,0.37,-1.129,-0.170,149.2,8,0.0000,0.72
19:18:02,22.2552207,84.9040622,0.430,0.526,0.37,-1.157,-0.147,149.0,8,0.0000,0.68
19:18:02,22.2552207,84.9040622,0.370,0.519,0.37,-1.185,-0.124,149.0,8,0.0000,0.64
19:18:02,22.2552214,84.9040647,0.310,0.513,0.36,-1.214,-0.101,148.8,8,0.0000,0.60
19:18:02,22.2552214,84.9040647,0.248,0.509,0.36,-1.243,-0.079,148.6,8,0.0000,0.57
19:18:02,22.2552214,84.9040647,0.185,0.505,0.36,-1.272,-0.057,148.5,8,0.0000,0.54
19:18:02,22.2552214,84.9040647,2.640,0.701,0.36,0.362,0.095,148.5,8,0.0046,2.73
19:18:02,22.2552214,84.9040647,2.661,0.707,0.36,0.345,0.120,148.4,8,0.0041,2.75
19:18:02,22.2552214,84.9040647,2.678,0.714,0.36,0.318,0.143,148.3,8,0.0000,2.77
19:18:02,22.2552214,84.9040647,2.697,0.720,0.36,0.358,0.134,148.2,8,0.0040,2.79
19:18:02,22.2552214,84.9040647,2.715,0.727,0.36,0.347,0.119,148.2,8,0.0040,2.81
19:18:02,22.2552214,84.9040647,2.732,0.733,0.36,0.324,0.144,148.2,8,0.0040,2.83
19:18:02,22.2552219,84.9040684,2.751,0.740,0.35,0.399,0.145,148.1,8,0.0045,2.85
19:18:03,22.2552219,84.9040684,2.771,0.748,0.35,0.378,0.170,148.1,8,0.0000,2.87
19:18:03,22.2552219,84.9040684,2.790,0.753,0.35,0.390,0.083,148.1,8,0.0041,2.89
19:18:03,22.2552219,84.9040684,2.810,0.758,0.35,0.404,0.073,148.1,8,0.0043,2.91
19:18:03,22.2552219,84.9040684,2.830,0.762,0.35,0.385,0.098,148.1,8,0.0043,2.93
19:18:03,22.2552219,84.9040684,2.851,0.767,0.35,0.417,0.116,148.1,8,0.0043,2.95
19:18:03,22.2552219,84.9040684,2.871,0.774,0.35,0.399,0.140,148.1,8,0.0000,2.97
19:18:03,22.2552219,84.9040684,2.892,0.779,0.35,0.412,0.080,148.1,8,0.0046,3.00
19:18:03,22.2552221,84.904073,2.914,0.782,0.36,0.483,0.037,148.2,8,0.0047,3.02
19:18:03,22.2552221,84.904073,2.937,0.784,0.36,0.420,-0.005,148.2,8,0.0040,3.04
19:18:03,22.2552221,84.904073,2.958,0.784,0.36,0.407,0.014,148.2,8,0.0000,3.06
19:18:03,22.2552221,84.904073,2.980,0.784,0.36,0.447,-0.016,148.3,8,0.0043,3.08
19:18:03,22.2552222,84.9040779,3.003,0.783,0.37,0.435,-0.002,148.3,8,0.0043,3.10
19:18:03,22.2552222,84.9040779,3.021,0.783,0.37,0.342,0.001,148.3,8,0.0036,3.12
19:18:03,22.2552222,84.9040779,3.040,0.784,0.37,0.430,0.028,148.3,8,0.0068,3.14
19:18:03,22.2552222,84.9040779,3.061,0.785,0.37,0.420,0.038,148.3,8,0.0000,3.16
19:18:03,22.2552222,84.9040779,3.082,0.787,0.37,0.407,0.040,148.3,8,0.0047,3.18
19:18:03,22.2552222,84.9040779,3.102,0.790,0.37,0.397,0.049,148.3,8,0.0047,3.20
19:18:03,22.2552222,84.9040779,3.124,0.792,0.37,0.436,0.060,148.3,8,0.0048,3.22
19:18:03,22.2552222,84.9040779,3.146,0.796,0.37,0.422,0.100,148.3,8,0.0045,3.24
19:18:03,22.2552222,84.9040779,3.167,0.801,0.37,0.410,0.109,148.4,8,0.0000,3.27
19:18:04,22.2552223,84.9040825,3.188,0.806,0.37,0.434,0.094,148.4,8,0.0047,3.29
19:18:04,22.2552223,84.9040825,3.210,0.811,0.37,0.414,0.089,148.5,8,0.0042,3.31
19:18:04,22.2552223,84.9040825,3.230,0.816,0.37,0.402,0.099,148.5,8,0.0042,3.33
19:18:04,22.2552223,84.9040825,3.251,0.820,0.37,0.409,0.082,148.5,8,0.0046,3.35
19:18:04,22.2552226,84.9040866,3.271,0.824,0.37,0.397,0.091,148.5,8,0.0000,3.37
19:18:04,22.2552226,84.9040866,3.292,0.829,0.37,0.430,0.096,148.7,8,0.0049,3.40
19:18:04,22.2552226,84.9040866,3.314,0.833,0.37,0.437,0.031,148.7,8,0.0043,3.42
19:18:04,22.2552226,84.9040866,3.337,0.834,0.37,0.556,-0.050,149.0,8,0.0056,3.44
19:18:04,22.2552226,84.9040866,3.365,0.832,0.37,0.536,-0.033,149.4,8,0.0000,3.47
19:18:04,22.2552226,84.9040866,3.393,0.826,0.37,0.584,-0.150,150.5,8,0.0051,3.49
19:18:04,22.2552226,84.9040866,3.422,0.819,0.37,0.552,-0.117,150.5,8,0.0051,3.52
19:18:04,22.2552226,84.9040916,3.449,0.810,0.36,0.518,-0.215,151.8,8,0.0056,3.54
19:18:04,22.2552226,84.9040916,3.503,0.791,0.36,0.529,-0.143,152.1,8,0.0000,3.59
19:18:04,22.2552226,84.9040916,3.529,0.780,0.36,0.492,-0.243,152.1,8,0.0053,3.61
19:18:04,22.2552226,84.9040916,3.551,0.768,0.36,0.321,-0.281,151.6,8,0.0047,3.63
19:18:04,22.2552221,84.904097,3.565,0.755,0.35,0.262,-0.252,150.8,8,0.0047,3.64
19:18:04,22.2552221,84.904097,3.579,0.740,0.35,0.246,-0.296,150.3,8,0.0044,3.65
19:18:04,22.2552221,84.904097,3.589,0.725,0.35,0.168,-0.290,149.9,8,0.0000,3.66
19:18:04,22.2552221,84.904097,3.599,0.709,0.35,0.177,-0.347,149.9,8,0.0043,3.67
19:18:04,22.2552221,84.904097,3.607,0.691,0.35,0.177,-0.398,149.6,8,0.0050,3.67
19:18:05,22.2552221,84.904097,3.614,0.670,0.35,0.098,-0.404,149.6,8,0.0050,3.68
19:18:05,22.2552221,84.904097,3.623,0.649,0.35,0.201,-0.430,149.6,8,0.0052,3.68
19:18:05,22.2552221,84.904097,3.631,0.627,0.35,0.135,-0.449,149.6,8,0.0000,3.68
19:18:05,22.2552221,84.904097,3.640,0.605,0.35,0.169,-0.436,149.6,8,0.0051,3.69
19:18:05,22.25522,84.9041043,3.648,0.583,0.35,0.182,-0.452,149.6,8,0.0053,3.69
19:18:05,22.25522,84.9041043,3.657,0.559,0.35,0.196,-0.469,149.6,8,0.0053,3.70
19:18:05,22.25522,84.9041043,3.666,0.535,0.35,0.156,-0.493,149.6,8,0.0000,3.70
19:18:05,22.25522,84.9041043,3.674,0.511,0.35,0.172,-0.489,149.7,8,0.0055,3.71
19:18:05,22.25522,84.9041043,3.682,0.485,0.35,0.139,-0.512,149.9,8,0.0055,3.71
19:18:05,22.25522,84.9041043,3.692,0.460,0.35,0.205,-0.517,149.9,8,0.0059,3.72
19:18:05,22.25522,84.9041043,3.702,0.433,0.35,0.218,-0.545,150.0,8,0.0062,3.73
19:18:05,22.25522,84.9041043,3.713,0.405,0.35,0.202,-0.563,150.2,8,0.0000,3.73
19:18:05,22.2552207,84.9041121,3.724,0.375,0.36,0.232,-0.611,150.3,8,0.0069,3.74
19:18:05,22.2552207,84.9041121,3.735,0.345,0.36,0.207,-0.598,150.3,8,0.0068,3.75
19:18:05,22.2552207,84.9041121,3.745,0.314,0.36,0.201,-0.606,150.4,8,0.0068,3.76
19:18:05,22.2552207,84.9041121,3.757,0.285,0.36,0.245,-0.581,150.6,8,0.0071,3.77
19:18:05,22.2552277,84.9041199,3.769,0.255,0.36,0.243,-0.582,150.7,8,0.0000,3.78
19:18:05,22.2552277,84.9041199,3.784,0.228,0.36,0.303,-0.525,150.7,8,0.0063,3.79
19:18:06,22.2552277,84.9041199,3.799,0.201,0.36,0.279,-0.530,150.8,8,0.0064,3.80
19:18:06,22.2552277,84.9041199,3.813,0.175,0.36,0.277,-0.529,150.9,8,0.0064,3.82
19:18:06,22.2552277,84.9041199,3.827,0.147,0.36,0.293,-0.565,151.0,8,0.0067,3.83
19:18:06,22.2552277,84.9041199,3.842,0.118,0.36,0.292,-0.563,151.1,8,0.0000,3.84
19:18:06,22.2552277,84.9041199,3.858,0.090,0.36,0.332,-0.556,151.1,8,0.0071,3.86
19:18:06,22.2552277,84.9041199,3.875,0.061,0.36,0.321,-0.609,151.1,8,0.0072,3.88
19:18:06,22.2552277,84.9041199,3.890,0.031,0.36,0.272,-0.582,151.0,8,0.0065,3.89
19:18:06,22.2552396,84.9041278,3.904,0.002,0.35,0.269,-0.579,151.0,8,0.0000,3.90
19:18:06,22.2552396,84.9041278,3.914,-0.029,0.35,0.170,-0.614,150.9,8,0.0065,3.91
19:18:06,22.2552396,84.9041278,3.923,-0.059,0.35,0.169,-0.609,150.5,8,0.0065,3.92
19:18:06,22.2552396,84.9041278,3.931,-0.090,0.35,0.163,-0.597,150.2,8,0.0063,3.93
19:18:06,22.2552489,84.9041352,3.938,-0.119,0.35,0.102,-0.518,149.8,8,0.0051,3.94
19:18:06,22.2552489,84.9041352,3.944,-0.144,0.35,0.112,-0.508,149.8,8,0.0000,3.95
19:18:06,22.2552489,84.9041352,3.949,-0.171,0.35,0.101,-0.521,149.5,8,0.0057,3.95
19:18:06,22.2552489,84.9041352,3.953,-0.196,0.35,0.041,-0.489,149.5,8,0.0048,3.96
19:18:06,22.2552489,84.9041352,3.956,-0.221,0.35,0.058,-0.482,152.5,8,0.0048,3.96
19:18:06,22.2552489,84.9041352,3.959,-0.233,0.35,0.073,-0.131,152.5,8,0.0042,3.97
19:18:06,22.2552489,84.9041352,3.963,-0.240,0.35,0.090,-0.119,154.4,8,0.0000,3.97
19:18:06,22.2552489,84.9041352,3.966,-0.250,0.35,0.052,-0.219,154.0,8,0.0045,3.97
19:18:06,22.2552555,84.9041425,3.967,-0.258,0.37,-0.044,-0.069,154.0,8,0.0039,3.98
19:18:06,22.2552555,84.9041425,3.965,-0.260,0.37,-0.101,-0.026,153.7,8,0.0019,3.97
19:18:07,22.2552555,84.9041425,3.960,-0.260,0.37,-0.083,0.026,153.7,8,0.0000,3.97
19:18:07,22.2552555,84.9041425,3.954,-0.262,0.37,-0.124,-0.058,153.7,8,0.0025,3.96
19:18:07,22.2552555,84.9041425,3.949,-0.264,0.37,-0.101,-0.003,153.7,8,0.0025,3.96
19:18:07,22.2552601,84.904151,3.942,-0.267,0.37,-0.131,-0.060,153.7,8,0.0020,3.95
19:18:07,22.2552601,84.904151,3.936,-0.269,0.37,-0.149,-0.045,153.7,8,0.0020,3.94
19:18:07,22.2552601,84.904151,3.929,-0.270,0.37,-0.123,0.010,153.7,8,0.0000,3.94
19:18:07,22.2552601,84.904151,3.921,-0.272,0.37,-0.161,-0.050,153.7,8,0.0024,3.93
19:18:07,22.2552601,84.904151,3.914,-0.273,0.37,-0.135,0.003,153.7,8,0.0024,3.92
19:18:07,22.2552601,84.904151,3.906,-0.275,0.37,-0.162,-0.042,153.7,8,0.0021,3.92
19:18:07,22.2552601,84.904151,3.898,-0.276,0.37,-0.157,-0.040,153.8,8,0.0021,3.91
19:18:07,22.2552601,84.904151,3.890,-0.277,0.37,-0.136,0.003,153.8,8,0.0000,3.90
19:18:07,22.2552618,84.904159,3.883,-0.279,0.37,-0.162,-0.043,153.8,8,0.0024,3.89
19:18:07,22.2552618,84.904159,3.874,-0.281,0.37,-0.197,-0.053,153.8,8,0.0029,3.88
19:18:07,22.2552618,84.904159,3.864,-0.283,0.37,-0.181,-0.022,153.8,8,0.0029,3.87
19:18:07,22.2552618,84.904159,3.855,-0.285,0.37,-0.187,-0.049,153.8,8,0.0024,3.87
19:18:07,22.2552618,84.904159,3.846,-0.287,0.37,-0.173,-0.021,153.7,8,0.0000,3.86
19:18:07,22.2552618,84.904159,3.836,-0.290,0.37,-0.203,-0.079,153.5,8,0.0026,3.85
19:18:07,22.2552618,84.904159,3.826,-0.294,0.37,-0.207,-0.090,153.4,8,0.0026,3.84
19:18:07,22.2552618,84.904159,3.815,-0.298,0.37,-0.207,-0.068,153.4,8,0.0025,3.83
19:18:07,22.2552638,84.9041648,3.805,-0.301,0.38,-0.204,-0.051,153.3,8,0.0000,3.82
19:18:08,22.2552638,84.9041648,3.795,-0.305,0.38,-0.188,-0.079,153.2,8,0.0032,3.81
19:18:08,22.2552638,84.9041648,3.786,-0.309,0.38,-0.192,-0.068,153.2,8,0.0032,3.80
19:18:08,22.2552638,84.9041648,3.776,-0.313,0.38,-0.205,-0.082,153.2,8,0.0026,3.79
19:18:08,22.2552638,84.9041648,3.765,-0.317,0.38,-0.197,-0.082,153.2,8,0.0026,3.78
19:18:08,22.2552682,84.9041671,3.755,-0.321,0.41,-0.206,-0.074,153.2,8,0.0000,3.77
19:18:08,22.2552682,84.9041671,3.745,-0.325,0.41,-0.192,-0.102,153.3,8,0.0024,3.76
19:18:08,22.2552682,84.9041671,3.735,-0.330,0.41,-0.202,-0.095,153.4,8,0.0024,3.75
19:18:08,22.2552682,84.9041671,3.726,-0.335,0.41,-0.186,-0.098,153.4,8,0.0028,3.74
19:18:08,22.2552682,84.9041671,3.716,-0.340,0.41,-0.181,-0.093,153.5,8,0.0024,3.73
19:18:08,22.2552682,84.9041671,3.707,-0.345,0.41,-0.193,-0.084,153.6,8,0.0000,3.72
19:18:08,22.2552682,84.9041671,3.698,-0.350,0.41,-0.165,-0.099,153.9,8,0.0026,3.71
19:18:08,22.2552682,84.9041671,3.690,-0.354,0.41,-0.160,-0.105,153.9,8,0.0029,3.71
19:18:08,22.2552719,84.9041709,3.681,-0.359,0.43,-0.173,-0.092,154.0,8,0.0029,3.70
19:18:08,22.2552719,84.9041709,3.673,-0.364,0.43,-0.158,-0.093,154.1,8,0.0034,3.69
19:18:08,22.2552719,84.9041709,3.665,-0.369,0.43,-0.171,-0.076,154.1,8,0.0000,3.68
19:18:08,22.2552719,84.9041709,3.656,-0.373,0.43,-0.176,-0.077,154.1,8,0.0026,3.68
19:18:08,22.2552738,84.904177,3.647,-0.376,0.44,-0.190,-0.058,154.1,8,0.0026,3.67
19:18:08,22.2552738,84.904177,3.637,-0.378,0.44,-0.205,-0.037,154.0,8,0.0026,3.66
19:18:09,22.2552738,84.904177,3.628,-0.384,0.44,-0.194,-0.078,154.0,8,0.0025,3.65
19:18:09,22.2552738,84.904177,3.618,-0.387,0.44,-0.209,-0.057,153.8,8,0.0000,3.64
19:18:09,22.2552738,84.904177,3.607,-0.391,0.44,-0.210,-0.081,153.7,8,0.0026,3.63
19:18:09,22.2552738,84.904177,3.596,-0.395,0.44,-0.225,-0.087,153.6,8,0.0027,3.62
19:18:09,22.2552738,84.904177,3.585,-0.399,0.44,-0.240,-0.064,153.6,8,0.0027,3.61
19:18:09,22.2552738,84.904177,3.574,-0.403,0.44,-0.193,-0.092,153.6,8,0.0029,3.60
19:18:09,22.2552734,84.9041847,3.564,-0.407,0.45,-0.208,-0.068,153.7,8,0.0000,3.59
19:18:09,22.2552734,84.9041847,3.554,-0.412,0.45,-0.206,-0.100,153.7,8,0.0027,3.58
19:18:09,22.2552734,84.9041847,3.543,-0.417,0.45,-0.214,-0.121,153.9,8,0.0029,3.57
19:18:09,22.2552734,84.9041847,3.532,-0.423,0.45,-0.225,-0.115,153.9,8,0.0034,3.56
19:18:09,22.2552734,84.9041847,3.520,-0.428,0.45,-0.241,-0.090,154.0,8,0.0000,3.55
19:18:09,22.2552734,84.9041847,3.509,-0.433,0.45,-0.218,-0.102,154.1,8,0.0027,3.54
19:18:09,22.2552734,84.9041847,3.498,-0.438,0.45,-0.234,-0.075,154.3,8,0.0027,3.52
19:18:09,22.2552734,84.9041847,3.487,-0.443,0.45,-0.208,-0.102,154.3,8,0.0027,3.51
19:18:09,22.2552734,84.9041847,3.476,-0.448,0.45,-0.222,-0.096,154.1,8,0.0030,3.50
19:18:09,22.2552722,84.9041928,3.465,-0.452,0.46,-0.236,-0.067,154.0,8,0.0000,3.49
19:18:09,22.2552722,84.9041928,3.453,-0.456,0.46,-0.215,-0.078,154.0,8,0.0028,3.48
19:18:09,22.2552722,84.9041928,3.443,-0.460,0.46,-0.196,-0.093,154.0,8,0.0028,3.47
19:18:09,22.2552722,84.9041928,3.432,-0.464,0.46,-0.208,-0.064,154.1,8,0.0028,3.46
19:18:09,22.2552677,84.9041982,3.423,-0.468,0.46,-0.190,-0.091,154.1,8,0.0024,3.45
19:18:10,22.2552677,84.9041982,3.413,-0.472,0.46,-0.198,-0.058,154.1,8,0.0000,3.45
19:18:10,22.2552677,84.9041982,3.403,-0.476,0.46,-0.191,-0.092,154.1,8,0.0025,3.44
19:18:10,22.2552677,84.9041982,3.393,-0.480,0.46,-0.197,-0.070,154.0,8,0.0026,3.43
19:18:10,22.2552677,84.9041982,3.383,-0.483,0.46,-0.202,-0.035,153.9,8,0.0026,3.42
19:18:10,22.2552677,84.9041982,3.373,-0.486,0.46,-0.208,-0.082,153.8,8,0.0026,3.41
19:18:10,22.2552677,84.9041982,3.362,-0.490,0.46,-0.209,-0.044,153.8,8,0.0000,3.40
19:18:10,22.2552677,84.9041982,3.353,-0.493,0.46,-0.181,-0.069,153.7,8,0.0022,3.39
19:18:10,22.2552677,84.9041982,3.344,-0.496,0.47,-0.184,-0.075,153.5,8,0.0025,3.38
19:18:10,22.2552677,84.9041982,3.334,-0.500,0.47,-0.186,-0.082,153.5,8,0.0026,3.37
19:18:10,22.2552677,84.9041982,3.325,-0.503,0.47,-0.190,-0.044,153.5,8,0.0000,3.36
19:18:10,22.2552677,84.9041982,3.315,-0.507,0.47,-0.192,-0.095,153.5,8,0.0031,3.35
19:18:10,22.2552677,84.9041982,3.306,-0.512,0.47,-0.191,-0.106,153.6,8,0.0033,3.34
19:18:10,22.2552677,84.9041982,3.296,-0.516,0.47,-0.197,-0.069,153.8,8,0.0033,3.34
19:18:10,22.2552677,84.9041982,3.286,-0.520,0.47,-0.193,-0.081,153.8,8,0.0024,3.33
19:18:10,22.2552677,84.9041982,3.276,-0.523,0.47,-0.202,-0.046,154.0,8,0.0000,3.32
19:18:10,22.2552677,84.9041982,3.266,-0.528,0.47,-0.203,-0.097,154.3,8,0.0029,3.31
19:18:10,22.2552677,84.9041982,3.255,-0.533,0.47,-0.211,-0.100,154.3,8,0.0029,3.30
19:18:10,22.2552677,84.9041982,3.244,-0.537,0.47,-0.221,-0.069,154.3,8,0.0029,3.29
19:18:10,22.2552677,84.9041982,3.234,-0.541,0.47,-0.196,-0.094,154.3,8,0.0027,3.28
19:18:10,22.2552677,84.9041982,3.224,-0.545,0.47,-0.206,-0.064,154.3,8,0.0000,3.27
19:18:11,22.2552677,84.9041982,3.213,-0.551,0.45,-0.242,-0.111,154.3,8,0.0031,3.26
19:18:11,22.2552677,84.9041982,3.201,-0.556,0.45,-0.217,-0.098,154.3,8,0.0029,3.25
19:18:11,22.2552677,84.9041982,3.189,-0.560,0.45,-0.226,-0.071,154.3,8,0.0029,3.24
19:18:11,22.2552677,84.9041982,3.177,-0.565,0.45,-0.246,-0.094,154.3,8,0.0030,3.23
19:18:11,22.2552677,84.9041982,3.165,-0.569,0.45,-0.252,-0.068,154.2,8,0.0000,3.22
19:18:11,22.2552677,84.9041982,3.153,-0.574,0.45,-0.237,-0.108,154.2,8,0.0033,3.20
19:18:11,22.2552677,84.9041982,3.141,-0.579,0.45,-0.213,-0.098,154.1,8,0.0026,3.19
19:18:11,22.2552677,84.9041982,3.130,-0.583,0.45,-0.224,-0.094,154.0,8,0.0030,3.18
19:18:11,22.2552677,84.9041982,3.119,-0.588,0.45,-0.230,-0.068,154.0,8,0.0000,3.17
19:18:11,22.2552677,84.9041982,3.108,-0.592,0.45,-0.201,-0.084,153.9,8,0.0026,3.16
19:18:11,22.2552677,84.9041982,3.098,-0.596,0.45,-0.207,-0.083,153.7,8,0.0027,3.15
19:18:11,22.2552677,84.9041982,3.087,-0.599,0.45,-0.212,-0.056,153.6,8,0.0027,3.14
19:18:11,22.2552677,84.9041982,3.077,-0.603,0.45,-0.188,-0.065,153.6,8,0.0025,3.14
19:18:11,22.2552677,84.9041982,3.068,-0.605,0.45,-0.195,-0.038,153.6,8,0.0000,3.13
19:18:11,22.2552677,84.9041982,3.058,-0.609,0.45,-0.182,-0.092,153.4,8,0.0032,3.12
19:18:11,22.2552677,84.9041982,3.049,-0.614,0.45,-0.210,-0.097,153.4,8,0.0027,3.11
19:18:11,22.2552677,84.9041982,3.038,-0.618,0.45,-0.218,-0.070,153.4,8,0.0027,3.10
19:18:11,22.2552677,84.9041982,3.027,-0.622,0.45,-0.211,-0.090,153.4,8,0.0028,3.09
19:18:11,22.2552677,84.9041982,3.016,-0.626,0.45,-0.219,-0.063,153.6,8,0.0000,3.08
19:18:11,22.2552677,84.9041982,3.006,-0.631,0.45,-0.200,-0.112,153.6,8,0.0027,3.07
19:18:12,22.2552677,84.9041982,2.995,-0.637,0.45,-0.218,-0.115,153.7,8,0.0028,3.06
19:18:12,22.2552677,84.9041982,2.984,-0.642,0.46,-0.229,-0.089,153.7,8,0.0028,3.05
19:18:12,22.2552677,84.9041982,2.973,-0.647,0.46,-0.214,-0.105,153.9,8,0.0026,3.04
19:18:12,22.2552677,84.9041982,2.962,-0.652,0.46,-0.226,-0.080,154.0,8,0.0000,3.03
19:18:12,22.2552677,84.9041982,2.950,-0.657,0.46,-0.236,-0.098,154.0,8,0.0028,3.02
19:18:12,22.2552677,84.9041982,2.939,-0.662,0.44,-0.216,-0.095,154.0,8,0.0027,3.01
19:18:12,22.2552677,84.9041982,2.927,-0.666,0.44,-0.220,-0.099,154.1,8,0.0034,3.00
19:18:12,22.2552677,84.9041982,2.916,-0.670,0.44,-0.234,-0.076,154.0,8,0.0000,2.99
19:18:12,22.2552677,84.9041982,2.904,-0.675,0.44,-0.228,-0.087,154.0,8,0.0030,2.98
19:18:12,22.2552677,84.9041982,2.893,-0.679,0.44,-0.222,-0.111,153.8,8,0.0029,2.97
19:18:12,22.2552677,84.9041982,2.881,-0.684,0.44,-0.236,-0.090,153.7,8,0.0029,2.96
19:18:12,22.2552677,84.9041982,2.869,-0.690,0.44,-0.257,-0.105,153.5,8,0.0030,2.95
19:18:12,22.2552677,84.9041982,2.855,-0.694,0.44,-0.269,-0.083,153.5,8,0.0000,2.94
19:18:12,22.2552677,84.9041982,2.843,-0.699,0.43,-0.241,-0.099,153.2,8,0.0029,2.93
19:18:12,22.2552677,84.9041982,2.831,-0.704,0.43,-0.235,-0.110,153.1,8,0.0030,2.92
19:18:12,22.2552677,84.9041982,2.819,-0.709,0.43,-0.244,-0.089,153.0,8,0.0030,2.91
19:18:12,22.2552677,84.9041982,2.807,-0.715,0.43,-0.211,-0.109,153.0,8,0.0030,2.90
19:18:12,22.2552677,84.9041982,2.797,-0.720,0.43,-0.221,-0.088,152.8,8,0.0000,2.89
19:18:12,22.2552677,84.9041982,2.786,-0.724,0.43,-0.203,-0.083,152.7,8,0.0025,2.88
19:18:12,22.2552677,84.9041982,2.776,-0.728,0.43,-0.160,-0.067,152.1,8,0.0022,2.87
19:18:12,22.2552677,84.9041982,2.768,-0.731,0.43,-0.174,-0.053,152.1,8,0.0022,2.86
19:18:12,22.2552677,84.9041982,2.761,-0.732,0.43,-0.134,-0.004,151.5,8,0.0015,2.86
19:18:13,22.2552677,84.9041982,2.754,-0.732,0.43,-0.148,0.004,150.8,8,0.0000,2.85
19:18:13,22.2552677,84.9041982,2.748,-0.730,0.43,-0.111,0.051,150.0,8,0.0016,2.84
19:18:13,22.2552677,84.9041982,2.742,-0.728,0.43,-0.096,0.075,150.0,8,0.0021,2.84
19:18:13,22.2552677,84.9041982,2.737,-0.724,0.43,-0.083,0.086,148.6,8,0.0017,2.83
19:18:13,22.2552677,84.9041982,2.733,-0.720,0.43,-0.089,0.061,148.0,8,0.0000,2.83
19:18:13,22.2552677,84.9041982,2.729,-0.716,0.43,-0.080,0.089,147.2,8,0.0016,2.82
19:18:13,22.2552677,84.9041982,2.725,-0.712,0.43,-0.067,0.045,147.2,8,0.0016,2.82
19:18:13,22.2552677,84.9041982,2.721,-0.709,0.43,-0.076,0.075,147.0,8,0.0019,2.81
19:18:13,22.2552677,84.9041982,2.718,-0.705,0.43,-0.071,0.081,146.8,8,0.0019,2.81
19:18:13,22.2552677,84.9041982,2.715,-0.702,0.43,-0.043,0.028,146.6,8,0.0000,2.80
19:18:13,22.2552677,84.9041982,2.712,-0.699,0.43,-0.052,0.064,146.6,8,0.0015,2.80
19:18:13,22.2552677,84.9041982,2.710,-0.697,0.43,-0.059,0.058,146.6,8,0.0017,2.80
19:18:13,22.2552677,84.9041982,2.708,-0.695,0.43,-0.009,0.001,146.7,8,0.0017,2.80
19:18:13,22.2552677,84.9041982,2.705,-0.692,0.43,-0.056,0.071,147.2,8,0.0017,2.79
19:18:13,22.2552677,84.9041982,2.704,-0.690,0.43,0.012,0.013,147.2,8,0.0000,2.79
19:18:13,22.2552677,84.9041982,2.702,-0.687,0.43,-0.045,0.073,147.5,8,0.0015,2.79
19:18:13,22.2552677,84.9041982,2.700,-0.684,0.42,-0.053,0.087,148.0,8,0.0018,2.79
19:18:13,22.2552677,84.9041982,2.700,-0.681,0.42,0.023,0.031,148.8,8,0.0018,2.78
19:18:13,22.2552677,84.9041982,2.698,-0.676,0.42,-0.047,0.097,148.8,8,0.0016,2.78
19:18:13,22.2552677,84.9041982,2.698,-0.673,0.42,0.033,0.042,149.1,8,0.0000,2.78
19:18:14,22.2552677,84.9041982,2.695,-0.668,0.42,-0.053,0.096,149.3,8,0.0019,2.78
19:18:14,22.2552677,84.9041982,2.693,-0.664,0.42,-0.060,0.099,149.3,8,0.0024,2.77
19:18:14,22.2552677,84.9041982,2.691,-0.660,0.42,-0.070,0.082,149.2,8,0.0016,2.77
19:18:14,22.2552677,84.9041982,2.689,-0.657,0.42,-0.001,0.040,149.2,8,0.0000,2.77
19:18:14,22.2552677,84.9041982,2.686,-0.653,0.42,-0.081,0.066,148.9,8,0.0016,2.76
19:18:14,22.2552677,84.9041982,2.684,-0.651,0.39,-0.017,0.028,148.6,8,0.0016,2.76
19:18:14,22.2552677,84.9041982,2.679,-0.648,0.39,-0.109,0.061,147.7,8,0.0017,2.76
19:18:14,22.2552677,84.9041982,2.674,-0.645,0.39,-0.127,0.060,147.7,8,0.0018,2.75
19:18:14,22.2552677,84.9041982,2.668,-0.643,0.39,-0.081,0.033,147.2,8,0.0000,2.74
19:18:14,22.2552677,84.9041982,2.662,-0.640,0.36,-0.142,0.073,146.3,8,0.0021,2.74
19:18:14,22.2552677,84.9041982,2.655,-0.636,0.36,-0.163,0.075,146.0,8,0.0020,2.73
19:18:14,22.2552677,84.9041982,2.647,-0.633,0.36,-0.130,0.062,146.0,8,0.0020,2.72
19:18:14,22.2552677,84.9041982,2.642,-0.628,0.36,-0.101,0.119,145.8,8,0.0026,2.72
19:18:14,22.2552677,84.9041982,2.637,-0.622,0.36,-0.066,0.110,145.8,8,0.0000,2.71
19:18:14,22.2552677,84.9041982,2.633,-0.617,0.36,-0.072,0.096,145.8,8,0.0019,2.70
19:18:14,22.2552677,84.9041982,2.630,-0.612,0.36,-0.062,0.098,145.8,8,0.0021,2.70
19:18:14,22.2552677,84.9041982,2.628,-0.607,0.36,-0.067,0.108,145.8,8,0.0018,2.70
19:18:14,22.2552677,84.9041982,2.625,-0.602,0.36,-0.030,0.106,146.0,8,0.0000,2.69
19:18:15,22.2552677,84.9041982,2.622,-0.596,0.36,-0.071,0.115,146.0,8,0.0019,2.69
19:18:15,22.2552677,84.9041982,2.619,-0.590,0.36,-0.031,0.113,146.1,8,0.0019,2.69
19:18:15,22.2552677,84.9041982,2.616,-0.584,0.36,-0.067,0.119,146.2,8,0.0018,2.68
19:18:15,22.2552677,84.9041982,2.613,-0.578,0.36,-0.063,0.125,146.3,8,0.0019,2.68
19:18:15,22.2552677,84.9041982,2.611,-0.572,0.36,-0.018,0.117,146.3,8,0.0000,2.67
19:18:15,22.2552677,84.9041982,2.609,-0.566,0.36,-0.056,0.132,146.3,8,0.0020,2.67
19:18:15,22.2552677,84.9041982,2.606,-0.559,0.36,-0.060,0.140,146.3,8,0.0021,2.67
19:18:15,22.2552677,84.9041982,2.604,-0.552,0.36,-0.015,0.127,146.4,8,0.0021,2.66
19:18:15,22.2552677,84.9041982,2.602,-0.545,0.36,-0.062,0.136,146.5,8,0.0021,2.66
19:18:15,22.2552677,84.9041982,2.600,-0.539,0.36,-0.016,0.119,146.5,8,0.0000,2.65
19:18:15,22.2552677,84.9041982,2.597,-0.532,0.36,-0.060,0.132,146.6,8,0.0021,2.65
19:18:15,22.2552677,84.9041982,2.594,-0.526,0.36,-0.060,0.126,146.8,8,0.0020,2.65
19:18:15,22.2552677,84.9041982,2.592,-0.520,0.37,-0.017,0.106,146.8,8,0.0020,2.64
19:18:15,22.2552677,84.9041982,2.589,-0.514,0.37,-0.074,0.116,146.8,8,0.0024,2.64
19:18:15,22.2552677,84.9041982,2.587,-0.509,0.37,-0.031,0.096,146.9,8,0.0000,2.64
19:18:15,22.2552677,84.9041982,2.584,-0.502,0.37,-0.056,0.138,147.1,8,0.0020,2.63
19:18:15,22.2552677,84.9041982,2.582,-0.495,0.38,-0.030,0.142,147.2,8,0.0057,2.63
19:18:15,22.2552677,84.9041982,2.580,-0.488,0.38,-0.072,0.143,147.2,8,0.0023,2.63
19:18:15,22.2552677,84.9041982,2.578,-0.482,0.38,-0.031,0.123,147.3,8,0.0000,2.62
19:18:15,22.2552677,84.9041982,2.574,-0.474,0.38,-0.072,0.161,147.6,8,0.0027,2.62
19:18:15,22.2552677,84.9041982,2.572,-0.466,0.38,-0.031,0.140,147.7,8,0.0027,2.61
19:18:16,22.2552677,84.9041982,2.568,-0.459,0.38,-0.075,0.143,147.7,8,0.0036,2.61
19:18:16,22.2552677,84.9041982,2.565,-0.452,0.38,-0.085,0.176,147.9,8,0.0029,2.60
19:18:16,22.2552677,84.9041982,2.561,-0.443,0.38,-0.046,0.154,148.1,8,0.0000,2.60
19:18:16,22.2552677,84.9041982,2.557,-0.434,0.38,-0.087,0.198,148.1,8,0.0028,2.59
19:18:16,22.2552677,84.9041982,2.553,-0.424,0.38,-0.106,0.193,148.1,8,0.0030,2.59
19:18:16,22.2552677,84.9041982,2.549,-0.415,0.38,-0.067,0.168,148.1,8,0.0030,2.58
19:18:16,22.2552677,84.9041982,2.544,-0.406,0.38,-0.104,0.174,148.2,8,0.0032,2.58
19:18:16,22.2552677,84.9041982,2.540,-0.398,0.38,-0.063,0.147,148.2,8,0.0000,2.57
19:18:16,22.2552677,84.9041982,2.533,-0.389,0.38,-0.135,0.192,148.2,8,0.0029,2.56
19:18:16,22.2552677,84.9041982,2.527,-0.379,0.38,-0.104,0.191,148.2,8,0.0025,2.56
19:18:16,22.2552677,84.9041982,2.523,-0.370,0.38,-0.062,0.163,148.4,8,0.0025,2.55
19:18:16,22.2552677,84.9041982,2.518,-0.361,0.38,-0.110,0.204,148.5,8,0.0028,2.54
19:18:16,22.2552677,84.9041982,2.514,-0.351,0.38,-0.067,0.177,148.5,8,0.0000,2.54
19:18:16,22.2552677,84.9041982,2.509,-0.341,0.38,-0.082,0.211,148.6,8,0.0026,2.53
19:18:16,22.2552677,84.9041982,2.505,-0.330,0.38,-0.107,0.220,149.0,8,0.0028,2.53
19:18:16,22.2552677,84.9041982,2.500,-0.319,0.38,-0.111,0.230,149.1,8,0.0030,2.52
19:18:16,22.2552677,84.9041982,2.496,-0.308,0.39,-0.070,0.210,149.2,8,0.0000,2.51
19:18:17,22.2552677,84.9041982,2.491,-0.296,0.39,-0.115,0.236,149.2,8,0.0030,2.51
19:18:17,22.2552677,84.9041982,2.486,-0.285,0.39,-0.076,0.218,149.3,8,0.0030,2.50
19:18:17,22.2552677,84.9041982,2.480,-0.273,0.39,-0.129,0.243,149.3,8,0.0032,2.49
19:18:17,22.2552677,84.9041982,2.473,-0.260,0.39,-0.132,0.272,149.2,8,0.0037,2.49
19:18:17,22.2552677,84.9041982,2.468,-0.247,0.39,-0.098,0.262,149.2,8,0.0000,2.48
19:18:17,22.2552677,84.9041982,2.461,-0.233,0.39,-0.139,0.294,149.2,8,0.0037,2.47
19:18:17,22.2552677,84.9041982,2.454,-0.218,0.39,-0.153,0.292,149.4,8,0.0036,2.46
19:18:17,22.2552677,84.9041982,2.447,-0.203,0.39,-0.123,0.287,149.5,8,0.0036,2.46
19:18:17,22.2552677,84.9041982,2.440,-0.189,0.39,-0.147,0.291,149.5,8,0.0035,2.45
19:18:17,22.2552677,84.9041982,2.433,-0.174,0.39,-0.119,0.287,149.5,8,0.0000,2.44
19:18:17,22.2552677,84.9041982,2.425,-0.159,0.39,-0.175,0.302,149.5,8,0.0039,2.43
19:18:17,22.2552677,84.9041982,2.416,-0.144,0.39,-0.165,0.309,149.5,8,0.0039,2.42
19:18:17,22.2552677,84.9041982,2.409,-0.128,0.39,-0.138,0.306,149.5,8,0.0039,2.41
19:18:17,22.2552677,84.9041982,2.401,-0.113,0.39,-0.155,0.302,149.5,8,0.0040,2.40
19:18:17,22.2552677,84.9041982,2.394,-0.098,0.39,-0.128,0.298,149.5,8,0.0000,2.40
19:18:17,22.2552677,84.9041982,2.387,-0.083,0.39,-0.132,0.292,149.7,8,0.0037,2.39
19:18:17,22.2552677,84.9041982,2.381,-0.068,0.39,-0.141,0.293,149.7,8,0.0037,2.38
19:18:17,22.2552677,84.9041982,2.374,-0.053,0.39,-0.161,0.298,149.9,8,0.0042,2.37
19:18:17,22.2552677,84.9041982,2.366,-0.039,0.39,-0.134,0.291,150.1,8,0.0000,2.37
19:18:17,22.2552677,84.9041982,2.359,-0.024,0.39,-0.142,0.291,150.2,8,0.0037,2.36
19:18:17,22.2552677,84.9041982,2.352,-0.009,0.40,-0.114,0.284,150.3,8,0.0037,2.35
19:18:18,22.2552677,84.9041982,2.346,0.005,0.40,-0.127,0.290,150.3,8,0.0035,2.35
19:18:18,22.2552677,84.9041982,2.339,0.020,0.40,-0.148,0.271,150.4,8,0.0034,2.34
19:18:18,22.2552677,84.9041982,2.333,0.033,0.40,-0.120,0.266,150.4,8,0.0000,2.33
19:18:18,22.2552677,84.9041982,2.327,0.047,0.41,-0.115,0.281,150.3,8,0.0039,2.33
19:18:18,22.2552677,84.9041982,2.320,0.061,0.41,-0.159,0.264,150.3,8,0.0033,2.32
19:18:18,22.2552677,84.9041982,2.313,0.074,0.41,-0.131,0.260,150.1,8,0.0033,2.31
19:18:18,22.2552677,84.9041982,2.305,0.088,0.41,-0.159,0.284,150.1,8,0.0038,2.31
19:18:18,22.2552677,84.9041982,2.298,0.102,0.41,-0.130,0.283,150.2,8,0.0000,2.30
19:18:18,22.2552677,84.9041982,2.291,0.117,0.41,-0.131,0.279,150.2,8,0.0035,2.29
19:18:18,22.2552677,84.9041982,2.285,0.131,0.41,-0.121,0.278,150.1,8,0.0044,2.29
19:18:18,22.2552677,84.9041982,2.280,0.145,0.41,-0.093,0.278,150.1,8,0.0044,2.28
19:18:18,22.2552677,84.9041982,2.274,0.159,0.41,-0.112,0.296,150.0,8,0.0039,2.28
19:18:18,22.2552677,84.9041982,2.269,0.174,0.42,-0.086,0.298,150.0,8,0.0000,2.28
19:18:18,22.2552677,84.9041982,2.261,0.189,0.42,-0.168,0.298,149.9,8,0.0038,2.27
19:18:18,22.2552677,84.9041982,2.253,0.204,0.42,-0.178,0.279,149.9,8,0.0036,2.26
19:18:18,22.2552677,84.9041982,2.245,0.218,0.42,-0.151,0.282,149.9,8,0.0036,2.26
19:18:18,22.2552677,84.9041982,2.237,0.233,0.42,-0.144,0.306,149.9,8,0.0041,2.25
19:18:18,22.2552677,84.9041982,2.230,0.249,0.42,-0.119,0.310,149.9,8,0.0000,2.24
19:18:18,22.2552677,84.9041982,2.225,0.264,0.42,-0.106,0.304,150.0,8,0.0071,2.24
19:18:18,22.2552677,84.9041982,2.220,0.280,0.42,-0.083,0.307,149.9,8,0.0071,2.24
19:18:19,22.2552677,84.9041982,2.212,0.296,0.42,-0.166,0.327,149.9,8,0.0043,2.23
19:18:19,22.2552677,84.9041982,2.205,0.313,0.42,-0.143,0.329,149.9,8,0.0000,2.23
19:18:19,22.2552677,84.9041982,2.195,0.329,0.42,-0.204,0.333,149.9,8,0.0043,2.22
19:18:19,22.2552677,84.9041982,2.186,0.346,0.42,-0.150,0.358,149.9,8,0.0044,2.21
19:18:19,22.2552677,84.9041982,2.179,0.365,0.42,-0.125,0.357,149.9,8,0.0044,2.21
19:18:19,22.2552677,84.9041982,2.171,0.382,0.42,-0.174,0.349,150.0,8,0.0042,2.20
19:18:19,22.2552677,84.9041982,2.163,0.400,0.42,-0.147,0.347,150.0,8,0.0000,2.20
19:18:19,22.2552677,84.9041982,2.154,0.417,0.42,-0.176,0.325,150.3,8,0.0042,2.19
19:18:19,22.2552677,84.9041982,2.145,0.433,0.42,-0.166,0.303,150.3,8,0.0038,2.19
19:18:19,22.2552677,84.9041982,2.138,0.448,0.42,-0.134,0.297,150.4,8,0.0038,2.18
19:18:19,22.2552677,84.9041982,2.130,0.464,0.42,-0.169,0.324,150.4,8,0.0040,2.18
19:18:19,22.2552677,84.9041982,2.122,0.480,0.42,-0.136,0.317,150.4,8,0.0000,2.18
19:18:19,22.2552677,84.9041982,2.114,0.496,0.42,-0.153,0.314,150.4,8,0.0041,2.17
19:18:19,22.2552677,84.9041982,2.107,0.512,0.43,-0.158,0.312,150.3,8,0.0038,2.17
19:18:19,22.2552677,84.9041982,2.100,0.527,0.43,-0.121,0.305,150.4,8,0.0038,2.16
19:18:19,22.2552677,84.9041982,2.092,0.542,0.43,-0.158,0.287,150.4,8,0.0038,2.16
19:18:19,22.2552677,84.9041982,2.085,0.556,0.43,-0.121,0.281,151.7,8,0.0000,2.16
19:18:19,22.2552677,84.9041982,2.081,0.567,0.44,-0.050,0.163,152.4,8,0.0031,2.16
19:18:19,22.2552677,84.9041982,2.080,0.573,0.44,0.002,0.045,152.5,8,0.0038,2.16
19:18:19,22.2552677,84.9041982,2.081,0.574,0.44,0.012,0.002,152.5,8,0.0011,2.16
19:18:20,22.2552677,84.9041982,2.083,0.573,0.44,0.083,-0.029,152.5,8,0.0000,2.16
19:18:20,22.2552677,84.9041982,2.085,0.573,0.44,0.031,-0.006,152.5,8,0.0012,2.16
19:18:20,22.2552677,84.9041982,2.087,0.572,0.44,0.030,-0.006,152.3,8,0.0015,2.16
19:18:20,22.2552677,84.9041982,2.090,0.571,0.44,0.087,-0.034,152.3,8,0.0015,2.17
19:18:20,22.2552677,84.9041982,2.092,0.571,0.44,0.014,-0.006,152.3,8,0.0017,2.17
19:18:20,22.2552677,84.9041982,2.094,0.570,0.43,0.071,-0.034,152.3,8,0.0000,2.17
19:18:20,22.2552677,84.9041982,2.095,0.569,0.43,0.013,-0.006,152.4,8,0.0010,2.17
19:18:20,22.2552677,84.9041982,2.096,0.569,0.43,0.012,-0.006,152.4,8,0.0013,2.17
19:18:20,22.2552677,84.9041982,2.098,0.568,0.43,0.070,-0.034,152.4,8,0.0013,2.17
19:18:20,22.2552677,84.9041982,2.099,0.567,0.43,0.013,-0.006,152.4,8,0.0013,2.17
19:18:20,22.2552677,84.9041982,2.101,0.566,0.43,0.072,-0.036,152.3,8,0.0000,2.18
19:18:20,22.2552677,84.9041982,2.102,0.566,0.43,0.012,-0.006,152.3,8,0.0011,2.18
19:18:20,22.2552677,84.9041982,2.104,0.565,0.43,0.058,-0.006,152.3,8,0.0020,2.18
19:18:20,22.2552677,84.9041982,2.108,0.564,0.43,0.106,-0.032,152.4,8,0.0020,2.18
19:18:20,22.2552677,84.9041982,2.113,0.563,0.43,0.109,-0.022,152.5,8,0.0015,2.19
19:18:20,22.2552677,84.9041982,2.120,0.561,0.43,0.132,-0.046,152.5,8,0.0000,2.19
19:18:20,22.2552677,84.9041982,2.126,0.560,0.43,0.133,-0.031,152.5,8,0.0016,2.20
19:18:20,22.2552677,84.9041982,2.133,0.558,0.43,0.138,-0.052,152.6,8,0.0018,2.20
19:18:20,22.2552677,84.9041982,2.140,0.555,0.41,0.149,-0.048,152.9,8,0.0018,2.21
19:18:20,22.2552677,84.9041982,2.147,0.552,0.41,0.125,-0.062,152.9,8,0.0000,2.22
19:18:21,22.2552677,84.9041982,2.154,0.549,0.41,0.149,-0.063,153.1,8,0.0021,2.22
19:18:21,22.2552677,84.9041982,2.161,0.546,0.41,0.140,-0.051,153.6,8,0.0018,2.23
19:18:21,22.2552677,84.9041982,2.167,0.543,0.41,0.082,-0.054,153.8,8,0.0018,2.23
19:18:21,22.2552677,84.9041982,2.172,0.541,0.41,0.099,-0.050,153.8,8,0.0016,2.24
19:18:21,22.2552677,84.9041982,2.175,0.538,0.41,0.032,-0.050,153.9,8,0.0000,2.24
19:18:21,22.2552677,84.9041982,2.179,0.536,0.41,0.076,-0.049,154.0,8,0.0015,2.24
19:18:21,22.2552677,84.9041982,2.182,0.533,0.40,0.045,-0.030,153.9,8,0.0016,2.25
19:18:21,22.2552677,84.9041982,2.182,0.532,0.40,-0.041,-0.025,153.9,8,0.0016,2.25
19:18:21,22.2552677,84.9041982,2.182,0.531,0.40,0.015,-0.016,153.8,8,0.0012,2.25
19:18:21,22.2552677,84.9041982,2.181,0.530,0.40,-0.072,-0.011,153.6,8,0.0000,2.24
19:18:21,22.2552677,84.9041982,2.180,0.530,0.40,-0.015,-0.001,153.5,8,0.0010,2.24
19:18:21,22.2552677,84.9041982,2.179,0.530,0.40,-0.016,-0.001,153.5,8,0.0011,2.24
19:18:21,22.2552677,84.9041982,2.176,0.530,0.40,-0.097,-0.003,153.3,8,0.0011,2.24
19:18:21,22.2552677,84.9041982,2.174,0.530,0.40,-0.017,-0.001,152.9,8,0.0011,2.24
19:18:21,22.2552677,84.9041982,2.172,0.530,0.40,-0.088,-0.014,152.8,8,0.0000,2.24
19:18:21,22.2552677,84.9041982,2.171,0.529,0.40,-0.015,-0.003,152.5,8,0.0012,2.23
19:18:21,22.2552677,84.9041982,2.169,0.529,0.40,-0.013,-0.003,152.5,8,0.0013,2.23
19:18:21,22.2552677,84.9041982,2.168,0.529,0.40,-0.013,-0.003,152.2,8,0.0011,2.23
19:18:21,22.2552677,84.9041982,2.166,0.528,0.40,-0.071,-0.023,152.1,8,0.0000,2.23
19:18:21,22.2552677,84.9041982,2.165,0.527,0.41,0.003,-0.025,152.0,8,0.0009,2.23
19:18:22,22.2552677,84.9041982,2.165,0.525,0.41,0.013,-0.033,152.0,8,0.0017,2.23
19:18:22,22.2552677,84.9041982,2.164,0.523,0.41,-0.041,-0.054,151.9,8,0.0017,2.23
19:18:22,22.2552677,84.9041982,2.164,0.521,0.41,0.012,-0.044,151.9,8,0.0010,2.23
19:18:22,22.2552677,84.9041982,2.163,0.518,0.42,-0.036,-0.063,152.0,8,0.0000,2.22
19:18:22,22.2552677,84.9041982,2.164,0.516,0.42,0.012,-0.046,152.0,8,0.0013,2.22
19:18:22,22.2552677,84.9041982,2.164,0.513,0.42,-0.006,-0.047,152.1,8,0.0010,2.22
19:18:22,22.2552677,84.9041982,2.162,0.511,0.42,-0.051,-0.064,152.2,8,0.0010,2.22
19:18:22,22.2552677,84.9041982,2.162,0.508,0.42,0.006,-0.049,152.3,8,0.0012,2.22
19:18:22,22.2552677,84.9041982,2.161,0.505,0.42,-0.039,-0.064,152.3,8,0.0000,2.22
19:18:22,22.2552677,84.9041982,2.161,0.503,0.42,0.008,-0.044,152.5,8,0.0014,2.22
19:18:22,22.2552677,84.9041982,2.161,0.501,0.42,-0.006,-0.033,152.5,8,0.0010,2.22
19:18:22,22.2552677,84.9041982,2.159,0.499,0.41,-0.054,-0.048,152.5,8,0.0010,2.22
19:18:22,22.2552677,84.9041982,2.159,0.497,0.41,-0.010,-0.028,152.6,8,0.0012,2.22
19:18:22,22.2552677,84.9041982,2.157,0.495,0.41,-0.058,-0.045,152.6,8,0.0000,2.21
19:18:22,22.2552677,84.9041982,2.156,0.494,0.41,-0.011,-0.022,152.6,8,0.0013,2.21
19:18:22,22.2552677,84.9041982,2.155,0.493,0.41,-0.010,-0.007,152.5,8,0.0014,2.21
19:18:22,22.2552677,84.9041982,2.154,0.492,0.41,-0.011,-0.005,152.5,8,0.0013,2.21
19:18:22,22.2552677,84.9041982,2.152,0.491,0.41,-0.064,-0.025,152.3,8,0.0000,2.21
19:18:22,22.2552677,84.9041982,2.151,0.491,0.41,-0.012,-0.005,152.2,8,0.0011,2.21
19:18:23,22.2552677,84.9041982,2.149,0.490,0.41,-0.065,-0.030,152.1,8,0.0011,2.20
19:18:23,22.2552677,84.9041982,2.148,0.490,0.38,-0.011,-0.006,152.1,8,0.0011,2.20
19:18:23,22.2552677,84.9041982,2.147,0.489,0.38,-0.010,-0.005,151.8,8,0.0010,2.20
19:18:23,22.2552677,84.9041982,2.145,0.488,0.38,-0.060,-0.039,151.7,8,0.0000,2.20
19:18:23,22.2552677,84.9041982,2.144,0.488,0.38,-0.011,-0.008,151.7,8,0.0013,2.20
19:18:23,22.2552677,84.9041982,2.144,0.487,0.36,0.009,-0.008,151.7,8,0.0011,2.20
19:18:23,22.2552677,84.9041982,2.143,0.485,0.36,-0.039,-0.050,151.5,8,0.0011,2.20
19:18:23,22.2552677,84.9041982,2.143,0.484,0.36,0.026,-0.010,151.3,8,0.0015,2.20
19:18:23,22.2552677,84.9041982,2.144,0.483,0.36,-0.020,-0.062,151.1,8,0.0000,2.20
19:18:23,22.2552677,84.9041982,2.145,0.482,0.36,0.026,-0.011,151.1,8,0.0012,2.20
19:18:23,22.2552677,84.9041982,2.146,0.481,0.36,0.033,-0.011,150.6,8,0.0011,2.20
19:18:23,22.2552677,84.9041982,2.146,0.479,0.36,-0.012,-0.064,150.3,8,0.0011,2.20
19:18:23,22.2552677,84.9041982,2.148,0.477,0.36,0.041,-0.026,149.9,8,0.0015,2.20
19:18:23,22.2552677,84.9041982,2.149,0.475,0.36,-0.003,-0.075,149.9,8,0.0000,2.20
19:18:23,22.2552677,84.9041982,2.151,0.474,0.38,0.049,-0.012,149.1,8,0.0016,2.20
19:18:23,22.2552677,84.9041982,2.153,0.473,0.38,0.052,-0.009,148.6,8,0.0016,2.20
19:18:23,22.2552677,84.9041982,2.155,0.472,0.38,0.057,-0.008,148.0,8,0.0018,2.21
19:18:23,22.2552677,84.9041982,2.157,0.471,0.38,0.014,-0.041,146.9,8,0.0000,2.21
19:18:23,22.2552677,84.9041982,2.159,0.470,0.42,0.047,-0.007,146.9,8,0.0021,2.21
19:18:23,22.2552677,84.9041982,2.161,0.469,0.42,0.049,-0.006,146.3,8,0.0018,2.21
19:18:23,22.2552677,84.9041982,2.162,0.468,0.42,0.006,-0.031,145.8,8,0.0018,2.21
19:18:24,22.2552677,84.9041982,2.164,0.469,0.42,0.043,0.016,144.7,8,0.0019,2.21
19:18:24,22.2552677,84.9041982,2.165,0.469,0.42,-0.001,-0.007,144.7,8,0.0000,2.22
19:18:24,22.2552677,84.9041982,2.167,0.470,0.42,0.032,0.015,144.1,8,0.0019,2.22
19:18:24,22.2552677,84.9041982,2.168,0.470,0.42,0.022,0.019,143.6,8,0.0020,2.22
19:18:24,22.2552677,84.9041982,2.168,0.470,0.42,-0.023,-0.008,142.7,8,0.0020,2.22
19:18:24,22.2552677,84.9041982,2.169,0.471,0.47,0.021,0.022,142.7,8,0.0019,2.22
19:18:24,22.2552677,84.9041982,2.169,0.472,0.47,-0.024,-0.012,142.2,8,0.0000,2.22
19:18:24,22.2552677,84.9041982,2.169,0.473,0.47,0.012,0.020,141.7,8,0.0019,2.22
19:18:24,22.2552677,84.9041982,2.169,0.473,0.47,0.008,0.018,141.3,8,0.0020,2.22
19:18:24,22.2552677,84.9041982,2.169,0.473,0.54,-0.036,-0.031,141.3,8,0.0020,2.22
19:18:24,22.2552677,84.9041982,2.169,0.472,0.54,0.014,-0.008,140.6,8,0.0019,2.22
19:18:24,22.2552677,84.9041982,2.168,0.471,0.54,-0.028,-0.068,140.3,8,0.0000,2.22
19:18:24,22.2552677,84.9041982,2.169,0.470,0.54,0.021,-0.013,140.0,8,0.0018,2.22
19:18:24,22.2552677,84.9041982,2.170,0.468,0.54,0.033,-0.014,140.0,8,0.0022,2.22
19:18:24,22.2552677,84.9041982,2.171,0.467,0.54,0.043,-0.014,139.6,8,0.0022,2.22
19:18:24,22.2552677,84.9041982,2.172,0.464,0.54,0.005,-0.099,139.6,8,0.0000,2.22
19:18:24,22.2552677,84.9041982,2.175,0.463,0.54,0.056,-0.002,139.7,8,0.0020,2.22
19:18:24,22.2552677,84.9041982,2.177,0.460,0.54,0.021,-0.098,140.3,8,0.0020,2.22
19:18:25,22.2552677,84.9041982,2.179,0.458,0.61,0.059,-0.030,140.3,8,0.0031,2.23
19:18:25,22.2552677,84.9041982,2.182,0.454,0.61,0.067,-0.169,140.7,8,0.0054,2.23
19:18:25,22.2552677,84.9041982,2.185,0.444,0.61,0.028,-0.219,141.4,8,0.0000,2.23
19:18:25,22.2552677,84.9041982,2.185,0.440,0.61,-0.001,-0.022,141.4,8,0.0111,2.23
19:18:25,22.2552677,84.9041982,2.185,0.437,0.64,0.014,-0.095,141.4,8,0.0137,2.23
19:18:25,22.2552677,84.9041982,2.185,0.432,0.64,-0.021,-0.113,141.2,8,0.0137,2.23
19:18:25,22.2552677,84.9041982,2.183,0.428,0.64,-0.043,-0.069,141.5,8,0.0109,2.22
19:18:25,22.2552677,84.9041982,2.181,0.424,0.64,-0.064,-0.110,141.9,8,0.0000,2.22
19:18:25,22.2552677,84.9041982,2.181,0.422,0.64,0.040,-0.014,141.9,8,0.0032,2.22
19:18:25,22.2552677,84.9041982,2.183,0.421,0.64,0.034,-0.025,142.3,8,0.0039,2.22
19:18:25,22.2552677,84.9041982,2.184,0.419,0.64,0.016,-0.055,142.7,8,0.0039,2.22
19:18:25,22.2552677,84.9041982,2.186,0.418,0.64,0.031,-0.008,142.8,8,0.0041,2.23
19:18:25,22.2552677,84.9041982,2.187,0.417,0.64,0.018,-0.040,142.8,8,0.0000,2.23
19:18:25,22.2552677,84.9041982,2.187,0.415,0.64,0.000,-0.030,142.9,8,0.0044,2.23
19:18:25,22.2552677,84.9041982,2.188,0.414,0.64,0.014,-0.010,143.0,8,0.0044,2.23
19:18:25,22.2552677,84.9041982,2.188,0.413,0.64,0.000,-0.029,143.5,8,0.0025,2.23
19:18:25,22.2552677,84.9041982,2.188,0.410,0.64,-0.014,-0.062,143.5,8,0.0000,2.23
19:18:25,22.2552677,84.9041982,2.187,0.409,0.64,-0.003,-0.009,143.8,8,0.0021,2.23
19:18:25,22.2552677,84.9041982,2.187,0.408,0.64,-0.017,-0.042,144.1,8,0.0021,2.22
19:18:25,22.2552677,84.9041982,2.187,0.407,0.64,-0.003,-0.007,144.6,8,0.0034,2.22
19:18:25,22.2552677,84.9041982,2.186,0.407,0.64,-0.003,-0.006,144.6,8,0.0025,2.22
19:18:26,22.2552677,84.9041982,2.186,0.406,0.63,-0.021,-0.039,144.7,8,0.0000,2.22
19:18:26,22.2552677,84.9041982,2.185,0.405,0.63,-0.004,-0.007,144.7,8,0.0020,2.22
19:18:26,22.2552677,84.9041982,2.185,0.404,0.63,-0.004,-0.006,144.7,8,0.0023,2.22
19:18:26,22.2552677,84.9041982,2.184,0.403,0.63,-0.021,-0.038,144.7,8,0.0023,2.22
19:18:26,22.2552677,84.9041982,2.184,0.402,0.62,-0.004,-0.007,144.7,8,0.0018,2.22
19:18:26,22.2552677,84.9041982,2.183,0.401,0.62,-0.021,-0.039,144.7,8,0.0000,2.22
19:18:26,22.2552677,84.9041982,2.183,0.401,0.62,-0.004,-0.007,144.7,8,0.0018,2.22
19:18:26,22.2552677,84.9041982,2.183,0.400,0.62,-0.003,-0.006,144.7,8,0.0015,2.22
19:18:26,22.2552677,84.9041982,2.182,0.399,0.62,-0.021,-0.038,144.7,8,0.0015,2.22
19:18:26,22.2552677,84.9041982,2.182,0.398,0.62,-0.004,-0.007,144.7,8,0.0019,2.22
19:18:26,22.2552677,84.9041982,2.181,0.397,0.62,-0.020,-0.039,144.7,8,0.0000,2.22
19:18:26,22.2552677,84.9041982,2.181,0.397,0.62,-0.003,-0.007,144.8,8,0.0015,2.22
19:18:26,22.2552677,84.9041982,2.180,0.396,0.61,-0.018,-0.039,144.8,8,10.0005,2.22
19:18:26,22.2552677,84.9041982,2.179,0.393,0.61,-0.033,-0.072,144.9,8,10.0005,2.21
19:18:26,22.2552677,84.9041982,2.177,0.388,0.61,-0.048,-0.104,145.0,8,0.0000,2.21
19:18:26,22.2552677,84.9041982,2.174,0.382,0.61,-0.063,-0.136,145.1,8,0.0000,2.21
19:18:26,22.2552677,84.9041982,2.171,0.375,0.61,-0.078,-0.168,145.1,8,10.0005,2.20
19:18:26,22.2552677,84.9041982,2.166,0.365,0.61,-0.093,-0.201,145.2,8,10.0005,2.20
19:18:26,22.2552677,84.9041982,2.161,0.354,0.61,-0.108,-0.233,145.3,8,10.0005,2.19
19:18:27,22.2552677,84.9041982,2.156,0.342,0.61,-0.123,-0.265,145.4,8,0.0000,2.18
19:18:27,22.2552677,84.9041982,2.149,0.328,0.61,-0.139,-0.297,145.4,8,0.0000,2.17
19:18:27,22.2552677,84.9041982,2.142,0.312,0.61,-0.154,-0.330,145.4,8,0.0000,2.16
19:18:27,22.2552677,84.9041982,2.133,0.295,0.61,-0.169,-0.362,145.4,8,10.0005,2.15
19:18:27,22.2552677,84.9041982,2.125,0.275,0.61,-0.184,-0.394,145.4,8,10.0005,2.14
19:18:27,22.2552677,84.9041982,2.115,0.255,0.61,-0.200,-0.426,145.4,8,10.0005,2.13
19:18:27,22.2552677,84.9041982,2.104,0.233,0.61,-0.215,-0.458,145.4,8,10.0005,2.12
19:18:27,22.2552677,84.9041982,2.093,0.209,0.61,-0.230,-0.490,145.4,8,10.0005,2.10
19:18:27,22.2552677,84.9041982,2.081,0.183,0.61,-0.246,-0.522,145.4,8,10.0005,2.09
19:18:27,22.2552677,84.9041982,2.068,0.156,0.61,-0.262,-0.554,145.4,8,0.0000,2.07
19:18:27,22.2552677,84.9041982,2.055,0.127,0.61,-0.278,-0.586,145.4,8,0.0000,2.06
19:18:27,22.2552677,84.9041982,2.040,0.097,0.61,-0.294,-0.618,145.4,8,0.0000,2.04
19:18:27,22.2552677,84.9041982,2.025,0.065,0.61,-0.311,-0.650,145.4,8,0.0000,2.03
19:18:27,22.2552677,84.9041982,2.009,0.032,0.61,-0.327,-0.682,145.4,8,10.0005,2.01
19:18:27,22.2552677,84.9041982,1.992,-0.003,0.61,-0.344,-0.714,145.4,8,0.0000,1.99
19:18:27,22.2552677,84.9041982,1.975,-0.040,0.61,-0.362,-0.746,145.4,8,0.0000,1.98
19:18:27,22.2552677,84.9041982,1.956,-0.079,0.61,-0.379,-0.777,145.5,8,0.0000,1.96
19:18:27,22.2552677,84.9041982,1.936,-0.118,0.61,-0.397,-0.810,145.5,8,0.0000,1.94
19:18:27,22.2552677,84.9041982,1.916,-0.160,0.61,-0.416,-0.842,147.8,8,10.0005,1.92
19:18:27,22.2552677,84.9041982,1.895,-0.203,0.61,-0.437,-0.872,149.8,8,0.0000,1.91
19:18:28,22.2552677,84.9041982,1.872,-0.248,0.61,-0.460,-0.900,151.9,8,0.0000,1.89
19:18:28,22.2552677,84.9041982,1.848,-0.294,0.61,-0.484,-0.925,151.9,8,0.0000,1.87
19:18:28,22.2552677,84.9041982,1.823,-0.341,0.61,-0.509,-0.950,156.0,8,0.0000,1.85
19:18:28,22.2552677,84.9041982,1.797,-0.389,0.61,-0.535,-0.970,157.9,8,0.0000,1.84
19:18:28,22.2552677,84.9041982,1.769,-0.438,0.61,-0.560,-0.985,159.6,8,0.0000,1.82
19:18:28,22.2552677,84.9041982,1.740,-0.488,0.61,-0.584,-0.999,159.6,8,0.0000,1.81
19:18:28,22.2552677,84.9041982,1.710,-0.539,0.61,-0.608,-1.012,161.2,8,0.0000,1.79
19:18:28,22.2552677,84.9041982,1.679,-0.590,0.61,-0.630,-1.022,163.2,8,10.0005,1.78
19:18:28,22.2552677,84.9041982,1.647,-0.642,0.61,-0.650,-1.027,163.3,8,0.0000,1.77
19:18:28,22.2552677,84.9041982,1.614,-0.694,0.61,-0.669,-1.028,163.3,8,0.0000,1.76
19:18:28,22.2552677,84.9041982,1.580,-0.745,0.61,-0.688,-1.028,162.7,8,0.0000,1.75
19:18:28,22.2552677,84.9041982,1.545,-0.797,0.60,-0.707,-1.023,160.7,8,0.0000,1.74
19:18:28,22.2552677,84.9041982,1.509,-0.848,0.60,-0.728,-1.005,159.5,8,0.0000,1.73
19:18:28,22.2552677,84.9041982,1.471,-0.898,0.60,-0.752,-0.984,158.4,8,0.0000,1.72
19:18:28,22.2552677,84.9041982,1.433,-0.947,0.60,-0.777,-0.957,158.4,8,0.0000,1.72
19:18:28,22.2552677,84.9041982,1.393,-0.994,0.60,-0.803,-0.931,156.3,8,10.0005,1.71
19:18:28,22.2552677,84.9041982,1.352,-1.040,0.60,-0.832,-0.897,155.3,8,0.0000,1.71
19:18:28,22.2552677,84.9041982,1.309,-1.084,0.60,-0.862,-0.860,154.5,8,10.0005,1.70
19:18:28,22.2552677,84.9041982,2.496,-0.677,0.60,0.186,-0.425,154.5,8,0.0052,2.59
19:18:29,22.2552677,84.9041982,2.504,-0.697,0.58,0.154,-0.385,153.0,8,0.0000,2.60
19:18:29,22.2552677,84.9041982,2.511,-0.716,0.58,0.117,-0.344,152.4,8,0.0000,2.61
19:18:29,22.2552677,84.9041982,2.516,-0.732,0.58,0.078,-0.302,152.4,8,0.0000,2.62
19:18:29,22.2552677,84.9041982,2.547,-0.774,0.58,0.232,-0.448,151.2,8,0.0054,2.66
19:18:29,22.2552677,84.9041982,2.558,-0.795,0.58,0.189,-0.410,150.7,8,0.0000,2.68
19:18:29,22.2552677,84.9041982,2.572,-0.821,0.56,0.271,-0.494,150.3,8,0.0065,2.70
19:18:29,22.2552677,84.9041982,2.586,-0.845,0.56,0.277,-0.482,150.3,8,0.0063,2.72
19:18:29,22.2552677,84.9041982,2.599,-0.869,0.56,0.231,-0.450,149.6,8,0.0063,2.74
19:18:29,22.2552677,84.9041982,2.614,-0.892,0.56,0.335,-0.465,149.4,8,0.0064,2.76
19:18:29,22.2552677,84.9041982,2.630,-0.915,0.56,0.286,-0.444,149.2,8,0.0000,2.78
19:18:29,22.2552677,84.9041982,2.647,-0.939,0.56,0.359,-0.494,149.2,8,0.0065,2.81
19:18:29,22.2552677,84.9041982,2.684,-0.986,0.56,0.393,-0.460,148.9,8,0.0071,2.86
19:18:29,22.2552677,84.9041982,2.702,-1.009,0.55,0.343,-0.453,148.9,8,0.0000,2.88
19:18:29,22.2552677,84.9041982,2.721,-1.033,0.55,0.361,-0.498,148.9,8,0.0073,2.91
19:18:29,22.2552677,84.9041982,2.738,-1.058,0.55,0.311,-0.493,149.0,8,0.0073,2.94
19:18:29,22.2552677,84.9041982,2.756,-1.083,0.55,0.360,-0.491,149.0,8,0.0071,2.96
19:18:29,22.2552677,84.9041982,2.773,-1.107,0.55,0.311,-0.412,148.9,8,0.0057,2.99
19:18:29,22.2552677,84.9041982,2.787,-1.128,0.55,0.267,-0.420,148.9,8,0.0000,3.01
19:18:29,22.2552677,84.9041982,2.801,-1.146,0.55,0.281,-0.342,148.4,8,0.0046,3.03
19:18:29,22.2552677,84.9041982,2.816,-1.162,0.55,0.305,-0.250,148.5,8,0.0044,3.05
19:18:29,22.2552677,84.9041982,2.830,-1.176,0.54,0.277,-0.281,148.9,8,0.0044,3.06
19:18:29,22.2552677,84.9041982,2.846,-1.188,0.54,0.325,-0.233,148.9,8,0.0044,3.08
19:18:30,22.2552677,84.9041982,2.862,-1.201,0.54,0.300,-0.271,150.1,8,0.0000,3.10
19:18:30,22.2552677,84.9041982,2.880,-1.210,0.54,0.390,-0.176,150.9,8,0.0045,3.12
19:18:30,22.2552677,84.9041982,2.900,-1.220,0.54,0.409,-0.185,151.6,8,0.0044,3.15
19:18:30,22.2552677,84.9041982,2.920,-1.231,0.54,0.385,-0.243,151.6,8,0.0044,3.17
19:18:30,22.2552677,84.9041982,2.941,-1.241,0.54,0.409,-0.201,153.0,8,0.0040,3.19
19:18:30,22.2552677,84.9041982,2.961,-1.253,0.54,0.382,-0.260,153.4,8,0.0000,3.21
19:18:30,22.2552677,84.9041982,2.981,-1.262,0.54,0.406,-0.170,153.5,8,0.0037,3.24
19:18:30,22.2552677,84.9041982,3.001,-1.271,0.54,0.420,-0.150,152.6,8,0.0038,3.26
19:18:30,22.2552677,84.9041982,3.022,-1.280,0.54,0.387,-0.206,152.6,8,0.0038,3.28
19:18:30,22.2552677,84.9041982,3.043,-1.288,0.54,0.423,-0.143,151.8,8,0.0037,3.30
19:18:30,22.2552677,84.9041982,3.063,-1.296,0.54,0.390,-0.198,151.1,8,0.0000,3.33
19:18:30,22.2552677,84.9041982,3.083,-1.303,0.56,0.397,-0.125,149.6,8,0.0042,3.35
19:18:30,22.2552677,84.9041982,3.103,-1.310,0.56,0.392,-0.109,149.6,8,0.0038,3.37
19:18:30,22.2552677,84.9041982,3.122,-1.315,0.56,0.373,-0.064,148.9,8,0.0045,3.39
19:18:30,22.2552677,84.9041982,3.140,-1.320,0.56,0.343,-0.114,148.4,8,0.0000,3.41
19:18:30,22.2552677,84.9041982,3.156,-1.323,0.57,0.276,-0.051,147.4,8,0.0041,3.42
19:18:30,22.2552677,84.9041982,3.169,-1.327,0.57,0.248,-0.094,147.4,8,0.0041,3.44
19:18:31,22.2552677,84.9041982,3.188,-1.329,0.57,0.420,-0.043,147.0,8,0.0049,3.45
19:18:31,22.2552677,84.9041982,3.209,-1.331,0.57,0.447,0.008,146.7,8,0.0046,3.47
19:18:31,22.2552677,84.9041982,3.231,-1.332,0.57,0.420,-0.028,146.4,8,0.0000,3.49
19:18:31,22.2552677,84.9041982,3.244,-1.328,0.57,0.163,0.114,146.4,8,0.0108,3.50
19:18:31,22.2552677,84.9041982,3.252,-1.322,0.57,0.182,0.134,146.4,8,0.0081,3.51
19:18:31,22.2552677,84.9041982,3.260,-1.316,0.57,0.157,0.106,146.4,8,0.0081,3.52
19:18:31,22.2552677,84.9041982,3.271,-1.311,0.58,0.223,0.101,146.3,8,0.0121,3.52
19:18:31,22.2552677,84.9041982,3.281,-1.306,0.58,0.200,0.081,146.3,8,0.0000,3.53
19:18:31,22.2552677,84.9041982,3.300,-1.302,0.58,0.417,0.065,146.2,8,0.0048,3.55
19:18:31,22.2552677,84.9041982,3.318,-1.299,0.58,0.261,0.100,146.2,8,0.0111,3.56
19:18:31,22.2552677,84.9041982,3.331,-1.294,0.58,0.239,0.083,146.2,8,0.0111,3.57
19:18:31,22.2552677,84.9041982,3.348,-1.292,0.58,0.407,0.031,146.2,8,0.0043,3.59
19:18:31,22.2552677,84.9041982,3.368,-1.290,0.58,0.386,0.017,146.3,8,0.0000,3.61
19:18:31,22.2552677,84.9041982,3.389,-1.286,0.58,0.404,0.118,146.3,8,0.0046,3.62
19:18:31,22.2552677,84.9041982,3.408,-1.280,0.58,0.322,0.132,146.3,8,0.0074,3.64
19:18:31,22.2552677,84.9041982,3.424,-1.273,0.58,0.334,0.120,146.3,8,0.0050,3.65
19:18:31,22.2552677,84.9041982,3.440,-1.267,0.58,0.312,0.112,146.9,8,0.0000,3.67
19:18:31,22.2552677,84.9041982,3.457,-1.259,0.58,0.337,0.193,148.2,8,0.0060,3.68
19:18:31,22.2552677,84.9041982,3.473,-1.249,0.58,0.315,0.191,149.7,8,0.0060,3.69
19:18:31,22.2552677,84.9041982,3.489,-1.241,0.58,0.316,0.156,149.9,8,0.0067,3.70
19:18:31,22.2552677,84.9041982,3.502,-1.232,0.58,0.123,0.211,149.9,8,0.0038,3.71
19:18:32,22.2552677,84.9041982,3.508,-1.222,0.58,0.107,0.203,149.7,8,0.0000,3.71
19:18:32,22.2552677,84.9041982,3.515,-1.209,0.58,0.168,0.286,148.7,8,0.0074,3.72
19:18:32,22.2552677,84.9041982,3.523,-1.196,0.58,0.143,0.224,147.9,8,0.0038,3.72
19:18:32,22.2552677,84.9041982,3.531,-1.185,0.58,0.142,0.188,147.9,8,0.0038,3.72
19:18:32,22.2552677,84.9041982,3.536,-1.176,0.58,0.096,0.165,147.1,8,0.0055,3.73
19:18:32,22.2552677,84.9041982,3.541,-1.169,0.58,0.099,0.122,145.3,8,0.0000,3.73
19:18:32,22.2552677,84.9041982,3.547,-1.165,0.57,0.128,0.055,144.3,8,0.0029,3.73
19:18:32,22.2552677,84.9041982,3.553,-1.160,0.57,0.111,0.227,144.3,8,0.0032,3.74
19:18:32,22.2552677,84.9041982,3.559,-1.150,0.57,0.112,0.110,143.4,8,0.0097,3.74
19:18:32,22.2552677,84.9041982,3.565,-1.146,0.57,0.125,0.047,142.0,8,0.0000,3.75
19:18:32,22.2552677,84.9041982,3.570,-1.138,0.56,0.079,0.227,141.2,8,0.0040,3.75
19:18:32,22.2552677,84.9041982,3.574,-1.128,0.56,0.087,0.162,141.2,8,0.0040,3.75
19:18:32,22.2552677,84.9041982,3.576,-1.115,0.56,0.009,0.275,140.4,8,0.0029,3.75
19:18:32,22.2552677,84.9041982,3.576,-1.102,0.56,-0.022,0.286,139.4,8,0.0030,3.74
19:18:32,22.2552677,84.9041982,3.575,-1.089,0.56,-0.011,0.222,139.3,8,0.0000,3.74
19:18:32,22.2552677,84.9041982,3.573,-1.073,0.56,-0.055,0.330,139.3,8,0.0036,3.73
19:18:32,22.2552677,84.9041982,3.570,-1.058,0.56,-0.043,0.267,139.5,8,0.0036,3.72
19:18:32,22.2552677,84.9041982,3.567,-1.042,0.56,-0.079,0.330,140.1,8,0.0036,3.72
19:18:32,22.2552677,84.9041982,3.562,-1.026,0.56,-0.104,0.327,140.5,8,0.0040,3.71
19:18:32,22.2552677,84.9041982,3.557,-1.011,0.55,-0.092,0.271,140.5,8,0.0000,3.70
19:18:33,22.2552677,84.9041982,3.551,-0.995,0.55,-0.145,0.325,140.9,8,0.0042,3.69
19:18:33,22.2552677,84.9041982,3.544,-0.979,0.55,-0.134,0.332,142.0,8,0.0048,3.68
19:18:33,22.2552677,84.9041982,3.537,-0.963,0.55,-0.124,0.284,142.6,8,0.0048,3.67
19:18:33,22.2552677,84.9041982,3.531,-0.947,0.55,-0.142,0.329,142.6,8,0.0042,3.66
19:18:33,22.2552677,84.9041982,3.524,-0.931,0.55,-0.132,0.283,143.2,8,0.0000,3.64
19:18:33,22.2552677,84.9041982,3.517,-0.914,0.55,-0.130,0.371,144.6,8,0.0045,3.63
19:18:33,22.2552677,84.9041982,3.511,-0.896,0.55,-0.098,0.313,145.1,8,0.0074,3.62
19:18:33,22.2552677,84.9041982,3.506,-0.881,0.55,-0.095,0.277,145.1,8,0.0074,3.62
19:18:33,22.2552677,84.9041982,3.501,-0.865,0.55,-0.104,0.325,145.7,8,0.0042,3.61
19:18:33,22.2552677,84.9041982,3.496,-0.850,0.55,-0.105,0.292,146.9,8,0.0000,3.60
19:18:33,22.2552677,84.9041982,3.491,-0.830,0.55,-0.078,0.414,147.4,8,0.0081,3.59
19:18:33,22.2552677,84.9041982,3.488,-0.815,0.56,-0.053,0.090,147.4,8,0.0036,3.58
19:18:33,22.2552677,84.9041982,3.485,-0.811,0.56,-0.062,0.060,148.2,8,0.0036,3.58
19:18:33,22.2552677,84.9041982,3.480,-0.804,0.56,-0.127,0.159,148.5,8,0.0071,3.57
19:18:33,22.2552677,84.9041982,3.473,-0.797,0.56,-0.139,0.119,148.5,8,0.0000,3.56
19:18:33,22.2552677,84.9041982,3.466,-0.792,0.56,-0.151,0.079,148.7,8,10.0005,3.56
19:18:33,22.2552677,84.9041982,3.461,-0.789,0.56,-0.115,0.038,149.1,8,0.0096,3.55
19:18:33,22.2552677,84.9041982,3.454,-0.789,0.56,-0.128,-0.007,149.1,8,0.0096,3.54
19:18:33,22.2552677,84.9041982,3.448,-0.790,0.56,-0.141,-0.055,149.1,8,10.0005,3.54
19:18:33,22.2552677,84.9041982,3.440,-0.794,0.56,-0.154,-0.102,149.2,8,0.0000,3.53
19:18:34,22.2552677,84.9041982,3.432,-0.800,0.56,-0.167,-0.150,149.2,8,10.0005,3.52
19:18:34,22.2552677,84.9041982,3.423,-0.809,0.56,-0.182,-0.198,149.3,8,10.0005,3.52
19:18:34,22.2552677,84.9041982,3.414,-0.820,0.56,-0.197,-0.245,149.3,8,10.0005,3.51
19:18:34,22.2552677,84.9041982,3.404,-0.834,0.56,-0.212,-0.292,149.3,8,10.0005,3.50
19:18:34,22.2552677,84.9041982,3.393,-0.850,0.56,-0.227,-0.338,149.3,8,10.0005,3.50
19:18:34,22.2552677,84.9041982,3.381,-0.868,0.56,-0.245,-0.382,149.2,8,0.0000,3.49
19:18:34,22.2552677,84.9041982,3.368,-0.888,0.56,-0.264,-0.422,149.1,8,0.0000,3.48
19:18:34,22.2552677,84.9041982,3.354,-0.910,0.56,-0.282,-0.458,149.1,8,0.0000,3.48
19:18:34,22.2552677,84.9041982,3.339,-0.934,0.56,-0.299,-0.493,149.1,8,10.0005,3.47
19:18:34,22.2552677,84.9041982,3.324,-0.960,0.56,-0.317,-0.522,149.0,8,10.0005,3.46
19:18:34,22.2552677,84.9041982,3.308,-0.987,0.56,-0.333,-0.550,148.9,8,10.0005,3.45
19:18:34,22.2552677,84.9041982,3.290,-1.015,0.56,-0.348,-0.577,148.9,8,10.0005,3.44
19:18:34,22.2552677,84.9041982,3.273,-1.045,0.56,-0.363,-0.604,148.9,8,10.0005,3.44
19:18:34,22.2552677,84.9041982,3.254,-1.076,0.56,-0.383,-0.626,148.7,8,10.0005,3.43
19:18:34,22.2552677,84.9041982,3.234,-1.108,0.56,-0.400,-0.646,148.5,8,10.0005,3.42
19:18:34,22.2552677,84.9041982,3.214,-1.141,0.56,-0.414,-0.665,148.5,8,0.0000,3.41
19:18:34,22.2552677,84.9041982,3.193,-1.174,0.57,-0.428,-0.684,148.3,8,0.0000,3.40
19:18:34,22.2552677,84.9041982,3.171,-1.209,0.57,-0.438,-0.705,148.3,8,0.0000,3.39
19:18:34,22.2552677,84.9041982,3.148,-1.245,0.57,-0.448,-0.726,148.3,8,0.0000,3.39
19:18:34,22.2552677,84.9041982,3.126,-1.282,0.57,-0.462,-0.747,148.3,8,10.0005,3.38
19:18:34,22.2552677,84.9041982,3.102,-1.321,0.57,-0.476,-0.769,148.4,8,0.0000,3.37
19:18:35,22.2552677,84.9041982,3.078,-1.360,0.57,-0.492,-0.790,148.4,8,0.0000,3.36
19:18:35,22.2552677,84.9041982,3.052,-1.400,0.57,-0.509,-0.811,148.5,8,0.0000,3.36
19:18:35,22.2552677,84.9041982,3.026,-1.441,0.57,-0.527,-0.830,148.5,8,0.0000,3.35
19:18:35,22.2552677,84.9041982,2.999,-1.484,0.57,-0.544,-0.850,148.5,8,0.0000,3.35
19:18:35,22.2552677,84.9041982,2.972,-1.527,0.58,-0.560,-0.866,148.6,8,0.0000,3.34
19:18:35,22.2552677,84.9041982,2.943,-1.571,0.58,-0.577,-0.883,148.7,8,0.0000,3.34
19:18:35,22.2552677,84.9041982,2.914,-1.616,0.58,-0.593,-0.900,148.7,8,10.0005,3.33
19:18:35,22.2552677,84.9041982,2.883,-1.661,0.58,-0.609,-0.917,149.2,8,0.0000,3.33
19:18:35,22.2552677,84.9041982,2.852,-1.708,0.59,-0.623,-0.936,149.6,8,0.0000,3.32
19:18:35,22.2552677,84.9041982,2.821,-1.756,0.59,-0.638,-0.956,149.9,8,0.0000,3.32
19:18:35,22.2552677,84.9041982,2.788,-1.804,0.59,-0.653,-0.976,149.9,8,0.0000,3.32
19:18:35,22.2552677,84.9041982,2.755,-1.854,0.59,-0.668,-0.995,150.4,8,0.0000,3.32
19:18:35,22.2552677,84.9041982,2.721,-1.904,0.59,-0.684,-1.016,150.5,8,0.0000,3.32
19:18:35,22.2552677,84.9041982,2.686,-1.956,0.59,-0.700,-1.038,150.6,8,0.0000,3.32
19:18:35,22.2552677,84.9041982,2.650,-2.009,0.59,-0.716,-1.061,150.6,8,10.0005,3.33
19:18:35,22.2552677,84.9041982,2.614,-2.063,0.59,-0.732,-1.085,150.8,8,0.0000,3.33
19:18:35,22.2552677,84.9041982,2.577,-2.118,0.60,-0.748,-1.111,151.0,8,10.0005,3.34
19:18:35,22.2552677,84.9041982,3.255,-0.979,0.60,-0.075,0.016,151.3,8,0.0067,3.40
19:18:36,22.2552677,84.9041982,3.250,-0.979,0.60,-0.093,-0.008,151.4,8,0.0000,3.39
19:18:36,22.2552677,84.9041982,3.251,-0.972,0.60,-0.069,0.024,151.4,8,0.0053,3.39
19:18:36,22.2552677,84.9041982,3.249,-0.971,0.60,-0.038,0.000,151.4,8,0.0051,3.39
19:18:36,22.2552677,84.9041982,3.247,-0.972,0.60,-0.057,-0.022,151.3,8,10.0005,3.39
19:18:36,22.2552677,84.9041982,3.243,-0.973,0.60,-0.076,-0.046,150.8,8,0.0000,3.39
19:18:36,22.2552677,84.9041982,3.240,-0.971,0.60,-0.087,0.018,150.8,8,0.0052,3.38
19:18:36,22.2552677,84.9041982,3.235,-0.971,0.60,-0.107,-0.007,150.5,8,0.0052,3.38
19:18:36,22.2552677,84.9041982,3.229,-0.972,0.61,-0.127,-0.033,150.2,8,0.0052,3.37
19:18:36,22.2552677,84.9041982,3.222,-0.974,0.61,-0.147,-0.061,150.0,8,10.0005,3.37
19:18:36,22.2552677,84.9041982,3.214,-0.978,0.61,-0.167,-0.088,150.0,8,10.0005,3.36
19:18:36,22.2552677,84.9041982,3.205,-0.983,0.61,-0.188,-0.116,149.6,8,10.0005,3.35
19:18:36,22.2552677,84.9041982,3.195,-0.990,0.62,-0.209,-0.146,149.4,8,0.0000,3.34
19:18:36,22.2552677,84.9041982,3.184,-0.998,0.62,-0.232,-0.177,149.4,8,0.0000,3.34
19:18:36,22.2552677,84.9041982,3.172,-1.008,0.62,-0.256,-0.209,149.4,8,0.0000,3.33
19:18:36,22.2552677,84.9041982,3.158,-1.019,0.62,-0.279,-0.242,149.7,8,10.0005,3.32
19:18:36,22.2552677,84.9041982,3.143,-1.032,0.62,-0.305,-0.277,149.8,8,10.0005,3.31
19:18:36,22.2552677,84.9041982,3.127,-1.047,0.62,-0.332,-0.315,150.0,8,10.0005,3.30
19:18:36,22.2552677,84.9041982,3.110,-1.064,0.62,-0.361,-0.354,150.0,8,10.0005,3.29
19:18:36,22.2552677,84.9041982,3.091,-1.082,0.62,-0.390,-0.392,150.3,8,10.0005,3.28
19:18:36,22.2552677,84.9041982,3.071,-1.103,0.63,-0.422,-0.435,150.5,8,0.0000,3.26
19:18:36,22.2552677,84.9041982,3.048,-1.126,0.63,-0.457,-0.480,150.6,8,0.0000,3.25
19:18:37,22.2552677,84.9041982,3.025,-1.152,0.63,-0.494,-0.526,150.8,8,0.0000,3.24
19:18:37,22.2552677,84.9041982,2.999,-1.179,0.63,-0.534,-0.573,150.8,8,0.0000,3.22
19:18:37,22.2552677,84.9041982,2.971,-1.209,0.62,-0.574,-0.621,150.9,8,10.0005,3.21
19:18:37,22.2552677,84.9041982,2.941,-1.242,0.62,-0.616,-0.669,151.0,8,0.0000,3.19
19:18:37,22.2552677,84.9041982,2.909,-1.277,0.62,-0.659,-0.717,151.3,8,0.0000,3.18
19:18:37,22.2552677,84.9041982,2.875,-1.314,0.62,-0.702,-0.765,151.3,8,0.0000,3.16
19:18:37,22.2552677,84.9041982,2.838,-1.354,0.62,-0.746,-0.812,151.3,8,0.0000,3.14
19:18:37,22.2552677,84.9041982,2.799,-1.396,0.62,-0.789,-0.859,151.2,8,10.0005,3.13
19:18:37,22.2552677,84.9041982,2.759,-1.440,0.62,-0.833,-0.906,151.1,8,0.0000,3.11
19:18:37,22.2552677,84.9041982,2.716,-1.487,0.62,-0.874,-0.953,151.1,8,0.0000,3.10
19:18:37,22.2552677,84.9041982,2.671,-1.536,0.62,-0.916,-1.000,150.9,8,0.0000,3.08
19:18:37,22.2552677,84.9041982,2.623,-1.588,0.63,-0.957,-1.047,150.9,8,0.0000,3.07
19:18:37,22.2552677,84.9041982,2.574,-1.642,0.63,-0.997,-1.093,151.0,8,0.0000,3.05
19:18:37,22.2552677,84.9041982,2.523,-1.698,0.63,-1.037,-1.141,151.0,8,0.0000,3.04
19:18:37,22.2552677,84.9041982,2.470,-1.757,0.63,-1.077,-1.188,151.1,8,0.0000,3.03
19:18:37,22.2552677,84.9041982,2.414,-1.818,0.63,-1.117,-1.235,151.2,8,10.0005,3.02
19:18:37,22.2552677,84.9041982,2.357,-1.881,0.63,-1.157,-1.281,151.6,8,0.0000,3.02
19:18:37,22.2552677,84.9041982,2.298,-1.947,0.63,-1.196,-1.327,151.6,8,0.0000,3.01
19:18:37,22.2552677,84.9041982,2.236,-2.015,0.63,-1.234,-1.373,151.7,8,0.0000,3.01
19:18:37,22.2552677,84.9041982,2.173,-2.085,0.64,-1.273,-1.420,151.7,8,0.0000,3.01
19:18:38,22.2552677,84.9041982,2.108,-2.158,0.64,-1.311,-1.467,151.7,8,0.0000,3.02
19:18:38,22.2552677,84.9041982,2.041,-2.233,0.64,-1.350,-1.514,151.7,8,0.0000,3.03
19:18:38,22.2552677,84.9041982,1.972,-2.310,0.64,-1.388,-1.562,151.5,8,0.0000,3.04
19:18:38,22.2552677,84.9041982,1.902,-2.390,0.64,-1.428,-1.609,151.3,8,0.0000,3.05
19:18:38,22.2552677,84.9041982,3.313,-0.774,0.64,0.035,0.063,151.1,8,0.0184,3.40
19:18:38,22.2552677,84.9041982,3.313,-0.772,0.64,-0.003,0.017,151.1,8,0.0000,3.40
19:18:38,22.2552677,84.9041982,3.312,-0.772,0.64,-0.041,-0.030,151.0,8,10.0005,3.40
19:18:38,22.2552677,84.9041982,3.300,-0.793,0.64,-0.147,-0.213,150.8,8,0.0053,3.39
19:18:38,22.2552677,84.9041982,3.292,-0.805,0.64,-0.183,-0.259,150.4,8,0.0000,3.39
19:18:38,22.2552677,84.9041982,3.285,-0.808,0.64,-0.161,-0.074,150.3,8,0.0101,3.38
19:18:38,22.2552677,84.9041982,3.278,-0.813,0.64,-0.032,-0.119,150.3,8,0.0070,3.38
19:18:38,22.2552677,84.9041982,3.276,-0.820,0.64,-0.065,-0.163,150.3,8,0.0070,3.38
19:18:38,22.2552677,84.9041982,3.269,-0.826,0.64,-0.200,-0.085,149.9,8,0.0056,3.37
19:18:38,22.2552677,84.9041982,3.258,-0.831,0.64,-0.231,-0.129,149.8,8,0.0000,3.36
19:18:38,22.2552677,84.9041982,3.250,-0.831,0.64,-0.119,0.035,149.8,8,0.0044,3.35
19:18:38,22.2552677,84.9041982,3.243,-0.831,0.64,-0.181,-0.057,149.7,8,0.0050,3.35
19:18:38,22.2552677,84.9041982,3.234,-0.836,0.64,-0.162,-0.138,149.6,8,0.0079,3.34
19:18:38,22.2552677,84.9041982,3.225,-0.844,0.64,-0.187,-0.180,149.6,8,0.0000,3.33
19:18:39,22.2552677,84.9041982,3.216,-0.851,0.64,-0.187,-0.137,149.6,8,0.0033,3.33
19:18:39,22.2552677,84.9041982,3.206,-0.859,0.64,-0.210,-0.178,149.6,8,0.0033,3.32
19:18:39,22.2552677,84.9041982,3.195,-0.869,0.64,-0.233,-0.218,149.5,8,0.0033,3.31
19:18:39,22.2552677,84.9041982,3.182,-0.873,0.64,-0.251,-0.126,149.5,8,0.0046,3.30
19:18:39,22.2552677,84.9041982,3.169,-0.880,0.64,-0.271,-0.167,149.6,8,0.0000,3.29
19:18:39,22.2552677,84.9041982,3.155,-0.890,0.64,-0.290,-0.207,149.6,8,0.0000,3.28
19:18:39,22.2552677,84.9041982,3.140,-0.901,0.63,-0.308,-0.247,150.2,8,0.0000,3.27
19:18:39,22.2552677,84.9041982,3.124,-0.915,0.63,-0.325,-0.288,150.6,8,0.0000,3.26
19:18:39,22.2552677,84.9041982,3.107,-0.930,0.63,-0.343,-0.331,150.6,8,0.0000,3.24
19:18:39,22.2552677,84.9041982,3.089,-0.948,0.63,-0.360,-0.374,151.0,8,0.0000,3.23
19:18:39,22.2552677,84.9041982,3.071,-0.968,0.62,-0.379,-0.416,151.5,8,0.0000,3.22
19:18:39,22.2552677,84.9041982,3.051,-0.990,0.62,-0.398,-0.461,151.9,8,0.0000,3.21
19:18:39,22.2552677,84.9041982,3.031,-1.014,0.62,-0.416,-0.502,151.9,8,0.0000,3.20
19:18:39,22.2552677,84.9041982,3.009,-1.041,0.62,-0.434,-0.543,152.2,8,0.0000,3.18
19:18:39,22.2552677,84.9041982,2.987,-1.069,0.62,-0.449,-0.581,152.1,8,0.0000,3.17
19:18:39,22.2552677,84.9041982,2.964,-1.099,0.62,-0.463,-0.618,151.8,8,0.0000,3.16
19:18:39,22.2552677,84.9041982,2.940,-1.131,0.62,-0.479,-0.657,151.8,8,0.0000,3.15
19:18:39,22.2552677,84.9041982,2.916,-1.166,0.62,-0.494,-0.696,151.5,8,0.0000,3.14
19:18:39,22.2552677,84.9041982,2.890,-1.202,0.61,-0.509,-0.737,151.0,8,0.0000,3.13
19:18:39,22.2552677,84.9041982,2.864,-1.240,0.61,-0.524,-0.777,150.8,8,0.0000,3.12
19:18:39,22.2552677,84.9041982,2.838,-1.280,0.61,-0.539,-0.816,150.8,8,0.0000,3.11
19:18:39,22.2552677,84.9041982,2.810,-1.322,0.61,-0.554,-0.855,150.7,8,0.0000,3.11
19:18:40,22.2552677,84.9041982,2.782,-1.366,0.61,-0.569,-0.894,151.0,8,0.0000,3.10
19:18:40,22.2552677,84.9041982,2.753,-1.412,0.61,-0.584,-0.930,151.0,8,0.0000,3.09
19:18:40,22.2552677,84.9041982,2.723,-1.460,0.61,-0.599,-0.964,151.0,8,0.0000,3.09
19:18:40,22.2552677,84.9041982,2.692,-1.509,0.61,-0.614,-0.998,151.1,8,0.0000,3.09
19:18:40,22.2552677,84.9041982,2.661,-1.560,0.61,-0.630,-1.030,151.0,8,0.0000,3.08
19:18:40,22.2552677,84.9041982,2.629,-1.613,0.60,-0.646,-1.062,150.9,8,0.0000,3.08
19:18:40,22.2552677,84.9041982,2.596,-1.668,0.60,-0.660,-1.095,150.8,8,0.0000,3.09
19:18:40,22.2552677,84.9041982,2.562,-1.724,0.60,-0.672,-1.130,150.8,8,0.0000,3.09
19:18:40,22.2552677,84.9041982,2.528,-1.781,0.60,-0.683,-1.164,150.7,8,0.0000,3.09
19:18:40,22.2552677,84.9041982,2.494,-1.841,0.59,-0.695,-1.196,150.7,8,0.0000,3.10
19:18:40,22.2552677,84.9041982,2.458,-1.902,0.59,-0.707,-1.228,150.7,8,0.0000,3.11
19:18:40,22.2552677,84.9041982,2.422,-1.964,0.59,-0.718,-1.259,150.7,8,0.0000,3.12
19:18:40,22.2552677,84.9041982,2.386,-2.029,0.59,-0.730,-1.291,150.6,8,0.0000,3.13
19:18:40,22.2552677,84.9041982,2.349,-2.094,0.59,-0.747,-1.323,150.6,8,0.0000,3.15
19:18:40,22.2552677,84.9041982,2.311,-2.162,0.59,-0.767,-1.353,150.6,8,0.0000,3.16
19:18:40,22.2552677,84.9041982,2.272,-2.231,0.59,-0.787,-1.384,150.7,8,0.0000,3.18
19:18:40,22.2552677,84.9041982,2.231,-2.301,0.59,-0.804,-1.416,151.0,8,0.0000,3.21
19:18:40,22.2552677,84.9041982,2.191,-2.373,0.59,-0.819,-1.446,151.1,8,0.0000,3.23
19:18:41,22.2552677,84.9041982,2.149,-2.447,0.58,-0.830,-1.477,151.1,8,0.0000,3.26
19:18:41,22.2552677,84.9041982,2.107,-2.522,0.58,-0.842,-1.508,151.2,8,0.0000,3.29
19:18:41,22.2552677,84.9041982,2.064,-2.599,0.58,-0.852,-1.540,151.4,8,0.0000,3.32
19:18:41,22.2552677,84.9041982,2.021,-2.677,0.58,-0.861,-1.571,151.4,8,0.0000,3.35
19:18:41,22.2552677,84.9041982,1.977,-2.757,0.58,-0.868,-1.603,151.4,8,0.0000,3.39
19:18:41,22.2552677,84.9041982,1.934,-2.839,0.58,-0.876,-1.635,151.5,8,0.0000,3.43
19:18:41,22.2552677,84.9041982,1.889,-2.922,0.58,-0.880,-1.670,151.7,8,0.0000,3.48
19:18:41,22.2552677,84.9041982,1.845,-3.007,0.58,-0.883,-1.705,151.8,8,0.0000,3.53
19:18:41,22.2552677,84.9041982,1.800,-3.094,0.58,-0.883,-1.741,151.8,8,0.0000,3.58
19:18:41,22.2552677,84.9041982,1.756,-3.183,0.58,-0.884,-1.776,151.9,8,0.0000,3.63
19:18:41,22.2552677,84.9041982,1.711,-3.273,0.58,-0.882,-1.812,152.1,8,0.0000,3.69
19:18:41,22.2552677,84.9041982,1.667,-3.365,0.58,-0.876,-1.848,152.1,8,0.0000,3.76
19:18:41,22.2552677,84.9041982,1.623,-3.459,0.59,-0.871,-1.884,152.1,8,0.0000,3.82
19:18:41,22.2552677,84.9041982,1.579,-3.555,0.59,-0.865,-1.919,152.1,8,0.0000,3.89
19:18:41,22.2552677,84.9041982,1.536,-3.653,0.59,-0.859,-1.955,152.4,8,0.0000,3.96
19:18:41,22.2552677,84.9041982,1.493,-3.752,0.59,-0.853,-1.988,152.7,8,0.0000,4.04
19:18:41,22.2552677,84.9041982,1.450,-3.853,0.59,-0.848,-2.019,152.7,8,0.0000,4.12
19:18:41,22.2552677,84.9041982,1.407,-3.955,0.59,-0.844,-2.049,153.0,8,0.0000,4.20
19:18:41,22.2552677,84.9041982,1.365,-4.059,0.59,-0.841,-2.079,153.4,8,0.0000,4.28
19:18:41,22.2552677,84.9041982,1.323,-4.164,0.59,-0.842,-2.103,153.6,8,0.0000,4.37
19:18:41,22.2552677,84.9041982,1.280,-4.271,0.59,-0.844,-2.123,153.6,8,0.0000,4.46
19:18:41,22.2552677,84.9041982,2.411,-1.301,0.59,-0.033,-0.009,153.7,8,0.0041,2.74
19:18:42,22.2552677,84.9041982,2.409,-1.301,0.59,-0.037,-0.026,153.6,8,0.0000,2.74
19:18:42,22.2552677,84.9041982,2.407,-1.303,0.59,-0.046,-0.039,152.8,8,0.0000,2.74
19:18:42,22.2552677,84.9041982,2.405,-1.305,0.59,-0.054,-0.050,149.8,8,0.0000,2.74
19:18:42,22.2552677,84.9041982,2.401,-1.308,0.59,-0.070,-0.059,149.8,8,0.0000,2.73
19:18:42,22.2552677,84.9041982,2.398,-1.311,0.59,-0.085,-0.068,150.7,8,0.0000,2.73
19:18:42,22.2552677,84.9041982,2.393,-1.315,0.59,-0.095,-0.070,151.1,8,0.0000,2.73
19:18:42,22.2552677,84.9041982,2.388,-1.318,0.59,-0.105,-0.068,150.6,8,0.0000,2.73
19:18:42,22.2552677,84.9041982,2.382,-1.321,0.59,-0.115,-0.061,150.6,8,0.0000,2.72
19:18:42,22.2552677,84.9041982,2.376,-1.324,0.59,-0.124,-0.055,150.4,8,0.0000,2.72
19:18:42,22.2552677,84.9041982,2.370,-1.327,0.59,-0.135,-0.045,150.3,8,0.0000,2.72
19:18:42,22.2552677,84.9041982,2.363,-1.329,0.59,-0.147,-0.034,150.3,8,0.0000,2.71
19:18:42,22.2552677,84.9041982,2.355,-1.330,0.57,-0.159,-0.019,150.3,8,0.0000,2.70
19:18:42,22.2552677,84.9041982,2.347,-1.331,0.57,-0.172,-0.005,150.2,8,0.0000,2.70
19:18:42,22.2552677,84.9041982,2.338,-1.331,0.57,-0.186,0.012,150.2,8,0.0000,2.69
19:18:42,22.2552677,84.9041982,2.328,-1.330,0.57,-0.201,0.032,150.2,8,0.0000,2.68
19:18:42,22.2552677,84.9041982,2.318,-1.327,0.57,-0.216,0.053,150.2,8,0.0000,2.67
19:18:42,22.2552677,84.9041982,2.306,-1.324,0.57,-0.231,0.074,150.1,8,0.0000,2.66
19:18:43,22.2552677,84.9041982,2.294,-1.320,0.57,-0.245,0.097,150.0,8,0.0000,2.65
19:18:43,22.2552677,84.9041982,2.282,-1.314,0.57,-0.257,0.122,150.0,8,0.0000,2.63
19:18:43,22.2552677,84.9041982,2.268,-1.308,0.57,-0.269,0.148,150.0,8,0.0000,2.62
19:18:43,22.2552677,84.9041982,2.255,-1.300,0.57,-0.280,0.174,150.0,8,0.0000,2.60
19:18:43,22.2552677,84.9041982,2.240,-1.290,0.57,-0.290,0.202,150.0,8,0.0000,2.59
19:18:43,22.2552677,84.9041982,2.225,-1.279,0.57,-0.299,0.231,150.0,8,0.0000,2.57
19:18:43,22.2552677,84.9041982,2.210,-1.267,0.57,-0.305,0.261,150.0,8,0.0000,2.55
19:18:43,22.2552677,84.9041982,2.195,-1.253,0.57,-0.312,0.291,150.0,8,0.0000,2.53
19:18:43,22.2552677,84.9041982,2.179,-1.237,0.57,-0.317,0.321,150.0,8,0.0000,2.51
19:18:43,22.2552677,84.9041982,2.163,-1.221,0.57,-0.322,0.353,150.1,8,0.0000,2.48
19:18:43,22.2552677,84.9041982,2.146,-1.202,0.57,-0.327,0.386,150.1,8,0.0000,2.46
19:18:43,22.2552677,84.9041982,2.130,-1.182,0.58,-0.331,0.418,150.1,8,0.0000,2.44
19:18:43,22.2552677,84.9041982,2.113,-1.160,0.58,-0.334,0.451,150.1,8,0.0000,2.41
19:18:43,22.2552677,84.9041982,2.096,-1.136,0.58,-0.338,0.485,150.1,8,0.0000,2.38
19:18:43,22.2552677,84.9041982,2.079,-1.111,0.58,-0.341,0.519,150.1,8,0.0000,2.36
19:18:43,22.2552677,84.9041982,2.062,-1.084,0.58,-0.343,0.553,150.1,8,0.0000,2.33
19:18:43,22.2552677,84.9041982,2.044,-1.055,0.58,-0.345,0.588,150.1,8,0.0000,2.30
19:18:43,22.2552677,84.9041982,2.027,-1.025,0.58,-0.346,0.624,150.1,8,0.0000,2.27
19:18:43,22.2552677,84.9041982,2.010,-0.992,0.58,-0.344,0.663,150.1,8,0.0000,2.24
19:18:43,22.2552677,84.9041982,1.992,-0.958,0.57,-0.343,0.701,150.1,8,0.0000,2.21
19:18:43,22.2552677,84.9041982,1.975,-0.922,0.57,-0.340,0.740,150.1,8,0.0000,2.18
19:18:43,22.2552677,84.9041982,1.958,-0.883,0.57,-0.336,0.779,150.1,8,0.0000,2.15
19:18:44,22.2552677,84.9041982,1.941,-0.843,0.57,-0.332,0.819,150.0,8,0.0000,2.12
19:18:44,22.2552677,84.9041982,1.925,-0.801,0.57,-0.327,0.859,150.0,8,0.0000,2.08
19:18:44,22.2552677,84.9041982,1.908,-0.757,0.57,-0.321,0.900,149.9,8,0.0000,2.05
19:18:44,22.2552677,84.9041982,1.892,-0.710,0.57,-0.315,0.941,149.9,8,0.0000,2.02
19:18:44,22.2552677,84.9041982,1.877,-0.662,0.57,-0.309,0.983,149.9,8,0.0000,1.99
19:18:44,22.2552677,84.9041982,1.861,-0.611,0.57,-0.303,1.024,149.9,8,0.0000,1.96
19:18:44,22.2552677,84.9041982,1.846,-0.559,0.57,-0.297,1.065,149.9,8,0.0000,1.93
19:18:44,22.2552677,84.9041982,1.831,-0.504,0.57,-0.292,1.105,149.9,8,0.0000,1.90
19:18:44,22.2552677,84.9041982,1.817,-0.447,0.57,-0.287,1.145,149.9,8,0.0000,1.87
19:18:44,22.2552677,84.9041982,1.802,-0.389,0.57,-0.283,1.185,149.9,8,0.0000,1.84
19:18:44,22.2552677,84.9041982,1.788,-0.328,0.57,-0.279,1.224,149.8,8,0.0000,1.82
19:18:44,22.2552677,84.9041982,1.774,-0.265,0.57,-0.276,1.264,149.8,8,0.0000,1.79
19:18:44,22.2552677,84.9041982,1.760,-0.201,0.57,-0.273,1.303,149.8,8,0.0000,1.77
19:18:44,22.2552677,84.9041982,1.747,-0.134,0.57,-0.270,1.343,149.8,8,0.0000,1.75
19:18:44,22.2552677,84.9041982,1.733,-0.065,0.57,-0.268,1.383,149.8,8,0.0000,1.73
19:18:44,22.2552677,84.9041982,1.720,0.006,0.57,-0.264,1.423,149.8,8,0.0000,1.72
19:18:44,22.2552677,84.9041982,1.707,0.078,0.57,-0.261,1.464,149.8,8,0.0000,1.71
19:18:44,22.2552677,84.9041982,1.694,0.153,0.57,-0.257,1.505,149.8,8,0.0000,1.70
19:18:44,22.2552677,84.9041982,1.681,0.230,0.57,-0.253,1.547,149.8,8,0.0000,1.70
19:18:45,22.2552677,84.9041982,1.668,0.309,0.57,-0.250,1.589,149.8,8,0.0000,1.70
19:18:45,22.2552677,84.9041982,2.290,-1.861,0.57,0.178,0.129,149.8,8,0.0034,2.95
19:18:45,22.2552677,84.9041982,2.292,-1.867,0.57,0.157,0.125,149.7,8,0.0065,2.96
19:18:45,22.2552677,84.9041982,2.300,-1.860,0.56,0.160,0.169,149.7,8,0.0000,2.96
19:18:45,22.2552677,84.9041982,2.309,-1.856,0.56,0.187,0.115,149.7,8,0.0045,2.96
19:18:45,22.2552677,84.9041982,2.319,-1.849,0.56,0.190,0.160,149.7,8,0.0045,2.97
19:18:45,22.2552677,84.9041982,2.331,-1.843,0.56,0.250,0.129,149.7,8,0.0034,2.97
19:18:45,22.2552677,84.9041982,2.342,-1.836,0.56,0.193,0.114,149.7,8,0.0038,2.98
19:18:45,22.2552677,84.9041982,2.352,-1.829,0.56,0.196,0.160,149.7,8,0.0000,2.98
19:18:45,22.2552677,84.9041982,2.362,-1.823,0.56,0.185,0.120,149.7,8,0.0028,2.98
19:18:45,22.2552677,84.9041982,2.371,-1.817,0.56,0.217,0.101,149.6,8,0.0034,2.99
19:18:45,22.2552677,84.9041982,2.382,-1.810,0.56,0.218,0.147,149.6,8,0.0034,2.99
19:18:45,22.2552677,84.9041982,2.393,-1.804,0.56,0.220,0.113,149.6,8,0.0038,3.00
19:18:45,22.2552677,84.9041982,2.404,-1.798,0.56,0.220,0.158,149.6,8,0.0000,3.00
19:18:45,22.2552677,84.9041982,2.415,-1.792,0.56,0.196,0.113,149.6,8,0.0032,3.01
19:18:45,22.2552677,84.9041982,2.425,-1.785,0.56,0.188,0.164,149.6,8,0.0032,3.01
19:18:45,22.2552677,84.9041982,2.434,-1.775,0.56,0.190,0.206,149.5,8,0.0032,3.01
19:18:45,22.2552677,84.9041982,2.443,-1.765,0.56,0.165,0.222,149.1,8,0.0040,3.01
19:18:45,22.2552677,84.9041982,2.451,-1.753,0.56,0.177,0.245,148.8,8,0.0000,3.01
19:18:46,22.2552677,84.9041982,2.459,-1.740,0.56,0.150,0.278,148.8,8,0.0030,3.01
19:18:46,22.2552677,84.9041982,2.466,-1.725,0.56,0.091,0.317,148.3,8,0.0035,3.01
19:18:46,22.2552677,84.9041982,2.471,-1.709,0.56,0.067,0.295,147.0,8,0.0029,3.00
19:18:46,22.2552677,84.9041982,2.475,-1.694,0.56,0.093,0.282,146.3,8,0.0000,3.00
19:18:46,22.2552677,84.9041982,2.478,-1.678,0.56,0.044,0.334,146.3,8,0.0042,2.99
19:18:46,22.2552677,84.9041982,2.480,-1.662,0.55,0.072,0.313,145.6,8,0.0042,2.99
19:18:46,22.2552677,84.9041982,2.482,-1.647,0.55,0.010,0.287,144.0,8,0.0043,2.98
19:18:46,22.2552677,84.9041982,2.482,-1.633,0.55,0.006,0.291,143.4,8,0.0028,2.97
19:18:46,22.2552677,84.9041982,2.483,-1.619,0.55,0.031,0.247,143.4,8,0.0000,2.96
19:18:46,22.2552677,84.9041982,2.483,-1.604,0.55,-0.012,0.302,142.9,8,0.0030,2.96
19:18:46,22.2552677,84.9041982,2.482,-1.590,0.55,-0.068,0.283,142.4,8,0.0057,2.95
19:18:46,22.2552677,84.9041982,2.479,-1.577,0.55,-0.046,0.233,142.5,8,0.0057,2.94
19:18:46,22.2552677,84.9041982,2.475,-1.563,0.55,-0.092,0.272,142.5,8,0.0036,2.93
19:18:46,22.2552677,84.9041982,2.471,-1.551,0.55,-0.070,0.222,142.6,8,0.0000,2.92
19:18:46,22.2552677,84.9041982,2.464,-1.538,0.52,-0.165,0.263,143.1,8,0.0035,2.90
19:18:46,22.2552677,84.9041982,2.456,-1.525,0.52,-0.152,0.275,143.3,8,0.0038,2.89
19:18:46,22.2552677,84.9041982,2.449,-1.512,0.52,-0.130,0.231,143.3,8,0.0038,2.88
19:18:46,22.2552677,84.9041982,2.442,-1.498,0.52,-0.120,0.298,143.7,8,0.0037,2.87
19:18:46,22.2552677,84.9041982,2.437,-1.484,0.50,-0.099,0.257,144.4,8,0.0000,2.85
19:18:46,22.2552677,84.9041982,2.431,-1.469,0.50,-0.109,0.305,144.8,8,0.0040,2.84
19:18:47,22.2552677,84.9041982,2.426,-1.455,0.50,-0.127,0.244,145.2,8,0.0033,2.83
19:18:47,22.2552677,84.9041982,2.419,-1.444,0.50,-0.170,0.145,145.2,8,0.0031,2.82
19:18:47,22.2552677,84.9041982,2.411,-1.437,0.50,-0.155,0.118,146.0,8,0.0000,2.81
19:18:47,22.2552677,84.9041982,2.403,-1.425,0.50,-0.158,0.301,146.4,8,0.0045,2.79
19:18:47,22.2552677,84.9041982,2.395,-1.410,0.50,-0.149,0.285,146.7,8,0.0045,2.78
19:18:47,22.2552677,84.9041982,2.387,-1.394,0.50,-0.168,0.322,146.7,8,0.0050,2.76
19:18:47,22.2552677,84.9041982,2.378,-1.378,0.48,-0.181,0.336,147.4,8,0.0043,2.75
19:18:47,22.2552677,84.9041982,2.369,-1.361,0.48,-0.176,0.329,147.6,8,0.0000,2.73
19:18:47,22.2552677,84.9041982,2.361,-1.344,0.48,-0.165,0.351,147.9,8,0.0046,2.72
19:18:47,22.2552677,84.9041982,2.352,-1.326,0.48,-0.162,0.348,147.9,8,0.0046,2.70
19:18:47,22.2552677,84.9041982,2.343,-1.309,0.47,-0.201,0.329,148.1,8,0.0061,2.68
19:18:47,22.2552677,84.9041982,2.332,-1.295,0.47,-0.252,0.164,148.5,8,0.0031,2.67
19:18:47,22.2552677,84.9041982,2.319,-1.287,0.47,-0.248,0.165,148.7,8,0.0000,2.65
19:18:47,22.2552677,84.9041982,2.309,-1.275,0.47,-0.164,0.258,148.7,8,0.0052,2.64
19:18:47,22.2552677,84.9041982,2.301,-1.263,0.47,-0.166,0.210,148.9,8,0.0040,2.62
19:18:47,22.2552677,84.9041982,2.293,-1.252,0.47,-0.161,0.212,149.3,8,0.0040,2.61
19:18:47,22.2552677,84.9041982,2.285,-1.236,0.47,-0.152,0.392,149.3,8,0.0045,2.60
19:18:47,22.2552677,84.9041982,2.278,-1.216,0.47,-0.145,0.393,149.3,8,0.0000,2.58
19:18:47,22.2552677,84.9041982,2.267,-1.195,0.47,-0.220,0.408,149.5,8,0.0052,2.56
19:18:47,22.2552677,84.9041982,2.256,-1.175,0.48,-0.216,0.391,149.6,8,0.0054,2.54
19:18:47,22.2552677,84.9041982,2.245,-1.156,0.48,-0.247,0.364,149.6,8,0.0049,2.53
19:18:48,22.2552677,84.9041982,2.233,-1.137,0.48,-0.241,0.361,149.7,8,0.0000,2.51
19:18:48,22.2552677,84.9041982,2.221,-1.118,0.48,-0.222,0.395,149.7,8,0.0049,2.49
19:18:48,22.2552677,84.9041982,2.210,-1.098,0.49,-0.216,0.392,149.8,8,0.0049,2.47
19:18:48,22.2552677,84.9041982,2.200,-1.077,0.49,-0.208,0.417,149.9,8,0.0058,2.45
19:18:48,22.2552677,84.9041982,2.189,-1.057,0.49,-0.247,0.398,150.1,8,0.0051,2.43
19:18:48,22.2552677,84.9041982,2.176,-1.037,0.49,-0.240,0.390,150.1,8,0.0000,2.41
19:18:48,22.2552677,84.9041982,2.165,-1.017,0.49,-0.227,0.390,150.1,8,0.0055,2.39
19:18:48,22.2552677,84.9041982,2.153,-0.997,0.49,-0.207,0.415,150.1,8,0.0050,2.37
19:18:48,22.2552677,84.9041982,2.143,-0.976,0.49,-0.201,0.406,150.2,8,0.0050,2.36
19:18:48,22.2552677,84.9041982,2.133,-0.956,0.49,-0.202,0.392,150.2,8,0.0047,2.34
19:18:48,22.2552677,84.9041982,2.123,-0.937,0.49,-0.196,0.383,150.3,8,0.0000,2.32
19:18:48,22.2552677,84.9041982,2.113,-0.918,0.49,-0.209,0.372,150.3,8,0.0051,2.30
19:18:48,22.2552677,84.9041982,2.102,-0.899,0.49,-0.211,0.390,150.3,8,0.0050,2.29
19:18:48,22.2552677,84.9041982,2.091,-0.879,0.49,-0.210,0.384,150.3,8,0.0050,2.27
19:18:48,22.2552677,84.9041982,2.081,-0.866,0.49,-0.199,0.218,150.1,8,0.0035,2.25
19:18:48,22.2552677,84.9041982,2.071,-0.855,0.49,-0.200,0.215,150.1,8,0.0000,2.24
19:18:48,22.2552677,84.9041982,2.060,-0.839,0.49,-0.233,0.353,150.0,8,0.0049,2.22
19:18:49,22.2552677,84.9041982,2.048,-0.821,0.49,-0.242,0.343,150.0,8,0.0045,2.21
19:18:49,22.2552677,84.9041982,2.036,-0.804,0.49,-0.243,0.345,149.9,8,0.0045,2.19
19:18:49,22.2552677,84.9041982,2.023,-0.787,0.51,-0.245,0.344,149.9,8,0.0047,2.17
19:18:49,22.2552677,84.9041982,2.011,-0.769,0.51,-0.243,0.353,149.9,8,0.0000,2.15
19:18:49,22.2552677,84.9041982,1.999,-0.751,0.51,-0.237,0.368,149.9,8,0.0000,2.14
19:18:49,22.2552677,84.9041982,1.983,-0.737,0.51,-0.301,0.294,150.1,8,0.0044,2.12
19:18:49,22.2552677,84.9041982,1.968,-0.723,0.54,-0.283,0.271,150.3,8,0.0043,2.10
19:18:49,22.2552677,84.9041982,1.954,-0.708,0.54,-0.274,0.295,150.5,8,0.0000,2.08
19:18:49,22.2552677,84.9041982,1.941,-0.697,0.54,-0.256,0.212,150.5,8,0.0044,2.06
19:18:49,22.2552677,84.9041982,1.928,-0.685,0.54,-0.244,0.239,150.8,8,0.0044,2.05
19:18:49,22.2552677,84.9041982,1.914,-0.675,0.54,-0.282,0.184,150.9,8,0.0044,2.03
19:18:49,22.2552677,84.9041982,1.901,-0.666,0.54,-0.248,0.183,151.1,8,0.0034,2.01
19:18:49,22.2552677,84.9041982,1.888,-0.656,0.54,-0.235,0.221,151.1,8,0.0000,2.00
19:18:49,22.2552677,84.9041982,1.878,-0.646,0.54,-0.177,0.189,151.2,8,0.0034,1.99