Timestamp,Latitude,Longitude,Local_X_m,Local_Y_m,Pressure_Depth_m,Linear_Vx_ms,Linear_Vy_ms,Gyro_Heading_Yaw,Satellites_Count,DVL_FOM,Navigation_Drift_m
16:29:28,22.26368472548841,84.91002736044268,-0.056,-0.053,0.18,0.000,0.000,-149.1,29,0.0003,0.00
16:29:28,22.263684725676345,84.91002736061122,-0.056,-0.053,0.18,0.000,0.000,-148.8,29,0.0003,0.00
16:29:28,22.263684725862838,84.91002736077849,-0.056,-0.053,0.18,0.000,0.000,-148.2,29,0.0000,0.00
16:29:28,22.263684726049732,84.9100273609461,-0.056,-0.053,0.18,0.000,0.000,-147.8,29,0.0000,0.00
16:29:28,22.26368472606603,84.9100273609594,-0.056,-0.053,0.18,0.000,0.000,-147.8,29,0.0003,0.00
16:29:28,22.263684726214375,84.91002736109213,-0.056,-0.053,0.18,0.000,0.000,-147.5,29,0.0003,0.00
16:29:28,22.263684726361795,84.91002736122405,-0.056,-0.053,0.18,0.000,0.000,-146.8,29,0.0003,0.00
16:29:28,22.263684726509652,84.91002736135636,-0.055,-0.053,0.18,0.000,0.000,-146.4,29,0.0000,0.00
16:29:28,22.263684726657168,84.91002736148835,-0.055,-0.053,0.18,0.000,0.000,-146.4,29,0.0000,0.00
16:29:28,22.263684725549037,84.91002736054953,-0.056,-0.053,0.18,-0.000,-0.000,-146.1,29,0.0003,0.00
16:29:28,22.263684725429925,84.91002736045417,-0.056,-0.053,0.18,-0.000,-0.000,-145.5,29,0.0003,0.00
16:29:28,22.263684725311283,84.91002736035917,-0.056,-0.053,0.18,-0.000,-0.000,-145.2,29,0.0000,0.00
16:29:28,22.26368472519251,84.91002736026407,-0.056,-0.053,0.18,-0.000,-0.000,-144.9,29,0.0000,0.00
16:29:28,22.263684724066962,84.91002735937074,-0.056,-0.053,0.18,-0.001,-0.001,-144.9,29,0.0003,0.00
16:29:28,22.263684723729185,84.910027359102,-0.056,-0.053,0.18,-0.001,-0.001,-144.2,29,0.0003,0.00
16:29:28,22.26368472336512,84.91002735882279,-0.056,-0.053,0.18,-0.001,-0.001,-143.9,29,0.0003,0.00
16:29:28,22.26368472302092,84.91002735855147,-0.056,-0.053,0.18,-0.001,-0.001,-143.6,29,0.0000,0.00
16:29:29,22.263684723064337,84.91002735858787,-0.056,-0.053,0.18,-0.000,-0.001,-143.6,29,0.0003,0.00
16:29:29,22.263684722826827,84.91002735840125,-0.056,-0.053,0.18,-0.000,-0.001,-143.0,29,0.0003,0.00
16:29:29,22.263684723106504,84.91002735861711,-0.056,-0.053,0.18,-0.000,-0.000,-142.8,29,0.0003,0.00
16:29:29,22.26368472302664,84.91002735855315,-0.056,-0.053,0.18,-0.000,-0.000,-142.5,29,0.0000,0.00
16:29:29,22.26368472294732,84.91002735848964,-0.056,-0.053,0.18,-0.000,-0.000,-142.5,29,0.0000,0.00
16:29:29,22.263684723412414,84.91002735883418,-0.056,-0.053,0.18,0.000,0.000,-141.9,29,0.0003,0.00
16:29:29,22.26368472370283,84.9100273590439,-0.056,-0.053,0.18,0.000,0.000,-141.6,29,0.0004,0.00
16:29:29,22.26368472385473,84.9100273591524,-0.056,-0.053,0.18,0.000,0.000,-141.3,29,0.0000,0.00
16:29:29,22.263684724005607,84.91002735926017,-0.056,-0.053,0.18,0.000,0.000,-141.3,29,0.0000,0.00
16:29:29,22.26368472422429,84.9100273594125,-0.056,-0.053,0.18,0.000,0.000,-141.1,29,0.0003,0.00
16:29:29,22.263684724398203,84.91002735953546,-0.056,-0.053,0.17,0.000,0.000,-140.5,29,0.0003,0.00
16:29:29,22.26368472457176,84.91002735965819,-0.056,-0.053,0.17,0.000,0.000,-140.2,29,0.0000,0.00
16:29:29,22.26368472474501,84.91002735978068,-0.056,-0.053,0.17,0.000,0.000,-140.2,29,0.0000,0.00
16:29:29,22.263684724634185,84.91002735970147,-0.056,-0.053,0.17,0.000,0.000,-139.7,29,0.0003,0.00
16:29:29,22.263684724730464,84.91002735976933,-0.056,-0.053,0.17,0.000,0.000,-139.5,29,0.0003,0.00
16:29:29,22.26368472460619,84.9100273596818,-0.056,-0.053,0.17,0.000,0.000,-139.3,29,0.0003,0.00
16:29:29,22.263684724639837,84.91002735970552,-0.056,-0.053,0.17,0.000,0.000,-139.3,29,0.0000,0.00
16:29:29,22.26368472467327,84.9100273597291,-0.056,-0.053,0.17,0.000,0.000,-138.8,29,0.0000,0.00
16:29:29,22.263684724524904,84.91002735962279,-0.056,-0.053,0.17,-0.000,-0.000,-138.6,29,0.0003,0.00
16:29:30,22.263684724506305,84.91002735960917,-0.056,-0.053,0.18,-0.000,-0.000,-138.6,29,0.0003,0.00
16:29:30,22.263684724487725,84.91002735959559,-0.056,-0.053,0.18,-0.000,-0.000,-138.4,29,0.0000,0.00
16:29:30,22.263684724469133,84.91002735958199,-0.056,-0.053,0.18,-0.000,-0.000,-138.0,29,0.0000,0.00
16:29:30,22.26368472431146,84.91002735946718,-0.056,-0.053,0.18,-0.000,-0.000,-137.8,29,0.0003,0.00
16:29:30,22.26368472425664,84.91002735942722,-0.056,-0.053,0.18,-0.000,-0.000,-137.8,28,0.0003,0.00
16:29:30,22.2636847241469,84.91002735934723,-0.056,-0.053,0.18,-0.000,-0.000,-137.3,28,0.0000,0.00
16:29:30,22.263684724212432,84.91002735939526,-0.056,-0.053,0.18,-0.000,-0.000,-137.1,28,0.0003,0.00
16:29:30,22.26368472418666,84.91002735937653,-0.056,-0.053,0.18,-0.000,-0.000,-137.1,28,0.0003,0.00
16:29:30,22.263684724272014,84.91002735943597,-0.056,-0.053,0.18,0.000,0.000,-136.8,28,0.0003,0.00
16:29:30,22.26368472427521,84.91002735943762,-0.056,-0.053,0.18,0.000,0.000,-136.7,28,0.0000,0.00
16:29:30,22.26368472432211,84.91002735946962,-0.056,-0.053,0.18,0.000,0.000,-136.7,28,0.0003,0.00
16:29:30,22.26368472433797,84.91002735948007,-0.056,-0.053,0.18,0.000,0.000,-136.5,28,0.0003,0.00
16:29:30,22.263684724338674,84.91002735948051,-0.056,-0.053,0.18,0.000,0.000,-136.3,28,0.0003,0.00
16:29:30,22.26368472434979,84.91002735948783,-0.056,-0.053,0.18,0.000,0.000,-136.2,28,0.0000,0.00
16:29:30,22.263684724319777,84.91002735946819,-0.056,-0.053,0.18,-0.000,-0.000,-136.2,28,0.0003,0.00
16:29:30,22.263684724317255,84.91002735946657,-0.056,-0.053,0.18,-0.000,-0.000,-135.9,28,0.0003,0.00
16:29:30,22.263684724314754,84.91002735946496,-0.056,-0.053,0.18,-0.000,-0.000,-135.8,28,0.0003,0.00
16:29:30,22.263684724312256,84.91002735946336,-0.056,-0.053,0.18,-0.000,-0.000,-135.5,28,0.0000,0.00
16:29:30,22.263684724309755,84.91002735946175,-0.056,-0.053,0.18,-0.000,-0.000,-135.5,28,0.0000,0.00
16:29:30,22.263684724205,84.91002735939098,-0.056,-0.053,0.18,-0.000,-0.000,-135.4,28,0.0002,0.00
16:29:31,22.26368472417628,84.91002735937164,-0.056,-0.053,0.18,-0.000,-0.000,-135.3,28,0.0002,0.00
16:29:31,22.263684724070515,84.91002735929798,-0.056,-0.053,0.18,-0.000,-0.000,-135.1,28,0.0002,0.00
16:29:31,22.26368472402101,84.91002735926399,-0.056,-0.053,0.18,-0.000,-0.000,-135.1,28,0.0000,0.00
16:29:31,22.26368472393187,84.9100273592017,-0.056,-0.053,0.18,-0.000,-0.000,-135.0,28,0.0003,0.00
16:29:31,22.26368472387045,84.91002735915923,-0.056,-0.053,0.18,-0.000,-0.000,-134.9,28,0.0003,0.00
16:29:31,22.263684723845557,84.91002735914178,-0.056,-0.053,0.18,-0.000,-0.000,-134.7,28,0.0003,0.00
16:29:31,22.263684723795766,84.91002735910726,-0.056,-0.053,0.18,-0.000,-0.000,-134.7,28,0.0000,0.00
16:29:31,22.263684723811885,84.91002735911844,-0.056,-0.053,0.18,-0.000,-0.000,-134.6,28,0.0003,0.00
16:29:31,22.26368472378398,84.9100273590991,-0.056,-0.053,0.17,-0.000,-0.000,-134.5,28,0.0003,0.00
16:29:31,22.263684723818976,84.91002735912322,-0.056,-0.053,0.17,-0.000,-0.000,-134.5,28,0.0003,0.00
16:29:31,22.26368472381262,84.91002735911877,-0.056,-0.053,0.17,-0.000,-0.000,-134.3,28,0.0000,0.00
16:29:31,22.26368472380627,84.91002735911432,-0.056,-0.053,0.17,-0.000,-0.000,-134.2,28,0.0000,0.00
16:29:31,22.263684724145225,84.91002735933802,-0.056,-0.053,0.17,0.000,0.000,-133.8,28,0.0004,0.00
16:29:31,22.263684724248968,84.91002735940631,-0.056,-0.053,0.17,0.000,0.000,-133.8,28,0.0004,0.00
16:29:31,22.26368472435207,84.91002735947419,-0.056,-0.053,0.17,0.000,0.000,-133.4,28,0.0000,0.00
16:29:31,22.26368472445527,84.91002735954213,-0.056,-0.053,0.17,0.000,0.000,-132.5,28,0.0000,0.00
16:29:31,22.2636847257546,84.91002736032961,-0.056,-0.053,0.17,0.001,0.001,-132.0,28,0.0008,0.00
16:29:31,22.26368472618015,84.91002736059147,-0.056,-0.053,0.17,0.001,0.001,-132.0,28,0.0008,0.00
16:29:31,22.26368467214575,84.91002729345901,-0.062,-0.059,0.17,-0.038,-0.033,-131.4,28,0.0011,0.00
16:29:32,22.263684657304402,84.91002727482837,-0.064,-0.060,0.17,-0.038,-0.033,-131.4,28,0.0000,0.00
16:29:32,22.263684566710637,84.91002715287155,-0.077,-0.070,0.17,-0.102,-0.084,-129.3,28,0.0026,0.00
16:29:32,22.263684528812583,84.91002710279582,-0.082,-0.075,0.17,-0.102,-0.084,-127.9,28,0.0026,0.00
16:29:32,22.263684491029057,84.91002705287143,-0.087,-0.079,0.17,-0.102,-0.084,-127.9,28,0.0039,0.00
16:29:32,22.26368445331389,84.91002700303734,-0.092,-0.083,0.17,-0.102,-0.084,-124.7,28,0.0000,0.00
16:29:32,22.263684415574385,84.91002695317111,-0.098,-0.087,0.17,-0.102,-0.084,-123.1,28,0.0000,0.00
16:29:32,22.263684245322814,84.9100265965793,-0.134,-0.106,0.17,-0.258,-0.156,-119.8,28,0.0045,0.00
16:29:32,22.263684174419705,84.91002647010454,-0.147,-0.114,0.17,-0.258,-0.156,-119.8,28,0.0045,0.00
16:29:32,22.263684103785103,84.91002634410873,-0.160,-0.122,0.17,-0.258,-0.156,-118.2,28,0.0000,0.00
16:29:32,22.263684032863914,84.91002621760171,-0.173,-0.130,0.17,-0.258,-0.156,-116.5,28,0.0000,0.00
16:29:32,22.26368396216704,84.91002609149483,-0.186,-0.138,0.17,-0.258,-0.156,-116.5,28,10.0005,0.00
16:29:32,22.26368389138178,84.91002596523028,-0.199,-0.146,0.17,-0.258,-0.156,-113.3,28,10.0005,0.00
16:29:32,22.263683820419413,84.91002583864982,-0.212,-0.154,0.17,-0.258,-0.156,-111.6,28,10.0005,0.00
16:29:32,22.263683749625784,84.91002571237033,-0.225,-0.161,0.17,-0.258,-0.156,-108.3,28,0.0000,0.00
16:29:32,22.26368367880269,84.9100255860383,-0.238,-0.169,0.17,-0.258,-0.156,-108.3,28,10.0005,0.00
16:29:32,22.263683608073674,84.91002545987408,-0.251,-0.177,0.17,-0.258,-0.156,-106.7,28,10.0005,0.00
16:29:32,22.263683537442756,84.91002533388483,-0.264,-0.185,0.17,-0.258,-0.156,-103.4,28,10.0005,0.00
16:29:32,22.2636834665902,84.91002520750025,-0.277,-0.193,0.17,-0.258,-0.156,-101.9,28,0.0000,0.00
16:29:32,22.26368339560808,84.91002508088455,-0.290,-0.201,0.17,-0.258,-0.156,-101.9,28,10.0005,0.00
16:29:32,22.26368332483253,84.91002495463732,-0.303,-0.209,0.16,-0.258,-0.156,-100.3,28,10.0005,0.00
16:29:33,22.263683254000064,84.91002482828856,-0.316,-0.217,0.16,-0.258,-0.156,-98.8,28,10.0005,0.00
16:29:33,22.263683183210116,84.91002470201565,-0.329,-0.225,0.16,-0.258,-0.156,-98.8,28,10.0005,0.00
16:29:33,22.26368311265017,84.91002457615302,-0.342,-0.232,0.16,-0.258,-0.156,-95.7,28,0.0000,0.00
16:29:33,22.263683041810673,84.91002444979172,-0.355,-0.240,0.18,-0.258,-0.156,-92.7,28,0.0000,0.00
16:29:33,22.26368297106994,84.91002432360659,-0.368,-0.248,0.18,-0.258,-0.156,-91.2,28,10.0005,0.00
16:29:33,22.263682900360678,84.91002419747761,-0.381,-0.256,0.18,-0.258,-0.156,-89.6,28,10.0005,0.00
16:29:33,22.26368282978868,84.91002407159347,-0.394,-0.264,0.18,-0.258,-0.156,-89.6,28,10.0005,0.00
16:29:33,22.26368275919459,84.91002394566992,-0.407,-0.272,0.18,-0.258,-0.156,-86.3,28,0.0000,0.00
16:29:33,22.26368368982083,84.9100222887851,-0.578,-0.168,0.18,-0.511,0.022,-84.7,28,0.0062,0.00
16:29:33,22.26368370002796,84.91002203823214,-0.604,-0.167,0.18,-0.511,0.022,-83.0,28,0.0062,0.00
16:29:33,22.263683840874123,84.91002165015325,-0.644,-0.151,0.18,-0.539,0.052,-83.0,28,0.0062,0.00
16:29:33,22.263683864208243,84.91002138605316,-0.671,-0.149,0.18,-0.539,0.052,-79.9,28,0.0000,0.00
16:29:33,22.263683998840232,84.91002109320954,-0.701,-0.134,0.18,-0.548,0.086,-78.3,26,0.0058,0.00
16:29:33,22.263684037764435,84.91002082411036,-0.729,-0.129,0.18,-0.548,0.086,-78.3,26,0.0058,0.00
16:29:33,22.26368413169908,84.91002056473916,-0.756,-0.119,0.18,-0.545,0.109,-76.7,26,0.0061,0.00
16:29:33,22.263684181351188,84.91002029539732,-0.783,-0.113,0.18,-0.545,0.109,-73.7,26,0.0000,0.00
16:29:33,22.26368423089474,84.91002002664435,-0.811,-0.108,0.18,-0.545,0.109,-72.2,26,0.0000,0.00
16:29:33,22.263684280011965,84.91001976020401,-0.839,-0.102,0.18,-0.545,0.109,-70.7,26,10.0005,0.00
16:29:33,22.263684329164292,84.91001949357327,-0.866,-0.097,0.18,-0.545,0.109,-70.7,26,10.0005,0.00
16:29:34,22.26368437822364,84.91001922744691,-0.893,-0.091,0.18,-0.545,0.109,-67.5,26,0.0000,0.00
16:29:34,22.263684427420365,84.91001896057533,-0.921,-0.086,0.18,-0.545,0.109,-67.5,28,0.0000,0.00
16:29:34,22.26368468312025,84.91001880128542,-0.937,-0.058,0.18,-0.504,0.193,-64.0,28,0.0056,0.00
16:29:34,22.263684771023794,84.9100185534253,-0.963,-0.048,0.18,-0.504,0.193,-64.0,28,0.0056,0.00
16:29:34,22.263684938758505,84.91001834793299,-0.984,-0.029,0.18,-0.487,0.230,-60.7,28,0.0055,0.00
16:29:34,22.26368515427838,84.91001795351787,-1.025,-0.005,0.18,-0.444,0.233,-59.4,28,0.0048,0.00
16:29:34,22.263685260413066,84.9100177351283,-1.047,0.007,0.18,-0.444,0.233,-57.1,28,0.0048,0.00
16:29:34,22.263685365995624,84.91001751787483,-1.070,0.018,0.18,-0.444,0.233,-56.3,28,0.0048,0.00
16:29:34,22.263685471678116,84.91001730041575,-1.092,0.030,0.18,-0.444,0.233,-56.3,28,0.0000,0.00
16:29:34,22.26368557756597,84.91001708253408,-1.114,0.042,0.18,-0.444,0.233,-56.2,28,0.0000,0.00
16:29:34,22.263685700850083,84.9100171413171,-1.108,0.056,0.18,-0.313,0.242,-56.9,28,0.0036,0.00
16:29:34,22.26368581113013,84.91001698714145,-1.124,0.068,0.18,-0.313,0.242,-59.8,28,0.0036,0.00
16:29:34,22.263685920805315,84.91001683381141,-1.140,0.080,0.18,-0.313,0.242,-59.8,28,0.0036,0.00
16:29:34,22.263686030263145,84.91001668078525,-1.156,0.092,0.18,-0.313,0.242,-64.2,29,0.0000,0.00
16:29:34,22.26368613982939,84.91001652760751,-1.172,0.105,0.18,-0.313,0.242,-66.7,29,0.0000,0.00
16:29:34,22.2636862495357,84.91001637423396,-1.187,0.117,0.18,-0.313,0.242,-69.5,29,0.0000,0.00
16:29:34,22.263686359321895,84.91001622074872,-1.203,0.129,0.18,-0.313,0.242,-69.5,29,0.0000,0.00
16:29:34,22.263686655763173,84.91001640748138,-1.184,0.162,0.19,-0.187,0.317,-75.4,29,0.0035,0.00
16:29:34,22.263686799859652,84.910016315546,-1.193,0.178,0.19,-0.187,0.317,-78.3,29,0.0000,0.00
16:29:34,22.26368694545497,84.91001632507918,-1.192,0.194,0.19,-0.145,0.318,-78.3,29,0.0031,0.00
16:29:35,22.263687089944494,84.91001625385493,-1.200,0.210,0.19,-0.145,0.318,-80.8,29,0.0031,0.00
16:29:35,22.263687233999928,84.91001618284466,-1.207,0.226,0.19,-0.145,0.318,-85.0,29,0.0031,0.00
16:29:35,22.263687377762338,84.91001611197882,-1.214,0.242,0.19,-0.145,0.318,-86.7,29,0.0000,0.00
16:29:35,22.263687522010624,84.91001604087349,-1.222,0.258,0.19,-0.145,0.318,-86.7,29,0.0000,0.00
16:29:35,22.263687539907284,84.91001603369291,-1.222,0.260,0.19,-0.118,0.259,-89.2,29,0.0023,0.00
16:29:35,22.26368765778817,84.9100159759352,-1.228,0.274,0.19,-0.118,0.259,-90.2,29,0.0023,0.00
16:29:35,22.26368777494062,84.91001591853438,-1.234,0.287,0.20,-0.118,0.259,-91.3,29,0.0000,0.00
16:29:35,22.263687892703803,84.91001586083432,-1.240,0.300,0.20,-0.118,0.259,-91.3,29,0.0000,0.00
16:29:35,22.263687960282386,84.91001592544322,-1.234,0.307,0.20,-0.064,0.236,-95.6,29,0.0024,0.00
16:29:35,22.26368806710418,84.91001589432322,-1.237,0.319,0.20,-0.064,0.236,-98.0,29,0.0024,0.00
16:29:35,22.26368817383819,84.9100158632288,-1.240,0.331,0.20,-0.064,0.236,-100.1,29,0.0000,0.00
16:29:35,22.26368828044103,84.91001583217258,-1.243,0.343,0.20,-0.064,0.236,-100.1,29,0.0000,0.00
16:29:35,22.263688301049307,84.91001582602279,-1.244,0.345,0.20,-0.052,0.194,-103.7,29,0.0019,0.00
16:29:35,22.263688389109173,84.91001580033613,-1.247,0.355,0.20,-0.052,0.194,-105.0,29,0.0019,0.00
16:29:35,22.2636884766244,84.91001577480833,-1.249,0.365,0.20,-0.052,0.194,-106.2,29,10.0005,0.00
16:29:35,22.263688564167808,84.9100157492723,-1.252,0.374,0.20,-0.052,0.194,-106.2,29,0.0000,0.00
16:29:35,22.26368865185919,84.91001572369314,-1.254,0.384,0.20,-0.052,0.194,-107.9,29,0.0000,0.00
16:29:35,22.263688739480525,84.91001569813439,-1.257,0.394,0.20,-0.052,0.194,-108.6,29,10.0005,0.00
16:29:35,22.263688826993675,84.91001567260719,-1.260,0.404,0.20,-0.052,0.194,-109.4,29,10.0005,0.00
16:29:35,22.2636889145118,84.91001564707855,-1.262,0.413,0.20,-0.052,0.194,-109.4,29,0.0000,0.00
16:29:36,22.263689002278205,84.91001562147748,-1.265,0.423,0.20,-0.052,0.194,-109.6,29,0.0000,0.00
16:29:36,22.263688893156214,84.91001562911609,-1.264,0.411,0.20,-0.042,0.125,-109.8,29,0.0012,0.00
16:29:36,22.263688949995988,84.91001560869726,-1.266,0.417,0.20,-0.042,0.125,-109.8,29,0.0012,0.00
16:29:36,22.263689006607542,84.91001558836042,-1.268,0.424,0.19,-0.042,0.125,-109.8,29,0.0000,0.00
16:29:36,22.26368906326485,84.91001556800715,-1.270,0.430,0.19,-0.042,0.125,-109.9,29,0.0000,0.00
16:29:36,22.263689119882823,84.910015547668,-1.273,0.436,0.19,-0.042,0.125,-110.2,29,10.0005,0.00
16:29:36,22.263689176532907,84.91001552731731,-1.275,0.443,0.19,-0.042,0.125,-110.7,29,10.0005,0.00
16:29:36,22.263689233048947,84.91001550701479,-1.277,0.449,0.19,-0.042,0.125,-110.7,29,10.0005,0.00
16:29:36,22.263689289649534,84.91001548668189,-1.279,0.455,0.19,-0.042,0.125,-110.9,29,0.0000,0.00
16:29:36,22.26368934627366,84.91001546634052,-1.281,0.462,0.19,-0.042,0.125,-111.0,29,0.0000,0.00
16:29:36,22.26368930623481,84.91001546641185,-1.281,0.457,0.19,-0.036,0.095,-111.1,29,0.0010,0.00
16:29:36,22.263689349646192,84.91001544881782,-1.283,0.462,0.18,-0.036,0.095,-111.1,29,0.0010,0.00
16:29:36,22.263689392776314,84.9100154313378,-1.285,0.467,0.18,-0.036,0.095,-111.0,29,0.0000,0.00
16:29:36,22.263689435995428,84.9100154138217,-1.286,0.472,0.18,-0.036,0.095,-110.9,29,0.0000,0.00
16:29:36,22.26368932182666,84.91001546118493,-1.281,0.459,0.18,-0.014,0.038,-110.5,29,0.0008,0.00
16:29:36,22.263689339260292,84.91001545429981,-1.282,0.461,0.18,-0.014,0.038,-110.5,29,0.0008,0.00
16:29:36,22.263689313568005,84.91001546567469,-1.281,0.458,0.18,-0.007,0.020,-110.3,29,0.0007,0.00
16:29:36,22.26368932247176,84.91001546240221,-1.281,0.459,0.18,-0.007,0.020,-110.0,29,0.0000,0.00
16:29:36,22.263689314771,84.91001546643858,-1.281,0.458,0.18,-0.003,0.011,-109.3,29,0.0008,0.00
16:29:37,22.263689319645927,84.91001546493725,-1.281,0.459,0.18,-0.003,0.011,-109.3,29,0.0008,0.00
16:29:37,22.26368932449398,84.9100154634442,-1.281,0.459,0.18,-0.003,0.011,-108.9,29,0.0008,0.00
16:29:37,22.263689329362624,84.91001546194481,-1.281,0.460,0.18,-0.003,0.011,-108.5,29,0.0000,0.00
16:29:37,22.263689298609712,84.91001537691224,-1.290,0.456,0.18,-0.046,-0.009,-107.6,29,0.0009,0.00
16:29:37,22.263689294519637,84.91001535438163,-1.292,0.456,0.18,-0.046,-0.009,-107.6,29,0.0009,0.00
16:29:37,22.263689290449882,84.91001533196295,-1.295,0.455,0.19,-0.046,-0.009,-107.2,29,0.0009,0.00
16:29:37,22.263689286365178,84.91001530946193,-1.297,0.455,0.19,-0.046,-0.009,-107.0,29,0.0000,0.00
16:29:37,22.26368928228563,84.9100152869893,-1.299,0.454,0.19,-0.046,-0.009,-107.1,29,0.0000,0.00
16:29:37,22.26368929031417,84.91001532712508,-1.295,0.455,0.19,-0.018,-0.003,-107.1,29,0.0009,0.00
16:29:37,22.263689288914644,84.91001531850709,-1.296,0.455,0.19,-0.018,-0.003,-107.5,29,0.0009,0.00
16:29:37,22.263689287514733,84.91001530988673,-1.297,0.455,0.19,-0.018,-0.003,-107.9,29,0.0000,0.00
16:29:37,22.263689286118915,84.91001530129158,-1.298,0.455,0.19,-0.018,-0.003,-109.1,29,0.0000,0.00
16:29:37,22.26368941878439,84.91001526644962,-1.302,0.470,0.19,-0.029,0.062,-109.1,29,0.0013,0.00
16:29:37,22.263689447016308,84.91001525202107,-1.303,0.473,0.19,-0.029,0.062,-109.8,29,0.0013,0.00
16:29:37,22.26368951218409,84.9100152286844,-1.305,0.480,0.19,-0.034,0.082,-110.5,29,0.0012,0.00
16:29:37,22.263689549406415,84.91001521209824,-1.307,0.484,0.19,-0.034,0.082,-112.0,29,0.0000,0.00
16:29:37,22.263689586602165,84.91001519552393,-1.309,0.488,0.18,-0.034,0.082,-113.2,29,0.0014,0.00
16:29:37,22.263689676826264,84.91001515348445,-1.313,0.498,0.18,-0.038,0.089,-116.9,29,0.0014,0.00
16:29:37,22.263689717368038,84.91001513503366,-1.315,0.503,0.18,-0.038,0.089,-116.9,29,0.0000,0.00
16:29:37,22.263689757818213,84.91001511662455,-1.317,0.507,0.18,-0.038,0.089,-119.2,29,0.0000,0.00
16:29:38,22.263689877683383,84.91001502752765,-1.326,0.521,0.18,-0.074,0.133,-121.7,29,0.0022,0.00
16:29:38,22.263689938077352,84.91001499137518,-1.330,0.527,0.18,-0.074,0.133,-121.7,29,0.0022,0.00
16:29:38,22.263689998465043,84.91001495522646,-1.334,0.534,0.18,-0.074,0.133,-127.3,29,0.0000,0.00
16:29:38,22.263690058822487,84.91001491909584,-1.337,0.541,0.18,-0.074,0.133,-130.3,29,0.0000,0.00
16:29:38,22.263690119219024,84.91001488294182,-1.341,0.548,0.18,-0.074,0.133,-136.4,29,10.0005,0.00
16:29:38,22.26369017952111,84.91001484684435,-1.345,0.554,0.19,-0.074,0.133,-136.4,29,10.0005,0.00
16:29:38,22.263690240003825,84.91001481063876,-1.348,0.561,0.19,-0.074,0.133,-139.6,29,10.0005,0.00
16:29:38,22.26369030024142,84.91001477457988,-1.352,0.568,0.19,-0.074,0.133,-145.1,29,0.0000,0.00
16:29:38,22.263690360726134,84.91001473837309,-1.356,0.574,0.19,-0.074,0.133,-147.4,29,0.0000,0.00
16:29:38,22.26369042109385,84.91001470223632,-1.360,0.581,0.20,-0.074,0.133,-147.4,29,10.0005,0.00
16:29:38,22.263690481444446,84.91001466610982,-1.363,0.588,0.20,-0.074,0.133,-149.5,29,10.0005,0.00
16:29:38,22.263690541706012,84.9100146300366,-1.367,0.595,0.20,-0.074,0.133,-153.0,29,0.0000,0.00
16:29:38,22.263690602061743,84.91001459390701,-1.371,0.601,0.20,-0.074,0.133,-154.5,29,10.0005,0.00
16:29:38,22.26369066230476,84.91001455784489,-1.375,0.608,0.20,-0.074,0.133,-154.5,29,10.0005,0.00
16:29:38,22.263690722522096,84.91001452179815,-1.378,0.615,0.20,-0.074,0.133,-155.7,29,10.0005,0.00
16:29:38,22.263690782841586,84.91001448569025,-1.382,0.621,0.20,-0.074,0.133,-158.1,29,10.0005,0.00
16:29:38,22.263690843234414,84.91001444953847,-1.386,0.628,0.20,-0.074,0.133,-158.1,29,0.0000,0.00
16:29:38,22.263690903658347,84.91001441336805,-1.389,0.635,0.20,-0.074,0.133,-159.1,29,0.0000,0.00
16:29:38,22.26369064274284,84.9100141557104,-1.416,0.606,0.20,-0.118,0.065,-160.0,29,0.0015,0.00
16:29:39,22.263690672136995,84.91001409803681,-1.422,0.609,0.20,-0.118,0.065,-160.7,29,0.0015,0.00
16:29:39,22.26369042158262,84.91001393437311,-1.439,0.581,0.20,-0.143,-0.008,-160.7,29,0.0016,0.00
16:29:39,22.26369041773796,84.91001386411843,-1.446,0.581,0.20,-0.143,-0.008,-161.8,29,0.0000,0.00
16:29:39,22.263690413902797,84.91001379403741,-1.453,0.580,0.21,-0.143,-0.008,-162.1,29,0.0000,0.00
16:29:39,22.26369027828258,84.9100136689659,-1.466,0.565,0.21,-0.162,-0.057,-161.4,29,0.0018,0.00
16:29:39,22.263690252304386,84.91001358919502,-1.474,0.562,0.21,-0.162,-0.057,-161.4,29,0.0018,0.00
16:29:39,22.263690226575413,84.91001351018942,-1.482,0.560,0.21,-0.162,-0.057,-158.3,29,0.0000,0.00
16:29:39,22.263690200672887,84.91001343065089,-1.491,0.557,0.21,-0.162,-0.057,-156.5,29,0.0000,0.00
16:29:39,22.263690174892776,84.91001335148827,-1.499,0.554,0.21,-0.162,-0.057,-156.5,29,10.0005,0.00
16:29:39,22.263690149052128,84.91001327213976,-1.507,0.551,0.21,-0.162,-0.057,-156.5,29,10.0005,0.00
16:29:39,22.263690123298378,84.91001319305809,-1.515,0.548,0.21,-0.162,-0.057,-156.5,29,10.0005,0.00
16:29:39,22.263690097551954,84.9100131139989,-1.523,0.545,0.19,-0.162,-0.057,-151.3,29,10.0005,0.00
16:29:39,22.263689564317005,84.91001296536727,-1.539,0.486,0.19,-0.185,-0.240,-148.6,29,0.0039,0.00
16:29:39,22.263689455299723,84.91001287435428,-1.548,0.474,0.19,-0.185,-0.240,-147.6,29,0.0000,0.00
16:29:39,22.26368934683289,84.91001278380081,-1.557,0.462,0.19,-0.185,-0.240,-146.7,29,0.0000,0.00
16:29:39,22.26368923825012,84.91001269315056,-1.567,0.450,0.18,-0.185,-0.240,-146.7,29,0.0000,0.00
16:29:39,22.263689045357218,84.91001241031289,-1.596,0.428,0.18,-0.256,-0.273,-145.5,29,0.0093,0.00
16:29:39,22.263688920420737,84.91001228368023,-1.609,0.414,0.18,-0.256,-0.273,-145.2,29,0.0093,0.00
16:29:39,22.263688796658567,84.91001215823782,-1.622,0.400,0.18,-0.256,-0.273,-144.8,29,0.0093,0.00
16:29:39,22.263688728889115,84.91001197574948,-1.641,0.393,0.18,-0.281,-0.248,-144.8,29,0.0117,0.00
16:29:40,22.26368861648205,84.9100118380724,-1.655,0.380,0.18,-0.281,-0.248,-144.5,29,0.0000,0.00
16:29:40,22.263688504187936,84.91001170053367,-1.669,0.368,0.18,-0.281,-0.248,-144.0,29,0.0000,0.00
16:29:40,22.263688392224207,84.91001156339959,-1.683,0.355,0.18,-0.281,-0.248,-144.3,29,0.0000,0.00
16:29:40,22.263688280102976,84.91001142607261,-1.697,0.343,0.18,-0.281,-0.248,-144.3,29,0.0000,0.00
16:29:40,22.26368827098277,84.91001131738884,-1.708,0.342,0.18,-0.269,-0.201,-144.9,29,0.0072,0.00
16:29:40,22.263688179468915,84.91001118492031,-1.722,0.332,0.18,-0.269,-0.201,-146.8,29,0.0072,0.00
16:29:40,22.263688088690458,84.91001105351629,-1.736,0.322,0.18,-0.269,-0.201,-147.9,29,0.0072,0.00
16:29:40,22.263687997530987,84.91001092156074,-1.749,0.311,0.18,-0.269,-0.201,-147.9,29,0.0000,0.00
16:29:40,22.263687906717305,84.91001079010573,-1.763,0.301,0.18,-0.269,-0.201,-150.1,29,0.0000,0.00
16:29:40,22.263687815845206,84.91001065856616,-1.776,0.291,0.18,-0.269,-0.201,-150.9,29,0.0000,0.00
16:29:40,22.263687725197332,84.91001052735116,-1.790,0.281,0.18,-0.269,-0.201,-150.9,29,0.0000,0.00
16:29:40,22.26368749083349,84.9100101615255,-1.827,0.255,0.18,-0.353,-0.256,-151.1,29,0.0138,0.00
16:29:40,22.263687374665675,84.91000998871485,-1.845,0.242,0.19,-0.353,-0.256,-150.3,29,0.0138,0.00
16:29:40,22.263687258814848,84.91000981637572,-1.863,0.229,0.19,-0.353,-0.256,-149.6,29,0.0138,0.00
16:29:40,22.26368714284501,84.91000964385957,-1.881,0.216,0.19,-0.353,-0.256,-149.0,29,0.0138,0.00
16:29:40,22.263686888756453,84.91000941996228,-1.904,0.188,0.19,-0.372,-0.313,-149.0,29,0.0125,0.00
16:29:40,22.2636867465332,84.91000923732769,-1.923,0.172,0.19,-0.372,-0.313,-147.8,29,0.0000,0.00
16:29:40,22.26368660490122,84.91000905545236,-1.941,0.156,0.19,-0.372,-0.313,-147.4,29,0.0000,0.00
16:29:40,22.263686463346424,84.91000887367616,-1.960,0.141,0.19,-0.372,-0.313,-147.0,29,0.0000,0.00
16:29:41,22.263686245308346,84.91000866588013,-1.982,0.116,0.19,-0.383,-0.348,-147.0,29,0.0081,0.00
16:29:41,22.263686087809035,84.9100084782867,-2.001,0.099,0.19,-0.383,-0.348,-146.7,29,0.0081,0.00
16:29:41,22.263685930777942,84.91000829125095,-2.020,0.081,0.19,-0.383,-0.348,-146.2,29,0.0081,0.00
16:29:41,22.263685773332227,84.91000810372135,-2.039,0.064,0.19,-0.383,-0.348,-146.1,29,0.0081,0.00
16:29:41,22.263685616199897,84.91000791656502,-2.059,0.046,0.19,-0.383,-0.348,-146.1,29,0.0000,0.00
16:29:41,22.263685458771302,84.91000772905582,-2.078,0.029,0.19,-0.383,-0.348,-145.8,29,0.0000,0.00
16:29:41,22.263685301472975,84.91000754170177,-2.097,0.011,0.20,-0.383,-0.348,-145.7,29,0.0000,0.00
16:29:41,22.263685017566385,84.91000710176645,-2.143,-0.020,0.20,-0.405,-0.336,-145.6,29,0.0105,0.00
16:29:41,22.263684864455453,84.91000690255572,-2.163,-0.037,0.20,-0.405,-0.336,-145.6,29,0.0105,0.00
16:29:41,22.263684712255458,84.9100067045302,-2.184,-0.054,0.20,-0.405,-0.336,-145.6,29,0.0105,0.00
16:29:41,22.263684559740778,84.91000650609526,-2.204,-0.071,0.20,-0.405,-0.336,-145.6,29,0.0105,0.00
16:29:41,22.26368440763224,84.91000630818873,-2.224,-0.088,0.20,-0.405,-0.336,-145.6,29,0.0000,0.00
16:29:41,22.263684255162925,84.9100061098128,-2.245,-0.105,0.20,-0.405,-0.336,-145.5,29,0.0000,0.00
16:29:41,22.263684102969414,84.91000591179572,-2.265,-0.122,0.20,-0.405,-0.336,-145.5,29,0.0000,0.00
16:29:41,22.263683950910565,84.91000571395384,-2.286,-0.139,0.20,-0.405,-0.336,-145.5,29,0.0000,0.00
16:29:41,22.26368363670386,84.91000551611062,-2.306,-0.174,0.20,-0.405,-0.389,-145.5,29,0.0102,0.00
16:29:41,22.263683459436567,84.91000531685587,-2.327,-0.194,0.20,-0.405,-0.389,-145.6,29,0.0102,0.00
16:29:41,22.263683283579013,84.91000511918571,-2.347,-0.213,0.20,-0.405,-0.389,-145.8,29,0.0102,0.00
16:29:41,22.263683107471362,84.91000492123445,-2.367,-0.233,0.20,-0.405,-0.389,-146.2,29,0.0102,0.00
16:29:41,22.263682931508765,84.91000472344622,-2.388,-0.253,0.20,-0.405,-0.389,-146.2,29,0.0000,0.00
16:29:42,22.263682755322748,84.91000452540686,-2.408,-0.272,0.20,-0.405,-0.389,-146.4,29,0.0000,0.00
16:29:42,22.2636825792301,84.91000432747245,-2.428,-0.292,0.20,-0.405,-0.389,-146.7,29,0.0000,0.00
16:29:42,22.26368261482572,84.91000460344773,-2.400,-0.288,0.21,-0.260,-0.319,-146.7,29,0.0121,0.00
16:29:42,22.263682470118965,84.91000447625198,-2.413,-0.304,0.21,-0.260,-0.319,-147.0,29,0.0000,0.00
16:29:42,22.263682325776482,84.91000434937642,-2.426,-0.320,0.21,-0.260,-0.319,-146.8,29,0.0000,0.00
16:29:42,22.263682181462706,84.91000422252608,-2.439,-0.336,0.21,-0.260,-0.319,-146.5,29,0.0000,0.00
16:29:42,22.26368212292478,84.91000423735119,-2.438,-0.343,0.21,-0.210,-0.286,-146.5,29,0.0150,0.00
16:29:42,22.263681992372362,84.91000413409448,-2.448,-0.357,0.21,-0.210,-0.286,-145.4,29,0.0150,0.00
16:29:42,22.26368186254869,84.91000403141413,-2.459,-0.372,0.21,-0.210,-0.286,-144.8,29,0.0150,0.00
16:29:42,22.263681733029276,84.91000392897445,-2.470,-0.386,0.21,-0.210,-0.286,-143.9,29,0.0150,0.00
16:29:42,22.263681603313564,84.9100038263795,-2.480,-0.400,0.21,-0.210,-0.286,-143.9,29,0.0000,0.00
16:29:42,22.263681473844454,84.91000372397959,-2.491,-0.415,0.21,-0.210,-0.286,-141.0,29,0.0000,0.00
16:29:42,22.26368134409255,84.91000362135601,-2.501,-0.429,0.21,-0.210,-0.286,-139.3,29,0.0000,0.00
16:29:42,22.263681215496156,84.91000375620543,-2.487,-0.444,0.21,-0.129,-0.286,-136.2,29,0.0114,0.00
16:29:42,22.26368108546857,84.91000369268006,-2.494,-0.458,0.21,-0.129,-0.286,-136.2,29,0.0114,0.00
16:29:42,22.263680956301588,84.91000362957516,-2.500,-0.472,0.22,-0.129,-0.286,-134.9,29,0.0114,0.00
16:29:42,22.263680826504924,84.91000356616262,-2.507,-0.487,0.22,-0.129,-0.286,-133.7,29,0.0114,0.00
16:29:42,22.263680787032055,84.91000356240481,-2.507,-0.491,0.22,-0.107,-0.250,-130.6,29,0.0146,0.00
16:29:42,22.26368067326533,84.91000350967674,-2.513,-0.504,0.22,-0.107,-0.250,-130.6,29,0.0000,0.00
16:29:42,22.263680560415242,84.91000345737353,-2.518,-0.516,0.22,-0.107,-0.250,-128.4,29,0.0000,0.00
16:29:43,22.26368044722075,84.91000340491068,-2.524,-0.529,0.22,-0.107,-0.250,-126.1,29,0.0000,0.00
16:29:43,22.263680276718723,84.91000329096907,-2.535,-0.548,0.22,-0.132,-0.275,-122.2,29,0.0162,0.00
16:29:43,22.26368015173983,84.9100032260427,-2.542,-0.562,0.22,-0.132,-0.275,-122.2,29,0.0162,0.00
16:29:43,22.263680027530967,84.91000316151637,-2.549,-0.576,0.24,-0.132,-0.275,-120.6,29,0.0162,0.00
16:29:43,22.263679903019863,84.91000309683302,-2.555,-0.590,0.24,-0.132,-0.275,-119.4,29,0.0162,0.00
16:29:43,22.263679778506404,84.91000303214847,-2.562,-0.604,0.24,-0.132,-0.275,-117.7,29,0.0000,0.00
16:29:43,22.263679654068948,84.91000296750337,-2.569,-0.617,0.24,-0.132,-0.275,-117.7,29,0.0000,0.00
16:29:43,22.26367952967273,84.91000290287971,-2.575,-0.631,0.24,-0.132,-0.275,-117.3,29,0.0000,0.00
16:29:43,22.26367957414338,84.9100028561609,-2.580,-0.626,0.24,-0.126,-0.210,-117.2,29,0.0186,0.00
16:29:43,22.263679478861373,84.9100027945056,-2.586,-0.637,0.24,-0.126,-0.210,-117.7,29,0.0186,0.00
16:29:43,22.26367938377831,84.91000273297905,-2.593,-0.647,0.24,-0.126,-0.210,-117.7,29,0.0186,0.00
16:29:43,22.263679288804173,84.91000267152297,-2.599,-0.658,0.24,-0.126,-0.210,-119.9,29,0.0186,0.00
16:29:43,22.26367919367745,84.91000260996816,-2.605,-0.669,0.24,-0.126,-0.210,-122.6,29,0.0186,0.00
16:29:43,22.26367909848186,84.91000254836878,-2.612,-0.679,0.24,-0.126,-0.210,-122.6,29,0.0000,0.00
16:29:43,22.26367900327637,84.910002486763,-2.618,-0.690,0.24,-0.126,-0.210,-123.9,29,0.0000,0.00
16:29:43,22.26367890808708,84.9100024251677,-2.624,-0.700,0.24,-0.126,-0.210,-125.3,29,0.0000,0.00
16:29:43,22.263678813068385,84.91000236368279,-2.631,-0.711,0.23,-0.126,-0.210,-127.9,29,0.0000,0.00
16:29:43,22.2636786599742,84.91000191699433,-2.677,-0.728,0.23,-0.238,-0.228,-129.3,29,0.0305,0.00
16:29:43,22.263678556275384,84.91000180039664,-2.689,-0.740,0.23,-0.238,-0.228,-129.3,29,0.0305,0.00
16:29:44,22.263678453118928,84.91000168440878,-2.701,-0.751,0.23,-0.238,-0.228,-130.7,29,0.0305,0.00
16:29:44,22.263678423401775,84.9100016474475,-2.705,-0.754,0.23,-0.211,-0.202,-133.5,29,0.0146,0.00
16:29:44,22.26367833163805,84.9100015436921,-2.715,-0.765,0.23,-0.211,-0.202,-134.9,29,0.0000,0.00
16:29:44,22.263678240238555,84.91000144034852,-2.726,-0.775,0.23,-0.211,-0.202,-134.9,29,0.0000,0.00
16:29:44,22.26367814911115,84.91000133731261,-2.737,-0.785,0.23,-0.211,-0.202,-136.2,29,0.0000,0.00
16:29:44,22.263678156750448,84.91000137693885,-2.732,-0.784,0.24,-0.156,-0.160,-138.7,29,0.0092,0.00
16:29:44,22.263678083965903,84.9100013005725,-2.740,-0.792,0.24,-0.156,-0.160,-139.8,29,0.0092,0.00
16:29:44,22.26367801143643,84.91000122447379,-2.748,-0.800,0.24,-0.156,-0.160,-139.8,29,0.0092,0.00
16:29:44,22.263677939105726,84.91000114858363,-2.756,-0.808,0.24,-0.156,-0.160,-140.7,29,0.0092,0.00
16:29:44,22.26367791476575,84.91000115703716,-2.755,-0.811,0.24,-0.120,-0.138,-142.3,29,0.0117,0.00
16:29:44,22.263677852083642,84.91000109833749,-2.761,-0.818,0.24,-0.120,-0.138,-142.3,29,0.0000,0.00
16:29:44,22.26367778952972,84.91000103975786,-2.767,-0.825,0.24,-0.120,-0.138,-142.7,29,0.0000,0.00
16:29:44,22.263677726812677,84.91000098102548,-2.773,-0.832,0.24,-0.120,-0.138,-143.2,29,0.0000,0.00
16:29:44,22.263677690093385,84.91000096673308,-2.775,-0.836,0.24,-0.100,-0.126,-143.3,29,0.0110,0.00
16:29:44,22.26367763290492,84.91000091751269,-2.780,-0.842,0.24,-0.100,-0.126,-143.3,29,0.0000,0.00
16:29:44,22.26367757599377,84.91000086853099,-2.785,-0.849,0.24,-0.100,-0.126,-143.3,29,0.0000,0.00
16:29:44,22.26367751900304,84.91000081948077,-2.790,-0.855,0.24,-0.100,-0.126,-142.3,29,0.0000,0.00
16:29:44,22.26367746205709,84.91000077046911,-2.795,-0.861,0.24,-0.100,-0.126,-140.9,29,0.0000,0.00
16:29:44,22.263677405062584,84.91000072141564,-2.800,-0.868,0.24,-0.100,-0.126,-140.9,29,0.0000,0.00
16:29:44,22.263677348149816,84.91000067243255,-2.805,-0.874,0.24,-0.100,-0.126,-139.2,29,0.0000,0.00
16:29:45,22.263677291219512,84.91000062343434,-2.810,-0.880,0.24,-0.100,-0.126,-137.3,29,0.0000,0.00
16:29:45,22.263677234284085,84.91000057443173,-2.815,-0.887,0.24,-0.100,-0.126,-134.4,29,0.0000,0.00
16:29:45,22.263677177270154,84.91000052536155,-2.820,-0.893,0.24,-0.100,-0.126,-134.4,28,0.0000,0.00
16:29:45,22.263677120369525,84.9100004763889,-2.825,-0.899,0.24,-0.100,-0.126,-133.4,28,0.0000,0.00
16:29:45,22.26367706342196,84.91000042737583,-2.830,-0.906,0.24,-0.100,-0.126,-132.2,28,0.0000,0.00
16:29:45,22.263677006355696,84.91000037826062,-2.835,-0.912,0.24,-0.100,-0.126,-131.9,28,0.0000,0.00
16:29:45,22.263676949409746,84.91000032924896,-2.840,-0.918,0.24,-0.100,-0.126,-131.9,28,0.0000,0.00
16:29:45,22.263676892455162,84.91000028022987,-2.845,-0.925,0.24,-0.100,-0.126,-131.8,28,0.0000,0.00
16:29:45,22.263676398157404,84.90999955562368,-2.920,-0.980,0.24,-0.252,-0.232,-131.8,28,0.0242,0.00
16:29:45,22.263676292774537,84.90999943196982,-2.933,-0.992,0.24,-0.252,-0.232,-131.8,28,0.0000,0.00
16:29:45,22.263676187760783,84.90999930874905,-2.946,-1.003,0.24,-0.252,-0.232,-131.8,28,0.0000,0.00
16:29:45,22.263676083070436,84.90999918590778,-2.958,-1.015,0.22,-0.252,-0.232,-131.8,28,0.0000,0.00
16:29:45,22.26367587368523,84.90999891726256,-2.986,-1.038,0.22,-0.291,-0.263,-131.7,28,0.0398,0.00
16:29:45,22.26367575440924,84.90999877424457,-3.001,-1.051,0.22,-0.291,-0.263,-131.7,28,0.0398,0.00
16:29:45,22.26367563541391,84.9099986315631,-3.015,-1.065,0.22,-0.291,-0.263,-131.7,28,0.0398,0.00
16:29:45,22.263675516698132,84.90999848921683,-3.030,-1.078,0.20,-0.291,-0.263,-131.7,28,0.0398,0.00
16:29:45,22.26367539745645,84.90999834623997,-3.045,-1.091,0.20,-0.291,-0.263,-131.7,28,0.0000,0.00
16:29:45,22.263675278614112,84.90999820374196,-3.059,-1.104,0.20,-0.291,-0.263,-131.7,28,0.0000,0.00
16:29:45,22.26367515949336,84.9099980609101,-3.074,-1.118,0.20,-0.291,-0.263,-131.7,28,0.0000,0.00
16:29:46,22.26367504083439,84.90999791863194,-3.089,-1.131,0.20,-0.291,-0.263,-131.8,28,0.0000,0.00
16:29:46,22.263674791838454,84.90999761635496,-3.120,-1.159,0.20,-0.337,-0.303,-131.8,28,0.0206,0.00
16:29:46,22.26367465440523,84.90999745104665,-3.137,-1.174,0.20,-0.337,-0.303,-131.8,28,0.0206,0.00
16:29:46,22.26367451755123,84.90999728643504,-3.154,-1.189,0.20,-0.337,-0.303,-131.8,28,0.0206,0.00
16:29:46,22.263674380696585,84.90999712182266,-3.171,-1.204,0.20,-0.337,-0.303,-131.9,28,0.0206,0.00
16:29:46,22.263674243432465,84.90999695671773,-3.188,-1.220,0.20,-0.337,-0.303,-132.0,28,0.0000,0.00
16:29:46,22.263674106092537,84.90999679152164,-3.205,-1.235,0.20,-0.337,-0.303,-132.0,28,0.0000,0.00
16:29:46,22.263673969046113,84.90999662667858,-3.222,-1.250,0.20,-0.337,-0.303,-132.0,28,0.0000,0.00
16:29:46,22.263673950578987,84.9099966141998,-3.223,-1.252,0.20,-0.292,-0.265,-132.4,28,0.0165,0.00
16:29:46,22.263673829886304,84.90999647044674,-3.238,-1.266,0.20,-0.292,-0.265,-132.8,28,0.0165,0.00
16:29:46,22.263673710091364,84.90999632776297,-3.253,-1.279,0.20,-0.292,-0.265,-132.8,28,0.0165,0.00
16:29:46,22.263673590380304,84.90999618517911,-3.267,-1.292,0.20,-0.292,-0.265,-133.1,28,0.0165,0.00
16:29:46,22.263673470165397,84.90999604199511,-3.282,-1.306,0.20,-0.292,-0.265,-133.8,28,0.0000,0.00
16:29:46,22.263673229871035,84.90999575578849,-3.312,-1.333,0.20,-0.292,-0.265,-134.1,28,0.0000,0.00
16:29:46,22.263673109961044,84.90999561296768,-3.326,-1.346,0.20,-0.292,-0.265,-134.6,28,0.0000,0.00
16:29:46,22.26367315372839,84.90999570711794,-3.317,-1.341,0.20,-0.223,-0.213,-134.9,28,0.0188,0.00
16:29:46,22.26367305649677,84.9099955973,-3.328,-1.352,0.20,-0.223,-0.213,-135.1,28,0.0188,0.00
16:29:46,22.26367295978755,84.90999548807206,-3.339,-1.363,0.20,-0.223,-0.213,-135.1,28,0.0188,0.00
16:29:46,22.263672936996166,84.90999547811353,-3.340,-1.365,0.20,-0.190,-0.186,-135.5,28,0.0230,0.00
16:29:46,22.263672852194595,84.9099953849665,-3.350,-1.375,0.20,-0.190,-0.186,-135.7,28,0.0000,0.00
16:29:47,22.263672767813134,84.90999529228094,-3.359,-1.384,0.20,-0.190,-0.186,-135.7,28,0.0000,0.00
16:29:47,22.263672683602188,84.90999519978267,-3.369,-1.393,0.20,-0.190,-0.186,-135.8,29,0.0000,0.00
16:29:47,22.263672655255686,84.90999517912454,-3.371,-1.396,0.20,-0.161,-0.163,-135.9,29,0.0167,0.00
16:29:47,22.263672581310683,84.90999509992649,-3.379,-1.405,0.20,-0.161,-0.163,-136.0,29,0.0167,0.00
16:29:47,22.26367250780913,84.90999502120339,-3.387,-1.413,0.20,-0.161,-0.163,-136.0,29,0.0167,0.00
16:29:47,22.263672434236515,84.90999494240418,-3.395,-1.421,0.22,-0.161,-0.163,-136.0,29,0.0167,0.00
16:29:47,22.263672386609365,84.90999489682397,-3.400,-1.426,0.22,-0.147,-0.151,-136.0,29,0.0150,0.00
16:29:47,22.263672318154605,84.9099948246298,-3.407,-1.434,0.22,-0.147,-0.151,-136.0,29,0.0000,0.00
16:29:47,22.263672249981447,84.90999475273262,-3.415,-1.442,0.22,-0.147,-0.151,-136.0,29,0.0000,0.00
16:29:47,22.263672181785683,84.9099946808116,-3.422,-1.449,0.23,-0.147,-0.151,-135.9,29,0.0000,0.00
16:29:47,22.263672139371987,84.90999463739408,-3.427,-1.454,0.23,-0.135,-0.139,-135.9,29,0.0169,0.00
16:29:47,22.263672076531893,84.90999457140195,-3.434,-1.461,0.23,-0.135,-0.139,-135.8,29,0.0169,0.00
16:29:47,22.263672013653792,84.90999450536992,-3.440,-1.468,0.23,-0.135,-0.139,-135.8,29,0.0169,0.00
16:29:47,22.263671950885264,84.90999443945296,-3.447,-1.475,0.23,-0.135,-0.139,-135.7,29,0.0169,0.00
16:29:47,22.26367187671046,84.90999436063316,-3.455,-1.483,0.23,-0.140,-0.144,-135.7,29,0.0173,0.00
16:29:47,22.26367181121022,84.90999429164677,-3.462,-1.490,0.23,-0.140,-0.144,-135.7,29,0.0000,0.00
16:29:47,22.263671745999236,84.90999422296501,-3.469,-1.498,0.23,-0.140,-0.144,-135.7,29,0.0000,0.00
16:29:47,22.263671680641924,84.90999415412915,-3.477,-1.505,0.23,-0.140,-0.144,-135.7,29,0.0000,0.00
16:29:47,22.263671628539676,84.90999409854615,-3.482,-1.511,0.23,-0.135,-0.138,-135.7,29,0.0177,0.00
16:29:47,22.26367156566804,84.90999403217334,-3.489,-1.518,0.23,-0.135,-0.138,-135.7,29,0.0177,0.00
16:29:48,22.26367150318008,84.90999396620558,-3.496,-1.525,0.23,-0.135,-0.138,-135.7,29,0.0177,0.00
16:29:48,22.263671486391935,84.90999394840807,-3.498,-1.527,0.23,-0.112,-0.115,-135.7,29,0.0205,0.00
16:29:48,22.26367143430114,84.9099938933993,-3.503,-1.532,0.23,-0.112,-0.115,-135.7,29,0.0000,0.00
16:29:48,22.26367138236177,84.90999383855045,-3.509,-1.538,0.23,-0.112,-0.115,-135.7,29,0.0000,0.00
16:29:48,22.26367133039393,84.90999378367151,-3.515,-1.544,0.23,-0.112,-0.115,-135.7,29,0.0000,0.00
16:29:48,22.263671313822396,84.90999376595332,-3.517,-1.546,0.23,-0.095,-0.097,-135.6,29,0.0167,0.00
16:29:48,22.263671269817333,84.90999371943326,-3.521,-1.551,0.23,-0.095,-0.097,-135.6,29,0.0167,0.00
16:29:48,22.26367122591755,84.90999367302449,-3.526,-1.556,0.23,-0.095,-0.097,-135.6,29,0.0167,0.00
16:29:48,22.26367118210647,84.9099936267095,-3.531,-1.560,0.23,-0.095,-0.097,-135.6,29,0.0167,0.00
16:29:48,22.26367115903782,84.90999360251786,-3.533,-1.563,0.23,-0.085,-0.087,-135.7,29,0.0191,0.00
16:29:48,22.263671119786878,84.90999356106732,-3.538,-1.567,0.22,-0.085,-0.087,-135.7,29,0.0000,0.00
16:29:48,22.263671080594328,84.90999351967845,-3.542,-1.572,0.22,-0.085,-0.087,-135.8,29,0.0000,0.00
16:29:48,22.263671041478343,84.90999347837042,-3.546,-1.576,0.22,-0.085,-0.087,-135.8,29,0.0000,0.00
16:29:48,22.263670980739388,84.90999341495228,-3.553,-1.583,0.22,-0.095,-0.097,-135.8,29,0.0216,0.00
16:29:48,22.263670936691014,84.90999336859537,-3.557,-1.588,0.23,-0.095,-0.097,-135.8,29,0.0216,0.00
16:29:48,22.26367089276341,84.90999332236554,-3.562,-1.593,0.23,-0.095,-0.097,-135.9,29,0.0216,0.00
16:29:48,22.263670856317386,84.90999328440573,-3.566,-1.597,0.23,-0.091,-0.093,-135.9,29,0.0156,0.00
16:29:48,22.263670813894812,84.9099932398516,-3.571,-1.601,0.23,-0.091,-0.093,-136.0,29,0.0000,0.00
16:29:48,22.263670771662223,84.909993195497,-3.575,-1.606,0.23,-0.091,-0.093,-136.0,29,0.0000,0.00
16:29:49,22.263670729391077,84.9099931511019,-3.580,-1.611,0.23,-0.091,-0.093,-135.9,29,0.0000,0.00
16:29:49,22.263670687201433,84.9099931067924,-3.584,-1.616,0.23,-0.091,-0.093,-135.9,29,0.0000,0.00
16:29:49,22.26367065812357,84.90999307505676,-3.588,-1.619,0.23,-0.085,-0.087,-135.5,29,0.0199,0.00
16:29:49,22.263670618637644,84.90999303333065,-3.592,-1.623,0.23,-0.085,-0.087,-135.2,29,0.0199,0.00
16:29:49,22.263670579303486,84.90999299176494,-3.596,-1.628,0.22,-0.085,-0.087,-134.4,29,0.0199,0.00
16:29:49,22.26367052186399,84.90999292590183,-3.603,-1.634,0.22,-0.096,-0.096,-134.4,29,0.0143,0.00
16:29:49,22.263670478308033,84.90999287871738,-3.608,-1.639,0.22,-0.096,-0.096,-133.8,29,0.0000,0.00
16:29:49,22.263670434913067,84.90999283170733,-3.613,-1.644,0.22,-0.096,-0.096,-133.2,29,0.0000,0.00
16:29:49,22.26367039155388,84.90999278473603,-3.618,-1.648,0.22,-0.096,-0.096,-132.2,29,0.0000,0.00
16:29:49,22.263670286425427,84.90999265295463,-3.631,-1.660,0.22,-0.135,-0.127,-132.2,29,0.0334,0.00
16:29:49,22.263670228718958,84.90999258637389,-3.638,-1.667,0.22,-0.135,-0.127,-132.0,29,0.0334,0.00
16:29:49,22.263670171394445,84.90999252023384,-3.645,-1.673,0.22,-0.135,-0.127,-131.8,29,0.0334,0.00
16:29:49,22.263670113966974,84.909992453975,-3.652,-1.679,0.22,-0.135,-0.127,-131.8,29,0.0334,0.00
16:29:49,22.263670056507987,84.9099923876798,-3.659,-1.686,0.22,-0.135,-0.127,-131.8,29,0.0000,0.00
16:29:49,22.2636699990471,84.9099923213824,-3.665,-1.692,0.22,-0.135,-0.127,-131.9,29,0.0000,0.00
16:29:49,22.263669941591917,84.9099922550916,-3.672,-1.699,0.22,-0.135,-0.127,-132.1,29,0.0000,0.00
16:29:49,22.263669884253552,84.90999218893556,-3.679,-1.705,0.22,-0.135,-0.127,-132.5,29,0.0000,0.00
16:29:49,22.263669670712613,84.90999193196753,-3.705,-1.729,0.21,-0.200,-0.184,-132.5,29,0.0175,0.00
16:29:49,22.263669587026303,84.90999183365123,-3.716,-1.738,0.21,-0.200,-0.184,-132.8,29,0.0175,0.00
16:29:49,22.263669503975226,84.90999173608124,-3.726,-1.747,0.21,-0.200,-0.184,-133.1,29,0.0175,0.00
16:29:50,22.263669420817035,84.90999163838539,-3.736,-1.757,0.21,-0.200,-0.184,-133.4,29,0.0175,0.00
16:29:50,22.263669337727364,84.90999154077005,-3.746,-1.766,0.21,-0.200,-0.184,-133.4,29,0.0000,0.00
16:29:50,22.263669254523094,84.90999144302008,-3.756,-1.775,0.21,-0.200,-0.184,-134.1,29,0.0000,0.00
16:29:50,22.263669171384986,84.90999134534783,-3.766,-1.784,0.21,-0.200,-0.184,-134.5,29,0.0000,0.00
16:29:50,22.263669088105495,84.90999124750948,-3.776,-1.794,0.21,-0.200,-0.184,-135.3,29,0.0000,0.00
16:29:50,22.263669078149498,84.90999126922047,-3.774,-1.795,0.21,-0.164,-0.160,-135.3,29,0.0155,0.00
16:29:50,22.26366900547061,84.90999118874863,-3.782,-1.803,0.21,-0.164,-0.160,-135.6,29,0.0155,0.00
16:29:50,22.263668932972163,84.90999110847659,-3.790,-1.811,0.21,-0.164,-0.160,-135.9,29,0.0155,0.00
16:29:50,22.26366891110719,84.90999110210254,-3.791,-1.813,0.21,-0.138,-0.141,-136.5,29,0.0155,0.00
16:29:50,22.263668847052678,84.9099910342273,-3.798,-1.820,0.23,-0.138,-0.141,-136.5,29,0.0000,0.00
16:29:50,22.26366878317107,84.90999096653529,-3.805,-1.828,0.23,-0.138,-0.141,-136.8,29,0.0000,0.00
16:29:50,22.263668719375307,84.90999089893424,-3.812,-1.835,0.23,-0.138,-0.141,-137.2,29,0.0000,0.00
16:29:50,22.26366862833649,84.9099908225692,-3.820,-1.845,0.23,-0.142,-0.153,-137.9,29,0.0159,0.00
16:29:50,22.263668558836045,84.90999075289488,-3.827,-1.852,0.23,-0.142,-0.153,-137.9,29,0.0159,0.00
16:29:50,22.26366848969946,84.90999068358535,-3.834,-1.860,0.23,-0.142,-0.153,-138.3,29,0.0159,0.00
16:29:50,22.263668420509163,84.90999061422197,-3.841,-1.868,0.23,-0.142,-0.153,-138.6,29,0.0159,0.00
16:29:50,22.263668403272426,84.90999060724306,-3.842,-1.870,0.23,-0.115,-0.129,-139.2,29,0.0126,0.00
16:29:50,22.263668344548112,84.90999055053894,-3.848,-1.876,0.23,-0.115,-0.129,-139.2,29,0.0000,0.00
16:29:50,22.26366828610733,84.9099904941086,-3.854,-1.883,0.23,-0.115,-0.129,-139.4,29,0.0000,0.00
16:29:50,22.263668227754064,84.90999043776276,-3.859,-1.889,0.23,-0.115,-0.129,-139.5,29,0.0000,0.00
16:29:51,22.263668191663204,84.90999040866022,-3.862,-1.893,0.23,-0.103,-0.118,-139.5,29,0.0141,0.00
16:29:51,22.263668137979863,84.9099903580633,-3.868,-1.899,0.23,-0.103,-0.118,-139.5,29,0.0141,0.00
16:29:51,22.263668084568646,84.90999030772284,-3.873,-1.905,0.24,-0.103,-0.118,-139.5,29,0.0141,0.00
16:29:51,22.263668030940792,84.90999025717821,-3.878,-1.911,0.24,-0.103,-0.118,-139.4,29,0.0141,0.00
16:29:51,22.263667977408208,84.90999020672336,-3.883,-1.917,0.24,-0.103,-0.118,-139.0,29,0.0000,0.00
16:29:51,22.263667923684327,84.90999015608823,-3.888,-1.923,0.24,-0.103,-0.118,-139.0,29,0.0000,0.00
16:29:51,22.263667870165932,84.90999010564677,-3.894,-1.929,0.24,-0.103,-0.118,-138.3,29,0.0000,0.00
16:29:51,22.263667816512996,84.9099900550785,-3.899,-1.935,0.24,-0.103,-0.118,-135.9,29,0.0000,0.00
16:29:51,22.263667652669966,84.90998985212465,-3.920,-1.953,0.24,-0.155,-0.159,-134.7,29,0.0145,0.00
16:29:51,22.263667580498193,84.90998977601303,-3.928,-1.961,0.24,-0.155,-0.159,-134.7,29,0.0145,0.00
16:29:51,22.263667508735068,84.90998970033237,-3.935,-1.969,0.24,-0.155,-0.159,-133.9,29,0.0145,0.00
16:29:51,22.263667281035307,84.90998941509757,-3.965,-1.995,0.22,-0.234,-0.223,-132.6,29,0.0143,0.00
16:29:51,22.263667179700942,84.90998929981639,-3.977,-2.006,0.22,-0.234,-0.223,-132.2,29,0.0000,0.00
16:29:51,22.26366707857829,84.90998918477605,-3.988,-2.017,0.22,-0.234,-0.223,-132.2,29,0.0000,0.00
16:29:51,22.263666978072678,84.90998907043769,-4.000,-2.028,0.22,-0.234,-0.223,-131.9,29,0.0000,0.00
16:29:51,22.263666765935383,84.90998879476855,-4.029,-2.052,0.20,-0.302,-0.273,-131.4,29,0.0188,0.00
16:29:51,22.26366664200894,84.90998864671063,-4.044,-2.066,0.20,-0.302,-0.273,-131.4,29,0.0188,0.00
16:29:51,22.263666518601003,84.90998849927219,-4.059,-2.080,0.20,-0.302,-0.273,-131.3,29,0.0188,0.00
16:29:51,22.26366639480038,84.9099883513646,-4.074,-2.093,0.20,-0.302,-0.273,-131.2,29,0.0188,0.00
16:29:52,22.263666270986885,84.90998820344163,-4.090,-2.107,0.20,-0.302,-0.273,-131.3,29,0.0000,0.00
16:29:52,22.26366614705986,84.90998805538301,-4.105,-2.121,0.20,-0.302,-0.273,-131.3,29,0.0000,0.00
16:29:52,22.263666023595153,84.90998790787675,-4.120,-2.135,0.20,-0.302,-0.273,-131.4,29,0.0000,0.00
16:29:52,22.26366589986593,84.90998776005446,-4.135,-2.148,0.20,-0.302,-0.273,-131.5,29,0.0000,0.00
16:29:52,22.263665750047636,84.90998732027944,-4.181,-2.165,0.20,-0.400,-0.283,-131.5,29,0.0157,0.00
16:29:52,22.26366562180871,84.90998712423195,-4.201,-2.179,0.19,-0.400,-0.283,-131.4,29,0.0157,0.00
16:29:52,22.26366549362246,84.909986928265,-4.221,-2.194,0.19,-0.400,-0.283,-131.4,29,0.0157,0.00
16:29:52,22.2636653658183,84.90998673288216,-4.241,-2.208,0.19,-0.400,-0.283,-131.4,29,0.0157,0.00
16:29:52,22.26366523768171,84.90998653699111,-4.261,-2.222,0.19,-0.400,-0.283,-131.4,29,0.0000,0.00
16:29:52,22.263665109668036,84.90998634128799,-4.281,-2.236,0.19,-0.400,-0.283,-131.4,29,0.0000,0.00
16:29:52,22.263664981427294,84.90998614523772,-4.302,-2.251,0.19,-0.400,-0.283,-131.5,29,0.0000,0.00
16:29:52,22.263664759663083,84.90998557602424,-4.360,-2.275,0.19,-0.453,-0.271,-131.6,29,0.0100,0.00
16:29:52,22.26366463573713,84.90998535253279,-4.383,-2.289,0.19,-0.453,-0.271,-131.8,29,0.0100,0.00
16:29:52,22.263664512685963,84.90998513061895,-4.406,-2.303,0.19,-0.453,-0.271,-131.8,29,0.0100,0.00
16:29:52,22.26366438986381,84.90998490911811,-4.429,-2.317,0.19,-0.453,-0.271,-131.8,29,0.0100,0.00
16:29:52,22.263664266976555,84.90998468749989,-4.452,-2.330,0.19,-0.453,-0.271,-131.8,29,0.0000,0.00
16:29:52,22.26366414378705,84.90998446533655,-4.475,-2.344,0.19,-0.453,-0.271,-131.8,29,0.0000,0.00
16:29:52,22.263664020755066,84.9099842434573,-4.498,-2.358,0.19,-0.453,-0.271,-131.8,29,0.0000,0.00
16:29:52,22.263663792866726,84.9099838429,-4.539,-2.383,0.19,-0.507,-0.306,-131.8,29,0.0162,0.00
16:29:52,22.263663654215357,84.90998359440987,-4.564,-2.398,0.19,-0.507,-0.306,-131.8,29,0.0162,0.00
16:29:53,22.263663515876495,84.90998334647979,-4.590,-2.414,0.19,-0.507,-0.306,-131.5,29,0.0162,0.00
16:29:53,22.2636633774446,84.90998309838298,-4.616,-2.429,0.19,-0.507,-0.306,-130.3,29,0.0162,0.00
16:29:53,22.263663238905917,84.90998285009479,-4.641,-2.445,0.19,-0.507,-0.306,-130.3,29,0.0000,0.00
16:29:53,22.26366310061881,84.90998260225749,-4.667,-2.460,0.19,-0.507,-0.306,-129.0,29,0.0000,0.00
16:29:53,22.263662961949752,84.90998235373564,-4.692,-2.476,0.19,-0.507,-0.306,-128.1,29,0.0000,0.00
16:29:53,22.26366282333049,84.90998210530303,-4.718,-2.491,0.20,-0.507,-0.306,-128.1,29,0.0000,0.00
16:29:53,22.263662846924237,84.90998231729806,-4.696,-2.488,0.20,-0.372,-0.255,-126.9,29,0.0221,0.00
16:29:53,22.263662731422674,84.90998213469202,-4.715,-2.501,0.20,-0.372,-0.255,-123.6,29,0.0221,0.00
16:29:53,22.26366261616153,84.90998195246607,-4.734,-2.514,0.20,-0.372,-0.255,-121.2,29,0.0221,0.00
16:29:53,22.263662500659965,84.90998176986002,-4.752,-2.527,0.21,-0.372,-0.255,-121.2,29,0.0221,0.00
16:29:53,22.263662385214552,84.90998158734276,-4.771,-2.540,0.21,-0.372,-0.255,-118.6,29,0.0000,0.00
16:29:53,22.26366227003518,84.9099814052461,-4.790,-2.553,0.21,-0.372,-0.255,-113.2,29,0.0000,0.00
16:29:53,22.263662154836183,84.90998122311842,-4.809,-2.565,0.21,-0.372,-0.255,-110.6,29,0.0000,0.00
16:29:53,22.263662039623014,84.90998104096832,-4.827,-2.578,0.21,-0.372,-0.255,-108.3,29,0.0000,0.00
16:29:53,22.263661811540384,84.90998094110621,-4.838,-2.604,0.21,-0.349,-0.289,-108.3,29,0.0168,0.00
16:29:53,22.263661680280034,84.9099807699788,-4.855,-2.618,0.21,-0.349,-0.289,-104.8,29,0.0168,0.00
16:29:53,22.26366154948364,84.90998059945628,-4.873,-2.633,0.21,-0.349,-0.289,-103.7,29,0.0168,0.00
16:29:53,22.263661418371335,84.90998042852188,-4.891,-2.647,0.21,-0.349,-0.289,-103.0,29,0.0168,0.00
16:29:53,22.26366128739902,84.90998025776999,-4.908,-2.662,0.23,-0.349,-0.289,-103.0,29,0.0000,0.00
16:29:53,22.263661156475642,84.9099800870819,-4.926,-2.677,0.23,-0.349,-0.289,-103.0,29,0.0000,0.00
16:29:54,22.26366102560244,84.90997991645922,-4.943,-2.691,0.23,-0.349,-0.289,-103.5,29,0.0000,0.00
16:29:54,22.263661257580857,84.90997947385416,-4.989,-2.665,0.23,-0.430,-0.173,-104.2,29,0.0202,0.00
16:29:54,22.263661178925986,84.90997926248745,-5.011,-2.674,0.23,-0.430,-0.173,-104.2,29,0.0202,0.00
16:29:54,22.263661100797286,84.90997905253471,-5.032,-2.683,0.23,-0.430,-0.173,-105.6,29,0.0202,0.00
16:29:54,22.263661022555727,84.90997884227868,-5.054,-2.691,0.23,-0.430,-0.173,-106.4,29,0.0202,0.00
16:29:54,22.263661197360864,84.9099784595721,-5.093,-2.672,0.23,-0.489,-0.079,-108.0,29,0.0219,0.00
16:29:54,22.263661161154946,84.90997821869648,-5.118,-2.676,0.23,-0.489,-0.079,-108.0,29,0.0000,0.00
16:29:54,22.263661125274787,84.9099779799881,-5.143,-2.680,0.23,-0.489,-0.079,-108.6,29,0.0000,0.00
16:29:54,22.263661089289947,84.9099777405833,-5.167,-2.684,0.23,-0.489,-0.079,-109.2,29,0.0000,0.00
16:29:54,22.263661143300254,84.90997741005306,-5.202,-2.678,0.23,-0.524,-0.042,-109.2,29,0.0161,0.00
16:29:54,22.26366112428654,84.90997715278692,-5.228,-2.680,0.22,-0.524,-0.042,-109.7,29,0.0161,0.00
16:29:54,22.26366110537269,84.90997689687205,-5.254,-2.682,0.22,-0.524,-0.042,-110.6,29,0.0161,0.00
16:29:54,22.263661086431433,84.90997664058634,-5.281,-2.684,0.22,-0.524,-0.042,-111.0,29,0.0161,0.00
16:29:54,22.263661067486325,84.90997638424852,-5.307,-2.686,0.22,-0.524,-0.042,-111.0,29,0.0000,0.00
16:29:54,22.263661048506282,84.90997612743806,-5.334,-2.689,0.22,-0.524,-0.042,-111.6,29,0.0000,0.00
16:29:54,22.263661029562698,84.90997587112084,-5.360,-2.691,0.22,-0.524,-0.042,-111.9,29,0.0000,0.00
16:29:54,22.263661010617767,84.90997561478544,-5.386,-2.693,0.22,-0.524,-0.042,-112.1,29,0.0000,0.00
16:29:54,22.2636609916972,84.90997535877968,-5.413,-2.695,0.22,-0.524,-0.042,-112.1,29,0.0000,0.00
16:29:54,22.26366097280861,84.90997510320655,-5.439,-2.697,0.22,-0.524,-0.042,-112.4,29,0.0000,0.00
16:29:55,22.263660953886607,84.9099748471814,-5.466,-2.699,0.22,-0.524,-0.042,-112.5,29,0.0000,0.00
16:29:55,22.26366093488982,84.90997459014432,-5.492,-2.701,0.22,-0.524,-0.042,-112.5,29,0.0000,0.00
16:29:55,22.263660915991107,84.90997433443425,-5.518,-2.703,0.22,-0.524,-0.042,-112.5,29,0.0000,0.00
16:29:55,22.263660897081017,84.90997407857027,-5.545,-2.705,0.22,-0.524,-0.042,-112.5,29,0.0000,0.00
16:29:55,22.263660878174154,84.90997382274993,-5.571,-2.708,0.21,-0.524,-0.042,-112.6,29,0.0000,0.00
16:29:55,22.263660859268544,84.90997356694655,-5.597,-2.710,0.21,-0.524,-0.042,-113.0,29,0.0000,0.00
16:29:55,22.263660840375746,84.90997331131648,-5.624,-2.712,0.21,-0.524,-0.042,-113.0,29,0.0000,0.00
16:29:55,22.263660821471298,84.90997305552885,-5.650,-2.714,0.21,-0.524,-0.042,-113.2,29,0.0000,0.00
16:29:55,22.26366080257796,84.9099727998915,-5.676,-2.716,0.21,-0.524,-0.042,-113.4,29,0.0000,0.00
16:29:55,22.26366068936096,84.90997216334165,-5.742,-2.729,0.21,-0.593,-0.061,-113.6,29,0.0140,0.00
16:29:55,22.263660661905917,84.90997187240528,-5.772,-2.732,0.21,-0.593,-0.061,-113.6,29,0.0000,0.00
16:29:55,22.263660634515272,84.9099715821514,-5.802,-2.735,0.21,-0.593,-0.061,-113.6,29,0.0000,0.00
16:29:55,22.263660607141478,84.90997129207602,-5.832,-2.738,0.20,-0.593,-0.061,-113.8,28,0.0000,0.00
16:29:55,22.26366059092227,84.90997103779824,-5.858,-2.739,0.20,-0.585,-0.058,-113.9,28,0.0169,0.00
16:29:55,22.263660564717274,84.9099707504653,-5.888,-2.742,0.20,-0.585,-0.058,-113.9,28,0.0169,0.00
16:29:55,22.263660538715435,84.90997046535998,-5.917,-2.745,0.20,-0.585,-0.058,-113.9,28,0.0169,0.00
16:29:55,22.263660512619794,84.9099701792261,-5.946,-2.748,0.20,-0.585,-0.058,-114.0,28,0.0169,0.00
16:29:55,22.263660476972703,84.90996984919633,-5.980,-2.752,0.19,-0.599,-0.061,-114.0,28,0.0170,0.00
16:29:55,22.263660449357904,84.90996955577603,-6.011,-2.755,0.19,-0.599,-0.061,-114.1,28,0.0000,0.00
16:29:55,22.263660421783797,84.90996926278811,-6.041,-2.758,0.19,-0.599,-0.061,-114.1,28,0.0000,0.00
16:29:56,22.26366039430477,84.90996897081045,-6.071,-2.761,0.19,-0.599,-0.061,-114.1,28,0.0000,0.00
16:29:56,22.263660348355746,84.90996865241262,-6.104,-2.766,0.19,-0.609,-0.068,-114.0,29,0.0190,0.00
16:29:56,22.26366031726984,84.90996835344936,-6.135,-2.770,0.19,-0.609,-0.068,-113.9,29,0.0190,0.00
16:29:56,22.2636602863711,84.90996805628615,-6.165,-2.773,0.19,-0.609,-0.068,-113.9,29,0.0190,0.00
16:29:56,22.26366025551366,84.90996775952011,-6.196,-2.777,0.19,-0.609,-0.068,-114.0,29,0.0190,0.00
16:29:56,22.263660224552822,84.9099674617597,-6.226,-2.780,0.19,-0.609,-0.068,-114.1,29,0.0000,0.00
16:29:56,22.263660193597552,84.90996716405282,-6.257,-2.784,0.19,-0.609,-0.068,-114.2,29,0.0000,0.00
16:29:56,22.26366016267084,84.90996686662058,-6.288,-2.787,0.19,-0.609,-0.068,-114.2,29,0.0000,0.00
16:29:56,22.26366013181296,84.90996656985033,-6.318,-2.791,0.19,-0.609,-0.068,-114.2,29,0.0000,0.00
16:29:56,22.26366001835541,84.90996624838205,-6.351,-2.803,0.20,-0.616,-0.097,-114.0,29,0.0138,0.00
16:29:56,22.26365997415384,84.90996594619078,-6.383,-2.808,0.20,-0.616,-0.097,-114.0,29,0.0138,0.00
16:29:56,22.26365993009835,84.90996564499822,-6.414,-2.813,0.20,-0.616,-0.097,-114.0,29,0.0138,0.00
16:29:56,22.263659833877455,84.90996536145789,-6.443,-2.824,0.20,-0.610,-0.118,-114.0,29,0.0128,0.00
16:29:56,22.263659780227844,84.90996506256953,-6.474,-2.830,0.20,-0.610,-0.118,-114.4,29,0.0000,0.00
16:29:56,22.263659726675005,84.90996476422029,-6.504,-2.836,0.20,-0.610,-0.118,-114.4,29,0.0000,0.00
16:29:56,22.263659673202728,84.90996446631986,-6.535,-2.842,0.20,-0.610,-0.118,-114.5,29,0.0000,0.00
16:29:56,22.263659600365642,84.90996412100743,-6.571,-2.850,0.20,-0.630,-0.127,-114.5,29,0.0132,0.00
16:29:56,22.263659542706208,84.90996381213914,-6.602,-2.856,0.20,-0.630,-0.127,-114.4,29,0.0132,0.00
16:29:56,22.263659485220302,84.90996350420038,-6.634,-2.863,0.20,-0.630,-0.127,-114.4,29,0.0132,0.00
16:29:56,22.26365942781681,84.90996319670307,-6.666,-2.869,0.20,-0.630,-0.127,-114.3,29,0.0132,0.00
16:29:57,22.26365938357246,84.90996287387499,-6.699,-2.874,0.20,-0.636,-0.121,-114.4,29,0.0211,0.00
16:29:57,22.263659328790762,84.90996256207866,-6.731,-2.880,0.20,-0.636,-0.121,-114.5,29,0.0000,0.00
16:29:57,22.263659274233795,84.90996225156144,-6.763,-2.886,0.20,-0.636,-0.121,-114.5,29,0.0000,0.00
16:29:57,22.26365921966959,84.909961941003,-6.795,-2.892,0.20,-0.636,-0.121,-114.5,29,0.0000,0.00
16:29:57,22.263659138572173,84.90996165367716,-6.825,-2.901,0.20,-0.626,-0.133,-114.5,29,0.0179,0.00
16:29:57,22.263659078070813,84.90996134695506,-6.856,-2.908,0.20,-0.626,-0.133,-114.5,29,0.0179,0.00
16:29:57,22.26365901777034,84.90996104125139,-6.888,-2.915,0.20,-0.626,-0.133,-114.4,29,0.0179,0.00
16:29:57,22.263658957421004,84.9099607353,-6.919,-2.921,0.20,-0.626,-0.133,-114.4,29,0.0179,0.00
16:29:57,22.263658897081097,84.90996042939642,-6.951,-2.928,0.20,-0.626,-0.133,-114.5,29,0.0000,0.00
16:29:57,22.263658836638317,84.9099601229713,-6.982,-2.935,0.20,-0.626,-0.133,-114.8,29,0.0000,0.00
16:29:57,22.263658776209255,84.90995981661573,-7.014,-2.941,0.20,-0.626,-0.133,-115.0,29,0.0000,0.00
16:29:57,22.26365869882599,84.9099595133951,-7.045,-2.950,0.20,-0.625,-0.140,-115.0,29,0.0171,0.00
16:29:57,22.263658635174192,84.909959206537,-7.077,-2.957,0.20,-0.625,-0.140,-115.1,29,0.0171,0.00
16:29:57,22.26365857172997,84.90995890067958,-7.108,-2.964,0.20,-0.625,-0.140,-115.0,29,0.0171,0.00
16:29:57,22.263658508259947,84.90995859469781,-7.140,-2.971,0.20,-0.625,-0.140,-115.0,29,0.0171,0.00
16:29:57,22.26365838914918,84.90995830340566,-7.170,-2.985,0.20,-0.619,-0.163,-114.9,29,0.0193,0.00
16:29:57,22.26365831471226,84.90995799805991,-7.201,-2.993,0.20,-0.619,-0.163,-114.6,29,0.0000,0.00
16:29:57,22.2636582406572,84.90995769428059,-7.233,-3.001,0.20,-0.619,-0.163,-114.5,29,0.0000,0.00
16:29:57,22.26365816670835,84.90995739093695,-7.264,-3.009,0.20,-0.619,-0.163,-114.5,29,0.0000,0.00
16:29:58,22.26365811106555,84.90995712263779,-7.292,-3.016,0.19,-0.605,-0.155,-114.5,29,0.0210,0.00
16:29:58,22.263658040234787,84.90995682396658,-7.322,-3.023,0.19,-0.605,-0.155,-114.5,29,0.0210,0.00
16:29:58,22.263657970065182,84.90995652808324,-7.353,-3.031,0.19,-0.605,-0.155,-114.5,29,0.0210,0.00
16:29:58,22.263657899658142,84.90995623119873,-7.383,-3.039,0.19,-0.605,-0.155,-114.5,29,0.0210,0.00
16:29:58,22.263657829565908,84.90995593564165,-7.414,-3.047,0.21,-0.605,-0.155,-114.5,29,0.0000,0.00
16:29:58,22.263657759031688,84.90995563822085,-7.444,-3.055,0.21,-0.605,-0.155,-114.5,29,0.0000,0.00
16:29:58,22.26365768876943,84.90995534194684,-7.475,-3.063,0.21,-0.605,-0.155,-114.5,29,0.0000,0.00
16:29:58,22.26365761845969,84.9099550454726,-7.506,-3.070,0.21,-0.605,-0.155,-114.5,29,0.0000,0.00
16:29:58,22.26365756920234,84.90995467884126,-7.543,-3.076,0.21,-0.628,-0.148,-114.4,29,0.0190,0.00
16:29:58,22.263657434679082,84.90995405980095,-7.607,-3.091,0.21,-0.628,-0.148,-114.5,29,0.0190,0.00
16:29:58,22.263657350411794,84.90995373370876,-7.641,-3.100,0.21,-0.635,-0.154,-114.5,29,0.0211,0.00
16:29:58,22.26365728002195,84.90995342104131,-7.673,-3.108,0.20,-0.635,-0.154,-114.5,29,0.0000,0.00
16:29:58,22.263657210002354,84.9099531100185,-7.705,-3.116,0.20,-0.635,-0.154,-114.4,29,0.0000,0.00
16:29:58,22.26365714005787,84.90995279932932,-7.737,-3.124,0.20,-0.635,-0.154,-114.4,29,0.0000,0.00
16:29:58,22.263657070192796,84.90995248899287,-7.769,-3.131,0.20,-0.635,-0.154,-114.3,29,0.0000,0.00
16:29:58,22.26365701679802,84.9099521753728,-7.801,-3.137,0.20,-0.636,-0.148,-114.3,29,0.0207,0.00
16:29:58,22.26365694989864,84.90995186354641,-7.833,-3.145,0.20,-0.636,-0.148,-114.2,29,0.0207,0.00
16:29:58,22.263656883077296,84.90995155208378,-7.865,-3.152,0.20,-0.636,-0.148,-114.1,29,0.0207,0.00
16:29:58,22.26365675944858,84.90995117061522,-7.905,-3.166,0.20,-0.667,-0.174,-114.1,29,0.0230,0.00
16:29:58,22.263656680483027,84.90995084346368,-7.938,-3.175,0.20,-0.667,-0.174,-114.1,29,0.0000,0.00
16:29:59,22.26365660186414,84.90995051774838,-7.972,-3.184,0.20,-0.667,-0.174,-114.1,29,0.0000,0.00
16:29:59,22.263656522973807,84.90995019090848,-8.006,-3.192,0.20,-0.667,-0.174,-114.1,29,0.0000,0.00
16:29:59,22.26365650077828,84.9099499266514,-8.033,-3.195,0.20,-0.639,-0.147,-114.1,29,0.0249,0.00
16:29:59,22.26365643408449,84.90994961275459,-8.065,-3.202,0.20,-0.639,-0.147,-114.2,29,0.0249,0.00
16:29:59,22.263656367759513,84.90994930059361,-8.097,-3.210,0.20,-0.639,-0.147,-114.3,29,0.0249,0.00
16:29:59,22.263656301345947,84.90994898801567,-8.130,-3.217,0.20,-0.639,-0.147,-114.4,29,0.0249,0.00
16:29:59,22.263656234860754,84.90994867510062,-8.162,-3.224,0.20,-0.639,-0.147,-114.4,29,0.0000,0.00
16:29:59,22.263656168435563,84.90994836246799,-8.194,-3.232,0.20,-0.639,-0.147,-114.4,29,0.0000,0.00
16:29:59,22.263656102031423,84.90994804993441,-8.226,-3.239,0.22,-0.639,-0.147,-114.5,29,0.0000,0.00
16:29:59,22.263656035657753,84.90994773754426,-8.258,-3.247,0.22,-0.639,-0.147,-114.6,29,0.0000,0.00
16:29:59,22.26365596914617,84.909947424505,-8.291,-3.254,0.22,-0.639,-0.147,-114.6,29,10.0005,0.00
16:29:59,22.263655902718156,84.90994711185907,-8.323,-3.261,0.22,-0.639,-0.147,-114.6,29,10.0005,0.00
16:29:59,22.2636558362782,84.90994679915693,-8.355,-3.269,0.22,-0.639,-0.147,-114.6,29,10.0005,0.00
16:29:59,22.263655769781383,84.90994648618718,-8.387,-3.276,0.22,-0.639,-0.147,-114.3,29,10.0005,0.00
16:29:59,22.26365570331661,84.90994617336824,-8.420,-3.284,0.22,-0.639,-0.147,-114.3,29,0.0000,0.00
16:29:59,22.26365563683833,84.90994586048572,-8.452,-3.291,0.22,-0.639,-0.147,-113.4,29,0.0000,0.00
16:29:59,22.263655570402456,84.9099455478028,-8.484,-3.298,0.22,-0.639,-0.147,-110.1,29,0.0000,0.00
16:29:59,22.2636553690097,84.90994543528883,-8.496,-3.321,0.20,-0.594,-0.179,-108.1,29,0.0189,0.00
16:29:59,22.26365528761093,84.90994514348641,-8.526,-3.330,0.20,-0.594,-0.179,-108.1,29,0.0189,0.00
16:29:59,22.263655206617795,84.90994485313816,-8.556,-3.339,0.20,-0.594,-0.179,-103.9,29,0.0189,0.00
16:30:00,22.263655125450434,84.90994456216531,-8.586,-3.348,0.20,-0.594,-0.179,-102.2,29,0.0189,0.00
16:30:00,22.263655202313572,84.90994423566991,-8.619,-3.339,0.20,-0.604,-0.133,-99.6,29,0.0198,0.00
16:30:00,22.263655142081703,84.9099439392578,-8.650,-3.346,0.20,-0.604,-0.133,-99.6,29,0.0000,0.00
16:30:00,22.263655082106123,84.90994364410693,-8.680,-3.353,0.20,-0.604,-0.133,-98.7,29,0.0000,0.00
16:30:00,22.26365502215072,84.90994334905535,-8.711,-3.359,0.20,-0.604,-0.133,-98.0,29,0.0000,0.00
16:30:00,22.263655037181366,84.90994302901866,-8.744,-3.358,0.19,-0.612,-0.105,-98.0,29,0.0150,0.00
16:30:00,22.263654989519647,84.90994272900417,-8.774,-3.363,0.19,-0.612,-0.105,-97.0,29,0.0150,0.00
16:30:00,22.26365494196554,84.90994242966707,-8.805,-3.368,0.19,-0.612,-0.105,-96.8,29,0.0150,0.00
16:30:00,22.26365489446637,84.90994213067576,-8.836,-3.374,0.19,-0.612,-0.105,-96.7,29,0.0150,0.00
16:30:00,22.263654846992637,84.90994183184458,-8.867,-3.379,0.19,-0.612,-0.105,-96.7,29,0.0000,0.00
16:30:00,22.263654799474555,84.90994153273422,-8.898,-3.384,0.19,-0.612,-0.105,-96.7,29,0.0000,0.00
16:30:00,22.263654751965475,84.90994123368056,-8.928,-3.389,0.19,-0.612,-0.105,-97.0,29,0.0000,0.00
16:30:00,22.263654704403717,84.90994093429528,-8.959,-3.395,0.19,-0.612,-0.105,-97.2,29,0.0000,0.00
16:30:00,22.26365490776547,84.90994060919972,-8.993,-3.372,0.19,-0.621,-0.019,-97.2,29,0.0146,0.00
16:30:00,22.263654899142406,84.90994030529838,-9.024,-3.373,0.19,-0.621,-0.019,-97.2,29,0.0146,0.00
16:30:00,22.26365489055227,84.90994000255745,-9.055,-3.374,0.19,-0.621,-0.019,-97.0,29,0.0146,0.00
16:30:00,22.263654931152644,84.90993965658478,-9.091,-3.370,0.19,-0.636,0.000,-96.8,29,0.0199,0.00
16:30:00,22.26365493130195,84.90993934387674,-9.123,-3.370,0.19,-0.636,0.000,-96.6,29,0.0000,0.00
16:30:00,22.263654931450397,84.9099390329676,-9.155,-3.369,0.19,-0.636,0.000,-96.6,29,0.0000,0.00
16:30:01,22.26365493159908,84.90993872156825,-9.187,-3.369,0.19,-0.636,0.000,-96.1,29,0.0000,0.00
16:30:01,22.263655034583415,84.90993841318834,-9.219,-3.358,0.19,-0.635,0.046,-95.9,29,0.0140,0.00
16:30:01,22.26365505552427,84.9099380997354,-9.251,-3.356,0.19,-0.635,0.046,-95.8,29,0.0140,0.00
16:30:01,22.26365507623891,84.90993778966862,-9.283,-3.353,0.19,-0.635,0.046,-95.8,29,0.0140,0.00
16:30:01,22.263655096977992,84.90993747923586,-9.315,-3.351,0.19,-0.635,0.046,-95.8,29,0.0140,0.00
16:30:01,22.263655117699795,84.90993716906179,-9.347,-3.349,0.19,-0.635,0.046,-95.9,29,0.0000,0.00
16:30:01,22.26365513851036,84.90993685755912,-9.379,-3.346,0.19,-0.635,0.046,-96.3,29,0.0000,0.00
16:30:01,22.263655159227156,84.90993654746,-9.411,-3.344,0.19,-0.635,0.046,-96.3,29,0.0000,0.00
16:30:01,22.263655179989314,84.90993623668189,-9.443,-3.342,0.19,-0.635,0.046,-96.6,29,0.0000,0.00
16:30:01,22.263655200724667,84.909935926305,-9.475,-3.340,0.19,-0.635,0.046,-96.8,29,0.0000,0.00
16:30:01,22.263655352076192,84.90993567633843,-9.501,-3.323,0.19,-0.616,0.090,-96.8,29,0.0062,0.00
16:30:01,22.263655392912668,84.90993537450322,-9.532,-3.318,0.19,-0.616,0.090,-97.0,29,0.0000,0.00
16:30:01,22.263655433709786,84.9099350729589,-9.563,-3.314,0.19,-0.616,0.090,-97.1,29,0.0000,0.00
16:30:01,22.263655474421434,84.90993477204631,-9.594,-3.309,0.19,-0.616,0.090,-97.1,29,0.0000,0.00
16:30:01,22.263655515200416,84.90993447063605,-9.625,-3.305,0.19,-0.616,0.090,-97.1,29,0.0000,0.00
16:30:01,22.263655555863448,84.9099341700828,-9.656,-3.300,0.19,-0.616,0.090,-97.0,29,0.0000,0.00
16:30:01,22.26365559667002,84.90993386846861,-9.687,-3.295,0.19,-0.616,0.090,-97.0,29,0.0000,0.00
16:30:01,22.263655637471768,84.90993356689007,-9.718,-3.291,0.19,-0.616,0.090,-97.1,29,0.0000,0.00
16:30:01,22.263655678183227,84.90993326597892,-9.749,-3.286,0.19,-0.616,0.090,-97.3,29,0.0000,0.00
16:30:01,22.263655718950247,84.90993296465706,-9.780,-3.282,0.19,-0.616,0.090,-97.3,29,0.0000,0.00
16:30:02,22.263655759669806,84.909932663686,-9.811,-3.277,0.19,-0.616,0.090,-97.4,29,0.0000,0.00
16:30:02,22.263655800416377,84.9099323625153,-9.842,-3.273,0.19,-0.616,0.090,-97.4,29,0.0000,0.00
16:30:02,22.26365584121195,84.9099320609824,-9.873,-3.268,0.19,-0.616,0.090,-97.3,29,0.0000,0.00
16:30:02,22.2636558819209,84.90993176008978,-9.904,-3.264,0.19,-0.616,0.090,-97.3,29,0.0000,0.00
16:30:02,22.263655922648756,84.90993145905739,-9.935,-3.259,0.20,-0.616,0.090,-97.3,29,0.0000,0.00
16:30:02,22.263655963443558,84.9099311575302,-9.967,-3.255,0.20,-0.616,0.090,-97.4,29,0.0000,0.00
16:30:02,22.263655948931937,84.90993068206451,-10.015,-3.256,0.20,-0.651,0.078,-97.7,29,0.0067,0.00
16:30:02,22.263655984434376,84.90993036268709,-10.048,-3.252,0.20,-0.651,0.078,-97.7,29,0.0000,0.00
16:30:02,22.263656019758656,84.9099300449124,-10.081,-3.248,0.20,-0.651,0.078,-97.9,29,0.0000,0.00
16:30:02,22.26365599711085,84.90992970017994,-10.117,-3.251,0.20,-0.658,0.062,-98.0,29,0.0189,0.00
16:30:02,22.2636560253894,84.90992937768827,-10.150,-3.248,0.20,-0.658,0.062,-98.0,29,0.0189,0.00
16:30:02,22.263656053584285,84.90992905615072,-10.183,-3.245,0.20,-0.658,0.062,-98.0,29,0.0189,0.00
16:30:02,22.263656081796253,84.90992873441837,-10.216,-3.241,0.22,-0.658,0.062,-98.0,29,0.0189,0.00
16:30:02,22.26365610999434,84.9099284128443,-10.249,-3.238,0.22,-0.658,0.062,-98.0,29,0.0000,0.00
16:30:02,22.263656138205906,84.90992809111651,-10.282,-3.235,0.22,-0.658,0.062,-98.0,29,0.0000,0.00
16:30:02,22.263656166350223,84.90992777015568,-10.315,-3.232,0.22,-0.658,0.062,-98.4,29,0.0000,0.00
16:30:02,22.263656194542307,84.90992744865007,-10.349,-3.229,0.22,-0.658,0.062,-101.0,29,0.0000,0.00
16:30:02,22.263656272976238,84.90992716346524,-10.378,-3.220,0.20,-0.647,0.078,-103.0,29,0.0158,0.00
16:30:02,22.263656308396172,84.90992684655787,-10.411,-3.216,0.20,-0.647,0.078,-103.0,29,0.0158,0.00
16:30:02,22.26365634364924,84.90992653114346,-10.443,-3.212,0.20,-0.647,0.078,-105.2,29,0.0158,0.00
16:30:03,22.2636563789942,84.90992621490695,-10.476,-3.208,0.20,-0.647,0.078,-107.2,29,0.0158,0.00
16:30:03,22.263656414384677,84.90992589826313,-10.508,-3.204,0.20,-0.647,0.078,-110.1,29,0.0000,0.00
16:30:03,22.263656449782687,84.90992558155192,-10.541,-3.200,0.20,-0.647,0.078,-110.1,29,0.0000,0.00
16:30:03,22.26365648509166,84.90992526563737,-10.574,-3.197,0.20,-0.647,0.078,-111.2,29,0.0000,0.00
16:30:03,22.26365652048113,84.90992494900253,-10.606,-3.193,0.20,-0.647,0.078,-112.9,29,0.0000,0.00
16:30:03,22.263656527924187,84.90992458973531,-10.643,-3.192,0.21,-0.659,0.069,-113.3,29,0.0336,0.00
16:30:03,22.263656559490194,84.90992426591431,-10.676,-3.188,0.21,-0.659,0.069,-113.3,29,0.0336,0.00
16:30:03,22.26365659090434,84.9099239436512,-10.710,-3.185,0.21,-0.659,0.069,-113.4,29,0.0336,0.00
16:30:03,22.26365662232845,84.90992362128584,-10.743,-3.181,0.21,-0.659,0.069,-113.1,29,0.0336,0.00
16:30:03,22.263656653726237,84.90992329919055,-10.776,-3.178,0.21,-0.659,0.069,-112.8,29,0.0336,0.00
16:30:03,22.263656685172958,84.90992297659326,-10.809,-3.174,0.21,-0.659,0.069,-112.8,29,0.0336,0.00
16:30:03,22.263656716554085,84.90992265466889,-10.842,-3.171,0.21,-0.659,0.069,-112.5,29,0.0000,0.00
16:30:03,22.26365674796109,84.909922332479,-10.876,-3.167,0.21,-0.659,0.069,-112.1,29,0.0000,0.00
16:30:03,22.26365677939294,84.90992201003431,-10.909,-3.164,0.21,-0.659,0.069,-112.1,29,0.0000,0.00
16:30:03,22.263656810800242,84.90992168784138,-10.942,-3.160,0.21,-0.659,0.069,-112.4,29,0.0000,0.00
16:30:03,22.26365684229426,84.90992136475887,-10.975,-3.157,0.21,-0.659,0.069,-113.4,29,0.0000,0.00
16:30:03,22.2636568737737,84.90992104182591,-11.009,-3.153,0.21,-0.659,0.069,-116.3,29,0.0000,0.00
16:30:03,22.263656905356072,84.90992071783705,-11.042,-3.150,0.21,-0.659,0.069,-116.3,29,0.0000,0.00
16:30:03,22.26365693679491,84.90992039532064,-11.075,-3.146,0.20,-0.659,0.069,-117.6,29,0.0000,0.00
16:30:04,22.263656968273757,84.90992007239379,-11.109,-3.143,0.20,-0.659,0.069,-119.4,29,0.0000,0.00
16:30:04,22.263656999677195,84.90991975024052,-11.142,-3.139,0.20,-0.659,0.069,-120.1,29,0.0000,0.00
16:30:04,22.26365703114221,84.90991942745556,-11.175,-3.136,0.20,-0.659,0.069,-120.1,29,0.0000,0.00
16:30:04,22.26365706253821,84.90991910537859,-11.208,-3.132,0.19,-0.659,0.069,-120.5,29,0.0000,0.00
16:30:04,22.26365709398835,84.90991878274622,-11.241,-3.129,0.19,-0.659,0.069,-120.6,29,0.0000,0.00
16:30:04,22.2636571253903,84.90991846060821,-11.275,-3.125,0.19,-0.659,0.069,-120.5,29,0.0000,0.00
16:30:04,22.263657188255483,84.90991781570355,-11.341,-3.118,0.19,-0.659,0.069,-120.4,29,0.0000,0.00
16:30:04,22.263657219754705,84.90991749256766,-11.374,-3.115,0.19,-0.659,0.069,-120.0,29,0.0000,0.00
16:30:04,22.263657251266277,84.9099171693051,-11.408,-3.111,0.19,-0.659,0.069,-119.9,29,0.0000,0.00
16:30:04,22.263657282701246,84.90991684682837,-11.441,-3.108,0.19,-0.659,0.069,-119.9,29,0.0000,0.00
16:30:04,22.263657314165815,84.90991652404799,-11.474,-3.104,0.20,-0.659,0.069,-119.8,29,0.0000,0.00
16:30:04,22.263655803998645,84.90991648622663,-11.478,-3.272,0.20,-0.621,-0.154,-119.6,29,0.0063,0.00
16:30:04,22.2636557338302,84.90991618111877,-11.509,-3.280,0.20,-0.621,-0.154,-119.6,29,0.0000,0.00
16:30:04,22.26365566395195,84.90991587727278,-11.541,-3.288,0.20,-0.621,-0.154,-119.6,29,0.0000,0.00
16:30:04,22.263655594183444,84.90991557390393,-11.572,-3.296,0.20,-0.621,-0.154,-119.6,29,0.0000,0.00
16:30:04,22.263655524341555,84.90991527021603,-11.603,-3.303,0.20,-0.621,-0.154,-119.5,29,0.0000,0.00
16:30:04,22.26365545429309,84.90991496562988,-11.635,-3.311,0.20,-0.621,-0.154,-119.4,29,0.0000,0.00
16:30:04,22.26365538419207,84.90991466081522,-11.666,-3.319,0.20,-0.621,-0.154,-119.4,29,0.0000,0.00
16:30:04,22.263655314303247,84.90991435692322,-11.697,-3.327,0.20,-0.621,-0.154,-119.3,29,0.0000,0.00
16:30:04,22.263655244331463,84.9099140526705,-11.729,-3.335,0.20,-0.621,-0.154,-119.2,29,0.0000,0.00
16:30:05,22.263655174440657,84.9099137487699,-11.760,-3.342,0.20,-0.621,-0.154,-119.3,29,0.0000,0.00
16:30:05,22.263655104443423,84.90991344440651,-11.791,-3.350,0.20,-0.621,-0.154,-119.3,29,0.0000,0.00
16:30:05,22.26365503459063,84.90991314067118,-11.823,-3.358,0.20,-0.621,-0.154,-119.3,29,0.0000,0.00
16:30:05,22.263654964517045,84.9099128359758,-11.854,-3.366,0.19,-0.621,-0.154,-119.3,29,0.0000,0.00
16:30:05,22.263654894548566,84.90991253173745,-11.885,-3.374,0.19,-0.621,-0.154,-119.3,29,0.0000,0.00
16:30:05,22.263654824597275,84.90991222757384,-11.917,-3.381,0.19,-0.621,-0.154,-119.3,29,0.0000,0.00
16:30:05,22.263654754837358,84.90991192424237,-11.948,-3.389,0.19,-0.621,-0.154,-119.3,29,0.0000,0.00
16:30:05,22.26365468485764,84.90991161995514,-11.979,-3.397,0.19,-0.621,-0.154,-119.2,29,0.0000,0.00
16:30:05,22.263654614771493,84.90991131520515,-12.011,-3.405,0.19,-0.621,-0.154,-119.2,29,0.0000,0.00
16:30:05,22.263654544746494,84.90991101072103,-12.042,-3.413,0.19,-0.621,-0.154,-119.2,29,0.0000,0.00
16:30:05,22.263654474835196,84.90991070673132,-12.073,-3.420,0.19,-0.621,-0.154,-119.1,29,0.0000,0.00
16:30:05,22.263654404768552,84.90991040206613,-12.105,-3.428,0.19,-0.621,-0.154,-118.8,29,0.0000,0.00
16:30:05,22.263654334730663,84.90991009752597,-12.136,-3.436,0.19,-0.621,-0.154,-118.7,29,0.0000,0.00
16:30:05,22.26365426471525,84.90990979308353,-12.168,-3.444,0.19,-0.621,-0.154,-118.7,29,0.0000,0.00
16:30:05,22.263654194889888,84.9099094894675,-12.199,-3.451,0.19,-0.621,-0.154,-118.4,29,0.0000,0.00
16:30:05,22.263654124906537,84.90990918516447,-12.230,-3.459,0.19,-0.621,-0.154,-118.2,29,0.0000,0.00
16:30:05,22.263654054908642,84.9099088807982,-12.261,-3.467,0.19,-0.621,-0.154,-118.2,29,0.0000,0.00
16:30:05,22.263653984956026,84.90990857662884,-12.293,-3.475,0.19,-0.621,-0.154,-117.6,29,0.0000,0.00
16:30:05,22.263653914923758,84.90990827211311,-12.324,-3.483,0.19,-0.621,-0.154,-117.2,29,0.0000,0.00
16:30:05,22.26365384483001,84.90990796733006,-12.356,-3.490,0.19,-0.621,-0.154,-116.9,29,0.0000,0.00
16:30:06,22.26365377494879,84.90990766347113,-12.387,-3.498,0.19,-0.621,-0.154,-116.9,29,0.0000,0.00
16:30:06,22.263653705208043,84.90990736022302,-12.418,-3.506,0.19,-0.621,-0.154,-116.4,29,0.0000,0.00
16:30:06,22.263653635353265,84.90990705647906,-12.449,-3.514,0.19,-0.621,-0.154,-116.3,29,0.0000,0.00
16:30:06,22.26365356528596,84.90990675181098,-12.481,-3.522,0.19,-0.621,-0.154,-116.0,29,0.0000,0.00
16:30:06,22.263653495389864,84.90990644788738,-12.512,-3.529,0.27,-0.621,-0.154,-116.0,29,0.0000,0.00
16:30:06,22.263653425464355,84.90990614383587,-12.543,-3.537,0.27,-0.621,-0.154,-115.5,29,0.0000,0.00
16:30:06,22.263653355474393,84.9099058395041,-12.575,-3.545,0.27,-0.621,-0.154,-115.1,29,0.0000,0.00
16:30:06,22.263652355636818,84.90990648561824,-12.508,-3.656,0.27,-0.529,-0.251,-114.8,29,0.0068,0.00
16:30:06,22.26365224154903,84.9099062258328,-12.535,-3.669,0.32,-0.529,-0.251,-114.8,29,0.0000,0.00
16:30:06,22.263652127753932,84.90990596671385,-12.562,-3.682,0.32,-0.529,-0.251,-113.9,29,0.0000,0.00
16:30:06,22.263652013963142,84.90990570760471,-12.588,-3.694,0.32,-0.529,-0.251,-113.5,29,0.0000,0.00
16:30:06,22.263651900234226,84.90990544863647,-12.615,-3.707,0.32,-0.529,-0.251,-113.5,29,0.0000,0.00
16:30:06,22.263651804246805,84.90990517134497,-12.644,-3.718,0.32,-0.532,-0.248,-112.5,28,0.0064,0.00
16:30:06,22.26365169148644,84.90990491024498,-12.671,-3.730,0.32,-0.532,-0.248,-112.1,28,0.0000,0.00
16:30:06,22.26365157926069,84.90990465038288,-12.697,-3.743,0.32,-0.532,-0.248,-111.6,28,0.0000,0.00
16:30:06,22.26365146709505,84.90990439065999,-12.724,-3.755,0.32,-0.532,-0.248,-111.6,28,0.0000,0.00
16:30:06,22.263651354952813,84.9099041309913,-12.751,-3.768,0.32,-0.532,-0.248,-110.6,28,0.0000,0.00
16:30:06,22.26365156987326,84.90990387374913,-12.777,-3.744,0.37,-0.532,-0.165,-110.1,28,0.0076,0.00
16:30:06,22.263651495140543,84.90990361334852,-12.804,-3.752,0.37,-0.532,-0.165,-109.6,28,0.0000,0.00
16:30:07,22.263651420545536,84.90990335342775,-12.831,-3.760,0.37,-0.532,-0.165,-109.6,28,0.0000,0.00
16:30:07,22.26365134610554,84.90990309404712,-12.858,-3.769,0.37,-0.532,-0.165,-109.1,28,0.0000,0.00
16:30:07,22.263651271642598,84.9099028345865,-12.884,-3.777,0.37,-0.532,-0.165,-107.9,28,0.0000,0.00
16:30:07,22.263651149222657,84.90990251481283,-12.917,-3.791,0.37,-0.550,-0.181,-106.6,28,0.0064,0.00
16:30:07,22.26365106716742,84.90990224523078,-12.945,-3.800,0.37,-0.550,-0.181,-106.6,28,0.0000,0.00
16:30:07,22.263650985186224,84.909901975892,-12.973,-3.809,0.37,-0.550,-0.181,-106.1,28,0.0000,0.00
16:30:07,22.263650903365907,84.90990170708176,-13.001,-3.818,0.47,-0.550,-0.181,-105.6,28,0.0000,0.00
16:30:07,22.26365082142735,84.90990143788306,-13.028,-3.827,0.47,-0.550,-0.181,-104.7,28,0.0000,0.00
16:30:07,22.263650739496164,84.90990116870857,-13.056,-3.836,0.47,-0.550,-0.181,-104.7,28,0.0000,0.00
16:30:07,22.263650657588236,84.90990089961049,-13.084,-3.845,0.47,-0.550,-0.181,-104.2,28,0.0000,0.00
16:30:07,22.263650575534548,84.90990063003353,-13.111,-3.854,0.53,-0.550,-0.181,-103.8,28,0.0000,0.00
16:30:07,22.263650493439382,84.90990036032031,-13.139,-3.864,0.53,-0.550,-0.181,-103.8,28,0.0000,0.00
16:30:07,22.263650411678764,84.9099000917062,-13.167,-3.873,0.53,-0.550,-0.181,-102.9,28,0.0000,0.00
16:30:07,22.2636503295867,84.90989982200317,-13.195,-3.882,0.53,-0.550,-0.181,-102.5,28,0.0000,0.00
16:30:07,22.26365024753185,84.90989955242239,-13.223,-3.891,0.53,-0.550,-0.181,-102.4,28,0.0000,0.00
16:30:07,22.26365016534248,84.90989928239968,-13.250,-3.900,0.53,-0.550,-0.181,-102.4,26,0.0000,0.00
16:30:07,22.26365008346789,84.90989901341113,-13.278,-3.909,0.53,-0.550,-0.181,-102.5,26,0.0000,0.00
16:30:07,22.263650001307983,84.90989874348521,-13.306,-3.918,0.53,-0.550,-0.181,-102.7,26,0.0000,0.00
16:30:07,22.26364991927562,84.9098984739783,-13.334,-3.927,0.53,-0.550,-0.181,-102.9,26,0.0000,0.00
16:30:07,22.263649837178125,84.90989820425744,-13.361,-3.937,0.59,-0.550,-0.181,-103.4,26,0.0000,0.00
16:30:08,22.263649754957743,84.90989793413284,-13.389,-3.946,0.59,-0.550,-0.181,-103.4,26,0.0000,0.00
16:30:08,22.263649673038962,84.9098976649991,-13.417,-3.955,0.59,-0.550,-0.181,-103.6,26,0.0000,0.00
16:30:08,22.26364959102249,84.90989739554442,-13.445,-3.964,0.59,-0.550,-0.181,-103.9,26,0.0000,0.00
16:30:08,22.263649508974616,84.90989712598656,-13.472,-3.973,0.59,-0.550,-0.181,-104.5,23,0.0000,0.00
16:30:08,22.263649426953105,84.90989685651532,-13.500,-3.982,0.59,-0.550,-0.181,-104.5,23,0.0000,0.00
16:30:08,22.263649344912597,84.90989658698167,-13.528,-3.991,0.59,-0.550,-0.181,-104.7,23,0.0000,0.00
16:30:08,22.263649262882556,84.9098963174824,-13.556,-4.001,0.59,-0.550,-0.181,-104.9,23,0.0000,0.00
16:30:08,22.2636491808405,84.90989604794366,-13.584,-4.010,0.59,-0.550,-0.181,-105.2,23,0.0000,0.00
16:30:08,22.263649098771694,84.90989577831705,-13.611,-4.019,0.59,-0.550,-0.181,-105.2,23,0.0000,0.00
16:30:08,22.263649029838962,84.90989485763521,-13.706,-4.026,0.59,-0.641,-0.179,-105.3,23,0.0070,0.00
16:30:08,22.26364894827712,84.9098945421303,-13.739,-4.036,0.59,-0.641,-0.179,-105.3,23,0.0000,0.00
16:30:08,22.26364886706502,84.90989422797828,-13.771,-4.045,0.59,-0.641,-0.179,-105.3,23,0.0000,0.00
16:30:08,22.263648786229883,84.9098939152845,-13.803,-4.054,0.57,-0.641,-0.179,-105.5,20,0.0000,0.00
16:30:08,22.26364870507147,84.90989360134017,-13.836,-4.063,0.57,-0.641,-0.179,-105.6,20,0.0000,0.00
16:30:08,22.26364863518473,84.9098933478911,-13.862,-4.070,0.57,-0.629,-0.177,-105.7,20,0.0087,0.00
16:30:08,22.26364855475133,84.90989303840378,-13.894,-4.079,0.57,-0.629,-0.177,-105.7,20,0.0000,0.00
16:30:08,22.26364847472799,84.90989273049424,-13.925,-4.088,0.53,-0.629,-0.177,-105.6,20,0.0000,0.00
16:30:08,22.263648394481084,84.90989242172448,-13.957,-4.097,0.53,-0.629,-0.177,-105.4,20,0.0000,0.00
16:30:08,22.26364831438322,84.9098921135282,-13.989,-4.106,0.53,-0.629,-0.177,-104.9,20,0.0000,0.00
16:30:08,22.26364825696986,84.90989182567724,-14.019,-4.112,0.53,-0.623,-0.170,-104.9,20,0.0069,0.00
16:30:09,22.263648179670227,84.90989151908403,-14.050,-4.121,0.53,-0.623,-0.170,-104.7,20,0.0000,0.00
16:30:09,22.263648102482232,84.90989121293359,-14.082,-4.130,0.53,-0.623,-0.170,-104.6,20,0.0000,0.00
16:30:09,22.263648025604056,84.90989090801199,-14.113,-4.138,0.53,-0.623,-0.170,-104.5,20,0.0000,0.00
16:30:09,22.263647948748428,84.90989060317982,-14.144,-4.147,0.53,-0.623,-0.170,-104.4,20,0.0000,0.00
16:30:09,22.263647861479992,84.90989021544004,-14.184,-4.157,0.55,-0.651,-0.174,-104.4,19,0.0073,0.00
16:30:09,22.26364778258774,84.90988989561428,-14.217,-4.165,0.55,-0.651,-0.174,-104.5,19,0.0000,0.00
16:30:09,22.263647703832643,84.90988957634457,-14.250,-4.174,0.55,-0.651,-0.174,-105.0,19,0.0000,0.00
16:30:09,22.263647625121408,84.90988925725267,-14.283,-4.183,0.55,-0.651,-0.174,-105.3,19,0.0000,0.00
16:30:09,22.26364754640831,84.90988893815323,-14.316,-4.192,0.57,-0.651,-0.174,-105.3,19,0.0000,0.00
16:30:09,22.26364746784613,84.90988861966558,-14.349,-4.200,0.57,-0.651,-0.174,-105.7,19,0.0000,0.00
16:30:09,22.263647389166863,84.90988830070327,-14.382,-4.209,0.57,-0.651,-0.174,-106.0,19,0.0000,0.00
16:30:09,22.26364731036456,84.90988798124218,-14.415,-4.218,0.57,-0.651,-0.174,-106.5,19,0.0000,0.00
16:30:09,22.26364723159534,84.9098876619152,-14.447,-4.227,0.57,-0.651,-0.174,-106.5,19,0.0000,0.00
16:30:09,22.263647153144667,84.90988734387962,-14.480,-4.235,0.57,-0.651,-0.174,-106.8,15,0.0000,0.00
16:30:09,22.26364707419517,84.90988702382181,-14.513,-4.244,0.57,-0.651,-0.174,-107.4,15,0.0000,0.00
16:30:09,22.263646997803292,84.90988703849618,-14.512,-4.253,0.57,-0.563,-0.173,-107.9,15,0.0060,0.00
16:30:09,22.263646918948464,84.90988676120482,-14.540,-4.261,0.57,-0.563,-0.173,-107.9,15,0.0000,0.00
16:30:09,22.26364684071433,84.9098864860961,-14.569,-4.270,0.58,-0.563,-0.173,-108.3,15,0.0000,0.00
16:30:09,22.263646762167625,84.90988620988823,-14.597,-4.279,0.58,-0.563,-0.173,-108.8,15,0.0000,0.00
16:30:10,22.26364668381646,84.90988593436799,-14.625,-4.288,0.58,-0.563,-0.173,-108.8,15,0.0000,0.00
16:30:10,22.26364672219607,84.90988613755195,-14.605,-4.283,0.58,-0.415,-0.134,-108.8,15,0.0060,0.00
16:30:10,22.263646661419134,84.90988593416468,-14.625,-4.290,0.58,-0.415,-0.134,-108.6,15,0.0000,0.00
16:30:10,22.263646600703044,84.90988573098102,-14.646,-4.297,0.58,-0.415,-0.134,-106.7,15,0.0000,0.00
16:30:10,22.26364654005929,84.90988552803944,-14.667,-4.304,0.58,-0.415,-0.134,-106.7,15,0.0000,0.00
16:30:10,22.263646479470932,84.90988532528324,-14.688,-4.310,0.58,-0.415,-0.134,-104.9,15,0.0000,0.00
16:30:10,22.263646279855706,84.90988506621791,-14.715,-4.333,0.60,-0.435,-0.187,-101.4,15,0.0054,0.00
16:30:10,22.26364619496616,84.90988485299081,-14.737,-4.342,0.60,-0.435,-0.187,-100.0,15,0.0000,0.00
16:30:10,22.263646110304677,84.90988464033656,-14.759,-4.351,0.60,-0.435,-0.187,-100.0,15,0.0000,0.00
16:30:10,22.263646025861636,84.909884428231,-14.781,-4.361,0.60,-0.435,-0.187,-98.8,15,0.0000,0.00
16:30:10,22.26364594117851,84.90988421552238,-14.803,-4.370,0.60,-0.435,-0.187,-97.1,15,0.0000,0.00
16:30:10,22.26364588144604,84.90988397625726,-14.827,-4.377,0.60,-0.445,-0.177,-96.8,15,0.0052,0.00
16:30:10,22.26364580105855,84.90988375776482,-14.850,-4.386,0.60,-0.445,-0.177,-96.8,15,0.0000,0.00
16:30:10,22.263645720989025,84.90988354013659,-14.872,-4.395,0.60,-0.445,-0.177,-97.0,15,0.0000,0.00
16:30:10,22.263645641090044,84.90988332297191,-14.894,-4.404,0.60,-0.445,-0.177,-99.2,15,0.0000,0.00
16:30:10,22.26364556104326,84.90988310540548,-14.917,-4.413,0.60,-0.445,-0.177,-100.6,15,0.0000,0.00
16:30:10,22.263645571260792,84.909882642141,-14.965,-4.411,0.60,-0.541,-0.139,-100.6,15,0.0064,0.00
16:30:10,22.26364550836415,84.9098823776086,-14.992,-4.418,0.60,-0.541,-0.139,-103.0,15,0.0000,0.00
16:30:10,22.263645445557653,84.90988211345532,-15.019,-4.425,0.60,-0.541,-0.139,-104.1,15,0.0000,0.00
16:30:10,22.263645382804114,84.9098818495248,-15.046,-4.432,0.60,-0.541,-0.139,-105.1,15,0.0000,0.00
16:30:11,22.263645319999405,84.90988158537903,-15.073,-4.439,0.60,-0.541,-0.139,-105.1,15,0.0000,0.00
16:30:11,22.263645257340773,84.90988132184765,-15.101,-4.446,0.60,-0.541,-0.139,-105.9,15,0.0000,0.00
16:30:11,22.26364519463513,84.90988105811856,-15.128,-4.453,0.60,-0.541,-0.139,-107.3,15,0.0000,0.00
16:30:11,22.263645131837265,84.90988079400158,-15.155,-4.460,0.58,-0.541,-0.139,-107.3,0,0.0000,0.00
16:30:11,22.26364506909116,84.90988053010233,-15.182,-4.467,0.58,-0.541,-0.139,-108.1,0,0.0000,0.00
16:30:11,22.26364500620404,84.90988026560996,-15.209,-4.474,0.58,-0.541,-0.139,-108.2,0,0.0000,0.00
16:30:11,22.263644943402305,84.90988000147671,-15.237,-4.481,0.58,-0.541,-0.139,-108.3,0,0.0000,0.00
16:30:11,22.26364481755428,84.90987947218167,-15.291,-4.495,0.58,-0.541,-0.139,-108.3,0,0.0000,0.00
16:30:11,22.26364475459308,84.90987920737774,-15.318,-4.502,0.58,-0.541,-0.139,-108.3,0,0.0000,0.00
16:30:11,22.26364469166966,84.90987894273272,-15.346,-4.509,0.58,-0.541,-0.139,-108.3,0,0.0000,0.00
16:30:11,22.26364462885781,84.90987867855694,-15.373,-4.516,0.58,-0.541,-0.139,-108.3,0,0.0000,0.00
16:30:11,22.263644566185494,84.90987841496799,-15.400,-4.523,0.53,-0.541,-0.139,-108.4,4,0.0000,0.00
16:30:11,22.263644503115106,84.90987814970484,-15.427,-4.530,0.53,-0.541,-0.139,-108.5,4,0.0000,0.00
16:30:11,22.26364444033271,84.90987788565293,-15.455,-4.537,0.53,-0.541,-0.139,-108.6,4,0.0000,0.00
16:30:11,22.263644377414945,84.90987762103168,-15.482,-4.544,0.53,-0.541,-0.139,-108.6,4,0.0000,0.00
16:30:11,22.26364431467063,84.90987735713993,-15.509,-4.551,0.49,-0.541,-0.139,-108.8,4,0.0000,0.00
16:30:11,22.263644251833487,84.90987709285778,-15.536,-4.558,0.49,-0.541,-0.139,-109.0,4,0.0000,0.00
16:30:11,22.26364418889579,84.9098768281527,-15.564,-4.565,0.49,-0.541,-0.139,-109.3,4,0.0000,0.00
16:30:11,22.263644126165754,84.90987656432101,-15.591,-4.572,0.49,-0.541,-0.139,-109.3,4,0.0000,0.00
16:30:11,22.263644063447025,84.90987630053688,-15.618,-4.579,0.49,-0.541,-0.139,-109.6,4,0.0000,0.00
16:30:12,22.2636440004885,84.9098760357442,-15.645,-4.586,0.49,-0.541,-0.139,-109.6,4,0.0000,0.00
16:30:12,22.26364393763827,84.909875771407,-15.672,-4.593,0.49,-0.541,-0.139,-109.7,4,0.0000,0.00
16:30:12,22.26364387471753,84.90987550677325,-15.700,-4.600,0.49,-0.541,-0.139,-109.7,4,0.0000,0.00
16:30:12,22.26364381196518,84.9098752428477,-15.727,-4.607,0.47,-0.541,-0.139,-110.2,7,0.0000,0.00
16:30:12,22.263643749095912,84.90987497843042,-15.754,-4.614,0.47,-0.541,-0.139,-110.4,7,0.0000,0.00
16:30:12,22.263643686176362,84.90987471380167,-15.781,-4.621,0.47,-0.541,-0.139,-110.7,7,0.0000,0.00
16:30:12,22.26364303419233,84.90987399933948,-15.855,-4.694,0.47,-0.595,-0.216,-110.7,7,0.0065,0.00
16:30:12,22.263642936364032,84.90987370771607,-15.885,-4.705,0.47,-0.595,-0.216,-111.1,7,0.0000,0.00
16:30:12,22.263642838628115,84.90987341636806,-15.915,-4.716,0.47,-0.595,-0.216,-111.3,7,0.0000,0.00
16:30:12,22.263642741006752,84.90987312536153,-15.945,-4.727,0.47,-0.595,-0.216,-111.6,7,0.0000,0.00
16:30:12,22.263642643486087,84.90987283465516,-15.975,-4.737,0.47,-0.595,-0.216,-111.6,7,0.0000,0.00
16:30:12,22.263642700190196,84.90987316079746,-15.941,-4.731,0.47,-0.485,-0.186,-112.0,7,0.0049,0.00
16:30:12,22.2636426157806,84.9098729229507,-15.966,-4.740,0.45,-0.485,-0.186,-112.1,8,0.0000,0.00
16:30:12,22.263642531550957,84.90987268561099,-15.990,-4.750,0.45,-0.485,-0.186,-112.1,8,0.0000,0.00
16:30:12,22.26364244748494,84.90987244873234,-16.015,-4.759,0.45,-0.485,-0.186,-112.1,8,0.0000,0.00
16:30:12,22.26364236348979,84.90987221205339,-16.039,-4.769,0.45,-0.485,-0.186,-112.1,8,0.0000,0.00
16:30:12,22.263642416175397,84.90987237135762,-16.023,-4.763,0.44,-0.380,-0.147,-111.6,8,0.0036,0.00
16:30:12,22.263642349493573,84.90987218486285,-16.042,-4.770,0.44,-0.380,-0.147,-110.8,8,0.0000,0.00
16:30:12,22.26364228286462,84.90987199851594,-16.061,-4.778,0.44,-0.380,-0.147,-110.8,8,0.0000,0.00
16:30:12,22.26364221652742,84.90987181298499,-16.080,-4.785,0.44,-0.380,-0.147,-108.2,8,0.0000,0.00
16:30:13,22.26364215008919,84.9098716271715,-16.099,-4.792,0.44,-0.380,-0.147,-106.6,10,0.0000,0.00
16:30:13,22.26364201706416,84.90987156938348,-16.105,-4.807,0.44,-0.338,-0.171,-105.1,10,0.0039,0.00
16:30:13,22.263641939491187,84.90987140354311,-16.122,-4.816,0.44,-0.338,-0.171,-105.1,10,0.0000,0.00
16:30:13,22.263641862170516,84.9098712382421,-16.139,-4.824,0.44,-0.338,-0.171,-102.7,10,0.0000,0.00
16:30:13,22.263641784919315,84.90987107308963,-16.156,-4.833,0.42,-0.338,-0.171,-101.8,10,0.0000,0.00
16:30:13,22.263641707586576,84.90987090776282,-16.174,-4.842,0.42,-0.338,-0.171,-101.1,10,0.0000,0.00
16:30:13,22.26364163030466,84.90987074254468,-16.191,-4.850,0.42,-0.338,-0.171,-101.1,10,0.0000,0.00
16:30:13,22.263641553218367,84.90987057774477,-16.208,-4.859,0.42,-0.338,-0.171,-100.0,10,0.0000,0.00
16:30:13,22.26364147582895,84.9098704122968,-16.225,-4.867,0.41,-0.338,-0.171,-99.6,10,0.0000,0.00
16:30:13,22.263641398602616,84.90987024719749,-16.242,-4.876,0.41,-0.338,-0.171,-99.4,10,0.0000,0.00
16:30:13,22.263641321400414,84.90987008214975,-16.259,-4.885,0.41,-0.338,-0.171,-99.5,10,0.0000,0.00
16:30:13,22.26364124412764,84.90986991695115,-16.276,-4.893,0.41,-0.338,-0.171,-99.5,10,0.0000,0.00
16:30:13,22.263641167070233,84.90986975221298,-16.293,-4.902,0.41,-0.338,-0.171,-99.8,10,0.0000,0.00
16:30:13,22.263641089647546,84.90986958669389,-16.310,-4.910,0.41,-0.338,-0.171,-100.0,11,0.0000,0.00
16:30:13,22.26364101228592,84.90986942130534,-16.327,-4.919,0.41,-0.338,-0.171,-99.5,11,0.0000,0.00
16:30:13,22.26364093503801,84.9098692561599,-16.344,-4.928,0.41,-0.338,-0.171,-99.5,11,0.0000,0.00
16:30:13,22.263640857814597,84.90986909106684,-16.361,-4.936,0.41,-0.338,-0.171,-99.0,11,0.0000,0.00
16:30:13,22.263640969577466,84.9098696006622,-16.308,-4.924,0.40,-0.198,-0.129,-98.3,11,0.0022,0.00
16:30:13,22.263640911214033,84.90986950329774,-16.318,-4.930,0.40,-0.198,-0.129,-96.8,11,0.0000,0.00
16:30:14,22.263640853069454,84.90986940629837,-16.328,-4.937,0.40,-0.198,-0.129,-96.8,11,0.0000,0.00
16:30:14,22.263640794915514,84.9098693092834,-16.338,-4.943,0.40,-0.198,-0.129,-96.8,11,0.0000,0.00
16:30:14,22.26364073666963,84.90986921211504,-16.348,-4.950,0.38,-0.198,-0.129,-94.3,0,0.0000,0.00
16:30:14,22.263640678452372,84.90986911499444,-16.358,-4.956,0.38,-0.198,-0.129,-90.6,0,0.0000,0.00
16:30:14,22.263640620167397,84.90986901776085,-16.368,-4.963,0.38,-0.198,-0.129,-90.6,0,0.0000,0.00
16:30:14,22.263640562109533,84.90986892090615,-16.378,-4.969,0.38,-0.198,-0.129,-88.7,0,0.0000,0.00
16:30:14,22.263640503870256,84.90986882374881,-16.388,-4.976,0.38,-0.198,-0.129,-87.2,0,0.0000,0.00
16:30:14,22.263640445725674,84.90986872674945,-16.398,-4.982,0.38,-0.198,-0.129,-85.0,0,0.0000,0.00
16:30:14,22.263640521562372,84.90986822371106,-16.450,-4.974,0.38,-0.292,-0.095,-85.0,0,0.0039,0.00
16:30:14,22.263640478350492,84.90986808076269,-16.465,-4.978,0.38,-0.292,-0.095,-84.4,0,0.0000,0.00
16:30:14,22.263640435132903,84.90986793779541,-16.479,-4.983,0.38,-0.292,-0.095,-84.2,0,0.0000,0.00
16:30:14,22.26364039196979,84.90986779500837,-16.494,-4.988,0.35,-0.292,-0.095,-84.2,4,0.0000,0.00
16:30:14,22.263640348800152,84.90986765219972,-16.509,-4.993,0.35,-0.292,-0.095,-85.3,4,0.0000,0.00
16:30:14,22.263640305724778,84.90986750970293,-16.524,-4.998,0.35,-0.292,-0.095,-86.6,4,0.0000,0.00
16:30:14,22.263640262618186,84.90986736710286,-16.538,-5.002,0.35,-0.292,-0.095,-88.1,4,0.0000,0.00
16:30:14,22.2636402194463,84.90986722428678,-16.553,-5.007,0.35,-0.292,-0.095,-88.1,4,0.0000,0.00
16:30:14,22.263640176382356,84.9098670818278,-16.568,-5.012,0.35,-0.292,-0.095,-90.7,4,0.0000,0.00
16:30:14,22.263640133301884,84.90986693931413,-16.582,-5.017,0.35,-0.292,-0.095,-91.8,4,0.0000,0.00
16:30:14,22.263640247542412,84.90986584490967,-16.695,-5.004,0.35,-0.523,-0.054,-93.6,4,0.0061,0.00
16:30:14,22.263640223050885,84.90986558855727,-16.722,-5.007,0.32,-0.523,-0.054,-93.6,4,0.0000,0.00
16:30:15,22.263640198651352,84.9098653331678,-16.748,-5.010,0.32,-0.523,-0.054,-94.3,4,0.0000,0.00
16:30:15,22.263640174237487,84.90986507762831,-16.774,-5.012,0.32,-0.523,-0.054,-94.9,4,0.0000,0.00
16:30:15,22.263640149845816,84.9098648223211,-16.800,-5.015,0.32,-0.523,-0.054,-95.8,4,0.0000,0.00
16:30:15,22.26364012540537,84.90986456650339,-16.827,-5.018,0.27,-0.523,-0.054,-95.8,5,0.0000,0.00
16:30:15,22.263640101000984,84.9098643110631,-16.853,-5.020,0.27,-0.523,-0.054,-96.1,5,0.0000,0.00
16:30:15,22.26364007657591,84.90986405540627,-16.879,-5.023,0.27,-0.523,-0.054,-96.2,5,0.0000,0.00
16:30:15,22.26364005211628,84.90986379938775,-16.906,-5.026,0.27,-0.523,-0.054,-96.2,5,0.0000,0.00
16:30:15,22.26364002763596,84.9098635431527,-16.932,-5.029,0.27,-0.523,-0.054,-96.2,5,0.0000,0.00
16:30:15,22.26364000321551,84.90986328754425,-16.959,-5.031,0.27,-0.523,-0.054,-96.1,5,0.0000,0.00
16:30:15,22.26363997873831,84.90986303134186,-16.985,-5.034,0.27,-0.523,-0.054,-96.0,5,0.0000,0.00
16:30:15,22.263639954321444,84.90986277577092,-17.011,-5.037,0.27,-0.523,-0.054,-95.9,5,0.0000,0.00
16:30:15,22.26363992989984,84.9098625201504,-17.038,-5.039,0.27,-0.523,-0.054,-95.9,5,0.0000,0.00
16:30:15,22.263639905513134,84.9098622648952,-17.064,-5.042,0.25,-0.523,-0.054,-95.5,6,0.0000,0.00
16:30:15,22.263639881024147,84.9098620085694,-17.090,-5.045,0.25,-0.523,-0.054,-95.2,6,0.0000,0.00
16:30:15,22.263639856538166,84.90986175227506,-17.117,-5.048,0.25,-0.523,-0.054,-95.2,6,0.0000,0.00
16:30:15,22.26363983210211,84.90986149650332,-17.143,-5.050,0.25,-0.523,-0.054,-95.2,6,0.0000,0.00
16:30:15,22.26363980770882,84.90986124117917,-17.169,-5.053,0.21,-0.523,-0.054,-95.3,6,0.0000,0.00
16:30:15,22.26363978328606,84.90986098554654,-17.196,-5.056,0.21,-0.523,-0.054,-95.6,6,0.0000,0.00
16:30:15,22.26363975884515,84.90986072972399,-17.222,-5.059,0.21,-0.523,-0.054,-95.8,6,0.0000,0.00
16:30:15,22.263639734434292,84.90986047421596,-17.248,-5.061,0.21,-0.523,-0.054,-95.8,6,0.0000,0.00
16:30:16,22.263639710058683,84.90986021907689,-17.275,-5.064,0.21,-0.523,-0.054,-95.9,6,0.0000,0.00
16:30:16,22.2636396856276,84.90985996335716,-17.301,-5.067,0.21,-0.523,-0.054,-96.2,6,0.0000,0.00
16:30:16,22.263639661207613,84.90985970775357,-17.327,-5.069,0.21,-0.523,-0.054,-96.2,6,0.0000,0.00
16:30:16,22.263639636729373,84.90985945154029,-17.354,-5.072,0.21,-0.523,-0.054,-96.2,6,0.0000,0.00
16:30:16,22.26363961227344,84.90985919556047,-17.380,-5.075,0.20,-0.523,-0.054,-96.3,7,0.0000,0.00
16:30:16,22.263639587796938,84.90985893936534,-17.407,-5.078,0.20,-0.523,-0.054,-96.4,7,0.0000,0.00
16:30:16,22.263639563376486,84.9098586837569,-17.433,-5.080,0.20,-0.523,-0.054,-96.7,7,0.0000,0.00
16:30:16,22.263639538932573,84.90985842790289,-17.459,-5.083,0.20,-0.523,-0.054,-96.7,7,0.0000,0.00
16:30:16,22.263639514531885,84.90985817250132,-17.486,-5.086,0.21,-0.523,-0.054,-97.0,7,0.0000,0.00
16:30:16,22.26363949011629,84.9098579169437,-17.512,-5.088,0.21,-0.523,-0.054,-97.3,7,0.0000,0.00
16:30:16,22.26363946566186,84.90985766097961,-17.538,-5.091,0.21,-0.523,-0.054,-97.6,7,0.0000,0.00
16:30:16,22.263639441217716,84.90985740512318,-17.565,-5.094,0.21,-0.523,-0.054,-97.6,7,0.0000,0.00
16:30:16,22.26363941684777,84.9098571500434,-17.591,-5.097,0.21,-0.523,-0.054,-98.1,7,0.0000,0.00
16:30:16,22.263639392448123,84.9098568946527,-17.617,-5.099,0.21,-0.523,-0.054,-98.4,8,0.0000,0.00
16:30:16,22.263639051594957,84.9098558405297,-17.726,-5.137,0.21,-0.604,-0.089,-98.4,8,0.0065,0.00
16:30:16,22.263639011202123,84.90985554371221,-17.756,-5.142,0.21,-0.604,-0.089,-98.4,8,0.0000,0.00
16:30:16,22.26363897106807,84.90985524879632,-17.787,-5.146,0.21,-0.604,-0.089,-98.3,8,0.0000,0.00
16:30:16,22.263638930820605,84.90985495304709,-17.817,-5.151,0.19,-0.604,-0.089,-98.0,8,0.0000,0.00
16:30:16,22.263638890650018,84.90985465786274,-17.848,-5.155,0.19,-0.604,-0.089,-97.8,8,0.0000,0.00
16:30:17,22.263638850427483,84.90985436229667,-17.878,-5.160,0.19,-0.604,-0.089,-97.8,8,0.0000,0.00
16:30:17,22.263638810270976,84.90985406721579,-17.908,-5.164,0.19,-0.604,-0.089,-97.5,8,0.0000,0.00
16:30:17,22.263638769955964,84.90985377097017,-17.939,-5.169,0.18,-0.604,-0.089,-97.2,17,0.0000,0.00
16:30:17,22.263638729793747,84.90985347584734,-17.969,-5.173,0.18,-0.604,-0.089,-97.2,17,0.0000,0.00
16:30:17,22.263638689579967,84.90985318034559,-18.000,-5.178,0.18,-0.604,-0.089,-97.1,17,0.0000,0.00
16:30:17,22.263638649393396,84.90985288504379,-18.030,-5.182,0.18,-0.604,-0.089,-97.4,17,0.0000,0.00
16:30:17,22.263638609181328,84.90985258955463,-18.061,-5.186,0.18,-0.604,-0.089,-97.5,17,0.0000,0.00
16:30:17,22.26363856886898,84.90985229332858,-18.091,-5.191,0.18,-0.604,-0.089,-97.5,17,0.0000,0.00
16:30:17,22.263638528638452,84.9098519977038,-18.122,-5.195,0.18,-0.604,-0.089,-97.6,17,0.0000,0.00
16:30:17,22.263638488461012,84.90985170246911,-18.152,-5.200,0.18,-0.604,-0.089,-97.2,17,0.0000,0.00
16:30:17,22.263638493666438,84.9098512913631,-18.194,-5.199,0.18,-0.622,-0.081,-97.1,17,0.0066,0.00
16:30:17,22.263638456536853,84.90985098512509,-18.226,-5.203,0.20,-0.622,-0.081,-97.1,17,0.0000,0.00
16:30:17,22.263638419573674,84.90985068025954,-18.257,-5.208,0.20,-0.622,-0.081,-97.2,17,0.0000,0.00
16:30:17,22.26363838240938,84.90985037373522,-18.289,-5.212,0.20,-0.622,-0.081,-97.2,17,0.0000,0.00
16:30:17,22.263638345352707,84.90985006809856,-18.320,-5.216,0.20,-0.622,-0.081,-97.2,17,0.0000,0.00
16:30:17,22.263638271626768,84.9098494600205,-18.383,-5.224,0.20,-0.622,-0.081,-96.9,19,0.0000,0.00
16:30:17,22.26363823467266,84.90984915522976,-18.414,-5.228,0.20,-0.622,-0.081,-96.7,19,0.0000,0.00
16:30:17,22.26363819771227,84.90984885038725,-18.446,-5.232,0.20,-0.622,-0.081,-96.7,19,0.0000,0.00
16:30:17,22.263638160845026,84.90984854631296,-18.477,-5.236,0.19,-0.622,-0.081,-96.6,19,0.0000,0.00
16:30:17,22.263638123858826,84.90984824125752,-18.509,-5.241,0.19,-0.622,-0.081,-96.6,19,0.0000,0.00
16:30:18,22.26363808691989,84.90984793659194,-18.540,-5.245,0.19,-0.622,-0.081,-96.8,19,0.0000,0.00
16:30:18,22.26363804991607,84.9098476313912,-18.571,-5.249,0.19,-0.622,-0.081,-96.8,19,0.0000,0.00
16:30:18,22.263638013117205,84.90984732788087,-18.603,-5.253,0.20,-0.622,-0.081,-97.1,24,0.0000,0.00
16:30:18,22.263637976124546,84.9098470227722,-18.634,-5.257,0.20,-0.622,-0.081,-97.6,24,0.0000,0.00
16:30:18,22.26363793918387,84.90984671809224,-18.666,-5.261,0.20,-0.622,-0.081,-97.8,24,0.0000,0.00
16:30:18,22.263637886203195,84.90984650521547,-18.687,-5.267,0.20,-0.606,-0.084,-97.9,24,0.0064,0.00
16:30:18,22.263637847832783,84.9098462074861,-18.718,-5.271,0.20,-0.606,-0.084,-97.9,24,0.0000,0.00
16:30:18,22.26363780968666,84.90984591149707,-18.749,-5.275,0.20,-0.606,-0.084,-97.7,24,0.0000,0.00
16:30:18,22.26363777137137,84.90984561419542,-18.779,-5.280,0.20,-0.606,-0.084,-97.5,24,0.0000,0.00
16:30:18,22.263637733215486,84.90984531813066,-18.810,-5.284,0.20,-0.606,-0.084,-97.5,24,0.0000,0.00
16:30:18,22.263637691730136,84.90984488045784,-18.855,-5.289,0.20,-0.639,-0.085,-97.2,24,0.0068,0.00
16:30:18,22.263637652915484,84.90984456600115,-18.887,-5.293,0.20,-0.639,-0.085,-96.9,26,0.0000,0.00
16:30:18,22.263637614293614,84.90984425310626,-18.920,-5.297,0.20,-0.639,-0.085,-96.8,26,0.0000,0.00
16:30:18,22.263637575709712,84.90984394051897,-18.952,-5.302,0.20,-0.639,-0.085,-96.8,26,0.0000,0.00
16:30:18,22.263637537183133,84.90984362839608,-18.984,-5.306,0.20,-0.639,-0.085,-97.0,26,0.0000,0.00
16:30:18,22.2636374985514,84.90984331542131,-19.016,-5.310,0.19,-0.639,-0.085,-97.4,26,0.0000,0.00
16:30:18,22.263637459912186,84.9098430023859,-19.048,-5.314,0.19,-0.639,-0.085,-97.4,26,0.0000,0.00
16:30:18,22.26363742118279,84.90984268861989,-19.081,-5.319,0.19,-0.639,-0.085,-97.4,26,0.0000,0.00
16:30:18,22.26363738269345,84.90984237679871,-19.113,-5.323,0.19,-0.639,-0.085,-97.4,26,0.0000,0.00
16:30:18,22.263637344027217,84.90984206354442,-19.145,-5.327,0.19,-0.639,-0.085,-97.2,26,0.0000,0.00
16:30:19,22.263637313338606,84.90984177162159,-19.175,-5.331,0.19,-0.634,-0.083,-97.3,26,0.0066,0.00
16:30:19,22.263637275694723,84.90984146126195,-19.207,-5.335,0.19,-0.634,-0.083,-97.5,26,0.0000,0.00
16:30:19,22.263637238069517,84.90984115105626,-19.239,-5.339,0.19,-0.634,-0.083,-97.5,26,0.0000,0.00
16:30:19,22.263637200531623,84.90984084157046,-19.271,-5.343,0.19,-0.634,-0.083,-97.7,26,0.0000,0.00
16:30:19,22.263637162871024,84.90984053107299,-19.303,-5.347,0.18,-0.634,-0.083,-97.6,26,0.0000,0.00
16:30:19,22.26363711688838,84.90984018344814,-19.339,-5.353,0.18,-0.645,-0.086,-97.5,26,0.0067,0.00
16:30:19,22.263637077878496,84.90983986653458,-19.371,-5.357,0.18,-0.645,-0.086,-97.5,26,0.0000,0.00
16:30:19,22.263637039122198,84.90983955168115,-19.404,-5.361,0.18,-0.645,-0.086,-97.1,26,0.0000,0.00
16:30:19,22.26363700025307,84.9098392359111,-19.436,-5.366,0.19,-0.645,-0.086,-96.8,26,0.0000,0.00
16:30:19,22.26363696136667,84.90983892000071,-19.469,-5.370,0.19,-0.645,-0.086,-96.6,26,0.0000,0.00
16:30:19,22.263636922550837,84.90983860466359,-19.501,-5.374,0.19,-0.645,-0.086,-96.6,26,0.0000,0.00
16:30:19,22.263636910254625,84.90983826491545,-19.536,-5.376,0.19,-0.653,-0.076,-96.1,26,0.0070,0.00
16:30:19,22.26363687570051,84.90983794472037,-19.569,-5.379,0.19,-0.653,-0.076,-95.8,26,0.0000,0.00
16:30:19,22.2636368412446,84.90983762543527,-19.602,-5.383,0.19,-0.653,-0.076,-95.8,26,0.0000,0.00
16:30:19,22.26363680679489,84.90983730620763,-19.635,-5.387,0.19,-0.653,-0.076,-95.4,26,0.0000,0.00
16:30:19,22.263636772340117,84.90983698693313,-19.668,-5.391,0.19,-0.653,-0.076,-95.4,26,0.0000,0.00
16:30:19,22.263636737791877,84.90983666679246,-19.701,-5.395,0.20,-0.653,-0.076,-95.3,26,0.0000,0.00
16:30:19,22.263636703291596,84.9098363470962,-19.734,-5.399,0.20,-0.653,-0.076,-95.3,26,0.0000,0.00
16:30:19,22.26363666883095,84.90983602776728,-19.767,-5.402,0.20,-0.653,-0.076,-95.3,26,0.0000,0.00
16:30:20,22.263636634393965,84.90983570865754,-19.800,-5.406,0.20,-0.653,-0.076,-95.4,26,0.0000,0.00
16:30:20,22.263636599940988,84.90983538939966,-19.833,-5.410,0.20,-0.653,-0.076,-95.4,27,0.0000,0.00
16:30:20,22.263636599392044,84.90983512595587,-19.860,-5.410,0.20,-0.638,-0.066,-95.6,27,0.0066,0.00
16:30:20,22.263636569410465,84.90983481304798,-19.892,-5.414,0.20,-0.638,-0.066,-95.6,27,0.0000,0.00
16:30:20,22.263636539521766,84.90983450110942,-19.924,-5.417,0.20,-0.638,-0.066,-95.7,27,0.0000,0.00
16:30:20,22.263636509675052,84.90983418960904,-19.956,-5.420,0.20,-0.638,-0.066,-95.7,27,0.0000,0.00
16:30:20,22.26363647977575,84.90983387755982,-19.988,-5.424,0.18,-0.638,-0.066,-95.7,27,0.0000,0.00
16:30:20,22.263636445853734,84.90983349563946,-20.028,-5.427,0.18,-0.660,-0.067,-95.7,27,0.0068,0.00
16:30:20,22.263636415220063,84.90983317157516,-20.061,-5.431,0.18,-0.660,-0.067,-95.7,27,0.0000,0.00
16:30:20,22.263636384667354,84.90983284836733,-20.094,-5.434,0.18,-0.660,-0.067,-95.6,27,0.0000,0.00
16:30:20,22.26363635412359,84.90983252525415,-20.128,-5.438,0.18,-0.660,-0.067,-95.6,27,0.0000,0.00
16:30:20,22.263636323653866,84.90983220292416,-20.161,-5.441,0.18,-0.660,-0.067,-95.6,27,0.0000,0.00
16:30:20,22.263636296955937,84.90983184566858,-20.198,-5.444,0.18,-0.672,-0.066,-95.4,27,0.0070,0.00
16:30:20,22.263636267012128,84.90983151577107,-20.232,-5.447,0.18,-0.672,-0.066,-95.3,27,0.0000,0.00
16:30:20,22.263636237184084,84.90983118714902,-20.266,-5.451,0.18,-0.672,-0.066,-95.3,27,0.0000,0.00
16:30:20,22.263636207363522,84.90983085860941,-20.299,-5.454,0.18,-0.672,-0.066,-95.1,27,0.0000,0.00
16:30:20,22.26363617757473,84.90983053041977,-20.333,-5.457,0.18,-0.672,-0.066,-95.1,27,0.0000,0.00
16:30:20,22.263636154992525,84.90983019511174,-20.368,-5.460,0.18,-0.675,-0.063,-95.1,27,0.0070,0.00
16:30:20,22.26363612636916,84.90982986363724,-20.402,-5.463,0.20,-0.675,-0.063,-95.1,27,0.0000,0.00
16:30:20,22.263636097849997,84.90982953336948,-20.436,-5.466,0.20,-0.675,-0.063,-95.1,27,0.0000,0.00
16:30:21,22.263636069397158,84.90982920386976,-20.470,-5.469,0.20,-0.675,-0.063,-95.2,27,0.0000,0.00
16:30:21,22.263636040895115,84.90982887380025,-20.504,-5.472,0.20,-0.675,-0.063,-95.4,27,0.0000,0.00
16:30:21,22.2636360124416,84.90982854429272,-20.538,-5.476,0.18,-0.675,-0.063,-95.4,28,0.0000,0.00
16:30:21,22.263635983934844,84.90982821416858,-20.572,-5.479,0.18,-0.675,-0.063,-95.5,28,0.0000,0.00
16:30:21,22.263635955381034,84.9098278834996,-20.606,-5.482,0.18,-0.675,-0.063,-95.6,28,0.0000,0.00
16:30:21,22.26363592679326,84.90982755243725,-20.640,-5.485,0.18,-0.675,-0.063,-95.6,28,0.0000,0.00
16:30:21,22.263635898231904,84.90982722168086,-20.674,-5.488,0.18,-0.675,-0.063,-95.6,28,0.0000,0.00
16:30:21,22.26363586977637,84.90982689214992,-20.708,-5.491,0.18,-0.675,-0.063,-95.6,28,0.0000,0.00
16:30:21,22.2636358412506,84.90982656180566,-20.742,-5.495,0.18,-0.675,-0.063,-95.6,28,0.0000,0.00
16:30:21,22.26363581266781,84.90982623080104,-20.776,-5.498,0.18,-0.675,-0.063,-95.5,28,0.0000,0.00
16:30:21,22.26363578406709,84.90982589958882,-20.810,-5.501,0.18,-0.675,-0.063,-95.5,28,0.0000,0.00
16:30:21,22.263635755613848,84.90982557008442,-20.844,-5.504,0.19,-0.675,-0.063,-95.6,29,0.0000,0.00
16:30:21,22.263635727090776,84.90982523977138,-20.878,-5.507,0.19,-0.675,-0.063,-95.7,29,0.0000,0.00
16:30:21,22.26363569858833,84.90982490969719,-20.912,-5.510,0.19,-0.675,-0.063,-95.7,29,0.0000,0.00
16:30:21,22.263635670092622,84.90982457970105,-20.946,-5.514,0.19,-0.675,-0.063,-95.9,29,0.0000,0.00
16:30:21,22.26363564162361,84.90982425001401,-20.980,-5.517,0.20,-0.675,-0.063,-96.0,29,0.0000,0.00
16:30:21,22.263635613078833,84.90982391944964,-21.014,-5.520,0.20,-0.675,-0.063,-96.1,29,0.0000,0.00
16:30:21,22.263635584594855,84.90982358958931,-21.048,-5.523,0.20,-0.675,-0.063,-96.1,29,0.0000,0.00
16:30:21,22.263635556126648,84.90982325991163,-21.082,-5.526,0.20,-0.675,-0.063,-96.1,29,0.0000,0.00
16:30:21,22.263635527603306,84.90982292959546,-21.116,-5.530,0.20,-0.675,-0.063,-96.1,29,0.0000,0.00
16:30:22,22.263635499101937,84.90982259953375,-21.150,-5.533,0.20,-0.675,-0.063,-96.1,29,0.0000,0.00
16:30:22,22.263635470646538,84.90982227000438,-21.184,-5.536,0.20,-0.675,-0.063,-96.1,29,0.0000,0.00
16:30:22,22.263635442148942,84.90982193998639,-21.218,-5.539,0.20,-0.675,-0.063,-96.1,29,0.0000,0.00
16:30:22,22.26363540340276,84.90982187327324,-21.225,-5.543,0.20,-0.638,-0.064,-96.0,29,0.0066,0.00
16:30:22,22.26363537405751,84.90982155980677,-21.257,-5.547,0.18,-0.638,-0.064,-96.0,29,0.0000,0.00
16:30:22,22.263635344911037,84.90982124846362,-21.289,-5.550,0.18,-0.638,-0.064,-95.7,29,0.0000,0.00
16:30:22,22.26363531565806,84.90982093598281,-21.322,-5.553,0.18,-0.638,-0.064,-95.5,29,0.0000,0.00
16:30:22,22.26363528648037,84.90982062430618,-21.354,-5.556,0.18,-0.638,-0.064,-94.7,29,0.0000,0.00
16:30:22,22.263635293651284,84.90982028628142,-21.389,-5.556,0.21,-0.643,-0.057,-94.7,29,0.0075,0.00
16:30:22,22.26363526792374,84.90981997071754,-21.421,-5.558,0.21,-0.643,-0.057,-94.3,29,0.0000,0.00
16:30:22,22.263635242221174,84.90981965546007,-21.454,-5.561,0.21,-0.643,-0.057,-93.9,29,0.0000,0.00
16:30:22,22.26363521660907,84.9098193413122,-21.486,-5.564,0.21,-0.643,-0.057,-93.9,29,0.0000,0.00
16:30:22,22.26363519097526,84.90981902689808,-21.518,-5.567,0.21,-0.643,-0.057,-93.1,29,0.0000,0.00
16:30:22,22.263635165362434,84.90981871274128,-21.551,-5.570,0.21,-0.643,-0.057,-92.6,29,10.0005,0.00
16:30:22,22.26363513973396,84.9098183983926,-21.583,-5.573,0.21,-0.643,-0.057,-91.7,29,0.0000,0.00
16:30:22,22.26363511409724,84.9098180839428,-21.615,-5.576,0.21,-0.643,-0.057,-91.7,29,0.0000,0.00
16:30:22,22.263635088490233,84.90981776985738,-21.648,-5.578,0.25,-0.643,-0.057,-91.3,29,0.0000,0.00
16:30:22,22.263635062898018,84.90981745595344,-21.680,-5.581,0.25,-0.643,-0.057,-90.6,29,0.0000,0.00
16:30:22,22.26363503725863,84.9098171414709,-21.713,-5.584,0.25,-0.643,-0.057,-90.6,29,10.0005,0.00
16:30:23,22.26363501163695,84.90981682720552,-21.745,-5.587,0.25,-0.643,-0.057,-90.4,29,0.0000,0.00
16:30:23,22.263634986013813,84.90981651292229,-21.777,-5.590,0.25,-0.643,-0.057,-90.1,29,0.0000,0.00
16:30:23,22.26363496041141,84.90981619889341,-21.810,-5.593,0.25,-0.643,-0.057,-89.4,26,0.0000,0.00
16:30:23,22.263634934831202,84.90981588513671,-21.842,-5.596,0.25,-0.643,-0.057,-89.4,26,0.0000,0.00
16:30:23,22.263635112406178,84.90981567875869,-21.863,-5.576,0.25,-0.622,-0.013,-88.9,26,0.0075,0.00
16:30:23,22.2636351064563,84.9098153741075,-21.895,-5.576,0.25,-0.622,-0.013,-87.5,26,0.0000,0.00
16:30:23,22.263635100519902,84.90981507014673,-21.926,-5.577,0.30,-0.622,-0.013,-86.8,26,0.0000,0.00
16:30:23,22.263635094583957,84.90981476620898,-21.957,-5.578,0.30,-0.622,-0.013,-86.0,26,0.0000,0.00
16:30:23,22.26363508865419,84.90981446258769,-21.989,-5.578,0.30,-0.622,-0.013,-86.0,26,0.0000,0.00
16:30:23,22.263635076763137,84.9098138537312,-22.051,-5.580,0.35,-0.622,-0.013,-83.7,26,0.0000,0.00
16:30:23,22.263635070819383,84.90981354939356,-22.083,-5.580,0.35,-0.622,-0.013,-83.7,26,0.0000,0.00
16:30:23,22.263635064884475,84.90981324550904,-22.114,-5.581,0.35,-0.622,-0.013,-83.0,26,0.0000,0.00
16:30:23,22.263635058949202,84.90981294160581,-22.145,-5.582,0.35,-0.622,-0.013,-81.7,26,0.0000,0.00
16:30:23,22.26363505301949,84.90981263798739,-22.177,-5.582,0.35,-0.622,-0.013,-81.1,24,0.0000,0.00
16:30:23,22.263635047089867,84.90981233437329,-22.208,-5.583,0.35,-0.622,-0.013,-81.1,24,0.0000,0.00
16:30:23,22.263635041152124,84.90981203034347,-22.239,-5.584,0.35,-0.622,-0.013,-80.5,24,0.0000,0.00
16:30:23,22.26363503521005,84.90981172609214,-22.270,-5.584,0.35,-0.622,-0.013,-79.4,24,0.0000,0.00
16:30:23,22.263635029279698,84.90981142244064,-22.302,-5.585,0.35,-0.622,-0.013,-79.0,24,0.0000,0.00
16:30:23,22.26363502333889,84.90981111825405,-22.333,-5.586,0.39,-0.622,-0.013,-79.0,24,0.0000,0.00
16:30:23,22.263635017402073,84.90981081427171,-22.364,-5.586,0.39,-0.622,-0.013,-78.0,24,0.0000,0.00
16:30:24,22.263635011456152,84.90981050982333,-22.396,-5.587,0.39,-0.622,-0.013,-78.0,24,0.0000,0.00
16:30:24,22.26363500551574,84.90981020565687,-22.427,-5.588,0.39,-0.622,-0.013,-77.0,24,0.0000,0.00
16:30:24,22.263634999577658,84.9098099016098,-22.458,-5.588,0.43,-0.622,-0.013,-77.0,24,0.0000,0.00
16:30:24,22.26363499364126,84.90980959764904,-22.490,-5.589,0.43,-0.622,-0.013,-76.0,24,0.0000,0.00
16:30:24,22.263635447768618,84.90980920996486,-22.530,-5.538,0.43,-0.634,0.062,-75.4,24,0.0076,0.00
16:30:24,22.26363547617493,84.9098088983675,-22.562,-5.535,0.43,-0.634,0.062,-74.7,24,0.0000,0.00
16:30:24,22.263635504428574,84.90980858844478,-22.594,-5.532,0.43,-0.634,0.062,-74.7,24,0.0000,0.00
16:30:24,22.263635532644624,84.90980827893445,-22.626,-5.529,0.43,-0.634,0.062,-73.4,24,0.0000,0.00
16:30:24,22.263635560893185,84.90980796906749,-22.658,-5.526,0.43,-0.634,0.062,-72.7,24,0.0000,0.00
16:30:24,22.263635589193928,84.90980765862813,-22.690,-5.523,0.43,-0.634,0.062,-72.0,24,0.0000,0.00
16:30:24,22.263635617478478,84.90980734836636,-22.721,-5.520,0.48,-0.634,0.062,-72.0,23,0.0000,0.00
16:30:24,22.26363564576116,84.90980703812514,-22.753,-5.516,0.48,-0.634,0.062,-70.6,23,0.0000,0.00
16:30:24,22.26363567408545,84.90980672742747,-22.785,-5.513,0.48,-0.634,0.062,-69.9,23,0.0000,0.00
16:30:24,22.2636357023601,84.90980641727431,-22.817,-5.510,0.48,-0.634,0.062,-69.3,23,0.0000,0.00
16:30:24,22.263636217604898,84.90980639752699,-22.819,-5.453,0.51,-0.576,0.168,-69.3,23,0.0094,0.00
16:30:24,22.263636294078776,84.90980611411646,-22.849,-5.444,0.51,-0.576,0.168,-68.0,23,0.0000,0.00
16:30:24,22.26363637019299,84.90980583203884,-22.878,-5.436,0.51,-0.576,0.168,-67.3,23,0.0000,0.00
16:30:24,22.26363644631044,84.90980554994923,-22.907,-5.427,0.51,-0.576,0.168,-67.3,23,0.0000,0.00
16:30:24,22.263636522291936,84.90980526836346,-22.936,-5.419,0.51,-0.576,0.168,-66.7,23,0.0000,0.00
16:30:24,22.263636788092235,84.90980502789057,-22.961,-5.389,0.51,-0.565,0.222,-65.4,23,0.0069,0.00
16:30:25,22.26363688905642,84.90980475037848,-22.989,-5.378,0.51,-0.565,0.222,-64.8,23,0.0000,0.00
16:30:25,22.26363698986032,84.90980447330695,-23.018,-5.367,0.51,-0.565,0.222,-64.8,23,0.0000,0.00
16:30:25,22.26363709039026,84.90980419698843,-23.046,-5.356,0.51,-0.565,0.222,-63.6,23,0.0000,0.00
16:30:25,22.263637191189407,84.90980391992998,-23.075,-5.344,0.55,-0.565,0.222,-63.0,20,0.0000,0.00
16:30:25,22.26363729177119,84.90980364346896,-23.103,-5.333,0.55,-0.565,0.222,-63.0,20,0.0000,0.00
16:30:25,22.26363739201623,84.90980336793352,-23.132,-5.322,0.55,-0.565,0.222,-62.3,20,0.0000,0.00
16:30:25,22.26363749252144,84.90980309168299,-23.160,-5.311,0.55,-0.565,0.222,-61.1,20,0.0000,0.00
16:30:25,22.263637593084674,84.90980281527295,-23.188,-5.300,0.60,-0.565,0.222,-61.1,20,0.0000,0.00
16:30:25,22.263637693461938,84.90980253937408,-23.217,-5.288,0.60,-0.565,0.222,-60.4,20,0.0000,0.00
16:30:25,22.26363779416025,84.90980226259278,-23.245,-5.277,0.60,-0.565,0.222,-59.1,20,0.0000,0.00
16:30:25,22.26363789472158,84.90980198618797,-23.274,-5.266,0.60,-0.565,0.222,-58.5,20,0.0000,0.00
16:30:25,22.263637995450807,84.9098017093217,-23.302,-5.255,0.60,-0.565,0.222,-58.5,20,0.0000,0.00
16:30:25,22.2636380958471,84.90980143337053,-23.331,-5.244,0.60,-0.565,0.222,-57.2,22,0.0000,0.00
16:30:25,22.26363819656586,84.909801156533,-23.359,-5.232,0.60,-0.565,0.222,-56.6,22,0.0000,0.00
16:30:25,22.263638296991164,84.9098008805021,-23.388,-5.221,0.60,-0.565,0.222,-56.1,22,0.0000,0.00
16:30:25,22.26363839762194,84.90980060390643,-23.416,-5.210,0.60,-0.565,0.222,-56.1,22,0.0000,0.00
16:30:25,22.263638498012998,84.90980032796965,-23.445,-5.199,0.63,-0.565,0.222,-55.0,22,0.0000,0.00
16:30:25,22.263638598386933,84.90980005207993,-23.473,-5.188,0.63,-0.565,0.222,-54.5,22,0.0000,0.00
16:30:25,22.26363869877276,84.90979977615753,-23.502,-5.177,0.63,-0.565,0.222,-54.0,22,0.0000,0.00
16:30:26,22.263638799266076,84.90979949993967,-23.530,-5.165,0.63,-0.565,0.222,-54.0,22,0.0000,0.00
16:30:26,22.26363889954584,84.9097992243088,-23.558,-5.154,0.63,-0.565,0.222,-53.4,19,0.0000,0.00
16:30:26,22.26363900014094,84.90979894781118,-23.587,-5.143,0.63,-0.565,0.222,-52.0,19,0.0000,0.00
16:30:26,22.26363910072843,84.90979867133447,-23.615,-5.132,0.63,-0.565,0.222,-51.2,19,0.0000,0.00
16:30:26,22.263639201256943,84.90979839501988,-23.644,-5.121,0.63,-0.565,0.222,-51.2,19,0.0000,0.00
16:30:26,22.26363930150151,84.90979811948574,-23.672,-5.109,0.66,-0.565,0.222,-49.6,19,0.0000,0.00
16:30:26,22.26363940188496,84.90979784356988,-23.701,-5.098,0.66,-0.565,0.222,-48.8,19,0.0000,0.00
16:30:26,22.263639502319297,84.90979756751413,-23.729,-5.087,0.66,-0.565,0.222,-48.0,19,0.0000,0.00
16:30:26,22.26363960259716,84.9097972918885,-23.758,-5.076,0.66,-0.565,0.222,-48.0,19,0.0000,0.00
16:30:26,22.263639702860747,84.90979701630206,-23.786,-5.065,0.66,-0.565,0.222,-46.4,19,0.0000,0.00
16:30:26,22.263639803294136,84.90979674024894,-23.814,-5.054,0.72,-0.565,0.222,-45.7,19,0.0000,0.00
16:30:26,22.26364048600359,84.90979647166016,-23.842,-4.978,0.72,-0.564,0.297,-61.4,19,0.0072,0.00
16:30:26,22.263640620784667,84.90979619475964,-23.871,-4.963,0.72,-0.564,0.297,-61.4,19,0.0000,0.00
16:30:26,22.263640755110842,84.90979591879368,-23.899,-4.948,0.72,-0.564,0.297,-60.1,19,0.0000,0.00
16:30:26,22.26364088943321,84.90979564283555,-23.927,-4.933,0.72,-0.564,0.297,-59.6,21,0.0000,0.00
16:30:26,22.26364102385913,84.90979536666465,-23.956,-4.918,0.72,-0.564,0.297,-59.1,21,0.0000,0.00
16:30:26,22.263641319586576,84.90979505967142,-23.987,-4.885,0.72,-0.569,0.327,-59.1,21,0.0077,0.00
16:30:26,22.263641468019163,84.90979478067808,-24.016,-4.868,0.72,-0.569,0.327,-58.1,21,0.0000,0.00
16:30:26,22.263641616289082,84.90979450199049,-24.045,-4.852,0.74,-0.569,0.327,-57.6,21,0.0000,0.00
16:30:26,22.263641764215436,84.90979422394868,-24.074,-4.835,0.74,-0.569,0.327,-57.0,21,0.0000,0.00
16:30:27,22.263641912185257,84.90979394582514,-24.102,-4.819,0.74,-0.569,0.327,-57.0,21,0.0000,0.00
16:30:27,22.263642131460074,84.90979374657802,-24.123,-4.794,0.74,-0.549,0.347,-56.3,21,0.0068,0.00
16:30:27,22.263642289176065,84.90979347728167,-24.150,-4.777,0.77,-0.549,0.347,-54.8,21,0.0000,0.00
16:30:27,22.263642446593643,84.90979320849486,-24.178,-4.759,0.77,-0.549,0.347,-53.3,21,0.0000,0.00
16:30:27,22.263642603848247,84.90979293998632,-24.206,-4.742,0.77,-0.549,0.347,-53.3,21,0.0000,0.00
16:30:27,22.263642761096897,84.90979267148793,-24.233,-4.724,0.77,-0.549,0.347,-52.6,21,0.0000,0.00
16:30:27,22.2636428852383,84.90979236842189,-24.265,-4.710,0.77,-0.560,0.336,-51.9,21,0.0071,0.00
16:30:27,22.263643037724396,84.90979209340234,-24.293,-4.694,0.77,-0.560,0.336,-51.2,21,0.0000,0.00
16:30:27,22.26364318964383,84.90979181940482,-24.321,-4.677,0.77,-0.560,0.336,-51.2,21,0.0000,0.00
16:30:27,22.263643341213054,84.90979154603892,-24.349,-4.660,0.77,-0.560,0.336,-49.9,21,0.0000,0.00
16:30:27,22.263643493325212,84.9097912716938,-24.378,-4.643,0.77,-0.560,0.336,-49.2,21,0.0000,0.00
16:30:27,22.263643645301457,84.90979099759382,-24.406,-4.626,0.82,-0.560,0.336,-48.6,0,0.0000,0.00
16:30:27,22.263643797344578,84.9097907233732,-24.434,-4.609,0.82,-0.560,0.336,-47.3,0,0.0000,0.00
16:30:27,22.263643949269763,84.9097904493653,-24.462,-4.592,0.82,-0.560,0.336,-47.3,0,0.0000,0.00
16:30:27,22.26364410079728,84.90979017607462,-24.491,-4.575,0.82,-0.560,0.336,-46.4,0,0.0000,0.00
16:30:27,22.263644252774963,84.90978990197203,-24.519,-4.558,0.87,-0.560,0.336,-45.4,0,0.0000,0.00
16:30:27,22.26364440460235,84.90978962814052,-24.547,-4.541,0.87,-0.560,0.336,-43.3,0,0.0000,0.00
16:30:27,22.26364455623126,84.90978935466697,-24.575,-4.524,0.87,-0.560,0.336,-43.3,0,0.0000,0.00
16:30:27,22.26364470821829,84.90978908054753,-24.603,-4.508,0.87,-0.560,0.336,-42.3,0,0.0000,0.00
16:30:27,22.263644860438315,84.90978880600787,-24.632,-4.491,0.87,-0.560,0.336,-41.3,0,0.0000,0.00
16:30:28,22.2636450124124,84.90978853191176,-24.660,-4.474,0.87,-0.560,0.336,-40.3,0,0.0000,0.00
16:30:28,22.263645164349814,84.90978825788181,-24.688,-4.457,0.87,-0.560,0.336,-40.3,0,0.0000,0.00
16:30:28,22.26364559119911,84.90978849369549,-24.664,-4.409,0.87,-0.456,0.397,-38.4,0,0.0062,0.00
16:30:28,22.263645771459426,84.909788270131,-24.687,-4.389,0.87,-0.456,0.397,-36.6,0,0.0000,0.00
16:30:28,22.26364595121816,84.90978804718858,-24.710,-4.369,0.92,-0.456,0.397,-36.6,12,0.0000,0.00
16:30:28,22.263646130987944,84.90978782423248,-24.733,-4.349,0.92,-0.456,0.397,-35.8,12,0.0000,0.00
16:30:28,22.263646310929456,84.90978760106339,-24.756,-4.329,0.92,-0.456,0.397,-35.1,12,0.0000,0.00
16:30:28,22.263646652153277,84.90978772504693,-24.743,-4.291,0.92,-0.365,0.443,-34.1,12,0.0062,0.00
16:30:28,22.26364685465023,84.90978754476178,-24.762,-4.269,0.92,-0.365,0.443,-33.7,12,0.0000,0.00
16:30:28,22.263647055303146,84.90978736611841,-24.780,-4.246,0.92,-0.365,0.443,-33.7,12,0.0000,0.00
16:30:28,22.26364725510847,84.90978718822966,-24.798,-4.224,0.92,-0.365,0.443,-33.4,12,0.0000,0.00
16:30:28,22.263647455659942,84.9097870096766,-24.817,-4.202,0.92,-0.365,0.443,-33.0,12,0.0000,0.00
16:30:28,22.263647656128928,84.90978683119698,-24.835,-4.179,0.98,-0.365,0.443,-32.8,12,0.0085,0.00
16:30:28,22.263647857043516,84.90978665232063,-24.854,-4.157,0.98,-0.365,0.443,-32.8,12,0.0000,0.00
16:30:28,22.263648057484062,84.90978647386633,-24.872,-4.135,0.98,-0.365,0.443,-32.5,12,0.0000,0.00
16:30:28,22.263648257856342,84.90978629547281,-24.890,-4.112,0.98,-0.365,0.443,-31.8,12,0.0000,0.00
16:30:28,22.2636484583149,84.90978611700248,-24.909,-4.090,1.02,-0.365,0.443,-31.3,12,0.0000,0.00
16:30:28,22.263648900672344,84.9097860530762,-24.915,-4.041,1.02,-0.335,0.511,-31.3,12,0.0069,0.00
16:30:28,22.26364913271344,84.90978588891805,-24.932,-4.015,1.02,-0.335,0.511,-30.7,12,0.0000,0.00
16:30:29,22.263649364054963,84.9097857252548,-24.949,-3.989,1.02,-0.335,0.511,-30.1,12,0.0000,0.00
16:30:29,22.26364959528153,84.90978556167289,-24.966,-3.964,1.02,-0.335,0.511,-29.4,13,0.0000,0.00
16:30:29,22.263649826572692,84.90978539804529,-24.983,-3.938,1.02,-0.335,0.511,-29.4,13,0.0000,0.00
16:30:29,22.26365005749819,84.90978523467636,-25.000,-3.912,1.02,-0.335,0.511,-28.1,13,10.0005,0.00
16:30:29,22.26365052150813,84.90978490641116,-25.033,-3.860,1.02,-0.335,0.511,-26.2,13,0.0000,0.00
16:30:29,22.263650752757687,84.90978474281299,-25.050,-3.835,1.06,-0.335,0.511,-26.2,13,0.0000,0.00
16:30:29,22.263650984395902,84.90978457893985,-25.067,-3.809,1.06,-0.335,0.511,-25.5,13,0.0000,0.00
16:30:29,22.26365121622351,84.90978441493273,-25.084,-3.783,1.06,-0.335,0.511,-24.8,13,0.0000,0.00
16:30:29,22.26365144808397,84.90978425090238,-25.101,-3.757,1.06,-0.335,0.511,-23.5,13,0.0000,0.00
16:30:29,22.2636516797178,84.90978408703234,-25.118,-3.731,1.13,-0.335,0.511,-23.5,13,0.0000,0.00
16:30:29,22.263651911490673,84.90978392306394,-25.135,-3.706,1.13,-0.335,0.511,-22.8,13,0.0000,0.00
16:30:29,22.263652142741325,84.90978375946499,-25.152,-3.680,1.13,-0.335,0.511,-21.4,13,0.0000,0.00
16:30:29,22.263652374755054,84.90978359532619,-25.169,-3.654,1.13,-0.335,0.511,-20.7,13,10.0005,0.00
16:30:29,22.263652606262987,84.90978343154522,-25.185,-3.628,1.13,-0.335,0.511,-20.7,13,0.0000,0.00
16:30:29,22.26365283734723,84.90978326806399,-25.202,-3.603,1.13,-0.335,0.511,-19.9,13,0.0000,0.00
16:30:29,22.263653068814655,84.90978310431169,-25.219,-3.577,1.13,-0.335,0.511,-18.6,13,0.0000,0.00
16:30:29,22.26365330008392,84.90978294069957,-25.236,-3.551,1.13,-0.335,0.511,-18.0,13,0.0000,0.00
16:30:29,22.263653531234947,84.90978277717109,-25.253,-3.525,1.17,-0.335,0.511,-18.0,13,0.0000,0.00
16:30:29,22.263653762776816,84.90978261336612,-25.270,-3.500,1.17,-0.335,0.511,-17.5,13,0.0000,0.00
16:30:29,22.26365399401871,84.90978244977336,-25.287,-3.474,1.17,-0.335,0.511,-16.5,13,10.0005,0.00
16:30:30,22.263654225191637,84.9097822862294,-25.303,-3.448,1.17,-0.335,0.511,-16.1,13,10.0005,0.00
16:30:30,22.263654456832036,84.90978212235471,-25.320,-3.422,1.20,-0.335,0.511,-16.1,13,10.0005,0.00
16:30:30,22.26365468781994,84.90978195894165,-25.337,-3.397,1.20,-0.335,0.511,-15.7,13,10.0005,0.00
16:30:30,22.263654919131902,84.90978179529932,-25.354,-3.371,1.20,-0.335,0.511,-15.0,13,0.0000,0.00
16:30:30,22.26365515021505,84.90978163181886,-25.371,-3.345,1.20,-0.335,0.511,-14.7,13,0.0000,0.00
16:30:30,22.26365538120405,84.90978146840501,-25.388,-3.319,1.20,-0.335,0.511,-14.7,13,10.0005,0.00
16:30:30,22.26365561212736,84.90978130503764,-25.404,-3.294,1.20,-0.335,0.511,-14.4,13,10.0005,0.00
16:30:30,22.26365584380389,84.9097811411374,-25.421,-3.268,1.20,-0.335,0.511,-13.8,13,10.0005,0.00
16:30:30,22.26365607486186,84.90978097767477,-25.438,-3.242,1.20,-0.335,0.511,-13.8,13,10.0005,0.00
16:30:30,22.263656306247174,84.90978081398055,-25.455,-3.216,1.20,-0.335,0.511,-13.6,13,0.0000,0.00
16:30:30,22.26365653793684,84.90978065007101,-25.472,-3.191,1.28,-0.335,0.511,-13.3,13,0.0000,0.00
16:30:30,22.263656769379086,84.90978048633652,-25.489,-3.165,1.28,-0.335,0.511,-13.3,13,0.0000,0.00
16:30:30,22.263657000158975,84.9097803230706,-25.506,-3.139,1.28,-0.335,0.511,-12.8,13,0.0000,0.00
16:30:30,22.263657231600124,84.90978015933689,-25.523,-3.113,1.28,-0.335,0.511,-12.3,13,10.0005,0.00
16:30:30,22.263657462970112,84.90977999565351,-25.539,-3.088,1.33,-0.335,0.511,-12.1,10,10.0005,0.00
16:30:30,22.263657694019322,84.90977983219706,-25.556,-3.062,1.33,-0.335,0.511,-12.1,10,10.0005,0.00
16:30:30,22.263657924699586,84.90977966900164,-25.573,-3.036,1.33,-0.335,0.511,-11.8,10,10.0005,0.00
16:30:30,22.263658156083807,84.9097795053082,-25.590,-3.011,1.33,-0.335,0.511,-11.3,10,10.0005,0.00
16:30:30,22.263658387255635,84.909779341765,-25.607,-2.985,1.33,-0.335,0.511,-11.1,10,10.0005,0.00
16:30:30,22.263658618145005,84.90977917842164,-25.624,-2.959,1.33,-0.335,0.511,-11.1,10,0.0000,0.00
16:30:31,22.263658849314645,84.90977901488,-25.640,-2.933,1.33,-0.335,0.511,-10.9,10,0.0000,0.00
16:30:31,22.263659080178837,84.90977885155445,-25.657,-2.908,1.33,-0.335,0.511,-10.5,10,0.0000,0.00
16:30:31,22.26365931126965,84.90977868806857,-25.674,-2.882,1.33,-0.335,0.511,-10.5,10,0.0000,0.00
16:30:31,22.26365954229587,84.9097785246284,-25.691,-2.856,1.36,-0.335,0.511,-10.3,9,0.0000,0.00
16:30:31,22.263661003072457,84.90978091983807,-25.444,-2.694,1.36,-0.128,0.618,-9.8,9,0.0068,0.00
16:30:31,22.26366128368998,84.90978085704923,-25.451,-2.662,1.36,-0.128,0.618,-9.6,9,0.0000,0.00
16:30:31,22.26366156379094,84.90978079437596,-25.457,-2.631,1.36,-0.128,0.618,-9.6,9,0.0000,0.00
16:30:31,22.26366184339123,84.90978073181472,-25.464,-2.600,1.36,-0.128,0.618,-9.1,9,0.0000,0.00
16:30:31,22.263662123951796,84.90978066903862,-25.470,-2.569,1.36,-0.128,0.618,-8.9,9,0.0000,0.00
16:30:31,22.2636624178733,84.90978076793621,-25.460,-2.536,1.36,-0.107,0.620,-8.9,9,0.0078,0.00
16:30:31,22.263662699513578,84.909780715425,-25.465,-2.505,1.36,-0.107,0.620,-8.7,9,0.0000,0.00
16:30:31,22.26366297998584,84.90978066313157,-25.471,-2.474,1.44,-0.107,0.620,-8.3,10,0.0000,0.00
16:30:31,22.263663260540486,84.90978061082278,-25.476,-2.442,1.44,-0.107,0.620,-8.0,10,0.0000,0.00
16:30:31,22.263663540842657,84.90978055856105,-25.481,-2.411,1.44,-0.107,0.620,-8.0,10,0.0000,0.00
16:30:31,22.263663874156975,84.9097805745062,-25.480,-2.374,1.44,-0.092,0.633,-7.5,10,0.0066,0.00
16:30:31,22.26366416136049,84.90978052915587,-25.484,-2.342,1.44,-0.092,0.633,-7.3,10,0.0000,0.00
16:30:31,22.263664447871648,84.90978048391486,-25.489,-2.310,1.48,-0.092,0.633,-7.1,10,0.0000,0.00
16:30:31,22.263664734255446,84.90978043869396,-25.494,-2.278,1.48,-0.092,0.633,-7.1,10,0.0000,0.00
16:30:31,22.263665019824945,84.90978039360165,-25.498,-2.246,1.48,-0.092,0.633,-6.9,10,0.0000,0.00
16:30:32,22.26366509179855,84.90978042104543,-25.496,-2.238,1.48,-0.071,0.564,-6.7,10,0.0055,0.00
16:30:32,22.26366534753208,84.90978038630193,-25.499,-2.210,1.48,-0.071,0.564,-6.7,9,0.0000,0.00
16:30:32,22.263665602842785,84.9097803516159,-25.503,-2.182,1.48,-0.071,0.564,-6.7,9,0.0000,0.00
16:30:32,22.263665858341948,84.90978031690423,-25.506,-2.153,1.48,-0.071,0.564,-6.7,9,0.0000,0.00
16:30:32,22.263666112887947,84.90978028232207,-25.510,-2.125,1.48,-0.071,0.564,-6.6,9,0.0000,0.00
16:30:32,22.263666345917237,84.90978064010187,-25.473,-2.099,1.54,0.067,0.555,-6.5,9,0.0062,0.00
16:30:32,22.263666597882654,84.90978067279684,-25.470,-2.071,1.54,0.067,0.555,-6.5,9,0.0000,0.00
16:30:32,22.26366684966248,84.90978070546772,-25.466,-2.043,1.54,0.067,0.555,-6.4,9,0.0000,0.00
16:30:32,22.26366710147919,84.90978073814338,-25.463,-2.015,1.54,0.067,0.555,-6.2,9,0.0000,0.00
16:30:32,22.26366735328757,84.90978077081797,-25.460,-1.987,1.54,0.067,0.555,-6.0,9,0.0000,0.00
16:30:32,22.263667604373815,84.90978080339886,-25.456,-1.959,1.63,0.067,0.555,-6.0,9,0.0000,0.00
16:30:32,22.26366785634875,84.90978083609505,-25.453,-1.931,1.63,0.067,0.555,-5.7,9,0.0000,0.00
16:30:32,22.263668108775764,84.90978086884992,-25.449,-1.903,1.63,0.067,0.555,-4.8,9,0.0000,0.00
16:30:32,22.263668360327173,84.90978090149116,-25.446,-1.875,1.63,0.067,0.555,-4.8,9,0.0000,0.00
16:30:32,22.263668611314674,84.90978093405923,-25.443,-1.847,1.63,0.067,0.555,-4.0,10,0.0000,0.00
16:30:32,22.263668863331247,84.90978096676083,-25.439,-1.819,1.63,0.067,0.555,-3.6,10,0.0000,0.00
16:30:32,22.263669114820797,84.90978099939406,-25.436,-1.791,1.63,0.067,0.555,-3.3,10,0.0000,0.00
16:30:32,22.263669366785024,84.90978103208886,-25.433,-1.763,1.63,0.067,0.555,-3.3,10,0.0000,0.00
16:30:32,22.263669617886734,84.90978106467176,-25.429,-1.735,1.69,0.067,0.555,-2.5,10,0.0000,0.00
16:30:32,22.26366986948216,84.90978109731871,-25.426,-1.707,1.69,0.067,0.555,-2.2,10,0.0000,0.00
16:30:33,22.26367012086345,84.90978112993788,-25.423,-1.679,1.69,0.067,0.555,-2.2,10,0.0000,0.00
16:30:33,22.26367008023327,84.90978204156458,-25.329,-1.683,1.69,0.249,0.490,-1.8,10,0.0056,0.00
16:30:33,22.263670302179953,84.90978216331442,-25.316,-1.658,1.76,0.249,0.490,-1.1,9,0.0000,0.00
16:30:33,22.263670523854756,84.90978228491512,-25.304,-1.634,1.76,0.249,0.490,-0.9,9,0.0000,0.00
16:30:33,22.263670745495972,84.9097824064974,-25.291,-1.609,1.76,0.249,0.490,-0.9,9,0.0000,0.00
16:30:33,22.26367096671205,84.90978252784646,-25.279,-1.584,1.76,0.249,0.490,-0.5,9,0.0000,0.00
16:30:33,22.26367118809398,84.9097826492865,-25.266,-1.560,1.76,0.249,0.490,-0.4,9,0.0000,0.00
16:30:33,22.263671410087902,84.90978277106225,-25.253,-1.535,1.76,0.249,0.490,-0.3,9,0.0000,0.00
16:30:33,22.263671631612596,84.90978289258061,-25.241,-1.510,1.76,0.249,0.490,-0.3,9,0.0000,0.00
16:30:33,22.26367185280348,84.90978301391586,-25.228,-1.486,1.76,0.249,0.490,-0.4,9,0.0000,0.00
16:30:33,22.263672074401654,84.90978313547451,-25.216,-1.461,1.76,0.249,0.490,-0.6,9,0.0000,0.00
16:30:33,22.26367174582865,84.90978305171569,-25.225,-1.498,1.84,0.202,0.354,-0.8,0,0.0038,0.00
16:30:33,22.263671906451734,84.9097831506646,-25.214,-1.480,1.84,0.202,0.354,-0.8,0,0.0000,0.00
16:30:33,22.26367206642141,84.90978324921097,-25.204,-1.462,1.84,0.202,0.354,-1.1,0,0.0000,0.00
16:30:33,22.263672226394874,84.90978334775969,-25.194,-1.444,1.84,0.202,0.354,-1.2,0,0.0000,0.00
16:30:33,22.26367238643353,84.90978344634857,-25.184,-1.426,1.92,0.202,0.354,-1.3,0,0.0000,0.00
16:30:33,22.2636722879025,84.9097834253917,-25.186,-1.437,1.92,0.167,0.273,-1.3,0,0.0028,0.00
16:30:33,22.263672412313195,84.90978350765796,-25.178,-1.424,1.92,0.167,0.273,-1.5,0,0.0000,0.00
16:30:33,22.263672536219755,84.90978358959087,-25.169,-1.410,1.92,0.167,0.273,-1.5,0,0.0000,0.00
16:30:34,22.26367265988332,84.9097836713631,-25.161,-1.396,1.92,0.167,0.273,-1.4,0,0.0000,0.00
16:30:34,22.263672783573234,84.90978375315275,-25.152,-1.382,1.92,0.167,0.273,-1.4,0,0.0000,0.00
16:30:34,22.263672907172396,84.90978383488239,-25.144,-1.368,1.92,0.167,0.273,-1.4,0,0.0000,0.00
16:30:34,22.263673156038866,84.90978399944473,-25.127,-1.341,1.92,0.167,0.273,-1.7,0,0.0000,0.00
16:30:34,22.263673279899756,84.90978408134744,-25.118,-1.327,2.01,0.167,0.273,-1.7,0,0.0000,0.00
16:30:34,22.263673403548683,84.90978416310998,-25.110,-1.313,2.01,0.167,0.273,-1.8,0,0.0000,0.00
16:30:34,22.263673527194687,84.9097842448706,-25.102,-1.299,2.01,0.167,0.273,-2.0,0,0.0000,0.00
16:30:34,22.26367365117912,84.90978432685499,-25.093,-1.286,2.01,0.167,0.273,-2.3,0,0.0000,0.00
16:30:34,22.263673775241426,84.90978440889089,-25.085,-1.272,2.10,0.167,0.273,-2.3,0,0.0000,0.00
16:30:34,22.263673899179604,84.9097844908447,-25.076,-1.258,2.10,0.167,0.273,-2.5,0,0.0000,0.00
16:30:34,22.26367402301297,84.90978457272921,-25.068,-1.244,2.10,0.167,0.273,-2.8,0,0.0000,0.00
16:30:34,22.263674147007357,84.9097846547202,-25.059,-1.230,2.10,0.167,0.273,-3.6,0,0.0000,0.00
16:30:34,22.263673963827642,84.90978433485003,-25.092,-1.251,2.10,0.086,0.206,-4.0,0,0.0031,0.00
16:30:34,22.26367405768438,84.90978437717749,-25.088,-1.240,2.10,0.086,0.206,-4.0,0,0.0000,0.00
16:30:34,22.263674150965254,84.90978441924523,-25.084,-1.230,2.10,0.086,0.206,-4.1,0,0.0000,0.00
16:30:34,22.26367424452058,84.90978446143676,-25.079,-1.220,2.10,0.086,0.206,-3.4,0,0.0000,0.00
16:30:34,22.263674337860675,84.90978450353121,-25.075,-1.209,2.19,0.086,0.206,-2.7,0,0.0000,0.00
16:30:34,22.263674431273692,84.90978454565855,-25.071,-1.199,2.19,0.086,0.206,-2.7,0,0.0000,0.00
16:30:34,22.263674524568266,84.90978458773249,-25.066,-1.188,2.19,0.086,0.206,-2.0,0,0.0000,0.00
16:30:34,22.263674617886707,84.90978462981718,-25.062,-1.178,2.19,0.086,0.206,-1.3,0,0.0000,0.00
16:30:35,22.263674711258183,84.90978467192578,-25.058,-1.168,2.19,0.086,0.206,-1.3,0,0.0000,0.00
16:30:35,22.263674804638054,84.90978471403818,-25.053,-1.157,2.19,0.086,0.206,-1.2,0,0.0000,0.00
16:30:35,22.263675623259516,84.90978444076312,-25.081,-1.066,2.19,0.014,0.385,-1.0,0,0.0046,0.00
16:30:35,22.263675798261076,84.90978444777645,-25.081,-1.047,2.19,0.014,0.385,-0.8,0,0.0000,0.00
16:30:35,22.263675972466412,84.90978445475785,-25.080,-1.027,2.19,0.014,0.385,-0.8,0,0.0000,0.00
16:30:35,22.26367614658273,84.90978446173571,-25.079,-1.008,2.26,0.014,0.385,-0.6,0,0.0000,0.00
16:30:35,22.263676321932945,84.90978446876301,-25.079,-0.988,2.26,0.014,0.385,-0.4,0,0.0000,0.00
16:30:35,22.26367649632621,84.90978447575195,-25.078,-0.969,2.26,0.014,0.385,0.0,0,0.0000,0.00
16:30:35,22.2636766714547,84.90978448277036,-25.077,-0.949,2.26,0.014,0.385,0.0,0,0.0000,0.00
16:30:35,22.263676845610583,84.9097844897498,-25.076,-0.930,2.36,0.014,0.385,0.2,0,0.0000,0.00
16:30:35,22.263677020001374,84.90978449673865,-25.076,-0.911,2.36,0.014,0.385,0.4,0,0.0000,0.00
16:30:35,22.26367719427265,84.9097845037227,-25.075,-0.891,2.36,0.014,0.385,0.7,0,0.0000,0.00
16:30:35,22.263677368529915,84.9097845107062,-25.074,-0.872,2.36,0.014,0.385,0.7,0,0.0000,0.00
16:30:35,22.263677542893507,84.90978451769396,-25.074,-0.852,2.36,0.014,0.385,0.9,0,0.0000,0.00
16:30:35,22.26367771729254,84.90978452468315,-25.073,-0.833,2.36,0.014,0.385,1.3,0,0.0000,0.00
16:30:35,22.263677891606676,84.90978453166892,-25.072,-0.814,2.36,0.014,0.385,1.5,0,0.0000,0.00
16:30:35,22.26367806604033,84.9097845386595,-25.071,-0.794,2.36,0.014,0.385,1.5,0,0.0000,0.00
16:30:35,22.26367875216889,84.90978454582195,-25.071,-0.718,2.41,0.014,0.494,1.7,0,0.0125,0.00
16:30:35,22.263678977636342,84.90978455288521,-25.070,-0.693,2.41,0.014,0.494,1.6,0,0.0125,0.00
16:30:35,22.263679201312762,84.90978455989236,-25.069,-0.668,2.41,0.014,0.494,1.5,0,0.0125,0.00
16:30:36,22.263679425312706,84.90978456690964,-25.068,-0.643,2.41,0.014,0.494,1.5,0,0.0125,0.00
16:30:36,22.263679648464713,84.90978457390037,-25.068,-0.618,2.48,0.014,0.494,1.3,0,0.0125,0.00
16:30:36,22.263679872427655,84.9097845809165,-25.067,-0.593,2.48,0.014,0.494,1.1,0,0.0125,0.00
16:30:36,22.26367960824354,84.90978455753302,-25.069,-0.622,2.48,0.007,0.362,0.8,0,0.0034,0.00
16:30:36,22.263679773389267,84.90978456084807,-25.069,-0.604,2.48,0.007,0.362,0.8,0,0.0000,0.00
16:30:36,22.26367993759996,84.90978456414435,-25.069,-0.586,2.48,0.007,0.362,1.1,0,0.0000,0.00
16:30:36,22.26368010150905,84.90978456743457,-25.068,-0.568,2.48,0.007,0.362,2.0,0,0.0000,0.00
16:30:36,22.263680265497225,84.90978457072637,-25.068,-0.549,2.48,0.007,0.362,4.1,0,0.0000,0.00
16:30:36,22.263680429752107,84.90978457402355,-25.068,-0.531,2.48,0.007,0.362,5.2,0,0.0000,0.00
16:30:36,22.26368059397753,84.90978457732011,-25.067,-0.513,2.48,0.007,0.362,5.2,0,0.0000,0.00
16:30:36,22.263680757950198,84.90978458061161,-25.067,-0.494,2.56,0.007,0.362,6.3,0,0.0000,0.00
16:30:36,22.263680921833704,84.90978458390133,-25.067,-0.476,2.56,0.007,0.362,8.1,0,0.0000,0.00
16:30:36,22.26368108575675,84.90978458719184,-25.066,-0.458,2.56,0.007,0.362,8.6,0,0.0000,0.00
16:30:36,22.263681134249566,84.90978470809624,-25.054,-0.453,2.56,0.037,0.330,8.6,0,0.0036,0.00
16:30:36,22.263681284088054,84.90978472619422,-25.052,-0.436,2.62,0.037,0.330,8.8,0,0.0000,0.00
16:30:36,22.26368143419511,84.90978474432463,-25.050,-0.419,2.62,0.037,0.330,9.2,0,0.0000,0.00
16:30:36,22.26368158338833,84.90978476234466,-25.048,-0.403,2.62,0.037,0.330,9.2,0,0.0000,0.00
16:30:36,22.26368173254975,84.90978478036085,-25.046,-0.386,2.62,0.037,0.330,9.2,0,0.0000,0.00
16:30:36,22.263681881500553,84.9097847983516,-25.045,-0.369,2.62,0.037,0.330,9.3,0,0.0000,0.00
16:30:37,22.263682031134792,84.9097848164249,-25.043,-0.353,2.62,0.037,0.330,9.3,0,0.0000,0.00
16:30:37,22.26368218060506,84.90978483447839,-25.041,-0.336,2.62,0.037,0.330,9.2,0,0.0000,0.00
16:30:37,22.263682329843512,84.90978485250389,-25.039,-0.320,2.62,0.037,0.330,9.2,0,0.0000,0.00
16:30:37,22.263682479002103,84.90978487051974,-25.037,-0.303,2.65,0.037,0.330,9.2,0,0.0000,0.00
16:30:37,22.263682628047615,84.90978488852193,-25.035,-0.286,2.65,0.037,0.330,9.2,0,0.0000,0.00
16:30:37,22.263682777442966,84.90978490656637,-25.033,-0.270,2.65,0.037,0.330,9.2,0,0.0000,0.00
16:30:37,22.263682926994512,84.90978492462969,-25.032,-0.253,2.65,0.037,0.330,9.2,0,0.0000,0.00
16:30:37,22.263683075941078,84.90978494261994,-25.030,-0.236,2.65,0.037,0.330,9.1,0,0.0000,0.00
16:30:37,22.263683225331484,84.90978496066379,-25.028,-0.220,2.65,0.037,0.330,9.2,0,0.0000,0.00
16:30:37,22.263683374801754,84.90978497871727,-25.026,-0.203,2.65,0.037,0.330,9.4,0,0.0000,0.00
16:30:37,22.26368352446214,84.90978499679373,-25.024,-0.187,2.65,0.037,0.330,9.4,0,0.0000,0.00
16:30:37,22.263683674153626,84.90978501487395,-25.022,-0.170,2.65,0.037,0.330,9.5,0,0.0000,0.00
16:30:37,22.263683823289597,84.90978503288706,-25.020,-0.153,2.68,0.037,0.330,9.8,0,0.0000,0.00
16:30:37,22.263683972817823,84.90978505094756,-25.019,-0.137,2.68,0.037,0.330,9.8,0,0.0000,0.00
16:30:37,22.26368412202023,84.9097850689687,-25.017,-0.120,2.68,0.037,0.330,10.0,0,0.0000,0.00
16:30:37,22.263684422149534,84.90978510521927,-25.013,-0.087,2.67,0.037,0.330,10.6,0,0.0000,0.00
16:30:37,22.263684571767513,84.90978512329062,-25.011,-0.070,2.67,0.037,0.330,10.6,0,0.0000,0.00
16:30:37,22.26368472081161,84.90978514129263,-25.009,-0.053,2.67,0.037,0.330,11.1,0,0.0000,0.00
16:30:37,22.263683884277576,84.90978508087682,-25.015,-0.146,2.67,0.026,0.182,11.5,0,0.0017,0.00
16:30:37,22.263683967279654,84.90978509368773,-25.014,-0.137,2.67,0.026,0.182,11.8,0,0.0000,0.00
16:30:38,22.263684049726702,84.90978510641298,-25.013,-0.128,2.67,0.026,0.182,11.8,0,0.0000,0.00
16:30:38,22.26368413206547,84.90978511912152,-25.012,-0.119,2.67,0.026,0.182,12.2,0,0.0000,0.00
16:30:38,22.263684214498106,84.90978513184456,-25.010,-0.110,2.67,0.026,0.182,13.2,0,0.0000,0.00
16:30:38,22.26368410361997,84.90978510089052,-25.013,-0.122,2.67,0.017,0.140,13.7,0,0.0015,0.00
16:30:38,22.263684167463037,84.9097851093741,-25.013,-0.115,2.62,0.017,0.140,13.7,0,0.0000,0.00
16:30:38,22.263684230749416,84.90978511778371,-25.012,-0.108,2.62,0.017,0.140,14.8,0,0.0000,0.00
16:30:38,22.263684294233244,84.90978512621956,-25.011,-0.101,2.62,0.017,0.140,15.3,0,0.0000,0.00
16:30:38,22.26368435752532,84.90978513462994,-25.010,-0.094,2.62,0.017,0.140,15.8,0,0.0000,0.00
16:30:38,22.26368442095072,84.90978514305802,-25.009,-0.087,2.54,0.017,0.140,15.8,0,0.0000,0.00
16:30:38,22.26368448427096,84.90978515147214,-25.008,-0.080,2.54,0.017,0.140,16.6,0,0.0000,0.00
16:30:38,22.263684547819505,84.90978515991658,-25.007,-0.073,2.54,0.017,0.140,16.6,0,0.0000,0.00
16:30:38,22.263684611145738,84.9097851683315,-25.006,-0.066,2.54,0.017,0.140,17.3,0,0.0000,0.00
16:30:38,22.263684674561553,84.9097851767583,-25.006,-0.058,2.54,0.017,0.140,17.3,0,0.0000,0.00
16:30:38,22.26368473798276,84.90978518518583,-25.005,-0.051,2.54,0.017,0.140,17.7,0,0.0000,0.00
16:30:38,22.26368480144382,84.90978519361866,-25.004,-0.044,2.54,0.017,0.140,17.9,0,0.0000,0.00
16:30:38,22.263684864928845,84.90978520205466,-25.003,-0.037,2.54,0.017,0.140,18.0,0,0.0000,0.00
16:30:38,22.263684928377018,84.90978521048578,-25.002,-0.030,2.49,0.017,0.140,18.0,0,0.0000,0.00
16:30:38,22.263684991752086,84.90978521890717,-25.001,-0.023,2.49,0.017,0.140,18.1,0,0.0000,0.00
16:30:38,22.263685055226926,84.90978522734183,-25.000,-0.016,2.49,0.017,0.140,18.1,0,0.0000,0.00
16:30:39,22.26368455041492,84.90978508077104,-25.016,-0.072,2.49,-0.012,0.022,18.1,0,0.0027,0.00
16:30:39,22.26368456058392,84.90978507465417,-25.016,-0.071,2.41,-0.012,0.022,18.0,0,0.0000,0.00
16:30:39,22.263684570712634,84.90978506856152,-25.017,-0.070,2.41,-0.012,0.022,17.7,0,0.0000,0.00
16:30:39,22.263684580837754,84.90978506247103,-25.017,-0.069,2.41,-0.012,0.022,17.3,0,0.0000,0.00
16:30:39,22.2636845909517,84.90978505638726,-25.018,-0.068,2.41,-0.012,0.022,17.3,0,0.0000,0.00
16:30:39,22.263684601061573,84.90978505030596,-25.019,-0.067,2.41,-0.012,0.022,17.1,0,0.0000,0.00
16:30:39,22.263684611199928,84.90978504420751,-25.019,-0.066,2.41,-0.012,0.022,16.9,0,0.0000,0.00
16:30:39,22.263684621327734,84.9097850381154,-25.020,-0.064,2.41,-0.012,0.022,16.2,0,0.0000,0.00
16:30:39,22.263684631462635,84.90978503201903,-25.021,-0.063,2.41,-0.012,0.022,16.2,0,0.0000,0.00
16:30:39,22.263684641581907,84.90978502593207,-25.021,-0.062,2.41,-0.012,0.022,15.9,0,0.0000,0.00
16:30:39,22.263684563139115,84.90978501875084,-25.022,-0.071,2.29,-0.013,0.001,15.6,0,0.0029,0.00
16:30:39,22.263684563574593,84.9097850124889,-25.023,-0.071,2.29,-0.013,0.001,14.9,0,0.0000,0.00
16:30:39,22.263684564006436,84.90978500627924,-25.023,-0.071,2.29,-0.013,0.001,14.9,0,0.0000,0.00
16:30:39,22.263684564438392,84.90978500006793,-25.024,-0.071,2.29,-0.013,0.001,14.6,0,0.0000,0.00
16:30:39,22.263684564870722,84.90978499385125,-25.024,-0.071,2.29,-0.013,0.001,14.3,0,0.0000,0.00
16:30:39,22.26368454704027,84.90978498785893,-25.025,-0.073,2.29,-0.013,-0.005,13.8,0,0.0031,0.00
16:30:39,22.263684544921478,84.90978498165248,-25.026,-0.073,2.29,-0.013,-0.005,13.8,0,0.0000,0.00
16:30:39,22.263684542813497,84.9097849754777,-25.026,-0.073,2.29,-0.013,-0.005,13.6,0,0.0000,0.00
16:30:39,22.263684540700737,84.90978496928894,-25.027,-0.073,2.19,-0.013,-0.005,13.4,0,0.0000,0.00
16:30:39,22.263684538589427,84.90978496310441,-25.028,-0.074,2.19,-0.013,-0.005,13.4,0,0.0000,0.00
16:30:40,22.26368449763365,84.9097851139721,-25.012,-0.078,2.19,0.041,-0.019,13.0,0,0.0031,0.00
16:30:40,22.263684488991572,84.90978513412875,-25.010,-0.079,2.19,0.041,-0.019,12.9,0,0.0000,0.00
16:30:40,22.263684480378103,84.90978515421868,-25.008,-0.080,2.19,0.041,-0.019,12.8,0,0.0000,0.00
16:30:40,22.263684471774532,84.90978517428552,-25.006,-0.081,2.10,0.041,-0.019,12.8,0,0.0000,0.00
16:30:40,22.263684463160978,84.90978519437564,-25.004,-0.082,2.10,0.041,-0.019,12.6,0,0.0000,0.00
16:30:40,22.26368443858636,84.90978528268658,-24.995,-0.085,2.10,0.067,-0.025,12.4,0,0.0033,0.00
16:30:40,22.26368442698903,84.90978531544114,-24.991,-0.086,2.10,0.067,-0.025,12.3,0,0.0000,0.00
16:30:40,22.263684415444033,84.90978534804789,-24.988,-0.087,2.10,0.067,-0.025,12.3,0,0.0000,0.00
16:30:40,22.26368440390531,84.90978538063692,-24.985,-0.089,2.10,0.067,-0.025,12.2,0,0.0000,0.00
16:30:40,22.263684392373353,84.90978541320683,-24.981,-0.090,2.10,0.067,-0.025,12.1,0,0.0000,0.00
16:30:40,22.263684380814112,84.90978544585381,-24.978,-0.091,2.10,0.067,-0.025,12.1,0,0.0000,0.00
16:30:40,22.263684369301256,84.90978547836977,-24.975,-0.092,1.96,0.067,-0.025,12.1,0,0.0000,0.00
16:30:40,22.263684357719644,84.90978551107995,-24.971,-0.094,1.96,0.067,-0.025,11.9,0,0.0000,0.00
16:30:40,22.26368434617721,84.90978554367945,-24.968,-0.095,1.96,0.067,-0.025,11.7,0,0.0000,0.00
16:30:40,22.263684334635432,84.9097855762771,-24.964,-0.096,1.96,0.067,-0.025,11.7,0,0.0000,0.00
16:30:40,22.26368432312574,84.90978560878413,-24.961,-0.098,1.84,0.067,-0.025,11.7,0,0.0000,0.00
16:30:40,22.263684311570646,84.90978564141939,-24.958,-0.099,1.84,0.067,-0.025,11.6,0,0.0000,0.00
16:30:40,22.26368429995525,84.90978567422496,-24.954,-0.100,1.84,0.067,-0.025,11.6,0,0.0000,0.00
16:30:40,22.263684288386788,84.90978570689799,-24.951,-0.101,1.84,0.067,-0.025,11.5,0,0.0000,0.00
16:30:41,22.263684276831967,84.90978573953248,-24.948,-0.103,1.84,0.067,-0.025,11.5,0,0.0000,0.00
16:30:41,22.2636842535907,84.90978580517321,-24.941,-0.105,1.84,0.067,-0.025,11.4,0,0.0000,0.00
16:30:41,22.263684242041773,84.90978583779106,-24.938,-0.107,1.84,0.067,-0.025,11.4,0,0.0000,0.00
16:30:41,22.263684230534214,84.90978587029208,-24.934,-0.108,1.84,0.067,-0.025,11.4,0,0.0000,0.00
16:30:41,22.263684218995436,84.90978590288125,-24.931,-0.109,1.75,0.067,-0.025,11.4,0,0.0000,0.00
16:30:41,22.263684207468227,84.90978593543777,-24.927,-0.110,1.75,0.067,-0.025,11.3,0,0.0000,0.00
16:30:41,22.263684181120848,84.90978613917575,-24.906,-0.113,1.75,0.095,-0.028,11.3,0,0.0035,0.00
16:30:41,22.26368416832876,84.90978618597686,-24.902,-0.115,1.75,0.095,-0.028,11.2,0,0.0000,0.00
16:30:41,22.263684155559663,84.90978623269385,-24.897,-0.116,1.60,0.095,-0.028,11.2,0,0.0000,0.00
16:30:41,22.263684142825507,84.909786279283,-24.892,-0.118,1.60,0.095,-0.028,11.1,0,0.0000,0.00
16:30:41,22.26368413008568,84.90978632589291,-24.887,-0.119,1.60,0.095,-0.028,11.1,0,0.0000,0.00
16:30:41,22.263684109751548,84.90978642679615,-24.877,-0.121,1.60,0.108,-0.030,11.0,0,0.0036,0.00
16:30:41,22.26368409609395,84.90978647974723,-24.871,-0.123,1.60,0.108,-0.030,10.9,0,0.0000,0.00
16:30:41,22.263684082488442,84.90978653249634,-24.866,-0.124,1.60,0.108,-0.030,10.9,0,0.0000,0.00
16:30:41,22.26368406885203,84.9097865853653,-24.860,-0.126,1.60,0.108,-0.030,10.9,0,0.0000,0.00
16:30:41,22.26368405528058,84.90978663798235,-24.855,-0.127,1.60,0.108,-0.030,10.9,0,0.0000,0.00
16:30:41,22.263684038281635,84.909786728002,-24.846,-0.129,1.60,0.119,-0.031,10.9,0,0.0036,0.00
16:30:41,22.26368402415736,84.90978678635418,-24.840,-0.131,1.50,0.119,-0.031,10.9,0,0.0000,0.00
16:30:41,22.263684010045104,84.90978684465671,-24.834,-0.132,1.50,0.119,-0.031,10.9,0,0.0000,0.00
16:30:41,22.263683995948067,84.90978690289636,-24.828,-0.134,1.50,0.119,-0.031,10.8,0,0.0000,0.00
16:30:42,22.263683981828535,84.90978696122895,-24.822,-0.136,1.50,0.119,-0.031,10.8,0,0.0000,0.00
16:30:42,22.263683967745052,84.9097870194126,-24.816,-0.137,1.38,0.119,-0.031,10.8,0,0.0000,0.00
16:30:42,22.263683953621644,84.9097870777612,-24.810,-0.139,1.38,0.119,-0.031,10.8,0,0.0000,0.00
16:30:42,22.26368393951673,84.90978713603339,-24.804,-0.140,1.38,0.119,-0.031,10.7,0,0.0000,0.00
16:30:42,22.26368392539032,84.90978719439438,-24.798,-0.142,1.38,0.119,-0.031,10.6,0,0.0000,0.00
16:30:42,22.263683911274125,84.9097872527132,-24.792,-0.143,1.38,0.119,-0.031,10.6,0,0.0000,0.00
16:30:42,22.26368389717769,84.90978731095035,-24.786,-0.145,1.38,0.119,-0.031,10.5,0,0.0000,0.00
16:30:42,22.26368388308506,84.9097873691718,-24.780,-0.147,1.38,0.119,-0.031,10.4,0,0.0000,0.00
16:30:42,22.263683868938287,84.90978742761692,-24.774,-0.148,1.38,0.119,-0.031,10.3,0,0.0000,0.00
16:30:42,22.26368385483578,84.90978748587919,-24.768,-0.150,1.25,0.119,-0.031,10.3,0,0.0000,0.00
16:30:42,22.263683840739677,84.90978754411496,-24.762,-0.151,1.25,0.119,-0.031,10.3,0,0.0000,0.00
16:30:42,22.26368382664665,84.90978760233806,-24.756,-0.153,1.25,0.119,-0.031,10.2,0,0.0000,0.00
16:30:42,22.26368381255075,84.90978766057302,-24.750,-0.154,1.25,0.119,-0.031,10.2,0,0.0000,0.00
16:30:42,22.263683798441097,84.90978771886478,-24.744,-0.156,1.25,0.119,-0.031,10.2,0,0.0000,0.00
16:30:42,22.263683784350405,84.90978777707822,-24.738,-0.158,1.25,0.119,-0.031,10.2,0,0.0000,0.00
16:30:42,22.263683770222322,84.90978783544612,-24.732,-0.159,1.25,0.119,-0.031,10.2,0,0.0000,0.00
16:30:42,22.263683756091304,84.90978789382616,-24.726,-0.161,1.25,0.119,-0.031,10.2,0,0.0000,0.00
16:30:42,22.26368377156898,84.90978800196324,-24.715,-0.159,1.25,0.127,-0.026,10.2,0,0.0037,0.00
16:30:42,22.26368375982879,84.90978806448182,-24.708,-0.160,1.12,0.127,-0.026,10.1,0,0.0000,0.00
16:30:43,22.263683748136742,84.909788126744,-24.702,-0.162,1.12,0.127,-0.026,10.1,0,0.0000,0.00
16:30:43,22.26368373646104,84.90978818891918,-24.695,-0.163,1.12,0.127,-0.026,10.1,0,0.0000,0.00
16:30:43,22.26368372476395,84.90978825120823,-24.689,-0.164,1.12,0.127,-0.026,10.0,0,0.0000,0.00
16:30:43,22.263683713129414,84.90978837194105,-24.676,-0.166,1.12,0.141,-0.026,10.0,0,0.0037,0.00
16:30:43,22.263683701408436,84.90978844090405,-24.669,-0.167,1.01,0.141,-0.026,9.9,0,0.0000,0.00
16:30:43,22.26368368971979,84.90978850967684,-24.662,-0.168,1.01,0.141,-0.026,9.8,0,0.0000,0.00
16:30:43,22.263683678019852,84.90978857851607,-24.655,-0.169,1.01,0.141,-0.026,9.7,0,0.0000,0.00
16:30:43,22.263683666306683,84.90978864743316,-24.648,-0.171,1.01,0.141,-0.026,9.7,0,0.0000,0.00
16:30:43,22.263683658958534,84.90978872189937,-24.640,-0.172,1.01,0.142,-0.024,9.6,0,0.0037,0.00
16:30:43,22.2636836478045,84.90978879219321,-24.633,-0.173,1.01,0.142,-0.024,9.5,0,0.0000,0.00
16:30:43,22.263683636729624,84.90978886198815,-24.626,-0.174,1.01,0.142,-0.024,9.4,0,0.0000,0.00
16:30:43,22.26368362563445,84.90978893191102,-24.619,-0.175,1.01,0.142,-0.024,9.4,0,0.0000,0.00
16:30:43,22.26368361457883,84.90978900158461,-24.612,-0.176,0.86,0.142,-0.024,9.2,0,0.0000,0.00
16:30:43,22.26368362486436,84.90978901306012,-24.610,-0.175,0.86,0.122,-0.016,8.8,0,0.0033,0.00
16:30:43,22.263683617459,84.90978907301097,-24.604,-0.176,0.86,0.122,-0.016,8.6,0,0.0000,0.00
16:30:43,22.263683610078544,84.90978913276024,-24.598,-0.177,0.86,0.122,-0.016,8.6,0,0.0000,0.00
16:30:43,22.263683602728626,84.90978919226227,-24.592,-0.178,0.77,0.122,-0.016,8.2,0,0.0000,0.00
16:30:43,22.263683595351857,84.90978925198165,-24.586,-0.179,0.77,0.122,-0.016,8.1,0,0.0000,0.00
16:30:43,22.26368362571021,84.90978916240103,-24.595,-0.175,0.77,0.065,-0.001,8.1,0,0.0030,0.00
16:30:43,22.26368362535215,84.9097891944519,-24.592,-0.175,0.77,0.065,-0.001,8.1,0,0.0000,0.00
16:30:44,22.263683624996123,84.90978922632087,-24.588,-0.175,0.77,0.065,-0.001,8.4,0,0.0000,0.00
16:30:44,22.26368362463931,84.90978925826028,-24.585,-0.175,0.77,0.065,-0.001,8.4,0,0.0000,0.00
16:30:44,22.26368362428331,84.90978929012682,-24.582,-0.175,0.77,0.065,-0.001,8.8,0,0.0000,0.00
16:30:44,22.263683623927246,84.90978932199911,-24.579,-0.175,0.77,0.065,-0.001,8.8,0,0.0000,0.00
16:30:44,22.263683623572145,84.9097893537851,-24.575,-0.175,0.77,0.065,-0.001,9.3,0,0.0000,0.00
16:30:44,22.263683623211506,84.90978938606679,-24.572,-0.176,0.69,0.065,-0.001,9.6,0,0.0000,0.00
16:30:44,22.263683622854025,84.90978941806594,-24.569,-0.176,0.69,0.065,-0.001,10.0,0,0.0000,0.00
16:30:44,22.263683622139077,84.90978948206286,-24.562,-0.176,0.69,0.065,-0.001,10.9,0,0.0000,0.00
16:30:44,22.263683621782455,84.90978951398493,-24.559,-0.176,0.55,0.065,-0.001,11.3,0,0.0000,0.00
16:30:44,22.263683621425457,84.90978954594092,-24.555,-0.176,0.55,0.065,-0.001,11.8,0,0.0000,0.00
16:30:44,22.263683621067592,84.90978957797446,-24.552,-0.176,0.55,0.065,-0.001,11.8,0,0.0000,0.00
16:30:44,22.26368362071141,84.909789609857,-24.549,-0.176,0.55,0.065,-0.001,12.6,0,0.0000,0.00
16:30:44,22.263683620354712,84.90978964178616,-24.546,-0.176,0.55,0.065,-0.001,12.9,0,0.0000,0.00
16:30:44,22.26368361999767,84.90978967374608,-24.542,-0.176,0.55,0.065,-0.001,13.3,0,0.0000,0.00
16:30:44,22.263683619639433,84.90978970581281,-24.539,-0.176,0.55,0.065,-0.001,13.3,0,0.0000,0.00
16:30:44,22.263683619283494,84.90978973767378,-24.536,-0.176,0.55,0.065,-0.001,13.9,0,0.0000,0.00
16:30:44,22.26368361892722,84.90978976956491,-24.532,-0.176,0.43,0.065,-0.001,14.1,0,0.0000,0.00
16:30:44,22.263683618571164,84.90978980143659,-24.529,-0.176,0.43,0.065,-0.001,14.3,0,0.0000,0.00
16:30:44,22.263683538808337,84.90978995220708,-24.514,-0.185,0.43,0.085,-0.015,14.3,0,0.0040,0.00
16:30:45,22.263683531893967,84.90978999399634,-24.509,-0.186,0.43,0.085,-0.015,14.6,0,0.0000,0.00
16:30:45,22.263683524980838,84.90979003577812,-24.505,-0.186,0.43,0.085,-0.015,14.6,0,0.0000,0.00
16:30:45,22.26368351809384,84.90979007740198,-24.501,-0.187,0.32,0.085,-0.015,14.6,0,0.0000,0.00
16:30:45,22.26368351118994,84.90979011912796,-24.496,-0.188,0.32,0.085,-0.015,14.6,0,0.0000,0.00
16:30:45,22.26368350198652,84.90979018559703,-24.490,-0.189,0.32,0.091,-0.016,14.6,0,0.0040,0.00
16:30:45,22.263683494795934,84.90979023027687,-24.485,-0.190,0.32,0.091,-0.016,14.5,0,0.0000,0.00
16:30:45,22.263683487646034,84.90979027470394,-24.480,-0.191,0.32,0.091,-0.016,14.5,0,0.0000,0.00
16:30:45,22.263683339163816,84.9097896635256,-24.543,-0.207,0.32,-0.109,-0.062,14.3,0,0.0105,0.00
16:30:45,22.263683452729882,84.90978943506465,-24.567,-0.195,0.32,-0.171,-0.008,14.2,0,0.0126,0.00
16:30:45,22.263683449309546,84.90978935093636,-24.576,-0.195,0.32,-0.171,-0.008,14.1,0,0.0000,0.00
16:30:45,22.263683321698654,84.90978938986098,-24.572,-0.209,0.17,-0.113,-0.071,14.1,0,0.0185,0.00
16:30:45,22.263683289419863,84.90978933428883,-24.577,-0.213,0.17,-0.113,-0.071,13.8,0,0.0185,0.00
16:30:45,22.263683257221437,84.90978927885506,-24.583,-0.216,0.17,-0.113,-0.071,13.3,0,10.0005,0.00
16:30:45,22.2636832249705,84.90978922333086,-24.589,-0.220,0.17,-0.113,-0.071,12.8,0,0.0000,0.00
16:30:45,22.263683192704946,84.90978916778153,-24.594,-0.223,0.17,-0.113,-0.071,12.8,0,0.0000,0.00
16:30:45,22.263683160506215,84.90978911234721,-24.600,-0.227,0.17,-0.113,-0.071,12.6,0,10.0005,0.00
16:30:45,22.263683128216616,84.90978905675647,-24.606,-0.231,0.17,-0.113,-0.071,12.4,0,10.0005,0.00
16:30:45,22.263683096032345,84.90978900134705,-24.612,-0.234,0.17,-0.113,-0.071,12.0,0,10.0005,0.00
16:30:45,22.263683096032345,84.90978900134705,-24.617,-0.238,0.11,-0.113,-0.071,12.0,0,0.0000,0.00
16:30:45,22.263683096032345,84.90978900134705,-24.623,-0.241,0.11,-0.113,-0.071,11.7,0,0.0000,0.00
16:30:46,22.263683096032345,84.90978900134705,-24.629,-0.245,0.11,-0.113,-0.071,11.6,0,0.0000,0.00
16:30:46,22.263683096032345,84.90978900134705,-24.634,-0.249,0.11,-0.113,-0.071,11.6,0,0.0000,0.00
16:30:46,22.263683096032345,84.90978900134705,-24.640,-0.252,0.11,-0.113,-0.071,11.3,0,10.0005,0.00
16:30:46,22.263683096032345,84.90978900134705,-24.646,-0.256,0.13,-0.113,-0.071,11.2,6,10.0005,0.00
16:30:46,22.263683096032345,84.90978900134705,-24.652,-0.259,0.13,-0.113,-0.071,11.1,6,10.0005,0.00
16:30:46,22.263683096032345,84.90978900134705,-24.657,-0.263,0.13,-0.113,-0.071,11.1,6,10.0005,0.00
16:30:46,22.263683096032345,84.90978900134705,-24.663,-0.266,0.13,-0.113,-0.071,11.1,6,0.0000,0.00
16:30:46,22.263683096032345,84.90978900134705,-24.669,-0.270,0.13,-0.113,-0.071,11.1,6,0.0000,0.00
16:30:46,22.263683096032345,84.90978900134705,-24.674,-0.274,0.13,-0.113,-0.071,11.0,6,0.0000,0.00
16:30:46,22.263683096032345,84.90978900134705,-24.680,-0.277,0.13,-0.113,-0.071,11.0,6,0.0000,0.00
16:30:46,22.263683096032345,84.90978900134705,-24.686,-0.281,0.13,-0.113,-0.071,11.0,6,0.0000,0.00
16:30:46,22.263683096032345,84.90978900134705,-24.691,-0.284,0.16,-0.113,-0.071,11.0,10,0.0000,0.00
16:30:46,22.263683096032345,84.90978900134705,-24.697,-0.288,0.16,-0.113,-0.071,10.9,10,0.0000,0.00
16:30:46,22.263683096032345,84.90978900134705,-24.703,-0.291,0.16,-0.113,-0.071,10.9,10,0.0000,0.00
16:30:46,22.263683096032345,84.90978900134705,-24.709,-0.295,0.16,-0.113,-0.071,10.8,10,0.0000,0.00
16:30:46,22.263683096032345,84.90978900134705,-24.714,-0.299,0.15,-0.113,-0.071,10.4,10,0.0000,0.00
16:30:46,22.263683096032345,84.90978900134705,-24.720,-0.302,0.15,-0.113,-0.071,10.2,10,0.0000,0.00
16:30:46,22.263683096032345,84.90978900134705,-24.726,-0.306,0.15,-0.113,-0.071,10.2,10,0.0000,0.00
16:30:46,22.263683096032345,84.90978900134705,-24.731,-0.309,0.15,-0.113,-0.071,10.0,10,0.0000,0.00
16:30:47,22.263683096032345,84.90978900134705,-24.737,-0.313,0.15,-0.113,-0.071,9.4,10,0.0000,0.00
16:30:47,22.263683096032345,84.90978900134705,-24.743,-0.317,0.15,-0.113,-0.071,9.1,10,0.0000,0.00
16:30:47,22.263683096032345,84.90978900134705,-24.748,-0.320,0.15,-0.113,-0.071,9.1,10,0.0000,0.00
16:30:47,22.263683096032345,84.90978900134705,-24.754,-0.324,0.15,-0.113,-0.071,8.6,10,0.0000,0.00
16:30:47,22.263683096032345,84.90978900134705,-24.760,-0.327,0.15,-0.113,-0.071,8.4,10,0.0000,0.00
16:30:47,22.263683096032345,84.90978900134705,-24.766,-0.331,0.17,-0.113,-0.071,8.3,13,0.0000,0.00
16:30:47,22.263683096032345,84.90978900134705,-24.771,-0.334,0.17,-0.113,-0.071,8.3,13,0.0000,0.00
16:30:47,22.263683096032345,84.90978900134705,-24.777,-0.338,0.17,-0.113,-0.071,8.4,13,0.0000,0.00
16:30:47,22.263683096032345,84.90978900134705,-24.783,-0.342,0.17,-0.113,-0.071,8.6,13,0.0000,0.00
16:30:47,22.263683096032345,84.90978900134705,-24.788,-0.345,0.15,-0.113,-0.071,8.8,13,0.0000,0.00
16:30:47,22.263683096032345,84.90978900134705,-24.794,-0.349,0.15,-0.113,-0.071,8.8,13,0.0000,0.00
16:30:47,22.263683096032345,84.90978900134705,-24.695,-0.285,0.15,-0.014,-0.007,9.0,13,0.0012,0.00
16:30:47,22.263683096032345,84.90978900134705,-24.696,-0.285,0.15,-0.014,-0.007,9.4,13,0.0000,0.00
16:30:47,22.263683096032345,84.90978900134705,-24.696,-0.285,0.15,-0.014,-0.007,9.6,18,0.0000,0.00
16:30:47,22.263683096032345,84.90978900134705,-24.697,-0.286,0.15,-0.014,-0.007,9.6,18,0.0000,0.00
16:30:47,22.263683096032345,84.90978900134705,-24.698,-0.286,0.15,-0.014,-0.007,9.9,18,0.0000,0.00
16:30:47,22.263683096032345,84.90978900134705,-24.698,-0.286,0.15,-0.014,-0.007,10.0,18,0.0000,0.00
16:30:47,22.263683096032345,84.90978900134705,-24.699,-0.287,0.15,-0.014,-0.007,10.1,18,0.0000,0.00
16:30:47,22.263683096032345,84.90978900134705,-24.700,-0.287,0.16,-0.014,-0.007,10.1,18,0.0000,0.00
16:30:47,22.263683096032345,84.90978900134705,-24.701,-0.287,0.16,-0.014,-0.007,10.1,18,0.0000,0.00
16:30:48,22.263683096032345,84.90978900134705,-24.701,-0.288,0.16,-0.014,-0.007,10.1,18,0.0000,0.00
16:30:48,22.263683096032345,84.90978900134705,-24.702,-0.288,0.16,-0.014,-0.007,10.1,18,0.0000,0.00
16:30:48,22.263683096032345,84.90978900134705,-24.703,-0.288,0.17,-0.014,-0.007,10.1,28,0.0000,0.00
16:30:48,22.263683096032345,84.90978900134705,-24.703,-0.289,0.17,-0.014,-0.007,10.1,28,0.0000,0.00
16:30:48,22.263683096032345,84.90978900134705,-24.705,-0.289,0.17,-0.014,-0.007,10.1,28,0.0000,0.00
16:30:48,22.263683096032345,84.90978900134705,-24.705,-0.290,0.17,-0.014,-0.007,10.1,28,0.0000,0.00
16:30:48,22.263683096032345,84.90978900134705,-24.706,-0.290,0.17,-0.014,-0.007,10.1,28,0.0000,0.00
16:30:48,22.263683096032345,84.90978900134705,-24.707,-0.290,0.17,-0.014,-0.007,10.0,28,0.0000,0.00
16:30:48,22.263683096032345,84.90978900134705,-24.707,-0.291,0.17,-0.014,-0.007,9.9,28,0.0000,0.00
16:30:48,22.263683096032345,84.90978900134705,-24.708,-0.291,0.17,-0.014,-0.007,9.9,28,0.0000,0.00
16:30:48,22.263683096032345,84.90978900134705,-24.709,-0.291,0.17,-0.014,-0.007,9.9,28,0.0000,0.00
16:30:48,22.263683096032345,84.90978900134705,-24.710,-0.292,0.17,-0.014,-0.007,9.9,28,0.0000,0.00
16:30:48,22.263683096032345,84.90978900134705,-24.710,-0.292,0.17,-0.014,-0.007,9.8,28,0.0000,0.00
16:30:48,22.263683096032345,84.90978900134705,-24.711,-0.292,0.17,-0.014,-0.007,9.8,28,0.0000,0.00
16:30:48,22.263683096032345,84.90978900134705,-24.712,-0.293,0.16,-0.014,-0.007,9.6,28,0.0000,0.00
16:30:48,22.263683096032345,84.90978900134705,-24.712,-0.293,0.16,-0.014,-0.007,9.2,28,0.0000,0.00
16:30:48,22.263683096032345,84.90978900134705,-24.713,-0.293,0.16,-0.014,-0.007,8.9,28,0.0000,0.00
16:30:48,22.263683096032345,84.90978900134705,-24.714,-0.294,0.16,-0.014,-0.007,8.9,28,0.0000,0.00
16:30:48,22.263683096032345,84.90978900134705,-24.714,-0.294,0.16,-0.014,-0.007,8.3,28,0.0000,0.00
16:30:48,22.263683096032345,84.90978900134705,-24.715,-0.295,0.16,-0.014,-0.007,7.9,28,0.0000,0.00
16:30:49,22.263683096032345,84.90978900134705,-24.716,-0.295,0.16,-0.014,-0.007,7.6,28,0.0000,0.00
16:30:49,22.263683096032345,84.90978900134705,-24.698,-0.218,0.16,0.005,0.072,7.6,28,0.0014,0.00
16:30:49,22.263683096032345,84.90978900134705,-24.697,-0.214,0.17,0.005,0.072,6.9,29,0.0000,0.00
16:30:49,22.263683096032345,84.90978900134705,-24.697,-0.210,0.17,0.005,0.072,6.8,29,0.0000,0.00
16:30:49,22.263683096032345,84.90978900134705,-24.697,-0.207,0.17,0.005,0.072,6.8,29,0.0000,0.00
16:30:49,22.263683096032345,84.90978900134705,-24.697,-0.203,0.17,0.005,0.072,6.8,29,0.0000,0.00
16:30:49,22.263683096032345,84.90978900134705,-24.724,-0.071,0.16,-0.039,0.273,7.8,29,0.0040,0.00
16:30:49,22.263683096032345,84.90978900134705,-24.726,-0.058,0.16,-0.039,0.273,8.3,29,0.0000,0.00
16:30:49,22.263683096032345,84.90978900134705,-24.728,-0.044,0.16,-0.039,0.273,8.7,29,0.0000,0.00
16:30:49,22.263683096032345,84.90978900134705,-24.730,-0.030,0.16,-0.039,0.273,8.7,29,0.0000,0.00
16:30:49,22.263683096032345,84.90978900134705,-24.732,-0.016,0.16,-0.039,0.273,8.9,29,0.0000,0.00
16:30:49,22.263683096032345,84.90978900134705,-24.716,-0.014,0.16,0.005,0.246,8.4,29,0.0035,0.00
16:30:49,22.263683096032345,84.90978900134705,-24.716,-0.002,0.16,0.005,0.246,7.4,29,0.0000,0.00
16:30:49,22.263683096032345,84.90978900134705,-24.715,0.011,0.16,0.005,0.246,7.4,29,0.0000,0.00
16:30:49,22.263683096032345,84.90978900134705,-24.715,0.023,0.16,0.005,0.246,4.2,29,0.0000,0.00
16:30:49,22.263683096032345,84.90978900134705,-24.715,0.036,0.17,0.005,0.246,2.3,29,0.0000,0.00
16:30:49,22.263683096032345,84.90978900134705,-24.689,0.032,0.17,0.084,0.196,-2.2,29,0.0030,0.00
16:30:49,22.263683096032345,84.90978900134705,-24.685,0.042,0.17,0.084,0.196,-2.2,29,0.0000,0.00
16:30:49,22.263683096032345,84.90978900134705,-24.681,0.052,0.17,0.084,0.196,-4.5,29,0.0000,0.00
16:30:50,22.263683096032345,84.90978900134705,-24.677,0.062,0.17,0.084,0.196,-6.8,29,0.0000,0.00
16:30:50,22.263683096032345,84.90978900134705,-24.672,0.072,0.17,0.084,0.196,-11.0,29,0.0000,0.00
16:30:50,22.263683096032345,84.90978900134705,-24.666,0.077,0.17,0.090,0.181,-11.0,29,0.0029,0.00
16:30:50,22.263683096032345,84.90978900134705,-24.662,0.086,0.17,0.090,0.181,-12.9,29,0.0000,0.00
16:30:50,22.263683096032345,84.90978900134705,-24.657,0.096,0.17,0.090,0.181,-16.3,29,0.0000,0.00
16:30:50,22.263683096032345,84.90978900134705,-24.653,0.105,0.17,0.090,0.181,-17.8,29,0.0000,0.00
16:30:50,22.263683096032345,84.90978900134705,-24.648,0.114,0.17,0.090,0.181,-17.8,29,0.0000,0.00
16:30:50,22.263683096032345,84.90978900134705,-24.644,0.123,0.17,0.090,0.181,-19.1,29,0.0000,0.00
16:30:50,22.263683096032345,84.90978900134705,-24.639,0.132,0.17,0.090,0.181,-20.6,29,0.0000,0.00
16:30:50,22.263683096032345,84.90978900134705,-24.634,0.141,0.19,0.090,0.181,-20.6,29,0.0000,0.00
16:30:50,22.263683096032345,84.90978900134705,-24.630,0.150,0.19,0.090,0.181,-20.6,29,0.0000,0.00
16:30:50,22.263683096032345,84.90978900134705,-24.625,0.159,0.19,0.090,0.181,-20.8,29,0.0000,0.00
16:30:50,22.263683096032345,84.90978900134705,-24.652,0.142,0.19,0.003,0.107,-20.4,29,0.0031,0.00
16:30:50,22.263683096032345,84.90978900134705,-24.652,0.147,0.20,0.003,0.107,-20.1,29,0.0000,0.00
16:30:50,22.263683096032345,84.90978900134705,-24.652,0.152,0.20,0.003,0.107,-20.1,29,0.0000,0.00
16:30:50,22.263683096032345,84.90978900134705,-24.652,0.158,0.20,0.003,0.107,-19.7,29,0.0000,0.00
16:30:50,22.263683096032345,84.90978900134705,-24.652,0.163,0.20,0.003,0.107,-18.9,29,0.0000,0.00
16:30:50,22.263683096032345,84.90978900134705,-24.652,0.147,0.20,0.001,0.039,-18.5,29,0.0020,0.00
16:30:50,22.263683096032345,84.90978900134705,-24.652,0.149,0.20,0.001,0.039,-18.5,29,0.0000,0.00
16:30:50,22.263683096032345,84.90978900134705,-24.652,0.151,0.20,0.001,0.039,-18.0,29,0.0000,0.00
16:30:51,22.263683096032345,84.90978900134705,-24.652,0.153,0.20,0.001,0.039,-17.1,29,0.0000,0.00
16:30:51,22.263683096032345,84.90978900134705,-24.652,0.155,0.19,0.001,0.039,-16.7,29,0.0000,0.00
16:30:51,22.263683096032345,84.90978900134705,-24.652,0.150,0.19,0.000,0.015,-16.7,29,0.0021,0.00
16:30:51,22.263683096032345,84.90978900134705,-24.652,0.151,0.19,0.000,0.015,-15.9,29,0.0000,0.00
16:30:51,22.263683096032345,84.90978900134705,-24.652,0.152,0.19,0.000,0.015,-15.5,29,0.0000,0.00
16:30:51,22.263683096032345,84.90978900134705,-24.652,0.152,0.19,0.000,0.015,-15.2,29,0.0000,0.00
16:30:51,22.263683096032345,84.90978900134705,-24.652,0.153,0.19,0.000,0.015,-15.2,29,0.0000,0.00
16:30:51,22.263683096032345,84.90978900134705,-24.652,0.151,0.19,0.000,0.006,-14.5,29,0.0017,0.00
16:30:51,22.263683096032345,84.90978900134705,-24.652,0.152,0.19,0.000,0.006,-14.1,29,0.0000,0.00
16:30:51,22.263683096032345,84.90978900134705,-24.652,0.152,0.19,0.000,0.006,-13.8,29,0.0000,0.00
16:30:51,22.263683096032345,84.90978900134705,-24.652,0.152,0.20,0.000,0.006,-13.8,29,0.0000,0.00
16:30:51,22.263683096032345,84.90978900134705,-24.652,0.153,0.20,0.000,0.006,-13.1,29,0.0000,0.00
16:30:51,22.263683096032345,84.90978900134705,-24.652,0.153,0.20,0.000,0.006,-12.8,29,0.0000,0.00
16:30:51,22.263683096032345,84.90978900134705,-24.652,0.153,0.20,0.000,0.006,-12.2,29,0.0000,0.00
16:30:51,22.263683096032345,84.90978900134705,-24.652,0.153,0.20,0.000,0.006,-12.2,29,0.0000,0.00
16:30:51,22.263683096032345,84.90978900134705,-24.652,0.154,0.20,0.000,0.006,-11.9,29,0.0000,0.00
16:30:51,22.263683096032345,84.90978900134705,-24.652,0.154,0.20,0.000,0.006,-11.6,29,0.0000,0.00
16:30:51,22.263683096032345,84.90978900134705,-24.652,0.154,0.20,0.000,0.006,-11.0,29,0.0000,0.00
16:30:51,22.263683096032345,84.90978900134705,-24.652,0.155,0.20,0.000,0.006,-11.0,29,0.0000,0.00
16:30:52,22.263683096032345,84.90978900134705,-24.652,0.155,0.20,0.000,0.006,-10.8,29,0.0000,0.00
16:30:52,22.263683096032345,84.90978900134705,-24.652,0.155,0.20,0.000,0.006,-10.3,29,0.0000,0.00
16:30:52,22.263683096032345,84.90978900134705,-24.652,0.154,0.19,0.000,0.001,-10.3,29,0.0014,0.00
16:30:52,22.263683096032345,84.90978900134705,-24.652,0.154,0.19,0.000,0.001,-10.6,29,0.0000,0.00
16:30:52,22.263683096032345,84.90978900134705,-24.652,0.154,0.19,0.000,0.001,-11.9,29,0.0000,0.00
16:30:52,22.263683096032345,84.90978900134705,-24.652,0.154,0.19,0.000,0.001,-11.9,29,0.0000,0.00
16:30:52,22.263683096032345,84.90978900134705,-24.652,0.154,0.19,0.000,0.001,-12.9,29,0.0000,0.00
16:30:52,22.263683096032345,84.90978900134705,-24.630,0.160,0.18,0.059,0.017,-15.8,29,0.0018,0.00
16:30:52,22.263683096032345,84.90978900134705,-24.627,0.161,0.18,0.059,0.017,-15.8,29,0.0000,0.00
16:30:52,22.263683096032345,84.90978900134705,-24.624,0.162,0.18,0.059,0.017,-15.8,29,0.0000,0.00
16:30:52,22.263683096032345,84.90978900134705,-24.621,0.163,0.18,0.059,0.017,-20.7,29,0.0000,0.00
16:30:52,22.263683096032345,84.90978900134705,-24.618,0.163,0.18,0.059,0.017,-27.4,29,0.0000,0.00
16:30:52,22.263683096032345,84.90978900134705,-24.615,0.164,0.18,0.059,0.017,-31.1,29,0.0000,0.00
16:30:52,22.263683096032345,84.90978900134705,-24.612,0.165,0.18,0.059,0.017,-35.0,29,0.0000,0.00
16:30:52,22.263683096032345,84.90978900134705,-24.609,0.166,0.18,0.059,0.017,-35.0,29,0.0000,0.00
16:30:52,22.263683096032345,84.90978900134705,-24.606,0.167,0.17,0.059,0.017,-42.8,29,0.0000,0.00
16:30:52,22.263683096032345,84.90978900134705,-24.603,0.168,0.17,0.059,0.017,-46.6,29,0.0000,0.00
16:30:52,22.263683096032345,84.90978900134705,-24.600,0.169,0.17,0.059,0.017,-50.0,29,0.0000,0.00
16:30:52,22.263683096032345,84.90978900134705,-24.597,0.169,0.17,0.059,0.017,-50.0,29,0.0000,0.00
16:30:52,22.263683096032345,84.90978900134705,-24.594,0.170,0.18,0.059,0.017,-57.6,29,0.0000,0.00
16:30:53,22.263683096032345,84.90978900134705,-24.591,0.171,0.18,0.059,0.017,-61.7,29,0.0000,0.00
16:30:53,22.263683096032345,84.90978900134705,-24.588,0.172,0.18,0.059,0.017,-65.5,29,0.0000,0.00
16:30:53,22.263683096032345,84.90978900134705,-24.585,0.173,0.18,0.059,0.017,-65.5,29,0.0000,0.00
16:30:53,22.263683096032345,84.90978900134705,-24.582,0.174,0.18,0.059,0.017,-72.2,29,0.0000,0.00
16:30:53,22.263683096032345,84.90978900134705,-24.579,0.175,0.18,0.059,0.017,-75.1,29,0.0000,0.00
16:30:53,22.263683096032345,84.90978900134705,-24.576,0.175,0.18,0.059,0.017,-77.6,29,0.0000,0.00
16:30:53,22.263683096032345,84.90978900134705,-24.573,0.176,0.18,0.059,0.017,-77.6,29,0.0000,0.00
16:30:53,22.263683096032345,84.90978900134705,-24.570,0.177,0.18,0.059,0.017,-81.8,29,0.0000,0.00
16:30:53,22.263683096032345,84.90978900134705,-24.568,0.178,0.17,0.059,0.017,-83.3,29,0.0000,0.00
16:30:53,22.263683096032345,84.90978900134705,-24.565,0.179,0.17,0.059,0.017,-84.3,29,0.0000,0.00
16:30:53,22.263683096032345,84.90978900134705,-24.562,0.180,0.17,0.059,0.017,-84.3,29,0.0000,0.00
16:30:53,22.263683096032345,84.90978900134705,-24.559,0.181,0.17,0.059,0.017,-84.6,29,0.0000,0.00
16:30:53,22.263683096032345,84.90978900134705,-24.556,0.182,0.16,0.059,0.017,-83.9,29,0.0000,0.00
16:30:53,22.263683096032345,84.90978900134705,-24.553,0.182,0.16,0.059,0.017,-82.8,29,0.0000,0.00
16:30:53,22.263683096032345,84.90978900134705,-24.550,0.183,0.16,0.059,0.017,-82.8,29,0.0000,0.00
16:30:53,22.263683096032345,84.90978900134705,-24.547,0.184,0.16,0.059,0.017,-80.0,29,0.0000,0.00
16:30:53,22.263683096032345,84.90978900134705,-24.544,0.185,0.16,0.059,0.017,-78.6,29,0.0000,0.00
16:30:53,22.263683096032345,84.90978900134705,-24.541,0.186,0.16,0.059,0.017,-78.6,29,0.0000,0.00
16:30:53,22.263683096032345,84.90978900134705,-24.538,0.187,0.16,0.059,0.017,-77.2,29,0.0000,0.00
16:30:53,22.263683096032345,84.90978900134705,-24.535,0.188,0.16,0.059,0.017,-74.4,29,0.0000,0.00
16:30:54,22.263683096032345,84.90978900134705,-24.532,0.188,0.16,0.059,0.017,-71.8,29,0.0000,0.00
16:30:54,22.263683096032345,84.90978900134705,-24.529,0.189,0.16,0.059,0.017,-71.8,29,0.0000,0.00
16:30:54,22.263683096032345,84.90978900134705,-24.526,0.190,0.16,0.059,0.017,-70.6,29,0.0000,0.00
16:30:54,22.263683096032345,84.90978900134705,-24.523,0.191,0.16,0.059,0.017,-69.4,29,0.0000,0.00
16:30:54,22.263683096032345,84.90978900134705,-24.520,0.192,0.16,0.059,0.017,-67.2,29,0.0000,0.00
16:30:54,22.263683096032345,84.90978900134705,-24.517,0.193,0.15,0.059,0.017,-67.2,29,0.0000,0.00
16:30:54,22.263683096032345,84.90978900134705,-24.514,0.194,0.15,0.059,0.017,-66.2,29,0.0000,0.00
16:30:54,22.263683096032345,84.90978900134705,-24.511,0.194,0.15,0.059,0.017,-65.3,29,0.0000,0.00
16:30:54,22.263683096032345,84.90978900134705,-24.508,0.195,0.15,0.059,0.017,-64.0,29,0.0000,0.00
16:30:54,22.263683096032345,84.90978900134705,-24.505,0.196,0.15,0.059,0.017,-64.0,29,0.0000,0.00
16:30:54,22.263683096032345,84.90978900134705,-24.502,0.197,0.15,0.059,0.017,-63.5,29,0.0000,0.00
16:30:54,22.263683096032345,84.90978900134705,-24.499,0.198,0.15,0.059,0.017,-63.1,29,0.0000,0.00
16:30:54,22.263683096032345,84.90978900134705,-24.496,0.199,0.15,0.059,0.017,-62.7,29,0.0000,0.00
16:30:54,22.263683096032345,84.90978900134705,-25.280,0.182,0.15,-0.578,0.003,-62.7,29,0.0080,0.00
16:30:54,22.263683096032345,84.90978900134705,-25.309,0.183,0.15,-0.578,0.003,-62.5,29,0.0000,0.00
16:30:54,22.263683096032345,84.90978900134705,-25.339,0.183,0.15,-0.578,0.003,-62.4,29,0.0000,0.00
16:30:54,22.263683096032345,84.90978900134705,-25.368,0.183,0.15,-0.578,0.003,-62.3,29,0.0000,0.00
16:30:54,22.263683096032345,84.90978900134705,-25.397,0.183,0.15,-0.578,0.003,-62.3,29,0.0000,0.00
16:30:54,22.263683096032345,84.90978900134705,-25.474,0.202,0.15,-0.641,0.027,-62.3,29,0.0087,0.00
16:30:55,22.263683096032345,84.90978900134705,-25.507,0.203,0.15,-0.641,0.027,-62.4,29,0.0000,0.00
16:30:55,22.263683096032345,84.90978900134705,-25.539,0.205,0.15,-0.641,0.027,-62.9,29,0.0000,0.00
16:30:55,22.263683096032345,84.90978900134705,-25.571,0.206,0.15,-0.641,0.027,-62.9,29,0.0000,0.00
16:30:55,22.263683096032345,84.90978900134705,-25.604,0.208,0.16,-0.641,0.027,-63.2,29,0.0000,0.00
16:30:55,22.263683096032345,84.90978900134705,-25.602,0.226,0.16,-0.570,0.063,-64.9,29,0.0076,0.00
16:30:55,22.263683096032345,84.90978900134705,-25.631,0.229,0.16,-0.570,0.063,-66.3,29,0.0000,0.00
16:30:55,22.263683096032345,84.90978900134705,-25.660,0.232,0.16,-0.570,0.063,-66.3,29,0.0000,0.00
16:30:55,22.263683096032345,84.90978900134705,-25.689,0.236,0.19,-0.570,0.063,-68.1,29,0.0000,0.00
16:30:55,22.263683096032345,84.90978900134705,-25.717,0.239,0.19,-0.570,0.063,-70.2,29,0.0000,0.00
16:30:55,22.263683096032345,84.90978900134705,-25.746,0.242,0.19,-0.570,0.063,-75.0,29,0.0000,0.00
16:30:55,22.263683096032345,84.90978900134705,-25.775,0.245,0.19,-0.570,0.063,-75.0,29,0.0000,0.00
16:30:55,22.263683096032345,84.90978900134705,-25.803,0.248,0.19,-0.570,0.063,-77.8,29,0.0000,0.00
16:30:55,22.263683096032345,84.90978900134705,-25.832,0.252,0.19,-0.570,0.063,-84.0,29,0.0000,0.00
16:30:55,22.263683096032345,84.90978900134705,-25.861,0.255,0.19,-0.570,0.063,-87.5,29,0.0000,0.00
16:30:55,22.263683096032345,84.90978900134705,-25.890,0.258,0.19,-0.570,0.063,-87.5,29,0.0000,0.00
16:30:55,22.263683096032345,84.90978900134705,-25.918,0.261,0.19,-0.570,0.063,-94.9,29,0.0000,0.00
16:30:55,22.263683096032345,84.90978900134705,-25.947,0.264,0.19,-0.570,0.063,-98.8,29,0.0000,0.00
16:30:55,22.263683096032345,84.90978900134705,-25.976,0.268,0.19,-0.570,0.063,-102.7,29,0.0000,0.00
16:30:55,22.263683096032345,84.90978900134705,-26.005,0.271,0.19,-0.570,0.063,-102.7,29,0.0000,0.00
16:30:55,22.263683096032345,84.90978900134705,-26.033,0.274,0.19,-0.570,0.063,-110.6,29,0.0000,0.00
16:30:56,22.263683096032345,84.90978900134705,-26.062,0.277,0.20,-0.570,0.063,-117.9,29,0.0000,0.00
16:30:56,22.263683096032345,84.90978900134705,-26.120,0.284,0.20,-0.570,0.063,-117.9,29,0.0000,0.00
16:30:56,22.263683096032345,84.90978900134705,-26.149,0.287,0.20,-0.570,0.063,-123.7,29,0.0000,0.00
16:30:56,22.263683096032345,84.90978900134705,-26.177,0.290,0.20,-0.570,0.063,-126.6,29,0.0000,0.00
16:30:56,22.263683096032345,84.90978900134705,-26.206,0.293,0.20,-0.570,0.063,-130.1,29,0.0000,0.00
16:30:56,22.263683096032345,84.90978900134705,-26.235,0.296,0.20,-0.570,0.063,-130.1,29,0.0000,0.00
16:30:56,22.263683096032345,84.90978900134705,-26.263,0.300,0.20,-0.570,0.063,-137.0,29,0.0000,0.00
16:30:56,22.263683096032345,84.90978900134705,-26.292,0.303,0.22,-0.570,0.063,-139.9,29,0.0000,0.00
16:30:56,22.263683096032345,84.90978900134705,-26.321,0.306,0.22,-0.570,0.063,-142.4,29,0.0000,0.00
16:30:56,22.263683096032345,84.90978900134705,-26.350,0.309,0.22,-0.570,0.063,-142.4,29,0.0000,0.00
16:30:56,22.263683096032345,84.90978900134705,-26.378,0.312,0.22,-0.570,0.063,-146.3,29,0.0000,0.00
16:30:56,22.263683096032345,84.90978900134705,-26.407,0.315,0.23,-0.570,0.063,-148.0,29,0.0000,0.00
16:30:56,22.263683096032345,84.90978900134705,-26.436,0.319,0.23,-0.570,0.063,-149.4,29,0.0000,0.00
16:30:56,22.263683096032345,84.90978900134705,-26.465,0.322,0.23,-0.570,0.063,-149.4,29,0.0000,0.00
16:30:56,22.263683096032345,84.90978900134705,-26.493,0.325,0.23,-0.570,0.063,-151.2,29,0.0000,0.00
16:30:56,22.263683096032345,84.90978900134705,-26.522,0.328,0.23,-0.570,0.063,-151.4,29,0.0000,0.00
16:30:56,22.263683096032345,84.90978900134705,-26.551,0.331,0.23,-0.570,0.063,-151.1,29,0.0000,0.00
16:30:56,22.263683096032345,84.90978900134705,-26.580,0.335,0.23,-0.570,0.063,-151.1,29,0.0000,0.00
16:30:56,22.263683096032345,84.90978900134705,-26.608,0.338,0.23,-0.570,0.063,-149.1,29,0.0000,0.00
16:30:57,22.263683096032345,84.90978900134705,-26.275,-0.100,0.23,-0.207,-0.379,-147.8,29,0.0069,0.00
16:30:57,22.263683096032345,84.90978900134705,-26.286,-0.119,0.23,-0.207,-0.379,-146.4,29,0.0000,0.00
16:30:57,22.263683096032345,84.90978900134705,-26.296,-0.139,0.23,-0.207,-0.379,-146.4,29,0.0000,0.00
16:30:57,22.263683096032345,84.90978900134705,-26.306,-0.158,0.23,-0.207,-0.379,-143.5,29,0.0000,0.00
16:30:57,22.263683096032345,84.90978900134705,-26.317,-0.177,0.23,-0.207,-0.379,-142.0,29,0.0000,0.00
16:30:57,22.263683096032345,84.90978900134705,-26.327,-0.196,0.23,-0.207,-0.379,-140.5,29,0.0000,0.00
16:30:57,22.263683096032345,84.90978900134705,-26.338,-0.215,0.23,-0.207,-0.379,-137.4,29,0.0000,0.00
16:30:57,22.263683096032345,84.90978900134705,-26.348,-0.234,0.23,-0.207,-0.379,-137.4,29,0.0000,0.00
16:30:57,22.263683096032345,84.90978900134705,-26.359,-0.253,0.23,-0.207,-0.379,-137.4,29,0.0000,0.00
16:30:57,22.263683096032345,84.90978900134705,-26.369,-0.272,0.23,-0.207,-0.379,-134.4,28,0.0000,0.00
16:30:57,22.263683096032345,84.90978900134705,-26.380,-0.291,0.23,-0.207,-0.379,-134.4,28,10.0005,0.00
16:30:57,22.263683096032345,84.90978900134705,-26.390,-0.310,0.23,-0.207,-0.379,-131.7,28,0.0000,0.00
16:30:57,22.263683096032345,84.90978900134705,-26.400,-0.329,0.23,-0.207,-0.379,-129.2,28,0.0000,0.00
16:30:57,22.263683096032345,84.90978900134705,-26.411,-0.348,0.23,-0.207,-0.379,-129.2,28,0.0000,0.00
16:30:57,22.263683096032345,84.90978900134705,-26.421,-0.367,0.19,-0.207,-0.379,-128.2,28,0.0000,0.00
16:30:57,22.263683096032345,84.90978900134705,-26.432,-0.387,0.19,-0.207,-0.379,-127.2,28,10.0005,0.00
16:30:57,22.263683096032345,84.90978900134705,-26.442,-0.406,0.19,-0.207,-0.379,-125.6,28,0.0000,0.00
16:30:57,22.263683096032345,84.90978900134705,-26.453,-0.425,0.19,-0.207,-0.379,-125.6,28,0.0000,0.00
16:30:57,22.263683096032345,84.90978900134705,-26.463,-0.444,0.21,-0.207,-0.379,-125.0,28,0.0000,0.00
16:30:57,22.263683096032345,84.90978900134705,-26.473,-0.463,0.21,-0.207,-0.379,-124.5,28,0.0000,0.00
16:30:58,22.263683096032345,84.90978900134705,-26.484,-0.482,0.21,-0.207,-0.379,-123.7,28,10.0005,0.00
16:30:58,22.263683096032345,84.90978900134705,-26.494,-0.501,0.21,-0.207,-0.379,-123.7,28,0.0000,0.00
16:30:58,22.263683096032345,84.90978900134705,-26.505,-0.520,0.21,-0.207,-0.379,-123.4,28,0.0000,0.00
16:30:58,22.263683096032345,84.90978900134705,-26.515,-0.539,0.21,-0.207,-0.379,-123.2,28,0.0000,0.00
16:30:58,22.263683096032345,84.90978900134705,-26.526,-0.558,0.21,-0.207,-0.379,-122.9,28,0.0000,0.00
16:30:58,22.263683096032345,84.90978900134705,-26.676,-0.801,0.21,-0.370,-0.639,-122.9,28,0.0077,0.00
16:30:58,22.263683096032345,84.90978900134705,-26.694,-0.834,0.20,-0.370,-0.639,-122.8,28,0.0000,0.00
16:30:58,22.263683096032345,84.90978900134705,-26.713,-0.866,0.20,-0.370,-0.639,-122.8,28,0.0000,0.00
16:30:58,22.263683096032345,84.90978900134705,-26.732,-0.898,0.20,-0.370,-0.639,-123.0,28,0.0000,0.00
16:30:58,22.263683096032345,84.90978900134705,-26.750,-0.930,0.20,-0.370,-0.639,-123.0,28,0.0000,0.00
16:30:58,22.263683096032345,84.90978900134705,-26.790,-0.972,0.20,-0.407,-0.655,-123.1,27,0.0088,0.00
16:30:58,22.263683096032345,84.90978900134705,-26.811,-1.005,0.20,-0.407,-0.655,-123.3,27,0.0000,0.00
16:30:58,22.263683096032345,84.90978900134705,-26.831,-1.038,0.20,-0.407,-0.655,-123.6,27,0.0000,0.00
16:30:58,22.263683096032345,84.90978900134705,-26.852,-1.071,0.20,-0.407,-0.655,-123.6,27,0.0000,0.00
16:30:58,22.263683096032345,84.90978900134705,-26.872,-1.104,0.20,-0.407,-0.655,-123.7,27,0.0000,0.00
16:30:58,22.263683096032345,84.90978900134705,-26.893,-1.137,0.23,-0.407,-0.655,-123.8,27,0.0000,0.00
16:30:58,22.263683096032345,84.90978900134705,-26.914,-1.170,0.23,-0.407,-0.655,-124.1,27,0.0000,0.00
16:30:58,22.263683096032345,84.90978900134705,-26.934,-1.203,0.23,-0.407,-0.655,-124.1,27,0.0000,0.00
16:30:58,22.263683096032345,84.90978900134705,-26.955,-1.236,0.23,-0.407,-0.655,-124.3,27,0.0000,0.00
16:30:59,22.263683096032345,84.90978900134705,-26.975,-1.269,0.21,-0.407,-0.655,-124.6,27,0.0000,0.00
16:30:59,22.263683096032345,84.90978900134705,-26.996,-1.302,0.21,-0.407,-0.655,-124.7,27,0.0000,0.00
16:30:59,22.263683096032345,84.90978900134705,-27.016,-1.335,0.21,-0.407,-0.655,-124.8,27,0.0000,0.00
16:30:59,22.263683096032345,84.90978900134705,-27.037,-1.368,0.21,-0.407,-0.655,-124.8,27,0.0000,0.00
16:30:59,22.263683096032345,84.90978900134705,-27.057,-1.401,0.21,-0.407,-0.655,-124.9,27,0.0000,0.00
16:30:59,22.263683096032345,84.90978900134705,-27.078,-1.434,0.21,-0.407,-0.655,-125.0,27,0.0000,0.00
16:30:59,22.263683096032345,84.90978900134705,-27.098,-1.467,0.21,-0.407,-0.655,-125.1,27,0.0000,0.00
16:30:59,22.263683096032345,84.90978900134705,-27.119,-1.500,0.21,-0.407,-0.655,-125.1,27,0.0000,0.00
16:30:59,22.263683096032345,84.90978900134705,-27.139,-1.533,0.22,-0.407,-0.655,-125.2,27,0.0000,0.00
16:30:59,22.263683096032345,84.90978900134705,-27.160,-1.566,0.22,-0.407,-0.655,-125.3,27,0.0000,0.00
16:30:59,22.263683096032345,84.90978900134705,-27.180,-1.599,0.22,-0.407,-0.655,-125.4,27,0.0000,0.00
16:30:59,22.263683096032345,84.90978900134705,-27.201,-1.632,0.22,-0.407,-0.655,-125.4,27,0.0000,0.00
16:30:59,22.263683096032345,84.90978900134705,-27.242,-1.698,0.21,-0.407,-0.655,-125.5,27,0.0000,0.00
16:30:59,22.263683096032345,84.90978900134705,-27.262,-1.731,0.21,-0.407,-0.655,-125.5,27,0.0000,0.00
16:30:59,22.263683096032345,84.90978900134705,-27.283,-1.764,0.21,-0.407,-0.655,-125.5,27,0.0000,0.00
16:30:59,22.263683096032345,84.90978900134705,-27.303,-1.797,0.21,-0.407,-0.655,-125.7,27,0.0000,0.00
16:30:59,22.263683096032345,84.90978900134705,-27.324,-1.830,0.21,-0.407,-0.655,-125.8,27,0.0000,0.00
16:30:59,22.263683096032345,84.90978900134705,-27.345,-1.863,0.21,-0.407,-0.655,-125.8,27,0.0000,0.00
16:30:59,22.263683096032345,84.90978900134705,-27.365,-1.896,0.21,-0.407,-0.655,-125.9,27,0.0000,0.00
16:30:59,22.263683096032345,84.90978900134705,-27.386,-1.929,0.21,-0.407,-0.655,-125.9,27,0.0000,0.00
16:31:00,22.263683096032345,84.90978900134705,-27.406,-1.962,0.24,-0.407,-0.655,-125.9,28,0.0000,0.00
16:31:00,22.263683096032345,84.90978900134705,-27.427,-1.995,0.24,-0.407,-0.655,-125.9,28,10.0005,0.00
16:31:00,22.263683096032345,84.90978900134705,-27.447,-2.028,0.24,-0.407,-0.655,-125.8,28,0.0000,0.00
16:31:00,22.263683096032345,84.90978900134705,-27.468,-2.061,0.24,-0.407,-0.655,-125.8,28,0.0000,0.00
16:31:00,22.263683096032345,84.90978900134705,-27.488,-2.094,0.24,-0.407,-0.655,-125.8,28,0.0000,0.00
16:31:00,22.263683096032345,84.90978900134705,-27.509,-2.127,0.24,-0.407,-0.655,-125.8,28,0.0000,0.00
16:31:00,22.263683096032345,84.90978900134705,-27.529,-2.160,0.24,-0.407,-0.655,-125.8,28,0.0000,0.00
16:31:00,22.263683096032345,84.90978900134705,-27.550,-2.194,0.24,-0.407,-0.655,-125.8,28,0.0000,0.00
16:31:00,22.263683096032345,84.90978900134705,-27.570,-2.226,0.24,-0.407,-0.655,-125.8,28,0.0000,0.00
16:31:00,22.263683096032345,84.90978900134705,-27.591,-2.259,0.24,-0.407,-0.655,-125.8,28,0.0000,0.00
16:31:00,22.263683096032345,84.90978900134705,-27.611,-2.292,0.24,-0.407,-0.655,-125.7,28,0.0000,0.00
16:31:00,22.263683096032345,84.90978900134705,-27.677,-2.395,0.24,-0.448,-0.716,-125.7,28,0.0105,0.00
16:31:00,22.263683096032345,84.90978900134705,-27.700,-2.431,0.24,-0.448,-0.716,-125.7,28,0.0000,0.00
16:31:00,22.263663040746387,84.9097588057276,-27.722,-2.467,0.26,-0.448,-0.716,-125.7,28,0.0000,0.00
16:31:00,22.263662716297304,84.9097585867514,-27.745,-2.503,0.26,-0.448,-0.716,-125.7,28,0.0000,0.00
16:31:00,22.263662392449735,84.90975836818114,-27.767,-2.539,0.26,-0.448,-0.716,-125.7,28,0.0000,0.00
16:31:00,22.263662068754073,84.90975814971344,-27.790,-2.575,0.26,-0.448,-0.716,-125.7,28,10.0005,0.00
16:31:00,22.263661744828244,84.90975793109038,-27.812,-2.611,0.25,-0.448,-0.716,-125.7,28,0.0000,0.00
16:31:00,22.26366142083643,84.90975771242279,-27.835,-2.647,0.25,-0.448,-0.716,-125.7,28,0.0000,0.00
16:31:00,22.263661096241574,84.9097574933482,-27.858,-2.683,0.25,-0.448,-0.716,-125.7,28,0.0000,0.00
16:31:01,22.26366077297403,84.90975727516943,-27.880,-2.719,0.25,-0.448,-0.716,-125.7,28,0.0000,0.00
16:31:01,22.263660449049738,84.90975705654739,-27.903,-2.755,0.25,-0.448,-0.716,-125.7,28,10.0005,0.00
16:31:01,22.263660124961252,84.90975683781456,-27.925,-2.791,0.25,-0.448,-0.716,-125.7,28,0.0000,0.00
16:31:01,22.263659801208817,84.90975661930852,-27.948,-2.827,0.25,-0.448,-0.716,-125.8,28,0.0000,0.00
16:31:01,22.263659477298333,84.90975640069583,-27.970,-2.863,0.25,-0.448,-0.716,-125.8,28,0.0000,0.00
16:31:01,22.26365915358119,84.90975618221361,-27.993,-2.899,0.25,-0.448,-0.716,-125.8,28,0.0000,0.00
16:31:01,22.263658830239994,84.90975596398513,-28.015,-2.935,0.26,-0.448,-0.716,-125.8,28,10.0005,0.00
16:31:01,22.263658505467138,84.9097557447904,-28.038,-2.972,0.26,-0.448,-0.716,-125.8,28,0.0000,0.00
16:31:01,22.26365818073111,84.90975552562053,-28.060,-3.008,0.26,-0.448,-0.716,-125.9,28,0.0000,0.00
16:31:01,22.263657856670246,84.90975530690633,-28.083,-3.044,0.26,-0.448,-0.716,-125.9,28,0.0000,0.00
16:31:01,22.263657532535728,84.90975508814243,-28.105,-3.080,0.26,-0.448,-0.716,-125.9,27,0.0000,0.00
16:31:01,22.26365720799151,84.909754869102,-28.128,-3.116,0.26,-0.448,-0.716,-125.9,27,0.0000,0.00
16:31:01,22.26365688342427,84.90975465004605,-28.151,-3.152,0.26,-0.448,-0.716,-126.1,27,0.0000,0.00
16:31:01,22.263656558025357,84.90975443042879,-28.173,-3.188,0.26,-0.448,-0.716,-126.1,27,10.0005,0.00
16:31:01,22.26365623351029,84.90975421140804,-28.196,-3.225,0.25,-0.448,-0.716,-126.2,27,10.0005,0.00
16:31:01,22.26365590847044,84.9097539920331,-28.218,-3.261,0.25,-0.448,-0.716,-126.4,27,10.0005,0.00
16:31:01,22.263655584079665,84.90975377309626,-28.241,-3.297,0.25,-0.448,-0.716,-126.4,27,10.0005,0.00
16:31:01,22.263655260135423,84.90975355446076,-28.263,-3.333,0.25,-0.448,-0.716,-126.5,27,0.0000,0.00
16:31:01,22.26365493555591,84.90975333539653,-28.286,-3.369,0.26,-0.448,-0.716,-126.6,26,0.0000,0.00
16:31:02,22.263654611007087,84.909753116353,-28.309,-3.405,0.26,-0.448,-0.716,-126.9,26,10.0005,0.00
16:31:02,22.26365428625111,84.90975289716967,-28.331,-3.441,0.26,-0.448,-0.716,-127.0,26,10.0005,0.00
16:31:02,22.263653962237818,84.90975267848756,-28.354,-3.477,0.26,-0.448,-0.716,-127.0,26,10.0005,0.00
16:31:02,22.26365363804192,84.90975245968224,-28.376,-3.513,0.26,-0.448,-0.716,-127.0,26,10.0005,0.00
16:31:02,22.263653314076194,84.90975224103225,-28.399,-3.550,0.26,-0.448,-0.716,-127.0,26,0.0000,0.00
16:31:02,22.26365298878469,84.90975202148748,-28.421,-3.586,0.26,-0.448,-0.716,-127.1,26,0.0000,0.00
16:31:02,22.263652664439952,84.9097518025817,-28.444,-3.622,0.26,-0.448,-0.716,-127.1,26,0.0000,0.00
16:31:02,22.263652340638412,84.90975158404252,-28.466,-3.658,0.26,-0.448,-0.716,-127.1,26,10.0005,0.00
16:31:02,22.263652016646603,84.90975136537493,-28.489,-3.694,0.27,-0.448,-0.716,-127.3,26,10.0005,0.00
16:31:02,22.263651692025658,84.90975114628273,-28.511,-3.730,0.27,-0.448,-0.716,-127.4,26,10.0005,0.00
16:31:02,22.263651366988874,84.90975092690987,-28.534,-3.766,0.27,-0.448,-0.716,-127.4,26,10.0005,0.00
16:31:02,22.26365104271012,84.9097507080486,-28.557,-3.802,0.27,-0.448,-0.716,-127.4,26,10.0005,0.00
16:31:02,22.263650717892762,84.90975048882385,-28.579,-3.839,0.26,-0.448,-0.716,-127.6,26,10.0005,0.00
16:31:02,22.263650393241132,84.90975026971093,-28.602,-3.875,0.26,-0.448,-0.716,-127.6,26,10.0005,0.00
16:31:02,22.263650068738343,84.90975005069848,-28.624,-3.911,0.26,-0.448,-0.716,-127.6,26,0.0000,0.00
16:31:02,22.263649744490273,84.90974983185794,-28.647,-3.947,0.26,-0.448,-0.716,-127.6,26,0.0000,0.00
16:31:02,22.26364941968366,84.90974961264041,-28.669,-3.983,0.26,-0.448,-0.716,-127.6,26,0.0000,0.00
16:31:02,22.263649095122563,84.90974939358861,-28.692,-4.019,0.26,-0.448,-0.716,-127.6,26,0.0000,0.00
16:31:02,22.263648770713374,84.90974917463932,-28.715,-4.055,0.26,-0.448,-0.716,-127.5,26,10.0005,0.00
16:31:02,22.263648446629496,84.90974895590959,-28.737,-4.091,0.26,-0.448,-0.716,-127.4,26,0.0000,0.00
16:31:03,22.263648122318514,84.90974873702659,-28.760,-4.127,0.26,-0.448,-0.716,-127.4,26,0.0000,0.00
16:31:03,22.263647798520047,84.9097485184895,-28.782,-4.164,0.26,-0.448,-0.716,-127.4,26,0.0000,0.00
16:31:03,22.263647473773275,84.90974829931237,-28.805,-4.200,0.26,-0.448,-0.716,-127.3,26,0.0000,0.00
16:31:03,22.26364714913085,84.90974808020566,-28.827,-4.236,0.26,-0.448,-0.716,-127.2,26,0.0000,0.00
16:31:03,22.26364682516359,84.90974786155464,-28.850,-4.272,0.26,-0.448,-0.716,-127.2,26,0.0000,0.00
16:31:03,22.26364617410643,84.90974742214507,-28.895,-4.344,0.26,-0.448,-0.716,-127.1,26,0.0000,0.00
16:31:03,22.263645850165258,84.90974720351166,-28.918,-4.380,0.26,-0.448,-0.716,-127.1,26,10.0005,0.00
16:31:03,22.263645525591883,84.90974698445156,-28.940,-4.417,0.26,-0.448,-0.716,-127.0,26,0.0000,0.00
16:31:03,22.26364520148652,84.90974676570734,-28.963,-4.453,0.26,-0.448,-0.716,-127.0,25,0.0000,0.00
16:31:03,22.263644876980663,84.9097465466928,-28.985,-4.489,0.26,-0.448,-0.716,-127.0,25,0.0000,0.00
16:31:03,22.263644552958162,84.9097463280045,-29.008,-4.525,0.26,-0.448,-0.716,-127.1,25,0.0000,0.00
16:31:03,22.263644228665594,84.90974610913393,-29.030,-4.561,0.26,-0.448,-0.716,-127.0,25,0.0000,0.00
16:31:03,22.263643904303976,84.90974589021675,-29.053,-4.597,0.26,-0.448,-0.716,-127.0,25,0.0000,0.00
16:31:03,22.263643579653877,84.90974567110487,-29.076,-4.633,0.26,-0.448,-0.716,-127.0,25,0.0000,0.00
16:31:03,22.263642910581854,84.90974594084024,-29.048,-4.708,0.26,-0.419,-0.738,-126.9,25,0.0085,0.00
16:31:03,22.26364257414083,84.90974573463488,-29.069,-4.745,0.26,-0.419,-0.738,-126.8,25,0.0000,0.00
16:31:03,22.263642239951697,84.90974552980973,-29.090,-4.782,0.27,-0.419,-0.738,-126.8,25,0.0000,0.00
16:31:03,22.263641904933916,84.90974532447669,-29.111,-4.820,0.27,-0.419,-0.738,-126.8,25,0.0000,0.00
16:31:03,22.26364157076692,84.90974511966509,-29.132,-4.857,0.27,-0.419,-0.738,-126.8,25,10.0005,0.00
16:31:04,22.26364123661574,84.9097449148632,-29.153,-4.894,0.27,-0.419,-0.738,-126.8,25,0.0000,0.00
16:31:04,22.263640902436094,84.90974471004384,-29.175,-4.931,0.27,-0.419,-0.738,-126.8,25,0.0000,0.00
16:31:04,22.263640567937006,84.90974450502871,-29.196,-4.968,0.27,-0.419,-0.738,-127.0,25,0.0000,0.00
16:31:04,22.263640233921826,84.90974430031017,-29.217,-5.006,0.27,-0.419,-0.738,-127.0,25,0.0000,0.00
16:31:04,22.263639899329437,84.90974409523785,-29.238,-5.043,0.27,-0.419,-0.738,-127.0,25,10.0005,0.00
16:31:04,22.263639565609974,84.90974389070055,-29.259,-5.080,0.27,-0.419,-0.738,-127.0,25,0.0000,0.00
16:31:04,22.263639230887915,84.90974368554876,-29.280,-5.117,0.27,-0.419,-0.738,-127.0,25,0.0000,0.00
16:31:04,22.263638896762036,84.90974348076237,-29.301,-5.154,0.27,-0.419,-0.738,-127.0,25,0.0000,0.00
16:31:04,22.263638561869186,84.90974327550589,-29.322,-5.192,0.27,-0.419,-0.738,-127.0,25,0.0000,0.00
16:31:04,22.263638228367952,84.90974307110235,-29.343,-5.229,0.27,-0.419,-0.738,-126.9,25,0.0000,0.00
16:31:04,22.263637893476684,84.90974286584685,-29.365,-5.266,0.27,-0.419,-0.738,-126.8,26,0.0000,0.00
16:31:04,22.26363755862495,84.90974266061558,-29.386,-5.303,0.27,-0.419,-0.738,-126.7,26,0.0000,0.00
16:31:04,22.263637223282984,84.90974245508384,-29.407,-5.341,0.27,-0.419,-0.738,-126.7,26,0.0000,0.00
16:31:04,22.263636889176084,84.90974225030908,-29.428,-5.378,0.27,-0.419,-0.738,-126.6,26,0.0000,0.00
16:31:04,22.263636554503044,84.90974204518734,-29.449,-5.415,0.27,-0.419,-0.738,-126.6,26,0.0000,0.00
16:31:04,22.263636220351863,84.90974184038544,-29.470,-5.452,0.27,-0.419,-0.738,-126.7,26,0.0000,0.00
16:31:04,22.263635886093148,84.90974163551763,-29.491,-5.490,0.27,-0.419,-0.738,-126.7,26,0.0000,0.00
16:31:04,22.263635553050516,84.90974143139516,-29.512,-5.527,0.27,-0.419,-0.738,-126.7,26,0.0000,0.00
16:31:04,22.263635218929384,84.90974122661167,-29.533,-5.564,0.26,-0.419,-0.738,-126.7,26,0.0000,0.00
16:31:04,22.263634884283228,84.9097410215064,-29.555,-5.601,0.26,-0.419,-0.738,-126.7,26,0.0000,0.00
16:31:05,22.26363455103818,84.90974081725987,-29.576,-5.638,0.26,-0.419,-0.738,-126.5,26,10.0005,0.00
16:31:05,22.263634217307647,84.9097406127158,-29.597,-5.675,0.26,-0.419,-0.738,-126.4,26,0.0000,0.00
16:31:05,22.263633882607724,84.90974040757757,-29.618,-5.713,0.26,-0.419,-0.738,-126.4,26,0.0000,0.00
16:31:05,22.263633548799703,84.909740202986,-29.639,-5.750,0.26,-0.419,-0.738,-126.4,26,0.0000,0.00
16:31:05,22.26363321476871,84.90973999825775,-29.660,-5.787,0.26,-0.419,-0.738,-126.4,26,0.0000,0.00
16:31:05,22.26363288087371,84.90973979361287,-29.681,-5.824,0.26,-0.419,-0.738,-126.4,26,0.0000,0.00
16:31:05,22.263632546765226,84.90973958883714,-29.702,-5.861,0.26,-0.419,-0.738,-126.5,26,10.0005,0.00
16:31:05,22.263632212155446,84.90973938375416,-29.723,-5.899,0.26,-0.419,-0.738,-126.5,25,10.0005,0.00
16:31:05,22.263631877180362,84.9097391784473,-29.744,-5.936,0.26,-0.419,-0.738,-126.6,25,10.0005,0.00
16:31:05,22.26363154278565,84.90973897349613,-29.766,-5.973,0.26,-0.419,-0.738,-126.6,25,10.0005,0.00
16:31:05,22.263631208248608,84.90973876845774,-29.787,-6.010,0.26,-0.419,-0.738,-126.7,25,0.0000,0.00
16:31:05,22.263630873657803,84.90973856338638,-29.808,-6.048,0.26,-0.419,-0.738,-126.7,25,0.0000,0.00
16:31:05,22.26363053921723,84.90973835840713,-29.829,-6.085,0.26,-0.419,-0.738,-126.7,25,10.0005,0.00
16:31:05,22.263630204639075,84.90973815334353,-29.850,-6.122,0.26,-0.419,-0.738,-126.7,25,10.0005,0.00
16:31:05,22.263629869988176,84.90973794823535,-29.871,-6.159,0.26,-0.419,-0.738,-126.8,25,10.0005,0.00
16:31:05,22.263629536154852,84.90973774362827,-29.892,-6.196,0.26,-0.419,-0.738,-126.8,25,10.0005,0.00
16:31:05,22.263629201459675,84.90973753849295,-29.913,-6.234,0.26,-0.419,-0.738,-126.8,25,10.0005,0.00
16:31:05,22.263628867537793,84.90973733383159,-29.934,-6.271,0.26,-0.419,-0.738,-126.8,25,0.0000,0.00
16:31:05,22.263628533207918,84.90973712892017,-29.956,-6.308,0.26,-0.419,-0.738,-126.8,25,0.0000,0.00
16:31:05,22.263628199471057,84.90973692437221,-29.977,-6.345,0.26,-0.419,-0.738,-126.8,25,0.0000,0.00
16:31:06,22.263627865738943,84.90973671982715,-29.998,-6.382,0.26,-0.419,-0.738,-126.8,25,10.0005,0.00
16:31:06,22.263627531062742,84.90973651470347,-30.019,-6.420,0.26,-0.419,-0.738,-126.9,25,10.0005,0.00
16:31:06,22.26362719703333,84.9097363099762,-30.040,-6.457,0.26,-0.419,-0.738,-126.9,25,10.0005,0.00
16:31:06,22.26362686327591,84.90973610541563,-30.061,-6.494,0.26,-0.419,-0.738,-126.9,25,10.0005,0.00
16:31:06,22.263626528522224,84.90973590024446,-30.082,-6.531,0.26,-0.419,-0.738,-126.9,25,10.0005,0.00
16:31:06,22.26362619469681,84.90973569564223,-30.103,-6.568,0.26,-0.419,-0.738,-126.9,25,10.0005,0.00
16:31:06,22.263625860955205,84.90973549109135,-30.124,-6.606,0.26,-0.419,-0.738,-126.9,25,0.0000,0.00
16:31:06,22.263625526125608,84.90973528587365,-30.145,-6.643,0.26,-0.419,-0.738,-126.9,25,0.0000,0.00
16:31:06,22.263625193008654,84.90973508170563,-30.166,-6.680,0.26,-0.419,-0.738,-126.8,25,0.0000,0.00
16:31:06,22.263624858944446,84.90973487695703,-30.188,-6.717,0.26,-0.419,-0.738,-126.9,25,0.0000,0.00
16:31:06,22.263624524858102,84.90973467219487,-30.209,-6.754,0.26,-0.419,-0.738,-126.9,25,0.0000,0.00
16:31:06,22.263624190972596,84.90973446755581,-30.230,-6.792,0.26,-0.419,-0.738,-127.0,25,0.0000,0.00
16:31:06,22.26362385605602,84.9097342622848,-30.251,-6.829,0.27,-0.419,-0.738,-127.0,25,0.0000,0.00
16:31:06,22.263623521827355,84.9097340574354,-30.272,-6.866,0.27,-0.419,-0.738,-127.0,25,0.0000,0.00
16:31:06,22.2636231876145,84.9097338525957,-30.293,-6.903,0.27,-0.419,-0.738,-127.0,25,0.0000,0.00
16:31:06,22.263622854068988,84.90973364816502,-30.314,-6.940,0.27,-0.419,-0.738,-127.0,25,0.0000,0.00
16:31:06,22.263622518891488,84.9097334427341,-30.335,-6.978,0.26,-0.419,-0.738,-126.9,26,0.0000,0.00
16:31:06,22.263622184476215,84.90973323777033,-30.356,-7.015,0.26,-0.419,-0.738,-126.9,26,0.0000,0.00
16:31:06,22.263621849926526,84.90973303272418,-30.378,-7.052,0.26,-0.419,-0.738,-126.9,26,0.0000,0.00
16:31:07,22.26362151589395,84.90973282799497,-30.399,-7.089,0.26,-0.419,-0.738,-126.8,26,0.0000,0.00
16:31:07,22.263621181078587,84.909732622786,-30.420,-7.127,0.26,-0.419,-0.738,-126.8,26,0.0000,0.00
16:31:07,22.263620847427124,84.90973241829037,-30.441,-7.164,0.26,-0.419,-0.738,-126.8,26,0.0000,0.00
16:31:07,22.263620513236408,84.90973221346424,-30.462,-7.201,0.26,-0.419,-0.738,-126.8,26,0.0000,0.00
16:31:07,22.263620179300293,84.90973200879415,-30.483,-7.238,0.26,-0.419,-0.738,-126.7,26,0.0000,0.00
16:31:07,22.26361984528669,84.90973180407659,-30.504,-7.275,0.26,-0.419,-0.738,-126.7,26,0.0000,0.00
16:31:07,22.263619510808166,84.90973159907405,-30.525,-7.313,0.27,-0.419,-0.738,-126.7,26,0.0000,0.00
16:31:07,22.2636191767661,84.90973139433902,-30.546,-7.350,0.27,-0.419,-0.738,-126.7,26,0.0000,0.00
16:31:07,22.26361899631134,84.90973098460296,-30.589,-7.370,0.27,-0.429,-0.730,-126.7,26,0.0082,0.00
16:31:07,22.263618665169712,84.90973077414917,-30.610,-7.407,0.27,-0.429,-0.730,-126.6,26,0.0000,0.00
16:31:07,22.263618334342297,84.90973056389508,-30.632,-7.443,0.27,-0.429,-0.730,-126.6,26,0.0000,0.00
16:31:07,22.263618003397635,84.90973035356649,-30.654,-7.480,0.27,-0.429,-0.730,-126.6,26,0.0000,0.00
16:31:07,22.26361767324084,84.9097301437386,-30.675,-7.517,0.27,-0.429,-0.730,-126.8,26,0.0000,0.00
16:31:07,22.263617343370118,84.90972993409252,-30.697,-7.554,0.27,-0.429,-0.730,-126.9,26,0.0000,0.00
16:31:07,22.263617012622426,84.9097297238891,-30.718,-7.591,0.27,-0.429,-0.730,-126.9,26,0.0000,0.00
16:31:07,22.263616682617265,84.90972951415759,-30.740,-7.627,0.27,-0.429,-0.730,-127.0,26,0.0000,0.00
16:31:07,22.263616351769524,84.90972930389059,-30.762,-7.664,0.27,-0.429,-0.730,-127.1,26,0.0000,0.00
16:31:07,22.26361602164087,84.90972909408059,-30.783,-7.701,0.27,-0.429,-0.730,-127.1,26,0.0000,0.00
16:31:07,22.263615691932724,84.90972888453784,-30.805,-7.738,0.27,-0.429,-0.730,-127.1,26,0.0000,0.00
16:31:07,22.26361536159147,84.90972867459273,-30.827,-7.774,0.26,-0.429,-0.730,-127.0,24,0.0000,0.00
16:31:08,22.26361503150033,84.90972846480658,-30.848,-7.811,0.26,-0.429,-0.730,-127.0,24,0.0000,0.00
16:31:08,22.26361470096367,84.90972825473727,-30.870,-7.848,0.26,-0.429,-0.730,-127.0,24,0.0000,0.00
16:31:08,22.263614370195658,84.90972804452093,-30.891,-7.885,0.26,-0.429,-0.730,-127.0,24,0.0000,0.00
16:31:08,22.263614040542222,84.90972783501296,-30.913,-7.921,0.26,-0.429,-0.730,-127.0,24,0.0000,0.00
16:31:08,22.26361370944124,84.90972762458502,-30.935,-7.958,0.26,-0.429,-0.730,-126.8,24,0.0000,0.00
16:31:08,22.26361337927194,84.90972741474918,-30.956,-7.995,0.26,-0.429,-0.730,-126.8,24,0.0000,0.00
16:31:08,22.26361304918549,84.909727204966,-30.978,-8.032,0.26,-0.429,-0.730,-126.8,24,0.0000,0.00
16:31:08,22.263612719288194,84.90972699530305,-31.000,-8.069,0.26,-0.429,-0.730,-126.7,24,0.0000,0.00
16:31:08,22.263612389156414,84.90972678549106,-31.021,-8.105,0.26,-0.429,-0.730,-126.6,24,0.0000,0.00
16:31:08,22.263612058716674,84.90972657548336,-31.043,-8.142,0.26,-0.429,-0.730,-126.5,24,0.0000,0.00
16:31:08,22.26361172797367,84.90972636528292,-31.064,-8.179,0.26,-0.429,-0.730,-126.5,24,0.0000,0.00
16:31:08,22.263611398546907,84.909726155919,-31.086,-8.216,0.26,-0.429,-0.730,-126.6,24,0.0000,0.00
16:31:08,22.263611068313512,84.90972594604243,-31.108,-8.252,0.26,-0.429,-0.730,-126.5,24,0.0000,0.00
16:31:08,22.26361073815672,84.90972573621455,-31.129,-8.289,0.26,-0.429,-0.730,-126.5,24,0.0000,0.00
16:31:08,22.263610263596952,84.90972554143241,-31.149,-8.342,0.26,-0.428,-0.745,-126.5,24,0.0116,0.00
16:31:08,22.26360992478651,84.90972533122738,-31.171,-8.380,0.26,-0.428,-0.745,-126.5,24,0.0000,0.00
16:31:08,22.263609587437884,84.90972512192927,-31.193,-8.417,0.26,-0.428,-0.745,-126.5,24,0.0000,0.00
16:31:08,22.26360924942697,84.90972491222028,-31.214,-8.455,0.26,-0.428,-0.745,-126.5,24,0.0000,0.00
16:31:08,22.26360891210388,84.90972470293802,-31.236,-8.492,0.26,-0.428,-0.745,-126.5,24,0.0000,0.00
16:31:08,22.26360857548935,84.90972449409537,-31.257,-8.530,0.26,-0.428,-0.745,-126.3,24,0.0000,0.00
16:31:09,22.26360823763962,84.90972428448639,-31.279,-8.567,0.26,-0.428,-0.745,-126.2,24,0.0000,0.00
16:31:09,22.263607900567077,84.90972407535958,-31.300,-8.605,0.26,-0.428,-0.745,-126.1,24,0.0000,0.00
16:31:09,22.263607563800942,84.90972386642287,-31.322,-8.642,0.26,-0.428,-0.745,-126.1,24,0.0000,0.00
16:31:09,22.263607227151304,84.90972365755843,-31.343,-8.680,0.26,-0.428,-0.745,-126.0,24,0.0000,0.00
16:31:09,22.263606890340483,84.90972344859401,-31.365,-8.717,0.27,-0.428,-0.745,-126.0,24,0.0000,0.00
16:31:09,22.26360655284025,84.90972323920184,-31.386,-8.755,0.27,-0.428,-0.745,-126.0,24,0.0000,0.00
16:31:09,22.263606215593757,84.90972302996711,-31.408,-8.793,0.27,-0.428,-0.745,-126.0,24,0.0000,0.00
16:31:09,22.263605879335106,84.90972282134526,-31.430,-8.830,0.27,-0.428,-0.745,-126.1,24,0.0000,0.00
16:31:09,22.263605542551417,84.90972261239766,-31.451,-8.867,0.27,-0.428,-0.745,-126.2,26,0.0000,0.00
16:31:09,22.263605204921916,84.9097224029253,-31.473,-8.905,0.27,-0.428,-0.745,-126.2,26,0.0000,0.00
16:31:09,22.26360486677695,84.90972219313313,-31.494,-8.943,0.27,-0.428,-0.745,-126.2,26,0.0000,0.00
16:31:09,22.263604239281136,84.90972205352898,-31.509,-9.013,0.27,-0.418,-0.790,-126.1,26,0.0088,0.00
16:31:09,22.263603879516772,84.90972184789723,-31.530,-9.053,0.26,-0.418,-0.790,-126.1,26,0.0000,0.00
16:31:09,22.263603519344638,84.90972164203242,-31.551,-9.093,0.26,-0.418,-0.790,-126.1,26,0.0000,0.00
16:31:09,22.26360281550178,84.90972112591028,-31.604,-9.171,0.26,-0.440,-0.787,-126.1,26,0.0114,0.00
16:31:09,22.263602456370286,84.90972090930498,-31.627,-9.211,0.26,-0.440,-0.787,-126.1,26,0.0000,0.00
16:31:09,22.263602100439897,84.90972069463037,-31.649,-9.251,0.26,-0.440,-0.787,-126.1,26,0.0000,0.00
16:31:09,22.263601744197494,84.90972047976757,-31.671,-9.290,0.26,-0.440,-0.787,-126.2,26,0.0000,0.00
16:31:09,22.263601388358182,84.9097202651479,-31.693,-9.330,0.26,-0.440,-0.787,-126.3,26,0.0000,0.00
16:31:09,22.263601032009525,84.90972005022103,-31.715,-9.370,0.26,-0.440,-0.787,-126.4,26,10.0005,0.00
16:31:10,22.26360067547872,84.90971983518428,-31.737,-9.409,0.26,-0.440,-0.787,-126.4,26,0.0000,0.00
16:31:10,22.26360031927005,84.90971962034183,-31.759,-9.449,0.26,-0.440,-0.787,-126.5,26,0.0000,0.00
16:31:10,22.26359996339026,84.90971940569774,-31.781,-9.489,0.26,-0.440,-0.787,-126.5,26,0.0000,0.00
16:31:10,22.263599607124245,84.90971919082071,-31.804,-9.528,0.26,-0.440,-0.787,-126.6,26,0.0000,0.00
16:31:10,22.263599251166873,84.90971897612982,-31.826,-9.568,0.26,-0.440,-0.787,-126.6,26,0.0000,0.00
16:31:10,22.263598895302263,84.9097187614949,-31.848,-9.607,0.26,-0.440,-0.787,-126.6,26,0.0000,0.00
16:31:10,22.263598539032873,84.90971854661582,-31.870,-9.647,0.26,-0.440,-0.787,-126.6,26,0.0000,0.00
16:31:10,22.263598182760113,84.90971833173472,-31.892,-9.687,0.26,-0.440,-0.787,-126.6,26,0.0000,0.00
16:31:10,22.26359782687358,84.90971811708657,-31.914,-9.726,0.26,-0.440,-0.787,-126.6,26,0.0000,0.00
16:31:10,22.263597470398427,84.9097179020834,-31.936,-9.766,0.26,-0.440,-0.787,-126.7,26,10.0005,0.00
16:31:10,22.263597114068325,84.9097176871677,-31.958,-9.806,0.26,-0.440,-0.787,-126.7,26,0.0000,0.00
16:31:10,22.26359675763534,84.90971747218997,-31.981,-9.845,0.26,-0.440,-0.787,-126.7,26,0.0000,0.00
16:31:10,22.2635964020254,84.90971725770864,-32.003,-9.885,0.26,-0.440,-0.787,-126.7,26,0.0000,0.00
16:31:10,22.263596046516657,84.90971704328834,-32.025,-9.925,0.27,-0.440,-0.787,-126.7,26,0.0000,0.00
16:31:10,22.26359568932303,84.90971682785182,-32.047,-9.964,0.27,-0.440,-0.787,-126.7,26,0.0000,0.00
16:31:10,22.263595332605014,84.90971661270217,-32.069,-10.004,0.27,-0.440,-0.787,-126.7,26,0.0000,0.00
16:31:10,22.26359497602361,84.90971639763491,-32.091,-10.044,0.27,-0.440,-0.787,-126.6,26,10.0005,0.00
16:31:10,22.26359461997179,84.90971618288707,-32.113,-10.083,0.26,-0.440,-0.787,-126.5,26,10.0005,0.00
16:31:10,22.263594263139087,84.90971596766825,-32.136,-10.123,0.26,-0.440,-0.787,-126.4,26,10.0005,0.00
16:31:11,22.263593906937164,84.90971575282987,-32.158,-10.163,0.26,-0.440,-0.787,-126.4,26,10.0005,0.00
16:31:11,22.26359355044009,84.90971553781347,-32.180,-10.202,0.26,-0.440,-0.787,-126.4,26,0.0000,0.00
16:31:11,22.263593194147088,84.90971532292016,-32.202,-10.242,0.26,-0.440,-0.787,-126.4,26,0.0000,0.00
16:31:11,22.263592837973835,84.90971510809908,-32.224,-10.282,0.26,-0.440,-0.787,-126.4,26,10.0005,0.00
16:31:11,22.26359248100958,84.9097148928009,-32.246,-10.321,0.26,-0.440,-0.787,-126.6,26,10.0005,0.00
16:31:11,22.263592124583344,84.90971467782724,-32.268,-10.361,0.26,-0.440,-0.787,-126.7,26,10.0005,0.00
16:31:11,22.263591768598985,84.90971446312008,-32.291,-10.401,0.25,-0.440,-0.787,-126.8,26,10.0005,0.00
16:31:11,22.263591412528612,84.90971424836104,-32.313,-10.440,0.25,-0.440,-0.787,-126.8,26,0.0000,0.00
16:31:11,22.26359105673484,84.90971403376884,-32.335,-10.480,0.25,-0.440,-0.787,-126.8,26,0.0000,0.00
16:31:11,22.263590700399675,84.9097138188501,-32.357,-10.520,0.25,-0.440,-0.787,-126.8,26,0.0000,0.00
16:31:11,22.263590344224735,84.90971360402798,-32.379,-10.559,0.25,-0.440,-0.787,-126.8,26,0.0000,0.00
16:31:11,22.26358998843602,84.90971338943883,-32.401,-10.599,0.24,-0.440,-0.787,-126.7,26,10.0005,0.00
16:31:11,22.263589632205424,84.90971317458316,-32.423,-10.639,0.24,-0.440,-0.787,-126.7,26,10.0005,0.00
16:31:11,22.263589276388036,84.9097129599767,-32.445,-10.678,0.24,-0.440,-0.787,-126.7,26,10.0005,0.00
16:31:11,22.26358892000902,84.90971274503151,-32.468,-10.718,0.24,-0.440,-0.787,-126.7,26,10.0005,0.00
16:31:11,22.26358856325559,84.9097125298605,-32.490,-10.758,0.24,-0.440,-0.787,-126.8,26,10.0005,0.00
16:31:11,22.263588206841156,84.90971231489395,-32.512,-10.797,0.24,-0.440,-0.787,-126.8,26,10.0005,0.00
16:31:11,22.26358785042841,84.90971209992841,-32.534,-10.837,0.24,-0.440,-0.787,-126.9,26,0.0000,0.00
16:31:11,22.26358749344223,84.90971188461702,-32.556,-10.877,0.24,-0.440,-0.787,-127.1,26,0.0000,0.00
16:31:11,22.263587137591113,84.90971166999023,-32.578,-10.916,0.26,-0.440,-0.787,-127.1,25,0.0000,0.00
16:31:12,22.26358678151062,84.90971145522509,-32.600,-10.956,0.26,-0.440,-0.787,-127.1,25,0.0000,0.00
16:31:12,22.263586425519517,84.90971124051387,-32.623,-10.996,0.26,-0.440,-0.787,-127.3,25,0.0000,0.00
16:31:12,22.26358606888077,84.90971102541202,-32.645,-11.035,0.26,-0.440,-0.787,-127.8,25,0.0000,0.00
16:31:12,22.263585712231905,84.90971081030408,-32.667,-11.075,0.26,-0.440,-0.787,-128.2,25,0.0000,0.00
16:31:12,22.263585356247546,84.90971059559692,-32.689,-11.115,0.26,-0.440,-0.787,-128.2,25,0.0000,0.00
16:31:12,22.2635850005128,84.90971038104031,-32.711,-11.154,0.26,-0.440,-0.787,-128.6,25,0.0000,0.00
16:31:12,22.263584644361476,84.90971016623246,-32.733,-11.194,0.26,-0.440,-0.787,-129.0,25,0.0000,0.00
16:31:12,22.26358428808028,84.90970995134626,-32.755,-11.234,0.26,-0.440,-0.787,-129.7,25,0.0000,0.00
16:31:12,22.26358393130492,84.90970973616203,-32.778,-11.273,0.26,-0.440,-0.787,-129.7,26,0.0000,0.00
16:31:12,22.26358357470834,84.90970952108562,-32.800,-11.313,0.26,-0.440,-0.787,-130.2,26,0.0000,0.00
16:31:12,22.263583217884072,84.90970930587187,-32.822,-11.353,0.26,-0.440,-0.787,-131.2,26,0.0000,0.00
16:31:12,22.263582861108713,84.90970909068764,-32.844,-11.392,0.26,-0.440,-0.787,-131.8,26,0.0000,0.00
16:31:12,22.263582504549234,84.9097088756336,-32.866,-11.432,0.28,-0.440,-0.787,-131.8,26,0.0000,0.00
16:31:12,22.263582146923845,84.90970865993668,-32.888,-11.472,0.28,-0.440,-0.787,-132.4,26,0.0000,0.00
16:31:12,22.263581790527965,84.90970844498132,-32.911,-11.512,0.28,-0.440,-0.787,-133.6,26,0.0000,0.00
16:31:12,22.263581433675025,84.9097082297503,-32.933,-11.551,0.28,-0.440,-0.787,-134.2,26,0.0000,0.00
16:31:12,22.26358107708856,84.90970801467998,-32.955,-11.591,0.28,-0.440,-0.787,-134.2,26,0.0000,0.00
16:31:12,22.26358797755568,84.909710514283,-32.697,-10.823,0.28,-0.269,-0.295,-134.8,26,0.0054,0.00
16:31:12,22.263587843577355,84.9097103822227,-32.711,-10.838,0.28,-0.269,-0.295,-135.9,26,0.0000,0.00
16:31:12,22.263587709947696,84.90971025050605,-32.725,-10.853,0.28,-0.269,-0.295,-136.4,26,0.0000,0.00
16:31:13,22.263587576533432,84.90971011900172,-32.738,-10.867,0.33,-0.269,-0.295,-136.4,26,0.0000,0.00
16:31:13,22.263587442935357,84.9097099873162,-32.752,-10.882,0.33,-0.269,-0.295,-137.0,26,0.0000,0.00
16:31:13,22.263587756360305,84.90971032391901,-32.717,-10.847,0.33,-0.220,-0.244,-137.5,26,0.0034,0.00
16:31:13,22.263587645214354,84.90971021580381,-32.728,-10.860,0.33,-0.220,-0.244,-138.5,26,0.0000,0.00
16:31:13,22.2635875347981,84.9097101083984,-32.739,-10.872,0.33,-0.220,-0.244,-138.9,26,0.0000,0.00
16:31:13,22.263587424299313,84.90971000091272,-32.750,-10.884,0.37,-0.220,-0.244,-138.9,26,0.0000,0.00
16:31:13,22.263587314066392,84.90970989368564,-32.761,-10.897,0.37,-0.220,-0.244,-139.1,26,0.0000,0.00
16:31:13,22.263587445122194,84.90971003098649,-32.747,-10.882,0.37,-0.174,-0.195,-139.4,26,0.0035,0.00
16:31:13,22.263587356584914,84.90970994576116,-32.756,-10.892,0.37,-0.174,-0.195,-139.4,26,0.0000,0.00
16:31:13,22.26358726827461,84.90970986075432,-32.765,-10.902,0.37,-0.174,-0.195,-139.4,26,0.0000,0.00
16:31:13,22.263587179912058,84.90970977569718,-32.774,-10.912,0.37,-0.174,-0.195,-139.3,26,0.0000,0.00
16:31:13,22.263587091576255,84.90970969066579,-32.782,-10.921,0.37,-0.174,-0.195,-139.3,26,0.0000,0.00
16:31:13,22.263587195964313,84.90970977336873,-32.774,-10.910,0.37,-0.128,-0.138,-139.3,26,0.0051,0.00
16:31:13,22.263587133460668,84.90970971079665,-32.780,-10.917,0.45,-0.128,-0.138,-139.3,26,0.0000,0.00
16:31:13,22.263587071181792,84.90970964844958,-32.787,-10.924,0.45,-0.128,-0.138,-139.2,26,0.0000,0.00
16:31:13,22.26358700894097,84.9097095861406,-32.793,-10.931,0.45,-0.128,-0.138,-139.1,26,0.0000,0.00
16:31:13,22.26358694674941,84.90970952388092,-32.799,-10.938,0.45,-0.128,-0.138,-139.0,26,0.0000,0.00
16:31:13,22.263586884836354,84.90970966579852,-32.785,-10.944,0.55,-0.058,-0.138,-139.0,26,0.0028,0.00
16:31:13,22.26358682245632,84.90970963727658,-32.788,-10.951,0.55,-0.058,-0.138,-138.6,26,0.0000,0.00
16:31:14,22.263586760220992,84.9097096088208,-32.791,-10.958,0.55,-0.058,-0.138,-138.3,26,0.0000,0.00
16:31:14,22.263586698018376,84.90970958038,-32.794,-10.965,0.55,-0.058,-0.138,-138.1,26,0.0000,0.00
16:31:14,22.263586635803385,84.90970955193353,-32.797,-10.972,0.55,-0.058,-0.138,-138.1,26,0.0000,0.00
16:31:14,22.26358657357189,84.9097095234795,-32.799,-10.979,0.55,-0.058,-0.138,-137.8,26,10.0005,0.00
16:31:14,22.263586511322707,84.90970949501741,-32.802,-10.986,0.55,-0.058,-0.138,-137.3,26,0.0000,0.00
16:31:14,22.263586448932063,84.90970946649063,-32.805,-10.993,0.55,-0.058,-0.138,-137.1,26,0.0000,0.00
16:31:14,22.263586386643095,84.90970943801032,-32.808,-11.000,0.55,-0.058,-0.138,-137.1,26,0.0000,0.00
16:31:14,22.263586324344697,84.90970940952572,-32.811,-11.007,0.63,-0.058,-0.138,-136.8,26,0.0000,0.00
16:31:14,22.263586262040995,84.9097093810387,-32.814,-11.014,0.63,-0.058,-0.138,-136.3,26,0.0000,0.00
16:31:14,22.263586199833075,84.90970935259546,-32.817,-11.021,0.63,-0.058,-0.138,-136.0,26,0.0000,0.00
16:31:14,22.263586137557372,84.90970932412122,-32.820,-11.028,0.63,-0.058,-0.138,-136.0,26,0.0000,0.00
16:31:14,22.26358607542844,84.9097092957141,-32.823,-11.035,0.76,-0.058,-0.138,-135.8,21,0.0000,0.00
16:31:14,22.263586013206076,84.90970926726426,-32.826,-11.041,0.76,-0.058,-0.138,-135.3,21,0.0000,0.00
16:31:14,22.26358595101938,84.90970923883073,-32.829,-11.048,0.76,-0.058,-0.138,-135.1,21,0.0000,0.00
16:31:14,22.263586438775796,84.90970954001624,-32.798,-10.994,0.76,0.010,-0.014,-135.1,21,0.0045,0.00
16:31:14,22.263586432200047,84.90970954497216,-32.797,-10.995,0.76,0.010,-0.014,-134.6,21,0.0000,0.00
16:31:14,22.263586425645933,84.90970954991178,-32.797,-10.996,0.76,0.010,-0.014,-134.4,21,0.0000,0.00
16:31:14,22.263586419098228,84.90970955484656,-32.796,-10.996,0.76,0.010,-0.014,-134.2,21,0.0000,0.00
16:31:14,22.263586412554982,84.90970955977798,-32.796,-10.997,0.76,0.010,-0.014,-134.2,21,0.0000,0.00
16:31:14,22.2635864714358,84.90970961037756,-32.791,-10.990,0.84,0.022,0.004,-133.7,20,0.0045,0.00
16:31:15,22.2635864733412,84.90970962123656,-32.789,-10.990,0.84,0.022,0.004,-133.5,20,0.0000,0.00
16:31:15,22.26358647524153,84.90970963206667,-32.788,-10.990,0.84,0.022,0.004,-133.3,20,0.0000,0.00
16:31:15,22.263586477137494,84.90970964287187,-32.787,-10.990,0.84,0.022,0.004,-133.1,20,0.0000,0.00
16:31:15,22.263586479038185,84.90970965370404,-32.786,-10.990,0.93,0.022,0.004,-133.1,20,0.0000,0.00
16:31:15,22.26358649353989,84.90970967192072,-32.784,-10.988,0.93,0.025,0.009,-132.7,20,0.0056,0.00
16:31:15,22.263586497478705,84.90970968399682,-32.783,-10.988,0.93,0.025,0.009,-132.6,20,0.0000,0.00
16:31:15,22.263586501388275,84.90970969598325,-32.782,-10.987,0.93,0.025,0.009,-132.4,20,0.0000,0.00
16:31:15,22.26358650530584,84.90970970799422,-32.780,-10.987,0.93,0.025,0.009,-132.4,20,0.0000,0.00
16:31:15,22.26358650921132,84.9097097199681,-32.779,-10.986,0.93,0.025,0.009,-132.2,20,0.0000,0.00
16:31:15,22.26358651349149,84.90970973045197,-32.778,-10.986,0.93,0.024,0.009,-132.1,20,0.0134,0.00
16:31:15,22.26358651748692,84.90970974222775,-32.777,-10.985,0.93,0.024,0.009,-131.9,20,0.0000,0.00
16:31:15,22.26358652146714,84.90970975395868,-32.776,-10.985,0.93,0.024,0.009,-131.9,20,0.0000,0.00
16:31:15,22.263586525435176,84.90970976565373,-32.775,-10.984,1.04,0.024,0.009,-131.8,20,0.0000,0.00
16:31:15,22.263586529421026,84.90970977740126,-32.773,-10.984,1.04,0.024,0.009,-131.7,20,0.0000,0.00
16:31:15,22.263586533401302,84.90970978913236,-32.772,-10.984,1.04,0.024,0.009,-131.4,20,10.0005,0.00
16:31:15,22.263586537389823,84.90970980088777,-32.771,-10.983,1.04,0.024,0.009,-131.4,20,0.0000,0.00
16:31:15,22.263586541360894,84.90970981259174,-32.770,-10.983,1.04,0.024,0.009,-131.3,20,0.0000,0.00
16:31:15,22.263586545344975,84.90970982433406,-32.769,-10.982,1.04,0.024,0.009,-131.2,20,0.0000,0.00
16:31:15,22.26358654932188,84.90970983605524,-32.767,-10.982,1.04,0.024,0.009,-131.0,20,0.0000,0.00
16:31:15,22.263586553304265,84.90970984779256,-32.766,-10.981,1.04,0.024,0.009,-131.0,20,0.0000,0.00
16:31:16,22.263586557275712,84.90970985949764,-32.765,-10.981,1.13,0.024,0.009,-130.8,17,0.0000,0.00
16:31:16,22.263586561257416,84.90970987123296,-32.764,-10.980,1.13,0.024,0.009,-130.7,17,0.0000,0.00
16:31:16,22.2635865652318,84.9097098829467,-32.762,-10.980,1.13,0.024,0.009,-130.5,17,0.0000,0.00
16:31:16,22.263586569208123,84.90970989466616,-32.761,-10.980,1.13,0.024,0.009,-130.5,17,0.0000,0.00
16:31:16,22.263586573182355,84.90970990637946,-32.760,-10.979,1.13,0.024,0.009,-130.4,17,0.0000,0.00
16:31:16,22.263586577157756,84.9097099180962,-32.759,-10.979,1.22,0.024,0.009,-130.3,17,0.0000,0.00
16:31:16,22.26358658113568,84.90970992982037,-32.758,-10.978,1.22,0.024,0.009,-130.2,17,0.0000,0.00
16:31:16,22.26358658511505,84.90970994154881,-32.756,-10.978,1.22,0.024,0.009,-130.2,17,0.0000,0.00
16:31:16,22.26358658908614,84.90970995325284,-32.755,-10.977,1.22,0.024,0.009,-130.1,17,0.0000,0.00
16:31:16,22.26358659305734,84.9097099649572,-32.754,-10.977,1.22,0.024,0.009,-130.0,17,0.0000,0.00
16:31:16,22.263586267374095,84.90971024280883,-32.725,-11.013,1.22,0.069,-0.051,-129.9,17,0.0067,0.00
16:31:16,22.263586244317555,84.90971027638219,-32.722,-11.016,1.22,0.069,-0.051,-129.9,17,0.0000,0.00
16:31:16,22.26358622133488,84.90971030984798,-32.718,-11.018,1.22,0.069,-0.051,-129.8,17,0.0000,0.00
16:31:16,22.263586198309063,84.9097103433766,-32.715,-11.021,1.32,0.069,-0.051,-129.7,17,0.0000,0.00
16:31:16,22.26358617530689,84.90971037687079,-32.712,-11.023,1.32,0.069,-0.051,-129.6,17,0.0000,0.00
16:31:16,22.26358646032043,84.9097105303166,-32.696,-10.992,1.32,0.086,0.022,-129.6,17,0.0000,0.00
16:31:16,22.263586470420094,84.90971057251686,-32.691,-10.991,1.40,0.086,0.022,-129.5,19,0.0000,0.00
16:31:16,22.263586480499747,84.90971061463348,-32.687,-10.989,1.40,0.086,0.022,-129.5,19,0.0000,0.00
16:31:16,22.263586490573097,84.90971065672377,-32.683,-10.988,1.40,0.086,0.022,-129.5,19,0.0000,0.00
16:31:17,22.263586500655137,84.90971069885039,-32.678,-10.987,1.40,0.086,0.022,-129.5,19,0.0000,0.00
16:31:17,22.263586510730253,84.90971074094806,-32.674,-10.986,1.40,0.086,0.022,-129.5,19,0.0000,0.00
16:31:17,22.26358652081043,84.90971078306688,-32.670,-10.985,1.40,0.086,0.022,-129.5,19,0.0000,0.00
16:31:17,22.26358653090131,84.90971082523042,-32.665,-10.984,1.40,0.086,0.022,-129.5,19,0.0000,0.00
16:31:17,22.263586540967925,84.90971086729257,-32.661,-10.983,1.40,0.086,0.022,-129.5,19,0.0000,0.00
16:31:17,22.26358655105608,84.90971090944473,-32.657,-10.982,1.40,0.086,0.022,-129.5,19,0.0000,0.00
16:31:17,22.26358656115517,84.90971095164258,-32.652,-10.980,1.47,0.086,0.022,-129.5,19,0.0000,0.00
16:31:17,22.263586571261712,84.90971099387156,-32.648,-10.979,1.47,0.086,0.022,-129.4,19,0.0000,0.00
16:31:17,22.26358658136286,84.909711036078,-32.644,-10.978,1.47,0.086,0.022,-129.4,19,0.0000,0.00
16:31:17,22.26358659144299,84.90971107819662,-32.639,-10.977,1.47,0.086,0.022,-129.4,19,0.0000,0.00
16:31:17,22.263586601532005,84.90971112035237,-32.635,-10.976,1.57,0.086,0.022,-129.4,15,0.0000,0.00
16:31:17,22.263586611610798,84.90971116246541,-32.631,-10.975,1.57,0.086,0.022,-129.3,15,0.0000,0.00
16:31:17,22.263586621701148,84.90971120462675,-32.626,-10.974,1.57,0.086,0.022,-129.3,15,0.0000,0.00
16:31:17,22.263586631780946,84.90971124674398,-32.622,-10.973,1.57,0.086,0.022,-129.1,15,0.0000,0.00
16:31:17,22.263586641863128,84.90971128887118,-32.618,-10.971,1.57,0.086,0.022,-129.1,15,0.0000,0.00
16:31:17,22.263586651937384,84.90971133096527,-32.613,-10.970,1.57,0.086,0.022,-129.1,15,0.0000,0.00
16:31:17,22.26358666204455,84.90971137319684,-32.609,-10.969,1.57,0.086,0.022,-129.0,15,0.0000,0.00
16:31:17,22.2635866721381,84.90971141537155,-32.605,-10.968,1.57,0.086,0.022,-129.0,15,0.0000,0.00
16:31:17,22.263586682234468,84.90971145755803,-32.600,-10.967,1.64,0.086,0.022,-129.0,15,0.0000,0.00
16:31:17,22.2635866923221,84.90971149970798,-32.596,-10.966,1.64,0.086,0.022,-129.0,15,0.0000,0.00
16:31:18,22.26358670242692,84.9097115419298,-32.592,-10.965,1.64,0.086,0.022,-129.0,15,0.0000,0.00
16:31:18,22.263586712535805,84.90971158416855,-32.587,-10.964,1.64,0.086,0.022,-128.9,15,0.0000,0.00
16:31:18,22.263586722649606,84.90971162642788,-32.583,-10.962,1.64,0.086,0.022,-128.9,15,0.0000,0.00
16:31:18,22.26358673274053,84.9097116685916,-32.579,-10.961,1.71,0.086,0.022,-128.9,15,0.0000,0.00
16:31:18,22.26358674282587,84.90971171073198,-32.574,-10.960,1.71,0.086,0.022,-128.9,15,0.0000,0.00
16:31:18,22.263586752910058,84.90971175286757,-32.570,-10.959,1.71,0.086,0.022,-128.9,15,0.0000,0.00
16:31:18,22.26358676300194,84.90971179503529,-32.565,-10.958,1.71,0.086,0.022,-128.9,15,0.0000,0.00
16:31:18,22.263586773067598,84.90971183709345,-32.561,-10.957,1.71,0.086,0.022,-128.9,14,0.0000,0.00
16:31:18,22.263586783212588,84.90971187948308,-32.557,-10.956,1.71,0.086,0.022,-128.9,14,0.0000,0.00
16:31:18,22.26358679331593,84.9097119216987,-32.552,-10.955,1.71,0.086,0.022,-128.9,14,0.0000,0.00
16:31:18,22.263586803389757,84.90971196379098,-32.548,-10.954,1.71,0.086,0.022,-128.9,14,0.0000,0.00
16:31:18,22.263586813470507,84.90971200591221,-32.544,-10.952,1.78,0.086,0.022,-128.9,14,0.0000,0.00
16:31:18,22.2635868235686,84.90971204810587,-32.539,-10.951,1.78,0.086,0.022,-128.8,14,0.0000,0.00
16:31:18,22.263586833651974,84.90971209023807,-32.535,-10.950,1.78,0.086,0.022,-128.9,14,0.0000,0.00
16:31:18,22.263586843729765,84.90971213234691,-32.531,-10.949,1.78,0.086,0.022,-128.9,14,0.0000,0.00
16:31:18,22.263586853789263,84.90971217437934,-32.526,-10.948,1.78,0.086,0.022,-128.9,14,0.0000,0.00
16:31:18,22.26358686389122,84.90971221658916,-32.522,-10.947,1.78,0.086,0.022,-128.9,14,0.0000,0.00
16:31:18,22.263586873972688,84.90971225871338,-32.518,-10.946,1.78,0.086,0.022,-129.0,14,0.0000,0.00
16:31:18,22.263586884058697,84.90971230085655,-32.513,-10.945,1.78,0.086,0.022,-129.0,14,0.0000,0.00
16:31:18,22.263586894144748,84.90971234299992,-32.509,-10.943,1.86,0.086,0.022,-129.0,13,0.0000,0.00
16:31:19,22.26358690421872,84.9097123850928,-32.505,-10.942,1.86,0.086,0.022,-129.1,13,0.0000,0.00
16:31:19,22.263586914304675,84.90971242723579,-32.500,-10.941,1.86,0.086,0.022,-129.2,13,0.0000,0.00
16:31:19,22.263586924386573,84.90971246936179,-32.496,-10.940,1.86,0.086,0.022,-129.2,13,0.0000,0.00
16:31:19,22.263586934471288,84.90971251149958,-32.492,-10.939,1.86,0.086,0.022,-129.2,13,0.0000,0.00
16:31:19,22.26358694452802,84.90971255352042,-32.487,-10.938,1.92,0.086,0.022,-129.2,13,0.0000,0.00
16:31:19,22.26358695460762,84.90971259563686,-32.483,-10.937,1.92,0.086,0.022,-129.2,13,0.0000,0.00
16:31:19,22.263586964671322,84.90971263768684,-32.479,-10.936,1.92,0.086,0.022,-129.2,13,0.0000,0.00
16:31:19,22.26358697474453,84.90971267977652,-32.474,-10.934,1.92,0.086,0.022,-129.2,13,0.0000,0.00
16:31:19,22.263586984822798,84.90971272188737,-32.470,-10.933,1.92,0.086,0.022,-129.2,15,0.0000,0.00
16:31:19,22.26358699490054,84.90971276399601,-32.466,-10.932,1.92,0.086,0.022,-129.1,15,0.0000,0.00
16:31:19,22.263587004988885,84.90971280614897,-32.461,-10.931,1.92,0.086,0.022,-129.1,15,0.0000,0.00
16:31:19,22.26358701507833,84.90971284830651,-32.457,-10.930,1.92,0.086,0.022,-129.1,15,0.0000,0.00
16:31:19,22.263587025140552,84.9097128903503,-32.453,-10.929,2.00,0.086,0.022,-129.1,15,0.0000,0.00
16:31:19,22.263587035230042,84.90971293250804,-32.448,-10.928,2.00,0.086,0.022,-129.0,15,0.0000,0.00
16:31:19,22.263587045338255,84.90971297474401,-32.444,-10.927,2.00,0.086,0.022,-129.0,15,0.0000,0.00
16:31:19,22.263587055428275,84.90971301690395,-32.440,-10.925,2.00,0.086,0.022,-129.0,15,0.0000,0.00
16:31:19,22.263587065498854,84.90971305898267,-32.435,-10.924,2.05,0.086,0.022,-129.0,15,0.0000,0.00
16:31:19,22.263587075584955,84.90971310112624,-32.431,-10.923,2.05,0.086,0.022,-129.0,15,0.0000,0.00
16:31:19,22.263587085669812,84.90971314326463,-32.427,-10.922,2.05,0.086,0.022,-129.0,15,0.0000,0.00
16:31:20,22.263587095732557,84.90971318531061,-32.422,-10.921,2.05,0.086,0.022,-129.1,15,0.0000,0.00
16:31:20,22.263587105825536,84.90971322748292,-32.418,-10.920,2.05,0.086,0.022,-129.1,15,0.0000,0.00
16:31:20,22.26358711590672,84.90971326960594,-32.414,-10.919,2.05,0.086,0.022,-129.0,15,0.0000,0.00
16:31:20,22.26358680134746,84.90971225429216,-32.518,-10.954,2.05,0.024,0.002,-129.0,15,0.0025,0.00
16:31:20,22.263586802167783,84.90971226627336,-32.517,-10.954,2.05,0.024,0.002,-129.0,15,0.0000,0.00
16:31:20,22.26358680298603,84.90971227822423,-32.516,-10.954,2.05,0.024,0.002,-129.0,15,0.0000,0.00
16:31:20,22.263586803805072,84.9097122901867,-32.514,-10.953,2.09,0.024,0.002,-129.0,15,0.0000,0.00
16:31:20,22.263586804625227,84.90971230216542,-32.513,-10.953,2.09,0.024,0.002,-129.0,15,0.0000,0.00
16:31:20,22.263586794783045,84.90971228399611,-32.515,-10.954,2.09,0.021,0.001,-128.9,15,0.0032,0.00
16:31:20,22.263586795081768,84.90971229450469,-32.514,-10.954,2.09,0.021,0.001,-128.9,15,0.0000,0.00
16:31:20,22.263586795379787,84.90971230498859,-32.513,-10.954,2.17,0.021,0.001,-128.9,0,0.0000,0.00
16:31:20,22.263586795677615,84.90971231546573,-32.512,-10.954,2.17,0.021,0.001,-128.9,0,0.0000,0.00
16:31:20,22.263586795974916,84.9097123259244,-32.511,-10.954,2.17,0.021,0.001,-128.7,0,0.0000,0.00
16:31:20,22.26358679374002,84.90971233039355,-32.510,-10.955,2.17,0.020,0.000,-128.7,0,0.0025,0.00
16:31:20,22.26358679381604,84.90971234037731,-32.509,-10.955,2.17,0.020,0.000,-128.7,0,0.0000,0.00
16:31:20,22.263586793891946,84.9097123503468,-32.508,-10.955,2.17,0.020,0.000,-128.7,0,0.0000,0.00
16:31:20,22.263586793967605,84.90971236028335,-32.507,-10.955,2.17,0.020,0.000,-128.6,0,0.0000,0.00
16:31:20,22.263586794043437,84.90971237024307,-32.506,-10.955,2.17,0.020,0.000,-128.6,0,0.0000,0.00
16:31:20,22.263586793748214,84.90971237872782,-32.505,-10.955,2.17,0.020,0.000,-128.6,0,0.0025,0.00
16:31:20,22.263586793775072,84.90971238852275,-32.504,-10.955,2.23,0.020,0.000,-128.6,0,0.0000,0.00
16:31:21,22.263586793801846,84.90971239828644,-32.503,-10.955,2.23,0.020,0.000,-128.6,0,0.0000,0.00
16:31:21,22.26358679382858,84.90971240803485,-32.502,-10.955,2.23,0.020,0.000,-128.6,0,0.0000,0.00
16:31:21,22.26358679385536,84.90971241780173,-32.501,-10.955,2.23,0.020,0.000,-128.6,0,0.0000,0.00
16:31:21,22.263586793483206,84.90971242636684,-32.500,-10.955,2.23,0.020,-0.000,-128.6,0,0.0020,0.00
16:31:21,22.263586793444123,84.9097124359455,-32.499,-10.955,2.23,0.020,-0.000,-128.6,0,0.0000,0.00
16:31:21,22.263586793404983,84.90971244553788,-32.498,-10.955,2.23,0.020,-0.000,-128.6,0,0.0000,0.00
16:31:21,22.26358679336599,84.90971245509407,-32.497,-10.955,2.23,0.020,-0.000,-128.6,0,0.0000,0.00
16:31:21,22.26358679332693,84.90971246466665,-32.496,-10.955,2.28,0.020,-0.000,-128.5,0,0.0000,0.00
16:31:21,22.263586792277934,84.90971247467243,-32.495,-10.955,2.28,0.020,-0.000,-128.5,0,0.0020,0.00
16:31:21,22.263586792054184,84.90971248433686,-32.494,-10.955,2.28,0.020,-0.000,-128.5,0,0.0000,0.00
16:31:21,22.26358679183047,84.90971249399969,-32.493,-10.955,2.28,0.020,-0.000,-128.4,0,0.0000,0.00
16:31:21,22.263586791607064,84.90971250364905,-32.492,-10.955,2.35,0.020,-0.000,-128.3,0,0.0000,0.00
16:31:21,22.26358679138342,84.90971251330886,-32.491,-10.955,2.35,0.020,-0.000,-128.3,0,0.0000,0.00
16:31:21,22.263586791160538,84.90971252293583,-32.490,-10.955,2.35,0.020,-0.000,-128.3,0,0.0000,0.00
16:31:21,22.263586790937037,84.90971253258948,-32.489,-10.955,2.35,0.020,-0.000,-128.2,0,0.0000,0.00
16:31:21,22.26358679071326,84.90971254225495,-32.489,-10.955,2.35,0.020,-0.000,-128.1,0,0.0000,0.00
16:31:21,22.26358679048973,84.90971255190989,-32.488,-10.955,2.35,0.020,-0.000,-128.1,0,0.0000,0.00
16:31:21,22.26358679026607,84.90971256157025,-32.487,-10.955,2.35,0.020,-0.000,-128.0,0,0.0000,0.00
16:31:21,22.263586785479735,84.90971256911016,-32.486,-10.956,2.35,0.019,-0.002,-127.9,0,0.0024,0.00
16:31:21,22.263586784607355,84.90971257853992,-32.485,-10.956,2.35,0.019,-0.002,-127.9,0,0.0000,0.00
16:31:22,22.263586783741335,84.90971258790096,-32.484,-10.956,2.40,0.019,-0.002,-127.9,0,0.0000,0.00
16:31:22,22.26358678287707,84.909712597243,-32.483,-10.956,2.40,0.019,-0.002,-127.8,0,0.0000,0.00
16:31:22,22.26358678201138,84.90971260660045,-32.482,-10.956,2.40,0.019,-0.002,-127.8,0,0.0000,0.00
16:31:22,22.2635867802082,84.90971261529674,-32.481,-10.956,2.40,0.019,-0.002,-127.7,0,0.0021,0.00
16:31:22,22.26358677919029,84.90971262457275,-32.480,-10.956,2.45,0.019,-0.002,-127.7,0,0.0000,0.00
16:31:22,22.2635867781766,84.90971263381032,-32.479,-10.956,2.45,0.019,-0.002,-127.7,0,0.0000,0.00
16:31:22,22.263586777161265,84.90971264306286,-32.478,-10.956,2.45,0.019,-0.002,-127.7,0,0.0000,0.00
16:31:22,22.263586776147605,84.90971265230016,-32.477,-10.957,2.45,0.019,-0.002,-127.6,0,0.0000,0.00
16:31:22,22.2635867751325,84.90971266155064,-32.476,-10.957,2.45,0.019,-0.002,-127.6,0,0.0000,0.00
16:31:22,22.26358677411797,84.90971267079583,-32.475,-10.957,2.45,0.019,-0.002,-127.6,0,0.0000,0.00
16:31:22,22.263586773103153,84.9097126800437,-32.474,-10.957,2.45,0.019,-0.002,-127.6,0,0.0000,0.00
16:31:22,22.263586772089337,84.9097126892824,-32.473,-10.957,2.45,0.019,-0.002,-127.6,0,0.0000,0.00
16:31:22,22.26358677107413,84.9097126985338,-32.472,-10.957,2.52,0.019,-0.002,-127.6,0,0.0000,0.00
16:31:22,22.263586770060154,84.90971270777395,-32.471,-10.957,2.52,0.019,-0.002,-127.6,0,0.0000,0.00
16:31:22,22.263586769044377,84.90971271703056,-32.470,-10.957,2.52,0.019,-0.002,-127.6,0,0.0000,0.00
16:31:22,22.263586768028482,84.90971272628823,-32.470,-10.957,2.52,0.019,-0.002,-127.6,0,0.0000,0.00
16:31:22,22.26358676701492,84.90971273552461,-32.469,-10.958,2.52,0.019,-0.002,-127.6,0,0.0000,0.00
16:31:22,22.2635867659996,84.90971274477702,-32.468,-10.958,2.56,0.019,-0.002,-127.6,0,0.0000,0.00
16:31:22,22.2635867649843,84.90971275402926,-32.467,-10.958,2.56,0.019,-0.002,-127.6,0,0.0000,0.00
16:31:22,22.263586763969652,84.90971276327558,-32.466,-10.958,2.56,0.019,-0.002,-127.6,0,0.0000,0.00
16:31:23,22.2635867629545,84.90971277252646,-32.465,-10.958,2.56,0.019,-0.002,-127.6,0,0.0000,0.00
16:31:23,22.263586761940758,84.90971278176451,-32.464,-10.958,2.56,0.019,-0.002,-127.6,0,0.0000,0.00
16:31:23,22.26358676092515,84.90971279101954,-32.463,-10.958,2.56,0.019,-0.002,-127.6,0,0.0000,0.00
16:31:23,22.263586759613926,84.9097127966755,-32.462,-10.958,2.56,0.018,-0.002,-127.6,0,0.0018,0.00
16:31:23,22.263586758570323,84.90971280565076,-32.461,-10.958,2.56,0.018,-0.002,-127.6,0,0.0000,0.00
16:31:23,22.263586757530028,84.9097128145976,-32.460,-10.959,2.62,0.018,-0.002,-127.6,0,0.0000,0.00
16:31:23,22.263586756489634,84.90971282354529,-32.460,-10.959,2.62,0.018,-0.002,-127.5,0,0.0000,0.00
16:31:23,22.263586755449737,84.90971283248871,-32.459,-10.959,2.62,0.018,-0.002,-127.5,0,0.0000,0.00
16:31:23,22.2635867544114,84.9097128414187,-32.458,-10.959,2.62,0.018,-0.002,-127.5,0,0.0000,0.00
16:31:23,22.263586753373392,84.90971285034584,-32.457,-10.959,2.68,0.018,-0.002,-127.5,0,0.0000,0.00
16:31:23,22.263586752329857,84.90971285932055,-32.456,-10.959,2.68,0.018,-0.002,-127.5,0,0.0000,0.00
16:31:23,22.26358675024901,84.90971287721639,-32.454,-10.959,2.68,0.018,-0.002,-127.4,0,0.0000,0.00
16:31:23,22.263586749208926,84.90971288616142,-32.453,-10.960,2.68,0.018,-0.002,-127.4,0,0.0000,0.00
16:31:23,22.263586748169132,84.90971289510394,-32.452,-10.960,2.68,0.018,-0.002,-127.3,0,0.0000,0.00
16:31:23,22.263586747129743,84.90971290404298,-32.451,-10.960,2.68,0.018,-0.002,-127.3,0,0.0000,0.00
16:31:23,22.26358674609089,84.90971291297741,-32.450,-10.960,2.68,0.018,-0.002,-127.3,0,0.0000,0.00
16:31:23,22.263586745051978,84.90971292191236,-32.449,-10.960,2.68,0.018,-0.002,-127.3,0,0.0000,0.00
16:31:23,22.263586744013153,84.90971293084654,-32.448,-10.960,2.73,0.018,-0.002,-127.2,0,0.0000,0.00
16:31:23,22.26358674537514,84.90971294079235,-32.447,-10.960,2.73,0.018,-0.002,-127.2,0,0.0018,0.00
16:31:24,22.26358674453836,84.90971294984968,-32.447,-10.960,2.73,0.018,-0.002,-127.2,0,0.0000,0.00
16:31:24,22.263586743704852,84.90971295887162,-32.446,-10.960,2.73,0.018,-0.002,-127.2,0,0.0000,0.00
16:31:24,22.263586742871116,84.909712967896,-32.445,-10.960,2.78,0.018,-0.002,-127.2,0,0.0000,0.00
16:31:24,22.263586742037955,84.90971297691416,-32.444,-10.960,2.78,0.018,-0.002,-127.2,0,0.0000,0.00
16:31:24,22.263586741744213,84.90971298527847,-32.443,-10.960,2.78,0.018,-0.002,-127.2,0,0.0018,0.00
16:31:24,22.26358674097155,84.90971299424922,-32.442,-10.960,2.78,0.018,-0.002,-127.2,0,0.0000,0.00
16:31:24,22.263586740200786,84.90971300319792,-32.441,-10.961,2.78,0.018,-0.002,-127.2,0,0.0000,0.00
16:31:24,22.263586739429375,84.90971301215417,-32.440,-10.961,2.78,0.018,-0.002,-127.2,0,0.0000,0.00
16:31:24,22.263586738659082,84.9097130210974,-32.439,-10.961,2.78,0.018,-0.002,-127.2,0,0.0000,0.00
16:31:24,22.26358673733849,84.9097130301305,-32.438,-10.961,2.78,0.018,-0.002,-127.2,0,0.0021,0.00
16:31:24,22.26358673648127,84.90971303911752,-32.437,-10.961,2.84,0.018,-0.002,-127.2,0,0.0000,0.00
16:31:24,22.26358673562527,84.90971304809172,-32.436,-10.961,2.84,0.018,-0.002,-127.2,0,0.0000,0.00
16:31:24,22.263586734770364,84.90971305705445,-32.435,-10.961,2.84,0.018,-0.002,-127.2,0,0.0000,0.00
16:31:24,22.26358673391539,84.90971306601794,-32.435,-10.961,2.84,0.018,-0.002,-127.2,0,0.0000,0.00
16:31:24,22.26358673161234,84.90971307559872,-32.434,-10.962,2.84,0.019,-0.002,-127.2,0,0.0017,0.00
16:31:24,22.263586730496062,84.9097130847214,-32.433,-10.962,2.84,0.019,-0.002,-127.2,0,0.0000,0.00
16:31:24,22.263586729382848,84.90971309381908,-32.432,-10.962,2.84,0.019,-0.002,-127.2,0,0.0000,0.00
16:31:24,22.263586728271786,84.90971310289916,-32.431,-10.962,2.84,0.019,-0.002,-127.1,0,0.0000,0.00
16:31:24,22.263586727160675,84.90971311197961,-32.430,-10.962,2.84,0.019,-0.002,-127.0,0,0.0000,0.00
16:31:24,22.26358672605061,84.90971312105152,-32.429,-10.962,2.90,0.019,-0.002,-127.0,0,0.0000,0.00
16:31:25,22.263586724941064,84.90971313011923,-32.428,-10.962,2.90,0.019,-0.002,-127.0,0,0.0000,0.00
16:31:25,22.263586723831303,84.90971313918868,-32.427,-10.962,2.90,0.019,-0.002,-126.9,0,0.0000,0.00
16:31:25,22.263586722721953,84.90971314825475,-32.426,-10.962,2.90,0.019,-0.002,-126.8,0,0.0000,0.00
16:31:25,22.26358672161137,84.90971315733091,-32.425,-10.963,2.95,0.019,-0.002,-126.8,0,0.0000,0.00
16:31:25,22.263586721626414,84.90971316622203,-32.424,-10.963,2.95,0.019,-0.002,-126.8,0,0.0020,0.00
16:31:25,22.263586720670773,84.90971317529551,-32.423,-10.963,2.95,0.019,-0.002,-126.8,0,0.0000,0.00
16:31:25,22.263586719716233,84.90971318435852,-32.422,-10.963,2.95,0.019,-0.002,-126.7,0,0.0000,0.00
16:31:25,22.263586718762557,84.90971319341337,-32.421,-10.963,2.95,0.019,-0.002,-126.7,0,0.0000,0.00
16:31:25,22.263586717808487,84.90971320247193,-32.420,-10.963,2.95,0.019,-0.002,-126.7,0,0.0000,0.00
16:31:25,22.26358671685789,84.90971321149752,-32.420,-10.963,2.95,0.019,-0.002,-126.7,0,0.0000,0.00
16:31:25,22.263586715905348,84.90971322054156,-32.419,-10.963,2.95,0.019,-0.002,-126.7,0,0.0000,0.00
16:31:25,22.2635867149514,84.90971322959898,-32.418,-10.963,2.99,0.019,-0.002,-126.7,0,0.0000,0.00
16:31:25,22.2635867139968,84.90971323866255,-32.417,-10.963,2.99,0.019,-0.002,-126.7,0,0.0000,0.00
16:31:25,22.26358671304525,84.90971324769723,-32.416,-10.964,2.99,0.019,-0.002,-126.7,0,0.0000,0.00
16:31:25,22.263586712092252,84.90971325674559,-32.415,-10.964,2.99,0.019,-0.002,-126.7,0,0.0000,0.00
16:31:25,22.26358671113887,84.90971326579765,-32.414,-10.964,2.99,0.019,-0.002,-126.8,0,0.0000,0.00
16:31:25,22.263586710183468,84.90971327486885,-32.413,-10.964,3.05,0.019,-0.002,-126.8,0,0.0000,0.00
16:31:25,22.2635867092313,84.90971328390934,-32.412,-10.964,3.05,0.019,-0.002,-126.8,0,0.0000,0.00
16:31:25,22.263586708277213,84.90971329296808,-32.411,-10.964,3.05,0.019,-0.002,-126.8,0,0.0000,0.00
16:31:25,22.263586707323938,84.90971330201911,-32.410,-10.964,3.05,0.019,-0.002,-126.8,0,0.0000,0.00
16:31:26,22.263586706371004,84.90971331106688,-32.409,-10.964,3.05,0.019,-0.002,-126.8,0,0.0000,0.00
16:31:26,22.263586705417705,84.90971332011813,-32.408,-10.964,3.05,0.019,-0.002,-126.8,0,0.0000,0.00
16:31:26,22.2635867044644,84.9097133291694,-32.407,-10.965,3.05,0.019,-0.002,-126.8,0,0.0000,0.00
16:31:26,22.263586703512065,84.90971333821153,-32.407,-10.965,3.05,0.019,-0.002,-126.8,0,0.0000,0.00
16:31:26,22.2635867025597,84.90971334725391,-32.406,-10.965,3.10,0.019,-0.002,-126.8,0,0.0000,0.00
16:31:26,22.263586700292198,84.90971335367009,-32.405,-10.965,3.10,0.018,-0.002,-126.8,0,0.0017,0.00
16:31:26,22.263586699230682,84.9097133625521,-32.404,-10.965,3.10,0.018,-0.002,-126.9,0,0.0000,0.00
16:31:26,22.26358669817239,84.90971337140715,-32.403,-10.965,3.10,0.018,-0.002,-126.9,0,0.0000,0.00
16:31:26,22.263586697116963,84.90971338023822,-32.402,-10.965,3.15,0.018,-0.002,-126.9,0,0.0000,0.00
16:31:26,22.263586696060678,84.9097133890765,-32.401,-10.965,3.15,0.018,-0.002,-126.9,0,0.0000,0.00
16:31:26,22.26358669552885,84.90971339685785,-32.400,-10.966,3.15,0.018,-0.002,-127.0,0,0.0016,0.00
16:31:26,22.263586694526296,84.90971340561178,-32.400,-10.966,3.15,0.018,-0.002,-127.0,0,0.0000,0.00
16:31:26,22.263586693525106,84.90971341435383,-32.399,-10.966,3.15,0.018,-0.002,-127.0,0,0.0000,0.00
16:31:26,22.26358669252865,84.90971342305453,-32.398,-10.966,3.15,0.018,-0.002,-127.0,0,0.0000,0.00
16:31:26,22.263586691528577,84.90971343178683,-32.397,-10.966,3.15,0.018,-0.002,-127.0,0,0.0000,0.00
16:31:26,22.26358668982814,84.90971344255713,-32.396,-10.966,3.15,0.018,-0.002,-126.9,0,0.0017,0.00
16:31:26,22.263586688718334,84.90971345164324,-32.395,-10.966,3.15,0.018,-0.002,-126.9,0,0.0000,0.00
16:31:26,22.26358668761485,84.9097134606776,-32.394,-10.966,3.21,0.018,-0.002,-126.9,0,0.0000,0.00
16:31:26,22.2635866865103,84.90971346972066,-32.393,-10.967,3.21,0.018,-0.002,-126.9,0,0.0000,0.00
16:31:27,22.26358668540779,84.90971347874701,-32.392,-10.967,3.21,0.018,-0.002,-126.9,0,0.0000,0.00
16:31:27,22.26358668430326,84.90971348778994,-32.391,-10.967,3.21,0.018,-0.002,-126.9,0,0.0000,0.00
16:31:27,22.263586683201737,84.90971349680822,-32.390,-10.967,3.25,0.018,-0.002,-126.9,0,0.0000,0.00
16:31:27,22.26358668209511,84.90971350586828,-32.389,-10.967,3.25,0.018,-0.002,-126.9,0,0.0000,0.00
16:31:27,22.263586680991878,84.90971351490059,-32.388,-10.967,3.25,0.018,-0.002,-126.9,0,0.0000,0.00
16:31:27,22.263586679887634,84.90971352394112,-32.387,-10.967,3.25,0.018,-0.002,-126.9,0,0.0000,0.00
16:31:27,22.26358667878776,84.90971353294591,-32.386,-10.967,3.25,0.018,-0.002,-127.0,0,0.0000,0.00
16:31:27,22.26358667768443,84.90971354197902,-32.386,-10.968,3.25,0.018,-0.002,-127.0,0,0.0000,0.00
16:31:27,22.263586676582378,84.90971355100162,-32.385,-10.968,3.25,0.018,-0.002,-127.0,0,0.0000,0.00
16:31:27,22.26358667547847,84.90971356003942,-32.384,-10.968,3.25,0.018,-0.002,-127.0,0,0.0000,0.00
16:31:27,22.263586674375347,84.90971356907082,-32.383,-10.968,3.31,0.018,-0.002,-127.0,0,0.0000,0.00
16:31:27,22.263586673272133,84.90971357810295,-32.382,-10.968,3.31,0.018,-0.002,-127.0,0,0.0000,0.00
16:31:27,22.263586672170437,84.90971358712264,-32.381,-10.968,3.31,0.018,-0.002,-127.0,0,0.0000,0.00
16:31:27,22.263586671065642,84.9097135961677,-32.380,-10.968,3.31,0.018,-0.002,-127.0,0,0.0000,0.00
16:31:27,22.26358666996292,84.90971360519582,-32.379,-10.968,3.31,0.018,-0.002,-127.0,0,0.0000,0.00
16:31:27,22.263586668861404,84.90971361421407,-32.378,-10.968,3.31,0.018,-0.002,-127.1,0,0.0000,0.00
16:31:27,22.26358666775838,84.90971362324466,-32.377,-10.969,3.31,0.018,-0.002,-127.1,0,0.0000,0.00
16:31:27,22.26358666665404,84.909713632286,-32.376,-10.969,3.31,0.018,-0.002,-127.1,0,0.0000,0.00
16:31:27,22.263586665551376,84.9097136413136,-32.375,-10.969,3.31,0.018,-0.002,-127.1,0,0.0000,0.00
16:31:27,22.263586664448717,84.9097136503412,-32.374,-10.969,3.37,0.018,-0.002,-127.1,0,0.0000,0.00
16:31:28,22.263586663345926,84.90971365936987,-32.373,-10.969,3.37,0.018,-0.002,-127.1,0,0.0000,0.00
16:31:28,22.263586662242165,84.90971366840647,-32.372,-10.969,3.37,0.018,-0.002,-127.1,0,0.0000,0.00
16:31:28,22.26358666113842,84.90971367744295,-32.372,-10.969,3.37,0.018,-0.002,-127.0,0,0.0000,0.00
16:31:28,22.26358666003578,84.90971368647038,-32.371,-10.969,3.41,0.018,-0.002,-127.0,0,0.0000,0.00
16:31:28,22.263586658932468,84.90971369550331,-32.370,-10.970,3.41,0.018,-0.002,-127.0,0,0.0000,0.00
16:31:28,22.263586657829332,84.90971370453481,-32.369,-10.970,3.41,0.018,-0.002,-127.0,0,0.0000,0.00
16:31:28,22.263586656723792,84.90971371358597,-32.368,-10.970,3.41,0.018,-0.002,-127.0,0,0.0000,0.00
16:31:28,22.26358665562205,84.90971372260606,-32.367,-10.970,3.41,0.018,-0.002,-126.9,0,0.0000,0.00
16:31:28,22.263586654519013,84.90971373163673,-32.366,-10.970,3.41,0.018,-0.002,-126.9,0,0.0000,0.00
16:31:28,22.263586653417804,84.90971374065245,-32.365,-10.970,3.41,0.018,-0.002,-126.9,0,0.0000,0.00
16:31:28,22.263586652316402,84.90971374966976,-32.364,-10.970,3.41,0.018,-0.002,-126.9,0,0.0000,0.00
16:31:28,22.263586651212265,84.90971375870944,-32.363,-10.970,3.46,0.018,-0.002,-126.9,0,0.0000,0.00
16:31:28,22.26358665010983,84.9097137677352,-32.362,-10.971,3.46,0.018,-0.002,-126.9,0,0.0000,0.00
16:31:28,22.26358664900586,84.90971377677353,-32.361,-10.971,3.46,0.018,-0.002,-126.9,0,0.0000,0.00
16:31:28,22.263586647904496,84.90971378579049,-32.360,-10.971,3.46,0.018,-0.002,-127.0,0,0.0000,0.00
16:31:28,22.263586646797865,84.90971379485059,-32.359,-10.971,3.52,0.018,-0.002,-127.0,0,0.0000,0.00
16:31:28,22.26358664569456,84.90971380388348,-32.359,-10.971,3.52,0.018,-0.002,-127.1,0,0.0000,0.00
16:31:28,22.26358664458889,84.90971381293572,-32.358,-10.971,3.52,0.018,-0.002,-127.1,0,0.0000,0.00
16:31:28,22.2635866434881,84.90971382194799,-32.357,-10.971,3.52,0.018,-0.002,-127.1,0,0.0000,0.00
16:31:28,22.263586642386468,84.90971383096716,-32.356,-10.971,3.52,0.018,-0.002,-127.1,0,0.0000,0.00
16:31:29,22.263586641284746,84.90971383998708,-32.355,-10.972,3.52,0.018,-0.002,-127.0,0,0.0000,0.00
16:31:29,22.263586640181217,84.90971384902181,-32.354,-10.972,3.52,0.018,-0.002,-127.0,0,0.0000,0.00
16:31:29,22.263586639080142,84.90971385803643,-32.353,-10.972,3.52,0.018,-0.002,-127.0,0,0.0000,0.00
16:31:29,22.263586637981017,84.90971386703507,-32.352,-10.972,3.52,0.018,-0.002,-127.0,0,0.0000,0.00
16:31:29,22.263586636878244,84.9097138760636,-32.351,-10.972,3.57,0.018,-0.002,-127.0,0,0.0000,0.00
16:31:29,22.263586635774377,84.90971388510107,-32.350,-10.972,3.57,0.018,-0.002,-127.0,0,0.0000,0.00
16:31:29,22.263586634672134,84.90971389412525,-32.349,-10.972,3.57,0.018,-0.002,-127.0,0,0.0000,0.00
16:31:29,22.263586633571446,84.90971390313669,-32.348,-10.972,3.57,0.018,-0.002,-127.0,0,0.0000,0.00
16:31:29,22.263586632469703,84.90971391215677,-32.347,-10.973,3.61,0.018,-0.002,-127.0,0,0.0000,0.00
16:31:29,22.26358663136533,84.90971392119839,-32.346,-10.973,3.61,0.018,-0.002,-127.0,0,0.0000,0.00
16:31:29,22.263586630264484,84.90971393021115,-32.346,-10.973,3.61,0.018,-0.002,-127.0,0,0.0000,0.00
16:31:29,22.26358662916232,84.9097139392347,-32.345,-10.973,3.61,0.018,-0.002,-127.0,0,0.0000,0.00
16:31:29,22.263586628060576,84.90971394825478,-32.344,-10.973,3.61,0.018,-0.002,-126.9,0,0.0000,0.00
16:31:29,22.263586626958432,84.90971395727816,-32.343,-10.973,3.61,0.018,-0.002,-126.9,0,0.0000,0.00
16:31:29,22.263586625856007,84.90971396630383,-32.342,-10.973,3.61,0.018,-0.002,-126.9,0,0.0000,0.00
16:31:29,22.26358662475442,84.90971397532263,-32.341,-10.973,3.61,0.018,-0.002,-126.9,0,0.0000,0.00
16:31:29,22.263586623653236,84.90971398433814,-32.340,-10.974,3.61,0.018,-0.002,-126.9,0,0.0000,0.00
16:31:29,22.26358662255116,84.90971399336095,-32.339,-10.974,3.67,0.018,-0.002,-126.9,0,0.0000,0.00
16:31:29,22.263586621447466,84.90971400239701,-32.338,-10.974,3.67,0.018,-0.002,-126.9,0,0.0000,0.00
16:31:29,22.263586620347766,84.90971401140038,-32.337,-10.974,3.67,0.018,-0.002,-126.9,0,0.0000,0.00
16:31:30,22.26358661924674,84.90971402041457,-32.336,-10.974,3.67,0.018,-0.002,-126.9,0,0.0000,0.00
16:31:30,22.26358661814282,84.9097140294525,-32.335,-10.974,3.67,0.018,-0.002,-126.9,0,0.0000,0.00
16:31:30,22.26358661704259,84.9097140384602,-32.334,-10.974,3.67,0.018,-0.002,-126.9,0,0.0000,0.00
16:31:30,22.263586615940714,84.90971404748139,-32.333,-10.974,3.67,0.018,-0.002,-126.9,0,0.0000,0.00
16:31:30,22.263586614838907,84.90971405650198,-32.333,-10.975,3.67,0.018,-0.002,-126.9,0,0.0000,0.00
16:31:30,22.263586613730602,84.9097140655758,-32.332,-10.975,3.72,0.018,-0.002,-126.9,0,0.0000,0.00
16:31:30,22.263586611521436,84.90971408366246,-32.330,-10.975,3.72,0.018,-0.002,-126.9,0,0.0000,0.00
16:31:30,22.263586610421424,84.90971409266841,-32.329,-10.975,3.72,0.018,-0.002,-126.8,0,0.0000,0.00
16:31:30,22.263586609321397,84.90971410167444,-32.328,-10.975,3.77,0.018,-0.002,-126.8,0,0.0000,0.00
16:31:30,22.26358660821952,84.90971411069563,-32.327,-10.975,3.77,0.018,-0.002,-126.8,0,0.0000,0.00
16:31:30,22.26358660711848,84.90971411970995,-32.326,-10.975,3.77,0.018,-0.002,-126.8,0,0.0000,0.00
16:31:30,22.26358660601777,84.90971412872157,-32.325,-10.975,3.77,0.018,-0.002,-126.8,0,0.0000,0.00
16:31:30,22.263586604917887,84.90971413772644,-32.324,-10.976,3.77,0.018,-0.002,-126.8,0,0.0000,0.00
16:31:30,22.263586603818347,84.9097141467285,-32.323,-10.976,3.77,0.018,-0.002,-126.8,0,0.0000,0.00
16:31:30,22.263586602715122,84.90971415576071,-32.322,-10.976,3.77,0.018,-0.002,-126.8,0,0.0000,0.00
16:31:30,22.263586601614385,84.90971416477255,-32.321,-10.976,3.77,0.018,-0.002,-126.9,0,0.0000,0.00
16:31:30,22.26358660051391,84.90971417378225,-32.320,-10.976,3.77,0.018,-0.002,-126.9,0,0.0000,0.00
16:31:30,22.263586599413173,84.90971418279413,-32.319,-10.976,3.82,0.018,-0.002,-126.9,0,0.0000,0.00
16:31:30,22.263586598313047,84.90971419180097,-32.319,-10.976,3.82,0.018,-0.002,-126.9,0,0.0000,0.00
16:31:31,22.263586597210313,84.90971420082917,-32.318,-10.976,3.82,0.018,-0.002,-126.9,0,0.0000,0.00
16:31:31,22.263586596109512,84.90971420984155,-32.317,-10.977,3.82,0.018,-0.002,-126.9,0,0.0000,0.00
16:31:31,22.26358659501049,84.90971421883934,-32.316,-10.977,3.87,0.018,-0.002,-126.9,0,0.0000,0.00
16:31:31,22.26358659390811,84.90971422786468,-32.315,-10.977,3.87,0.018,-0.002,-126.8,0,0.0000,0.00
16:31:31,22.263586592807517,84.90971423687532,-32.314,-10.977,3.87,0.018,-0.002,-126.8,0,0.0000,0.00
16:31:31,22.263586591704737,84.9097142459039,-32.313,-10.977,3.87,0.018,-0.002,-126.8,0,0.0000,0.00
16:31:31,22.263586590603982,84.90971425491591,-32.312,-10.977,3.87,0.018,-0.002,-126.7,0,0.0000,0.00
16:31:31,22.263586589501294,84.90971426394371,-32.311,-10.977,3.87,0.018,-0.002,-126.7,0,0.0000,0.00
16:31:31,22.263586588396528,84.90971427298857,-32.310,-10.977,3.87,0.018,-0.002,-126.7,0,0.0000,0.00
16:31:31,22.263586587294196,84.90971428201348,-32.309,-10.978,3.87,0.018,-0.002,-126.7,0,0.0000,0.00
16:31:31,22.263586586191128,84.90971429104441,-32.308,-10.978,3.91,0.018,-0.002,-126.7,0,0.0000,0.00
16:31:31,22.263586585088238,84.90971430007389,-32.307,-10.978,3.91,0.018,-0.002,-126.8,0,0.0000,0.00
16:31:31,22.2635865839852,84.90971430910456,-32.306,-10.978,3.91,0.018,-0.002,-126.8,0,0.0000,0.00
16:31:31,22.263586582883637,84.90971431812318,-32.306,-10.978,3.91,0.018,-0.002,-126.8,0,0.0000,0.00
16:31:31,22.26358658372346,84.90971433818586,-32.303,-10.978,3.91,0.019,-0.002,-126.8,0,0.0019,0.00
16:31:31,22.26358658265804,84.90971434744571,-32.303,-10.978,3.98,0.019,-0.002,-126.8,0,0.0000,0.00
16:31:31,22.263586581592417,84.90971435670731,-32.302,-10.978,3.98,0.019,-0.002,-126.7,0,0.0000,0.00
16:31:31,22.26358658052979,84.90971436594286,-32.301,-10.978,3.98,0.019,-0.002,-126.7,0,0.0000,0.00
16:31:31,22.263586579463464,84.90971437521058,-32.300,-10.978,3.98,0.019,-0.002,-126.7,0,0.0000,0.00
16:31:31,22.26358657474647,84.90971438277286,-32.299,-10.979,3.98,0.019,-0.003,-126.6,0,0.0016,0.00
16:31:32,22.26358657354529,84.90971439201519,-32.298,-10.979,3.98,0.019,-0.003,-126.6,0,0.0000,0.00
16:31:32,22.263586572351176,84.90971440120315,-32.297,-10.979,3.98,0.019,-0.003,-126.6,0,0.0000,0.00
16:31:32,22.263586571157354,84.90971441038889,-32.296,-10.979,3.98,0.019,-0.003,-126.6,0,0.0000,0.00
16:31:32,22.26358656996461,84.90971441956633,-32.295,-10.979,4.02,0.019,-0.003,-126.6,0,0.0000,0.00
16:31:32,22.263586566640974,84.90971442966934,-32.294,-10.980,4.02,0.019,-0.003,-126.6,0,0.0015,0.00
16:31:32,22.26358656529537,84.90971443894753,-32.293,-10.980,4.02,0.019,-0.003,-126.6,0,0.0000,0.00
16:31:32,22.26358656395291,84.90971444820403,-32.292,-10.980,4.02,0.019,-0.003,-126.6,0,0.0000,0.00
16:31:32,22.263586562613398,84.9097144574402,-32.291,-10.980,4.02,0.019,-0.003,-126.7,0,0.0000,0.00
16:31:32,22.26358656127142,84.90971446669337,-32.290,-10.980,4.02,0.019,-0.003,-126.7,0,0.0000,0.00
16:31:32,22.263586559931216,84.90971447593432,-32.289,-10.981,4.02,0.019,-0.003,-126.7,0,0.0000,0.00
16:31:32,22.26358655858981,84.90971448518354,-32.288,-10.981,4.02,0.019,-0.003,-126.7,0,0.0000,0.00
16:31:32,22.263586557242657,84.90971449447242,-32.287,-10.981,4.06,0.019,-0.003,-126.7,0,0.0000,0.00
16:31:32,22.263586555898506,84.9097145037406,-32.286,-10.981,4.06,0.019,-0.003,-126.7,0,0.0000,0.00
16:31:32,22.26358655455699,84.90971451299056,-32.285,-10.981,4.06,0.019,-0.003,-126.7,0,0.0000,0.00
16:31:32,22.26358655321375,84.90971452225249,-32.285,-10.981,4.06,0.019,-0.003,-126.7,0,0.0000,0.00
16:31:32,22.263586551875363,84.90971453148087,-32.284,-10.982,4.06,0.019,-0.003,-126.7,0,0.0000,0.00
16:31:32,22.26358655053324,84.90971454073505,-32.283,-10.982,4.13,0.019,-0.003,-126.7,0,0.0000,0.00
16:31:32,22.263586549191597,84.90971454998594,-32.282,-10.982,4.13,0.019,-0.003,-126.7,0,0.0000,0.00
16:31:32,22.26358654784804,84.90971455924999,-32.281,-10.982,4.13,0.019,-0.003,-126.7,0,0.0000,0.00
16:31:32,22.26358654650882,84.90971456848416,-32.280,-10.982,4.13,0.019,-0.003,-126.7,0,0.0000,0.00
16:31:33,22.26358654508921,84.90971458062648,-32.279,-10.982,4.13,0.019,-0.003,-126.6,0,0.0016,0.00
16:31:33,22.263586543736814,84.90971459016109,-32.278,-10.982,4.13,0.019,-0.003,-126.7,0,0.0000,0.00
16:31:33,22.263586542386303,84.90971459968243,-32.277,-10.983,4.13,0.019,-0.003,-126.7,0,0.0000,0.00
16:31:33,22.263586541039036,84.90971460918088,-32.276,-10.983,4.13,0.019,-0.003,-126.7,0,0.0000,0.00
16:31:33,22.26358653969068,84.90971461868696,-32.275,-10.983,4.17,0.019,-0.003,-126.7,0,0.0000,0.00
16:31:33,22.263586538340412,84.9097146282066,-32.274,-10.983,4.17,0.019,-0.003,-126.7,0,0.0000,0.00
16:31:33,22.263586536989738,84.90971463772905,-32.273,-10.983,4.17,0.019,-0.003,-126.7,0,0.0000,0.00
16:31:33,22.263586535643174,84.90971464722256,-32.272,-10.983,4.17,0.019,-0.003,-126.7,0,0.0000,0.00
16:31:33,22.263586534292582,84.90971465674443,-32.271,-10.983,4.22,0.019,-0.003,-126.6,0,0.0000,0.00
16:31:33,22.263586532944583,84.90971466624805,-32.270,-10.984,4.22,0.019,-0.003,-126.6,0,0.0000,0.00
16:31:33,22.263586531596513,84.90971467575216,-32.269,-10.984,4.22,0.019,-0.003,-126.6,0,0.0000,0.00
16:31:33,22.263586530250144,84.90971468524427,-32.268,-10.984,4.22,0.019,-0.003,-126.6,0,0.0000,0.00
16:31:33,22.26358652890231,84.90971469474671,-32.267,-10.984,4.22,0.019,-0.003,-126.6,0,0.0000,0.00
16:31:33,22.26358652755641,84.90971470423554,-32.266,-10.984,4.22,0.019,-0.003,-126.6,0,0.0000,0.00
16:31:33,22.263586526209224,84.9097147137334,-32.265,-10.984,4.22,0.019,-0.003,-126.6,0,0.0000,0.00
16:31:33,22.26358652483288,84.9097147177714,-32.264,-10.985,4.22,0.018,-0.003,-126.6,0,0.0015,0.00
16:31:33,22.263586523477862,84.90971472681,-32.263,-10.985,4.22,0.018,-0.003,-126.6,0,0.0000,0.00
16:31:33,22.2635865221261,84.90971473582688,-32.263,-10.985,4.26,0.018,-0.003,-126.7,0,0.0000,0.00
16:31:33,22.263586520775398,84.9097147448367,-32.262,-10.985,4.26,0.018,-0.003,-126.7,0,0.0000,0.00
16:31:34,22.26358651942739,84.90971475382857,-32.261,-10.985,4.26,0.018,-0.003,-126.7,0,0.0000,0.00
16:31:34,22.26358651866408,84.90971476200332,-32.260,-10.985,4.26,0.018,-0.003,-126.7,0,0.0015,0.00
16:31:34,22.26358651737512,84.90971477097884,-32.259,-10.985,4.32,0.018,-0.003,-126.7,0,0.0000,0.00
16:31:34,22.263586516093948,84.90971477990013,-32.258,-10.985,4.32,0.018,-0.003,-126.7,0,0.0000,0.00
16:31:34,22.263586514816737,84.90971478879385,-32.257,-10.986,4.32,0.018,-0.003,-126.7,0,0.0000,0.00
16:31:34,22.263586513534218,84.9097147977245,-32.256,-10.986,4.32,0.018,-0.003,-126.7,0,0.0000,0.00
16:31:34,22.263586512254165,84.909714806638,-32.255,-10.986,4.32,0.018,-0.003,-126.7,0,0.0000,0.00
16:31:34,22.263586510972818,84.90971481556052,-32.254,-10.986,4.32,0.018,-0.003,-126.7,0,0.0000,0.00
16:31:34,22.263586509687023,84.90971482451398,-32.253,-10.986,4.32,0.018,-0.003,-126.7,0,0.0000,0.00
16:31:34,22.263586508407563,84.90971483342334,-32.252,-10.986,4.32,0.018,-0.003,-126.7,0,0.0000,0.00
16:31:34,22.263586507126554,84.9097148423435,-32.252,-10.986,4.36,0.018,-0.003,-126.7,0,0.0000,0.00
16:31:34,22.263586505846604,84.90971485125627,-32.251,-10.987,4.36,0.018,-0.003,-126.7,0,0.0000,0.00
16:31:34,22.263586504568362,84.90971486015717,-32.250,-10.987,4.36,0.018,-0.003,-126.7,0,0.0000,0.00
16:31:34,22.26358650328757,84.9097148690758,-32.249,-10.987,4.36,0.018,-0.003,-126.7,0,0.0000,0.00
16:31:34,22.263586502006653,84.90971487799533,-32.248,-10.987,4.36,0.018,-0.003,-126.7,0,0.0000,0.00
16:31:34,22.26358650072562,84.90971488691565,-32.247,-10.987,4.41,0.018,-0.003,-126.7,0,0.0000,0.00
16:31:34,22.263586499446124,84.90971489582526,-32.246,-10.987,4.41,0.018,-0.003,-126.7,0,0.0000,0.00
16:31:34,22.263586497446738,84.90971490747287,-32.245,-10.988,4.41,0.019,-0.003,-126.6,0,0.0015,0.00
16:31:34,22.263586496093374,84.90971491667565,-32.244,-10.988,4.41,0.019,-0.003,-126.6,0,0.0000,0.00
16:31:34,22.2635864947416,84.90971492586766,-32.243,-10.988,4.41,0.019,-0.003,-126.5,0,0.0000,0.00
16:31:35,22.26358649339258,84.9097149350409,-32.242,-10.988,4.41,0.019,-0.003,-126.5,0,0.0000,0.00
16:31:35,22.26358649204406,84.90971494421076,-32.241,-10.988,4.41,0.019,-0.003,-126.5,0,0.0000,0.00
16:31:35,22.263586490693495,84.90971495339451,-32.240,-10.988,4.41,0.019,-0.003,-126.5,0,0.0000,0.00
16:31:35,22.263586489341296,84.90971496258939,-32.239,-10.988,4.46,0.019,-0.003,-126.5,0,0.0000,0.00
16:31:35,22.263586487990956,84.90971497177162,-32.238,-10.989,4.46,0.019,-0.003,-126.5,0,0.0000,0.00
16:31:35,22.263586486639174,84.90971498096367,-32.237,-10.989,4.46,0.019,-0.003,-126.5,0,0.0000,0.00
16:31:35,22.263586485291444,84.90971499012815,-32.236,-10.989,4.46,0.019,-0.003,-126.6,0,0.0000,0.00
16:31:35,22.263586484687675,84.90971499915644,-32.235,-10.989,4.46,0.019,-0.003,-126.6,0,0.0016,0.00
16:31:35,22.263586483417917,84.90971500833808,-32.234,-10.989,4.46,0.019,-0.003,-126.6,0,0.0000,0.00
16:31:35,22.263586482153077,84.90971501748413,-32.234,-10.989,4.46,0.019,-0.003,-126.6,0,0.0000,0.00
16:31:35,22.263586480888826,84.90971502662595,-32.233,-10.989,4.46,0.019,-0.003,-126.6,0,0.0000,0.00
16:31:35,22.26358647962424,84.90971503577019,-32.232,-10.990,4.46,0.019,-0.003,-126.6,0,0.0000,0.00
16:31:35,22.26358647835842,84.90971504492335,-32.231,-10.990,4.50,0.019,-0.003,-126.6,0,0.0000,0.00
16:31:35,22.263586477092122,84.90971505407994,-32.230,-10.990,4.50,0.019,-0.003,-126.6,0,0.0000,0.00
16:31:35,22.263586475825306,84.9097150632403,-32.229,-10.990,4.50,0.019,-0.003,-126.6,0,0.0000,0.00
16:31:35,22.263586474558174,84.90971507240296,-32.228,-10.990,4.50,0.019,-0.003,-126.6,0,0.0000,0.00
16:31:35,22.26358647329054,84.90971508156922,-32.227,-10.990,4.57,0.019,-0.003,-126.5,0,0.0000,0.00
16:31:35,22.26358647202199,84.90971509074211,-32.226,-10.990,4.57,0.019,-0.003,-126.5,0,0.0000,0.00
16:31:35,22.263586470755996,84.90971509989653,-32.225,-10.991,4.57,0.019,-0.003,-126.5,0,0.0000,0.00
16:31:36,22.263586469486214,84.90971510907835,-32.224,-10.991,4.57,0.019,-0.003,-126.5,0,0.0000,0.00
16:31:36,22.26358646821767,84.90971511825119,-32.223,-10.991,4.57,0.019,-0.003,-126.5,0,0.0000,0.00
16:31:36,22.263586466949373,84.90971512742226,-32.222,-10.991,4.57,0.019,-0.003,-126.5,0,0.0000,0.00
16:31:36,22.26358646568112,84.90971513659302,-32.221,-10.991,4.57,0.019,-0.003,-126.5,0,0.0000,0.00
16:31:36,22.263586464412324,84.90971514576768,-32.220,-10.991,4.57,0.019,-0.003,-126.5,0,0.0000,0.00
16:31:36,22.263586463141078,84.90971515496007,-32.219,-10.991,4.61,0.019,-0.003,-126.5,0,0.0000,0.00
16:31:36,22.263586461875196,84.90971516411368,-32.218,-10.992,4.61,0.019,-0.003,-126.5,0,0.0000,0.00
16:31:36,22.263586460610433,84.90971517325917,-32.217,-10.992,4.61,0.019,-0.003,-126.4,0,0.0000,0.00
16:31:36,22.26358645933855,84.90971518245615,-32.217,-10.992,4.61,0.019,-0.003,-126.4,0,0.0000,0.00
16:31:36,22.263586458073487,84.90971519160387,-32.216,-10.992,4.64,0.019,-0.003,-126.4,0,0.0000,0.00
16:31:36,22.263586456806742,84.9097152007637,-32.215,-10.992,4.64,0.019,-0.003,-126.4,0,0.0000,0.00
16:31:36,22.263586455543855,84.90971520989562,-32.214,-10.992,4.64,0.019,-0.003,-126.4,0,0.0000,0.00
16:31:36,22.2635864542764,84.90971521906063,-32.213,-10.992,4.64,0.019,-0.003,-126.3,0,0.0000,0.00
16:31:36,22.263586453012028,84.90971522820331,-32.212,-10.993,4.64,0.019,-0.003,-126.3,0,0.0000,0.00
16:31:36,22.26358645174729,84.90971523734862,-32.211,-10.993,4.64,0.019,-0.003,-126.3,0,0.0000,0.00
16:31:36,22.263586450481757,84.90971524649972,-32.210,-10.993,4.64,0.019,-0.003,-126.4,0,0.0000,0.00
16:31:36,22.263586449215055,84.90971525565925,-32.209,-10.993,4.64,0.019,-0.003,-126.4,0,0.0000,0.00
16:31:36,22.263586447949468,84.90971526481073,-32.208,-10.993,4.64,0.019,-0.003,-126.4,0,0.0000,0.00
16:31:36,22.263586446683544,84.90971527396462,-32.207,-10.993,4.70,0.019,-0.003,-126.4,0,0.0000,0.00
16:31:36,22.26358644311123,84.90971527956071,-32.207,-10.994,4.70,0.018,-0.003,-126.4,0,0.0015,0.00
16:31:37,22.263586441711567,84.9097152885345,-32.206,-10.994,4.70,0.018,-0.003,-126.4,0,0.0000,0.00
16:31:37,22.263586440316757,84.90971529747718,-32.205,-10.994,4.70,0.018,-0.003,-126.3,0,0.0000,0.00
16:31:37,22.2635864389226,84.90971530641566,-32.204,-10.994,4.75,0.018,-0.003,-126.3,0,0.0000,0.00
16:31:37,22.263586437524935,84.90971531537666,-32.203,-10.994,4.75,0.018,-0.003,-126.3,0,0.0000,0.00
16:31:37,22.263586435539853,84.90971532311464,-32.202,-10.994,4.75,0.018,-0.003,-126.3,0,0.0015,0.00
16:31:37,22.26358643262843,84.90971534092127,-32.200,-10.995,4.75,0.018,-0.003,-126.3,0,0.0000,0.00
16:31:37,22.263586431179505,84.90971534978306,-32.199,-10.995,4.75,0.018,-0.003,-126.4,0,0.0000,0.00
16:31:37,22.26358642972945,84.90971535865175,-32.198,-10.995,4.75,0.018,-0.003,-126.4,0,0.0000,0.00
16:31:37,22.26358642771727,84.90971536748026,-32.197,-10.995,4.75,0.018,-0.003,-126.4,0,0.0015,0.00
16:31:37,22.263586426188223,84.90971537638453,-32.197,-10.996,4.78,0.018,-0.003,-126.4,0,0.0000,0.00
16:31:37,22.26358642466714,84.90971538524245,-32.196,-10.996,4.78,0.018,-0.003,-126.4,0,0.0000,0.00
16:31:37,22.26358642314577,84.90971539410201,-32.195,-10.996,4.78,0.018,-0.003,-126.4,0,0.0000,0.00
16:31:37,22.263586421627107,84.90971540294582,-32.194,-10.996,4.78,0.018,-0.003,-126.4,0,0.0000,0.00
16:31:37,22.263586420110542,84.9097154117774,-32.193,-10.996,4.78,0.018,-0.003,-126.4,0,0.0000,0.00
16:31:37,22.263586418594432,84.90971542060635,-32.192,-10.996,4.78,0.018,-0.003,-126.3,0,0.0000,0.00
16:31:37,22.26358641707434,84.9097154294585,-32.191,-10.997,4.78,0.018,-0.003,-126.3,0,0.0000,0.00
16:31:37,22.26358641555525,84.90971543830479,-32.190,-10.997,4.78,0.018,-0.003,-126.3,0,0.0000,0.00
16:31:37,22.26358641403881,84.90971544713565,-32.189,-10.997,4.78,0.018,-0.003,-126.3,0,0.0000,0.00
16:31:37,22.263586412523754,84.90971545595845,-32.188,-10.997,4.84,0.018,-0.003,-126.3,0,0.0000,0.00
16:31:37,22.263586411005434,84.90971546480026,-32.187,-10.997,4.84,0.018,-0.003,-126.3,0,0.0000,0.00
16:31:38,22.263586409488532,84.90971547363381,-32.187,-10.997,4.84,0.018,-0.003,-126.3,0,0.0000,0.00
16:31:38,22.263586407970955,84.9097154824713,-32.186,-10.998,4.84,0.018,-0.003,-126.3,0,0.0000,0.00
16:31:38,22.26358640645386,84.90971549130597,-32.185,-10.998,4.89,0.018,-0.003,-126.3,0,0.0000,0.00
16:31:38,22.263586404933974,84.9097155001569,-32.184,-10.998,4.89,0.018,-0.003,-126.3,0,0.0000,0.00
16:31:38,22.263586403415893,84.90971550899734,-32.183,-10.998,4.89,0.018,-0.003,-126.3,0,0.0000,0.00
16:31:38,22.26358640189825,84.9097155178352,-32.182,-10.998,4.89,0.018,-0.003,-126.3,0,0.0000,0.00
16:31:38,22.263586400379804,84.90971552667776,-32.181,-10.998,4.89,0.018,-0.003,-126.3,0,0.0000,0.00
16:31:38,22.263586398861563,84.9097155355191,-32.180,-10.999,4.89,0.018,-0.003,-126.3,0,0.0000,0.00
16:31:38,22.263586397341957,84.9097155443684,-32.179,-10.999,4.89,0.018,-0.003,-126.3,0,0.0000,0.00
16:31:38,22.263586395826888,84.90971555319128,-32.178,-10.999,4.89,0.018,-0.003,-126.3,0,0.0000,0.00
16:31:38,22.263586394306802,84.90971556204337,-32.177,-10.999,4.93,0.018,-0.003,-126.3,0,0.0000,0.00
16:31:38,22.263586392787246,84.90971557089237,-32.176,-10.999,4.93,0.018,-0.003,-126.3,0,0.0000,0.00
16:31:38,22.263586391268067,84.9097155797392,-32.176,-10.999,4.93,0.018,-0.003,-126.3,0,0.0000,0.00
16:31:38,22.263586389753286,84.9097155885604,-32.175,-11.000,4.93,0.018,-0.003,-126.4,0,0.0000,0.00
16:31:38,22.263586389146905,84.90971559778686,-32.174,-11.000,4.93,0.018,-0.003,-126.4,0,0.0015,0.00
16:31:38,22.263586387684164,84.90971560669166,-32.173,-11.000,4.99,0.018,-0.003,-126.4,0,0.0000,0.00
16:31:38,22.263586386223576,84.90971561558337,-32.172,-11.000,4.99,0.018,-0.003,-126.4,0,0.0000,0.00
16:31:38,22.263586384769155,84.90971562443752,-32.171,-11.000,4.99,0.018,-0.003,-126.4,0,0.0000,0.00
16:31:38,22.26358638331287,84.90971563330302,-32.170,-11.000,4.99,0.018,-0.003,-126.3,0,0.0000,0.00
16:31:38,22.263586380937177,84.9097156427231,-32.169,-11.001,4.99,0.018,-0.003,-126.3,0,0.0015,0.00
16:31:39,22.263586379384954,84.90971565167763,-32.168,-11.001,4.99,0.018,-0.003,-126.3,0,0.0000,0.00
16:31:39,22.263586377839744,84.90971566059167,-32.167,-11.001,4.99,0.018,-0.003,-126.3,0,0.0000,0.00
16:31:39,22.263586376292814,84.90971566951566,-32.166,-11.001,4.99,0.018,-0.003,-126.3,0,0.0000,0.00
16:31:39,22.263586374746588,84.90971567843559,-32.165,-11.001,5.03,0.018,-0.003,-126.3,0,0.0000,0.00
16:31:39,22.263586372772558,84.90971568744077,-32.164,-11.001,5.03,0.018,-0.004,-126.3,0,0.0017,0.00
16:31:39,22.263586371164834,84.90971569638536,-32.164,-11.002,5.03,0.018,-0.004,-126.3,0,0.0000,0.00
16:31:39,22.263586369561036,84.90971570530813,-32.163,-11.002,5.03,0.018,-0.004,-126.3,0,0.0000,0.00
16:31:39,22.26358636795674,84.90971571423364,-32.162,-11.002,5.08,0.018,-0.004,-126.3,0,0.0000,0.00
16:31:39,22.26358636635157,84.90971572316401,-32.161,-11.002,5.08,0.018,-0.004,-126.3,0,0.0000,0.00
16:31:39,22.26358636474809,84.909715732085,-32.160,-11.002,5.08,0.018,-0.004,-126.3,0,0.0000,0.00
16:31:39,22.26358636314245,84.909715741018,-32.159,-11.003,5.08,0.018,-0.004,-126.2,0,0.0000,0.00
16:31:39,22.263586361536536,84.90971574995253,-32.158,-11.003,5.08,0.018,-0.004,-126.2,0,0.0000,0.00
16:31:39,22.263586359930176,84.90971575888955,-32.157,-11.003,5.08,0.018,-0.004,-126.2,0,0.0000,0.00
16:31:39,22.263586358326176,84.90971576781341,-32.156,-11.003,5.08,0.018,-0.004,-126.2,0,0.0000,0.00
16:31:39,22.263586356720484,84.90971577674671,-32.155,-11.003,5.08,0.018,-0.004,-126.2,0,0.0000,0.00
16:31:39,22.26358635511695,84.90971578566798,-32.154,-11.003,5.08,0.018,-0.004,-126.2,0,0.0000,0.00
16:31:39,22.263586353509616,84.90971579461042,-32.153,-11.004,5.15,0.018,-0.004,-126.2,0,0.0000,0.00
16:31:39,22.263586351905662,84.90971580353403,-32.153,-11.004,5.15,0.018,-0.004,-126.2,0,0.0000,0.00
16:31:39,22.263586350304575,84.9097158124417,-32.152,-11.004,5.15,0.018,-0.004,-126.2,0,0.0000,0.00
16:31:39,22.263586348701953,84.9097158213579,-32.151,-11.004,5.15,0.018,-0.004,-126.2,0,0.0000,0.00
16:31:40,22.26358634709588,84.90971583029332,-32.150,-11.004,5.15,0.018,-0.004,-126.2,0,0.0000,0.00
16:31:40,22.26358634549066,84.90971583922399,-32.149,-11.004,5.15,0.018,-0.004,-126.2,0,0.0000,0.00
16:31:40,22.263586343889024,84.90971584813471,-32.148,-11.005,5.15,0.018,-0.004,-126.2,0,0.0000,0.00
16:31:40,22.263586342283073,84.90971585706944,-32.147,-11.005,5.15,0.018,-0.004,-126.2,0,0.0000,0.00
16:31:40,22.263586340678703,84.90971586599538,-32.146,-11.005,5.17,0.018,-0.004,-126.2,0,0.0000,0.00
16:31:40,22.263586338562437,84.90971587442552,-32.145,-11.005,5.17,0.018,-0.004,-126.2,0,0.0016,0.00
16:31:40,22.263586336913807,84.90971588332684,-32.144,-11.005,5.17,0.018,-0.004,-126.2,0,0.0000,0.00
16:31:40,22.26358633526783,84.90971589221385,-32.143,-11.006,5.17,0.018,-0.004,-126.1,0,0.0000,0.00
16:31:40,22.263586333618985,84.90971590111637,-32.142,-11.006,5.23,0.018,-0.004,-126.1,0,0.0000,0.00
16:31:40,22.263586331971116,84.9097159100136,-32.142,-11.006,5.23,0.018,-0.004,-126.1,0,0.0000,0.00
16:31:40,22.263586330767858,84.90971591766883,-32.141,-11.006,5.23,0.018,-0.004,-126.1,0,0.0015,0.00
16:31:40,22.26358632916742,84.90971592643915,-32.140,-11.006,5.23,0.018,-0.004,-126.0,0,0.0000,0.00
16:31:40,22.263586327571257,84.90971593518604,-32.139,-11.006,5.23,0.018,-0.004,-126.0,0,0.0000,0.00
16:31:40,22.26358632597179,84.90971594395106,-32.138,-11.007,5.23,0.018,-0.004,-126.0,0,0.0000,0.00
16:31:40,22.263586324374376,84.90971595270479,-32.137,-11.007,5.23,0.018,-0.004,-126.0,0,0.0000,0.00
16:31:40,22.26358632254721,84.90971596044733,-32.136,-11.007,5.23,0.018,-0.004,-126.1,0,0.0015,0.00
16:31:40,22.26358632091,84.90971596908037,-32.135,-11.007,5.23,0.018,-0.004,-126.1,0,0.0000,0.00
16:31:40,22.26358631927577,84.90971597769772,-32.135,-11.007,5.28,0.018,-0.004,-126.1,0,0.0000,0.00
16:31:40,22.26358631764643,84.90971598628926,-32.134,-11.008,5.28,0.018,-0.004,-126.1,0,0.0000,0.00
16:31:41,22.263586316016415,84.90971599488437,-32.133,-11.008,5.28,0.018,-0.004,-126.1,0,0.0000,0.00
16:31:41,22.263586314383527,84.90971600349462,-32.132,-11.008,5.28,0.018,-0.004,-126.1,0,0.0000,0.00
16:31:41,22.263586312749126,84.90971601211287,-32.131,-11.008,5.33,0.018,-0.004,-126.1,0,0.0000,0.00
16:31:41,22.26358631111562,84.90971602072638,-32.130,-11.008,5.33,0.018,-0.004,-126.1,0,0.0000,0.00
16:31:41,22.263586309481898,84.90971602934103,-32.129,-11.008,5.33,0.018,-0.004,-126.1,0,0.0000,0.00
16:31:41,22.263586307849202,84.90971603795028,-32.128,-11.009,5.33,0.018,-0.004,-126.1,0,0.0000,0.00
16:31:41,22.263586306335547,84.90971604813137,-32.127,-11.009,5.33,0.018,-0.004,-126.1,0,0.0015,0.00
16:31:41,22.263586304711545,84.90971605699285,-32.126,-11.009,5.33,0.018,-0.004,-126.1,0,0.0000,0.00
16:31:41,22.26358630309345,84.90971606582211,-32.125,-11.009,5.33,0.018,-0.004,-126.1,0,0.0000,0.00
16:31:41,22.263586301474696,84.90971607465495,-32.125,-11.009,5.33,0.018,-0.004,-126.2,0,0.0000,0.00
16:31:41,22.26358629985674,84.90971608348346,-32.124,-11.010,5.37,0.018,-0.004,-126.2,0,0.0000,0.00
16:31:41,22.26358629823942,84.9097160923085,-32.123,-11.010,5.37,0.018,-0.004,-126.2,0,0.0000,0.00
16:31:41,22.263586296618907,84.90971610115095,-32.122,-11.010,5.37,0.018,-0.004,-126.2,0,0.0000,0.00
16:31:41,22.263586294998564,84.90971610999249,-32.121,-11.010,5.37,0.018,-0.004,-126.2,0,0.0000,0.00
16:31:41,22.263586293379245,84.90971611882841,-32.120,-11.010,5.37,0.018,-0.004,-126.2,0,0.0000,0.00
16:31:41,22.263586291765243,84.90971612763533,-32.119,-11.010,5.42,0.018,-0.004,-126.2,0,0.0000,0.00
16:31:41,22.263586290144364,84.90971613647979,-32.118,-11.011,5.42,0.018,-0.004,-126.2,0,0.0000,0.00
16:31:41,22.263586288528938,84.90971614529448,-32.117,-11.011,5.42,0.018,-0.004,-126.2,0,0.0000,0.00
16:31:41,22.263586286907906,84.90971615413977,-32.116,-11.011,5.42,0.018,-0.004,-126.2,0,0.0000,0.00
16:31:41,22.263586285292956,84.90971616295187,-32.115,-11.011,5.42,0.018,-0.004,-126.2,0,0.0000,0.00
16:31:42,22.263586283671053,84.90971617180192,-32.115,-11.011,5.42,0.018,-0.004,-126.1,0,0.0000,0.00
16:31:42,22.263586282056117,84.90971618061393,-32.114,-11.012,5.42,0.018,-0.004,-126.1,0,0.0000,0.00
16:31:42,22.263586279494536,84.90971618976117,-32.113,-11.012,5.42,0.018,-0.004,-126.1,0,0.0015,0.00
16:31:42,22.263586277780565,84.9097161986498,-32.112,-11.012,5.46,0.018,-0.004,-126.1,0,0.0000,0.00
16:31:42,22.263586276070345,84.909716207519,-32.111,-11.012,5.46,0.018,-0.004,-126.1,0,0.0000,0.00
16:31:42,22.26358627436097,84.90971621638379,-32.110,-11.012,5.46,0.018,-0.004,-126.0,0,0.0000,0.00
16:31:42,22.263586272655434,84.90971622522868,-32.109,-11.013,5.46,0.018,-0.004,-126.0,0,0.0000,0.00
16:31:42,22.26358627084752,84.90971623359619,-32.108,-11.013,5.46,0.018,-0.004,-126.0,0,0.0015,0.00
16:31:42,22.263586269116665,84.9097162424454,-32.107,-11.013,5.46,0.018,-0.004,-126.0,0,0.0000,0.00
16:31:42,22.2635862673968,84.90971625123844,-32.106,-11.013,5.46,0.018,-0.004,-126.0,0,0.0000,0.00
16:31:42,22.263586265673958,84.9097162600467,-32.105,-11.013,5.46,0.018,-0.004,-126.0,0,0.0000,0.00
16:31:42,22.26358626395419,84.90971626883922,-32.105,-11.014,5.50,0.018,-0.004,-126.0,0,0.0000,0.00
16:31:42,22.263586262835158,84.90971627675326,-32.104,-11.014,5.50,0.018,-0.004,-126.0,0,0.0015,0.00
16:31:42,22.26358626120135,84.90971628545532,-32.103,-11.014,5.50,0.018,-0.004,-126.0,0,0.0000,0.00
16:31:42,22.263586259573696,84.90971629412456,-32.102,-11.014,5.50,0.018,-0.004,-126.0,0,0.0000,0.00
16:31:42,22.26358625794889,84.90971630277868,-32.101,-11.014,5.50,0.018,-0.004,-126.0,0,0.0000,0.00
16:31:42,22.263586256325535,84.90971631142504,-32.100,-11.014,5.56,0.018,-0.004,-126.0,0,0.0000,0.00
16:31:42,22.26358625469875,84.90971632008969,-32.099,-11.015,5.56,0.018,-0.004,-126.0,0,0.0000,0.00
16:31:42,22.263586253074514,84.90971632874076,-32.098,-11.015,5.56,0.018,-0.004,-126.0,0,0.0000,0.00
16:31:42,22.263586251448483,84.90971633740138,-32.098,-11.015,5.56,0.018,-0.004,-126.0,0,0.0000,0.00
16:31:43,22.26358624982735,84.9097163460359,-32.097,-11.015,5.56,0.018,-0.004,-126.0,0,0.0000,0.00
16:31:43,22.26358624820055,84.90971635470062,-32.096,-11.015,5.56,0.018,-0.004,-126.0,0,0.0000,0.00
16:31:43,22.26358624704533,84.90971636329107,-32.095,-11.015,5.56,0.018,-0.003,-126.1,0,0.0015,0.00
16:31:43,22.263586245478805,84.90971637196918,-32.094,-11.016,5.56,0.018,-0.003,-126.1,0,0.0000,0.00
16:31:43,22.263586243918322,84.90971638061384,-32.093,-11.016,5.60,0.018,-0.003,-126.1,0,0.0000,0.00
16:31:43,22.263586242355654,84.90971638927061,-32.092,-11.016,5.60,0.018,-0.003,-126.1,0,0.0000,0.00
16:31:43,22.263586240794588,84.9097163979185,-32.091,-11.016,5.60,0.018,-0.003,-126.1,0,0.0000,0.00
16:31:43,22.26358623923152,84.90971640657747,-32.090,-11.016,5.60,0.018,-0.003,-126.1,0,0.0000,0.00
16:31:43,22.26358623767227,84.90971641521529,-32.090,-11.016,5.66,0.018,-0.003,-126.1,0,0.0000,0.00
16:31:43,22.263586236105017,84.90971642389746,-32.089,-11.017,5.66,0.018,-0.003,-126.0,0,0.0000,0.00
16:31:43,22.263586234542725,84.90971643255213,-32.088,-11.017,5.66,0.018,-0.003,-126.0,0,0.0000,0.00
16:31:43,22.263586232980003,84.90971644120918,-32.087,-11.017,5.66,0.018,-0.003,-126.0,0,0.0000,0.00
16:31:43,22.26358623142012,84.90971644985052,-32.086,-11.017,5.66,0.018,-0.003,-126.0,0,0.0000,0.00
16:31:43,22.26358623037083,84.90971645649817,-32.085,-11.017,5.66,0.017,-0.003,-126.0,0,0.0015,0.00
16:31:43,22.263586228866295,84.90971646493362,-32.084,-11.017,5.66,0.017,-0.003,-126.0,0,0.0000,0.00
16:31:43,22.26358622736655,84.90971647334224,-32.084,-11.018,5.66,0.017,-0.003,-126.0,0,0.0000,0.00
16:31:43,22.2635862258686,84.90971648174076,-32.083,-11.018,5.66,0.017,-0.003,-125.9,0,0.0000,0.00
16:31:43,22.263586224370165,84.909716490142,-32.082,-11.018,5.71,0.017,-0.003,-125.9,0,0.0000,0.00
16:31:43,22.263586222871293,84.90971649854573,-32.081,-11.018,5.71,0.017,-0.003,-125.9,0,0.0000,0.00
16:31:43,22.263586221370403,84.90971650696075,-32.080,-11.018,5.71,0.017,-0.003,-125.9,0,0.0000,0.00
16:31:44,22.26358621987236,84.9097165153598,-32.079,-11.018,5.71,0.017,-0.003,-125.9,0,0.0000,0.00
16:31:44,22.263586218372797,84.90971652376739,-32.078,-11.019,5.74,0.017,-0.003,-126.0,0,0.0000,0.00
16:31:44,22.263586216873204,84.90971653217512,-32.077,-11.019,5.74,0.017,-0.003,-126.0,0,0.0000,0.00
16:31:44,22.263586214982233,84.90971654133415,-32.077,-11.019,5.74,0.017,-0.003,-126.0,0,0.0019,0.00
16:31:44,22.263586213430543,84.90971654985889,-32.076,-11.019,5.74,0.017,-0.003,-126.0,0,0.0000,0.00
16:31:44,22.26358621188335,84.9097165583589,-32.075,-11.019,5.74,0.017,-0.003,-125.9,0,0.0000,0.00
16:31:44,22.263586210334278,84.90971656686924,-32.074,-11.020,5.74,0.017,-0.003,-125.9,0,0.0000,0.00
16:31:44,22.26358620878728,84.90971657536817,-32.073,-11.020,5.74,0.017,-0.003,-125.9,0,0.0000,0.00
16:31:44,22.263586207563687,84.90971658436192,-32.072,-11.020,5.74,0.018,-0.003,-126.0,0,0.0017,0.00
16:31:44,22.263586206057205,84.90971659297455,-32.071,-11.020,5.79,0.018,-0.003,-126.0,0,0.0000,0.00
16:31:44,22.263586204552883,84.90971660157481,-32.070,-11.020,5.79,0.018,-0.003,-126.0,0,0.0000,0.00
16:31:44,22.263586203055514,84.90971661013535,-32.069,-11.020,5.79,0.018,-0.003,-126.0,0,0.0000,0.00
16:31:44,22.2635862015596,84.90971661868755,-32.069,-11.021,5.79,0.018,-0.003,-126.0,0,0.0000,0.00
16:31:44,22.263586200053442,84.909716628311,-32.068,-11.021,5.79,0.018,-0.003,-126.1,0,0.0015,0.00
16:31:44,22.263586198551724,84.90971663707067,-32.067,-11.021,5.85,0.018,-0.003,-126.1,0,0.0000,0.00
16:31:44,22.263586197051698,84.90971664582048,-32.066,-11.021,5.85,0.018,-0.003,-126.1,0,0.0000,0.00
16:31:44,22.26358619555364,84.90971665455882,-32.065,-11.021,5.85,0.018,-0.003,-126.1,0,0.0000,0.00
16:31:44,22.263586194056966,84.90971666328907,-32.064,-11.021,5.85,0.018,-0.003,-126.1,0,0.0000,0.00
16:31:44,22.263586192655346,84.9097166722303,-32.063,-11.021,5.85,0.018,-0.003,-126.1,0,0.0016,0.00
16:31:45,22.26358619117045,84.9097166810343,-32.062,-11.022,5.85,0.018,-0.003,-126.2,0,0.0000,0.00
16:31:45,22.263586189687466,84.90971668982696,-32.061,-11.022,5.85,0.018,-0.003,-126.2,0,0.0000,0.00
16:31:45,22.263586188194953,84.9097166986761,-32.060,-11.022,5.85,0.018,-0.003,-126.2,0,0.0000,0.00
16:31:45,22.263586185218227,84.90971671632519,-32.058,-11.022,5.89,0.018,-0.003,-126.2,0,0.0000,0.00
16:31:45,22.263586183734866,84.90971672512006,-32.058,-11.022,5.89,0.018,-0.003,-126.2,0,0.0000,0.00
16:31:45,22.263586182253672,84.90971673390213,-32.057,-11.023,5.89,0.018,-0.003,-126.2,0,0.0000,0.00
16:31:45,22.26358618077156,84.9097167426896,-32.056,-11.023,5.89,0.018,-0.003,-126.1,0,0.0000,0.00
16:31:45,22.263586179286083,84.90971675149704,-32.055,-11.023,5.89,0.018,-0.003,-126.1,0,0.0000,0.00
16:31:45,22.263586177804253,84.90971676028283,-32.054,-11.023,5.89,0.018,-0.003,-126.1,0,0.0000,0.00
16:31:45,22.263586176323436,84.90971676906265,-32.053,-11.023,5.89,0.018,-0.003,-126.1,0,0.0000,0.00
16:31:45,22.26358617484052,84.90971677785491,-32.052,-11.023,5.93,0.018,-0.003,-126.1,0,0.0000,0.00
16:31:45,22.26358617336017,84.90971678663193,-32.051,-11.024,5.93,0.018,-0.003,-126.1,0,0.0000,0.00
16:31:45,22.26358617187627,84.90971679543001,-32.050,-11.024,5.93,0.018,-0.003,-126.1,0,0.0000,0.00
16:31:45,22.263586170396934,84.90971680420104,-32.049,-11.024,5.93,0.018,-0.003,-126.1,0,0.0000,0.00
16:31:45,22.263586167881638,84.9097168130663,-32.049,-11.024,5.93,0.018,-0.004,-126.1,0,0.0015,0.00
16:31:45,22.263586166285588,84.90971682190673,-32.048,-11.024,5.99,0.018,-0.004,-126.1,0,0.0000,0.00
16:31:45,22.263586164694587,84.9097168307192,-32.047,-11.025,5.99,0.018,-0.004,-126.1,0,0.0000,0.00
16:31:45,22.263586163109036,84.90971683950148,-32.046,-11.025,5.99,0.018,-0.004,-126.1,0,0.0000,0.00
16:31:45,22.263586161518976,84.90971684830875,-32.045,-11.025,5.99,0.018,-0.004,-126.1,0,0.0000,0.00
16:31:45,22.26358615924045,84.90971685846222,-32.044,-11.025,5.99,0.018,-0.004,-126.1,0,0.0015,0.00
16:31:46,22.263586157556762,84.90971686746516,-32.043,-11.025,5.99,0.018,-0.004,-126.1,0,0.0000,0.00
16:31:46,22.26358615587676,84.90971687644839,-32.042,-11.026,5.99,0.018,-0.004,-126.1,0,0.0000,0.00
16:31:46,22.26358615419711,84.9097168854297,-32.041,-11.026,5.99,0.018,-0.004,-126.1,0,0.0000,0.00
16:31:46,22.26358615251664,84.90971689441542,-32.040,-11.026,6.03,0.018,-0.004,-126.1,0,0.0000,0.00
16:31:46,22.263586150660483,84.9097169040588,-32.039,-11.026,6.03,0.019,-0.004,-126.1,0,0.0015,0.00
16:31:46,22.26358614894367,84.90971691319305,-32.038,-11.026,6.03,0.019,-0.004,-126.1,0,0.0000,0.00
16:31:46,22.2635861472381,84.90971692226748,-32.037,-11.027,6.03,0.019,-0.004,-126.1,0,0.0000,0.00
16:31:46,22.263586145530237,84.90971693135413,-32.036,-11.027,6.03,0.019,-0.004,-126.1,0,0.0000,0.00
16:31:46,22.263586143827624,84.90971694041282,-32.035,-11.027,6.07,0.019,-0.004,-126.1,0,0.0000,0.00
16:31:46,22.263586142228966,84.9097169483972,-32.035,-11.027,6.07,0.018,-0.004,-126.1,0,0.0015,0.00
16:31:46,22.263586140534695,84.90971695731695,-32.034,-11.027,6.07,0.018,-0.004,-126.1,0,0.0000,0.00
16:31:46,22.263586138845714,84.90971696620885,-32.033,-11.027,6.07,0.018,-0.004,-126.1,0,0.0000,0.00
16:31:46,22.263586137161,84.9097169750783,-32.032,-11.028,6.07,0.018,-0.004,-126.1,0,0.0000,0.00
16:31:46,22.263586135466216,84.90971698400074,-32.031,-11.028,6.07,0.018,-0.004,-126.1,0,0.0000,0.00
16:31:46,22.263586134156746,84.9097169915123,-32.030,-11.028,6.07,0.018,-0.004,-126.0,0,0.0017,0.00
16:31:46,22.26358613253809,84.9097170001512,-32.029,-11.028,6.07,0.018,-0.004,-126.0,0,0.0000,0.00
16:31:46,22.263586130924587,84.90971700876264,-32.028,-11.028,6.12,0.018,-0.004,-126.0,0,0.0000,0.00
16:31:46,22.26358612930826,84.90971701738913,-32.027,-11.029,6.12,0.018,-0.004,-126.0,0,0.0000,0.00
16:31:46,22.263586127691664,84.90971702601706,-32.027,-11.029,6.12,0.018,-0.004,-126.0,0,0.0000,0.00
16:31:46,22.263586126078142,84.90971703462857,-32.026,-11.029,6.12,0.018,-0.004,-126.0,0,0.0000,0.00
16:31:47,22.26358612446732,84.90971704322568,-32.025,-11.029,6.17,0.018,-0.004,-126.0,0,0.0000,0.00
16:31:47,22.263586122851674,84.90971705184855,-32.024,-11.029,6.17,0.018,-0.004,-126.0,0,0.0000,0.00
16:31:47,22.263586121237594,84.90971706046304,-32.023,-11.029,6.17,0.018,-0.004,-126.0,0,0.0000,0.00
16:31:47,22.263586119619944,84.9097170690966,-32.022,-11.030,6.17,0.018,-0.004,-126.0,0,0.0000,0.00
16:31:47,22.26358611800824,84.9097170776984,-32.021,-11.030,6.17,0.018,-0.004,-126.0,0,0.0000,0.00
16:31:47,22.26358611666527,84.90971708363537,-32.021,-11.030,6.17,0.017,-0.003,-126.0,0,0.0015,0.00
16:31:47,22.263586115079946,84.90971709193127,-32.020,-11.030,6.17,0.017,-0.003,-126.0,0,0.0000,0.00
16:31:47,22.263586113501447,84.90971710019144,-32.019,-11.030,6.17,0.017,-0.003,-126.0,0,0.0000,0.00
16:31:47,22.263586111924162,84.90971710844528,-32.018,-11.030,6.21,0.017,-0.003,-126.0,0,0.0000,0.00
16:31:47,22.263586110343727,84.90971711671558,-32.017,-11.031,6.21,0.017,-0.003,-126.0,0,0.0000,0.00
16:31:47,22.263586107909752,84.90971712627722,-32.016,-11.031,6.21,0.017,-0.004,-126.0,0,0.0015,0.00
16:31:47,22.26358610618963,84.90971713478504,-32.015,-11.031,6.21,0.017,-0.004,-126.0,0,0.0000,0.00
16:31:47,22.263586104480122,84.90971714324036,-32.015,-11.031,6.21,0.017,-0.004,-126.0,0,0.0000,0.00
16:31:47,22.26358610277285,84.90971715168462,-32.014,-11.032,6.21,0.017,-0.004,-126.0,0,0.0000,0.00
16:31:47,22.26358610106012,84.90971716015589,-32.013,-11.032,6.21,0.017,-0.004,-126.0,0,0.0000,0.00
16:31:47,22.263586099347858,84.90971716862484,-32.012,-11.032,6.21,0.017,-0.004,-126.0,0,0.0000,0.00
16:31:47,22.26358609763088,84.9097171771171,-32.011,-11.032,6.21,0.017,-0.004,-126.0,0,0.0000,0.00
16:31:47,22.263586095922054,84.90971718556906,-32.010,-11.032,6.27,0.017,-0.004,-126.0,0,0.0000,0.00
16:31:47,22.263586094211398,84.90971719403008,-32.009,-11.032,6.27,0.017,-0.004,-126.0,0,0.0000,0.00
16:31:48,22.263586092497718,84.90971720250603,-32.008,-11.033,6.27,0.017,-0.004,-125.9,0,0.0000,0.00
16:31:48,22.26358609078774,84.90971721096368,-32.008,-11.033,6.27,0.017,-0.004,-125.9,0,0.0000,0.00
16:31:48,22.263586089080267,84.90971721940893,-32.007,-11.033,6.30,0.017,-0.004,-125.8,0,0.0000,0.00
16:31:48,22.26358608736682,84.90971722788373,-32.006,-11.033,6.30,0.017,-0.004,-125.8,0,0.0000,0.00
16:31:48,22.263586085651927,84.90971723636571,-32.005,-11.033,6.30,0.017,-0.004,-125.8,0,0.0000,0.00
16:31:48,22.26358608394029,84.90971724483157,-32.004,-11.034,6.30,0.017,-0.004,-125.8,0,0.0000,0.00
16:31:48,22.26358608255519,84.9097172579191,-32.003,-11.034,6.30,0.018,-0.004,-125.8,0,0.0205,0.00
16:31:48,22.263586080861735,84.90971726695504,-32.002,-11.034,6.30,0.018,-0.004,-125.8,0,0.0205,0.00
16:31:48,22.263586079180634,84.90971727592509,-32.001,-11.034,6.30,0.018,-0.004,-125.9,0,0.0205,0.00
16:31:48,22.26358607750366,84.9097172848731,-32.000,-11.034,6.30,0.018,-0.004,-125.9,0,0.0205,0.00
16:31:48,22.26358607582908,84.90971729380834,-31.999,-11.035,6.30,0.018,-0.004,-125.9,0,0.0205,0.00
16:31:48,22.263586074151966,84.9097173027571,-31.998,-11.035,6.34,0.018,-0.004,-125.9,0,0.0205,0.00
16:31:48,22.26358607247358,84.90971731171265,-31.997,-11.035,6.34,0.018,-0.004,-126.0,0,0.0000,0.00
16:31:48,22.26358607079111,84.90971732068998,-31.996,-11.035,6.34,0.018,-0.004,-126.0,0,0.0000,0.00
16:31:48,22.263586069116474,84.90971732962552,-31.995,-11.035,6.34,0.018,-0.004,-126.0,0,0.0000,0.00
16:31:48,22.263586067438748,84.90971733857755,-31.994,-11.035,6.41,0.018,-0.004,-126.0,0,0.0000,0.00
16:31:48,22.26358606575577,84.9097173475576,-31.993,-11.036,6.41,0.018,-0.004,-126.1,0,0.0000,0.00
16:31:48,22.263586064079632,84.90971735650116,-31.993,-11.036,6.41,0.018,-0.004,-126.1,0,0.0000,0.00
16:31:48,22.263586062398815,84.90971736546967,-31.992,-11.036,6.41,0.018,-0.004,-126.1,0,0.0000,0.00
16:31:48,22.263586060721,84.90971737442217,-31.991,-11.036,6.41,0.018,-0.004,-126.1,0,0.0000,0.00
16:31:49,22.26358605904004,84.90971738339145,-31.990,-11.036,6.41,0.018,-0.004,-126.1,0,0.0000,0.00
16:31:49,22.263586057361145,84.9097173923497,-31.989,-11.037,6.41,0.018,-0.004,-126.1,0,0.0000,0.00
16:31:49,22.263586055279994,84.90971740194178,-31.988,-11.037,6.41,0.018,-0.004,-126.2,0,0.0016,0.00
16:31:49,22.263586053557905,84.90971741099594,-31.987,-11.037,6.44,0.018,-0.004,-126.2,0,0.0000,0.00
16:31:49,22.263586051840075,84.9097174200277,-31.986,-11.037,6.44,0.018,-0.004,-126.2,0,0.0000,0.00
16:31:49,22.26358605012472,84.90971742904647,-31.985,-11.037,6.44,0.018,-0.004,-126.2,0,0.0000,0.00
16:31:49,22.263586048411163,84.90971743805576,-31.984,-11.038,6.44,0.018,-0.004,-126.2,0,0.0000,0.00
16:31:49,22.26358604703272,84.90971744708014,-31.983,-11.038,6.44,0.018,-0.004,-126.2,0,0.0016,0.00
16:31:49,22.26358604534857,84.909717456148,-31.982,-11.038,6.48,0.018,-0.004,-126.2,0,0.0000,0.00
16:31:49,22.2635860436738,84.90971746516534,-31.981,-11.038,6.48,0.018,-0.004,-126.2,0,0.0000,0.00
16:31:49,22.26358604200029,84.90971747417592,-31.980,-11.038,6.48,0.018,-0.004,-126.2,0,0.0000,0.00
16:31:49,22.263586040326274,84.90971748318921,-31.979,-11.038,6.48,0.018,-0.004,-126.1,0,0.0000,0.00
16:31:49,22.263586038605176,84.90971749296688,-31.978,-11.039,6.48,0.019,-0.004,-126.1,0,0.0016,0.00
16:31:49,22.263586036917147,84.90971750213482,-31.978,-11.039,6.48,0.019,-0.004,-126.1,0,0.0000,0.00
16:31:49,22.26358603523702,84.90971751125988,-31.977,-11.039,6.48,0.019,-0.004,-126.1,0,0.0000,0.00
16:31:49,22.2635860335538,84.9097175204017,-31.976,-11.039,6.48,0.019,-0.004,-126.0,0,0.0000,0.00
16:31:49,22.26358603187497,84.90971752951971,-31.975,-11.039,6.55,0.019,-0.004,-126.0,0,0.0000,0.00
16:31:49,22.26358603019112,84.90971753866494,-31.974,-11.040,6.55,0.019,-0.004,-126.0,0,0.0000,0.00
16:31:49,22.263586028513902,84.90971754777418,-31.973,-11.040,6.55,0.019,-0.004,-126.0,0,0.0000,0.00
16:31:50,22.263586026826733,84.90971755693747,-31.972,-11.040,6.55,0.019,-0.004,-126.0,0,0.0000,0.00
16:31:50,22.26358602514432,84.90971756607492,-31.971,-11.040,6.58,0.019,-0.004,-126.1,0,0.0000,0.00
16:31:50,22.26358602345963,84.90971757522473,-31.970,-11.040,6.58,0.019,-0.004,-126.1,0,0.0000,0.00
16:31:50,22.263586022011403,84.90971758273983,-31.969,-11.040,6.58,0.018,-0.004,-126.1,0,0.0015,0.00
16:31:50,22.26358602035177,84.90971759170564,-31.968,-11.041,6.58,0.018,-0.004,-126.1,0,0.0000,0.00
16:31:50,22.263586018699762,84.90971760063026,-31.967,-11.041,6.58,0.018,-0.004,-126.1,0,0.0000,0.00
16:31:50,22.263586017044112,84.90971760957456,-31.966,-11.041,6.58,0.018,-0.004,-126.1,0,0.0000,0.00
16:31:50,22.263586015395084,84.90971761848306,-31.966,-11.041,6.58,0.018,-0.004,-126.1,0,0.0000,0.00
16:31:50,22.263586013744124,84.909717627402,-31.965,-11.041,6.58,0.018,-0.004,-126.2,0,0.0000,0.00
16:31:50,22.263586012088005,84.90971763634883,-31.964,-11.042,6.58,0.018,-0.004,-126.2,0,0.0000,0.00
16:31:50,22.263586010431425,84.90971764529816,-31.963,-11.042,6.63,0.018,-0.004,-126.3,0,0.0000,0.00
16:31:50,22.26358600878183,84.90971765420973,-31.962,-11.042,6.63,0.018,-0.004,-126.3,0,0.0000,0.00
16:31:50,22.263586007135288,84.90971766310481,-31.961,-11.042,6.63,0.018,-0.004,-126.3,0,0.0000,0.00
16:31:50,22.263586005483756,84.90971767202684,-31.960,-11.042,6.63,0.018,-0.004,-126.3,0,0.0000,0.00
16:31:50,22.26358600382972,84.90971768096242,-31.959,-11.043,6.63,0.018,-0.004,-126.3,0,0.0000,0.00
16:31:50,22.2635860021748,84.90971768990275,-31.958,-11.043,6.63,0.018,-0.004,-126.3,0,0.0000,0.00
16:31:50,22.26358600052399,84.90971769882091,-31.957,-11.043,6.63,0.018,-0.004,-126.3,0,0.0000,0.00
16:31:50,22.26358599887196,84.90971770774564,-31.956,-11.043,6.63,0.018,-0.004,-126.2,0,0.0000,0.00
16:31:50,22.26358599722125,84.90971771666325,-31.955,-11.043,6.69,0.018,-0.004,-126.2,0,0.0000,0.00
16:31:50,22.263585996018023,84.90971772714784,-31.954,-11.043,6.69,0.019,-0.004,-126.2,0,0.0015,0.00
16:31:51,22.26358599440183,84.90971773626237,-31.953,-11.044,6.69,0.019,-0.004,-126.2,0,0.0000,0.00
16:31:51,22.263585992792034,84.90971774534083,-31.952,-11.044,6.69,0.019,-0.004,-126.1,0,0.0000,0.00
16:31:51,22.263585991168757,84.90971775449533,-31.952,-11.044,6.73,0.019,-0.004,-126.1,0,0.0000,0.00
16:31:51,22.263585989559903,84.90971776356848,-31.951,-11.044,6.73,0.019,-0.004,-126.1,0,0.0000,0.00
16:31:51,22.263585987709156,84.90971777226632,-31.950,-11.044,6.73,0.018,-0.004,-126.1,0,0.0019,0.00
16:31:51,22.263585986067458,84.90971778130663,-31.949,-11.044,6.73,0.018,-0.004,-126.1,0,0.0000,0.00
16:31:51,22.263585984425465,84.90971779034855,-31.948,-11.045,6.73,0.018,-0.004,-126.1,0,0.0000,0.00
16:31:51,22.263585982787532,84.90971779936811,-31.947,-11.045,6.73,0.018,-0.004,-126.1,0,0.0000,0.00
16:31:51,22.263585981151664,84.90971780837633,-31.946,-11.045,6.73,0.018,-0.004,-126.1,0,0.0000,0.00
16:31:51,22.26358597951807,84.90971781737198,-31.945,-11.045,6.73,0.018,-0.004,-126.1,0,0.0000,0.00
16:31:51,22.263585977876698,84.9097178264105,-31.944,-11.045,6.73,0.018,-0.004,-126.1,0,0.0000,0.00
16:31:51,22.263585976239757,84.9097178354246,-31.943,-11.046,6.77,0.018,-0.004,-126.0,0,0.0000,0.00
16:31:51,22.26358597460164,84.90971784444518,-31.942,-11.046,6.77,0.018,-0.004,-126.0,0,0.0000,0.00
16:31:51,22.26358597296616,84.90971785345127,-31.941,-11.046,6.77,0.018,-0.004,-126.0,0,0.0000,0.00
16:31:51,22.263585971324847,84.90971786248943,-31.940,-11.046,6.77,0.018,-0.004,-126.0,0,0.0000,0.00
16:31:51,22.26358597025839,84.90971787168388,-31.939,-11.046,6.84,0.018,-0.003,-126.0,0,0.0014,0.00
16:31:51,22.263585968679177,84.90971788078902,-31.939,-11.046,6.84,0.018,-0.003,-126.0,0,0.0000,0.00
16:31:51,22.263585967113325,84.90971788981712,-31.938,-11.047,6.84,0.018,-0.003,-126.0,0,0.0000,0.00
16:31:51,22.263585965540816,84.9097178988836,-31.937,-11.047,6.84,0.018,-0.003,-126.0,0,0.0000,0.00
16:31:51,22.263585963972403,84.90971790792645,-31.936,-11.047,6.84,0.018,-0.003,-126.1,0,0.0000,0.00
16:31:52,22.263585962561454,84.90971791706548,-31.935,-11.047,6.84,0.019,-0.003,-126.1,0,0.0015,0.00
16:31:52,22.263585961011398,84.90971792615122,-31.934,-11.047,6.84,0.019,-0.003,-126.1,0,0.0000,0.00
16:31:52,22.263585959468436,84.90971793519537,-31.933,-11.047,6.84,0.019,-0.003,-126.1,0,0.0000,0.00
16:31:52,22.26358595792358,84.90971794425062,-31.932,-11.048,6.87,0.019,-0.003,-126.1,0,0.0000,0.00
16:31:52,22.26358595638228,84.90971795328505,-31.931,-11.048,6.87,0.019,-0.003,-126.1,0,0.0000,0.00
16:31:52,22.263585954872976,84.90971796256186,-31.930,-11.048,6.87,0.019,-0.003,-126.1,0,0.0015,0.00
16:31:52,22.263585953331415,84.90971797167198,-31.929,-11.048,6.87,0.019,-0.003,-126.1,0,0.0000,0.00
16:31:52,22.263585951781852,84.90971798082936,-31.928,-11.048,6.87,0.019,-0.003,-126.1,0,0.0000,0.00
16:31:52,22.26358595024889,84.90971798988866,-31.927,-11.048,6.87,0.019,-0.003,-126.1,0,0.0000,0.00
16:31:52,22.26358594871136,84.90971799897493,-31.926,-11.049,6.87,0.019,-0.003,-126.1,0,0.0000,0.00
16:31:52,22.26358594562375,84.90971801722168,-31.924,-11.049,6.87,0.019,-0.003,-126.1,0,0.0000,0.00
16:31:52,22.26358594408695,84.90971802630364,-31.924,-11.049,6.91,0.019,-0.003,-126.1,0,0.0000,0.00
16:31:52,22.263585942549227,84.90971803539107,-31.923,-11.049,6.91,0.019,-0.003,-126.0,0,0.0000,0.00
16:31:52,22.26358594101139,84.90971804447918,-31.922,-11.050,6.91,0.019,-0.003,-126.0,0,0.0000,0.00
16:31:52,22.263585939465596,84.90971805361428,-31.921,-11.050,6.91,0.019,-0.003,-126.0,0,0.0000,0.00
16:31:52,22.263585937928653,84.90971806269711,-31.920,-11.050,6.96,0.019,-0.003,-126.0,0,0.0000,0.00
16:31:52,22.26358593637525,84.9097180718772,-31.919,-11.050,6.96,0.019,-0.003,-126.0,0,0.0000,0.00
16:31:52,22.26358593483695,84.90971808096802,-31.918,-11.050,6.96,0.019,-0.003,-126.0,0,0.0000,0.00
16:31:52,22.263585933301986,84.90971809003915,-31.917,-11.050,6.96,0.019,-0.003,-126.0,0,0.0000,0.00
16:31:53,22.26358593176384,84.90971809912907,-31.916,-11.051,6.96,0.019,-0.003,-126.0,0,0.0000,0.00
16:31:53,22.263585930227595,84.90971810820776,-31.915,-11.051,6.96,0.019,-0.003,-126.0,0,0.0000,0.00
16:31:53,22.263585928685302,84.90971811732219,-31.914,-11.051,6.96,0.019,-0.003,-126.0,0,0.0000,0.00
16:31:53,22.263585927149,84.90971812640123,-31.913,-11.051,6.96,0.019,-0.003,-126.0,0,0.0000,0.00
16:31:53,22.26358592561585,84.90971813546162,-31.912,-11.051,7.02,0.019,-0.003,-126.1,0,0.0000,0.00
16:31:53,22.263585924077276,84.90971814455406,-31.911,-11.051,7.02,0.019,-0.003,-126.1,0,0.0000,0.00
16:31:53,22.263585920723994,84.90971815456426,-31.910,-11.052,7.02,0.019,-0.004,-126.1,0,0.0015,0.00
16:31:53,22.263585919031687,84.9097181637577,-31.909,-11.052,7.02,0.019,-0.004,-126.1,0,0.0000,0.00
16:31:53,22.263585917344663,84.90971817292242,-31.908,-11.052,7.02,0.019,-0.004,-126.1,0,0.0000,0.00
16:31:53,22.263585915659366,84.9097181820778,-31.907,-11.052,7.05,0.019,-0.004,-126.1,0,0.0000,0.00
16:31:53,22.26358591397131,84.90971819124816,-31.907,-11.053,7.05,0.019,-0.004,-126.0,0,0.0000,0.00
16:31:53,22.263585912144823,84.90971820042216,-31.906,-11.053,7.05,0.019,-0.004,-126.0,0,0.0016,0.00
16:31:53,22.263585910434987,84.90971820962643,-31.905,-11.053,7.05,0.019,-0.004,-126.1,0,0.0000,0.00
16:31:53,22.263585908726935,84.90971821882108,-31.904,-11.053,7.05,0.019,-0.004,-126.1,0,0.0000,0.00
16:31:53,22.263585907023327,84.90971822799183,-31.903,-11.053,7.05,0.019,-0.004,-126.1,0,0.0000,0.00
16:31:53,22.26358590532048,84.90971823715846,-31.902,-11.053,7.05,0.019,-0.004,-126.1,0,0.0000,0.00
16:31:53,22.263585903781784,84.9097182456551,-31.901,-11.054,7.05,0.019,-0.004,-126.1,0,0.0014,0.00
16:31:53,22.263585902098992,84.90971825474578,-31.900,-11.054,7.11,0.019,-0.004,-126.1,0,0.0000,0.00
16:31:53,22.26358590041984,84.90971826381679,-31.899,-11.054,7.11,0.019,-0.004,-126.1,0,0.0000,0.00
16:31:53,22.263585898741557,84.90971827288313,-31.898,-11.054,7.11,0.019,-0.004,-126.1,0,0.0000,0.00
16:31:54,22.263585897058753,84.90971828197385,-31.897,-11.054,7.11,0.019,-0.004,-126.1,0,0.0000,0.00
16:31:54,22.263585895726372,84.90971829137857,-31.896,-11.055,7.15,0.019,-0.004,-126.1,0,0.0015,0.00
16:31:54,22.263585894098295,84.90971830056097,-31.895,-11.055,7.15,0.019,-0.004,-126.1,0,0.0000,0.00
16:31:54,22.26358589247951,84.90971830969097,-31.894,-11.055,7.15,0.019,-0.004,-126.0,0,0.0000,0.00
16:31:54,22.26358589086048,84.90971831882234,-31.893,-11.055,7.15,0.019,-0.004,-126.0,0,0.0000,0.00
16:31:54,22.263585889247043,84.90971832792219,-31.892,-11.055,7.15,0.019,-0.004,-126.0,0,0.0000,0.00
16:31:54,22.263585887629038,84.90971833704779,-31.892,-11.055,7.15,0.019,-0.004,-126.0,0,0.0000,0.00
16:31:54,22.263585886011516,84.90971834617066,-31.891,-11.056,7.15,0.019,-0.004,-126.0,0,0.0000,0.00
16:31:54,22.263585884393507,84.90971835529629,-31.890,-11.056,7.15,0.019,-0.004,-126.0,0,0.0000,0.00
16:31:54,22.26358588277446,84.90971836442776,-31.889,-11.056,7.15,0.019,-0.004,-126.0,0,0.0000,0.00
16:31:54,22.263585881157447,84.90971837354779,-31.888,-11.056,7.19,0.019,-0.004,-126.0,0,0.0000,0.00
16:31:54,22.26358587953577,84.90971838269407,-31.887,-11.056,7.19,0.019,-0.004,-126.0,0,0.0000,0.00
16:31:54,22.263585877112625,84.90971839253025,-31.886,-11.057,7.19,0.019,-0.004,-126.0,0,0.0015,0.00
16:31:54,22.263585875384663,84.90971840177009,-31.885,-11.057,7.19,0.019,-0.004,-126.0,0,0.0000,0.00
16:31:54,22.263585873661707,84.90971841098319,-31.884,-11.057,7.19,0.019,-0.004,-126.1,0,0.0000,0.00
16:31:54,22.26358587193693,84.90971842020602,-31.883,-11.057,7.19,0.019,-0.004,-126.1,0,0.0000,0.00
16:31:54,22.263585870212584,84.90971842942653,-31.882,-11.057,7.19,0.019,-0.004,-126.1,0,0.0000,0.00
16:31:54,22.263585868227707,84.90971843929339,-31.881,-11.058,7.19,0.019,-0.004,-126.1,0,0.0016,0.00
16:31:54,22.263585866460513,84.90971844862817,-31.880,-11.058,7.25,0.019,-0.004,-126.1,0,0.0000,0.00
16:31:54,22.26358586469476,84.90971845795534,-31.879,-11.058,7.25,0.019,-0.004,-126.1,0,0.0000,0.00
16:31:55,22.26358586293534,84.90971846724905,-31.878,-11.058,7.25,0.019,-0.004,-126.1,0,0.0000,0.00
16:31:55,22.26358586117348,84.90971847655565,-31.877,-11.058,7.25,0.019,-0.004,-126.1,0,0.0000,0.00
16:31:55,22.263585859410693,84.90971848586716,-31.876,-11.059,7.29,0.019,-0.004,-126.1,0,0.0000,0.00
16:31:55,22.263585857647985,84.90971849517821,-31.875,-11.059,7.29,0.019,-0.004,-126.1,0,0.0000,0.00
16:31:55,22.263585855881,84.90971850451189,-31.874,-11.059,7.29,0.019,-0.004,-126.0,0,0.0000,0.00
16:31:55,22.26358585411646,84.90971851383266,-31.873,-11.059,7.29,0.019,-0.004,-126.0,0,0.0000,0.00
16:31:55,22.263585852354506,84.90971852313974,-31.872,-11.059,7.29,0.019,-0.004,-126.0,0,0.0000,0.00
16:31:55,22.26358585059036,84.90971853245843,-31.871,-11.060,7.29,0.019,-0.004,-126.0,0,0.0000,0.00
16:31:55,22.26358584882768,84.90971854176935,-31.870,-11.060,7.29,0.019,-0.004,-126.0,0,0.0000,0.00
16:31:55,22.26358584706192,84.90971855109655,-31.869,-11.060,7.29,0.019,-0.004,-126.0,0,0.0000,0.00
16:31:55,22.263585845298206,84.90971856041294,-31.869,-11.060,7.29,0.019,-0.004,-126.0,0,0.0000,0.00
16:31:55,22.263585843535637,84.9097185697233,-31.868,-11.060,7.34,0.019,-0.004,-126.0,0,0.0000,0.00
16:31:55,22.263585841773917,84.90971857902915,-31.867,-11.061,7.34,0.019,-0.004,-126.0,0,0.0000,0.00
16:31:55,22.263585839499047,84.90971858819805,-31.866,-11.061,7.34,0.019,-0.004,-126.0,0,0.0016,0.00
16:31:55,22.263585837680573,84.90971859751828,-31.865,-11.061,7.34,0.019,-0.004,-125.9,0,0.0000,0.00
16:31:55,22.263585835860173,84.90971860684837,-31.864,-11.061,7.38,0.019,-0.004,-125.9,0,0.0000,0.00
16:31:55,22.2635858340409,84.9097186161727,-31.863,-11.061,7.38,0.019,-0.004,-125.9,0,0.0000,0.00
16:31:55,22.26358583221958,84.90971862550751,-31.862,-11.062,7.38,0.019,-0.004,-125.9,0,0.0000,0.00
16:31:55,22.263585830986052,84.90971863370885,-31.861,-11.062,7.38,0.019,-0.004,-125.9,0,0.0015,0.00
16:31:55,22.26358582924015,84.90971864289955,-31.860,-11.062,7.38,0.019,-0.004,-125.9,0,0.0000,0.00
16:31:56,22.26358582750096,84.90971865205493,-31.859,-11.062,7.38,0.019,-0.004,-125.9,0,0.0000,0.00
16:31:56,22.26358582576228,84.90971866120762,-31.858,-11.062,7.38,0.019,-0.004,-125.9,0,0.0000,0.00
16:31:56,22.263585824020268,84.90971867037787,-31.857,-11.063,7.38,0.019,-0.004,-126.0,0,0.0000,0.00
16:31:56,22.263585822371322,84.90971868029558,-31.856,-11.063,7.38,0.019,-0.004,-126.0,0,0.0015,0.00
16:31:56,22.263585820640547,84.90971868960591,-31.855,-11.063,7.43,0.019,-0.004,-126.0,0,0.0000,0.00
16:31:56,22.26358581891457,84.90971869889043,-31.854,-11.063,7.43,0.019,-0.004,-126.0,0,0.0000,0.00
16:31:56,22.263585817187703,84.90971870817972,-31.853,-11.063,7.43,0.019,-0.004,-125.9,0,0.0000,0.00
16:31:56,22.263585815464936,84.909718717447,-31.852,-11.063,7.43,0.019,-0.004,-125.9,0,0.0000,0.00
16:31:56,22.26358581405828,84.90971872677143,-31.851,-11.064,7.47,0.019,-0.004,-125.9,0,0.0025,0.00
16:31:56,22.263585812385784,84.90971873608581,-31.850,-11.064,7.47,0.019,-0.004,-125.9,0,0.0000,0.00
16:31:56,22.26358581071876,84.90971874536972,-31.849,-11.064,7.47,0.019,-0.004,-125.9,0,0.0000,0.00
16:31:56,22.263585809043647,84.90971875469867,-31.848,-11.064,7.47,0.019,-0.004,-125.9,0,0.0000,0.00
16:31:56,22.263585807374334,84.9097187639953,-31.848,-11.064,7.47,0.019,-0.004,-125.9,0,0.0000,0.00
16:31:56,22.26358580570902,84.90971877326969,-31.847,-11.065,7.47,0.019,-0.004,-126.0,0,0.0000,0.00
16:31:56,22.263585804041853,84.90971878255438,-31.846,-11.065,7.47,0.019,-0.004,-126.0,0,0.0000,0.00
16:31:56,22.263585802373687,84.90971879184465,-31.845,-11.065,7.47,0.019,-0.004,-126.0,0,0.0000,0.00
16:31:56,22.263585800704373,84.9097188011413,-31.844,-11.065,7.52,0.019,-0.004,-126.0,0,0.0000,0.00
16:31:56,22.263585799034228,84.90971881044258,-31.843,-11.065,7.52,0.019,-0.004,-126.0,0,0.0000,0.00
16:31:56,22.263585797364403,84.90971881974208,-31.842,-11.066,7.52,0.019,-0.004,-126.0,0,0.0000,0.00
16:31:56,22.263585795694034,84.9097188290446,-31.841,-11.066,7.52,0.019,-0.004,-125.9,0,0.0000,0.00
16:31:57,22.263585794019782,84.90971883836878,-31.840,-11.066,7.52,0.019,-0.004,-125.9,0,0.0000,0.00
16:31:57,22.263585792350998,84.90971884766248,-31.839,-11.066,7.52,0.019,-0.004,-125.9,0,0.0000,0.00
16:31:57,22.263585790681326,84.90971885696113,-31.838,-11.066,7.52,0.019,-0.004,-125.9,0,0.0000,0.00
16:31:57,22.263585789015483,84.90971886623845,-31.837,-11.066,7.52,0.019,-0.004,-125.9,0,0.0000,0.00
16:31:57,22.26358578583616,84.90971887548532,-31.836,-11.067,7.52,0.019,-0.004,-125.9,0,0.0023,0.00
16:31:57,22.263585784012257,84.90971888477881,-31.835,-11.067,7.57,0.019,-0.004,-125.9,0,0.0000,0.00
16:31:57,22.263585782182435,84.90971889410244,-31.834,-11.067,7.57,0.019,-0.004,-126.0,0,0.0000,0.00
16:31:57,22.26358578036087,84.90971890338399,-31.833,-11.067,7.57,0.019,-0.004,-126.0,0,0.0000,0.00
16:31:57,22.263585778541398,84.90971891265488,-31.832,-11.068,7.57,0.019,-0.004,-126.0,0,0.0000,0.00
16:31:57,22.26358577729576,84.90971892150515,-31.831,-11.068,7.61,0.019,-0.004,-126.0,0,0.0016,0.00
16:31:57,22.26358577553864,84.90971893078574,-31.830,-11.068,7.61,0.019,-0.004,-126.0,0,0.0000,0.00
16:31:57,22.263585773790577,84.90971894001846,-31.829,-11.068,7.61,0.019,-0.004,-126.1,0,0.0000,0.00
16:31:57,22.26358577204581,84.90971894923379,-31.828,-11.068,7.61,0.019,-0.004,-126.1,0,0.0000,0.00
16:31:57,22.263585770300658,84.90971895845117,-31.827,-11.069,7.61,0.019,-0.004,-126.1,0,0.0000,0.00
16:31:57,22.2635857685984,84.909718968278,-31.826,-11.069,7.61,0.019,-0.004,-126.0,0,0.0015,0.00
16:31:57,22.263585766851982,84.9097189776375,-31.826,-11.069,7.61,0.019,-0.004,-126.0,0,0.0000,0.00
16:31:57,22.263585765108864,84.90971898697929,-31.825,-11.069,7.61,0.019,-0.004,-126.0,0,0.0000,0.00
16:31:57,22.26358576337555,84.90971899626854,-31.824,-11.069,7.67,0.019,-0.004,-125.9,0,0.0000,0.00
16:31:57,22.263585761634175,84.90971900560098,-31.823,-11.069,7.67,0.019,-0.004,-125.9,0,0.0000,0.00
16:31:58,22.263585759897794,84.90971901490666,-31.822,-11.070,7.67,0.019,-0.004,-125.9,0,0.0000,0.00
16:31:58,22.263585758160573,84.90971902421686,-31.821,-11.070,7.67,0.019,-0.004,-125.9,0,0.0000,0.00
16:31:58,22.26358575642449,84.90971903352096,-31.820,-11.070,7.71,0.019,-0.004,-125.9,0,0.0000,0.00
16:31:58,22.263585754677262,84.90971904288476,-31.819,-11.070,7.71,0.019,-0.004,-125.9,0,0.0000,0.00
16:31:58,22.263585752941125,84.90971905218913,-31.818,-11.070,7.71,0.019,-0.004,-125.9,0,0.0000,0.00
16:31:58,22.2635857512044,84.90971906149667,-31.817,-11.071,7.71,0.019,-0.004,-125.9,0,0.0000,0.00
16:31:58,22.263585749468987,84.90971907079717,-31.816,-11.071,7.71,0.019,-0.004,-125.9,0,0.0000,0.00
16:31:58,22.26358574772764,84.90971908012948,-31.815,-11.071,7.71,0.019,-0.004,-125.9,0,0.0000,0.00
16:31:58,22.263585745989694,84.90971908944354,-31.814,-11.071,7.71,0.019,-0.004,-126.0,0,0.0000,0.00
16:31:58,22.263585744246786,84.90971909878422,-31.813,-11.071,7.71,0.019,-0.004,-126.0,0,0.0000,0.00
16:31:58,22.26358574250797,84.90971910810295,-31.812,-11.072,7.71,0.019,-0.004,-126.0,0,0.0000,0.00
16:31:58,22.26358573945292,84.90971911559264,-31.811,-11.072,7.74,0.019,-0.004,-126.0,0,0.0233,0.00
16:31:58,22.263585737569255,84.90971912478496,-31.810,-11.072,7.74,0.019,-0.004,-126.0,0,0.0233,0.00
16:31:58,22.263585735699102,84.90971913391134,-31.809,-11.072,7.74,0.019,-0.004,-126.0,0,0.0233,0.00
16:31:58,22.26358573382852,84.90971914303984,-31.808,-11.073,7.74,0.019,-0.004,-126.0,0,0.0233,0.00
16:31:58,22.26358573195627,84.90971915217645,-31.808,-11.073,7.74,0.019,-0.004,-126.0,0,0.0233,0.00
16:31:58,22.263585731362937,84.90971915942521,-31.807,-11.073,7.74,0.018,-0.004,-126.0,0,0.0015,0.00
16:31:58,22.26358572963998,84.90971916838032,-31.806,-11.073,7.74,0.018,-0.004,-126.0,0,0.0000,0.00
16:31:58,22.263585727932874,84.9097191772531,-31.805,-11.073,7.74,0.018,-0.004,-126.0,0,0.0000,0.00
16:31:58,22.263585726224722,84.90971918613128,-31.804,-11.073,7.79,0.018,-0.004,-126.0,0,0.0000,0.00
16:31:59,22.26358572451606,84.90971919501213,-31.803,-11.074,7.79,0.018,-0.004,-126.0,0,0.0000,0.00
16:31:59,22.263585723839405,84.9097192046273,-31.802,-11.074,7.79,0.018,-0.003,-126.0,0,0.0014,0.00
16:31:59,22.263585722288298,84.90971921365018,-31.801,-11.074,7.79,0.018,-0.003,-126.0,0,0.0000,0.00
16:31:59,22.263585720740807,84.90971922265206,-31.800,-11.074,7.84,0.018,-0.003,-126.0,0,0.0000,0.00
16:31:59,22.263585719193202,84.90971923165458,-31.799,-11.074,7.84,0.018,-0.003,-126.0,0,0.0000,0.00
16:31:59,22.263585717644858,84.9097192406614,-31.798,-11.074,7.84,0.018,-0.003,-126.0,0,0.0000,0.00
16:31:59,22.263585716100813,84.90971924964322,-31.797,-11.075,7.84,0.018,-0.003,-126.0,0,0.0000,0.00
16:31:59,22.2635857145542,84.90971925863998,-31.797,-11.075,7.84,0.018,-0.003,-125.9,0,0.0000,0.00
16:31:59,22.26358571300741,84.90971926763777,-31.796,-11.075,7.84,0.018,-0.003,-125.9,0,0.0000,0.00
16:31:59,22.263585711461293,84.90971927663163,-31.795,-11.075,7.84,0.018,-0.003,-125.9,0,0.0000,0.00
16:31:59,22.26358570991812,84.90971928560838,-31.794,-11.075,7.84,0.018,-0.003,-125.8,0,0.0000,0.00
16:31:59,22.263585708371032,84.90971929460791,-31.793,-11.075,7.84,0.018,-0.003,-125.8,0,0.0000,0.00
16:31:59,22.263585706825115,84.90971930360062,-31.792,-11.076,7.88,0.018,-0.003,-125.8,0,0.0000,0.00
16:31:59,22.26358570527775,84.90971931260174,-31.791,-11.076,7.88,0.018,-0.003,-125.8,0,0.0000,0.00
16:31:59,22.263585703732623,84.90971932158986,-31.790,-11.076,7.88,0.018,-0.003,-125.8,0,0.0000,0.00
16:31:59,22.26358570218674,84.90971933058236,-31.789,-11.076,7.88,0.018,-0.003,-125.9,0,0.0000,0.00
16:31:59,22.263585700641887,84.9097193395689,-31.788,-11.076,7.93,0.018,-0.003,-125.9,0,0.0000,0.00
16:31:59,22.263585697434042,84.9097193500725,-31.787,-11.077,7.93,0.019,-0.004,-125.9,0,0.0015,0.00
16:31:59,22.263585695715058,84.90971935924804,-31.786,-11.077,7.93,0.019,-0.004,-126.0,0,0.0000,0.00
16:31:59,22.263585694002312,84.9097193683903,-31.785,-11.077,7.93,0.019,-0.004,-126.1,0,0.0000,0.00
16:32:00,22.2635856922892,84.90971937753451,-31.784,-11.077,7.93,0.019,-0.004,-126.1,0,0.0000,0.00
16:32:00,22.263585690567485,84.90971938672465,-31.783,-11.077,7.93,0.019,-0.004,-126.1,0,0.0000,0.00
16:32:00,22.2635856864575,84.90971940678745,-31.781,-11.078,7.93,0.019,-0.004,-126.1,0,0.0000,0.00
16:32:00,22.263585684667454,84.90971941612797,-31.780,-11.078,7.98,0.019,-0.004,-126.1,0,0.0000,0.00
16:32:00,22.26358568287825,84.90971942546412,-31.779,-11.078,7.98,0.019,-0.004,-126.1,0,0.0000,0.00
16:32:00,22.263585681089307,84.90971943479889,-31.778,-11.078,7.98,0.019,-0.004,-126.1,0,0.0000,0.00
16:32:00,22.263585679298465,84.90971944414358,-31.777,-11.079,7.98,0.019,-0.004,-126.1,0,0.0000,0.00
16:32:00,22.263585677510168,84.90971945347498,-31.776,-11.079,7.98,0.019,-0.004,-126.1,0,0.0000,0.00
16:32:00,22.263585675711816,84.90971946285886,-31.776,-11.079,8.01,0.019,-0.004,-126.1,0,0.0000,0.00
16:32:00,22.26358567391042,84.9097194722586,-31.775,-11.079,8.01,0.019,-0.004,-126.1,0,0.0000,0.00
16:32:00,22.26358567211852,84.90971948160882,-31.774,-11.079,8.01,0.019,-0.004,-126.1,0,0.0000,0.00
16:32:00,22.26358567033078,84.9097194909373,-31.773,-11.080,8.01,0.019,-0.004,-126.1,0,0.0000,0.00
16:32:00,22.263585668543108,84.90971950026545,-31.772,-11.080,8.01,0.019,-0.004,-126.1,0,0.0000,0.00
16:32:00,22.263585666750792,84.90971950961783,-31.771,-11.080,8.01,0.019,-0.004,-126.1,0,0.0000,0.00
16:32:00,22.263585664960495,84.90971951895968,-31.770,-11.080,8.01,0.019,-0.004,-126.0,0,0.0000,0.00
16:32:00,22.26358566317273,84.9097195282883,-31.769,-11.080,8.01,0.019,-0.004,-126.0,0,0.0000,0.00
16:32:00,22.263585661759823,84.90971953825033,-31.768,-11.081,8.05,0.019,-0.004,-126.0,0,0.0014,0.00
16:32:00,22.263585660005482,84.90971954766938,-31.767,-11.081,8.05,0.019,-0.004,-126.0,0,0.0000,0.00
16:32:00,22.263585658254968,84.9097195570679,-31.766,-11.081,8.05,0.019,-0.004,-126.0,0,0.0000,0.00
16:32:01,22.263585656504617,84.90971956646554,-31.765,-11.081,8.05,0.019,-0.004,-126.0,0,0.0000,0.00
16:32:01,22.263585654746834,84.90971957590307,-31.764,-11.081,8.05,0.019,-0.004,-126.0,0,0.0000,0.00
16:32:01,22.263585652987533,84.90971958534875,-31.763,-11.082,8.05,0.019,-0.004,-126.0,0,0.0000,0.00
16:32:01,22.263585651234585,84.90971959476033,-31.762,-11.082,8.05,0.019,-0.004,-126.1,0,0.0000,0.00
16:32:01,22.263585649470727,84.9097196042305,-31.761,-11.082,8.05,0.019,-0.004,-126.1,0,0.0000,0.00
16:32:01,22.26358564771772,84.90971961364238,-31.760,-11.082,8.11,0.019,-0.004,-126.1,0,0.0000,0.00
16:32:01,22.263585645965783,84.90971962304852,-31.759,-11.082,8.11,0.019,-0.004,-126.1,0,0.0000,0.00
16:32:01,22.263585644212373,84.90971963246258,-31.758,-11.083,8.11,0.019,-0.004,-126.1,0,0.0000,0.00
16:32:01,22.263585642850398,84.90971964019225,-31.757,-11.083,8.11,0.019,-0.004,-126.1,0,0.0015,0.00
16:32:01,22.263585641137695,84.9097196494333,-31.756,-11.083,8.11,0.019,-0.004,-126.1,0,0.0000,0.00
16:32:01,22.26358563942825,84.90971965865674,-31.755,-11.083,8.16,0.019,-0.004,-126.1,0,0.0000,0.00
16:32:01,22.263585637586623,84.90971966859343,-31.754,-11.083,8.16,0.019,-0.004,-126.1,0,0.0000,0.00
16:32:01,22.26358563587539,84.90971967782652,-31.753,-11.083,8.16,0.019,-0.004,-126.1,0,0.0000,0.00
16:32:01,22.263585634159785,84.90971968708324,-31.752,-11.084,8.16,0.019,-0.004,-126.1,0,0.0000,0.00
16:32:01,22.263585632450155,84.90971969630769,-31.751,-11.084,8.16,0.019,-0.004,-126.1,0,0.0000,0.00
16:32:01,22.26358563073454,84.90971970556444,-31.751,-11.084,8.16,0.019,-0.004,-126.1,0,0.0000,0.00
16:32:01,22.263585629025997,84.90971971478305,-31.750,-11.084,8.16,0.019,-0.004,-126.1,0,0.0000,0.00
16:32:01,22.263585627311635,84.90971972403304,-31.749,-11.084,8.16,0.019,-0.004,-126.1,0,0.0000,0.00
16:32:01,22.26358562600024,84.90971973188444,-31.748,-11.085,8.20,0.019,-0.004,-126.1,0,0.0014,0.00
16:32:01,22.263585624326584,84.90971974100601,-31.747,-11.085,8.20,0.019,-0.004,-126.1,0,0.0000,0.00
16:32:02,22.26358562266333,84.90971975007089,-31.746,-11.085,8.20,0.019,-0.004,-126.1,0,0.0000,0.00
16:32:02,22.26358562099686,84.9097197591533,-31.745,-11.085,8.20,0.019,-0.004,-126.1,0,0.0000,0.00
16:32:02,22.263585619335704,84.90971976820677,-31.744,-11.085,8.26,0.019,-0.004,-126.1,0,0.0000,0.00
16:32:02,22.26358561713892,84.90971977751246,-31.743,-11.086,8.26,0.019,-0.004,-126.1,0,0.0014,0.00
16:32:02,22.263585615389527,84.90971978665875,-31.742,-11.086,8.26,0.019,-0.004,-126.1,0,0.0000,0.00
16:32:02,22.26358561364679,84.90971979577026,-31.741,-11.086,8.26,0.019,-0.004,-126.1,0,0.0000,0.00
16:32:02,22.263585611905484,84.90971980487427,-31.740,-11.086,8.26,0.019,-0.004,-126.1,0,0.0000,0.00
16:32:02,22.263585610159787,84.90971981400122,-31.739,-11.086,8.26,0.019,-0.004,-126.1,0,0.0000,0.00
16:32:02,22.263585608378428,84.90971982187585,-31.739,-11.087,8.26,0.018,-0.004,-126.1,0,0.0015,0.00
16:32:02,22.26358560662085,84.9097198308181,-31.738,-11.087,8.26,0.018,-0.004,-126.1,0,0.0000,0.00
16:32:02,22.263585604873523,84.90971983970819,-31.737,-11.087,8.26,0.018,-0.004,-126.0,0,0.0000,0.00
16:32:02,22.263585603123357,84.90971984861271,-31.736,-11.087,8.29,0.018,-0.004,-126.0,0,0.0000,0.00
16:32:02,22.263585601369204,84.90971985753754,-31.735,-11.087,8.29,0.018,-0.004,-126.0,0,0.0000,0.00
16:32:02,22.263585599432485,84.90971986637142,-31.734,-11.088,8.29,0.018,-0.004,-126.0,0,0.0016,0.00
16:32:02,22.26358559764436,84.90971987527999,-31.733,-11.088,8.29,0.018,-0.004,-126.1,0,0.0000,0.00
16:32:02,22.263585595863532,84.90971988415221,-31.732,-11.088,8.29,0.018,-0.004,-126.1,0,0.0000,0.00
16:32:02,22.263585594078762,84.90971989304406,-31.731,-11.088,8.29,0.018,-0.004,-126.1,0,0.0000,0.00
16:32:02,22.26358559229661,84.90971990192288,-31.730,-11.088,8.29,0.018,-0.004,-126.1,0,0.0000,0.00
16:32:02,22.263585590518023,84.90971991078393,-31.729,-11.089,8.29,0.018,-0.004,-126.2,0,0.0000,0.00
16:32:03,22.26358558873478,84.90971991966818,-31.728,-11.089,8.33,0.018,-0.004,-126.2,0,0.0000,0.00
16:32:03,22.263585586947507,84.9097199285725,-31.728,-11.089,8.33,0.018,-0.004,-126.2,0,0.0000,0.00
16:32:03,22.26358558516451,84.90971993745552,-31.727,-11.089,8.33,0.018,-0.004,-126.2,0,0.0000,0.00
16:32:03,22.263585583385638,84.90971994631799,-31.726,-11.089,8.33,0.018,-0.004,-126.1,0,0.0000,0.00
16:32:03,22.263585581605565,84.90971995518645,-31.725,-11.090,8.38,0.018,-0.004,-126.0,0,0.0000,0.00
16:32:03,22.263585579822468,84.90971996406996,-31.724,-11.090,8.38,0.018,-0.004,-126.0,0,0.0000,0.00
16:32:03,22.263585578040296,84.90971997294888,-31.723,-11.090,8.38,0.018,-0.004,-126.0,0,0.0000,0.00
16:32:03,22.26358557625601,84.90971998183832,-31.722,-11.090,8.38,0.018,-0.004,-125.9,0,0.0000,0.00
16:32:03,22.26358557446966,84.90971999073807,-31.721,-11.090,8.38,0.018,-0.004,-125.8,0,0.0000,0.00
16:32:03,22.263585572686416,84.90971999962231,-31.720,-11.091,8.38,0.018,-0.004,-125.8,0,0.0000,0.00
16:32:03,22.26358557124367,84.9097200092939,-31.719,-11.091,8.38,0.018,-0.004,-125.8,0,0.0025,0.00
16:32:03,22.2635855694899,84.9097200182865,-31.718,-11.091,8.38,0.018,-0.004,-125.8,0,0.0000,0.00
16:32:03,22.26358556774488,84.90972002723429,-31.717,-11.091,8.38,0.018,-0.004,-125.8,0,0.0000,0.00
16:32:03,22.263585565998696,84.90972003618798,-31.716,-11.091,8.43,0.018,-0.004,-125.8,0,0.0000,0.00
16:32:03,22.263585564250576,84.90972004515164,-31.716,-11.091,8.43,0.018,-0.004,-125.9,0,0.0000,0.00
16:32:03,22.263585562505792,84.90972005409819,-31.715,-11.092,8.43,0.018,-0.004,-125.9,0,0.0000,0.00
16:32:03,22.263585560754155,84.90972006307986,-31.714,-11.092,8.43,0.018,-0.004,-126.0,0,0.0000,0.00
16:32:03,22.263585559002106,84.90972007206365,-31.713,-11.092,8.46,0.018,-0.004,-126.0,0,0.0000,0.00
16:32:03,22.263585557257453,84.90972008100951,-31.712,-11.092,8.46,0.018,-0.004,-126.0,0,0.0000,0.00
16:32:03,22.263585555510705,84.90972008996613,-31.711,-11.092,8.46,0.018,-0.004,-126.0,0,0.0000,0.00
16:32:04,22.263585554208735,84.90972009866694,-31.710,-11.093,8.46,0.018,-0.004,-125.9,0,0.0022,0.00
16:32:04,22.26358555250635,84.90972010762516,-31.709,-11.093,8.46,0.018,-0.004,-125.9,0,0.0000,0.00
16:32:04,22.263585550810596,84.9097201165485,-31.708,-11.093,8.46,0.018,-0.004,-125.9,0,0.0000,0.00
16:32:04,22.263585549110076,84.90972012549692,-31.707,-11.093,8.46,0.018,-0.004,-125.9,0,0.0000,0.00
16:32:04,22.263585547412088,84.909720134432,-31.706,-11.093,8.46,0.018,-0.004,-125.9,0,0.0000,0.00
16:32:04,22.26358554634381,84.90972014239117,-31.706,-11.093,8.51,0.018,-0.004,-125.9,0,0.0025,0.00
16:32:04,22.263585544725125,84.90972015124221,-31.705,-11.094,8.51,0.018,-0.004,-125.9,0,0.0000,0.00
16:32:04,22.2635855431163,84.90972016003936,-31.704,-11.094,8.51,0.018,-0.004,-125.9,0,0.0000,0.00
16:32:04,22.26358554150354,84.909720168858,-31.703,-11.094,8.51,0.018,-0.004,-125.9,0,0.0000,0.00
16:32:04,22.263585539562172,84.90972018088058,-31.702,-11.094,8.56,0.019,-0.004,-125.9,0,0.0303,0.00
16:32:04,22.263585537892617,84.90972019025477,-31.701,-11.094,8.56,0.019,-0.004,-126.0,0,0.0303,0.00
16:32:04,22.26358553622414,84.90972019962291,-31.700,-11.095,8.56,0.019,-0.004,-125.9,0,0.0303,0.00
16:32:04,22.263585534559038,84.90972020897212,-31.699,-11.095,8.56,0.019,-0.004,-125.9,0,0.0303,0.00
16:32:04,22.26358553304614,84.90972021843795,-31.698,-11.095,8.56,0.019,-0.004,-125.9,0,0.0180,0.00
16:32:04,22.263585531400572,84.90972022786568,-31.697,-11.095,8.56,0.019,-0.004,-125.9,0,0.0000,0.00
16:32:04,22.263585529765862,84.90972023723117,-31.696,-11.095,8.56,0.019,-0.004,-125.9,0,0.0000,0.00
16:32:04,22.263585528124846,84.90972024663282,-31.695,-11.095,8.56,0.019,-0.004,-125.8,0,0.0000,0.00
16:32:04,22.26358552684502,84.90972025364056,-31.694,-11.096,8.56,0.018,-0.003,-125.8,0,0.0447,0.00
16:32:04,22.263585525270514,84.90972026259405,-31.693,-11.096,8.59,0.018,-0.003,-125.8,0,0.0447,0.00
16:32:04,22.263585523705217,84.90972027149516,-31.692,-11.096,8.59,0.018,-0.003,-125.8,0,0.0447,0.00
16:32:05,22.263585522142385,84.90972028038226,-31.691,-11.096,8.59,0.018,-0.003,-125.8,0,0.0447,0.00
16:32:05,22.263585520578648,84.9097202892745,-31.690,-11.096,8.59,0.018,-0.003,-125.8,0,0.0000,0.00
16:32:05,22.263585519008547,84.90972029820294,-31.689,-11.096,8.64,0.018,-0.003,-125.8,0,0.0000,0.00
16:32:05,22.26358551744612,84.90972030708772,-31.689,-11.097,8.64,0.018,-0.003,-125.9,0,0.0000,0.00
16:32:05,22.26358551587803,84.90972031600472,-31.688,-11.097,8.64,0.018,-0.003,-125.9,0,0.0000,0.00
16:32:05,22.263585513914013,84.90972032109484,-31.687,-11.097,8.64,0.017,-0.004,-126.0,0,0.0285,0.00
16:32:05,22.263585512279004,84.909720329419,-31.686,-11.097,8.64,0.017,-0.004,-126.0,0,0.0285,0.00
16:32:05,22.263585510656824,84.90972033767787,-31.685,-11.097,8.64,0.017,-0.004,-126.0,0,0.0285,0.00
16:32:05,22.263585508475078,84.90972034747617,-31.684,-11.098,8.64,0.017,-0.004,-126.1,0,0.0175,0.00
16:32:05,22.263585506740924,84.90972035607199,-31.684,-11.098,8.64,0.017,-0.004,-126.0,0,0.0000,0.00
16:32:05,22.263585505012486,84.90972036463944,-31.683,-11.098,8.64,0.017,-0.004,-126.0,0,0.0000,0.00
16:32:05,22.263585503292028,84.90972037316736,-31.682,-11.098,8.68,0.017,-0.004,-126.0,0,0.0000,0.00
16:32:05,22.263585502458486,84.90972037867971,-31.681,-11.098,8.68,0.016,-0.003,-126.0,0,0.0210,0.00
16:32:05,22.263585500901016,84.90972038667668,-31.680,-11.099,8.68,0.016,-0.003,-126.0,0,0.0210,0.00
16:32:05,22.263585499353393,84.9097203946231,-31.680,-11.099,8.68,0.016,-0.003,-126.0,0,0.0210,0.00
16:32:05,22.263585497806993,84.90972040256322,-31.679,-11.099,8.68,0.016,-0.003,-126.0,0,0.0210,0.00
16:32:05,22.26358549625671,84.90972041052328,-31.678,-11.099,8.68,0.016,-0.003,-126.0,0,0.0000,0.00
16:32:05,22.263585494709503,84.90972041846754,-31.677,-11.099,8.68,0.016,-0.003,-126.0,0,0.0000,0.00
16:32:05,22.26358549315997,84.90972042642376,-31.676,-11.099,8.68,0.016,-0.003,-126.0,0,0.0000,0.00
16:32:05,22.263585491614265,84.90972043436032,-31.675,-11.100,8.71,0.016,-0.003,-126.1,0,0.0000,0.00
16:32:06,22.263585490069435,84.90972045027084,-31.674,-11.100,8.71,0.019,-0.003,-126.1,0,0.0267,0.00
16:32:06,22.26358548852118,84.90972045951547,-31.673,-11.100,8.71,0.019,-0.003,-126.1,0,0.0267,0.00
16:32:06,22.263585486977625,84.90972046873205,-31.672,-11.100,8.71,0.019,-0.003,-126.1,0,0.0267,0.00
16:32:06,22.26358548543562,84.90972047793935,-31.671,-11.100,8.71,0.019,-0.003,-126.1,0,0.0267,0.00
16:32:06,22.263585483887315,84.90972048718429,-31.670,-11.100,8.78,0.019,-0.003,-126.1,0,0.0000,0.00
16:32:06,22.26358548233971,84.90972049642502,-31.669,-11.101,8.78,0.019,-0.003,-126.1,0,0.0000,0.00
16:32:06,22.263585480794404,84.90972050565203,-31.668,-11.101,8.78,0.019,-0.003,-126.1,0,0.0000,0.00
16:32:06,22.26358547924847,84.9097205148828,-31.667,-11.101,8.78,0.019,-0.003,-126.1,0,0.0000,0.00
16:32:06,22.26358547832731,84.90972052248601,-31.666,-11.101,8.78,0.018,-0.003,-126.1,0,0.0193,0.00
16:32:06,22.2635854768663,84.90972053151438,-31.665,-11.101,8.78,0.018,-0.003,-126.1,0,0.0193,0.00
16:32:06,22.263585475409496,84.90972054051676,-31.665,-11.101,8.78,0.018,-0.003,-126.1,0,0.0193,0.00
16:32:06,22.263585473957203,84.90972054949124,-31.664,-11.102,8.78,0.018,-0.003,-126.0,0,0.0193,0.00
16:32:06,22.26358547250208,84.90972055848323,-31.663,-11.102,8.81,0.018,-0.003,-126.0,0,0.0000,0.00
16:32:06,22.263585471042685,84.90972056750162,-31.662,-11.102,8.81,0.018,-0.003,-126.1,0,0.0000,0.00
16:32:06,22.263585469586925,84.90972057649753,-31.661,-11.102,8.81,0.018,-0.003,-126.1,0,0.0000,0.00
16:32:06,22.263585564340143,84.90972073043802,-31.645,-11.091,8.81,0.062,0.028,-126.1,0,0.0291,0.00
16:32:06,22.26358557702654,84.90972076077021,-31.642,-11.090,8.84,0.062,0.028,-126.1,0,0.0291,0.00
16:32:06,22.26358558970185,84.9097207910759,-31.639,-11.089,8.84,0.062,0.028,-126.1,0,0.0291,0.00
16:32:06,22.263585602373684,84.90972082137327,-31.636,-11.087,8.84,0.062,0.028,-126.1,0,0.0291,0.00
16:32:07,22.26358561500831,84.90972085158167,-31.632,-11.086,8.84,0.062,0.028,-126.1,0,0.0000,0.00
16:32:07,22.263585627687934,84.90972088189767,-31.629,-11.084,8.84,0.062,0.028,-126.1,0,0.0000,0.00
16:32:07,22.2635856403367,84.90972091213989,-31.626,-11.083,8.84,0.062,0.028,-126.1,0,0.0000,0.00
16:32:07,22.263585653016023,84.90972094245517,-31.623,-11.082,8.84,0.062,0.028,-126.1,0,0.0000,0.00
16:32:07,22.263585714626103,84.90972104256663,-31.613,-11.075,8.84,0.082,0.043,-126.1,0,0.0246,0.00
16:32:07,22.263585734249105,84.90972108283144,-31.609,-11.073,8.84,0.082,0.043,-126.1,0,0.0246,0.00
16:32:07,22.26358575376524,84.90972112287697,-31.605,-11.070,8.90,0.082,0.043,-126.1,0,0.0246,0.00
16:32:07,22.263585773322333,84.90972116300655,-31.600,-11.068,8.90,0.082,0.043,-126.1,0,0.0246,0.00
16:32:07,22.263585792831904,84.90972120303861,-31.596,-11.066,8.90,0.082,0.043,-126.1,0,0.0000,0.00
16:32:07,22.26358581237901,84.9097212431477,-31.592,-11.064,8.90,0.082,0.043,-126.1,0,0.0000,0.00
16:32:07,22.26358583188008,84.90972128316233,-31.588,-11.062,8.94,0.082,0.043,-126.1,0,0.0000,0.00
16:32:07,22.263585851415353,84.90972132324713,-31.584,-11.059,8.94,0.082,0.043,-126.1,0,0.0000,0.00
16:32:07,22.263585765800805,84.9097212102076,-31.596,-11.069,8.94,0.039,0.011,-126.1,0,0.0194,0.00
16:32:07,22.263585770868236,84.90972122924056,-31.594,-11.068,8.94,0.039,0.011,-126.1,0,0.0194,0.00
16:32:07,22.2635857759235,84.90972124822783,-31.592,-11.068,8.94,0.039,0.011,-126.1,0,0.0194,0.00
16:32:07,22.263585780985085,84.90972126723884,-31.590,-11.067,8.94,0.039,0.011,-126.1,0,0.0194,0.00
16:32:07,22.263585786100062,84.90972128645036,-31.588,-11.067,8.94,0.039,0.011,-126.1,0,0.0000,0.00
16:32:07,22.263585796292745,84.90972132473344,-31.584,-11.066,8.94,0.039,0.011,-126.1,0,0.0000,0.00
16:32:07,22.26358580135208,84.909721343736,-31.582,-11.065,8.98,0.039,0.011,-126.1,0,0.0000,0.00
16:32:07,22.26358580640732,84.90972136272316,-31.580,-11.064,8.98,0.039,0.011,-126.1,0,0.0000,0.00
16:32:08,22.263585811461336,84.90972138170574,-31.578,-11.064,8.98,0.039,0.011,-126.1,0,0.0000,0.00
16:32:08,22.263585816514446,84.9097214006849,-31.576,-11.063,8.98,0.039,0.011,-126.0,0,0.0000,0.00
16:32:08,22.263585821573326,84.90972141968575,-31.574,-11.063,9.03,0.039,0.011,-126.0,0,0.0000,0.00
16:32:08,22.26358582662936,84.90972143867589,-31.572,-11.062,9.03,0.039,0.011,-126.0,0,0.0000,0.00
16:32:08,22.263585831689102,84.90972145767996,-31.570,-11.062,9.03,0.039,0.011,-126.0,0,0.0000,0.00
16:32:08,22.263585836741395,84.90972147665607,-31.568,-11.061,9.03,0.039,0.011,-126.0,0,0.0000,0.00
16:32:08,22.263585841797113,84.90972149564504,-31.566,-11.061,9.03,0.039,0.011,-126.0,0,0.0000,0.00
16:32:08,22.263585846858607,84.90972151465569,-31.564,-11.060,9.03,0.039,0.011,-126.0,0,0.0000,0.00
16:32:08,22.263585851929296,84.90972153370089,-31.562,-11.059,9.03,0.039,0.011,-126.0,0,0.0000,0.00
16:32:08,22.26358585699275,84.9097215527189,-31.560,-11.059,9.03,0.039,0.011,-126.0,0,0.0000,0.00
16:32:08,22.263586044566303,84.90972183942205,-31.531,-11.038,9.08,0.085,0.045,-126.0,0,0.0187,0.00
16:32:08,22.263586065119494,84.90972188121182,-31.526,-11.036,9.08,0.085,0.045,-125.9,0,0.0000,0.00
16:32:08,22.263586085593797,84.9097219228412,-31.522,-11.033,9.08,0.085,0.045,-125.9,0,0.0000,0.00
16:32:08,22.26358610602106,84.90972196437492,-31.518,-11.031,9.08,0.085,0.045,-125.9,0,0.0000,0.00
16:32:08,22.263586004502883,84.90972182895851,-31.532,-11.042,9.08,0.045,0.015,-125.9,0,0.0175,0.00
16:32:08,22.26358601149556,84.90972185104287,-31.529,-11.042,9.08,0.045,0.015,-126.0,0,0.0175,0.00
16:32:08,22.263586018463208,84.90972187304821,-31.527,-11.041,9.08,0.045,0.015,-126.0,0,0.0175,0.00
16:32:08,22.26358602542753,84.90972189504302,-31.525,-11.040,9.08,0.045,0.015,-126.0,0,0.0175,0.00
16:32:08,22.26358603239257,84.90972191704013,-31.523,-11.039,9.08,0.045,0.015,-126.0,0,0.0000,0.00
16:32:09,22.263586039371084,84.90972193907977,-31.520,-11.039,9.11,0.045,0.015,-126.0,0,0.0000,0.00
16:32:09,22.263586046351346,84.90972196112494,-31.518,-11.038,9.11,0.045,0.015,-126.0,0,0.0000,0.00
16:32:09,22.26358601260634,84.90972192548087,-31.522,-11.042,9.11,0.029,0.003,-126.0,0,0.0295,0.00
16:32:09,22.263586013923824,84.90972193952129,-31.520,-11.041,9.11,0.029,0.003,-126.0,0,0.0295,0.00
16:32:09,22.263586015237376,84.90972195351982,-31.519,-11.041,9.18,0.029,0.003,-126.0,0,0.0295,0.00
16:32:09,22.263586016554733,84.90972196755892,-31.517,-11.041,9.18,0.029,0.003,-126.0,0,0.0295,0.00
16:32:09,22.263586127530086,84.90972214226397,-31.499,-11.029,9.18,0.082,0.042,-125.9,0,0.0181,0.00
16:32:09,22.263586146639863,84.9097221823762,-31.495,-11.027,9.18,0.082,0.042,-125.8,0,0.0000,0.00
16:32:09,22.26358616569034,84.90972222236397,-31.491,-11.024,9.18,0.082,0.042,-125.6,0,0.0000,0.00
16:32:09,22.263586184740095,84.90972226235021,-31.487,-11.022,9.18,0.082,0.042,-125.6,0,0.0000,0.00
16:32:09,22.26358621946923,84.90972231636918,-31.482,-11.019,9.18,0.087,0.049,-125.4,0,0.0165,0.00
16:32:09,22.26358624156394,84.90972235920869,-31.477,-11.016,9.18,0.087,0.049,-125.1,0,0.0165,0.00
16:32:09,22.263586263562143,84.90972240186107,-31.473,-11.014,9.18,0.087,0.049,-125.1,0,0.0165,0.00
16:32:09,22.26358628553796,84.90972244447006,-31.468,-11.011,9.21,0.087,0.049,-124.8,0,0.0165,0.00
16:32:09,22.26358616043038,84.90972244264452,-31.469,-11.025,9.21,0.069,-0.017,-123.9,0,0.0243,0.00
16:32:09,22.26358615257695,84.90972247640516,-31.465,-11.026,9.21,0.069,-0.017,-120.1,0,0.0000,0.00
16:32:09,22.263586144767324,84.90972250997751,-31.462,-11.027,9.21,0.069,-0.017,-120.1,0,0.0000,0.00
16:32:09,22.263586136944255,84.90972254360763,-31.458,-11.028,9.22,0.069,-0.017,-118.0,0,0.0000,0.00
16:32:09,22.26358593625008,84.90972236787027,-31.476,-11.050,9.22,-0.021,-0.106,-114.1,0,0.0432,0.00
16:32:09,22.26358588773563,84.90972235759867,-31.477,-11.055,9.22,-0.021,-0.106,-112.3,0,0.0432,0.00
16:32:10,22.26358583949434,84.9097223473849,-31.478,-11.061,9.22,-0.021,-0.106,-112.3,0,0.0432,0.00
16:32:10,22.26358579142019,84.90972233720652,-31.479,-11.066,9.22,-0.021,-0.106,-110.7,0,0.0432,0.00
16:32:10,22.263585743089063,84.90972232697372,-31.480,-11.072,9.22,-0.021,-0.106,-108.6,0,0.0000,0.00
16:32:10,22.26358569473035,84.90972231673508,-31.482,-11.077,9.22,-0.021,-0.106,-108.4,0,0.0000,0.00
16:32:10,22.26358564649567,84.90972230652272,-31.483,-11.082,9.22,-0.021,-0.106,-108.4,0,0.0000,0.00
16:32:10,22.263585598713057,84.90972178384901,-31.536,-11.088,9.24,-0.200,-0.106,-108.7,0,0.0266,0.00
16:32:10,22.263585550363956,84.90972168550029,-31.547,-11.093,9.24,-0.200,-0.106,-110.2,0,0.0266,0.00
16:32:10,22.263585502138554,84.90972158740318,-31.557,-11.098,9.24,-0.200,-0.106,-110.2,0,0.0266,0.00
16:32:10,22.263585453906543,84.90972148929265,-31.567,-11.104,9.24,-0.200,-0.106,-112.0,0,0.0266,0.00
16:32:10,22.263585318151108,84.90972108518294,-31.608,-11.119,9.24,-0.314,-0.141,-112.0,0,0.0179,0.00
16:32:10,22.26358525374727,84.90972093081457,-31.624,-11.126,9.21,-0.314,-0.141,-112.9,0,0.0000,0.00
16:32:10,22.263585189405827,84.90972077659575,-31.640,-11.133,9.21,-0.314,-0.141,-114.5,0,0.0000,0.00
16:32:10,22.263585125342146,84.90972062304269,-31.656,-11.140,9.21,-0.314,-0.141,-115.2,0,0.0000,0.00
16:32:10,22.263585059438647,84.90972018669129,-31.701,-11.148,9.21,-0.428,-0.142,-115.2,0,0.0217,0.00
16:32:10,22.26358499463644,84.90971997606269,-31.723,-11.155,9.21,-0.428,-0.142,-116.7,0,0.0217,0.00
16:32:10,22.26358493024227,84.90971976676036,-31.744,-11.162,9.21,-0.428,-0.142,-117.3,0,0.0217,0.00
16:32:10,22.263584865882812,84.90971955757087,-31.766,-11.169,9.21,-0.428,-0.142,-118.0,0,0.0217,0.00
16:32:10,22.263584688298025,84.90971932255518,-31.790,-11.189,9.21,-0.439,-0.194,-118.0,0,0.0167,0.00
16:32:10,22.263584600054592,84.90971910687861,-31.812,-11.199,9.20,-0.439,-0.194,-118.5,0,0.0000,0.00
16:32:10,22.26358451202298,84.90971889171976,-31.834,-11.209,9.20,-0.439,-0.194,-119.5,0,0.0000,0.00
16:32:11,22.263584424213573,84.90971867710401,-31.856,-11.218,9.20,-0.439,-0.194,-120.0,0,0.0000,0.00
16:32:11,22.26358433643822,84.90971846257149,-31.879,-11.228,9.20,-0.439,-0.194,-120.0,0,0.0000,0.00
16:32:11,22.263584248662042,84.90971824803694,-31.901,-11.238,9.20,-0.439,-0.194,-120.4,0,0.0000,0.00
16:32:11,22.263584160784102,84.9097180332537,-31.923,-11.248,9.20,-0.439,-0.194,-121.1,0,0.0000,0.00
16:32:11,22.263584072639937,84.90971781781974,-31.945,-11.257,9.20,-0.439,-0.194,-121.4,0,0.0000,0.00
16:32:11,22.26358398488826,84.90971760334509,-31.967,-11.267,9.20,-0.439,-0.194,-121.7,0,0.0000,0.00
16:32:11,22.26358389710834,84.90971738880141,-31.989,-11.277,9.16,-0.439,-0.194,-121.7,0,0.0000,0.00
16:32:11,22.263583517602378,84.90971695151907,-32.034,-11.319,9.16,-0.504,-0.287,-121.9,0,0.0065,0.00
16:32:11,22.263583387281024,84.90971670388139,-32.060,-11.334,9.16,-0.504,-0.287,-122.3,0,0.0000,0.00
16:32:11,22.2635832574147,84.90971645710836,-32.085,-11.348,9.16,-0.504,-0.287,-122.3,0,0.0000,0.00
16:32:11,22.263583127601187,84.90971621043569,-32.111,-11.363,9.16,-0.504,-0.287,-122.4,0,0.0000,0.00
16:32:11,22.26358299771276,84.90971596362066,-32.136,-11.377,9.13,-0.504,-0.287,-122.6,0,0.0000,0.00
16:32:11,22.2635828675308,84.90971571624786,-32.162,-11.392,9.13,-0.504,-0.287,-122.7,0,0.0000,0.00
16:32:11,22.26358273764667,84.909715469441,-32.187,-11.406,9.13,-0.504,-0.287,-122.8,0,0.0000,0.00
16:32:11,22.263582607207415,84.90971522157929,-32.212,-11.421,9.13,-0.504,-0.287,-122.8,0,0.0000,0.00
16:32:11,22.263582477406185,84.90971497492995,-32.238,-11.435,9.13,-0.504,-0.287,-122.9,0,0.0000,0.00
16:32:11,22.263582347573635,84.9097147282211,-32.263,-11.450,9.13,-0.504,-0.287,-123.1,0,0.0000,0.00
16:32:11,22.26358221769994,84.90971448143408,-32.289,-11.464,9.13,-0.504,-0.287,-123.3,0,0.0000,0.00
16:32:11,22.263582087745807,84.90971423449419,-32.314,-11.478,9.13,-0.504,-0.287,-123.3,0,0.0000,0.00
16:32:12,22.263581957714912,84.90971398740844,-32.340,-11.493,9.12,-0.504,-0.287,-123.8,0,0.0000,0.00
16:32:12,22.263581827801303,84.90971374054557,-32.365,-11.507,9.12,-0.504,-0.287,-124.0,0,0.0000,0.00
16:32:12,22.263581697891997,84.90971349369086,-32.390,-11.522,9.12,-0.504,-0.287,-124.3,0,0.0000,0.00
16:32:12,22.263581567756095,84.90971324640559,-32.416,-11.536,9.12,-0.504,-0.287,-124.3,0,0.0000,0.00
16:32:12,22.263581815365068,84.90971388143467,-32.351,-11.509,9.10,-0.331,-0.207,-124.8,0,0.0035,0.00
16:32:12,22.26358172102728,84.90971371810073,-32.367,-11.519,9.10,-0.331,-0.207,-125.0,0,0.0000,0.00
16:32:12,22.263581627245973,84.90971355573026,-32.384,-11.530,9.10,-0.331,-0.207,-125.2,0,0.0000,0.00
16:32:12,22.263581533531074,84.90971339347479,-32.401,-11.540,9.10,-0.331,-0.207,-125.2,0,0.0000,0.00
16:32:12,22.26358143999414,84.90971323152742,-32.417,-11.551,9.10,-0.331,-0.207,-125.4,0,0.0000,0.00
16:32:12,22.26358142769123,84.90971327486827,-32.413,-11.552,9.10,-0.279,-0.184,-125.8,0,0.0031,0.00
16:32:12,22.263581343924958,84.9097131379479,-32.427,-11.561,9.10,-0.279,-0.184,-126.0,0,0.0000,0.00
16:32:12,22.263581260445566,84.90971300149647,-32.441,-11.571,9.10,-0.279,-0.184,-126.0,0,0.0000,0.00
16:32:12,22.263581177092448,84.90971286525144,-32.455,-11.580,9.08,-0.279,-0.184,-126.4,0,0.0000,0.00
16:32:12,22.263581093740118,84.9097127290077,-32.469,-11.589,9.08,-0.279,-0.184,-126.6,0,0.0000,0.00
16:32:12,22.263581010400024,84.90971259278395,-32.483,-11.598,9.08,-0.279,-0.184,-126.8,0,0.0000,0.00
16:32:12,22.26358092708558,84.90971245660212,-32.497,-11.608,9.08,-0.279,-0.184,-126.8,0,0.0000,0.00
16:32:12,22.26358084360303,84.90971232014553,-32.511,-11.617,9.08,-0.279,-0.184,-127.7,0,0.0000,0.00
16:32:12,22.26358076031976,84.90971218401467,-32.525,-11.626,9.06,-0.279,-0.184,-128.3,0,0.0000,0.00
16:32:12,22.26358067672593,84.90971204737617,-32.539,-11.636,9.06,-0.279,-0.184,-128.9,0,0.0000,0.00
16:32:12,22.26358083995599,84.90971235858126,-32.507,-11.617,9.06,-0.162,-0.115,-129.2,0,0.0019,0.00
16:32:13,22.26358078792207,84.9097122792302,-32.516,-11.623,9.06,-0.162,-0.115,-129.2,0,0.0000,0.00
16:32:13,22.2635807360373,84.9097122001066,-32.524,-11.629,9.06,-0.162,-0.115,-128.9,0,0.0000,0.00
16:32:13,22.263580684181722,84.90971212102751,-32.532,-11.635,9.06,-0.162,-0.115,-128.3,0,0.0000,0.00
16:32:13,22.263580632342087,84.90971204197272,-32.540,-11.640,9.06,-0.162,-0.115,-127.8,0,0.0000,0.00
16:32:13,22.263580580523303,84.90971196294976,-32.548,-11.646,9.06,-0.162,-0.115,-127.8,0,0.0000,0.00
16:32:13,22.263580528661834,84.90971188386168,-32.556,-11.652,9.02,-0.162,-0.115,-127.0,0,0.0000,0.00
16:32:13,22.263580476712548,84.90971180463968,-32.564,-11.658,9.02,-0.162,-0.115,-126.6,0,0.0000,0.00
16:32:13,22.26358042487635,84.90971172559014,-32.573,-11.664,9.02,-0.162,-0.115,-126.2,0,0.0000,0.00
16:32:13,22.263580372904247,84.90971164633336,-32.581,-11.669,9.02,-0.162,-0.115,-126.2,0,0.0000,0.00
16:32:13,22.263580993570823,84.90971256078087,-32.487,-11.600,9.02,0.090,0.070,-125.5,0,0.0026,0.00
16:32:13,22.2635810251649,84.9097126049759,-32.482,-11.597,9.02,0.090,0.070,-125.2,0,0.0000,0.00
16:32:13,22.263581056605208,84.9097126489558,-32.478,-11.593,9.02,0.090,0.070,-125.0,0,0.0000,0.00
16:32:13,22.26358108808366,84.90971269298907,-32.473,-11.590,9.02,0.090,0.070,-124.6,0,0.0000,0.00
16:32:13,22.26358111958327,84.90971273705195,-32.468,-11.586,8.99,0.090,0.070,-124.6,0,0.0000,0.00
16:32:13,22.263581151021494,84.90971278102894,-32.464,-11.583,8.99,0.090,0.070,-124.4,0,0.0000,0.00
16:32:13,22.26358118253034,84.90971282510473,-32.459,-11.579,8.99,0.090,0.070,-124.2,0,0.0000,0.00
16:32:13,22.2635812140602,84.90971286920991,-32.455,-11.576,8.99,0.090,0.070,-124.0,0,0.0000,0.00
16:32:13,22.263581245549826,84.90971291325882,-32.450,-11.572,8.99,0.090,0.070,-124.0,0,0.0000,0.00
16:32:13,22.263581277005038,84.90971295725957,-32.446,-11.569,8.97,0.090,0.070,-124.0,0,0.0000,0.00
16:32:13,22.26358130851269,84.90971300133369,-32.441,-11.565,8.97,0.090,0.070,-123.9,0,0.0000,0.00
16:32:14,22.263581339946892,84.90971304530505,-32.437,-11.562,8.97,0.090,0.070,-123.9,0,0.0000,0.00
16:32:14,22.26358137144665,84.90971308936814,-32.432,-11.558,8.97,0.090,0.070,-123.8,0,0.0000,0.00
16:32:14,22.263581402876383,84.90971313333326,-32.428,-11.555,8.97,0.090,0.070,-123.7,0,0.0000,0.00
16:32:14,22.26358143432578,84.90971317732588,-32.423,-11.551,8.97,0.090,0.070,-123.7,0,0.0000,0.00
16:32:14,22.26358146596351,84.90971322158195,-32.419,-11.548,8.97,0.090,0.070,-123.7,0,0.0000,0.00
16:32:14,22.26358125442683,84.90971289443819,-32.452,-11.571,8.97,0.019,0.019,-123.6,0,0.0011,0.00
16:32:14,22.263581263067124,84.90971290356117,-32.451,-11.570,8.94,0.019,0.019,-123.6,0,0.0000,0.00
16:32:14,22.263581271662574,84.90971291263679,-32.450,-11.569,8.94,0.019,0.019,-123.5,0,0.0000,0.00
16:32:14,22.26358128026651,84.90971292172138,-32.449,-11.568,8.94,0.019,0.019,-123.5,0,0.0000,0.00
16:32:14,22.263581288848233,84.90971293078252,-32.448,-11.567,8.94,0.019,0.019,-123.5,0,0.0000,0.00
16:32:14,22.263581396946158,84.90971308475272,-32.433,-11.555,8.90,0.055,0.046,-123.5,0,0.0014,0.00
16:32:14,22.263581417987076,84.9097131119375,-32.430,-11.553,8.90,0.055,0.046,-123.4,0,0.0000,0.00
16:32:14,22.263581438948453,84.90971313901952,-32.427,-11.551,8.90,0.055,0.046,-123.4,0,0.0000,0.00
16:32:14,22.263581459898834,84.90971316608733,-32.424,-11.548,8.90,0.055,0.046,-123.4,0,0.0000,0.00
16:32:14,22.263581480790375,84.90971319307911,-32.421,-11.546,8.90,0.055,0.046,-123.3,0,0.0000,0.00
16:32:14,22.263581546690094,84.90971328825,-32.412,-11.539,8.90,0.077,0.062,-123.3,0,0.0016,0.00
16:32:14,22.263581574871488,84.90971332625068,-32.408,-11.536,8.90,0.077,0.062,-123.3,0,0.0000,0.00
16:32:14,22.263581602866207,84.90971336399964,-32.404,-11.532,8.90,0.077,0.062,-123.4,0,0.0000,0.00
16:32:14,22.2635816308547,84.90971340174019,-32.400,-11.529,8.90,0.077,0.062,-123.4,0,0.0000,0.00
16:32:14,22.263581658864403,84.90971343950936,-32.396,-11.526,8.87,0.077,0.062,-123.4,0,0.0000,0.00
16:32:15,22.263581686953255,84.90971347738525,-32.392,-11.523,8.87,0.077,0.062,-123.4,0,0.0000,0.00
16:32:15,22.263581714953546,84.90971351514172,-32.388,-11.520,8.87,0.077,0.062,-123.4,0,0.0000,0.00
16:32:15,22.263581743043588,84.90971355301922,-32.384,-11.517,8.87,0.077,0.062,-123.4,0,0.0000,0.00
16:32:15,22.263581771096646,84.90971359084683,-32.380,-11.514,8.83,0.077,0.062,-123.5,0,0.0000,0.00
16:32:15,22.263581799091103,84.90971362859544,-32.377,-11.511,8.83,0.077,0.062,-123.5,0,0.0000,0.00
16:32:15,22.263581827042074,84.9097136662854,-32.373,-11.507,8.83,0.077,0.062,-123.5,0,0.0000,0.00
16:32:15,22.263581855092742,84.9097137041098,-32.369,-11.504,8.83,0.077,0.062,-123.4,0,0.0000,0.00
16:32:15,22.263581883105893,84.9097137418836,-32.365,-11.501,8.83,0.077,0.062,-123.3,0,0.0000,0.00
16:32:15,22.263581911166902,84.90971377972195,-32.361,-11.498,8.83,0.077,0.062,-123.3,0,0.0000,0.00
16:32:15,22.26358193912079,84.90971381741585,-32.357,-11.495,8.83,0.077,0.062,-123.1,0,0.0000,0.00
16:32:15,22.26358196709152,84.90971385513245,-32.353,-11.492,8.83,0.077,0.062,-123.0,0,0.0000,0.00
16:32:15,22.2635819950641,84.90971389285156,-32.349,-11.489,8.83,0.077,0.062,-123.0,0,0.0000,0.00
16:32:15,22.263582023103236,84.90971393066042,-32.345,-11.486,8.80,0.077,0.062,-123.0,0,0.0000,0.00
16:32:15,22.263582051099814,84.90971396841188,-32.342,-11.483,8.80,0.077,0.062,-123.0,0,0.0000,0.00
16:32:15,22.26358207903196,84.90971400607646,-32.338,-11.479,8.80,0.077,0.062,-123.1,0,0.0000,0.00
16:32:15,22.263582107050677,84.90971404385778,-32.334,-11.476,8.80,0.077,0.062,-123.0,0,0.0000,0.00
16:32:15,22.263582135032273,84.90971408158903,-32.330,-11.473,8.80,0.077,0.062,-123.0,0,0.0000,0.00
16:32:15,22.263582163032694,84.90971411934568,-32.326,-11.470,8.80,0.077,0.062,-122.9,0,0.0000,0.00
16:32:15,22.263582191036964,84.90971415710752,-32.322,-11.467,8.80,0.077,0.062,-122.8,0,0.0000,0.00
16:32:15,22.26358221903195,84.90971419485683,-32.318,-11.464,8.80,0.077,0.062,-122.5,0,0.0000,0.00
16:32:16,22.263582247065386,84.90971423265799,-32.314,-11.461,8.76,0.077,0.062,-122.5,0,0.0000,0.00
16:32:16,22.2635819387844,84.90971371681752,-32.367,-11.495,8.76,-0.000,0.011,-122.4,0,0.0019,0.00
16:32:16,22.26358194385968,84.90971371673855,-32.368,-11.494,8.76,-0.000,0.011,-122.3,0,0.0000,0.00
16:32:16,22.263581948880134,84.90971371666043,-32.368,-11.494,8.76,-0.000,0.011,-122.4,0,0.0000,0.00
16:32:16,22.26358195898872,84.90971371650315,-32.368,-11.493,8.69,-0.000,0.011,-122.5,0,0.0000,0.00
16:32:16,22.263581781826915,84.9097133938485,-32.401,-11.513,8.69,-0.065,-0.028,-122.5,0,0.0016,0.00
16:32:16,22.263581768879853,84.90971336192413,-32.404,-11.514,8.69,-0.065,-0.028,-122.6,0,0.0000,0.00
16:32:16,22.26358175594555,84.9097133300312,-32.407,-11.515,8.69,-0.065,-0.028,-122.7,0,0.0000,0.00
16:32:16,22.26358174304792,84.90971329822871,-32.411,-11.517,8.69,-0.065,-0.028,-122.7,0,0.0000,0.00
16:32:16,22.26358173017531,84.90971326648793,-32.414,-11.518,8.69,-0.065,-0.028,-122.5,0,0.0000,0.00
16:32:16,22.26358154641267,84.90971292487863,-32.449,-11.539,8.69,-0.153,-0.081,-122.2,0,0.0025,0.00
16:32:16,22.26358150943357,84.90971284932652,-32.457,-11.543,8.69,-0.153,-0.081,-122.1,0,0.0000,0.00
16:32:16,22.263581472801793,84.90971277448402,-32.465,-11.547,8.64,-0.153,-0.081,-122.1,0,0.0000,0.00
16:32:16,22.26358143615945,84.90971269961993,-32.472,-11.551,8.64,-0.153,-0.081,-122.1,0,0.0000,0.00
16:32:16,22.263581399553132,84.90971262482945,-32.480,-11.555,8.64,-0.153,-0.081,-122.0,0,0.0000,0.00
16:32:16,22.263581377546615,84.90971256352952,-32.486,-11.558,8.64,-0.148,-0.075,-121.9,0,0.0020,0.00
16:32:16,22.263581343234648,84.90971249066408,-32.494,-11.561,8.60,-0.148,-0.075,-121.9,0,0.0000,0.00
16:32:16,22.26358130908507,84.90971241814349,-32.501,-11.565,8.60,-0.148,-0.075,-121.8,0,0.0000,0.00
16:32:16,22.26358127497233,84.90971234570111,-32.509,-11.569,8.60,-0.148,-0.075,-121.5,0,0.0000,0.00
16:32:17,22.26358124083455,84.90971227320556,-32.516,-11.573,8.60,-0.148,-0.075,-121.3,0,0.0000,0.00
16:32:17,22.263581206654273,84.90971220061977,-32.524,-11.577,8.60,-0.148,-0.075,-121.3,0,0.0000,0.00
16:32:17,22.26358117253087,84.90971212815475,-32.531,-11.580,8.60,-0.148,-0.075,-121.2,0,0.0000,0.00
16:32:17,22.263581138300665,84.90971205546292,-32.539,-11.584,8.60,-0.148,-0.075,-121.1,0,0.0000,0.00
16:32:17,22.263581104196977,84.90971198303977,-32.546,-11.588,8.60,-0.148,-0.075,-121.1,0,0.0000,0.00
16:32:17,22.26358107012948,84.90971191069347,-32.554,-11.592,8.53,-0.148,-0.075,-121.1,0,0.0000,0.00
16:32:17,22.263581036016742,84.90971183825111,-32.561,-11.596,8.53,-0.148,-0.075,-121.2,0,0.0000,0.00
16:32:17,22.263581075315606,84.90971190807797,-32.554,-11.591,8.53,-0.110,-0.054,-121.2,0,0.0021,0.00
16:32:17,22.263581050699155,84.90971185401064,-32.559,-11.594,8.53,-0.110,-0.054,-121.2,0,0.0000,0.00
16:32:17,22.263581026181125,84.90971180015947,-32.565,-11.597,8.53,-0.110,-0.054,-121.3,0,0.0000,0.00
16:32:17,22.263581001659034,84.90971174629938,-32.571,-11.599,8.46,-0.110,-0.054,-121.5,0,0.0000,0.00
16:32:17,22.26358097713195,84.90971169242835,-32.576,-11.602,8.46,-0.110,-0.054,-121.6,0,0.0000,0.00
16:32:17,22.263580962438045,84.90971165969769,-32.579,-11.604,8.46,-0.104,-0.051,-121.6,0,0.0020,0.00
16:32:17,22.263580939354867,84.90971160892795,-32.585,-11.606,8.46,-0.104,-0.051,-121.7,0,0.0000,0.00
16:32:17,22.26358091631189,84.90971155824661,-32.590,-11.609,8.46,-0.104,-0.051,-121.9,0,0.0000,0.00
16:32:17,22.263580893234813,84.90971150749027,-32.595,-11.611,8.46,-0.104,-0.051,-122.1,0,0.0000,0.00
16:32:17,22.263580870236613,84.90971145690743,-32.600,-11.614,8.46,-0.104,-0.051,-122.1,0,0.0000,0.00
16:32:17,22.26358084721586,84.90971140627498,-32.606,-11.617,8.46,-0.104,-0.051,-122.3,0,0.0000,0.00
16:32:17,22.263580824208507,84.90971135567199,-32.611,-11.619,8.40,-0.104,-0.051,-122.7,0,0.0000,0.00
16:32:17,22.2635808011493,84.90971130495495,-32.616,-11.622,8.40,-0.104,-0.051,-122.7,0,0.0000,0.00
16:32:18,22.26358077815589,84.90971125438264,-32.621,-11.624,8.40,-0.104,-0.051,-122.9,0,0.0000,0.00
16:32:18,22.263580755070425,84.90971120360787,-32.626,-11.627,8.40,-0.104,-0.051,-123.2,0,0.0000,0.00
16:32:18,22.26358073205294,84.90971115298261,-32.632,-11.629,8.40,-0.104,-0.051,-123.3,0,0.0000,0.00
16:32:18,22.263580709009638,84.90971110230055,-32.637,-11.632,8.31,-0.104,-0.051,-123.3,0,0.0000,0.00
16:32:18,22.26358068599771,84.90971105168751,-32.642,-11.634,8.31,-0.104,-0.051,-123.7,0,0.0000,0.00
16:32:18,22.263580662930764,84.90971100095346,-32.647,-11.637,8.31,-0.104,-0.051,-123.9,0,0.0000,0.00
16:32:18,22.26358063991252,84.90971095032651,-32.653,-11.640,8.31,-0.104,-0.051,-124.2,0,0.0000,0.00
16:32:18,22.263580616872375,84.90971089965142,-32.658,-11.642,8.31,-0.104,-0.051,-124.2,0,0.0000,0.00
16:32:18,22.26358059386524,84.90971084904892,-32.663,-11.645,8.31,-0.104,-0.051,-124.6,0,0.0000,0.00
16:32:18,22.263580570774547,84.90971079826264,-32.668,-11.647,8.31,-0.104,-0.051,-124.9,0,0.0000,0.00
16:32:18,22.26358054774377,84.90971074760813,-32.673,-11.650,8.31,-0.104,-0.051,-125.1,0,0.0000,0.00
16:32:18,22.263580524694365,84.90971069691267,-32.679,-11.652,8.25,-0.104,-0.051,-125.1,0,0.0000,0.00
16:32:18,22.263580501694964,84.90971064632718,-32.684,-11.655,8.25,-0.104,-0.051,-125.6,0,0.0000,0.00
16:32:18,22.26358047869012,84.9097105957297,-32.689,-11.658,8.25,-0.104,-0.051,-125.9,0,0.0000,0.00
16:32:18,22.26358045564322,84.90971054503974,-32.694,-11.660,8.25,-0.104,-0.051,-126.1,0,0.0000,0.00
16:32:18,22.26358043264567,84.90971049445834,-32.699,-11.663,8.19,-0.104,-0.051,-126.1,0,0.0000,0.00
16:32:18,22.26358040955672,84.90971044367589,-32.705,-11.665,8.19,-0.104,-0.051,-126.6,0,0.0000,0.00
16:32:18,22.26358038650481,84.9097103929749,-32.710,-11.668,8.19,-0.104,-0.051,-126.8,0,0.0000,0.00
16:32:18,22.263580363415315,84.90971034219126,-32.715,-11.670,8.19,-0.104,-0.051,-127.0,0,0.0000,0.00
16:32:18,22.263580340383015,84.9097102915334,-32.720,-11.673,8.19,-0.104,-0.051,-127.0,0,0.0000,0.00
16:32:19,22.2635803173676,84.9097102409127,-32.726,-11.676,8.19,-0.104,-0.051,-127.3,0,0.0000,0.00
16:32:19,22.263580294344234,84.9097101902745,-32.731,-11.678,8.19,-0.104,-0.051,-127.5,0,0.0000,0.00
16:32:19,22.263580271335353,84.90971013966816,-32.736,-11.681,8.19,-0.104,-0.051,-127.6,0,0.0000,0.00
16:32:19,22.263580647801955,84.90971072885945,-32.675,-11.639,8.19,-0.027,0.001,-127.6,0,0.0020,0.00
16:32:19,22.263580648120055,84.90971071555184,-32.677,-11.639,8.12,-0.027,0.001,-127.7,0,0.0000,0.00
16:32:19,22.26358064843747,84.90971070227296,-32.678,-11.639,8.12,-0.027,0.001,-127.8,0,0.0000,0.00
16:32:19,22.263580648754285,84.909710689019,-32.679,-11.639,8.12,-0.027,0.001,-127.9,0,0.0000,0.00
16:32:19,22.263580649070914,84.90971067577279,-32.681,-11.639,8.12,-0.027,0.001,-127.9,0,0.0000,0.00
16:32:19,22.263580670198426,84.90971069768617,-32.679,-11.636,8.12,-0.021,0.005,-127.9,0,0.0020,0.00
16:32:19,22.26358067234729,84.90971068746566,-32.680,-11.636,8.12,-0.021,0.005,-127.7,0,0.0000,0.00
16:32:19,22.263580674493276,84.90971067725889,-32.681,-11.636,8.12,-0.021,0.005,-127.3,0,0.0000,0.00
16:32:19,22.263580676636828,84.90971066706366,-32.682,-11.636,8.12,-0.021,0.005,-127.3,0,0.0000,0.00
16:32:19,22.263580678773952,84.90971065689902,-32.683,-11.635,8.05,-0.021,0.005,-126.0,0,0.0000,0.00
16:32:19,22.26358068092147,84.90971064668491,-32.684,-11.635,8.05,-0.021,0.005,-126.0,0,0.0000,0.00
16:32:19,22.263580683059466,84.90971063651612,-32.685,-11.635,8.05,-0.021,0.005,-126.0,0,0.0000,0.00
16:32:19,22.26358068519341,84.9097106263666,-32.686,-11.635,8.05,-0.021,0.005,-126.0,0,0.0000,0.00
16:32:19,22.2635806873287,84.90971061621067,-32.687,-11.634,8.05,-0.021,0.005,-126.0,0,0.0000,0.00
16:32:19,22.263580689464572,84.90971060605199,-32.688,-11.634,8.05,-0.021,0.005,-126.0,0,0.0000,0.00
16:32:19,22.2635806916004,84.9097105958935,-32.689,-11.634,8.05,-0.021,0.005,-126.0,0,0.0000,0.00
16:32:20,22.263580693737026,84.90971058573122,-32.690,-11.634,8.05,-0.021,0.005,-126.0,0,0.0000,0.00
16:32:20,22.263580695870807,84.90971057558247,-32.691,-11.633,8.05,-0.021,0.005,-126.0,0,0.0000,0.00
16:32:20,22.26358069800441,84.90971056543457,-32.692,-11.633,8.05,-0.021,0.005,-126.0,0,0.0000,0.00
16:32:20,22.26358070013813,84.9097105552861,-32.693,-11.633,8.05,-0.021,0.005,-126.0,0,0.0000,0.00
16:32:20,22.26358070227233,84.90971054513537,-32.694,-11.633,8.05,-0.021,0.005,-126.0,0,0.0000,0.00
16:32:20,22.26358070440851,84.90971053497519,-32.695,-11.632,8.05,-0.021,0.005,-126.0,0,0.0000,0.00
16:32:20,22.263580706542772,84.90971052482418,-32.696,-11.632,8.05,-0.021,0.005,-126.0,0,0.0000,0.00
16:32:20,22.263580708679783,84.90971051466006,-32.697,-11.632,8.05,-0.021,0.005,-126.0,0,0.0000,0.00
16:32:20,22.263580710813525,84.9097105045115,-32.698,-11.632,8.05,-0.021,0.005,-126.0,0,0.0000,0.00
16:32:20,22.263580712950123,84.90971049434934,-32.699,-11.631,8.05,-0.021,0.005,-126.0,0,0.0000,0.00
16:32:20,22.26358071508752,84.90971048418339,-32.701,-11.631,8.05,-0.021,0.005,-126.0,0,0.0000,0.00
16:32:20,22.263580717220453,84.90971047403869,-32.702,-11.631,8.05,-0.021,0.005,-126.0,0,0.0000,0.00
16:32:20,22.263580719354287,84.90971046388968,-32.703,-11.631,8.05,-0.021,0.005,-126.0,0,0.0000,0.00
16:32:20,22.263580721490055,84.90971045373149,-32.704,-11.631,8.05,0.000,0.000,-126.0,0,0.0000,0.00
16:32:20,22.263580721490055,84.90971045373149,-32.704,-11.631,8.05,0.000,0.000,-126.0,0,0.0000,0.00
16:32:20,22.263580721490055,84.90971045373149,-32.704,-11.631,8.05,0.000,0.000,-126.0,0,0.0000,0.00
16:32:20,22.263580721490055,84.90971045373149,-32.704,-11.631,8.05,0.000,0.000,-126.0,0,0.0000,0.00
16:32:20,22.263580721490055,84.90971045373149,-32.704,-11.631,8.05,0.000,0.000,-126.0,0,0.0000,0.00
16:32:20,22.263580721490055,84.90971045373149,-32.704,-11.631,8.05,0.000,0.000,-126.0,0,0.0000,0.00
16:32:20,22.263580721490055,84.90971045373149,-32.704,-11.631,8.05,0.000,0.000,-126.0,0,0.0000,0.00
16:32:21,22.263580721490055,84.90971045373149,-32.704,-11.631,8.05,0.000,0.000,-126.0,0,0.0000,0.00
16:32:21,22.263580721490055,84.90971045373149,-32.704,-11.631,8.05,0.000,0.000,-126.0,0,0.0000,0.00
16:32:21,22.263580721490055,84.90971045373149,-32.704,-11.631,8.05,0.000,0.000,-126.0,0,0.0000,0.00
16:32:21,22.263580721490055,84.90971045373149,-32.704,-11.631,8.05,0.000,0.000,-126.0,0,0.0000,0.00
16:32:21,22.263580721490055,84.90971045373149,-32.704,-11.631,8.05,0.000,0.000,-126.0,0,0.0000,0.00
16:32:21,22.263580721490055,84.90971045373149,-32.704,-11.631,8.05,0.000,0.000,-126.0,0,0.0000,0.00
16:32:21,22.263580721490055,84.90971045373149,-32.704,-11.631,8.05,0.000,0.000,-126.0,0,0.0000,0.00
16:32:21,22.263580721490055,84.90971045373149,-32.704,-11.631,8.05,0.000,0.000,-126.0,0,0.0000,0.00
16:32:21,22.263580721490055,84.90971045373149,-32.704,-11.631,8.05,0.000,0.000,-126.0,0,0.0000,0.00
16:32:21,22.263580721490055,84.90971045373149,-32.704,-11.631,8.05,0.000,0.000,-126.0,0,0.0000,0.00
16:32:21,22.263580721490055,84.90971045373149,-32.704,-11.631,8.05,0.000,0.000,-126.0,0,0.0000,0.00
16:32:21,22.263580721490055,84.90971045373149,-32.704,-11.631,8.05,0.000,0.000,-126.0,0,0.0000,0.00
16:32:21,22.263580721490055,84.90971045373149,-32.704,-11.631,8.05,0.000,0.000,-126.0,0,0.0000,0.00
16:32:21,22.263580721490055,84.90971045373149,-32.704,-11.631,8.05,0.000,0.000,-126.0,0,0.0000,0.00
16:32:21,22.263580721490055,84.90971045373149,-32.704,-11.631,8.05,0.000,0.000,-126.0,0,0.0000,0.00
16:32:21,22.263580721490055,84.90971045373149,-32.704,-11.631,8.05,0.000,0.000,-126.0,0,0.0000,0.00
16:32:21,22.263580721490055,84.90971045373149,-32.704,-11.631,8.05,0.000,0.000,-126.0,0,0.0000,0.00
16:32:21,22.263580721490055,84.90971045373149,-32.704,-11.631,8.05,0.000,0.000,-126.0,0,0.0000,0.00
16:32:21,22.263580721490055,84.90971045373149,-32.704,-11.631,8.05,0.000,0.000,-126.0,0,0.0000,0.00
16:32:21,22.263580721490055,84.90971045373149,-32.704,-11.631,8.05,0.000,0.000,-126.0,0,0.0000,0.00
16:32:22,22.263580721490055,84.90971045373149,-32.704,-11.631,8.05,0.000,0.000,-126.0,0,0.0000,0.00
16:32:22,22.263580721490055,84.90971045373149,-32.704,-11.631,8.05,0.000,0.000,-126.0,0,0.0000,0.00
16:32:22,22.263580721490055,84.90971045373149,-32.704,-11.631,8.05,0.000,0.000,-126.0,0,0.0000,0.00
16:32:22,22.263580721490055,84.90971045373149,-32.704,-11.631,8.05,0.000,0.000,-126.0,0,0.0000,0.00
16:32:22,22.263580721490055,84.90971045373149,-32.704,-11.631,8.05,0.000,0.000,-126.0,0,0.0000,0.00
16:32:22,22.263580721490055,84.90971045373149,-32.704,-11.631,8.05,0.000,0.000,-126.0,0,0.0000,0.00
16:32:22,22.263580721490055,84.90971045373149,-32.704,-11.631,8.05,0.000,0.000,-126.0,0,0.0000,0.00
16:32:22,22.263580721490055,84.90971045373149,-32.704,-11.631,8.05,0.000,0.000,-126.0,0,0.0000,0.00
16:32:22,22.263580721490055,84.90971045373149,-32.704,-11.631,8.05,0.000,0.000,-126.0,0,0.0000,0.00
16:32:22,22.263580721490055,84.90971045373149,-32.704,-11.631,8.05,0.000,0.000,-126.0,0,0.0000,0.00
16:32:22,22.263580721490055,84.90971045373149,-32.704,-11.631,8.05,0.000,0.000,-126.0,0,0.0000,0.00
16:32:22,22.263580721490055,84.90971045373149,-32.704,-11.631,8.05,0.000,0.000,-126.0,0,0.0000,0.00
16:32:22,22.263580721490055,84.90971045373149,-32.704,-11.631,8.05,0.000,0.000,-126.0,0,0.0000,0.00
16:32:22,22.263580721490055,84.90971045373149,-32.704,-11.631,8.05,0.000,0.000,-126.0,0,0.0000,0.00
16:32:22,22.263580721490055,84.90971045373149,-32.704,-11.631,8.05,0.000,0.000,-126.0,0,0.0000,0.00
16:32:22,22.263580721490055,84.90971045373149,-32.704,-11.631,8.05,0.000,0.000,-126.0,0,0.0000,0.00
16:32:22,22.263580721490055,84.90971045373149,-32.704,-11.631,8.05,0.000,0.000,-126.0,0,0.0000,0.00
16:32:22,22.263580721490055,84.90971045373149,-32.704,-11.631,8.05,0.000,0.000,-131.2,0,0.0000,0.00
16:32:22,22.263580721490055,84.90971045373149,-32.704,-11.631,8.05,0.000,0.000,-131.2,0,0.0000,0.00
16:32:22,22.263580721490055,84.90971045373149,-32.704,-11.631,8.05,0.000,0.000,-131.6,0,0.0000,0.00
16:32:23,22.263580721490055,84.90971045373149,-32.704,-11.631,8.05,0.000,0.000,-131.9,0,0.0000,0.00
16:32:23,22.263580721490055,84.90971045373149,-32.704,-11.631,8.05,0.000,0.000,-132.5,0,0.0000,0.00
16:32:23,22.263580721490055,84.90971045373149,-32.704,-11.631,8.05,0.000,0.000,-132.5,0,0.0000,0.00
16:32:23,22.263580721490055,84.90971045373149,-32.704,-11.631,8.05,0.000,0.000,-132.8,0,0.0000,0.00
16:32:23,22.263580721490055,84.90971045373149,-32.704,-11.631,8.05,0.000,0.000,-133.5,0,0.0000,0.00
16:32:23,22.263580721490055,84.90971045373149,-32.704,-11.631,8.05,0.000,0.000,-133.5,0,0.0000,0.00
16:32:23,22.263580721490055,84.90971045373149,-32.704,-11.631,7.72,0.000,0.000,-133.8,0,0.0000,0.00
16:32:23,22.263580721490055,84.90971045373149,-32.704,-11.631,7.72,0.000,0.000,-134.5,0,0.0000,0.00
16:32:23,22.263580721490055,84.90971045373149,-32.704,-11.631,7.72,0.000,0.000,-134.5,0,0.0000,0.00
16:32:23,22.263580721490055,84.90971045373149,-32.704,-11.631,7.72,0.000,0.000,-134.8,0,10.0005,0.00
16:32:23,22.263580721490055,84.90971045373149,-32.704,-11.631,7.69,0.000,0.000,-135.1,0,10.0005,0.00
16:32:23,22.263580721490055,84.90971045373149,-32.704,-11.631,7.69,0.000,0.000,-135.7,0,10.0005,0.00
16:32:23,22.263580721490055,84.90971045373149,-32.704,-11.631,7.69,0.000,0.000,-136.0,0,10.0005,0.00
16:32:23,22.263580721490055,84.90971045373149,-32.704,-11.631,7.69,0.000,0.000,-136.0,0,0.0000,0.00
16:32:23,22.263580721490055,84.90971045373149,-32.704,-11.631,7.69,0.000,0.000,-136.4,0,0.0000,0.00
16:32:23,22.263580721490055,84.90971045373149,-32.704,-11.631,7.69,0.000,0.000,-137.0,0,0.0000,0.00
16:32:23,22.263580721490055,84.90971045373149,-32.704,-11.631,7.69,0.000,0.000,-137.4,0,0.0000,0.00
16:32:23,22.263580721490055,84.90971045373149,-32.704,-11.631,7.69,0.000,0.000,-137.4,0,10.0005,0.00
16:32:23,22.263580721490055,84.90971045373149,-32.704,-11.631,7.67,0.000,0.000,-137.7,0,0.0000,0.00
16:32:24,22.263580721490055,84.90971045373149,-32.704,-11.631,7.67,0.000,0.000,-138.4,0,10.0005,0.00
16:32:24,22.263580721490055,84.90971045373149,-32.704,-11.631,7.67,0.000,0.000,-138.7,0,10.0005,0.00
16:32:24,22.263580721490055,84.90971045373149,-32.704,-11.631,7.67,0.000,0.000,-138.7,0,10.0005,0.00
16:32:24,22.263580721490055,84.90971045373149,-32.704,-11.631,7.64,0.000,0.000,-139.1,0,10.0005,0.00
16:32:24,22.263580721490055,84.90971045373149,-32.704,-11.631,7.64,0.000,0.000,-139.8,0,10.0005,0.00
16:32:24,22.263580721490055,84.90971045373149,-32.704,-11.631,7.64,0.000,0.000,-140.2,0,10.0005,0.00
16:32:24,22.263580721490055,84.90971045373149,-32.704,-11.631,7.64,0.000,0.000,-140.2,0,0.0000,0.00
16:32:24,22.263580721490055,84.90971045373149,-32.704,-11.631,7.64,0.000,0.000,-140.6,0,0.0000,0.00
16:32:24,22.263580721490055,84.90971045373149,-32.704,-11.631,7.64,0.000,0.000,-141.4,0,0.0000,0.00
16:32:24,22.263580721490055,84.90971045373149,-32.704,-11.631,7.64,0.000,0.000,-141.8,0,10.0005,0.00
16:32:24,22.263580721490055,84.90971045373149,-32.704,-11.631,7.64,0.000,0.000,-141.8,0,10.0005,0.00
16:32:24,22.263580721490055,84.90971045373149,-32.704,-11.631,7.64,0.000,0.000,-142.3,0,10.0005,0.00
16:32:24,22.263580721490055,84.90971045373149,-32.704,-11.631,7.62,0.000,0.000,-143.1,0,10.0005,0.00
16:32:24,22.263580721490055,84.90971045373149,-32.704,-11.631,7.62,0.000,0.000,-143.5,0,10.0005,0.00
16:32:24,22.263580721490055,84.90971045373149,-32.704,-11.631,7.62,0.000,0.000,-144.0,0,0.0000,0.00
16:32:24,22.263580721490055,84.90971045373149,-32.704,-11.631,7.62,0.000,0.000,-144.0,0,0.0000,0.00
16:32:24,22.263580721490055,84.90971045373149,-32.704,-11.631,7.59,0.000,0.000,-144.9,0,0.0000,0.00
16:32:24,22.263580721490055,84.90971045373149,-32.704,-11.631,7.59,0.000,0.000,-145.4,0,0.0000,0.00
16:32:24,22.263580721490055,84.90971045373149,-32.704,-11.631,7.59,0.000,0.000,-145.9,0,0.0000,0.00
16:32:24,22.263580721490055,84.90971045373149,-32.704,-11.631,7.59,0.000,0.000,-145.9,0,0.0000,0.00
16:32:25,22.263580721490055,84.90971045373149,-32.704,-11.631,7.59,0.000,0.000,-147.0,0,0.0000,0.00
16:32:25,22.263580721490055,84.90971045373149,-32.704,-11.631,7.59,0.000,0.000,-147.5,0,0.0000,0.00
16:32:25,22.263580721490055,84.90971045373149,-32.704,-11.631,7.59,0.000,0.000,-148.1,0,0.0000,0.00
16:32:25,22.263580721490055,84.90971045373149,-32.704,-11.631,7.59,0.000,0.000,-148.1,0,0.0000,0.00
16:32:25,22.263583406645427,84.90971187885572,-32.557,-11.332,7.54,0.049,0.101,-149.2,0,0.0017,0.00
16:32:25,22.26358345234991,84.90971190311299,-32.554,-11.327,7.54,0.049,0.101,-149.8,0,0.0000,0.00
16:32:25,22.26358349800241,84.90971192734268,-32.552,-11.321,7.54,0.049,0.101,-149.8,0,0.0000,0.00
16:32:25,22.263583543496615,84.90971195148836,-32.549,-11.316,7.54,0.049,0.101,-150.4,0,0.0000,0.00
16:32:25,22.263583589082476,84.90971197568268,-32.547,-11.311,7.54,0.049,0.101,-151.6,0,0.0000,0.00
16:32:25,22.263583634694434,84.90971199989086,-32.544,-11.306,7.50,0.049,0.101,-152.2,0,0.0000,0.00
16:32:25,22.263583680299273,84.90971202409526,-32.542,-11.301,7.50,0.049,0.101,-153.5,0,0.0000,0.00
16:32:25,22.263583725913605,84.90971204830468,-32.539,-11.296,7.50,0.049,0.101,-153.5,0,0.0000,0.00
16:32:25,22.263583771350437,84.90971207241991,-32.537,-11.291,7.50,0.049,0.101,-154.1,0,0.0000,0.00
16:32:25,22.263583816863402,84.90971209657555,-32.534,-11.286,7.50,0.049,0.101,-154.8,0,0.0000,0.00
16:32:25,22.26358386244495,84.90971212076758,-32.532,-11.281,7.50,0.049,0.101,-156.1,0,0.0000,0.00
16:32:25,22.26358390799954,84.9097121449453,-32.529,-11.276,7.50,0.049,0.101,-156.1,0,0.0000,0.00
16:32:25,22.263583953514015,84.90971216910174,-32.527,-11.271,7.50,0.049,0.101,-156.7,0,0.0000,0.00
16:32:25,22.263583998975,84.90971219322978,-32.524,-11.266,7.47,0.049,0.101,-157.3,0,0.0000,0.00
16:32:25,22.26358404447934,84.90971221738084,-32.522,-11.261,7.47,0.049,0.101,-158.6,0,0.0000,0.00
16:32:26,22.263583848119566,84.90971274731542,-32.467,-11.282,7.47,0.094,0.078,-158.6,0,0.0015,0.00
16:32:26,22.263583883432513,84.90971279335415,-32.463,-11.279,7.47,0.094,0.078,-159.3,0,0.0000,0.00
16:32:26,22.263583918619045,84.90971283922806,-32.458,-11.275,7.47,0.094,0.078,-159.9,0,0.0000,0.00
16:32:26,22.2635839537741,84.90971288506093,-32.453,-11.271,7.47,0.094,0.078,-161.2,0,0.0000,0.00
16:32:26,22.263583988883845,84.90971293083473,-32.448,-11.267,7.47,0.094,0.078,-161.2,0,0.0000,0.00
16:32:26,22.263584056522348,84.90971263194555,-32.479,-11.259,7.47,0.042,0.083,-161.9,0,0.0015,0.00
16:32:26,22.26358409419915,84.90971265276592,-32.477,-11.255,7.42,0.042,0.083,-162.5,0,0.0000,0.00
16:32:26,22.26358413172253,84.9097126735015,-32.475,-11.251,7.42,0.042,0.083,-163.1,0,0.0000,0.00
16:32:26,22.263584169250716,84.90971269423973,-32.473,-11.247,7.42,0.042,0.083,-163.1,0,0.0000,0.00
16:32:26,22.263584206774453,84.90971271497551,-32.471,-11.243,7.42,0.042,0.083,-164.4,0,0.0000,0.00
16:32:26,22.263584036679738,84.9097125867184,-32.484,-11.262,7.42,0.007,0.029,-165.1,0,0.0015,0.00
16:32:26,22.263584050032904,84.90971259008397,-32.484,-11.260,7.38,0.007,0.029,-166.4,0,0.0000,0.00
16:32:26,22.263584063330498,84.90971259343554,-32.483,-11.259,7.38,0.007,0.029,-166.4,0,0.0000,0.00
16:32:26,22.263584076604907,84.90971259678126,-32.483,-11.257,7.38,0.007,0.029,-167.0,0,0.0000,0.00
16:32:26,22.26358408991863,84.9097126001369,-32.483,-11.256,7.38,0.007,0.029,-167.6,0,0.0000,0.00
16:32:26,22.26358404721899,84.90971256212009,-32.486,-11.260,7.38,-0.006,0.010,-168.9,0,0.0015,0.00
16:32:26,22.263584051852504,84.90971255904962,-32.487,-11.260,7.38,-0.006,0.010,-168.9,0,0.0000,0.00
16:32:26,22.263584056469746,84.90971255598996,-32.487,-11.259,7.38,-0.006,0.010,-169.5,0,0.0000,0.00
16:32:26,22.26358406109799,84.909712552923,-32.487,-11.259,7.38,-0.006,0.010,-170.2,0,0.0000,0.00
16:32:26,22.263584065724416,84.90971254985723,-32.488,-11.258,7.33,-0.006,0.010,-171.5,0,0.0000,0.00
16:32:27,22.26358407035417,84.90971254678927,-32.488,-11.258,7.33,-0.006,0.010,-171.5,0,0.0000,0.00
16:32:27,22.26358407496404,84.90971254373449,-32.488,-11.257,7.33,-0.006,0.010,-172.1,0,0.0000,0.00
16:32:27,22.263584079594164,84.90971254066628,-32.489,-11.257,7.33,-0.006,0.010,-172.8,0,0.0000,0.00
16:32:27,22.26358408421381,84.909712537605,-32.489,-11.256,7.27,-0.006,0.010,-174.0,0,0.0000,0.00
16:32:27,22.263584088838094,84.90971253454066,-32.489,-11.256,7.27,-0.006,0.010,-174.0,0,0.0000,0.00
16:32:27,22.263584066758064,84.90971250798921,-32.492,-11.258,7.27,-0.013,0.002,-174.7,0,0.0017,0.00
16:32:27,22.26358406774344,84.90971250170188,-32.493,-11.258,7.27,-0.013,0.002,-175.3,0,0.0000,0.00
16:32:27,22.263584068726036,84.90971249543232,-32.493,-11.258,7.27,-0.013,0.002,-175.7,0,0.0000,0.00
16:32:27,22.263584069707104,84.90971248917248,-32.494,-11.258,7.27,-0.013,0.002,-175.7,0,0.0000,0.00
16:32:27,22.263584070687763,84.90971248291525,-32.495,-11.258,7.27,-0.013,0.002,-176.0,0,0.0000,0.00
16:32:27,22.2635840716687,84.90971247665627,-32.495,-11.258,7.27,-0.013,0.002,-175.8,0,0.0000,0.00
16:32:27,22.263584072649422,84.90971247039863,-32.496,-11.257,7.27,-0.013,0.002,-175.6,0,0.0000,0.00
16:32:27,22.263584073632614,84.90971246412523,-32.497,-11.257,7.22,-0.013,0.002,-175.6,0,0.0000,0.00
16:32:27,22.2635840746152,84.90971245785573,-32.497,-11.257,7.22,-0.013,0.002,-175.3,0,0.0000,0.00
16:32:27,22.26358407559629,84.90971245159575,-32.498,-11.257,7.22,-0.013,0.002,-174.6,0,0.0000,0.00
16:32:27,22.263584076578564,84.90971244532822,-32.498,-11.257,7.22,-0.013,0.002,-174.3,0,0.0000,0.00
16:32:27,22.263584059239424,84.90971244365225,-32.499,-11.259,7.16,-0.012,-0.003,-174.3,0,0.0019,0.00
16:32:27,22.263584058014995,84.90971243792315,-32.499,-11.259,7.16,-0.012,-0.003,-173.9,0,0.0000,0.00
16:32:27,22.26358405679293,84.9097124322051,-32.500,-11.259,7.16,-0.012,-0.003,-172.9,0,0.0000,0.00
16:32:27,22.26358405557394,84.90971242650144,-32.500,-11.259,7.16,-0.012,-0.003,-172.3,0,0.0000,0.00
16:32:28,22.263584054354524,84.9097124207958,-32.501,-11.260,7.16,-0.012,-0.003,-172.3,0,0.0000,0.00
16:32:28,22.263584053134633,84.90971241508792,-32.502,-11.260,7.16,-0.012,-0.003,-171.1,0,0.0000,0.00
16:32:28,22.263584051914187,84.90971240937745,-32.502,-11.260,7.16,-0.012,-0.003,-170.5,0,0.0000,0.00
16:32:28,22.26358405069106,84.90971240365444,-32.503,-11.260,7.16,-0.012,-0.003,-170.0,0,0.0000,0.00
16:32:28,22.26358404947004,84.90971239794129,-32.503,-11.260,7.06,-0.012,-0.003,-170.0,0,0.0000,0.00
16:32:28,22.263584048251687,84.9097123922406,-32.504,-11.260,7.06,-0.012,-0.003,-168.8,0,0.0000,0.00
16:32:28,22.26358404702633,84.90971238650718,-32.505,-11.260,7.06,-0.012,-0.003,-168.2,0,0.0000,0.00
16:32:28,22.26358404580638,84.90971238079901,-32.505,-11.260,7.06,-0.012,-0.003,-167.6,0,0.0000,0.00
16:32:28,22.263584044587375,84.9097123750953,-32.506,-11.261,7.06,-0.012,-0.003,-167.6,0,0.0000,0.00
16:32:28,22.26358404336821,84.9097123693908,-32.506,-11.261,7.06,-0.012,-0.003,-167.1,0,0.0000,0.00
16:32:28,22.263584042149247,84.90971236368729,-32.507,-11.261,7.06,-0.012,-0.003,-166.1,0,0.0000,0.00
16:32:28,22.263584040930855,84.90971235798642,-32.507,-11.261,7.06,-0.012,-0.003,-165.6,0,0.0000,0.00
16:32:28,22.263584039711905,84.90971235228295,-32.508,-11.261,7.06,-0.012,-0.003,-165.6,0,0.0000,0.00
16:32:28,22.26358403849336,84.90971234658139,-32.509,-11.261,6.95,-0.012,-0.003,-164.7,0,0.0000,0.00
16:32:28,22.263584037273464,84.90971234087348,-32.509,-11.261,6.95,-0.012,-0.003,-164.2,0,0.0000,0.00
16:32:28,22.2635840348333,84.90971232945596,-32.510,-11.262,6.95,-0.012,-0.003,-163.8,0,0.0000,0.00
16:32:28,22.26358403361354,84.9097123237487,-32.511,-11.262,6.86,-0.012,-0.003,-163.5,0,0.0000,0.00
16:32:28,22.26358403239299,84.90971231803775,-32.512,-11.262,6.86,-0.012,-0.003,-162.9,0,0.0000,0.00
16:32:28,22.263584031173487,84.90971231233168,-32.512,-11.262,6.86,-0.012,-0.003,-162.6,0,0.0000,0.00
16:32:29,22.26358402995125,84.90971230661283,-32.513,-11.262,6.86,-0.012,-0.003,-162.6,0,0.0000,0.00
16:32:29,22.263584028733625,84.90971230091556,-32.513,-11.262,6.86,-0.012,-0.003,-162.3,0,0.0000,0.00
16:32:29,22.263584027510426,84.90971229519222,-32.514,-11.263,6.86,-0.012,-0.003,-162.1,0,0.0000,0.00
16:32:29,22.26358402628846,84.90971228947464,-32.515,-11.263,6.86,-0.012,-0.003,-162.0,0,0.0000,0.00
16:32:29,22.26358402506731,84.90971228376087,-32.515,-11.263,6.86,-0.012,-0.003,-162.0,0,0.0000,0.00
16:32:29,22.263584023847905,84.90971227805527,-32.516,-11.263,6.71,-0.012,-0.003,-161.8,0,0.0000,0.00
16:32:29,22.26358402262547,84.9097122723355,-32.516,-11.263,6.71,-0.012,-0.003,-161.8,0,0.0000,0.00
16:32:29,22.26358402140434,84.90971226662184,-32.517,-11.263,6.71,-0.012,-0.003,-161.7,0,0.0000,0.00
16:32:29,22.263584020184197,84.90971226091277,-32.517,-11.263,6.71,-0.012,-0.003,-161.7,0,0.0000,0.00
16:32:29,22.26358401896298,84.9097122551987,-32.518,-11.263,6.71,-0.012,-0.003,-161.6,0,0.0000,0.00
16:32:29,22.26358401774222,84.90971224948677,-32.519,-11.264,6.58,-0.012,-0.003,-161.6,0,0.0000,0.00
16:32:29,22.26358401651944,84.90971224376538,-32.519,-11.264,6.58,-0.012,-0.003,-161.5,0,0.0000,0.00
16:32:29,22.263584015299436,84.90971223805697,-32.520,-11.264,6.58,-0.012,-0.003,-161.5,0,0.0000,0.00
16:32:29,22.26358401407603,84.90971223233265,-32.520,-11.264,6.58,-0.012,-0.003,-161.5,0,0.0000,0.00
16:32:29,22.263584012855926,84.90971222662377,-32.521,-11.264,6.58,-0.012,-0.003,-161.6,0,0.0000,0.00
16:32:29,22.26358401163396,84.90971222090619,-32.522,-11.264,6.58,-0.012,-0.003,-161.6,0,0.0000,0.00
16:32:29,22.26358401041428,84.90971221519932,-32.522,-11.264,6.58,-0.012,-0.003,-161.6,0,0.0000,0.00
16:32:29,22.26358409534721,84.90971219351457,-32.524,-11.255,6.58,-0.013,0.006,-161.7,0,0.0043,0.00
16:32:29,22.263584097974114,84.90971218706336,-32.525,-11.255,6.43,-0.013,0.006,-161.7,0,0.0000,0.00
16:32:29,22.263584100593132,84.90971218063154,-32.526,-11.254,6.43,-0.013,0.006,-161.7,0,0.0000,0.00
16:32:30,22.26358410320785,84.90971217421027,-32.526,-11.254,6.43,-0.013,0.006,-161.9,0,0.0000,0.00
16:32:30,22.263584105827274,84.90971216777744,-32.527,-11.254,6.43,-0.013,0.006,-161.9,0,0.0000,0.00
16:32:30,22.263584223957537,84.90971178523931,-32.566,-11.241,6.26,-0.067,0.024,-162.3,0,0.0044,0.00
16:32:30,22.26358423475471,84.90971175218394,-32.570,-11.239,6.26,-0.067,0.024,-162.3,0,0.0000,0.00
16:32:30,22.263584245518715,84.9097117192301,-32.573,-11.238,6.26,-0.067,0.024,-162.6,0,0.0000,0.00
16:32:30,22.26358425628751,84.90971168626162,-32.577,-11.237,6.26,-0.067,0.024,-162.9,0,0.0000,0.00
16:32:30,22.263584267054263,84.90971165329937,-32.580,-11.236,6.26,-0.067,0.024,-162.9,0,0.0000,0.00
16:32:30,22.263584277802117,84.90971162039499,-32.583,-11.235,6.26,-0.067,0.024,-163.7,0,0.0000,0.00
16:32:30,22.263584288585687,84.90971158738127,-32.587,-11.233,6.26,-0.067,0.024,-164.0,0,0.0000,0.00
16:32:30,22.263584299345208,84.90971155444116,-32.590,-11.232,6.26,-0.067,0.024,-164.0,0,0.0000,0.00
16:32:30,22.26358431009184,84.90971152154052,-32.594,-11.231,6.26,-0.067,0.024,-164.8,0,0.0000,0.00
16:32:30,22.263584320858033,84.90971148857999,-32.597,-11.230,6.13,-0.067,0.024,-165.1,0,0.0000,0.00
16:32:30,22.26358437316603,84.90971130320774,-32.616,-11.224,6.13,-0.100,0.034,-165.8,0,0.0046,0.00
16:32:30,22.263584388381695,84.90971125393935,-32.621,-11.222,6.13,-0.100,0.034,-165.8,0,0.0000,0.00
16:32:30,22.26358440354909,84.90971120482725,-32.626,-11.221,6.13,-0.100,0.034,-166.2,0,0.0000,0.00
16:32:30,22.263584418713396,84.90971115572515,-32.631,-11.219,6.00,-0.100,0.034,-166.6,0,0.0000,0.00
16:32:30,22.26358443389781,84.90971110655794,-32.636,-11.217,6.00,-0.100,0.034,-167.0,0,0.0000,0.00
16:32:30,22.26358445855145,84.9097110029844,-32.647,-11.215,6.00,-0.116,0.036,-167.7,0,0.0046,0.00
16:32:30,22.263584475075874,84.9097109462077,-32.653,-11.213,6.00,-0.116,0.036,-167.7,0,0.0000,0.00
16:32:30,22.263584491551704,84.90971088959796,-32.659,-11.211,6.00,-0.116,0.036,-168.1,0,0.0000,0.00
16:32:31,22.263584508015292,84.90971083303029,-32.665,-11.209,6.00,-0.116,0.036,-168.5,0,0.0000,0.00
16:32:31,22.263584524468424,84.90971077649854,-32.670,-11.207,6.00,-0.116,0.036,-169.1,0,0.0000,0.00
16:32:31,22.263584540930452,84.90971071993624,-32.676,-11.205,6.00,-0.116,0.036,-169.1,0,0.0000,0.00
16:32:31,22.263584557392946,84.90971066337232,-32.682,-11.204,5.81,-0.116,0.036,-169.5,0,0.0000,0.00
16:32:31,22.26358457389943,84.90971060665726,-32.688,-11.202,5.81,-0.116,0.036,-169.8,0,0.0000,0.00
16:32:31,22.263584590391485,84.90971054999179,-32.694,-11.200,5.81,-0.116,0.036,-170.4,0,0.0000,0.00
16:32:31,22.263584606847896,84.90971049344877,-32.700,-11.198,5.81,-0.116,0.036,-170.4,0,0.0000,0.00
16:32:31,22.263584623314678,84.90971043687011,-32.705,-11.196,5.81,-0.116,0.036,-170.8,0,0.0000,0.00
16:32:31,22.26358461840384,84.90971029638652,-32.720,-11.197,5.81,-0.137,0.031,-171.1,0,0.0047,0.00
16:32:31,22.263584632264887,84.90971022903273,-32.727,-11.195,5.81,-0.137,0.031,-171.1,0,0.0000,0.00
16:32:31,22.263584646078293,84.90971016191044,-32.734,-11.194,5.81,-0.137,0.031,-171.9,0,0.0000,0.00
16:32:31,22.26358465988052,84.90971009484245,-32.741,-11.192,5.81,-0.137,0.031,-172.2,0,0.0000,0.00
16:32:31,22.263584673688765,84.90971002774525,-32.748,-11.191,5.67,-0.137,0.031,-172.9,0,0.0000,0.00
16:32:31,22.263584687497136,84.9097099606474,-32.754,-11.189,5.67,-0.137,0.031,-173.3,0,0.0000,0.00
16:32:31,22.263584701294004,84.90970989360547,-32.761,-11.188,5.67,-0.137,0.031,-173.3,0,0.0000,0.00
16:32:31,22.263584715097213,84.90970982653272,-32.768,-11.186,5.67,-0.137,0.031,-173.7,0,0.0000,0.00
16:32:31,22.26358472889722,84.90970975947553,-32.775,-11.184,5.51,-0.137,0.031,-174.1,0,0.0000,0.00
16:32:31,22.26358474271494,84.90970969233229,-32.782,-11.183,5.51,-0.137,0.031,-174.1,0,0.0000,0.00
16:32:31,22.26358475650684,84.90970962531448,-32.789,-11.181,5.51,-0.137,0.031,-174.9,0,0.0000,0.00
16:32:32,22.263584770311816,84.90970955823315,-32.796,-11.180,5.51,-0.137,0.031,-175.3,0,0.0000,0.00
16:32:32,22.263584784127573,84.90970949109942,-32.803,-11.178,5.51,-0.137,0.031,-176.1,0,0.0000,0.00
16:32:32,22.263584797939345,84.90970942398508,-32.810,-11.177,5.51,-0.137,0.031,-176.5,0,0.0000,0.00
16:32:32,22.263584811735626,84.909709356946,-32.817,-11.175,5.51,-0.137,0.031,-176.5,0,0.0000,0.00
16:32:32,22.263584825521583,84.90970928995708,-32.824,-11.174,5.51,-0.137,0.031,-176.9,0,0.0000,0.00
16:32:32,22.26358483933061,84.90970922285607,-32.830,-11.172,5.37,-0.137,0.031,-177.7,0,0.0000,0.00
16:32:32,22.26358485312728,84.90970915581508,-32.837,-11.171,5.37,-0.137,0.031,-178.1,0,0.0000,0.00
16:32:32,22.263584866935457,84.90970908871819,-32.844,-11.169,5.37,-0.137,0.031,-178.1,0,0.0000,0.00
16:32:32,22.263584880722785,84.9097090217226,-32.851,-11.168,5.37,-0.137,0.031,-178.5,0,0.0000,0.00
16:32:32,22.263584765405838,84.90970878249954,-32.876,-11.180,5.37,-0.166,0.008,-179.3,0,0.0048,0.00
16:32:32,22.26358476883539,84.90970870128764,-32.884,-11.180,5.18,-0.166,0.008,-179.3,0,0.0000,0.00
16:32:32,22.26358477226599,84.90970862005085,-32.893,-11.180,5.18,-0.166,0.008,-179.7,0,0.0000,0.00
16:32:32,22.263584775686365,84.90970853905618,-32.901,-11.179,5.18,-0.166,0.008,179.6,0,0.0000,0.00
16:32:32,22.26358477910074,84.90970845820365,-32.909,-11.179,5.18,-0.166,0.008,179.2,0,0.0000,0.00
16:32:32,22.26358476086408,84.90970836139851,-32.919,-11.181,5.18,-0.169,0.002,179.2,0,0.0047,0.00
16:32:32,22.26358476189426,84.90970827849993,-32.928,-11.181,5.18,-0.169,0.002,178.8,0,0.0000,0.00
16:32:32,22.26358476292247,84.90970819575986,-32.936,-11.181,5.18,-0.169,0.002,178.0,0,0.0000,0.00
16:32:32,22.26358476395063,84.9097081130237,-32.945,-11.181,5.18,-0.169,0.002,177.6,0,0.0000,0.00
16:32:32,22.263584764977637,84.9097080303803,-32.953,-11.180,5.05,-0.169,0.002,177.6,0,0.0000,0.00
16:32:32,22.26358476600488,84.90970794771812,-32.962,-11.180,5.05,-0.169,0.002,177.3,0,0.0000,0.00
16:32:33,22.263584767032686,84.90970786501052,-32.970,-11.180,5.05,-0.169,0.002,176.5,0,0.0000,0.00
16:32:33,22.263584768060753,84.9097077822818,-32.979,-11.180,5.05,-0.169,0.002,176.2,0,0.0000,0.00
16:32:33,22.26358476908836,84.90970769959026,-32.987,-11.180,4.91,-0.169,0.002,176.2,0,0.0000,0.00
16:32:33,22.263584770116267,84.90970761687446,-32.996,-11.180,4.91,-0.169,0.002,175.8,0,0.0000,0.00
16:32:33,22.26358477114204,84.90970753433047,-33.004,-11.180,4.91,-0.169,0.002,175.1,0,0.0000,0.00
16:32:33,22.263584772169036,84.90970745168784,-33.013,-11.180,4.91,-0.169,0.002,174.7,0,0.0000,0.00
16:32:33,22.26358477319638,84.90970736901744,-33.021,-11.180,4.91,-0.169,0.002,174.4,0,0.0000,0.00
16:32:33,22.26358477422423,84.90970728630633,-33.030,-11.179,4.91,-0.169,0.002,174.4,0,0.0000,0.00
16:32:33,22.263584775248102,84.90970720391536,-33.038,-11.179,4.91,-0.169,0.002,173.7,0,0.0000,0.00
16:32:33,22.263584776276918,84.90970712112636,-33.047,-11.179,4.91,-0.169,0.002,173.4,0,0.0000,0.00
16:32:33,22.26358477730478,84.90970703841447,-33.056,-11.179,4.91,-0.169,0.002,173.1,0,0.0000,0.00
16:32:33,22.26358477833307,84.90970695566774,-33.064,-11.179,4.70,-0.169,0.002,173.1,0,0.0000,0.00
16:32:33,22.263584779358734,84.90970687313236,-33.073,-11.179,4.70,-0.169,0.002,172.3,0,0.0000,0.00
16:32:33,22.263584780384924,84.90970679055471,-33.081,-11.179,4.70,-0.169,0.002,171.9,0,0.0000,0.00
16:32:33,22.26358478141273,84.90970670784712,-33.090,-11.179,4.70,-0.169,0.002,171.5,0,0.0000,0.00
16:32:33,22.26358478244086,84.9097066251137,-33.098,-11.178,4.70,-0.169,0.002,171.5,0,0.0000,0.00
16:32:33,22.263584783468414,84.90970654242608,-33.107,-11.178,4.70,-0.169,0.002,170.8,0,0.0000,0.00
16:32:33,22.263584784495208,84.90970645979989,-33.115,-11.178,4.70,-0.169,0.002,170.4,0,0.0000,0.00
16:32:33,22.26358478552228,84.9097063771514,-33.124,-11.178,4.70,-0.169,0.002,169.9,0,0.0000,0.00
16:32:33,22.263584786550116,84.90970629444146,-33.132,-11.178,4.58,-0.169,0.002,169.9,0,0.0000,0.00
16:32:34,22.263584585763656,84.90970608788868,-33.153,-11.200,4.58,-0.186,-0.027,169.1,0,0.0046,0.00
16:32:34,22.263584573328384,84.90970599669114,-33.163,-11.202,4.58,-0.186,-0.027,168.7,0,0.0000,0.00
16:32:34,22.26358456092592,84.90970590573421,-33.172,-11.203,4.58,-0.186,-0.027,168.3,0,0.0000,0.00
16:32:34,22.263584548502504,84.90970581462362,-33.182,-11.205,4.43,-0.186,-0.027,168.3,0,0.0000,0.00
16:32:34,22.263584536121815,84.90970572382638,-33.191,-11.206,4.43,-0.186,-0.027,167.5,0,0.0000,0.00
16:32:34,22.26358452373807,84.90970563300674,-33.200,-11.207,4.43,-0.186,-0.027,167.1,0,0.0000,0.00
16:32:34,22.263584511335317,84.90970554204766,-33.210,-11.209,4.43,-0.186,-0.027,166.7,0,0.0000,0.00
16:32:34,22.263584498924576,84.90970545103004,-33.219,-11.210,4.43,-0.186,-0.027,166.7,0,0.0000,0.00
16:32:34,22.26358448653702,84.90970536018243,-33.228,-11.211,4.43,-0.186,-0.027,165.9,0,0.0000,0.00
16:32:34,22.263584474149756,84.90970526933697,-33.238,-11.213,4.43,-0.186,-0.027,165.4,0,0.0000,0.00
16:32:34,22.263584461762964,84.90970517849496,-33.247,-11.214,4.43,-0.186,-0.027,165.0,0,0.0000,0.00
16:32:34,22.26358444934612,84.90970508743257,-33.257,-11.216,4.43,-0.186,-0.027,165.0,0,0.0000,0.00
16:32:34,22.263584436955746,84.9097049965643,-33.266,-11.217,4.23,-0.186,-0.027,164.0,0,0.0000,0.00
16:32:34,22.26358442455193,84.90970490559747,-33.275,-11.218,4.23,-0.186,-0.027,163.6,0,0.0000,0.00
16:32:34,22.2635844121497,84.90970481464225,-33.285,-11.220,4.23,-0.186,-0.027,163.1,0,0.0000,0.00
16:32:34,22.263584253919742,84.90970468646613,-33.298,-11.237,4.23,-0.192,-0.054,163.1,0,0.0046,0.00
16:32:34,22.263584229496583,84.909704592268,-33.308,-11.240,4.09,-0.192,-0.054,162.3,0,0.0000,0.00
16:32:34,22.263584205122555,84.90970449825939,-33.317,-11.243,4.09,-0.192,-0.054,161.9,0,0.0000,0.00
16:32:34,22.2635841807453,84.90970440423831,-33.327,-11.245,4.09,-0.192,-0.054,161.5,0,0.0000,0.00
16:32:35,22.263584156398494,84.90970431033467,-33.337,-11.248,4.09,-0.192,-0.054,160.6,0,0.0000,0.00
16:32:35,22.263584089588694,84.9097042162312,-33.346,-11.256,4.09,-0.192,-0.065,160.6,0,0.0045,0.00
16:32:35,22.263584060208796,84.90970412163577,-33.356,-11.259,4.09,-0.192,-0.065,160.1,0,0.0000,0.00
16:32:35,22.26358403097095,84.90970402749772,-33.366,-11.262,4.09,-0.192,-0.065,159.7,0,0.0000,0.00
16:32:35,22.263584001717078,84.90970393330807,-33.375,-11.265,4.09,-0.192,-0.065,158.9,0,0.0000,0.00
16:32:35,22.26358397256325,84.90970383944054,-33.385,-11.269,3.96,-0.192,-0.065,158.9,0,0.0000,0.00
16:32:35,22.26358393168378,84.9097037818869,-33.391,-11.273,3.96,-0.181,-0.068,158.5,0,0.0045,0.00
16:32:35,22.263583900658467,84.90970369313612,-33.400,-11.277,3.96,-0.181,-0.068,158.1,0,0.0000,0.00
16:32:35,22.263583869714,84.90970360461658,-33.409,-11.280,3.96,-0.181,-0.068,157.4,0,0.0000,0.00
16:32:35,22.26358383877993,84.90970351612678,-33.418,-11.284,3.78,-0.181,-0.068,157.4,0,0.0000,0.00
16:32:35,22.263583807837513,84.90970342761311,-33.428,-11.287,3.78,-0.181,-0.068,157.0,0,0.0000,0.00
16:32:35,22.263583776866536,84.90970333901775,-33.437,-11.290,3.78,-0.181,-0.068,156.7,0,0.0000,0.00
16:32:35,22.263583745911962,84.9097032504693,-33.446,-11.294,3.78,-0.181,-0.068,156.0,0,0.0000,0.00
16:32:35,22.263583714888263,84.90970316172313,-33.455,-11.297,3.78,-0.181,-0.068,156.0,0,0.0000,0.00
16:32:35,22.26358368403328,84.90970307345957,-33.464,-11.301,3.78,-0.181,-0.068,155.6,0,0.0000,0.00
16:32:35,22.2635836530954,84.90970298495888,-33.473,-11.304,3.78,-0.181,-0.068,155.2,0,0.0000,0.00
16:32:35,22.26358362217788,84.90970289651642,-33.482,-11.308,3.78,-0.181,-0.068,154.5,0,0.0000,0.00
16:32:35,22.26358359125245,84.90970280805135,-33.491,-11.311,3.78,-0.181,-0.068,154.5,0,0.0000,0.00
16:32:35,22.26358356029773,84.90970271950249,-33.500,-11.315,3.64,-0.181,-0.068,154.5,0,0.0000,0.00
16:32:35,22.26358352932822,84.90970263091131,-33.510,-11.318,3.64,-0.181,-0.068,153.8,0,0.0000,0.00
16:32:35,22.26358349839737,84.90970254243074,-33.519,-11.321,3.64,-0.181,-0.068,153.0,0,0.0000,0.00
16:32:36,22.263583467398863,84.90970245375661,-33.528,-11.325,3.64,-0.181,-0.068,153.0,0,0.0000,0.00
16:32:36,22.263583436540507,84.90970236548341,-33.537,-11.328,3.64,-0.181,-0.068,152.6,0,0.0000,0.00
16:32:36,22.26358340553292,84.9097022767833,-33.546,-11.332,3.64,-0.181,-0.068,152.2,0,0.0000,0.00
16:32:36,22.263583374590354,84.90970218826922,-33.555,-11.335,3.64,-0.181,-0.068,151.5,0,0.0000,0.00
16:32:36,22.263583343686307,84.90970209986531,-33.564,-11.339,3.64,-0.181,-0.068,151.5,0,0.0000,0.00
16:32:36,22.26358331283469,84.90970201161139,-33.573,-11.342,3.49,-0.181,-0.068,151.1,0,0.0000,0.00
16:32:36,22.263583281919512,84.90970192317563,-33.582,-11.346,3.49,-0.181,-0.068,150.6,0,0.0000,0.00
16:32:36,22.263583250990127,84.90970183469925,-33.592,-11.349,3.49,-0.181,-0.068,149.8,0,0.0000,0.00
16:32:36,22.26358322007246,84.90970174625637,-33.601,-11.352,3.49,-0.181,-0.068,149.8,0,0.0000,0.00
16:32:36,22.263583189203707,84.90970165795343,-33.610,-11.356,3.49,-0.181,-0.068,149.4,0,0.0000,0.00
16:32:36,22.263583127058627,84.90970148018164,-33.628,-11.363,3.33,-0.181,-0.068,148.1,0,0.0000,0.00
16:32:36,22.26358309610054,84.90970139162314,-33.637,-11.366,3.33,-0.181,-0.068,148.1,0,0.0000,0.00
16:32:36,22.263583065177308,84.90970130316435,-33.646,-11.370,3.33,-0.181,-0.068,147.7,0,0.0000,0.00
16:32:36,22.263583034109526,84.90970121429207,-33.656,-11.373,3.33,-0.181,-0.068,146.9,0,0.0000,0.00
16:32:36,22.26358300318395,84.90970112582657,-33.665,-11.377,3.33,-0.181,-0.068,146.9,0,0.0000,0.00
16:32:36,22.263582694339377,84.9097011287529,-33.664,-11.411,3.33,-0.170,-0.104,146.5,0,0.0044,0.00
16:32:36,22.26358264706992,84.90970104545141,-33.673,-11.416,3.33,-0.170,-0.104,146.2,0,0.0000,0.00
16:32:36,22.263582599859888,84.90970096225465,-33.681,-11.421,3.18,-0.170,-0.104,145.5,0,0.0000,0.00
16:32:36,22.263582552622825,84.90970087901024,-33.690,-11.427,3.18,-0.170,-0.104,145.5,0,0.0000,0.00
16:32:37,22.26358250556135,84.90970079607528,-33.699,-11.432,3.18,-0.170,-0.104,145.1,0,0.0000,0.00
16:32:37,22.263582470900904,84.90970080049182,-33.698,-11.436,3.18,-0.154,-0.102,144.8,0,0.0044,0.00
16:32:37,22.263582424673302,84.90970072475685,-33.706,-11.441,3.05,-0.154,-0.102,144.1,0,0.0000,0.00
16:32:37,22.2635823785607,84.90970064921027,-33.714,-11.446,3.05,-0.154,-0.102,144.1,0,0.0000,0.00
16:32:37,22.263582332535595,84.90970057380704,-33.722,-11.451,3.05,-0.154,-0.102,143.7,0,0.0000,0.00
16:32:37,22.263582286431717,84.90970049827476,-33.729,-11.456,3.05,-0.154,-0.102,143.0,0,0.0000,0.00
16:32:37,22.263582220144137,84.90970043860264,-33.735,-11.464,3.05,-0.150,-0.108,142.6,0,0.0044,0.00
16:32:37,22.26358217132372,84.90970036493451,-33.743,-11.469,3.05,-0.150,-0.108,142.6,0,0.0000,0.00
16:32:37,22.263582122639566,84.90970029147199,-33.751,-11.475,3.05,-0.150,-0.108,142.3,0,0.0000,0.00
16:32:37,22.26358207391322,84.90970021794581,-33.758,-11.480,3.05,-0.150,-0.108,141.5,0,0.0000,0.00
16:32:37,22.26358202521177,84.90970014445722,-33.766,-11.485,3.05,-0.150,-0.108,141.5,0,0.0000,0.00
16:32:37,22.263581927164875,84.90970003227602,-33.777,-11.496,2.87,-0.163,-0.125,141.1,0,0.0044,0.00
16:32:37,22.263581870287087,84.90969995226042,-33.786,-11.503,2.87,-0.163,-0.125,140.4,0,0.0000,0.00
16:32:37,22.263581813552104,84.90969987244573,-33.794,-11.509,2.87,-0.163,-0.125,140.0,0,0.0000,0.00
16:32:37,22.2635817568488,84.9096997926756,-33.802,-11.515,2.87,-0.163,-0.125,140.0,0,0.0000,0.00
16:32:37,22.263581700296086,84.90969971311732,-33.810,-11.522,2.73,-0.163,-0.125,139.6,0,0.0000,0.00
16:32:37,22.263581643556275,84.90969963329583,-33.818,-11.528,2.73,-0.163,-0.125,139.3,0,0.0000,0.00
16:32:37,22.263581586913368,84.90969955361066,-33.827,-11.534,2.73,-0.163,-0.125,139.3,0,0.0000,0.00
16:32:37,22.26358153008041,84.90969947365812,-33.835,-11.541,2.73,-0.163,-0.125,138.5,0,0.0000,0.00
16:32:37,22.26358147331912,84.90969939380642,-33.843,-11.547,2.73,-0.163,-0.125,137.8,0,0.0000,0.00
16:32:38,22.263581416565884,84.90969931396604,-33.851,-11.553,2.73,-0.163,-0.125,137.4,0,0.0000,0.00
16:32:38,22.263581359856406,84.90969923418723,-33.860,-11.559,2.73,-0.163,-0.125,137.4,0,0.0000,0.00
16:32:38,22.263581303222892,84.90969915451528,-33.868,-11.566,2.73,-0.163,-0.125,137.0,0,0.0000,0.00
16:32:38,22.263581246491402,84.9096990747055,-33.876,-11.572,2.61,-0.163,-0.125,136.2,0,0.0000,0.00
16:32:38,22.263581189700318,84.90969899481188,-33.884,-11.578,2.61,-0.163,-0.125,135.8,0,0.0000,0.00
16:32:38,22.26358113295299,84.90969891497981,-33.892,-11.585,2.61,-0.163,-0.125,135.8,0,0.0000,0.00
16:32:38,22.263581076345783,84.90969883534487,-33.901,-11.591,2.61,-0.163,-0.125,135.4,0,0.0000,0.00
16:32:38,22.263581019583423,84.90969875549166,-33.909,-11.597,2.61,-0.163,-0.125,134.6,0,0.0000,0.00
16:32:38,22.26358096278026,84.90969867558104,-33.917,-11.604,2.45,-0.163,-0.125,134.2,0,0.0000,0.00
16:32:38,22.263580906051722,84.90969859577541,-33.925,-11.610,2.45,-0.163,-0.125,134.2,0,0.0000,0.00
16:32:38,22.263580849387072,84.90969851605966,-33.933,-11.616,2.45,-0.163,-0.125,133.3,0,0.0000,0.00
16:32:38,22.26358079062352,84.90969843339117,-33.942,-11.623,2.45,-0.163,-0.125,132.9,0,0.0000,0.00
16:32:38,22.263580733889345,84.90969835357761,-33.950,-11.629,2.45,-0.163,-0.125,132.9,0,0.0000,0.00
16:32:38,22.263580677186038,84.90969827380748,-33.958,-11.635,2.45,-0.163,-0.125,132.5,0,0.0000,0.00
16:32:38,22.263580620408913,84.9096981939335,-33.967,-11.642,2.45,-0.163,-0.125,131.7,0,0.0000,0.00
16:32:38,22.26358056365756,84.90969811409576,-33.975,-11.648,2.45,-0.163,-0.125,131.3,0,0.0000,0.00
16:32:38,22.263580506739775,84.9096980340239,-33.983,-11.654,2.31,-0.163,-0.125,131.3,0,0.0000,0.00
16:32:38,22.263580449934192,84.90969795410989,-33.991,-11.661,2.31,-0.163,-0.125,130.4,0,0.0000,0.00
16:32:38,22.263580393223908,84.90969787432994,-34.000,-11.667,2.31,-0.163,-0.125,130.0,0,0.0000,0.00
16:32:38,22.26358033651443,84.90969779455112,-34.008,-11.673,2.31,-0.163,-0.125,130.0,0,0.0000,0.00
16:32:39,22.263580279676102,84.90969771459103,-34.016,-11.680,2.31,-0.163,-0.125,129.7,0,0.0000,0.00
16:32:39,22.263580222948637,84.90969763478691,-34.024,-11.686,2.31,-0.163,-0.125,128.9,0,0.0000,0.00
16:32:39,22.26358016629204,84.90969755508249,-34.032,-11.692,2.31,-0.163,-0.125,128.5,0,0.0000,0.00
16:32:39,22.263580109475722,84.90969747515337,-34.041,-11.699,2.31,-0.163,-0.125,128.5,0,0.0000,0.00
16:32:39,22.263580052844627,84.90969739548483,-34.049,-11.705,2.31,-0.163,-0.125,127.7,0,0.0000,0.00
16:32:39,22.263579996144543,84.90969731571921,-34.057,-11.711,2.17,-0.163,-0.125,127.4,0,0.0000,0.00
16:32:39,22.263579939342453,84.90969723581011,-34.065,-11.718,2.17,-0.163,-0.125,127.0,0,0.0000,0.00
16:32:39,22.263579882662768,84.90969715607321,-34.074,-11.724,2.17,-0.163,-0.125,127.0,0,0.0000,0.00
16:32:39,22.26357982597584,84.90969707632611,-34.082,-11.730,2.17,-0.163,-0.125,126.2,0,0.0000,0.00
16:32:39,22.263579769318973,84.9096969966213,-34.090,-11.737,2.00,-0.163,-0.125,125.9,0,0.0000,0.00
16:32:39,22.263579712593923,84.9096969168206,-34.098,-11.743,2.00,-0.163,-0.125,125.5,0,0.0000,0.00
16:32:39,22.263579655829684,84.90969683696473,-34.106,-11.749,2.00,-0.163,-0.125,125.5,0,0.0000,0.00
16:32:39,22.26357959921174,84.90969675731469,-34.115,-11.755,2.00,-0.163,-0.125,124.7,0,0.0000,0.00
16:32:39,22.263579542393007,84.90969667738217,-34.123,-11.762,2.00,-0.163,-0.125,124.4,0,0.0000,0.00
16:32:39,22.263579485548238,84.90969659741302,-34.131,-11.768,2.00,-0.163,-0.125,124.0,0,0.0000,0.00
16:32:39,22.26357942885191,84.9096965176527,-34.139,-11.774,2.00,-0.163,-0.125,124.0,0,0.0000,0.00
16:32:39,22.263579372195583,84.90969643794865,-34.148,-11.781,2.00,-0.163,-0.125,123.6,0,0.0000,0.00
16:32:39,22.263579315489054,84.90969635817399,-34.156,-11.787,1.86,-0.163,-0.125,122.9,0,0.0000,0.00
16:32:39,22.2635792587683,84.90969627837931,-34.164,-11.793,1.86,-0.163,-0.125,122.5,0,0.0000,0.00
16:32:40,22.263579202049964,84.90969619858804,-34.172,-11.800,1.86,-0.163,-0.125,122.5,0,0.0000,0.00
16:32:40,22.263579145396854,84.90969611888852,-34.180,-11.806,1.86,-0.163,-0.125,121.7,0,0.0000,0.00
16:32:40,22.26357908862644,84.90969603902397,-34.189,-11.812,1.86,-0.163,-0.125,121.2,0,0.0000,0.00
16:32:40,22.26357903182435,84.90969595911487,-34.197,-11.819,1.74,-0.163,-0.125,120.8,0,0.0000,0.00
16:32:40,22.26357897515621,84.9096958793942,-34.205,-11.825,1.74,-0.163,-0.125,120.8,0,0.0000,0.00
16:32:40,22.263578918533703,84.90969579973775,-34.213,-11.831,1.74,-0.163,-0.125,119.9,0,0.0000,0.00
16:32:40,22.263578861897777,84.9096957200624,-34.222,-11.838,1.74,-0.163,-0.125,119.5,0,0.0000,0.00
16:32:40,22.263578519357257,84.90969663956628,-34.127,-11.876,1.74,-0.092,-0.147,119.1,0,0.0043,0.00
16:32:40,22.26357845262709,84.90969659432334,-34.131,-11.883,1.74,-0.092,-0.147,119.1,0,0.0000,0.00
16:32:40,22.263578385992147,84.90969654914494,-34.136,-11.891,1.74,-0.092,-0.147,118.3,0,0.0000,0.00
16:32:40,22.2635783192727,84.90969650390926,-34.141,-11.898,1.74,-0.092,-0.147,117.9,0,0.0000,0.00
16:32:40,22.26358059651012,84.90969614061662,-34.178,-11.644,1.54,-0.128,0.134,117.5,0,0.0104,0.00
16:32:40,22.263580657088312,84.90969607810693,-34.185,-11.638,1.54,-0.128,0.134,117.5,0,0.0104,0.00
16:32:40,22.263581073330737,84.90969567282642,-34.226,-11.591,1.54,-0.182,0.195,116.6,0,0.0088,0.00
16:32:40,22.263581161562602,84.9096955836644,-34.236,-11.582,1.54,-0.182,0.195,116.2,0,10.0005,0.00
16:32:40,22.263581249606386,84.90969549469244,-34.245,-11.572,1.54,-0.182,0.195,116.2,0,0.0000,0.00
16:32:40,22.263581662178094,84.90969612327055,-34.180,-11.526,1.43,0.003,0.285,115.4,0,0.0076,0.00
16:32:40,22.26358179142037,84.90969612450081,-34.180,-11.511,1.43,0.003,0.285,115.0,0,0.0076,0.00
16:32:40,22.26358192038384,84.90969612572842,-34.180,-11.497,1.43,0.003,0.285,114.6,0,0.0076,0.00
16:32:40,22.26358204945529,84.90969612695706,-34.180,-11.483,1.43,0.003,0.285,114.6,0,10.0005,0.00
16:32:41,22.263582178130193,84.90969612818192,-34.179,-11.468,1.43,0.003,0.285,113.8,0,10.0005,0.00
16:32:41,22.263582307151008,84.90969612941008,-34.179,-11.454,1.43,0.003,0.285,113.4,0,0.0000,0.00
16:32:41,22.26358243620721,84.90969613063857,-34.179,-11.440,1.43,0.003,0.285,113.0,0,0.0000,0.00
16:32:41,22.263582565011447,84.90969613186466,-34.179,-11.425,1.43,0.003,0.285,113.0,0,0.0000,0.00
16:32:41,22.263582693589957,84.9096961330886,-34.179,-11.411,1.30,0.003,0.285,112.2,0,0.0000,0.00
16:32:41,22.263582822399076,84.90969613431474,-34.179,-11.397,1.30,0.003,0.285,111.9,0,10.0005,0.00
16:32:41,22.263582951275914,84.90969613554154,-34.179,-11.382,1.30,0.003,0.285,111.9,0,10.0005,0.00
16:32:41,22.263583080338215,84.90969613677008,-34.179,-11.368,1.30,0.003,0.285,111.5,0,10.0005,0.00
16:32:41,22.26358320928033,84.90969613799749,-34.178,-11.354,1.12,0.003,0.285,110.7,0,10.0005,0.00
16:32:41,22.263583338379846,84.9096961392264,-34.178,-11.339,1.12,0.003,0.285,109.9,0,0.0000,0.00
16:32:41,22.2635834674757,84.90969614045527,-34.178,-11.325,1.12,0.003,0.285,109.9,0,0.0000,0.00
16:32:41,22.263583596185377,84.90969614168046,-34.178,-11.311,1.12,0.003,0.285,109.6,0,0.0000,0.00
16:32:41,22.263583725212296,84.90969614290867,-34.178,-11.296,1.12,0.003,0.285,109.2,0,0.0000,0.00
16:32:41,22.26358385392746,84.90969614413392,-34.178,-11.282,1.12,0.003,0.285,108.5,0,0.0000,0.00
16:32:41,22.26358398279027,84.90969614536057,-34.178,-11.267,1.12,0.003,0.285,108.5,0,10.0005,0.00
16:32:41,22.26358411154326,84.90969614658617,-34.178,-11.253,1.12,0.003,0.285,108.1,0,0.0000,0.00
16:32:41,22.263584240498187,84.9096961478137,-34.177,-11.239,1.12,0.003,0.285,107.7,0,0.0000,0.00
16:32:41,22.26358436941529,84.90969614904087,-34.177,-11.224,0.98,0.003,0.285,106.9,0,0.0000,0.00
16:32:41,22.26358449841109,84.90969615026879,-34.177,-11.210,0.98,0.003,0.285,106.9,0,0.0000,0.00
16:32:41,22.26358462715127,84.90969615149427,-34.177,-11.196,0.98,0.003,0.285,106.6,0,10.0005,0.00
16:32:42,22.26358475639599,84.90969615272456,-34.177,-11.181,0.98,0.003,0.285,106.2,0,0.0000,0.00
16:32:42,22.26358488536251,84.9096961539522,-34.177,-11.167,0.98,0.003,0.285,105.4,0,0.0000,0.00
16:32:42,22.263585014562075,84.90969615518206,-34.177,-11.153,0.98,0.003,0.285,105.4,0,0.0000,0.00
16:32:42,22.263585143236977,84.90969615640692,-34.177,-11.138,0.98,0.003,0.285,105.0,0,0.0000,0.00
16:32:42,22.263585272274877,84.90969615763524,-34.176,-11.124,0.98,0.003,0.285,104.2,0,0.0000,0.00
16:32:42,22.26358540089426,84.90969615885957,-34.176,-11.110,0.86,0.003,0.285,103.9,0,0.0000,0.00
16:32:42,22.26358552995656,84.90969616008813,-34.176,-11.095,0.86,0.003,0.285,103.9,0,0.0000,0.00
16:32:42,22.2635856587547,84.90969616131416,-34.176,-11.081,0.86,0.003,0.285,103.4,0,0.0000,0.00
16:32:42,22.26358578752233,84.9096961625399,-34.176,-11.067,0.86,0.003,0.285,102.6,0,10.0005,0.00
16:32:42,22.263585916295455,84.9096961637657,-34.176,-11.052,0.68,0.003,0.285,102.2,0,0.0000,0.00
16:32:42,22.263586045327255,84.90969616499396,-34.176,-11.038,0.68,0.003,0.285,102.2,0,0.0000,0.00
16:32:42,22.26358617427242,84.9096961662214,-34.176,-11.024,0.68,0.003,0.285,101.8,0,0.0000,0.00
16:32:42,22.263586303220638,84.90969616744887,-34.175,-11.009,0.68,0.003,0.285,100.9,0,0.0000,0.00
16:32:42,22.263586431856492,84.90969616867335,-34.175,-10.995,0.68,0.003,0.285,100.5,0,0.0000,0.00
16:32:42,22.263586560683915,84.90969616989968,-34.175,-10.981,0.68,0.003,0.285,100.5,0,0.0000,0.00
16:32:42,22.26358668964006,84.90969617112721,-34.175,-10.966,0.68,0.003,0.285,100.0,0,0.0000,0.00
16:32:42,22.263586818497377,84.9096961723538,-34.175,-10.952,0.68,0.003,0.285,99.6,0,0.0000,0.00
16:32:42,22.263586947130182,84.90969617357827,-34.175,-10.938,0.68,0.003,0.285,98.6,0,0.0000,0.00
16:32:42,22.263587076028983,84.90969617480526,-34.175,-10.923,0.54,0.003,0.285,98.6,0,0.0000,0.00
16:32:43,22.263587204594682,84.90969617602909,-34.175,-10.909,0.54,0.003,0.285,98.2,0,0.0000,0.00
16:32:43,22.26358733326531,84.9096961772539,-34.174,-10.895,0.54,0.003,0.285,97.2,0,0.0000,0.00
16:32:43,22.2635874619396,84.90969617847877,-34.174,-10.880,0.54,0.003,0.285,96.8,0,0.0000,0.00
16:32:43,22.263587590709065,84.90969617970453,-34.174,-10.866,0.42,0.003,0.285,96.8,0,0.0000,0.00
16:32:43,22.263587719336382,84.90969618092895,-34.174,-10.852,0.42,0.003,0.285,96.4,0,0.0000,0.00
16:32:43,22.26358784791855,84.90969618215293,-34.174,-10.837,0.42,0.003,0.285,95.5,0,0.0000,0.00
16:32:43,22.263587976556845,84.90969618337743,-34.174,-10.823,0.42,0.003,0.285,95.1,0,0.0000,0.00
16:32:43,22.26358810546724,84.90969618460454,-34.174,-10.809,0.42,0.003,0.285,95.1,0,0.0000,0.00
16:32:43,22.263588234675957,84.90969618583449,-34.174,-10.794,0.42,0.003,0.285,94.7,0,0.0000,0.00
16:32:43,22.263588493431993,84.9096961882976,-34.173,-10.765,0.42,0.003,0.285,93.3,0,0.0000,0.00
16:32:43,22.263588622169124,84.90969618952305,-34.173,-10.751,0.42,0.003,0.285,93.3,0,0.0000,0.00
16:32:43,22.263588750696385,84.90969619074652,-34.173,-10.737,0.24,0.003,0.285,92.9,0,0.0000,0.00
16:32:43,22.263588879589694,84.90969619197345,-34.173,-10.722,0.24,0.003,0.285,92.0,0,0.0000,0.00
16:32:43,22.26358900829266,84.90969619319858,-34.173,-10.708,0.24,0.003,0.285,91.6,0,0.0000,0.00
16:32:43,22.263589136928516,84.90969619442308,-34.173,-10.694,0.24,0.003,0.285,91.6,0,0.0000,0.00
16:32:43,22.26358926548567,84.90969619564682,-34.173,-10.679,0.13,0.003,0.285,91.1,0,0.0000,0.00
16:32:43,22.263589394422297,84.90969619687417,-34.172,-10.665,0.13,0.003,0.285,90.7,0,10.0005,0.00
16:32:43,22.26358952319725,84.90969619809998,-34.172,-10.651,0.13,0.003,0.285,89.7,0,0.0000,0.00
16:32:43,22.263589651962445,84.90969619932571,-34.172,-10.636,0.13,0.003,0.285,89.7,0,0.0000,0.00
16:32:43,22.263589780511058,84.90969620054936,-34.172,-10.622,0.13,0.003,0.285,88.7,0,0.0000,0.00
16:32:44,22.26358990955323,84.90969620177772,-34.172,-10.608,0.13,0.003,0.285,88.1,0,0.0000,0.00
16:32:44,22.263583479421534,84.90969471693808,-34.325,-11.324,0.13,-0.088,-0.146,87.5,0,0.0051,0.00
16:32:44,22.26358341308236,84.90969467387347,-34.329,-11.331,0.13,-0.088,-0.146,87.5,0,0.0000,0.00
16:32:44,22.26358341308236,84.90969467387347,-34.334,-11.338,0.08,-0.088,-0.146,86.9,0,10.0005,0.00
16:32:44,22.26358341308236,84.90969467387347,-34.524,-11.006,0.08,-0.249,0.148,85.8,0,0.0147,0.00
16:32:44,22.26358341308236,84.90969467387347,-34.537,-10.999,0.08,-0.249,0.148,85.2,0,0.0147,0.00
16:32:44,22.26358341308236,84.90969467387347,-34.549,-10.991,0.08,-0.249,0.148,85.2,0,0.0000,0.00
16:32:44,22.26358341308236,84.90969467387347,-34.545,-11.047,0.11,-0.226,0.057,84.7,6,0.0065,0.00
16:32:44,22.26358341308236,84.90969467387347,-34.557,-11.044,0.11,-0.226,0.057,83.8,6,0.0065,0.00
16:32:44,22.26358341308236,84.90969467387347,-34.559,-11.059,0.11,-0.206,0.021,83.4,6,0.0136,0.00
16:32:44,22.26358341308236,84.90969467387347,-34.569,-11.058,0.11,-0.206,0.021,83.4,6,0.0071,0.00
16:32:44,22.26358341308236,84.90969467387347,-34.580,-11.057,0.11,-0.206,0.021,83.0,6,0.0000,0.00
16:32:44,22.26358341308236,84.90969467387347,-34.570,-11.124,0.11,-0.142,-0.198,82.2,6,0.0104,0.00
16:32:44,22.26358341308236,84.90969467387347,-34.561,-11.112,0.11,-0.083,-0.114,81.8,6,0.0062,0.00
16:32:44,22.26358341308236,84.90969467387347,-34.565,-11.118,0.11,-0.083,-0.114,81.8,6,0.0062,0.00
16:32:44,22.26358341308236,84.90969467387347,-34.570,-11.123,0.11,-0.083,-0.114,80.9,6,0.0000,0.00
16:32:44,22.26358341308236,84.90969467387347,-34.574,-11.129,0.11,-0.083,-0.114,80.9,12,10.0005,0.00
16:32:44,22.26358341308236,84.90969467387347,-34.578,-11.135,0.11,-0.083,-0.114,79.8,12,10.0005,0.00
16:32:44,22.26358341308236,84.90969467387347,-34.571,-11.126,0.11,-0.035,-0.048,79.8,12,0.0111,0.00
16:32:44,22.26358341308236,84.90969467387347,-34.573,-11.128,0.11,-0.035,-0.048,78.9,12,0.0111,0.00
16:32:45,22.26358341308236,84.90969467387347,-34.575,-11.131,0.11,-0.035,-0.048,78.4,12,0.0111,0.00
16:32:45,22.26358341308236,84.90969467387347,-34.577,-11.133,0.11,-0.035,-0.048,78.4,12,0.0000,0.00
16:32:45,22.26358341308236,84.90969467387347,-34.578,-11.135,0.11,-0.035,-0.048,78.0,12,0.0000,0.00
16:32:45,22.26358341308236,84.90969467387347,-34.580,-11.138,0.11,-0.035,-0.048,77.3,12,10.0005,0.00
16:32:45,22.26358341308236,84.90969467387347,-34.582,-11.140,0.13,-0.035,-0.048,76.9,12,10.0005,0.00
16:32:45,22.26358341308236,84.90969467387347,-34.584,-11.143,0.13,-0.035,-0.048,76.9,12,10.0005,0.00
16:32:45,22.26358341308236,84.90969467387347,-34.585,-11.145,0.13,-0.035,-0.048,76.6,12,10.0005,0.00
16:32:45,22.26358341308236,84.90969467387347,-34.587,-11.147,0.13,-0.035,-0.048,75.9,12,10.0005,0.00
16:32:45,22.26358341308236,84.90969467387347,-34.589,-11.150,0.13,-0.035,-0.048,75.7,12,0.0000,0.00
16:32:45,22.26358341308236,84.90969467387347,-34.591,-11.152,0.16,-0.035,-0.048,75.7,13,0.0000,0.00
16:32:45,22.26358341308236,84.90969467387347,-34.592,-11.155,0.16,-0.035,-0.048,75.2,13,0.0000,0.00
16:32:45,22.26358341308236,84.90969467387347,-34.594,-11.157,0.16,-0.035,-0.048,74.9,13,10.0005,0.00
16:32:45,22.26358341308236,84.90969467387347,-34.596,-11.159,0.16,-0.035,-0.048,74.7,13,10.0005,0.00
16:32:45,22.26358341308236,84.90969467387347,-34.598,-11.162,0.16,-0.035,-0.048,74.7,13,10.0005,0.00
16:32:45,22.26358341308236,84.90969467387347,-34.599,-11.164,0.16,-0.035,-0.048,74.4,13,10.0005,0.00
16:32:45,22.26358341308236,84.90969467387347,-34.601,-11.167,0.16,-0.035,-0.048,74.3,13,10.0005,0.00
16:32:45,22.26358341308236,84.90969467387347,-34.603,-11.169,0.16,-0.035,-0.048,74.2,13,10.0005,0.00
16:32:45,22.26358341308236,84.90969467387347,-34.605,-11.171,0.16,-0.035,-0.048,74.2,13,0.0000,0.00
16:32:45,22.26358341308236,84.90969467387347,-34.606,-11.174,0.16,-0.035,-0.048,74.2,13,0.0000,0.00
16:32:46,22.26358341308236,84.90969467387347,-34.608,-11.176,0.16,-0.035,-0.048,74.1,13,0.0000,0.00
16:32:46,22.26358341308236,84.90969467387347,-34.610,-11.179,0.16,-0.035,-0.048,74.1,13,0.0000,0.00
16:32:46,22.26358341308236,84.90969467387347,-34.612,-11.181,0.17,-0.035,-0.048,74.1,13,0.0000,0.00
16:32:46,22.26358341308236,84.90969467387347,-34.613,-11.183,0.17,-0.035,-0.048,74.3,13,0.0000,0.00
16:32:46,22.26358341308236,84.90969467387347,-34.615,-11.186,0.17,-0.035,-0.048,74.4,13,0.0000,0.00
16:32:46,22.26358341308236,84.90969467387347,-34.617,-11.188,0.17,-0.035,-0.048,74.6,13,0.0000,0.00
16:32:46,22.26358341308236,84.90969467387347,-34.619,-11.191,0.17,-0.035,-0.048,74.6,13,0.0000,0.00
16:32:46,22.26358341308236,84.90969467387347,-34.620,-11.193,0.17,-0.035,-0.048,75.0,14,0.0000,0.00
16:32:46,22.26358341308236,84.90969467387347,-34.622,-11.195,0.17,-0.035,-0.048,75.8,14,0.0000,0.00
16:32:46,22.26358341308236,84.90969467387347,-34.624,-11.198,0.17,-0.035,-0.048,76.9,14,0.0000,0.00
16:32:46,22.26358341308236,84.90969467387347,-34.626,-11.200,0.17,-0.035,-0.048,76.9,14,0.0000,0.00
16:32:46,22.26358341308236,84.90969467387347,-34.627,-11.203,0.15,-0.035,-0.048,77.3,14,0.0000,0.00
16:32:46,22.26358341308236,84.90969467387347,-34.629,-11.205,0.15,-0.035,-0.048,77.7,14,0.0000,0.00
16:32:46,22.26358341308236,84.90969467387347,-34.684,-11.186,0.15,-0.093,-0.024,78.3,14,0.0027,0.00
16:32:46,22.26358341308236,84.90969467387347,-34.689,-11.187,0.15,-0.093,-0.024,78.3,14,0.0000,0.00
16:32:46,22.26358341308236,84.90969467387347,-34.693,-11.188,0.15,-0.093,-0.024,78.4,14,0.0000,0.00
16:32:46,22.26358341308236,84.90969467387347,-34.698,-11.190,0.15,-0.093,-0.024,78.5,14,0.0000,0.00
16:32:46,22.26358341308236,84.90969467387347,-34.703,-11.191,0.15,-0.093,-0.024,78.5,14,0.0000,0.00
16:32:46,22.26358341308236,84.90969467387347,-34.716,-11.192,0.15,-0.106,-0.024,78.5,14,0.0028,0.00
16:32:46,22.26358341308236,84.90969467387347,-34.721,-11.193,0.15,-0.106,-0.024,78.5,15,0.0000,0.00
16:32:47,22.26358341308236,84.90969467387347,-34.726,-11.194,0.15,-0.106,-0.024,78.4,15,0.0000,0.00
16:32:47,22.26358341308236,84.90969467387347,-34.732,-11.195,0.15,-0.106,-0.024,78.4,15,0.0000,0.00
16:32:47,22.26358341308236,84.90969467387347,-34.737,-11.196,0.15,-0.106,-0.024,78.3,15,0.0000,0.00
16:32:47,22.26358341308236,84.90969467387347,-34.742,-11.197,0.15,-0.106,-0.024,78.3,15,0.0000,0.00
16:32:47,22.26358341308236,84.90969467387347,-34.748,-11.199,0.15,-0.106,-0.024,78.1,15,0.0000,0.00
16:32:47,22.26358341308236,84.90969467387347,-34.753,-11.200,0.15,-0.106,-0.024,78.1,15,0.0000,0.00
16:32:47,22.26358341308236,84.90969467387347,-34.758,-11.201,0.15,-0.106,-0.024,78.1,15,0.0000,0.00
16:32:47,22.26358341308236,84.90969467387347,-34.764,-11.202,0.15,-0.106,-0.024,78.0,15,0.0000,0.00
16:32:47,22.26358341308236,84.90969467387347,-34.769,-11.203,0.15,-0.106,-0.024,78.1,15,0.0000,0.00
16:32:47,22.26358341308236,84.90969467387347,-34.774,-11.205,0.15,-0.106,-0.024,78.1,15,0.0000,0.00
16:32:47,22.26358341308236,84.90969467387347,-34.780,-11.206,0.15,-0.106,-0.024,78.2,15,0.0000,0.00
16:32:47,22.26358341308236,84.90969467387347,-34.785,-11.207,0.15,-0.106,-0.024,78.3,15,0.0000,0.00
16:32:47,22.26358341308236,84.90969467387347,-34.790,-11.208,0.15,-0.106,-0.024,78.6,15,0.0000,0.00
16:32:47,22.26358341308236,84.90969467387347,-34.741,-11.251,0.15,-0.004,-0.102,78.6,15,0.0016,0.00
16:32:47,22.26358341308236,84.90969467387347,-34.742,-11.257,0.15,-0.004,-0.102,78.8,15,0.0000,0.00
16:32:47,22.26358341308236,84.90969467387347,-34.742,-11.262,0.15,-0.004,-0.102,78.9,15,0.0000,0.00
16:32:47,22.26358341308236,84.90969467387347,-34.742,-11.267,0.13,-0.004,-0.102,79.0,15,0.0000,0.00
16:32:47,22.26358341308236,84.90969467387347,-34.742,-11.272,0.13,-0.004,-0.102,79.0,15,0.0000,0.00
16:32:47,22.26358341308236,84.90969467387347,-34.767,-11.256,0.13,-0.066,-0.050,79.0,15,0.0028,0.00
16:32:47,22.26358341308236,84.90969467387347,-34.771,-11.259,0.13,-0.066,-0.050,78.9,15,0.0000,0.00
16:32:48,22.26358341308236,84.90969467387347,-34.774,-11.261,0.13,-0.066,-0.050,78.7,15,0.0000,0.00
16:32:48,22.26358341308236,84.90969467387347,-34.777,-11.264,0.13,-0.066,-0.050,78.7,15,0.0000,0.00
16:32:48,22.26358341308236,84.90969467387347,-34.781,-11.266,0.13,-0.066,-0.050,78.6,15,0.0000,0.00
16:32:48,22.26358341308236,84.90969467387347,-34.790,-11.263,0.13,-0.084,-0.031,78.6,15,0.0037,0.00
16:32:48,22.26358341308236,84.90969467387347,-34.794,-11.264,0.13,-0.084,-0.031,78.4,15,0.0000,0.00
16:32:48,22.26358341308236,84.90969467387347,-34.798,-11.266,0.13,-0.084,-0.031,78.4,15,0.0000,0.00
16:32:48,22.26358341308236,84.90969467387347,-34.802,-11.267,0.13,-0.084,-0.031,78.3,15,0.0000,0.00
16:32:48,22.26358341308236,84.90969467387347,-34.807,-11.269,0.13,-0.084,-0.031,78.1,15,0.0000,0.00
16:32:48,22.26358341308236,84.90969467387347,-34.811,-11.270,0.13,-0.084,-0.031,77.9,15,0.0000,0.00
16:32:48,22.26358341308236,84.90969467387347,-34.815,-11.272,0.14,-0.084,-0.031,77.9,15,0.0000,0.00
16:32:48,22.26358341308236,84.90969467387347,-34.819,-11.274,0.14,-0.084,-0.031,77.7,15,0.0000,0.00
16:32:48,22.26358341308236,84.90969467387347,-34.824,-11.275,0.14,-0.084,-0.031,77.5,15,0.0000,0.00
16:32:48,22.26358341308236,84.90969467387347,-34.828,-11.277,0.14,-0.084,-0.031,77.4,15,0.0000,0.00
16:32:48,22.26358341308236,84.90969467387347,-34.832,-11.278,0.14,-0.084,-0.031,77.4,15,0.0000,0.00
16:32:48,22.26358341308236,84.90969467387347,-34.836,-11.280,0.14,-0.084,-0.031,77.3,15,0.0000,0.00
16:32:48,22.26358341308236,84.90969467387347,-34.841,-11.281,0.14,-0.084,-0.031,77.1,15,0.0000,0.00
16:32:48,22.26358341308236,84.90969467387347,-34.845,-11.283,0.14,-0.084,-0.031,77.0,15,0.0000,0.00
16:32:48,22.26358341308236,84.90969467387347,-34.849,-11.284,0.15,-0.084,-0.031,77.0,15,0.0000,0.00
16:32:48,22.26358341308236,84.90969467387347,-34.853,-11.286,0.15,-0.084,-0.031,77.0,15,0.0000,0.00
16:32:49,22.26358341308236,84.90969467387347,-34.857,-11.288,0.15,-0.084,-0.031,76.9,15,0.0000,0.00
16:32:49,22.26358341308236,84.90969467387347,-34.862,-11.289,0.15,-0.084,-0.031,76.8,15,0.0000,0.00
16:32:49,22.26358341308236,84.90969467387347,-34.866,-11.291,0.15,-0.084,-0.031,76.8,15,0.0000,0.00
16:32:49,22.26358341308236,84.90969467387347,-34.870,-11.292,0.16,-0.084,-0.031,76.8,15,0.0000,0.00
16:32:49,22.26358341308236,84.90969467387347,-34.874,-11.294,0.16,-0.084,-0.031,76.8,15,0.0000,0.00
16:32:49,22.26358341308236,84.90969467387347,-34.879,-11.295,0.16,-0.084,-0.031,76.8,15,0.0000,0.00
16:32:49,22.26358341308236,84.90969467387347,-34.883,-11.297,0.16,-0.084,-0.031,76.8,15,0.0000,0.00
16:32:49,22.26358341308236,84.90969467387347,-34.887,-11.298,0.16,-0.084,-0.031,76.8,15,0.0000,0.00
16:32:49,22.26358341308236,84.90969467387347,-34.891,-11.300,0.16,-0.084,-0.031,76.9,15,0.0000,0.00
16:32:49,22.26358341308236,84.90969467387347,-34.895,-11.302,0.16,-0.084,-0.031,76.9,15,0.0000,0.00
16:32:49,22.26358341308236,84.90969467387347,-34.900,-11.303,0.16,-0.084,-0.031,76.9,15,0.0000,0.00
16:32:49,22.26358341308236,84.90969467387347,-34.904,-11.305,0.17,-0.084,-0.031,77.0,18,0.0000,0.00
16:32:49,22.26358341308236,84.90969467387347,-34.908,-11.306,0.17,-0.084,-0.031,77.0,18,0.0000,0.00
16:32:49,22.26358341308236,84.90969467387347,-34.912,-11.308,0.17,-0.084,-0.031,77.1,18,0.0000,0.00
16:32:49,22.26358341308236,84.90969467387347,-34.917,-11.309,0.17,-0.084,-0.031,77.1,18,0.0000,0.00
16:32:49,22.26358341308236,84.90969467387347,-34.921,-11.311,0.17,-0.084,-0.031,77.1,18,0.0000,0.00
16:32:49,22.26358341308236,84.90969467387347,-34.925,-11.312,0.18,-0.084,-0.031,77.1,18,0.0000,0.00
16:32:49,22.26358341308236,84.90969467387347,-34.862,-11.290,0.18,-0.010,-0.004,77.2,18,0.0025,0.00
16:32:49,22.26358341308236,84.90969467387347,-34.863,-11.290,0.18,-0.010,-0.004,77.2,18,0.0000,0.00
16:32:49,22.26358341308236,84.90969467387347,-34.863,-11.290,0.18,-0.010,-0.004,77.3,18,0.0000,0.00
16:32:50,22.26358341308236,84.90969467387347,-34.864,-11.290,0.18,-0.010,-0.004,77.7,19,0.0000,0.00
16:32:50,22.26358341308236,84.90969467387347,-34.864,-11.290,0.18,-0.010,-0.004,77.9,19,0.0000,0.00
16:32:50,22.26358341308236,84.90969467387347,-34.860,-11.289,0.18,-0.003,-0.002,77.9,19,0.0023,0.00
16:32:50,22.26358341308236,84.90969467387347,-34.861,-11.289,0.18,-0.003,-0.002,78.0,19,0.0000,0.00
16:32:50,22.26358341308236,84.90969467387347,-34.861,-11.289,0.19,-0.003,-0.002,78.0,19,0.0000,0.00
16:32:50,22.26358341308236,84.90969467387347,-34.861,-11.289,0.19,-0.003,-0.002,77.8,19,0.0000,0.00
16:32:50,22.26358341308236,84.90969467387347,-34.861,-11.289,0.19,-0.003,-0.002,77.8,19,0.0000,0.00
16:32:50,22.26358341308236,84.90969467387347,-34.770,-11.269,0.19,0.227,0.050,77.6,19,0.0039,0.00
16:32:50,22.26358341308236,84.90969467387347,-34.758,-11.267,0.17,0.227,0.050,77.1,19,0.0000,0.00
16:32:50,22.26358341308236,84.90969467387347,-34.747,-11.264,0.17,0.227,0.050,76.9,19,0.0000,0.00
16:32:50,22.26358341308236,84.90969467387347,-34.735,-11.262,0.17,0.227,0.050,76.9,19,0.0000,0.00
16:32:50,22.26358341308236,84.90969467387347,-34.724,-11.259,0.17,0.227,0.050,76.7,19,0.0000,0.00
16:32:50,22.26358341308236,84.90969467387347,-34.701,-11.253,0.17,0.264,0.061,76.6,19,0.0036,0.00
16:32:50,22.26358341308236,84.90969467387347,-34.687,-11.250,0.17,0.264,0.061,76.7,19,0.0000,0.00
16:32:50,22.26358341308236,84.90969467387347,-34.674,-11.247,0.17,0.264,0.061,76.7,19,0.0000,0.00
16:32:50,22.26358341308236,84.90969467387347,-34.661,-11.244,0.17,0.264,0.061,76.9,19,0.0000,0.00
16:32:50,22.26358341308236,84.90969467387347,-34.680,-11.248,0.18,0.101,0.025,76.9,19,0.0011,0.00
16:32:50,22.26358341308236,84.90969467387347,-34.675,-11.246,0.18,0.101,0.025,76.6,19,0.0000,0.00
16:32:50,22.26358341308236,84.90969467387347,-34.670,-11.245,0.18,0.101,0.025,76.1,19,0.0000,0.00
16:32:50,22.26358341308236,84.90969467387347,-34.664,-11.244,0.18,0.101,0.025,76.1,19,0.0000,0.00
16:32:51,22.26358341308236,84.90969467387347,-34.659,-11.243,0.18,0.101,0.025,74.6,19,0.0000,0.00
16:32:51,22.26358341308236,84.90969467387347,-34.654,-11.241,0.18,0.101,0.025,73.9,19,0.0000,0.00
16:32:51,22.26358341308236,84.90969467387347,-34.649,-11.240,0.18,0.101,0.025,73.1,19,0.0000,0.00
16:32:51,22.26358341308236,84.90969467387347,-34.644,-11.239,0.18,0.101,0.025,73.1,19,0.0000,0.00
16:32:51,22.26358341308236,84.90969467387347,-34.639,-11.238,0.17,0.101,0.025,73.0,19,0.0000,0.00
16:32:51,22.26358341308236,84.90969467387347,-34.634,-11.236,0.17,0.101,0.025,73.3,19,0.0000,0.00
16:32:51,22.26358341308236,84.90969467387347,-34.629,-11.235,0.17,0.101,0.025,73.9,19,0.0000,0.00
16:32:51,22.26358341308236,84.90969467387347,-34.624,-11.234,0.17,0.101,0.025,73.9,19,0.0000,0.00
16:32:51,22.26358341308236,84.90969467387347,-34.619,-11.233,0.16,0.101,0.025,74.2,19,0.0000,0.00
16:32:51,22.26358341308236,84.90969467387347,-34.613,-11.231,0.16,0.101,0.025,74.4,19,0.0000,0.00
16:32:51,22.26358341308236,84.90969467387347,-34.608,-11.230,0.16,0.101,0.025,74.7,19,0.0000,0.00
16:32:51,22.26358341308236,84.90969467387347,-34.603,-11.229,0.16,0.101,0.025,74.7,19,0.0000,0.00
16:32:51,22.26358341308236,84.90969467387347,-34.598,-11.227,0.16,0.101,0.025,74.8,19,0.0000,0.00
16:32:51,22.26358341308236,84.90969467387347,-34.593,-11.226,0.16,0.101,0.025,75.0,19,0.0000,0.00
16:32:51,22.26358341308236,84.90969467387347,-34.588,-11.225,0.16,0.101,0.025,75.2,19,0.0000,0.00
16:32:51,22.26358341308236,84.90969467387347,-34.583,-11.224,0.16,0.101,0.025,75.2,19,0.0000,0.00
16:32:51,22.26358341308236,84.90969467387347,-34.578,-11.222,0.16,0.101,0.025,75.4,19,0.0000,0.00
16:32:51,22.26358341308236,84.90969467387347,-34.559,-11.216,0.17,0.124,0.034,75.9,21,0.0025,0.00
16:32:51,22.26358341308236,84.90969467387347,-34.552,-11.214,0.17,0.124,0.034,76.1,21,0.0000,0.00
16:32:51,22.26358341308236,84.90969467387347,-34.546,-11.213,0.17,0.124,0.034,76.1,21,0.0000,0.00
16:32:52,22.26358341308236,84.90969467387347,-34.540,-11.211,0.17,0.124,0.034,76.3,21,0.0000,0.00
16:32:52,22.26358341308236,84.90969467387347,-34.534,-11.209,0.15,0.124,0.034,76.6,21,0.0000,0.00
16:32:52,22.26358341308236,84.90969467387347,-34.501,-11.202,0.15,0.184,0.047,76.6,21,0.0027,0.00
16:32:52,22.26358341308236,84.90969467387347,-34.491,-11.199,0.15,0.184,0.047,77.5,21,0.0000,0.00
16:32:52,22.26358341308236,84.90969467387347,-34.482,-11.197,0.15,0.184,0.047,78.2,21,0.0000,0.00
16:32:52,22.26358341308236,84.90969467387347,-34.473,-11.195,0.15,0.184,0.047,78.9,21,0.0000,0.00
16:32:52,22.26358341308236,84.90969467387347,-34.464,-11.192,0.15,0.184,0.047,78.9,21,0.0000,0.00
16:32:52,22.26358341308236,84.90969467387347,-34.454,-11.190,0.15,0.184,0.047,80.7,21,0.0000,0.00
16:32:52,22.26358341308236,84.90969467387347,-34.445,-11.187,0.15,0.184,0.047,81.6,21,0.0000,0.00
16:32:52,22.26358341308236,84.90969467387347,-34.436,-11.185,0.15,0.184,0.047,82.6,21,0.0000,0.00
16:32:52,22.26358341308236,84.90969467387347,-34.427,-11.183,0.10,0.184,0.047,82.6,22,0.0000,0.00
16:32:52,22.26358341308236,84.90969467387347,-34.417,-11.180,0.10,0.184,0.047,84.6,22,0.0000,0.00
16:32:52,22.26358341308236,84.90969467387347,-34.408,-11.178,0.10,0.184,0.047,85.7,22,0.0000,0.00
16:32:52,22.26358341308236,84.90969467387347,-34.399,-11.176,0.10,0.184,0.047,87.4,22,0.0000,0.00
16:32:52,22.26358341308236,84.90969467387347,-34.390,-11.173,0.13,0.184,0.047,92.0,22,0.0000,0.00
16:32:52,22.26358341308236,84.90969467387347,-34.380,-11.171,0.13,0.184,0.047,92.0,22,0.0000,0.00
16:32:52,22.26358341308236,84.90969467387347,-34.371,-11.169,0.13,0.184,0.047,94.3,22,0.0000,0.00
16:32:52,22.26358341308236,84.90969467387347,-34.362,-11.166,0.13,0.184,0.047,96.5,22,0.0000,0.00
16:32:52,22.26358341308236,84.90969467387347,-34.353,-11.164,0.13,0.184,0.047,100.1,23,0.0000,0.00
16:32:53,22.26358341308236,84.90969467387347,-34.343,-11.162,0.13,0.184,0.047,100.1,23,0.0000,0.00
16:32:53,22.26358341308236,84.90969467387347,-34.334,-11.159,0.13,0.184,0.047,101.5,23,0.0000,0.00
16:32:53,22.26358341308236,84.90969467387347,-34.325,-11.157,0.13,0.184,0.047,102.6,23,0.0000,0.00
16:32:53,22.26358341308236,84.90969467387347,-34.316,-11.154,0.16,0.184,0.047,103.1,23,0.0000,0.00
16:32:53,22.26358341308236,84.90969467387347,-34.288,-11.203,0.16,0.212,-0.033,103.1,23,0.0028,0.00
16:32:53,22.26358341308236,84.90969467387347,-34.278,-11.205,0.16,0.212,-0.033,102.6,23,0.0000,0.00
16:32:53,22.26358341308236,84.90969467387347,-34.267,-11.206,0.16,0.212,-0.033,102.2,23,0.0000,0.00
16:32:53,22.26358341308236,84.90969467387347,-34.256,-11.208,0.16,0.212,-0.033,102.2,23,0.0000,0.00
16:32:53,22.26358341308236,84.90969467387347,-34.246,-11.210,0.16,0.212,-0.033,102.9,23,0.0000,0.00
16:32:53,22.26358341308236,84.90969467387347,-34.235,-11.211,0.16,0.212,-0.033,103.5,23,0.0000,0.00
16:32:53,22.26358341308236,84.90969467387347,-34.224,-11.213,0.16,0.212,-0.033,104.9,23,0.0000,0.00
16:32:53,22.26358341308236,84.90969467387347,-34.214,-11.215,0.16,0.212,-0.033,104.9,23,0.0000,0.00
16:32:53,22.26358341308236,84.90969467387347,-34.203,-11.216,0.16,0.212,-0.033,106.0,23,0.0000,0.00
16:32:53,22.26358341308236,84.90969467387347,-34.192,-11.218,0.16,0.212,-0.033,107.5,23,0.0000,0.00
16:32:53,22.26358341308236,84.90969467387347,-34.175,-11.207,0.16,0.224,-0.008,111.0,23,0.0036,0.00
16:32:53,22.26358341308236,84.90969467387347,-34.164,-11.207,0.16,0.224,-0.008,111.0,23,0.0000,0.00
16:32:53,22.26358341308236,84.90969467387347,-34.153,-11.208,0.18,0.224,-0.008,113.0,23,0.0000,0.00
16:32:53,22.26358341308236,84.90969467387347,-34.141,-11.208,0.18,0.224,-0.008,117.5,23,0.0000,0.00
16:32:53,22.26358341308236,84.90969467387347,-34.130,-11.208,0.18,0.224,-0.008,119.9,23,0.0000,0.00
16:32:53,22.26358341308236,84.90969467387347,-34.119,-11.205,0.18,0.225,0.003,119.9,23,0.0099,0.00
16:32:54,22.26358341308236,84.90969467387347,-34.107,-11.205,0.18,0.225,0.003,122.6,23,0.0000,0.00
16:32:54,22.26358341308236,84.90969467387347,-34.096,-11.205,0.18,0.225,0.003,125.4,23,0.0000,0.00
16:32:54,22.26358341308236,84.90969467387347,-34.085,-11.205,0.18,0.225,0.003,131.5,23,0.0000,0.00
16:32:54,22.26358341308236,84.90969467387347,-34.073,-11.204,0.18,0.225,0.003,131.5,23,0.0000,0.00
16:32:54,22.26358341308236,84.90969467387347,-34.062,-11.204,0.19,0.225,0.003,134.5,23,0.0000,0.00
16:32:54,22.26358341308236,84.90969467387347,-34.051,-11.204,0.19,0.225,0.003,140.4,23,0.0000,0.00
16:32:54,22.26358341308236,84.90969467387347,-34.039,-11.204,0.19,0.225,0.003,140.4,23,0.0000,0.00
16:32:54,22.26358341308236,84.90969467387347,-34.028,-11.204,0.19,0.225,0.003,140.4,23,0.0000,0.00
16:32:54,22.26358341308236,84.90969467387347,-34.017,-11.204,0.19,0.225,0.003,147.6,23,0.0000,0.00
16:32:54,22.26358341308236,84.90969467387347,-33.974,-11.237,0.19,0.305,-0.082,154.5,22,0.0050,0.00
16:32:54,22.26358341308236,84.90969467387347,-33.959,-11.241,0.19,0.305,-0.082,157.5,22,0.0000,0.00
16:32:54,22.26358341308236,84.90969467387347,-33.943,-11.245,0.19,0.305,-0.082,157.5,22,0.0000,0.00
16:32:54,22.26358341308236,84.90969467387347,-33.928,-11.249,0.19,0.305,-0.082,160.1,22,0.0000,0.00
16:32:54,22.26358341308236,84.90969467387347,-33.913,-11.253,0.19,0.305,-0.082,164.3,22,0.0000,0.00
16:32:54,22.26358341308236,84.90969467387347,-33.897,-11.257,0.19,0.305,-0.082,165.7,22,0.0000,0.00
16:32:54,22.26358341308236,84.90969467387347,-33.882,-11.261,0.19,0.305,-0.082,165.7,22,0.0000,0.00
16:32:54,22.26358341308236,84.90969467387347,-33.867,-11.266,0.19,0.305,-0.082,166.6,22,0.0000,0.00
16:32:54,22.26358341308236,84.90969467387347,-33.851,-11.270,0.21,0.305,-0.082,166.3,23,0.0000,0.00
16:32:54,22.26358341308236,84.90969467387347,-33.836,-11.274,0.21,0.305,-0.082,165.0,23,0.0000,0.00
16:32:54,22.26358341308236,84.90969467387347,-33.821,-11.278,0.21,0.305,-0.082,165.0,23,10.0005,0.00
16:32:55,22.26358341308236,84.90969467387347,-33.805,-11.282,0.21,0.305,-0.082,161.5,23,0.0000,0.00
16:32:55,22.26358341308236,84.90969467387347,-33.790,-11.286,0.21,0.305,-0.082,159.7,23,0.0000,0.00
16:32:55,22.26358341308236,84.90969467387347,-33.774,-11.290,0.21,0.305,-0.082,158.0,23,0.0000,0.00
16:32:55,22.26358341308236,84.90969467387347,-33.759,-11.295,0.21,0.305,-0.082,158.0,23,0.0000,0.00
16:32:55,22.26358341308236,84.90969467387347,-33.744,-11.299,0.21,0.305,-0.082,156.4,23,0.0000,0.00
16:32:55,22.26358341308236,84.90969467387347,-33.728,-11.303,0.21,0.305,-0.082,153.4,23,0.0000,0.00
16:32:55,22.26358341308236,84.90969467387347,-33.713,-11.307,0.21,0.305,-0.082,152.1,23,0.0000,0.00
16:32:55,22.26358341308236,84.90969467387347,-33.698,-11.311,0.21,0.305,-0.082,152.1,23,0.0000,0.00
16:32:55,22.26358341308236,84.90969467387347,-33.682,-11.315,0.21,0.305,-0.082,150.9,23,0.0000,0.00
16:32:55,22.26358341308236,84.90969467387347,-33.667,-11.319,0.21,0.305,-0.082,148.7,23,0.0000,0.00
16:32:55,22.26358341308236,84.90969467387347,-33.706,-11.545,0.20,0.221,-0.426,147.9,23,0.0060,0.00
16:32:55,22.26358341308236,84.90969467387347,-33.695,-11.567,0.20,0.221,-0.426,147.9,23,0.0000,0.00
16:32:55,22.26358341308236,84.90969467387347,-33.683,-11.588,0.20,0.221,-0.426,147.2,23,0.0000,0.00
16:32:55,22.26358341308236,84.90969467387347,-33.672,-11.610,0.20,0.221,-0.426,146.1,23,0.0000,0.00
16:32:55,22.26358341308236,84.90969467387347,-33.661,-11.631,0.20,0.221,-0.426,145.7,23,0.0000,0.00
16:32:55,22.26358341308236,84.90969467387347,-33.650,-11.653,0.20,0.221,-0.426,145.7,23,0.0000,0.00
16:32:55,22.26358341308236,84.90969467387347,-33.639,-11.674,0.20,0.221,-0.426,145.3,23,0.0000,0.00
16:32:55,22.26358341308236,84.90969467387347,-33.628,-11.696,0.20,0.221,-0.426,144.7,23,0.0000,0.00
16:32:55,22.26358341308236,84.90969467387347,-33.617,-11.717,0.20,0.221,-0.426,144.7,23,0.0000,0.00
16:32:56,22.26358341308236,84.90969467387347,-33.605,-11.739,0.20,0.221,-0.426,144.5,23,0.0000,0.00
16:32:56,22.26358341308236,84.90969467387347,-33.594,-11.760,0.20,0.221,-0.426,144.1,23,0.0000,0.00
16:32:56,22.26358341308236,84.90969467387347,-33.583,-11.782,0.20,0.221,-0.426,144.0,23,0.0000,0.00
16:32:56,22.26358341308236,84.90969467387347,-33.572,-11.803,0.18,0.221,-0.426,144.0,23,0.0000,0.00
16:32:56,22.26358341308236,84.90969467387347,-33.561,-11.825,0.18,0.221,-0.426,143.8,23,0.0000,0.00
16:32:56,22.26358341308236,84.90969467387347,-33.550,-11.846,0.18,0.221,-0.426,143.6,23,0.0000,0.00
16:32:56,22.26358341308236,84.90969467387347,-33.479,-11.890,0.18,0.323,-0.465,143.6,23,0.0061,0.00
16:32:56,22.26358341308236,84.90969467387347,-33.462,-11.914,0.18,0.323,-0.465,143.6,23,0.0000,0.00
16:32:56,22.26358341308236,84.90969467387347,-33.446,-11.937,0.18,0.323,-0.465,143.5,22,0.0000,0.00
16:32:56,22.26358341308236,84.90969467387347,-33.430,-11.961,0.18,0.323,-0.465,143.3,22,0.0000,0.00
16:32:56,22.26358341308236,84.90969467387347,-33.413,-11.984,0.18,0.323,-0.465,143.3,22,0.0000,0.00
16:32:56,22.26358341308236,84.90969467387347,-33.397,-12.007,0.18,0.323,-0.465,143.3,22,0.0000,0.00
16:32:56,22.26358341308236,84.90969467387347,-33.381,-12.031,0.18,0.323,-0.465,143.2,22,0.0000,0.00
16:32:56,22.26358341308236,84.90969467387347,-33.364,-12.054,0.18,0.323,-0.465,143.2,22,0.0000,0.00
16:32:56,22.26358341308236,84.90969467387347,-33.348,-12.078,0.18,0.323,-0.465,143.2,22,0.0000,0.00
16:32:56,22.26358341308236,84.90969467387347,-33.332,-12.101,0.18,0.323,-0.465,143.2,22,0.0000,0.00
16:32:56,22.26358341308236,84.90969467387347,-33.315,-12.125,0.20,0.323,-0.465,143.2,22,0.0000,0.00
16:32:56,22.26358341308236,84.90969467387347,-33.299,-12.148,0.20,0.323,-0.465,143.3,22,0.0000,0.00
16:32:56,22.26358341308236,84.90969467387347,-33.283,-12.172,0.20,0.323,-0.465,143.3,22,0.0000,0.00
16:32:56,22.26358341308236,84.90969467387347,-33.266,-12.195,0.20,0.323,-0.465,143.3,22,0.0000,0.00
16:32:57,22.26358341308236,84.90969467387347,-33.250,-12.218,0.20,0.323,-0.465,143.4,22,0.0000,0.00
16:32:57,22.26358341308236,84.90969467387347,-33.234,-12.242,0.20,0.323,-0.465,143.5,22,0.0000,0.00
16:32:57,22.26358341308236,84.90969467387347,-33.187,-12.295,0.20,0.376,-0.515,143.5,22,0.0069,0.00
16:32:57,22.26358341308236,84.90969467387347,-33.168,-12.321,0.20,0.376,-0.515,143.5,22,0.0000,0.00
16:32:57,22.26358341308236,84.90969467387347,-33.149,-12.346,0.20,0.376,-0.515,143.6,22,0.0000,0.00
16:32:57,22.26358341308236,84.90969467387347,-33.130,-12.372,0.20,0.376,-0.515,143.7,22,0.0000,0.00
16:32:57,22.26358341308236,84.90969467387347,-33.111,-12.398,0.20,0.376,-0.515,143.7,22,0.0000,0.00
16:32:57,22.26358341308236,84.90969467387347,-33.090,-12.427,0.20,0.381,-0.520,143.7,22,0.0069,0.00
16:32:57,22.26358341308236,84.90969467387347,-33.071,-12.453,0.20,0.381,-0.520,143.8,22,0.0000,0.00
16:32:57,22.26358341308236,84.90969467387347,-33.051,-12.479,0.21,0.381,-0.520,143.8,23,0.0000,0.00
16:32:57,22.26358341308236,84.90969467387347,-33.032,-12.505,0.21,0.381,-0.520,143.8,23,0.0000,0.00
16:32:57,22.26358341308236,84.90969467387347,-33.013,-12.531,0.21,0.381,-0.520,143.8,23,0.0000,0.00
16:32:57,22.26358341308236,84.90969467387347,-32.994,-12.558,0.21,0.381,-0.520,143.8,23,0.0000,0.00
16:32:57,22.26358341308236,84.90969467387347,-32.975,-12.584,0.21,0.381,-0.520,143.9,23,0.0000,0.00
16:32:57,22.26358341308236,84.90969467387347,-32.955,-12.610,0.21,0.381,-0.520,143.9,23,0.0000,0.00
16:32:57,22.26358341308236,84.90969467387347,-32.936,-12.636,0.21,0.381,-0.520,143.9,23,0.0000,0.00
16:32:57,22.26358341308236,84.90969467387347,-32.917,-12.663,0.21,0.381,-0.520,143.9,23,0.0000,0.00
16:32:57,22.26358341308236,84.90969467387347,-32.894,-12.694,0.20,0.389,-0.534,143.9,23,0.0070,0.00
16:32:57,22.26358341308236,84.90969467387347,-32.875,-12.721,0.20,0.389,-0.534,144.0,23,0.0000,0.00
16:32:58,22.26358341308236,84.90969467387347,-32.855,-12.748,0.20,0.389,-0.534,144.0,23,0.0000,0.00
16:32:58,22.26358341308236,84.90969467387347,-32.835,-12.775,0.20,0.389,-0.534,144.0,23,0.0000,0.00
16:32:58,22.26358341308236,84.90969467387347,-32.816,-12.802,0.20,0.389,-0.534,144.1,23,0.0000,0.00
16:32:58,22.26358341308236,84.90969467387347,-32.797,-12.828,0.20,0.386,-0.532,144.1,23,0.0068,0.00
16:32:58,22.26358341308236,84.90969467387347,-32.778,-12.855,0.20,0.386,-0.532,144.1,23,0.0000,0.00
16:32:58,22.26358341308236,84.90969467387347,-32.758,-12.882,0.20,0.386,-0.532,144.2,23,0.0000,0.00
16:32:58,22.26358341308236,84.90969467387347,-32.739,-12.909,0.20,0.386,-0.532,144.2,23,0.0000,0.00
16:32:58,22.26358341308236,84.90969467387347,-32.719,-12.936,0.20,0.386,-0.532,144.2,23,0.0000,0.00
16:32:58,22.26358341308236,84.90969467387347,-32.700,-12.963,0.20,0.384,-0.531,144.2,23,0.0067,0.00
16:32:58,22.26358341308236,84.90969467387347,-32.681,-12.989,0.20,0.384,-0.531,144.1,23,0.0000,0.00
16:32:58,22.26358341308236,84.90969467387347,-32.642,-13.043,0.21,0.384,-0.531,144.1,23,0.0000,0.00
16:32:58,22.26358341308236,84.90969467387347,-32.623,-13.070,0.21,0.384,-0.531,144.2,23,0.0000,0.00
16:32:58,22.26358341308236,84.90969467387347,-32.603,-13.097,0.21,0.384,-0.531,144.2,23,0.0000,0.00
16:32:58,22.26358341308236,84.90969467387347,-32.584,-13.124,0.21,0.384,-0.531,144.2,23,0.0000,0.00
16:32:58,22.26358341308236,84.90969467387347,-32.565,-13.151,0.21,0.384,-0.531,144.2,23,0.0000,0.00
16:32:58,22.26358341308236,84.90969467387347,-32.545,-13.177,0.21,0.384,-0.531,144.2,23,0.0000,0.00
16:32:58,22.26358341308236,84.90969467387347,-32.526,-13.204,0.21,0.384,-0.531,144.2,23,0.0000,0.00
16:32:58,22.26358341308236,84.90969467387347,-32.506,-13.231,0.21,0.384,-0.531,144.1,23,0.0000,0.00
16:32:58,22.26358341308236,84.90969467387347,-32.487,-13.258,0.20,0.384,-0.531,144.1,23,0.0000,0.00
16:32:58,22.26358341308236,84.90969467387347,-32.468,-13.285,0.20,0.384,-0.531,144.1,23,0.0000,0.00
16:32:58,22.26358341308236,84.90969467387347,-32.448,-13.311,0.20,0.384,-0.531,144.1,23,0.0000,0.00
16:32:59,22.26358341308236,84.90969467387347,-32.429,-13.338,0.20,0.384,-0.531,144.1,23,0.0000,0.00
16:32:59,22.26358341308236,84.90969467387347,-32.410,-13.365,0.21,0.384,-0.531,144.0,23,0.0000,0.00
16:32:59,22.26358341308236,84.90969467387347,-32.390,-13.391,0.21,0.384,-0.531,144.0,23,0.0000,0.00
16:32:59,22.26358341308236,84.90969467387347,-32.371,-13.418,0.21,0.384,-0.531,144.0,23,0.0000,0.00
16:32:59,22.26358341308236,84.90969467387347,-32.352,-13.445,0.21,0.384,-0.531,143.8,23,0.0000,0.00
16:32:59,22.26358341308236,84.90969467387347,-32.332,-13.472,0.21,0.384,-0.531,143.6,23,0.0000,0.00
16:32:59,22.26358341308236,84.90969467387347,-32.313,-13.498,0.21,0.384,-0.531,143.6,23,0.0000,0.00
16:32:59,22.26358341308236,84.90969467387347,-32.294,-13.525,0.21,0.384,-0.531,143.0,23,0.0000,0.00
16:32:59,22.26358341308236,84.90969467387347,-32.274,-13.552,0.21,0.384,-0.531,142.6,23,0.0000,0.00
16:32:59,22.26358341308236,84.90969467387347,-32.255,-13.579,0.21,0.384,-0.531,143.0,23,0.0000,0.00
16:32:59,22.26358341308236,84.90969467387347,-32.236,-13.605,0.22,0.384,-0.531,143.0,23,0.0000,0.00
16:32:59,22.26358341308236,84.90969467387347,-32.216,-13.632,0.22,0.384,-0.531,143.8,23,0.0000,0.00
16:32:59,22.26358341308236,84.90969467387347,-32.319,-13.504,0.22,0.218,-0.320,146.4,23,0.0060,0.00
16:32:59,22.26358341308236,84.90969467387347,-32.308,-13.520,0.22,0.218,-0.320,146.4,23,0.0000,0.00
16:32:59,22.26358341308236,84.90969467387347,-32.297,-13.536,0.22,0.218,-0.320,148.0,23,0.0000,0.00
16:32:59,22.26358341308236,84.90969467387347,-32.286,-13.552,0.22,0.218,-0.320,149.7,23,0.0000,0.00
16:32:59,22.26358341308236,84.90969467387347,-32.275,-13.568,0.22,0.218,-0.320,153.7,23,0.0000,0.00
16:32:59,22.26358341308236,84.90969467387347,-32.240,-13.564,0.22,0.265,-0.280,153.7,23,0.0068,0.00
16:32:59,22.26358341308236,84.90969467387347,-32.227,-13.578,0.22,0.265,-0.280,155.9,23,0.0000,0.00
16:33:00,22.26358341308236,84.90969467387347,-32.213,-13.592,0.22,0.265,-0.280,158.4,23,0.0000,0.00
16:33:00,22.26358341308236,84.90969467387347,-32.200,-13.606,0.22,0.265,-0.280,163.8,23,0.0000,0.00
16:33:00,22.26358341308236,84.90969467387347,-32.187,-13.620,0.22,0.265,-0.280,163.8,23,0.0000,0.00
16:33:00,22.26358341308236,84.90969467387347,-32.174,-13.619,0.21,0.263,-0.240,166.6,23,0.0040,0.00
16:33:00,22.26358341308236,84.90969467387347,-32.161,-13.632,0.21,0.263,-0.240,169.4,23,0.0000,0.00
16:33:00,22.26358341308236,84.90969467387347,-32.147,-13.644,0.21,0.263,-0.240,175.1,23,0.0000,0.00
16:33:00,22.26358341308236,84.90969467387347,-32.134,-13.656,0.21,0.263,-0.240,175.1,23,0.0000,0.00
16:33:00,22.26358341308236,84.90969467387347,-32.121,-13.668,0.21,0.263,-0.240,177.7,23,0.0000,0.00
16:33:00,22.26358341308236,84.90969467387347,-32.108,-13.680,0.21,0.263,-0.240,179.9,23,0.0000,0.00
16:33:00,22.26358341308236,84.90969467387347,-32.094,-13.692,0.21,0.263,-0.240,-174.7,23,0.0000,0.00
16:33:00,22.26358341308236,84.90969467387347,-32.081,-13.704,0.21,0.263,-0.240,-174.7,23,0.0000,0.00
16:33:00,22.26358341308236,84.90969467387347,-32.068,-13.716,0.21,0.263,-0.240,-171.7,23,0.0000,0.00
16:33:00,22.26358341308236,84.90969467387347,-32.054,-13.728,0.21,0.263,-0.240,-166.1,23,0.0000,0.00
16:33:00,22.26358341308236,84.90969467387347,-32.041,-13.740,0.21,0.263,-0.240,-163.9,23,0.0000,0.00
16:33:00,22.26358341308236,84.90969467387347,-32.028,-13.752,0.21,0.263,-0.240,-163.9,23,0.0000,0.00
16:33:00,22.26358341308236,84.90969467387347,-32.015,-13.765,0.21,0.263,-0.240,-162.1,23,0.0000,0.00
16:33:00,22.26358341308236,84.90969467387347,-32.001,-13.777,0.20,0.263,-0.240,-160.6,23,0.0000,0.00
16:33:00,22.26358341308236,84.90969467387347,-31.988,-13.789,0.20,0.263,-0.240,-160.6,23,0.0000,0.00
16:33:00,22.26358341308236,84.90969467387347,-31.975,-13.801,0.20,0.263,-0.240,-158.8,23,0.0000,0.00
16:33:00,22.26358341308236,84.90969467387347,-31.961,-13.813,0.20,0.263,-0.240,-158.9,23,0.0000,0.00
16:33:01,22.26358341308236,84.90969467387347,-31.948,-13.825,0.20,0.263,-0.240,-159.8,23,0.0000,0.00
16:33:01,22.26358341308236,84.90969467387347,-31.935,-13.837,0.20,0.263,-0.240,-159.8,23,0.0000,0.00
16:33:01,22.26358341308236,84.90969467387347,-31.922,-13.849,0.20,0.263,-0.240,-161.3,23,0.0000,0.00
16:33:01,22.26358341308236,84.90969467387347,-31.908,-13.861,0.20,0.263,-0.240,-164.7,23,0.0000,0.00
16:33:01,22.26358341308236,84.90969467387347,-31.895,-13.874,0.20,0.263,-0.240,-166.3,23,0.0000,0.00
16:33:01,22.26358341308236,84.90969467387347,-31.882,-13.886,0.20,0.263,-0.240,-166.3,23,0.0000,0.00
16:33:01,22.26358341308236,84.90969467387347,-31.869,-13.898,0.20,0.263,-0.240,-167.8,23,0.0000,0.00
16:33:01,22.26358341308236,84.90969467387347,-31.855,-13.910,0.20,0.263,-0.240,-169.3,23,0.0000,0.00
16:33:01,22.26358341308236,84.90969467387347,-31.842,-13.922,0.20,0.263,-0.240,-171.8,23,0.0000,0.00
16:33:01,22.26358341308236,84.90969467387347,-31.829,-13.934,0.19,0.263,-0.240,-172.9,24,10.0005,0.00
16:33:01,22.26358341308236,84.90969467387347,-31.815,-13.946,0.19,0.263,-0.240,-172.9,24,0.0000,0.00
16:33:01,22.26358341308236,84.90969467387347,-31.802,-13.958,0.19,0.263,-0.240,-173.9,24,0.0000,0.00
16:33:01,22.26358341308236,84.90969467387347,-31.789,-13.970,0.19,0.263,-0.240,-175.5,24,0.0000,0.00
16:33:01,22.26358341308236,84.90969467387347,-31.776,-13.982,0.19,0.263,-0.240,-175.5,24,0.0000,0.00
16:33:01,22.26358341308236,84.90969467387347,-31.989,-14.235,0.19,0.001,-0.518,-176.1,24,0.0058,0.00
16:33:01,22.26358341308236,84.90969467387347,-31.989,-14.261,0.19,0.001,-0.518,-177.0,24,0.0000,0.00
16:33:01,22.26358341308236,84.90969467387347,-31.989,-14.287,0.19,0.001,-0.518,-177.4,24,0.0000,0.00
16:33:01,22.26358341308236,84.90969467387347,-31.989,-14.313,0.18,0.001,-0.518,-177.4,24,0.0000,0.00
16:33:01,22.26358341308236,84.90969467387347,-31.989,-14.339,0.18,0.001,-0.518,-177.7,24,0.0000,0.00
16:33:01,22.26358341308236,84.90969467387347,-31.995,-14.385,0.18,-0.010,-0.552,-178.4,24,0.0059,0.00
16:33:02,22.26358341308236,84.90969467387347,-31.996,-14.413,0.18,-0.010,-0.552,-178.7,24,0.0000,0.00
16:33:02,22.26358341308236,84.90969467387347,-31.996,-14.441,0.17,-0.010,-0.552,-178.7,24,0.0000,0.00
16:33:02,22.26358341308236,84.90969467387347,-31.997,-14.469,0.17,-0.010,-0.552,-178.9,24,0.0000,0.00
16:33:02,22.26358341308236,84.90969467387347,-31.998,-14.496,0.17,-0.010,-0.552,-179.4,24,0.0000,0.00
16:33:02,22.26358341308236,84.90969467387347,-31.996,-14.530,0.17,-0.005,-0.567,-179.7,24,0.0061,0.00
16:33:02,22.26358341308236,84.90969467387347,-31.996,-14.559,0.17,-0.005,-0.567,-179.7,24,0.0000,0.00
16:33:02,22.26358341308236,84.90969467387347,-31.997,-14.587,0.17,-0.005,-0.567,179.9,24,0.0000,0.00
16:33:02,22.26358341308236,84.90969467387347,-31.997,-14.616,0.17,-0.005,-0.567,178.8,24,0.0000,0.00
16:33:02,22.26358341308236,84.90969467387347,-31.997,-14.645,0.17,-0.005,-0.567,178.3,24,0.0000,0.00
16:33:02,22.26358341308236,84.90969467387347,-31.998,-14.673,0.17,-0.005,-0.567,177.7,24,0.0000,0.00
16:33:02,22.26358341308236,84.90969467387347,-31.998,-14.702,0.19,-0.005,-0.567,177.7,24,0.0000,0.00
16:33:02,22.26358341308236,84.90969467387347,-31.998,-14.730,0.19,-0.005,-0.567,176.7,24,0.0000,0.00
16:33:02,22.26358341308236,84.90969467387347,-31.998,-14.759,0.19,-0.005,-0.567,176.2,24,0.0000,0.00
16:33:02,22.26358341308236,84.90969467387347,-31.999,-14.788,0.19,-0.005,-0.567,176.2,24,0.0000,0.00
16:33:02,22.26358341308236,84.90969467387347,-31.991,-14.741,0.19,0.014,-0.374,175.7,24,0.0035,0.00
16:33:02,22.26358341308236,84.90969467387347,-31.990,-14.760,0.19,0.014,-0.374,175.5,24,0.0000,0.00
16:33:02,22.26358341308236,84.90969467387347,-31.990,-14.779,0.19,0.014,-0.374,176.0,24,0.0000,0.00
16:33:02,22.26358341308236,84.90969467387347,-31.989,-14.798,0.19,0.014,-0.374,176.0,24,0.0000,0.00
16:33:02,22.26358341308236,84.90969467387347,-31.988,-14.817,0.19,0.014,-0.374,176.8,24,0.0000,0.00
16:33:03,22.26358341308236,84.90969467387347,-31.989,-14.828,0.19,0.009,-0.349,179.1,24,0.0041,0.00
16:33:03,22.26358341308236,84.90969467387347,-31.989,-14.845,0.19,0.009,-0.349,-179.4,24,0.0000,0.00
16:33:03,22.26358341308236,84.90969467387347,-31.988,-14.863,0.19,0.009,-0.349,-179.4,24,0.0000,0.00
16:33:03,22.26358341308236,84.90969467387347,-31.988,-14.881,0.19,0.009,-0.349,-177.7,24,0.0000,0.00
16:33:03,22.26358341308236,84.90969467387347,-31.988,-14.898,0.19,0.009,-0.349,-173.7,24,0.0000,0.00
16:33:03,22.26358341308236,84.90969467387347,-31.987,-14.916,0.19,0.009,-0.349,-171.5,24,0.0000,0.00
16:33:03,22.26358341308236,84.90969467387347,-31.987,-14.933,0.19,0.009,-0.349,-169.2,24,0.0000,0.00
16:33:03,22.26358341308236,84.90969467387347,-31.986,-14.951,0.19,0.009,-0.349,-169.2,24,0.0000,0.00
16:33:03,22.26358341308236,84.90969467387347,-31.986,-14.969,0.19,0.009,-0.349,-164.4,24,0.0000,0.00
16:33:03,22.26358341308236,84.90969467387347,-31.985,-14.986,0.19,0.009,-0.349,-162.0,24,0.0000,0.00
16:33:03,22.26358341308236,84.90969467387347,-31.985,-15.004,0.19,0.009,-0.349,-159.5,24,0.0000,0.00
16:33:03,22.26358341308236,84.90969467387347,-31.984,-15.022,0.19,0.009,-0.349,-159.5,24,0.0000,0.00
16:33:03,22.26358341308236,84.90969467387347,-31.984,-15.039,0.21,0.009,-0.349,-154.4,24,0.0000,0.00
16:33:03,22.26358341308236,84.90969467387347,-31.984,-15.057,0.21,0.009,-0.349,-151.8,24,0.0000,0.00
16:33:03,22.26358341308236,84.90969467387347,-31.983,-15.074,0.21,0.009,-0.349,-149.1,24,0.0000,0.00
16:33:03,22.26358341308236,84.90969467387347,-31.983,-15.092,0.21,0.009,-0.349,-149.1,24,0.0000,0.00
16:33:03,22.26358341308236,84.90969467387347,-31.982,-15.110,0.21,0.009,-0.349,-142.7,24,0.0000,0.00
16:33:03,22.26358341308236,84.90969467387347,-31.982,-15.127,0.21,0.009,-0.349,-139.4,24,0.0000,0.00
16:33:03,22.26358341308236,84.90969467387347,-31.981,-15.145,0.21,0.009,-0.349,-136.3,24,0.0000,0.00
16:33:03,22.26358341308236,84.90969467387347,-31.981,-15.162,0.21,0.009,-0.349,-130.8,24,0.0000,0.00
16:33:04,22.26358341308236,84.90969467387347,-31.980,-15.180,0.21,0.009,-0.349,-130.8,25,0.0000,0.00
16:33:04,22.26358341308236,84.90969467387347,-32.051,-15.215,0.21,-0.105,-0.378,-128.4,25,0.0051,0.00
16:33:04,22.26358341308236,84.90969467387347,-32.056,-15.234,0.21,-0.105,-0.378,-126.3,25,0.0000,0.00
16:33:04,22.26358341308236,84.90969467387347,-32.061,-15.253,0.21,-0.105,-0.378,-122.9,25,0.0000,0.00
16:33:04,22.26358341308236,84.90969467387347,-32.066,-15.272,0.23,-0.105,-0.378,-122.9,25,0.0000,0.00
16:33:04,22.26358341308236,84.90969467387347,-32.072,-15.291,0.23,-0.105,-0.378,-121.7,25,0.0000,0.00
16:33:04,22.26358341308236,84.90969467387347,-32.091,-15.291,0.23,-0.135,-0.336,-121.0,25,0.0095,0.00
16:33:04,22.26358341308236,84.90969467387347,-32.098,-15.308,0.23,-0.135,-0.336,-121.7,25,0.0000,0.00
16:33:04,22.26358341308236,84.90969467387347,-32.105,-15.325,0.23,-0.135,-0.336,-121.7,25,0.0000,0.00
16:33:04,22.26358341308236,84.90969467387347,-32.111,-15.342,0.23,-0.135,-0.336,-123.2,25,0.0000,0.00
16:33:04,22.26358341308236,84.90969467387347,-32.118,-15.359,0.23,-0.135,-0.336,-125.0,25,0.0000,0.00
16:33:04,22.26358341308236,84.90969467387347,-32.178,-15.369,0.23,-0.288,-0.316,-128.3,25,0.0054,0.00
16:33:04,22.26358341308236,84.90969467387347,-32.192,-15.385,0.23,-0.288,-0.316,-128.3,25,0.0000,0.00
16:33:04,22.26358341308236,84.90969467387347,-32.207,-15.401,0.23,-0.288,-0.316,-129.7,25,0.0000,0.00
16:33:04,22.26358341308236,84.90969467387347,-32.221,-15.417,0.23,-0.288,-0.316,-130.9,25,0.0000,0.00
16:33:04,22.26358341308236,84.90969467387347,-32.236,-15.433,0.23,-0.288,-0.316,-133.0,25,0.0000,0.00
16:33:04,22.26358341308236,84.90969467387347,-32.250,-15.449,0.23,-0.288,-0.316,-133.0,25,0.0000,0.00
16:33:04,22.26358341308236,84.90969467387347,-32.265,-15.465,0.22,-0.288,-0.316,-133.0,25,0.0000,0.00
16:33:04,22.26358341308236,84.90969467387347,-32.279,-15.481,0.22,-0.288,-0.316,-134.8,25,0.0000,0.00
16:33:05,22.26358341308236,84.90969467387347,-32.294,-15.497,0.22,-0.288,-0.316,-136.3,25,0.0000,0.00
16:33:05,22.26358341308236,84.90969467387347,-32.308,-15.513,0.22,-0.288,-0.316,-136.3,25,0.0000,0.00
16:33:05,22.26358341308236,84.90969467387347,-32.323,-15.529,0.21,-0.288,-0.316,-136.9,25,0.0000,0.00
16:33:05,22.26358341308236,84.90969467387347,-32.337,-15.545,0.21,-0.288,-0.316,-137.4,25,0.0000,0.00
16:33:05,22.26358341308236,84.90969467387347,-32.352,-15.561,0.21,-0.288,-0.316,-138.1,25,0.0000,0.00
16:33:05,22.26358341308236,84.90969467387347,-32.366,-15.577,0.21,-0.288,-0.316,-138.1,25,0.0000,0.00
16:33:05,22.26358341308236,84.90969467387347,-32.381,-15.592,0.21,-0.288,-0.316,-138.3,25,0.0000,0.00
16:33:05,22.26358341308236,84.90969467387347,-32.395,-15.608,0.21,-0.288,-0.316,-138.6,25,0.0000,0.00
16:33:05,22.26358341308236,84.90969467387347,-32.410,-15.624,0.21,-0.288,-0.316,-139.2,25,0.0000,0.00
16:33:05,22.26358341308236,84.90969467387347,-32.425,-15.640,0.21,-0.288,-0.316,-139.2,25,0.0000,0.00
16:33:05,22.26358341308236,84.90969467387347,-32.439,-15.656,0.21,-0.288,-0.316,-139.5,25,0.0000,0.00
16:33:05,22.26358341308236,84.90969467387347,-32.453,-15.672,0.21,-0.288,-0.316,-139.7,25,0.0000,0.00
16:33:05,22.26358341308236,84.90969467387347,-32.468,-15.688,0.21,-0.288,-0.316,-140.2,25,0.0000,0.00
16:33:05,22.26358341308236,84.90969467387347,-32.483,-15.704,0.21,-0.288,-0.316,-140.2,25,0.0000,0.00
16:33:05,22.26358341308236,84.90969467387347,-32.497,-15.720,0.21,-0.288,-0.316,-140.4,25,0.0000,0.00
16:33:05,22.26358341308236,84.90969467387347,-32.512,-15.736,0.21,-0.288,-0.316,-140.6,25,0.0000,0.00
16:33:05,22.26358341308236,84.90969467387347,-32.541,-15.768,0.21,-0.288,-0.316,-140.8,25,0.0000,0.00
16:33:05,22.26358341308236,84.90969467387347,-32.555,-15.784,0.21,-0.288,-0.316,-140.8,25,0.0000,0.00
16:33:05,22.26358341308236,84.90969467387347,-32.570,-15.800,0.21,-0.288,-0.316,-140.8,23,0.0000,0.00
16:33:05,22.26358341308236,84.90969467387347,-32.584,-15.816,0.21,-0.288,-0.316,-140.7,23,0.0000,0.00
16:33:05,22.26358341308236,84.90969467387347,-32.599,-15.832,0.21,-0.288,-0.316,-140.7,23,0.0000,0.00
16:33:06,22.26358341308236,84.90969467387347,-32.613,-15.848,0.21,-0.288,-0.316,-140.7,23,0.0000,0.00
16:33:06,22.26358341308236,84.90969467387347,-32.628,-15.864,0.19,-0.288,-0.316,-140.7,23,0.0000,0.00
16:33:06,22.26358341308236,84.90969467387347,-32.643,-15.880,0.19,-0.288,-0.316,-140.7,23,0.0000,0.00
16:33:06,22.26358341308236,84.90969467387347,-32.657,-15.896,0.19,-0.288,-0.316,-140.7,23,0.0000,0.00
16:33:06,22.26358341308236,84.90969467387347,-32.672,-15.911,0.19,-0.288,-0.316,-140.7,23,0.0000,0.00
16:33:06,22.26358341308236,84.90969467387347,-32.686,-15.927,0.19,-0.288,-0.316,-140.7,24,0.0000,0.00
16:33:06,22.26358341308236,84.90969467387347,-32.800,-16.096,0.19,-0.389,-0.472,-140.7,24,0.0066,0.00
16:33:06,22.26358341308236,84.90969467387347,-32.820,-16.120,0.19,-0.389,-0.472,-140.6,24,0.0000,0.00
16:33:06,22.26358341308236,84.90969467387347,-32.840,-16.144,0.19,-0.389,-0.472,-140.6,24,0.0000,0.00
16:33:06,22.26358341308236,84.90969467387347,-32.859,-16.168,0.19,-0.389,-0.472,-139.5,24,0.0000,0.00
16:33:06,22.26358341308236,84.90969467387347,-32.879,-16.192,0.20,-0.389,-0.472,-139.5,24,0.0000,0.00
16:33:06,22.26358341308236,84.90969467387347,-32.927,-16.231,0.20,-0.433,-0.495,-138.1,24,0.0102,0.00
16:33:06,22.26358341308236,84.90969467387347,-32.949,-16.256,0.20,-0.433,-0.495,-136.2,24,0.0000,0.00
16:33:06,22.26358341308236,84.90969467387347,-32.970,-16.281,0.20,-0.433,-0.495,-132.1,24,0.0000,0.00
16:33:06,22.26358341308236,84.90969467387347,-32.992,-16.306,0.21,-0.433,-0.495,-132.1,24,0.0000,0.00
16:33:06,22.26358341308236,84.90969467387347,-33.014,-16.331,0.21,-0.433,-0.495,-130.5,24,0.0000,0.00
16:33:06,22.26358341308236,84.90969467387347,-33.036,-16.356,0.21,-0.433,-0.495,-128.1,24,10.0005,0.00
16:33:06,22.26358341308236,84.90969467387347,-33.058,-16.381,0.21,-0.433,-0.495,-126.9,24,0.0000,0.00
16:33:06,22.26358341308236,84.90969467387347,-33.080,-16.406,0.21,-0.433,-0.495,-126.9,23,0.0000,0.00
16:33:07,22.26358341308236,84.90969467387347,-33.101,-16.431,0.21,-0.433,-0.495,-125.5,23,0.0000,0.00
16:33:07,22.26358341308236,84.90969467387347,-33.123,-16.456,0.21,-0.433,-0.495,-123.6,23,0.0000,0.00
16:33:07,22.26358341308236,84.90969467387347,-33.145,-16.481,0.21,-0.433,-0.495,-119.2,23,10.0005,0.00
16:33:07,22.26358341308236,84.90969467387347,-33.167,-16.506,0.21,-0.433,-0.495,-119.2,23,0.0000,0.00
16:33:07,22.26358341308236,84.90969467387347,-33.189,-16.531,0.21,-0.433,-0.495,-117.2,23,0.0000,0.00
16:33:07,22.26358341308236,84.90969467387347,-33.210,-16.555,0.21,-0.433,-0.495,-115.5,23,0.0000,0.00
16:33:07,22.26358341308236,84.90969467387347,-33.232,-16.580,0.21,-0.433,-0.495,-112.9,23,0.0000,0.00
16:33:07,22.26358341308236,84.90969467387347,-33.295,-16.565,0.21,-0.508,-0.421,-112.9,24,0.0069,0.00
16:33:07,22.26358341308236,84.90969467387347,-33.321,-16.586,0.21,-0.508,-0.421,-111.8,24,0.0000,0.00
16:33:07,22.26358341308236,84.90969467387347,-33.347,-16.607,0.21,-0.508,-0.421,-109.8,24,0.0000,0.00
16:33:07,22.26358341308236,84.90969467387347,-33.372,-16.628,0.21,-0.508,-0.421,-109.8,24,0.0000,0.00
16:33:07,22.26358341308236,84.90969467387347,-33.398,-16.649,0.21,-0.508,-0.421,-108.7,24,0.0000,0.00
16:33:07,22.26358341308236,84.90969467387347,-33.449,-16.640,0.21,-0.572,-0.347,-104.9,24,0.0071,0.00
16:33:07,22.26358341308236,84.90969467387347,-33.478,-16.658,0.21,-0.572,-0.347,-102.5,24,0.0000,0.00
16:33:07,22.26358341308236,84.90969467387347,-33.507,-16.675,0.21,-0.572,-0.347,-102.5,24,0.0000,0.00
16:33:07,22.26358341308236,84.90969467387347,-33.536,-16.693,0.21,-0.572,-0.347,-100.0,24,0.0000,0.00
16:33:07,22.26358341308236,84.90969467387347,-33.565,-16.710,0.20,-0.572,-0.347,-97.3,24,0.0000,0.00
16:33:07,22.26358341308236,84.90969467387347,-33.591,-16.716,0.20,-0.565,-0.310,-97.3,24,0.0066,0.00
16:33:07,22.26358341308236,84.90969467387347,-33.620,-16.731,0.20,-0.565,-0.310,-91.7,24,0.0000,0.00
16:33:08,22.26358341308236,84.90969467387347,-33.648,-16.747,0.20,-0.565,-0.310,-86.1,24,0.0000,0.00
16:33:08,22.26358341308236,84.90969467387347,-33.677,-16.763,0.20,-0.565,-0.310,-83.7,24,0.0000,0.00
16:33:08,22.26358341308236,84.90969467387347,-33.705,-16.778,0.20,-0.565,-0.310,-83.7,24,0.0000,0.00
16:33:08,22.26358341308236,84.90969467387347,-33.741,-16.756,0.20,-0.589,-0.178,-81.7,24,0.0063,0.00
16:33:08,22.26358341308236,84.90969467387347,-33.771,-16.765,0.20,-0.589,-0.178,-78.6,24,0.0000,0.00
16:33:08,22.26358341308236,84.90969467387347,-33.800,-16.774,0.20,-0.589,-0.178,-77.3,24,0.0000,0.00
16:33:08,22.26358341308236,84.90969467387347,-33.830,-16.783,0.18,-0.589,-0.178,-77.3,24,0.0000,0.00
16:33:08,22.26358341308236,84.90969467387347,-33.860,-16.792,0.18,-0.589,-0.178,-76.3,24,0.0000,0.00
16:33:08,22.26358341308236,84.90969467387347,-33.889,-16.801,0.18,-0.589,-0.178,-75.3,24,0.0000,0.00
16:33:08,22.26358341308236,84.90969467387347,-33.924,-16.764,0.18,-0.606,-0.018,-75.2,24,0.0064,0.00
16:33:08,22.26358341308236,84.90969467387347,-33.955,-16.765,0.19,-0.606,-0.018,-75.2,24,0.0000,0.00
16:33:08,22.26358341308236,84.90969467387347,-33.985,-16.766,0.19,-0.606,-0.018,-75.1,24,0.0000,0.00
16:33:08,22.26358341308236,84.90969467387347,-34.016,-16.767,0.19,-0.606,-0.018,-75.2,24,0.0000,0.00
16:33:08,22.26358341308236,84.90969467387347,-34.046,-16.768,0.19,-0.606,-0.018,-75.3,24,0.0000,0.00
16:33:08,22.26358341308236,84.90969467387347,-34.077,-16.769,0.19,-0.606,-0.018,-75.3,24,0.0000,0.00
16:33:08,22.26358341308236,84.90969467387347,-34.108,-16.770,0.19,-0.606,-0.018,-75.1,24,0.0000,0.00
16:33:08,22.26358341308236,84.90969467387347,-34.138,-16.771,0.19,-0.606,-0.018,-72.9,24,0.0000,0.00
16:33:08,22.26358341308236,84.90969467387347,-34.169,-16.772,0.19,-0.606,-0.018,-70.9,24,0.0000,0.00
16:33:08,22.26358341308236,84.90969467387347,-34.199,-16.773,0.19,-0.606,-0.018,-70.9,24,0.0000,0.00
16:33:08,22.26358341308236,84.90969467387347,-34.230,-16.774,0.19,-0.606,-0.018,-68.6,24,0.0000,0.00
16:33:09,22.26358341308236,84.90969467387347,-34.260,-16.775,0.19,-0.606,-0.018,-63.3,24,0.0000,0.00
16:33:09,22.26358341308236,84.90969467387347,-34.291,-16.775,0.19,-0.606,-0.018,-60.5,24,0.0000,0.00
16:33:09,22.26358341308236,84.90969467387347,-34.322,-16.776,0.20,-0.606,-0.018,-60.5,24,0.0000,0.00
16:33:09,22.26358341308236,84.90969467387347,-34.352,-16.777,0.20,-0.606,-0.018,-55.3,24,0.0000,0.00
16:33:09,22.26358341308236,84.90969467387347,-34.383,-16.778,0.20,-0.606,-0.018,-53.4,24,0.0000,0.00
16:33:09,22.26358341308236,84.90969467387347,-34.413,-16.779,0.20,-0.606,-0.018,-51.9,24,0.0000,0.00
16:33:09,22.26358341308236,84.90969467387347,-34.444,-16.780,0.20,-0.606,-0.018,-51.9,24,0.0000,0.00
16:33:09,22.26358341308236,84.90969467387347,-34.474,-16.781,0.20,-0.606,-0.018,-50.8,24,0.0000,0.00
16:33:09,22.26358341308236,84.90969467387347,-34.505,-16.782,0.20,-0.606,-0.018,-49.2,24,0.0000,0.00
16:33:09,22.26358341308236,84.90969467387347,-34.536,-16.783,0.20,-0.606,-0.018,-48.8,24,0.0000,0.00
16:33:09,22.26358341308236,84.90969467387347,-34.566,-16.784,0.20,-0.606,-0.018,-48.8,24,0.0000,0.00
16:33:09,22.26358341308236,84.90969467387347,-34.597,-16.785,0.20,-0.606,-0.018,-48.3,24,0.0000,0.00
16:33:09,22.26358341308236,84.90969467387347,-34.627,-16.786,0.20,-0.606,-0.018,-48.2,24,0.0000,0.00
16:33:09,22.26358341308236,84.90969467387347,-34.658,-16.786,0.20,-0.606,-0.018,-48.1,24,0.0000,0.00
16:33:09,22.26358341308236,84.90969467387347,-34.688,-16.787,0.20,-0.606,-0.018,-48.1,24,0.0000,0.00
16:33:09,22.26358341308236,84.90969467387347,-34.719,-16.788,0.20,-0.606,-0.018,-48.0,24,0.0000,0.00
16:33:09,22.26358341308236,84.90969467387347,-34.749,-16.789,0.20,-0.606,-0.018,-48.0,24,0.0000,0.00
16:33:09,22.26358341308236,84.90969467387347,-34.780,-16.790,0.20,-0.606,-0.018,-48.0,24,0.0000,0.00
16:33:09,22.26358341308236,84.90969467387347,-34.811,-16.791,0.20,-0.606,-0.018,-48.0,24,0.0000,0.00
16:33:09,22.26358341308236,84.90969467387347,-34.841,-16.792,0.20,-0.606,-0.018,-48.0,25,0.0000,0.00
16:33:09,22.26358341308236,84.90969467387347,-34.872,-16.793,0.20,-0.606,-0.018,-48.0,25,0.0000,0.00
16:33:10,22.26358341308236,84.90969467387347,-34.902,-16.794,0.20,-0.606,-0.018,-48.1,25,0.0000,0.00
16:33:10,22.26358341308236,84.90969467387347,-34.933,-16.795,0.20,-0.606,-0.018,-48.1,25,0.0000,0.00
16:33:10,22.26358341308236,84.90969467387347,-34.963,-16.796,0.20,-0.606,-0.018,-48.2,25,0.0000,0.00
16:33:10,22.26358341308236,84.90969467387347,-34.994,-16.797,0.20,-0.606,-0.018,-48.3,25,0.0000,0.00
16:33:10,22.26358341308236,84.90969467387347,-35.025,-16.797,0.20,-0.606,-0.018,-48.3,25,0.0000,0.00
16:33:10,22.26358341308236,84.90969467387347,-35.055,-16.798,0.20,-0.606,-0.018,-48.3,25,0.0000,0.00
16:33:10,22.26358341308236,84.90969467387347,-35.086,-16.799,0.20,-0.606,-0.018,-48.4,25,0.0000,0.00
16:33:10,22.26358341308236,84.90969467387347,-35.116,-16.800,0.19,-0.606,-0.018,-48.5,25,0.0000,0.00
16:33:10,22.26358341308236,84.90969467387347,-35.147,-16.801,0.19,-0.606,-0.018,-48.6,25,0.0000,0.00
16:33:10,22.26358341308236,84.90969467387347,-35.177,-16.802,0.19,-0.606,-0.018,-48.6,25,0.0000,0.00
16:33:10,22.26358341308236,84.90969467387347,-35.208,-16.803,0.19,-0.606,-0.018,-48.8,25,0.0000,0.00
16:33:10,22.26358341308236,84.90969467387347,-35.239,-16.804,0.19,-0.606,-0.018,-48.9,25,0.0000,0.00
16:33:10,22.26358341308236,84.90969467387347,-35.269,-16.805,0.19,-0.606,-0.018,-49.0,25,0.0000,0.00
16:33:10,22.26358341308236,84.90969467387347,-35.300,-16.806,0.19,-0.606,-0.018,-49.0,25,0.0000,0.00
16:33:10,22.26358341308236,84.90969467387347,-35.208,-16.307,0.19,-0.507,0.387,-49.1,25,0.0066,0.00
16:33:10,22.26358341308236,84.90969467387347,-35.234,-16.287,0.22,-0.507,0.387,-49.2,25,0.0000,0.00
16:33:10,22.26358341308236,84.90969467387347,-35.259,-16.268,0.22,-0.507,0.387,-49.3,25,0.0000,0.00
16:33:10,22.26358341308236,84.90969467387347,-35.285,-16.248,0.22,-0.507,0.387,-49.3,25,0.0000,0.00
16:33:10,22.26358341308236,84.90969467387347,-35.311,-16.229,0.22,-0.507,0.387,-49.4,25,0.0000,0.00
16:33:11,22.26358341308236,84.90969467387347,-35.336,-16.209,0.22,-0.507,0.387,-49.5,25,0.0000,0.00
16:33:11,22.26358341308236,84.90969467387347,-35.362,-16.190,0.22,-0.507,0.387,-49.7,25,0.0000,0.00
16:33:11,22.26358341308236,84.90969467387347,-35.387,-16.170,0.22,-0.507,0.387,-50.0,25,0.0000,0.00
16:33:11,22.26358341308236,84.90969467387347,-35.413,-16.151,0.22,-0.507,0.387,-50.0,25,0.0000,0.00
16:33:11,22.26358341308236,84.90969467387347,-35.438,-16.131,0.22,-0.507,0.387,-50.1,25,0.0000,0.00
16:33:11,22.26358341308236,84.90969467387347,-35.464,-16.112,0.21,-0.507,0.387,-50.2,25,0.0000,0.00
16:33:11,22.26358341308236,84.90969467387347,-35.489,-16.092,0.21,-0.507,0.387,-50.3,25,0.0000,0.00
16:33:11,22.26358341308236,84.90969467387347,-35.515,-16.073,0.21,-0.507,0.387,-50.3,25,0.0000,0.00
16:33:11,22.26358341308236,84.90969467387347,-35.540,-16.053,0.21,-0.507,0.387,-50.4,25,0.0000,0.00
16:33:11,22.26358341308236,84.90969467387347,-35.566,-16.034,0.22,-0.507,0.387,-50.5,24,0.0000,0.00
16:33:11,22.26358341308236,84.90969467387347,-35.592,-16.014,0.22,-0.507,0.387,-50.5,24,0.0000,0.00
16:33:11,22.26358341308236,84.90969467387347,-35.617,-15.995,0.22,-0.507,0.387,-50.5,24,0.0000,0.00
16:33:11,22.26358341308236,84.90969467387347,-35.643,-15.975,0.22,-0.507,0.387,-50.5,24,0.0000,0.00
16:33:11,22.26358341308236,84.90969467387347,-35.668,-15.956,0.22,-0.507,0.387,-50.5,24,0.0000,0.00
16:33:11,22.26358341308236,84.90969467387347,-35.694,-15.936,0.22,-0.507,0.387,-50.4,24,0.0000,0.00
16:33:11,22.26358341308236,84.90969467387347,-35.719,-15.917,0.22,-0.507,0.387,-50.4,24,0.0000,0.00
16:33:11,22.26358341308236,84.90969467387347,-35.760,-15.863,0.22,-0.525,0.429,-50.4,24,0.0071,0.00
16:33:11,22.26358341308236,84.90969467387347,-35.786,-15.841,0.21,-0.525,0.429,-50.4,25,0.0000,0.00
16:33:11,22.26358341308236,84.90969467387347,-35.813,-15.820,0.21,-0.525,0.429,-50.4,25,0.0000,0.00
16:33:11,22.26358341308236,84.90969467387347,-35.839,-15.798,0.21,-0.525,0.429,-50.4,25,0.0000,0.00
16:33:12,22.26358341308236,84.90969467387347,-35.865,-15.776,0.21,-0.525,0.429,-50.4,25,0.0000,0.00
16:33:12,22.26358341308236,84.90969467387347,-35.892,-15.755,0.22,-0.525,0.429,-50.4,25,0.0000,0.00
16:33:12,22.26358341308236,84.90969467387347,-35.918,-15.733,0.22,-0.525,0.429,-50.4,25,0.0000,0.00
16:33:12,22.26358341308236,84.90969467387347,-35.945,-15.712,0.22,-0.525,0.429,-50.4,25,0.0000,0.00
16:33:12,22.26358341308236,84.90969467387347,-35.971,-15.690,0.22,-0.525,0.429,-50.4,25,0.0000,0.00
16:33:12,22.26358341308236,84.90969467387347,-35.998,-15.668,0.22,-0.525,0.429,-50.4,25,0.0000,0.00
16:33:12,22.26358341308236,84.90969467387347,-36.026,-15.643,0.22,-0.529,0.437,-50.4,25,0.0072,0.00
16:33:12,22.26358341308236,84.90969467387347,-36.053,-15.620,0.22,-0.529,0.437,-50.4,25,0.0000,0.00
16:33:12,22.26358341308236,84.90969467387347,-36.080,-15.598,0.22,-0.529,0.437,-50.4,25,0.0000,0.00
16:33:12,22.26358341308236,84.90969467387347,-36.107,-15.576,0.22,-0.529,0.437,-50.5,25,0.0000,0.00
16:33:12,22.26358341308236,84.90969467387347,-36.133,-15.554,0.22,-0.529,0.437,-50.6,25,0.0000,0.00
16:33:12,22.26358341308236,84.90969467387347,-36.160,-15.533,0.22,-0.529,0.435,-50.6,25,0.0071,0.00
16:33:12,22.26358341308236,84.90969467387347,-36.187,-15.511,0.22,-0.529,0.435,-50.6,25,0.0000,0.00
16:33:12,22.26358341308236,84.90969467387347,-36.213,-15.489,0.22,-0.529,0.435,-50.6,25,0.0000,0.00
16:33:12,22.26358341308236,84.90969467387347,-36.240,-15.467,0.23,-0.529,0.435,-50.7,25,0.0000,0.00
16:33:12,22.26358341308236,84.90969467387347,-36.267,-15.445,0.23,-0.529,0.435,-50.7,25,0.0000,0.00
16:33:12,22.26358341308236,84.90969467387347,-36.293,-15.424,0.23,-0.529,0.434,-50.7,25,0.0072,0.00
16:33:12,22.26358341308236,84.90969467387347,-36.320,-15.402,0.23,-0.529,0.434,-50.7,25,0.0000,0.00
16:33:12,22.26358341308236,84.90969467387347,-36.347,-15.380,0.23,-0.529,0.434,-50.7,25,0.0000,0.00
16:33:13,22.26358341308236,84.90969467387347,-36.373,-15.358,0.23,-0.529,0.434,-50.8,25,0.0000,0.00
16:33:13,22.26358341308236,84.90969467387347,-36.400,-15.336,0.23,-0.529,0.434,-50.8,25,0.0000,0.00
16:33:13,22.26358341308236,84.90969467387347,-36.426,-15.314,0.23,-0.529,0.434,-50.7,25,0.0000,0.00
16:33:13,22.26358341308236,84.90969467387347,-36.453,-15.293,0.23,-0.529,0.434,-50.7,25,0.0000,0.00
16:33:13,22.26358341308236,84.90969467387347,-36.480,-15.271,0.23,-0.529,0.434,-50.7,25,0.0000,0.00
16:33:13,22.26358341308236,84.90969467387347,-36.533,-15.227,0.23,-0.529,0.434,-50.7,25,0.0000,0.00
16:33:13,22.26358341308236,84.90969467387347,-36.560,-15.205,0.23,-0.529,0.434,-50.7,25,0.0000,0.00
16:33:13,22.26358341308236,84.90969467387347,-36.586,-15.183,0.23,-0.529,0.434,-50.7,24,0.0000,0.00
16:33:13,22.26358341308236,84.90969467387347,-36.613,-15.161,0.23,-0.529,0.434,-50.7,24,0.0000,0.00
16:33:13,22.26358341308236,84.90969467387347,-36.640,-15.140,0.23,-0.529,0.434,-50.7,24,0.0000,0.00
16:33:13,22.26358341308236,84.90969467387347,-36.666,-15.118,0.23,-0.529,0.434,-50.8,24,0.0000,0.00
16:33:13,22.26358341308236,84.90969467387347,-36.693,-15.096,0.22,-0.529,0.434,-50.8,24,0.0000,0.00
16:33:13,22.26358341308236,84.90969467387347,-36.719,-15.074,0.22,-0.529,0.434,-50.8,24,0.0000,0.00
16:33:13,22.26358341308236,84.90969467387347,-36.746,-15.052,0.22,-0.529,0.434,-50.8,24,0.0000,0.00
16:33:13,22.26358341308236,84.90969467387347,-36.773,-15.030,0.22,-0.529,0.434,-50.8,24,0.0000,0.00
16:33:13,22.26358341308236,84.90969467387347,-36.799,-15.008,0.22,-0.529,0.434,-50.8,24,0.0000,0.00
16:33:13,22.26358341308236,84.90969467387347,-36.826,-14.987,0.22,-0.529,0.434,-50.8,24,0.0000,0.00
16:33:13,22.26358341308236,84.90969467387347,-36.853,-14.965,0.22,-0.529,0.434,-50.7,24,0.0000,0.00
16:33:13,22.26358341308236,84.90969467387347,-36.880,-14.943,0.22,-0.529,0.434,-50.7,24,0.0000,0.00
16:33:13,22.26358341308236,84.90969467387347,-36.906,-14.921,0.22,-0.529,0.434,-50.7,25,0.0000,0.00
16:33:14,22.26358341308236,84.90969467387347,-36.933,-14.899,0.22,-0.529,0.434,-50.7,25,0.0000,0.00
16:33:14,22.26358341308236,84.90969467387347,-36.959,-14.877,0.22,-0.529,0.434,-50.6,25,0.0000,0.00
16:33:14,22.26358341308236,84.90969467387347,-36.986,-14.855,0.22,-0.529,0.434,-50.5,25,0.0000,0.00
16:33:14,22.26358341308236,84.90969467387347,-37.013,-14.834,0.22,-0.529,0.434,-50.5,25,0.0000,0.00
16:33:14,22.26358341308236,84.90969467387347,-37.039,-14.812,0.22,-0.529,0.434,-50.6,25,0.0000,0.00
16:33:14,22.26358341308236,84.90969467387347,-37.066,-14.790,0.22,-0.529,0.434,-50.6,25,0.0000,0.00
16:33:14,22.26358341308236,84.90969467387347,-37.093,-14.768,0.22,-0.529,0.434,-50.5,25,0.0000,0.00
16:33:14,22.26358341308236,84.90969467387347,-37.117,-14.746,0.22,-0.527,0.434,-50.5,25,0.0071,0.00
16:33:14,22.26358341308236,84.90969467387347,-37.144,-14.724,0.21,-0.527,0.434,-50.5,25,0.0000,0.00
16:33:14,22.26358341308236,84.90969467387347,-37.171,-14.702,0.21,-0.527,0.434,-50.5,25,0.0000,0.00
16:33:14,22.26358341308236,84.90969467387347,-37.197,-14.680,0.21,-0.527,0.434,-50.5,25,0.0000,0.00
16:33:14,22.26358341308236,84.90969467387347,-37.224,-14.658,0.21,-0.527,0.434,-50.5,25,0.0000,0.00
16:33:14,22.26358341308236,84.90969467387347,-37.255,-14.632,0.21,-0.535,0.441,-50.5,25,0.0071,0.00
16:33:14,22.26358341308236,84.90969467387347,-37.282,-14.610,0.21,-0.535,0.441,-50.5,25,0.0000,0.00
16:33:14,22.26358341308236,84.90969467387347,-37.309,-14.588,0.21,-0.535,0.441,-50.5,25,0.0000,0.00
16:33:14,22.26358341308236,84.90969467387347,-37.336,-14.566,0.21,-0.535,0.441,-50.5,25,0.0000,0.00
16:33:14,22.26358341308236,84.90969467387347,-37.363,-14.544,0.22,-0.535,0.441,-50.5,25,0.0000,0.00
16:33:14,22.26358341308236,84.90969467387347,-37.388,-14.522,0.22,-0.531,0.438,-50.5,25,0.0070,0.00
16:33:14,22.26358341308236,84.90969467387347,-37.415,-14.500,0.22,-0.531,0.438,-50.5,25,0.0000,0.00
16:33:15,22.26358341308236,84.90969467387347,-37.442,-14.478,0.22,-0.531,0.438,-50.5,25,0.0000,0.00
16:33:15,22.26358341308236,84.90969467387347,-37.469,-14.456,0.22,-0.531,0.438,-50.5,25,0.0000,0.00
16:33:15,22.26358341308236,84.90969467387347,-37.496,-14.434,0.23,-0.531,0.438,-50.5,25,0.0000,0.00
16:33:15,22.26358341308236,84.90969467387347,-37.523,-14.412,0.23,-0.531,0.438,-50.5,25,0.0000,0.00
16:33:15,22.26358341308236,84.90969467387347,-37.549,-14.390,0.23,-0.531,0.438,-50.5,25,0.0000,0.00
16:33:15,22.26358341308236,84.90969467387347,-37.576,-14.368,0.23,-0.531,0.438,-50.6,25,0.0000,0.00
16:33:15,22.26358341308236,84.90969467387347,-37.603,-14.346,0.23,-0.531,0.438,-50.6,25,0.0000,0.00
16:33:15,22.26358341308236,84.90969467387347,-37.630,-14.324,0.23,-0.531,0.438,-50.6,25,0.0000,0.00
16:33:15,22.26358341308236,84.90969467387347,-37.656,-14.302,0.23,-0.531,0.438,-50.6,25,0.0000,0.00
16:33:15,22.26358341308236,84.90969467387347,-37.682,-14.281,0.23,-0.529,0.435,-50.6,25,0.0071,0.00
16:33:15,22.26358341308236,84.90969467387347,-37.709,-14.259,0.22,-0.529,0.435,-50.6,25,0.0000,0.00
16:33:15,22.26358341308236,84.90969467387347,-37.736,-14.237,0.22,-0.529,0.435,-50.6,25,0.0000,0.00
16:33:15,22.26358341308236,84.90969467387347,-37.762,-14.215,0.22,-0.529,0.435,-50.7,25,0.0000,0.00
16:33:15,22.26358341308236,84.90969467387347,-37.789,-14.193,0.22,-0.529,0.435,-50.7,25,0.0000,0.00
16:33:15,22.26358341308236,84.90969467387347,-37.816,-14.171,0.22,-0.529,0.435,-50.7,25,0.0000,0.00
16:33:15,22.26358341308236,84.90969467387347,-37.842,-14.149,0.22,-0.529,0.435,-50.7,25,0.0000,0.00
16:33:15,22.26358341308236,84.90969467387347,-37.869,-14.127,0.22,-0.529,0.435,-50.7,25,0.0000,0.00
16:33:15,22.26358341308236,84.90969467387347,-37.896,-14.105,0.22,-0.529,0.435,-50.7,25,0.0000,0.00
16:33:15,22.26358341308236,84.90969467387347,-37.922,-14.083,0.22,-0.529,0.435,-50.7,25,0.0000,0.00
16:33:15,22.26358341308236,84.90969467387347,-37.949,-14.061,0.22,-0.529,0.435,-50.7,25,0.0000,0.00
16:33:15,22.26358341308236,84.90969467387347,-37.976,-14.039,0.22,-0.529,0.435,-50.6,25,0.0000,0.00
16:33:16,22.26358341308236,84.90969467387347,-38.002,-14.017,0.22,-0.529,0.435,-50.6,25,0.0000,0.00
16:33:16,22.26358341308236,84.90969467387347,-38.029,-13.996,0.22,-0.529,0.435,-50.6,25,0.0000,0.00
16:33:16,22.26358341308236,84.90969467387347,-38.055,-13.974,0.23,-0.529,0.435,-50.7,25,0.0000,0.00
16:33:16,22.26358341308236,84.90969467387347,-38.087,-13.949,0.23,-0.539,0.440,-50.8,25,0.0076,0.00
16:33:16,22.26358341308236,84.90969467387347,-38.115,-13.927,0.23,-0.539,0.440,-50.8,25,0.0000,0.00
16:33:16,22.26358341308236,84.90969467387347,-38.142,-13.905,0.23,-0.539,0.440,-51.3,25,0.0000,0.00
16:33:16,22.26358341308236,84.90969467387347,-38.169,-13.883,0.23,-0.539,0.440,-51.3,24,0.0000,0.00
16:33:16,22.26358341308236,84.90969467387347,-38.196,-13.861,0.23,-0.539,0.440,-51.9,24,0.0000,0.00
16:33:16,22.26358341308236,84.90969467387347,-38.166,-13.888,0.23,-0.395,0.316,-51.9,24,0.0050,0.00
16:33:16,22.26358341308236,84.90969467387347,-38.186,-13.872,0.23,-0.395,0.316,-53.4,24,0.0000,0.00
16:33:16,22.26358341308236,84.90969467387347,-38.206,-13.856,0.23,-0.395,0.316,-54.5,24,0.0000,0.00
16:33:16,22.26358341308236,84.90969467387347,-38.225,-13.840,0.23,-0.395,0.316,-55.8,24,0.0000,0.00
16:33:16,22.26358341308236,84.90969467387347,-38.245,-13.824,0.23,-0.395,0.316,-55.8,24,0.0000,0.00
16:33:16,22.26358341308236,84.90969467387347,-38.265,-13.808,0.23,-0.395,0.316,-58.8,24,10.0005,0.00
16:33:16,22.26358341308236,84.90969467387347,-38.285,-13.792,0.22,-0.395,0.316,-60.7,24,0.0000,0.00
16:33:16,22.26358341308236,84.90969467387347,-38.305,-13.776,0.22,-0.395,0.316,-62.7,24,0.0000,0.00
16:33:16,22.26358341308236,84.90969467387347,-38.325,-13.760,0.22,-0.395,0.316,-62.7,24,0.0000,0.00
16:33:16,22.26358341308236,84.90969467387347,-38.345,-13.744,0.22,-0.395,0.316,-67.6,24,0.0000,0.00
16:33:16,22.26358341308236,84.90969467387347,-38.365,-13.728,0.22,-0.395,0.316,-70.3,24,0.0000,0.00
16:33:17,22.26358341308236,84.90969467387347,-38.385,-13.712,0.22,-0.395,0.316,-73.1,24,0.0000,0.00
16:33:17,22.26358341308236,84.90969467387347,-38.405,-13.697,0.22,-0.395,0.316,-73.1,24,0.0000,0.00
16:33:17,22.26358341308236,84.90969467387347,-38.425,-13.681,0.22,-0.395,0.316,-78.0,24,0.0000,0.00
16:33:17,22.26358341308236,84.90969467387347,-38.444,-13.665,0.22,-0.395,0.316,-80.0,24,0.0000,0.00
16:33:17,22.26358341308236,84.90969467387347,-38.464,-13.649,0.23,-0.395,0.316,-81.6,24,0.0000,0.00
16:33:17,22.26358341308236,84.90969467387347,-38.484,-13.633,0.23,-0.395,0.316,-81.6,24,0.0000,0.00
16:33:17,22.26358341308236,84.90969467387347,-38.504,-13.617,0.23,-0.395,0.316,-83.6,24,0.0000,0.00
16:33:17,22.26358341308236,84.90969467387347,-38.524,-13.601,0.23,-0.395,0.316,-83.6,24,0.0000,0.00
16:33:17,22.26358341308236,84.90969467387347,-38.544,-13.585,0.23,-0.395,0.316,-82.9,25,0.0000,0.00
16:33:17,22.26358341308236,84.90969467387347,-38.564,-13.569,0.23,-0.395,0.316,-82.9,25,0.0000,0.00
16:33:17,22.26358341308236,84.90969467387347,-38.626,-13.674,0.23,-0.462,0.125,-80.0,25,0.0061,0.00
16:33:17,22.26358341308236,84.90969467387347,-38.650,-13.668,0.23,-0.462,0.125,-78.2,25,0.0000,0.00
16:33:17,22.26358341308236,84.90969467387347,-38.673,-13.662,0.23,-0.462,0.125,-76.6,25,0.0000,0.00
16:33:17,22.26358341308236,84.90969467387347,-38.696,-13.656,0.23,-0.462,0.125,-76.6,25,0.0000,0.00
16:33:17,22.26358341308236,84.90969467387347,-38.719,-13.649,0.23,-0.462,0.125,-73.8,25,0.0000,0.00
16:33:17,22.26358341308236,84.90969467387347,-38.743,-13.643,0.23,-0.462,0.125,-73.1,25,0.0000,0.00
16:33:17,22.26358341308236,84.90969467387347,-38.766,-13.637,0.23,-0.462,0.125,-73.1,25,0.0000,0.00
16:33:17,22.26358341308236,84.90969467387347,-38.789,-13.630,0.21,-0.462,0.125,-72.6,25,0.0000,0.00
16:33:17,22.26358341308236,84.90969467387347,-38.813,-13.624,0.21,-0.462,0.125,-72.6,25,0.0000,0.00
16:33:17,22.26358341308236,84.90969467387347,-38.836,-13.618,0.21,-0.462,0.125,-74.2,25,0.0000,0.00
16:33:18,22.26358341308236,84.90969467387347,-38.789,-13.664,0.21,-0.322,0.019,-74.2,25,0.0053,0.00
16:33:18,22.26358341308236,84.90969467387347,-38.805,-13.663,0.22,-0.322,0.019,-75.1,25,0.0000,0.00
16:33:18,22.26358341308236,84.90969467387347,-38.822,-13.663,0.22,-0.322,0.019,-75.9,25,0.0000,0.00
16:33:18,22.26358341308236,84.90969467387347,-38.838,-13.662,0.22,-0.322,0.019,-77.6,25,0.0000,0.00
16:33:18,22.26358341308236,84.90969467387347,-38.854,-13.661,0.22,-0.322,0.019,-77.6,25,0.0000,0.00
16:33:18,22.26358341308236,84.90969467387347,-38.870,-13.649,0.22,-0.320,0.047,-78.8,25,0.0053,0.00
16:33:18,22.26358341308236,84.90969467387347,-38.886,-13.647,0.22,-0.320,0.047,-80.3,25,0.0000,0.00
16:33:18,22.26358341308236,84.90969467387347,-38.902,-13.644,0.22,-0.320,0.047,-83.2,25,0.0000,0.00
16:33:18,22.26358341308236,84.90969467387347,-38.918,-13.642,0.22,-0.320,0.047,-83.2,25,0.0000,0.00
16:33:18,22.26358341308236,84.90969467387347,-38.934,-13.640,0.22,-0.320,0.047,-84.1,25,0.0000,0.00
16:33:18,22.26358341308236,84.90969467387347,-38.978,-13.638,0.22,-0.411,0.046,-84.3,25,0.0049,0.00
16:33:18,22.26358341308236,84.90969467387347,-38.999,-13.635,0.22,-0.411,0.046,-84.3,25,0.0000,0.00
16:33:18,22.26358341308236,84.90969467387347,-39.020,-13.633,0.22,-0.411,0.046,-83.3,25,0.0000,0.00
16:33:18,22.26358341308236,84.90969467387347,-39.041,-13.631,0.22,-0.411,0.046,-82.4,25,0.0000,0.00
16:33:18,22.26358341308236,84.90969467387347,-39.061,-13.628,0.22,-0.411,0.046,-80.8,25,0.0000,0.00
16:33:18,22.26358341308236,84.90969467387347,-39.082,-13.626,0.22,-0.411,0.046,-80.8,25,0.0000,0.00
16:33:18,22.26358341308236,84.90969467387347,-39.103,-13.624,0.22,-0.411,0.046,-80.1,25,0.0000,0.00
16:33:18,22.26358341308236,84.90969467387347,-39.124,-13.621,0.22,-0.411,0.046,-79.4,25,0.0000,0.00
16:33:18,22.26358341308236,84.90969467387347,-39.144,-13.619,0.21,-0.411,0.046,-78.3,25,0.0000,0.00
16:33:19,22.26358341308236,84.90969467387347,-39.165,-13.617,0.21,-0.411,0.046,-78.3,25,0.0000,0.00
16:33:19,22.26358341308236,84.90969467387347,-39.186,-13.615,0.21,-0.411,0.046,-77.8,25,0.0000,0.00
16:33:19,22.26358341308236,84.90969467387347,-39.207,-13.612,0.21,-0.411,0.046,-77.4,25,0.0000,0.00
16:33:19,22.26358341308236,84.90969467387347,-39.227,-13.610,0.19,-0.411,0.046,-76.8,25,0.0000,0.00
16:33:19,22.26358341308236,84.90969467387347,-39.248,-13.608,0.19,-0.411,0.046,-76.8,25,0.0000,0.00
16:33:19,22.26358341308236,84.90969467387347,-39.269,-13.605,0.19,-0.411,0.046,-76.5,25,0.0000,0.00
16:33:19,22.26358341308236,84.90969467387347,-39.289,-13.603,0.19,-0.411,0.046,-76.3,25,0.0000,0.00
16:33:19,22.26358341308236,84.90969467387347,-39.310,-13.601,0.19,-0.411,0.046,-76.0,25,0.0000,0.00
16:33:19,22.26358341308236,84.90969467387347,-39.331,-13.598,0.19,-0.411,0.046,-76.0,25,0.0000,0.00
16:33:19,22.26358341308236,84.90969467387347,-39.352,-13.596,0.19,-0.411,0.046,-75.7,25,0.0000,0.00
16:33:19,22.26358341308236,84.90969467387347,-39.372,-13.594,0.19,-0.411,0.046,-75.7,25,0.0000,0.00
16:33:19,22.26358341308236,84.90969467387347,-39.393,-13.592,0.19,-0.411,0.046,-75.9,25,0.0000,0.00
16:33:19,22.26358341308236,84.90969467387347,-39.414,-13.589,0.18,-0.411,0.046,-75.9,25,0.0000,0.00
16:33:19,22.26358341308236,84.90969467387347,-39.434,-13.587,0.18,-0.411,0.046,-76.1,25,0.0000,0.00
16:33:19,22.26358341308236,84.90969467387347,-39.455,-13.585,0.18,-0.411,0.046,-76.4,25,0.0000,0.00
16:33:19,22.26358341308236,84.90969467387347,-39.476,-13.582,0.18,-0.411,0.046,-76.5,25,0.0000,0.00
16:33:19,22.26358341308236,84.90969467387347,-39.496,-13.580,0.19,-0.411,0.046,-76.5,25,0.0000,0.00
16:33:19,22.26358341308236,84.90969467387347,-39.517,-13.578,0.19,-0.411,0.046,-76.6,25,0.0000,0.00
16:33:19,22.26358341308236,84.90969467387347,-39.538,-13.575,0.19,-0.411,0.046,-76.8,25,0.0000,0.00
16:33:19,22.26358341308236,84.90969467387347,-39.559,-13.573,0.19,-0.411,0.046,-76.9,25,0.0000,0.00
16:33:20,22.26358341308236,84.90969467387347,-39.579,-13.571,0.19,-0.411,0.046,-76.9,25,0.0000,0.00
16:33:20,22.26358341308236,84.90969467387347,-39.621,-13.566,0.19,-0.411,0.046,-77.3,25,0.0000,0.00
16:33:20,22.26358341308236,84.90969467387347,-39.642,-13.564,0.19,-0.411,0.046,-77.4,25,0.0000,0.00
16:33:20,22.26358341308236,84.90969467387347,-39.662,-13.562,0.18,-0.411,0.046,-77.4,25,0.0000,0.00
16:33:20,22.26358341308236,84.90969467387347,-39.683,-13.559,0.18,-0.411,0.046,-77.5,25,0.0000,0.00
16:33:20,22.26358341308236,84.90969467387347,-39.704,-13.557,0.18,-0.411,0.046,-77.9,25,0.0000,0.00
16:33:20,22.26358341308236,84.90969467387347,-39.725,-13.555,0.18,-0.411,0.046,-78.0,25,0.0000,0.00
16:33:20,22.26358341308236,84.90969467387347,-39.745,-13.552,0.18,-0.411,0.046,-78.0,25,0.0000,0.00
16:33:20,22.26358341308236,84.90969467387347,-39.766,-13.550,0.19,-0.411,0.046,-78.2,24,0.0000,0.00
16:33:20,22.26358341308236,84.90969467387347,-39.787,-13.548,0.19,-0.411,0.046,-78.4,24,0.0000,0.00
16:33:20,22.26358341308236,84.90969467387347,-39.808,-13.546,0.19,-0.411,0.046,-78.5,24,0.0000,0.00
16:33:20,22.26358341308236,84.90969467387347,-39.828,-13.543,0.19,-0.411,0.046,-78.5,24,0.0000,0.00
16:33:20,22.26358341308236,84.90969467387347,-39.849,-13.541,0.19,-0.411,0.046,-78.6,24,0.0000,0.00
16:33:20,22.26358341308236,84.90969467387347,-39.870,-13.539,0.19,-0.411,0.046,-78.8,24,0.0000,0.00
16:33:20,22.26358341308236,84.90969467387347,-39.891,-13.536,0.19,-0.411,0.046,-78.8,24,0.0000,0.00
16:33:20,22.26358341308236,84.90969467387347,-39.911,-13.534,0.19,-0.411,0.046,-78.8,24,0.0000,0.00
16:33:20,22.26358341308236,84.90969467387347,-39.932,-13.532,0.17,-0.411,0.046,-78.9,26,0.0000,0.00
16:33:20,22.26358341308236,84.90969467387347,-39.953,-13.529,0.17,-0.411,0.046,-79.0,26,0.0000,0.00
16:33:20,22.26358341308236,84.90969467387347,-39.973,-13.527,0.17,-0.411,0.046,-79.0,26,0.0000,0.00
16:33:20,22.26358341308236,84.90969467387347,-39.994,-13.525,0.17,-0.411,0.046,-79.0,26,0.0000,0.00
16:33:21,22.26358341308236,84.90969467387347,-40.015,-13.523,0.18,-0.411,0.046,-79.0,26,0.0000,0.00
16:33:21,22.26358341308236,84.90969467387347,-40.036,-13.520,0.18,-0.411,0.046,-79.0,26,0.0000,0.00
16:33:21,22.26358341308236,84.90969467387347,-40.056,-13.518,0.18,-0.411,0.046,-79.0,26,0.0000,0.00
16:33:21,22.26358341308236,84.90969467387347,-40.077,-13.516,0.18,-0.411,0.046,-79.0,26,0.0000,0.00
16:33:21,22.26358341308236,84.90969467387347,-40.098,-13.513,0.18,-0.411,0.046,-79.0,26,0.0000,0.00
16:33:21,22.26358341308236,84.90969467387347,-40.118,-13.511,0.18,-0.411,0.046,-79.0,26,0.0000,0.00
16:33:21,22.26358341308236,84.90969467387347,-40.139,-13.509,0.18,-0.411,0.046,-79.0,26,0.0000,0.00
16:33:21,22.26358341308236,84.90969467387347,-39.769,-13.535,0.18,-0.152,0.027,-79.0,26,0.0034,0.00
16:33:21,22.26358341308236,84.90969467387347,-39.777,-13.534,0.18,-0.152,0.027,-79.0,26,0.0000,0.00
16:33:21,22.26358341308236,84.90969467387347,-39.784,-13.532,0.18,-0.152,0.027,-78.9,26,0.0000,0.00
16:33:21,22.26358341308236,84.90969467387347,-39.792,-13.531,0.18,-0.152,0.027,-78.9,26,0.0000,0.00
16:33:21,22.26358341308236,84.90969467387347,-39.800,-13.530,0.18,-0.152,0.027,-78.9,26,0.0000,0.00
16:33:21,22.26358341308236,84.90969467387347,-39.779,-13.532,0.18,-0.121,0.023,-78.8,26,0.0029,0.00
16:33:21,22.26358341308236,84.90969467387347,-39.785,-13.531,0.18,-0.121,0.023,-78.7,26,0.0000,0.00
16:33:21,22.26358341308236,84.90969467387347,-39.792,-13.530,0.18,-0.121,0.023,-78.6,26,0.0000,0.00
16:33:21,22.26358341308236,84.90969467387347,-39.798,-13.528,0.18,-0.121,0.023,-78.6,26,0.0000,0.00
16:33:21,22.26358341308236,84.90969467387347,-39.804,-13.527,0.18,-0.121,0.023,-78.5,26,0.0000,0.00
16:33:21,22.26358341308236,84.90969467387347,-39.810,-13.526,0.17,-0.121,0.023,-78.5,26,0.0000,0.00
16:33:21,22.26358341308236,84.90969467387347,-39.816,-13.525,0.17,-0.121,0.023,-78.5,26,0.0000,0.00
16:33:21,22.26358341308236,84.90969467387347,-39.822,-13.524,0.17,-0.121,0.023,-78.5,26,0.0000,0.00
16:33:22,22.26358341308236,84.90969467387347,-39.828,-13.523,0.17,-0.121,0.023,-78.5,26,0.0000,0.00
16:33:22,22.26358341308236,84.90969467387347,-39.834,-13.522,0.17,-0.121,0.023,-78.5,26,0.0000,0.00
16:33:22,22.26358341308236,84.90969467387347,-39.840,-13.520,0.17,-0.121,0.023,-78.5,26,0.0000,0.00
16:33:22,22.26358341308236,84.90969467387347,-39.846,-13.519,0.17,-0.121,0.023,-78.5,26,0.0000,0.00
16:33:22,22.26358341308236,84.90969467387347,-39.852,-13.518,0.17,-0.121,0.023,-78.5,26,0.0000,0.00
16:33:22,22.26358341308236,84.90969467387347,-39.858,-13.517,0.17,-0.121,0.023,-78.4,26,0.0000,0.00
16:33:22,22.26358341308236,84.90969467387347,-39.864,-13.516,0.17,-0.121,0.023,-78.4,26,0.0000,0.00
16:33:22,22.26358341308236,84.90969467387347,-39.815,-13.525,0.17,-0.026,0.005,-78.4,26,0.0028,0.00
16:33:22,22.26358341308236,84.90969467387347,-39.816,-13.525,0.17,-0.026,0.005,-78.4,26,0.0000,0.00
16:33:22,22.26358341308236,84.90969467387347,-39.817,-13.525,0.17,-0.026,0.005,-78.3,26,0.0000,0.00
16:33:22,22.26358341308236,84.90969467387347,-39.819,-13.524,0.17,-0.026,0.005,-78.3,26,0.0000,0.00
16:33:22,22.26358341308236,84.90969467387347,-39.820,-13.524,0.17,-0.026,0.005,-78.3,26,0.0000,0.00
16:33:23,22.26358341308236,84.90969467387347,-39.821,-13.524,0.17,-0.026,0.005,-78.1,26,0.0000,0.00
16:33:23,22.26358341308236,84.90969467387347,-39.823,-13.524,0.17,-0.026,0.005,-78.1,26,0.0000,0.00
16:33:23,22.26358341308236,84.90969467387347,-39.824,-13.523,0.16,-0.026,0.005,-78.0,26,0.0000,0.00
16:33:23,22.26358341308236,84.90969467387347,-39.825,-13.523,0.16,-0.026,0.005,-78.0,26,0.0000,0.00
16:33:23,22.26358341308236,84.90969467387347,-39.827,-13.523,0.16,-0.026,0.005,-77.9,26,0.0000,0.00
16:33:23,22.26358341308236,84.90969467387347,-39.828,-13.523,0.16,-0.026,0.005,-77.8,26,0.0000,0.00
16:33:23,22.26358341308236,84.90969467387347,-39.829,-13.522,0.16,-0.026,0.005,-77.8,27,0.0000,0.00
16:33:23,22.26358341308236,84.90969467387347,-39.831,-13.522,0.16,-0.026,0.005,-77.7,27,0.0000,0.00
16:33:23,22.26358341308236,84.90969467387347,-39.832,-13.522,0.16,-0.026,0.005,-77.7,27,0.0000,0.00
16:33:23,22.26358341308236,84.90969467387347,-39.833,-13.522,0.16,-0.026,0.005,-77.7,27,0.0000,0.00
16:33:23,22.26358341308236,84.90969467387347,-39.835,-13.521,0.16,-0.026,0.005,-77.7,27,0.0000,0.00
16:33:23,22.26358341308236,84.90969467387347,-39.824,-13.523,0.17,-0.005,0.001,-77.7,27,0.0032,0.00
16:33:23,22.26358341308236,84.90969467387347,-39.824,-13.523,0.17,-0.005,0.001,-77.6,27,0.0000,0.00
16:33:23,22.26358341308236,84.90969467387347,-39.824,-13.523,0.17,-0.005,0.001,-77.6,27,0.0000,0.00
16:33:23,22.26358341308236,84.90969467387347,-39.825,-13.523,0.17,-0.005,0.001,-77.6,27,0.0000,0.00
16:33:23,22.26358341308236,84.90969467387347,-39.825,-13.523,0.17,-0.005,0.001,-77.6,27,0.0000,0.00
16:33:23,22.26358341308236,84.90969467387347,-39.824,-13.523,0.17,-0.002,0.000,-77.6,27,0.0032,0.00
16:33:23,22.26358341308236,84.90969467387347,-39.824,-13.523,0.17,-0.002,0.000,-77.6,27,0.0000,0.00
16:33:23,22.26358341308236,84.90969467387347,-39.824,-13.523,0.17,-0.002,0.000,-77.6,27,0.0000,0.00
16:33:23,22.26358341308236,84.90969467387347,-39.824,-13.523,0.17,-0.002,0.000,-77.5,27,0.0000,0.00
16:33:23,22.26358341308236,84.90969467387347,-39.824,-13.523,0.17,-0.002,0.000,-77.5,27,0.0000,0.00
16:33:23,22.26358341308236,84.90969467387347,-39.824,-13.523,0.17,-0.001,0.000,-77.5,27,0.0029,0.00
16:33:23,22.26358341308236,84.90969467387347,-39.824,-13.523,0.17,-0.001,0.000,-77.5,27,0.0000,0.00
16:33:23,22.26358341308236,84.90969467387347,-39.824,-13.523,0.17,-0.001,0.000,-77.5,27,0.0000,0.00
16:33:23,22.26358341308236,84.90969467387347,-39.824,-13.523,0.17,-0.001,0.000,-77.4,27,0.0000,0.00
16:33:23,22.26358341308236,84.90969467387347,-39.824,-13.523,0.17,-0.001,0.000,-77.4,27,0.0000,0.00
16:33:23,22.26358341308236,84.90969467387347,-39.824,-13.523,0.17,-0.000,0.000,-77.4,27,0.0024,0.00
16:33:24,22.26358341308236,84.90969467387347,-39.824,-13.523,0.17,-0.000,0.000,-77.3,27,0.0000,0.00
16:33:24,22.26358341308236,84.90969467387347,-39.824,-13.523,0.17,-0.000,0.000,-77.3,27,0.0000,0.00
16:33:24,22.26358341308236,84.90969467387347,-39.824,-13.523,0.17,-0.000,0.000,-77.3,27,0.0000,0.00
16:33:24,22.26358341308236,84.90969467387347,-39.824,-13.523,0.17,-0.000,0.000,-77.2,27,0.0000,0.00
16:33:24,22.26358341308236,84.90969467387347,-39.824,-13.523,0.17,-0.000,0.000,-77.1,27,0.0000,0.00
16:33:24,22.26358341308236,84.90969467387347,-39.824,-13.523,0.17,-0.000,0.000,-77.1,27,0.0000,0.00
16:33:24,22.26358341308236,84.90969467387347,-39.824,-13.523,0.17,-0.000,0.000,-77.0,27,0.0000,0.00
16:33:24,22.26358341308236,84.90969467387347,-39.824,-13.523,0.17,-0.000,0.000,-77.0,27,0.0000,0.00
16:33:24,22.26358341308236,84.90969467387347,-39.824,-13.523,0.17,-0.000,0.000,-76.8,27,0.0000,0.00
16:33:24,22.26358341308236,84.90969467387347,-39.845,-13.518,0.17,-0.060,0.015,-75.8,27,0.0102,0.00
16:33:24,22.26358341308236,84.90969467387347,-39.848,-13.517,0.17,-0.060,0.015,-71.9,27,0.0000,0.00
16:33:24,22.26358341308236,84.90969467387347,-39.852,-13.517,0.17,-0.060,0.015,-71.9,27,0.0000,0.00
16:33:24,22.26358341308236,84.90969467387347,-39.855,-13.516,0.17,-0.060,0.015,-69.7,27,0.0000,0.00
16:33:24,22.26358341308236,84.90969467387347,-39.858,-13.515,0.17,-0.060,0.015,-67.5,27,0.0000,0.00
16:33:24,22.26358341308236,84.90969467387347,-39.861,-13.514,0.17,-0.060,0.015,-65.5,27,0.0000,0.00
16:33:24,22.26358341308236,84.90969467387347,-39.864,-13.514,0.17,-0.060,0.015,-65.5,27,0.0000,0.00
16:33:24,22.26358341308236,84.90969467387347,-39.867,-13.513,0.17,-0.060,0.015,-61.9,27,0.0000,0.00
16:33:24,22.26358341308236,84.90969467387347,-39.870,-13.512,0.17,-0.060,0.015,-60.5,27,0.0000,0.00
16:33:24,22.26358341308236,84.90969467387347,-39.873,-13.511,0.17,-0.060,0.015,-58.7,27,0.0000,0.00
16:33:24,22.26358341308236,84.90969467387347,-39.876,-13.510,0.17,-0.060,0.015,-58.7,27,0.0000,0.00
16:33:25,22.26358341308236,84.90969467387347,-39.954,-13.510,0.17,-0.240,0.015,-58.3,27,0.0029,0.00
16:33:25,22.26358341308236,84.90969467387347,-39.967,-13.509,0.17,-0.240,0.015,-58.3,27,0.0000,0.00
16:33:25,22.26358341308236,84.90969467387347,-39.979,-13.508,0.17,-0.240,0.015,-59.3,27,0.0000,0.00
16:33:25,22.26358341308236,84.90969467387347,-39.991,-13.507,0.17,-0.240,0.015,-59.3,27,0.0000,0.00
16:33:25,22.26358341308236,84.90969467387347,-40.003,-13.507,0.17,-0.240,0.015,-60.2,27,0.0000,0.00
16:33:25,22.26358341308236,84.90969467387347,-40.075,-13.481,0.17,-0.412,0.087,-61.2,27,0.0076,0.00
16:33:25,22.26358341308236,84.90969467387347,-40.096,-13.476,0.17,-0.412,0.087,-61.2,27,0.0000,0.00
16:33:25,22.26358341308236,84.90969467387347,-40.116,-13.472,0.17,-0.412,0.087,-62.1,27,0.0000,0.00
16:33:25,22.26358341308236,84.90969467387347,-40.137,-13.467,0.17,-0.412,0.087,-63.9,27,0.0000,0.00
16:33:25,22.26358341308236,84.90969467387347,-40.158,-13.463,0.17,-0.412,0.087,-65.6,27,0.0000,0.00
16:33:25,22.26358341308236,84.90969467387347,-40.179,-13.459,0.14,-0.412,0.087,-65.6,27,10.0005,0.00
16:33:25,22.26358341308236,84.90969467387347,-40.199,-13.454,0.14,-0.412,0.087,-66.5,27,0.0000,0.00
16:33:25,22.26358341308236,84.90969467387347,-40.220,-13.450,0.14,-0.412,0.087,-67.3,27,0.0000,0.00
16:33:25,22.26358341308236,84.90969467387347,-40.241,-13.445,0.14,-0.412,0.087,-69.0,27,0.0000,0.00
16:33:25,22.26358341308236,84.90969467387347,-40.262,-13.441,0.13,-0.412,0.087,-69.0,27,0.0000,0.00
16:33:25,22.26358341308236,84.90969467387347,-40.283,-13.437,0.13,-0.412,0.087,-69.8,27,10.0005,0.00
16:33:25,22.26358341308236,84.90969467387347,-40.303,-13.432,0.13,-0.412,0.087,-70.6,27,0.0000,0.00
16:33:25,22.26358341308236,84.90969467387347,-40.324,-13.428,0.13,-0.412,0.087,-72.0,27,0.0000,0.00
16:33:25,22.26358341308236,84.90969467387347,-40.345,-13.423,0.13,-0.412,0.087,-72.5,27,0.0000,0.00
16:33:25,22.26358341308236,84.90969467387347,-40.366,-13.419,0.13,-0.412,0.087,-72.5,27,0.0000,0.00
16:33:26,22.26358341308236,84.90969467387347,-40.387,-13.415,0.13,-0.412,0.087,-73.1,27,10.0005,0.00
16:33:26,22.26358341308236,84.90969467387347,-40.407,-13.410,0.13,-0.412,0.087,-74.0,27,0.0000,0.00
16:33:26,22.26358341308236,84.90969467387347,-40.428,-13.406,0.13,-0.412,0.087,-74.3,27,0.0000,0.00
16:33:26,22.26358341308236,84.90969467387347,-40.449,-13.401,0.15,-0.412,0.087,-74.3,27,0.0000,0.00
16:33:26,22.26358341308236,84.90969467387347,-40.470,-13.397,0.15,-0.412,0.087,-74.5,27,0.0000,0.00
16:33:26,22.26358341308236,84.90969467387347,-40.491,-13.393,0.15,-0.412,0.087,-74.7,27,10.0005,0.00
16:33:26,22.26358341308236,84.90969467387347,-40.511,-13.388,0.15,-0.412,0.087,-74.7,27,0.0000,0.00
16:33:26,22.26358341308236,84.90969467387347,-40.532,-13.384,0.15,-0.412,0.087,-74.7,27,0.0000,0.00
16:33:26,22.26358341308236,84.90969467387347,-40.553,-13.379,0.15,-0.412,0.087,-74.9,27,0.0000,0.00
16:33:26,22.26358341308236,84.90969467387347,-40.574,-13.375,0.15,-0.412,0.087,-75.1,27,0.0000,0.00
16:33:26,22.26358341308236,84.90969467387347,-40.594,-13.371,0.15,-0.412,0.087,-75.1,27,0.0000,0.00
16:33:26,22.26358341308236,84.90969467387347,-40.615,-13.366,0.15,-0.412,0.087,-75.1,27,0.0000,0.00
16:33:26,22.26358341308236,84.90969467387347,-40.636,-13.362,0.15,-0.412,0.087,-75.0,27,0.0000,0.00
16:33:26,22.26358341308236,84.90969467387347,-40.657,-13.357,0.15,-0.412,0.087,-74.9,27,0.0000,0.00
16:33:26,22.26358341308236,84.90969467387347,-40.678,-13.353,0.15,-0.412,0.087,-74.9,27,0.0000,0.00
16:33:26,22.26358341308236,84.90969467387347,-40.698,-13.348,0.17,-0.412,0.087,-74.8,27,0.0000,0.00
16:33:26,22.26358341308236,84.90969467387347,-40.957,-13.502,0.17,-0.687,-0.095,-74.8,27,0.0096,0.00
16:33:26,22.26358341308236,84.90969467387347,-40.992,-13.507,0.17,-0.687,-0.095,-75.2,27,10.0005,0.00
16:33:26,22.26358341308236,84.90969467387347,-41.027,-13.511,0.17,-0.687,-0.095,-75.2,27,10.0005,0.00
16:33:27,22.26358341308236,84.90969467387347,-41.062,-13.516,0.17,-0.687,-0.095,-75.4,27,10.0005,0.00
16:33:27,22.26358341308236,84.90969467387347,-41.096,-13.521,0.17,-0.687,-0.095,-75.8,27,10.0005,0.00
16:33:27,22.26358341308236,84.90969467387347,-41.131,-13.526,0.17,-0.687,-0.095,-75.7,27,0.0000,0.00
16:33:27,22.26358341308236,84.90969467387347,-41.165,-13.530,0.17,-0.687,-0.095,-75.7,27,0.0000,0.00
16:33:27,22.26358341308236,84.90969467387347,-41.200,-13.535,0.17,-0.687,-0.095,-75.6,27,10.0005,0.00
16:33:27,22.26358341308236,84.90969467387347,-41.235,-13.540,0.17,-0.687,-0.095,-75.4,27,10.0005,0.00
16:33:27,22.26358341308236,84.90969467387347,-41.269,-13.545,0.17,-0.687,-0.095,-74.9,27,10.0005,0.00
16:33:27,22.26358341308236,84.90969467387347,-41.304,-13.550,0.17,-0.687,-0.095,-74.9,27,10.0005,0.00
16:33:27,22.26358341308236,84.90969467387347,-41.338,-13.554,0.17,-0.687,-0.095,-74.6,27,0.0000,0.00
16:33:27,22.26358341308236,84.90969467387347,-41.373,-13.559,0.17,-0.687,-0.095,-74.7,26,0.0000,0.00
16:33:27,22.26358341308236,84.90969467387347,-41.408,-13.564,0.17,-0.687,-0.095,-75.0,26,0.0000,0.00
16:33:27,22.26358341308236,84.90969467387347,-41.442,-13.569,0.17,-0.687,-0.095,-75.0,26,0.0000,0.00
16:33:27,22.26358341308236,84.90969467387347,-41.477,-13.573,0.17,-0.687,-0.095,-75.3,26,10.0005,0.00
16:33:27,22.26358341308236,84.90969467387347,-41.511,-13.578,0.17,-0.687,-0.095,-75.6,26,10.0005,0.00
16:33:27,22.26358341308236,84.90969467387347,-41.546,-13.583,0.17,-0.687,-0.095,-75.5,26,10.0005,0.00
16:33:27,22.26358341308236,84.90969467387347,-41.581,-13.588,0.17,-0.687,-0.095,-75.5,26,10.0005,0.00
16:33:27,22.26358341308236,84.90969467387347,-41.615,-13.592,0.17,-0.687,-0.095,-75.4,26,10.0005,0.00
16:33:27,22.26358341308236,84.90969467387347,-41.650,-13.597,0.17,-0.687,-0.095,-75.2,26,10.0005,0.00
16:33:27,22.26358341308236,84.90969467387347,-41.684,-13.602,0.18,-0.687,-0.095,-74.9,26,0.0000,0.00
16:33:27,22.26358341308236,84.90969467387347,-41.754,-13.612,0.18,-0.687,-0.095,-74.7,26,0.0000,0.00
16:33:28,22.26358341308236,84.90969467387347,-41.788,-13.616,0.18,-0.687,-0.095,-74.8,26,0.0000,0.00
16:33:28,22.26358341308236,84.90969467387347,-41.823,-13.621,0.17,-0.687,-0.095,-75.1,26,0.0000,0.00
16:33:28,22.26358341308236,84.90969467387347,-41.858,-13.626,0.17,-0.687,-0.095,-75.3,26,10.0005,0.00
16:33:28,22.26358341308236,84.90969467387347,-41.892,-13.631,0.17,-0.687,-0.095,-75.3,26,0.0000,0.00
16:33:28,22.26358341308236,84.90969467387347,-41.927,-13.635,0.17,-0.687,-0.095,-75.8,26,0.0000,0.00
16:33:28,22.26358341308236,84.90969467387347,-41.961,-13.640,0.17,-0.687,-0.095,-76.0,26,0.0000,0.00
16:33:28,22.26358341308236,84.90969467387347,-41.996,-13.645,0.17,-0.687,-0.095,-76.0,26,0.0000,0.00
16:33:28,22.26358341308236,84.90969467387347,-42.030,-13.650,0.17,-0.687,-0.095,-76.1,26,0.0000,0.00
16:33:28,22.26358341308236,84.90969467387347,-42.065,-13.654,0.17,-0.687,-0.095,-76.5,26,0.0000,0.00
16:33:28,22.26358341308236,84.90969467387347,-42.100,-13.659,0.18,-0.687,-0.095,-76.5,26,0.0000,0.00
16:33:28,22.26358341308236,84.90969467387347,-42.134,-13.664,0.18,-0.687,-0.095,-76.5,26,0.0000,0.00
16:33:28,22.26358341308236,84.90969467387347,-42.169,-13.669,0.18,-0.687,-0.095,-76.4,26,0.0000,0.00
16:33:28,22.26358341308236,84.90969467387347,-42.204,-13.674,0.18,-0.687,-0.095,-76.0,26,0.0000,0.00
16:33:28,22.26358341308236,84.90969467387347,-42.238,-13.678,0.18,-0.687,-0.095,-75.8,26,0.0000,0.00
16:33:28,22.26358341308236,84.90969467387347,-42.273,-13.683,0.18,-0.687,-0.095,-75.8,26,0.0000,0.00
16:33:28,22.26358341308236,84.90969467387347,-42.307,-13.688,0.18,-0.687,-0.095,-75.6,26,0.0000,0.00
16:33:28,22.26358341308236,84.90969467387347,-42.342,-13.693,0.18,-0.687,-0.095,-75.5,26,0.0000,0.00
16:33:28,22.26358341308236,84.90969467387347,-42.377,-13.697,0.18,-0.687,-0.095,-75.6,26,0.0000,0.00
16:33:28,22.26358341308236,84.90969467387347,-42.494,-13.706,0.18,-0.755,-0.098,-75.6,26,0.0073,0.00
16:33:28,22.26358341308236,84.90969467387347,-42.532,-13.711,0.18,-0.755,-0.098,-75.7,26,0.0000,0.00
16:33:29,22.26358341308236,84.90969467387347,-42.570,-13.716,0.18,-0.755,-0.098,-75.7,26,0.0000,0.00
16:33:29,22.26358341308236,84.90969467387347,-42.608,-13.721,0.18,-0.755,-0.098,-75.7,26,0.0000,0.00
16:33:29,22.26358341308236,84.90969467387347,-42.646,-13.726,0.19,-0.755,-0.098,-75.7,26,0.0000,0.00
16:33:29,22.26358341308236,84.90969467387347,-42.684,-13.731,0.19,-0.755,-0.098,-75.5,26,0.0000,0.00
16:33:29,22.26358341308236,84.90969467387347,-42.722,-13.736,0.19,-0.755,-0.098,-75.3,26,0.0000,0.00
16:33:29,22.26358341308236,84.90969467387347,-42.760,-13.741,0.19,-0.755,-0.098,-75.2,26,0.0000,0.00
16:33:29,22.26358341308236,84.90969467387347,-42.798,-13.746,0.19,-0.755,-0.098,-75.2,26,0.0000,0.00
16:33:29,22.26358341308236,84.90969467387347,-42.836,-13.751,0.19,-0.755,-0.098,-75.8,26,0.0000,0.00
16:33:29,22.26358341308236,84.90969467387347,-42.874,-13.756,0.19,-0.755,-0.098,-76.4,26,0.0000,0.00
16:33:29,22.26358341308236,84.90969467387347,-42.912,-13.761,0.19,-0.755,-0.098,-76.7,26,0.0000,0.00
16:33:29,22.26358341308236,84.90969467387347,-42.950,-13.766,0.18,-0.755,-0.098,-76.7,26,0.0000,0.00
16:33:29,22.26358341308236,84.90969467387347,-42.988,-13.771,0.18,-0.755,-0.098,-76.8,26,0.0000,0.00
16:33:29,22.26358341308236,84.90969467387347,-43.026,-13.776,0.18,-0.755,-0.098,-76.6,26,0.0000,0.00
16:33:29,22.26358341308236,84.90969467387347,-43.064,-13.781,0.18,-0.755,-0.098,-76.2,26,0.0000,0.00
16:33:29,22.26358341308236,84.90969467387347,-43.102,-13.786,0.18,-0.755,-0.098,-76.2,26,0.0000,0.00
16:33:29,22.26358341308236,84.90969467387347,-43.140,-13.790,0.18,-0.755,-0.098,-75.5,26,0.0000,0.00
16:33:29,22.26358341308236,84.90969467387347,-43.178,-13.795,0.18,-0.755,-0.098,-75.3,26,0.0000,0.00
16:33:29,22.26358341308236,84.90969467387347,-43.216,-13.800,0.18,-0.755,-0.098,-75.3,26,0.0000,0.00
16:33:29,22.26358341308236,84.90969467387347,-43.254,-13.805,0.18,-0.755,-0.098,-75.6,26,0.0000,0.00
16:33:30,22.26358341308236,84.90969467387347,-43.292,-13.810,0.18,-0.755,-0.098,-75.6,26,0.0000,0.00
16:33:30,22.26358341308236,84.90969467387347,-43.330,-13.815,0.18,-0.755,-0.098,-75.8,26,0.0000,0.00
16:33:30,22.26358341308236,84.90969467387347,-43.369,-13.820,0.18,-0.755,-0.098,-76.1,26,0.0000,0.00
16:33:30,22.26358341308236,84.90969467387347,-43.407,-13.825,0.18,-0.755,-0.098,-76.1,26,0.0000,0.00
16:33:30,22.26358341308236,84.90969467387347,-43.445,-13.830,0.21,-0.755,-0.098,-76.2,26,0.0000,0.00
16:33:30,22.26358341308236,84.90969467387347,-43.483,-13.835,0.21,-0.755,-0.098,-76.2,26,0.0000,0.00
16:33:30,22.26358341308236,84.90969467387347,-43.521,-13.840,0.21,-0.755,-0.098,-76.0,26,0.0000,0.00
16:33:30,22.26358341308236,84.90969467387347,-43.559,-13.845,0.21,-0.755,-0.098,-76.0,26,0.0000,0.00
16:33:30,22.26358341308236,84.90969467387347,-43.597,-13.850,0.20,-0.755,-0.098,-75.7,26,0.0000,0.00
16:33:30,22.26358341308236,84.90969467387347,-43.635,-13.855,0.20,-0.755,-0.098,-75.5,26,0.0000,0.00
16:33:30,22.26358341308236,84.90969467387347,-43.673,-13.860,0.20,-0.755,-0.098,-75.2,26,0.0000,0.00
16:33:30,22.26358341308236,84.90969467387347,-43.711,-13.865,0.20,-0.755,-0.098,-75.2,26,0.0000,0.00
16:33:30,22.26358341308236,84.90969467387347,-43.749,-13.870,0.20,-0.755,-0.098,-75.2,26,0.0000,0.00
16:33:30,22.26358341308236,84.90969467387347,-43.787,-13.875,0.20,-0.755,-0.098,-75.2,26,0.0000,0.00
16:33:30,22.26358341308236,84.90969467387347,-43.825,-13.880,0.20,-0.755,-0.098,-75.2,26,0.0000,0.00
16:33:30,22.26358341308236,84.90969467387347,-43.863,-13.884,0.20,-0.755,-0.098,-75.2,26,0.0000,0.00
16:33:30,22.26358341308236,84.90969467387347,-43.901,-13.889,0.20,-0.755,-0.098,-75.2,26,0.0000,0.00
16:33:30,22.26358341308236,84.90969467387347,-43.939,-13.894,0.20,-0.755,-0.098,-75.2,26,0.0000,0.00
16:33:30,22.26358341308236,84.90969467387347,-43.977,-13.899,0.20,-0.755,-0.098,-75.2,26,0.0000,0.00
16:33:30,22.26358341308236,84.90969467387347,-44.015,-13.904,0.20,-0.755,-0.098,-75.2,26,0.0000,0.00
16:33:31,22.26358341308236,84.90969467387347,-44.053,-13.909,0.20,-0.755,-0.098,-75.2,26,0.0000,0.00
16:33:31,22.26358341308236,84.90969467387347,-44.091,-13.914,0.20,-0.755,-0.098,-75.1,26,0.0000,0.00
16:33:31,22.26358341308236,84.90969467387347,-44.130,-13.919,0.20,-0.755,-0.098,-75.1,26,0.0000,0.00
16:33:31,22.26358341308236,84.90969467387347,-44.168,-13.924,0.20,-0.755,-0.098,-75.2,26,0.0000,0.00
16:33:31,22.26358341308236,84.90969467387347,-44.206,-13.929,0.20,-0.755,-0.098,-75.4,26,0.0000,0.00
16:33:31,22.26358341308236,84.90969467387347,-44.244,-13.934,0.20,-0.755,-0.098,-75.6,26,0.0000,0.00
16:33:31,22.26358341308236,84.90969467387347,-44.282,-13.939,0.20,-0.755,-0.098,-75.6,26,0.0000,0.00
16:33:31,22.26358341308236,84.90969467387347,-44.320,-13.944,0.20,-0.755,-0.098,-75.9,26,0.0000,0.00
16:33:31,22.26358341308236,84.90969467387347,-44.358,-13.949,0.20,-0.755,-0.098,-76.0,26,0.0000,0.00
16:33:31,22.26358341308236,84.90969467387347,-44.396,-13.954,0.20,-0.755,-0.098,-76.3,25,0.0000,0.00
16:33:31,22.26358341308236,84.90969467387347,-44.433,-13.959,0.20,-0.755,-0.098,-76.3,25,0.0000,0.00
16:33:31,22.26358341308236,84.90969467387347,-44.471,-13.964,0.20,-0.755,-0.098,-76.4,25,10.0005,0.00
16:33:31,22.26358341308236,84.90969467387347,-44.509,-13.969,0.20,-0.755,-0.098,-76.6,25,0.0000,0.00
16:33:31,22.26358341308236,84.90969467387347,-44.547,-13.974,0.20,-0.755,-0.098,-76.9,25,0.0000,0.00
16:33:31,22.26358341308236,84.90969467387347,-44.585,-13.978,0.20,-0.755,-0.098,-76.9,25,0.0000,0.00
16:33:31,22.26358341308236,84.90969467387347,-44.623,-13.983,0.20,-0.755,-0.098,-76.9,25,0.0000,0.00
16:33:31,22.26358341308236,84.90969467387347,-44.661,-13.988,0.20,-0.755,-0.098,-76.8,25,10.0005,0.00
16:33:31,22.26358341308236,84.90969467387347,-44.699,-13.993,0.20,-0.755,-0.098,-76.3,25,0.0000,0.00
16:33:31,22.26358341308236,84.90969467387347,-44.737,-13.998,0.20,-0.755,-0.098,-76.3,25,0.0000,0.00
16:33:31,22.26358341308236,84.90969467387347,-44.775,-14.003,0.20,-0.755,-0.098,-76.0,25,0.0000,0.00
16:33:32,22.26358341308236,84.90969467387347,-44.813,-14.008,0.20,-0.755,-0.098,-75.9,25,0.0000,0.00
16:33:32,22.26358341308236,84.90969467387347,-44.851,-14.013,0.20,-0.755,-0.098,-76.4,25,10.0005,0.00
16:33:32,22.26358341308236,84.90969467387347,-44.889,-14.018,0.20,-0.755,-0.098,-76.4,25,0.0000,0.00
16:33:32,22.26358341308236,84.90969467387347,-44.927,-14.023,0.20,-0.755,-0.098,-76.9,25,0.0000,0.00
16:33:32,22.26358341308236,84.90969467387347,-44.965,-14.028,0.20,-0.755,-0.098,-77.4,25,0.0000,0.00
16:33:32,22.26358341308236,84.90969467387347,-45.003,-14.033,0.20,-0.755,-0.098,-77.6,25,0.0000,0.00
16:33:32,22.26358341308236,84.90969467387347,-45.041,-14.038,0.20,-0.755,-0.098,-77.6,25,0.0000,0.00
16:33:32,22.26358341308236,84.90969467387347,-45.079,-14.043,0.20,-0.755,-0.098,-77.6,25,0.0000,0.00
16:33:32,22.26358341308236,84.90969467387347,-45.117,-14.048,0.20,-0.755,-0.098,-77.5,25,0.0000,0.00
16:33:32,22.26358341308236,84.90969467387347,-45.155,-14.053,0.20,-0.755,-0.098,-77.3,25,0.0000,0.00
16:33:32,22.26358341308236,84.90969467387347,-45.193,-14.058,0.20,-0.755,-0.098,-77.3,26,0.0000,0.00
16:33:32,22.26358341308236,84.90969467387347,-45.231,-14.062,0.20,-0.755,-0.098,-77.1,26,0.0000,0.00
16:33:32,22.26358341308236,84.90969467387347,-45.269,-14.067,0.20,-0.755,-0.098,-76.9,26,0.0000,0.00
16:33:32,22.26358341308236,84.90969467387347,-45.307,-14.072,0.20,-0.755,-0.098,-76.5,26,0.0000,0.00
16:33:32,22.26358341308236,84.90969467387347,-45.345,-14.077,0.18,-0.755,-0.098,-76.5,26,0.0000,0.00
16:33:32,22.26358341308236,84.90969467387347,-45.383,-14.082,0.18,-0.755,-0.098,-76.3,26,0.0000,0.00
16:33:32,22.26358341308236,84.90969467387347,-45.421,-14.087,0.18,-0.755,-0.098,-76.2,26,10.0005,0.00
16:33:32,22.26358341308236,84.90969467387347,-45.459,-14.092,0.18,-0.755,-0.098,-76.4,26,0.0000,0.00
16:33:32,22.26358341308236,84.90969467387347,-45.497,-14.097,0.18,-0.755,-0.098,-76.4,26,0.0000,0.00
16:33:32,22.26358341308236,84.90969467387347,-45.535,-14.102,0.18,-0.755,-0.098,-76.6,27,0.0000,0.00
16:33:33,22.26358341308236,84.90969467387347,-45.573,-14.107,0.18,-0.755,-0.098,-76.9,27,0.0000,0.00
16:33:33,22.26358341308236,84.90969467387347,-45.611,-14.112,0.18,-0.755,-0.098,-76.9,27,0.0000,0.00
16:33:33,22.26358341308236,84.90969467387347,-45.649,-14.117,0.18,-0.755,-0.098,-76.8,27,10.0005,0.00
16:33:33,22.26358341308236,84.90969467387347,-45.687,-14.122,0.20,-0.755,-0.098,-76.6,27,0.0000,0.00
16:33:33,22.26358341308236,84.90969467387347,-45.726,-14.127,0.20,-0.755,-0.098,-76.0,27,0.0000,0.00
16:33:33,22.26358341308236,84.90969467387347,-45.764,-14.132,0.20,-0.755,-0.098,-76.0,27,0.0000,0.00
16:33:33,22.26358341308236,84.90969467387347,-45.802,-14.137,0.20,-0.755,-0.098,-75.6,27,0.0000,0.00
16:33:33,22.26358341308236,84.90969467387347,-45.924,-14.136,0.19,-0.790,-0.096,-74.9,27,0.0088,0.00
16:33:33,22.26358341308236,84.90969467387347,-45.964,-14.141,0.19,-0.790,-0.096,-74.8,27,0.0000,0.00
16:33:33,22.26358341308236,84.90969467387347,-46.004,-14.146,0.19,-0.790,-0.096,-74.8,27,0.0000,0.00
16:33:33,22.26358341308236,84.90969467387347,-46.043,-14.151,0.19,-0.790,-0.096,-74.7,27,0.0000,0.00
16:33:33,22.26358341308236,84.90969467387347,-46.083,-14.155,0.19,-0.790,-0.096,-74.9,27,0.0000,0.00
16:33:33,22.26358341308236,84.90969467387347,-46.123,-14.160,0.19,-0.790,-0.096,-75.0,27,0.0000,0.00
16:33:33,22.26358341308236,84.90969467387347,-46.163,-14.165,0.19,-0.790,-0.096,-75.0,27,0.0000,0.00
16:33:33,22.26358341308236,84.90969467387347,-46.203,-14.170,0.19,-0.790,-0.096,-75.0,27,0.0000,0.00
16:33:33,22.26358341308236,84.90969467387347,-46.243,-14.175,0.19,-0.790,-0.096,-75.0,27,0.0000,0.00
16:33:33,22.26358341308236,84.90969467387347,-46.282,-14.180,0.18,-0.790,-0.096,-75.0,27,0.0000,0.00
16:33:33,22.26358341308236,84.90969467387347,-46.322,-14.184,0.18,-0.790,-0.096,-74.9,27,10.0005,0.00
16:33:33,22.26358341308236,84.90969467387347,-46.362,-14.189,0.18,-0.790,-0.096,-74.9,27,0.0000,0.00
16:33:34,22.26358341308236,84.90969467387347,-46.402,-14.194,0.18,-0.790,-0.096,-74.9,27,0.0000,0.00
16:33:34,22.26358341308236,84.90969467387347,-46.442,-14.199,0.20,-0.790,-0.096,-74.9,26,0.0000,0.00
16:33:34,22.26358341308236,84.90969467387347,-46.481,-14.204,0.20,-0.790,-0.096,-74.9,26,0.0000,0.00
16:33:34,22.26358341308236,84.90969467387347,-46.521,-14.209,0.20,-0.790,-0.096,-75.0,26,10.0005,0.00
16:33:34,22.26358341308236,84.90969467387347,-46.602,-14.218,0.20,-0.790,-0.096,-75.0,26,0.0000,0.00
16:33:34,22.26358341308236,84.90969467387347,-46.642,-14.223,0.20,-0.790,-0.096,-75.1,26,0.0000,0.00
16:33:34,22.26358341308236,84.90969467387347,-46.681,-14.228,0.20,-0.790,-0.096,-75.1,26,0.0000,0.00
16:33:34,22.26358341308236,84.90969467387347,-46.721,-14.233,0.20,-0.790,-0.096,-75.1,26,0.0000,0.00
16:33:34,22.26358341308236,84.90969467387347,-46.761,-14.238,0.20,-0.790,-0.096,-75.1,26,0.0000,0.00
16:33:34,22.26358341308236,84.90969467387347,-46.801,-14.242,0.20,-0.790,-0.096,-74.9,26,10.0005,0.00
16:33:34,22.26358341308236,84.90969467387347,-46.841,-14.247,0.20,-0.790,-0.096,-74.5,26,10.0005,0.00
16:33:34,22.26358341308236,84.90969467387347,-46.881,-14.252,0.20,-0.790,-0.096,-74.3,26,10.0005,0.00
16:33:34,22.26358341308236,84.90969467387347,-46.920,-14.257,0.20,-0.790,-0.096,-74.3,26,10.0005,0.00
16:33:34,22.26358341308236,84.90969467387347,-46.960,-14.262,0.20,-0.790,-0.096,-74.1,26,0.0000,0.00
16:33:34,22.26358341308236,84.90969467387347,-47.000,-14.267,0.20,-0.790,-0.096,-74.3,26,0.0000,0.00
16:33:34,22.26358341308236,84.90969467387347,-47.040,-14.271,0.20,-0.790,-0.096,-74.3,26,10.0005,0.00
16:33:34,22.26358341308236,84.90969467387347,-47.080,-14.276,0.20,-0.790,-0.096,-74.5,26,10.0005,0.00
16:33:34,22.26358341308236,84.90969467387347,-47.120,-14.281,0.19,-0.790,-0.096,-74.9,26,10.0005,0.00
16:33:34,22.26358341308236,84.90969467387347,-47.159,-14.286,0.19,-0.790,-0.096,-75.0,26,10.0005,0.00
16:33:35,22.26358341308236,84.90969467387347,-47.199,-14.291,0.19,-0.790,-0.096,-75.0,26,0.0000,0.00
16:33:35,22.26358341308236,84.90969467387347,-47.239,-14.296,0.19,-0.790,-0.096,-75.1,26,0.0000,0.00
16:33:35,22.26358341308236,84.90969467387347,-47.279,-14.300,0.20,-0.790,-0.096,-75.2,26,0.0000,0.00
16:33:35,22.26358341308236,84.90969467387347,-47.319,-14.305,0.20,-0.790,-0.096,-75.1,26,0.0000,0.00
16:33:35,22.26358341308236,84.90969467387347,-47.359,-14.310,0.20,-0.790,-0.096,-75.1,26,10.0005,0.00
16:33:35,22.26358341308236,84.90969467387347,-47.399,-14.315,0.20,-0.790,-0.096,-75.2,26,10.0005,0.00
16:33:35,22.26358341308236,84.90969467387347,-47.438,-14.320,0.20,-0.790,-0.096,-75.2,26,10.0005,0.00
16:33:35,22.26358341308236,84.90969467387347,-47.478,-14.325,0.20,-0.790,-0.096,-75.2,26,10.0005,0.00
16:33:35,22.26358341308236,84.90969467387347,-47.518,-14.329,0.20,-0.790,-0.096,-75.2,26,10.0005,0.00
16:33:35,22.26358341308236,84.90969467387347,-47.558,-14.334,0.20,-0.790,-0.096,-75.3,26,0.0000,0.00
16:33:35,22.26358341308236,84.90969467387347,-47.598,-14.339,0.20,-0.790,-0.096,-75.3,26,0.0000,0.00
16:33:35,22.26358341308236,84.90969467387347,-47.638,-14.344,0.19,-0.790,-0.096,-75.5,26,0.0000,0.00
16:33:35,22.26358341308236,84.90969467387347,-47.678,-14.349,0.19,-0.790,-0.096,-75.5,26,0.0000,0.00
16:33:35,22.26358341308236,84.90969467387347,-47.717,-14.354,0.19,-0.790,-0.096,-75.7,26,0.0000,0.00
16:33:35,22.26358341308236,84.90969467387347,-47.757,-14.358,0.19,-0.790,-0.096,-75.7,26,10.0005,0.00
16:33:35,22.26358341308236,84.90969467387347,-47.797,-14.363,0.20,-0.790,-0.096,-75.6,26,0.0000,0.00
16:33:35,22.26358341308236,84.90969467387347,-47.837,-14.368,0.20,-0.790,-0.096,-75.6,26,0.0000,0.00
16:33:35,22.26358341308236,84.90969467387347,-47.877,-14.373,0.20,-0.790,-0.096,-75.5,26,0.0000,0.00
16:33:35,22.26358341308236,84.90969467387347,-47.917,-14.378,0.20,-0.790,-0.096,-75.2,26,0.0000,0.00
16:33:35,22.26358341308236,84.90969467387347,-47.957,-14.383,0.20,-0.790,-0.096,-75.2,26,0.0000,0.00
16:33:35,22.26358341308236,84.90969467387347,-47.996,-14.387,0.20,-0.790,-0.096,-75.2,26,0.0000,0.00
16:33:36,22.26358341308236,84.90969467387347,-48.036,-14.392,0.20,-0.790,-0.096,-75.4,26,0.0000,0.00
16:33:36,22.26358341308236,84.90969467387347,-48.076,-14.397,0.20,-0.790,-0.096,-75.6,26,0.0000,0.00
16:33:36,22.26358341308236,84.90969467387347,-48.116,-14.402,0.20,-0.790,-0.096,-75.8,26,10.0005,0.00
16:33:36,22.26358341308236,84.90969467387347,-48.156,-14.407,0.20,-0.790,-0.096,-75.8,26,0.0000,0.00
16:33:36,22.26358341308236,84.90969467387347,-48.195,-14.412,0.20,-0.790,-0.096,-75.8,26,0.0000,0.00
16:33:36,22.26358341308236,84.90969467387347,-48.235,-14.416,0.20,-0.790,-0.096,-75.8,26,0.0000,0.00
16:33:36,22.26358341308236,84.90969467387347,-48.275,-14.421,0.20,-0.790,-0.096,-75.7,26,0.0000,0.00
16:33:36,22.26358341308236,84.90969467387347,-48.315,-14.426,0.21,-0.790,-0.096,-75.7,26,0.0000,0.00
16:33:36,22.26358341308236,84.90969467387347,-48.355,-14.431,0.21,-0.790,-0.096,-75.7,26,0.0000,0.00
16:33:36,22.26358341308236,84.90969467387347,-48.394,-14.436,0.21,-0.790,-0.096,-75.6,26,0.0000,0.00
16:33:36,22.26358341308236,84.90969467387347,-48.434,-14.441,0.21,-0.790,-0.096,-75.5,26,10.0005,0.00
16:33:36,22.26358341308236,84.90969467387347,-48.474,-14.445,0.21,-0.790,-0.096,-75.5,26,10.0005,0.00
16:33:36,22.26358341308236,84.90969467387347,-48.514,-14.450,0.21,-0.790,-0.096,-75.5,26,10.0005,0.00
16:33:36,22.26358341308236,84.90969467387347,-48.554,-14.455,0.21,-0.790,-0.096,-75.6,26,0.0000,0.00
16:33:36,22.26358341308236,84.90969467387347,-48.594,-14.460,0.21,-0.790,-0.096,-75.8,26,10.0005,0.00
16:33:36,22.26358341308236,84.90969467387347,-48.633,-14.465,0.20,-0.790,-0.096,-75.8,26,10.0005,0.00
16:33:36,22.26358341308236,84.90969467387347,-48.673,-14.469,0.20,-0.790,-0.096,-75.9,26,10.0005,0.00
16:33:36,22.26358341308236,84.90969467387347,-48.713,-14.474,0.20,-0.790,-0.096,-75.9,26,0.0000,0.00
16:33:36,22.26358341308236,84.90969467387347,-48.753,-14.479,0.20,-0.790,-0.096,-75.9,26,0.0000,0.00
16:33:37,22.26358341308236,84.90969467387347,-48.793,-14.484,0.20,-0.790,-0.096,-75.9,26,0.0000,0.00
16:33:37,22.26358341308236,84.90969467387347,-48.833,-14.489,0.20,-0.790,-0.096,-76.0,26,0.0000,0.00
16:33:37,22.26358341308236,84.90969467387347,-48.872,-14.494,0.20,-0.790,-0.096,-76.0,26,10.0005,0.00
16:33:37,22.26358341308236,84.90969467387347,-48.912,-14.498,0.20,-0.790,-0.096,-75.9,26,10.0005,0.00
16:33:37,22.26358341308236,84.90969467387347,-48.952,-14.503,0.20,-0.790,-0.096,-75.9,26,10.0005,0.00
16:33:37,22.26358341308236,84.90969467387347,-48.994,-14.508,0.20,-0.790,-0.096,-75.8,26,10.0005,0.00
16:33:37,22.26358341308236,84.90969467387347,-49.034,-14.513,0.20,-0.790,-0.096,-75.9,26,0.0000,0.00
16:33:37,22.26358341308236,84.90969467387347,-49.074,-14.518,0.20,-0.790,-0.096,-76.3,26,0.0000,0.00
16:33:37,22.26358341308236,84.90969467387347,-49.114,-14.523,0.20,-0.790,-0.096,-76.3,26,0.0000,0.00
16:33:37,22.26358341308236,84.90969467387347,-49.154,-14.528,0.20,-0.790,-0.096,-76.6,27,0.0000,0.00
16:33:37,22.26358341308236,84.90969467387347,-49.193,-14.533,0.20,-0.790,-0.096,-76.7,27,0.0000,0.00
16:33:37,22.26358341308236,84.90969467387347,-49.233,-14.537,0.20,-0.790,-0.096,-76.5,27,10.0005,0.00
16:33:37,22.26358341308236,84.90969467387347,-49.273,-14.542,0.20,-0.790,-0.096,-76.5,27,0.0000,0.00
16:33:37,22.26358341308236,84.90969467387347,-49.313,-14.547,0.20,-0.790,-0.096,-76.3,27,0.0000,0.00
16:33:37,22.26358341308236,84.90969467387347,-49.353,-14.552,0.20,-0.790,-0.096,-76.2,27,0.0000,0.00
16:33:37,22.26358341308236,84.90969467387347,-49.393,-14.557,0.20,-0.790,-0.096,-76.1,27,0.0000,0.00
16:33:37,22.26358341308236,84.90969467387347,-49.433,-14.562,0.20,-0.790,-0.096,-76.1,27,10.0005,0.00
16:33:37,22.26358341308236,84.90969467387347,-49.473,-14.566,0.20,-0.790,-0.096,-76.2,27,0.0000,0.00
16:33:37,22.26358341308236,84.90969467387347,-49.512,-14.571,0.20,-0.790,-0.096,-76.3,27,0.0000,0.00
16:33:37,22.26358341308236,84.90969467387347,-49.552,-14.576,0.20,-0.790,-0.096,-76.4,27,0.0000,0.00
16:33:38,22.26358341308236,84.90969467387347,-49.592,-14.581,0.20,-0.790,-0.096,-76.4,27,0.0000,0.00
16:33:38,22.26358341308236,84.90969467387347,-49.632,-14.586,0.20,-0.790,-0.096,-76.4,27,0.0000,0.00
16:33:38,22.26358341308236,84.90969467387347,-49.672,-14.591,0.20,-0.790,-0.096,-76.3,27,0.0000,0.00
16:33:38,22.26358341308236,84.90969467387347,-49.712,-14.595,0.20,-0.790,-0.096,-76.1,27,0.0000,0.00
16:33:38,22.26358341308236,84.90969467387347,-49.751,-14.600,0.20,-0.790,-0.096,-76.1,27,0.0000,0.00
16:33:38,22.26358341308236,84.90969467387347,-49.791,-14.605,0.20,-0.790,-0.096,-75.9,27,10.0005,0.00
16:33:38,22.26358341308236,84.90969467387347,-49.831,-14.610,0.20,-0.790,-0.096,-75.8,27,0.0000,0.00
16:33:38,22.26358341308236,84.90969467387347,-49.871,-14.615,0.20,-0.790,-0.096,-75.5,27,0.0000,0.00
16:33:38,22.26358341308236,84.90969467387347,-49.911,-14.620,0.20,-0.790,-0.096,-75.6,27,0.0000,0.00
16:33:38,22.26358341308236,84.90969467387347,-49.951,-14.624,0.20,-0.790,-0.096,-75.6,27,0.0000,0.00
16:33:38,22.26358341308236,84.90969467387347,-49.990,-14.629,0.20,-0.790,-0.096,-75.8,27,0.0000,0.00
16:33:38,22.26358341308236,84.90969467387347,-50.030,-14.634,0.20,-0.790,-0.096,-76.1,27,0.0000,0.00
16:33:38,22.26358341308236,84.90969467387347,-50.070,-14.639,0.20,-0.790,-0.096,-76.2,27,0.0000,0.00
16:33:38,22.26358341308236,84.90969467387347,-50.110,-14.644,0.20,-0.790,-0.096,-76.2,27,10.0005,0.00
16:33:38,22.26358341308236,84.90969467387347,-50.150,-14.649,0.20,-0.790,-0.096,-76.2,27,10.0005,0.00
16:33:38,22.26358341308236,84.90969467387347,-50.190,-14.653,0.20,-0.790,-0.096,-76.2,27,10.0005,0.00
16:33:38,22.26358341308236,84.90969467387347,-50.230,-14.658,0.20,-0.790,-0.096,-76.3,27,0.0000,0.00
16:33:38,22.26358341308236,84.90969467387347,-50.269,-14.663,0.20,-0.790,-0.096,-76.3,27,10.0005,0.00
16:33:38,22.26358341308236,84.90969467387347,-50.309,-14.668,0.20,-0.790,-0.096,-76.3,27,10.0005,0.00
16:33:39,22.26358341308236,84.90969467387347,-50.349,-14.673,0.20,-0.790,-0.096,-76.1,27,10.0005,0.00
16:33:39,22.26358341308236,84.90969467387347,-50.389,-14.678,0.20,-0.790,-0.096,-75.9,27,0.0000,0.00
16:33:39,22.26358341308236,84.90969467387347,-50.429,-14.682,0.20,-0.790,-0.096,-75.9,27,0.0000,0.00
16:33:39,22.26358341308236,84.90969467387347,-50.469,-14.687,0.20,-0.790,-0.096,-75.6,27,0.0000,0.00
16:33:39,22.26358341308236,84.90969467387347,-50.509,-14.692,0.18,-0.790,-0.096,-75.6,27,0.0000,0.00
16:33:39,22.26358341308236,84.90969467387347,-50.548,-14.697,0.18,-0.790,-0.096,-75.6,27,10.0005,0.00
16:33:39,22.26358341308236,84.90969467387347,-50.588,-14.702,0.18,-0.790,-0.096,-75.8,27,10.0005,0.00
16:33:39,22.26358341308236,84.90969467387347,-50.628,-14.707,0.18,-0.790,-0.096,-76.1,27,10.0005,0.00
16:33:39,22.26358341308236,84.90969467387347,-50.668,-14.711,0.19,-0.790,-0.096,-76.6,27,10.0005,0.00
16:33:39,22.26358341308236,84.90969467387347,-50.708,-14.716,0.19,-0.790,-0.096,-76.6,27,0.0000,0.00
16:33:39,22.26358341308236,84.90969467387347,-50.748,-14.721,0.19,-0.790,-0.096,-77.1,27,0.0000,0.00
16:33:39,22.26358341308236,84.90969467387347,-50.788,-14.726,0.19,-0.790,-0.096,-77.3,27,0.0000,0.00
16:33:39,22.26358341308236,84.90969467387347,-50.827,-14.731,0.19,-0.790,-0.096,-77.3,27,0.0000,0.00
16:33:39,22.26358341308236,84.90969467387347,-50.867,-14.736,0.19,-0.790,-0.096,-77.4,27,0.0000,0.00
16:33:39,22.26358341308236,84.90969467387347,-50.907,-14.740,0.19,-0.790,-0.096,-77.3,27,0.0000,0.00
16:33:39,22.26358341308236,84.90969467387347,-50.947,-14.745,0.19,-0.790,-0.096,-77.1,27,0.0000,0.00
16:33:39,22.26358341308236,84.90969467387347,-50.987,-14.750,0.19,-0.790,-0.096,-77.1,27,0.0000,0.00
16:33:39,22.26358341308236,84.90969467387347,-51.026,-14.755,0.19,-0.790,-0.096,-76.9,27,0.0000,0.00
16:33:39,22.26358341308236,84.90969467387347,-51.066,-14.760,0.19,-0.790,-0.096,-76.8,27,0.0000,0.00
16:33:39,22.26358341308236,84.90969467387347,-51.106,-14.765,0.19,-0.790,-0.096,-77.1,27,0.0000,0.00
16:33:40,22.26358341308236,84.90969467387347,-51.146,-14.769,0.19,-0.790,-0.096,-77.1,27,0.0000,0.00
16:33:40,22.26358341308236,84.90969467387347,-51.186,-14.774,0.18,-0.790,-0.096,-77.5,27,0.0000,0.00
16:33:40,22.26358341308236,84.90969467387347,-51.226,-14.779,0.18,-0.790,-0.096,-78.2,27,0.0000,0.00
16:33:40,22.26358341308236,84.90969467387347,-51.266,-14.784,0.18,-0.790,-0.096,-78.1,27,0.0000,0.00
16:33:40,22.26358341308236,84.90969467387347,-51.305,-14.789,0.18,-0.790,-0.096,-77.8,27,0.0000,0.00
16:33:40,22.26358341308236,84.90969467387347,-51.345,-14.794,0.18,-0.790,-0.096,-77.8,27,0.0000,0.00
16:33:40,22.26358341308236,84.90969467387347,-51.385,-14.798,0.18,-0.790,-0.096,-75.8,27,0.0000,0.00
16:33:40,22.26358341308236,84.90969467387347,-51.425,-14.803,0.18,-0.790,-0.096,-74.4,27,0.0000,0.00
16:33:40,22.26358341308236,84.90969467387347,-51.465,-14.808,0.18,-0.790,-0.096,-74.4,27,0.0000,0.00
16:33:40,22.26358341308236,84.90969467387347,-51.504,-14.813,0.18,-0.790,-0.096,-73.0,27,0.0000,0.00
16:33:40,22.26358341308236,84.90969467387347,-51.544,-14.818,0.18,-0.790,-0.096,-70.8,27,0.0000,0.00
16:33:40,22.26358341308236,84.90969467387347,-51.584,-14.822,0.18,-0.790,-0.096,-69.9,27,0.0000,0.00
16:33:40,22.26358341308236,84.90969467387347,-51.624,-14.827,0.18,-0.790,-0.096,-69.9,27,0.0000,0.00
16:33:40,22.26358341308236,84.90969467387347,-51.663,-14.832,0.18,-0.790,-0.096,-69.0,27,0.0000,0.00
16:33:40,22.26358341308236,84.90969467387347,-51.703,-14.837,0.18,-0.790,-0.096,-66.0,27,0.0000,0.00
16:33:40,22.26358341308236,84.90969467387347,-51.743,-14.842,0.18,-0.790,-0.096,-64.0,27,0.0000,0.00
16:33:40,22.26358341308236,84.90969467387347,-51.783,-14.847,0.18,-0.790,-0.096,-64.0,27,0.0000,0.00
16:33:40,22.26358341308236,84.90969467387347,-51.822,-14.851,0.18,-0.790,-0.096,-62.2,27,0.0000,0.00
16:33:40,22.26358341308236,84.90969467387347,-51.862,-14.856,0.18,-0.790,-0.096,-59.2,27,0.0000,0.00
16:33:40,22.26358341308236,84.90969467387347,-51.942,-14.866,0.18,-0.790,-0.096,-58.1,27,0.0000,0.00
16:33:41,22.26358341308236,84.90969467387347,-51.982,-14.871,0.18,-0.790,-0.096,-57.1,27,0.0000,0.00
16:33:41,22.26358341308236,84.90969467387347,-52.022,-14.876,0.18,-0.790,-0.096,-56.0,27,0.0000,0.00
16:33:41,22.26358341308236,84.90969467387347,-52.062,-14.880,0.18,-0.790,-0.096,-55.5,27,0.0000,0.00
16:33:41,22.26358341308236,84.90969467387347,-52.102,-14.885,0.18,-0.790,-0.096,-55.5,27,0.0000,0.00
16:33:41,22.26358341308236,84.90969467387347,-51.342,-13.320,0.18,-0.595,0.287,-53.8,27,0.0068,0.00
16:33:41,22.26358341308236,84.90969467387347,-51.372,-13.305,0.18,-0.595,0.287,-52.7,27,0.0000,0.00
16:33:41,22.26358341308236,84.90969467387347,-51.402,-13.291,0.18,-0.595,0.287,-51.7,27,0.0000,0.00
16:33:41,22.26358341308236,84.90969467387347,-51.432,-13.276,0.18,-0.595,0.287,-51.7,27,0.0000,0.00
16:33:41,22.26358341308236,84.90969467387347,-51.462,-13.262,0.18,-0.595,0.287,-50.7,27,0.0000,0.00
16:33:41,22.26358341308236,84.90969467387347,-51.492,-13.248,0.17,-0.595,0.287,-50.4,27,0.0000,0.00
16:33:41,22.26358341308236,84.90969467387347,-51.522,-13.233,0.17,-0.595,0.287,-50.1,27,0.0000,0.00
16:33:41,22.26358341308236,84.90969467387347,-51.552,-13.219,0.17,-0.595,0.287,-50.1,27,0.0000,0.00
16:33:41,22.26358341308236,84.90969467387347,-51.582,-13.204,0.17,-0.595,0.287,-50.5,27,0.0000,0.00
16:33:41,22.26358341308236,84.90969467387347,-51.612,-13.190,0.17,-0.595,0.287,-51.4,27,0.0000,0.00
16:33:41,22.26358341308236,84.90969467387347,-51.642,-13.175,0.17,-0.595,0.287,-53.4,27,0.0000,0.00
16:33:41,22.26358341308236,84.90969467387347,-51.672,-13.161,0.17,-0.595,0.287,-53.4,27,0.0000,0.00
16:33:41,22.26358341308236,84.90969467387347,-51.702,-13.146,0.17,-0.595,0.287,-53.4,27,0.0000,0.00
16:33:41,22.26358341308236,84.90969467387347,-51.732,-13.132,0.17,-0.595,0.287,-55.1,27,0.0000,0.00
16:33:41,22.26358341308236,84.90969467387347,-51.762,-13.117,0.17,-0.595,0.287,-56.3,27,0.0000,0.00
16:33:41,22.26358341308236,84.90969467387347,-51.792,-13.103,0.17,-0.595,0.287,-56.3,27,0.0000,0.00
16:33:42,22.26358341308236,84.90969467387347,-51.822,-13.088,0.17,-0.595,0.287,-56.6,27,0.0000,0.00
16:33:42,22.26358341308236,84.90969467387347,-51.852,-13.074,0.17,-0.595,0.287,-57.2,27,0.0000,0.00
16:33:42,22.26358341308236,84.90969467387347,-51.882,-13.060,0.19,-0.595,0.287,-58.9,27,10.0005,0.00
16:33:42,22.26358341308236,84.90969467387347,-51.912,-13.045,0.19,-0.595,0.287,-58.9,27,10.0005,0.00
16:33:42,22.26358341308236,84.90969467387347,-51.942,-13.031,0.19,-0.595,0.287,-59.8,27,0.0000,0.00
16:33:42,22.26358341308236,84.90969467387347,-51.972,-13.016,0.19,-0.595,0.287,-60.7,27,0.0000,0.00
16:33:42,22.26358341308236,84.90969467387347,-52.002,-13.002,0.19,-0.595,0.287,-61.9,27,10.0005,0.00
16:33:42,22.26358341308236,84.90969467387347,-52.032,-12.987,0.19,-0.595,0.287,-61.9,27,10.0005,0.00
16:33:42,22.26358341308236,84.90969467387347,-52.062,-12.973,0.19,-0.595,0.287,-62.4,27,0.0000,0.00
16:33:42,22.26358341308236,84.90969467387347,-52.092,-12.958,0.19,-0.595,0.287,-62.8,27,0.0000,0.00
16:33:42,22.26358341308236,84.90969467387347,-52.122,-12.944,0.19,-0.595,0.287,-63.4,27,0.0000,0.00
16:33:42,22.26358341308236,84.90969467387347,-52.152,-12.930,0.19,-0.595,0.287,-63.4,27,0.0000,0.00
16:33:42,22.26358341308236,84.90969467387347,-52.182,-12.915,0.19,-0.595,0.287,-63.6,27,10.0005,0.00
16:33:42,22.26358341308236,84.90969467387347,-52.212,-12.901,0.19,-0.595,0.287,-63.6,27,10.0005,0.00
16:33:42,22.26358341308236,84.90969467387347,-52.242,-12.886,0.19,-0.595,0.287,-63.7,27,10.0005,0.00
16:33:42,22.26358341308236,84.90969467387347,-52.272,-12.872,0.21,-0.595,0.287,-63.7,27,10.0005,0.00
16:33:42,22.26358341308236,84.90969467387347,-52.302,-12.857,0.21,-0.595,0.287,-63.7,27,0.0000,0.00
16:33:42,22.26358341308236,84.90969467387347,-52.332,-12.843,0.21,-0.595,0.287,-63.6,27,0.0000,0.00
16:33:42,22.26358341308236,84.90969467387347,-52.362,-12.828,0.21,-0.595,0.287,-63.5,27,0.0000,0.00
16:33:43,22.26358341308236,84.90969467387347,-52.392,-12.814,0.18,-0.595,0.287,-63.5,29,0.0000,0.00
16:33:43,22.26358341308236,84.90969467387347,-52.422,-12.800,0.18,-0.595,0.287,-63.4,29,0.0000,0.00
16:33:43,22.26358341308236,84.90969467387347,-52.452,-12.785,0.18,-0.595,0.287,-63.2,29,10.0005,0.00
16:33:43,22.26358341308236,84.90969467387347,-52.482,-12.771,0.18,-0.595,0.287,-62.8,29,0.0000,0.00
16:33:43,22.26358341308236,84.90969467387347,-52.512,-12.756,0.18,-0.595,0.287,-62.8,29,0.0000,0.00
16:33:43,22.26358341308236,84.90969467387347,-52.542,-12.742,0.18,-0.595,0.287,-62.5,29,0.0000,0.00
16:33:43,22.26358341308236,84.90969467387347,-52.572,-12.727,0.18,-0.595,0.287,-62.3,29,0.0000,0.00
16:33:43,22.26358341308236,84.90969467387347,-52.602,-12.713,0.18,-0.595,0.287,-61.6,29,0.0000,0.00
16:33:43,22.26358341308236,84.90969467387347,-52.632,-12.698,0.18,-0.595,0.287,-61.6,29,0.0000,0.00
16:33:43,22.26358341308236,84.90969467387347,-52.662,-12.684,0.19,-0.595,0.287,-60.9,29,0.0000,0.00
16:33:43,22.26358341308236,84.90969467387347,-52.692,-12.670,0.19,-0.595,0.287,-60.1,29,0.0000,0.00
16:33:43,22.26358341308236,84.90969467387347,-52.722,-12.655,0.19,-0.595,0.287,-58.8,29,0.0000,0.00
16:33:43,22.26358341308236,84.90969467387347,-52.752,-12.641,0.19,-0.595,0.287,-58.8,29,0.0000,0.00
16:33:43,22.26358341308236,84.90969467387347,-52.782,-12.626,0.19,-0.595,0.287,-58.2,29,0.0000,0.00
16:33:43,22.26358341308236,84.90969467387347,-52.812,-12.612,0.19,-0.595,0.287,-57.7,29,0.0000,0.00
16:33:43,22.26358341308236,84.90969467387347,-52.842,-12.597,0.19,-0.595,0.287,-56.8,29,0.0000,0.00
16:33:43,22.26358341308236,84.90969467387347,-52.872,-12.583,0.19,-0.595,0.287,-56.8,29,10.0005,0.00
16:33:43,22.26358341308236,84.90969467387347,-52.902,-12.568,0.18,-0.595,0.287,-56.3,29,0.0000,0.00
16:33:43,22.26358341308236,84.90969467387347,-52.932,-12.554,0.18,-0.595,0.287,-55.8,29,0.0000,0.00
16:33:43,22.26358341308236,84.90969467387347,-52.962,-12.540,0.18,-0.595,0.287,-54.7,29,0.0000,0.00
16:33:44,22.26358341308236,84.90969467387347,-52.992,-12.525,0.18,-0.595,0.287,-54.0,29,0.0000,0.00
16:33:44,22.26358341308236,84.90969467387347,-53.022,-12.511,0.17,-0.595,0.287,-54.0,29,0.0000,0.00
16:33:44,22.26358341308236,84.90969467387347,-53.052,-12.496,0.17,-0.595,0.287,-53.4,29,0.0000,0.00
16:33:44,22.26358341308236,84.90969467387347,-53.082,-12.482,0.17,-0.595,0.287,-52.4,29,0.0000,0.00
16:33:44,22.26358341308236,84.90969467387347,-53.112,-12.467,0.17,-0.595,0.287,-51.9,29,10.0005,0.00
16:33:44,22.26358341308236,84.90969467387347,-53.142,-12.453,0.17,-0.595,0.287,-51.9,29,0.0000,0.00
16:33:44,22.26358341308236,84.90969467387347,-53.172,-12.438,0.17,-0.595,0.287,-51.4,29,10.0005,0.00
16:33:44,22.26358341308236,84.90969467387347,-53.202,-12.424,0.17,-0.595,0.287,-50.6,29,0.0000,0.00
16:33:44,22.26358341308236,84.90969467387347,-53.232,-12.409,0.17,-0.595,0.287,-50.2,29,0.0000,0.00
16:33:44,22.26358341308236,84.90969467387347,-53.262,-12.395,0.17,-0.595,0.287,-50.2,29,0.0000,0.00
16:33:44,22.26358341308236,84.90969467387347,-53.292,-12.380,0.17,-0.595,0.287,-49.9,29,10.0005,0.00
16:33:44,22.26358341308236,84.90969467387347,-53.322,-12.366,0.17,-0.595,0.287,-49.5,29,10.0005,0.00
16:33:44,22.26358341308236,84.90969467387347,-53.352,-12.351,0.17,-0.595,0.287,-49.5,29,0.0000,0.00
16:33:44,22.26358341308236,84.90969467387347,-53.382,-12.337,0.17,-0.595,0.287,-49.5,29,0.0000,0.00
16:33:44,22.26358341308236,84.90969467387347,-53.412,-12.323,0.16,-0.595,0.287,-49.4,29,0.0000,0.00
16:33:44,22.26358341308236,84.90969467387347,-53.442,-12.308,0.16,-0.595,0.287,-49.2,29,0.0000,0.00
16:33:44,22.26358341308236,84.90969467387347,-53.472,-12.294,0.16,-0.595,0.287,-49.0,29,10.0005,0.00
16:33:44,22.26358341308236,84.90969467387347,-53.502,-12.279,0.16,-0.595,0.287,-49.0,29,10.0005,0.00
16:33:44,22.26358341308236,84.90969467387347,-53.532,-12.265,0.16,-0.595,0.287,-48.9,29,10.0005,0.00
16:33:44,22.26358341308236,84.90969467387347,-53.562,-12.250,0.16,-0.595,0.287,-48.6,29,10.0005,0.00
16:33:45,22.26358341308236,84.90969467387347,-53.592,-12.236,0.16,-0.595,0.287,-48.4,29,0.0000,0.00
16:33:45,22.26358341308236,84.90969467387347,-53.622,-12.221,0.16,-0.595,0.287,-48.4,29,0.0000,0.00
16:33:45,22.26358341308236,84.90969467387347,-53.652,-12.207,0.18,-0.595,0.287,-48.3,29,0.0000,0.00
16:33:45,22.26358341308236,84.90969467387347,-53.682,-12.192,0.18,-0.595,0.287,-48.0,29,0.0000,0.00
16:33:45,22.26358341308236,84.90969467387347,-53.712,-12.178,0.18,-0.595,0.287,-48.0,29,0.0000,0.00
16:33:45,22.26358341308236,84.90969467387347,-53.742,-12.163,0.18,-0.595,0.287,-47.9,29,10.0005,0.00
16:33:45,22.26358341308236,84.90969467387347,-53.772,-12.149,0.18,-0.595,0.287,-47.8,29,0.0000,0.00
16:33:45,22.26358341308236,84.90969467387347,-53.802,-12.135,0.17,-0.595,0.287,-47.8,29,0.0000,0.00
16:33:45,22.26358341308236,84.90969467387347,-53.832,-12.120,0.17,-0.595,0.287,-47.8,29,0.0000,0.00
16:33:45,22.26358341308236,84.90969467387347,-53.862,-12.106,0.17,-0.595,0.287,-47.8,29,0.0000,0.00
16:33:45,22.26358341308236,84.90969467387347,-53.892,-12.091,0.17,-0.595,0.287,-47.8,29,0.0000,0.00
16:33:45,22.26358341308236,84.90969467387347,-53.922,-12.077,0.17,-0.595,0.287,-47.8,29,0.0000,0.00
16:33:45,22.26358341308236,84.90969467387347,-53.952,-12.062,0.17,-0.595,0.287,-47.8,29,0.0000,0.00
16:33:45,22.26358341308236,84.90969467387347,-53.982,-12.048,0.17,-0.595,0.287,-47.8,29,0.0000,0.00
16:33:45,22.26358341308236,84.90969467387347,-54.012,-12.033,0.17,-0.595,0.287,-47.8,29,0.0000,0.00
16:33:45,22.26358341308236,84.90969467387347,-54.042,-12.019,0.16,-0.595,0.287,-47.8,29,0.0000,0.00
16:33:45,22.26358341308236,84.90969467387347,-54.072,-12.005,0.16,-0.595,0.287,-47.8,29,0.0000,0.00
16:33:45,22.26358341308236,84.90969467387347,-54.102,-11.990,0.16,-0.595,0.287,-47.7,29,0.0000,0.00
16:33:45,22.26358341308236,84.90969467387347,-54.132,-11.976,0.16,-0.595,0.287,-47.6,29,0.0000,0.00
16:33:46,22.26358341308236,84.90969467387347,-54.162,-11.961,0.16,-0.595,0.287,-47.5,29,10.0005,0.00
16:33:46,22.26358341308236,84.90969467387347,-54.192,-11.947,0.16,-0.595,0.287,-47.5,29,0.0000,0.00
16:33:46,22.26358341308236,84.90969467387347,-54.222,-11.932,0.16,-0.595,0.287,-47.5,29,0.0000,0.00
16:33:46,22.26358341308236,84.90969467387347,-54.252,-11.918,0.16,-0.595,0.287,-47.4,29,0.0000,0.00
16:33:46,22.26358341308236,84.90969467387347,-54.282,-11.903,0.16,-0.595,0.287,-47.3,29,0.0000,0.00
16:33:46,22.26358341308236,84.90969467387347,-54.312,-11.889,0.18,-0.595,0.287,-47.3,29,0.0000,0.00
16:33:46,22.26358341308236,84.90969467387347,-54.342,-11.875,0.18,-0.595,0.287,-46.7,29,0.0000,0.00
16:33:46,22.26358341308236,84.90969467387347,-54.372,-11.860,0.18,-0.595,0.287,-45.6,29,0.0000,0.00
16:33:46,22.26358341308236,84.90969467387347,-54.402,-11.846,0.18,-0.595,0.287,-45.6,29,10.0005,0.00
16:33:46,22.26358341308236,84.90969467387347,-54.432,-11.831,0.18,-0.595,0.287,-43.0,29,0.0000,0.00
16:33:46,22.26358341308236,84.90969467387347,-54.462,-11.817,0.18,-0.595,0.287,-41.4,29,0.0000,0.00
16:33:46,22.26358341308236,84.90969467387347,-54.492,-11.802,0.18,-0.595,0.287,-40.9,29,0.0000,0.00
16:33:46,22.26358341308236,84.90969467387347,-54.522,-11.788,0.18,-0.595,0.287,-40.4,29,0.0000,0.00
16:33:46,22.26358341308236,84.90969467387347,-54.552,-11.773,0.18,-0.595,0.287,-40.4,29,0.0000,0.00
16:33:46,22.26358341308236,84.90969467387347,-54.582,-11.759,0.18,-0.595,0.287,-39.6,29,0.0000,0.00
16:33:46,22.26358341308236,84.90969467387347,-54.612,-11.744,0.18,-0.595,0.287,-39.3,29,0.0000,0.00
16:33:46,22.26358341308236,84.90969467387347,-54.423,-11.313,0.18,-0.523,0.424,-39.1,29,0.0066,0.00
16:33:46,22.26358341308236,84.90969467387347,-54.449,-11.291,0.19,-0.523,0.424,-39.1,29,0.0000,0.00
16:33:46,22.26358341308236,84.90969467387347,-54.476,-11.270,0.19,-0.523,0.424,-38.5,29,0.0000,0.00
16:33:46,22.26358341308236,84.90969467387347,-54.502,-11.249,0.19,-0.523,0.424,-38.4,29,0.0000,0.00
16:33:47,22.26358341308236,84.90969467387347,-54.529,-11.227,0.19,-0.523,0.424,-38.2,29,0.0000,0.00
16:33:47,22.26358341308236,84.90969467387347,-54.555,-11.206,0.19,-0.523,0.424,-38.2,29,0.0000,0.00
16:33:47,22.26358341308236,84.90969467387347,-54.581,-11.184,0.18,-0.523,0.424,-38.0,29,0.0000,0.00
16:33:47,22.26358341308236,84.90969467387347,-54.608,-11.163,0.18,-0.523,0.424,-37.9,29,0.0000,0.00
16:33:47,22.26358341308236,84.90969467387347,-54.501,-11.057,0.18,-0.430,0.483,-37.9,29,0.0065,0.00
16:33:47,22.26358341308236,84.90969467387347,-54.522,-11.032,0.18,-0.430,0.483,-37.9,29,0.0000,0.00
16:33:47,22.26358341308236,84.90969467387347,-54.544,-11.008,0.18,-0.430,0.483,-37.8,29,0.0000,0.00
16:33:47,22.26358341308236,84.90969467387347,-54.566,-10.984,0.18,-0.430,0.483,-37.9,29,0.0000,0.00
16:33:47,22.26358341308236,84.90969467387347,-54.579,-10.936,0.18,-0.419,0.511,-37.9,29,0.0076,0.00
16:33:47,22.26358341308236,84.90969467387347,-54.600,-10.910,0.18,-0.419,0.511,-37.9,29,0.0000,0.00
16:33:47,22.26358341308236,84.90969467387347,-54.621,-10.884,0.18,-0.419,0.511,-38.0,29,0.0000,0.00
16:33:47,22.26358341308236,84.90969467387347,-54.643,-10.858,0.18,-0.419,0.511,-38.1,29,0.0000,0.00
16:33:47,22.26358341308236,84.90969467387347,-54.664,-10.832,0.18,-0.419,0.511,-38.2,29,0.0000,0.00
16:33:47,22.26358341308236,84.90969467387347,-54.686,-10.806,0.18,-0.419,0.511,-38.2,29,0.0000,0.00
16:33:47,22.26358341308236,84.90969467387347,-54.707,-10.780,0.19,-0.419,0.511,-38.4,29,0.0000,0.00
16:33:47,22.26358341308236,84.90969467387347,-54.729,-10.754,0.19,-0.419,0.511,-38.5,29,0.0000,0.00
16:33:47,22.26358341308236,84.90969467387347,-54.771,-10.702,0.19,-0.419,0.511,-38.7,29,0.0000,0.00
16:33:47,22.26358341308236,84.90969467387347,-54.787,-10.679,0.19,-0.410,0.505,-39.0,29,0.0072,0.00
16:33:47,22.26358341308236,84.90969467387347,-54.808,-10.654,0.19,-0.410,0.505,-39.1,29,0.0000,0.00
16:33:48,22.26358341308236,84.90969467387347,-54.829,-10.628,0.19,-0.410,0.505,-39.1,29,0.0000,0.00
16:33:48,22.26358341308236,84.90969467387347,-54.849,-10.603,0.19,-0.410,0.505,-39.3,29,0.0000,0.00
16:33:48,22.26358341308236,84.90969467387347,-54.870,-10.577,0.19,-0.410,0.505,-39.5,29,0.0000,0.00
16:33:48,22.26358341308236,84.90969467387347,-54.891,-10.552,0.18,-0.410,0.505,-39.6,29,0.0000,0.00
16:33:48,22.26358341308236,84.90969467387347,-54.912,-10.526,0.18,-0.410,0.505,-39.8,29,0.0000,0.00
16:33:48,22.26358341308236,84.90969467387347,-54.932,-10.501,0.18,-0.410,0.505,-39.8,29,0.0000,0.00
16:33:48,22.26358341308236,84.90969467387347,-54.953,-10.475,0.18,-0.410,0.505,-39.9,29,0.0000,0.00
16:33:48,22.26358341308236,84.90969467387347,-54.974,-10.450,0.19,-0.410,0.505,-40.0,28,0.0000,0.00
16:33:48,22.26358341308236,84.90969467387347,-54.994,-10.424,0.19,-0.410,0.505,-40.3,28,0.0000,0.00
16:33:48,22.26358341308236,84.90969467387347,-55.015,-10.399,0.19,-0.410,0.505,-40.3,28,0.0000,0.00
16:33:48,22.26358341308236,84.90969467387347,-55.036,-10.373,0.19,-0.410,0.505,-40.5,28,0.0000,0.00
16:33:48,22.26358341308236,84.90969467387347,-55.056,-10.348,0.19,-0.410,0.505,-40.7,28,0.0000,0.00
16:33:48,22.26358341308236,84.90969467387347,-55.077,-10.322,0.19,-0.410,0.505,-40.9,28,0.0000,0.00
16:33:48,22.26358341308236,84.90969467387347,-55.098,-10.297,0.19,-0.410,0.505,-40.9,28,0.0000,0.00
16:33:48,22.26358341308236,84.90969467387347,-55.119,-10.271,0.19,-0.410,0.505,-41.0,28,0.0000,0.00
16:33:48,22.26358341308236,84.90969467387347,-55.139,-10.246,0.19,-0.410,0.505,-41.0,28,0.0000,0.00
16:33:48,22.26358341308236,84.90969467387347,-55.160,-10.220,0.19,-0.410,0.505,-41.0,28,0.0000,0.00
16:33:48,22.26358341308236,84.90969467387347,-55.181,-10.195,0.19,-0.410,0.505,-41.0,28,0.0000,0.00
16:33:48,22.26358341308236,84.90969467387347,-55.201,-10.169,0.19,-0.410,0.505,-40.9,28,0.0000,0.00
16:33:48,22.26358341308236,84.90969467387347,-55.222,-10.144,0.19,-0.410,0.505,-40.9,29,0.0000,0.00
16:33:49,22.26358341308236,84.90969467387347,-55.251,-10.126,0.19,-0.422,0.494,-40.8,29,0.0066,0.00
16:33:49,22.26358341308236,84.90969467387347,-55.272,-10.101,0.19,-0.422,0.494,-40.8,29,0.0000,0.00
16:33:49,22.26358341308236,84.90969467387347,-55.293,-10.076,0.19,-0.422,0.494,-40.8,29,0.0000,0.00
16:33:49,22.26358341308236,84.90969467387347,-55.315,-10.051,0.19,-0.422,0.494,-40.8,29,0.0000,0.00
16:33:49,22.26358341308236,84.90969467387347,-55.336,-10.027,0.20,-0.422,0.494,-40.7,29,0.0000,0.00
16:33:49,22.26358341308236,84.90969467387347,-55.361,-9.998,0.20,-0.429,0.501,-40.7,29,0.0070,0.00
16:33:49,22.26358341308236,84.90969467387347,-55.382,-9.973,0.20,-0.429,0.501,-40.6,29,0.0000,0.00
16:33:49,22.26358341308236,84.90969467387347,-55.404,-9.948,0.20,-0.429,0.501,-40.5,29,0.0000,0.00
16:33:49,22.26358341308236,84.90969467387347,-55.425,-9.923,0.20,-0.429,0.501,-40.5,28,0.0000,0.00
16:33:49,22.26358341308236,84.90969467387347,-55.447,-9.898,0.20,-0.429,0.501,-40.5,28,0.0000,0.00
16:33:49,22.26358341308236,84.90969467387347,-55.469,-9.872,0.20,-0.429,0.501,-40.4,28,0.0000,0.00
16:33:49,22.26358341308236,84.90969467387347,-55.490,-9.847,0.20,-0.429,0.501,-40.4,28,0.0000,0.00
16:33:49,22.26358341308236,84.90969467387347,-55.512,-9.822,0.20,-0.429,0.501,-40.4,28,0.0000,0.00
16:33:49,22.26358341308236,84.90969467387347,-55.533,-9.797,0.20,-0.429,0.501,-40.4,28,0.0000,0.00
16:33:49,22.26358341308236,84.90969467387347,-55.555,-9.772,0.20,-0.429,0.501,-40.4,28,0.0000,0.00
16:33:49,22.26358341308236,84.90969467387347,-55.574,-9.747,0.20,-0.424,0.498,-40.4,28,0.0071,0.00
16:33:49,22.26358341308236,84.90969467387347,-55.596,-9.722,0.20,-0.424,0.498,-40.3,28,0.0000,0.00
16:33:49,22.26358341308236,84.90969467387347,-55.618,-9.697,0.20,-0.424,0.498,-40.3,28,0.0000,0.00
16:33:49,22.26358341308236,84.90969467387347,-55.639,-9.672,0.20,-0.424,0.498,-40.4,28,0.0000,0.00
16:33:50,22.26358341308236,84.90969467387347,-55.660,-9.646,0.20,-0.424,0.498,-40.5,28,0.0000,0.00
16:33:50,22.26358341308236,84.90969467387347,-55.682,-9.622,0.20,-0.424,0.497,-40.5,28,0.0070,0.00
16:33:50,22.26358341308236,84.90969467387347,-55.703,-9.596,0.20,-0.424,0.497,-40.5,28,0.0000,0.00
16:33:50,22.26358341308236,84.90969467387347,-55.725,-9.571,0.20,-0.424,0.497,-40.6,28,0.0000,0.00
16:33:50,22.26358341308236,84.90969467387347,-55.746,-9.546,0.20,-0.424,0.497,-40.8,28,0.0000,0.00
16:33:50,22.26358341308236,84.90969467387347,-55.768,-9.521,0.20,-0.424,0.497,-41.1,28,0.0000,0.00
16:33:50,22.26358341308236,84.90969467387347,-55.789,-9.496,0.20,-0.424,0.497,-41.1,28,0.0000,0.00
16:33:50,22.26358341308236,84.90969467387347,-55.810,-9.471,0.20,-0.424,0.497,-41.4,28,0.0000,0.00
16:33:50,22.26358341308236,84.90969467387347,-55.832,-9.446,0.20,-0.424,0.497,-41.4,28,0.0000,0.00
16:33:50,22.26358341308236,84.90969467387347,-55.853,-9.421,0.20,-0.424,0.497,-42.1,28,0.0000,0.00
16:33:50,22.26358341308236,84.90969467387347,-55.874,-9.396,0.21,-0.424,0.497,-42.1,28,0.0000,0.00
16:33:50,22.26358341308236,84.90969467387347,-55.896,-9.371,0.21,-0.424,0.497,-42.2,28,0.0000,0.00
16:33:50,22.26358341308236,84.90969467387347,-55.917,-9.346,0.21,-0.424,0.497,-42.6,28,0.0000,0.00
16:33:50,22.26358341308236,84.90969467387347,-55.939,-9.321,0.21,-0.424,0.497,-42.9,28,0.0000,0.00
16:33:50,22.26358341308236,84.90969467387347,-55.960,-9.296,0.20,-0.424,0.497,-42.9,28,0.0000,0.00
16:33:50,22.26358341308236,84.90969467387347,-55.981,-9.271,0.20,-0.424,0.497,-43.3,28,0.0000,0.00
16:33:50,22.26358341308236,84.90969467387347,-56.003,-9.245,0.20,-0.424,0.497,-43.6,28,0.0000,0.00
16:33:50,22.26358341308236,84.90969467387347,-56.024,-9.220,0.20,-0.424,0.497,-43.9,28,0.0000,0.00
16:33:50,22.26358341308236,84.90969467387347,-56.046,-9.195,0.20,-0.424,0.497,-43.9,28,0.0000,0.00
16:33:50,22.26358341308236,84.90969467387347,-56.067,-9.170,0.20,-0.424,0.497,-44.0,28,0.0000,0.00
16:33:51,22.26358341308236,84.90969467387347,-56.088,-9.145,0.20,-0.424,0.497,-43.6,28,0.0000,0.00
16:33:51,22.26358341308236,84.90969467387347,-56.110,-9.120,0.20,-0.424,0.497,-43.7,28,0.0000,0.00
16:33:51,22.26358341308236,84.90969467387347,-56.131,-9.095,0.20,-0.424,0.497,-43.7,28,0.0000,0.00
16:33:51,22.26358341308236,84.90969467387347,-56.152,-9.070,0.20,-0.424,0.497,-43.9,28,0.0000,0.00
16:33:51,22.26358341308236,84.90969467387347,-56.174,-9.045,0.20,-0.424,0.497,-44.4,28,0.0000,0.00
16:33:51,22.26358341308236,84.90969467387347,-56.195,-9.020,0.20,-0.424,0.497,-44.6,28,0.0000,0.00
16:33:51,22.26358341308236,84.90969467387347,-56.217,-8.995,0.20,-0.424,0.497,-44.8,28,0.0000,0.00
16:33:51,22.26358341308236,84.90969467387347,-56.238,-8.970,0.20,-0.424,0.497,-44.8,28,0.0000,0.00
16:33:51,22.26358341308236,84.90969467387347,-56.259,-8.945,0.20,-0.424,0.497,-45.0,28,0.0000,0.00
16:33:51,22.26358341308236,84.90969467387347,-56.281,-8.920,0.20,-0.424,0.497,-45.1,28,0.0000,0.00
16:33:51,22.26358341308236,84.90969467387347,-56.302,-8.895,0.20,-0.424,0.497,-45.1,28,0.0000,0.00
16:33:51,22.26358341308236,84.90969467387347,-56.324,-8.869,0.22,-0.424,0.497,-45.1,29,0.0000,0.00
16:33:51,22.26358341308236,84.90969467387347,-56.345,-8.844,0.22,-0.424,0.497,-45.2,29,0.0000,0.00
16:33:51,22.26358341308236,84.90969467387347,-56.366,-8.819,0.22,-0.424,0.497,-45.6,29,0.0000,0.00
16:33:51,22.26358341308236,84.90969467387347,-56.388,-8.794,0.22,-0.424,0.497,-45.9,29,0.0000,0.00
16:33:51,22.263606424680816,84.90948035128307,-56.409,-8.769,0.25,-0.424,0.497,-45.9,29,0.0000,0.00
16:33:51,22.26360664948052,84.90948014404,-56.430,-8.744,0.25,-0.424,0.497,-46.5,29,0.0000,0.00
16:33:51,22.263606874822035,84.90947993629744,-56.452,-8.719,0.25,-0.424,0.497,-46.8,29,0.0000,0.00
16:33:51,22.263607100449892,84.90947972829092,-56.473,-8.694,0.25,-0.424,0.497,-46.8,29,0.0000,0.00
16:33:51,22.263607325380526,84.90947952092715,-56.495,-8.669,0.25,-0.424,0.497,-47.0,28,0.0000,0.00
16:33:51,22.263607550706077,84.90947931319931,-56.516,-8.644,0.25,-0.424,0.497,-47.4,28,0.0000,0.00
16:33:52,22.263607776347772,84.90947910518003,-56.537,-8.619,0.25,-0.424,0.497,-47.6,28,0.0000,0.00
16:33:52,22.263608001648837,84.90947889747476,-56.559,-8.594,0.25,-0.424,0.497,-47.6,28,0.0000,0.00
16:33:52,22.263608226470897,84.90947869021109,-56.580,-8.569,0.28,-0.424,0.497,-47.8,28,0.0000,0.00
16:33:52,22.263608451738964,84.90947848253624,-56.602,-8.544,0.28,-0.424,0.497,-48.3,28,0.0000,0.00
16:33:52,22.26360867709964,84.90947827477602,-56.623,-8.519,0.28,-0.424,0.497,-48.5,28,0.0000,0.00
16:33:52,22.263608901924894,84.90947806750941,-56.644,-8.494,0.28,-0.424,0.497,-48.5,28,0.0000,0.00
16:33:52,22.263609126423354,84.90947786054407,-56.666,-8.469,0.28,-0.424,0.497,-48.6,28,0.0000,0.00
16:33:52,22.26360935169568,84.90947765286529,-56.687,-8.443,0.28,-0.424,0.497,-48.6,27,0.0000,0.00
16:33:52,22.263609576688054,84.90947744544462,-56.708,-8.418,0.28,-0.424,0.497,-48.5,27,0.0000,0.00
16:33:52,22.263609801837966,84.9094772378787,-56.730,-8.393,0.28,-0.424,0.497,-48.5,27,0.0000,0.00
16:33:52,22.263610026700473,84.90947703057773,-56.751,-8.368,0.28,-0.424,0.497,-48.1,27,0.0000,0.00
16:33:52,22.263610252217628,84.90947682267327,-56.773,-8.343,0.28,-0.424,0.497,-48.0,27,0.0000,0.00
16:33:52,22.26361047723129,84.90947661523296,-56.794,-8.318,0.28,-0.424,0.497,-48.0,27,0.0000,0.00
16:33:52,22.263610702124666,84.90947640790354,-56.815,-8.293,0.28,-0.424,0.497,-47.9,27,0.0000,0.00
16:33:52,22.26361092708191,84.90947620051524,-56.837,-8.268,0.28,-0.424,0.497,-48.4,27,0.0000,0.00
16:33:52,22.263611152460683,84.90947599273834,-56.858,-8.243,0.30,-0.424,0.497,-49.4,27,0.0000,0.00
16:33:52,22.26361137741793,84.90947578535004,-56.879,-8.218,0.30,-0.424,0.497,-49.4,27,0.0000,0.00
16:33:52,22.263611602473105,84.90947557787146,-56.901,-8.193,0.30,-0.424,0.497,-52.0,27,0.0000,0.00
16:33:52,22.26361182785188,84.90947537009455,-56.922,-8.168,0.30,-0.424,0.497,-53.4,27,0.0000,0.00
16:33:53,22.26361205315507,84.90947516238732,-56.944,-8.143,0.30,-0.424,0.497,-53.4,27,0.0000,0.00
16:33:53,22.263612278343306,84.90947495478608,-56.965,-8.118,0.32,-0.424,0.497,-54.7,27,0.0000,0.00
16:33:53,22.263612503568798,84.9094747471505,-56.986,-8.093,0.32,-0.424,0.497,-57.3,27,0.0000,0.00
16:33:53,22.263612728571815,84.90947453972,-57.008,-8.068,0.32,-0.424,0.497,-58.4,27,0.0000,0.00
16:33:53,22.263612953227817,84.90947433260942,-57.029,-8.043,0.32,-0.424,0.497,-58.4,27,0.0000,0.00
16:33:53,22.263613177990266,84.9094741254007,-57.050,-8.017,0.32,-0.424,0.497,-60.5,27,0.0000,0.00
16:33:53,22.263613402796356,84.90947391815176,-57.072,-7.992,0.32,-0.424,0.497,-61.3,27,0.0000,0.00
16:33:53,22.263613627747215,84.90947371076935,-57.093,-7.967,0.32,-0.424,0.497,-61.8,27,0.0000,0.00
16:33:53,22.26361385322711,84.90947350289922,-57.115,-7.942,0.32,-0.424,0.497,-61.8,27,0.0000,0.00
16:33:53,22.263614077950173,84.90947329572681,-57.136,-7.917,0.30,-0.424,0.497,-62.3,27,0.0000,0.00
16:33:53,22.263614302942546,84.90947308830613,-57.157,-7.892,0.30,-0.424,0.497,-62.2,27,0.0000,0.00
16:33:53,22.263614527979627,84.90947288084423,-57.179,-7.867,0.30,-0.424,0.497,-62.1,27,0.0000,0.00
16:33:53,22.263614753238116,84.90947267317821,-57.200,-7.842,0.30,-0.424,0.497,-62.1,27,0.0000,0.00
16:33:53,22.263614977874955,84.9094724660853,-57.221,-7.817,0.28,-0.424,0.497,-61.6,27,0.0000,0.00
16:33:53,22.263615202733206,84.90947225878827,-57.243,-7.792,0.28,-0.424,0.497,-61.3,27,10.0005,0.00
16:33:53,22.26361542786609,84.90947205123805,-57.264,-7.767,0.28,-0.424,0.497,-61.0,27,0.0000,0.00
16:33:53,22.263615653082,84.9094718436113,-57.286,-7.742,0.28,-0.424,0.497,-61.0,27,0.0000,0.00
16:33:53,22.263615878011567,84.90947163624851,-57.307,-7.717,0.28,-0.424,0.497,-60.7,27,0.0000,0.00
16:33:53,22.26361610287514,84.90947142894657,-57.328,-7.692,0.28,-0.424,0.497,-60.2,27,10.0005,0.00
16:33:54,22.26361632783345,84.9094712215573,-57.350,-7.667,0.28,-0.424,0.497,-60.0,27,10.0005,0.00
16:33:54,22.26361655305681,84.90947101392366,-57.371,-7.642,0.28,-0.424,0.497,-59.5,27,10.0005,0.00
16:33:54,22.26361677772665,84.90947080680033,-57.392,-7.617,0.28,-0.424,0.497,-59.5,27,10.0005,0.00
16:33:54,22.26361700204096,84.90947060000475,-57.414,-7.592,0.27,-0.424,0.497,-59.2,27,10.0005,0.00
16:33:54,22.263617226639482,84.90947039294717,-57.435,-7.567,0.27,-0.424,0.497,-59.0,27,10.0005,0.00
16:33:54,22.263617451297613,84.90947018583462,-57.456,-7.542,0.27,-0.424,0.497,-58.4,27,10.0005,0.00
16:33:54,22.2636179010833,84.90946977117677,-57.499,-7.492,0.27,-0.424,0.497,-58.1,27,0.0000,0.00
16:33:54,22.263618126991112,84.90946956291215,-57.520,-7.467,0.27,-0.424,0.497,-57.9,27,0.0000,0.00
16:33:54,22.263618352279405,84.90946935521865,-57.542,-7.441,0.27,-0.424,0.497,-57.4,27,0.0000,0.00
16:33:54,22.2636185772143,84.90946914785097,-57.563,-7.416,0.27,-0.424,0.497,-57.4,27,10.0005,0.00
16:33:54,22.26361880238337,84.90946894026739,-57.585,-7.391,0.25,-0.424,0.497,-57.2,27,0.0000,0.00
16:33:54,22.263619027640793,84.90946873260235,-57.606,-7.366,0.25,-0.424,0.497,-57.0,27,0.0000,0.00
16:33:54,22.263619252844997,84.90946852498638,-57.627,-7.341,0.25,-0.424,0.497,-56.7,27,0.0000,0.00
16:33:54,22.26361947815351,84.90946831727425,-57.649,-7.316,0.25,-0.424,0.497,-56.7,27,0.0000,0.00
16:33:54,22.263619702542336,84.90946811040999,-57.670,-7.291,0.24,-0.424,0.497,-56.6,27,10.0005,0.00
16:33:54,22.263619927725248,84.90946790281365,-57.692,-7.266,0.24,-0.424,0.497,-56.5,27,0.0000,0.00
16:33:54,22.26362015265801,84.90946769544792,-57.713,-7.241,0.24,-0.424,0.497,-56.4,27,0.0000,0.00
16:33:54,22.263620377505614,84.9094674881607,-57.734,-7.216,0.24,-0.424,0.497,-56.4,27,0.0000,0.00
16:33:54,22.26362060233619,84.90946728088917,-57.756,-7.191,0.24,-0.424,0.497,-56.2,27,0.0000,0.00
16:33:54,22.263620827346656,84.90946707345182,-57.777,-7.166,0.24,-0.424,0.497,-56.2,27,0.0000,0.00
16:33:54,22.263621052636015,84.90946686575734,-57.798,-7.141,0.24,-0.424,0.497,-56.1,27,0.0000,0.00
16:33:55,22.2636212777029,84.90946665826797,-57.820,-7.116,0.24,-0.424,0.497,-56.1,27,0.0000,0.00
16:33:55,22.2636215024877,84.90946645103865,-57.841,-7.091,0.24,-0.424,0.497,-56.2,27,0.0000,0.00
16:33:55,22.26362172765039,84.90946624346095,-57.862,-7.066,0.23,-0.424,0.497,-56.3,27,0.0000,0.00
16:33:55,22.263621952743886,84.90946603594705,-57.884,-7.041,0.23,-0.424,0.497,-56.7,27,10.0005,0.00
16:33:55,22.263622179114737,84.90946582725554,-57.905,-7.015,0.23,-0.424,0.497,-56.7,27,10.0005,0.00
16:33:55,22.263622404706403,84.90946561928237,-57.927,-6.990,0.23,-0.424,0.497,-57.0,27,10.0005,0.00
16:33:55,22.26362263041835,84.90946541119831,-57.948,-6.965,0.22,-0.424,0.497,-57.2,27,10.0005,0.00
16:33:55,22.26362285567684,84.9094652035323,-57.970,-6.940,0.22,-0.424,0.497,-57.4,27,10.0005,0.00
16:33:55,22.26362308089807,84.90946499590063,-57.991,-6.915,0.22,-0.424,0.497,-57.4,27,10.0005,0.00
16:33:55,22.26362330559346,84.90946478875375,-58.012,-6.890,0.22,-0.424,0.497,-57.6,27,0.0000,0.00
16:33:55,22.26362353092646,84.90946458101904,-58.034,-6.865,0.22,-0.424,0.497,-57.7,27,10.0005,0.00
16:33:55,22.263623756153013,84.90946437338246,-58.055,-6.840,0.22,-0.424,0.497,-57.8,27,10.0005,0.00
16:33:55,22.263623981310378,84.90946416580968,-58.077,-6.815,0.22,-0.424,0.497,-57.8,27,10.0005,0.00
16:33:55,22.263624205797132,84.90946395885513,-58.098,-6.790,0.22,-0.424,0.497,-57.8,27,10.0005,0.00
16:33:55,22.26362443068625,84.90946375152964,-58.119,-6.765,0.23,-0.424,0.497,-57.8,27,10.0005,0.00
16:33:55,22.263624655768037,84.90946354402652,-58.141,-6.740,0.23,-0.424,0.497,-57.8,27,0.0000,0.00
16:33:55,22.263624880845565,84.90946333652734,-58.162,-6.715,0.23,-0.424,0.497,-57.8,27,0.0000,0.00
16:33:55,22.263625105588854,84.90946312933629,-58.183,-6.690,0.23,-0.424,0.497,-57.8,27,0.0000,0.00
16:33:55,22.263625330324693,84.9094629221521,-58.205,-6.665,0.23,-0.424,0.497,-57.8,27,10.0005,0.00
16:33:56,22.263625555301097,84.90946271474614,-58.226,-6.640,0.24,-0.424,0.497,-58.0,27,0.0000,0.00
16:33:56,22.263625780423336,84.90946250720575,-58.247,-6.615,0.24,-0.424,0.497,-58.0,27,0.0000,0.00
16:33:56,22.263626005431675,84.90946229977034,-58.269,-6.590,0.24,-0.424,0.497,-58.2,27,0.0000,0.00
16:33:56,22.26362623031973,84.90946209244584,-58.290,-6.565,0.24,-0.424,0.497,-58.4,27,0.0000,0.00
16:33:56,22.26362645581772,84.90946188455902,-58.312,-6.539,0.24,-0.424,0.497,-58.8,27,0.0000,0.00
16:33:56,22.263626681356165,84.90946167663492,-58.333,-6.514,0.24,-0.424,0.497,-58.8,27,10.0005,0.00
16:33:56,22.26362690664552,84.90946146894045,-58.354,-6.489,0.24,-0.424,0.497,-59.0,27,0.0000,0.00
16:33:56,22.263627131876333,84.90946126129995,-58.376,-6.464,0.24,-0.424,0.497,-59.1,27,0.0000,0.00
16:33:56,22.263627356927252,84.9094610538253,-58.397,-6.439,0.22,-0.424,0.497,-59.2,27,0.0000,0.00
16:33:56,22.263627582117614,84.90946084622209,-58.419,-6.414,0.22,-0.424,0.497,-59.2,27,0.0000,0.00
16:33:56,22.26362780688219,84.90946063901141,-58.440,-6.389,0.22,-0.424,0.497,-59.3,27,10.0005,0.00
16:33:56,22.263628032029974,84.90946043144746,-58.461,-6.364,0.22,-0.424,0.497,-59.3,27,0.0000,0.00
16:33:56,22.263628257861143,84.90946022325349,-58.483,-6.339,0.22,-0.424,0.497,-59.3,27,0.0000,0.00
16:33:56,22.26362848288013,84.90946001580828,-58.504,-6.314,0.22,-0.424,0.497,-59.3,27,0.0000,0.00
16:33:56,22.263628707496746,84.909459808734,-58.525,-6.289,0.22,-0.424,0.497,-59.2,27,0.0000,0.00
16:33:56,22.263628932226197,84.90945960155571,-58.547,-6.264,0.22,-0.424,0.497,-59.0,27,0.0000,0.00
16:33:56,22.26362915704719,84.90945939429302,-58.568,-6.239,0.22,-0.424,0.497,-58.9,27,0.0000,0.00
16:33:56,22.26362938218646,84.90945918673691,-58.589,-6.214,0.23,-0.424,0.497,-58.9,27,0.0000,0.00
16:33:56,22.263629606718983,84.90945897974017,-58.611,-6.189,0.23,-0.424,0.497,-58.7,27,0.0000,0.00
16:33:57,22.263629831480365,84.90945877253243,-58.632,-6.164,0.23,-0.424,0.497,-58.4,27,10.0005,0.00
16:33:57,22.263630056279005,84.90945856529036,-58.653,-6.139,0.23,-0.424,0.497,-58.2,27,0.0000,0.00
16:33:57,22.263630281191546,84.90945835794328,-58.675,-6.114,0.23,-0.424,0.497,-58.2,27,0.0000,0.00
16:33:57,22.263630506401068,84.90945815032241,-58.696,-6.088,0.23,-0.424,0.497,-58.0,27,0.0000,0.00
16:33:57,22.263630731545657,84.90945794276139,-58.718,-6.063,0.23,-0.424,0.497,-57.6,27,0.0000,0.00
16:33:57,22.263630957102194,84.9094577348206,-58.739,-6.038,0.23,-0.424,0.497,-57.5,27,0.0000,0.00
16:33:57,22.263631182243593,84.90945752726255,-58.760,-6.013,0.23,-0.424,0.497,-57.3,27,0.0000,0.00
16:33:57,22.263631407232772,84.9094573198448,-58.782,-5.988,0.23,-0.424,0.497,-57.3,27,0.0000,0.00
16:33:57,22.26363163185471,84.90945711276562,-58.803,-5.963,0.23,-0.424,0.497,-57.0,27,10.0005,0.00
16:33:57,22.2636318571611,84.90945690505545,-58.825,-5.938,0.23,-0.424,0.497,-56.9,27,10.0005,0.00
16:33:57,22.26363208231314,84.90945669748757,-58.846,-5.913,0.23,-0.424,0.497,-56.8,27,10.0005,0.00
16:33:57,22.263632307301258,84.90945649007082,-58.867,-5.888,0.23,-0.424,0.497,-56.8,27,0.0000,0.00
16:33:57,22.263632532218054,84.90945628271982,-58.889,-5.863,0.23,-0.424,0.497,-57.0,27,10.0005,0.00
16:33:57,22.263632757459508,84.9094560750695,-58.910,-5.838,0.23,-0.424,0.497,-57.2,27,10.0005,0.00
16:33:57,22.26363298241995,84.90945586767826,-58.931,-5.813,0.23,-0.424,0.497,-57.4,27,10.0005,0.00
16:33:57,22.263633207790203,84.90945565990921,-58.953,-5.788,0.23,-0.424,0.497,-57.4,27,0.0000,0.00
16:33:57,22.26363343255904,84.9094554526946,-58.974,-5.763,0.23,-0.424,0.497,-57.6,27,0.0000,0.00
16:33:57,22.263633657538637,84.9094552452857,-58.996,-5.738,0.23,-0.424,0.497,-57.6,27,0.0000,0.00
16:33:57,22.263633882255316,84.90945503811919,-59.017,-5.713,0.23,-0.424,0.497,-57.7,27,0.0000,0.00
16:33:57,22.263634107307297,84.90945483064355,-59.038,-5.688,0.23,-0.424,0.497,-57.7,28,10.0005,0.00
16:33:58,22.263634332467856,84.90945462306782,-59.060,-5.663,0.23,-0.424,0.497,-57.7,28,10.0005,0.00
16:33:58,22.263634557564544,84.90945441555097,-59.081,-5.638,0.23,-0.424,0.497,-57.7,28,10.0005,0.00
16:33:58,22.263634782814517,84.90945420789281,-59.102,-5.612,0.23,-0.424,0.497,-57.7,28,10.0005,0.00
16:33:58,22.263635007521614,84.90945400073512,-59.124,-5.587,0.28,-0.424,0.497,-57.7,28,0.0000,0.00
16:33:58,22.263635232816295,84.90945379303574,-59.145,-5.562,0.28,-0.424,0.497,-57.6,28,0.0000,0.00
16:33:58,22.26363545802156,84.90945358541879,-59.167,-5.537,0.28,-0.424,0.497,-57.6,28,0.0000,0.00
16:33:58,22.263635682905356,84.9094533780982,-59.188,-5.512,0.28,-0.424,0.497,-57.6,28,0.0000,0.00
16:33:58,22.263635908040367,84.90945317054603,-59.209,-5.487,0.33,-0.424,0.497,-57.6,28,0.0000,0.00
16:33:58,22.263636132711273,84.90945296342171,-59.231,-5.462,0.33,-0.424,0.497,-57.5,28,10.0005,0.00
16:33:58,22.263636357589746,84.90945275610603,-59.252,-5.437,0.33,-0.424,0.497,-57.5,28,0.0000,0.00
16:33:58,22.263636582502283,84.90945254875895,-59.273,-5.412,0.33,-0.424,0.497,-57.5,28,0.0000,0.00
16:33:58,22.26363680723812,84.90945234157478,-59.295,-5.387,0.33,-0.424,0.497,-57.5,28,0.0000,0.00
16:33:58,22.263637032437,84.90945213396371,-59.316,-5.362,0.33,-0.424,0.497,-57.5,28,0.0000,0.00
16:33:58,22.2636372569163,84.90945192701604,-59.337,-5.337,0.33,-0.424,0.497,-57.4,28,10.0005,0.00
16:33:58,22.263637482052374,84.90945171946287,-59.359,-5.312,0.33,-0.424,0.497,-57.4,28,10.0005,0.00
16:33:58,22.263637707112874,84.90945151197938,-59.380,-5.287,0.33,-0.424,0.497,-57.4,28,0.0000,0.00
16:33:58,22.26363793219253,84.90945130447824,-59.402,-5.262,0.35,-0.424,0.497,-57.4,28,0.0000,0.00
16:33:58,22.263638157375443,84.9094510968819,-59.423,-5.237,0.35,-0.424,0.497,-57.3,28,0.0000,0.00
16:33:58,22.263638382553033,84.90945088929047,-59.444,-5.212,0.35,-0.424,0.497,-57.3,28,0.0000,0.00
16:33:59,22.26363860761885,84.90945068180207,-59.466,-5.187,0.35,-0.424,0.497,-57.2,28,0.0000,0.00
16:33:59,22.263638832720865,84.90945047428032,-59.487,-5.162,0.35,-0.424,0.497,-57.2,28,0.0000,0.00
16:33:59,22.263639057507795,84.90945026704902,-59.508,-5.137,0.35,-0.424,0.497,-57.2,28,0.0000,0.00
16:33:59,22.263639282816314,84.90945005933689,-59.530,-5.112,0.35,-0.424,0.497,-57.1,28,10.0005,0.00
16:33:59,22.26363950765221,84.90944985206048,-59.551,-5.086,0.35,-0.424,0.497,-57.1,28,0.0000,0.00
16:33:59,22.26363973263926,84.9094496446447,-59.573,-5.061,0.36,-0.424,0.497,-56.9,28,0.0000,0.00
16:33:59,22.263639958121285,84.9094494367726,-59.594,-5.036,0.36,-0.424,0.497,-56.9,28,0.0000,0.00
16:33:59,22.26364018251011,84.90944922990833,-59.615,-5.011,0.36,-0.424,0.497,-56.8,28,0.0000,0.00
16:33:59,22.263640407193787,84.90944902277224,-59.637,-4.986,0.36,-0.424,0.497,-56.8,28,0.0000,0.00
16:33:59,22.26364063250124,84.90944881506108,-59.658,-4.961,0.36,-0.424,0.497,-56.8,25,0.0000,0.00
16:33:59,22.263640857746953,84.90944860740684,-59.679,-4.936,0.36,-0.424,0.497,-56.6,25,0.0000,0.00
16:33:59,22.263641082829807,84.90944839990276,-59.701,-4.911,0.36,-0.424,0.497,-56.6,25,10.0005,0.00
16:33:59,22.263641307601834,84.9094481926852,-59.722,-4.886,0.36,-0.424,0.497,-56.5,25,0.0000,0.00
16:33:59,22.26364153315305,84.90944798474933,-59.744,-4.861,0.36,-0.424,0.497,-56.5,25,10.0005,0.00
16:33:59,22.263641758167775,84.90944777730805,-59.765,-4.836,0.36,-0.424,0.497,-56.4,25,0.0000,0.00
16:33:59,22.26364198347523,84.90944756959689,-59.786,-4.811,0.36,-0.424,0.497,-56.3,25,0.0000,0.00
16:33:59,22.263642208156778,84.90944736246276,-59.808,-4.786,0.36,-0.424,0.497,-56.2,25,10.0005,0.00
16:33:59,22.263642433061865,84.90944715512255,-59.829,-4.761,0.36,-0.424,0.497,-56.2,25,10.0005,0.00
16:33:59,22.2636426578307,84.90944694790794,-59.850,-4.736,0.36,-0.424,0.497,-56.2,25,10.0005,0.00
16:33:59,22.263642882892263,84.90944674042348,-59.872,-4.711,0.36,-0.424,0.497,-56.1,25,0.0000,0.00
16:33:59,22.263643108173106,84.90944653273685,-59.893,-4.686,0.36,-0.424,0.497,-56.0,25,0.0000,0.00
16:34:00,22.26364333297068,84.90944632549575,-59.914,-4.661,0.36,-0.424,0.497,-56.0,25,0.0000,0.00
16:34:00,22.263643557457435,84.90944611854121,-59.936,-4.636,0.36,-0.424,0.497,-56.0,24,0.0000,0.00
16:34:00,22.263644007940346,84.90944570324058,-59.979,-4.586,0.36,-0.424,0.497,-55.9,24,10.0005,0.00
16:34:00,22.263644233341473,84.90944549544307,-60.000,-4.560,0.36,-0.424,0.497,-55.9,24,10.0005,0.00
16:34:00,22.26364445825614,84.90944528809403,-60.021,-4.535,0.36,-0.424,0.497,-55.8,24,10.0005,0.00
16:34:00,22.263644683655137,84.90944508029848,-60.043,-4.510,0.36,-0.424,0.497,-55.8,24,0.0000,0.00
16:34:00,22.263644909048814,84.90944487250783,-60.064,-4.485,0.36,-0.424,0.497,-55.7,24,0.0000,0.00
16:34:00,22.26364513433817,84.90944466481336,-60.086,-4.460,0.36,-0.424,0.497,-55.7,24,0.0000,0.00
16:34:00,22.263645359352896,84.90944445737208,-60.107,-4.435,0.35,-0.424,0.497,-55.7,21,0.0000,0.00
16:34:00,22.26364558437188,84.90944424992686,-60.128,-4.410,0.35,-0.424,0.497,-55.7,21,0.0000,0.00
16:34:00,22.26364580933551,84.90944404253268,-60.150,-4.385,0.35,-0.424,0.497,-55.8,21,10.0005,0.00
16:34:00,22.26364603442156,84.90944383502564,-60.171,-4.360,0.35,-0.424,0.497,-56.1,21,0.0000,0.00
16:34:00,22.263646259634275,84.90944362740183,-60.192,-4.335,0.35,-0.424,0.497,-56.1,21,0.0000,0.00
16:34:00,22.26364648485444,84.90944341977114,-60.214,-4.310,0.35,-0.424,0.497,-56.4,21,0.0000,0.00
16:34:00,22.263646709696726,84.90944321248882,-60.235,-4.285,0.35,-0.424,0.497,-56.7,21,0.0000,0.00
16:34:00,22.263646934915826,84.90944300485911,-60.257,-4.260,0.35,-0.424,0.497,-57.0,21,0.0000,0.00
16:34:00,22.263623202773502,84.90946500811079,-57.990,-6.902,0.35,-0.006,0.010,-57.0,21,0.0107,0.00
16:34:00,22.263623207471927,84.9094650049298,-57.990,-6.901,0.35,-0.006,0.010,-57.8,21,0.0000,0.00
16:34:00,22.263623212157977,84.9094650017572,-57.990,-6.900,0.35,-0.006,0.010,-58.2,21,0.0000,0.00
16:34:01,22.26362321683055,84.9094649985937,-57.991,-6.900,0.35,-0.006,0.010,-59.0,21,0.0000,0.00
16:34:01,22.263623221518568,84.90946499541977,-57.991,-6.899,0.35,-0.006,0.010,-59.0,21,0.0000,0.00
16:34:01,22.26362322618583,84.90946499225987,-57.991,-6.899,0.38,-0.006,0.010,-59.4,21,0.0000,0.00
16:34:01,22.263623230873517,84.90946498908615,-57.992,-6.898,0.38,-0.006,0.010,-59.8,21,0.0000,0.00
16:34:01,22.26362323555242,84.90946498591838,-57.992,-6.898,0.38,-0.006,0.010,-60.5,21,0.0000,0.00
16:34:01,22.263623240235837,84.90946498274755,-57.992,-6.897,0.38,-0.006,0.010,-60.5,21,10.0005,0.00
16:34:01,22.263623244907787,84.90946497958448,-57.993,-6.897,0.38,-0.006,0.010,-60.7,21,0.0000,0.00
16:34:01,22.263623249589788,84.90946497641461,-57.993,-6.896,0.38,-0.006,0.010,-61.0,21,0.0000,0.00
16:34:01,22.263623254270662,84.9094649732455,-57.993,-6.896,0.38,-0.006,0.010,-61.2,21,0.0000,0.00
16:34:01,22.263623258963374,84.90946497006838,-57.994,-6.895,0.38,-0.006,0.010,-61.2,21,0.0000,0.00
16:34:01,22.26362326363705,84.90946496690415,-57.994,-6.895,0.45,-0.006,0.010,-61.3,20,0.0000,0.00
16:34:01,22.263623268321243,84.9094649637328,-57.994,-6.894,0.45,-0.006,0.010,-61.3,20,0.0000,0.00
16:34:01,22.263623272990937,84.90946496057127,-57.995,-6.894,0.45,-0.006,0.010,-61.3,20,0.0000,0.00
16:34:01,22.26362327766829,84.90946495740454,-57.995,-6.893,0.45,-0.006,0.010,-61.3,20,0.0000,0.00
16:34:01,22.263623282347456,84.90946495423658,-57.995,-6.893,0.45,-0.006,0.010,-61.2,20,10.0005,0.00
16:34:01,22.26362328702833,84.90946495106749,-57.996,-6.892,0.50,-0.006,0.010,-61.1,20,0.0000,0.00
16:34:01,22.263623291707695,84.9094649478994,-57.996,-6.892,0.50,-0.006,0.010,-61.0,20,10.0005,0.00
16:34:01,22.263623296393238,84.90946494472713,-57.996,-6.891,0.50,-0.006,0.010,-61.0,20,0.0000,0.00
16:34:01,22.263623301079,84.90946494155472,-57.997,-6.891,0.50,-0.006,0.010,-60.8,20,10.0005,0.00
16:34:01,22.263623305763613,84.90946493838308,-57.997,-6.890,0.50,-0.006,0.010,-60.6,18,10.0005,0.00
16:34:02,22.263623310454047,84.9094649352075,-57.997,-6.890,0.50,-0.006,0.010,-60.4,18,10.0005,0.00
16:34:02,22.263623315143395,84.90946493203265,-57.998,-6.889,0.50,-0.006,0.010,-60.4,18,0.0000,0.00
16:34:02,22.26362331982626,84.9094649288622,-57.998,-6.889,0.50,-0.006,0.010,-60.3,18,0.0000,0.00
16:34:02,22.26362332451658,84.90946492568669,-57.998,-6.888,0.58,-0.006,0.010,-60.2,18,0.0000,0.00
16:34:02,22.263623329194907,84.90946492251932,-57.999,-6.887,0.58,-0.006,0.010,-60.0,18,0.0000,0.00
16:34:02,22.26362333386553,84.90946491935715,-57.999,-6.887,0.58,-0.006,0.010,-59.9,18,10.0005,0.00
16:34:02,22.263623338549213,84.90946491618614,-57.999,-6.886,0.58,-0.006,0.010,-59.9,18,10.0005,0.00
16:34:02,22.26362334321393,84.90946491302797,-58.000,-6.886,0.66,-0.006,0.010,-59.8,14,10.0005,0.00
16:34:02,22.263623347889688,84.90946490986234,-58.000,-6.885,0.66,-0.006,0.010,-59.7,14,10.0005,0.00
16:34:02,22.263623352575316,84.90946490669,-58.000,-6.885,0.66,-0.006,0.010,-59.6,14,0.0000,0.00
16:34:02,22.2636233572617,84.90946490351716,-58.001,-6.884,0.66,-0.006,0.010,-59.6,14,0.0000,0.00
16:34:02,22.263623361940734,84.9094649003493,-58.001,-6.884,0.66,-0.006,0.010,-59.5,14,0.0000,0.00
16:34:02,22.263623366627957,84.9094648971759,-58.001,-6.883,0.66,-0.006,0.010,-59.4,14,0.0000,0.00
16:34:02,22.263623371311045,84.9094648940053,-58.001,-6.883,0.66,-0.006,0.010,-59.4,14,0.0000,0.00
16:34:02,22.26362337599528,84.90946489083392,-58.002,-6.882,0.66,-0.006,0.010,-59.4,14,0.0000,0.00
16:34:02,22.26362338066148,84.90946488767474,-58.002,-6.882,0.66,-0.006,0.010,-59.3,14,0.0000,0.00
16:34:02,22.263623385346133,84.90946488450308,-58.002,-6.881,0.75,-0.006,0.010,-59.3,14,0.0000,0.00
16:34:02,22.263623390026275,84.90946488133447,-58.003,-6.881,0.75,-0.006,0.010,-59.3,14,0.0000,0.00
16:34:02,22.263623394696832,84.90946487817234,-58.003,-6.880,0.75,-0.006,0.010,-59.2,14,0.0000,0.00
16:34:02,22.26362339937881,84.90946487500248,-58.003,-6.880,0.75,-0.006,0.010,-59.1,14,0.0000,0.00
16:34:03,22.263623404053508,84.90946487183757,-58.004,-6.879,0.87,-0.006,0.010,-59.1,15,0.0000,0.00
16:34:03,22.26362340875286,84.90946486865595,-58.004,-6.879,0.87,-0.006,0.010,-59.1,15,0.0000,0.00
16:34:03,22.26362341342594,84.90946486549211,-58.004,-6.878,0.87,-0.006,0.010,-59.1,15,0.0000,0.00
16:34:03,22.263623418105396,84.90946486232397,-58.005,-6.878,0.87,-0.006,0.010,-59.0,15,0.0000,0.00
16:34:03,22.263623422775886,84.9094648591619,-58.005,-6.877,0.87,-0.006,0.010,-58.9,15,0.0000,0.00
16:34:03,22.263623427449033,84.90946485599802,-58.005,-6.877,0.87,-0.006,0.010,-58.9,15,0.0000,0.00
16:34:03,22.263623432117377,84.9094648528374,-58.006,-6.876,0.87,-0.006,0.010,-58.9,15,0.0000,0.00
16:34:03,22.263623436791324,84.90946484967299,-58.006,-6.875,0.87,-0.006,0.010,-58.8,15,0.0000,0.00
16:34:03,22.263623441460176,84.90946484651201,-58.006,-6.875,0.87,-0.006,0.010,-58.8,15,0.0000,0.00
16:34:03,22.263623446141402,84.90946484334266,-58.007,-6.874,0.95,-0.006,0.010,-58.8,13,0.0000,0.00
16:34:03,22.263623450823957,84.90946484017242,-58.007,-6.874,0.95,-0.006,0.010,-58.7,13,0.0000,0.00
16:34:03,22.263623455495686,84.90946483700951,-58.007,-6.873,0.95,-0.006,0.010,-58.6,13,0.0000,0.00
16:34:03,22.263623460178284,84.90946483383924,-58.008,-6.873,0.95,-0.006,0.010,-58.5,13,0.0000,0.00
16:34:03,22.263623464855172,84.90946483067283,-58.008,-6.872,1.03,-0.006,0.010,-58.5,13,0.0000,0.00
16:34:03,22.263623469536707,84.90946482750327,-58.008,-6.872,1.03,-0.006,0.010,-58.4,13,0.0000,0.00
16:34:03,22.263623474214324,84.90946482433637,-58.009,-6.871,1.03,-0.006,0.010,-58.3,13,0.0000,0.00
16:34:03,22.263623478895088,84.90946482116733,-58.009,-6.871,1.03,-0.006,0.010,-58.3,13,10.0005,0.00
16:34:03,22.263623483581647,84.90946481799438,-58.009,-6.870,1.03,-0.006,0.010,-58.3,15,0.0000,0.00
16:34:03,22.26362348826325,84.90946481482479,-58.010,-6.870,1.03,-0.006,0.010,-58.2,15,10.0005,0.00
16:34:03,22.263623492947463,84.90946481165342,-58.010,-6.869,1.03,-0.006,0.010,-58.2,15,0.0000,0.00
16:34:04,22.263623497625787,84.90946480848604,-58.010,-6.869,1.03,-0.006,0.010,-58.1,15,0.0000,0.00
16:34:04,22.2636235023046,84.90946480531832,-58.011,-6.868,1.13,-0.006,0.010,-58.1,15,10.0005,0.00
16:34:04,22.26362350698616,84.90946480214875,-58.011,-6.868,1.13,-0.006,0.010,-58.1,15,10.0005,0.00
16:34:04,22.263623511666168,84.90946479898024,-58.011,-6.867,1.13,-0.006,0.010,-58.1,15,0.0000,0.00
16:34:04,22.263623516346197,84.9094647958117,-58.012,-6.867,1.13,-0.006,0.010,-58.1,15,0.0000,0.00
16:34:04,22.263623521026606,84.90946479264291,-58.012,-6.866,1.13,-0.006,0.010,-58.1,15,0.0000,0.00
16:34:04,22.263623525696943,84.90946478948094,-58.012,-6.866,1.13,-0.006,0.010,-58.1,15,0.0000,0.00
16:34:04,22.263623530380467,84.90946478631002,-58.013,-6.865,1.13,-0.006,0.010,-58.2,15,0.0000,0.00
16:34:04,22.263623535056738,84.90946478314405,-58.013,-6.865,1.13,-0.006,0.010,-58.2,15,10.0005,0.00
16:34:04,22.263623539736724,84.90946477997554,-58.013,-6.864,1.13,-0.006,0.010,-58.2,15,10.0005,0.00
16:34:04,22.263623544409693,84.90946477681177,-58.014,-6.864,1.22,-0.006,0.010,-58.3,17,10.0005,0.00
16:34:04,22.263623549093086,84.90946477364096,-58.014,-6.863,1.22,-0.006,0.010,-58.3,17,10.0005,0.00
16:34:04,22.263623553762518,84.90946477047962,-58.014,-6.862,1.22,-0.006,0.010,-58.3,17,0.0000,0.00
16:34:04,22.263623558434933,84.90946476731622,-58.015,-6.862,1.22,-0.006,0.010,-58.4,17,0.0000,0.00
16:34:04,22.263623563123552,84.90946476414187,-58.015,-6.861,1.29,-0.006,0.010,-58.5,17,0.0000,0.00
16:34:04,22.26362356779515,84.90946476097905,-58.015,-6.861,1.29,-0.006,0.010,-58.5,17,0.0000,0.00
16:34:04,22.263623572458073,84.9094647578221,-58.016,-6.860,1.29,-0.006,0.010,-58.6,17,0.0000,0.00
16:34:04,22.263623577141864,84.90946475465101,-58.016,-6.860,1.29,-0.006,0.010,-58.8,17,10.0005,0.00
16:34:04,22.263623581822163,84.9094647514823,-58.016,-6.859,1.29,-0.006,0.010,-58.9,18,0.0000,0.00
16:34:05,22.263623586496482,84.90946474831763,-58.017,-6.859,1.29,-0.006,0.010,-58.9,18,0.0000,0.00
16:34:05,22.263623591167327,84.90946474515532,-58.017,-6.858,1.29,-0.006,0.010,-59.0,18,0.0000,0.00
16:34:05,22.263623595841867,84.90946474199049,-58.017,-6.858,1.29,-0.006,0.010,-59.0,18,0.0000,0.00
16:34:05,22.26362360052314,84.90946473882111,-58.017,-6.857,1.40,-0.006,0.010,-59.1,18,10.0005,0.00
16:34:05,22.2636236052232,84.90946473563902,-58.018,-6.857,1.40,-0.006,0.010,-59.1,18,0.0000,0.00
16:34:05,22.263623609911484,84.9094647324649,-58.018,-6.856,1.40,-0.006,0.010,-59.1,18,0.0000,0.00
16:34:05,22.263623614578545,84.90946472930514,-58.018,-6.856,1.40,-0.006,0.010,-59.0,18,0.0000,0.00
16:34:05,22.26362361924656,84.90946472614475,-58.019,-6.855,1.47,-0.006,0.010,-58.8,13,0.0000,0.00
16:34:05,22.263623623922317,84.9094647229791,-58.019,-6.855,1.47,-0.006,0.010,-58.8,13,0.0000,0.00
16:34:05,22.263623628588714,84.9094647198198,-58.019,-6.854,1.47,-0.006,0.010,-58.5,13,0.0000,0.00
16:34:05,22.2636236332633,84.90946471665495,-58.020,-6.854,1.47,-0.006,0.010,-58.4,13,0.0000,0.00
16:34:05,22.26362363793503,84.90946471349203,-58.020,-6.853,1.47,-0.006,0.010,-58.2,13,0.0000,0.00
16:34:05,22.26362364261422,84.90946471032406,-58.020,-6.853,1.47,-0.006,0.010,-58.2,13,0.0000,0.00
16:34:05,22.263623647297837,84.9094647071531,-58.021,-6.852,1.47,-0.006,0.010,-57.9,13,0.0000,0.00
16:34:05,22.263623651966135,84.90946470399251,-58.021,-6.852,1.47,-0.006,0.010,-57.8,13,0.0000,0.00
16:34:05,22.263623656638863,84.90946470082892,-58.021,-6.851,1.47,-0.006,0.010,-57.7,13,0.0000,0.00
16:34:05,22.263623661309268,84.9094646976669,-58.022,-6.850,1.52,-0.006,0.010,-57.7,13,0.0000,0.00
16:34:05,22.263623665982415,84.90946469450303,-58.022,-6.850,1.52,-0.006,0.010,-57.6,13,0.0000,0.00
16:34:05,22.263623670650535,84.90946469134255,-58.022,-6.849,1.52,-0.006,0.010,-57.4,13,0.0000,0.00
16:34:05,22.26362367532187,84.90946468817991,-58.023,-6.849,1.52,-0.006,0.010,-57.3,13,0.0000,0.00
16:34:06,22.263623679990324,84.9094646850192,-58.023,-6.848,1.57,-0.006,0.010,-57.3,15,0.0000,0.00
16:34:06,22.263623684664356,84.90946468185473,-58.023,-6.848,1.57,-0.006,0.010,-57.3,15,10.0005,0.00
16:34:06,22.263623689340225,84.909464678689,-58.024,-6.847,1.57,-0.006,0.010,-57.3,15,0.0000,0.00
16:34:06,22.263623694023398,84.90946467551835,-58.024,-6.847,1.57,-0.006,0.010,-57.3,15,0.0000,0.00
16:34:06,22.263623698691767,84.90946467235771,-58.024,-6.846,1.57,-0.006,0.010,-57.3,15,10.0005,0.00
16:34:06,22.263623703364093,84.90946466919439,-58.025,-6.846,1.57,-0.006,0.010,-57.2,15,10.0005,0.00
16:34:06,22.263623708030956,84.90946466603476,-58.025,-6.845,1.57,-0.006,0.010,-57.1,15,10.0005,0.00
16:34:06,22.263623712699058,84.90946466287431,-58.025,-6.845,1.57,-0.006,0.010,-57.1,15,0.0000,0.00
16:34:06,22.26362371737048,84.9094646597116,-58.026,-6.844,1.58,-0.006,0.010,-57.1,17,0.0000,0.00
16:34:06,22.26362372204462,84.90946465654706,-58.026,-6.844,1.58,-0.006,0.010,-57.0,17,0.0000,0.00
16:34:06,22.26362373139211,84.9094646502185,-58.027,-6.843,1.58,-0.006,0.010,-56.9,17,10.0005,0.00
16:34:06,22.263623736060257,84.909464647058,-58.027,-6.842,1.58,-0.006,0.010,-56.9,17,10.0005,0.00
16:34:06,22.26362374072495,84.90946464389985,-58.027,-6.842,1.58,-0.006,0.010,-56.8,17,10.0005,0.00
16:34:06,22.263623745399023,84.90946464073535,-58.028,-6.841,1.58,-0.006,0.010,-56.8,17,10.0005,0.00
16:34:06,22.26362375007671,84.9094646375684,-58.028,-6.841,1.58,-0.006,0.010,-56.7,17,0.0000,0.00
16:34:06,22.26362375474835,84.90946463440555,-58.028,-6.840,1.58,-0.006,0.010,-56.7,17,0.0000,0.00
16:34:06,22.263623759414084,84.90946463124669,-58.029,-6.840,1.57,-0.006,0.010,-56.6,15,0.0000,0.00
16:34:06,22.26362376409292,84.90946462807896,-58.029,-6.839,1.57,-0.006,0.010,-56.5,15,0.0000,0.00
16:34:06,22.263623768773837,84.90946462490983,-58.029,-6.839,1.57,-0.006,0.010,-56.4,15,0.0000,0.00
16:34:06,22.263623773455812,84.90946462173997,-58.030,-6.838,1.57,-0.006,0.010,-56.4,15,10.0005,0.00
16:34:07,22.263623778143923,84.90946461856596,-58.030,-6.837,1.57,-0.006,0.010,-56.5,15,0.0000,0.00
16:34:07,22.263623782824727,84.90946461539691,-58.030,-6.837,1.57,-0.006,0.010,-56.6,15,0.0000,0.00
16:34:07,22.2636237875164,84.90946461222049,-58.031,-6.836,1.57,-0.006,0.010,-56.9,15,0.0000,0.00
16:34:07,22.263623792187115,84.90946460905826,-58.031,-6.836,1.57,-0.006,0.010,-56.9,15,0.0000,0.00
16:34:07,22.26362379685869,84.90946460589545,-58.031,-6.835,1.57,-0.006,0.010,-57.1,15,10.0005,0.00
16:34:07,22.263623801566297,84.90946460270824,-58.032,-6.835,1.57,-0.006,0.010,-57.2,15,0.0000,0.00
16:34:07,22.263623806250955,84.90946459953658,-58.032,-6.834,1.57,-0.006,0.010,-57.3,15,0.0000,0.00
16:34:07,22.263623810938974,84.90946459636264,-58.032,-6.834,1.57,-0.006,0.010,-57.3,15,0.0000,0.00
16:34:07,22.26362381561646,84.90946459319582,-58.032,-6.833,1.57,-0.006,0.010,-57.3,15,0.0000,0.00
16:34:07,22.263623820295805,84.90946459002775,-58.033,-6.833,1.60,-0.006,0.010,-57.3,15,0.0000,0.00
16:34:07,22.26362382499002,84.90946458684961,-58.033,-6.832,1.60,-0.006,0.010,-57.2,15,0.0000,0.00
16:34:07,22.263623829676316,84.90946458367684,-58.033,-6.832,1.60,-0.006,0.010,-57.2,15,0.0000,0.00
16:34:07,22.263623834342955,84.90946458051737,-58.034,-6.831,1.60,-0.006,0.010,-57.1,15,0.0000,0.00
16:34:07,22.26362383902967,84.90946457734431,-58.034,-6.831,1.63,-0.006,0.010,-57.1,15,0.0000,0.00
16:34:07,22.263623843710786,84.90946457417503,-58.034,-6.830,1.63,-0.006,0.010,-56.9,15,0.0000,0.00
16:34:07,22.263623848404958,84.90946457099692,-58.035,-6.830,1.63,-0.006,0.010,-56.9,15,0.0000,0.00
16:34:07,22.26362385307275,84.90946456783668,-58.035,-6.829,1.63,-0.006,0.010,-56.8,15,0.0000,0.00
16:34:07,22.263623857759907,84.90946456466331,-58.035,-6.829,1.63,-0.006,0.010,-56.7,13,0.0000,0.00
16:34:07,22.263623862438987,84.90946456149543,-58.036,-6.828,1.63,-0.006,0.010,-56.3,13,0.0000,0.00
16:34:08,22.263623867125855,84.90946455832226,-58.036,-6.828,1.63,-0.006,0.010,-56.3,13,0.0000,0.00
16:34:08,22.263623871805244,84.90946455515416,-58.036,-6.827,1.63,-0.006,0.010,-56.2,13,0.0000,0.00
16:34:08,22.263623876494307,84.90946455197951,-58.037,-6.827,1.62,-0.006,0.010,-56.0,13,0.0000,0.00
16:34:08,22.26362388118983,84.90946454880049,-58.037,-6.826,1.62,-0.006,0.010,-55.9,13,10.0005,0.00
16:34:08,22.263623885879333,84.90946454562553,-58.037,-6.825,1.62,-0.006,0.010,-55.9,13,10.0005,0.00
16:34:08,22.26362389056722,84.90946454245167,-58.038,-6.825,1.62,-0.006,0.010,-55.9,13,0.0000,0.00
16:34:08,22.263623895258053,84.90946453927583,-58.038,-6.824,1.62,-0.006,0.010,-55.9,13,10.0005,0.00
16:34:08,22.263623899947355,84.90946453610101,-58.038,-6.824,1.62,-0.006,0.010,-56.0,13,10.0005,0.00
16:34:08,22.26362390463208,84.9094645329293,-58.039,-6.823,1.62,-0.006,0.010,-56.0,13,10.0005,0.00
16:34:08,22.263623909310272,84.909464529762,-58.039,-6.823,1.62,-0.006,0.010,-56.0,13,0.0000,0.00
16:34:08,22.263623913993204,84.9094645265915,-58.039,-6.822,1.62,-0.006,0.010,-55.9,13,0.0000,0.00
16:34:08,22.263623918672504,84.90946452342347,-58.040,-6.822,1.58,-0.006,0.010,-55.8,16,0.0000,0.00
16:34:08,22.26362392336537,84.90946452024625,-58.040,-6.821,1.58,-0.006,0.010,-55.8,16,10.0005,0.00
16:34:08,22.26362392805598,84.90946451707055,-58.040,-6.821,1.58,-0.006,0.010,-55.7,16,10.0005,0.00
16:34:08,22.263623932740547,84.90946451389894,-58.041,-6.820,1.58,-0.006,0.010,-55.5,16,10.0005,0.00
16:34:08,22.263623937425823,84.90946451072685,-58.041,-6.820,1.55,-0.006,0.010,-55.5,16,10.0005,0.00
16:34:08,22.26362394211869,84.90946450754961,-58.041,-6.819,1.55,-0.006,0.010,-55.4,16,10.0005,0.00
16:34:08,22.26362394681041,84.90946450437318,-58.042,-6.819,1.55,-0.006,0.010,-55.3,16,0.0000,0.00
16:34:08,22.263623951492743,84.90946450120308,-58.042,-6.818,1.55,-0.006,0.010,-55.1,16,0.0000,0.00
16:34:08,22.26362395616724,84.90946449803829,-58.042,-6.818,1.55,-0.006,0.010,-55.1,15,0.0000,0.00
16:34:09,22.263623960839013,84.90946449487535,-58.043,-6.817,1.55,-0.006,0.010,-55.0,15,0.0000,0.00
16:34:09,22.26362396551754,84.90946449170782,-58.043,-6.817,1.55,-0.006,0.010,-54.8,15,0.0000,0.00
16:34:09,22.26362397019673,84.90946448853987,-58.043,-6.816,1.55,-0.006,0.010,-54.8,15,0.0000,0.00
16:34:09,22.26362397486638,84.90946448537835,-58.044,-6.816,1.50,-0.006,0.010,-54.8,15,0.0000,0.00
16:34:09,22.263623979536096,84.9094644822168,-58.044,-6.815,1.50,-0.006,0.010,-54.7,15,0.0000,0.00
16:34:09,22.26362398421624,84.9094644790482,-58.044,-6.815,1.50,-0.006,0.010,-54.7,15,0.0000,0.00
16:34:09,22.2636239888881,84.90946447588519,-58.045,-6.814,1.50,-0.006,0.010,-54.7,15,0.0000,0.00
16:34:09,22.263623993557793,84.90946447272364,-58.045,-6.814,1.50,-0.006,0.010,-54.7,15,10.0005,0.00
16:34:09,22.263623998227025,84.90946446956242,-58.045,-6.813,1.47,-0.006,0.010,-54.7,16,0.0000,0.00
16:34:09,22.26362400290836,84.909464466393,-58.046,-6.812,1.47,-0.006,0.010,-54.7,16,0.0000,0.00
16:34:09,22.263624007579715,84.90946446323034,-58.046,-6.812,1.47,-0.006,0.010,-54.7,16,0.0000,0.00
16:34:09,22.263624012256713,84.90946446006386,-58.046,-6.811,1.47,-0.006,0.010,-54.8,16,0.0000,0.00
16:34:09,22.26362401693234,84.9094644568983,-58.047,-6.811,1.47,-0.006,0.010,-54.8,16,0.0000,0.00
16:34:09,22.263624021626136,84.90946445372045,-58.047,-6.810,1.47,-0.006,0.010,-55.0,16,0.0000,0.00
16:34:09,22.263624026301652,84.90946445055496,-58.047,-6.810,1.47,-0.006,0.010,-55.0,16,0.0000,0.00
16:34:09,22.263624030976217,84.90946444739014,-58.048,-6.809,1.47,-0.006,0.010,-55.1,16,0.0000,0.00
16:34:09,22.263624035650004,84.90946444422583,-58.048,-6.809,1.40,-0.006,0.010,-55.2,16,10.0005,0.00
16:34:09,22.263624040333024,84.90946444105526,-58.048,-6.808,1.40,-0.006,0.010,-55.4,16,0.0000,0.00
16:34:09,22.263624045020247,84.90946443788187,-58.048,-6.808,1.40,-0.006,0.010,-55.4,16,0.0000,0.00
16:34:09,22.26362404969678,84.90946443471569,-58.049,-6.807,1.40,-0.006,0.010,-55.5,16,0.0000,0.00
16:34:10,22.263624054374333,84.90946443154884,-58.049,-6.807,1.32,-0.006,0.010,-55.6,15,0.0000,0.00
16:34:10,22.263624059053015,84.90946442838121,-58.049,-6.806,1.32,-0.006,0.010,-55.8,15,0.0000,0.00
16:34:10,22.263624063725764,84.9094644252176,-58.050,-6.806,1.32,-0.006,0.010,-55.8,15,0.0000,0.00
16:34:10,22.263624068397583,84.90946442205463,-58.050,-6.805,1.32,-0.006,0.010,-56.0,15,0.0000,0.00
16:34:10,22.263624073073032,84.9094644188892,-58.050,-6.805,1.32,-0.006,0.010,-56.2,15,10.0005,0.00
16:34:10,22.26362407776685,84.90946441571133,-58.051,-6.804,1.32,-0.006,0.010,-56.2,15,0.0000,0.00
16:34:10,22.263624082450068,84.90946441254063,-58.051,-6.804,1.32,-0.006,0.010,-56.2,15,10.0005,0.00
16:34:10,22.263624087139924,84.90946440936544,-58.051,-6.803,1.32,-0.006,0.010,-56.3,15,0.0000,0.00
16:34:10,22.26362409182635,84.90946440619258,-58.052,-6.803,1.32,-0.006,0.010,-56.5,15,0.0000,0.00
16:34:10,22.26362409651238,84.90946440301998,-58.052,-6.802,1.27,-0.006,0.010,-56.6,15,10.0005,0.00
16:34:10,22.26362410120213,84.90946439984486,-58.052,-6.802,1.27,-0.006,0.010,-56.6,15,10.0005,0.00
16:34:10,22.26362410587096,84.90946439668392,-58.053,-6.801,1.27,-0.006,0.010,-56.6,15,10.0005,0.00
16:34:10,22.26362411055462,84.90946439351292,-58.053,-6.800,1.27,-0.006,0.010,-56.7,15,0.0000,0.00
16:34:10,22.26362411523755,84.90946439034242,-58.053,-6.800,1.19,-0.006,0.010,-56.7,15,0.0000,0.00
16:34:10,22.263624119922163,84.90946438717079,-58.054,-6.799,1.19,-0.006,0.010,-56.7,15,0.0000,0.00
16:34:10,22.263624124593473,84.90946438400816,-58.054,-6.799,1.19,-0.006,0.010,-56.8,15,10.0005,0.00
16:34:10,22.26362412928428,84.90946438083232,-58.054,-6.798,1.19,-0.006,0.010,-56.8,15,10.0005,0.00
16:34:10,22.263624133968893,84.90946437766068,-58.055,-6.798,1.19,-0.006,0.010,-56.8,15,10.0005,0.00
16:34:10,22.26362413864881,84.90946437449222,-58.055,-6.797,1.19,-0.006,0.010,-56.8,15,10.0005,0.00
16:34:10,22.263624143337587,84.90946437131777,-58.055,-6.797,1.19,-0.006,0.010,-56.9,15,10.0005,0.00
16:34:11,22.26362414801423,84.90946436815153,-58.056,-6.796,1.19,-0.006,0.010,-56.8,15,0.0000,0.00
16:34:11,22.26362415269435,84.90946436498292,-58.056,-6.796,1.10,-0.006,0.010,-56.8,15,0.0000,0.00
16:34:11,22.26362415737219,84.90946436181588,-58.056,-6.795,1.10,-0.006,0.010,-56.8,15,0.0000,0.00
16:34:11,22.263624162051844,84.9094643586476,-58.057,-6.795,1.10,-0.006,0.010,-56.8,15,0.0000,0.00
16:34:11,22.26362416673174,84.90946435547914,-58.057,-6.794,1.10,-0.006,0.010,-56.8,15,0.0000,0.00
16:34:11,22.263624171415934,84.9094643523078,-58.057,-6.794,1.10,-0.006,0.010,-56.8,15,10.0005,0.00
16:34:11,22.263624176094613,84.90946434914018,-58.058,-6.793,1.00,-0.006,0.010,-56.7,15,0.0000,0.00
16:34:11,22.263624180773583,84.90946434597237,-58.058,-6.793,1.00,-0.006,0.010,-56.7,15,0.0000,0.00
16:34:11,22.26362418545618,84.90946434280208,-58.058,-6.792,1.00,-0.006,0.010,-56.7,15,0.0000,0.00
16:34:11,22.263624190135257,84.9094643396342,-58.059,-6.792,1.00,-0.006,0.010,-56.7,15,0.0000,0.00
16:34:11,22.263624194801434,84.90946433647504,-58.059,-6.791,1.00,-0.006,0.010,-56.8,15,10.0005,0.00
16:34:11,22.263624199481686,84.90946433330636,-58.059,-6.791,1.00,-0.006,0.010,-57.0,15,0.0000,0.00
16:34:11,22.263624204160564,84.9094643301386,-58.060,-6.790,1.00,-0.006,0.010,-57.0,15,0.0000,0.00
16:34:11,22.26362420883371,84.90946432697473,-58.060,-6.790,1.00,-0.006,0.010,-57.2,15,0.0000,0.00
16:34:11,22.263624213520824,84.90946432380139,-58.060,-6.789,0.94,-0.006,0.010,-57.7,15,0.0000,0.00
16:34:11,22.263624218205948,84.90946432062941,-58.061,-6.788,0.94,-0.006,0.010,-57.8,15,0.0000,0.00
16:34:11,22.26362422289348,84.9094643174558,-58.061,-6.788,0.94,-0.006,0.010,-57.8,15,0.0000,0.00
16:34:11,22.26362422755961,84.90946431429667,-58.061,-6.787,0.94,-0.006,0.010,-58.0,15,0.0000,0.00
16:34:11,22.26362423223216,84.90946431113319,-58.062,-6.787,0.94,-0.006,0.010,-58.3,13,0.0000,0.00
16:34:12,22.2636242369266,84.9094643079549,-58.062,-6.786,0.94,-0.006,0.010,-58.4,13,10.0005,0.00
16:34:12,22.263624241602844,84.90946430478894,-58.062,-6.786,0.94,-0.006,0.010,-58.4,13,0.0000,0.00
16:34:12,22.26362424628385,84.90946430161974,-58.063,-6.785,0.94,-0.006,0.010,-58.6,13,0.0000,0.00
16:34:12,22.263624250962334,84.90946429845225,-58.063,-6.785,0.94,-0.006,0.010,-58.7,13,0.0000,0.00
16:34:12,22.26362425565396,84.90946429527587,-58.063,-6.784,0.89,-0.006,0.010,-58.7,13,0.0000,0.00
16:34:12,22.263624260325493,84.90946429211309,-58.064,-6.784,0.89,-0.006,0.010,-58.7,13,0.0000,0.00
16:34:12,22.263624264998107,84.90946428894956,-58.064,-6.783,0.89,-0.006,0.010,-58.8,13,0.0000,0.00
16:34:12,22.263624269673137,84.90946428578442,-58.064,-6.783,0.89,-0.006,0.010,-58.8,13,0.0000,0.00
16:34:12,22.26362427435352,84.90946428261564,-58.064,-6.782,0.83,-0.006,0.010,-58.6,12,10.0005,0.00
16:34:12,22.263624279038133,84.90946427944401,-58.065,-6.782,0.83,-0.006,0.010,-58.6,12,10.0005,0.00
16:34:12,22.26362428847517,84.90946427305482,-58.065,-6.781,0.83,-0.006,0.010,-58.0,12,0.0000,0.00
16:34:12,22.263624293159165,84.9094642698836,-58.066,-6.780,0.83,-0.006,0.010,-57.7,12,0.0000,0.00
16:34:12,22.263624297841076,84.9094642667138,-58.066,-6.780,0.83,-0.006,0.010,-57.7,12,10.0005,0.00
16:34:12,22.26362430252226,84.90946426354448,-58.066,-6.779,0.83,-0.006,0.010,-57.2,12,10.0005,0.00
16:34:12,22.2636243071997,84.90946426037769,-58.067,-6.779,0.83,-0.006,0.010,-57.0,12,0.0000,0.00
16:34:12,22.263624311883248,84.90946425720678,-58.067,-6.778,0.73,-0.006,0.010,-56.8,12,0.0000,0.00
16:34:12,22.26362431656702,84.90946425403571,-58.067,-6.778,0.73,-0.006,0.010,-56.8,12,0.0000,0.00
16:34:12,22.26362432123543,84.90946425087503,-58.068,-6.777,0.73,-0.006,0.010,-56.4,12,0.0000,0.00
16:34:12,22.263624325910392,84.90946424770993,-58.068,-6.777,0.73,-0.006,0.010,-56.2,12,10.0005,0.00
16:34:12,22.263624330589096,84.90946424454229,-58.068,-6.776,0.65,-0.006,0.010,-56.0,14,10.0005,0.00
16:34:13,22.263624335267533,84.90946424137483,-58.069,-6.775,0.65,-0.006,0.010,-56.0,14,10.0005,0.00
16:34:13,22.263624339943313,84.90946423820918,-58.069,-6.775,0.65,-0.006,0.010,-55.7,14,10.0005,0.00
16:34:13,22.26362434462144,84.90946423504194,-58.069,-6.774,0.65,-0.006,0.010,-55.5,14,10.0005,0.00
16:34:13,22.263624349314398,84.90946423186465,-58.070,-6.774,0.65,-0.006,0.010,-55.4,14,0.0000,0.00
16:34:13,22.263624354001113,84.90946422869159,-58.070,-6.773,0.65,-0.006,0.010,-55.4,14,0.0000,0.00
16:34:13,22.263624358671713,84.90946422552943,-58.070,-6.773,0.65,-0.006,0.010,-55.2,14,0.0000,0.00
16:34:13,22.263624363347958,84.90946422236347,-58.071,-6.772,0.65,-0.006,0.010,-55.2,14,0.0000,0.00
16:34:13,22.263624368023454,84.909464219198,-58.071,-6.772,0.65,-0.006,0.010,-54.9,14,10.0005,0.00
16:34:13,22.263624372709437,84.90946421602543,-58.071,-6.771,0.53,-0.006,0.010,-54.9,14,0.0000,0.00
16:34:13,22.263624377393164,84.90946421285439,-58.072,-6.771,0.53,-0.006,0.010,-54.7,14,0.0000,0.00
16:34:13,22.263624382075122,84.90946420968456,-58.072,-6.770,0.53,-0.006,0.010,-54.6,14,0.0000,0.00
16:34:13,22.263624386750635,84.90946420651908,-58.072,-6.770,0.53,-0.006,0.010,-54.5,14,0.0000,0.00
16:34:13,22.26362439142653,84.90946420335334,-58.073,-6.769,0.46,-0.006,0.010,-54.5,14,10.0005,0.00
16:34:13,22.263624396104632,84.90946420018611,-58.073,-6.769,0.46,-0.006,0.010,-54.2,14,0.0000,0.00
16:34:13,22.263624400799845,84.9094641970073,-58.073,-6.768,0.46,-0.006,0.010,-54.0,14,0.0000,0.00
16:34:13,22.263624405485476,84.90946419383496,-58.074,-6.768,0.46,-0.006,0.010,-53.8,14,0.0000,0.00
16:34:13,22.263624410156943,84.90946419067224,-58.074,-6.767,0.46,-0.006,0.010,-53.8,14,0.0000,0.00
16:34:13,22.26362441483695,84.90946418750372,-58.074,-6.767,0.46,-0.006,0.010,-53.4,14,0.0000,0.00
16:34:13,22.263624419515477,84.9094641843362,-58.075,-6.766,0.46,-0.006,0.010,-53.2,14,0.0000,0.00
16:34:14,22.263624424206792,84.90946418116002,-58.075,-6.766,0.46,-0.006,0.010,-53.2,14,0.0000,0.00
16:34:14,22.26362442888333,84.90946417799385,-58.075,-6.765,0.46,-0.006,0.010,-52.8,14,0.0000,0.00
16:34:14,22.263624433571305,84.90946417481993,-58.076,-6.765,0.38,-0.006,0.010,-52.6,14,10.0005,0.00
16:34:14,22.263624438269595,84.90946417163903,-58.076,-6.764,0.38,-0.006,0.010,-52.5,14,0.0000,0.00
16:34:14,22.263624442952036,84.90946416846887,-58.076,-6.763,0.38,-0.006,0.010,-52.5,14,0.0000,0.00
16:34:14,22.263624447630274,84.90946416530154,-58.077,-6.763,0.38,-0.006,0.010,-52.1,14,0.0000,0.00
16:34:14,22.263624452300302,84.90946416213978,-58.077,-6.762,0.38,-0.006,0.010,-52.0,14,0.0000,0.00
16:34:14,22.263624456982125,84.90946415897004,-58.077,-6.762,0.38,-0.006,0.010,-51.7,14,0.0000,0.00
16:34:14,22.2636244616566,84.90946415580525,-58.078,-6.761,0.38,-0.006,0.010,-51.7,14,0.0000,0.00
16:34:14,22.26362446632014,84.90946415264789,-58.078,-6.761,0.38,-0.006,0.010,-51.6,14,0.0000,0.00
16:34:14,22.263624470990013,84.90946414948623,-58.078,-6.760,0.26,-0.006,0.010,-51.5,15,10.0005,0.00
16:34:14,22.263624475676263,84.90946414631348,-58.079,-6.760,0.26,-0.006,0.010,-51.3,15,10.0005,0.00
16:34:14,22.263624480352686,84.90946414314739,-58.079,-6.759,0.26,-0.006,0.010,-51.3,15,10.0005,0.00
16:34:14,22.263624485024284,84.90946413998456,-58.079,-6.759,0.26,-0.006,0.010,-51.3,15,0.0000,0.00
16:34:14,22.263624489704426,84.90946413681596,-58.080,-6.758,0.19,-0.006,0.010,-51.2,15,0.0000,0.00
16:34:14,22.263624494389568,84.90946413364395,-58.080,-6.758,0.19,-0.006,0.010,-51.1,15,10.0005,0.00
16:34:14,22.263624499073426,84.90946413047283,-58.080,-6.757,0.19,-0.006,0.010,-51.1,15,10.0005,0.00
16:34:14,22.26362450373739,84.90946412731518,-58.080,-6.757,0.19,-0.006,0.010,-51.1,15,0.0000,0.00
16:34:14,22.263624508417333,84.9094641241467,-58.081,-6.756,0.19,-0.006,0.010,-51.1,15,0.0000,0.00
16:34:14,22.263624513088953,84.90946412098386,-58.081,-6.756,0.19,-0.006,0.010,-51.2,15,0.0000,0.00
16:34:15,22.26362451776073,84.9094641178209,-58.081,-6.755,0.19,-0.006,0.010,-51.2,15,0.0000,0.00
16:34:15,22.263624522430334,84.90946411465943,-58.082,-6.755,0.19,-0.006,0.010,-51.2,15,10.0005,0.00
16:34:15,22.263624527101975,84.90946411149658,-58.082,-6.754,0.19,-0.006,0.010,-51.3,15,10.0005,0.00
16:34:15,22.263624531783044,84.90946410832733,-58.082,-6.754,0.13,-0.006,0.010,-51.5,15,10.0005,0.00
16:34:15,22.263624536464317,84.90946410515795,-58.083,-6.753,0.13,-0.006,0.010,-51.5,15,10.0005,0.00
16:34:15,22.26362454114364,84.9094641019899,-58.083,-6.753,0.13,-0.006,0.010,-51.5,15,0.0000,0.00
16:34:15,22.263624545829245,84.9094640988176,-58.083,-6.752,0.13,-0.006,0.010,-51.6,15,0.0000,0.00
16:34:15,22.26362455049943,84.90946409565572,-58.084,-6.752,0.12,-0.006,0.010,-51.6,15,0.0000,0.00
16:34:15,22.26362455516711,84.90946409249555,-58.084,-6.751,0.12,-0.006,0.010,-51.8,15,0.0000,0.00
16:34:15,22.263624559846587,84.90946408932739,-58.084,-6.750,0.12,-0.006,0.010,-51.9,15,0.0000,0.00
16:34:15,22.263624564516746,84.90946408616553,-58.085,-6.750,0.12,-0.006,0.010,-52.1,15,10.0005,0.00
16:34:15,22.26362456918978,84.90946408300174,-58.085,-6.749,0.12,-0.006,0.010,-52.1,15,0.0000,0.00
16:34:15,22.263624573870608,84.90946407983266,-58.085,-6.749,0.12,-0.006,0.010,-52.2,15,0.0000,0.00
16:34:15,22.26362457854389,84.9094640766687,-58.086,-6.748,0.12,-0.006,0.010,-52.3,15,0.0000,0.00
16:34:15,22.263624583225603,84.90946407349902,-58.086,-6.748,0.12,-0.006,0.010,-52.5,15,0.0000,0.00
16:34:15,22.263624587903575,84.90946407033188,-58.086,-6.747,0.14,-0.006,0.010,-52.5,15,0.0000,0.00
16:34:15,22.26362459258108,84.90946406716505,-58.087,-6.747,0.14,-0.006,0.010,-52.6,15,10.0005,0.00
16:34:15,22.263624597254207,84.90946406400118,-58.087,-6.746,0.14,-0.006,0.010,-52.7,15,0.0000,0.00
16:34:15,22.263624601931514,84.9094640608345,-58.087,-6.746,0.14,-0.006,0.010,-52.9,15,0.0000,0.00
16:34:15,22.263624606616744,84.90946405766243,-58.088,-6.745,0.13,-0.006,0.010,-53.1,17,0.0000,0.00
16:34:16,22.263624611287128,84.90946405450043,-58.088,-6.745,0.13,-0.006,0.010,-53.1,17,0.0000,0.00
16:34:16,22.263624615952704,84.90946405134169,-58.088,-6.744,0.13,-0.006,0.010,-53.2,17,0.0000,0.00
16:34:16,22.263624620625254,84.90946404817822,-58.089,-6.744,0.13,-0.006,0.010,-53.5,17,0.0000,0.00
16:34:16,22.26362462529922,84.90946404501379,-58.089,-6.743,0.13,-0.006,0.010,-53.6,17,0.0000,0.00
16:34:16,22.263624629969954,84.90946404185155,-58.089,-6.743,0.13,-0.006,0.010,-53.6,17,0.0000,0.00
16:34:16,22.263624634649055,84.90946403868364,-58.090,-6.742,0.13,-0.006,0.010,-53.8,17,0.0000,0.00
16:34:16,22.263624639324682,84.90946403551808,-58.090,-6.742,0.13,-0.006,0.010,-54.0,17,0.0000,0.00
16:34:16,22.263624643998273,84.90946403235391,-58.090,-6.741,0.13,-0.006,0.010,-54.3,17,0.0000,0.00
16:34:16,22.263624648666372,84.90946402919344,-58.091,-6.741,0.13,-0.006,0.010,-54.3,20,0.0000,0.00
16:34:16,22.263624653347023,84.9094640260245,-58.091,-6.740,0.13,-0.006,0.010,-54.5,20,0.0000,0.00
16:34:16,22.263624658025506,84.90946402285701,-58.091,-6.740,0.13,-0.006,0.010,-54.8,20,0.0000,0.00
16:34:16,22.263624662702945,84.90946401969022,-58.092,-6.739,0.13,-0.006,0.010,-54.8,20,0.0000,0.00
16:34:16,22.263624667375076,84.90946401652704,-58.092,-6.738,0.13,-0.006,0.010,-55.0,20,10.0005,0.00
16:34:16,22.263624672064356,84.90946401335223,-58.092,-6.738,0.13,-0.006,0.010,-55.3,20,0.0000,0.00
16:34:16,22.263624676750894,84.9094640101793,-58.093,-6.737,0.13,-0.006,0.010,-55.4,20,10.0005,0.00
16:34:16,22.263624681424925,84.90946400701482,-58.093,-6.737,0.13,-0.006,0.010,-55.4,20,0.0000,0.00
16:34:16,22.26362468610726,84.90946400384473,-58.093,-6.736,0.13,-0.006,0.010,-55.6,21,0.0000,0.00
16:34:16,22.263624690805106,84.90946400066413,-58.094,-6.736,0.13,-0.006,0.010,-55.7,21,10.0005,0.00
16:34:16,22.263624695480733,84.90946399749858,-58.094,-6.735,0.13,-0.006,0.010,-56.0,21,10.0005,0.00
16:34:16,22.26362470015731,84.90946399433238,-58.094,-6.735,0.13,-0.006,0.010,-56.0,21,0.0000,0.00
16:34:17,22.26362470482517,84.90946399117209,-58.095,-6.734,0.14,-0.006,0.010,-56.1,21,0.0000,0.00
16:34:17,22.263624709497872,84.90946398800851,-58.095,-6.734,0.14,-0.006,0.010,-56.4,21,0.0000,0.00
16:34:17,22.2636247141654,84.90946398484844,-58.095,-6.733,0.14,-0.006,0.010,-56.5,21,0.0000,0.00
16:34:17,22.263624718831775,84.90946398168916,-58.095,-6.733,0.14,-0.006,0.010,-56.5,21,10.0005,0.00
16:34:17,22.263624723504435,84.90946397852561,-58.096,-6.732,0.14,-0.006,0.010,-56.5,21,10.0005,0.00
16:34:17,22.263624728177092,84.90946397536206,-58.096,-6.732,0.14,-0.006,0.010,-56.7,21,10.0005,0.00
16:34:17,22.26362473284856,84.90946397219932,-58.096,-6.731,0.14,-0.006,0.010,-56.7,21,10.0005,0.00
16:34:17,22.263624737522193,84.90946396903512,-58.097,-6.731,0.14,-0.006,0.010,-56.8,21,10.0005,0.00
16:34:17,22.263624742194786,84.90946396587162,-58.097,-6.730,0.14,-0.006,0.010,-56.8,21,0.0000,0.00
16:34:17,22.263624746863442,84.90946396271079,-58.097,-6.730,0.14,-0.006,0.010,-56.9,23,0.0000,0.00
16:34:17,22.263624751530944,84.90946395955073,-58.098,-6.729,0.14,-0.006,0.010,-57.0,23,0.0000,0.00
16:34:17,22.263624756207943,84.90946395638424,-58.098,-6.729,0.14,-0.006,0.010,-57.0,23,0.0000,0.00
16:34:17,22.26362476087693,84.9094639532232,-58.098,-6.728,0.14,-0.006,0.010,-57.0,23,0.0000,0.00
16:34:17,22.263624765544254,84.90946395006326,-58.099,-6.728,0.13,-0.006,0.010,-57.0,23,0.0000,0.00
16:34:17,22.263624770222805,84.90946394689573,-58.099,-6.727,0.13,-0.006,0.010,-57.1,23,0.0000,0.00
16:34:17,22.2636247748869,84.90946394373798,-58.099,-6.727,0.13,-0.006,0.010,-57.1,23,0.0000,0.00
16:34:17,22.263624779547385,84.90946394058267,-58.100,-6.726,0.13,-0.006,0.010,-57.1,23,0.0000,0.00
16:34:17,22.263624784220088,84.90946393741909,-58.100,-6.725,0.13,-0.006,0.010,-57.1,25,0.0000,0.00
16:34:17,22.26362478888934,84.90946393425786,-58.100,-6.725,0.13,-0.006,0.010,-57.1,25,10.0005,0.00
16:34:18,22.26362479355709,84.90946393109763,-58.101,-6.724,0.13,-0.006,0.010,-57.1,25,0.0000,0.00
16:34:18,22.2636247982311,84.90946392793317,-58.101,-6.724,0.13,-0.006,0.010,-57.1,25,0.0000,0.00
16:34:18,22.263624802903912,84.90946392476953,-58.101,-6.723,0.13,-0.006,0.010,-57.1,25,0.0000,0.00
16:34:18,22.26362480756947,84.9094639216108,-58.102,-6.723,0.13,-0.006,0.010,-57.1,25,0.0000,0.00
16:34:18,22.26362481224162,84.90946391844759,-58.102,-6.722,0.13,-0.006,0.010,-57.1,25,0.0000,0.00
16:34:18,22.263624816901466,84.90946391529272,-58.102,-6.722,0.13,-0.006,0.010,-57.1,25,0.0000,0.00
16:34:18,22.26362482156512,84.90946391213528,-58.103,-6.721,0.13,-0.006,0.010,-57.2,25,0.0000,0.00
16:34:18,22.26362482623696,84.90946390897228,-58.103,-6.721,0.15,-0.006,0.010,-57.4,25,0.0000,0.00
16:34:18,22.263624830910462,84.90946390580817,-58.103,-6.720,0.15,-0.006,0.010,-57.4,25,10.0005,0.00
16:34:18,22.263624835576106,84.90946390264938,-58.104,-6.720,0.15,-0.006,0.010,-57.5,25,0.0000,0.00
16:34:18,22.263624840254852,84.90946389948171,-58.104,-6.719,0.15,-0.006,0.010,-57.9,25,0.0000,0.00
16:34:18,22.26362484493734,84.90946389631151,-58.104,-6.719,0.15,-0.006,0.010,-58.1,27,0.0000,0.00
16:34:18,22.26362485429207,84.90946388997804,-58.105,-6.718,0.15,-0.006,0.010,-58.5,27,0.0000,0.00
16:34:18,22.263624858968534,84.90946388681192,-58.105,-6.717,0.15,-0.006,0.010,-58.7,27,0.0000,0.00
16:34:18,22.2636248636479,84.90946388364384,-58.106,-6.717,0.18,-0.006,0.010,-58.8,27,0.0000,0.00
16:34:18,22.26362486832948,84.90946388047425,-58.106,-6.716,0.18,-0.006,0.010,-58.8,27,10.0005,0.00
16:34:18,22.26362487300701,84.90946387730742,-58.106,-6.716,0.18,-0.006,0.010,-59.0,27,10.0005,0.00
16:34:18,22.263624877690052,84.90946387413683,-58.107,-6.715,0.18,-0.006,0.010,-59.2,27,10.0005,0.00
16:34:18,22.263624882370856,84.90946387096778,-58.107,-6.715,0.18,-0.006,0.010,-59.3,25,0.0000,0.00
16:34:18,22.263624887045996,84.90946386780256,-58.107,-6.714,0.18,-0.006,0.010,-59.3,25,0.0000,0.00
16:34:19,22.263624891710133,84.90946386464478,-58.108,-6.714,0.18,-0.006,0.010,-59.4,25,10.0005,0.00
16:34:19,22.263624896389036,84.90946386147701,-58.108,-6.713,0.18,-0.006,0.010,-59.4,25,10.0005,0.00
16:34:19,22.263624901056737,84.90946385831681,-58.108,-6.712,0.18,-0.006,0.010,-59.4,25,0.0000,0.00
16:34:19,22.263624905742127,84.90946385514465,-58.109,-6.712,0.19,-0.006,0.010,-59.3,25,0.0000,0.00
16:34:19,22.263624910423285,84.90946385197536,-58.109,-6.711,0.19,-0.006,0.010,-59.3,25,0.0000,0.00
16:34:19,22.26362491509006,84.90946384881579,-58.109,-6.711,0.19,-0.006,0.010,-59.1,25,0.0000,0.00
16:34:19,22.263624919774095,84.90946384564455,-58.109,-6.710,0.19,-0.006,0.010,-58.9,25,10.0005,0.00
16:34:19,22.263624924454966,84.90946384247545,-58.110,-6.710,0.19,-0.006,0.010,-58.7,25,10.0005,0.00
16:34:19,22.263624929125214,84.90946383931353,-58.110,-6.709,0.19,-0.006,0.010,-58.7,25,10.0005,0.00
16:34:19,22.263624933800727,84.90946383614805,-58.110,-6.709,0.19,-0.006,0.010,-58.4,25,10.0005,0.00
16:34:19,22.263624938479033,84.90946383298069,-58.111,-6.708,0.19,-0.006,0.010,-58.2,25,0.0000,0.00
16:34:19,22.263624943162384,84.90946382980991,-58.111,-6.708,0.19,-0.006,0.010,-57.9,25,0.0000,0.00
16:34:19,22.26362494784213,84.90946382664156,-58.111,-6.707,0.19,-0.006,0.010,-57.9,25,0.0000,0.00
16:34:19,22.263624952513414,84.90946382347894,-58.112,-6.707,0.19,-0.006,0.010,-57.5,25,0.0000,0.00
16:34:19,22.263624957196853,84.9094638203081,-58.112,-6.706,0.19,-0.006,0.010,-57.2,25,0.0000,0.00
16:34:19,22.26362496187093,84.90946381714359,-58.112,-6.706,0.16,-0.006,0.010,-57.0,25,10.0005,0.00
16:34:19,22.26362496655601,84.90946381397164,-58.113,-6.705,0.16,-0.006,0.010,-57.0,25,0.0000,0.00
16:34:19,22.26362497123825,84.90946381080161,-58.113,-6.705,0.16,-0.006,0.010,-56.5,25,0.0000,0.00
16:34:19,22.26362497591098,84.90946380763802,-58.113,-6.704,0.16,-0.006,0.010,-56.2,25,0.0000,0.00
16:34:19,22.263624980588574,84.90946380447113,-58.114,-6.704,0.15,-0.006,0.010,-55.9,25,0.0000,0.00
16:34:20,22.263624985272035,84.90946380130028,-58.114,-6.703,0.15,-0.006,0.010,-55.9,25,0.0000,0.00
16:34:20,22.26362498993633,84.9094637981424,-58.114,-6.703,0.15,-0.006,0.010,-55.4,25,0.0000,0.00
16:34:20,22.26362499462205,84.90946379497001,-58.115,-6.702,0.15,-0.006,0.010,-55.2,25,0.0000,0.00
16:34:20,22.263624999300465,84.90946379180257,-58.115,-6.702,0.15,-0.006,0.010,-54.9,25,0.0000,0.00
16:34:20,22.26362500396637,84.90946378864359,-58.115,-6.701,0.15,-0.006,0.010,-54.9,25,0.0000,0.00
16:34:20,22.263625008635337,84.90946378548254,-58.116,-6.701,0.15,-0.006,0.010,-54.5,25,0.0000,0.00
16:34:20,22.263625013318066,84.90946378231219,-58.116,-6.700,0.15,-0.006,0.010,-54.3,25,0.0000,0.00
16:34:20,22.26362501799241,84.9094637791475,-58.116,-6.699,0.15,-0.006,0.010,-54.1,25,0.0000,0.00
16:34:20,22.263625022657898,84.90946377598881,-58.117,-6.699,0.13,-0.006,0.010,-54.1,26,0.0000,0.00
16:34:20,22.263625027322856,84.90946377283048,-58.117,-6.698,0.13,-0.006,0.010,-53.7,26,0.0000,0.00
16:34:20,22.26362503199368,84.90946376966818,-58.117,-6.698,0.13,-0.006,0.010,-53.6,26,0.0000,0.00
16:34:20,22.26362503667962,84.90946376649563,-58.118,-6.697,0.13,-0.006,0.010,-53.4,26,0.0000,0.00
16:34:20,22.2636250413525,84.90946376333194,-58.118,-6.697,0.13,-0.006,0.010,-53.4,26,0.0000,0.00
16:34:20,22.263625046030562,84.90946376016474,-58.118,-6.696,0.13,-0.006,0.010,-53.2,26,0.0000,0.00
16:34:20,22.26362505070982,84.90946375699673,-58.119,-6.696,0.13,-0.006,0.010,-53.1,26,0.0000,0.00
16:34:20,22.263625055384406,84.90946375383187,-58.119,-6.695,0.13,-0.006,0.010,-53.0,26,0.0000,0.00
16:34:20,22.26362506005567,84.90946375066927,-58.119,-6.695,0.13,-0.006,0.010,-53.0,26,0.0000,0.00
16:34:20,22.26362506472565,84.90946374750754,-58.120,-6.694,0.13,-0.006,0.010,-52.9,26,0.0000,0.00
16:34:20,22.263625069406192,84.90946374433867,-58.120,-6.694,0.13,-0.006,0.010,-52.9,26,10.0005,0.00
16:34:20,22.26362507408536,84.90946374117071,-58.120,-6.693,0.13,-0.006,0.010,-52.9,26,10.0005,0.00
16:34:21,22.263625078775704,84.9094637379952,-58.121,-6.693,0.13,-0.006,0.010,-52.9,26,10.0005,0.00
16:34:21,22.26362508344985,84.90946373483064,-58.121,-6.692,0.13,-0.006,0.010,-52.9,26,0.0000,0.00
16:34:21,22.2636250881272,84.90946373166392,-58.121,-6.692,0.13,-0.006,0.010,-52.9,26,0.0000,0.00
16:34:21,22.263625092809022,84.90946372849417,-58.122,-6.691,0.13,-0.006,0.010,-53.0,26,10.0005,0.00
16:34:21,22.263625097501226,84.9094637253174,-58.122,-6.691,0.13,-0.006,0.010,-53.1,26,10.0005,0.00
16:34:21,22.263625102181834,84.90946372214847,-58.122,-6.690,0.13,-0.006,0.010,-53.1,26,0.0000,0.00
16:34:21,22.26362510685932,84.90946371898166,-58.123,-6.690,0.13,-0.006,0.010,-53.1,26,0.0000,0.00
16:34:21,22.263625111534214,84.9094637158166,-58.123,-6.689,0.13,-0.006,0.010,-53.2,26,0.0000,0.00
16:34:21,22.26362511621161,84.90946371264984,-58.123,-6.689,0.13,-0.006,0.010,-53.4,26,0.0000,0.00
16:34:21,22.26362512088188,84.90946370948792,-58.124,-6.688,0.14,-0.006,0.010,-53.4,27,10.0005,0.00
16:34:21,22.26362512555961,84.90946370632093,-58.124,-6.687,0.14,-0.006,0.010,-53.5,27,10.0005,0.00
16:34:21,22.263625130234306,84.90946370315602,-58.124,-6.687,0.14,-0.006,0.010,-53.6,27,10.0005,0.00
16:34:21,22.263625134903293,84.90946369999496,-58.125,-6.686,0.14,-0.006,0.010,-53.9,27,10.0005,0.00
16:34:21,22.26362513957943,84.90946369682906,-58.125,-6.686,0.13,-0.006,0.010,-53.9,27,0.0000,0.00
16:34:21,22.263625144256093,84.9094636936628,-58.125,-6.685,0.13,-0.006,0.010,-54.0,27,0.0000,0.00
16:34:21,22.263625148935727,84.90946369049453,-58.125,-6.685,0.13,-0.006,0.010,-54.2,27,0.0000,0.00
16:34:21,22.263625153613898,84.90946368732726,-58.126,-6.684,0.13,-0.006,0.010,-54.2,27,0.0000,0.00
16:34:21,22.263625158283304,84.90946368416591,-58.126,-6.684,0.13,-0.006,0.010,-54.5,27,0.0000,0.00
16:34:21,22.2636251629615,84.90946368099863,-58.126,-6.683,0.13,-0.006,0.010,-54.7,27,10.0005,0.00
16:34:22,22.26362516764631,84.90946367782685,-58.127,-6.683,0.13,-0.006,0.010,-54.7,27,0.0000,0.00
16:34:22,22.263625172323994,84.9094636746599,-58.127,-6.682,0.13,-0.006,0.010,-55.0,27,0.0000,0.00
16:34:22,22.26362517699238,84.90946367149925,-58.127,-6.682,0.14,-0.006,0.010,-55.1,27,0.0000,0.00
16:34:22,22.26362518166356,84.90946366833671,-58.128,-6.681,0.14,-0.006,0.010,-55.4,27,0.0000,0.00
16:34:22,22.263625186331772,84.90946366517618,-58.128,-6.681,0.14,-0.006,0.010,-55.4,27,0.0000,0.00
16:34:22,22.2636251910012,84.90946366201482,-58.128,-6.680,0.14,-0.006,0.010,-55.6,27,0.0000,0.00
16:34:22,22.26362519568225,84.9094636588456,-58.129,-6.680,0.14,-0.006,0.010,-55.7,27,0.0000,0.00
16:34:22,22.26362520036405,84.90946365567586,-58.129,-6.679,0.13,-0.006,0.010,-55.9,27,0.0000,0.00
16:34:22,22.263625205042775,84.90946365250821,-58.129,-6.679,0.13,-0.006,0.010,-56.0,27,0.0000,0.00
16:34:22,22.26362520971736,84.90946364934335,-58.130,-6.678,0.13,-0.006,0.010,-56.0,27,0.0000,0.00
16:34:22,22.263625214388338,84.90946364618095,-58.130,-6.678,0.13,-0.006,0.010,-56.1,27,0.0000,0.00
16:34:22,22.26362521906733,84.90946364301313,-58.130,-6.677,0.13,-0.006,0.010,-56.3,27,0.0000,0.00
16:34:22,22.26362522374238,84.90946363984796,-58.131,-6.677,0.13,-0.006,0.010,-56.3,27,0.0000,0.00
16:34:22,22.263625228415926,84.90946363668381,-58.131,-6.676,0.13,-0.006,0.010,-56.3,27,10.0005,0.00
16:34:22,22.26362523309317,84.90946363351716,-58.131,-6.676,0.13,-0.006,0.010,-56.4,27,0.0000,0.00
16:34:22,22.26362523776773,84.90946363035233,-58.132,-6.675,0.13,-0.006,0.010,-56.5,27,0.0000,0.00
16:34:22,22.263625242447517,84.90946362718395,-58.132,-6.674,0.13,-0.006,0.010,-56.5,27,0.0000,0.00
16:34:22,22.263625247122015,84.90946362401917,-58.132,-6.674,0.13,-0.006,0.010,-56.6,27,0.0000,0.00
16:34:22,22.263625251803617,84.90946362084956,-58.133,-6.673,0.13,-0.006,0.010,-56.6,27,0.0000,0.00
16:34:22,22.263625256479553,84.9094636176838,-58.133,-6.673,0.13,-0.006,0.010,-56.8,27,0.0000,0.00
16:34:23,22.2636252611504,84.90946361452148,-58.133,-6.672,0.13,-0.006,0.010,-56.8,27,0.0000,0.00
16:34:23,22.26362526582297,84.909463611358,-58.134,-6.672,0.13,-0.006,0.010,-56.8,27,10.0005,0.00
16:34:23,22.263625270500942,84.90946360819086,-58.134,-6.671,0.13,-0.006,0.010,-56.9,27,0.0000,0.00
16:34:23,22.263625275174025,84.90946360502703,-58.134,-6.671,0.13,-0.006,0.010,-56.9,27,10.0005,0.00
16:34:23,22.263625279844803,84.90946360186476,-58.135,-6.670,0.13,-0.006,0.010,-56.9,27,0.0000,0.00
16:34:23,22.263625284519147,84.90946359870007,-58.135,-6.670,0.13,-0.006,0.010,-57.0,27,0.0000,0.00
16:34:23,22.26362528918813,84.90946359553901,-58.135,-6.669,0.13,-0.006,0.010,-57.0,27,10.0005,0.00
16:34:23,22.263625293866415,84.90946359237167,-58.136,-6.669,0.13,-0.006,0.010,-57.0,27,10.0005,0.00
16:34:23,22.2636252985298,84.9094635892144,-58.136,-6.668,0.13,-0.006,0.010,-57.1,27,0.0000,0.00
16:34:23,22.263625303208947,84.90946358604646,-58.136,-6.668,0.13,-0.006,0.010,-57.1,27,0.0000,0.00
16:34:23,22.26362530788537,84.90946358288036,-58.137,-6.667,0.13,-0.006,0.010,-57.1,27,0.0000,0.00
16:34:23,22.263625312557497,84.90946357971718,-58.137,-6.667,0.13,-0.006,0.010,-57.1,27,0.0000,0.00
16:34:23,22.263625317221106,84.90946357655976,-58.137,-6.666,0.13,-0.006,0.010,-57.1,27,10.0005,0.00
16:34:23,22.26362532190116,84.9094635733912,-58.138,-6.666,0.13,-0.006,0.010,-57.1,27,10.0005,0.00
16:34:23,22.263625326575323,84.90946357022665,-58.138,-6.665,0.13,-0.006,0.010,-57.0,27,10.0005,0.00
16:34:23,22.26362533124668,84.90946356706398,-58.138,-6.665,0.13,-0.006,0.010,-57.0,27,10.0005,0.00
16:34:23,22.263625335911414,84.9094635639058,-58.139,-6.664,0.14,-0.006,0.010,-57.0,27,0.0000,0.00
16:34:23,22.263625340604527,84.90946356072841,-58.139,-6.664,0.14,-0.006,0.010,-57.0,27,0.0000,0.00
16:34:23,22.263625345283714,84.90946355756044,-58.139,-6.663,0.14,-0.006,0.010,-56.8,27,0.0000,0.00
16:34:23,22.263625349959497,84.90946355439479,-58.140,-6.663,0.14,-0.006,0.010,-56.8,27,0.0000,0.00
16:34:24,22.26362535462846,84.90946355123374,-58.140,-6.662,0.14,-0.006,0.010,-56.8,27,0.0000,0.00
16:34:24,22.26362535930163,84.90946354806985,-58.140,-6.661,0.13,-0.006,0.010,-56.7,27,0.0000,0.00
16:34:24,22.263625363982282,84.9094635449009,-58.140,-6.661,0.13,-0.006,0.010,-56.6,27,10.0005,0.00
16:34:24,22.263625368652153,84.90946354173924,-58.141,-6.660,0.13,-0.006,0.010,-56.6,27,0.0000,0.00
16:34:24,22.26362537332461,84.90946353857584,-58.141,-6.660,0.13,-0.006,0.010,-56.5,27,0.0000,0.00
16:34:24,22.263625378004487,84.9094635354074,-58.141,-6.659,0.13,-0.006,0.010,-56.4,27,0.0000,0.00
16:34:24,22.263625382685802,84.909463532238,-58.142,-6.659,0.13,-0.006,0.010,-56.4,27,0.0000,0.00
16:34:24,22.26362538736466,84.90946352907025,-58.142,-6.658,0.13,-0.006,0.010,-56.4,27,10.0005,0.00
16:34:24,22.26362539203305,84.9094635259096,-58.142,-6.658,0.13,-0.006,0.010,-56.3,27,0.0000,0.00
16:34:24,22.26362539671775,84.90946352273791,-58.143,-6.657,0.13,-0.006,0.010,-56.2,27,0.0000,0.00
16:34:24,22.263625401398933,84.90946351956859,-58.143,-6.657,0.13,-0.006,0.010,-56.1,27,0.0000,0.00
16:34:24,22.263625406070883,84.90946351640552,-58.143,-6.656,0.13,-0.006,0.010,-56.1,27,0.0000,0.00
16:34:24,22.26362541074434,84.90946351324143,-58.144,-6.656,0.13,-0.006,0.010,-56.0,27,0.0000,0.00
16:34:24,22.263625415417287,84.9094635100777,-58.144,-6.655,0.13,-0.006,0.010,-55.9,27,0.0000,0.00
16:34:24,22.263625420102212,84.90946350690585,-58.144,-6.655,0.13,-0.006,0.010,-55.9,27,0.0000,0.00
16:34:24,22.26362542477166,84.90946350374448,-58.145,-6.654,0.13,-0.006,0.010,-55.9,27,0.0000,0.00
16:34:24,22.26362542944972,84.90946350057727,-58.145,-6.654,0.13,-0.006,0.010,-55.8,27,10.0005,0.00
16:34:24,22.263625434123956,84.90946349741266,-58.145,-6.653,0.13,-0.006,0.010,-55.7,27,0.0000,0.00
16:34:24,22.26362543879929,84.9094634942473,-58.146,-6.653,0.13,-0.006,0.010,-55.7,27,0.0000,0.00
16:34:25,22.263625443471664,84.90946349108395,-58.146,-6.652,0.13,-0.006,0.010,-55.7,27,0.0000,0.00
16:34:25,22.26362544813514,84.90946348792663,-58.146,-6.652,0.13,-0.006,0.010,-55.6,27,0.0000,0.00
16:34:25,22.26362545280448,84.90946348476533,-58.147,-6.651,0.13,-0.006,0.010,-55.5,27,0.0000,0.00
16:34:25,22.263625457478955,84.90946348160055,-58.147,-6.651,0.13,-0.006,0.010,-55.5,27,0.0000,0.00
16:34:25,22.26362546215073,84.90946347843762,-58.147,-6.650,0.13,-0.006,0.010,-55.5,27,0.0000,0.00
16:34:25,22.263625466811217,84.90946347528231,-58.148,-6.649,0.13,-0.006,0.010,-55.5,27,10.0005,0.00
16:34:25,22.2636254714783,84.90946347212254,-58.148,-6.649,0.13,-0.006,0.010,-55.5,27,10.0005,0.00
16:34:25,22.263625476161874,84.9094634689516,-58.148,-6.648,0.13,-0.006,0.010,-55.4,27,10.0005,0.00
16:34:25,22.263625480850624,84.90946346577716,-58.149,-6.648,0.13,-0.006,0.010,-55.4,27,0.0000,0.00
16:34:25,22.263625485587845,84.9094634625699,-58.149,-6.647,0.13,-0.006,0.010,-55.4,27,0.0000,0.00
16:34:25,22.263625490277107,84.90946345939513,-58.149,-6.647,0.13,-0.006,0.010,-55.4,27,10.0005,0.00
16:34:25,22.26362549502369,84.90946345618153,-58.150,-6.646,0.13,-0.006,0.010,-55.4,27,10.0005,0.00
16:34:25,22.263625499710624,84.90946345300831,-58.150,-6.646,0.13,-0.006,0.010,-55.4,27,10.0005,0.00
16:34:25,22.263625504387736,84.90946344984175,-58.150,-6.645,0.13,-0.006,0.010,-55.4,27,0.0000,0.00
16:34:25,22.263625509143083,84.90946344662223,-58.151,-6.645,0.13,-0.006,0.010,-55.4,27,0.0000,0.00
16:34:25,22.263625513817825,84.90946344345727,-58.151,-6.644,0.13,-0.006,0.010,-55.4,27,0.0000,0.00
16:34:25,22.263625518496216,84.90946344028985,-58.151,-6.644,0.13,-0.006,0.010,-55.4,27,10.0005,0.00
16:34:25,22.26362552787582,84.90946343393955,-58.152,-6.643,0.13,-0.006,0.010,-55.5,27,10.0005,0.00
16:34:25,22.26362553255271,84.90946343077314,-58.152,-6.642,0.13,-0.006,0.010,-55.5,27,10.0005,0.00
16:34:26,22.263625537229842,84.90946342760657,-58.153,-6.642,0.14,-0.006,0.010,-55.5,27,10.0005,0.00
16:34:26,22.263625541908233,84.90946342443914,-58.153,-6.641,0.14,-0.006,0.010,-55.5,27,0.0000,0.00
16:34:26,22.26362554658853,84.90946342127042,-58.153,-6.641,0.14,-0.006,0.010,-55.6,27,0.0000,0.00
16:34:26,22.263625551264088,84.90946341810492,-58.154,-6.640,0.14,-0.006,0.010,-55.6,27,0.0000,0.00
16:34:26,22.263625555931835,84.9094634149447,-58.154,-6.640,0.14,-0.006,0.010,-55.6,27,0.0000,0.00
16:34:26,22.26362556060627,84.90946341177995,-58.154,-6.639,0.14,-0.006,0.010,-55.7,27,0.0000,0.00
16:34:26,22.263625565278375,84.90946340861677,-58.155,-6.639,0.14,-0.006,0.010,-55.7,27,10.0005,0.00
16:34:26,22.26362556995161,84.90946340545284,-58.155,-6.638,0.14,-0.006,0.010,-55.7,27,0.0000,0.00
16:34:26,22.263625574623962,84.9094634022895,-58.155,-6.637,0.14,-0.006,0.010,-55.8,27,0.0000,0.00
16:34:26,22.26362557953404,84.90946339896522,-58.156,-6.637,0.13,-0.006,0.010,-55.8,27,0.0000,0.00
16:34:26,22.26362558423729,84.90946339578096,-58.156,-6.636,0.13,-0.006,0.010,-55.9,27,0.0000,0.00
16:34:26,22.263625588930886,84.90946339260324,-58.156,-6.636,0.13,-0.006,0.010,-55.9,27,10.0005,0.00
16:34:26,22.263625593607422,84.90946338943708,-58.156,-6.635,0.13,-0.006,0.010,-55.9,27,0.0000,0.00
16:34:26,22.263625598278267,84.90946338627477,-58.157,-6.635,0.13,-0.006,0.010,-56.0,27,0.0000,0.00
16:34:26,22.263625602955198,84.90946338310832,-58.157,-6.634,0.13,-0.006,0.010,-56.0,27,0.0000,0.00
16:34:26,22.263625607620465,84.90946337994978,-58.157,-6.634,0.13,-0.006,0.010,-56.0,27,0.0000,0.00
16:34:26,22.263625612310477,84.90946337677448,-58.158,-6.633,0.13,-0.006,0.010,-56.1,27,0.0000,0.00
16:34:26,22.263625616984843,84.90946337360978,-58.158,-6.633,0.13,-0.006,0.010,-56.2,27,0.0000,0.00
16:34:26,22.263625621657127,84.9094633704465,-58.158,-6.632,0.13,-0.006,0.010,-56.2,27,0.0000,0.00
16:34:26,22.263625626324387,84.9094633672866,-58.159,-6.632,0.13,-0.006,0.010,-56.3,27,0.0000,0.00
16:34:26,22.263625630992774,84.90946336412595,-58.159,-6.631,0.13,-0.006,0.010,-56.3,27,10.0005,0.00
16:34:27,22.263625635669797,84.90946336095946,-58.159,-6.631,0.13,-0.006,0.010,-56.4,27,0.0000,0.00
16:34:27,22.263625640342834,84.90946335779566,-58.160,-6.630,0.13,-0.006,0.010,-56.4,27,0.0000,0.00
16:34:27,22.263625645019875,84.90946335462914,-58.160,-6.630,0.13,-0.006,0.010,-56.4,27,0.0000,0.00
16:34:27,22.26362564969196,84.90946335146599,-58.160,-6.629,0.13,-0.006,0.010,-56.6,27,0.0000,0.00
16:34:27,22.26362565436765,84.90946334830039,-58.161,-6.629,0.13,-0.006,0.010,-56.7,27,0.0000,0.00
16:34:27,22.26362565903779,84.90946334513855,-58.161,-6.628,0.13,-0.006,0.010,-56.7,27,0.0000,0.00
16:34:27,22.263625663710826,84.90946334197476,-58.161,-6.628,0.13,-0.006,0.010,-56.7,27,0.0000,0.00
16:34:27,22.263625668379966,84.9094633388136,-58.162,-6.627,0.13,-0.006,0.010,-56.9,27,10.0005,0.00
16:34:27,22.263625673046874,84.90946333565394,-58.162,-6.627,0.13,-0.006,0.010,-57.0,27,0.0000,0.00
16:34:27,22.263625677716014,84.90946333249278,-58.162,-6.626,0.13,-0.006,0.010,-57.1,27,10.0005,0.00
16:34:27,22.26362568240034,84.90946332932133,-58.163,-6.625,0.13,-0.006,0.010,-57.1,27,0.0000,0.00
16:34:27,22.263625687070167,84.90946332615971,-58.163,-6.625,0.13,-0.006,0.010,-57.3,27,0.0000,0.00
16:34:27,22.26362569174803,84.90946332299264,-58.163,-6.624,0.13,-0.006,0.010,-57.4,27,10.0005,0.00
16:34:27,22.26362569641885,84.90946331983034,-58.164,-6.624,0.13,-0.006,0.010,-57.5,27,10.0005,0.00
16:34:27,22.26362570108901,84.90946331666848,-58.164,-6.623,0.13,-0.006,0.010,-57.5,27,0.0000,0.00
16:34:27,22.263625705765122,84.9094633135026,-58.164,-6.623,0.13,-0.006,0.010,-57.7,27,0.0000,0.00
16:34:27,22.26362571044334,84.9094633103353,-58.165,-6.622,0.13,-0.006,0.010,-57.8,27,0.0000,0.00
16:34:27,22.26362571511414,84.90946330717301,-58.165,-6.622,0.13,-0.006,0.010,-57.8,27,0.0000,0.00
16:34:27,22.26362571978359,84.90946330401164,-58.165,-6.621,0.13,-0.006,0.010,-57.8,27,10.0005,0.00
16:34:28,22.26362572445251,84.90946330085062,-58.166,-6.621,0.13,-0.006,0.010,-57.9,27,10.0005,0.00
16:34:28,22.26362572912641,84.90946329768623,-58.166,-6.620,0.13,-0.006,0.010,-58.0,27,10.0005,0.00
16:34:28,22.263625733794445,84.90946329452582,-58.166,-6.620,0.13,-0.006,0.010,-58.0,27,10.0005,0.00
16:34:28,22.26362573846115,84.90946329136631,-58.167,-6.619,0.13,-0.006,0.010,-58.0,27,0.0000,0.00
16:34:28,22.263625743129694,84.90946328820554,-58.167,-6.619,0.13,-0.006,0.010,-58.0,27,0.0000,0.00
16:34:28,22.263625747804102,84.90946328504081,-58.167,-6.618,0.13,-0.006,0.010,-58.1,27,0.0000,0.00
16:34:28,22.263625752480483,84.90946328187475,-58.168,-6.618,0.13,-0.006,0.010,-58.0,27,0.0000,0.00
16:34:28,22.263625757167464,84.90946327870151,-58.168,-6.617,0.13,-0.006,0.010,-58.0,27,0.0000,0.00
16:34:28,22.263625761849685,84.9094632755315,-58.168,-6.617,0.13,-0.006,0.010,-58.0,27,0.0000,0.00
16:34:28,22.263625766532527,84.90946327236105,-58.169,-6.616,0.13,-0.006,0.010,-58.0,27,0.0000,0.00
16:34:28,22.263625771212002,84.9094632691929,-58.169,-6.616,0.13,-0.006,0.010,-58.0,27,0.0000,0.00
16:34:28,22.263625775912086,84.90946326601079,-58.169,-6.615,0.13,-0.006,0.010,-58.0,27,0.0000,0.00
16:34:28,22.263625780587493,84.90946326284538,-58.170,-6.615,0.13,-0.006,0.010,-57.9,27,0.0000,0.00
16:34:28,22.263625785256963,84.90946325968399,-58.170,-6.614,0.13,-0.006,0.010,-57.9,27,0.0000,0.00
16:34:28,22.26362578993186,84.90946325651893,-58.170,-6.614,0.13,-0.006,0.010,-57.8,27,0.0000,0.00
16:34:28,22.26362579461271,84.90946325334984,-58.171,-6.613,0.13,-0.006,0.010,-57.8,27,0.0000,0.00
16:34:28,22.263625799286146,84.90946325018577,-58.171,-6.612,0.13,-0.006,0.010,-57.8,27,0.0000,0.00
16:34:28,22.2636258039683,84.9094632470158,-58.171,-6.612,0.13,-0.006,0.010,-57.8,27,0.0000,0.00
16:34:28,22.263625808641844,84.90946324385165,-58.171,-6.611,0.13,-0.006,0.010,-57.8,27,0.0000,0.00
16:34:28,22.263625813337633,84.90946324067245,-58.172,-6.611,0.13,-0.006,0.010,-57.7,27,0.0000,0.00
16:34:29,22.26362581802517,84.90946323749883,-58.172,-6.610,0.13,-0.006,0.010,-57.6,27,0.0000,0.00
16:34:29,22.263625822715227,84.90946323432351,-58.172,-6.610,0.13,-0.006,0.010,-57.6,27,0.0000,0.00
16:34:29,22.263625827390452,84.90946323115823,-58.173,-6.609,0.13,-0.006,0.010,-57.6,27,0.0000,0.00
16:34:29,22.26362583205147,84.90946322800256,-58.173,-6.609,0.13,-0.006,0.010,-57.5,27,0.0000,0.00
16:34:29,22.263625836723644,84.90946322483934,-58.173,-6.608,0.13,-0.006,0.010,-57.4,27,0.0000,0.00
16:34:29,22.263625841399026,84.90946322167396,-58.174,-6.608,0.13,-0.006,0.010,-57.3,27,0.0000,0.00
16:34:29,22.263625846070383,84.90946321851129,-58.174,-6.607,0.13,-0.006,0.010,-57.3,27,0.0000,0.00
16:34:29,22.26362585074242,84.90946321534817,-58.174,-6.607,0.13,-0.006,0.010,-57.2,27,0.0000,0.00
16:34:29,22.26362585542706,84.90946321217652,-58.175,-6.606,0.13,-0.006,0.010,-57.2,27,0.0000,0.00
16:34:29,22.26362586010917,84.90946320900657,-58.175,-6.606,0.13,-0.006,0.010,-57.0,27,0.0000,0.00
16:34:29,22.263625864793603,84.90946320583505,-58.175,-6.605,0.13,-0.006,0.010,-57.0,27,0.0000,0.00
16:34:29,22.263625869464203,84.9094632026729,-58.176,-6.605,0.13,-0.006,0.010,-57.0,27,10.0005,0.00
16:34:29,22.263625874149238,84.90946319950098,-58.176,-6.604,0.13,-0.006,0.010,-56.9,27,0.0000,0.00
16:34:29,22.26362587883593,84.90946319632793,-58.176,-6.604,0.13,-0.006,0.010,-56.8,27,10.0005,0.00
16:34:29,22.263625883517022,84.90946319315867,-58.177,-6.603,0.13,-0.006,0.010,-56.8,27,0.0000,0.00
16:34:29,22.263625888189594,84.9094631899952,-58.177,-6.603,0.13,-0.006,0.010,-56.8,27,10.0005,0.00
16:34:29,22.263625892867147,84.90946318682833,-58.177,-6.602,0.14,-0.006,0.010,-56.7,27,10.0005,0.00
16:34:29,22.263625897539164,84.90946318366522,-58.178,-6.602,0.14,-0.006,0.010,-56.6,27,10.0005,0.00
16:34:29,22.263625902219992,84.90946318049615,-58.178,-6.601,0.14,-0.006,0.010,-56.6,27,0.0000,0.00
16:34:29,22.26362590688889,84.90946317733516,-58.178,-6.601,0.14,-0.006,0.010,-56.6,27,0.0000,0.00
16:34:30,22.263625911570845,84.90946317416531,-58.179,-6.600,0.13,-0.006,0.010,-56.5,27,0.0000,0.00
16:34:30,22.263625916246827,84.90946317099952,-58.179,-6.599,0.13,-0.006,0.010,-56.4,27,0.0000,0.00
16:34:30,22.263625920912272,84.90946316784085,-58.179,-6.599,0.13,-0.006,0.010,-56.4,27,10.0005,0.00
16:34:30,22.26362592558792,84.90946316467529,-58.180,-6.598,0.13,-0.006,0.010,-56.4,27,10.0005,0.00
16:34:30,22.263625930254317,84.90946316151599,-58.180,-6.598,0.13,-0.006,0.010,-56.4,27,10.0005,0.00
16:34:30,22.263625934923656,84.90946315835468,-58.180,-6.597,0.13,-0.006,0.010,-56.3,27,10.0005,0.00
16:34:30,22.263625939596338,84.90946315519112,-58.181,-6.597,0.13,-0.006,0.010,-56.3,27,0.0000,0.00
16:34:30,22.263625944276924,84.90946315202221,-58.181,-6.596,0.13,-0.006,0.010,-56.2,27,0.0000,0.00
16:34:30,22.26362594894697,84.90946314886044,-58.181,-6.596,0.13,-0.006,0.010,-56.2,27,0.0000,0.00
16:34:30,22.263625953614476,84.90946314570039,-58.182,-6.595,0.14,-0.006,0.010,-56.1,27,0.0000,0.00
16:34:30,22.263625958297162,84.90946314253004,-58.182,-6.595,0.14,-0.006,0.010,-56.1,27,0.0000,0.00
16:34:30,22.26362596296369,84.90946313937066,-58.182,-6.594,0.14,-0.006,0.010,-56.1,27,10.0005,0.00
16:34:30,22.2636259676323,84.90946313620985,-58.183,-6.594,0.14,-0.006,0.010,-56.0,27,0.0000,0.00
16:34:30,22.26362597230631,84.90946313304539,-58.183,-6.593,0.13,-0.006,0.010,-56.0,27,0.0000,0.00
16:34:30,22.263625976979903,84.90946312988122,-58.183,-6.593,0.13,-0.006,0.010,-55.9,27,0.0000,0.00
16:34:30,22.26362598165475,84.90946312671619,-58.184,-6.592,0.13,-0.006,0.010,-55.9,27,0.0000,0.00
16:34:30,22.263625986330425,84.90946312355061,-58.184,-6.592,0.13,-0.006,0.010,-55.9,27,0.0000,0.00
16:34:30,22.263625991000207,84.909463120389,-58.184,-6.591,0.13,-0.006,0.010,-55.8,27,0.0000,0.00
16:34:30,22.263625995674705,84.90946311722422,-58.185,-6.591,0.13,-0.006,0.010,-55.8,27,0.0000,0.00
16:34:31,22.26362600034535,84.90946311406204,-58.185,-6.590,0.13,-0.006,0.010,-55.7,27,0.0000,0.00
16:34:31,22.26362600502505,84.90946311089373,-58.185,-6.590,0.13,-0.006,0.010,-55.6,27,0.0000,0.00
16:34:31,22.26362600970488,84.90946310772532,-58.186,-6.589,0.14,-0.006,0.010,-55.6,27,0.0000,0.00
16:34:31,22.263626014381988,84.90946310455877,-58.186,-6.589,0.14,-0.006,0.010,-55.6,27,0.0000,0.00
16:34:31,22.263626019050246,84.9094631013982,-58.186,-6.588,0.14,-0.006,0.010,-55.6,27,0.0000,0.00
16:34:31,22.26362602373366,84.90946309822738,-58.186,-6.588,0.14,-0.006,0.010,-55.6,27,0.0000,0.00
16:34:31,22.263626028408094,84.90946309506263,-58.187,-6.587,0.14,-0.006,0.010,-55.6,27,10.0005,0.00
16:34:31,22.263626033085842,84.90946309189563,-58.187,-6.586,0.14,-0.006,0.010,-55.6,27,0.0000,0.00
16:34:31,22.26362603776262,84.9094630887293,-58.187,-6.586,0.14,-0.006,0.010,-55.6,27,0.0000,0.00
16:34:31,22.263626042442827,84.90946308556065,-58.188,-6.585,0.14,-0.006,0.010,-55.7,27,0.0000,0.00
16:34:31,22.263626047123765,84.9094630823915,-58.188,-6.585,0.14,-0.006,0.010,-55.7,27,0.0000,0.00
16:34:31,22.263626051804174,84.9094630792227,-58.188,-6.584,0.14,-0.006,0.010,-55.7,27,0.0000,0.00
16:34:31,22.26362605647911,84.90946307605762,-58.189,-6.584,0.14,-0.006,0.010,-55.7,27,0.0000,0.00
16:34:31,22.263626061154298,84.90946307289236,-58.189,-6.583,0.14,-0.006,0.010,-55.8,27,0.0000,0.00
16:34:31,22.263636819010912,84.90947298305508,-57.168,-5.386,0.14,0.059,0.087,-55.8,27,0.0052,0.00
16:34:31,22.263636858608216,84.90947301205833,-57.165,-5.381,0.12,0.059,0.087,-55.8,27,10.0005,0.00
16:34:31,22.263636898151717,84.90947304102217,-57.162,-5.377,0.12,0.059,0.087,-55.9,27,10.0005,0.00
16:34:31,22.263636937622735,84.90947306993291,-57.159,-5.373,0.12,0.059,0.087,-55.9,27,0.0000,0.00
16:34:31,22.26363697704444,84.90947309880754,-57.156,-5.368,0.12,0.059,0.087,-55.9,27,0.0000,0.00
16:34:32,22.263637016441297,84.90947312766396,-57.153,-5.364,0.12,0.059,0.087,-55.9,27,10.0005,0.00
16:34:32,22.263637055916053,84.90947315657743,-57.150,-5.359,0.12,0.059,0.087,-56.0,27,10.0005,0.00
16:34:32,22.26363709537885,84.90947318548217,-57.147,-5.355,0.12,0.059,0.087,-56.1,27,10.0005,0.00
16:34:32,22.2636371348396,84.90947321438539,-57.144,-5.351,0.12,0.059,0.087,-56.1,27,0.0000,0.00
16:34:32,22.263637174337145,84.90947324331556,-57.141,-5.346,0.12,0.059,0.087,-56.2,27,0.0000,0.00
16:34:32,22.263637213735496,84.90947327217309,-57.138,-5.342,0.14,0.059,0.087,-56.5,27,0.0000,0.00
16:34:32,22.263637253182793,84.90947330106646,-57.135,-5.337,0.14,0.059,0.087,-56.7,27,10.0005,0.00
16:34:32,22.263637292664832,84.90947332998527,-57.132,-5.333,0.14,0.059,0.087,-56.7,27,10.0005,0.00
16:34:32,22.263637332142203,84.90947335890067,-57.129,-5.329,0.14,0.059,0.087,-57.0,27,10.0005,0.00
16:34:32,22.263637371645356,84.90947338783495,-57.126,-5.324,0.14,0.059,0.087,-57.5,27,10.0005,0.00
16:34:32,22.26363741112534,84.90947341675226,-57.123,-5.320,0.14,0.059,0.087,-57.8,27,10.0005,0.00
16:34:32,22.263637450545364,84.90947344562565,-57.120,-5.315,0.14,0.059,0.087,-57.8,27,0.0000,0.00
16:34:32,22.263637489990977,84.9094734745178,-57.118,-5.311,0.14,0.059,0.087,-58.0,27,0.0000,0.00
16:34:32,22.263637529363734,84.90947350335657,-57.115,-5.307,0.14,0.059,0.087,-58.5,27,0.0000,0.00
16:34:32,22.263637568794778,84.90947353223804,-57.112,-5.302,0.14,0.059,0.087,-58.7,27,0.0000,0.00
16:34:32,22.263637608273083,84.90947356115412,-57.109,-5.298,0.14,0.059,0.087,-58.7,27,0.0000,0.00
16:34:32,22.26363764778595,84.90947359009552,-57.106,-5.294,0.14,0.059,0.087,-58.9,27,10.0005,0.00
16:34:32,22.26363768721718,84.90947361897712,-57.103,-5.289,0.18,0.059,0.087,-59.2,27,0.0000,0.00
16:34:32,22.263637766295773,84.90947367689863,-57.097,-5.280,0.18,0.059,0.087,-59.4,27,0.0000,0.00
16:34:32,22.263637805840208,84.90947370586315,-57.094,-5.276,0.18,0.059,0.087,-59.6,27,0.0000,0.00
16:34:33,22.263637845475994,84.90947373489458,-57.091,-5.272,0.18,0.059,0.087,-59.7,27,0.0000,0.00
16:34:33,22.263637884924222,84.90947376378863,-57.088,-5.267,0.21,0.059,0.087,-59.8,27,0.0000,0.00
16:34:33,22.263637924541698,84.90947379280665,-57.085,-5.263,0.21,0.059,0.087,-59.8,27,0.0000,0.00
16:34:33,22.263637963928655,84.90947382165582,-57.082,-5.258,0.21,0.059,0.087,-59.9,27,0.0000,0.00
16:34:33,22.263638003516057,84.9094738506518,-57.079,-5.254,0.21,0.059,0.087,-59.9,27,0.0000,0.00
16:34:33,22.263638042964658,84.90947387954614,-57.076,-5.250,0.21,0.059,0.087,-59.9,27,0.0000,0.00
16:34:33,22.263638082490413,84.90947390849698,-57.073,-5.245,0.21,0.059,0.087,-59.9,27,0.0000,0.00
16:34:33,22.26363812197264,84.90947393741592,-57.070,-5.241,0.21,0.059,0.087,-59.9,27,0.0000,0.00
16:34:33,22.26363816156826,84.90947396641793,-57.067,-5.236,0.21,0.059,0.087,-59.9,27,0.0000,0.00
16:34:33,22.263638201038532,84.90947399532814,-57.064,-5.232,0.19,0.059,0.087,-59.9,27,0.0000,0.00
16:34:33,22.263638240566717,84.90947402428075,-57.061,-5.228,0.19,0.059,0.087,-59.8,27,0.0000,0.00
16:34:33,22.263638280047825,84.90947405319889,-57.058,-5.223,0.19,0.059,0.087,-59.7,27,0.0000,0.00
16:34:33,22.263638319470274,84.90947408207406,-57.055,-5.219,0.19,0.059,0.087,-59.5,27,0.0000,0.00
16:34:33,22.26363835893158,84.9094741109777,-57.052,-5.214,0.16,0.059,0.087,-59.5,27,0.0000,0.00
16:34:33,22.26363839839438,84.90947413988242,-57.049,-5.210,0.16,0.059,0.087,-59.2,27,0.0000,0.00
16:34:33,22.263638437890993,84.90947416881191,-57.046,-5.206,0.16,0.059,0.087,-59.1,27,0.0000,0.00
16:34:33,22.263638477337167,84.90947419770445,-57.043,-5.201,0.16,0.059,0.087,-58.9,27,0.0000,0.00
16:34:33,22.263636447100676,84.90947277697265,-57.189,-5.427,0.16,0.006,0.006,-58.9,27,0.0032,0.00
16:34:33,22.2636364496634,84.90947278004187,-57.189,-5.427,0.16,0.006,0.006,-58.5,27,0.0000,0.00
16:34:33,22.263636452208804,84.90947278309034,-57.189,-5.427,0.16,0.006,0.006,-58.4,27,10.0005,0.00
16:34:34,22.26363645475991,84.90947278614564,-57.188,-5.426,0.16,0.006,0.006,-58.2,27,0.0000,0.00
16:34:34,22.26363645730512,84.90947278919388,-57.188,-5.426,0.16,0.006,0.006,-57.8,27,0.0000,0.00
16:34:34,22.263636459855377,84.90947279224817,-57.188,-5.426,0.15,0.006,0.006,-57.8,27,10.0005,0.00
16:34:34,22.26363646240457,84.90947279530118,-57.187,-5.425,0.15,0.006,0.006,-57.6,27,10.0005,0.00
16:34:34,22.263636464952814,84.90947279835305,-57.187,-5.425,0.15,0.006,0.006,-57.4,27,10.0005,0.00
16:34:34,22.263636467499627,84.90947280140321,-57.187,-5.425,0.15,0.006,0.006,-57.0,27,0.0000,0.00
16:34:34,22.26363647004966,84.90947280445724,-57.187,-5.425,0.13,0.006,0.006,-57.0,27,0.0000,0.00
16:34:34,22.263636472604045,84.90947280751647,-57.186,-5.424,0.13,0.006,0.006,-57.0,27,0.0000,0.00
16:34:34,22.263636475152566,84.90947281056867,-57.186,-5.424,0.13,0.006,0.006,-56.7,27,10.0005,0.00
16:34:34,22.26363647770435,84.90947281362477,-57.186,-5.424,0.13,0.006,0.006,-56.7,27,10.0005,0.00
16:34:34,22.263636480250643,84.90947281667432,-57.185,-5.423,0.13,0.006,0.006,-56.7,27,10.0005,0.00
16:34:34,22.26363648279266,84.90947281971874,-57.185,-5.423,0.13,0.006,0.006,-56.9,27,10.0005,0.00
16:34:35,22.263636485340037,84.90947282276957,-57.185,-5.423,0.13,0.006,0.006,-57.0,27,10.0005,0.00
16:34:35,22.2636364878862,84.90947282581895,-57.184,-5.423,0.13,0.006,0.006,-57.4,27,0.0000,0.00
16:34:35,22.263636490429096,84.90947282886442,-57.184,-5.422,0.15,0.006,0.006,-57.4,27,0.0000,0.00
16:34:35,22.26363649297545,84.90947283191403,-57.184,-5.422,0.15,0.006,0.006,-57.6,27,0.0000,0.00
16:34:35,22.26363649552462,84.90947283496702,-57.183,-5.422,0.15,0.006,0.006,-57.7,27,0.0000,0.00
16:34:35,22.263636498073765,84.90947283801997,-57.183,-5.421,0.15,0.006,0.006,-57.9,27,0.0000,0.00
16:34:35,22.263636500622574,84.90947284107253,-57.183,-5.421,0.15,0.006,0.006,-57.9,27,0.0000,0.00
16:34:35,22.263636503173203,84.90947284412725,-57.182,-5.421,0.15,0.006,0.006,-58.2,27,0.0000,0.00
16:34:35,22.263636505722783,84.90947284718072,-57.182,-5.421,0.15,0.006,0.006,-58.3,27,0.0000,0.00
16:34:35,22.26363650826427,84.9094728502245,-57.182,-5.420,0.15,0.006,0.006,-58.4,27,0.0000,0.00
16:34:35,22.263636510808336,84.90947285327138,-57.182,-5.420,0.15,0.006,0.006,-58.4,27,0.0000,0.00
16:34:35,22.263636513345563,84.90947285631006,-57.181,-5.420,0.18,0.006,0.006,-58.6,27,0.0000,0.00
16:34:35,22.263636515888617,84.90947285935572,-57.181,-5.420,0.18,0.006,0.006,-58.6,27,0.0000,0.00
16:34:35,22.263636518431493,84.90947286240116,-57.181,-5.419,0.18,0.006,0.006,-58.6,27,0.0000,0.00
16:34:35,22.263636520975798,84.90947286544832,-57.180,-5.419,0.18,0.006,0.006,-58.6,27,0.0000,0.00
16:34:35,22.263636523514915,84.90947286848926,-57.180,-5.419,0.20,0.006,0.006,-58.6,27,0.0000,0.00
16:34:35,22.263636526060644,84.90947287153813,-57.180,-5.418,0.20,0.006,0.006,-58.5,27,0.0000,0.00
16:34:35,22.263636528604458,84.9094728745847,-57.179,-5.418,0.20,0.006,0.006,-58.4,27,0.0000,0.00
16:34:35,22.26363653114703,84.90947287762978,-57.179,-5.418,0.20,0.006,0.006,-58.0,27,0.0000,0.00
16:34:35,22.263636533692335,84.90947288067812,-57.179,-5.418,0.20,0.006,0.006,-58.0,27,10.0005,0.00
16:34:35,22.26363653623958,84.90947288372881,-57.178,-5.417,0.20,0.006,0.006,-57.6,27,0.0000,0.00
16:34:35,22.263636538787065,84.90947288677977,-57.178,-5.417,0.20,0.006,0.006,-57.2,27,0.0000,0.00
16:34:35,22.26363654132947,84.90947288982466,-57.178,-5.417,0.20,0.006,0.006,-56.2,27,0.0000,0.00
16:34:35,22.26363654387522,84.90947289287354,-57.177,-5.416,0.20,0.006,0.006,-56.2,27,0.0000,0.00
16:34:35,22.263636546414553,84.90947289591475,-57.177,-5.416,0.20,0.006,0.006,-55.5,27,0.0000,0.00
16:34:35,22.263636548965387,84.90947289896972,-57.177,-5.416,0.20,0.006,0.006,-54.9,27,0.0000,0.00
16:34:36,22.26363655151127,84.90947290201876,-57.177,-5.416,0.20,0.006,0.006,-54.9,27,0.0000,0.00
16:34:36,22.263636554051544,84.9094729050611,-57.176,-5.415,0.20,0.006,0.006,-53.4,27,0.0000,0.00
16:34:36,22.263636493332232,84.90947290138706,-57.177,-5.422,0.22,0.006,0.001,-52.5,27,0.0015,0.00
16:34:36,22.26363649366174,84.90947290421153,-57.176,-5.422,0.22,0.006,0.001,-50.7,27,10.0005,0.00
16:34:36,22.26363649399044,84.9094729070291,-57.176,-5.422,0.22,0.006,0.001,-49.6,27,10.0005,0.00
16:34:36,22.263636494317915,84.90947290983617,-57.176,-5.422,0.22,0.006,0.001,-49.6,27,0.0000,0.00
16:34:36,22.263636494646068,84.90947291264904,-57.175,-5.422,0.22,0.006,0.001,-48.6,27,10.0005,0.00
16:34:36,22.26363649497429,84.90947291546247,-57.175,-5.422,0.22,0.006,0.001,-47.5,27,10.0005,0.00
16:34:36,22.263636495302144,84.90947291827281,-57.175,-5.422,0.22,0.006,0.001,-46.4,27,10.0005,0.00
16:34:36,22.263636495629623,84.9094729210799,-57.175,-5.422,0.22,0.006,0.001,-46.4,27,0.0000,0.00
16:34:36,22.263636495957545,84.9094729238908,-57.174,-5.422,0.29,0.006,0.001,-44.0,27,0.0000,0.00
16:34:36,22.263636496285233,84.90947292669968,-57.174,-5.422,0.29,0.006,0.001,-41.9,27,0.0000,0.00
16:34:36,22.263636496613206,84.90947292951101,-57.174,-5.422,0.29,0.006,0.001,-40.9,27,0.0000,0.00
16:34:36,22.263636496940954,84.9094729323204,-57.173,-5.422,0.29,0.006,0.001,-40.9,27,0.0000,0.00
16:34:36,22.263636497268077,84.90947293512446,-57.173,-5.422,0.29,0.006,0.001,-40.0,27,10.0005,0.00
16:34:36,22.26363649759545,84.90947293793063,-57.173,-5.422,0.32,0.006,0.001,-38.3,27,10.0005,0.00
16:34:36,22.26363649792362,84.90947294074365,-57.173,-5.422,0.32,0.006,0.001,-38.3,27,10.0005,0.00
16:34:36,22.263636498251657,84.90947294355551,-57.172,-5.421,0.32,0.006,0.001,-37.6,27,0.0000,0.00
16:34:36,22.26363649857913,84.90947294636257,-57.172,-5.421,0.32,0.006,0.001,-36.9,27,0.0000,0.00
16:34:36,22.26363649890626,84.90947294916666,-57.172,-5.421,0.32,0.006,0.001,-36.1,25,0.0000,0.00
16:34:36,22.26363649956278,84.90947295479424,-57.171,-5.421,0.32,0.006,0.001,-35.7,25,0.0000,0.00
16:34:37,22.263636499890694,84.90947295760508,-57.171,-5.421,0.32,0.006,0.001,-34.9,25,0.0000,0.00
16:34:37,22.26363650021802,84.90947296041084,-57.170,-5.421,0.32,0.006,0.001,-34.9,25,0.0000,0.00
16:34:37,22.2636365005457,84.90947296321968,-57.170,-5.421,0.32,0.006,0.001,-34.5,25,0.0000,0.00
16:34:37,22.26363650087371,84.90947296603129,-57.170,-5.421,0.32,0.006,0.001,-34.0,25,0.0000,0.00
16:34:37,22.263636501201187,84.90947296883837,-57.170,-5.421,0.32,0.006,0.001,-34.0,25,0.0000,0.00
16:34:37,22.26363650152902,84.90947297164851,-57.169,-5.421,0.31,0.006,0.001,-34.0,25,0.0000,0.00
16:34:37,22.263636501856404,84.9094729744548,-57.169,-5.421,0.31,0.006,0.001,-34.2,25,0.0000,0.00
16:34:37,22.26363650218435,84.9094729772659,-57.169,-5.421,0.31,0.006,0.001,-35.2,25,0.0000,0.00
16:34:37,22.26363650251173,84.90947298007214,-57.168,-5.421,0.31,0.006,0.001,-35.2,25,0.0000,0.00
16:34:37,22.26363650283886,84.90947298287624,-57.168,-5.421,0.31,0.006,0.001,-35.8,25,0.0000,0.00
16:34:37,22.263636503166072,84.90947298568103,-57.168,-5.421,0.31,0.006,0.001,-36.9,22,0.0000,0.00
16:34:37,22.26363650349412,84.90947298849301,-57.168,-5.421,0.31,0.006,0.001,-37.3,22,0.0000,0.00
16:34:37,22.263636503821512,84.90947299129937,-57.167,-5.421,0.31,0.006,0.001,-37.3,22,0.0000,0.00
16:34:37,22.26363650414848,84.90947299410207,-57.167,-5.421,0.31,0.006,0.001,-37.8,22,0.0000,0.00
16:34:37,22.263636504476665,84.90947299691521,-57.167,-5.421,0.26,0.006,0.001,-38.4,22,0.0000,0.00
16:34:37,22.26363650480472,84.90947299972724,-57.166,-5.421,0.26,0.006,0.001,-38.5,22,0.0000,0.00
16:34:37,22.263636505132737,84.90947300253895,-57.166,-5.421,0.26,0.006,0.001,-38.5,22,0.0000,0.00
16:34:37,22.26363650545999,84.9094730053441,-57.166,-5.421,0.26,0.006,0.001,-38.6,22,0.0000,0.00
16:34:37,22.26363650578819,84.90947300815739,-57.166,-5.421,0.26,0.006,0.001,-38.6,21,0.0000,0.00
16:34:38,22.26363650611618,84.90947301096882,-57.165,-5.421,0.26,0.006,0.001,-38.6,21,0.0000,0.00
16:34:38,22.263636506444826,84.90947301378594,-57.165,-5.421,0.26,0.006,0.001,-38.6,21,0.0000,0.00
16:34:38,22.26363650677264,84.90947301659591,-57.165,-5.421,0.26,0.006,0.001,-38.6,21,0.0000,0.00
16:34:38,22.263636507101495,84.90947301941479,-57.164,-5.420,0.23,0.006,0.001,-38.7,21,0.0000,0.00
16:34:38,22.2636365074301,84.90947302223154,-57.164,-5.420,0.23,0.006,0.001,-38.7,21,0.0000,0.00
16:34:38,22.26363650775866,84.90947302504792,-57.164,-5.420,0.23,0.006,0.001,-38.7,21,0.0000,0.00
16:34:38,22.26363650808598,84.90947302785364,-57.164,-5.420,0.23,0.006,0.001,-38.7,21,0.0000,0.00
16:34:38,22.263636508414614,84.90947303067063,-57.163,-5.420,0.18,0.006,0.001,-38.8,23,0.0000,0.00
16:34:38,22.263636508742643,84.90947303348244,-57.163,-5.420,0.18,0.006,0.001,-38.8,23,0.0000,0.00
16:34:38,22.263636509069826,84.909473036287,-57.163,-5.420,0.18,0.006,0.001,-38.9,23,0.0000,0.00
16:34:38,22.2636365093981,84.90947303910092,-57.162,-5.420,0.18,0.006,0.001,-39.0,23,0.0000,0.00
16:34:38,22.263636509726044,84.909473041912,-57.162,-5.420,0.18,0.006,0.001,-39.0,23,0.0000,0.00
16:34:38,22.263636510055214,84.90947304473359,-57.162,-5.420,0.18,0.006,0.001,-39.0,23,0.0000,0.00
16:34:38,22.263636510383513,84.90947304754769,-57.162,-5.420,0.18,0.006,0.001,-39.1,23,0.0000,0.00
16:34:38,22.263636510711674,84.90947305036062,-57.161,-5.420,0.18,0.006,0.001,-39.1,23,0.0000,0.00
16:34:38,22.263636511040087,84.90947305317572,-57.161,-5.420,0.18,0.006,0.001,-39.2,23,0.0000,0.00
16:34:38,22.263636511367963,84.90947305598621,-57.161,-5.420,0.14,0.006,0.001,-39.2,23,0.0000,0.00
16:34:38,22.263636511695854,84.90947305879686,-57.160,-5.420,0.14,0.006,0.001,-39.2,23,0.0000,0.00
16:34:38,22.263636512024192,84.9094730616113,-57.160,-5.420,0.14,0.006,0.001,-39.3,23,0.0000,0.00
16:34:38,22.263636512351873,84.90947306442011,-57.160,-5.420,0.14,0.006,0.001,-39.3,23,0.0000,0.00
16:34:39,22.263636512680613,84.90947306723804,-57.159,-5.420,0.13,0.006,0.001,-39.4,22,0.0000,0.00
16:34:39,22.263636513008745,84.90947307005074,-57.159,-5.420,0.13,0.006,0.001,-39.3,22,0.0000,0.00
16:34:39,22.263636513336557,84.90947307286068,-57.159,-5.420,0.13,0.006,0.001,-39.1,22,0.0000,0.00
16:34:39,22.26363651366513,84.90947307567716,-57.159,-5.420,0.13,0.006,0.001,-38.9,22,0.0000,0.00
16:34:39,22.26363651399304,84.90947307848793,-57.158,-5.420,0.13,0.006,0.001,-38.9,22,0.0000,0.00
16:34:39,22.263636514321124,84.9094730813002,-57.158,-5.420,0.13,0.006,0.001,-38.5,22,0.0000,0.00
16:34:39,22.263636514649075,84.90947308411135,-57.158,-5.420,0.13,0.006,0.001,-38.4,22,0.0000,0.00
16:34:39,22.26363651497689,84.90947308692132,-57.157,-5.420,0.13,0.006,0.001,-38.2,22,0.0000,0.00
16:34:39,22.26363651530424,84.9094730897273,-57.157,-5.420,0.13,0.006,0.001,-38.2,22,0.0000,0.00
16:34:39,22.26363651563098,84.90947309252809,-57.157,-5.420,0.14,0.006,0.001,-37.7,26,0.0000,0.00
16:34:39,22.263636515958563,84.90947309533605,-57.157,-5.420,0.14,0.006,0.001,-37.4,26,0.0000,0.00
16:34:39,22.26363651628664,84.90947309814828,-57.156,-5.419,0.14,0.006,0.001,-37.4,26,0.0000,0.00
16:34:39,22.26363651661365,84.90947310095136,-57.156,-5.419,0.14,0.006,0.001,-37.2,26,0.0000,0.00
16:34:39,22.26363651661365,84.90947310095136,-57.156,-5.419,0.11,0.006,0.001,-36.7,26,0.0000,0.00
16:34:39,22.26363651661365,84.90947310095136,-57.155,-5.419,0.11,0.006,0.001,-36.5,26,0.0000,0.00
16:34:39,22.26363651661365,84.90947310095136,-57.155,-5.419,0.11,0.006,0.001,-36.5,26,0.0000,0.00
16:34:39,22.26363651661365,84.90947310095136,-57.155,-5.419,0.11,0.006,0.001,-36.2,26,0.0000,0.00
16:34:39,22.26363651661365,84.90947310095136,-57.155,-5.419,0.11,0.006,0.001,-36.2,27,0.0000,0.00
16:34:39,22.26363651661365,84.90947310095136,-57.154,-5.419,0.11,0.006,0.001,-35.9,27,0.0000,0.00
16:34:39,22.26363651661365,84.90947310095136,-57.154,-5.419,0.11,0.006,0.001,-35.9,27,0.0000,0.00
16:34:40,22.26363651661365,84.90947310095136,-57.154,-5.419,0.11,0.006,0.001,-35.9,27,0.0000,0.00
16:34:40,22.26363651661365,84.90947310095136,-57.153,-5.419,0.09,0.006,0.001,-36.0,27,0.0000,0.00
16:34:40,22.26363651661365,84.90947310095136,-57.153,-5.419,0.09,0.006,0.001,-36.1,27,0.0000,0.00
16:34:40,22.26363651661365,84.90947310095136,-57.153,-5.419,0.09,0.006,0.001,-36.1,27,0.0000,0.00
16:34:40,22.26363651661365,84.90947310095136,-57.153,-5.419,0.09,0.006,0.001,-36.5,27,0.0000,0.00
16:34:40,22.26363651661365,84.90947310095136,-57.152,-5.419,0.09,0.006,0.001,-36.7,27,0.0000,0.00
16:34:40,22.26363651661365,84.90947310095136,-57.152,-5.419,0.09,0.006,0.001,-36.7,27,0.0000,0.00
16:34:40,22.26363651661365,84.90947310095136,-57.152,-5.419,0.09,0.006,0.001,-37.0,27,0.0000,0.00
16:34:40,22.26363651661365,84.90947310095136,-57.151,-5.419,0.09,0.006,0.001,-37.4,27,0.0000,0.00
16:34:40,22.26363651661365,84.90947310095136,-57.151,-5.419,0.09,0.006,0.001,-37.5,27,0.0000,0.00
16:34:40,22.26363651661365,84.90947310095136,-57.151,-5.419,0.14,0.006,0.001,-37.7,26,0.0000,0.00
16:34:40,22.26363651661365,84.90947310095136,-57.150,-5.419,0.14,0.006,0.001,-37.8,26,0.0000,0.00
16:34:40,22.26363651661365,84.90947310095136,-57.150,-5.419,0.14,0.006,0.001,-37.8,26,0.0000,0.00
16:34:40,22.26363651661365,84.90947310095136,-57.150,-5.419,0.15,0.006,0.001,-37.8,26,0.0000,0.00
16:34:40,22.26363651661365,84.90947310095136,-57.149,-5.419,0.15,0.006,0.001,-37.9,26,0.0000,0.00
16:34:40,22.26363651661365,84.90947310095136,-57.149,-5.419,0.15,0.006,0.001,-38.0,26,0.0000,0.00
16:34:40,22.26363651661365,84.90947310095136,-57.149,-5.419,0.15,0.006,0.001,-38.1,26,0.0000,0.00
16:34:40,22.26363651661365,84.90947310095136,-57.148,-5.418,0.15,0.006,0.001,-38.1,27,0.0000,0.00
16:34:40,22.26363651661365,84.90947310095136,-57.148,-5.418,0.15,0.006,0.001,-38.2,27,0.0000,0.00
16:34:40,22.26363651661365,84.90947310095136,-57.148,-5.418,0.15,0.006,0.001,-38.3,27,10.0005,0.00
16:34:41,22.26363651661365,84.90947310095136,-57.148,-5.418,0.15,0.006,0.001,-38.4,27,0.0000,0.00
16:34:41,22.26363651661365,84.90947310095136,-57.147,-5.418,0.15,0.006,0.001,-38.4,27,0.0000,0.00
16:34:41,22.26363651661365,84.90947310095136,-57.147,-5.418,0.15,0.006,0.001,-38.6,27,0.0000,0.00
16:34:41,22.26363651661365,84.90947310095136,-57.147,-5.418,0.15,0.006,0.001,-38.8,27,0.0000,0.00
16:34:41,22.26363651661365,84.90947310095136,-57.146,-5.418,0.15,0.006,0.001,-38.9,27,0.0000,0.00
16:34:41,22.26363651661365,84.90947310095136,-57.146,-5.418,0.15,0.006,0.001,-38.9,27,0.0000,0.00
16:34:41,22.26363651661365,84.90947310095136,-57.146,-5.418,0.14,0.006,0.001,-39.0,27,0.0000,0.00
16:34:41,22.26363651661365,84.90947310095136,-57.146,-5.418,0.14,0.006,0.001,-39.2,27,0.0000,0.00
16:34:41,22.26363651661365,84.90947310095136,-57.145,-5.418,0.14,0.006,0.001,-39.3,27,0.0000,0.00
16:34:41,22.26363651661365,84.90947310095136,-57.145,-5.418,0.14,0.006,0.001,-39.3,27,0.0000,0.00
16:34:41,22.26363651661365,84.90947310095136,-57.145,-5.418,0.14,0.006,0.001,-39.4,27,0.0000,0.00
16:34:41,22.26363651661365,84.90947310095136,-57.144,-5.418,0.14,0.006,0.001,-39.4,27,0.0000,0.00
16:34:41,22.26363651661365,84.90947310095136,-57.144,-5.418,0.14,0.006,0.001,-39.4,27,0.0000,0.00
16:34:41,22.26363651661365,84.90947310095136,-57.144,-5.418,0.14,0.006,0.001,-39.4,27,0.0000,0.00
16:34:41,22.26363651661365,84.90947310095136,-57.144,-5.418,0.15,0.006,0.001,-39.3,27,0.0000,0.00
16:34:41,22.26363651661365,84.90947310095136,-57.143,-5.418,0.15,0.006,0.001,-39.2,27,0.0000,0.00
16:34:41,22.26363651661365,84.90947310095136,-57.143,-5.418,0.15,0.006,0.001,-39.1,27,0.0000,0.00
16:34:41,22.26363651661365,84.90947310095136,-57.143,-5.418,0.15,0.006,0.001,-39.1,27,0.0000,0.00
16:34:42,22.26363651661365,84.90947310095136,-57.142,-5.418,0.14,0.006,0.001,-39.1,27,0.0000,0.00
16:34:42,22.26363651661365,84.90947310095136,-57.142,-5.418,0.14,0.006,0.001,-39.1,27,0.0000,0.00
16:34:42,22.26363651661365,84.90947310095136,-57.142,-5.418,0.14,0.006,0.001,-39.3,27,0.0000,0.00
16:34:42,22.26363651661365,84.90947310095136,-57.142,-5.418,0.14,0.006,0.001,-39.3,27,0.0000,0.00
16:34:42,22.26363651661365,84.90947310095136,-57.141,-5.418,0.14,0.006,0.001,-39.4,27,0.0000,0.00
16:34:42,22.26363651661365,84.90947310095136,-57.141,-5.418,0.14,0.006,0.001,-39.5,27,0.0000,0.00
16:34:42,22.26363651661365,84.90947310095136,-57.141,-5.418,0.14,0.006,0.001,-39.8,27,0.0000,0.00
16:34:42,22.26363651661365,84.90947310095136,-57.140,-5.417,0.14,0.006,0.001,-39.8,27,0.0000,0.00
16:34:42,22.26363651661365,84.90947310095136,-57.140,-5.417,0.14,0.006,0.001,-40.0,27,0.0000,0.00
16:34:42,22.26363651661365,84.90947310095136,-57.140,-5.417,0.15,0.006,0.001,-40.2,27,0.0000,0.00
16:34:42,22.26363651661365,84.90947310095136,-57.140,-5.417,0.15,0.006,0.001,-40.5,27,0.0000,0.00
16:34:42,22.26363651661365,84.90947310095136,-57.139,-5.417,0.15,0.006,0.001,-40.5,27,0.0000,0.00
16:34:42,22.26363651661365,84.90947310095136,-57.139,-5.417,0.15,0.006,0.001,-40.5,27,10.0005,0.00
16:34:42,22.26363651661365,84.90947310095136,-57.139,-5.417,0.15,0.006,0.001,-40.4,27,0.0000,0.00
16:34:42,22.26363651661365,84.90947310095136,-57.138,-5.417,0.15,0.006,0.001,-39.8,27,0.0000,0.00
16:34:42,22.26363651661365,84.90947310095136,-57.138,-5.417,0.15,0.006,0.001,-39.8,27,0.0000,0.00
16:34:42,22.26363651661365,84.90947310095136,-57.138,-5.417,0.15,0.006,0.001,-39.5,27,0.0000,0.00
16:34:42,22.26363651661365,84.90947310095136,-57.169,-5.451,0.15,-0.003,-0.009,-39.2,27,0.0145,0.00
16:34:42,22.26363651661365,84.90947310095136,-57.169,-5.451,0.15,-0.003,-0.009,-38.8,27,0.0000,0.00
16:34:42,22.26363651661365,84.90947310095136,-57.169,-5.452,0.15,-0.003,-0.009,-38.8,27,0.0000,0.00
16:34:42,22.26363651661365,84.90947310095136,-57.169,-5.452,0.15,-0.003,-0.009,-38.7,27,0.0000,0.00
16:34:43,22.26363651661365,84.90947310095136,-57.169,-5.453,0.15,-0.003,-0.009,-38.7,27,0.0000,0.00
16:34:43,22.26363651661365,84.90947310095136,-57.169,-5.453,0.13,-0.003,-0.009,-39.0,28,0.0000,0.00
16:34:43,22.26363651661365,84.90947310095136,-57.170,-5.454,0.13,-0.003,-0.009,-39.0,28,0.0000,0.00
16:34:43,22.26363651661365,84.90947310095136,-57.170,-5.454,0.13,-0.003,-0.009,-39.3,28,0.0000,0.00
16:34:43,22.26363651661365,84.90947310095136,-57.170,-5.455,0.13,-0.003,-0.009,-39.6,28,0.0000,0.00
16:34:43,22.26363651661365,84.90947310095136,-57.170,-5.455,0.13,-0.003,-0.009,-40.0,28,0.0000,0.00
16:34:43,22.26363651661365,84.90947310095136,-57.170,-5.455,0.13,-0.003,-0.009,-40.0,28,10.0005,0.00
16:34:43,22.26363651661365,84.90947310095136,-57.170,-5.456,0.13,-0.003,-0.009,-40.2,28,0.0000,0.00
16:34:43,22.26363651661365,84.90947310095136,-57.170,-5.456,0.13,-0.003,-0.009,-40.3,28,0.0000,0.00
16:34:43,22.26363651661365,84.90947310095136,-57.171,-5.457,0.15,-0.003,-0.009,-40.8,28,0.0000,0.00
16:34:43,22.26363651661365,84.90947310095136,-57.171,-5.457,0.15,-0.003,-0.009,-40.8,28,0.0000,0.00
16:34:43,22.26363651661365,84.90947310095136,-57.293,-5.305,0.15,-0.093,0.103,-41.1,28,0.0039,0.00
16:34:43,22.26363651661365,84.90947310095136,-57.298,-5.299,0.15,-0.093,0.103,-41.4,28,0.0000,0.00
16:34:43,22.26363651661365,84.90947310095136,-57.302,-5.294,0.15,-0.093,0.103,-41.7,28,0.0000,0.00
16:34:43,22.26363651661365,84.90947310095136,-57.307,-5.289,0.15,-0.093,0.103,-41.7,28,0.0000,0.00
16:34:43,22.26363651661365,84.90947310095136,-57.312,-5.284,0.15,-0.093,0.103,-41.5,28,0.0000,0.00
16:34:43,22.26363651661365,84.90947310095136,-57.316,-5.278,0.15,-0.093,0.103,-41.0,28,0.0000,0.00
16:34:43,22.26363651661365,84.90947310095136,-57.321,-5.273,0.15,-0.093,0.103,-40.0,27,0.0000,0.00
16:34:44,22.26363651661365,84.90947310095136,-57.326,-5.268,0.15,-0.093,0.103,-40.0,27,0.0000,0.00
16:34:44,22.26363651661365,84.90947310095136,-57.330,-5.263,0.15,-0.093,0.103,-39.6,27,0.0000,0.00
16:34:44,22.26363651661365,84.90947310095136,-57.335,-5.258,0.15,-0.093,0.103,-39.0,27,0.0000,0.00
16:34:44,22.26363651661365,84.90947310095136,-57.340,-5.252,0.15,-0.093,0.103,-39.0,27,10.0005,0.00
16:34:44,22.26363651661365,84.90947310095136,-57.344,-5.247,0.13,-0.093,0.103,-38.8,27,0.0000,0.00
16:34:44,22.26363651661365,84.90947310095136,-57.349,-5.242,0.13,-0.093,0.103,-38.7,27,0.0000,0.00
16:34:44,22.26363651661365,84.90947310095136,-57.354,-5.237,0.13,-0.093,0.103,-38.6,27,0.0000,0.00
16:34:44,22.26363651661365,84.90947310095136,-57.358,-5.231,0.13,-0.093,0.103,-38.6,27,0.0000,0.00
16:34:44,22.26363651661365,84.90947310095136,-57.363,-5.226,0.10,-0.093,0.103,-38.7,27,10.0005,0.00
16:34:44,22.26363651661365,84.90947310095136,-57.368,-5.221,0.10,-0.093,0.103,-38.7,27,0.0000,0.00
16:34:44,22.26363651661365,84.90947310095136,-57.377,-5.211,0.10,-0.093,0.103,-38.9,27,0.0000,0.00
16:34:44,22.26363651661365,84.90947310095136,-57.382,-5.205,0.10,-0.093,0.103,-39.1,27,0.0000,0.00
16:34:44,22.26363651661365,84.90947310095136,-57.386,-5.200,0.10,-0.093,0.103,-39.3,27,10.0005,0.00
16:34:44,22.26363651661365,84.90947310095136,-57.391,-5.195,0.10,-0.093,0.103,-39.7,27,0.0000,0.00
16:34:44,22.26363651661365,84.90947310095136,-57.396,-5.190,0.10,-0.093,0.103,-39.7,27,0.0000,0.00
16:34:44,22.26363651661365,84.90947310095136,-57.400,-5.185,0.12,-0.093,0.103,-39.8,27,0.0000,0.00
16:34:44,22.26363651661365,84.90947310095136,-57.405,-5.179,0.12,-0.093,0.103,-40.0,27,0.0000,0.00
16:34:44,22.26363651661365,84.90947310095136,-57.410,-5.174,0.12,-0.093,0.103,-40.1,27,0.0000,0.00
16:34:44,22.26363651661365,84.90947310095136,-57.414,-5.169,0.12,-0.093,0.103,-40.1,27,0.0000,0.00
16:34:44,22.26363651661365,84.90947310095136,-57.419,-5.164,0.12,-0.093,0.103,-40.4,27,10.0005,0.00
16:34:45,22.26363651661365,84.90947310095136,-57.424,-5.158,0.14,-0.093,0.103,-40.7,27,10.0005,0.00
16:34:45,22.26363651661365,84.90947310095136,-57.428,-5.153,0.14,-0.093,0.103,-40.8,27,10.0005,0.00
16:34:45,22.26363651661365,84.90947310095136,-57.433,-5.148,0.14,-0.093,0.103,-40.8,27,10.0005,0.00
16:34:45,22.26363651661365,84.90947310095136,-57.438,-5.143,0.14,-0.093,0.103,-41.0,27,0.0000,0.00
16:34:45,22.26363651661365,84.90947310095136,-57.442,-5.138,0.14,-0.093,0.103,-41.3,27,0.0000,0.00
16:34:45,22.26363651661365,84.90947310095136,-57.447,-5.132,0.14,-0.093,0.103,-41.6,27,10.0005,0.00
16:34:45,22.26363651661365,84.90947310095136,-57.452,-5.127,0.14,-0.093,0.103,-41.6,27,10.0005,0.00
16:34:45,22.26363651661365,84.90947310095136,-57.456,-5.122,0.14,-0.093,0.103,-41.9,27,10.0005,0.00
16:34:45,22.26363651661365,84.90947310095136,-57.461,-5.117,0.14,-0.093,0.103,-42.4,27,10.0005,0.00
16:34:45,22.26363651661365,84.90947310095136,-57.466,-5.111,0.14,-0.093,0.103,-42.7,27,0.0000,0.00
16:34:45,22.26363651661365,84.90947310095136,-57.470,-5.106,0.14,-0.093,0.103,-42.7,27,0.0000,0.00
16:34:45,22.26363651661365,84.90947310095136,-57.475,-5.101,0.14,-0.093,0.103,-42.9,27,0.0000,0.00
16:34:45,22.26363651661365,84.90947310095136,-57.480,-5.096,0.14,-0.093,0.103,-43.2,27,0.0000,0.00
16:34:45,22.26363651661365,84.90947310095136,-57.484,-5.091,0.14,-0.093,0.103,-43.2,27,10.0005,0.00
16:34:45,22.26363651661365,84.90947310095136,-57.489,-5.085,0.14,-0.093,0.103,-43.2,27,10.0005,0.00
16:34:45,22.26363651661365,84.90947310095136,-57.494,-5.080,0.14,-0.093,0.103,-43.3,27,10.0005,0.00
16:34:45,22.26363651661365,84.90947310095136,-57.498,-5.075,0.14,-0.093,0.103,-42.5,27,10.0005,0.00
16:34:45,22.26363651661365,84.90947310095136,-57.503,-5.070,0.15,-0.093,0.103,-41.5,27,10.0005,0.00
16:34:45,22.26363651661365,84.90947310095136,-57.508,-5.065,0.15,-0.093,0.103,-41.5,27,10.0005,0.00
16:34:46,22.26363651661365,84.90947310095136,-57.512,-5.059,0.15,-0.093,0.103,-39.4,27,0.0000,0.00
16:34:46,22.26363651661365,84.90947310095136,-57.517,-5.054,0.15,-0.093,0.103,-38.3,27,0.0000,0.00
16:34:46,22.26363651661365,84.90947310095136,-57.522,-5.049,0.15,-0.093,0.103,-38.3,27,0.0000,0.00
16:34:46,22.26363651661365,84.90947310095136,-57.526,-5.044,0.15,-0.093,0.103,-37.3,27,0.0000,0.00
16:34:46,22.26363651661365,84.90947310095136,-57.531,-5.038,0.15,-0.093,0.103,-35.5,27,0.0000,0.00
16:34:46,22.26363651661365,84.90947310095136,-57.536,-5.033,0.15,-0.093,0.103,-34.8,27,0.0000,0.00
16:34:46,22.26363651661365,84.90947310095136,-57.540,-5.028,0.15,-0.093,0.103,-34.8,27,0.0000,0.00
16:34:46,22.26363651661365,84.90947310095136,-57.545,-5.023,0.15,-0.093,0.103,-34.1,27,0.0000,0.00
16:34:46,22.26363651661365,84.90947310095136,-57.550,-5.018,0.15,-0.093,0.103,-33.5,27,0.0000,0.00
16:34:46,22.26363651661365,84.90947310095136,-57.554,-5.012,0.15,-0.093,0.103,-32.4,27,0.0000,0.00
16:34:46,22.26363651661365,84.90947310095136,-57.559,-5.007,0.16,-0.093,0.103,-32.4,27,0.0000,0.00
16:34:46,22.26363651661365,84.90947310095136,-57.564,-5.002,0.16,-0.093,0.103,-31.5,27,0.0000,0.00
16:34:46,22.26363651661365,84.90947310095136,-57.568,-4.997,0.16,-0.093,0.103,-31.1,27,0.0000,0.00
16:34:46,22.26363651661365,84.90947310095136,-57.573,-4.992,0.16,-0.093,0.103,-31.1,27,10.0005,0.00
16:34:46,22.26363651661365,84.90947310095136,-57.578,-4.986,0.16,-0.093,0.103,-30.8,27,0.0000,0.00
16:34:46,22.26363651661365,84.90947310095136,-57.582,-4.981,0.14,-0.093,0.103,-30.3,27,0.0000,0.00
16:34:46,22.26363651661365,84.90947310095136,-57.587,-4.976,0.14,-0.093,0.103,-30.0,27,0.0000,0.00
16:34:46,22.26363651661365,84.90947310095136,-57.592,-4.971,0.14,-0.093,0.103,-30.0,27,0.0000,0.00
16:34:46,22.26363651661365,84.90947310095136,-57.596,-4.966,0.14,-0.093,0.103,-29.8,27,0.0000,0.00
16:34:46,22.26363651661365,84.90947310095136,-57.601,-4.960,0.14,-0.093,0.103,-29.4,27,0.0000,0.00
16:34:47,22.26363651661365,84.90947310095136,-57.606,-4.955,0.14,-0.093,0.103,-29.4,27,0.0000,0.00
16:34:47,22.26363651661365,84.90947310095136,-58.082,-4.437,0.14,-0.346,0.379,-29.1,27,0.0053,0.00
16:34:47,22.26363651661365,84.90947310095136,-58.099,-4.418,0.14,-0.346,0.379,-28.9,27,0.0000,0.00
16:34:47,22.26363651661365,84.90947310095136,-58.117,-4.398,0.14,-0.346,0.379,-28.8,27,0.0000,0.00
16:34:47,22.26363651661365,84.90947310095136,-58.134,-4.379,0.14,-0.346,0.379,-28.8,27,0.0000,0.00
16:34:48,22.26363651661365,84.90947310095136,-58.151,-4.360,0.14,-0.346,0.379,-28.6,27,0.0000,0.00
16:34:48,22.26363651661365,84.90947310095136,-58.169,-4.341,0.14,-0.346,0.379,-28.5,27,0.0000,0.00
16:34:48,22.26363651661365,84.90947310095136,-58.186,-4.322,0.14,-0.346,0.379,-28.5,27,0.0000,0.00
16:34:48,22.26363651661365,84.90947310095136,-58.204,-4.303,0.15,-0.346,0.379,-28.5,27,0.0000,0.00
16:34:48,22.26363651661365,84.90947310095136,-58.221,-4.284,0.15,-0.346,0.379,-29.1,27,0.0000,0.00
16:34:48,22.26363651661365,84.90947310095136,-58.238,-4.265,0.15,-0.346,0.379,-29.7,27,0.0000,0.00
16:34:48,22.26363651661365,84.90947310095136,-58.256,-4.246,0.15,-0.346,0.379,-29.7,27,0.0000,0.00
16:34:48,22.26363651661365,84.90947310095136,-58.273,-4.227,0.15,-0.346,0.379,-31.2,27,0.0000,0.00
16:34:48,22.26363651661365,84.90947310095136,-58.291,-4.208,0.15,-0.346,0.379,-32.1,27,0.0000,0.00
16:34:48,22.26363651661365,84.90947310095136,-58.308,-4.189,0.15,-0.346,0.379,-33.1,27,0.0000,0.00
16:34:48,22.26363651661365,84.90947310095136,-58.325,-4.169,0.15,-0.346,0.379,-34.1,27,0.0000,0.00
16:34:48,22.26363651661365,84.90947310095136,-58.343,-4.150,0.14,-0.346,0.379,-34.1,27,10.0005,0.00
16:34:48,22.26363651661365,84.90947310095136,-58.360,-4.131,0.14,-0.346,0.379,-36.0,27,0.0000,0.00
16:34:48,22.26363651661365,84.90947310095136,-58.378,-4.112,0.14,-0.346,0.379,-36.8,27,0.0000,0.00
16:34:48,22.26363651661365,84.90947310095136,-58.395,-4.093,0.14,-0.346,0.379,-37.7,27,0.0000,0.00
16:34:48,22.26363651661365,84.90947310095136,-58.413,-4.074,0.14,-0.346,0.379,-37.7,28,0.0000,0.00
16:34:48,22.26363651661365,84.90947310095136,-58.253,-4.099,0.14,-0.158,0.332,-39.2,28,0.0049,0.00
16:34:48,22.26363651661365,84.90947310095136,-58.261,-4.082,0.14,-0.158,0.332,-39.9,28,0.0000,0.00
16:34:48,22.26363651661365,84.90947310095136,-58.269,-4.066,0.14,-0.158,0.332,-40.5,28,0.0000,0.00
16:34:48,22.26363651661365,84.90947310095136,-58.277,-4.049,0.14,-0.158,0.332,-40.5,28,0.0000,0.00
16:34:48,22.26363651661365,84.90947310095136,-58.293,-4.015,0.14,-0.158,0.332,-41.9,28,0.0000,0.00
16:34:48,22.26363651661365,84.90947310095136,-58.301,-3.999,0.14,-0.158,0.332,-42.3,28,0.0000,0.00
16:34:48,22.26363651661365,84.90947310095136,-58.309,-3.982,0.15,-0.158,0.332,-42.3,28,0.0000,0.00
16:34:48,22.26363651661365,84.90947310095136,-58.317,-3.965,0.15,-0.158,0.332,-42.9,28,0.0000,0.00
16:34:48,22.26363651661365,84.90947310095136,-58.325,-3.948,0.15,-0.158,0.332,-43.1,28,0.0000,0.00
16:34:48,22.26363651661365,84.90947310095136,-58.333,-3.932,0.15,-0.158,0.332,-43.3,28,0.0000,0.00
16:34:48,22.26363651661365,84.90947310095136,-58.341,-3.915,0.15,-0.158,0.332,-43.3,28,0.0000,0.00
16:34:48,22.26363651661365,84.90947310095136,-58.349,-3.898,0.15,-0.158,0.332,-43.4,28,0.0000,0.00
16:34:48,22.26363651661365,84.90947310095136,-58.357,-3.881,0.15,-0.158,0.332,-43.4,28,0.0000,0.00
16:34:48,22.26363651661365,84.90947310095136,-58.365,-3.865,0.15,-0.158,0.332,-43.0,28,0.0000,0.00
16:34:48,22.26363651661365,84.90947310095136,-58.373,-3.848,0.15,-0.158,0.332,-43.0,28,0.0000,0.00
16:34:48,22.26363651661365,84.90947310095136,-58.381,-3.831,0.13,-0.158,0.332,-42.7,28,0.0000,0.00
16:34:48,22.26363651661365,84.90947310095136,-58.389,-3.815,0.13,-0.158,0.332,-42.4,28,0.0000,0.00
16:34:48,22.26363651661365,84.90947310095136,-58.397,-3.798,0.13,-0.158,0.332,-41.7,28,0.0000,0.00
16:34:48,22.26363651661365,84.90947310095136,-58.405,-3.781,0.13,-0.158,0.332,-41.7,28,0.0000,0.00
16:34:49,22.26363651661365,84.90947310095136,-58.413,-3.764,0.12,-0.158,0.332,-41.5,28,0.0000,0.00
16:34:49,22.26363651661365,84.90947310095136,-58.421,-3.748,0.12,-0.158,0.332,-41.2,28,0.0000,0.00
16:34:49,22.26363651661365,84.90947310095136,-58.429,-3.731,0.12,-0.158,0.332,-41.0,28,0.0000,0.00
16:34:49,22.26363651661365,84.90947310095136,-58.437,-3.714,0.12,-0.158,0.332,-41.0,28,0.0000,0.00
16:34:49,22.26363651661365,84.90947310095136,-58.445,-3.697,0.12,-0.158,0.332,-40.7,28,0.0000,0.00
16:34:49,22.26363651661365,84.90947310095136,-58.453,-3.681,0.12,-0.158,0.332,-40.4,28,0.0000,0.00
16:34:49,22.26363651661365,84.90947310095136,-58.460,-3.664,0.12,-0.158,0.332,-40.0,28,0.0000,0.00
16:34:49,22.26363651661365,84.90947310095136,-58.468,-3.647,0.12,-0.158,0.332,-40.0,28,0.0000,0.00
16:34:49,22.26363651661365,84.90947310095136,-58.476,-3.630,0.14,-0.158,0.332,-39.1,28,0.0000,0.00
16:34:49,22.26363651661365,84.90947310095136,-58.484,-3.614,0.14,-0.158,0.332,-38.7,28,0.0000,0.00
16:34:49,22.26363651661365,84.90947310095136,-58.492,-3.597,0.14,-0.158,0.332,-37.8,28,0.0000,0.00
16:34:49,22.26363651661365,84.90947310095136,-58.500,-3.580,0.14,-0.158,0.332,-37.8,28,0.0000,0.00
16:34:49,22.26363651661365,84.90947310095136,-58.508,-3.563,0.14,-0.158,0.332,-37.5,28,0.0000,0.00
16:34:49,22.26363651661365,84.90947310095136,-58.516,-3.547,0.15,-0.158,0.332,-37.4,28,0.0000,0.00
16:34:49,22.26363651661365,84.90947310095136,-58.524,-3.530,0.15,-0.158,0.332,-37.4,28,0.0000,0.00
16:34:49,22.26363651661365,84.90947310095136,-58.532,-3.513,0.15,-0.158,0.332,-37.9,28,0.0000,0.00
16:34:49,22.26363651661365,84.90947310095136,-58.540,-3.497,0.15,-0.158,0.332,-37.9,28,0.0000,0.00
16:34:49,22.26363651661365,84.90947310095136,-58.548,-3.480,0.15,-0.158,0.332,-38.3,28,0.0000,0.00
16:34:49,22.26363651661365,84.90947310095136,-58.556,-3.463,0.15,-0.158,0.332,-38.7,28,0.0000,0.00
16:34:49,22.26363651661365,84.90947310095136,-58.564,-3.446,0.15,-0.158,0.332,-39.7,28,0.0000,0.00
16:34:50,22.26363651661365,84.90947310095136,-58.572,-3.430,0.15,-0.158,0.332,-39.7,28,0.0000,0.00
16:34:50,22.26363651661365,84.90947310095136,-58.580,-3.413,0.14,-0.158,0.332,-40.0,28,0.0000,0.00
16:34:50,22.26363651661365,84.90947310095136,-58.588,-3.396,0.14,-0.158,0.332,-40.3,28,0.0000,0.00
16:34:50,22.26363651661365,84.90947310095136,-58.596,-3.380,0.14,-0.158,0.332,-40.6,28,0.0000,0.00
16:34:50,22.26363651661365,84.90947310095136,-58.604,-3.363,0.14,-0.158,0.332,-40.6,28,0.0000,0.00
16:34:50,22.26363651661365,84.90947310095136,-58.612,-3.346,0.14,-0.158,0.332,-40.7,28,0.0000,0.00
16:34:50,22.26363651661365,84.90947310095136,-58.620,-3.329,0.14,-0.158,0.332,-40.8,28,0.0000,0.00
16:34:50,22.26363651661365,84.90947310095136,-58.628,-3.313,0.14,-0.158,0.332,-41.0,28,0.0000,0.00
16:34:50,22.26363651661365,84.90947310095136,-58.677,-3.221,0.14,-0.188,0.387,-41.0,28,0.0042,0.00
16:34:50,22.26363651661365,84.90947310095136,-58.687,-3.202,0.14,-0.188,0.387,-41.1,28,0.0000,0.00
16:34:50,22.26363651661365,84.90947310095136,-58.696,-3.182,0.14,-0.188,0.387,-41.4,28,0.0000,0.00
16:34:50,22.26363651661365,84.90947310095136,-58.706,-3.163,0.14,-0.188,0.387,-41.5,28,0.0000,0.00
16:34:50,22.26363651661365,84.90947310095136,-58.715,-3.143,0.14,-0.188,0.387,-41.5,28,0.0000,0.00
16:34:50,22.26363651661365,84.90947310095136,-58.740,-3.104,0.14,-0.207,0.410,-41.6,28,0.0049,0.00
16:34:50,22.26363651661365,84.90947310095136,-58.751,-3.083,0.15,-0.207,0.410,-41.7,28,0.0000,0.00
16:34:50,22.26363651661365,84.90947310095136,-58.761,-3.063,0.15,-0.207,0.410,-41.8,28,0.0000,0.00
16:34:50,22.26363651661365,84.90947310095136,-58.771,-3.042,0.15,-0.207,0.410,-41.8,28,0.0000,0.00
16:34:50,22.26363651661365,84.90947310095136,-58.782,-3.021,0.15,-0.207,0.410,-41.9,28,0.0000,0.00
16:34:50,22.26363651661365,84.90947310095136,-58.792,-3.001,0.15,-0.207,0.410,-42.1,28,0.0000,0.00
16:34:51,22.26363651661365,84.90947310095136,-58.803,-2.980,0.15,-0.207,0.410,-42.4,28,0.0000,0.00
16:34:51,22.26363651661365,84.90947310095136,-58.813,-2.959,0.15,-0.207,0.410,-42.4,28,0.0000,0.00
16:34:51,22.26363651661365,84.90947310095136,-58.824,-2.939,0.15,-0.207,0.410,-42.8,28,0.0000,0.00
16:34:51,22.26363651661365,84.90947310095136,-58.834,-2.918,0.15,-0.207,0.410,-43.2,28,0.0000,0.00
16:34:51,22.26363651661365,84.90947310095136,-58.838,-2.929,0.15,-0.194,0.348,-44.1,28,0.0088,0.00
16:34:51,22.26363651661365,84.90947310095136,-58.848,-2.911,0.15,-0.194,0.348,-44.1,28,0.0000,0.00
16:34:51,22.26363651661365,84.90947310095136,-58.858,-2.894,0.15,-0.194,0.348,-44.5,28,0.0000,0.00
16:34:51,22.26363651661365,84.90947310095136,-58.867,-2.876,0.15,-0.194,0.348,-45.0,28,0.0000,0.00
16:34:51,22.26363651661365,84.90947310095136,-58.877,-2.859,0.17,-0.194,0.348,-45.8,28,0.0000,0.00
16:34:51,22.26363651661365,84.90947310095136,-58.874,-2.865,0.17,-0.161,0.286,-45.8,28,0.0129,0.00
16:34:51,22.26363651661365,84.90947310095136,-58.882,-2.850,0.17,-0.161,0.286,-46.3,28,0.0000,0.00
16:34:51,22.26363651661365,84.90947310095136,-58.890,-2.836,0.17,-0.161,0.286,-47.1,28,0.0000,0.00
16:34:51,22.26363651661365,84.90947310095136,-58.898,-2.821,0.17,-0.161,0.286,-47.5,28,0.0000,0.00
16:34:51,22.26363651661365,84.90947310095136,-58.914,-2.820,0.17,-0.158,0.199,-47.8,28,0.0161,0.00
16:34:51,22.26363651661365,84.90947310095136,-58.922,-2.809,0.17,-0.158,0.199,-48.3,28,0.0000,0.00
16:34:51,22.26363651661365,84.90947310095136,-58.930,-2.799,0.17,-0.158,0.199,-48.2,28,0.0000,0.00
16:34:51,22.26363651661365,84.90947310095136,-58.938,-2.789,0.17,-0.158,0.199,-48.2,28,0.0000,0.00
16:34:51,22.26363651661365,84.90947310095136,-58.946,-2.779,0.17,-0.158,0.199,-47.8,28,0.0000,0.00
16:34:51,22.26363651661365,84.90947310095136,-58.954,-2.769,0.17,-0.158,0.199,-46.4,28,0.0000,0.00
16:34:51,22.26363651661365,84.90947310095136,-58.961,-2.759,0.18,-0.158,0.199,-46.4,28,0.0000,0.00
16:34:52,22.26363651661365,84.90947310095136,-58.969,-2.749,0.18,-0.158,0.199,-45.7,28,0.0000,0.00
16:34:52,22.26363651661365,84.90947310095136,-58.977,-2.739,0.18,-0.158,0.199,-44.6,28,0.0000,0.00
16:34:52,22.26363651661365,84.90947310095136,-58.985,-2.729,0.18,-0.158,0.199,-44.2,28,0.0000,0.00
16:34:52,22.26363651661365,84.90947310095136,-58.993,-2.719,0.18,-0.158,0.199,-44.2,28,10.0005,0.00
16:34:52,22.26363651661365,84.90947310095136,-59.001,-2.709,0.18,-0.158,0.199,-43.9,28,0.0000,0.00
16:34:52,22.26363651661365,84.90947310095136,-59.009,-2.699,0.18,-0.158,0.199,-43.8,28,0.0000,0.00
16:34:52,22.26363651661365,84.90947310095136,-59.017,-2.689,0.18,-0.158,0.199,-43.8,28,0.0000,0.00
16:34:52,22.26363651661365,84.90947310095136,-59.025,-2.679,0.18,-0.158,0.199,-44.0,28,0.0000,0.00
16:34:52,22.26363651661365,84.90947310095136,-59.033,-2.669,0.18,-0.158,0.199,-44.9,28,0.0000,0.00
16:34:52,22.26363651661365,84.90947310095136,-59.041,-2.659,0.18,-0.158,0.199,-45.5,28,0.0000,0.00
16:34:52,22.26363651661365,84.90947310095136,-59.049,-2.649,0.18,-0.158,0.199,-46.2,28,0.0000,0.00
16:34:52,22.26363651661365,84.90947310095136,-59.057,-2.639,0.18,-0.158,0.199,-46.2,28,0.0000,0.00
16:34:52,22.26363651661365,84.90947310095136,-59.065,-2.629,0.21,-0.158,0.199,-47.9,28,0.0000,0.00
16:34:52,22.26363651661365,84.90947310095136,-59.073,-2.619,0.21,-0.158,0.199,-48.9,28,0.0000,0.00
16:34:52,22.26363651661365,84.90947310095136,-59.081,-2.609,0.21,-0.158,0.199,-49.8,28,0.0000,0.00
16:34:52,22.26363651661365,84.90947310095136,-59.089,-2.598,0.21,-0.158,0.199,-49.8,28,0.0000,0.00
16:34:52,22.26363651661365,84.90947310095136,-59.097,-2.588,0.21,-0.158,0.199,-50.7,28,0.0000,0.00
16:34:52,22.26363651661365,84.90947310095136,-59.105,-2.578,0.21,-0.158,0.199,-52.6,28,0.0000,0.00
16:34:52,22.26363651661365,84.90947310095136,-59.113,-2.568,0.21,-0.158,0.199,-53.4,28,0.0000,0.00
16:34:53,22.26363651661365,84.90947310095136,-59.021,-2.683,0.21,-0.024,0.031,-53.4,28,0.0121,0.00
16:34:53,22.26363651661365,84.90947310095136,-59.023,-2.682,0.19,-0.024,0.031,-54.8,28,0.0000,0.00
16:34:53,22.26363651661365,84.90947310095136,-59.024,-2.680,0.19,-0.024,0.031,-55.4,28,0.0000,0.00
16:34:53,22.26363651661365,84.90947310095136,-59.025,-2.679,0.19,-0.024,0.031,-56.0,28,0.0000,0.00
16:34:53,22.26363651661365,84.90947310095136,-59.026,-2.677,0.19,-0.024,0.031,-56.0,28,0.0000,0.00
16:34:53,22.26363651661365,84.90947310095136,-59.027,-2.675,0.19,-0.024,0.031,-56.5,28,0.0000,0.00
16:34:53,22.26363651661365,84.90947310095136,-59.029,-2.674,0.19,-0.024,0.031,-57.2,28,0.0000,0.00
16:34:53,22.26363651661365,84.90947310095136,-59.030,-2.672,0.19,-0.024,0.031,-57.6,28,0.0000,0.00
16:34:53,22.26363651661365,84.90947310095136,-59.031,-2.671,0.19,-0.024,0.031,-57.6,28,0.0000,0.00
16:34:53,22.26363651661365,84.90947310095136,-59.032,-2.669,0.19,-0.024,0.031,-58.1,28,0.0000,0.00
16:34:53,22.26363651661365,84.90947310095136,-59.033,-2.668,0.20,-0.024,0.031,-58.2,28,10.0005,0.00
16:34:53,22.26363651661365,84.90947310095136,-59.035,-2.666,0.20,-0.024,0.031,-58.3,28,0.0000,0.00
16:34:53,22.26363651661365,84.90947310095136,-59.036,-2.665,0.20,-0.024,0.031,-58.3,28,0.0000,0.00
16:34:53,22.26363651661365,84.90947310095136,-59.037,-2.663,0.20,-0.024,0.031,-58.3,28,0.0000,0.00
16:34:53,22.26363651661365,84.90947310095136,-59.038,-2.661,0.19,-0.024,0.031,-58.1,28,0.0000,0.00
16:34:53,22.26363651661365,84.90947310095136,-59.039,-2.660,0.19,-0.024,0.031,-58.0,28,10.0005,0.00
16:34:53,22.26363651661365,84.90947310095136,-59.041,-2.658,0.19,-0.024,0.031,-57.7,28,0.0000,0.00
16:34:53,22.26363651661365,84.90947310095136,-59.042,-2.657,0.19,-0.024,0.031,-57.7,28,0.0000,0.00
16:34:53,22.26363651661365,84.90947310095136,-59.043,-2.655,0.19,-0.024,0.031,-57.2,28,0.0000,0.00
16:34:54,22.26363651661365,84.90947310095136,-59.044,-2.654,0.19,-0.024,0.031,-57.0,28,0.0000,0.00
16:34:54,22.26363651661365,84.90947310095136,-59.045,-2.652,0.19,-0.024,0.031,-56.7,28,0.0000,0.00
16:34:54,22.26363651661365,84.90947310095136,-59.047,-2.651,0.19,-0.024,0.031,-56.7,28,0.0000,0.00
16:34:54,22.26363651661365,84.90947310095136,-59.048,-2.649,0.18,-0.024,0.031,-56.1,28,0.0000,0.00
16:34:54,22.26363651661365,84.90947310095136,-59.049,-2.647,0.18,-0.024,0.031,-55.8,28,0.0000,0.00
16:34:54,22.26363651661365,84.90947310095136,-59.050,-2.646,0.18,-0.024,0.031,-55.5,28,0.0000,0.00
16:34:54,22.26363651661365,84.90947310095136,-59.052,-2.644,0.18,-0.024,0.031,-55.5,28,0.0000,0.00
16:34:54,22.26363651661365,84.90947310095136,-59.053,-2.643,0.18,-0.024,0.031,-54.9,28,0.0000,0.00
16:34:54,22.26363651661365,84.90947310095136,-59.054,-2.641,0.18,-0.024,0.031,-54.6,28,0.0000,0.00
16:34:54,22.26363651661365,84.90947310095136,-59.055,-2.640,0.18,-0.024,0.031,-54.6,28,0.0000,0.00
16:34:54,22.26363651661365,84.90947310095136,-59.056,-2.638,0.18,-0.024,0.031,-54.0,28,0.0000,0.00
16:34:54,22.26363651661365,84.90947310095136,-59.058,-2.637,0.18,-0.024,0.031,-53.8,28,0.0000,0.00
16:34:54,22.26363651661365,84.90947310095136,-59.039,-2.661,0.18,-0.003,0.004,-53.5,28,0.0114,0.00
16:34:54,22.26363651661365,84.90947310095136,-59.039,-2.661,0.18,-0.003,0.004,-53.5,28,0.0000,0.00
16:34:54,22.26363651661365,84.90947310095136,-59.039,-2.660,0.18,-0.003,0.004,-53.0,28,0.0000,0.00
16:34:54,22.26363651661365,84.90947310095136,-59.040,-2.660,0.18,-0.003,0.004,-52.5,28,0.0000,0.00
16:34:54,22.26363651661365,84.90947310095136,-59.040,-2.660,0.17,-0.003,0.004,-48.9,28,0.0000,0.00
16:34:54,22.26363651661365,84.90947310095136,-59.040,-2.660,0.17,-0.003,0.004,-48.9,28,0.0000,0.00
16:34:54,22.26363651661365,84.90947310095136,-59.040,-2.660,0.17,-0.003,0.004,-46.1,28,0.0000,0.00
16:34:55,22.26363651661365,84.90947310095136,-59.040,-2.659,0.17,-0.003,0.004,-43.3,28,0.0000,0.00
16:34:55,22.26363651661365,84.90947310095136,-59.041,-2.659,0.15,-0.003,0.004,-43.3,28,0.0000,0.00
16:34:55,22.26363651661365,84.90947310095136,-59.041,-2.659,0.15,-0.003,0.004,-38.1,28,0.0000,0.00
16:34:55,22.26363651661365,84.90947310095136,-59.184,-2.630,0.15,-0.237,0.051,-35.9,28,0.0029,0.00
16:34:55,22.26363651661365,84.90947310095136,-59.196,-2.627,0.15,-0.237,0.051,-33.9,28,0.0000,0.00
16:34:55,22.26363651661365,84.90947310095136,-59.208,-2.625,0.15,-0.237,0.051,-30.7,28,0.0000,0.00
16:34:55,22.26363651661365,84.90947310095136,-59.220,-2.622,0.15,-0.237,0.051,-30.7,28,0.0000,0.00
16:34:55,22.26363651661365,84.90947310095136,-59.232,-2.620,0.15,-0.237,0.051,-29.6,28,0.0000,0.00
16:34:55,22.26363651661365,84.90947310095136,-59.244,-2.617,0.15,-0.237,0.051,-28.8,28,0.0000,0.00
16:34:55,22.26363651661365,84.90947310095136,-59.256,-2.614,0.15,-0.237,0.051,-28.5,28,0.0000,0.00
16:34:55,22.26363651661365,84.90947310095136,-59.268,-2.612,0.18,-0.237,0.051,-28.5,28,0.0000,0.00
16:34:55,22.26363651661365,84.90947310095136,-59.280,-2.609,0.18,-0.237,0.051,-29.1,28,0.0000,0.00
16:34:55,22.26363651661365,84.90947310095136,-59.304,-2.604,0.18,-0.237,0.051,-31.8,28,0.0000,0.00
16:34:55,22.26363651661365,84.90947310095136,-59.316,-2.602,0.16,-0.237,0.051,-31.8,28,0.0000,0.00
16:34:55,22.26363651661365,84.90947310095136,-59.327,-2.599,0.16,-0.237,0.051,-32.9,28,0.0000,0.00
16:34:55,22.26363651661365,84.90947310095136,-59.339,-2.596,0.16,-0.237,0.051,-33.9,28,0.0000,0.00
16:34:55,22.26363651661365,84.90947310095136,-59.351,-2.594,0.16,-0.237,0.051,-36.2,28,0.0000,0.00
16:34:55,22.26363651661365,84.90947310095136,-59.363,-2.591,0.16,-0.237,0.051,-36.2,28,0.0000,0.00
16:34:55,22.26363651661365,84.90947310095136,-59.375,-2.589,0.16,-0.237,0.051,-37.3,28,0.0000,0.00
16:34:55,22.26363651661365,84.90947310095136,-59.387,-2.586,0.16,-0.237,0.051,-38.4,28,0.0000,0.00
16:34:56,22.26363651661365,84.90947310095136,-59.399,-2.584,0.16,-0.237,0.051,-40.6,28,0.0000,0.00
16:34:56,22.26363651661365,84.90947310095136,-59.411,-2.581,0.16,-0.237,0.051,-40.6,28,0.0000,0.00
16:34:56,22.26363651661365,84.90947310095136,-59.348,-2.546,0.16,-0.123,0.100,-41.6,28,0.0073,0.00
16:34:56,22.26363651661365,84.90947310095136,-59.354,-2.541,0.16,-0.123,0.100,-42.6,28,0.0000,0.00
16:34:56,22.26363651661365,84.90947310095136,-59.360,-2.536,0.16,-0.123,0.100,-44.4,28,0.0000,0.00
16:34:56,22.26363651661365,84.90947310095136,-59.367,-2.531,0.16,-0.123,0.100,-44.4,28,0.0000,0.00
16:34:56,22.26363651661365,84.90947310095136,-59.373,-2.526,0.16,-0.123,0.100,-45.2,28,0.0000,0.00
16:34:56,22.26363651661365,84.90947310095136,-59.379,-2.521,0.16,-0.123,0.100,-46.0,28,0.0000,0.00
16:34:56,22.26363651661365,84.90947310095136,-59.378,-2.518,0.16,-0.108,0.095,-47.4,28,0.0054,0.00
16:34:56,22.26363651661365,84.90947310095136,-59.384,-2.513,0.16,-0.108,0.095,-47.4,28,0.0000,0.00
16:34:56,22.26363651661365,84.90947310095136,-59.389,-2.508,0.16,-0.108,0.095,-48.1,28,0.0000,0.00
16:34:56,22.26363651661365,84.90947310095136,-59.394,-2.503,0.16,-0.108,0.095,-48.7,28,0.0000,0.00
16:34:56,22.26363651661365,84.90947310095136,-59.400,-2.499,0.16,-0.108,0.095,-49.7,28,0.0000,0.00
16:34:56,22.26363651661365,84.90947310095136,-59.400,-2.499,0.16,-0.094,0.082,-49.7,28,0.0066,0.00
16:34:56,22.26363651661365,84.90947310095136,-59.405,-2.494,0.16,-0.094,0.082,-50.1,28,0.0000,0.00
16:34:56,22.26363651661365,84.90947310095136,-59.410,-2.490,0.16,-0.094,0.082,-50.4,28,0.0000,0.00
16:34:56,22.26363651661365,84.90947310095136,-59.415,-2.486,0.16,-0.094,0.082,-51.0,28,0.0000,0.00
16:34:56,22.26363651661365,84.90947310095136,-59.420,-2.482,0.16,-0.094,0.082,-51.0,28,0.0000,0.00
16:34:56,22.26363651661365,84.90947310095136,-59.407,-2.493,0.16,-0.037,0.032,-51.3,28,0.0100,0.00
16:34:56,22.26363651661365,84.90947310095136,-59.409,-2.491,0.16,-0.037,0.032,-51.5,28,0.0000,0.00
16:34:57,22.26363651661365,84.90947310095136,-59.411,-2.490,0.16,-0.037,0.032,-51.8,28,0.0000,0.00
16:34:57,22.26363651661365,84.90947310095136,-59.413,-2.488,0.16,-0.037,0.032,-51.8,28,0.0000,0.00
16:34:57,22.26363651661365,84.90947310095136,-59.414,-2.486,0.16,-0.037,0.032,-51.9,28,0.0000,0.00
16:34:57,22.26363651661365,84.90947310095136,-59.410,-2.490,0.16,-0.014,0.013,-51.9,28,0.0101,0.00
16:34:57,22.26363651661365,84.90947310095136,-59.411,-2.489,0.16,-0.014,0.013,-52.0,28,0.0000,0.00
16:34:57,22.26363651661365,84.90947310095136,-59.412,-2.489,0.16,-0.014,0.013,-52.0,28,0.0000,0.00
16:34:57,22.26363651661365,84.90947310095136,-59.412,-2.488,0.16,-0.014,0.013,-52.0,28,0.0000,0.00
16:34:57,22.26363651661365,84.90947310095136,-59.413,-2.488,0.17,-0.014,0.013,-52.0,28,0.0000,0.00
16:34:57,22.26363651661365,84.90947310095136,-59.414,-2.487,0.17,-0.014,0.013,-51.9,28,0.0000,0.00
16:34:57,22.26363651661365,84.90947310095136,-59.414,-2.486,0.17,-0.014,0.013,-51.8,28,0.0000,0.00
16:34:57,22.26363651661365,84.90947310095136,-59.415,-2.486,0.17,-0.014,0.013,-51.8,28,0.0000,0.00
16:34:57,22.26363651661365,84.90947310095136,-59.416,-2.485,0.17,-0.014,0.013,-51.8,28,0.0000,0.00
16:34:57,22.26363651661365,84.90947310095136,-59.417,-2.484,0.17,-0.014,0.013,-51.5,28,0.0000,0.00
16:34:57,22.26363651661365,84.90947310095136,-59.414,-2.487,0.17,-0.004,0.004,-51.3,28,0.0071,0.00
16:34:57,22.26363651661365,84.90947310095136,-59.414,-2.487,0.17,-0.004,0.004,-51.3,28,0.0000,0.00
16:34:57,22.26363651661365,84.90947310095136,-59.414,-2.487,0.17,-0.004,0.004,-51.1,28,0.0000,0.00
16:34:57,22.26363651661365,84.90947310095136,-59.414,-2.486,0.17,-0.004,0.004,-50.8,28,0.0000,0.00
16:34:57,22.26363651661365,84.90947310095136,-59.414,-2.486,0.17,-0.004,0.004,-50.6,28,0.0000,0.00
16:34:57,22.26363651661365,84.90947310095136,-59.415,-2.486,0.17,-0.004,0.004,-50.6,28,0.0000,0.00
16:34:57,22.26363651661365,84.90947310095136,-59.415,-2.486,0.18,-0.004,0.004,-50.4,28,0.0000,0.00
16:34:58,22.26363651661365,84.90947310095136,-59.415,-2.486,0.18,-0.004,0.004,-50.0,28,0.0000,0.00
16:34:58,22.26363651661365,84.90947310095136,-59.415,-2.486,0.18,-0.004,0.004,-49.9,28,0.0000,0.00
16:34:58,22.26363651661365,84.90947310095136,-59.415,-2.485,0.18,-0.004,0.004,-49.9,28,0.0000,0.00
16:34:58,22.26363651661365,84.90947310095136,-59.416,-2.485,0.18,-0.004,0.004,-49.5,28,0.0000,0.00
16:34:58,22.26363651661365,84.90947310095136,-59.416,-2.485,0.18,-0.004,0.004,-49.4,28,0.0000,0.00
16:34:58,22.26363651661365,84.90947310095136,-59.416,-2.485,0.18,-0.004,0.004,-49.2,28,0.0000,0.00
16:34:58,22.26363651661365,84.90947310095136,-59.416,-2.485,0.18,-0.004,0.004,-49.2,28,0.0000,0.00
16:34:58,22.26363651661365,84.90947310095136,-59.416,-2.484,0.18,-0.004,0.004,-49.0,28,0.0000,0.00
16:34:58,22.26363651661365,84.90947310095136,-59.417,-2.484,0.17,-0.004,0.004,-48.7,28,0.0000,0.00
16:34:58,22.26363651661365,84.90947310095136,-59.415,-2.486,0.17,-0.001,0.001,-48.5,28,0.0075,0.00
16:34:58,22.26363651661365,84.90947310095136,-59.415,-2.486,0.17,-0.001,0.001,-48.5,28,0.0000,0.00
16:34:59,22.26363651661365,84.90947310095136,-59.415,-2.486,0.17,-0.001,0.001,-48.1,28,0.0000,0.00
16:34:59,22.26363651661365,84.90947310095136,-59.415,-2.485,0.17,-0.001,0.001,-47.9,28,0.0000,0.00
16:34:59,22.26363651661365,84.90947310095136,-59.415,-2.485,0.17,-0.001,0.001,-47.7,28,0.0000,0.00
16:34:59,22.26363651661365,84.90947310095136,-59.415,-2.485,0.17,-0.001,0.001,-47.7,28,0.0000,0.00
16:34:59,22.26363651661365,84.90947310095136,-59.415,-2.485,0.17,-0.001,0.001,-47.5,28,0.0000,0.00
16:34:59,22.26363651661365,84.90947310095136,-59.415,-2.485,0.17,-0.001,0.001,-47.4,28,0.0000,0.00
16:34:59,22.26363651661365,84.90947310095136,-59.415,-2.485,0.17,-0.001,0.001,-47.3,28,0.0000,0.00
16:34:59,22.26363651661365,84.90947310095136,-59.415,-2.485,0.17,-0.001,0.001,-47.3,28,0.0000,0.00
16:34:59,22.26363651661365,84.90947310095136,-59.415,-2.485,0.17,-0.001,0.001,-47.2,28,0.0000,0.00
16:34:59,22.26363651661365,84.90947310095136,-59.415,-2.485,0.18,-0.001,0.001,-47.1,28,0.0000,0.00
16:34:59,22.26363651661365,84.90947310095136,-59.416,-2.485,0.18,-0.001,0.001,-47.1,28,0.0000,0.00
16:34:59,22.26363651661365,84.90947310095136,-59.416,-2.485,0.18,-0.001,0.001,-47.1,28,0.0000,0.00
16:34:59,22.26363651661365,84.90947310095136,-59.416,-2.485,0.18,-0.001,0.001,-47.2,28,0.0000,0.00
16:34:59,22.26363651661365,84.90947310095136,-59.416,-2.485,0.18,-0.001,0.001,-47.2,28,0.0000,0.00
16:34:59,22.26363651661365,84.90947310095136,-59.416,-2.485,0.18,-0.001,0.001,-47.2,28,0.0000,0.00
16:34:59,22.26363651661365,84.90947310095136,-59.416,-2.485,0.18,-0.001,0.001,-47.2,28,0.0000,0.00
16:34:59,22.26363651661365,84.90947310095136,-59.416,-2.485,0.18,-0.001,0.001,-47.2,28,0.0000,0.00
16:34:59,22.26363651661365,84.90947310095136,-59.416,-2.485,0.18,-0.001,0.001,-47.3,28,0.0000,0.00
16:34:59,22.26363651661365,84.90947310095136,-59.416,-2.485,0.18,-0.001,0.001,-47.3,28,0.0000,0.00
16:34:59,22.26363651661365,84.90947310095136,-59.416,-2.485,0.18,-0.001,0.001,-47.4,28,0.0000,0.00
16:34:59,22.26363651661365,84.90947310095136,-59.416,-2.485,0.18,-0.001,0.001,-47.4,28,0.0000,0.00
16:34:59,22.26363651661365,84.90947310095136,-59.416,-2.485,0.18,-0.001,0.001,-47.5,28,0.0000,0.00
16:34:59,22.26363651661365,84.90947310095136,-59.416,-2.485,0.17,-0.001,0.001,-47.5,28,0.0000,0.00
16:34:59,22.26363651661365,84.90947310095136,-59.416,-2.485,0.17,-0.000,0.000,-47.6,28,0.0076,0.00
16:34:59,22.26363651661365,84.90947310095136,-59.416,-2.485,0.17,-0.000,0.000,-47.7,28,0.0000,0.00
16:34:59,22.26363651661365,84.90947310095136,-59.416,-2.485,0.17,-0.000,0.000,-47.7,28,0.0000,0.00
16:34:59,22.26363651661365,84.90947310095136,-59.416,-2.485,0.17,-0.000,0.000,-47.7,28,0.0000,0.00
16:34:59,22.26363651661365,84.90947310095136,-59.416,-2.485,0.17,-0.000,0.000,-47.8,28,0.0000,0.00
16:35:00,22.26363651661365,84.90947310095136,-59.416,-2.485,0.17,-0.000,0.000,-47.9,28,0.0074,0.00
16:35:00,22.26363651661365,84.90947310095136,-59.416,-2.485,0.17,-0.000,0.000,-47.9,28,0.0000,0.00
16:35:00,22.26363651661365,84.90947310095136,-59.416,-2.485,0.17,-0.000,0.000,-47.9,28,0.0000,0.00
16:35:00,22.26363651661365,84.90947310095136,-59.416,-2.485,0.17,-0.000,0.000,-48.0,28,0.0000,0.00
16:35:00,22.26363651661365,84.90947310095136,-59.416,-2.485,0.17,-0.000,0.000,-48.0,28,0.0000,0.00
16:35:00,22.26363651661365,84.90947310095136,-59.416,-2.485,0.17,-0.000,0.000,-48.0,28,0.0000,0.00
16:35:00,22.26363651661365,84.90947310095136,-59.416,-2.485,0.17,-0.000,0.000,-47.9,28,0.0000,0.00
16:35:00,22.26363651661365,84.90947310095136,-59.416,-2.485,0.17,-0.000,0.000,-46.4,28,0.0000,0.00
16:35:00,22.26363651661365,84.90947310095136,-59.416,-2.485,0.17,-0.000,0.000,-45.1,28,0.0000,0.00
16:35:00,22.26363651661365,84.90947310095136,-59.416,-2.485,0.17,-0.000,0.000,-45.1,28,0.0000,0.00
16:35:00,22.26363651661365,84.90947310095136,-59.416,-2.485,0.17,-0.000,0.000,-42.1,28,0.0000,0.00
16:35:00,22.26363651661365,84.90947310095136,-59.416,-2.485,0.17,-0.000,0.000,-40.5,28,0.0000,0.00
16:35:00,22.26363651661365,84.90947310095136,-59.416,-2.485,0.17,-0.000,0.000,-38.8,28,0.0000,0.00
16:35:00,22.26363651661365,84.90947310095136,-59.416,-2.485,0.17,-0.000,0.000,-38.8,28,0.0000,0.00
16:35:00,22.26363651661365,84.90947310095136,-59.416,-2.485,0.18,-0.000,0.000,-35.4,28,0.0000,0.00
16:35:00,22.26363651661365,84.90947310095136,-59.416,-2.485,0.18,-0.000,0.000,-34.0,28,0.0000,0.00
16:35:00,22.26363651661365,84.90947310095136,-59.416,-2.485,0.18,-0.000,0.000,-34.0,28,0.0000,0.00
16:35:00,22.26363651661365,84.90947310095136,-59.416,-2.485,0.18,-0.000,0.000,-33.0,28,0.0000,0.00
16:35:00,22.26363651661365,84.90947310095136,-59.416,-2.485,0.18,-0.000,0.000,-32.6,28,0.0000,0.00
16:35:01,22.26363651661365,84.90947310095136,-59.416,-2.485,0.18,-0.000,0.000,-33.3,28,0.0000,0.00
16:35:01,22.26363651661365,84.90947310095136,-59.416,-2.485,0.18,-0.000,0.000,-33.3,28,0.0000,0.00
16:35:01,22.26363651661365,84.90947310095136,-59.460,-2.419,0.18,-0.068,0.101,-33.9,28,0.0132,0.00
16:35:01,22.26363651661365,84.90947310095136,-59.463,-2.414,0.18,-0.068,0.101,-34.6,28,0.0000,0.00
16:35:01,22.26363651661365,84.90947310095136,-59.467,-2.409,0.18,-0.068,0.101,-36.2,28,0.0000,0.00
16:35:01,22.26363651661365,84.90947310095136,-59.470,-2.404,0.18,-0.068,0.101,-36.2,28,0.0000,0.00
16:35:01,22.26363651661365,84.90947310095136,-59.474,-2.399,0.18,-0.068,0.101,-37.0,28,0.0000,0.00
16:35:01,22.26363651661365,84.90947310095136,-59.475,-2.401,0.18,-0.063,0.086,-37.9,28,0.0088,0.00
16:35:01,22.26363651661365,84.90947310095136,-59.478,-2.396,0.17,-0.063,0.086,-39.6,28,0.0000,0.00
16:35:01,22.26363651661365,84.90947310095136,-59.481,-2.392,0.17,-0.063,0.086,-39.6,28,0.0000,0.00
16:35:01,22.26363651661365,84.90947310095136,-59.484,-2.388,0.17,-0.063,0.086,-40.5,28,0.0000,0.00
16:35:01,22.26363651661365,84.90947310095136,-59.487,-2.383,0.17,-0.063,0.086,-41.4,28,0.0000,0.00
16:35:01,22.26363651661365,84.90947310095136,-59.500,-2.373,0.17,-0.088,0.102,-42.9,28,0.0074,0.00
16:35:01,22.26363651661365,84.90947310095136,-59.504,-2.368,0.17,-0.088,0.102,-42.9,28,0.0000,0.00
16:35:01,22.26363651661365,84.90947310095136,-59.509,-2.363,0.17,-0.088,0.102,-43.5,28,0.0000,0.00
16:35:01,22.26363651661365,84.90947310095136,-59.513,-2.358,0.17,-0.088,0.102,-44.1,28,0.0000,0.00
16:35:01,22.26363651661365,84.90947310095136,-59.518,-2.353,0.17,-0.088,0.102,-45.3,28,0.0000,0.00
16:35:01,22.26363651661365,84.90947310095136,-59.522,-2.348,0.17,-0.088,0.102,-45.3,28,0.0000,0.00
16:35:01,22.26363651661365,84.90947310095136,-59.526,-2.343,0.17,-0.088,0.102,-45.3,28,0.0000,0.00
16:35:01,22.26363651661365,84.90947310095136,-59.531,-2.337,0.17,-0.088,0.102,-46.4,28,0.0000,0.00
16:35:02,22.26363651661365,84.90947310095136,-59.535,-2.332,0.17,-0.088,0.102,-47.4,28,0.0000,0.00
16:35:02,22.26363651661365,84.90947310095136,-59.540,-2.327,0.17,-0.088,0.102,-47.4,28,0.0000,0.00
16:35:02,22.26363651661365,84.90947310095136,-59.544,-2.322,0.17,-0.088,0.102,-47.9,28,0.0000,0.00
16:35:02,22.26363651661365,84.90947310095136,-59.549,-2.317,0.17,-0.088,0.102,-48.3,28,0.0000,0.00
16:35:02,22.26363651661365,84.90947310095136,-59.553,-2.312,0.17,-0.088,0.102,-49.1,28,0.0000,0.00
16:35:02,22.26363651661365,84.90947310095136,-59.558,-2.307,0.17,-0.088,0.102,-49.1,28,0.0000,0.00
16:35:02,22.26363651661365,84.90947310095136,-59.562,-2.301,0.17,-0.088,0.102,-49.4,28,0.0000,0.00
16:35:02,22.26363651661365,84.90947310095136,-59.567,-2.296,0.17,-0.088,0.102,-49.7,28,0.0000,0.00
16:35:02,22.26363651661365,84.90947310095136,-59.571,-2.291,0.17,-0.088,0.102,-49.9,28,0.0000,0.00
16:35:02,22.26363651661365,84.90947310095136,-59.575,-2.286,0.17,-0.088,0.102,-49.9,28,0.0000,0.00
16:35:02,22.26363651661365,84.90947310095136,-59.580,-2.281,0.17,-0.088,0.102,-49.9,28,0.0000,0.00
16:35:02,22.26363651661365,84.90947310095136,-59.584,-2.276,0.17,-0.088,0.102,-49.8,28,0.0000,0.00
16:35:02,22.26363651661365,84.90947310095136,-59.589,-2.270,0.17,-0.088,0.102,-48.8,28,0.0000,0.00
16:35:02,22.26363651661365,84.90947310095136,-59.593,-2.265,0.17,-0.088,0.102,-48.8,28,0.0000,0.00
16:35:02,22.26363651661365,84.90947310095136,-59.598,-2.260,0.17,-0.088,0.102,-47.7,28,0.0000,0.00
16:35:02,22.26363651661365,84.90947310095136,-59.602,-2.255,0.17,-0.088,0.102,-46.4,28,0.0000,0.00
16:35:02,22.26363651661365,84.90947310095136,-59.607,-2.250,0.17,-0.088,0.102,-44.0,28,0.0000,0.00
16:35:02,22.26363651661365,84.90947310095136,-59.611,-2.245,0.17,-0.088,0.102,-44.0,28,0.0000,0.00
16:35:02,22.26363651661365,84.90947310095136,-59.719,-2.137,0.17,-0.227,0.240,-43.3,28,0.0038,0.00
16:35:02,22.26363651661365,84.90947310095136,-59.730,-2.125,0.17,-0.227,0.240,-42.5,28,0.0000,0.00
16:35:03,22.26363651661365,84.90947310095136,-59.742,-2.113,0.17,-0.227,0.240,-42.4,28,0.0000,0.00
16:35:03,22.26363651661365,84.90947310095136,-59.753,-2.101,0.17,-0.227,0.240,-42.4,28,0.0000,0.00
16:35:03,22.26363651661365,84.90947310095136,-59.765,-2.089,0.16,-0.227,0.240,-42.3,28,0.0000,0.00
16:35:03,22.26363651661365,84.90947310095136,-59.787,-2.061,0.16,-0.249,0.270,-42.2,28,0.0041,0.00
16:35:03,22.26363651661365,84.90947310095136,-59.800,-2.047,0.16,-0.249,0.270,-42.2,28,0.0000,0.00
16:35:03,22.26363651661365,84.90947310095136,-59.813,-2.034,0.16,-0.249,0.270,-42.1,28,0.0000,0.00
16:35:03,22.26363651661365,84.90947310095136,-59.825,-2.020,0.15,-0.249,0.270,-42.1,28,0.0000,0.00
16:35:03,22.26363651661365,84.90947310095136,-59.838,-2.006,0.15,-0.249,0.270,-42.2,28,0.0000,0.00
16:35:03,22.26363651661365,84.90947310095136,-59.850,-1.993,0.15,-0.249,0.270,-42.2,28,0.0000,0.00
16:35:03,22.26363651661365,84.90947310095136,-59.863,-1.979,0.15,-0.249,0.270,-42.9,28,0.0000,0.00
16:35:03,22.26363651661365,84.90947310095136,-59.875,-1.966,0.15,-0.249,0.270,-43.7,28,0.0000,0.00
16:35:03,22.26363651661365,84.90947310095136,-59.888,-1.952,0.15,-0.249,0.270,-46.3,28,0.0000,0.00
16:35:03,22.26363651661365,84.90947310095136,-59.901,-1.938,0.15,-0.249,0.270,-46.3,28,0.0000,0.00
16:35:03,22.26363651661365,84.90947310095136,-59.859,-1.935,0.15,-0.123,0.245,-48.0,28,0.0135,0.00
16:35:03,22.26363651661365,84.90947310095136,-59.872,-1.910,0.16,-0.123,0.245,-53.3,28,0.0000,0.00
16:35:03,22.26363651661365,84.90947310095136,-59.878,-1.898,0.16,-0.123,0.245,-53.3,28,0.0000,0.00
16:35:03,22.26363651661365,84.90947310095136,-59.884,-1.886,0.16,-0.123,0.245,-54.8,28,0.0000,0.00
16:35:03,22.26363651661365,84.90947310095136,-59.893,-1.873,0.16,-0.129,0.246,-57.3,28,0.0098,0.00
16:35:03,22.26363651661365,84.90947310095136,-59.899,-1.861,0.16,-0.129,0.246,-58.3,28,0.0000,0.00
16:35:04,22.26363651661365,84.90947310095136,-59.906,-1.848,0.16,-0.129,0.246,-58.3,28,0.0000,0.00
16:35:04,22.26363651661365,84.90947310095136,-59.912,-1.836,0.16,-0.129,0.246,-59.2,28,0.0000,0.00
16:35:04,22.26363651661365,84.90947310095136,-59.919,-1.824,0.16,-0.129,0.246,-60.5,28,0.0000,0.00
16:35:04,22.26363651661365,84.90947310095136,-59.925,-1.811,0.17,-0.129,0.246,-60.7,28,0.0000,0.00
16:35:04,22.26363651661365,84.90947310095136,-59.932,-1.799,0.17,-0.129,0.246,-60.7,28,0.0000,0.00
16:35:04,22.26363651661365,84.90947310095136,-59.938,-1.786,0.17,-0.129,0.246,-60.4,28,0.0000,0.00
16:35:04,22.26363651661365,84.90947310095136,-59.945,-1.774,0.17,-0.129,0.246,-58.1,28,0.0000,0.00
16:35:04,22.26363651661365,84.90947310095136,-59.951,-1.762,0.17,-0.129,0.246,-56.2,28,0.0000,0.00
16:35:04,22.26363651661365,84.90947310095136,-59.958,-1.749,0.17,-0.129,0.246,-56.2,28,0.0000,0.00
16:35:04,22.26363651661365,84.90947310095136,-59.964,-1.737,0.17,-0.129,0.246,-54.1,28,0.0000,0.00
16:35:04,22.26363651661365,84.90947310095136,-59.971,-1.724,0.17,-0.129,0.246,-51.7,28,0.0000,0.00
16:35:04,22.26363651661365,84.90947310095136,-59.977,-1.712,0.17,-0.129,0.246,-51.5,28,0.0000,0.00
16:35:04,22.26363651661365,84.90947310095136,-59.984,-1.700,0.17,-0.129,0.246,-51.5,28,0.0000,0.00
16:35:04,22.26363651661365,84.90947310095136,-59.990,-1.687,0.17,-0.129,0.246,-51.9,28,0.0000,0.00
16:35:04,22.26363651661365,84.90947310095136,-59.997,-1.675,0.17,-0.129,0.246,-54.2,28,0.0000,0.00
16:35:04,22.26363651661365,84.90947310095136,-60.003,-1.662,0.17,-0.129,0.246,-56.0,28,0.0000,0.00
16:35:04,22.26363651661365,84.90947310095136,-60.010,-1.650,0.17,-0.129,0.246,-56.0,28,0.0000,0.00
16:35:04,22.26363651661365,84.90947310095136,-60.016,-1.638,0.17,-0.129,0.246,-58.0,28,0.0000,0.00
16:35:04,22.26363651661365,84.90947310095136,-60.023,-1.625,0.17,-0.129,0.246,-63.0,28,0.0000,0.00
16:35:04,22.26363651661365,84.90947310095136,-60.008,-1.658,0.17,-0.096,0.174,-65.9,28,0.0151,0.00
16:35:05,22.26363651661365,84.90947310095136,-60.013,-1.649,0.18,-0.096,0.174,-65.9,28,0.0000,0.00
16:35:05,22.26363651661365,84.90947310095136,-60.018,-1.640,0.18,-0.096,0.174,-71.6,28,0.0000,0.00
16:35:05,22.26363651661365,84.90947310095136,-60.023,-1.632,0.18,-0.096,0.174,-74.3,28,0.0000,0.00
16:35:05,22.26363651661365,84.90947310095136,-60.028,-1.623,0.18,-0.096,0.174,-76.8,28,0.0000,0.00
16:35:05,22.26363651661365,84.90947310095136,-60.032,-1.614,0.18,-0.096,0.174,-76.8,28,10.0005,0.00
16:35:05,22.26363651661365,84.90947310095136,-60.037,-1.605,0.18,-0.096,0.174,-81.2,28,0.0000,0.00
16:35:05,22.26363651661365,84.90947310095136,-60.042,-1.597,0.18,-0.096,0.174,-83.2,28,0.0000,0.00
16:35:05,22.26363651661365,84.90947310095136,-60.047,-1.588,0.18,-0.096,0.174,-83.2,28,0.0000,0.00
16:35:05,22.26363651661365,84.90947310095136,-60.052,-1.579,0.18,-0.096,0.174,-85.0,28,0.0000,0.00
16:35:05,22.26363651661365,84.90947310095136,-60.057,-1.570,0.20,-0.096,0.174,-87.4,28,0.0000,0.00
16:35:05,22.26363651661365,84.90947310095136,-60.061,-1.562,0.20,-0.096,0.174,-87.9,28,0.0000,0.00
16:35:05,22.26363651661365,84.90947310095136,-60.066,-1.553,0.20,-0.096,0.174,-88.3,28,0.0000,0.00
16:35:05,22.26363651661365,84.90947310095136,-60.071,-1.544,0.20,-0.096,0.174,-88.3,28,0.0000,0.00
16:35:05,22.26363651661365,84.90947310095136,-60.076,-1.535,0.21,-0.096,0.174,-88.3,28,0.0000,0.00
16:35:05,22.26363651661365,84.90947310095136,-60.081,-1.527,0.21,-0.096,0.174,-88.2,28,10.0005,0.00
16:35:05,22.26363651661365,84.90947310095136,-60.086,-1.518,0.21,-0.096,0.174,-88.2,28,0.0000,0.00
16:35:05,22.26363651661365,84.90947310095136,-60.090,-1.509,0.21,-0.096,0.174,-88.1,28,0.0000,0.00
16:35:05,22.26363651661365,84.90947310095136,-60.095,-1.500,0.21,-0.096,0.174,-87.9,28,0.0000,0.00
16:35:05,22.26363651661365,84.90947310095136,-60.100,-1.491,0.21,-0.096,0.174,-87.4,28,0.0000,0.00
16:35:06,22.26363651661365,84.90947310095136,-60.105,-1.483,0.21,-0.096,0.174,-87.1,28,0.0000,0.00
16:35:06,22.26363651661365,84.90947310095136,-60.110,-1.474,0.21,-0.096,0.174,-87.1,28,10.0005,0.00
16:35:06,22.26363651661365,84.90947310095136,-60.114,-1.465,0.19,-0.096,0.174,-86.4,28,0.0000,0.00
16:35:06,22.26363651661365,84.90947310095136,-60.119,-1.456,0.19,-0.096,0.174,-86.0,28,0.0000,0.00
16:35:06,22.26363651661365,84.90947310095136,-60.124,-1.448,0.19,-0.096,0.174,-85.6,28,0.0000,0.00
16:35:06,22.26363651661365,84.90947310095136,-60.129,-1.439,0.19,-0.096,0.174,-85.6,28,0.0000,0.00
16:35:06,22.26363651661365,84.90947310095136,-60.134,-1.430,0.19,-0.096,0.174,-84.9,28,0.0000,0.00
16:35:06,22.26363651661365,84.90947310095136,-60.139,-1.421,0.18,-0.096,0.174,-84.5,28,0.0000,0.00
16:35:06,22.26363651661365,84.90947310095136,-60.143,-1.413,0.18,-0.096,0.174,-84.5,28,0.0000,0.00
16:35:06,22.26363651661365,84.90947310095136,-60.148,-1.404,0.18,-0.096,0.174,-83.7,28,0.0000,0.00
16:35:06,22.26363651661365,84.90947310095136,-60.153,-1.395,0.18,-0.096,0.174,-83.3,28,0.0000,0.00
16:35:06,22.26363651661365,84.90947310095136,-60.158,-1.386,0.18,-0.096,0.174,-83.0,28,0.0000,0.00
16:35:06,22.26363651661365,84.90947310095136,-60.163,-1.378,0.18,-0.096,0.174,-83.0,28,0.0000,0.00
16:35:06,22.26363651661365,84.90947310095136,-60.168,-1.369,0.18,-0.096,0.174,-82.4,28,0.0000,0.00
16:35:06,22.26363651661365,84.90947310095136,-60.172,-1.360,0.18,-0.096,0.174,-82.1,28,0.0000,0.00
16:35:06,22.26363651661365,84.90947310095136,-60.177,-1.351,0.18,-0.096,0.174,-81.8,28,0.0000,0.00
16:35:06,22.26363651661365,84.90947310095136,-60.176,-1.492,0.18,-0.090,0.032,-81.8,28,0.0125,0.00
16:35:06,22.26363651661365,84.90947310095136,-60.180,-1.491,0.18,-0.090,0.032,-81.4,28,0.0000,0.00
16:35:06,22.26363651661365,84.90947310095136,-60.185,-1.489,0.18,-0.090,0.032,-81.4,28,0.0000,0.00
16:35:06,22.26363651661365,84.90947310095136,-60.189,-1.488,0.18,-0.090,0.032,-81.9,28,0.0000,0.00
16:35:07,22.26363651661365,84.90947310095136,-60.194,-1.486,0.18,-0.090,0.032,-83.5,28,0.0000,0.00
16:35:07,22.26363651661365,84.90947310095136,-60.158,-1.498,0.18,-0.031,0.011,-83.5,28,0.0072,0.00
16:35:07,22.26363651661365,84.90947310095136,-60.160,-1.498,0.18,-0.031,0.011,-84.5,28,0.0000,0.00
16:35:07,22.26363651661365,84.90947310095136,-60.161,-1.497,0.19,-0.031,0.011,-85.4,28,0.0000,0.00
16:35:07,22.26363651661365,84.90947310095136,-60.163,-1.497,0.19,-0.031,0.011,-87.0,28,0.0000,0.00
16:35:07,22.26363651661365,84.90947310095136,-60.164,-1.496,0.19,-0.031,0.011,-87.0,28,0.0000,0.00
16:35:07,22.26363651661365,84.90947310095136,-60.166,-1.496,0.19,-0.031,0.011,-88.4,28,0.0000,0.00
16:35:07,22.26363651661365,84.90947310095136,-60.169,-1.495,0.20,-0.031,0.011,-89.2,28,0.0000,0.00
16:35:07,22.26363651661365,84.90947310095136,-60.171,-1.494,0.20,-0.031,0.011,-89.2,28,0.0000,0.00
16:35:07,22.26363651661365,84.90947310095136,-60.172,-1.493,0.20,-0.031,0.011,-89.3,28,0.0000,0.00
16:35:07,22.26363651661365,84.90947310095136,-60.174,-1.493,0.20,-0.031,0.011,-88.9,28,0.0000,0.00
16:35:07,22.26363651661365,84.90947310095136,-60.223,-1.494,0.20,-0.130,0.009,-86.8,28,0.0028,0.00
16:35:07,22.26363651661365,84.90947310095136,-60.230,-1.493,0.20,-0.130,0.009,-86.8,28,0.0000,0.00
16:35:07,22.26363651661365,84.90947310095136,-60.236,-1.493,0.20,-0.130,0.009,-85.0,28,0.0000,0.00
16:35:07,22.26363651661365,84.90947310095136,-60.243,-1.492,0.20,-0.130,0.009,-83.2,28,0.0000,0.00
16:35:07,22.26363651661365,84.90947310095136,-60.249,-1.492,0.20,-0.130,0.009,-79.4,28,0.0000,0.00
16:35:07,22.26363651661365,84.90947310095136,-60.311,-1.507,0.20,-0.279,-0.035,-79.4,28,0.0037,0.00
16:35:07,22.26363651661365,84.90947310095136,-60.326,-1.509,0.20,-0.279,-0.035,-77.8,28,0.0000,0.00
16:35:07,22.26363651661365,84.90947310095136,-60.340,-1.511,0.20,-0.279,-0.035,-76.4,28,0.0000,0.00
16:35:08,22.26363651661365,84.90947310095136,-60.354,-1.513,0.18,-0.279,-0.035,-74.3,28,0.0000,0.00
16:35:08,22.26363651661365,84.90947310095136,-60.368,-1.514,0.18,-0.279,-0.035,-74.3,28,0.0000,0.00
16:35:08,22.26363651661365,84.90947310095136,-60.393,-1.512,0.18,-0.314,-0.022,-73.5,28,0.0036,0.00
16:35:08,22.26363651661365,84.90947310095136,-60.408,-1.513,0.18,-0.314,-0.022,-72.7,28,0.0000,0.00
16:35:08,22.26363651661365,84.90947310095136,-60.424,-1.514,0.18,-0.314,-0.022,-71.5,28,0.0000,0.00
16:35:08,22.26363651661365,84.90947310095136,-60.440,-1.516,0.18,-0.314,-0.022,-71.5,28,0.0000,0.00
16:35:08,22.26363651661365,84.90947310095136,-60.456,-1.517,0.18,-0.314,-0.022,-70.9,28,0.0000,0.00
16:35:08,22.26363651661365,84.90947310095136,-60.472,-1.518,0.18,-0.314,-0.022,-70.4,28,0.0000,0.00
16:35:08,22.26363651661365,84.90947310095136,-60.488,-1.519,0.18,-0.314,-0.022,-69.4,28,0.0000,0.00
16:35:08,22.26363651661365,84.90947310095136,-60.503,-1.520,0.16,-0.314,-0.022,-69.4,28,0.0000,0.00
16:35:08,22.26363651661365,84.90947310095136,-60.519,-1.521,0.16,-0.314,-0.022,-69.0,28,0.0000,0.00
16:35:08,22.26363651661365,84.90947310095136,-60.535,-1.522,0.16,-0.314,-0.022,-68.6,28,0.0000,0.00
16:35:08,22.26363651661365,84.90947310095136,-60.551,-1.523,0.16,-0.314,-0.022,-68.0,28,0.0000,0.00
16:35:08,22.26363651661365,84.90947310095136,-60.567,-1.524,0.15,-0.314,-0.022,-68.0,28,0.0000,0.00
16:35:08,22.26363651661365,84.90947310095136,-60.583,-1.525,0.15,-0.314,-0.022,-67.8,28,0.0000,0.00
16:35:08,22.26363651661365,84.90947310095136,-60.598,-1.527,0.15,-0.314,-0.022,-67.6,28,0.0000,0.00
16:35:08,22.26363651661365,84.90947310095136,-60.614,-1.528,0.15,-0.314,-0.022,-67.2,28,0.0000,0.00
16:35:08,22.26363651661365,84.90947310095136,-60.630,-1.529,0.15,-0.314,-0.022,-67.2,28,0.0000,0.00
16:35:08,22.26363651661365,84.90947310095136,-60.646,-1.530,0.15,-0.314,-0.022,-67.1,28,0.0000,0.00
16:35:08,22.26363651661365,84.90947310095136,-60.662,-1.531,0.15,-0.314,-0.022,-67.0,28,0.0000,0.00
16:35:09,22.26363651661365,84.90947310095136,-60.678,-1.532,0.15,-0.314,-0.022,-67.0,28,0.0000,0.00
16:35:09,22.26363651661365,84.90947310095136,-60.693,-1.533,0.14,-0.314,-0.022,-67.0,28,0.0000,0.00
16:35:09,22.26363651661365,84.90947310095136,-60.709,-1.534,0.14,-0.314,-0.022,-67.0,28,0.0000,0.00
16:35:09,22.26363651661365,84.90947310095136,-60.725,-1.535,0.14,-0.314,-0.022,-67.2,28,0.0000,0.00
16:35:09,22.26363651661365,84.90947310095136,-60.741,-1.536,0.14,-0.314,-0.022,-67.6,28,0.0000,0.00
16:35:09,22.26363651661365,84.90947310095136,-60.757,-1.538,0.14,-0.314,-0.022,-67.6,28,0.0000,0.00
16:35:09,22.26363651661365,84.90947310095136,-60.773,-1.539,0.14,-0.314,-0.022,-67.9,28,0.0000,0.00
16:35:09,22.26363651661365,84.90947310095136,-60.789,-1.540,0.14,-0.314,-0.022,-68.2,28,0.0000,0.00
16:35:09,22.26363651661365,84.90947310095136,-60.804,-1.541,0.14,-0.314,-0.022,-68.8,28,0.0000,0.00
16:35:09,22.26363651661365,84.90947310095136,-60.820,-1.542,0.14,-0.314,-0.022,-68.8,28,0.0000,0.00
16:35:09,22.26363651661365,84.90947310095136,-60.836,-1.543,0.15,-0.314,-0.022,-69.2,28,0.0000,0.00
16:35:09,22.26363651661365,84.90947310095136,-60.852,-1.544,0.15,-0.314,-0.022,-69.5,28,0.0000,0.00
16:35:09,22.26363651661365,84.90947310095136,-60.868,-1.545,0.15,-0.314,-0.022,-70.1,28,0.0000,0.00
16:35:09,22.26363651661365,84.90947310095136,-60.884,-1.546,0.15,-0.314,-0.022,-70.1,28,0.0000,0.00
16:35:09,22.26363651661365,84.90947310095136,-60.899,-1.547,0.15,-0.314,-0.022,-70.5,28,0.0000,0.00
16:35:09,22.26363651661365,84.90947310095136,-60.915,-1.549,0.15,-0.314,-0.022,-70.9,28,0.0000,0.00
16:35:09,22.26363651661365,84.90947310095136,-60.931,-1.550,0.15,-0.314,-0.022,-71.7,28,0.0000,0.00
16:35:09,22.26363651661365,84.90947310095136,-60.947,-1.551,0.15,-0.314,-0.022,-71.7,28,0.0000,0.00
16:35:10,22.26363651661365,84.90947310095136,-60.963,-1.552,0.15,-0.314,-0.022,-72.0,28,0.0000,0.00
16:35:11,22.26363651661365,84.90947310095136,-60.978,-1.553,0.15,-0.314,-0.022,-72.7,28,0.0000,0.00
16:35:11,22.26363651661365,84.90947310095136,-60.994,-1.554,0.15,-0.314,-0.022,-72.7,28,0.0000,0.00
16:35:11,22.26363651661365,84.90947310095136,-61.010,-1.555,0.15,-0.314,-0.022,-73.1,28,0.0000,0.00
16:35:11,22.26363651661365,84.90947310095136,-61.026,-1.556,0.15,-0.314,-0.022,-73.4,28,0.0000,0.00
16:35:11,22.26363651661365,84.90947310095136,-61.042,-1.557,0.15,-0.314,-0.022,-74.4,28,0.0000,0.00
16:35:11,22.26363651661365,84.90947310095136,-61.058,-1.558,0.15,-0.314,-0.022,-74.4,28,0.0000,0.00
16:35:11,22.26363651661365,84.90947310095136,-61.073,-1.560,0.15,-0.314,-0.022,-75.3,28,0.0000,0.00
16:35:11,22.26363651661365,84.90947310095136,-61.089,-1.561,0.15,-0.314,-0.022,-77.8,28,0.0000,0.00
16:35:11,22.26363651661365,84.90947310095136,-61.105,-1.562,0.16,-0.314,-0.022,-79.1,28,0.0000,0.00
16:35:11,22.26363651661365,84.90947310095136,-61.121,-1.563,0.16,-0.314,-0.022,-79.1,28,0.0000,0.00
16:35:11,22.26363651661365,84.90947310095136,-61.137,-1.564,0.16,-0.314,-0.022,-80.5,28,0.0000,0.00
16:35:11,22.26363651661365,84.90947310095136,-61.153,-1.565,0.16,-0.314,-0.022,-83.4,28,0.0000,0.00
16:35:11,22.26363651661365,84.90947310095136,-61.169,-1.566,0.16,-0.314,-0.022,-83.4,28,0.0000,0.00
16:35:11,22.26363651661365,84.90947310095136,-61.185,-1.567,0.16,-0.314,-0.022,-84.9,28,0.0000,0.00
16:35:11,22.26363651661365,84.90947310095136,-61.201,-1.568,0.16,-0.314,-0.022,-88.0,28,0.0000,0.00
16:35:11,22.26363651661365,84.90947310095136,-61.216,-1.569,0.16,-0.314,-0.022,-89.7,28,0.0000,0.00
16:35:11,22.26363651661365,84.90947310095136,-61.232,-1.571,0.16,-0.314,-0.022,-89.7,28,0.0000,0.00
16:35:11,22.26363651661365,84.90947310095136,-61.248,-1.572,0.15,-0.314,-0.022,-91.5,28,0.0000,0.00
16:35:11,22.26363651661365,84.90947310095136,-61.264,-1.573,0.15,-0.314,-0.022,-93.3,28,0.0000,0.00
16:35:11,22.26363651661365,84.90947310095136,-61.280,-1.574,0.15,-0.314,-0.022,-96.5,28,0.0000,0.00
16:35:11,22.26363651661365,84.90947310095136,-61.296,-1.575,0.15,-0.314,-0.022,-96.5,28,0.0000,0.00
16:35:11,22.26363651661365,84.90947310095136,-61.311,-1.576,0.18,-0.314,-0.022,-98.0,28,0.0000,0.00
16:35:11,22.26363651661365,84.90947310095136,-61.327,-1.577,0.18,-0.314,-0.022,-100.7,28,0.0000,0.00
16:35:11,22.26363651661365,84.90947310095136,-61.343,-1.578,0.18,-0.314,-0.022,-101.7,28,0.0000,0.00
16:35:11,22.26363651661365,84.90947310095136,-61.359,-1.579,0.18,-0.314,-0.022,-101.7,28,0.0000,0.00
16:35:11,22.26363651661365,84.90947310095136,-61.375,-1.581,0.18,-0.314,-0.022,-102.6,28,10.0005,0.00
16:35:11,22.26363651661365,84.90947310095136,-61.391,-1.582,0.18,-0.314,-0.022,-103.8,28,0.0000,0.00
16:35:11,22.26363651661365,84.90947310095136,-61.407,-1.583,0.18,-0.314,-0.022,-104.2,28,0.0000,0.00
16:35:11,22.26363651661365,84.90947310095136,-61.422,-1.584,0.18,-0.314,-0.022,-104.2,28,0.0000,0.00
16:35:11,22.263670962533908,84.90943153452646,-61.438,-1.585,0.26,-0.314,-0.022,-104.5,28,0.0000,0.00
16:35:11,22.2636695598925,84.90943677134683,-60.899,-1.741,0.26,0.002,-0.110,-104.7,28,0.0037,0.00
16:35:11,22.26366950973994,84.9094367724447,-60.899,-1.747,0.26,0.002,-0.110,-104.6,28,0.0000,0.00
16:35:11,22.263669459843573,84.90943677353698,-60.898,-1.752,0.26,0.002,-0.110,-104.6,28,0.0000,0.00
16:35:11,22.26366940984907,84.90943677463139,-60.898,-1.758,0.40,0.002,-0.110,-104.5,28,0.0000,0.00
16:35:11,22.263669359986196,84.90943677572292,-60.898,-1.763,0.40,0.002,-0.110,-104.1,28,0.0000,0.00
16:35:11,22.26366919781971,84.90943697936417,-60.877,-1.781,0.40,0.022,-0.122,-103.9,28,0.0102,0.00
16:35:11,22.263669142346068,84.90943699039045,-60.876,-1.788,0.40,0.022,-0.122,-103.9,28,0.0000,0.00
16:35:11,22.263669087016726,84.90943700138804,-60.875,-1.794,0.40,0.022,-0.122,-103.8,28,0.0000,0.00
16:35:11,22.26366903172457,84.90943701237825,-60.874,-1.800,0.40,0.022,-0.122,-103.9,28,0.0000,0.00
16:35:11,22.26366897633683,84.90943702338745,-60.873,-1.806,0.40,0.022,-0.122,-104.1,28,0.0000,0.00
16:35:12,22.263668920949613,84.90943703439656,-60.872,-1.812,0.40,0.022,-0.122,-104.1,28,10.0005,0.00
16:35:12,22.26366886563258,84.90943704539171,-60.870,-1.818,0.40,0.022,-0.122,-104.9,28,0.0000,0.00
16:35:12,22.263668810241693,84.90943705640154,-60.869,-1.825,0.50,0.022,-0.122,-105.3,24,0.0000,0.00
16:35:12,22.263668754903186,84.90943706740096,-60.868,-1.831,0.50,0.022,-0.122,-105.9,24,0.0000,0.00
16:35:12,22.263668699603965,84.90943707839257,-60.867,-1.837,0.50,0.022,-0.122,-105.9,24,0.0000,0.00
16:35:12,22.263668644360525,84.90943708937309,-60.866,-1.843,0.50,0.022,-0.122,-107.0,24,0.0000,0.00
16:35:12,22.263668588995305,84.90943710037781,-60.865,-1.849,0.50,0.022,-0.122,-107.6,24,0.0000,0.00
16:35:12,22.26366853333834,84.90943711144054,-60.864,-1.855,0.50,0.022,-0.122,-108.2,24,0.0000,0.00
16:35:12,22.263668422700608,84.90943713343157,-60.861,-1.868,0.50,0.022,-0.122,-109.2,24,0.0000,0.00
16:35:12,22.26366836740898,84.90943714442167,-60.860,-1.874,0.62,0.022,-0.122,-109.6,24,0.0000,0.00
16:35:12,22.263668312052662,84.90943715542463,-60.859,-1.880,0.62,0.022,-0.122,-109.9,24,0.0000,0.00
16:35:12,22.263668256649993,84.9094371664368,-60.858,-1.886,0.62,0.022,-0.122,-109.9,24,0.0000,0.00
16:35:12,22.263668201462334,84.90943717740623,-60.857,-1.892,0.62,0.022,-0.122,-110.5,24,0.0000,0.00
16:35:12,22.263668146026667,84.90943718842496,-60.856,-1.898,0.79,0.022,-0.122,-110.8,24,0.0000,0.00
16:35:12,22.26366805964509,84.90943734600586,-60.840,-1.908,0.79,0.044,-0.127,-111.0,24,0.0042,0.00
16:35:12,22.263668001947092,84.90943736751443,-60.837,-1.914,0.79,0.044,-0.127,-111.4,24,0.0000,0.00
16:35:12,22.263667944394008,84.90943738896898,-60.835,-1.921,0.79,0.044,-0.127,-111.4,24,0.0000,0.00
16:35:12,22.26366788696813,84.90943741037611,-60.833,-1.927,0.79,0.044,-0.127,-111.4,22,0.0000,0.00
16:35:12,22.263667829431657,84.90943743182447,-60.831,-1.934,0.79,0.044,-0.127,-111.8,22,0.0000,0.00
16:35:12,22.263667771791408,84.90943745331151,-60.828,-1.940,0.79,0.044,-0.127,-112.0,22,0.0000,0.00
16:35:13,22.26366771430451,84.90943747474138,-60.826,-1.947,0.79,0.044,-0.127,-112.0,22,0.0000,0.00
16:35:13,22.263667656673523,84.90943749622498,-60.824,-1.953,0.79,0.044,-0.127,-112.1,22,0.0000,0.00
16:35:13,22.263667599101094,84.90943751768674,-60.822,-1.959,0.92,0.044,-0.127,-112.1,22,0.0000,0.00
16:35:13,22.263667541507967,84.90943753915622,-60.820,-1.966,0.92,0.044,-0.127,-112.2,22,0.0000,0.00
16:35:13,22.26366748396959,84.90943756060528,-60.817,-1.972,0.92,0.044,-0.127,-112.2,22,0.0000,0.00
16:35:13,22.263667357643698,84.90943765266326,-60.808,-1.986,0.92,0.058,-0.142,-112.2,22,0.0056,0.00
16:35:13,22.26366729326128,84.90943768095507,-60.805,-1.993,1.06,0.058,-0.142,-112.2,22,0.0000,0.00
16:35:13,22.263667228881285,84.90943770924582,-60.802,-2.001,1.06,0.058,-0.142,-112.2,22,0.0000,0.00
16:35:13,22.26366716485318,84.90943773738194,-60.799,-2.008,1.06,0.058,-0.142,-112.2,22,0.0000,0.00
16:35:13,22.26366710080961,84.90943776552486,-60.796,-2.015,1.06,0.058,-0.142,-112.2,22,0.0000,0.00
16:35:13,22.263667018387675,84.90943781244309,-60.791,-2.024,1.06,0.062,-0.147,-112.2,19,0.0062,0.00
16:35:13,22.26366695160662,84.90943784315414,-60.788,-2.031,1.06,0.062,-0.147,-112.1,19,0.0000,0.00
16:35:13,22.263666885080184,84.9094378737481,-60.785,-2.039,1.06,0.062,-0.147,-112.1,19,0.0000,0.00
16:35:13,22.26366681884012,84.90943790421036,-60.782,-2.046,1.06,0.062,-0.147,-111.9,19,0.0000,0.00
16:35:13,22.2636667523841,84.90943793477193,-60.779,-2.054,1.24,0.062,-0.147,-111.8,19,0.0000,0.00
16:35:13,22.26366663632096,84.90943798713812,-60.773,-2.067,1.24,0.070,-0.164,-111.5,19,0.0058,0.00
16:35:13,22.263666561876637,84.9094380212128,-60.770,-2.075,1.24,0.070,-0.164,-111.5,19,0.0000,0.00
16:35:13,22.2636664876658,84.9094380551806,-60.766,-2.083,1.24,0.070,-0.164,-111.5,19,0.0000,0.00
16:35:13,22.263666413389565,84.90943808917834,-60.763,-2.091,1.24,0.070,-0.164,-111.2,19,0.0000,0.00
16:35:14,22.26366633909012,84.9094381231867,-60.759,-2.100,1.39,0.070,-0.164,-111.0,15,0.0000,0.00
16:35:14,22.263666264765703,84.9094381572065,-60.756,-2.108,1.39,0.070,-0.164,-111.0,15,10.0005,0.00
16:35:14,22.263666190533772,84.90943819118395,-60.752,-2.116,1.39,0.070,-0.164,-110.9,15,0.0000,0.00
16:35:14,22.263666115980442,84.90943822530852,-60.749,-2.124,1.39,0.070,-0.164,-110.8,15,0.0000,0.00
16:35:14,22.263666041682754,84.90943825931609,-60.745,-2.133,1.39,0.070,-0.164,-110.8,15,0.0000,0.00
16:35:14,22.263665967440623,84.90943829329821,-60.742,-2.141,1.39,0.070,-0.164,-110.7,15,0.0000,0.00
16:35:14,22.263665893228385,84.90943832726666,-60.738,-2.149,1.39,0.070,-0.164,-110.6,15,10.0005,0.00
16:35:14,22.2636658188994,84.90943836128854,-60.735,-2.158,1.39,0.070,-0.164,-110.6,15,0.0000,0.00
16:35:14,22.263665744662546,84.90943839526825,-60.731,-2.166,1.53,0.070,-0.164,-110.6,22,0.0000,0.00
16:35:14,22.263665670285032,84.90943842931235,-60.728,-2.174,1.53,0.070,-0.164,-110.4,22,0.0000,0.00
16:35:14,22.263665595922994,84.90943846334936,-60.724,-2.182,1.53,0.070,-0.164,-110.2,22,0.0000,0.00
16:35:14,22.263665521663988,84.90943849733921,-60.721,-2.191,1.53,0.070,-0.164,-109.9,22,0.0000,0.00
16:35:14,22.263665447217203,84.90943853141502,-60.717,-2.199,1.53,0.070,-0.164,-109.9,22,0.0000,0.00
16:35:14,22.263665372865713,84.9094385654472,-60.714,-2.207,1.53,0.070,-0.164,-109.8,22,0.0000,0.00
16:35:14,22.263665298514574,84.90943859947923,-60.710,-2.215,1.53,0.070,-0.164,-109.7,22,0.0000,0.00
16:35:14,22.263665224222162,84.90943863348437,-60.707,-2.224,1.53,0.070,-0.164,-109.5,22,0.0000,0.00
16:35:14,22.263665149841135,84.90943866753007,-60.703,-2.232,1.72,0.070,-0.164,-109.5,22,0.0000,0.00
16:35:14,22.26366507567988,84.90943870147518,-60.700,-2.240,1.72,0.070,-0.164,-109.5,22,0.0000,0.00
16:35:14,22.26366500126369,84.90943873553698,-60.696,-2.249,1.72,0.070,-0.164,-109.4,22,0.0000,0.00
16:35:14,22.263664926966353,84.90943876954438,-60.693,-2.257,1.72,0.070,-0.164,-109.4,22,0.0000,0.00
16:35:15,22.263664852607832,84.90943880357979,-60.689,-2.265,1.72,0.070,-0.164,-109.4,22,0.0000,0.00
16:35:15,22.26366477845537,84.90943883752087,-60.686,-2.273,1.85,0.070,-0.164,-109.4,23,0.0000,0.00
16:35:15,22.26366470407153,84.90943887156786,-60.682,-2.282,1.85,0.070,-0.164,-109.4,23,10.0005,0.00
16:35:15,22.263664629787556,84.90943890556915,-60.679,-2.290,1.85,0.070,-0.164,-109.3,23,0.0000,0.00
16:35:15,22.26366455551624,84.90943893956462,-60.675,-2.298,1.85,0.070,-0.164,-109.3,23,0.0000,0.00
16:35:15,22.26366448124563,84.90943897355979,-60.672,-2.306,1.85,0.070,-0.164,-109.3,23,0.0000,0.00
16:35:15,22.263664406700386,84.90943900768066,-60.668,-2.315,1.85,0.070,-0.164,-109.2,23,0.0000,0.00
16:35:15,22.263664332310213,84.90943904173055,-60.665,-2.323,1.85,0.070,-0.164,-109.2,23,10.0005,0.00
16:35:15,22.263664257973495,84.90943907575597,-60.661,-2.331,1.85,0.070,-0.164,-109.2,23,0.0000,0.00
16:35:15,22.263664183682486,84.90943910976047,-60.658,-2.340,1.98,0.070,-0.164,-109.2,13,0.0000,0.00
16:35:15,22.263664109231833,84.90943914383804,-60.654,-2.348,1.98,0.070,-0.164,-109.3,13,0.0000,0.00
16:35:15,22.263664034968958,84.90943917782967,-60.651,-2.356,1.98,0.070,-0.164,-109.3,13,0.0000,0.00
16:35:15,22.263663745739535,84.90943919031359,-60.650,-2.388,1.98,0.067,-0.189,-109.3,13,0.0074,0.00
16:35:15,22.26366366007223,84.90943922335545,-60.646,-2.398,2.16,0.067,-0.189,-109.4,13,0.0000,0.00
16:35:15,22.263663574636286,84.90943925630808,-60.643,-2.407,2.16,0.067,-0.189,-109.4,13,0.0000,0.00
16:35:15,22.26366348916562,84.90943928927409,-60.639,-2.417,2.16,0.067,-0.189,-109.4,13,0.0000,0.00
16:35:15,22.26366340379549,84.90943932220134,-60.636,-2.426,2.16,0.067,-0.189,-109.4,13,0.0000,0.00
16:35:15,22.26366331839185,84.9094393551415,-60.633,-2.436,2.16,0.067,-0.189,-109.4,0,0.0000,0.00
16:35:15,22.263663232900992,84.9094393881153,-60.629,-2.445,2.16,0.067,-0.189,-109.4,0,0.0000,0.00
16:35:15,22.263663147336246,84.90943942111761,-60.626,-2.455,2.16,0.067,-0.189,-109.3,0,0.0000,0.00
16:35:16,22.263663062050508,84.9094394540123,-60.622,-2.464,2.16,0.067,-0.189,-109.3,0,0.0000,0.00
16:35:16,22.263662976749828,84.90943948691275,-60.619,-2.474,2.16,0.067,-0.189,-109.3,0,0.0000,0.00
16:35:16,22.26366289147943,84.90943951980152,-60.616,-2.483,2.30,0.067,-0.189,-109.3,0,0.0000,0.00
16:35:16,22.263662806006746,84.90943955276832,-60.612,-2.493,2.30,0.067,-0.189,-109.3,0,0.0000,0.00
16:35:16,22.263662720507813,84.90943958574523,-60.609,-2.502,2.30,0.067,-0.189,-109.3,0,0.0000,0.00
16:35:16,22.263662635244685,84.90943961863121,-60.605,-2.512,2.30,0.067,-0.189,-109.3,0,0.0000,0.00
16:35:16,22.263662549812782,84.90943965158228,-60.602,-2.521,2.44,0.067,-0.189,-109.3,0,0.0000,0.00
16:35:16,22.26366246432152,84.90943968455623,-60.599,-2.531,2.44,0.067,-0.189,-109.3,0,0.0000,0.00
16:35:16,22.263662378902133,84.90943971750248,-60.595,-2.540,2.44,0.067,-0.189,-109.3,0,0.0000,0.00
16:35:16,22.263662293421373,84.90943975047239,-60.592,-2.550,2.44,0.067,-0.189,-109.2,0,0.0000,0.00
16:35:16,22.263662207990276,84.90943978342314,-60.588,-2.559,2.44,0.067,-0.189,-108.8,7,0.0000,0.00
16:35:16,22.263662122492555,84.9094398163996,-60.585,-2.569,2.44,0.067,-0.189,-108.5,7,0.0000,0.00
16:35:16,22.263662037228215,84.90943984928603,-60.582,-2.578,2.44,0.067,-0.189,-108.5,7,0.0000,0.00
16:35:16,22.263661951843954,84.90943988221872,-60.578,-2.588,2.44,0.067,-0.189,-108.1,7,0.0000,0.00
16:35:16,22.26366186641851,84.9094399151673,-60.575,-2.597,2.58,0.067,-0.189,-108.0,7,0.0000,0.00
16:35:16,22.263661780945824,84.9094399481341,-60.571,-2.607,2.58,0.067,-0.189,-108.0,7,0.0000,0.00
16:35:16,22.26366169567341,84.90943998102364,-60.568,-2.617,2.58,0.067,-0.189,-108.0,7,0.0000,0.00
16:35:16,22.263661610142577,84.90944001401286,-60.565,-2.626,2.58,0.067,-0.189,-108.2,7,0.0000,0.00
16:35:16,22.263661524763567,84.90944004694353,-60.561,-2.636,2.58,0.067,-0.189,-108.8,7,0.0000,0.00
16:35:17,22.26366143918227,84.90944007995222,-60.558,-2.645,2.58,0.067,-0.189,-108.8,7,0.0000,0.00
16:35:17,22.26366135391712,84.90944011283896,-60.554,-2.655,2.58,0.067,-0.189,-109.2,7,0.0000,0.00
16:35:17,22.26366126836812,84.90944014583519,-60.551,-2.664,2.58,0.067,-0.189,-110.3,7,0.0000,0.00
16:35:17,22.263661183110646,84.90944017871898,-60.548,-2.674,2.58,0.067,-0.189,-110.9,7,0.0000,0.00
16:35:17,22.26366172159427,84.90944027653796,-60.538,-2.614,2.67,0.074,-0.118,-110.9,7,0.0029,0.00
16:35:17,22.263661667925476,84.90944031288717,-60.534,-2.620,2.67,0.074,-0.118,-111.6,7,0.0000,0.00
16:35:17,22.263661614370065,84.90944034915958,-60.530,-2.626,2.67,0.074,-0.118,-113.0,7,0.0000,0.00
16:35:17,22.26366156087211,84.90944038539308,-60.526,-2.632,2.67,0.074,-0.118,-113.6,7,0.0000,0.00
16:35:17,22.26366150727367,84.90944042169464,-60.523,-2.637,2.78,0.074,-0.118,-114.3,7,0.0000,0.00
16:35:17,22.2636614537866,84.90944045792077,-60.519,-2.643,2.78,0.074,-0.118,-114.3,7,0.0000,0.00
16:35:17,22.263661400159815,84.90944049424152,-60.515,-2.649,2.78,0.074,-0.118,-115.5,7,0.0000,0.00
16:35:17,22.263661346633512,84.90944053049421,-60.511,-2.655,2.78,0.074,-0.118,-116.0,7,0.0000,0.00
16:35:17,22.263661293059627,84.90944056677914,-60.508,-2.661,2.78,0.074,-0.118,-116.0,7,0.0000,0.00
16:35:17,22.263661239624945,84.90944060296978,-60.504,-2.667,2.78,0.074,-0.118,-116.6,7,0.0000,0.00
16:35:17,22.263661186085226,84.90944063923158,-60.500,-2.673,2.78,0.074,-0.118,-117.5,7,10.0005,0.00
16:35:17,22.263661132632826,84.90944067543421,-60.497,-2.679,2.78,0.074,-0.118,-117.9,7,0.0000,0.00
16:35:17,22.263661079048816,84.909440711726,-60.493,-2.685,2.78,0.074,-0.118,-117.9,7,0.0000,0.00
16:35:17,22.263661025580724,84.90944074793927,-60.489,-2.691,2.91,0.074,-0.118,-118.3,7,0.0000,0.00
16:35:17,22.263660972117442,84.9094407841493,-60.485,-2.697,2.91,0.074,-0.118,-118.8,7,0.0000,0.00
16:35:17,22.26366088308295,84.90944042870015,-60.522,-2.707,2.91,0.014,-0.124,-118.8,7,0.0080,0.00
16:35:17,22.263660826811133,84.90944043550526,-60.521,-2.713,2.91,0.014,-0.124,-118.9,7,0.0000,0.00
16:35:18,22.2636607706998,84.90944044229096,-60.521,-2.719,2.98,0.014,-0.124,-118.9,8,0.0000,0.00
16:35:18,22.263660714401144,84.90944044909932,-60.520,-2.726,2.98,0.014,-0.124,-118.9,8,0.0000,0.00
16:35:18,22.263660658259788,84.90944045588864,-60.519,-2.732,2.98,0.014,-0.124,-118.9,8,0.0000,0.00
16:35:18,22.263660501908102,84.90944046057449,-60.519,-2.749,2.98,0.013,-0.148,-118.7,8,0.0029,0.00
16:35:18,22.263660434410628,84.90944046720253,-60.518,-2.757,2.98,0.013,-0.148,-118.5,8,0.0000,0.00
16:35:18,22.26366036759063,84.90944047376406,-60.517,-2.764,2.98,0.013,-0.148,-118.2,8,0.0000,0.00
16:35:18,22.26366030085132,84.90944048031766,-60.517,-2.772,2.98,0.013,-0.148,-118.2,8,0.0000,0.00
16:35:18,22.26366023409809,84.90944048687263,-60.516,-2.779,2.98,0.013,-0.148,-118.0,8,0.0000,0.00
16:35:18,22.26366018112602,84.909440666003,-60.497,-2.785,3.07,0.065,-0.143,-117.4,0,0.0086,0.00
16:35:18,22.263660115954952,84.90944069782621,-60.494,-2.792,3.07,0.065,-0.143,-117.1,0,0.0000,0.00
16:35:18,22.26366005110212,84.90944072949404,-60.491,-2.800,3.07,0.065,-0.143,-117.1,0,0.0000,0.00
16:35:18,22.26365998647669,84.90944076105083,-60.488,-2.807,3.07,0.065,-0.143,-116.6,0,0.0000,0.00
16:35:18,22.2636599217638,84.90944079265032,-60.484,-2.814,3.07,0.065,-0.143,-116.3,0,0.0000,0.00
16:35:18,22.263659850089592,84.90944088650885,-60.475,-2.822,3.15,0.087,-0.146,-116.1,0,0.0076,0.00
16:35:18,22.263659781727455,84.9094409303062,-60.470,-2.830,3.15,0.087,-0.146,-116.1,0,0.0000,0.00
16:35:18,22.263659715662712,84.90944097263171,-60.466,-2.837,3.15,0.087,-0.146,-115.6,0,0.0000,0.00
16:35:18,22.263659649579218,84.90944101496922,-60.462,-2.844,3.15,0.087,-0.146,-115.3,0,0.0000,0.00
16:35:18,22.263659583363232,84.9094410573916,-60.457,-2.852,3.15,0.087,-0.146,-115.1,0,0.0000,0.00
16:35:18,22.263659517287863,84.9094410997239,-60.453,-2.859,3.15,0.087,-0.146,-115.1,0,0.0000,0.00
16:35:19,22.263659451380924,84.9094411419483,-60.448,-2.866,3.15,0.087,-0.146,-114.9,0,0.0000,0.00
16:35:19,22.263659385408676,84.90944118421454,-60.444,-2.874,3.15,0.087,-0.146,-114.5,0,0.0000,0.00
16:35:19,22.263659319415176,84.9094412264944,-60.440,-2.881,3.26,0.087,-0.146,-114.3,0,0.0000,0.00
16:35:19,22.26365925342918,84.90944126876944,-60.435,-2.888,3.26,0.087,-0.146,-114.3,0,0.0000,0.00
16:35:19,22.263659187437245,84.9094413110483,-60.431,-2.896,3.26,0.087,-0.146,-113.9,0,0.0000,0.00
16:35:19,22.263659121449372,84.90944135332454,-60.427,-2.903,3.35,0.087,-0.146,-113.6,0,0.0000,0.00
16:35:19,22.263658988248057,84.90944143866221,-60.418,-2.918,3.35,0.087,-0.146,-113.6,0,0.0000,0.00
16:35:19,22.26365892226331,84.90944148093647,-60.414,-2.925,3.35,0.087,-0.146,-113.5,0,0.0000,0.00
16:35:19,22.263658856178253,84.90944152327496,-60.409,-2.933,3.35,0.087,-0.146,-113.3,0,0.0000,0.00
16:35:19,22.263658790028828,84.90944156565472,-60.405,-2.940,3.35,0.087,-0.146,-113.2,0,0.0000,0.00
16:35:19,22.263658723945333,84.90944160799222,-60.400,-2.947,3.35,0.087,-0.146,-113.2,0,0.0000,0.00
16:35:19,22.263658657794657,84.90944165037278,-60.396,-2.955,3.35,0.087,-0.146,-113.1,0,0.0000,0.00
16:35:19,22.263658591747724,84.90944169268687,-60.392,-2.962,3.35,0.087,-0.146,-113.0,0,0.0000,0.00
16:35:19,22.263658525790476,84.90944173494348,-60.387,-2.969,3.35,0.087,-0.146,-112.9,0,0.0000,0.00
16:35:19,22.2636584597676,84.90944177724217,-60.383,-2.977,3.44,0.087,-0.146,-112.9,0,0.0000,0.00
16:35:19,22.26365839381379,84.90944181949659,-60.379,-2.984,3.44,0.087,-0.146,-112.8,0,0.0000,0.00
16:35:19,22.263658327531868,84.90944186196123,-60.374,-2.991,3.44,0.087,-0.146,-112.7,0,0.0000,0.00
16:35:19,22.263658261577746,84.90944190421585,-60.370,-2.999,3.44,0.087,-0.146,-112.6,0,0.0000,0.00
16:35:19,22.26365819561737,84.90944194647447,-60.366,-3.006,3.44,0.087,-0.146,-112.6,0,0.0000,0.00
16:35:19,22.263658129423572,84.90944198888266,-60.361,-3.013,3.44,0.087,-0.146,-112.5,0,0.0000,0.00
16:35:20,22.263658063346014,84.90944203121636,-60.357,-3.021,3.44,0.087,-0.146,-111.8,0,0.0000,0.00
16:35:20,22.263657997229085,84.90944207357529,-60.352,-3.028,3.44,0.087,-0.146,-110.3,0,0.0000,0.00
16:35:20,22.263657931208712,84.90944211587235,-60.348,-3.036,3.53,0.087,-0.146,-110.3,0,0.0000,0.00
16:35:20,22.263657865238027,84.9094421581376,-60.344,-3.043,3.53,0.087,-0.146,-106.0,0,0.0000,0.00
16:35:20,22.26365779921672,84.90944220043527,-60.339,-3.050,3.53,0.087,-0.146,-103.7,0,0.0000,0.00
16:35:20,22.263657733269156,84.90944224268569,-60.335,-3.058,3.53,0.087,-0.146,-99.3,0,0.0000,0.00
16:35:20,22.263657667321908,84.9094422849359,-60.331,-3.065,3.62,0.087,-0.146,-99.3,0,0.0000,0.00
16:35:20,22.263657601332472,84.90944232721316,-60.326,-3.072,3.62,0.087,-0.146,-99.3,0,0.0000,0.00
16:35:20,22.26365753532085,84.90944236950462,-60.322,-3.080,3.62,0.087,-0.146,-95.8,0,0.0000,0.00
16:35:20,22.263657469230484,84.90944241184653,-60.318,-3.087,3.62,0.087,-0.146,-94.4,0,0.0000,0.00
16:35:20,22.263657403291358,84.90944245409155,-60.313,-3.094,3.62,0.087,-0.146,-92.8,0,0.0000,0.00
16:35:20,22.2636573372238,84.90944249641885,-60.309,-3.102,3.62,0.087,-0.146,-92.8,0,0.0000,0.00
16:35:20,22.263657271336548,84.90944253863063,-60.305,-3.109,3.62,0.087,-0.146,-92.7,0,0.0000,0.00
16:35:20,22.263657205243994,84.90944258097394,-60.300,-3.116,3.62,0.087,-0.146,-93.3,0,0.0000,0.00
16:35:20,22.263657139160188,84.90944262331165,-60.296,-3.124,3.62,0.087,-0.146,-93.3,0,0.0000,0.00
16:35:20,22.263657073229187,84.90944266555147,-60.291,-3.131,3.67,0.087,-0.146,-93.8,0,0.0000,0.00
16:35:20,22.263657007178505,84.90944270786795,-60.287,-3.138,3.67,0.087,-0.146,-94.4,0,0.0000,0.00
16:35:20,22.263656940943143,84.90944275030276,-60.283,-3.146,3.67,0.087,-0.146,-95.7,0,10.0005,0.00
16:35:20,22.263656874867774,84.90944279263506,-60.278,-3.153,3.67,0.087,-0.146,-95.7,0,10.0005,0.00
16:35:21,22.26365680883084,84.90944283494274,-60.274,-3.161,3.75,0.087,-0.146,-96.4,0,0.0000,0.00
16:35:21,22.263656742713913,84.90944287730167,-60.270,-3.168,3.75,0.087,-0.146,-97.1,0,0.0000,0.00
16:35:21,22.263656676628855,84.90944291964017,-60.265,-3.175,3.75,0.087,-0.146,-98.2,0,10.0005,0.00
16:35:21,22.2636566105738,84.90944296195947,-60.261,-3.183,3.75,0.087,-0.146,-98.2,0,10.0005,0.00
16:35:21,22.263656544721233,84.90944300414903,-60.257,-3.190,3.75,0.087,-0.146,-98.7,0,10.0005,0.00
16:35:21,22.263656478777108,84.90944304639724,-60.252,-3.197,3.75,0.087,-0.146,-99.2,0,0.0000,0.00
16:35:21,22.26365641285111,84.90944308863385,-60.248,-3.205,3.75,0.087,-0.146,-99.9,0,0.0000,0.00
16:35:21,22.263656346854173,84.9094431309159,-60.244,-3.212,3.75,0.087,-0.146,-99.9,0,0.0000,0.00
16:35:21,22.26365628090411,84.90944317316793,-60.239,-3.219,3.75,0.087,-0.146,-100.3,0,10.0005,0.00
16:35:21,22.263656214845618,84.90944321548942,-60.235,-3.227,3.79,0.087,-0.146,-101.0,0,10.0005,0.00
16:35:21,22.26365614870775,84.90944325786177,-60.230,-3.234,3.79,0.087,-0.146,-101.3,0,10.0005,0.00
16:35:22,22.263656082746127,84.9094433001212,-60.226,-3.241,3.79,0.087,-0.146,-101.3,0,10.0005,0.00
16:35:22,22.26365601680294,84.90944334236882,-60.222,-3.249,3.79,0.087,-0.146,-101.6,0,0.0000,0.00
16:35:22,22.263655950686946,84.90944338472714,-60.217,-3.256,3.83,0.087,-0.146,-102.2,0,0.0000,0.00
16:35:22,22.26365588453252,84.90944342711009,-60.213,-3.263,3.83,0.087,-0.146,-102.5,0,0.0000,0.00
16:35:22,22.263655818540272,84.90944346938915,-60.209,-3.271,3.83,0.087,-0.146,-102.5,0,0.0000,0.00
16:35:22,22.26365575261802,84.90944351162335,-60.204,-3.278,3.83,0.087,-0.146,-102.9,0,0.0000,0.00
16:35:22,22.26365568657765,84.90944355393323,-60.200,-3.285,3.83,0.087,-0.146,-103.2,0,0.0000,0.00
16:35:22,22.2636556204351,84.90944359630858,-60.196,-3.293,3.83,0.087,-0.146,-103.7,0,0.0000,0.00
16:35:22,22.263655554361605,84.90944363863969,-60.191,-3.300,3.83,0.087,-0.146,-103.7,0,0.0000,0.00
16:35:22,22.26365548833467,84.90944368094095,-60.187,-3.308,3.83,0.087,-0.146,-103.9,0,0.0000,0.00
16:35:22,22.26365542224118,84.90944372328487,-60.183,-3.315,3.89,0.087,-0.146,-104.3,0,0.0000,0.00
16:35:22,22.2636553561205,84.9094437656462,-60.178,-3.322,3.89,0.087,-0.146,-104.3,0,0.0000,0.00
16:35:22,22.263655290182623,84.90944380789041,-60.174,-3.330,3.89,0.087,-0.146,-104.3,0,0.0000,0.00
16:35:22,22.26365522408663,84.90944385023593,-60.169,-3.337,3.89,0.087,-0.146,-104.4,0,0.0000,0.00
16:35:22,22.263655158055634,84.90944389253981,-60.165,-3.344,3.89,0.087,-0.146,-104.8,0,0.0000,0.00
16:35:22,22.263655091964953,84.90944393488192,-60.161,-3.352,3.94,0.087,-0.146,-104.8,0,0.0000,0.00
16:35:22,22.263655025869273,84.90944397722724,-60.156,-3.359,3.94,0.087,-0.146,-105.1,0,0.0000,0.00
16:35:22,22.263654959743285,84.90944401959197,-60.152,-3.366,3.94,0.087,-0.146,-106.0,0,0.0000,0.00
16:35:22,22.263654893601355,84.90944406196692,-60.148,-3.374,3.94,0.087,-0.146,-106.7,0,0.0000,0.00
16:35:22,22.263654827576296,84.90944410426698,-60.143,-3.381,3.94,0.087,-0.146,-106.7,0,0.0000,0.00
16:35:22,22.26365476162061,84.90944414652262,-60.139,-3.388,3.94,0.087,-0.146,-107.3,0,0.0000,0.00
16:35:22,22.263654695627114,84.90944418880247,-60.135,-3.396,3.94,0.087,-0.146,-108.9,0,0.0000,0.00
16:35:22,22.26365462951487,84.90944423115839,-60.130,-3.403,3.94,0.087,-0.146,-109.6,0,0.0000,0.00
16:35:22,22.263654563471686,84.90944427347007,-60.126,-3.410,3.98,0.087,-0.146,-109.6,0,0.0000,0.00
16:35:22,22.263654497451316,84.90944431576715,-60.121,-3.418,3.98,0.087,-0.146,-110.3,0,0.0000,0.00
16:35:22,22.263654431315015,84.90944435813849,-60.117,-3.425,3.98,0.087,-0.146,-111.5,0,0.0000,0.00
16:35:22,22.263654365219644,84.90944440048361,-60.113,-3.433,3.98,0.087,-0.146,-112.0,0,0.0000,0.00
16:35:22,22.263654769295453,84.90943729808795,-60.844,-3.388,4.06,-0.251,-0.122,-112.0,0,0.0069,0.00
16:35:22,22.26365471375998,84.90943717447882,-60.857,-3.394,4.06,-0.251,-0.122,-112.5,0,0.0000,0.00
16:35:23,22.26365465852449,84.90943705153738,-60.870,-3.400,4.06,-0.251,-0.122,-113.1,0,0.0000,0.00
16:35:23,22.263654603346705,84.90943692872438,-60.883,-3.406,4.06,-0.251,-0.122,-113.0,0,0.0000,0.00
16:35:23,22.263654548134713,84.90943680583524,-60.895,-3.412,4.06,-0.251,-0.122,-113.0,0,0.0000,0.00
16:35:23,22.263654344848817,84.9094362046212,-60.957,-3.435,4.06,-0.290,-0.135,-112.5,0,0.0040,0.00
16:35:23,22.26365428342502,84.90943606189794,-60.972,-3.442,4.06,-0.290,-0.135,-110.6,0,0.0000,0.00
16:35:23,22.263654222216722,84.90943591967542,-60.986,-3.448,4.06,-0.290,-0.135,-109.7,0,0.0000,0.00
16:35:23,22.263654161057893,84.90943577756784,-61.001,-3.455,4.06,-0.290,-0.135,-109.7,0,0.0000,0.00
16:35:23,22.26365409997225,84.90943563563032,-61.016,-3.462,4.10,-0.290,-0.135,-109.0,0,0.0000,0.00
16:35:23,22.263653963027803,84.90943492533691,-61.089,-3.477,4.10,-0.378,-0.148,-108.6,0,0.0087,0.00
16:35:23,22.26365389606282,84.9094347400292,-61.108,-3.485,4.10,-0.378,-0.148,-108.7,0,0.0000,0.00
16:35:23,22.263653829092455,84.90943455470659,-61.127,-3.492,4.10,-0.378,-0.148,-108.7,0,0.0000,0.00
16:35:23,22.263653762331856,84.90943436996446,-61.146,-3.500,4.10,-0.378,-0.148,-108.9,0,0.0000,0.00
16:35:23,22.263653695347255,84.90943418460246,-61.165,-3.507,4.10,-0.378,-0.148,-109.7,0,0.0000,0.00
16:35:23,22.263653628509775,84.90943399964759,-61.184,-3.515,4.10,-0.378,-0.148,-110.0,0,0.0000,0.00
16:35:23,22.263653561687164,84.90943381473386,-61.203,-3.522,4.10,-0.378,-0.148,-110.0,0,0.0000,0.00
16:35:23,22.263653494595943,84.9094336290768,-61.222,-3.529,4.10,-0.378,-0.148,-110.7,0,0.0000,0.00
16:35:23,22.263653427700877,84.90943344396258,-61.242,-3.537,4.16,-0.378,-0.148,-111.0,0,0.0000,0.00
16:35:23,22.263653360738108,84.909433258661,-61.261,-3.544,4.16,-0.378,-0.148,-111.2,0,0.0000,0.00
16:35:23,22.26365345814163,84.90943352842623,-61.233,-3.534,4.16,-0.276,-0.108,-111.2,0,0.0064,0.00
16:35:23,22.263653409133468,84.90943339283443,-61.247,-3.539,4.16,-0.276,-0.108,-111.3,0,0.0000,0.00
16:35:24,22.26365336040779,84.9094332580242,-61.261,-3.544,4.20,-0.276,-0.108,-111.4,0,0.0000,0.00
16:35:24,22.263653311659976,84.9094331231527,-61.275,-3.550,4.20,-0.276,-0.108,-111.3,0,0.0000,0.00
16:35:24,22.26365326287596,84.90943298818104,-61.288,-3.555,4.20,-0.276,-0.108,-111.3,0,0.0000,0.00
16:35:24,22.263653214128837,84.90943285331144,-61.302,-3.561,4.20,-0.276,-0.108,-111.1,0,0.0000,0.00
16:35:24,22.263653165367877,84.9094327184036,-61.316,-3.566,4.20,-0.276,-0.108,-111.0,0,0.0000,0.00
16:35:24,22.263653116635513,84.90943258357484,-61.330,-3.572,4.20,-0.276,-0.108,-110.9,0,0.0000,0.00
16:35:24,22.26365306799539,84.90943244900129,-61.344,-3.577,4.20,-0.276,-0.108,-110.9,0,0.0000,0.00
16:35:24,22.26365301942214,84.90943231461277,-61.358,-3.582,4.20,-0.276,-0.108,-110.9,0,0.0000,0.00
16:35:24,22.26365297072944,84.90943217989376,-61.372,-3.588,4.21,-0.276,-0.108,-111.0,0,0.0000,0.00
16:35:24,22.263652922077785,84.90943204528831,-61.386,-3.593,4.21,-0.276,-0.108,-111.0,0,0.0000,0.00
16:35:24,22.263652873324666,84.90943191040213,-61.400,-3.599,4.21,-0.276,-0.108,-111.2,0,0.0000,0.00
16:35:24,22.26365282459968,84.9094317755938,-61.413,-3.604,4.21,-0.276,-0.108,-111.5,0,0.0000,0.00
16:35:24,22.26365277596002,84.90943164102153,-61.427,-3.609,4.21,-0.276,-0.108,-111.6,0,0.0000,0.00
16:35:24,22.263652727311595,84.90943150642502,-61.441,-3.615,4.22,-0.276,-0.108,-111.6,0,0.0000,0.00
16:35:24,22.263652605864856,84.90943227287221,-61.362,-3.628,4.22,-0.105,-0.123,-111.9,0,0.0038,0.00
16:35:24,22.26365255020576,84.90943222129944,-61.367,-3.635,4.22,-0.105,-0.123,-111.9,0,0.0000,0.00
16:35:24,22.263652494645605,84.90943216981836,-61.373,-3.641,4.22,-0.105,-0.123,-111.9,0,0.0000,0.00
16:35:24,22.263652439233475,84.90943211847441,-61.378,-3.647,4.22,-0.105,-0.123,-111.9,0,0.0000,0.00
16:35:24,22.2636523837035,84.9094320670213,-61.383,-3.653,4.22,-0.105,-0.123,-111.9,0,0.0000,0.00
16:35:24,22.263652328289798,84.9094320156759,-61.389,-3.659,4.22,-0.105,-0.123,-111.8,0,0.0000,0.00
16:35:25,22.263652272797355,84.90943196425755,-61.394,-3.665,4.22,-0.105,-0.123,-111.8,0,0.0000,0.00
16:35:25,22.263652217264497,84.90943191280175,-61.399,-3.672,4.27,-0.105,-0.123,-111.5,0,0.0000,0.00
16:35:25,22.26365216184187,84.90943186144808,-61.405,-3.678,4.27,-0.105,-0.123,-111.5,0,0.0000,0.00
16:35:25,22.263652106506637,84.9094318101754,-61.410,-3.684,4.27,-0.105,-0.123,-111.3,0,0.0000,0.00
16:35:25,22.26365219559457,84.90943151134671,-61.441,-3.674,4.27,-0.160,-0.088,-111.0,0,0.0051,0.00
16:35:25,22.263652155612757,84.90943143259838,-61.449,-3.679,4.30,-0.160,-0.088,-110.7,0,0.0000,0.00
16:35:25,22.26365211589404,84.90943135436824,-61.457,-3.683,4.30,-0.160,-0.088,-110.7,0,0.0000,0.00
16:35:25,22.26365207620805,84.90943127620255,-61.465,-3.687,4.30,-0.160,-0.088,-110.4,0,0.0000,0.00
16:35:25,22.263652036463004,84.90943119792057,-61.473,-3.692,4.30,-0.160,-0.088,-109.7,0,0.0000,0.00
16:35:25,22.26365206737978,84.9094311294466,-61.480,-3.688,4.30,-0.157,-0.066,-109.2,0,0.0033,0.00
16:35:25,22.263652037249855,84.9094310521332,-61.488,-3.692,4.30,-0.157,-0.066,-109.2,0,0.0000,0.00
16:35:25,22.263652007294393,84.90943097526748,-61.496,-3.695,4.30,-0.157,-0.066,-109.0,0,0.0000,0.00
16:35:25,22.26365197736063,84.90943089845744,-61.504,-3.698,4.30,-0.157,-0.066,-108.7,0,0.0000,0.00
16:35:25,22.26365194742162,84.90943082163393,-61.512,-3.702,4.30,-0.157,-0.066,-108.7,0,0.0000,0.00
16:35:25,22.263651984807094,84.90943090138575,-61.503,-3.698,4.26,-0.104,-0.041,-108.2,0,0.0034,0.00
16:35:25,22.263651965935303,84.90943085025168,-61.509,-3.700,4.26,-0.104,-0.041,-107.9,0,0.0000,0.00
16:35:25,22.263651947146883,84.90943079934351,-61.514,-3.702,4.26,-0.104,-0.041,-107.6,0,0.0000,0.00
16:35:25,22.263651928396996,84.90943074853975,-61.519,-3.704,4.26,-0.104,-0.041,-107.6,0,0.0000,0.00
16:35:25,22.263651909659714,84.90943069777015,-61.524,-3.706,4.26,-0.104,-0.041,-107.0,0,0.0000,0.00
16:35:26,22.263651949024577,84.90943083046278,-61.511,-3.701,4.26,-0.035,-0.018,-106.7,0,0.0049,0.00
16:35:26,22.26365194083821,84.90943081305565,-61.513,-3.702,4.26,-0.035,-0.018,-106.4,0,0.0000,0.00
16:35:26,22.263651932692145,84.90943079573422,-61.514,-3.703,4.26,-0.035,-0.018,-106.4,0,0.0000,0.00
16:35:26,22.263651924551908,84.90943077842518,-61.516,-3.704,4.22,-0.035,-0.018,-105.9,0,0.0000,0.00
16:35:26,22.26365191639123,84.90943076107267,-61.518,-3.705,4.22,-0.035,-0.018,-105.6,0,0.0000,0.00
16:35:26,22.26365190824482,84.9094307437505,-61.520,-3.706,4.22,-0.035,-0.018,-105.2,0,0.0000,0.00
16:35:26,22.26365190008418,84.90943072639809,-61.521,-3.707,4.22,-0.035,-0.018,-105.2,0,0.0000,0.00
16:35:26,22.26365189193156,84.90943070906272,-61.523,-3.708,4.20,-0.035,-0.018,-105.0,0,0.0000,0.00
16:35:26,22.26365188376764,84.90943069170332,-61.525,-3.709,4.20,-0.035,-0.018,-104.9,0,0.0000,0.00
16:35:26,22.26365187561853,84.90943067437541,-61.527,-3.710,4.20,-0.035,-0.018,-105.0,0,0.0000,0.00
16:35:26,22.263651867451294,84.90943065700897,-61.529,-3.711,4.20,-0.035,-0.018,-105.0,0,0.0000,0.00
16:35:26,22.263651859299717,84.9094306396758,-61.530,-3.711,4.20,-0.035,-0.018,-105.1,0,0.0000,0.00
16:35:26,22.263651851124497,84.90943062229238,-61.532,-3.712,4.20,-0.035,-0.018,-105.2,0,0.0000,0.00
16:35:26,22.263651842966595,84.90943060494578,-61.534,-3.713,4.20,-0.035,-0.018,-105.4,0,0.0000,0.00
16:35:26,22.26365183478906,84.90943058755742,-61.536,-3.714,4.20,-0.035,-0.018,-105.9,0,0.0000,0.00
16:35:26,22.26365182664805,84.90943057024674,-61.538,-3.715,4.18,-0.035,-0.018,-105.9,0,0.0000,0.00
16:35:26,22.263651818504304,84.90943055293025,-61.539,-3.716,4.18,-0.035,-0.018,-106.2,0,0.0000,0.00
16:35:26,22.2636518103528,84.90943053559725,-61.541,-3.717,4.18,-0.035,-0.018,-106.6,0,0.0000,0.00
16:35:26,22.263651802194513,84.90943051824983,-61.543,-3.718,4.18,-0.035,-0.018,-107.4,0,0.0000,0.00
16:35:26,22.26365179404479,84.90943050092062,-61.545,-3.719,4.18,-0.035,-0.018,-107.4,0,0.0000,0.00
16:35:27,22.263651785917627,84.90943048363938,-61.546,-3.720,4.19,-0.035,-0.018,-107.9,0,0.0000,0.00
16:35:27,22.26365185308766,84.90943065417395,-61.529,-3.712,4.19,-0.004,-0.004,-109.7,0,0.0000,0.00
16:35:27,22.263651851282997,84.90943065244551,-61.529,-3.712,4.19,-0.004,-0.004,-109.7,0,0.0000,0.00
16:35:27,22.26365184948439,84.90943065072285,-61.529,-3.713,4.19,-0.004,-0.004,-110.3,0,0.0000,0.00
16:35:27,22.26365184768262,84.90943064899717,-61.529,-3.713,4.19,-0.004,-0.004,-111.6,0,0.0000,0.00
16:35:27,22.26365185011098,84.90943068098407,-61.526,-3.713,4.19,0.004,-0.003,-111.6,0,0.0040,0.00
16:35:27,22.263651848770152,84.9094306830215,-61.526,-3.713,4.19,0.004,-0.003,-112.2,0,0.0000,0.00
16:35:27,22.26365184743756,84.90943068504643,-61.526,-3.713,4.20,0.004,-0.003,-112.7,0,0.0000,0.00
16:35:27,22.263651846106725,84.90943068706868,-61.526,-3.713,4.20,0.004,-0.003,-113.9,0,0.0000,0.00
16:35:27,22.26365184477492,84.90943068909242,-61.525,-3.713,4.20,0.004,-0.003,-113.9,0,0.0000,0.00
16:35:27,22.263651843445004,84.90943069111327,-61.525,-3.713,4.20,0.004,-0.003,-114.5,0,0.0000,0.00
16:35:27,22.263651842115344,84.90943069313373,-61.525,-3.713,4.21,0.004,-0.003,-115.2,0,0.0000,0.00
16:35:27,22.26365184078334,84.90943069515777,-61.525,-3.714,4.21,0.004,-0.003,-116.6,0,0.0000,0.00
16:35:27,22.263651839453686,84.90943069717822,-61.524,-3.714,4.21,0.004,-0.003,-116.6,0,0.0000,0.00
16:35:27,22.26365183812621,84.90943069919537,-61.524,-3.714,4.21,0.004,-0.003,-117.0,0,0.0000,0.00
16:35:27,22.26365183679654,84.90943070121585,-61.524,-3.714,4.21,0.004,-0.003,-117.3,0,0.0000,0.00
16:35:27,22.263651835465037,84.90943070323912,-61.524,-3.714,4.21,0.004,-0.003,-117.3,0,0.0000,0.00
16:35:27,22.26365183413216,84.90943070526448,-61.524,-3.714,4.21,0.004,-0.003,-117.3,0,0.0000,0.00
16:35:27,22.26365183280453,84.90943070728186,-61.523,-3.714,4.21,0.004,-0.003,-117.0,0,0.0000,0.00
16:35:28,22.263651831475023,84.9094307093021,-61.523,-3.715,4.21,0.004,-0.003,-116.6,0,0.0000,0.00
16:35:28,22.26365183014574,84.90943071132199,-61.523,-3.715,4.22,0.004,-0.003,-115.8,0,0.0000,0.00
16:35:28,22.26365182881382,84.9094307133459,-61.523,-3.715,4.22,0.004,-0.003,-115.8,0,0.0000,0.00
16:35:28,22.263651827481844,84.90943071536988,-61.523,-3.715,4.22,0.004,-0.003,-115.4,0,0.0000,0.00
16:35:28,22.263651826149886,84.90943071739383,-61.522,-3.715,4.22,0.004,-0.003,-114.5,0,0.0000,0.00
16:35:28,22.26365182481984,84.9094307194149,-61.522,-3.715,4.22,0.004,-0.003,-114.2,0,0.0000,0.00
16:35:28,22.26365182348769,84.90943072143914,-61.522,-3.715,4.22,0.004,-0.003,-114.2,0,0.0000,0.00
16:35:28,22.263651830025218,84.90943069725293,-61.524,-3.715,4.22,-0.000,-0.002,-113.9,0,0.0104,0.00
16:35:28,22.263651829308046,84.90943069721277,-61.524,-3.715,4.22,-0.000,-0.002,-112.4,0,0.0000,0.00
16:35:28,22.263651828593794,84.90943069717277,-61.524,-3.715,4.20,-0.000,-0.002,-112.4,0,0.0000,0.00
16:35:28,22.26365182788088,84.90943069713285,-61.524,-3.715,4.20,-0.000,-0.002,-110.8,0,0.0000,0.00
16:35:28,22.263651827168776,84.90943069709296,-61.524,-3.715,4.20,-0.000,-0.002,-106.2,0,0.0000,0.00
16:35:28,22.263651335983884,84.90943011037727,-61.585,-3.770,4.20,-0.129,-0.118,-103.5,0,0.0029,0.00
16:35:28,22.263651282404943,84.90943004710257,-61.591,-3.776,4.20,-0.129,-0.118,-103.5,0,0.0000,0.00
16:35:28,22.263651228911804,84.90942998392921,-61.598,-3.782,4.15,-0.129,-0.118,-100.8,0,0.0000,0.00
16:35:28,22.263651175428286,84.90942992076721,-61.604,-3.788,4.15,-0.129,-0.118,-95.7,0,0.0000,0.00
16:35:28,22.26365112184732,84.90942985749012,-61.611,-3.794,4.15,-0.129,-0.118,-93.5,0,0.0000,0.00
16:35:28,22.26365090915684,84.90942964929651,-61.632,-3.817,4.15,-0.172,-0.169,-93.5,0,0.0027,0.00
16:35:28,22.263650832261316,84.90942956475732,-61.641,-3.826,4.15,-0.172,-0.169,-91.8,0,0.0000,0.00
16:35:28,22.26365075555545,84.90942948042664,-61.650,-3.834,4.15,-0.172,-0.169,-89.5,0,0.0000,0.00
16:35:29,22.263650678893097,84.9094293961438,-61.659,-3.843,4.15,-0.172,-0.169,-88.9,0,0.0000,0.00
16:35:29,22.263650602107084,84.90942931172502,-61.667,-3.851,4.15,-0.172,-0.169,-88.9,0,0.0000,0.00
16:35:29,22.263650525277196,84.909429227258,-61.676,-3.860,4.12,-0.172,-0.169,-88.6,0,0.0000,0.00
16:35:29,22.263650448523098,84.90942914287429,-61.685,-3.869,4.12,-0.172,-0.169,-88.7,0,0.0000,0.00
16:35:29,22.263650371937626,84.90942905867598,-61.693,-3.877,4.12,-0.172,-0.169,-88.7,0,0.0000,0.00
16:35:29,22.263650295329306,84.90942897445255,-61.702,-3.886,4.12,-0.172,-0.169,-89.2,0,0.0000,0.00
16:35:29,22.26365021864411,84.9094288901446,-61.711,-3.894,4.07,-0.172,-0.169,-90.5,0,0.0000,0.00
16:35:29,22.26365014207024,84.90942880595904,-61.719,-3.903,4.07,-0.172,-0.169,-91.4,0,0.0000,0.00
16:35:29,22.263650065330285,84.90942872159088,-61.728,-3.911,4.07,-0.172,-0.169,-91.4,0,0.0000,0.00
16:35:29,22.26364998874046,84.90942863738779,-61.737,-3.920,4.07,-0.172,-0.169,-92.4,0,0.0000,0.00
16:35:29,22.26364991199978,84.90942855301884,-61.745,-3.928,4.07,-0.172,-0.169,-94.7,0,0.0000,0.00
16:35:29,22.263649835281946,84.909428468675,-61.754,-3.937,4.07,-0.172,-0.169,-95.9,0,0.0000,0.00
16:35:29,22.2636497585739,84.90942838434194,-61.763,-3.945,4.07,-0.172,-0.169,-95.9,0,0.0000,0.00
16:35:29,22.263649682203834,84.90942830038044,-61.771,-3.954,4.07,-0.172,-0.169,-97.2,0,0.0000,0.00
16:35:29,22.263649605727878,84.90942821630253,-61.780,-3.962,4.07,-0.172,-0.169,-99.9,0,0.0000,0.00
16:35:29,22.263649529107592,84.90942813206594,-61.789,-3.971,4.04,-0.172,-0.169,-101.3,0,0.0000,0.00
16:35:29,22.2636494524097,84.90942804774403,-61.797,-3.979,4.04,-0.172,-0.169,-101.3,0,0.0000,0.00
16:35:29,22.263649375999382,84.90942796373828,-61.806,-3.988,4.04,-0.172,-0.169,-102.6,0,0.0000,0.00
16:35:29,22.263649299276835,84.90942787938927,-61.815,-3.996,4.04,-0.172,-0.169,-105.2,0,0.0000,0.00
16:35:30,22.263649222644943,84.90942779513992,-61.823,-4.005,4.06,-0.172,-0.169,-105.2,0,0.0000,0.00
16:35:30,22.263649146020306,84.90942771089854,-61.832,-4.014,4.06,-0.172,-0.169,-106.5,0,0.0000,0.00
16:35:30,22.263649069522593,84.90942762679671,-61.841,-4.022,4.06,-0.172,-0.169,-108.9,0,0.0000,0.00
16:35:30,22.26364899269089,84.90942754232769,-61.850,-4.031,4.06,-0.172,-0.169,-110.0,0,0.0000,0.00
16:35:30,22.263648916196438,84.90942745822944,-61.858,-4.039,4.06,-0.172,-0.169,-111.0,0,0.0000,0.00
16:35:30,22.26364883956491,84.9094273739805,-61.867,-4.048,4.06,-0.172,-0.169,-111.0,0,0.0000,0.00
16:35:30,22.263648763030933,84.9094272898388,-61.876,-4.056,4.06,-0.172,-0.169,-112.9,0,0.0000,0.00
16:35:30,22.263648686487524,84.90942720568673,-61.884,-4.065,4.06,-0.172,-0.169,-113.8,0,0.0000,0.00
16:35:30,22.263648609569515,84.90942712112282,-61.893,-4.073,4.06,-0.172,-0.169,-114.6,0,0.0000,0.00
16:35:30,22.263648533038076,84.90942703698391,-61.902,-4.082,4.06,-0.172,-0.169,-114.6,0,0.0000,0.00
16:35:30,22.263648456499382,84.90942695283702,-61.910,-4.090,4.06,-0.172,-0.169,-115.9,0,0.0000,0.00
16:35:30,22.26364837979243,84.90942686850515,-61.919,-4.099,4.06,-0.172,-0.169,-116.5,0,0.0000,0.00
16:35:30,22.263648303245755,84.9094267843495,-61.928,-4.107,4.06,-0.172,-0.169,-117.0,0,0.0000,0.00
16:35:30,22.263648226599724,84.90942670008461,-61.936,-4.116,4.05,-0.172,-0.169,-117.0,0,0.0000,0.00
16:35:30,22.263649154960564,84.9094273835328,-61.866,-4.013,4.05,-0.092,-0.056,-117.4,0,0.0059,0.00
16:35:30,22.263649129720637,84.90942733849103,-61.871,-4.015,4.05,-0.092,-0.056,-118.0,0,0.0000,0.00
16:35:30,22.263649104514805,84.9094272935101,-61.875,-4.018,4.05,-0.092,-0.056,-118.0,0,0.0000,0.00
16:35:30,22.2636490793402,84.90942724858492,-61.880,-4.021,4.05,-0.092,-0.056,-118.2,0,0.0000,0.00
16:35:30,22.263649054110406,84.90942720356124,-61.884,-4.024,4.05,-0.092,-0.056,-118.4,0,0.0000,0.00
16:35:30,22.2636490289513,84.90942715866369,-61.889,-4.027,4.05,-0.092,-0.056,-118.4,0,0.0000,0.00
16:35:31,22.263649003803994,84.90942711378722,-61.894,-4.029,4.05,-0.092,-0.056,-118.3,0,0.0000,0.00
16:35:31,22.26364897859089,84.9094270687933,-61.898,-4.032,4.09,-0.092,-0.056,-118.3,0,0.0000,0.00
16:35:31,22.263648953445493,84.90942702392024,-61.903,-4.035,4.09,-0.092,-0.056,-118.3,0,0.0000,0.00
16:35:31,22.26364892830677,84.90942697905908,-61.908,-4.038,4.09,-0.092,-0.056,-118.1,0,0.0000,0.00
16:35:31,22.263648903125848,84.9094269341226,-61.912,-4.041,4.09,-0.092,-0.056,-117.9,0,0.0000,0.00
16:35:31,22.263648664351827,84.90942759598653,-61.844,-4.067,4.09,0.024,-0.093,-117.9,0,0.0062,0.00
16:35:31,22.26364862193188,84.90942760774091,-61.843,-4.072,4.09,0.024,-0.093,-117.5,0,0.0000,0.00
16:35:31,22.26364857963648,84.90942761946077,-61.842,-4.077,4.09,0.024,-0.093,-117.3,0,0.0000,0.00
16:35:31,22.263648537397355,84.90942763116506,-61.840,-4.081,4.09,0.024,-0.093,-117.1,0,0.0000,0.00
16:35:31,22.263648495107567,84.90942764288337,-61.839,-4.086,4.09,0.024,-0.093,-117.1,0,0.0000,0.00
16:35:31,22.263648463073867,84.9094277361753,-61.830,-4.090,4.12,0.043,-0.091,-116.7,0,0.0055,0.00
16:35:31,22.263648421754983,84.90942775731034,-61.827,-4.094,4.12,0.043,-0.091,-116.4,0,0.0000,0.00
16:35:31,22.263648380588354,84.9094277783675,-61.825,-4.099,4.12,0.043,-0.091,-116.1,0,0.0000,0.00
16:35:31,22.263648339440415,84.9094277994151,-61.823,-4.103,4.12,0.043,-0.091,-116.1,0,0.0000,0.00
16:35:31,22.263648298413194,84.90942782040096,-61.821,-4.108,4.15,0.043,-0.091,-115.6,0,0.0000,0.00
16:35:31,22.263648419868286,84.9094277788339,-61.825,-4.094,4.15,0.024,-0.037,-115.3,0,0.0062,0.00
16:35:31,22.263648403194587,84.90942779046983,-61.824,-4.096,4.15,0.024,-0.037,-115.1,0,0.0000,0.00
16:35:31,22.263648386548898,84.90942780208623,-61.823,-4.098,4.15,0.024,-0.037,-115.1,0,0.0000,0.00
16:35:31,22.26364836997174,84.90942781365479,-61.822,-4.100,4.15,0.024,-0.037,-114.9,0,0.0000,0.00
16:35:31,22.263648353323692,84.90942782527283,-61.820,-4.102,4.15,0.024,-0.037,-114.5,0,0.0000,0.00
16:35:32,22.263648336711285,84.90942783686599,-61.819,-4.104,4.15,0.024,-0.037,-114.4,0,0.0000,0.00
16:35:32,22.263648320094237,84.90942784846239,-61.818,-4.105,4.15,0.024,-0.037,-114.4,0,0.0000,0.00
16:35:32,22.263648303477424,84.90942786005863,-61.817,-4.107,4.20,0.024,-0.037,-114.2,0,0.0000,0.00
16:35:32,22.263648286854238,84.90942787165932,-61.816,-4.109,4.20,0.024,-0.037,-114.2,0,0.0000,0.00
16:35:32,22.26364827023357,84.90942788325825,-61.814,-4.111,4.20,0.024,-0.037,-114.1,0,0.0000,0.00
16:35:32,22.263648253581668,84.90942789487897,-61.813,-4.113,4.20,0.024,-0.037,-114.1,0,0.0000,0.00
16:35:32,22.26364823700372,84.90942790644807,-61.812,-4.115,4.24,0.024,-0.037,-114.0,0,0.0000,0.00
16:35:32,22.263648220358586,84.90942791806408,-61.811,-4.117,4.24,0.024,-0.037,-114.0,0,0.0000,0.00
16:35:32,22.26364820373422,84.9094279296656,-61.810,-4.118,4.24,0.024,-0.037,-113.9,0,0.0000,0.00
16:35:32,22.26364818710828,84.9094279412682,-61.808,-4.120,4.24,0.024,-0.037,-113.9,0,0.0000,0.00
16:35:32,22.263648170487926,84.9094279528669,-61.807,-4.122,4.24,0.024,-0.037,-113.9,0,0.0000,0.00
16:35:32,22.263648153894245,84.909427964447,-61.806,-4.124,4.24,0.024,-0.037,-113.9,0,0.0000,0.00
16:35:32,22.263648137272238,84.90942797604687,-61.805,-4.126,4.24,0.024,-0.037,-113.9,0,0.0000,0.00
16:35:32,22.263648120626865,84.90942798766304,-61.804,-4.128,4.24,0.024,-0.037,-113.9,0,0.0000,0.00
16:35:32,22.263648104034523,84.9094279992422,-61.802,-4.130,4.24,0.024,-0.037,-113.9,0,0.0000,0.00
16:35:32,22.26364808739285,84.90942801085578,-61.801,-4.131,4.27,0.024,-0.037,-114.0,0,0.0000,0.00
16:35:32,22.26364807074999,84.9094280224702,-61.800,-4.133,4.27,0.024,-0.037,-114.0,0,0.0000,0.00
16:35:32,22.26364805412712,84.90942803407066,-61.799,-4.135,4.27,0.024,-0.037,-114.1,0,0.0000,0.00
16:35:32,22.26364803749756,84.9094280456758,-61.798,-4.137,4.27,0.024,-0.037,-114.1,0,0.0000,0.00
16:35:32,22.26364802086533,84.9094280572828,-61.796,-4.139,4.33,0.024,-0.037,-114.2,0,0.0000,0.00
16:35:33,22.263648004257405,84.90942806887283,-61.795,-4.141,4.33,0.024,-0.037,-114.2,0,0.0000,0.00
16:35:33,22.26364798768434,84.90942808043853,-61.794,-4.142,4.33,0.024,-0.037,-114.2,0,0.0000,0.00
16:35:33,22.263647971053366,84.90942809204465,-61.793,-4.144,4.33,0.024,-0.037,-114.3,0,0.0000,0.00
16:35:33,22.263647954432695,84.90942810364358,-61.792,-4.146,4.33,0.024,-0.037,-114.3,0,0.0000,0.00
16:35:33,22.263647937815882,84.90942811523982,-61.790,-4.148,4.33,0.024,-0.037,-114.3,0,0.0000,0.00
16:35:33,22.263647921218425,84.90942812682255,-61.789,-4.150,4.33,0.024,-0.037,-114.3,0,0.0000,0.00
16:35:33,22.263647904590282,84.90942813842669,-61.788,-4.152,4.33,0.024,-0.037,-114.3,0,0.0000,0.00
16:35:33,22.263647887960097,84.90942815003227,-61.787,-4.154,4.33,0.024,-0.037,-114.2,0,0.0000,0.00
16:35:33,22.263647871337618,84.90942816163246,-61.786,-4.155,4.36,0.024,-0.037,-114.2,0,0.0000,0.00
16:35:34,22.26364785473599,84.9094281732181,-61.785,-4.157,4.36,0.024,-0.037,-114.2,0,0.0000,0.00
16:35:34,22.26364783812091,84.90942818481312,-61.783,-4.159,4.36,0.024,-0.037,-114.1,0,0.0000,0.00
16:35:34,22.2636478214908,84.90942819641865,-61.782,-4.161,4.36,0.024,-0.037,-114.0,0,0.0000,0.00
16:35:34,22.26364780488154,84.90942820800961,-61.781,-4.163,4.36,0.024,-0.037,-114.0,0,0.0000,0.00
16:35:34,22.26364778825757,84.90942821961085,-61.780,-4.165,4.36,0.024,-0.037,-114.0,0,0.0000,0.00
16:35:34,22.26364777165901,84.90942823119434,-61.779,-4.167,4.36,0.024,-0.037,-114.0,0,0.0000,0.00
16:35:34,22.263647755056045,84.90942824278092,-61.777,-4.168,4.36,0.024,-0.037,-113.9,0,0.0000,0.00
16:35:34,22.263647738443872,84.90942825437392,-61.776,-4.170,4.40,0.024,-0.037,-113.9,0,0.0000,0.00
16:35:34,22.263647705046672,84.90942827768055,-61.774,-4.174,4.40,0.024,-0.037,-113.9,0,0.0000,0.00
16:35:34,22.26364768839288,84.90942828930258,-61.773,-4.176,4.40,0.024,-0.037,-113.8,0,0.0000,0.00
16:35:34,22.263647671750576,84.90942830091662,-61.771,-4.178,4.46,0.024,-0.037,-113.8,0,0.0000,0.00
16:35:34,22.2636471788481,84.90942851707216,-61.749,-4.233,4.46,0.041,-0.080,-113.8,0,0.0046,0.00
16:35:34,22.263647142445418,84.90942853720487,-61.747,-4.237,4.46,0.041,-0.080,-113.8,0,0.0000,0.00
16:35:34,22.26364710638704,84.90942855714715,-61.745,-4.241,4.46,0.041,-0.080,-113.7,0,0.0000,0.00
16:35:34,22.263647070306963,84.90942857710145,-61.743,-4.245,4.46,0.041,-0.080,-113.7,0,0.0000,0.00
16:35:34,22.26364703421971,84.9094285970597,-61.741,-4.249,4.46,0.041,-0.080,-113.7,0,0.0000,0.00
16:35:34,22.26364699806445,84.90942861705557,-61.739,-4.253,4.46,0.041,-0.080,-113.7,0,0.0000,0.00
16:35:34,22.26364696192508,84.90942863704265,-61.737,-4.257,4.46,0.041,-0.080,-113.7,0,0.0000,0.00
16:35:34,22.263646925788105,84.90942865702841,-61.735,-4.261,4.46,0.041,-0.080,-113.7,0,0.0000,0.00
16:35:34,22.263646889733316,84.90942867696872,-61.733,-4.265,4.50,0.041,-0.080,-113.6,0,0.0000,0.00
16:35:34,22.263646853568485,84.90942869696988,-61.731,-4.269,4.50,0.041,-0.080,-113.6,0,0.0000,0.00
16:35:34,22.263646817466025,84.90942871693655,-61.728,-4.273,4.50,0.041,-0.080,-113.6,0,0.0000,0.00
16:35:34,22.26364678142388,84.90942873686986,-61.726,-4.277,4.50,0.041,-0.080,-113.6,0,0.0000,0.00
16:35:34,22.263646745290835,84.90942875685344,-61.724,-4.281,4.55,0.041,-0.080,-113.5,0,0.0000,0.00
16:35:34,22.26364670915044,84.90942877684108,-61.722,-4.285,4.55,0.041,-0.080,-113.5,0,0.0000,0.00
16:35:34,22.263646672937938,84.90942879686861,-61.720,-4.289,4.55,0.041,-0.080,-113.5,0,0.0000,0.00
16:35:34,22.263646636836842,84.90942881683452,-61.718,-4.293,4.55,0.041,-0.080,-113.5,0,0.0000,0.00
16:35:34,22.263647003617006,84.90942864855741,-61.736,-4.252,4.55,0.015,-0.020,-113.5,0,0.0045,0.00
16:35:34,22.26364699450699,84.90942865592409,-61.735,-4.253,4.55,0.015,-0.020,-113.5,0,0.0000,0.00
16:35:34,22.263646985442413,84.90942866325402,-61.734,-4.254,4.55,0.015,-0.020,-113.5,0,0.0000,0.00
16:35:35,22.26364697634292,84.9094286706122,-61.733,-4.255,4.55,0.015,-0.020,-113.5,0,0.0000,0.00
16:35:35,22.263646967279673,84.90942867794107,-61.733,-4.256,4.59,0.015,-0.020,-113.5,0,0.0000,0.00
16:35:35,22.26364700123455,84.90942866337275,-61.734,-4.252,4.59,0.011,-0.011,-113.5,0,0.0058,0.00
16:35:35,22.263646996415925,84.90942866855399,-61.733,-4.253,4.59,0.011,-0.011,-113.5,0,0.0000,0.00
16:35:35,22.263646991611296,84.90942867372017,-61.733,-4.253,4.59,0.011,-0.011,-113.5,0,0.0000,0.00
16:35:35,22.263646986813438,84.90942867887908,-61.732,-4.254,4.59,0.011,-0.011,-113.5,0,0.0000,0.00
16:35:35,22.263646982013285,84.90942868404046,-61.732,-4.254,4.63,0.011,-0.011,-113.4,0,0.0000,0.00
16:35:35,22.26364698728002,84.9094286834609,-61.732,-4.254,4.63,0.009,-0.008,-113.4,0,0.0034,0.00
16:35:35,22.263646983870554,84.90942868783632,-61.731,-4.254,4.63,0.009,-0.008,-113.4,0,0.0000,0.00
16:35:35,22.26364698047742,84.90942869219077,-61.731,-4.255,4.63,0.009,-0.008,-113.4,0,0.0000,0.00
16:35:35,22.263646977077997,84.9094286965533,-61.731,-4.255,4.63,0.009,-0.008,-113.4,0,0.0000,0.00
16:35:35,22.26364697367445,84.90942870092111,-61.730,-4.255,4.63,0.009,-0.008,-113.4,0,0.0000,0.00
16:35:35,22.263646973704393,84.90942870328477,-61.730,-4.255,4.63,0.008,-0.006,-113.4,0,0.0034,0.00
16:35:35,22.263646970873936,84.9094287073227,-61.729,-4.256,4.63,0.008,-0.006,-113.3,0,0.0000,0.00
16:35:35,22.263646968054164,84.90942871134538,-61.729,-4.256,4.68,0.008,-0.006,-113.2,0,0.0000,0.00
16:35:35,22.26364696522679,84.90942871537892,-61.729,-4.256,4.68,0.008,-0.006,-113.2,0,0.0000,0.00
16:35:35,22.2636469624055,84.90942871940378,-61.728,-4.257,4.68,0.008,-0.006,-113.1,0,0.0000,0.00
16:35:35,22.263646959587213,84.90942872342434,-61.728,-4.257,4.68,0.008,-0.006,-113.1,0,0.0000,0.00
16:35:35,22.26364695677204,84.90942872744047,-61.727,-4.257,4.73,0.008,-0.006,-113.0,0,0.0000,0.00
16:35:35,22.263646953944,84.90942873147495,-61.727,-4.258,4.73,0.008,-0.006,-113.0,0,0.0000,0.00
16:35:36,22.263646951119743,84.90942873550404,-61.727,-4.258,4.73,0.008,-0.006,-112.9,0,0.0000,0.00
16:35:36,22.263646948297446,84.90942873953033,-61.726,-4.258,4.73,0.008,-0.006,-112.9,0,0.0000,0.00
16:35:36,22.263646945478023,84.90942874355251,-61.726,-4.258,4.73,0.008,-0.006,-112.8,0,0.0000,0.00
16:35:36,22.26364694265824,84.90942874757522,-61.725,-4.259,4.73,0.008,-0.006,-112.8,0,0.0000,0.00
16:35:36,22.263646939835333,84.90942875160238,-61.725,-4.259,4.73,0.008,-0.006,-112.8,0,0.0000,0.00
16:35:36,22.26364693700697,84.90942875563732,-61.725,-4.259,4.73,0.008,-0.006,-112.8,0,0.0000,0.00
16:35:36,22.263646934191836,84.90942875965338,-61.724,-4.260,4.73,0.008,-0.006,-112.8,0,0.0000,0.00
16:35:36,22.263646931369465,84.90942876367978,-61.724,-4.260,4.76,0.008,-0.006,-112.8,0,0.0000,0.00
16:35:36,22.26364692854503,84.90942876770912,-61.723,-4.260,4.76,0.008,-0.006,-112.4,0,0.0000,0.00
16:35:36,22.26364692572514,84.90942877173197,-61.723,-4.261,4.76,0.008,-0.006,-112.4,0,0.0000,0.00
16:35:36,22.26364692290966,84.90942877574854,-61.722,-4.261,4.76,0.008,-0.006,-109.2,0,0.0000,0.00
16:35:36,22.263646920089716,84.90942877977147,-61.722,-4.261,4.76,0.008,-0.006,-107.1,0,0.0000,0.00
16:35:36,22.26364691726638,84.90942878379924,-61.722,-4.262,4.76,0.008,-0.006,-107.1,0,0.0000,0.00
16:35:36,22.263646914442162,84.90942878782828,-61.721,-4.262,4.76,0.008,-0.006,-105.0,0,0.0000,0.00
16:35:36,22.263646911620963,84.90942879185299,-61.721,-4.262,4.76,0.008,-0.006,-101.1,0,0.0000,0.00
16:35:36,22.263646908801405,84.90942879587537,-61.720,-4.263,4.80,0.008,-0.006,-99.4,0,0.0000,0.00
16:35:36,22.26364690597565,84.90942879990659,-61.720,-4.263,4.80,0.008,-0.006,-99.4,0,0.0000,0.00
16:35:36,22.26364690315949,84.90942880392413,-61.720,-4.263,4.80,0.008,-0.006,-97.7,0,0.0000,0.00
16:35:36,22.263645914134184,84.90942815567817,-61.786,-4.373,4.80,-0.083,-0.156,-95.0,0,0.0113,0.00
16:35:36,22.26364584352881,84.90942811488698,-61.791,-4.381,4.80,-0.083,-0.156,-94.1,0,0.0000,0.00
16:35:37,22.26364577307913,84.90942807418575,-61.795,-4.389,4.85,-0.083,-0.156,-94.1,0,0.0000,0.00
16:35:37,22.263645702706135,84.90942803352881,-61.799,-4.397,4.85,-0.083,-0.156,-93.3,0,0.0000,0.00
16:35:37,22.263645632298132,84.90942799285166,-61.803,-4.405,4.85,-0.083,-0.156,-93.4,0,0.0000,0.00
16:35:37,22.263645561970144,84.90942795222074,-61.807,-4.413,4.85,-0.083,-0.156,-93.7,0,0.0000,0.00
16:35:37,22.26364549153547,84.90942791152817,-61.811,-4.420,4.85,-0.083,-0.156,-93.7,0,0.0000,0.00
16:35:37,22.26364542118548,84.90942787088453,-61.816,-4.428,4.85,-0.083,-0.156,-94.4,0,0.0000,0.00
16:35:37,22.263645350799813,84.90942783022027,-61.820,-4.436,4.85,-0.083,-0.156,-94.8,0,0.0000,0.00
16:35:37,22.26364528036147,84.90942778952558,-61.824,-4.444,4.85,-0.083,-0.156,-94.8,0,0.0000,0.00
16:35:37,22.263645209951466,84.90942774884728,-61.828,-4.452,4.87,-0.083,-0.156,-95.5,0,10.0005,0.00
16:35:37,22.26364513956747,84.90942770818398,-61.832,-4.460,4.87,-0.083,-0.156,-95.8,0,0.0000,0.00
16:35:37,22.263645068867074,84.90942766733791,-61.837,-4.467,4.87,-0.083,-0.156,-96.0,0,0.0000,0.00
16:35:37,22.263644998391058,84.90942762662145,-61.841,-4.475,4.87,-0.083,-0.156,-96.0,0,0.0000,0.00
16:35:37,22.263644928112416,84.90942758601904,-61.845,-4.483,4.82,-0.083,-0.156,-96.3,0,0.0000,0.00
16:35:37,22.263644857770757,84.90942754538021,-61.849,-4.491,4.82,-0.083,-0.156,-97.0,0,0.0000,0.00
16:35:37,22.26364478730341,84.90942750466876,-61.853,-4.499,4.82,-0.083,-0.156,-97.4,0,0.0000,0.00
16:35:37,22.263644716736042,84.90942746389953,-61.858,-4.507,4.82,-0.083,-0.156,-97.4,0,0.0000,0.00
16:35:37,22.263644646360046,84.90942742324087,-61.862,-4.514,4.82,-0.083,-0.156,-98.3,0,0.0000,0.00
16:35:37,22.263644576024056,84.90942738260532,-61.866,-4.522,4.82,-0.083,-0.156,-98.7,0,0.0000,0.00
16:35:37,22.263644505512033,84.90942734186807,-61.870,-4.530,4.82,-0.083,-0.156,-99.0,0,0.0000,0.00
16:35:37,22.26364443497167,84.90942730111443,-61.874,-4.538,4.82,-0.083,-0.156,-99.0,0,0.0000,0.00
16:35:38,22.26364436451299,84.90942726040801,-61.879,-4.546,4.82,-0.083,-0.156,-99.2,0,0.0000,0.00
16:35:38,22.263644293983965,84.90942721966093,-61.883,-4.554,4.78,-0.083,-0.156,-99.3,0,0.0000,0.00
16:35:38,22.263644223383594,84.90942717887263,-61.887,-4.562,4.78,-0.083,-0.156,-99.2,0,0.0000,0.00
16:35:38,22.263644152936582,84.90942713817293,-61.891,-4.569,4.78,-0.083,-0.156,-99.0,0,0.0000,0.00
16:35:38,22.26364408250724,84.90942709748346,-61.895,-4.577,4.78,-0.083,-0.156,-99.0,0,0.0000,0.00
16:35:38,22.263644012003553,84.90942705675101,-61.900,-4.585,4.73,-0.083,-0.156,-98.7,0,0.0000,0.00
16:35:38,22.263643941579545,84.90942701606461,-61.904,-4.593,4.73,-0.083,-0.156,-98.2,0,0.0000,0.00
16:35:38,22.263643870963836,84.90942697526745,-61.908,-4.601,4.73,-0.083,-0.156,-96.1,0,0.0000,0.00
16:35:38,22.26364380063085,84.90942693463363,-61.912,-4.609,4.73,-0.083,-0.156,-96.1,0,0.0000,0.00
16:35:38,22.263643730166834,84.90942689392412,-61.916,-4.616,4.73,-0.083,-0.156,-94.6,0,0.0000,0.00
16:35:38,22.26364365973216,84.90942685323155,-61.920,-4.624,4.73,-0.083,-0.156,-93.1,0,0.0000,0.00
16:35:38,22.263643589226472,84.90942681249795,-61.925,-4.632,4.73,-0.083,-0.156,-90.0,0,0.0000,0.00
16:35:38,22.263643518891815,84.90942677186318,-61.929,-4.640,4.73,-0.083,-0.156,-90.0,0,0.0000,0.00
16:35:38,22.26364344848948,84.9094267311893,-61.933,-4.648,4.69,-0.083,-0.156,-88.6,0,0.0000,0.00
16:35:38,22.26364383836087,84.90942519375196,-62.091,-4.604,4.69,-0.228,-0.108,-87.2,0,0.0027,0.00
16:35:38,22.26364378942337,84.90942508177298,-62.103,-4.610,4.69,-0.228,-0.108,-84.5,0,0.0000,0.00
16:35:38,22.263643740762195,84.90942497042631,-62.114,-4.615,4.69,-0.228,-0.108,-84.5,0,0.0000,0.00
16:35:38,22.263643692101713,84.90942485908123,-62.126,-4.621,4.69,-0.228,-0.108,-84.5,0,0.0000,0.00
16:35:38,22.26364364332254,84.90942474746454,-62.137,-4.626,4.69,-0.228,-0.108,-82.1,0,0.0000,0.00
16:35:39,22.263643720030583,84.90942450841474,-62.162,-4.618,4.69,-0.247,-0.087,-80.0,0,0.0027,0.00
16:35:39,22.263643680566954,84.90942438722891,-62.175,-4.622,4.69,-0.247,-0.087,-80.0,0,0.0000,0.00
16:35:39,22.26364364122351,84.90942426641213,-62.187,-4.626,4.69,-0.247,-0.087,-79.1,0,0.0000,0.00
16:35:39,22.263643601849505,84.90942414550153,-62.199,-4.631,4.62,-0.247,-0.087,-78.2,0,0.0000,0.00
16:35:39,22.263643562430968,84.90942402445417,-62.212,-4.635,4.62,-0.247,-0.087,-76.8,0,0.0000,0.00
16:35:39,22.263643523126092,84.90942390375584,-62.224,-4.639,4.62,-0.247,-0.087,-76.8,0,0.0000,0.00
16:35:39,22.263643483721346,84.90942378275082,-62.237,-4.644,4.62,-0.247,-0.087,-76.3,0,0.0000,0.00
16:35:39,22.26364344429554,84.90942366168113,-62.249,-4.648,4.55,-0.247,-0.087,-75.8,0,0.0000,0.00
16:35:39,22.263643404915015,84.9094235407505,-62.262,-4.653,4.55,-0.247,-0.087,-75.8,0,0.0000,0.00
16:35:39,22.263643365607532,84.90942342004416,-62.274,-4.657,4.55,-0.247,-0.087,-75.9,0,0.0000,0.00
16:35:39,22.263643326242846,84.90942329916216,-62.287,-4.661,4.55,-0.247,-0.087,-76.5,0,0.0000,0.00
16:35:39,22.263643286855984,84.90942317821207,-62.299,-4.666,4.55,-0.247,-0.087,-77.4,0,0.0000,0.00
16:35:39,22.263643247459992,84.90942305723394,-62.312,-4.670,4.55,-0.247,-0.087,-77.4,0,0.0000,0.00
16:35:39,22.26364320815754,84.90942293654305,-62.324,-4.675,4.55,-0.247,-0.087,-80.1,0,0.0000,0.00
16:35:39,22.263643168687203,84.90942281533663,-62.336,-4.679,4.55,-0.247,-0.087,-81.8,0,0.0000,0.00
16:35:39,22.263643129300903,84.90942269438825,-62.349,-4.683,4.55,-0.247,-0.087,-85.4,0,0.0000,0.00
16:35:39,22.263643089878638,84.90942257332944,-62.361,-4.688,4.49,-0.247,-0.087,-85.4,0,0.0000,0.00
16:35:39,22.26364305050836,84.90942245243028,-62.374,-4.692,4.49,-0.247,-0.087,-87.3,0,0.0000,0.00
16:35:39,22.26364301113212,84.9094223315128,-62.386,-4.696,4.49,-0.247,-0.087,-89.2,0,0.0000,0.00
16:35:40,22.263642971638493,84.90942221023484,-62.399,-4.701,4.49,-0.247,-0.087,-93.1,0,0.0000,0.00
16:35:40,22.263642932261323,84.9094220893145,-62.411,-4.705,4.44,-0.247,-0.087,-93.1,0,0.0000,0.00
16:35:40,22.263642892851916,84.90942196829518,-62.424,-4.710,4.44,-0.247,-0.087,-95.0,0,0.0000,0.00
16:35:40,22.263642853460023,84.90942184732964,-62.436,-4.714,4.44,-0.247,-0.087,-96.9,0,0.0000,0.00
16:35:40,22.263642814042605,84.90942172628571,-62.449,-4.718,4.44,-0.247,-0.087,-100.7,0,0.0000,0.00
16:35:40,22.263642774681085,84.90942160541344,-62.461,-4.723,4.44,-0.247,-0.087,-100.7,0,0.0000,0.00
16:35:40,22.26364273532665,84.90942148456291,-62.474,-4.727,4.44,-0.247,-0.087,-102.5,0,0.0000,0.00
16:35:40,22.2636426959532,84.90942136365402,-62.486,-4.732,4.44,-0.247,-0.087,-105.9,0,0.0000,0.00
16:35:40,22.26364265658013,84.90942124274626,-62.498,-4.736,4.44,-0.247,-0.087,-105.9,0,0.0000,0.00
16:35:40,22.263642617335627,84.90942112223333,-62.511,-4.740,4.44,-0.247,-0.087,-107.5,0,0.0000,0.00
16:35:40,22.263642577951188,84.90942100129068,-62.523,-4.745,4.44,-0.247,-0.087,-109.0,0,0.0000,0.00
16:35:40,22.263642538585383,84.90942088040525,-62.536,-4.749,4.44,-0.247,-0.087,-111.9,0,0.0000,0.00
16:35:40,22.263642499283304,84.9094207597155,-62.548,-4.753,4.44,-0.247,-0.087,-111.9,0,0.0000,0.00
16:35:40,22.263642459915822,84.90942063882491,-62.561,-4.758,4.43,-0.247,-0.087,-113.1,0,0.0000,0.00
16:35:40,22.26364242059343,84.9094205180728,-62.573,-4.762,4.43,-0.247,-0.087,-114.3,0,0.0000,0.00
16:35:40,22.263642381202285,84.90942039710956,-62.586,-4.767,4.43,-0.247,-0.087,-116.4,0,0.0000,0.00
16:35:40,22.263642341885113,84.90942027637347,-62.598,-4.771,4.43,-0.247,-0.087,-116.4,0,0.0000,0.00
16:35:40,22.263642302624024,84.9094201558096,-62.610,-4.775,4.43,-0.247,-0.087,-117.2,0,0.0000,0.00
16:35:40,22.26364226329828,84.90942003504719,-62.623,-4.780,4.43,-0.247,-0.087,-117.9,0,0.0000,0.00
16:35:40,22.263642223903968,84.9094199140742,-62.635,-4.784,4.43,-0.247,-0.087,-119.1,0,0.0000,0.00
16:35:40,22.263642184525864,84.90941979315102,-62.648,-4.788,4.43,-0.247,-0.087,-119.1,0,0.0000,0.00
16:35:41,22.26364214524484,84.90941967252593,-62.660,-4.793,4.43,-0.247,-0.087,-119.5,0,0.0000,0.00
16:35:41,22.263642105906612,84.90941955172518,-62.673,-4.797,4.42,-0.247,-0.087,-119.9,0,0.0000,0.00
16:35:41,22.263642066554223,84.90941943088094,-62.685,-4.802,4.42,-0.247,-0.087,-120.4,0,0.0000,0.00
16:35:41,22.263642027129908,84.90941930981583,-62.698,-4.806,4.42,-0.247,-0.087,-120.4,0,0.0000,0.00
16:35:41,22.263641987817582,84.90941918909462,-62.710,-4.810,4.42,-0.247,-0.087,-120.5,0,0.0000,0.00
16:35:41,22.26364194839774,84.90941906804325,-62.723,-4.815,4.42,-0.247,-0.087,-120.5,0,0.0000,0.00
16:35:41,22.263641869240736,84.90941882496608,-62.748,-4.824,4.42,-0.247,-0.087,-120.4,0,0.0000,0.00
16:35:41,22.26364182992058,84.90941870422083,-62.760,-4.828,4.42,-0.247,-0.087,-120.3,0,0.0000,0.00
16:35:41,22.263641790598005,84.90941858346815,-62.772,-4.832,4.41,-0.247,-0.087,-120.1,0,0.0000,0.00
16:35:41,22.26364175125344,84.90941846264795,-62.785,-4.837,4.41,-0.247,-0.087,-119.7,0,0.0000,0.00
16:35:41,22.263641711904405,84.909418341814,-62.797,-4.841,4.41,-0.247,-0.087,-119.7,0,0.0000,0.00
16:35:41,22.263641672484006,84.90941822076093,-62.810,-4.845,4.41,-0.247,-0.087,-119.4,0,0.0000,0.00
16:35:41,22.263641633148573,84.90941809996876,-62.822,-4.850,4.41,-0.247,-0.087,-118.8,0,0.0000,0.00
16:35:41,22.263641593758173,84.9094179790078,-62.835,-4.854,4.42,-0.247,-0.087,-118.5,0,0.0000,0.00
16:35:41,22.26364155431206,84.90941785787575,-62.847,-4.859,4.42,-0.247,-0.087,-118.5,0,0.0000,0.00
16:35:41,22.263641514964142,84.90941773704525,-62.860,-4.863,4.42,-0.247,-0.087,-118.2,0,0.0000,0.00
16:35:41,22.26364147557206,84.90941761607912,-62.872,-4.867,4.42,-0.247,-0.087,-117.9,0,0.0000,0.00
16:35:41,22.263641436178307,84.90941749510787,-62.885,-4.872,4.42,-0.247,-0.087,-117.3,0,0.0000,0.00
16:35:41,22.263641396853497,84.90941737434832,-62.897,-4.876,4.42,-0.247,-0.087,-117.3,0,0.0000,0.00
16:35:42,22.26364135757303,84.90941725372495,-62.909,-4.881,4.42,-0.247,-0.087,-117.0,0,0.0000,0.00
16:35:42,22.263642480752267,84.90942079507028,-62.545,-4.756,4.42,-0.015,-0.007,-116.5,0,0.0063,0.00
16:35:42,22.263642477372255,84.90942078756292,-62.545,-4.756,4.43,-0.015,-0.007,-116.5,0,0.0000,0.00
16:35:42,22.26364247400709,84.90942078008855,-62.546,-4.756,4.43,-0.015,-0.007,-116.2,0,0.0000,0.00
16:35:42,22.263642470644438,84.90942077261975,-62.547,-4.757,4.43,-0.015,-0.007,-115.7,0,0.0000,0.00
16:35:42,22.263642467284654,84.90942076515734,-62.548,-4.757,4.43,-0.015,-0.007,-115.5,0,0.0000,0.00
16:35:42,22.26364249933797,84.9094208739117,-62.536,-4.753,4.45,-0.003,-0.003,-115.5,0,0.0048,0.00
16:35:42,22.263642497810725,84.90942087247727,-62.537,-4.754,4.45,-0.003,-0.003,-115.3,0,0.0000,0.00
16:35:42,22.263642496281967,84.9094208710414,-62.537,-4.754,4.45,-0.003,-0.003,-114.8,0,0.0000,0.00
16:35:42,22.263642494759623,84.90942086961157,-62.537,-4.754,4.45,-0.003,-0.003,-114.6,0,0.0000,0.00
16:35:42,22.263642493239487,84.9094208681838,-62.537,-4.754,4.45,-0.003,-0.003,-114.6,0,0.0000,0.00
16:35:42,22.263642491715235,84.90942086675217,-62.537,-4.754,4.45,-0.003,-0.003,-114.5,0,0.0000,0.00
16:35:42,22.263642490194403,84.90942086532375,-62.537,-4.754,4.45,-0.003,-0.003,-114.2,0,0.0000,0.00
16:35:42,22.263642488671323,84.90942086389323,-62.538,-4.755,4.45,-0.003,-0.003,-114.1,0,0.0000,0.00
16:35:42,22.26364248714851,84.90942086246295,-62.538,-4.755,4.46,-0.003,-0.003,-114.1,0,0.0000,0.00
16:35:42,22.263642485624384,84.90942086103144,-62.538,-4.755,4.46,-0.003,-0.003,-114.1,0,0.0000,0.00
16:35:42,22.263642484099467,84.90942085959918,-62.538,-4.755,4.46,-0.003,-0.003,-114.0,0,0.0000,0.00
16:35:42,22.263642482574845,84.90942085816721,-62.538,-4.755,4.46,-0.003,-0.003,-114.0,0,0.0000,0.00
16:35:42,22.263642481047846,84.90942085673299,-62.538,-4.755,4.46,-0.003,-0.003,-114.0,0,0.0000,0.00
16:35:42,22.26364247952598,84.90942085530361,-62.538,-4.756,4.49,-0.003,-0.003,-114.0,0,0.0000,0.00
16:35:43,22.263642478000648,84.90942085387097,-62.539,-4.756,4.49,-0.003,-0.003,-114.1,0,0.0000,0.00
16:35:43,22.26364247647583,84.90942085243881,-62.539,-4.756,4.49,-0.003,-0.003,-114.1,0,0.0000,0.00
16:35:43,22.263642479240975,84.90942088693495,-62.535,-4.756,4.49,0.003,-0.003,-114.1,0,0.0056,0.00
16:35:43,22.26364247806075,84.90942088842682,-62.535,-4.756,4.49,0.003,-0.003,-114.2,0,0.0000,0.00
16:35:43,22.263642476882254,84.9094208899165,-62.535,-4.756,4.49,0.003,-0.003,-114.2,0,0.0000,0.00
16:35:43,22.263642475709094,84.90942089139945,-62.535,-4.756,4.49,0.003,-0.003,-114.2,0,0.0000,0.00
16:35:43,22.263642474534844,84.90942089288377,-62.535,-4.756,4.49,0.003,-0.003,-114.3,0,0.0000,0.00
16:35:43,22.263642473361113,84.90942089436744,-62.534,-4.756,4.51,0.003,-0.003,-114.3,0,0.0000,0.00
16:35:43,22.263642472184614,84.90942089585461,-62.534,-4.756,4.51,0.003,-0.003,-114.4,0,0.0000,0.00
16:35:43,22.26364247101143,84.90942089733758,-62.534,-4.757,4.51,0.003,-0.003,-114.4,0,0.0000,0.00
16:35:43,22.26364246983757,84.90942089882141,-62.534,-4.757,4.51,0.003,-0.003,-114.5,0,0.0000,0.00
16:35:43,22.26364246865985,84.90942090031012,-62.534,-4.757,4.55,0.003,-0.003,-114.5,0,0.0000,0.00
16:35:43,22.263642467483677,84.90942090179688,-62.534,-4.757,4.55,0.003,-0.003,-114.6,0,0.0000,0.00
16:35:43,22.263642466310078,84.90942090328038,-62.533,-4.757,4.55,0.003,-0.003,-114.6,0,0.0000,0.00
16:35:43,22.263642465132115,84.90942090476939,-62.533,-4.757,4.55,0.003,-0.003,-114.6,0,0.0000,0.00
16:35:43,22.263642463958515,84.90942090625289,-62.533,-4.757,4.55,0.003,-0.003,-114.7,0,0.0000,0.00
16:35:43,22.263642462782805,84.90942090773906,-62.533,-4.758,4.55,0.003,-0.003,-114.7,0,0.0000,0.00
16:35:43,22.263642452917015,84.90942091863593,-62.532,-4.759,4.55,0.005,-0.004,-114.8,0,0.0062,0.00
16:35:43,22.263642450963008,84.90942092096616,-62.532,-4.759,4.55,0.005,-0.004,-114.8,0,0.0000,0.00
16:35:44,22.263642449019517,84.90942092328383,-62.531,-4.759,4.55,0.005,-0.004,-114.8,0,0.0000,0.00
16:35:44,22.263642447074965,84.90942092560279,-62.531,-4.759,4.58,0.005,-0.004,-114.9,0,0.0000,0.00
16:35:44,22.263642445135066,84.90942092791619,-62.531,-4.759,4.58,0.005,-0.004,-114.9,0,0.0000,0.00
16:35:44,22.26364244282648,84.90942093120553,-62.531,-4.760,4.58,0.005,-0.004,-114.9,0,0.0065,0.00
16:35:44,22.263642440833856,84.90942093364568,-62.530,-4.760,4.58,0.005,-0.004,-114.9,0,0.0000,0.00
16:35:44,22.26364243884823,84.90942093607727,-62.530,-4.760,4.58,0.005,-0.004,-114.8,0,0.0000,0.00
16:35:44,22.263642436860035,84.90942093851199,-62.530,-4.760,4.58,0.005,-0.004,-114.7,0,0.0000,0.00
16:35:44,22.263642434874434,84.90942094094353,-62.530,-4.761,4.58,0.005,-0.004,-114.7,0,0.0000,0.00
16:35:44,22.263642432889295,84.90942094337453,-62.529,-4.761,4.58,0.005,-0.004,-114.7,0,0.0000,0.00
16:35:44,22.263642430903,84.90942094580693,-62.529,-4.761,4.62,0.005,-0.004,-114.5,0,0.0000,0.00
16:35:44,22.263642428917503,84.90942094823835,-62.529,-4.761,4.62,0.005,-0.004,-114.4,0,0.0000,0.00
16:35:44,22.263642426931536,84.90942095067035,-62.529,-4.761,4.62,0.005,-0.004,-114.4,0,0.0000,0.00
16:35:44,22.26364242495312,84.9094209530931,-62.528,-4.762,4.62,0.005,-0.004,-114.3,0,0.0000,0.00
16:35:44,22.263642422968328,84.90942095552366,-62.528,-4.762,4.65,0.005,-0.004,-114.2,0,0.0000,0.00
16:35:44,22.263642200906062,84.90942106678014,-62.517,-4.787,4.65,0.032,-0.063,-114.0,0,0.0058,0.00
16:35:45,22.26364217240064,84.90942108232885,-62.515,-4.790,4.65,0.032,-0.063,-114.0,0,0.0000,0.00
16:35:45,22.26364214400777,84.90942109781618,-62.513,-4.793,4.65,0.032,-0.063,-114.0,0,0.0000,0.00
16:35:45,22.263642115567563,84.90942111332932,-62.512,-4.796,4.65,0.032,-0.063,-113.9,0,0.0000,0.00
16:35:45,22.263642087148607,84.90942112883087,-62.510,-4.799,4.65,0.032,-0.063,-113.9,0,0.0000,0.00
16:35:45,22.263642172723205,84.9094210899821,-62.514,-4.790,4.65,0.016,-0.026,-113.8,0,0.0051,0.00
16:35:45,22.26364216082224,84.90942109761613,-62.513,-4.791,4.65,0.016,-0.026,-113.8,0,0.0000,0.00
16:35:45,22.263642148962205,84.9094211052239,-62.513,-4.792,4.65,0.016,-0.026,-113.8,0,0.0000,0.00
16:35:45,22.263642137105258,84.90942111282969,-62.512,-4.794,4.70,0.016,-0.026,-113.8,0,0.0000,0.00
16:35:45,22.263642125246907,84.90942112043638,-62.511,-4.795,4.70,0.016,-0.026,-113.8,0,0.0000,0.00
16:35:45,22.263642148435707,84.90942111115874,-62.512,-4.793,4.70,0.010,-0.013,-113.8,0,0.0034,0.00
16:35:45,22.26364214251425,84.90942111591139,-62.512,-4.793,4.70,0.010,-0.013,-113.9,0,0.0000,0.00
16:35:45,22.26364213661769,84.90942112064407,-62.511,-4.794,4.75,0.010,-0.013,-113.9,0,0.0000,0.00
16:35:45,22.263642130722747,84.90942112537546,-62.511,-4.794,4.75,0.010,-0.013,-113.9,0,0.0000,0.00
16:35:45,22.263642124821192,84.90942113011215,-62.510,-4.795,4.75,0.010,-0.013,-114.0,0,0.0000,0.00
16:35:45,22.263642015911945,84.90942118401753,-62.505,-4.807,4.75,0.028,-0.055,-114.1,0,0.0056,0.00
16:35:45,22.263641991015547,84.90942119782314,-62.503,-4.810,4.75,0.028,-0.055,-114.1,0,0.0000,0.00
16:35:45,22.26364196618547,84.90942121159196,-62.502,-4.813,4.75,0.028,-0.055,-114.1,0,0.0000,0.00
16:35:45,22.26364194135657,84.90942122536015,-62.500,-4.816,4.75,0.028,-0.055,-114.1,0,0.0000,0.00
16:35:45,22.263641916493686,84.90942123914716,-62.499,-4.818,4.75,0.028,-0.055,-114.2,0,0.0000,0.00
16:35:45,22.263641891642678,84.9094212529276,-62.497,-4.821,4.79,0.028,-0.055,-114.2,0,0.0000,0.00
16:35:45,22.263641866771206,84.90942126671939,-62.496,-4.824,4.79,0.028,-0.055,-114.3,0,0.0000,0.00
16:35:45,22.26364184189174,84.90942128051562,-62.495,-4.827,4.79,0.028,-0.055,-114.4,0,0.0000,0.00
16:35:46,22.26364181701827,84.9094212943085,-62.493,-4.829,4.79,0.028,-0.055,-114.4,0,0.0000,0.00
16:35:46,22.263641792183257,84.90942130808007,-62.492,-4.832,4.79,0.028,-0.055,-114.4,0,0.0000,0.00
16:35:46,22.263641767365765,84.90942132184192,-62.490,-4.835,4.83,0.028,-0.055,-114.5,0,0.0000,0.00
16:35:46,22.263641742504525,84.90942133562804,-62.489,-4.838,4.83,0.028,-0.055,-114.6,0,0.0000,0.00
16:35:46,22.263641717615062,84.90942134942979,-62.488,-4.840,4.83,0.028,-0.055,-114.6,0,0.0000,0.00
16:35:46,22.263641692728896,84.90942136322974,-62.486,-4.843,4.83,0.028,-0.055,-114.6,0,0.0000,0.00
16:35:46,22.263641667900583,84.90942137699759,-62.485,-4.846,4.83,0.028,-0.055,-114.6,0,0.0000,0.00
16:35:46,22.263641643053457,84.90942139077588,-62.483,-4.849,4.83,0.028,-0.055,-114.6,0,0.0000,0.00
16:35:46,22.263641526823207,84.90942145580297,-62.477,-4.862,4.83,0.039,-0.076,-114.7,0,0.0089,0.00
16:35:46,22.26364149250822,84.90942147489032,-62.475,-4.866,4.83,0.039,-0.076,-114.7,0,0.0000,0.00
16:35:46,22.26364145836273,84.90942149388339,-62.473,-4.869,4.87,0.039,-0.076,-114.7,0,0.0000,0.00
16:35:46,22.263641424176324,84.9094215128992,-62.471,-4.873,4.87,0.039,-0.076,-114.7,0,0.0000,0.00
16:35:46,22.26364138999234,84.90942153191368,-62.469,-4.877,4.87,0.039,-0.076,-114.6,0,0.0000,0.00
16:35:46,22.263641355879358,84.90942155088865,-62.467,-4.881,4.87,0.039,-0.076,-114.6,0,0.0000,0.00
16:35:46,22.263641321694568,84.90942156990359,-62.465,-4.885,4.87,0.039,-0.076,-114.5,0,0.0000,0.00
16:35:46,22.26364128750363,84.90942158892192,-62.463,-4.888,4.87,0.039,-0.076,-114.5,0,0.0000,0.00
16:35:46,22.263641253216463,84.90942160799379,-62.461,-4.892,4.87,0.039,-0.076,-114.4,0,0.0000,0.00
16:35:46,22.26364121906143,84.90942162699216,-62.459,-4.896,4.87,0.039,-0.076,-114.4,0,0.0000,0.00
16:35:46,22.263641147444996,84.90942166504328,-62.455,-4.904,4.87,0.043,-0.085,-114.3,0,0.0052,0.00
16:35:46,22.263641108884475,84.90942168629184,-62.453,-4.908,4.92,0.043,-0.085,-114.3,0,0.0000,0.00
16:35:46,22.263641070488593,84.90942170744967,-62.451,-4.912,4.92,0.043,-0.085,-114.3,0,0.0000,0.00
16:35:46,22.263641032125925,84.9094217285892,-62.448,-4.917,4.92,0.043,-0.085,-114.3,0,0.0000,0.00
16:35:46,22.26364099378123,84.90942174971883,-62.446,-4.921,4.92,0.043,-0.085,-114.3,0,0.0000,0.00
16:35:47,22.26364095206893,84.9094217730647,-62.444,-4.926,4.98,0.044,-0.086,-114.3,0,0.0085,0.00
16:35:47,22.26364091302721,84.90942179462921,-62.442,-4.930,4.98,0.044,-0.086,-114.3,0,0.0000,0.00
16:35:47,22.263640874172943,84.90942181609019,-62.439,-4.934,4.98,0.044,-0.086,-114.3,0,0.0000,0.00
16:35:47,22.26364083535028,84.9094218375337,-62.437,-4.939,4.98,0.044,-0.086,-114.3,0,0.0000,0.00
16:35:47,22.26364079649895,84.90942185899306,-62.435,-4.943,4.98,0.044,-0.086,-114.4,0,0.0000,0.00
16:35:47,22.263640762828093,84.90942187918503,-62.433,-4.947,4.98,0.043,-0.084,-114.5,0,0.0049,0.00
16:35:47,22.26364072471784,84.90942190050119,-62.431,-4.951,4.98,0.043,-0.084,-114.5,0,0.0000,0.00
16:35:47,22.263640686728177,84.9094219217499,-62.429,-4.955,4.98,0.043,-0.084,-114.5,0,0.0000,0.00
16:35:47,22.263640648797466,84.90942194296562,-62.426,-4.959,5.01,0.043,-0.084,-114.7,0,0.0000,0.00
16:35:47,22.263640610762334,84.90942196423977,-62.424,-4.964,5.01,0.043,-0.084,-114.7,0,0.0000,0.00
16:35:47,22.263640572783817,84.90942198548224,-62.422,-4.968,5.01,0.043,-0.084,-114.8,0,0.0000,0.00
16:35:47,22.263640534781757,84.90942200673788,-62.420,-4.972,5.01,0.043,-0.084,-114.8,0,0.0000,0.00
16:35:47,22.26364049678958,84.90942202798799,-62.418,-4.976,5.01,0.043,-0.084,-114.9,0,0.0000,0.00
16:35:47,22.2636404587859,84.90942204924454,-62.415,-4.981,5.05,0.043,-0.084,-114.9,0,0.0000,0.00
16:35:47,22.263640420733875,84.90942207052812,-62.413,-4.985,5.05,0.043,-0.084,-114.9,0,0.0000,0.00
16:35:47,22.263640369056965,84.90942210046724,-62.410,-4.991,5.05,0.046,-0.088,-114.9,0,0.0083,0.00
16:35:47,22.263640329065282,84.90942212297851,-62.408,-4.995,5.05,0.046,-0.088,-114.9,0,0.0000,0.00
16:35:47,22.263640288260692,84.90942214594737,-62.405,-5.000,5.05,0.046,-0.088,-114.9,0,0.0000,0.00
16:35:47,22.26364024710604,84.90942216911328,-62.403,-5.004,5.05,0.046,-0.088,-114.9,0,0.0000,0.00
16:35:48,22.263640207128507,84.90942219161658,-62.401,-5.009,5.05,0.046,-0.088,-114.8,0,0.0000,0.00
16:35:48,22.263640167231507,84.90942221407455,-62.398,-5.013,5.05,0.046,-0.088,-114.8,0,0.0000,0.00
16:35:48,22.263640127426555,84.90942223648072,-62.396,-5.017,5.11,0.046,-0.088,-114.8,0,0.0000,0.00
16:35:48,22.26364008742337,84.90942225899846,-62.394,-5.022,5.11,0.046,-0.088,-114.8,0,0.0000,0.00
16:35:48,22.263640047511284,84.90942228146493,-62.391,-5.026,5.11,0.046,-0.088,-114.9,0,0.0000,0.00
16:35:48,22.263640007728018,84.90942230385889,-62.389,-5.031,5.11,0.046,-0.088,-114.9,0,0.0000,0.00
16:35:48,22.26363996794796,84.90942232625103,-62.387,-5.035,5.14,0.046,-0.088,-114.9,0,0.0000,0.00
16:35:48,22.26363992814904,84.9094223486538,-62.385,-5.040,5.14,0.046,-0.088,-114.8,0,0.0000,0.00
16:35:48,22.26363988833522,84.90942237106495,-62.382,-5.044,5.14,0.046,-0.088,-114.8,0,0.0000,0.00
16:35:48,22.26363984842955,84.9094223935278,-62.380,-5.049,5.14,0.046,-0.088,-114.8,0,0.0000,0.00
16:35:48,22.263639808627232,84.90942241593248,-62.378,-5.053,5.14,0.046,-0.088,-114.8,0,0.0000,0.00
16:35:48,22.263639768731935,84.9094224383895,-62.375,-5.057,5.14,0.046,-0.088,-114.8,0,0.0000,0.00
16:35:48,22.26363967916698,84.90942248740426,-62.370,-5.067,5.14,0.051,-0.099,-114.8,0,0.0086,0.00
16:35:48,22.263639634480455,84.90942251242453,-62.368,-5.072,5.14,0.051,-0.099,-114.8,0,0.0000,0.00
16:35:48,22.263639589893096,84.90942253738926,-62.365,-5.077,5.14,0.051,-0.099,-114.8,0,0.0000,0.00
16:35:48,22.26363954533085,84.90942256233994,-62.363,-5.082,5.18,0.051,-0.099,-114.8,0,0.0000,0.00
16:35:48,22.2636395007072,84.909422587325,-62.360,-5.087,5.18,0.051,-0.099,-114.8,0,0.0000,0.00
16:35:48,22.263639456198334,84.90942261224579,-62.357,-5.092,5.18,0.051,-0.099,-114.8,0,0.0000,0.00
16:35:48,22.26363936636973,84.90942266254137,-62.352,-5.102,5.18,0.051,-0.099,-114.8,0,0.0000,0.00
16:35:48,22.263639321655774,84.909422687577,-62.350,-5.107,5.18,0.051,-0.099,-114.8,0,0.0000,0.00
16:35:49,22.263639277063774,84.90942271254434,-62.347,-5.112,5.18,0.051,-0.099,-114.8,0,0.0000,0.00
16:35:49,22.263639229810664,84.90942273735936,-62.345,-5.117,5.18,0.051,-0.099,-114.8,0,0.0050,0.00
16:35:49,22.263639184766674,84.90942276240037,-62.342,-5.122,5.22,0.051,-0.099,-114.7,0,0.0000,0.00
16:35:49,22.263639139837174,84.90942278737772,-62.339,-5.127,5.22,0.051,-0.099,-114.6,0,0.0000,0.00
16:35:49,22.263639094940174,84.90942281233701,-62.337,-5.132,5.22,0.051,-0.099,-114.5,0,0.0000,0.00
16:35:49,22.263639050125377,84.90942283725062,-62.334,-5.137,5.22,0.051,-0.099,-114.5,0,0.0000,0.00
16:35:49,22.26363900531334,84.90942286216267,-62.332,-5.142,5.27,0.051,-0.099,-114.4,0,0.0000,0.00
16:35:49,22.263638960373008,84.90942288714605,-62.329,-5.147,5.27,0.051,-0.099,-114.3,0,0.0000,0.00
16:35:49,22.26363891547877,84.9094229121038,-62.327,-5.152,5.27,0.051,-0.099,-114.2,0,0.0000,0.00
16:35:49,22.263638870593454,84.9094229370566,-62.324,-5.157,5.27,0.051,-0.099,-114.2,0,0.0000,0.00
16:35:49,22.26363882584684,84.9094229619323,-62.321,-5.162,5.27,0.051,-0.099,-114.2,0,0.0000,0.00
16:35:49,22.263638780933906,84.90942298690044,-62.319,-5.167,5.27,0.051,-0.099,-114.1,0,0.0000,0.00
16:35:49,22.263638736050076,84.90942301185241,-62.316,-5.172,5.27,0.051,-0.099,-114.1,0,0.0000,0.00
16:35:49,22.26363869125036,84.90942303675763,-62.314,-5.177,5.27,0.051,-0.099,-114.1,0,0.0000,0.00
16:35:49,22.263638646348685,84.90942306171952,-62.311,-5.182,5.27,0.051,-0.099,-114.1,0,0.0000,0.00
16:35:49,22.26363860146953,84.9094230866689,-62.309,-5.187,5.31,0.051,-0.099,-114.1,0,0.0000,0.00
16:35:49,22.263638556629456,84.90942311159654,-62.306,-5.192,5.31,0.051,-0.099,-114.1,0,0.0000,0.00
16:35:49,22.263638511807436,84.90942313651415,-62.303,-5.197,5.31,0.051,-0.099,-114.1,0,0.0000,0.00
16:35:49,22.263638466835452,84.90942316151512,-62.301,-5.202,5.31,0.051,-0.099,-114.0,0,0.0000,0.00
16:35:50,22.26363842202448,84.9094231864266,-62.298,-5.207,5.36,0.051,-0.099,-114.0,0,0.0000,0.00
16:35:50,22.26363837711176,84.90942321139462,-62.296,-5.212,5.36,0.051,-0.099,-114.0,0,0.0000,0.00
16:35:50,22.2636383323301,84.9094232362898,-62.293,-5.217,5.36,0.051,-0.099,-114.0,0,0.0000,0.00
16:35:50,22.26363828745434,84.90942326123728,-62.291,-5.222,5.36,0.051,-0.099,-113.9,0,0.0000,0.00
16:35:50,22.263638242582616,84.90942328618252,-62.288,-5.227,5.36,0.051,-0.099,-113.9,0,0.0000,0.00
16:35:50,22.263638197592154,84.90942331119376,-62.285,-5.232,5.36,0.051,-0.099,-113.8,0,0.0000,0.00
16:35:50,22.2636381526788,84.90942333616215,-62.283,-5.237,5.36,0.051,-0.099,-113.8,0,0.0000,0.00
16:35:50,22.263638107835753,84.90942336109144,-62.280,-5.242,5.36,0.051,-0.099,-113.7,0,0.0000,0.00
16:35:50,22.263637979791937,84.90942341240346,-62.275,-5.257,5.39,0.055,-0.111,-113.6,0,0.0075,0.00
16:35:50,22.263637929312658,84.90942343916818,-62.272,-5.262,5.39,0.055,-0.111,-113.5,0,0.0000,0.00
16:35:50,22.2636378790112,84.90942346583863,-62.269,-5.268,5.39,0.055,-0.111,-113.5,0,0.0000,0.00
16:35:50,22.263637828761873,84.90942349248144,-62.267,-5.273,5.39,0.055,-0.111,-113.4,0,0.0000,0.00
16:35:50,22.263637778479698,84.90942351914165,-62.264,-5.279,5.39,0.055,-0.111,-113.3,0,0.0000,0.00
16:35:50,22.26363776281519,84.90942352380068,-62.263,-5.281,5.42,0.050,-0.104,-113.3,0,0.0074,0.00
16:35:50,22.26363771573544,84.90942354841921,-62.261,-5.286,5.42,0.050,-0.104,-113.2,0,0.0000,0.00
16:35:50,22.26363766872448,84.90942357300179,-62.258,-5.291,5.42,0.050,-0.104,-113.2,0,0.0000,0.00
16:35:50,22.263637621725987,84.90942359757784,-62.256,-5.296,5.42,0.050,-0.104,-113.2,0,0.0000,0.00
16:35:50,22.263637574731277,84.9094236221519,-62.253,-5.302,5.42,0.050,-0.104,-113.2,0,0.0000,0.00
16:35:50,22.26363754740421,84.90942363448998,-62.252,-5.305,5.42,0.047,-0.098,-113.1,0,0.0055,0.00
16:35:50,22.263637502874545,84.90942365751263,-62.250,-5.310,5.42,0.047,-0.098,-113.1,0,0.0000,0.00
16:35:51,22.263637458502703,84.90942368045368,-62.247,-5.315,5.42,0.047,-0.098,-113.1,0,0.0000,0.00
16:35:51,22.263637414194747,84.90942370336171,-62.245,-5.320,5.47,0.047,-0.098,-113.1,0,0.0000,0.00
16:35:51,22.263637369806933,84.90942372631102,-62.243,-5.324,5.47,0.047,-0.098,-113.1,0,0.0000,0.00
16:35:51,22.263637327497758,84.90942374644406,-62.241,-5.329,5.47,0.046,-0.097,-113.1,0,0.0062,0.00
16:35:51,22.26363728337519,84.90942376896868,-62.238,-5.334,5.47,0.046,-0.097,-113.2,0,0.0000,0.00
16:35:51,22.263637239244073,84.90942379149766,-62.236,-5.339,5.47,0.046,-0.097,-113.2,0,0.0000,0.00
16:35:51,22.26363719519281,84.90942381398588,-62.234,-5.344,5.47,0.046,-0.097,-113.2,0,0.0000,0.00
16:35:51,22.26363715111486,84.90942383648773,-62.231,-5.349,5.47,0.046,-0.097,-113.2,0,0.0000,0.00
16:35:51,22.26363710761202,84.90942385602871,-62.229,-5.354,5.47,0.045,-0.097,-113.1,0,0.0058,0.00
16:35:51,22.263637063587957,84.90942387801869,-62.227,-5.359,5.50,0.045,-0.097,-113.1,0,0.0000,0.00
16:35:51,22.263637019622127,84.90942389997956,-62.225,-5.363,5.50,0.045,-0.097,-112.2,0,0.0000,0.00
16:35:51,22.263636975720775,84.90942392190823,-62.222,-5.368,5.50,0.045,-0.097,-110.0,0,0.0000,0.00
16:35:51,22.263636931795716,84.90942394384874,-62.220,-5.373,5.50,0.045,-0.097,-103.9,0,0.0000,0.00
16:35:51,22.263636887861086,84.90942396579403,-62.218,-5.378,5.51,0.045,-0.097,-103.9,0,10.0005,0.00
16:35:51,22.263636843958068,84.90942398772353,-62.216,-5.383,5.51,0.045,-0.097,-100.8,0,0.0000,0.00
16:35:51,22.263636799922356,84.90942400971932,-62.213,-5.388,5.51,0.045,-0.097,-97.9,0,0.0000,0.00
16:35:51,22.263636755959023,84.90942403167895,-62.211,-5.393,5.51,0.045,-0.097,-92.2,0,0.0000,0.00
16:35:51,22.263636711930175,84.9094240536713,-62.209,-5.398,5.51,0.045,-0.097,-92.2,0,0.0000,0.00
16:35:51,22.263636667985356,84.90942407562169,-62.207,-5.403,5.51,0.045,-0.097,-89.5,0,0.0000,0.00
16:35:51,22.263636624006633,84.90942409758901,-62.204,-5.407,5.51,0.045,-0.097,-86.8,0,0.0000,0.00
16:35:52,22.263636579990887,84.90942411957481,-62.202,-5.412,5.51,0.045,-0.097,-81.8,0,0.0000,0.00
16:35:52,22.263636536121773,84.90942414148738,-62.200,-5.417,5.51,0.045,-0.097,-81.8,0,0.0000,0.00
16:35:52,22.26363649221564,84.90942416341845,-62.198,-5.422,5.51,0.045,-0.097,-79.5,0,0.0000,0.00
16:35:52,22.263636448261664,84.9094241853734,-62.195,-5.427,5.51,0.045,-0.097,-77.4,0,0.0000,0.00
16:35:52,22.263636238499373,84.90942350098399,-62.266,-5.450,5.51,-0.102,-0.134,-73.5,0,0.0023,0.00
16:35:52,22.26363617754736,84.90942345085526,-62.271,-5.457,5.51,-0.102,-0.134,-71.8,0,0.0000,0.00
16:35:52,22.26363611675229,84.90942340085559,-62.276,-5.464,5.47,-0.102,-0.134,-71.8,0,0.0000,0.00
16:35:52,22.263636055848945,84.90942335076689,-62.281,-5.471,5.47,-0.102,-0.134,-70.3,0,0.0000,0.00
16:35:52,22.26363599509246,84.90942330079895,-62.286,-5.477,5.47,-0.102,-0.134,-69.5,0,0.0000,0.00
16:35:52,22.263636139160923,84.90942313429306,-62.304,-5.461,5.47,-0.133,-0.076,-69.1,0,0.0016,0.00
16:35:52,22.263636104854232,84.90942306894138,-62.310,-5.465,5.47,-0.133,-0.076,-69.1,0,0.0000,0.00
16:35:52,22.263636070689024,84.90942300385922,-62.317,-5.469,5.47,-0.133,-0.076,-69.4,0,0.0000,0.00
16:35:52,22.263636036458255,84.90942293865216,-62.324,-5.473,5.47,-0.133,-0.076,-70.1,0,0.0000,0.00
16:35:52,22.263636002251122,84.90942287349012,-62.330,-5.477,5.47,-0.133,-0.076,-72.0,0,0.0000,0.00
16:35:52,22.263636076472054,84.90942307295535,-62.310,-5.468,5.47,-0.046,-0.037,-72.0,0,0.0033,0.00
16:35:52,22.263636059701305,84.90942305040429,-62.312,-5.470,5.42,-0.046,-0.037,-73.1,0,0.0000,0.00
16:35:52,22.26363604295232,84.9094230278825,-62.315,-5.472,5.42,-0.046,-0.037,-75.4,0,0.0000,0.00
16:35:52,22.263636026237133,84.90942300540615,-62.317,-5.474,5.42,-0.046,-0.037,-76.7,0,0.0000,0.00
16:35:52,22.263636009545607,84.90942298296163,-62.319,-5.476,5.42,-0.046,-0.037,-76.7,0,0.0000,0.00
16:35:52,22.26363619417572,84.90942308490686,-62.309,-5.455,5.36,-0.000,0.043,-78.0,0,0.0086,0.00
16:35:53,22.263636213781847,84.90942308483669,-62.309,-5.453,5.36,-0.000,0.043,-80.8,0,0.0000,0.00
16:35:53,22.26363623334957,84.90942308476664,-62.309,-5.451,5.36,-0.000,0.043,-80.8,0,0.0000,0.00
16:35:53,22.26363625287518,84.90942308469677,-62.309,-5.449,5.36,-0.000,0.043,-82.2,0,0.0000,0.00
16:35:53,22.263636272445677,84.90942308462671,-62.309,-5.447,5.36,-0.000,0.043,-83.5,0,0.0000,0.00
16:35:53,22.263636291972585,84.90942308455682,-62.309,-5.444,5.36,-0.000,0.043,-85.8,0,0.0000,0.00
16:35:53,22.26363631149255,84.90942308448696,-62.309,-5.442,5.36,-0.000,0.043,-85.8,0,0.0000,0.00
16:35:53,22.26363633109109,84.9094230844168,-62.309,-5.440,5.36,-0.000,0.043,-87.0,0,0.0000,0.00
16:35:53,22.263636350609485,84.90942308434694,-62.309,-5.438,5.28,-0.000,0.043,-88.1,0,0.0000,0.00
16:35:53,22.26363637017341,84.90942308427692,-62.309,-5.436,5.28,-0.000,0.043,-90.4,0,0.0000,0.00
16:35:53,22.26363638968662,84.90942308420708,-62.309,-5.434,5.28,-0.000,0.043,-90.4,0,0.0000,0.00
16:35:53,22.263636409195758,84.90942308413725,-62.309,-5.431,5.28,-0.000,0.043,-91.5,0,0.0000,0.00
16:35:53,22.263636428751447,84.90942308406726,-62.309,-5.429,5.28,-0.000,0.043,-93.7,0,0.0000,0.00
16:35:53,22.263636448305565,84.90942308399727,-62.309,-5.427,5.23,-0.000,0.043,-94.8,0,0.0000,0.00
16:35:53,22.26363646783719,84.90942308392735,-62.309,-5.425,5.23,-0.000,0.043,-94.8,0,0.0000,0.00
16:35:53,22.263636487381497,84.9094230838574,-62.309,-5.423,5.23,-0.000,0.043,-95.9,0,0.0000,0.00
16:35:53,22.263636506896372,84.90942308378756,-62.309,-5.421,5.23,-0.000,0.043,-98.0,0,0.0000,0.00
16:35:53,22.263636526435313,84.90942308371761,-62.309,-5.418,5.23,-0.000,0.043,-99.0,0,0.0000,0.00
16:35:53,22.263636545972584,84.9094230836477,-62.309,-5.416,5.23,-0.000,0.043,-99.0,0,0.0000,0.00
16:35:53,22.263636565527165,84.90942308357769,-62.309,-5.414,5.23,-0.000,0.043,-99.9,0,0.0000,0.00
16:35:53,22.26363658506462,84.90942308350778,-62.309,-5.412,5.23,-0.000,0.043,-101.7,0,0.0000,0.00
16:35:54,22.263636795669182,84.90942308645833,-62.309,-5.388,5.15,0.000,0.078,-102.6,0,0.0036,0.00
16:35:54,22.263636830990503,84.90942308663688,-62.309,-5.384,5.15,0.000,0.078,-102.6,0,0.0000,0.00
16:35:54,22.263636866239903,84.90942308681507,-62.309,-5.381,5.15,0.000,0.078,-103.5,0,0.0000,0.00
16:35:54,22.263636901447587,84.90942308699306,-62.309,-5.377,5.15,0.000,0.078,-104.4,0,0.0000,0.00
16:35:54,22.263636936735033,84.90942308717143,-62.308,-5.373,5.15,0.000,0.078,-106.1,0,0.0000,0.00
16:35:54,22.263636838773788,84.90942333703998,-62.283,-5.384,5.15,0.058,0.045,-107.0,0,0.0046,0.00
16:35:54,22.263636859137232,84.90942336520986,-62.280,-5.381,5.15,0.058,0.045,-107.0,0,0.0000,0.00
16:35:54,22.263636879441858,84.90942339329837,-62.277,-5.379,5.15,0.058,0.045,-107.8,0,0.0000,0.00
16:35:54,22.263636899771033,84.90942342142084,-62.274,-5.377,5.08,0.058,0.045,-109.3,0,0.0000,0.00
16:35:54,22.26363692007845,84.90942344951321,-62.271,-5.375,5.08,0.058,0.045,-109.3,0,0.0000,0.00
16:35:54,22.26363686061081,84.90942332741977,-62.284,-5.381,5.08,0.012,0.019,-110.0,0,0.0040,0.00
16:35:54,22.263636869123722,84.90942333326072,-62.283,-5.380,5.08,0.012,0.019,-111.2,0,0.0000,0.00
16:35:54,22.26363687761731,84.90942333908842,-62.283,-5.379,5.08,0.012,0.019,-111.8,0,0.0000,0.00
16:35:54,22.263636886092936,84.90942334490379,-62.282,-5.378,5.07,0.012,0.019,-111.8,0,0.0000,0.00
16:35:54,22.26363689456844,84.90942335071907,-62.281,-5.377,5.07,0.012,0.019,-112.3,0,0.0000,0.00
16:35:54,22.263636893318917,84.9094233005958,-62.286,-5.377,5.07,-0.008,0.015,-113.1,0,0.0048,0.00
16:35:54,22.263636900129544,84.90942329671034,-62.287,-5.377,5.07,-0.008,0.015,-113.5,0,0.0000,0.00
16:35:54,22.263636906943262,84.9094232928231,-62.287,-5.376,5.07,-0.008,0.015,-113.5,0,0.0000,0.00
16:35:54,22.263636913780605,84.90942328892241,-62.288,-5.375,5.07,-0.008,0.015,-113.8,0,0.0000,0.00
16:35:54,22.26363692060871,84.90942328502697,-62.288,-5.374,5.07,-0.008,0.015,-113.9,0,0.0000,0.00
16:35:55,22.26363702785276,84.90942304967511,-62.312,-5.363,5.04,-0.081,0.047,-113.9,0,0.0000,0.00
16:35:55,22.26363704924052,84.9094230103061,-62.316,-5.360,5.04,-0.081,0.047,-113.7,0,0.0000,0.00
16:35:55,22.263637070654912,84.90942297088807,-62.320,-5.358,5.04,-0.081,0.047,-113.1,0,0.0000,0.00
16:35:55,22.263637092050267,84.90942293150509,-62.325,-5.355,5.04,-0.081,0.047,-112.7,0,0.0000,0.00
16:35:55,22.263637113428203,84.90942289215417,-62.329,-5.353,4.94,-0.081,0.047,-112.3,0,0.0000,0.00
16:35:55,22.26363713483014,84.90942285275906,-62.333,-5.351,4.94,-0.081,0.047,-112.3,0,0.0000,0.00
16:35:55,22.263637156224483,84.90942281337794,-62.337,-5.348,4.94,-0.081,0.047,-111.7,0,0.0000,0.00
16:35:55,22.263637177620748,84.90942277399328,-62.341,-5.346,4.94,-0.081,0.047,-109.8,0,0.0000,0.00
16:35:55,22.263637199015193,84.90942273461198,-62.345,-5.343,4.94,-0.081,0.047,-109.8,0,0.0000,0.00
16:35:55,22.263637220406697,84.90942269523607,-62.349,-5.341,4.94,-0.081,0.047,-108.3,0,0.0000,0.00
16:35:55,22.263637241820078,84.90942265581991,-62.353,-5.339,4.94,-0.081,0.047,-104.2,0,0.0000,0.00
16:35:55,22.263637263229715,84.90942261641064,-62.357,-5.336,4.94,-0.081,0.047,-102.2,0,0.0000,0.00
16:35:55,22.26363728464512,84.90942257699074,-62.361,-5.334,4.86,-0.081,0.047,-102.2,0,0.0000,0.00
16:35:55,22.263637306034703,84.90942253761838,-62.365,-5.332,4.86,-0.081,0.047,-99.2,0,0.0000,0.00
16:35:55,22.26363683383411,84.90942292465252,-62.325,-5.384,4.86,0.013,-0.070,-98.1,0,0.0043,0.00
16:35:55,22.263636802226156,84.90942293098695,-62.325,-5.388,4.86,0.013,-0.070,-97.4,0,0.0000,0.00
16:35:55,22.263636770704988,84.90942293730397,-62.324,-5.391,4.86,0.013,-0.070,-97.4,0,0.0000,0.00
16:35:55,22.26363673923094,84.90942294361157,-62.323,-5.395,4.80,0.013,-0.070,-97.1,0,0.0000,0.00
16:35:56,22.26363670774362,84.90942294992182,-62.323,-5.398,4.80,0.013,-0.070,-97.3,0,0.0000,0.00
16:35:56,22.263636676222898,84.90942295623876,-62.322,-5.402,4.80,0.013,-0.070,-97.6,0,0.0000,0.00
16:35:56,22.263636644773456,84.90942296254141,-62.321,-5.405,4.80,0.013,-0.070,-97.6,0,0.0000,0.00
16:35:56,22.263636613300747,84.90942296884874,-62.321,-5.409,4.80,0.013,-0.070,-98.8,0,0.0000,0.00
16:35:56,22.263636581761236,84.90942297516945,-62.320,-5.412,4.80,0.013,-0.070,-99.6,0,0.0000,0.00
16:35:56,22.263636550261243,84.90942298148224,-62.319,-5.416,4.80,0.013,-0.070,-99.6,0,0.0000,0.00
16:35:56,22.26363651878809,84.90942298778964,-62.319,-5.419,4.80,0.013,-0.070,-101.5,0,0.0000,0.00
16:35:56,22.263636487228897,84.9094229941143,-62.318,-5.423,4.79,0.013,-0.070,-102.6,0,0.0000,0.00
16:35:56,22.26363645572935,84.909423000427,-62.317,-5.426,4.79,0.013,-0.070,-103.8,0,0.0000,0.00
16:35:56,22.26363642424397,84.90942300673686,-62.317,-5.430,4.79,0.013,-0.070,-103.8,0,0.0000,0.00
16:35:56,22.263636392835085,84.90942301303139,-62.316,-5.433,4.79,0.013,-0.070,-106.1,0,0.0000,0.00
16:35:56,22.26363636136924,84.90942301933734,-62.315,-5.437,4.79,0.013,-0.070,-107.2,0,0.0000,0.00
16:35:56,22.263636329894744,84.90942302564501,-62.315,-5.440,4.79,0.013,-0.070,-108.4,0,0.0000,0.00
16:35:56,22.263636298365224,84.90942303196371,-62.314,-5.444,4.79,0.013,-0.070,-108.4,0,0.0000,0.00
16:35:56,22.263636266916677,84.9094230382662,-62.314,-5.447,4.79,0.013,-0.070,-110.4,0,0.0000,0.00
16:35:56,22.26363623535778,84.9094230445908,-62.313,-5.451,4.79,0.013,-0.070,-111.4,0,0.0000,0.00
16:35:56,22.26363620390998,84.90942305089312,-62.312,-5.454,4.78,0.013,-0.070,-112.4,0,0.0000,0.00
16:35:56,22.26363617232096,84.90942305722375,-62.312,-5.458,4.78,0.013,-0.070,-112.4,0,10.0005,0.00
16:35:56,22.263636140822307,84.90942306353627,-62.311,-5.461,4.78,0.013,-0.070,-113.3,0,0.0000,0.00
16:35:57,22.263636109292936,84.90942306985494,-62.310,-5.465,4.78,0.013,-0.070,-115.2,0,0.0000,0.00
16:35:57,22.263636077801443,84.90942307616604,-62.310,-5.468,4.76,0.013,-0.070,-116.0,0,0.0000,0.00
16:35:57,22.26363604619751,84.90942308249964,-62.309,-5.472,4.76,0.013,-0.070,-116.0,0,0.0000,0.00
16:35:57,22.263636433486017,84.90942300462918,-62.317,-5.429,4.76,0.002,-0.010,-117.5,0,0.0073,0.00
16:35:57,22.263636428922418,84.90942300552726,-62.317,-5.429,4.76,0.002,-0.010,-118.2,0,0.0000,0.00
16:35:57,22.26363642436668,84.90942300642378,-62.317,-5.430,4.76,0.002,-0.010,-118.8,0,0.0000,0.00
16:35:57,22.263636419812965,84.90942300731992,-62.317,-5.430,4.76,0.002,-0.010,-118.8,0,0.0000,0.00
16:35:57,22.263636415267545,84.90942300821442,-62.317,-5.431,4.76,0.002,-0.010,-119.7,0,0.0000,0.00
16:35:57,22.263636410717535,84.90942300910982,-62.317,-5.431,4.76,0.002,-0.010,-120.1,0,10.0005,0.00
16:35:58,22.26363640616763,84.9094230100052,-62.316,-5.432,4.74,0.002,-0.010,-120.3,0,0.0000,0.00
16:35:58,22.26363640161034,84.90942301090203,-62.316,-5.432,4.74,0.002,-0.010,-120.3,0,0.0000,0.00
16:35:58,22.263636397071014,84.90942301179533,-62.316,-5.433,4.74,0.002,-0.010,-120.0,0,0.0000,0.00
16:35:58,22.263636392528735,84.9094230126892,-62.316,-5.433,4.74,0.002,-0.010,-119.2,0,0.0000,0.00
16:35:58,22.263636387983873,84.90942301358359,-62.316,-5.434,4.74,0.002,-0.010,-116.0,0,10.0005,0.00
16:35:58,22.2636363834358,84.90942301447862,-62.316,-5.434,4.74,0.002,-0.010,-116.0,0,0.0000,0.00
16:35:58,22.263636378892897,84.90942301537261,-62.316,-5.435,4.74,0.002,-0.010,-113.8,0,0.0000,0.00
16:35:58,22.263636374349133,84.90942301626679,-62.316,-5.435,4.74,0.002,-0.010,-111.3,0,0.0000,0.00
16:35:58,22.2636363698095,84.90942301716015,-62.316,-5.436,4.74,0.002,-0.010,-106.5,0,0.0000,0.00
16:35:58,22.263636365270088,84.90942301805346,-62.316,-5.436,4.74,0.002,-0.010,-106.5,0,0.0000,0.00
16:35:58,22.26363636072757,84.9094230189474,-62.316,-5.437,4.74,0.002,-0.010,-104.3,0,10.0005,0.00
16:35:58,22.26363635618536,84.90942301984126,-62.315,-5.437,4.74,0.002,-0.010,-102.4,0,0.0000,0.00
16:35:58,22.26363635163528,84.90942302073667,-62.315,-5.438,4.74,0.002,-0.010,-99.9,0,0.0000,0.00
16:35:58,22.263636347084216,84.90942302163228,-62.315,-5.438,4.79,0.002,-0.010,-99.9,0,0.0000,0.00
16:35:58,22.263636342536124,84.9094230225273,-62.315,-5.439,4.79,0.002,-0.010,-99.1,0,0.0000,0.00
16:35:58,22.263634871721,84.909423268435,-62.290,-5.603,4.79,0.036,-0.232,-98.6,0,0.0046,0.00
16:35:58,22.26363476632618,84.90942328618213,-62.288,-5.614,4.79,0.036,-0.232,-97.6,0,0.0000,0.00
16:35:58,22.26363466128299,84.90942330387006,-62.286,-5.626,4.83,0.036,-0.232,-97.6,0,0.0000,0.00
16:35:58,22.263634556349558,84.90942332153948,-62.284,-5.638,4.83,0.036,-0.232,-97.2,0,0.0000,0.00
16:35:58,22.263634451430033,84.90942333920657,-62.283,-5.649,4.83,0.036,-0.232,-96.8,0,0.0000,0.00
16:35:58,22.263634196116378,84.9094233661231,-62.280,-5.678,4.83,0.038,-0.265,-96.8,0,0.0035,0.00
16:35:58,22.263634075801463,84.90942338478465,-62.278,-5.691,4.83,0.038,-0.265,-96.2,0,0.0000,0.00
16:35:58,22.263633955696363,84.90942340341367,-62.276,-5.705,4.83,0.038,-0.265,-96.0,0,0.0000,0.00
16:35:58,22.263633835948514,84.90942342198727,-62.274,-5.718,4.83,0.038,-0.265,-95.7,0,0.0000,0.00
16:35:58,22.263633715901822,84.90942344060723,-62.272,-5.731,4.83,0.038,-0.265,-95.7,0,0.0000,0.00
16:35:58,22.263633596430136,84.909423459138,-62.270,-5.745,4.83,0.038,-0.265,-95.6,0,0.0000,0.00
16:35:58,22.2636334767475,84.9094234777015,-62.268,-5.758,4.85,0.038,-0.265,-95.5,0,0.0000,0.00
16:35:58,22.263633356514244,84.90942349635039,-62.266,-5.771,4.85,0.038,-0.265,-95.5,0,0.0000,0.00
16:35:58,22.26363323656055,84.90942351495592,-62.264,-5.785,4.85,0.038,-0.265,-95.5,0,0.0000,0.00
16:35:58,22.263633116852397,84.90942353352337,-62.262,-5.798,4.85,0.038,-0.265,-95.5,0,0.0000,0.00
16:35:58,22.263632900526865,84.90942328043893,-62.289,-5.822,4.85,-0.028,-0.290,-95.6,0,0.0035,0.00
16:35:59,22.263632768615064,84.90942326646754,-62.290,-5.837,4.85,-0.028,-0.290,-95.7,0,0.0000,0.00
16:35:59,22.263632637095466,84.90942325253769,-62.291,-5.851,4.85,-0.028,-0.290,-95.7,0,0.0000,0.00
16:35:59,22.26363250595626,84.90942323864813,-62.293,-5.866,4.85,-0.028,-0.290,-95.8,0,0.0000,0.00
16:35:59,22.26363237457589,84.90942322473303,-62.294,-5.881,4.86,-0.028,-0.290,-95.9,0,0.0000,0.00
16:35:59,22.263632243004082,84.90942321079766,-62.296,-5.895,4.86,-0.028,-0.290,-96.2,0,0.0000,0.00
16:35:59,22.263632111532345,84.90942319687288,-62.297,-5.910,4.86,-0.028,-0.290,-96.2,0,0.0000,0.00
16:35:59,22.26363197995432,84.90942318293685,-62.299,-5.924,4.86,-0.028,-0.290,-96.3,0,0.0000,0.00
16:35:59,22.263631848307924,84.90942316899357,-62.300,-5.939,4.86,-0.028,-0.290,-96.5,0,0.0000,0.00
16:35:59,22.263631717098484,84.90942315509656,-62.301,-5.954,4.86,-0.028,-0.290,-96.6,0,0.0000,0.00
16:35:59,22.263631585568316,84.9094231411656,-62.303,-5.968,4.86,-0.028,-0.290,-96.6,0,0.0000,0.00
16:35:59,22.263631454427248,84.90942312727584,-62.304,-5.983,4.86,-0.028,-0.290,-96.9,0,0.0000,0.00
16:35:59,22.263631322821254,84.90942311333684,-62.306,-5.998,4.86,-0.028,-0.290,-97.3,0,0.0000,0.00
16:35:59,22.26363119109716,84.90942309938534,-62.307,-6.012,4.86,-0.028,-0.290,-97.3,0,0.0000,0.00
16:35:59,22.26363105973171,84.90942308547181,-62.309,-6.027,4.86,-0.028,-0.290,-97.4,0,0.0000,0.00
16:35:59,22.263630928130688,84.90942307153335,-62.310,-6.042,4.86,-0.028,-0.290,-97.6,0,0.0000,0.00
16:35:59,22.263630796609224,84.9094230576033,-62.312,-6.056,4.86,-0.028,-0.290,-98.0,0,0.0000,0.00
16:35:59,22.263630665397297,84.90942304370604,-62.313,-6.071,4.89,-0.028,-0.290,-98.0,0,0.0000,0.00
16:35:59,22.263630533875833,84.909423029776,-62.314,-6.085,4.89,-0.028,-0.290,-98.2,0,0.0000,0.00
16:35:59,22.263630402343804,84.90942301584484,-62.316,-6.100,4.89,-0.028,-0.290,-98.4,0,0.0000,0.00
16:35:59,22.26363027090066,84.90942300192309,-62.317,-6.115,4.89,-0.028,-0.290,-98.9,0,0.0000,0.00
16:36:00,22.263630139384787,84.90942298799364,-62.319,-6.129,4.91,-0.028,-0.290,-98.9,0,0.0000,0.00
16:36:00,22.263630007920508,84.90942297406964,-62.320,-6.144,4.91,-0.028,-0.290,-99.1,0,0.0000,0.00
16:36:00,22.263629876622186,84.90942296016324,-62.322,-6.159,4.91,-0.028,-0.290,-99.6,0,0.0000,0.00
16:36:00,22.26362974503235,84.90942294622594,-62.323,-6.173,4.91,-0.028,-0.290,-99.9,0,0.0000,0.00
16:36:00,22.263629613689897,84.90942293231487,-62.324,-6.188,4.91,-0.028,-0.290,-99.9,0,0.0000,0.00
16:36:00,22.26362948230953,84.90942291839977,-62.326,-6.202,4.91,-0.028,-0.290,-100.1,0,0.0000,0.00
16:36:00,22.26362935099256,84.90942290449138,-62.327,-6.217,4.91,-0.028,-0.290,-100.6,0,0.0000,0.00
16:36:00,22.26362921957676,84.90942289057253,-62.329,-6.232,4.91,-0.028,-0.290,-100.6,0,0.0000,0.00
16:36:00,22.263629088569328,84.90942287669692,-62.330,-6.246,4.93,-0.028,-0.290,-100.9,0,0.0000,0.00
16:36:00,22.263628957114992,84.909422862774,-62.332,-6.261,4.93,-0.028,-0.290,-101.2,0,0.0000,0.00
16:36:00,22.263628381663302,84.90942264646594,-62.354,-6.325,4.93,-0.052,-0.346,-101.7,0,0.0044,0.00
16:36:00,22.263628224160012,84.90942262090185,-62.357,-6.343,4.93,-0.052,-0.346,-101.7,0,0.0000,0.00
16:36:00,22.26362806757342,84.90942259548656,-62.359,-6.360,4.93,-0.052,-0.346,-101.9,0,0.0000,0.00
16:36:00,22.263627910937178,84.9094225700632,-62.362,-6.377,4.95,-0.052,-0.346,-102.4,0,0.0000,0.00
16:36:00,22.2636277543165,84.90942254464235,-62.364,-6.395,4.95,-0.052,-0.346,-102.6,0,0.0000,0.00
16:36:00,22.263627597997434,84.90942251927048,-62.367,-6.412,4.95,-0.052,-0.346,-102.6,0,0.0000,0.00
16:36:00,22.263627441792494,84.90942249391712,-62.370,-6.430,4.95,-0.052,-0.346,-102.8,0,0.0000,0.00
16:36:00,22.263627285060654,84.90942246847825,-62.372,-6.447,4.95,-0.052,-0.346,-103.2,0,0.0000,0.00
16:36:00,22.263627128122796,84.90942244300594,-62.375,-6.465,4.95,-0.052,-0.346,-103.3,0,0.0000,0.00
16:36:00,22.26362697163625,84.90942241760688,-62.377,-6.482,4.95,-0.052,-0.346,-103.3,0,0.0000,0.00
16:36:01,22.263626815518755,84.90942239226771,-62.380,-6.499,4.95,-0.052,-0.346,-103.6,0,0.0000,0.00
16:36:01,22.26362665916486,84.90942236689017,-62.383,-6.517,4.96,-0.052,-0.346,-103.8,0,0.0000,0.00
16:36:01,22.26362650269091,84.90942234149315,-62.385,-6.534,4.96,-0.052,-0.346,-103.8,0,0.0000,0.00
16:36:01,22.263626346573414,84.909422316154,-62.388,-6.552,4.96,-0.052,-0.346,-103.9,0,0.0000,0.00
16:36:01,22.263626187778446,84.90942229038025,-62.391,-6.569,4.96,-0.052,-0.346,-104.2,0,0.0000,0.00
16:36:01,22.26362566919674,84.90942217045236,-62.403,-6.627,4.97,-0.063,-0.380,-104.5,0,0.0040,0.00
16:36:01,22.263625495993363,84.90942213961236,-62.406,-6.646,4.97,-0.063,-0.380,-104.5,0,0.0000,0.00
16:36:01,22.26362532378406,84.90942210894939,-62.409,-6.665,4.97,-0.063,-0.380,-104.6,0,0.0000,0.00
16:36:01,22.263625151827135,84.90942207833133,-62.412,-6.685,4.97,-0.063,-0.380,-104.9,0,0.0000,0.00
16:36:01,22.263624979496523,84.90942204764674,-62.416,-6.704,4.97,-0.063,-0.380,-104.9,0,0.0000,0.00
16:36:01,22.263624807545302,84.90942201702971,-62.419,-6.723,4.97,-0.063,-0.380,-105.1,0,0.0000,0.00
16:36:01,22.263624635229345,84.90942198634774,-62.422,-6.742,4.97,-0.063,-0.380,-105.3,0,0.0000,0.00
16:36:01,22.263624462907686,84.90942195566475,-62.425,-6.761,4.97,-0.063,-0.380,-105.4,0,0.0000,0.00
16:36:01,22.26362429068617,84.90942192499959,-62.428,-6.780,4.96,-0.063,-0.380,-105.4,0,0.0000,0.00
16:36:01,22.26362411837754,84.90942189431891,-62.431,-6.800,4.96,-0.063,-0.380,-105.7,0,0.0000,0.00
16:36:01,22.263623860301422,84.90942186610677,-62.434,-6.828,4.96,-0.062,-0.399,-105.8,0,0.0043,0.00
16:36:01,22.263623678600155,84.90942183555026,-62.437,-6.849,4.96,-0.062,-0.399,-105.8,0,0.0000,0.00
16:36:01,22.26362349759998,84.90942180511165,-62.441,-6.869,4.96,-0.062,-0.399,-105.8,0,0.0000,0.00
16:36:01,22.263623315941462,84.90942177456233,-62.444,-6.889,4.96,-0.062,-0.399,-106.0,0,0.0000,0.00
16:36:01,22.263623135210608,84.90942174416901,-62.447,-6.909,4.96,-0.062,-0.399,-106.0,0,0.0000,0.00
16:36:02,22.263622936116306,84.90942170233892,-62.451,-6.931,4.96,-0.065,-0.405,-106.0,0,0.0042,0.00
16:36:02,22.263622751990233,84.90942167026242,-62.454,-6.952,4.98,-0.065,-0.405,-106.2,0,0.0000,0.00
16:36:02,22.26362256879227,84.9094216383476,-62.458,-6.972,4.98,-0.065,-0.405,-106.2,0,0.0000,0.00
16:36:02,22.263622385044894,84.90942160633705,-62.461,-6.993,4.98,-0.065,-0.405,-106.3,0,0.0000,0.00
16:36:02,22.263622201851266,84.90942157442299,-62.464,-7.013,4.98,-0.065,-0.405,-106.3,0,0.0000,0.00
16:36:02,22.263622050241498,84.9094215518983,-62.467,-7.030,4.98,-0.062,-0.393,-107.2,0,0.0104,0.00
16:36:02,22.26362187179666,84.90942152144615,-62.470,-7.050,4.98,-0.062,-0.393,-107.9,0,0.0000,0.00
16:36:02,22.263621693679614,84.90942149104994,-62.473,-7.070,4.98,-0.062,-0.393,-108.7,0,0.0000,0.00
16:36:02,22.263621515577743,84.90942146065632,-62.476,-7.089,4.98,-0.062,-0.393,-109.6,0,0.0000,0.00
16:36:02,22.263621337789342,84.90942143031619,-62.479,-7.109,4.98,-0.062,-0.393,-109.6,0,0.0000,0.00
16:36:02,22.263621160251216,84.90942140001876,-62.482,-7.129,4.98,-0.062,-0.393,-111.2,0,0.0000,0.00
16:36:02,22.263620981832496,84.90942136957106,-62.485,-7.149,4.98,-0.062,-0.393,-111.9,0,0.0000,0.00
16:36:02,22.263620803836798,84.90942133919556,-62.489,-7.169,4.98,-0.062,-0.393,-111.9,0,0.0000,0.00
16:36:02,22.263620626069464,84.90942130885902,-62.492,-7.188,4.98,-0.062,-0.393,-113.4,0,0.0000,0.00
16:36:02,22.26362044808388,84.90942127848525,-62.495,-7.208,4.96,-0.062,-0.393,-114.2,0,0.0000,0.00
16:36:02,22.26362026979662,84.90942124805999,-62.498,-7.228,4.96,-0.062,-0.393,-115.0,0,0.0000,0.00
16:36:02,22.26362009180682,84.90942121768549,-62.501,-7.248,4.96,-0.062,-0.393,-115.0,0,0.0000,0.00
16:36:02,22.263619913613095,84.9094211872762,-62.504,-7.268,4.96,-0.062,-0.393,-115.9,0,0.0000,0.00
16:36:02,22.2636197357379,84.90942115692125,-62.507,-7.287,4.93,-0.062,-0.393,-117.6,0,0.0000,0.00
16:36:02,22.263619557506257,84.90942112650548,-62.510,-7.307,4.93,-0.062,-0.393,-118.5,0,0.0000,0.00
16:36:03,22.263619379617577,84.90942109614824,-62.514,-7.327,4.93,-0.062,-0.393,-118.5,0,0.0000,0.00
16:36:03,22.263619201969902,84.90942106583212,-62.517,-7.347,4.93,-0.062,-0.393,-120.1,0,0.0000,0.00
16:36:03,22.263619023815785,84.90942103542959,-62.520,-7.367,4.93,-0.062,-0.393,-120.9,0,0.0000,0.00
16:36:03,22.263618845783853,84.90942100504789,-62.523,-7.387,4.93,-0.062,-0.393,-121.6,0,0.0000,0.00
16:36:03,22.263618667687876,84.90942097465528,-62.526,-7.406,4.93,-0.062,-0.393,-121.6,0,0.0000,0.00
16:36:03,22.2636184899315,84.90942094432062,-62.529,-7.426,4.93,-0.062,-0.393,-123.0,0,0.0000,0.00
16:36:03,22.263618312084954,84.90942091397056,-62.532,-7.446,4.93,-0.062,-0.393,-123.7,0,0.0000,0.00
16:36:03,22.263618134099367,84.90942088359678,-62.535,-7.466,4.94,-0.062,-0.393,-124.3,0,0.0000,0.00
16:36:03,22.263617955911542,84.9094208531885,-62.539,-7.486,4.94,-0.062,-0.393,-125.4,0,0.0000,0.00
16:36:03,22.263617778128197,84.90942082284923,-62.542,-7.505,4.94,-0.062,-0.393,-125.4,0,0.0000,0.00
16:36:03,22.26361760029092,84.90942079250075,-62.545,-7.525,4.94,-0.062,-0.393,-125.9,0,0.0000,0.00
16:36:03,22.263618664830847,84.90942074581929,-62.550,-7.407,4.93,-0.064,-0.206,-126.3,0,0.0114,0.00
16:36:03,22.26361857117513,84.90942071418687,-62.553,-7.417,4.93,-0.064,-0.206,-126.3,0,0.0000,0.00
16:36:03,22.263618477892386,84.9094206826804,-62.556,-7.428,4.93,-0.064,-0.206,-127.1,0,0.0000,0.00
16:36:03,22.263618384645397,84.90942065118604,-62.559,-7.438,4.93,-0.064,-0.206,-127.3,0,0.0000,0.00
16:36:03,22.263618291533476,84.90942061973728,-62.563,-7.448,4.93,-0.064,-0.206,-127.5,0,0.0000,0.00
16:36:03,22.26361819836726,84.90942058827018,-62.566,-7.459,4.93,-0.064,-0.206,-127.5,0,10.0005,0.00
16:36:03,22.263618105260193,84.90942055682306,-62.569,-7.469,4.93,-0.064,-0.206,-127.7,0,0.0000,0.00
16:36:03,22.263618012073675,84.9094205253491,-62.572,-7.479,4.93,-0.064,-0.206,-127.8,0,0.0000,0.00
16:36:04,22.26361791895557,84.90942049389827,-62.576,-7.490,4.94,-0.064,-0.206,-127.8,0,0.0000,0.00
16:36:04,22.263617825788476,84.90942046243087,-62.579,-7.500,4.94,-0.064,-0.206,-127.8,0,0.0000,0.00
16:36:04,22.263617732808527,84.90942043102669,-62.582,-7.510,4.94,-0.064,-0.206,-127.6,0,10.0005,0.00
16:36:04,22.263617639535497,84.90942039952351,-62.585,-7.521,4.94,-0.064,-0.206,-127.5,0,0.0000,0.00
16:36:04,22.26361754635163,84.90942036805046,-62.589,-7.531,4.94,-0.064,-0.206,-127.4,0,0.0000,0.00
16:36:04,22.263617453198655,84.90942033658784,-62.592,-7.542,4.94,-0.064,-0.206,-127.1,0,0.0000,0.00
16:36:04,22.263617359956964,84.90942030509525,-62.595,-7.552,4.94,-0.064,-0.206,-127.1,0,0.0000,0.00
16:36:04,22.263617266770886,84.90942027362145,-62.598,-7.562,4.94,-0.064,-0.206,-126.9,0,0.0000,0.00
16:36:04,22.263617173560533,84.90942024213945,-62.602,-7.573,4.94,-0.064,-0.206,-126.7,0,0.0000,0.00
16:36:04,22.263617080174946,84.90942021059826,-62.605,-7.583,4.94,-0.064,-0.206,-126.3,0,0.0000,0.00
16:36:04,22.263616987021972,84.90942017913564,-62.608,-7.593,4.94,-0.064,-0.206,-126.3,0,0.0000,0.00
16:36:04,22.26361689404997,84.90942014773414,-62.611,-7.604,4.94,-0.064,-0.206,-126.1,0,0.0000,0.00
16:36:04,22.263616800835205,84.90942011625064,-62.615,-7.614,4.94,-0.064,-0.206,-125.9,0,0.0000,0.00
16:36:04,22.26361670768179,84.90942008478787,-62.618,-7.625,4.95,-0.064,-0.206,-125.5,0,0.0000,0.00
16:36:04,22.263616614352703,84.90942005326576,-62.621,-7.635,4.95,-0.064,-0.206,-125.5,0,0.0000,0.00
16:36:04,22.2636165211909,84.90942002180016,-62.624,-7.645,4.95,-0.064,-0.206,-125.3,0,0.0000,0.00
16:36:04,22.263616428020715,84.90941999033173,-62.628,-7.656,4.95,-0.064,-0.206,-125.0,0,0.0000,0.00
16:36:04,22.263616334882308,84.90941995887403,-62.631,-7.666,4.95,-0.064,-0.206,-125.0,0,10.0005,0.00
16:36:04,22.263616241424774,84.90941992730853,-62.634,-7.676,4.95,-0.064,-0.206,-124.8,0,0.0000,0.00
16:36:04,22.26361614826209,84.90941989584263,-62.637,-7.687,4.95,-0.064,-0.206,-124.4,0,0.0000,0.00
16:36:05,22.263616055146198,84.90941986439253,-62.640,-7.697,4.95,-0.064,-0.206,-123.6,0,0.0000,0.00
16:36:05,22.263615961998077,84.90941983293155,-62.644,-7.708,4.98,-0.064,-0.206,-123.1,0,0.0000,0.00
16:36:05,22.263615868815975,84.90941980145908,-62.647,-7.718,4.98,-0.064,-0.206,-123.1,0,0.0000,0.00
16:36:05,22.263615775708026,84.90941977001167,-62.650,-7.728,4.98,-0.064,-0.206,-122.6,0,0.0000,0.00
16:36:05,22.26361568234495,84.90941973847808,-62.653,-7.739,4.98,-0.064,-0.206,-122.0,0,0.0000,0.00
16:36:05,22.263615589195066,84.9094197070165,-62.657,-7.749,4.97,-0.064,-0.206,-120.9,0,0.0000,0.00
16:36:05,22.263615496005457,84.90941967554151,-62.660,-7.759,4.97,-0.064,-0.206,-120.9,0,0.0000,0.00
16:36:05,22.263615403020214,84.90941964413554,-62.663,-7.770,4.97,-0.064,-0.206,-120.4,0,0.0000,0.00
16:36:05,22.26361530975778,84.90941961263594,-62.666,-7.780,4.97,-0.064,-0.206,-120.0,0,0.0000,0.00
16:36:05,22.263615216237564,84.90941958104928,-62.670,-7.791,4.97,-0.064,-0.206,-119.1,0,0.0000,0.00
16:36:05,22.2636151212378,84.9094195489629,-62.673,-7.801,4.97,-0.064,-0.206,-119.1,0,0.0000,0.00
16:36:05,22.263615027838974,84.90941951741725,-62.676,-7.812,4.97,-0.064,-0.206,-118.7,0,0.0000,0.00
16:36:05,22.263614934293162,84.90941948582194,-62.679,-7.822,4.97,-0.064,-0.206,-117.9,0,0.0000,0.00
16:36:05,22.263614840984378,84.90941945430669,-62.683,-7.832,4.97,-0.064,-0.206,-117.5,0,10.0005,0.00
16:36:05,22.263614747700753,84.90941942279994,-62.686,-7.843,4.96,-0.064,-0.206,-117.5,0,0.0000,0.00
16:36:05,22.263614654418895,84.90941939129378,-62.689,-7.853,4.96,-0.064,-0.206,-117.2,0,0.0000,0.00
16:36:05,22.26361456133478,84.90941935985443,-62.692,-7.863,4.96,-0.064,-0.206,-116.4,0,0.0000,0.00
16:36:05,22.263614468237865,84.90941932841073,-62.696,-7.874,4.96,-0.064,-0.206,-116.0,0,0.0000,0.00
16:36:05,22.263614375215543,84.90941929699224,-62.699,-7.884,4.98,-0.064,-0.206,-116.0,0,10.0005,0.00
16:36:06,22.263614282116862,84.90941926554795,-62.702,-7.895,4.98,-0.064,-0.206,-115.7,0,0.0000,0.00
16:36:06,22.26361418883765,84.90941923404269,-62.705,-7.905,4.98,-0.064,-0.206,-115.0,0,0.0000,0.00
16:36:06,22.263614095463982,84.90941920250553,-62.709,-7.915,4.98,-0.064,-0.206,-115.0,0,0.0000,0.00
16:36:06,22.26361400249066,84.90941917110358,-62.712,-7.926,4.98,-0.064,-0.206,-114.7,0,0.0000,0.00
16:36:06,22.263613909169074,84.909419139584,-62.715,-7.936,4.98,-0.064,-0.206,-114.3,0,10.0005,0.00
16:36:06,22.26361381576936,84.90941910803805,-62.718,-7.946,4.98,-0.064,-0.206,-113.6,0,0.0000,0.00
16:36:06,22.263613722567836,84.90941907655903,-62.722,-7.957,4.98,-0.064,-0.206,-113.2,0,0.0000,0.00
16:36:06,22.26361362948063,84.90941904511863,-62.725,-7.967,4.98,-0.064,-0.206,-113.2,0,0.0000,0.00
16:36:06,22.263613536314857,84.90941901365167,-62.728,-7.978,4.99,-0.064,-0.206,-112.8,0,0.0000,0.00
16:36:06,22.26361489495238,84.90942042729202,-62.583,-7.826,4.99,0.032,-0.102,-112.1,0,0.0074,0.00
16:36:06,22.26361484884856,84.90942044291552,-62.581,-7.831,4.99,0.032,-0.102,-111.8,0,0.0000,0.00
16:36:06,22.263614802947718,84.90942045847025,-62.579,-7.837,4.99,0.032,-0.102,-111.8,0,0.0000,0.00
16:36:06,22.263614757100612,84.90942047400675,-62.578,-7.842,4.99,0.032,-0.102,-111.5,0,0.0000,0.00
16:36:06,22.263614711099695,84.90942048959539,-62.576,-7.847,4.99,0.032,-0.102,-110.9,0,0.0000,0.00
16:36:06,22.2636146650383,84.90942050520452,-62.574,-7.852,4.99,0.032,-0.102,-110.6,0,10.0005,0.00
16:36:06,22.263614619094163,84.90942052077392,-62.573,-7.857,4.99,0.032,-0.102,-110.6,0,0.0000,0.00
16:36:06,22.26361457310021,84.90942053636019,-62.571,-7.862,5.00,0.032,-0.102,-110.3,0,0.0000,0.00
16:36:06,22.263614527107997,84.90942055194587,-62.570,-7.867,5.00,0.032,-0.102,-109.7,0,0.0000,0.00
16:36:06,22.263614481121873,84.9094205675295,-62.568,-7.872,5.00,0.032,-0.102,-109.3,0,0.0000,0.00
16:36:06,22.26361443509594,84.9094205831266,-62.566,-7.878,5.00,0.032,-0.102,-109.3,0,10.0005,0.00
16:36:07,22.26361438907675,84.90942059872144,-62.565,-7.883,5.02,0.032,-0.102,-109.0,0,0.0000,0.00
16:36:07,22.263614342837833,84.90942061439073,-62.563,-7.888,5.02,0.032,-0.102,-108.3,0,0.0000,0.00
16:36:07,22.263614296836916,84.90942062997937,-62.562,-7.893,5.02,0.032,-0.102,-107.9,0,0.0000,0.00
16:36:07,22.26361420444415,84.9094206612891,-62.558,-7.903,5.02,0.032,-0.102,-107.5,0,10.0005,0.00
16:36:07,22.263614158388844,84.90942067689618,-62.557,-7.908,5.02,0.032,-0.102,-106.7,0,0.0000,0.00
16:36:07,22.26361411236639,84.9094206924921,-62.555,-7.913,5.02,0.032,-0.102,-106.2,0,0.0000,0.00
16:36:07,22.26361406644227,84.90942070805472,-62.554,-7.919,5.02,0.032,-0.102,-106.2,0,0.0000,0.00
16:36:07,22.26361402050488,84.90942072362182,-62.552,-7.924,5.02,0.032,-0.102,-105.7,0,0.0000,0.00
16:36:07,22.263613974497872,84.90942073921252,-62.550,-7.929,5.05,0.032,-0.102,-104.8,0,10.0005,0.00
16:36:07,22.26361392846976,84.90942075481037,-62.549,-7.934,5.05,0.032,-0.102,-104.3,0,0.0000,0.00
16:36:07,22.263613882417502,84.9094207704164,-62.547,-7.939,5.05,0.032,-0.102,-104.3,0,0.0000,0.00
16:36:07,22.26361383645096,84.90942078599339,-62.546,-7.944,5.05,0.032,-0.102,-103.9,0,0.0000,0.00
16:36:07,22.263613790439603,84.90942080158557,-62.544,-7.949,5.07,0.032,-0.102,-102.9,0,0.0000,0.00
16:36:07,22.26361374448176,84.9094208171596,-62.542,-7.954,5.07,0.032,-0.102,-102.5,0,10.0005,0.00
16:36:07,22.26361369846692,84.90942083275296,-62.541,-7.960,5.07,0.032,-0.102,-102.5,0,0.0000,0.00
16:36:07,22.263613652430543,84.9094208483536,-62.539,-7.965,5.07,0.032,-0.102,-101.5,0,0.0000,0.00
16:36:07,22.2636136064392,84.909420863939,-62.538,-7.970,5.07,0.032,-0.102,-101.1,0,0.0000,0.00
16:36:07,22.263613560361055,84.9094208795538,-62.536,-7.975,5.07,0.032,-0.102,-101.1,0,0.0000,0.00
16:36:07,22.263613514380154,84.90942089513565,-62.534,-7.980,5.07,0.032,-0.102,-100.6,0,0.0000,0.00
16:36:07,22.263613468406213,84.90942091071516,-62.533,-7.985,5.07,0.032,-0.102,-99.6,0,0.0000,0.00
16:36:08,22.263613422464687,84.90942092628366,-62.531,-7.990,5.07,0.032,-0.102,-99.0,0,0.0000,0.00
16:36:08,22.263613376567545,84.90942094183713,-62.529,-7.995,5.11,0.032,-0.102,-99.0,0,0.0000,0.00
16:36:08,22.26361333055031,84.9094209574313,-62.528,-8.001,5.11,0.032,-0.102,-98.5,0,0.0000,0.00
16:36:08,22.263613284622707,84.90942097299508,-62.526,-8.006,5.11,0.032,-0.102,-97.5,0,0.0000,0.00
16:36:08,22.263613238524112,84.90942098861682,-62.525,-8.011,5.11,0.032,-0.102,-96.9,0,10.0005,0.00
16:36:08,22.26361319257867,84.90942100418665,-62.523,-8.016,5.15,0.032,-0.102,-96.9,0,10.0005,0.00
16:36:08,22.26361314662714,84.90942101975855,-62.521,-8.021,5.15,0.032,-0.102,-95.8,0,10.0005,0.00
16:36:08,22.26361310067365,84.90942103533112,-62.520,-8.026,5.15,0.032,-0.102,-95.3,0,10.0005,0.00
16:36:08,22.263613054598547,84.9094210509449,-62.518,-8.031,5.15,0.032,-0.102,-95.3,0,10.0005,0.00
16:36:08,22.263613008676604,84.90942106650677,-62.517,-8.036,5.15,0.032,-0.102,-94.1,0,0.0000,0.00
16:36:08,22.263612962609333,84.90942108211789,-62.515,-8.041,5.15,0.032,-0.102,-93.6,0,0.0000,0.00
16:36:08,22.263612916691304,84.90942109767843,-62.513,-8.047,5.15,0.032,-0.102,-93.0,0,10.0005,0.00
16:36:08,22.263612870668418,84.90942111327452,-62.512,-8.052,5.15,0.032,-0.102,-93.0,0,10.0005,0.00
16:36:08,22.263612824816523,84.90942112881265,-62.510,-8.057,5.17,0.032,-0.102,-91.8,0,10.0005,0.00
16:36:08,22.263612778844323,84.90942114439156,-62.509,-8.062,5.17,0.032,-0.102,-91.1,0,10.0005,0.00
16:36:08,22.263612732885175,84.90942115996603,-62.507,-8.067,5.17,0.032,-0.102,-91.1,0,0.0000,0.00
16:36:08,22.263612686943432,84.90942117553462,-62.505,-8.072,5.17,0.032,-0.102,-90.5,0,0.0000,0.00
16:36:08,22.263612640934685,84.9094211911259,-62.504,-8.077,5.17,0.032,-0.102,-89.8,0,0.0000,0.00
16:36:08,22.263612594967707,84.90942120670304,-62.502,-8.082,5.21,0.032,-0.102,-88.4,0,0.0000,0.00
16:36:09,22.263612549055335,84.90942122226167,-62.501,-8.088,5.21,0.032,-0.102,-87.7,0,10.0005,0.00
16:36:09,22.263612503122946,84.90942123782708,-62.499,-8.093,5.21,0.032,-0.102,-87.7,0,10.0005,0.00
16:36:09,22.263612457193602,84.90942125339146,-62.497,-8.098,5.21,0.032,-0.102,-86.3,0,10.0005,0.00
16:36:09,22.263612411286452,84.90942126894832,-62.496,-8.103,5.21,0.032,-0.102,-85.6,0,10.0005,0.00
16:36:09,22.263612365309466,84.90942128452885,-62.494,-8.108,5.21,0.032,-0.102,-84.9,0,10.0005,0.00
16:36:09,22.263612319360764,84.9094213000998,-62.493,-8.113,5.21,0.032,-0.102,-84.9,0,10.0005,0.00
16:36:09,22.263612273471015,84.90942131565075,-62.491,-8.118,5.21,0.032,-0.102,-83.5,0,0.0000,0.00
16:36:09,22.263612227422673,84.90942133125546,-62.489,-8.123,5.26,0.032,-0.102,-82.8,0,0.0000,0.00
16:36:09,22.26361218144003,84.9094213468379,-62.488,-8.128,5.26,0.032,-0.102,-82.0,0,0.0000,0.00
16:36:09,22.26361213547871,84.90942136241311,-62.486,-8.134,5.26,0.032,-0.102,-82.0,0,0.0000,0.00
16:36:09,22.26361208962986,84.90942137795022,-62.485,-8.139,5.26,0.032,-0.102,-80.6,0,0.0000,0.00
16:36:09,22.263612043617414,84.90942139354276,-62.483,-8.144,5.26,0.032,-0.102,-79.8,0,0.0000,0.00
16:36:10,22.263611997615627,84.9094214091317,-62.481,-8.149,5.26,0.032,-0.102,-79.0,0,0.0000,0.00
16:36:10,22.263611951635813,84.90942142471317,-62.480,-8.154,5.26,0.032,-0.102,-79.0,0,0.0000,0.00
16:36:10,22.26361190576347,84.90942144025824,-62.478,-8.159,5.26,0.032,-0.102,-77.5,0,0.0000,0.00
16:36:10,22.263611859879813,84.90942145580713,-62.477,-8.164,5.26,0.032,-0.102,-76.8,0,0.0000,0.00
16:36:10,22.26361181396896,84.90942147136525,-62.475,-8.169,5.29,0.032,-0.102,-75.3,0,0.0000,0.00
16:36:10,22.263611768080303,84.90942148691585,-62.473,-8.174,5.29,0.032,-0.102,-75.3,0,0.0000,0.00
16:36:10,22.263611722241677,84.90942150244948,-62.472,-8.180,5.29,0.032,-0.102,-74.5,0,0.0000,0.00
16:36:10,22.263611676309072,84.90942151801497,-62.470,-8.185,5.29,0.032,-0.102,-73.8,0,10.0005,0.00
16:36:10,22.263611630339266,84.90942153359306,-62.469,-8.190,5.32,0.032,-0.102,-73.8,0,0.0000,0.00
16:36:10,22.26361158440079,84.90942154916054,-62.467,-8.195,5.32,0.032,-0.102,-72.2,0,0.0000,0.00
16:36:10,22.26361153846209,84.90942156472809,-62.465,-8.200,5.32,0.032,-0.102,-71.5,0,0.0000,0.00
16:36:10,22.263611492504467,84.90942158030205,-62.464,-8.205,5.32,0.032,-0.102,-70.7,0,0.0000,0.00
16:36:10,22.263611446556197,84.90942159587284,-62.462,-8.210,5.32,0.032,-0.102,-70.7,0,0.0000,0.00
16:36:10,22.263611400657748,84.90942161142675,-62.461,-8.215,5.32,0.032,-0.102,-69.2,0,0.0000,0.00
16:36:10,22.263611354706434,84.90942162699858,-62.459,-8.220,5.32,0.032,-0.102,-68.5,0,0.0000,0.00
16:36:10,22.263611308781876,84.90942164256134,-62.457,-8.226,5.32,0.032,-0.102,-67.8,0,10.0005,0.00
16:36:10,22.26361126277313,84.90942165815262,-62.456,-8.231,5.36,0.032,-0.102,-67.8,0,10.0005,0.00
16:36:10,22.26361121683443,84.90942167372017,-62.454,-8.236,5.36,0.032,-0.102,-66.3,0,10.0005,0.00
16:36:10,22.263611170839607,84.90942168930675,-62.452,-8.241,5.36,0.032,-0.102,-65.6,0,0.0000,0.00
16:36:10,22.2636111248611,84.90942170488779,-62.451,-8.246,5.36,0.032,-0.102,-64.8,0,10.0005,0.00
16:36:10,22.263611078930232,84.90942172045268,-62.449,-8.251,5.39,0.032,-0.102,-64.8,0,10.0005,0.00
16:36:10,22.263611033069637,84.90942173599377,-62.448,-8.256,5.39,0.032,-0.102,-63.4,0,10.0005,0.00
16:36:10,22.26361098712637,84.90942175156287,-62.446,-8.261,5.39,0.032,-0.102,-62.6,0,0.0000,0.00
16:36:10,22.263610941158305,84.90942176714037,-62.444,-8.266,5.39,0.032,-0.102,-61.9,0,0.0000,0.00
16:36:10,22.263610895211123,84.9094217827108,-62.443,-8.272,5.39,0.032,-0.102,-61.9,0,0.0000,0.00
16:36:10,22.263610849320287,84.90942179826213,-62.441,-8.277,5.39,0.032,-0.102,-60.4,0,0.0000,0.00
16:36:10,22.263610803349394,84.9094218138406,-62.440,-8.282,5.39,0.032,-0.102,-59.6,0,10.0005,0.00
16:36:10,22.263610757329115,84.90942182943579,-62.438,-8.287,5.39,0.032,-0.102,-58.1,0,10.0005,0.00
16:36:11,22.263610711343865,84.90942184501911,-62.436,-8.292,5.39,0.032,-0.102,-58.1,0,10.0005,0.00
16:36:11,22.263610665479135,84.9094218605616,-62.435,-8.297,5.43,0.032,-0.102,-57.4,0,10.0005,0.00
16:36:11,22.263610619456244,84.90942187615768,-62.433,-8.302,5.43,0.032,-0.102,-56.7,0,0.0000,0.00
16:36:11,22.263610573467293,84.90942189174226,-62.432,-8.307,5.43,0.032,-0.102,-55.2,0,0.0000,0.00
16:36:11,22.26361052748835,84.90942190732345,-62.430,-8.313,5.43,0.032,-0.102,-55.2,0,0.0000,0.00
16:36:11,22.263610481657995,84.90942192285428,-62.428,-8.318,5.48,0.032,-0.102,-54.5,0,0.0000,0.00
16:36:11,22.26361043572996,84.90942193841822,-62.427,-8.323,5.48,0.032,-0.102,-53.8,0,0.0000,0.00
16:36:11,22.26361038969706,84.90942195401769,-62.425,-8.328,5.48,0.032,-0.102,-53.1,0,10.0005,0.00
16:36:11,22.263610343716596,84.90942196959939,-62.424,-8.333,5.48,0.032,-0.102,-53.1,0,0.0000,0.00
16:36:11,22.26361029771394,84.90942198518862,-62.422,-8.338,5.48,0.032,-0.102,-51.7,0,0.0000,0.00
16:36:11,22.26361025173195,84.90942200077085,-62.420,-8.343,5.48,0.032,-0.102,-50.9,0,0.0000,0.00
16:36:11,22.263610205754528,84.90942201635151,-62.419,-8.348,5.48,0.032,-0.102,-49.5,0,0.0000,0.00
16:36:11,22.26361015979625,84.9094220319257,-62.417,-8.353,5.48,0.032,-0.102,-49.5,0,10.0005,0.00
16:36:11,22.26361011381448,84.90942204750785,-62.416,-8.359,5.51,0.032,-0.102,-48.8,0,0.0000,0.00
16:36:11,22.263610067894056,84.9094220630692,-62.414,-8.364,5.51,0.032,-0.102,-48.0,0,0.0000,0.00
16:36:11,22.26361002187748,84.90942207866314,-62.412,-8.369,5.51,0.032,-0.102,-46.6,0,0.0000,0.00
16:36:11,22.2636099759688,84.90942209422052,-62.411,-8.374,5.51,0.032,-0.102,-46.6,0,0.0000,0.00
16:36:11,22.263609930133008,84.90942210975321,-62.409,-8.379,5.51,0.032,-0.102,-45.9,0,0.0000,0.00
16:36:11,22.26360988419692,84.90942212531986,-62.408,-8.384,5.51,0.032,-0.102,-44.5,0,0.0000,0.00
16:36:11,22.263609838262358,84.90942214088602,-62.406,-8.389,5.51,0.032,-0.102,-43.7,0,0.0000,0.00
16:36:12,22.263609792360644,84.90942215644104,-62.404,-8.394,5.51,0.032,-0.102,-43.7,0,0.0000,0.00
16:36:12,22.26360974654073,84.90942217196833,-62.403,-8.399,5.51,0.032,-0.102,-43.0,0,10.0005,0.00
16:36:12,22.263609700563308,84.90942218754901,-62.401,-8.405,5.54,0.032,-0.102,-41.5,0,0.0000,0.00
16:36:12,22.263609654640277,84.90942220311125,-62.400,-8.410,5.54,0.032,-0.102,-40.7,0,0.0000,0.00
16:36:12,22.2636096086696,84.90942221868964,-62.398,-8.415,5.54,0.032,-0.102,-40.7,0,0.0000,0.00
16:36:12,22.263609562832716,84.90942223422269,-62.396,-8.420,5.54,0.032,-0.102,-40.0,0,0.0000,0.00
16:36:12,22.263609516938182,84.90942224977526,-62.395,-8.425,5.58,0.032,-0.102,-38.5,0,0.0000,0.00
16:36:12,22.263609470932696,84.90942226536545,-62.393,-8.430,5.58,0.032,-0.102,-38.5,0,0.0000,0.00
16:36:12,22.263609425102775,84.90942228089614,-62.392,-8.435,5.58,0.032,-0.102,-37.8,0,0.0000,0.00
16:36:12,22.263610186256933,84.90941866756977,-62.764,-8.351,5.58,-0.086,-0.073,-37.0,0,0.0046,0.00
16:36:12,22.263610152924997,84.90941862528707,-62.768,-8.354,5.58,-0.086,-0.073,-35.7,0,0.0000,0.00
16:36:12,22.263610119814274,84.90941858328499,-62.772,-8.358,5.58,-0.086,-0.073,-35.0,0,10.0005,0.00
16:36:12,22.263610086691315,84.90941854126739,-62.777,-8.362,5.58,-0.086,-0.073,-35.0,0,0.0000,0.00
16:36:12,22.2636100535238,84.90941849919325,-62.781,-8.365,5.58,-0.086,-0.073,-34.4,0,0.0000,0.00
16:36:12,22.263610020446492,84.90941845723356,-62.785,-8.369,5.58,-0.086,-0.073,-33.1,0,10.0005,0.00
16:36:12,22.263609987269877,84.9094184151479,-62.790,-8.373,5.61,-0.086,-0.073,-32.4,0,10.0005,0.00
16:36:12,22.263609954170292,84.90941837315994,-62.794,-8.376,5.61,-0.086,-0.073,-32.4,0,10.0005,0.00
16:36:12,22.2636099210318,84.90941833112262,-62.798,-8.380,5.61,-0.086,-0.073,-31.8,0,0.0000,0.00
16:36:12,22.263609887884364,84.90941828907398,-62.803,-8.384,5.61,-0.086,-0.073,-30.5,0,0.0000,0.00
16:36:12,22.26360985481412,84.90941824712324,-62.807,-8.387,5.65,-0.086,-0.073,-29.9,0,0.0000,0.00
16:36:13,22.263609821723477,84.90941820514664,-62.811,-8.391,5.65,-0.086,-0.073,-29.9,0,10.0005,0.00
16:36:13,22.263609788610403,84.90941816314157,-62.816,-8.395,5.65,-0.086,-0.073,-29.3,0,10.0005,0.00
16:36:13,22.263609755443355,84.90941812106803,-62.820,-8.398,5.65,-0.086,-0.073,-28.0,0,10.0005,0.00
16:36:13,22.263609722357266,84.9094180790972,-62.824,-8.402,5.65,-0.086,-0.073,-27.4,0,10.0005,0.00
16:36:13,22.263609689183944,84.9094180370157,-62.829,-8.406,5.65,-0.086,-0.073,-27.4,0,0.0000,0.00
16:36:13,22.26360965601768,84.90941799494317,-62.833,-8.410,5.65,-0.086,-0.073,-26.8,0,0.0000,0.00
16:36:13,22.263609622912295,84.90941795294785,-62.837,-8.413,5.65,-0.086,-0.073,-25.6,0,0.0000,0.00
16:36:13,22.263609589775054,84.90941791091214,-62.842,-8.417,5.69,-0.086,-0.073,-25.0,0,0.0000,0.00
16:36:13,22.263609556668097,84.90941786891483,-62.846,-8.421,5.69,-0.086,-0.073,-25.0,0,0.0000,0.00
16:36:13,22.26360952361103,84.90941782698081,-62.850,-8.424,5.69,-0.086,-0.073,-24.5,0,0.0000,0.00
16:36:13,22.263609490462656,84.90941778493097,-62.855,-8.428,5.69,-0.086,-0.073,-23.3,0,0.0000,0.00
16:36:13,22.26360945735209,84.90941774292908,-62.859,-8.432,5.72,-0.086,-0.073,-22.7,0,0.0000,0.00
16:36:13,22.263609391094715,84.90941765887933,-62.868,-8.439,5.72,-0.086,-0.073,-22.1,0,0.0000,0.00
16:36:13,22.263609357884526,84.90941761675107,-62.872,-8.443,5.72,-0.086,-0.073,-20.7,0,0.0000,0.00
16:36:13,22.263609324727362,84.90941757469008,-62.876,-8.446,5.72,-0.086,-0.073,-20.7,0,0.0000,0.00
16:36:13,22.263609291553884,84.90941753260839,-62.881,-8.450,5.72,-0.086,-0.073,-20.0,0,0.0000,0.00
16:36:13,22.263609258366444,84.90941749050899,-62.885,-8.454,5.72,-0.086,-0.073,-19.2,0,0.0000,0.00
16:36:13,22.26360922516457,84.90941744839128,-62.889,-8.458,5.72,-0.086,-0.073,-17.5,0,0.0000,0.00
16:36:13,22.263609192017604,84.90941740634322,-62.894,-8.461,5.72,-0.086,-0.073,-17.5,0,0.0000,0.00
16:36:14,22.26360915887566,84.90941736430153,-62.898,-8.465,5.74,-0.086,-0.073,-16.7,0,0.0000,0.00
16:36:14,22.263609125600674,84.90941732209107,-62.902,-8.469,5.74,-0.086,-0.073,-15.1,0,0.0000,0.00
16:36:14,22.26360909240272,84.90941727997834,-62.907,-8.472,5.74,-0.086,-0.073,-14.4,0,0.0000,0.00
16:36:14,22.263609059204924,84.9094172378658,-62.911,-8.476,5.74,-0.086,-0.073,-13.7,0,0.0000,0.00
16:36:14,22.263609026038978,84.90941719579367,-62.915,-8.480,5.74,-0.086,-0.073,-13.7,0,0.0000,0.00
16:36:14,22.263608992754737,84.90941715357147,-62.920,-8.483,5.74,-0.086,-0.073,-12.4,0,0.0000,0.00
16:36:14,22.263608959591927,84.9094171115033,-62.924,-8.487,5.74,-0.086,-0.073,-11.9,0,0.0000,0.00
16:36:14,22.263608926374364,84.90941706936569,-62.928,-8.491,5.74,-0.086,-0.073,-11.9,0,0.0000,0.00
16:36:14,22.263608893315254,84.90941702742909,-62.933,-8.494,5.72,-0.086,-0.073,-11.4,0,0.0000,0.00
16:36:14,22.263608860185236,84.90941698540253,-62.937,-8.498,5.72,-0.086,-0.073,-10.3,0,0.0000,0.00
16:36:14,22.26360882699387,84.90941694329815,-62.941,-8.502,5.72,-0.086,-0.073,-9.8,0,0.0000,0.00
16:36:14,22.263608793847222,84.9094169012505,-62.946,-8.506,5.72,-0.086,-0.073,-9.2,0,0.0000,0.00
16:36:14,22.263608760683155,84.90941685918074,-62.950,-8.509,5.67,-0.086,-0.073,-9.2,0,0.0000,0.00
16:36:14,22.263608727588437,84.90941681719896,-62.954,-8.513,5.67,-0.086,-0.073,-8.1,0,0.0000,0.00
16:36:14,22.263608694439117,84.90941677514792,-62.959,-8.517,5.67,-0.086,-0.073,-7.5,0,0.0000,0.00
16:36:14,22.263608661263913,84.90941673306403,-62.963,-8.520,5.67,-0.086,-0.073,-7.0,0,0.0000,0.00
16:36:14,22.26360862812401,84.90941669102493,-62.967,-8.524,5.67,-0.086,-0.073,-7.0,0,0.0000,0.00
16:36:14,22.2636085950227,84.9094166490348,-62.972,-8.528,5.67,-0.086,-0.073,-6.4,0,0.0000,0.00
16:36:14,22.263608561816277,84.90941660691131,-62.976,-8.531,5.67,-0.086,-0.073,-5.4,0,0.0000,0.00
16:36:14,22.263608528723907,84.90941656493251,-62.980,-8.535,5.67,-0.086,-0.073,-5.4,0,0.0000,0.00
16:36:15,22.263608495672962,84.90941652300626,-62.985,-8.539,5.67,-0.086,-0.073,-4.4,0,0.0000,0.00
16:36:15,22.263608462528662,84.90941648096158,-62.989,-8.542,5.60,-0.086,-0.073,-3.9,0,0.0000,0.00
16:36:15,22.263608429369306,84.90941643889781,-62.993,-8.546,5.60,-0.086,-0.073,-3.5,0,0.0000,0.00
16:36:15,22.263608396270662,84.90941639691104,-62.998,-8.550,5.60,-0.086,-0.073,-3.5,0,0.0000,0.00
16:36:15,22.26360836314692,84.90941635489244,-63.002,-8.553,5.60,-0.086,-0.073,-2.7,0,0.0000,0.00
16:36:15,22.263608330043724,84.9094163128999,-63.006,-8.557,5.48,-0.086,-0.073,-2.3,0,0.0000,0.00
16:36:15,22.263608296923117,84.90941627088529,-63.011,-8.561,5.48,-0.086,-0.073,-2.3,0,0.0000,0.00
16:36:15,22.263608263732852,84.9094162287823,-63.015,-8.565,5.48,-0.086,-0.073,-1.9,0,0.0000,0.00
16:36:15,22.26360823061915,84.90941618677644,-63.019,-8.568,5.48,-0.086,-0.073,-1.3,0,0.0000,0.00
16:36:15,22.263608197471715,84.90941614472779,-63.024,-8.572,5.48,-0.086,-0.073,-1.0,0,0.0000,0.00
16:36:15,22.263608164328357,84.9094161026843,-63.028,-8.576,5.48,-0.086,-0.073,-0.7,0,0.0000,0.00
16:36:15,22.263608131209477,84.90941606067187,-63.032,-8.579,5.48,-0.086,-0.073,-0.7,0,0.0000,0.00
16:36:15,22.263608098034428,84.90941601858819,-63.037,-8.583,5.48,-0.086,-0.073,-0.4,0,0.0000,0.00
16:36:15,22.26360806487774,84.9094159765278,-63.041,-8.587,5.48,-0.086,-0.073,-0.3,0,0.0000,0.00
16:36:15,22.26360803177298,84.90941593453329,-63.045,-8.590,5.39,-0.086,-0.073,-0.3,0,0.0000,0.00
16:36:15,22.26360799864076,84.90941589250393,-63.050,-8.594,5.39,-0.086,-0.073,-0.3,0,0.0000,0.00
16:36:15,22.263607964313838,84.90941584895906,-63.054,-8.598,5.39,-0.086,-0.073,-0.4,0,0.0000,0.00
16:36:15,22.263607931077132,84.90941580679716,-63.059,-8.602,5.39,-0.086,-0.073,-0.4,0,0.0000,0.00
16:36:15,22.26360789784435,84.90941576464024,-63.063,-8.605,5.27,-0.086,-0.073,-0.4,0,0.0000,0.00
16:36:16,22.263607864596665,84.90941572246442,-63.067,-8.609,5.27,-0.086,-0.073,-0.8,0,0.0000,0.00
16:36:16,22.263607831321206,84.90941568025336,-63.072,-8.613,5.27,-0.086,-0.073,-1.0,0,0.0000,0.00
16:36:16,22.263607798179734,84.90941563821227,-63.076,-8.616,5.27,-0.086,-0.073,-1.6,0,0.0000,0.00
16:36:16,22.263607765020847,84.90941559614909,-63.080,-8.620,5.27,-0.086,-0.073,-1.6,0,0.0000,0.00
16:36:16,22.26360773185992,84.90941555408332,-63.085,-8.624,5.27,-0.086,-0.073,-1.9,0,0.0000,0.00
16:36:16,22.263607698694127,84.90941551201138,-63.089,-8.627,5.27,-0.086,-0.073,-2.2,0,0.0000,0.00
16:36:16,22.263607665452874,84.90941546984372,-63.093,-8.631,5.27,-0.086,-0.073,-3.0,0,0.0000,0.00
16:36:16,22.26360763233054,84.9094154278269,-63.098,-8.635,5.27,-0.086,-0.073,-3.0,0,0.0000,0.00
16:36:16,22.263607599155964,84.90941538574383,-63.102,-8.639,5.13,-0.086,-0.073,-3.4,0,0.0000,0.00
16:36:16,22.26360756593605,84.90941534360323,-63.106,-8.642,5.13,-0.086,-0.073,-3.8,0,0.0000,0.00
16:36:16,22.263607532791593,84.90941530155835,-63.111,-8.646,5.13,-0.086,-0.073,-3.8,0,0.0000,0.00
16:36:16,22.263607499662516,84.90941525953298,-63.115,-8.650,5.13,-0.086,-0.073,-4.7,0,0.0000,0.00
16:36:16,22.263607871963398,84.90941996518636,-62.630,-8.608,4.99,0.123,-0.054,-5.2,0,0.0042,0.00
16:36:16,22.263607847456086,84.90942002556427,-62.624,-8.611,4.99,0.123,-0.054,-5.7,0,0.0000,0.00
16:36:16,22.26360782305615,84.90942008567767,-62.618,-8.614,4.99,0.123,-0.054,-5.7,0,0.0000,0.00
16:36:16,22.263607798659798,84.90942014578224,-62.612,-8.616,4.99,0.123,-0.054,-6.6,0,0.0000,0.00
16:36:16,22.263607774201496,84.90942020603943,-62.605,-8.619,4.99,0.123,-0.054,-7.1,0,0.0000,0.00
16:36:16,22.263607749704818,84.90942026639117,-62.599,-8.622,4.99,0.123,-0.054,-7.7,0,0.0000,0.00
16:36:16,22.2636077252909,84.909420326539,-62.593,-8.624,4.99,0.123,-0.054,-7.7,0,0.0000,0.00
16:36:16,22.263607700884258,84.90942038666891,-62.587,-8.627,4.99,0.123,-0.054,-8.7,0,0.0000,0.00
16:36:17,22.263607676470105,84.90942044681734,-62.580,-8.630,4.86,0.123,-0.054,-9.3,0,0.0000,0.00
16:36:17,22.263607652013306,84.90942050707082,-62.574,-8.633,4.86,0.123,-0.054,-10.9,0,0.0000,0.00
16:36:17,22.263607627631977,84.90942056713837,-62.568,-8.635,4.86,0.123,-0.054,-10.9,0,0.0000,0.00
16:36:17,22.26360760327411,84.90942062714812,-62.562,-8.638,4.86,0.123,-0.054,-11.6,0,0.0000,0.00
16:36:17,22.263607578841928,84.90942068734095,-62.556,-8.641,4.86,0.123,-0.054,-12.3,0,0.0000,0.00
16:36:17,22.263607554425466,84.90942074749508,-62.550,-8.644,4.68,0.123,-0.054,-13.8,0,0.0000,0.00
16:36:17,22.263607529988427,84.90942080769987,-62.543,-8.646,4.68,0.123,-0.054,-13.8,0,0.0000,0.00
16:36:17,22.263607505590457,84.90942086780842,-62.537,-8.649,4.68,0.123,-0.054,-14.5,0,0.0000,0.00
16:36:17,22.263607481174454,84.90942092796139,-62.531,-8.652,4.68,0.123,-0.054,-15.4,0,0.0000,0.00
16:36:17,22.26360745668506,84.90942098829518,-62.525,-8.654,4.68,0.123,-0.054,-16.8,0,0.0000,0.00
16:36:17,22.263607432247216,84.90942104850198,-62.519,-8.657,4.68,0.123,-0.054,-16.8,0,0.0000,0.00
16:36:17,22.263607407903102,84.90942110847784,-62.512,-8.660,4.68,0.123,-0.054,-17.2,0,0.0000,0.00
16:36:17,22.2636073835279,84.9094211685303,-62.506,-8.663,4.68,0.123,-0.054,-17.8,0,10.0005,0.00
16:36:17,22.26360735913247,84.90942122863258,-62.500,-8.665,4.55,0.123,-0.054,-17.8,0,0.0000,0.00
16:36:17,22.26360733475184,84.90942128869843,-62.494,-8.668,4.55,0.123,-0.054,-17.8,0,0.0000,0.00
16:36:17,22.263607310335143,84.90942134885312,-62.488,-8.671,4.55,0.123,-0.054,-17.8,0,0.0000,0.00
16:36:17,22.26360728594734,84.90942140893661,-62.481,-8.673,4.55,0.123,-0.054,-17.8,0,0.0000,0.00
16:36:17,22.263607261543477,84.90942146905968,-62.475,-8.676,4.55,0.123,-0.054,-17.7,0,0.0000,0.00
16:36:17,22.263607237112797,84.90942152924882,-62.469,-8.679,4.55,0.123,-0.054,-17.7,0,0.0000,0.00
16:36:17,22.263607212683503,84.90942158943454,-62.463,-8.682,4.55,0.123,-0.054,-17.7,0,0.0000,0.00
16:36:18,22.26360718822751,84.90942164968604,-62.457,-8.684,4.55,0.123,-0.054,-17.5,0,0.0000,0.00
16:36:18,22.26360716382145,84.90942170981452,-62.450,-8.687,4.55,0.123,-0.054,-17.5,0,0.0000,0.00
16:36:18,22.26360713944324,84.90942176987438,-62.444,-8.690,4.44,0.123,-0.054,-17.5,0,0.0000,0.00
16:36:18,22.26360711501649,84.90942183005384,-62.438,-8.692,4.44,0.123,-0.054,-17.6,0,0.0000,0.00
16:36:18,22.263607090609735,84.90942189018403,-62.432,-8.695,4.44,0.123,-0.054,-17.8,0,10.0005,0.00
16:36:18,22.263607066218814,84.90942195027522,-62.426,-8.698,4.44,0.123,-0.054,-17.8,0,10.0005,0.00
16:36:18,22.263607041832863,84.90942201035415,-62.419,-8.701,4.28,0.123,-0.054,-17.9,0,10.0005,0.00
16:36:18,22.263607017437206,84.90942207045701,-62.413,-8.703,4.28,0.123,-0.054,-18.1,0,10.0005,0.00
16:36:18,22.263606993056108,84.90942213052399,-62.407,-8.706,4.28,0.123,-0.054,-18.1,0,0.0000,0.00
16:36:18,22.263606968632477,84.90942219069576,-62.401,-8.709,4.28,0.123,-0.054,-18.5,0,0.0000,0.00
16:36:18,22.263606944219482,84.90942225084133,-62.395,-8.711,4.28,0.123,-0.054,-18.7,0,0.0000,0.00
16:36:18,22.263606919784294,84.90942231104157,-62.388,-8.714,4.28,0.123,-0.054,-19.2,0,10.0005,0.00
16:36:18,22.26360689534922,84.90942237124153,-62.382,-8.717,4.28,0.123,-0.054,-19.2,0,10.0005,0.00
16:36:18,22.263606870954025,84.90942243134324,-62.376,-8.720,4.28,0.123,-0.054,-19.4,0,10.0005,0.00
16:36:18,22.263606846573275,84.90942249140937,-62.370,-8.722,4.17,0.123,-0.054,-20.2,0,10.0005,0.00
16:36:18,22.263606822134157,84.9094225516193,-62.364,-8.725,4.17,0.123,-0.054,-20.6,0,0.0000,0.00
16:36:18,22.263606797750864,84.9094226116917,-62.357,-8.728,4.17,0.123,-0.054,-20.6,0,0.0000,0.00
16:36:18,22.26360677339843,84.90942267168805,-62.351,-8.730,4.17,0.123,-0.054,-21.0,0,0.0000,0.00
16:36:18,22.26360674893296,84.9094227319629,-62.345,-8.733,4.17,0.123,-0.054,-21.9,0,10.0005,0.00
16:36:19,22.263606724499045,84.90942279216002,-62.339,-8.736,4.05,0.123,-0.054,-22.4,0,10.0005,0.00
16:36:19,22.263606700054957,84.90942285238218,-62.333,-8.739,4.05,0.123,-0.054,-22.4,0,10.0005,0.00
16:36:19,22.263606675656987,84.90942291249073,-62.326,-8.741,4.05,0.123,-0.054,-22.9,0,10.0005,0.00
16:36:19,22.263606651292417,84.90942297251699,-62.320,-8.744,4.05,0.123,-0.054,-23.8,0,10.0005,0.00
16:36:19,22.26360662684486,84.9094230327477,-62.314,-8.747,4.05,0.123,-0.054,-24.3,0,10.0005,0.00
16:36:19,22.263606602369915,84.9094230930459,-62.308,-8.749,4.05,0.123,-0.054,-24.3,0,0.0000,0.00
16:36:19,22.26360657796605,84.90942315316897,-62.302,-8.752,4.05,0.123,-0.054,-24.8,0,0.0000,0.00
16:36:19,22.263606553545888,84.9094232133322,-62.295,-8.755,4.05,0.123,-0.054,-25.8,0,0.0000,0.00
16:36:19,22.263606529158086,84.9094232734157,-62.289,-8.758,3.94,0.123,-0.054,-25.8,0,0.0000,0.00
16:36:19,22.26360650474266,84.90942333356725,-62.283,-8.760,3.94,0.123,-0.054,-26.3,0,0.0000,0.00
16:36:19,22.263606480321112,84.90942339373389,-62.277,-8.763,3.94,0.123,-0.054,-27.3,0,0.0000,0.00
16:36:19,22.26360645591401,84.90942345386493,-62.271,-8.766,3.94,0.123,-0.054,-27.8,0,0.0000,0.00
16:36:19,22.263606431544126,84.90942351390429,-62.265,-8.769,3.83,0.123,-0.054,-27.8,0,0.0000,0.00
16:36:19,22.26360640714812,84.909423574008,-62.258,-8.771,3.83,0.123,-0.054,-28.3,0,0.0000,0.00
16:36:19,22.26360638276922,84.90942363406957,-62.252,-8.774,3.83,0.123,-0.054,-29.4,0,0.0000,0.00
16:36:19,22.263606358345125,84.90942369424248,-62.246,-8.777,3.83,0.123,-0.054,-29.9,0,0.0000,0.00
16:36:19,22.263606333922766,84.90942375441112,-62.240,-8.779,3.83,0.123,-0.054,-29.9,0,0.0000,0.00
16:36:19,22.263606309538897,84.90942381448492,-62.234,-8.782,3.83,0.123,-0.054,-30.4,0,0.0000,0.00
16:36:19,22.263606285173058,84.90942387451432,-62.227,-8.785,3.83,0.123,-0.054,-30.9,0,10.0005,0.00
16:36:19,22.26360626082513,84.90942393449959,-62.221,-8.788,3.83,0.123,-0.054,-31.8,0,0.0000,0.00
16:36:20,22.263606236454436,84.90942399454093,-62.215,-8.790,3.83,0.123,-0.054,-31.8,0,0.0000,0.00
16:36:20,22.26360621207103,84.90942405461361,-62.209,-8.793,3.75,0.123,-0.054,-32.7,0,0.0000,0.00
16:36:20,22.263606187686694,84.90942411468856,-62.203,-8.796,3.75,0.123,-0.054,-33.2,0,0.0000,0.00
16:36:20,22.263606163266648,84.90942417485151,-62.196,-8.798,3.75,0.123,-0.054,-33.6,0,0.0000,0.00
16:36:20,22.26360613883123,84.90942423505231,-62.190,-8.801,3.75,0.123,-0.054,-33.6,0,0.0000,0.00
16:36:20,22.263606114487697,84.90942429502675,-62.184,-8.804,3.75,0.123,-0.054,-34.5,0,0.0000,0.00
16:36:20,22.26360609012463,84.90942435504931,-62.178,-8.807,3.75,0.123,-0.054,-34.9,0,10.0005,0.00
16:36:20,22.263606065732667,84.90942441514306,-62.172,-8.809,3.75,0.123,-0.054,-35.3,0,0.0000,0.00
16:36:20,22.263606041311117,84.9094244753097,-62.165,-8.812,3.75,0.123,-0.054,-35.3,0,10.0005,0.00
16:36:20,22.263606016916384,84.90942453541028,-62.159,-8.815,3.64,0.123,-0.054,-35.7,0,0.0000,0.00
16:36:20,22.263605992465823,84.90942459564839,-62.153,-8.817,3.64,0.123,-0.054,-36.5,0,0.0000,0.00
16:36:20,22.263605943623418,84.90942471597997,-62.141,-8.823,3.64,0.123,-0.054,-36.9,0,10.0005,0.00
16:36:20,22.26360591921643,84.90942477611074,-62.134,-8.826,3.64,0.123,-0.054,-37.8,0,0.0000,0.00
16:36:20,22.263605894825396,84.9094248362022,-62.128,-8.828,3.57,0.123,-0.054,-38.3,0,0.0000,0.00
16:36:20,22.26360587033415,84.90942489654054,-62.122,-8.831,3.57,0.123,-0.054,-38.3,0,0.0000,0.00
16:36:20,22.2636058459801,84.90942495654089,-62.116,-8.834,3.57,0.123,-0.054,-38.7,0,0.0000,0.00
16:36:20,22.26360582151278,84.9094250168203,-62.110,-8.836,3.57,0.123,-0.054,-39.5,0,10.0005,0.00
16:36:20,22.26360579708811,84.90942507699462,-62.103,-8.839,3.57,0.123,-0.054,-39.9,0,10.0005,0.00
16:36:20,22.26360577265512,84.90942513718946,-62.097,-8.842,3.57,0.123,-0.054,-39.9,0,10.0005,0.00
16:36:20,22.263605748262925,84.90942519728378,-62.091,-8.845,3.57,0.123,-0.054,-40.8,0,10.0005,0.00
16:36:21,22.263605723862067,84.90942525739945,-62.085,-8.847,3.57,0.123,-0.054,-41.3,0,0.0000,0.00
16:36:21,22.263605699449993,84.90942531754274,-62.079,-8.850,3.47,0.123,-0.054,-41.8,0,0.0000,0.00
16:36:21,22.263605675015732,84.9094253777407,-62.073,-8.853,3.47,0.123,-0.054,-41.8,0,0.0000,0.00
16:36:21,22.26360565064122,84.90942543779146,-62.066,-8.855,3.47,0.123,-0.054,-42.8,0,0.0000,0.00
16:36:21,22.263605626231115,84.9094254979299,-62.060,-8.858,3.47,0.123,-0.054,-43.3,0,0.0000,0.00
16:36:21,22.26360560178379,84.90942555816005,-62.054,-8.861,3.35,0.123,-0.054,-43.3,0,0.0000,0.00
16:36:21,22.263605577417835,84.90942561818973,-62.048,-8.864,3.35,0.123,-0.054,-44.2,0,0.0000,0.00
16:36:21,22.26360555292925,84.90942567852152,-62.042,-8.866,3.35,0.123,-0.054,-44.6,0,0.0000,0.00
16:36:21,22.263605528496953,84.90942573871465,-62.035,-8.869,3.35,0.123,-0.054,-44.6,0,0.0000,0.00
16:36:21,22.263605504082452,84.90942579886392,-62.029,-8.872,3.35,0.123,-0.054,-45.4,0,0.0000,0.00
16:36:21,22.263605479663447,84.9094258590243,-62.023,-8.874,3.35,0.123,-0.054,-45.9,0,0.0000,0.00
16:36:21,22.263605455264088,84.90942591913627,-62.017,-8.877,3.35,0.123,-0.054,-46.3,0,0.0000,0.00
16:36:21,22.263605430828555,84.90942597933736,-62.011,-8.880,3.35,0.123,-0.054,-46.3,0,0.0000,0.00
16:36:21,22.263605406451155,84.90942603939523,-62.004,-8.883,3.35,0.123,-0.054,-47.2,0,0.0000,0.00
16:36:21,22.263605382061044,84.90942609948442,-61.998,-8.885,3.27,0.123,-0.054,-47.7,0,0.0000,0.00
16:36:21,22.263605357593146,84.90942615976525,-61.992,-8.888,3.27,0.123,-0.054,-48.1,0,0.0000,0.00
16:36:21,22.263605333167554,84.90942621994185,-61.986,-8.891,3.27,0.123,-0.054,-48.1,0,0.0000,0.00
16:36:21,22.263605308784605,84.90942628001339,-61.980,-8.893,3.27,0.123,-0.054,-48.6,0,0.0000,0.00
16:36:21,22.263605284386752,84.90942634012166,-61.973,-8.896,3.20,0.123,-0.054,-49.4,0,0.0000,0.00
16:36:21,22.263605259983578,84.90942640024302,-61.967,-8.899,3.20,0.123,-0.054,-49.8,0,10.0005,0.00
16:36:22,22.26360523549476,84.90942646057539,-61.961,-8.902,3.20,0.123,-0.054,-49.8,0,0.0000,0.00
16:36:22,22.26360521108188,84.90942652072067,-61.955,-8.904,3.20,0.123,-0.054,-50.6,0,0.0000,0.00
16:36:22,22.263605186639875,84.90942658093772,-61.949,-8.907,3.20,0.123,-0.054,-51.0,0,0.0000,0.00
16:36:22,22.263605162199717,84.9094266411502,-61.942,-8.910,3.20,0.123,-0.054,-51.0,0,0.0000,0.00
16:36:22,22.26360513781885,84.90942670121662,-61.936,-8.913,3.20,0.123,-0.054,-51.8,0,0.0000,0.00
16:36:22,22.26360511340285,84.90942676136959,-61.930,-8.915,3.20,0.123,-0.054,-52.2,0,0.0000,0.00
16:36:22,22.26360508898003,84.90942682153936,-61.924,-8.918,3.08,0.123,-0.054,-52.6,0,0.0000,0.00
16:36:22,22.263605064583793,84.90942688164364,-61.918,-8.921,3.08,0.123,-0.054,-52.6,0,10.0005,0.00
16:36:22,22.263605040226736,84.9094269416514,-61.911,-8.923,3.08,0.123,-0.054,-53.3,0,0.0000,0.00
16:36:22,22.26360501581813,84.90942700178614,-61.905,-8.926,3.08,0.123,-0.054,-53.7,0,10.0005,0.00
16:36:22,22.263604991403515,84.9094270619357,-61.899,-8.929,3.08,0.123,-0.054,-54.1,0,0.0000,0.00
16:36:22,22.263604967003925,84.90942712204824,-61.893,-8.932,3.01,0.123,-0.054,-54.1,0,10.0005,0.00
16:36:22,22.263604942575903,84.90942718223083,-61.887,-8.934,3.01,0.123,-0.054,-54.8,0,10.0005,0.00
16:36:22,22.26360491809934,84.90942724253301,-61.880,-8.937,3.01,0.123,-0.054,-55.1,0,10.0005,0.00
16:36:22,22.2636048936734,84.90942730271047,-61.874,-8.940,3.01,0.123,-0.054,-55.9,0,0.0000,0.00
16:36:22,22.263604869259478,84.90942736285832,-61.868,-8.942,3.01,0.123,-0.054,-55.9,0,0.0000,0.00
16:36:22,22.263604844807066,84.909427423101,-61.862,-8.945,3.01,0.123,-0.054,-56.2,0,0.0000,0.00
16:36:22,22.263604820393493,84.90942748324798,-61.856,-8.948,3.01,0.123,-0.054,-56.6,0,0.0000,0.00
16:36:22,22.263604796004305,84.9094275433349,-61.849,-8.951,3.01,0.123,-0.054,-57.3,0,10.0005,0.00
16:36:23,22.263604771532364,84.90942760362569,-61.843,-8.953,2.93,0.123,-0.054,-57.3,0,10.0005,0.00
16:36:23,22.26360474715011,84.90942766369552,-61.837,-8.956,2.93,0.123,-0.054,-57.7,0,10.0005,0.00
16:36:23,22.263604722754337,84.90942772379866,-61.831,-8.959,2.93,0.123,-0.054,-58.0,0,10.0005,0.00
16:36:23,22.263604698347926,84.90942778392801,-61.825,-8.961,2.93,0.123,-0.054,-58.6,0,0.0000,0.00
16:36:23,22.26360467389679,84.90942784416754,-61.818,-8.964,2.93,0.123,-0.054,-58.6,0,0.0000,0.00
16:36:23,22.263604649475933,84.90942790433247,-61.812,-8.967,2.93,0.123,-0.054,-58.9,0,0.0000,0.00
16:36:23,22.26360462505323,84.90942796450196,-61.806,-8.970,2.93,0.123,-0.054,-59.4,0,0.0000,0.00
16:36:23,22.263604600602555,84.90942802474036,-61.800,-8.972,2.93,0.123,-0.054,-59.4,0,0.0000,0.00
16:36:23,22.263604576193835,84.9094280848754,-61.794,-8.975,2.93,0.123,-0.054,-59.7,0,10.0005,0.00
16:36:23,22.26360455177159,84.90942814504375,-61.787,-8.978,2.83,0.123,-0.054,-60.0,0,0.0000,0.00
16:36:24,22.263604527293175,84.90942820535048,-61.781,-8.980,2.83,0.123,-0.054,-60.7,0,0.0000,0.00
16:36:24,22.26360450287995,84.90942826549663,-61.775,-8.983,2.83,0.123,-0.054,-60.7,0,0.0000,0.00
16:36:24,22.263604478466952,84.9094283256422,-61.769,-8.986,2.83,0.123,-0.054,-61.0,0,0.0000,0.00
16:36:24,22.26360445403951,84.90942838582336,-61.763,-8.989,2.76,0.123,-0.054,-61.4,0,10.0005,0.00
16:36:24,22.26360442959057,84.90942844605749,-61.756,-8.991,2.76,0.123,-0.054,-62.1,0,0.0000,0.00
16:36:24,22.26360440513157,84.90942850631639,-61.750,-8.994,2.76,0.123,-0.054,-62.1,0,0.0000,0.00
16:36:24,22.263604380707594,84.90942856648901,-61.744,-8.997,2.76,0.123,-0.054,-62.5,0,0.0000,0.00
16:36:24,22.26360435625576,84.90942862673026,-61.738,-9.000,2.76,0.123,-0.054,-62.9,0,0.0000,0.00
16:36:24,22.263604331794106,84.90942868699571,-61.732,-9.002,2.76,0.123,-0.054,-62.9,0,0.0000,0.00
16:36:24,22.263604307372905,84.90942874716148,-61.725,-9.005,2.76,0.123,-0.054,-63.6,0,0.0000,0.00
16:36:24,22.2636042829146,84.90942880741868,-61.719,-9.008,2.76,0.123,-0.054,-64.0,0,0.0000,0.00
16:36:24,22.263604258484268,84.90942886760696,-61.713,-9.010,2.76,0.123,-0.054,-64.6,0,0.0000,0.00
16:36:24,22.2636042340255,84.90942892786529,-61.707,-9.013,2.70,0.123,-0.054,-64.6,0,10.0005,0.00
16:36:24,22.263604209547434,84.90942898817119,-61.701,-9.016,2.70,0.123,-0.054,-65.0,0,0.0000,0.00
16:36:24,22.263604185080002,84.90942904845086,-61.694,-9.019,2.70,0.123,-0.054,-65.4,0,0.0000,0.00
16:36:24,22.26360416067001,84.90942910858904,-61.688,-9.021,2.70,0.123,-0.054,-66.0,0,0.0000,0.00
16:36:24,22.263604136209047,84.90942916885278,-61.682,-9.024,2.60,0.123,-0.054,-66.0,0,0.0000,0.00
16:36:24,22.263604111797783,84.90942922899407,-61.676,-9.027,2.60,0.123,-0.054,-66.3,0,0.0000,0.00
16:36:24,22.26360408735439,84.90942928921453,-61.670,-9.029,2.60,0.123,-0.054,-67.1,0,0.0000,0.00
16:36:24,22.263604062924866,84.90942934940082,-61.663,-9.032,2.60,0.123,-0.054,-67.5,0,0.0000,0.00
16:36:24,22.263604038492797,84.90942940959337,-61.657,-9.035,2.60,0.123,-0.054,-67.5,0,10.0005,0.00
16:36:24,22.26360401404166,84.90942946983292,-61.651,-9.038,2.60,0.123,-0.054,-67.9,0,10.0005,0.00
16:36:24,22.26360398962797,84.90942952998019,-61.645,-9.040,2.60,0.123,-0.054,-68.6,0,10.0005,0.00
16:36:24,22.26360396521613,84.90942959012291,-61.639,-9.043,2.60,0.123,-0.054,-68.6,0,0.0000,0.00
16:36:24,22.263603940792038,84.90942965029582,-61.632,-9.046,2.51,0.123,-0.054,-69.0,0,10.0005,0.00
16:36:24,22.26360391633385,84.90942971055273,-61.626,-9.048,2.51,0.123,-0.054,-69.4,0,10.0005,0.00
16:36:24,22.263603891933453,84.90942977066726,-61.620,-9.051,2.51,0.123,-0.054,-70.2,0,10.0005,0.00
16:36:24,22.263603867504273,84.9094298308527,-61.614,-9.054,2.51,0.123,-0.054,-70.2,0,0.0000,0.00
16:36:24,22.26360384308284,84.90942989101906,-61.608,-9.057,2.44,0.123,-0.054,-70.7,0,0.0000,0.00
16:36:24,22.263603818692037,84.90942995110996,-61.601,-9.059,2.44,0.123,-0.054,-71.5,0,0.0000,0.00
16:36:25,22.26360379425523,84.90943001131419,-61.595,-9.062,2.44,0.123,-0.054,-71.9,0,10.0005,0.00
16:36:25,22.263603769867544,84.9094300713974,-61.589,-9.065,2.44,0.123,-0.054,-71.9,0,10.0005,0.00
16:36:25,22.263603745489107,84.90943013145782,-61.583,-9.068,2.44,0.123,-0.054,-72.4,0,10.0005,0.00
16:36:25,22.263603721072297,84.90943019161278,-61.577,-9.070,2.44,0.123,-0.054,-73.2,0,10.0005,0.00
16:36:25,22.263603696690275,84.90943025168205,-61.570,-9.073,2.44,0.123,-0.054,-73.2,0,10.0005,0.00
16:36:25,22.263603672283633,84.90943031181196,-61.564,-9.076,2.44,0.123,-0.054,-73.6,0,0.0000,0.00
16:36:25,22.263603647850065,84.90943037200822,-61.558,-9.078,2.44,0.123,-0.054,-74.4,0,0.0000,0.00
16:36:25,22.26360362346631,84.90943043208175,-61.552,-9.081,2.38,0.123,-0.054,-74.8,0,0.0000,0.00
16:36:25,22.263603599006505,84.90943049234264,-61.546,-9.084,2.38,0.123,-0.054,-74.8,0,0.0000,0.00
16:36:25,22.263603574637195,84.90943055238057,-61.539,-9.087,2.38,0.123,-0.054,-75.2,0,0.0000,0.00
16:36:25,22.263603550257834,84.90943061244329,-61.533,-9.089,2.38,0.123,-0.054,-76.0,0,0.0000,0.00
16:36:25,22.263603525804616,84.90943067268795,-61.527,-9.092,2.28,0.123,-0.054,-76.4,0,0.0000,0.00
16:36:25,22.2636035013989,84.90943073281558,-61.521,-9.095,2.28,0.123,-0.054,-76.4,0,0.0000,0.00
16:36:25,22.263603477058254,84.9094307927829,-61.515,-9.097,2.28,0.123,-0.054,-76.7,0,0.0000,0.00
16:36:25,22.26360345264306,84.90943085293388,-61.508,-9.100,2.28,0.123,-0.054,-77.4,0,0.0000,0.00
16:36:25,22.263603428208913,84.90943091313156,-61.502,-9.103,2.28,0.123,-0.054,-77.7,0,10.0005,0.00
16:36:25,22.263603403805973,84.90943097325236,-61.496,-9.106,2.28,0.123,-0.054,-77.7,0,0.0000,0.00
16:36:25,22.263603379343742,84.90943103351923,-61.490,-9.108,2.28,0.123,-0.054,-78.0,0,0.0000,0.00
16:36:25,22.26360335495513,84.90943109360471,-61.484,-9.111,2.28,0.123,-0.054,-78.6,0,0.0000,0.00
16:36:25,22.263603330552883,84.9094311537238,-61.477,-9.114,2.28,0.123,-0.054,-78.9,0,0.0000,0.00
16:36:26,22.26360330614555,84.90943121385543,-61.471,-9.116,2.20,0.123,-0.054,-78.9,0,0.0000,0.00
16:36:26,22.263603281752317,84.9094312739523,-61.465,-9.119,2.20,0.123,-0.054,-79.7,0,0.0000,0.00
16:36:26,22.26360325735793,84.90943133405203,-61.459,-9.122,2.20,0.123,-0.054,-80.0,0,0.0000,0.00
16:36:26,22.263603232905634,84.90943139429442,-61.453,-9.125,2.20,0.123,-0.054,-80.4,0,0.0000,0.00
16:36:26,22.26360320850177,84.90943145441749,-61.446,-9.127,2.12,0.123,-0.054,-80.4,0,10.0005,0.00
16:36:26,22.263603184107613,84.90943151451664,-61.440,-9.130,2.12,0.123,-0.054,-81.0,0,0.0000,0.00
16:36:26,22.263603159639253,84.9094315747986,-61.434,-9.133,2.12,0.123,-0.054,-81.3,0,0.0000,0.00
16:36:26,22.26360313524787,84.90943163489094,-61.428,-9.135,2.12,0.123,-0.054,-81.3,0,0.0000,0.00
16:36:26,22.26360311085741,84.90943169498098,-61.422,-9.138,2.12,0.123,-0.054,-81.7,0,0.0000,0.00
16:36:26,22.263603086460133,84.90943175508782,-61.416,-9.141,2.12,0.123,-0.054,-82.4,0,0.0000,0.00
16:36:26,22.263603062094177,84.9094318151175,-61.409,-9.144,2.12,0.123,-0.054,-82.7,0,0.0000,0.00
16:36:26,22.263603037688117,84.90943187524599,-61.403,-9.146,2.12,0.123,-0.054,-82.7,0,0.0000,0.00
16:36:26,22.263603013299623,84.90943193533118,-61.397,-9.149,2.12,0.123,-0.054,-83.0,0,10.0005,0.00
16:36:26,22.263602988908353,84.90943199542323,-61.391,-9.152,2.03,0.123,-0.054,-83.6,0,0.0000,0.00
16:36:26,22.263602964493625,84.90943205557306,-61.385,-9.154,2.03,0.123,-0.054,-84.0,0,0.0000,0.00
16:36:26,22.263602940111834,84.90943211564176,-61.378,-9.157,2.03,0.123,-0.054,-84.0,0,0.0000,0.00
16:36:26,22.263602915715133,84.90943217574718,-61.372,-9.160,2.03,0.123,-0.054,-84.5,0,0.0000,0.00
16:36:26,22.263602891289654,84.9094322359235,-61.366,-9.163,2.03,0.123,-0.054,-84.8,0,0.0000,0.00
16:36:26,22.26360286685805,84.90943229611491,-61.360,-9.165,2.03,0.123,-0.054,-84.8,0,0.0000,0.00
16:36:27,22.26360284251521,84.90943235608765,-61.354,-9.168,2.03,0.123,-0.054,-85.0,0,0.0000,0.00
16:36:27,22.263602818075054,84.90943241630013,-61.347,-9.171,2.03,0.123,-0.054,-85.7,0,0.0000,0.00
16:36:27,22.263602793647145,84.90943247648244,-61.341,-9.173,2.03,0.123,-0.054,-86.0,0,0.0000,0.00
16:36:27,22.26360276924097,84.9094325366112,-61.335,-9.176,1.96,0.123,-0.054,-86.0,0,0.0000,0.00
16:36:27,22.263602744802313,84.90943259681998,-61.329,-9.179,1.96,0.123,-0.054,-86.7,0,0.0000,0.00
16:36:27,22.263602695967883,84.90943271713192,-61.316,-9.184,1.96,0.123,-0.054,-87.4,0,0.0000,0.00
16:36:27,22.26360267152657,84.90943277734725,-61.310,-9.187,1.88,0.123,-0.054,-87.4,0,0.0000,0.00
16:36:27,22.26360264713484,84.90943283744043,-61.304,-9.190,1.88,0.123,-0.054,-87.7,0,0.0000,0.00
16:36:27,22.26360262269734,84.90943289764637,-61.298,-9.193,1.88,0.123,-0.054,-88.3,0,0.0000,0.00
16:36:27,22.263602598294167,84.90943295776773,-61.292,-9.195,1.88,0.123,-0.054,-88.3,0,0.0000,0.00
16:36:27,22.26360257391284,84.90943301783528,-61.285,-9.198,1.88,0.123,-0.054,-88.6,0,0.0000,0.00
16:36:27,22.26360254948447,84.90943307801872,-61.279,-9.201,1.88,0.123,-0.054,-89.3,0,0.0000,0.00
16:36:27,22.263602525034837,84.90943313825456,-61.273,-9.203,1.88,0.123,-0.054,-89.6,0,0.0000,0.00
16:36:27,22.26360250062161,84.9094331984007,-61.267,-9.206,1.88,0.123,-0.054,-89.6,0,0.0000,0.00
16:36:27,22.263602476251144,84.90943325844148,-61.261,-9.209,1.78,0.123,-0.054,-90.2,0,0.0000,0.00
16:36:27,22.263602451819423,84.90943331863318,-61.254,-9.212,1.78,0.123,-0.054,-90.5,0,0.0000,0.00
16:36:27,22.26360242741995,84.90943337874543,-61.248,-9.214,1.78,0.123,-0.054,-90.8,0,0.0000,0.00
16:36:27,22.26360240295922,84.90943343900861,-61.242,-9.217,1.78,0.123,-0.054,-91.2,0,0.0000,0.00
16:36:27,22.263602378562865,84.90943349911318,-61.236,-9.220,1.78,0.123,-0.054,-91.2,0,0.0000,0.00
16:36:27,22.26360235419009,84.90943355915965,-61.230,-9.222,1.69,0.123,-0.054,-91.8,0,0.0000,0.00
16:36:28,22.26360232971757,84.90943361945187,-61.223,-9.225,1.69,0.123,-0.054,-92.2,0,0.0000,0.00
16:36:28,22.26360230528539,84.9094336796447,-61.217,-9.228,1.69,0.123,-0.054,-92.8,0,0.0000,0.00
16:36:28,22.263602280850662,84.9094337398438,-61.211,-9.231,1.69,0.123,-0.054,-92.8,0,0.0000,0.00
16:36:28,22.263602256488408,84.90943379986437,-61.205,-9.233,1.69,0.123,-0.054,-93.1,0,0.0000,0.00
16:36:28,22.26360223208558,84.90943385998489,-61.199,-9.236,1.69,0.123,-0.054,-93.4,0,0.0000,0.00
16:36:28,22.263602207692117,84.90943392008234,-61.192,-9.239,1.69,0.123,-0.054,-94.1,0,0.0000,0.00
16:36:28,22.263602183292875,84.90943398019402,-61.186,-9.241,1.69,0.123,-0.054,-94.1,0,0.0000,0.00
16:36:28,22.26360215893813,84.90943404019607,-61.180,-9.244,1.63,0.123,-0.054,-94.1,0,0.0000,0.00
16:36:28,22.263602134494274,84.90943410041768,-61.174,-9.247,1.63,0.123,-0.054,-94.6,0,0.0000,0.00
16:36:28,22.263602110054,84.90943416063045,-61.168,-9.250,1.63,0.123,-0.054,-95.0,0,0.0000,0.00
16:36:28,22.263602085626903,84.90943422081077,-61.161,-9.252,1.63,0.123,-0.054,-95.0,0,0.0000,0.00
16:36:28,22.263602061249273,84.90943428086919,-61.155,-9.255,1.54,0.123,-0.054,-94.9,0,0.0000,0.00
16:36:28,22.263602036800332,84.90943434110332,-61.149,-9.258,1.54,0.123,-0.054,-94.2,0,0.0000,0.00
16:36:28,22.26360201237254,84.90943440128534,-61.143,-9.260,1.54,0.123,-0.054,-91.3,0,0.0000,0.00
16:36:28,22.26360198801063,84.90943446130505,-61.137,-9.263,1.54,0.123,-0.054,-91.3,0,0.0000,0.00
16:36:28,22.26360196366178,84.9094345212926,-61.131,-9.266,1.54,0.123,-0.054,-89.3,0,0.0000,0.00
16:36:28,22.263612487453692,84.90939606490157,-65.092,-8.094,1.54,-0.511,0.134,-87.1,0,0.0055,0.00
16:36:28,22.26361254809318,84.90939581439251,-65.118,-8.088,1.54,-0.511,0.134,-82.3,0,0.0000,0.00
16:36:28,22.263612608575826,84.90939556453142,-65.144,-8.081,1.54,-0.511,0.134,-82.3,0,0.0000,0.00
16:36:28,22.26361266900151,84.90939531490562,-65.170,-8.074,1.54,-0.511,0.134,-79.8,0,0.0000,0.00
16:36:29,22.26361272950219,84.90939506497004,-65.195,-8.067,1.48,-0.511,0.134,-77.2,0,10.0005,0.00
16:36:29,22.263612790029768,84.90939481492332,-65.221,-8.061,1.48,-0.511,0.134,-71.7,0,10.0005,0.00
16:36:29,22.263612850496955,84.90939456512606,-65.247,-8.054,1.48,-0.511,0.134,-71.7,0,10.0005,0.00
16:36:29,22.263612910878276,84.90939431568356,-65.273,-8.047,1.48,-0.511,0.134,-69.0,0,10.0005,0.00
16:36:29,22.263612971247863,84.90939406628952,-65.298,-8.041,1.45,-0.511,0.134,-66.2,0,0.0000,0.00
16:36:29,22.26361303197608,84.9093938154139,-65.324,-8.034,1.45,-0.511,0.134,-60.5,0,0.0000,0.00
16:36:29,22.26361309260298,84.90939356495689,-65.350,-8.027,1.45,-0.511,0.134,-60.5,0,10.0005,0.00
16:36:29,22.263613153101367,84.90939331503075,-65.376,-8.020,1.45,-0.511,0.134,-57.7,0,10.0005,0.00
16:36:29,22.263613213666442,84.90939306482913,-65.401,-8.014,1.45,-0.511,0.134,-54.8,0,10.0005,0.00
16:36:29,22.263613274130194,84.90939281504608,-65.427,-8.007,1.45,-0.511,0.134,-49.5,0,10.0005,0.00
16:36:29,22.263613334722177,84.9093925647333,-65.453,-8.000,1.45,-0.511,0.134,-49.5,0,10.0005,0.00
16:36:29,22.2636133951782,84.90939231498217,-65.479,-7.993,1.45,-0.511,0.134,-47.5,0,0.0000,0.00
16:36:29,22.263613455925885,84.90939206402616,-65.505,-7.987,1.41,-0.511,0.134,-45.7,0,0.0000,0.00
16:36:29,22.26361351649525,84.9093918138068,-65.530,-7.980,1.41,-0.511,0.134,-42.2,0,0.0000,0.00
16:36:29,22.263613576946124,84.90939156407696,-65.556,-7.973,1.41,-0.511,0.134,-42.2,0,0.0000,0.00
16:36:29,22.263613637279075,84.90939131483427,-65.582,-7.966,1.41,-0.511,0.134,-40.7,0,10.0005,0.00
16:36:29,22.263613697900823,84.90939106439852,-65.608,-7.960,1.41,-0.511,0.134,-39.4,0,10.0005,0.00
16:36:29,22.263613758436417,84.90939081431868,-65.633,-7.953,1.40,-0.511,0.134,-37.5,0,10.0005,0.00
16:36:29,22.26361381884092,84.9093905647804,-65.659,-7.946,1.40,-0.511,0.134,-37.5,0,10.0005,0.00
16:36:30,22.263613879263744,84.90939031516642,-65.685,-7.939,1.40,-0.511,0.134,-36.7,0,10.0005,0.00
16:36:30,22.263613939760987,84.90939006524503,-65.710,-7.933,1.40,-0.511,0.134,-36.1,0,10.0005,0.00
16:36:30,22.26361400027683,84.90938981524678,-65.736,-7.926,1.40,-0.511,0.134,-36.1,0,0.0000,0.00
16:36:30,22.26361406078781,84.90938956526863,-65.762,-7.919,1.40,-0.511,0.134,-35.1,0,0.0000,0.00
16:36:30,22.263614121380076,84.90938931495467,-65.788,-7.912,1.40,-0.511,0.134,-34.9,0,0.0000,0.00
16:36:30,22.2636141819586,84.90938906469746,-65.814,-7.906,1.40,-0.511,0.134,-34.8,0,0.0000,0.00
16:36:30,22.26361712017008,84.90939249711313,-65.460,-7.579,1.37,-0.293,0.317,-34.8,0,0.0319,0.00
16:36:30,22.263617264345374,84.9093923531048,-65.475,-7.563,1.37,-0.293,0.317,-35.0,0,0.0000,0.00
16:36:30,22.263617407901464,84.90939220971498,-65.490,-7.547,1.37,-0.293,0.317,-35.2,0,0.0000,0.00
16:36:30,22.263617551537756,84.90939206624505,-65.504,-7.531,1.37,-0.293,0.317,-35.9,0,0.0000,0.00
16:36:30,22.263617695332417,84.90939192261692,-65.519,-7.515,1.37,-0.293,0.317,-35.9,0,0.0000,0.00
16:36:30,22.263619405182585,84.90939234337542,-65.476,-7.324,1.37,-0.238,0.483,-36.3,0,0.0124,0.00
16:36:30,22.263619625493007,84.90939222609285,-65.488,-7.300,1.37,-0.238,0.483,-36.8,0,0.0000,0.00
16:36:30,22.263619844461154,84.90939210952483,-65.500,-7.275,1.37,-0.238,0.483,-37.9,0,0.0000,0.00
16:36:30,22.263620063154015,84.90939199310337,-65.512,-7.251,1.37,-0.238,0.483,-37.9,0,0.0000,0.00
16:36:30,22.26362028184998,84.90939187668025,-65.524,-7.227,1.31,-0.238,0.483,-38.5,0,0.0000,0.00
16:36:30,22.263620500779837,84.90939176013262,-65.536,-7.202,1.31,-0.238,0.483,-39.8,0,0.0000,0.00
16:36:30,22.263620719362997,84.90939164376955,-65.548,-7.178,1.31,-0.238,0.483,-39.8,0,0.0000,0.00
16:36:30,22.263620938798926,84.90939152695252,-65.560,-7.154,1.31,-0.238,0.483,-40.5,0,0.0000,0.00
16:36:30,22.263621157298257,84.90939141063409,-65.572,-7.129,1.26,-0.238,0.483,-41.2,0,0.0000,0.00
16:36:31,22.263621376264336,84.90939129406716,-65.584,-7.105,1.26,-0.238,0.483,-42.7,0,0.0000,0.00
16:36:31,22.263621595431186,84.90939117739337,-65.596,-7.080,1.26,-0.238,0.483,-42.7,0,0.0000,0.00
16:36:31,22.263621813752515,84.9093910611697,-65.608,-7.056,1.26,-0.238,0.483,-43.5,0,10.0005,0.00
16:36:31,22.26362203262752,84.90939094465126,-65.620,-7.032,1.26,-0.238,0.483,-44.3,0,0.0000,0.00
16:36:31,22.26362225154599,84.90939082810971,-65.632,-7.007,1.26,-0.238,0.483,-45.7,0,0.0000,0.00
16:36:31,22.26362247021298,84.90939071170202,-65.644,-6.983,1.26,-0.238,0.483,-45.7,0,0.0000,0.00
16:36:31,22.263622688542586,84.90939059547392,-65.656,-6.959,1.26,-0.238,0.483,-46.3,0,0.0000,0.00
16:36:31,22.26362290691566,84.90939047922271,-65.668,-6.934,1.21,-0.238,0.483,-47.0,0,0.0000,0.00
16:36:31,22.26362312554229,84.9093903628365,-65.680,-6.910,1.21,-0.238,0.483,-48.3,0,0.0000,0.00
16:36:31,22.263623344020925,84.90939024652907,-65.692,-6.886,1.21,-0.238,0.483,-48.3,0,0.0000,0.00
16:36:31,22.263623562054548,84.90939013045856,-65.704,-6.862,1.21,-0.238,0.483,-48.9,0,0.0000,0.00
16:36:31,22.263623780588034,84.90939001412194,-65.716,-6.837,1.21,-0.238,0.483,-50.1,0,0.0000,0.00
16:36:31,22.26362399929435,84.90938989769332,-65.728,-6.813,1.12,-0.238,0.483,-50.1,0,0.0000,0.00
16:36:31,22.263624218087596,84.90938978121841,-65.740,-6.789,1.12,-0.238,0.483,-50.7,0,0.0000,0.00
16:36:31,22.26362443668007,84.90938966485038,-65.752,-6.764,1.12,-0.238,0.483,-51.9,0,0.0000,0.00
16:36:31,22.26362465547332,84.90938954837549,-65.764,-6.740,1.12,-0.238,0.483,-52.6,0,0.0000,0.00
16:36:31,22.26362487411754,84.9093894319799,-65.776,-6.715,1.12,-0.238,0.483,-52.6,0,0.0000,0.00
16:36:31,22.26362509282075,84.90938931555294,-65.788,-6.691,1.12,-0.238,0.483,-53.2,0,0.0000,0.00
16:36:31,22.263625311852024,84.90938919895132,-65.800,-6.667,1.12,-0.238,0.483,-54.4,0,0.0000,0.00
16:36:31,22.263625530519015,84.90938908254363,-65.812,-6.642,1.12,-0.238,0.483,-55.0,0,0.0000,0.00
16:36:32,22.263625749010068,84.9093889662296,-65.824,-6.618,1.05,-0.238,0.483,-55.0,0,0.0000,0.00
16:36:32,22.2636259676398,84.90938884984173,-65.836,-6.594,1.05,-0.238,0.483,-55.7,0,0.0000,0.00
16:36:32,22.263626186356465,84.9093887334076,-65.848,-6.569,1.05,-0.238,0.483,-57.0,0,0.0000,0.00
16:36:32,22.263626405131085,84.90938861694262,-65.860,-6.545,1.05,-0.238,0.483,-57.7,0,0.0000,0.00
16:36:32,22.263626624018507,84.90938850041758,-65.872,-6.521,1.00,-0.238,0.483,-57.7,0,0.0000,0.00
16:36:32,22.26362684271551,84.90938838399391,-65.884,-6.496,1.00,-0.238,0.483,-58.3,0,0.0000,0.00
16:36:32,22.263627061301776,84.90938826762918,-65.896,-6.472,1.00,-0.238,0.483,-59.7,0,0.0000,0.00
16:36:32,22.26362728013849,84.90938815113114,-65.908,-6.448,1.00,-0.238,0.483,-60.3,0,0.0000,0.00
16:36:32,22.26362749887378,84.9093880346871,-65.920,-6.423,1.00,-0.238,0.483,-60.3,0,10.0005,0.00
16:36:32,22.263627717354485,84.90938791837857,-65.932,-6.399,1.00,-0.238,0.483,-61.6,0,10.0005,0.00
16:36:32,22.263625727570716,84.90939136785755,-65.576,-6.620,1.00,0.088,0.265,-62.2,0,0.0134,0.00
16:36:32,22.263625847869733,84.90939141117587,-65.572,-6.607,1.00,0.088,0.265,-62.9,0,0.0134,0.00
16:36:32,22.263625967747892,84.90939145434267,-65.567,-6.594,1.00,0.088,0.265,-62.9,0,0.0000,0.00
16:36:32,22.26362608763796,84.90939149751374,-65.563,-6.580,0.92,0.088,0.265,-64.3,0,0.0000,0.00
16:36:32,22.26362620762502,84.90939154071972,-65.558,-6.567,0.92,0.088,0.265,-65.0,0,10.0005,0.00
16:36:32,22.26362632779415,84.9093915839913,-65.554,-6.554,0.92,0.088,0.265,-65.0,0,10.0005,0.00
16:36:32,22.26362644746925,84.90939162708496,-65.550,-6.540,0.92,0.088,0.265,-65.7,0,10.0005,0.00
16:36:32,22.26362656753628,84.90939167031975,-65.545,-6.527,0.85,0.088,0.265,-66.3,0,10.0005,0.00
16:36:32,22.26362668736169,84.90939171346753,-65.541,-6.514,0.85,0.088,0.265,-67.5,0,0.0000,0.00
16:36:32,22.26362680735045,84.90939175667414,-65.536,-6.500,0.85,0.088,0.265,-67.5,0,0.0000,0.00
16:36:33,22.26362692700173,84.90939179975923,-65.532,-6.487,0.85,0.088,0.265,-68.1,0,0.0000,0.00
16:36:33,22.263627046852662,84.90939184291621,-65.527,-6.474,0.85,0.088,0.265,-69.4,0,0.0000,0.00
16:36:33,22.26362716702236,84.90939188618798,-65.523,-6.460,0.85,0.088,0.265,-70.0,0,10.0005,0.00
16:36:33,22.2636272868818,84.909391929348,-65.518,-6.447,0.85,0.088,0.265,-70.0,0,10.0005,0.00
16:36:33,22.263627406567675,84.90939197244556,-65.514,-6.434,0.85,0.088,0.265,-71.3,0,10.0005,0.00
16:36:33,22.2636275264101,84.90939201559947,-65.510,-6.420,0.85,0.088,0.265,-71.9,0,10.0005,0.00
16:36:33,22.263627646161204,84.9093920587205,-65.505,-6.407,0.80,0.088,0.265,-72.5,0,10.0005,0.00
16:36:33,22.263627766134086,84.9093921019214,-65.501,-6.394,0.80,0.088,0.265,-72.5,0,10.0005,0.00
16:36:33,22.263627885701418,84.90939214497625,-65.496,-6.380,0.80,0.088,0.265,-73.7,0,0.0000,0.00
16:36:33,22.263628005491093,84.90939218811117,-65.492,-6.367,0.80,0.088,0.265,-74.2,0,0.0000,0.00
16:36:33,22.26362812531253,84.90939223125753,-65.487,-6.354,0.80,0.088,0.265,-74.8,0,0.0000,0.00
16:36:33,22.263628245241737,84.9093922744427,-65.483,-6.340,0.80,0.088,0.265,-74.8,0,0.0000,0.00
16:36:33,22.263628364814743,84.9093923174996,-65.478,-6.327,0.80,0.088,0.265,-76.1,0,0.0000,0.00
16:36:33,22.26362848478592,84.90939236069987,-65.474,-6.314,0.80,0.088,0.265,-76.7,0,0.0000,0.00
16:36:33,22.263628605075294,84.90939240401472,-65.469,-6.300,0.74,0.088,0.265,-77.4,0,0.0000,0.00
16:36:33,22.26362872499202,84.9093924471954,-65.465,-6.287,0.74,0.088,0.265,-77.4,0,0.0000,0.00
16:36:33,22.263628844621177,84.90939249027252,-65.461,-6.273,0.74,0.088,0.265,-78.6,0,0.0000,0.00
16:36:33,22.2636289645691,84.90939253346443,-65.456,-6.260,0.74,0.088,0.265,-79.2,0,0.0000,0.00
16:36:33,22.26362908450171,84.90939257665082,-65.452,-6.247,0.68,0.088,0.265,-79.8,0,0.0000,0.00
16:36:34,22.263629204356043,84.90939261980901,-65.447,-6.233,0.68,0.088,0.265,-79.8,0,0.0000,0.00
16:36:34,22.263629324150255,84.90939266294558,-65.443,-6.220,0.68,0.088,0.265,-81.0,0,0.0000,0.00
16:36:34,22.26362944422296,84.9093927061824,-65.438,-6.207,0.68,0.088,0.265,-81.5,0,0.0000,0.00
16:36:34,22.263629564206617,84.90939274938718,-65.434,-6.193,0.68,0.088,0.265,-82.1,0,0.0000,0.00
16:36:34,22.263629684210127,84.90939279259909,-65.429,-6.180,0.68,0.088,0.265,-82.1,0,0.0000,0.00
16:36:34,22.263629804013412,84.90939283573893,-65.425,-6.167,0.68,0.088,0.265,-83.4,0,0.0000,0.00
16:36:34,22.263629923813866,84.90939287887772,-65.421,-6.153,0.68,0.088,0.265,-84.0,0,0.0000,0.00
16:36:34,22.26363004369429,84.90939292204533,-65.416,-6.140,0.68,0.088,0.265,-84.6,0,0.0000,0.00
16:36:34,22.263630163689292,84.90939296525418,-65.412,-6.127,0.62,0.088,0.265,-84.6,0,0.0000,0.00
16:36:34,22.26363028352831,84.90939300840687,-65.407,-6.113,0.62,0.088,0.265,-85.8,0,0.0000,0.00
16:36:34,22.2636304032953,84.90939305153361,-65.403,-6.100,0.62,0.088,0.265,-86.3,0,10.0005,0.00
16:36:34,22.26363052325967,84.90939309473144,-65.398,-6.087,0.62,0.088,0.265,-86.9,0,10.0005,0.00
16:36:34,22.26363064330912,84.90939313795991,-65.394,-6.073,0.56,0.088,0.265,-86.9,0,10.0005,0.00
16:36:34,22.263630763444784,84.90939318121941,-65.389,-6.060,0.56,0.088,0.265,-88.1,0,0.0000,0.00
16:36:34,22.263630883199294,84.90939322434167,-65.385,-6.047,0.56,0.088,0.265,-88.7,0,0.0000,0.00
16:36:34,22.263631002908994,84.9093932674478,-65.381,-6.033,0.56,0.088,0.265,-89.3,0,10.0005,0.00
16:36:34,22.263631122849542,84.90939331063704,-65.376,-6.020,0.56,0.088,0.265,-89.3,0,10.0005,0.00
16:36:34,22.263631242580797,84.90939335375093,-65.372,-6.007,0.56,0.088,0.265,-90.5,0,0.0000,0.00
16:36:34,22.26363136238465,84.90939339689096,-65.367,-5.993,0.56,0.088,0.265,-91.1,0,0.0000,0.00
16:36:34,22.2636316020712,84.9093934831994,-65.358,-5.967,0.52,0.088,0.265,-92.3,0,0.0000,0.00
16:36:35,22.26363172190455,84.90939352635004,-65.354,-5.953,0.52,0.088,0.265,-92.9,0,10.0005,0.00
16:36:35,22.263631841704434,84.90939356948864,-65.349,-5.940,0.52,0.088,0.265,-93.5,0,10.0005,0.00
16:36:35,22.263631961520765,84.90939361263317,-65.345,-5.927,0.52,0.088,0.265,-94.6,0,10.0005,0.00
16:36:35,22.26363208114028,84.90939365570681,-65.341,-5.913,0.46,0.088,0.265,-94.6,0,10.0005,0.00
16:36:35,22.263632200949242,84.90939369884867,-65.336,-5.900,0.46,0.088,0.265,-95.2,0,10.0005,0.00
16:36:35,22.263632320968064,84.90939374206611,-65.332,-5.886,0.46,0.088,0.265,-95.7,0,0.0000,0.00
16:36:35,22.26363244071463,84.90939378518551,-65.327,-5.873,0.46,0.088,0.265,-96.3,0,0.0000,0.00
16:36:35,22.263632560270054,84.90939382823608,-65.323,-5.860,0.46,0.088,0.265,-96.3,0,0.0000,0.00
16:36:35,22.263632679801653,84.90939387127807,-65.318,-5.847,0.46,0.088,0.265,-97.5,0,0.0000,0.00
16:36:35,22.263632799848835,84.90939391450571,-65.314,-5.833,0.46,0.088,0.265,-98.0,0,10.0005,0.00
16:36:35,22.26363291997202,84.90939395776073,-65.309,-5.820,0.46,0.088,0.265,-98.0,0,0.0000,0.00
16:36:35,22.263633039996517,84.9093940009802,-65.305,-5.806,0.46,0.088,0.265,-99.2,0,0.0000,0.00
16:36:35,22.26363315972153,84.90939404409184,-65.301,-5.793,0.41,0.088,0.265,-99.7,0,0.0000,0.00
16:36:35,22.26363327948965,84.909394087219,-65.296,-5.780,0.41,0.088,0.265,-100.9,0,0.0000,0.00
16:36:35,22.26363339930031,84.90939413036148,-65.292,-5.766,0.41,0.088,0.265,-100.9,0,0.0000,0.00
16:36:35,22.263633519013982,84.90939417346902,-65.287,-5.753,0.41,0.088,0.265,-101.5,0,0.0000,0.00
16:36:35,22.263633638887036,84.90939421663397,-65.283,-5.740,0.41,0.088,0.265,-102.1,0,0.0000,0.00
16:36:35,22.263633758588792,84.90939425973724,-65.278,-5.726,0.41,0.088,0.265,-103.3,0,0.0000,0.00
16:36:35,22.26363387824007,84.90939430282232,-65.274,-5.713,0.41,0.088,0.265,-103.3,0,0.0000,0.00
16:36:35,22.263633997716656,84.9093943458445,-65.269,-5.700,0.41,0.088,0.265,-103.9,0,0.0000,0.00
16:36:36,22.2636341175103,84.90939438898086,-65.265,-5.687,0.41,0.088,0.265,-105.1,0,0.0000,0.00
16:36:36,22.263634237407743,84.90939443215458,-65.261,-5.673,0.35,0.088,0.265,-105.1,0,0.0000,0.00
16:36:36,22.26363435704881,84.90939447523598,-65.256,-5.660,0.35,0.088,0.265,-105.7,0,0.0000,0.00
16:36:36,22.263634476874785,84.90939451838398,-65.252,-5.646,0.35,0.088,0.265,-106.3,0,0.0000,0.00
16:36:36,22.26363459668261,84.90939456152543,-65.247,-5.633,0.35,0.088,0.265,-107.4,0,0.0000,0.00
16:36:36,22.26363471672809,84.90939460475246,-65.243,-5.620,0.30,0.088,0.265,-107.4,0,0.0000,0.00
16:36:36,22.263634836699836,84.90939464795295,-65.238,-5.606,0.30,0.088,0.265,-108.0,0,0.0000,0.00
16:36:36,22.263634956634146,84.90939469113995,-65.234,-5.593,0.30,0.088,0.265,-109.1,0,0.0000,0.00
16:36:36,22.26363507626444,84.90939473421749,-65.229,-5.580,0.30,0.088,0.265,-109.6,0,0.0000,0.00
16:36:36,22.26363519610516,84.90939477737079,-65.225,-5.566,0.30,0.088,0.265,-109.6,0,0.0000,0.00
16:36:36,22.26363531598559,84.90939482053838,-65.221,-5.553,0.30,0.088,0.265,-110.2,0,0.0000,0.00
16:36:36,22.263635435711734,84.90939486365043,-65.216,-5.540,0.30,0.088,0.265,-111.3,0,0.0000,0.00
16:36:36,22.26363555536188,84.9093949067351,-65.212,-5.526,0.30,0.088,0.265,-111.3,0,0.0000,0.00
16:36:37,22.263635674874195,84.90939494977016,-65.207,-5.513,0.25,0.088,0.265,-111.9,0,0.0000,0.00
16:36:37,22.26363579474271,84.90939499293347,-65.203,-5.500,0.25,0.088,0.265,-112.5,0,0.0000,0.00
16:36:37,22.263630040006422,84.90938055730071,-66.690,-6.140,0.25,-0.563,-0.021,-112.5,0,0.0064,0.00
16:36:37,22.263630030574863,84.90938028101478,-66.718,-6.141,0.25,-0.563,-0.021,-113.7,0,0.0000,0.00
16:36:37,22.263630021183296,84.90938000590056,-66.747,-6.143,0.25,-0.563,-0.021,-114.3,0,0.0000,0.00
16:36:37,22.263630011783412,84.90937973054262,-66.775,-6.144,0.19,-0.563,-0.021,-115.5,0,0.0000,0.00
16:36:37,22.263630002384243,84.90937945520554,-66.803,-6.145,0.19,-0.563,-0.021,-116.1,0,0.0000,0.00
16:36:37,22.26362985346051,84.90937914796635,-66.835,-6.161,0.19,-0.566,-0.033,-116.1,0,0.0056,0.00
16:36:37,22.26362983864221,84.90937887063313,-66.864,-6.163,0.19,-0.566,-0.033,-116.7,0,0.0000,0.00
16:36:37,22.263629823826772,84.90937859335361,-66.892,-6.164,0.19,-0.566,-0.033,-117.9,0,0.0000,0.00
16:36:38,22.2636298090254,84.90937831633721,-66.921,-6.166,0.19,-0.566,-0.033,-118.6,0,0.0000,0.00
16:36:38,22.263629794264524,84.90937804007882,-66.949,-6.168,0.19,-0.566,-0.033,-118.6,0,0.0000,0.00
16:36:38,22.263629779470843,84.90937776320644,-66.978,-6.169,0.19,-0.566,-0.033,-119.2,0,0.0000,0.00
16:36:38,22.26362976469962,84.9093774867543,-67.006,-6.171,0.16,-0.566,-0.033,-119.8,0,0.0000,0.00
16:36:38,22.263629749897962,84.90937720973265,-67.035,-6.173,0.16,-0.566,-0.033,-121.1,0,0.0000,0.00
16:36:38,22.263629735133662,84.90937693341012,-67.063,-6.174,0.16,-0.566,-0.033,-121.1,0,0.0000,0.00
16:36:38,22.26362972037062,84.90937665711114,-67.092,-6.176,0.16,-0.566,-0.033,-121.7,0,0.0000,0.00
16:36:38,22.263629705614083,84.90937638093392,-67.120,-6.178,0.13,-0.566,-0.033,-122.8,0,0.0000,0.00
16:36:38,22.26362969084055,84.90937610443856,-67.149,-6.179,0.13,-0.566,-0.033,-123.4,0,0.0000,0.00
16:36:38,22.263629676077993,84.90937582814875,-67.177,-6.181,0.13,-0.566,-0.033,-123.4,0,0.0000,0.00
16:36:38,22.263629661307817,84.90937555171625,-67.206,-6.183,0.13,-0.566,-0.033,-124.0,0,0.0000,0.00
16:36:38,22.26362964651008,84.90937527476794,-67.234,-6.184,0.13,-0.566,-0.033,-125.2,0,0.0000,0.00
16:36:38,22.263629631739274,84.90937499832364,-67.263,-6.186,0.13,-0.566,-0.033,-126.0,0,0.0000,0.00
16:36:38,22.263629616955036,84.90937472162798,-67.291,-6.188,0.13,-0.566,-0.033,-126.0,0,0.0000,0.00
16:36:38,22.263629602176046,84.90937444503052,-67.320,-6.189,0.13,-0.566,-0.033,-126.8,0,0.0000,0.00
16:36:38,22.26362958740293,84.90937416854304,-67.348,-6.191,0.13,-0.566,-0.033,-128.6,0,0.0000,0.00
16:36:38,22.26362958740293,84.90937416854304,-67.377,-6.192,0.12,-0.566,-0.033,-129.5,0,0.0000,0.00
16:36:38,22.26362958740293,84.90937416854304,-67.405,-6.194,0.12,-0.566,-0.033,-129.5,0,0.0000,0.00
16:36:38,22.26362958740293,84.90937416854304,-67.434,-6.196,0.12,-0.566,-0.033,-130.3,0,0.0000,0.00
16:36:38,22.26362958740293,84.90937416854304,-67.462,-6.197,0.12,-0.566,-0.033,-131.8,0,0.0000,0.00
16:36:38,22.26362958740293,84.90937416854304,-67.491,-6.199,0.12,-0.566,-0.033,-132.6,0,0.0000,0.00
16:36:38,22.26362958740293,84.90937416854304,-67.519,-6.201,0.12,-0.566,-0.033,-132.6,0,0.0000,0.00
16:36:38,22.26362958740293,84.90937416854304,-67.548,-6.202,0.12,-0.566,-0.033,-133.5,0,0.0000,0.00
16:36:38,22.26362958740293,84.90937416854304,-67.388,-6.217,0.12,-0.347,-0.048,-134.3,0,0.0033,0.00
16:36:38,22.26362958740293,84.90937416854304,-67.406,-6.219,0.12,-0.347,-0.048,-136.0,0,0.0000,0.00
16:36:38,22.26362958740293,84.90937416854304,-67.423,-6.222,0.12,-0.347,-0.048,-136.0,0,0.0000,0.00
16:36:38,22.26362958740293,84.90937416854304,-67.441,-6.224,0.12,-0.347,-0.048,-137.6,0,0.0000,0.00
16:36:38,22.26362958740293,84.90937416854304,-67.458,-6.227,0.12,-0.347,-0.048,-138.4,0,0.0000,0.00
16:36:38,22.26362958740293,84.90937416854304,-67.476,-6.229,0.11,-0.347,-0.048,-138.4,0,0.0000,0.00
16:36:38,22.26362958740293,84.90937416854304,-67.493,-6.231,0.11,-0.347,-0.048,-139.1,0,0.0000,0.00
16:36:38,22.26362958740293,84.90937416854304,-67.511,-6.234,0.11,-0.347,-0.048,-140.6,0,0.0000,0.00
16:36:38,22.26362958740293,84.90937416854304,-67.528,-6.236,0.11,-0.347,-0.048,-141.2,0,0.0000,0.00
16:36:38,22.26362958740293,84.90937416854304,-67.546,-6.239,0.11,-0.347,-0.048,-141.2,0,0.0000,0.00
16:36:38,22.26362958740293,84.90937416854304,-67.563,-6.241,0.11,-0.347,-0.048,-141.9,0,0.0000,0.00
16:36:38,22.26362958740293,84.90937416854304,-67.549,-6.242,0.11,-0.291,-0.046,-143.2,0,0.0027,0.00
16:36:38,22.26362958740293,84.90937416854304,-67.563,-6.245,0.11,-0.291,-0.046,-143.9,0,0.0000,0.00
16:36:39,22.26362958740293,84.90937416854304,-67.578,-6.247,0.11,-0.291,-0.046,-143.9,0,0.0000,0.00
16:36:39,22.26362958740293,84.90937416854304,-67.593,-6.249,0.11,-0.291,-0.046,-144.6,6,0.0000,0.00
16:36:39,22.26362958740293,84.90937416854304,-67.608,-6.252,0.11,-0.291,-0.046,-145.9,6,0.0000,0.00
16:36:39,22.26362958740293,84.90937416854304,-67.622,-6.254,0.11,-0.291,-0.046,-146.5,6,0.0000,0.00
16:36:39,22.26362958740293,84.90937416854304,-67.637,-6.256,0.11,-0.291,-0.046,-146.5,6,0.0000,0.00
16:36:39,22.26362958740293,84.90937416854304,-67.652,-6.259,0.12,-0.291,-0.046,-147.7,6,0.0000,0.00
16:36:39,22.26362958740293,84.90937416854304,-67.666,-6.261,0.12,-0.291,-0.046,-148.2,6,0.0000,0.00
16:36:39,22.26362958740293,84.90937416854304,-67.681,-6.263,0.12,-0.291,-0.046,-148.8,6,0.0000,0.00
16:36:39,22.26362958740293,84.90937416854304,-67.640,-6.224,0.12,-0.170,0.044,-148.8,6,0.0020,0.00
16:36:39,22.26362958740293,84.90937416854304,-67.648,-6.222,0.12,-0.170,0.044,-149.9,11,0.0000,0.00
16:36:39,22.26362958740293,84.90937416854304,-67.657,-6.220,0.12,-0.170,0.044,-150.5,11,0.0000,0.00
16:36:39,22.26362958740293,84.90937416854304,-67.665,-6.217,0.12,-0.170,0.044,-151.0,11,0.0000,0.00
16:36:39,22.26362958740293,84.90937416854304,-67.674,-6.215,0.12,-0.170,0.044,-151.0,11,0.0000,0.00
16:36:39,22.26362958740293,84.90937416854304,-67.690,-6.219,0.12,-0.191,0.026,-151.9,11,0.0022,0.00
16:36:39,22.26362958740293,84.90937416854304,-67.700,-6.218,0.12,-0.191,0.026,-152.4,11,0.0000,0.00
16:36:39,22.26362958740293,84.90937416854304,-67.709,-6.217,0.12,-0.191,0.026,-152.9,11,0.0000,0.00
16:36:39,22.26362958740293,84.90937416854304,-67.719,-6.215,0.12,-0.191,0.026,-152.9,11,0.0000,0.00
16:36:39,22.26362958740293,84.90937416854304,-67.728,-6.214,0.12,-0.191,0.026,-153.3,11,0.0000,0.00
16:36:39,22.26362958740293,84.90937416854304,-67.731,-6.204,0.11,-0.167,0.056,-154.3,14,0.0024,0.00
16:36:39,22.26362958740293,84.90937416854304,-67.739,-6.201,0.11,-0.167,0.056,-154.8,14,0.0000,0.00
16:36:40,22.26362958740293,84.90937416854304,-67.748,-6.198,0.11,-0.167,0.056,-154.8,14,0.0000,0.00
16:36:40,22.26362958740293,84.90937416854304,-67.756,-6.195,0.11,-0.167,0.056,-155.8,14,0.0000,0.00
16:36:40,22.26362958740293,84.90937416854304,-67.765,-6.193,0.11,-0.167,0.056,-156.3,14,0.0000,0.00
16:36:40,22.26362958740293,84.90937416854304,-67.763,-6.191,0.11,-0.131,0.050,-156.9,14,0.0025,0.00
16:36:40,22.26362958740293,84.90937416854304,-67.770,-6.189,0.11,-0.131,0.050,-156.9,14,0.0000,0.00
16:36:40,22.26362958740293,84.90937416854304,-67.776,-6.186,0.11,-0.131,0.050,-157.9,14,0.0000,0.00
16:36:40,22.26362958740293,84.90937416854304,-67.783,-6.184,0.12,-0.131,0.050,-158.5,14,0.0000,0.00
16:36:40,22.26362958740293,84.90937416854304,-67.789,-6.181,0.12,-0.131,0.050,-159.1,14,0.0000,0.00
16:36:40,22.26362958740293,84.90937416854304,-67.798,-6.178,0.12,-0.138,0.053,-159.1,14,0.0029,0.00
16:36:40,22.26362958740293,84.90937416854304,-67.805,-6.175,0.12,-0.138,0.053,-160.3,14,0.0000,0.00
16:36:40,22.26362958740293,84.90937416854304,-67.812,-6.172,0.11,-0.138,0.053,-160.9,14,0.0000,0.00
16:36:40,22.26362958740293,84.90937416854304,-67.819,-6.170,0.11,-0.138,0.053,-161.7,14,0.0000,0.00
16:36:40,22.26362958740293,84.90937416854304,-67.826,-6.167,0.11,-0.138,0.053,-164.2,14,0.0000,0.00
16:36:40,22.26362958740293,84.90937416854304,-67.836,-6.166,0.11,-0.150,0.048,-164.2,14,0.0029,0.00
16:36:40,22.26362958740293,84.90937416854304,-67.843,-6.163,0.11,-0.150,0.048,-165.5,14,0.0000,0.00
16:36:40,22.26362958740293,84.90937416854304,-67.851,-6.161,0.11,-0.150,0.048,-166.7,14,0.0000,0.00
16:36:40,22.26362958740293,84.90937416854304,-67.858,-6.158,0.11,-0.150,0.048,-167.8,14,0.0000,0.00
16:36:40,22.26362958740293,84.90937416854304,-67.866,-6.156,0.11,-0.150,0.048,-167.8,14,0.0000,0.00
16:36:40,22.26362958740293,84.90937416854304,-67.873,-6.153,0.14,-0.150,0.048,-169.8,16,10.0005,0.00
16:36:41,22.26362958740293,84.90937416854304,-67.881,-6.151,0.14,-0.150,0.048,-170.7,16,0.0000,0.00
16:36:41,22.26362958740293,84.90937416854304,-67.888,-6.149,0.14,-0.150,0.048,-172.0,16,0.0000,0.00
16:36:41,22.26362958740293,84.90937416854304,-67.896,-6.146,0.14,-0.150,0.048,-172.0,16,0.0000,0.00
16:36:41,22.26362958740293,84.90937416854304,-67.904,-6.144,0.14,-0.150,0.048,-172.1,16,0.0000,0.00
16:36:41,22.26362958740293,84.90937416854304,-67.911,-6.141,0.14,-0.150,0.048,-171.8,16,0.0000,0.00
16:36:41,22.26362958740293,84.90937416854304,-67.919,-6.139,0.14,-0.150,0.048,-170.3,16,0.0000,0.00
16:36:41,22.26362958740293,84.90937416854304,-67.926,-6.136,0.14,-0.150,0.048,-170.3,16,0.0000,0.00
16:36:41,22.26362958740293,84.90937416854304,-67.934,-6.134,0.14,-0.150,0.048,-169.5,16,0.0000,0.00
16:36:41,22.26362958740293,84.90937416854304,-67.941,-6.132,0.14,-0.150,0.048,-168.8,16,0.0000,0.00
16:36:41,22.26362958740293,84.90937416854304,-67.949,-6.129,0.14,-0.150,0.048,-167.5,16,0.0000,0.00
16:36:41,22.26362958740293,84.90937416854304,-67.956,-6.127,0.14,-0.150,0.048,-167.5,16,0.0000,0.00
16:36:41,22.26362958740293,84.90937416854304,-67.964,-6.124,0.14,-0.150,0.048,-167.0,16,0.0000,0.00
16:36:41,22.26362958740293,84.90937416854304,-67.971,-6.122,0.14,-0.150,0.048,-166.6,16,0.0000,0.00
16:36:41,22.26362958740293,84.90937416854304,-67.979,-6.119,0.14,-0.150,0.048,-166.0,16,0.0000,0.00
16:36:41,22.26362958740293,84.90937416854304,-67.986,-6.117,0.14,-0.150,0.048,-166.0,16,0.0000,0.00
16:36:41,22.26362958740293,84.90937416854304,-67.972,-6.350,0.14,-0.114,-0.339,-165.7,16,0.0049,0.00
16:36:41,22.26362958740293,84.90937416854304,-67.978,-6.367,0.14,-0.114,-0.339,-165.6,16,0.0000,0.00
16:36:41,22.26362958740293,84.90937416854304,-67.984,-6.384,0.14,-0.114,-0.339,-165.6,16,0.0000,0.00
16:36:41,22.26362958740293,84.90937416854304,-67.989,-6.402,0.14,-0.114,-0.339,-165.3,16,0.0000,0.00
16:36:41,22.26362958740293,84.90937416854304,-67.995,-6.419,0.14,-0.114,-0.339,-165.3,16,0.0000,0.00
16:36:42,22.26362958740293,84.90937416854304,-68.027,-6.465,0.15,-0.173,-0.405,-165.1,16,0.0052,0.00
16:36:42,22.26362958740293,84.90937416854304,-68.045,-6.506,0.15,-0.173,-0.405,-165.1,16,0.0000,0.00
16:36:42,22.26362958740293,84.90937416854304,-68.053,-6.527,0.15,-0.173,-0.405,-165.1,16,0.0000,0.00
16:36:42,22.26362958740293,84.90937416854304,-68.062,-6.547,0.15,-0.173,-0.405,-165.0,16,0.0000,0.00
16:36:42,22.26362958740293,84.90937416854304,-68.063,-6.589,0.15,-0.149,-0.467,-165.0,16,0.0057,0.00
16:36:42,22.26362958740293,84.90937416854304,-68.070,-6.612,0.15,-0.149,-0.467,-165.1,16,0.0000,0.00
16:36:42,22.26362958740293,84.90937416854304,-68.078,-6.636,0.15,-0.149,-0.467,-165.1,16,0.0000,0.00
16:36:42,22.26362958740293,84.90937416854304,-68.086,-6.659,0.15,-0.149,-0.467,-165.4,16,0.0000,0.00
16:36:42,22.26362958740293,84.90937416854304,-68.093,-6.683,0.15,-0.149,-0.467,-165.4,16,0.0000,0.00
16:36:42,22.26362958740293,84.90937416854304,-68.099,-6.720,0.15,-0.143,-0.513,-165.6,16,0.0059,0.00
16:36:42,22.26362958740293,84.90937416854304,-68.106,-6.746,0.15,-0.143,-0.513,-165.7,16,0.0000,0.00
16:36:42,22.26362958740293,84.90937416854304,-68.113,-6.772,0.15,-0.143,-0.513,-166.0,16,0.0000,0.00
16:36:42,22.26362958740293,84.90937416854304,-68.120,-6.798,0.16,-0.143,-0.513,-166.0,16,0.0000,0.00
16:36:42,22.26362958740293,84.90937416854304,-68.127,-6.823,0.16,-0.143,-0.513,-166.1,16,0.0000,0.00
16:36:42,22.26362958740293,84.90937416854304,-68.135,-6.849,0.16,-0.143,-0.513,-166.2,16,0.0000,0.00
16:36:42,22.26362958740293,84.90937416854304,-68.142,-6.875,0.16,-0.143,-0.513,-166.4,16,0.0000,0.00
16:36:42,22.26362958740293,84.90937416854304,-68.149,-6.901,0.16,-0.143,-0.513,-166.4,16,0.0000,0.00
16:36:42,22.26362958740293,84.90937416854304,-68.156,-6.927,0.16,-0.143,-0.513,-166.5,16,0.0000,0.00
16:36:42,22.26362958740293,84.90937416854304,-68.163,-6.953,0.16,-0.143,-0.513,-166.8,16,0.0000,0.00
16:36:43,22.26362958740293,84.90937416854304,-68.170,-6.979,0.16,-0.143,-0.513,-166.9,16,0.0000,0.00
16:36:43,22.26362958740293,84.90937416854304,-68.178,-7.005,0.16,-0.143,-0.513,-166.9,16,0.0000,0.00
16:36:43,22.26362958740293,84.90937416854304,-68.185,-7.030,0.16,-0.143,-0.513,-167.0,16,0.0000,0.00
16:36:43,22.26362958740293,84.90937416854304,-68.192,-7.056,0.16,-0.143,-0.513,-167.1,16,0.0000,0.00
16:36:43,22.26362958740293,84.90937416854304,-68.199,-7.082,0.16,-0.143,-0.513,-167.2,16,0.0000,0.00
16:36:43,22.26362958740293,84.90937416854304,-68.206,-7.108,0.16,-0.143,-0.513,-167.2,16,0.0000,0.00
16:36:43,22.26362958740293,84.90937416854304,-68.240,-7.148,0.16,-0.196,-0.542,-167.3,16,0.0062,0.00
16:36:43,22.26362958740293,84.90937416854304,-68.250,-7.175,0.16,-0.196,-0.542,-167.3,16,0.0000,0.00
16:36:43,22.26362958740293,84.90937416854304,-68.260,-7.203,0.16,-0.196,-0.542,-167.3,16,0.0000,0.00
16:36:43,22.26362958740293,84.90937416854304,-68.269,-7.230,0.16,-0.196,-0.542,-167.4,16,0.0000,0.00
16:36:43,22.26362958740293,84.90937416854304,-68.279,-7.257,0.16,-0.196,-0.542,-167.3,16,0.0000,0.00
16:36:43,22.26362958740293,84.90937416854304,-68.289,-7.285,0.16,-0.196,-0.542,-167.3,16,0.0000,0.00
16:36:43,22.26362958740293,84.90937416854304,-68.299,-7.312,0.16,-0.196,-0.542,-167.3,16,0.0000,0.00
16:36:43,22.26362958740293,84.90937416854304,-68.309,-7.339,0.16,-0.196,-0.542,-167.3,16,0.0000,0.00
16:36:43,22.26362958740293,84.90937416854304,-68.319,-7.367,0.18,-0.196,-0.542,-167.3,16,0.0000,0.00
16:36:43,22.26362958740293,84.90937416854304,-68.329,-7.394,0.18,-0.196,-0.542,-167.2,16,0.0000,0.00
16:36:43,22.26362958740293,84.90937416854304,-68.317,-7.433,0.18,-0.148,-0.568,-167.2,16,0.0065,0.00
16:36:43,22.26362958740293,84.90937416854304,-68.325,-7.462,0.18,-0.148,-0.568,-167.2,16,0.0000,0.00
16:36:43,22.26362958740293,84.90937416854304,-68.332,-7.491,0.17,-0.148,-0.568,-167.2,16,0.0000,0.00
16:36:43,22.26362958740293,84.90937416854304,-68.340,-7.519,0.17,-0.148,-0.568,-167.1,16,0.0000,0.00
16:36:43,22.26362958740293,84.90937416854304,-68.347,-7.548,0.17,-0.148,-0.568,-167.1,16,0.0000,0.00
16:36:44,22.26362958740293,84.90937416854304,-68.351,-7.580,0.17,-0.139,-0.578,-167.1,16,0.0069,0.00
16:36:44,22.26362958740293,84.90937416854304,-68.358,-7.609,0.17,-0.139,-0.578,-167.1,16,0.0000,0.00
16:36:44,22.26362958740293,84.90937416854304,-68.365,-7.638,0.17,-0.139,-0.578,-167.1,16,0.0000,0.00
16:36:44,22.26362958740293,84.90937416854304,-68.372,-7.668,0.17,-0.139,-0.578,-167.1,16,0.0000,0.00
16:36:44,22.26362958740293,84.90937416854304,-68.379,-7.697,0.17,-0.139,-0.578,-167.1,16,0.0000,0.00
16:36:44,22.26362958740293,84.90937416854304,-68.386,-7.726,0.17,-0.139,-0.578,-167.1,16,0.0000,0.00
16:36:44,22.26362958740293,84.90937416854304,-68.393,-7.755,0.18,-0.139,-0.578,-167.3,16,0.0000,0.00
16:36:44,22.26362958740293,84.90937416854304,-68.400,-7.784,0.18,-0.139,-0.578,-167.3,16,0.0000,0.00
16:36:44,22.26362958740293,84.90937416854304,-68.407,-7.813,0.18,-0.139,-0.578,-167.5,16,0.0000,0.00
16:36:44,22.26362958740293,84.90937416854304,-68.414,-7.842,0.18,-0.139,-0.578,-168.0,16,0.0000,0.00
16:36:44,22.26362958740293,84.90937416854304,-68.421,-7.871,0.19,-0.139,-0.578,-168.4,16,0.0000,0.00
16:36:44,22.26362958740293,84.90937416854304,-68.428,-7.900,0.19,-0.139,-0.578,-168.4,16,0.0000,0.00
16:36:44,22.26362958740293,84.90937416854304,-68.435,-7.930,0.19,-0.139,-0.578,-168.8,16,0.0000,0.00
16:36:44,22.26362958740293,84.90937416854304,-68.442,-7.959,0.19,-0.139,-0.578,-169.7,16,0.0000,0.00
16:36:44,22.26362958740293,84.90937416854304,-68.449,-7.988,0.19,-0.139,-0.578,-170.1,16,0.0000,0.00
16:36:44,22.26362958740293,84.90937416854304,-68.456,-8.017,0.19,-0.139,-0.578,-170.6,16,0.0000,0.00
16:36:44,22.26362958740293,84.90937416854304,-68.463,-8.046,0.19,-0.139,-0.578,-170.6,16,0.0000,0.00
16:36:44,22.26362958740293,84.90937416854304,-68.470,-8.075,0.19,-0.139,-0.578,-171.4,16,0.0000,0.00
16:36:44,22.26362958740293,84.90937416854304,-68.477,-8.104,0.20,-0.139,-0.578,-171.8,16,0.0000,0.00
16:36:45,22.26362958740293,84.90937416854304,-68.484,-8.134,0.20,-0.139,-0.578,-172.2,16,0.0000,0.00
16:36:45,22.26362958740293,84.90937416854304,-68.491,-8.163,0.20,-0.139,-0.578,-172.2,16,0.0000,0.00
16:36:45,22.26362958740293,84.90937416854304,-68.448,-8.054,0.20,-0.059,-0.359,-172.9,16,0.0034,0.00
16:36:45,22.26362958740293,84.90937416854304,-68.451,-8.072,0.20,-0.059,-0.359,-173.2,16,0.0000,0.00
16:36:45,22.26362958740293,84.90937416854304,-68.454,-8.090,0.19,-0.059,-0.359,-173.5,16,0.0000,0.00
16:36:45,22.26362958740293,84.90937416854304,-68.457,-8.108,0.19,-0.059,-0.359,-173.5,16,0.0000,0.00
16:36:45,22.26362958740293,84.90937416854304,-68.460,-8.126,0.19,-0.059,-0.359,-174.1,16,0.0000,0.00
16:36:45,22.26362958740293,84.90937416854304,-68.453,-8.119,0.19,-0.038,-0.302,-174.4,16,0.0036,0.00
16:36:45,22.26362958740293,84.90937416854304,-68.455,-8.134,0.19,-0.038,-0.302,-174.6,15,0.0000,0.00
16:36:45,22.26362958740293,84.90937416854304,-68.457,-8.150,0.19,-0.038,-0.302,-174.6,15,0.0000,0.00
16:36:45,22.26362958740293,84.90937416854304,-68.459,-8.165,0.19,-0.038,-0.302,-175.0,15,0.0000,0.00
16:36:45,22.26362958740293,84.90937416854304,-68.461,-8.180,0.19,-0.038,-0.302,-175.2,15,0.0000,0.00
16:36:45,22.26362958740293,84.90937416854304,-68.459,-8.181,0.19,-0.026,-0.260,-175.4,15,0.0028,0.00
16:36:45,22.26362958740293,84.90937416854304,-68.460,-8.194,0.19,-0.026,-0.260,-175.4,15,0.0000,0.00
16:36:45,22.26362958740293,84.90937416854304,-68.461,-8.207,0.19,-0.026,-0.260,-175.6,15,0.0000,0.00
16:36:45,22.26362958740293,84.90937416854304,-68.463,-8.220,0.19,-0.026,-0.260,-175.7,15,0.0000,0.00
16:36:45,22.26362958740293,84.90937416854304,-68.464,-8.233,0.19,-0.026,-0.260,-175.7,15,0.0000,0.00
16:36:45,22.26362958740293,84.90937416854304,-68.464,-8.236,0.19,-0.020,-0.225,-175.7,15,0.0028,0.00
16:36:45,22.26362958740293,84.90937416854304,-68.465,-8.248,0.19,-0.020,-0.225,-175.9,15,0.0000,0.00
16:36:45,22.26362958740293,84.90937416854304,-68.466,-8.259,0.19,-0.020,-0.225,-175.9,15,0.0000,0.00
16:36:46,22.26362958740293,84.90937416854304,-68.466,-8.270,0.19,-0.020,-0.225,-175.9,15,0.0000,0.00
16:36:46,22.26362958740293,84.90937416854304,-68.467,-8.282,0.18,-0.020,-0.225,-176.1,15,0.0000,0.00
16:36:46,22.26362958740293,84.90937416854304,-68.468,-8.293,0.18,-0.020,-0.225,-176.1,15,0.0000,0.00
16:36:46,22.26362958740293,84.90937416854304,-68.469,-8.304,0.18,-0.020,-0.225,-176.2,15,0.0000,0.00
16:36:46,22.26362958740293,84.90937416854304,-68.470,-8.316,0.18,-0.020,-0.225,-176.2,15,0.0000,0.00
16:36:46,22.26362958740293,84.90937416854304,-68.471,-8.327,0.17,-0.020,-0.225,-176.2,15,0.0000,0.00
16:36:46,22.26362958740293,84.90937416854304,-68.472,-8.338,0.17,-0.020,-0.225,-176.2,15,0.0000,0.00
16:36:46,22.26362958740293,84.90937416854304,-68.471,-8.330,0.17,-0.013,-0.171,-176.2,15,0.0022,0.00
16:36:46,22.26362958740293,84.90937416854304,-68.472,-8.339,0.17,-0.013,-0.171,-176.2,15,0.0000,0.00
16:36:46,22.26362958740293,84.90937416854304,-68.472,-8.347,0.17,-0.013,-0.171,-176.2,15,0.0000,0.00
16:36:46,22.26362958740293,84.90937416854304,-68.473,-8.356,0.17,-0.013,-0.171,-176.3,15,0.0000,0.00
16:36:46,22.26362958740293,84.90937416854304,-68.474,-8.365,0.17,-0.013,-0.171,-176.3,15,0.0000,0.00
16:36:46,22.26362958740293,84.90937416854304,-68.474,-8.366,0.17,-0.011,-0.148,-176.3,15,0.0020,0.00
16:36:46,22.26362958740293,84.90937416854304,-68.474,-8.374,0.15,-0.011,-0.148,-176.3,15,0.0000,0.00
16:36:46,22.26362958740293,84.90937416854304,-68.475,-8.381,0.15,-0.011,-0.148,-176.4,15,0.0000,0.00
16:36:46,22.26362958740293,84.90937416854304,-68.476,-8.389,0.15,-0.011,-0.148,-176.4,15,0.0000,0.00
16:36:46,22.26362958740293,84.90937416854304,-68.476,-8.396,0.15,-0.011,-0.148,-176.4,15,0.0000,0.00
16:36:46,22.26362958740293,84.90937416854304,-68.477,-8.403,0.15,-0.011,-0.148,-176.4,15,0.0000,0.00
16:36:46,22.26362958740293,84.90937416854304,-68.477,-8.411,0.15,-0.011,-0.148,-176.4,16,0.0000,0.00
16:36:47,22.26362958740293,84.90937416854304,-68.478,-8.418,0.15,-0.011,-0.148,-176.4,16,0.0000,0.00
16:36:47,22.26362958740293,84.90937416854304,-68.479,-8.426,0.15,-0.011,-0.148,-176.4,16,0.0000,0.00
16:36:47,22.26362958740293,84.90937416854304,-68.479,-8.433,0.15,-0.011,-0.148,-176.4,16,0.0000,0.00
16:36:47,22.26362958740293,84.90937416854304,-68.480,-8.441,0.15,-0.011,-0.148,-176.3,16,0.0000,0.00
16:36:47,22.26362958740293,84.90937416854304,-68.480,-8.447,0.15,-0.010,-0.145,-176.3,16,0.0025,0.00
16:36:47,22.26362958740293,84.90937416854304,-68.480,-8.454,0.15,-0.010,-0.145,-176.2,16,0.0000,0.00
16:36:47,22.26362958740293,84.90937416854304,-68.481,-8.461,0.15,-0.010,-0.145,-176.0,16,0.0000,0.00
16:36:47,22.26362958740293,84.90937416854304,-68.481,-8.469,0.13,-0.010,-0.145,-175.9,16,0.0000,0.00
16:36:47,22.26362958740293,84.90937416854304,-68.482,-8.476,0.13,-0.010,-0.145,-175.9,16,0.0000,0.00
16:36:47,22.26362958740293,84.90937416854304,-68.482,-8.483,0.13,-0.010,-0.145,-175.6,16,0.0000,0.00
16:36:47,22.26362958740293,84.90937416854304,-68.483,-8.491,0.13,-0.010,-0.145,-175.4,16,0.0000,0.00
16:36:47,22.26362958740293,84.90937416854304,-68.483,-8.498,0.13,-0.010,-0.145,-175.1,17,0.0000,0.00
16:36:47,22.26362958740293,84.90937416854304,-68.484,-8.505,0.13,-0.010,-0.145,-175.1,17,0.0000,0.00
16:36:47,22.26362958740293,84.90937416854304,-68.484,-8.512,0.13,-0.010,-0.145,-175.0,17,0.0000,0.00
16:36:47,22.26362958740293,84.90937416854304,-68.485,-8.520,0.13,-0.010,-0.145,-174.8,17,0.0000,0.00
16:36:47,22.26362958740293,84.90937416854304,-68.485,-8.527,0.13,-0.010,-0.145,-174.6,17,0.0000,0.00
16:36:47,22.26362958740293,84.90937416854304,-68.486,-8.534,0.13,-0.010,-0.145,-174.6,17,0.0000,0.00
16:36:47,22.26362958740293,84.90937416854304,-68.486,-8.542,0.13,-0.010,-0.145,-174.4,17,0.0000,0.00
16:36:47,22.26362958740293,84.90937416854304,-68.487,-8.549,0.13,-0.010,-0.145,-174.3,17,0.0000,0.00
16:36:47,22.26362958740293,84.90937416854304,-68.487,-8.556,0.13,-0.010,-0.145,-174.0,17,0.0000,0.00
16:36:48,22.26362958740293,84.90937416854304,-68.488,-8.563,0.13,-0.010,-0.145,-174.0,19,0.0000,0.00
16:36:48,22.26362958740293,84.90937416854304,-68.488,-8.571,0.13,-0.010,-0.145,-173.9,19,0.0000,0.00
16:36:48,22.26362958740293,84.90937416854304,-68.489,-8.578,0.13,-0.010,-0.145,-173.8,19,0.0000,0.00
16:36:48,22.26362958740293,84.90937416854304,-68.490,-8.585,0.13,-0.010,-0.145,-173.4,19,0.0000,0.00
16:36:48,22.26362958740293,84.90937416854304,-68.490,-8.592,0.14,-0.010,-0.145,-173.4,19,0.0000,0.00
16:36:48,22.26362958740293,84.90937416854304,-68.491,-8.600,0.14,-0.010,-0.145,-173.3,19,0.0000,0.00
16:36:48,22.26362958740293,84.90937416854304,-68.491,-8.607,0.14,-0.010,-0.145,-173.1,19,0.0000,0.00
16:36:48,22.26362958740293,84.90937416854304,-68.492,-8.614,0.14,-0.010,-0.145,-173.0,19,0.0000,0.00
16:36:48,22.26362958740293,84.90937416854304,-68.492,-8.622,0.14,-0.010,-0.145,-173.0,19,0.0000,0.00
16:36:48,22.26362958740293,84.90937416854304,-68.493,-8.629,0.14,-0.010,-0.145,-172.7,19,0.0000,0.00
16:36:48,22.26362958740293,84.90937416854304,-68.495,-8.603,0.14,-0.012,-0.101,-172.4,19,0.0021,0.00
16:36:48,22.26362958740293,84.90937416854304,-68.495,-8.608,0.14,-0.012,-0.101,-172.2,19,0.0000,0.00
16:36:48,22.26362958740293,84.90937416854304,-68.496,-8.613,0.14,-0.012,-0.101,-172.2,19,0.0000,0.00
16:36:48,22.26362958740293,84.90937416854304,-68.497,-8.618,0.14,-0.012,-0.101,-172.0,19,0.0000,0.00
16:36:48,22.26362958740293,84.90937416854304,-68.497,-8.623,0.14,-0.012,-0.101,-171.7,19,0.0000,0.00
16:36:48,22.26362958740293,84.90937416854304,-68.499,-8.630,0.14,-0.014,-0.104,-171.6,19,0.0024,0.00
16:36:48,22.26362958740293,84.90937416854304,-68.500,-8.635,0.14,-0.014,-0.104,-171.6,19,0.0000,0.00
16:36:48,22.26362958740293,84.90937416854304,-68.500,-8.641,0.13,-0.014,-0.104,-171.4,19,0.0000,0.00
16:36:48,22.26362958740293,84.90937416854304,-68.501,-8.646,0.13,-0.014,-0.104,-171.1,19,0.0000,0.00
16:36:48,22.26362958740293,84.90937416854304,-68.502,-8.651,0.13,-0.014,-0.104,-171.0,19,0.0000,0.00
16:36:49,22.26362958740293,84.90937416854304,-68.503,-8.656,0.13,-0.014,-0.104,-171.0,19,0.0000,0.00
16:36:49,22.26362958740293,84.90937416854304,-68.503,-8.662,0.13,-0.014,-0.104,-170.9,21,0.0000,0.00
16:36:49,22.26362958740293,84.90937416854304,-68.504,-8.667,0.13,-0.014,-0.104,-170.6,21,0.0000,0.00
16:36:49,22.26362958740293,84.90937416854304,-68.505,-8.672,0.13,-0.014,-0.104,-170.5,21,0.0000,0.00
16:36:49,22.26362958740293,84.90937416854304,-68.505,-8.677,0.13,-0.014,-0.104,-170.4,21,0.0000,0.00
16:36:49,22.26362958740293,84.90937416854304,-68.502,-8.651,0.13,-0.004,-0.029,-170.4,21,0.0025,0.00
16:36:49,22.26362958740293,84.90937416854304,-68.502,-8.652,0.14,-0.004,-0.029,-170.2,21,0.0000,0.00
16:36:49,22.26362958740293,84.90937416854304,-68.502,-8.654,0.14,-0.004,-0.029,-170.2,21,0.0000,0.00
16:36:49,22.26362958740293,84.90937416854304,-68.502,-8.655,0.14,-0.004,-0.029,-170.2,21,0.0000,0.00
16:36:49,22.26362958740293,84.90937416854304,-68.503,-8.656,0.14,-0.004,-0.029,-170.1,21,0.0000,0.00
16:36:49,22.26362958740293,84.90937416854304,-68.503,-8.658,0.14,-0.004,-0.029,-170.0,22,0.0000,0.00
16:36:49,22.26362958740293,84.90937416854304,-68.503,-8.659,0.14,-0.004,-0.029,-169.9,22,0.0000,0.00
16:36:49,22.26362958740293,84.90937416854304,-68.503,-8.661,0.14,-0.004,-0.029,-169.9,22,0.0000,0.00
16:36:49,22.26362958740293,84.90937416854304,-68.503,-8.662,0.14,-0.004,-0.029,-169.9,22,0.0000,0.00
16:36:49,22.26362958740293,84.90937416854304,-68.504,-8.664,0.14,-0.004,-0.029,-169.9,22,0.0000,0.00
16:36:49,22.26362958740293,84.90937416854304,-68.504,-8.665,0.14,-0.004,-0.029,-169.9,22,0.0000,0.00
16:36:49,22.26362958740293,84.90937416854304,-68.504,-8.667,0.14,-0.004,-0.029,-169.9,22,0.0000,0.00
16:36:49,22.26362958740293,84.90937416854304,-68.504,-8.668,0.14,-0.004,-0.029,-169.9,22,0.0000,0.00
16:36:49,22.26362958740293,84.90937416854304,-68.504,-8.669,0.14,-0.004,-0.029,-170.0,22,0.0000,0.00
16:36:50,22.26362958740293,84.90937416854304,-68.505,-8.671,0.14,-0.004,-0.029,-170.0,22,0.0000,0.00
16:36:50,22.26362958740293,84.90937416854304,-68.505,-8.672,0.14,-0.004,-0.029,-170.0,22,0.0000,0.00
16:36:50,22.26362958740293,84.90937416854304,-68.503,-8.661,0.14,-0.001,-0.006,-170.0,22,0.0025,0.00
16:36:50,22.26362958740293,84.90937416854304,-68.503,-8.662,0.14,-0.001,-0.006,-170.1,22,0.0000,0.00
16:36:50,22.26362958740293,84.90937416854304,-68.503,-8.662,0.14,-0.001,-0.006,-170.1,22,0.0000,0.00
16:36:50,22.26362958740293,84.90937416854304,-68.503,-8.662,0.14,-0.001,-0.006,-170.1,22,0.0000,0.00
16:36:50,22.26362958740293,84.90937416854304,-68.503,-8.663,0.14,-0.001,-0.006,-170.2,22,0.0000,0.00
16:36:50,22.26362958740293,84.90937416854304,-68.503,-8.661,0.14,-0.000,-0.002,-170.2,22,0.0041,0.00
16:36:51,22.26362958740293,84.90937416854304,-68.503,-8.662,0.14,-0.000,-0.002,-170.2,22,0.0000,0.00
16:36:51,22.26362958740293,84.90937416854304,-68.503,-8.662,0.14,-0.000,-0.002,-170.2,22,0.0000,0.00
16:36:51,22.26362958740293,84.90937416854304,-68.503,-8.662,0.14,-0.000,-0.002,-170.2,22,0.0000,0.00
16:36:51,22.26362958740293,84.90937416854304,-68.503,-8.662,0.14,-0.000,-0.002,-170.2,22,0.0000,0.00
16:36:51,22.26362958740293,84.90937416854304,-68.503,-8.662,0.14,-0.000,-0.002,-170.2,22,0.0000,0.00
16:36:51,22.26362958740293,84.90937416854304,-68.503,-8.662,0.14,-0.000,-0.002,-170.2,22,0.0000,0.00
16:36:51,22.26362958740293,84.90937416854304,-68.503,-8.662,0.14,-0.000,-0.002,-170.1,22,0.0000,0.00
16:36:51,22.26362958740293,84.90937416854304,-68.503,-8.662,0.14,-0.000,-0.002,-170.1,22,0.0000,0.00
16:36:51,22.26362958740293,84.90937416854304,-68.503,-8.662,0.14,0.000,-0.000,-170.0,22,0.0025,0.00
16:36:51,22.26362958740293,84.90937416854304,-68.503,-8.662,0.14,0.000,-0.000,-170.0,22,0.0000,0.00
16:36:51,22.26362958740293,84.90937416854304,-68.503,-8.662,0.14,0.000,-0.000,-169.9,22,0.0000,0.00
16:36:51,22.26362958740293,84.90937416854304,-68.503,-8.662,0.14,0.000,-0.000,-169.9,22,0.0000,0.00
16:36:51,22.26362958740293,84.90937416854304,-68.503,-8.662,0.14,0.000,-0.000,-169.8,22,0.0000,0.00
16:36:51,22.26362958740293,84.90937416854304,-68.503,-8.662,0.14,0.000,-0.000,-169.8,22,0.0031,0.00
16:36:51,22.26362958740293,84.90937416854304,-68.503,-8.662,0.14,0.000,-0.000,-169.7,22,0.0000,0.00
16:36:51,22.26362958740293,84.90937416854304,-68.503,-8.662,0.14,0.000,-0.000,-169.7,22,0.0000,0.00
16:36:51,22.26362958740293,84.90937416854304,-68.503,-8.662,0.14,0.000,-0.000,-169.6,22,0.0000,0.00
16:36:51,22.26362958740293,84.90937416854304,-68.503,-8.662,0.14,0.000,-0.000,-169.6,22,0.0000,0.00
16:36:51,22.26362958740293,84.90937416854304,-68.503,-8.662,0.14,0.000,0.000,-169.5,22,0.0032,0.00
16:36:51,22.26362958740293,84.90937416854304,-68.503,-8.662,0.14,0.000,0.000,-169.5,22,0.0000,0.00
16:36:51,22.26362958740293,84.90937416854304,-68.503,-8.662,0.14,0.000,0.000,-169.4,22,0.0000,0.00
16:36:51,22.26362958740293,84.90937416854304,-68.503,-8.662,0.14,0.000,0.000,-169.3,22,0.0000,0.00
16:36:51,22.26362958740293,84.90937416854304,-68.503,-8.662,0.14,0.000,0.000,-169.3,22,0.0000,0.00
16:36:51,22.26362958740293,84.90937416854304,-68.503,-8.662,0.14,0.000,0.000,-169.2,22,0.0034,0.00
16:36:51,22.26362958740293,84.90937416854304,-68.503,-8.662,0.14,0.000,0.000,-169.1,22,0.0000,0.00
16:36:51,22.26362958740293,84.90937416854304,-68.503,-8.662,0.15,0.000,0.000,-169.1,22,0.0000,0.00
16:36:51,22.26362958740293,84.90937416854304,-68.503,-8.662,0.15,0.000,0.000,-169.1,22,0.0000,0.00
16:36:51,22.26362958740293,84.90937416854304,-68.503,-8.662,0.15,0.000,0.000,-169.0,22,0.0000,0.00
16:36:51,22.26362958740293,84.90937416854304,-68.503,-8.662,0.15,0.000,0.000,-168.9,22,0.0000,0.00
16:36:51,22.26362958740293,84.90937416854304,-68.503,-8.662,0.14,0.000,0.000,-168.8,22,0.0000,0.00
16:36:51,22.26362958740293,84.90937416854304,-68.503,-8.662,0.14,0.000,0.000,-168.8,22,0.0000,0.00
16:36:51,22.26362958740293,84.90937416854304,-68.503,-8.662,0.14,0.000,0.000,-168.7,22,0.0000,0.00
16:36:52,22.26362958740293,84.90937416854304,-68.503,-8.662,0.14,0.000,0.000,-168.7,22,0.0000,0.00
16:36:52,22.26362958740293,84.90937416854304,-68.503,-8.662,0.14,0.000,0.000,-168.6,22,0.0000,0.00
16:36:52,22.26362958740293,84.90937416854304,-68.503,-8.662,0.14,0.000,0.000,-168.6,22,0.0025,0.00
16:36:52,22.26362958740293,84.90937416854304,-68.503,-8.662,0.14,0.000,0.000,-168.5,22,0.0000,0.00
16:36:52,22.26362958740293,84.90937416854304,-68.503,-8.662,0.14,0.000,0.000,-168.4,22,0.0000,0.00
16:36:52,22.26362958740293,84.90937416854304,-68.503,-8.662,0.14,0.000,0.000,-168.3,22,0.0000,0.00
16:36:52,22.26362958740293,84.90937416854304,-68.503,-8.662,0.14,0.000,0.000,-168.3,22,0.0000,0.00
16:36:52,22.26362958740293,84.90937416854304,-68.503,-8.662,0.14,0.000,0.000,-168.2,22,0.0000,0.00
16:36:52,22.26362958740293,84.90937416854304,-68.503,-8.662,0.14,0.000,0.000,-168.1,22,0.0000,0.00
16:36:52,22.26362958740293,84.90937416854304,-68.503,-8.662,0.14,0.000,0.000,-168.0,22,0.0000,0.00
16:36:52,22.26362958740293,84.90937416854304,-68.503,-8.662,0.15,0.000,0.000,-168.0,22,0.0000,0.00
16:36:52,22.26362958740293,84.90937416854304,-68.503,-8.662,0.15,0.000,0.000,-167.9,22,0.0000,0.00
16:36:52,22.26362958740293,84.90937416854304,-68.503,-8.662,0.15,0.000,0.000,-167.9,22,0.0024,0.00
16:36:52,22.26362958740293,84.90937416854304,-68.503,-8.662,0.15,0.000,0.000,-167.8,22,0.0000,0.00
16:36:52,22.26362958740293,84.90937416854304,-68.503,-8.662,0.15,0.000,0.000,-167.8,22,0.0000,0.00
16:36:52,22.26362958740293,84.90937416854304,-68.503,-8.662,0.15,0.000,0.000,-167.8,22,0.0000,0.00
16:36:52,22.26362958740293,84.90937416854304,-68.503,-8.662,0.15,0.000,0.000,-167.8,22,0.0000,0.00
16:36:52,22.26362958740293,84.90937416854304,-68.503,-8.662,0.15,0.000,0.000,-167.8,22,0.0028,0.00
16:36:52,22.26362958740293,84.90937416854304,-68.503,-8.662,0.15,0.000,0.000,-167.8,22,0.0000,0.00
16:36:52,22.26362958740293,84.90937416854304,-68.503,-8.662,0.15,0.000,0.000,-167.8,22,0.0000,0.00
16:36:53,22.26362958740293,84.90937416854304,-68.503,-8.662,0.15,0.000,0.000,-167.9,22,0.0000,0.00
16:36:53,22.26362958740293,84.90937416854304,-68.503,-8.662,0.15,0.000,0.000,-167.9,22,0.0000,0.00
16:36:53,22.26362958740293,84.90937416854304,-68.503,-8.662,0.15,0.000,0.000,-168.0,22,0.0000,0.00
16:36:53,22.26362958740293,84.90937416854304,-68.503,-8.662,0.15,0.000,0.000,-168.0,22,0.0000,0.00
16:36:53,22.26362958740293,84.90937416854304,-68.503,-8.662,0.15,0.000,0.000,-168.2,22,0.0000,0.00
16:36:53,22.26362958740293,84.90937416854304,-68.503,-8.662,0.15,0.000,0.000,-168.2,22,0.0000,0.00
16:36:53,22.26362958740293,84.90937416854304,-68.503,-8.662,0.15,0.000,0.000,-168.2,22,0.0000,0.00
16:36:53,22.26362958740293,84.90937416854304,-68.503,-8.662,0.16,0.001,-0.001,-168.3,22,0.0025,0.00
16:36:53,22.26362958740293,84.90937416854304,-68.503,-8.662,0.16,0.001,-0.001,-168.2,22,0.0000,0.00
16:36:53,22.26362958740293,84.90937416854304,-68.503,-8.662,0.16,0.001,-0.001,-168.2,22,0.0000,0.00
16:36:53,22.26362958740293,84.90937416854304,-68.503,-8.662,0.16,0.001,-0.001,-168.0,22,0.0000,0.00
16:36:53,22.26362958740293,84.90937416854304,-68.503,-8.662,0.13,0.001,-0.001,-167.6,22,0.0000,0.00
16:36:53,22.26362958740293,84.90937416854304,-68.503,-8.662,0.13,0.001,-0.001,-167.6,22,0.0000,0.00
16:36:53,22.26362958740293,84.90937416854304,-68.503,-8.662,0.13,0.001,-0.001,-167.4,22,0.0000,0.00
16:36:53,22.26362958740293,84.90937416854304,-68.503,-8.662,0.13,0.001,-0.001,-167.1,22,0.0000,0.00
16:36:53,22.26362958740293,84.90937416854304,-68.503,-8.662,0.13,0.001,-0.001,-166.6,22,0.0000,0.00
16:36:53,22.26362958740293,84.90937416854304,-68.503,-8.662,0.13,0.001,-0.001,-166.6,22,0.0000,0.00
16:36:53,22.26362958740293,84.90937416854304,-68.503,-8.662,0.13,0.000,0.000,-166.6,22,0.0021,0.00
16:36:53,22.26362958740293,84.90937416854304,-68.503,-8.662,0.13,0.000,0.000,-166.2,22,0.0000,0.00
16:36:54,22.26362958740293,84.90937416854304,-68.503,-8.662,0.12,0.000,0.000,-165.9,22,0.0000,0.00
16:36:54,22.26362958740293,84.90937416854304,-68.503,-8.662,0.12,0.000,0.000,-165.9,22,0.0000,0.00
16:36:54,22.26362958740293,84.90937416854304,-68.503,-8.662,0.12,0.000,0.000,-165.8,22,0.0000,0.00
16:36:54,22.26362958740293,84.90937416854304,-68.503,-8.662,0.12,0.000,0.000,-165.7,22,0.0000,0.00
16:36:54,22.26362958740293,84.90937416854304,-68.503,-8.662,0.14,0.000,0.000,-165.6,22,0.0000,0.00
16:36:54,22.26362958740293,84.90937416854304,-68.503,-8.662,0.14,0.000,0.000,-165.6,22,0.0000,0.00
16:36:54,22.26362958740293,84.90937416854304,-68.503,-8.662,0.14,0.000,0.000,-165.5,22,0.0000,0.00
16:36:54,22.26362958740293,84.90937416854304,-68.503,-8.662,0.14,0.000,0.000,-165.4,22,0.0000,0.00
16:36:54,22.26362958740293,84.90937416854304,-68.502,-8.662,0.14,0.000,0.000,-165.2,22,0.0000,0.00
16:36:54,22.26362958740293,84.90937416854304,-68.502,-8.661,0.14,0.001,0.001,-165.2,22,0.0029,0.00
16:36:54,22.26362958740293,84.90937416854304,-68.502,-8.661,0.14,0.001,0.001,-165.2,22,0.0000,0.00
16:36:54,22.26362958740293,84.90937416854304,-68.502,-8.661,0.14,0.001,0.001,-165.1,22,0.0000,0.00
16:36:54,22.26362958740293,84.90937416854304,-68.502,-8.661,0.14,0.001,0.001,-165.0,22,0.0000,0.00
16:36:54,22.26362958740293,84.90937416854304,-68.502,-8.661,0.14,0.001,0.001,-165.0,22,0.0000,0.00
16:36:54,22.26362958740293,84.90937416854304,-68.502,-8.661,0.14,0.001,0.001,-165.0,22,0.0000,0.00
16:36:54,22.26362958740293,84.90937416854304,-68.502,-8.661,0.14,0.001,0.001,-164.9,22,0.0000,0.00
16:36:54,22.26362958740293,84.90937416854304,-68.502,-8.661,0.14,0.001,0.001,-164.8,22,0.0000,0.00
16:36:54,22.26362958740293,84.90937416854304,-68.502,-8.661,0.14,0.001,0.001,-164.8,22,0.0000,0.00
16:36:54,22.26362958740293,84.90937416854304,-68.502,-8.661,0.14,0.001,0.001,-164.7,22,0.0000,0.00
16:36:54,22.26362958740293,84.90937416854304,-68.502,-8.661,0.14,0.001,0.001,-164.6,22,0.0000,0.00
16:36:55,22.26362958740293,84.90937416854304,-68.502,-8.661,0.14,0.001,0.001,-164.6,22,0.0000,0.00
16:36:55,22.26362958740293,84.90937416854304,-68.502,-8.661,0.14,0.001,0.001,-164.6,23,0.0000,0.00
16:36:55,22.26362958740293,84.90937416854304,-68.502,-8.661,0.14,0.001,0.001,-164.5,23,0.0000,0.00
16:36:55,22.26362958740293,84.90937416854304,-68.502,-8.661,0.14,0.001,0.001,-164.5,23,0.0000,0.00
16:36:55,22.26362958740293,84.90937416854304,-68.502,-8.661,0.14,0.001,0.001,-164.4,23,10.0005,0.00
16:36:55,22.26362958740293,84.90937416854304,-68.501,-8.661,0.14,0.001,0.001,-164.4,23,0.0000,0.00
16:36:55,22.26362958740293,84.90937416854304,-68.501,-8.661,0.15,0.001,0.001,-164.4,23,0.0000,0.00
16:36:55,22.26362958740293,84.90937416854304,-68.501,-8.661,0.15,0.001,0.001,-164.4,23,0.0000,0.00
16:36:55,22.26362958740293,84.90937416854304,-68.501,-8.661,0.15,0.001,0.001,-164.4,23,0.0000,0.00
16:36:55,22.26362958740293,84.90937416854304,-68.501,-8.661,0.15,0.001,0.001,-164.4,23,0.0000,0.00
16:36:55,22.26362958740293,84.90937416854304,-68.501,-8.661,0.15,0.001,0.001,-164.4,23,0.0000,0.00
16:36:55,22.26362958740293,84.90937416854304,-68.501,-8.661,0.15,0.001,0.001,-164.5,23,0.0000,0.00
16:36:55,22.26362958740293,84.90937416854304,-68.501,-8.660,0.15,0.001,0.001,-164.5,23,0.0000,0.00
16:36:55,22.26362958740293,84.90937416854304,-68.501,-8.660,0.15,0.001,0.001,-164.5,23,0.0000,0.00
16:36:55,22.26362958740293,84.90937416854304,-68.501,-8.660,0.16,0.001,0.001,-164.6,23,0.0000,0.00
16:36:55,22.26362958740293,84.90937416854304,-68.501,-8.660,0.16,0.001,0.001,-164.7,23,0.0000,0.00
16:36:55,22.26362958740293,84.90937416854304,-68.501,-8.660,0.16,0.001,0.001,-164.9,23,0.0000,0.00
16:36:55,22.26362958740293,84.90937416854304,-68.501,-8.660,0.16,0.001,0.001,-164.9,23,0.0000,0.00
16:36:55,22.26362958740293,84.90937416854304,-68.501,-8.660,0.18,0.001,0.001,-165.0,23,0.0000,0.00
16:36:56,22.26362958740293,84.90937416854304,-68.501,-8.660,0.18,0.001,0.001,-165.3,23,0.0000,0.00
16:36:56,22.26362958740293,84.90937416854304,-68.501,-8.660,0.18,0.001,0.001,-165.4,23,0.0000,0.00
16:36:56,22.26362958740293,84.90937416854304,-68.501,-8.660,0.18,0.001,0.001,-165.4,23,0.0000,0.00
16:36:56,22.26362958740293,84.90937416854304,-68.501,-8.660,0.18,0.001,0.001,-165.6,23,0.0000,0.00
16:36:56,22.26362958740293,84.90937416854304,-68.501,-8.660,0.18,0.001,0.001,-165.9,23,0.0000,0.00
16:36:56,22.26362958740293,84.90937416854304,-68.501,-8.660,0.18,0.001,0.001,-166.0,23,0.0000,0.00
16:36:56,22.26362958740293,84.90937416854304,-68.501,-8.660,0.18,0.001,0.001,-166.2,23,0.0000,0.00
16:36:56,22.26362958740293,84.90937416854304,-68.501,-8.660,0.18,0.001,0.001,-166.2,23,0.0000,0.00
16:36:56,22.26362958740293,84.90937416854304,-68.500,-8.660,0.18,0.001,0.001,-166.3,23,0.0000,0.00
16:36:56,22.26362958740293,84.90937416854304,-68.500,-8.660,0.18,0.001,0.001,-166.6,23,0.0000,0.00
16:36:56,22.26362958740293,84.90937416854304,-68.500,-8.660,0.18,0.001,0.001,-166.6,23,0.0000,0.00
16:36:56,22.26362958740293,84.90937416854304,-68.501,-8.661,0.18,0.000,0.000,-166.7,23,0.0029,0.00
16:36:56,22.26362958740293,84.90937416854304,-68.501,-8.661,0.18,0.000,0.000,-167.0,23,0.0000,0.00
16:36:56,22.26362958740293,84.90937416854304,-68.501,-8.661,0.18,0.000,0.000,-167.1,23,0.0000,0.00
16:36:56,22.26362958740293,84.90937416854304,-68.501,-8.661,0.18,0.000,0.000,-167.1,23,0.0000,0.00
16:36:56,22.26362958740293,84.90937416854304,-68.501,-8.661,0.18,0.000,0.000,-167.4,23,0.0000,0.00
16:36:56,22.26362958740293,84.90937416854304,-68.501,-8.661,0.18,0.000,0.000,-167.5,23,0.0038,0.00
16:36:56,22.26362958740293,84.90937416854304,-68.501,-8.661,0.18,0.000,0.000,-167.5,23,0.0000,0.00
16:36:56,22.26362958740293,84.90937416854304,-68.501,-8.661,0.18,0.000,0.000,-167.6,23,0.0000,0.00
16:36:56,22.26362958740293,84.90937416854304,-68.501,-8.661,0.18,0.000,0.000,-167.7,23,0.0000,0.00
16:36:57,22.26362958740293,84.90937416854304,-68.501,-8.661,0.18,-0.000,-0.000,-167.7,23,0.0049,0.00
16:36:57,22.26362958740293,84.90937416854304,-68.501,-8.661,0.18,-0.000,-0.000,-167.7,23,0.0000,0.00
16:36:57,22.26362958740293,84.90937416854304,-68.501,-8.661,0.18,-0.000,-0.000,-167.7,23,0.0000,0.00
16:36:57,22.26362958740293,84.90937416854304,-68.501,-8.661,0.18,-0.000,-0.000,-167.7,23,0.0000,0.00
16:36:57,22.26362958740293,84.90937416854304,-68.501,-8.661,0.18,-0.000,-0.000,-167.7,23,0.0000,0.00
16:36:57,22.26362958740293,84.90937416854304,-68.501,-8.661,0.18,-0.000,-0.000,-167.7,23,0.0000,0.00
16:36:57,22.26362958740293,84.90937416854304,-68.501,-8.661,0.18,-0.000,-0.000,-167.6,23,0.0000,0.00
16:36:57,22.26362958740293,84.90937416854304,-68.501,-8.661,0.18,-0.000,-0.000,-167.6,23,0.0000,0.00
16:36:57,22.26362958740293,84.90937416854304,-68.501,-8.661,0.18,-0.000,-0.000,-167.5,23,0.0000,0.00
16:36:57,22.26362958740293,84.90937416854304,-68.501,-8.661,0.18,-0.000,-0.000,-167.4,23,0.0000,0.00
16:36:57,22.26362958740293,84.90937416854304,-68.501,-8.661,0.18,-0.000,-0.000,-167.4,23,0.0000,0.00
16:36:57,22.26362958740293,84.90937416854304,-68.501,-8.661,0.18,-0.000,-0.000,-167.3,23,0.0000,0.00
16:36:57,22.26362958740293,84.90937416854304,-68.501,-8.661,0.17,-0.000,-0.000,-167.3,23,0.0000,0.00
16:36:57,22.26362958740293,84.90937416854304,-68.501,-8.661,0.17,-0.000,-0.000,-167.2,23,0.0000,0.00
16:36:57,22.26362958740293,84.90937416854304,-68.501,-8.661,0.17,-0.000,-0.000,-167.2,23,0.0000,0.00
16:36:57,22.26362958740293,84.90937416854304,-68.501,-8.661,0.17,-0.000,-0.000,-167.0,23,0.0000,0.00
16:36:57,22.26362958740293,84.90937416854304,-68.501,-8.661,0.17,-0.000,-0.000,-166.9,23,0.0000,0.00
16:36:57,22.26362958740293,84.90937416854304,-68.501,-8.661,0.17,-0.000,-0.000,-166.8,23,0.0000,0.00
16:36:57,22.26362958740293,84.90937416854304,-68.501,-8.661,0.17,-0.000,-0.000,-166.7,23,0.0000,0.00
16:36:57,22.26362958740293,84.90937416854304,-68.501,-8.661,0.17,-0.000,-0.000,-166.7,23,0.0000,0.00
16:36:58,22.26362958740293,84.90937416854304,-68.501,-8.661,0.17,-0.000,-0.000,-166.6,23,0.0000,0.00
16:36:58,22.26362958740293,84.90937416854304,-68.501,-8.661,0.17,-0.000,-0.000,-166.5,23,0.0000,0.00
16:36:58,22.26362958740293,84.90937416854304,-68.501,-8.661,0.17,-0.000,-0.000,-166.4,23,0.0000,0.00
16:36:58,22.26362958740293,84.90937416854304,-68.501,-8.661,0.17,-0.000,-0.000,-166.4,23,0.0000,0.00
16:36:58,22.26362958740293,84.90937416854304,-68.501,-8.661,0.17,-0.000,-0.000,-166.2,23,0.0000,0.00
16:36:58,22.26362958740293,84.90937416854304,-68.501,-8.661,0.16,-0.000,-0.000,-166.1,23,0.0000,0.00
16:36:58,22.26362958740293,84.90937416854304,-68.501,-8.661,0.16,-0.000,-0.000,-165.9,23,0.0000,0.00
16:36:58,22.26362958740293,84.90937416854304,-68.501,-8.661,0.16,-0.000,-0.000,-165.9,23,0.0000,0.00
16:36:58,22.26362958740293,84.90937416854304,-68.501,-8.661,0.16,-0.000,-0.000,-165.7,23,0.0000,0.00
16:36:58,22.26362958740293,84.90937416854304,-68.501,-8.661,0.16,-0.000,-0.000,-165.6,23,0.0000,0.00
16:36:58,22.26362958740293,84.90937416854304,-68.501,-8.661,0.16,-0.000,-0.000,-165.4,23,0.0000,0.00
16:36:58,22.26362958740293,84.90937416854304,-68.501,-8.661,0.16,0.000,0.000,-165.4,23,0.0042,0.00
16:36:58,22.26362958740293,84.90937416854304,-68.501,-8.661,0.16,0.000,0.000,-165.3,23,0.0000,0.00
16:36:58,22.26362958740293,84.90937416854304,-68.501,-8.661,0.16,0.000,0.000,-165.3,23,0.0000,0.00
16:36:58,22.26362958740293,84.90937416854304,-68.501,-8.661,0.16,0.000,0.000,-165.3,23,0.0000,0.00
16:36:58,22.26362958740293,84.90937416854304,-68.501,-8.661,0.16,0.000,0.000,-165.1,23,0.0000,0.00
16:36:58,22.26362958740293,84.90937416854304,-68.501,-8.661,0.16,0.000,0.000,-165.0,23,0.0000,0.00
16:36:58,22.26362958740293,84.90937416854304,-68.501,-8.661,0.17,0.000,0.000,-164.9,23,0.0000,0.00
16:36:58,22.26362958740293,84.90937416854304,-68.501,-8.661,0.17,0.000,0.000,-164.9,23,0.0000,0.00
16:36:58,22.26362958740293,84.90937416854304,-68.501,-8.661,0.17,0.000,0.000,-164.8,23,0.0000,0.00
16:36:59,22.26362958740293,84.90937416854304,-68.501,-8.661,0.17,0.000,0.000,-164.7,23,0.0000,0.00
16:36:59,22.26362958740293,84.90937416854304,-68.501,-8.661,0.17,0.000,-0.000,-164.7,23,0.0046,0.00
16:36:59,22.26362958740293,84.90937416854304,-68.501,-8.661,0.17,0.000,-0.000,-164.5,23,0.0000,0.00
16:36:59,22.26362958740293,84.90937416854304,-68.501,-8.661,0.17,0.000,-0.000,-164.5,23,0.0000,0.00
16:36:59,22.26362958740293,84.90937416854304,-68.501,-8.661,0.17,0.000,-0.000,-164.5,23,0.0000,0.00
16:36:59,22.26362958740293,84.90937416854304,-68.501,-8.661,0.17,0.000,-0.000,-164.4,23,0.0000,0.00
16:36:59,22.26362958740293,84.90937416854304,-68.501,-8.661,0.16,0.000,-0.000,-164.4,23,0.0000,0.00
16:36:59,22.26362958740293,84.90937416854304,-68.501,-8.661,0.16,0.000,-0.000,-164.4,23,0.0000,0.00
16:36:59,22.26362958740293,84.90937416854304,-68.501,-8.661,0.16,0.000,-0.000,-164.3,23,0.0000,0.00
16:36:59,22.26362958740293,84.90937416854304,-68.501,-8.661,0.16,0.000,-0.000,-164.3,23,0.0000,0.00
16:36:59,22.26362958740293,84.90937416854304,-68.501,-8.661,0.16,0.000,-0.000,-164.3,23,0.0000,0.00
16:36:59,22.26362958740293,84.90937416854304,-68.501,-8.661,0.16,0.000,-0.000,-164.3,23,0.0000,0.00
16:36:59,22.26362958740293,84.90937416854304,-68.501,-8.661,0.16,0.000,-0.000,-164.3,23,0.0000,0.00
16:36:59,22.26362958740293,84.90937416854304,-68.501,-8.661,0.16,0.000,-0.000,-164.3,23,0.0000,0.00
16:36:59,22.26362958740293,84.90937416854304,-68.501,-8.661,0.16,0.000,-0.000,-164.3,23,0.0000,0.00
16:36:59,22.26362958740293,84.90937416854304,-68.501,-8.661,0.16,0.000,-0.000,-164.3,23,0.0000,0.00
16:36:59,22.26362958740293,84.90937416854304,-68.501,-8.661,0.16,0.000,-0.000,-164.3,23,0.0000,0.00
16:36:59,22.26362958740293,84.90937416854304,-68.501,-8.661,0.16,0.000,-0.000,-164.3,23,0.0000,0.00
16:36:59,22.26362958740293,84.90937416854304,-68.501,-8.661,0.15,0.000,-0.000,-164.4,23,0.0000,0.00
16:36:59,22.26362958740293,84.90937416854304,-68.501,-8.661,0.15,0.000,-0.000,-164.4,23,0.0000,0.00
16:37:00,22.26362958740293,84.90937416854304,-68.501,-8.661,0.15,0.000,-0.000,-164.4,23,0.0000,0.00
16:37:00,22.26362958740293,84.90937416854304,-68.501,-8.661,0.15,0.000,-0.000,-164.6,23,0.0000,0.00
16:37:00,22.26362958740293,84.90937416854304,-68.501,-8.661,0.15,0.000,-0.000,-164.7,23,0.0000,0.00
16:37:00,22.26362958740293,84.90937416854304,-68.501,-8.661,0.15,0.000,-0.000,-164.7,23,0.0000,0.00
16:37:00,22.26362958740293,84.90937416854304,-68.501,-8.661,0.15,0.000,-0.000,-164.8,23,0.0000,0.00
16:37:00,22.26362958740293,84.90937416854304,-68.501,-8.661,0.15,0.000,-0.000,-165.0,23,0.0000,0.00
16:37:00,22.26362958740293,84.90937416854304,-68.501,-8.661,0.15,0.000,-0.000,-165.0,23,0.0000,0.00
16:37:00,22.26362958740293,84.90937416854304,-68.501,-8.661,0.15,-0.000,-0.000,-165.0,23,0.0052,0.00
16:37:00,22.26362958740293,84.90937416854304,-68.501,-8.661,0.15,-0.000,-0.000,-165.1,23,0.0000,0.00
16:37:00,22.26362958740293,84.90937416854304,-68.501,-8.661,0.15,-0.000,-0.000,-165.2,23,0.0000,0.00
16:37:00,22.26362958740293,84.90937416854304,-68.501,-8.661,0.15,-0.000,-0.000,-165.3,23,0.0000,0.00
16:37:00,22.26362958740293,84.90937416854304,-68.501,-8.661,0.15,-0.000,-0.000,-165.3,23,0.0000,0.00
16:37:00,22.26362958740293,84.90937416854304,-68.501,-8.661,0.15,-0.000,-0.000,-165.4,23,0.0033,0.00
16:37:00,22.26362958740293,84.90937416854304,-68.501,-8.661,0.15,-0.000,-0.000,-165.5,23,0.0000,0.00
16:37:00,22.26362958740293,84.90937416854304,-68.501,-8.661,0.15,-0.000,-0.000,-165.5,23,0.0000,0.00
16:37:00,22.26362958740293,84.90937416854304,-68.501,-8.661,0.15,-0.000,-0.000,-165.5,23,0.0000,0.00
16:37:00,22.26362958740293,84.90937416854304,-68.501,-8.661,0.15,-0.000,-0.000,-165.5,23,0.0000,0.00
16:37:00,22.26362958740293,84.90937416854304,-68.501,-8.661,0.15,-0.000,-0.000,-165.6,23,0.0000,0.00
16:37:00,22.26362958740293,84.90937416854304,-68.501,-8.661,0.15,-0.000,-0.000,-165.6,23,0.0000,0.00
16:37:00,22.26362958740293,84.90937416854304,-68.501,-8.661,0.15,-0.000,-0.000,-165.6,23,0.0000,0.00
16:37:01,22.26362958740293,84.90937416854304,-68.501,-8.661,0.15,-0.000,-0.000,-165.7,23,0.0000,0.00
16:37:01,22.26362958740293,84.90937416854304,-68.501,-8.661,0.15,-0.000,-0.000,-165.7,23,0.0000,0.00
16:37:01,22.26362958740293,84.90937416854304,-68.501,-8.661,0.15,-0.000,-0.000,-165.7,23,0.0000,0.00
16:37:01,22.26362958740293,84.90937416854304,-68.501,-8.661,0.15,-0.000,-0.000,-165.7,23,0.0000,0.00
16:37:01,22.26362958740293,84.90937416854304,-68.501,-8.661,0.15,-0.000,-0.000,-165.7,23,0.0000,0.00
16:37:01,22.26362958740293,84.90937416854304,-68.501,-8.661,0.15,-0.000,-0.000,-165.7,23,0.0000,0.00
16:37:01,22.26362958740293,84.90937416854304,-68.501,-8.661,0.15,-0.000,-0.000,-165.7,23,0.0000,0.00
16:37:01,22.26362958740293,84.90937416854304,-68.501,-8.661,0.15,-0.000,-0.000,-165.7,23,0.0000,0.00
16:37:01,22.26362958740293,84.90937416854304,-68.501,-8.661,0.15,-0.000,-0.000,-165.6,23,0.0000,0.00
16:37:01,22.26362958740293,84.90937416854304,-68.501,-8.661,0.15,-0.000,-0.000,-165.6,23,0.0000,0.00
16:37:01,22.26362958740293,84.90937416854304,-68.501,-8.661,0.15,-0.000,-0.000,-165.6,23,0.0000,0.00
16:37:01,22.26362958740293,84.90937416854304,-68.501,-8.661,0.15,-0.000,-0.000,-165.6,23,0.0000,0.00
16:37:01,22.26362958740293,84.90937416854304,-68.501,-8.661,0.16,-0.000,-0.000,-165.5,23,0.0000,0.00
16:37:01,22.26362958740293,84.90937416854304,-68.501,-8.661,0.16,-0.000,-0.000,-165.5,23,0.0000,0.00
16:37:01,22.26362958740293,84.90937416854304,-68.501,-8.661,0.16,-0.000,-0.000,-165.5,23,0.0000,0.00
16:37:01,22.26362958740293,84.90937416854304,-68.501,-8.661,0.16,-0.000,-0.000,-165.4,23,0.0000,0.00
16:37:01,22.26362958740293,84.90937416854304,-68.501,-8.661,0.15,-0.000,-0.000,-165.4,23,0.0000,0.00
16:37:01,22.26362958740293,84.90937416854304,-68.501,-8.661,0.15,-0.000,-0.000,-165.4,23,0.0000,0.00
16:37:01,22.26362958740293,84.90937416854304,-68.501,-8.661,0.15,-0.000,-0.000,-165.4,23,0.0000,0.00
16:37:02,22.26362958740293,84.90937416854304,-68.501,-8.661,0.15,-0.000,-0.000,-165.3,23,0.0000,0.00
16:37:02,22.26362958740293,84.90937416854304,-68.501,-8.661,0.15,-0.000,-0.000,-165.3,23,0.0000,0.00
16:37:02,22.26362958740293,84.90937416854304,-68.501,-8.661,0.15,-0.000,-0.000,-165.3,23,0.0000,0.00
16:37:02,22.26362958740293,84.90937416854304,-68.501,-8.661,0.15,-0.000,-0.000,-165.3,23,0.0000,0.00
16:37:02,22.26362958740293,84.90937416854304,-68.501,-8.661,0.15,-0.000,-0.000,-165.2,23,0.0000,0.00
16:37:02,22.26362958740293,84.90937416854304,-68.501,-8.661,0.15,-0.000,-0.000,-165.2,23,0.0000,0.00
16:37:02,22.26362958740293,84.90937416854304,-68.501,-8.661,0.14,-0.000,-0.000,-165.1,23,0.0000,0.00
16:37:02,22.26362958740293,84.90937416854304,-68.501,-8.661,0.14,-0.000,-0.000,-165.1,23,0.0000,0.00
16:37:02,22.26362958740293,84.90937416854304,-68.501,-8.661,0.14,-0.000,-0.000,-165.1,23,0.0000,0.00
16:37:02,22.26362958740293,84.90937416854304,-68.501,-8.661,0.14,-0.000,-0.000,-165.0,23,0.0061,0.00
16:37:02,22.26362958740293,84.90937416854304,-68.501,-8.661,0.14,-0.000,-0.000,-165.0,23,0.0000,0.00
16:37:02,22.26362958740293,84.90937416854304,-68.501,-8.661,0.14,-0.000,-0.000,-165.0,23,0.0000,0.00
16:37:02,22.26362958740293,84.90937416854304,-68.501,-8.661,0.14,-0.000,-0.000,-165.0,23,0.0000,0.00
16:37:02,22.26362958740293,84.90937416854304,-68.501,-8.661,0.14,-0.000,-0.000,-165.0,23,0.0000,0.00
16:37:02,22.26362958740293,84.90937416854304,-68.501,-8.661,0.14,-0.000,-0.000,-164.9,23,0.0027,0.00
16:37:02,22.26362958740293,84.90937416854304,-68.501,-8.661,0.14,-0.000,-0.000,-164.9,23,0.0000,0.00
16:37:02,22.26362958740293,84.90937416854304,-68.501,-8.661,0.14,-0.000,-0.000,-164.9,23,0.0000,0.00
16:37:02,22.26362958740293,84.90937416854304,-68.501,-8.661,0.14,-0.000,-0.000,-164.9,23,0.0000,0.00
16:37:02,22.26362958740293,84.90937416854304,-68.501,-8.661,0.14,-0.000,-0.000,-164.9,23,0.0000,0.00
16:37:02,22.26362958740293,84.90937416854304,-68.501,-8.661,0.14,-0.000,-0.000,-164.9,23,0.0053,0.00
16:37:03,22.26362958740293,84.90937416854304,-68.501,-8.661,0.14,-0.000,-0.000,-164.8,23,0.0000,0.00
16:37:03,22.26362958740293,84.90937416854304,-68.501,-8.661,0.14,-0.000,-0.000,-164.8,23,0.0000,0.00
16:37:03,22.26362958740293,84.90937416854304,-68.501,-8.661,0.14,-0.000,-0.000,-164.8,23,0.0000,0.00
16:37:03,22.26362958740293,84.90937416854304,-68.501,-8.661,0.14,-0.000,-0.000,-164.8,23,0.0000,0.00
16:37:03,22.26362958740293,84.90937416854304,-68.501,-8.661,0.14,-0.000,-0.000,-164.8,23,10.0005,0.00
16:37:03,22.26362958740293,84.90937416854304,-68.501,-8.661,0.14,-0.000,-0.000,-164.8,23,0.0000,0.00
16:37:03,22.26362958740293,84.90937416854304,-68.501,-8.661,0.14,-0.000,-0.000,-164.8,23,0.0000,0.00
16:37:03,22.26362958740293,84.90937416854304,-68.501,-8.661,0.14,-0.000,-0.000,-164.8,23,0.0000,0.00
16:37:03,22.26362958740293,84.90937416854304,-68.501,-8.661,0.14,-0.000,-0.000,-164.8,23,0.0000,0.00
16:37:03,22.26362958740293,84.90937416854304,-68.501,-8.661,0.14,-0.000,-0.000,-164.8,23,10.0005,0.00
16:37:03,22.26362958740293,84.90937416854304,-68.501,-8.661,0.14,-0.000,-0.000,-164.8,23,0.0000,0.00
16:37:03,22.26362958740293,84.90937416854304,-68.501,-8.661,0.14,-0.000,-0.000,-164.8,23,0.0000,0.00
16:37:03,22.26362958740293,84.90937416854304,-68.501,-8.661,0.14,-0.000,-0.000,-164.8,23,0.0000,0.00
16:37:03,22.26362958740293,84.90937416854304,-68.501,-8.661,0.14,-0.000,-0.000,-164.8,23,0.0000,0.00
16:37:03,22.26362958740293,84.90937416854304,-68.501,-8.661,0.14,-0.000,-0.000,-164.8,23,0.0000,0.00
16:37:03,22.26362958740293,84.90937416854304,-68.501,-8.661,0.14,-0.000,-0.000,-164.9,23,0.0000,0.00
16:37:03,22.26362958740293,84.90937416854304,-68.501,-8.661,0.14,-0.000,-0.000,-164.9,23,0.0000,0.00
16:37:03,22.26362958740293,84.90937416854304,-68.501,-8.661,0.14,-0.000,-0.000,-164.9,23,0.0000,0.00
16:37:03,22.26362958740293,84.90937416854304,-68.501,-8.661,0.15,-0.000,-0.000,-164.9,23,0.0000,0.00
16:37:03,22.26362958740293,84.90937416854304,-68.501,-8.661,0.15,-0.000,-0.000,-164.9,23,0.0000,0.00
16:37:04,22.26362958740293,84.90937416854304,-68.501,-8.661,0.15,-0.000,-0.000,-164.9,23,0.0000,0.00
16:37:04,22.26362958740293,84.90937416854304,-68.501,-8.661,0.15,-0.000,-0.000,-164.9,23,0.0000,0.00
16:37:04,22.26362958740293,84.90937416854304,-68.501,-8.661,0.15,-0.000,-0.000,-164.9,23,0.0000,0.00
16:37:04,22.26362958740293,84.90937416854304,-68.501,-8.661,0.15,-0.000,-0.000,-164.9,23,0.0000,0.00
16:37:04,22.26362958740293,84.90937416854304,-68.501,-8.661,0.15,-0.000,-0.000,-164.9,23,0.0000,0.00
16:37:04,22.26362958740293,84.90937416854304,-68.501,-8.661,0.15,-0.000,-0.000,-164.8,23,0.0000,0.00
16:37:04,22.26362958740293,84.90937416854304,-68.501,-8.661,0.15,-0.000,-0.000,-164.8,23,0.0000,0.00
16:37:04,22.26362958740293,84.90937416854304,-68.501,-8.661,0.15,-0.000,-0.000,-164.8,23,0.0000,0.00
16:37:04,22.26362958740293,84.90937416854304,-68.501,-8.661,0.15,-0.000,-0.000,-164.8,23,0.0000,0.00
16:37:04,22.26362958740293,84.90937416854304,-68.501,-8.661,0.15,-0.000,-0.000,-164.8,23,10.0005,0.00
16:37:04,22.26362958740293,84.90937416854304,-68.501,-8.661,0.15,-0.000,-0.000,-164.7,23,0.0000,0.00
16:37:04,22.26362958740293,84.90937416854304,-68.501,-8.661,0.14,-0.000,-0.000,-164.7,23,0.0000,0.00
16:37:04,22.26362958740293,84.90937416854304,-68.501,-8.661,0.14,-0.000,-0.000,-164.7,23,0.0000,0.00
16:37:05,22.26362958740293,84.90937416854304,-68.501,-8.661,0.14,-0.000,-0.000,-164.7,23,0.0000,0.00
16:37:05,22.26362958740293,84.90937416854304,-68.501,-8.661,0.14,-0.000,-0.000,-164.7,23,0.0045,0.00
16:37:05,22.26362958740293,84.90937416854304,-68.501,-8.661,0.14,-0.000,-0.000,-164.6,23,0.0000,0.00
16:37:05,22.26362958740293,84.90937416854304,-68.501,-8.661,0.14,-0.000,-0.000,-164.6,23,0.0000,0.00
16:37:05,22.26362958740293,84.90937416854304,-68.501,-8.661,0.14,-0.000,-0.000,-164.6,23,0.0000,0.00
16:37:05,22.26362958740293,84.90937416854304,-68.501,-8.661,0.14,-0.000,-0.000,-164.6,23,0.0000,0.00
16:37:05,22.26362958740293,84.90937416854304,-68.501,-8.661,0.14,-0.000,-0.000,-164.6,23,0.0000,0.00
16:37:05,22.26362958740293,84.90937416854304,-68.501,-8.661,0.14,-0.000,-0.000,-164.6,23,0.0000,0.00
16:37:05,22.26362958740293,84.90937416854304,-68.501,-8.661,0.14,-0.000,-0.000,-164.6,23,0.0000,0.00
16:37:05,22.26362958740293,84.90937416854304,-68.501,-8.661,0.14,-0.000,-0.000,-164.6,23,0.0000,0.00
16:37:05,22.26362958740293,84.90937416854304,-68.501,-8.661,0.14,-0.000,-0.000,-164.6,23,0.0000,0.00
16:37:05,22.26362958740293,84.90937416854304,-68.501,-8.661,0.14,-0.000,-0.000,-164.6,23,0.0036,0.00
16:37:05,22.26362958740293,84.90937416854304,-68.501,-8.661,0.14,-0.000,-0.000,-164.6,23,0.0000,0.00
16:37:05,22.26362958740293,84.90937416854304,-68.501,-8.661,0.14,-0.000,-0.000,-164.6,23,0.0000,0.00
16:37:05,22.26362958740293,84.90937416854304,-68.501,-8.661,0.14,-0.000,-0.000,-164.6,23,0.0000,0.00
16:37:05,22.26362958740293,84.90937416854304,-68.501,-8.661,0.14,-0.000,-0.000,-164.6,23,0.0000,0.00
16:37:05,22.26362958740293,84.90937416854304,-68.501,-8.661,0.14,-0.000,-0.000,-164.5,23,0.0000,0.00
16:37:05,22.26362958740293,84.90937416854304,-68.501,-8.661,0.14,-0.000,-0.000,-164.5,23,0.0000,0.00
16:37:05,22.26362958740293,84.90937416854304,-68.501,-8.661,0.14,-0.000,-0.000,-164.5,23,0.0000,0.00
16:37:05,22.26362958740293,84.90937416854304,-68.501,-8.661,0.14,-0.000,-0.000,-164.5,23,0.0000,0.00
16:37:05,22.26362958740293,84.90937416854304,-68.501,-8.661,0.14,-0.000,-0.000,-164.5,23,0.0000,0.00
16:37:05,22.26362958740293,84.90937416854304,-68.501,-8.661,0.14,-0.000,-0.000,-164.5,23,0.0000,0.00
16:37:05,22.26362958740293,84.90937416854304,-68.501,-8.661,0.14,-0.000,-0.000,-164.5,23,0.0000,0.00
16:37:05,22.26362958740293,84.90937416854304,-68.501,-8.661,0.13,-0.000,-0.000,-164.5,23,0.0000,0.00
16:37:05,22.26362958740293,84.90937416854304,-68.501,-8.661,0.13,-0.000,-0.000,-164.5,23,0.0000,0.00
16:37:06,22.26362958740293,84.90937416854304,-68.501,-8.661,0.13,-0.000,-0.000,-164.5,23,0.0000,0.00
16:37:06,22.26362958740293,84.90937416854304,-68.501,-8.661,0.13,-0.000,-0.000,-164.5,23,0.0000,0.00
16:37:06,22.26362958740293,84.90937416854304,-68.501,-8.661,0.13,-0.000,-0.000,-164.5,23,0.0000,0.00
16:37:06,22.26362958740293,84.90937416854304,-68.501,-8.661,0.13,-0.000,-0.000,-164.5,23,0.0000,0.00
16:37:06,22.26362958740293,84.90937416854304,-68.501,-8.661,0.13,-0.000,-0.000,-164.6,23,0.0000,0.00
16:37:06,22.26362958740293,84.90937416854304,-68.501,-8.661,0.13,-0.000,-0.000,-164.6,23,0.0000,0.00
16:37:06,22.26362958740293,84.90937416854304,-68.501,-8.661,0.13,-0.000,-0.000,-164.6,23,0.0000,0.00
16:37:06,22.26362958740293,84.90937416854304,-68.501,-8.661,0.14,-0.000,-0.000,-164.6,23,0.0041,0.00
16:37:06,22.26362958740293,84.90937416854304,-68.501,-8.661,0.14,-0.000,-0.000,-164.6,23,0.0000,0.00
16:37:06,22.26362958740293,84.90937416854304,-68.501,-8.661,0.14,-0.000,-0.000,-164.6,23,0.0000,0.00
16:37:06,22.26362958740293,84.90937416854304,-68.501,-8.661,0.14,-0.000,-0.000,-164.6,23,0.0000,0.00
16:37:06,22.26362958740293,84.90937416854304,-68.501,-8.661,0.14,-0.000,-0.000,-164.6,23,0.0000,0.00
16:37:06,22.26362958740293,84.90937416854304,-68.501,-8.661,0.14,-0.000,-0.000,-164.6,23,0.0032,0.00
16:37:06,22.26362958740293,84.90937416854304,-68.501,-8.661,0.14,-0.000,-0.000,-164.6,23,0.0000,0.00
16:37:06,22.26362958740293,84.90937416854304,-68.501,-8.661,0.14,-0.000,-0.000,-164.6,23,0.0000,0.00
16:37:06,22.26362958740293,84.90937416854304,-68.501,-8.661,0.14,-0.000,-0.000,-164.6,23,0.0000,0.00
16:37:06,22.26362958740293,84.90937416854304,-68.501,-8.661,0.14,-0.000,-0.000,-164.6,23,0.0000,0.00
16:37:06,22.26362958740293,84.90937416854304,-68.501,-8.661,0.14,-0.000,-0.000,-164.6,23,0.0000,0.00
16:37:06,22.26362958740293,84.90937416854304,-68.501,-8.661,0.14,-0.000,-0.000,-164.6,23,0.0000,0.00
16:37:06,22.26362958740293,84.90937416854304,-68.501,-8.661,0.14,-0.000,-0.000,-164.6,23,0.0000,0.00
16:37:06,22.26362958740293,84.90937416854304,-68.501,-8.661,0.14,-0.000,-0.000,-164.6,23,0.0000,0.00
16:37:07,22.26362958740293,84.90937416854304,-68.501,-8.661,0.14,-0.000,-0.000,-164.6,23,0.0000,0.00
16:37:07,22.26362958740293,84.90937416854304,-68.501,-8.661,0.14,-0.000,-0.000,-164.7,23,10.0005,0.00
16:37:07,22.26362958740293,84.90937416854304,-68.501,-8.661,0.14,-0.000,-0.000,-164.7,23,0.0000,0.00
16:37:07,22.26362958740293,84.90937416854304,-68.501,-8.661,0.14,-0.000,-0.000,-164.8,23,0.0000,0.00
16:37:07,22.26362958740293,84.90937416854304,-68.501,-8.661,0.14,-0.000,-0.000,-164.8,23,0.0000,0.00
16:37:07,22.26362958740293,84.90937416854304,-68.501,-8.661,0.14,-0.000,-0.000,-164.8,23,0.0000,0.00
16:37:07,22.26362958740293,84.90937416854304,-68.501,-8.661,0.14,-0.000,-0.000,-164.9,23,0.0000,0.00
16:37:07,22.26362958740293,84.90937416854304,-68.501,-8.661,0.14,-0.000,-0.000,-164.9,24,0.0000,0.00
16:37:07,22.26362958740293,84.90937416854304,-68.501,-8.661,0.14,-0.000,-0.000,-165.0,24,0.0000,0.00
16:37:07,22.26362958740293,84.90937416854304,-68.501,-8.661,0.14,-0.000,-0.000,-165.1,24,0.0000,0.00
16:37:07,22.26362958740293,84.90937416854304,-68.501,-8.661,0.14,-0.000,-0.000,-165.2,24,0.0000,0.00
16:37:07,22.26362958740293,84.90937416854304,-68.501,-8.661,0.14,-0.000,-0.000,-165.2,24,0.0000,0.00
16:37:07,22.26362958740293,84.90937416854304,-68.501,-8.661,0.14,-0.000,-0.000,-165.3,24,0.0043,0.00
16:37:07,22.26362958740293,84.90937416854304,-68.501,-8.661,0.14,-0.000,-0.000,-165.3,24,0.0000,0.00
16:37:07,22.26362958740293,84.90937416854304,-68.501,-8.661,0.14,-0.000,-0.000,-165.4,24,0.0000,0.00
16:37:07,22.26362958740293,84.90937416854304,-68.501,-8.661,0.14,-0.000,-0.000,-165.4,24,0.0000,0.00
16:37:07,22.26362958740293,84.90937416854304,-68.501,-8.661,0.14,-0.000,-0.000,-165.4,24,0.0000,0.00
16:37:07,22.26362958740293,84.90937416854304,-68.501,-8.661,0.14,-0.000,-0.000,-165.5,24,0.0000,0.00
16:37:08,22.26362958740293,84.90937416854304,-68.501,-8.661,0.14,-0.000,-0.000,-165.5,24,0.0000,0.00
16:37:08,22.26362958740293,84.90937416854304,-68.501,-8.661,0.14,-0.000,-0.000,-165.5,24,0.0000,0.00
16:37:08,22.26362958740293,84.90937416854304,-68.501,-8.661,0.14,-0.000,-0.000,-165.6,24,0.0000,0.00
16:37:08,22.26362958740293,84.90937416854304,-68.501,-8.661,0.14,-0.000,-0.000,-165.6,24,0.0000,0.00
16:37:08,22.26362958740293,84.90937416854304,-68.501,-8.661,0.14,-0.000,-0.000,-165.6,24,0.0000,0.00
16:37:08,22.26362958740293,84.90937416854304,-68.501,-8.661,0.14,-0.000,-0.000,-165.6,24,0.0000,0.00
16:37:08,22.26362958740293,84.90937416854304,-68.501,-8.661,0.14,-0.000,-0.000,-165.7,24,0.0000,0.00
16:37:08,22.26362958740293,84.90937416854304,-68.501,-8.661,0.14,-0.000,-0.000,-165.7,24,0.0000,0.00
16:37:08,22.26362958740293,84.90937416854304,-68.501,-8.661,0.14,-0.000,-0.000,-165.7,24,0.0000,0.00
16:37:08,22.26362958740293,84.90937416854304,-68.501,-8.661,0.14,-0.000,-0.000,-165.7,24,0.0000,0.00
16:37:08,22.26362958740293,84.90937416854304,-68.501,-8.661,0.14,-0.000,-0.000,-165.7,24,0.0000,0.00
16:37:08,22.26362958740293,84.90937416854304,-68.501,-8.661,0.14,-0.000,-0.000,-165.6,24,0.0000,0.00
16:37:08,22.26362958740293,84.90937416854304,-68.501,-8.661,0.14,-0.000,-0.000,-165.6,24,0.0000,0.00
16:37:08,22.26362958740293,84.90937416854304,-68.501,-8.661,0.14,-0.000,-0.000,-165.6,24,0.0000,0.00
16:37:08,22.26362958740293,84.90937416854304,-68.501,-8.661,0.14,-0.000,-0.000,-165.6,24,0.0000,0.00
16:37:08,22.26362958740293,84.90937416854304,-68.501,-8.661,0.14,-0.000,-0.000,-165.6,24,0.0000,0.00
16:37:08,22.26362958740293,84.90937416854304,-68.501,-8.661,0.14,-0.000,-0.000,-165.6,24,0.0000,0.00
16:37:08,22.26362958740293,84.90937416854304,-68.501,-8.661,0.14,-0.000,-0.000,-165.6,24,0.0000,0.00
16:37:08,22.26362958740293,84.90937416854304,-68.501,-8.661,0.14,-0.000,-0.000,-165.6,24,0.0000,0.00
16:37:08,22.26362958740293,84.90937416854304,-68.501,-8.661,0.13,-0.000,-0.000,-165.6,24,0.0000,0.00
16:37:09,22.26362958740293,84.90937416854304,-68.501,-8.661,0.13,-0.000,-0.000,-165.6,24,0.0000,0.00
16:37:09,22.26362958740293,84.90937416854304,-68.501,-8.661,0.13,-0.000,-0.000,-165.6,24,0.0000,0.00
16:37:09,22.26362958740293,84.90937416854304,-68.501,-8.661,0.13,-0.000,-0.000,-165.7,24,0.0000,0.00
16:37:09,22.26362958740293,84.90937416854304,-68.501,-8.661,0.13,-0.000,-0.000,-165.7,24,0.0000,0.00
16:37:09,22.26362958740293,84.90937416854304,-68.501,-8.661,0.13,-0.000,-0.000,-165.7,24,0.0000,0.00
16:37:09,22.26362958740293,84.90937416854304,-68.501,-8.661,0.13,-0.000,-0.000,-165.6,24,0.0000,0.00
16:37:09,22.26362958740293,84.90937416854304,-68.501,-8.661,0.13,-0.000,-0.000,-165.6,24,0.0000,0.00
16:37:09,22.26362958740293,84.90937416854304,-68.501,-8.661,0.13,-0.000,-0.000,-165.6,24,0.0000,0.00
16:37:09,22.26362958740293,84.90937416854304,-68.501,-8.661,0.14,-0.000,-0.000,-165.6,24,0.0000,0.00
16:37:09,22.26362958740293,84.90937416854304,-68.501,-8.661,0.14,-0.000,-0.000,-165.6,24,0.0000,0.00
16:37:09,22.26362958740293,84.90937416854304,-68.501,-8.661,0.14,-0.000,-0.000,-165.6,24,0.0000,0.00
16:37:09,22.26362958740293,84.90937416854304,-68.501,-8.661,0.14,-0.000,-0.000,-165.6,24,0.0000,0.00
16:37:09,22.26362958740293,84.90937416854304,-68.501,-8.661,0.14,-0.000,-0.000,-165.6,25,0.0000,0.00
16:37:09,22.26362958740293,84.90937416854304,-68.501,-8.661,0.14,-0.000,-0.000,-165.5,25,0.0000,0.00
16:37:09,22.26362958740293,84.90937416854304,-68.501,-8.661,0.14,-0.000,-0.000,-165.5,25,0.0034,0.00
16:37:09,22.26362958740293,84.90937416854304,-68.501,-8.661,0.14,0.000,-0.000,-165.5,25,0.0034,0.00
16:37:09,22.26362958740293,84.90937416854304,-68.501,-8.661,0.14,0.000,-0.000,-165.4,25,0.0000,0.00
16:37:09,22.26362958740293,84.90937416854304,-68.501,-8.661,0.14,0.000,-0.000,-165.4,25,0.0000,0.00
16:37:09,22.26362958740293,84.90937416854304,-68.501,-8.661,0.14,0.000,-0.000,-165.4,25,0.0000,0.00
16:37:09,22.26362958740293,84.90937416854304,-68.501,-8.661,0.14,0.000,-0.000,-165.3,25,0.0053,0.00
16:37:10,22.26362958740293,84.90937416854304,-68.501,-8.661,0.14,0.000,-0.000,-165.3,25,0.0000,0.00
16:37:10,22.26362958740293,84.90937416854304,-68.501,-8.661,0.14,0.000,-0.000,-165.3,25,0.0000,0.00
16:37:10,22.26362958740293,84.90937416854304,-68.501,-8.661,0.14,0.000,-0.000,-165.3,25,0.0000,0.00
16:37:10,22.26362958740293,84.90937416854304,-68.501,-8.661,0.14,0.000,-0.000,-165.4,25,0.0000,0.00
16:37:10,22.26362958740293,84.90937416854304,-68.501,-8.661,0.14,-0.000,-0.000,-165.4,25,0.0035,0.00
16:37:10,22.26362958740293,84.90937416854304,-68.501,-8.661,0.14,-0.000,-0.000,-165.4,25,0.0000,0.00
16:37:10,22.26362958740293,84.90937416854304,-68.501,-8.661,0.14,-0.000,-0.000,-165.4,25,0.0000,0.00
16:37:10,22.26362958740293,84.90937416854304,-68.501,-8.661,0.14,-0.000,-0.000,-165.4,25,0.0000,0.00
16:37:10,22.26362958740293,84.90937416854304,-68.501,-8.661,0.14,-0.000,-0.000,-165.4,25,0.0000,0.00
16:37:10,22.26362958740293,84.90937416854304,-68.501,-8.661,0.14,-0.000,-0.000,-165.4,25,0.0000,0.00
16:37:10,22.26362958740293,84.90937416854304,-68.501,-8.661,0.14,-0.000,-0.000,-165.4,25,0.0000,0.00
16:37:10,22.26362958740293,84.90937416854304,-68.501,-8.661,0.14,-0.000,-0.000,-165.4,25,0.0000,0.00
16:37:10,22.26362958740293,84.90937416854304,-68.501,-8.661,0.14,-0.000,-0.000,-165.4,25,0.0000,0.00
16:37:10,22.26362958740293,84.90937416854304,-68.501,-8.661,0.14,-0.000,-0.000,-165.4,25,0.0000,0.00
16:37:10,22.26362958740293,84.90937416854304,-68.501,-8.661,0.14,0.000,-0.000,-165.4,25,0.0047,0.00
16:37:10,22.26362958740293,84.90937416854304,-68.501,-8.661,0.14,0.000,-0.000,-165.4,25,0.0000,0.00
16:37:10,22.26362958740293,84.90937416854304,-68.501,-8.661,0.14,0.000,-0.000,-165.4,25,0.0000,0.00
16:37:10,22.26362958740293,84.90937416854304,-68.501,-8.661,0.14,0.000,-0.000,-165.4,25,0.0000,0.00
16:37:10,22.26362958740293,84.90937416854304,-68.501,-8.661,0.14,0.000,-0.000,-165.4,25,0.0000,0.00
16:37:10,22.26362958740293,84.90937416854304,-68.501,-8.661,0.14,0.000,-0.000,-165.4,25,0.0000,0.00
16:37:11,22.26362958740293,84.90937416854304,-68.501,-8.661,0.14,0.000,-0.000,-165.4,25,0.0000,0.00
16:37:11,22.26362958740293,84.90937416854304,-68.501,-8.661,0.14,0.000,-0.000,-165.4,25,0.0000,0.00
16:37:11,22.26362958740293,84.90937416854304,-68.501,-8.661,0.14,0.000,-0.000,-165.4,25,0.0000,0.00
16:37:11,22.26362958740293,84.90937416854304,-68.501,-8.661,0.14,0.000,-0.000,-165.4,25,0.0000,0.00
16:37:11,22.26362958740293,84.90937416854304,-68.501,-8.661,0.14,0.000,-0.000,-165.4,25,0.0000,0.00
16:37:11,22.26362958740293,84.90937416854304,-68.501,-8.661,0.14,0.000,-0.000,-165.3,25,0.0000,0.00
16:37:11,22.26362958740293,84.90937416854304,-68.501,-8.661,0.14,0.000,-0.000,-165.3,25,0.0000,0.00
16:37:11,22.26362958740293,84.90937416854304,-68.501,-8.661,0.14,0.000,-0.000,-165.3,25,0.0000,0.00
16:37:11,22.26362958740293,84.90937416854304,-68.501,-8.661,0.14,0.000,-0.000,-165.3,25,0.0000,0.00
16:37:11,22.26362958740293,84.90937416854304,-68.501,-8.661,0.14,0.000,-0.000,-165.3,25,0.0000,0.00
16:37:11,22.26362958740293,84.90937416854304,-68.501,-8.661,0.14,0.000,-0.000,-165.3,25,0.0035,0.00
16:37:11,22.26362958740293,84.90937416854304,-68.501,-8.661,0.14,0.000,-0.000,-165.3,25,0.0000,0.00
16:37:11,22.26362958740293,84.90937416854304,-68.501,-8.661,0.14,0.000,-0.000,-165.3,25,0.0000,0.00
16:37:11,22.26362958740293,84.90937416854304,-68.501,-8.661,0.14,0.000,-0.000,-165.3,25,0.0000,0.00
16:37:11,22.26362958740293,84.90937416854304,-68.501,-8.661,0.14,0.000,-0.000,-165.3,25,0.0000,0.00
16:37:11,22.26362958740293,84.90937416854304,-68.501,-8.661,0.14,0.000,-0.000,-165.3,25,0.0030,0.00
16:37:11,22.26362958740293,84.90937416854304,-68.501,-8.661,0.14,0.000,-0.000,-165.3,25,0.0000,0.00
16:37:11,22.26362958740293,84.90937416854304,-68.501,-8.661,0.15,0.000,-0.000,-165.3,25,0.0000,0.00
16:37:11,22.26362958740293,84.90937416854304,-68.501,-8.661,0.15,0.000,-0.000,-165.3,25,0.0000,0.00
16:37:12,22.26362958740293,84.90937416854304,-68.501,-8.661,0.15,0.000,-0.000,-165.4,25,0.0000,0.00
16:37:12,22.26362958740293,84.90937416854304,-68.501,-8.661,0.15,-0.000,-0.000,-165.4,25,0.0031,0.00
16:37:12,22.26362958740293,84.90937416854304,-68.501,-8.661,0.15,-0.000,-0.000,-165.5,25,0.0000,0.00
16:37:12,22.26362958740293,84.90937416854304,-68.501,-8.661,0.15,-0.000,-0.000,-165.5,25,0.0000,0.00
16:37:12,22.26362958740293,84.90937416854304,-68.501,-8.661,0.15,-0.000,-0.000,-165.5,25,0.0000,0.00
16:37:12,22.26362958740293,84.90937416854304,-68.501,-8.661,0.15,-0.000,-0.000,-165.5,25,0.0000,0.00
16:37:12,22.26362958740293,84.90937416854304,-68.501,-8.661,0.15,0.000,-0.000,-165.5,25,0.0030,0.00
16:37:12,22.26362958740293,84.90937416854304,-68.501,-8.661,0.14,0.000,-0.000,-165.5,25,0.0000,0.00
16:37:12,22.26362958740293,84.90937416854304,-68.501,-8.661,0.14,0.000,-0.000,-165.5,25,0.0000,0.00
16:37:12,22.26362958740293,84.90937416854304,-68.501,-8.661,0.14,0.000,-0.000,-165.5,25,0.0000,0.00
16:37:12,22.26362958740293,84.90937416854304,-68.501,-8.661,0.14,0.000,-0.000,-165.5,25,0.0000,0.00
16:37:12,22.26362958740293,84.90937416854304,-68.501,-8.661,0.14,0.000,-0.000,-165.5,25,0.0021,0.00
16:37:12,22.26362958740293,84.90937416854304,-68.501,-8.661,0.14,0.000,-0.000,-165.5,25,0.0000,0.00
16:37:12,22.26362958740293,84.90937416854304,-68.501,-8.661,0.14,0.000,-0.000,-165.4,25,0.0000,0.00
16:37:12,22.26362958740293,84.90937416854304,-68.501,-8.661,0.14,0.000,-0.000,-165.4,25,0.0000,0.00
16:37:12,22.26362958740293,84.90937416854304,-68.501,-8.661,0.14,0.000,-0.000,-165.4,25,0.0000,0.00
16:37:12,22.26362958740293,84.90937416854304,-68.501,-8.661,0.14,0.000,-0.000,-165.4,25,0.0000,0.00
16:37:12,22.26362958740293,84.90937416854304,-68.501,-8.661,0.14,0.000,-0.000,-165.4,25,0.0000,0.00
16:37:12,22.26362958740293,84.90937416854304,-68.501,-8.661,0.14,0.000,-0.000,-165.4,25,0.0000,0.00
16:37:12,22.26362958740293,84.90937416854304,-68.501,-8.661,0.14,0.000,-0.000,-165.4,25,0.0000,0.00
16:37:13,22.26362958740293,84.90937416854304,-68.501,-8.661,0.14,0.000,-0.000,-165.4,25,0.0000,0.00
16:37:13,22.26362958740293,84.90937416854304,-68.501,-8.661,0.14,-0.000,0.000,-165.5,25,0.0042,0.00
16:37:13,22.26362958740293,84.90937416854304,-68.501,-8.661,0.14,-0.000,0.000,-165.5,25,0.0000,0.00
16:37:13,22.26362958740293,84.90937416854304,-68.501,-8.661,0.14,-0.000,0.000,-165.5,25,0.0000,0.00
16:37:13,22.26362958740293,84.90937416854304,-68.501,-8.661,0.14,-0.000,0.000,-165.5,25,0.0000,0.00
16:37:13,22.26362958740293,84.90937416854304,-68.501,-8.661,0.14,-0.000,0.000,-165.5,25,0.0000,0.00
16:37:13,22.26362958740293,84.90937416854304,-68.501,-8.661,0.14,-0.000,0.000,-165.6,25,0.0038,0.00
16:37:13,22.26362958740293,84.90937416854304,-68.501,-8.661,0.14,-0.000,0.000,-165.6,25,0.0000,0.00
16:37:13,22.26362958740293,84.90937416854304,-68.501,-8.661,0.14,-0.000,0.000,-165.6,25,0.0000,0.00
16:37:13,22.26362958740293,84.90937416854304,-68.501,-8.661,0.14,-0.000,0.000,-165.5,25,0.0000,0.00
16:37:13,22.26362958740293,84.90937416854304,-68.501,-8.661,0.14,-0.000,0.000,-165.5,25,0.0000,0.00
16:37:13,22.26362958740293,84.90937416854304,-68.501,-8.661,0.14,-0.000,0.000,-165.5,25,0.0000,0.00
16:37:13,22.26362958740293,84.90937416854304,-68.501,-8.661,0.13,-0.000,0.000,-165.5,25,0.0000,0.00
16:37:13,22.26362958740293,84.90937416854304,-68.501,-8.661,0.13,-0.000,0.000,-165.5,25,0.0000,0.00
16:37:13,22.26362958740293,84.90937416854304,-68.501,-8.661,0.13,-0.000,0.000,-165.5,25,0.0000,0.00
16:37:13,22.26362958740293,84.90937416854304,-68.501,-8.661,0.13,-0.000,0.000,-165.5,25,0.0000,0.00
16:37:13,22.26362958740293,84.90937416854304,-68.501,-8.661,0.13,-0.000,0.000,-165.5,25,0.0000,0.00
16:37:13,22.26362958740293,84.90937416854304,-68.501,-8.661,0.13,0.000,-0.000,-165.5,25,0.0042,0.00
16:37:13,22.26362958740293,84.90937416854304,-68.501,-8.661,0.13,0.000,-0.000,-165.5,25,0.0000,0.00
16:37:13,22.26362958740293,84.90937416854304,-68.501,-8.661,0.13,0.000,-0.000,-165.5,25,0.0000,0.00
16:37:14,22.26362958740293,84.90937416854304,-68.501,-8.661,0.13,0.000,-0.000,-165.5,25,0.0000,0.00
16:37:14,22.26362958740293,84.90937416854304,-68.501,-8.661,0.13,0.000,-0.000,-165.5,25,0.0000,0.00
16:37:14,22.26362958740293,84.90937416854304,-68.501,-8.661,0.13,0.000,-0.000,-165.5,25,0.0000,0.00
16:37:14,22.26362958740293,84.90937416854304,-68.501,-8.661,0.13,0.000,-0.000,-165.5,25,0.0000,0.00
16:37:14,22.26362958740293,84.90937416854304,-68.501,-8.661,0.13,0.000,-0.000,-165.5,25,0.0000,0.00
16:37:14,22.26362958740293,84.90937416854304,-68.501,-8.661,0.14,0.000,-0.000,-165.5,25,0.0000,0.00
16:37:14,22.26362958740293,84.90937416854304,-68.501,-8.661,0.14,0.000,-0.000,-165.5,25,0.0000,0.00
16:37:14,22.26362958740293,84.90937416854304,-68.501,-8.661,0.14,0.000,-0.000,-165.5,25,0.0000,0.00
16:37:14,22.26362958740293,84.90937416854304,-68.501,-8.661,0.14,0.000,-0.000,-165.4,25,0.0000,0.00
16:37:14,22.26362958740293,84.90937416854304,-68.501,-8.661,0.14,0.000,-0.000,-165.5,25,0.0000,0.00
16:37:14,22.26362958740293,84.90937416854304,-68.501,-8.661,0.14,0.000,-0.000,-165.5,25,0.0000,0.00
16:37:14,22.26362958740293,84.90937416854304,-68.501,-8.661,0.14,0.000,-0.000,-165.5,25,0.0000,0.00
16:37:14,22.26362958740293,84.90937416854304,-68.501,-8.661,0.14,0.000,-0.000,-165.5,25,0.0045,0.00
16:37:14,22.26362958740293,84.90937416854304,-68.501,-8.661,0.14,0.000,-0.000,-165.5,25,0.0000,0.00
16:37:14,22.26362958740293,84.90937416854304,-68.501,-8.661,0.14,0.000,-0.000,-165.5,25,0.0000,0.00
16:37:14,22.26362958740293,84.90937416854304,-68.501,-8.661,0.14,0.000,-0.000,-165.6,25,0.0000,0.00
16:37:14,22.26362958740293,84.90937416854304,-68.501,-8.661,0.14,0.000,-0.000,-165.6,25,0.0000,0.00
16:37:14,22.26362958740293,84.90937416854304,-68.501,-8.661,0.14,-0.000,0.000,-165.6,25,0.0036,0.00
16:37:14,22.26362958740293,84.90937416854304,-68.501,-8.661,0.14,-0.000,0.000,-165.6,25,0.0000,0.00
16:37:14,22.26362958740293,84.90937416854304,-68.501,-8.661,0.14,-0.000,0.000,-165.6,25,0.0000,0.00
16:37:15,22.26362958740293,84.90937416854304,-68.501,-8.661,0.14,-0.000,0.000,-165.6,25,0.0000,0.00
16:37:15,22.26362958740293,84.90937416854304,-68.501,-8.661,0.14,-0.000,0.000,-165.6,25,0.0000,0.00
16:37:15,22.26362958740293,84.90937416854304,-68.501,-8.661,0.14,-0.000,0.000,-165.6,25,0.0030,0.00
16:37:15,22.26362958740293,84.90937416854304,-68.501,-8.661,0.14,-0.000,0.000,-165.6,25,0.0000,0.00
16:37:15,22.26362958740293,84.90937416854304,-68.501,-8.661,0.14,-0.000,0.000,-165.6,25,0.0000,0.00
16:37:15,22.26362958740293,84.90937416854304,-68.501,-8.661,0.14,-0.000,0.000,-165.6,25,0.0000,0.00
16:37:15,22.26362958740293,84.90937416854304,-68.501,-8.661,0.14,-0.000,0.000,-165.6,25,0.0000,0.00
16:37:15,22.26362958740293,84.90937416854304,-68.501,-8.661,0.14,0.000,-0.000,-165.6,25,0.0039,0.00
16:37:15,22.26362958740293,84.90937416854304,-68.501,-8.661,0.14,0.000,-0.000,-165.6,25,0.0000,0.00
16:37:15,22.26362958740293,84.90937416854304,-68.501,-8.661,0.14,0.000,-0.000,-165.6,25,0.0000,0.00
16:37:15,22.26362958740293,84.90937416854304,-68.501,-8.661,0.14,0.000,-0.000,-165.6,26,0.0000,0.00
16:37:15,22.26362958740293,84.90937416854304,-68.501,-8.661,0.14,0.000,-0.000,-165.6,26,0.0000,0.00
16:37:15,22.26362958740293,84.90937416854304,-68.501,-8.661,0.14,-0.000,0.000,-165.6,26,0.0048,0.00
16:37:15,22.26362958740293,84.90937416854304,-68.501,-8.661,0.14,-0.000,0.000,-165.7,26,0.0000,0.00
16:37:15,22.26362958740293,84.90937416854304,-68.501,-8.661,0.14,-0.000,0.000,-165.7,26,0.0000,0.00
16:37:15,22.26362958740293,84.90937416854304,-68.501,-8.661,0.14,-0.000,0.000,-165.7,26,0.0000,0.00
16:37:15,22.26362958740293,84.90937416854304,-68.501,-8.661,0.14,-0.000,0.000,-165.6,26,0.0000,0.00
16:37:15,22.26362958740293,84.90937416854304,-68.501,-8.661,0.14,-0.000,0.000,-165.6,26,0.0000,0.00
16:37:15,22.26362958740293,84.90937416854304,-68.501,-8.661,0.14,-0.000,0.000,-165.6,26,0.0000,0.00
16:37:15,22.26362958740293,84.90937416854304,-68.501,-8.661,0.13,-0.000,0.000,-165.6,26,0.0000,0.00
16:37:16,22.26362958740293,84.90937416854304,-68.501,-8.661,0.13,-0.000,0.000,-165.6,26,0.0000,0.00
16:37:16,22.26362958740293,84.90937416854304,-68.501,-8.661,0.13,-0.000,0.000,-165.6,26,0.0000,0.00
16:37:16,22.26362958740293,84.90937416854304,-68.501,-8.661,0.13,-0.000,0.000,-165.6,26,0.0000,0.00
16:37:16,22.26362958740293,84.90937416854304,-68.501,-8.661,0.14,-0.000,0.000,-165.6,26,0.0000,0.00
16:37:16,22.26362958740293,84.90937416854304,-68.501,-8.661,0.14,-0.000,0.000,-165.6,26,0.0000,0.00
16:37:16,22.26362958740293,84.90937416854304,-68.501,-8.661,0.14,-0.000,0.000,-165.6,26,0.0000,0.00
16:37:16,22.26362958740293,84.90937416854304,-68.501,-8.661,0.14,-0.000,0.000,-165.6,26,0.0000,0.00
16:37:16,22.26362958740293,84.90937416854304,-68.501,-8.661,0.14,-0.000,0.000,-165.6,26,0.0000,0.00
16:37:16,22.26362958740293,84.90937416854304,-68.501,-8.661,0.14,-0.000,0.000,-165.6,26,0.0000,0.00
16:37:16,22.26362958740293,84.90937416854304,-68.501,-8.661,0.14,-0.000,0.000,-165.6,26,0.0000,0.00
16:37:16,22.26362958740293,84.90937416854304,-68.501,-8.661,0.14,-0.000,0.000,-165.7,26,0.0000,0.00
16:37:16,22.26362958740293,84.90937416854304,-68.501,-8.661,0.14,-0.000,0.000,-165.7,26,0.0000,0.00
16:37:16,22.26362958740293,84.90937416854304,-68.501,-8.661,0.14,-0.000,0.000,-165.7,26,0.0032,0.00
16:37:16,22.26362958740293,84.90937416854304,-68.501,-8.661,0.14,-0.000,0.000,-165.7,26,0.0000,0.00
16:37:16,22.26362958740293,84.90937416854304,-68.501,-8.661,0.14,-0.000,0.000,-165.7,26,0.0000,0.00
16:37:16,22.26362958740293,84.90937416854304,-68.501,-8.661,0.14,-0.000,0.000,-165.7,26,0.0000,0.00
16:37:16,22.26362958740293,84.90937416854304,-68.501,-8.661,0.14,-0.000,0.000,-165.7,26,0.0000,0.00
16:37:16,22.26362958740293,84.90937416854304,-68.501,-8.661,0.14,-0.000,0.000,-165.7,26,0.0000,0.00
16:37:16,22.26362958740293,84.90937416854304,-68.501,-8.661,0.14,-0.000,0.000,-165.8,26,0.0000,0.00
16:37:17,22.26362958740293,84.90937416854304,-68.501,-8.661,0.14,-0.000,0.000,-165.8,26,0.0000,0.00
16:37:17,22.26362958740293,84.90937416854304,-68.501,-8.661,0.14,-0.000,0.000,-165.8,26,0.0000,0.00
16:37:17,22.26362958740293,84.90937416854304,-68.501,-8.661,0.14,-0.000,0.000,-165.8,26,0.0000,0.00
16:37:17,22.26362958740293,84.90937416854304,-68.501,-8.661,0.14,-0.000,0.000,-165.9,26,0.0000,0.00
16:37:17,22.26362958740293,84.90937416854304,-68.501,-8.661,0.14,-0.000,0.000,-165.9,26,0.0000,0.00
16:37:17,22.26362958740293,84.90937416854304,-68.501,-8.661,0.14,-0.000,0.000,-165.9,26,0.0000,0.00
16:37:17,22.26362958740293,84.90937416854304,-68.501,-8.661,0.14,-0.000,0.000,-165.9,26,0.0000,0.00
16:37:17,22.26362958740293,84.90937416854304,-68.501,-8.661,0.14,-0.000,0.000,-166.0,26,0.0000,0.00
16:37:17,22.26362958740293,84.90937416854304,-68.501,-8.661,0.14,-0.000,0.000,-166.0,26,0.0000,0.00
16:37:17,22.26362958740293,84.90937416854304,-68.501,-8.661,0.14,-0.000,0.000,-166.0,26,0.0000,0.00
16:37:17,22.26362958740293,84.90937416854304,-68.501,-8.661,0.14,-0.000,0.000,-166.0,26,0.0000,0.00
16:37:17,22.26362958740293,84.90937416854304,-68.501,-8.661,0.14,-0.000,0.000,-166.0,26,0.0000,0.00
16:37:17,22.26362958740293,84.90937416854304,-68.501,-8.661,0.14,-0.000,0.000,-166.0,26,0.0000,0.00
16:37:17,22.26362958740293,84.90937416854304,-68.501,-8.661,0.14,-0.000,0.000,-166.0,26,0.0000,0.00
16:37:17,22.26362958740293,84.90937416854304,-68.501,-8.661,0.14,-0.000,0.000,-166.0,26,0.0000,0.00
16:37:17,22.26362958740293,84.90937416854304,-68.501,-8.661,0.14,-0.000,0.000,-166.0,26,0.0000,0.00
16:37:17,22.26362958740293,84.90937416854304,-68.501,-8.661,0.14,-0.000,0.000,-166.0,26,0.0000,0.00
16:37:17,22.26362958740293,84.90937416854304,-68.501,-8.661,0.14,-0.000,0.000,-166.0,26,0.0000,0.00
16:37:17,22.26362958740293,84.90937416854304,-68.501,-8.661,0.14,-0.000,0.000,-166.0,26,0.0000,0.00
16:37:17,22.26362958740293,84.90937416854304,-68.501,-8.661,0.14,-0.000,0.000,-166.0,26,0.0000,0.00
16:37:18,22.26362958740293,84.90937416854304,-68.501,-8.661,0.14,-0.000,0.000,-166.0,26,0.0000,0.00
16:37:18,22.26362958740293,84.90937416854304,-68.501,-8.661,0.14,-0.000,0.000,-166.0,26,0.0000,0.00
16:37:18,22.26362958740293,84.90937416854304,-68.501,-8.661,0.14,-0.000,0.000,-166.0,26,0.0000,0.00
16:37:18,22.26362958740293,84.90937416854304,-68.501,-8.661,0.14,-0.000,0.000,-166.0,26,0.0000,0.00
16:37:18,22.26362958740293,84.90937416854304,-68.501,-8.661,0.14,-0.000,0.000,-166.0,26,0.0000,0.00
16:37:18,22.26362958740293,84.90937416854304,-68.501,-8.661,0.14,-0.000,0.000,-166.0,26,0.0000,0.00
16:37:18,22.26362958740293,84.90937416854304,-68.501,-8.661,0.14,-0.000,0.000,-166.0,26,0.0000,0.00
16:37:18,22.26362958740293,84.90937416854304,-68.501,-8.661,0.14,-0.000,0.000,-166.0,26,0.0000,0.00
16:37:18,22.26362958740293,84.90937416854304,-68.501,-8.661,0.14,-0.000,0.000,-166.0,26,0.0000,0.00
16:37:18,22.26362958740293,84.90937416854304,-68.501,-8.661,0.14,-0.000,0.000,-165.9,26,0.0000,0.00
16:37:18,22.26362958740293,84.90937416854304,-68.501,-8.661,0.14,-0.000,0.000,-165.9,26,0.0000,0.00
16:37:18,22.26362958740293,84.90937416854304,-68.501,-8.661,0.14,-0.000,0.000,-165.9,26,0.0000,0.00
16:37:18,22.26362958740293,84.90937416854304,-68.501,-8.661,0.14,-0.000,0.000,-165.9,26,0.0000,0.00
16:37:19,22.26362958740293,84.90937416854304,-68.501,-8.661,0.14,-0.000,0.000,-165.9,26,0.0000,0.00
16:37:19,22.26362958740293,84.90937416854304,-68.501,-8.661,0.14,-0.000,0.000,-165.9,26,0.0000,0.00
16:37:19,22.26362958740293,84.90937416854304,-68.501,-8.661,0.14,-0.000,0.000,-165.9,26,0.0000,0.00
16:37:19,22.26362958740293,84.90937416854304,-68.501,-8.661,0.14,-0.000,0.000,-165.9,26,0.0000,0.00
16:37:19,22.26362958740293,84.90937416854304,-68.501,-8.661,0.14,-0.000,0.000,-165.9,26,0.0000,0.00
16:37:19,22.26362958740293,84.90937416854304,-68.501,-8.661,0.14,-0.000,0.000,-165.9,26,0.0000,0.00
16:37:19,22.26362958740293,84.90937416854304,-68.501,-8.661,0.14,-0.000,0.000,-165.9,26,0.0000,0.00
16:37:19,22.26362958740293,84.90937416854304,-68.501,-8.661,0.14,0.000,-0.000,-165.9,26,0.0026,0.00
16:37:19,22.26362958740293,84.90937416854304,-68.501,-8.661,0.14,0.000,-0.000,-166.0,26,0.0000,0.00
16:37:19,22.26362958740293,84.90937416854304,-68.501,-8.661,0.14,0.000,-0.000,-166.0,26,0.0000,0.00
16:37:19,22.26362958740293,84.90937416854304,-68.501,-8.661,0.14,0.000,-0.000,-166.0,26,0.0000,0.00
16:37:19,22.26362958740293,84.90937416854304,-68.501,-8.661,0.14,0.000,-0.000,-166.0,26,0.0000,0.00
16:37:20,22.26362958740293,84.90937416854304,-68.501,-8.661,0.14,-0.000,0.000,-166.0,26,0.0035,0.00
16:37:20,22.26362958740293,84.90937416854304,-68.501,-8.661,0.14,-0.000,0.000,-166.0,26,0.0000,0.00
16:37:20,22.26362958740293,84.90937416854304,-68.501,-8.661,0.14,-0.000,0.000,-166.0,26,0.0000,0.00
16:37:20,22.26362958740293,84.90937416854304,-68.501,-8.661,0.14,-0.000,0.000,-166.0,26,0.0000,0.00
16:37:20,22.26362958740293,84.90937416854304,-68.501,-8.661,0.14,-0.000,0.000,-165.9,26,0.0000,0.00
16:37:20,22.26362958740293,84.90937416854304,-68.501,-8.661,0.14,0.000,-0.000,-165.9,26,0.0040,0.00
16:37:20,22.26362958740293,84.90937416854304,-68.501,-8.661,0.14,0.000,-0.000,-165.9,26,0.0000,0.00
16:37:20,22.26362958740293,84.90937416854304,-68.501,-8.661,0.14,0.000,-0.000,-165.9,26,0.0000,0.00
16:37:20,22.26362958740293,84.90937416854304,-68.501,-8.661,0.14,0.000,-0.000,-165.9,26,0.0000,0.00
16:37:20,22.26362958740293,84.90937416854304,-68.501,-8.661,0.14,0.000,-0.000,-165.9,26,0.0000,0.00
16:37:20,22.26362958740293,84.90937416854304,-68.501,-8.661,0.14,-0.000,0.000,-165.9,26,0.0033,0.00
16:37:20,22.26362958740293,84.90937416854304,-68.501,-8.661,0.14,-0.000,0.000,-165.9,26,0.0000,0.00
16:37:20,22.26362958740293,84.90937416854304,-68.501,-8.661,0.14,-0.000,0.000,-165.9,26,0.0000,0.00
16:37:20,22.26362958740293,84.90937416854304,-68.501,-8.661,0.14,-0.000,0.000,-165.9,26,0.0000,0.00
16:37:20,22.26362958740293,84.90937416854304,-68.501,-8.661,0.14,-0.000,0.000,-165.9,26,0.0000,0.00
16:37:20,22.26362958740293,84.90937416854304,-68.501,-8.661,0.14,-0.000,0.000,-166.0,26,0.0049,0.00
16:37:20,22.26362958740293,84.90937416854304,-68.501,-8.661,0.14,-0.000,0.000,-166.1,26,0.0000,0.00
16:37:20,22.26362958740293,84.90937416854304,-68.501,-8.661,0.14,-0.000,0.000,-166.1,26,0.0000,0.00
16:37:20,22.26362958740293,84.90937416854304,-68.501,-8.661,0.14,-0.000,0.000,-166.1,26,0.0000,0.00
16:37:20,22.26362958740293,84.90937416854304,-68.501,-8.661,0.14,-0.000,0.000,-166.1,26,0.0000,0.00
16:37:20,22.26362958740293,84.90937416854304,-68.501,-8.661,0.14,-0.000,0.000,-166.2,26,0.0000,0.00
16:37:20,22.26362958740293,84.90937416854304,-68.501,-8.661,0.14,-0.000,0.000,-166.2,26,0.0000,0.00
16:37:20,22.26362958740293,84.90937416854304,-68.501,-8.661,0.14,-0.000,0.000,-166.2,26,0.0000,0.00
16:37:20,22.26362958740293,84.90937416854304,-68.501,-8.661,0.14,-0.000,0.000,-166.2,26,0.0000,0.00
16:37:20,22.26362958740293,84.90937416854304,-68.501,-8.661,0.14,-0.000,0.000,-166.2,26,0.0000,0.00
16:37:20,22.26362958740293,84.90937416854304,-68.501,-8.661,0.14,-0.000,0.000,-166.2,26,0.0040,0.00
16:37:20,22.26362958740293,84.90937416854304,-68.501,-8.661,0.13,-0.000,0.000,-166.3,26,0.0000,0.00
16:37:20,22.26362958740293,84.90937416854304,-68.501,-8.661,0.13,-0.000,0.000,-166.3,26,0.0000,0.00
16:37:20,22.26362958740293,84.90937416854304,-68.501,-8.661,0.13,-0.000,0.000,-166.3,26,0.0000,0.00
16:37:20,22.26362958740293,84.90937416854304,-68.501,-8.661,0.13,-0.000,0.000,-166.3,26,0.0000,0.00
16:37:20,22.26362958740293,84.90937416854304,-68.501,-8.661,0.13,-0.000,0.000,-166.3,26,0.0000,0.00
16:37:20,22.26362958740293,84.90937416854304,-68.501,-8.661,0.13,-0.000,0.000,-166.3,26,0.0000,0.00
16:37:20,22.26362958740293,84.90937416854304,-68.501,-8.661,0.13,-0.000,0.000,-166.3,26,0.0000,0.00
16:37:20,22.26362958740293,84.90937416854304,-68.501,-8.661,0.13,-0.000,0.000,-166.3,26,0.0000,0.00
16:37:21,22.26362958740293,84.90937416854304,-68.501,-8.661,0.13,-0.000,0.000,-166.3,26,0.0000,0.00
16:37:21,22.26362958740293,84.90937416854304,-68.501,-8.661,0.13,-0.000,0.000,-166.3,26,0.0000,0.00
16:37:21,22.26362958740293,84.90937416854304,-68.501,-8.661,0.13,-0.000,0.000,-166.3,26,0.0000,0.00
16:37:21,22.26362958740293,84.90937416854304,-68.501,-8.661,0.13,-0.000,0.000,-166.3,26,0.0000,0.00
16:37:21,22.26362958740293,84.90937416854304,-68.501,-8.661,0.13,-0.000,0.000,-166.3,26,0.0000,0.00
16:37:21,22.26362958740293,84.90937416854304,-68.501,-8.661,0.13,-0.000,0.000,-166.3,26,0.0000,0.00
16:37:21,22.26362958740293,84.90937416854304,-68.501,-8.661,0.13,-0.000,0.000,-166.3,26,0.0000,0.00
16:37:21,22.26362958740293,84.90937416854304,-68.501,-8.661,0.13,0.000,-0.000,-166.3,26,0.0027,0.00
16:37:21,22.26362958740293,84.90937416854304,-68.501,-8.661,0.13,0.000,-0.000,-166.2,26,0.0000,0.00
16:37:21,22.26362958740293,84.90937416854304,-68.501,-8.661,0.13,0.000,-0.000,-166.2,26,0.0000,0.00
16:37:21,22.26362958740293,84.90937416854304,-68.501,-8.661,0.13,0.000,-0.000,-166.2,26,0.0000,0.00
16:37:21,22.26362958740293,84.90937416854304,-68.501,-8.661,0.13,0.000,-0.000,-166.2,26,0.0000,0.00
16:37:21,22.26362958740293,84.90937416854304,-68.501,-8.661,0.13,0.000,-0.000,-166.2,26,0.0052,0.00
16:37:21,22.26362958740293,84.90937416854304,-68.501,-8.661,0.13,0.000,-0.000,-166.2,26,0.0000,0.00
16:37:21,22.26362958740293,84.90937416854304,-68.501,-8.661,0.14,0.000,-0.000,-166.2,26,0.0000,0.00
16:37:21,22.26362958740293,84.90937416854304,-68.501,-8.661,0.14,0.000,-0.000,-166.2,26,0.0000,0.00
16:37:21,22.26362958740293,84.90937416854304,-68.501,-8.661,0.14,0.000,-0.000,-166.2,26,0.0000,0.00
16:37:21,22.26362958740293,84.90937416854304,-68.501,-8.661,0.14,0.000,-0.000,-166.2,26,0.0000,0.00
16:37:21,22.26362958740293,84.90937416854304,-68.501,-8.661,0.13,0.000,-0.000,-166.2,26,0.0000,0.00
16:37:21,22.26362958740293,84.90937416854304,-68.501,-8.661,0.13,0.000,-0.000,-166.2,26,0.0000,0.00
16:37:22,22.26362958740293,84.90937416854304,-68.501,-8.661,0.13,0.000,-0.000,-166.2,26,0.0000,0.00
16:37:22,22.26362958740293,84.90937416854304,-68.501,-8.661,0.13,0.000,-0.000,-166.2,26,0.0000,0.00
16:37:22,22.26362958740293,84.90937416854304,-68.501,-8.661,0.13,0.000,-0.000,-166.2,26,0.0000,0.00
16:37:22,22.26362958740293,84.90937416854304,-68.501,-8.661,0.13,0.000,-0.000,-166.2,26,0.0000,0.00
16:37:22,22.26362958740293,84.90937416854304,-68.501,-8.661,0.13,0.000,-0.000,-166.2,26,0.0000,0.00
16:37:22,22.26362958740293,84.90937416854304,-68.501,-8.661,0.13,0.000,-0.000,-166.2,26,0.0000,0.00
16:37:22,22.26362958740293,84.90937416854304,-68.501,-8.661,0.14,0.000,-0.000,-166.2,26,0.0000,0.00
16:37:22,22.26362958740293,84.90937416854304,-68.501,-8.661,0.14,0.000,-0.000,-166.2,26,0.0000,0.00
16:37:22,22.26362958740293,84.90937416854304,-68.501,-8.661,0.14,0.000,-0.000,-166.2,26,0.0000,0.00
16:37:22,22.26362958740293,84.90937416854304,-68.501,-8.661,0.14,0.000,-0.000,-166.2,26,0.0000,0.00
16:37:22,22.26362958740293,84.90937416854304,-68.501,-8.661,0.14,0.000,-0.000,-166.2,26,0.0000,0.00
16:37:22,22.26362958740293,84.90937416854304,-68.501,-8.661,0.14,0.000,-0.000,-166.2,26,0.0000,0.00
16:37:22,22.26362958740293,84.90937416854304,-68.501,-8.661,0.14,0.000,-0.000,-166.2,26,0.0000,0.00
16:37:22,22.26362958740293,84.90937416854304,-68.501,-8.661,0.14,0.000,-0.000,-166.2,26,0.0000,0.00
16:37:22,22.26362958740293,84.90937416854304,-68.501,-8.661,0.14,0.000,-0.000,-166.2,26,0.0000,0.00
16:37:22,22.26362958740293,84.90937416854304,-68.501,-8.661,0.14,0.000,-0.000,-166.2,26,0.0000,0.00
16:37:22,22.26362958740293,84.90937416854304,-68.501,-8.661,0.14,0.000,-0.000,-166.2,26,0.0000,0.00
16:37:22,22.26362958740293,84.90937416854304,-68.501,-8.661,0.14,0.000,-0.000,-166.2,26,0.0000,0.00
16:37:22,22.26362958740293,84.90937416854304,-68.501,-8.661,0.14,0.000,-0.000,-166.2,26,0.0000,0.00
16:37:23,22.26362958740293,84.90937416854304,-68.501,-8.661,0.14,0.000,-0.000,-166.2,26,0.0000,0.00
16:37:23,22.26362958740293,84.90937416854304,-68.501,-8.661,0.14,0.000,-0.000,-166.2,26,0.0000,0.00
16:37:23,22.26362958740293,84.90937416854304,-68.501,-8.661,0.14,0.000,-0.000,-166.2,26,0.0000,0.00
16:37:23,22.26362958740293,84.90937416854304,-68.501,-8.661,0.14,0.000,-0.000,-166.2,26,0.0000,0.00
16:37:23,22.26362958740293,84.90937416854304,-68.501,-8.661,0.13,0.000,-0.000,-166.2,26,0.0032,0.00
16:37:23,22.26362958740293,84.90937416854304,-68.501,-8.661,0.13,0.000,-0.000,-166.2,26,0.0000,0.00
16:37:23,22.26362958740293,84.90937416854304,-68.501,-8.661,0.13,0.000,-0.000,-166.2,26,0.0000,0.00
16:37:23,22.26362958740293,84.90937416854304,-68.501,-8.661,0.13,0.000,-0.000,-166.2,26,0.0000,0.00
16:37:23,22.26362958740293,84.90937416854304,-68.501,-8.661,0.13,0.000,0.000,-166.2,26,0.0019,0.00
16:37:23,22.26362958740293,84.90937416854304,-68.501,-8.661,0.13,0.000,0.000,-166.2,26,0.0019,0.00
16:37:23,22.26362958740293,84.90937416854304,-68.501,-8.661,0.13,0.000,0.000,-166.2,26,0.0000,0.00
16:37:23,22.26362958740293,84.90937416854304,-68.501,-8.661,0.13,0.000,0.000,-166.2,26,0.0000,0.00
16:37:23,22.26362958740293,84.90937416854304,-68.501,-8.661,0.13,0.000,0.000,-166.2,26,0.0000,0.00
16:37:23,22.26362958740293,84.90937416854304,-68.501,-8.661,0.14,0.000,0.000,-166.2,26,0.0000,0.00
16:37:23,22.26362958740293,84.90937416854304,-68.501,-8.661,0.14,0.000,0.000,-166.2,26,0.0000,0.00
16:37:23,22.26362958740293,84.90937416854304,-68.501,-8.661,0.14,0.000,0.000,-166.2,26,0.0000,0.00
16:37:23,22.26362958740293,84.90937416854304,-68.501,-8.661,0.14,0.000,0.000,-166.2,26,0.0000,0.00
16:37:23,22.26362958740293,84.90937416854304,-68.501,-8.661,0.14,0.000,0.000,-166.2,26,0.0000,0.00
16:37:23,22.26362958740293,84.90937416854304,-68.501,-8.661,0.14,0.000,0.000,-166.2,26,0.0035,0.00
16:37:23,22.26362958740293,84.90937416854304,-68.501,-8.661,0.14,0.000,0.000,-166.2,26,0.0000,0.00
16:37:24,22.26362958740293,84.90937416854304,-68.501,-8.661,0.14,0.000,0.000,-166.2,26,0.0000,0.00
16:37:24,22.26362958740293,84.90937416854304,-68.501,-8.661,0.14,0.000,0.000,-166.2,26,0.0000,0.00
16:37:24,22.26362958740293,84.90937416854304,-68.501,-8.661,0.14,0.000,0.000,-166.2,26,0.0000,0.00
16:37:24,22.26362958740293,84.90937416854304,-68.501,-8.661,0.14,0.000,0.000,-166.2,26,0.0000,0.00
16:37:24,22.26362958740293,84.90937416854304,-68.501,-8.661,0.14,0.000,0.000,-166.2,26,0.0000,0.00
16:37:24,22.26362958740293,84.90937416854304,-68.501,-8.661,0.14,0.000,0.000,-166.2,26,0.0000,0.00
16:37:24,22.26362958740293,84.90937416854304,-68.501,-8.661,0.14,0.000,0.000,-166.2,26,0.0000,0.00
16:37:24,22.26362958740293,84.90937416854304,-68.501,-8.661,0.14,0.000,0.000,-166.1,26,0.0000,0.00
16:37:24,22.26362958740293,84.90937416854304,-68.501,-8.661,0.14,0.000,-0.000,-166.1,26,0.0031,0.00
16:37:24,22.26362958740293,84.90937416854304,-68.501,-8.661,0.14,0.000,-0.000,-166.1,26,0.0000,0.00
16:37:24,22.26362958740293,84.90937416854304,-68.501,-8.661,0.14,0.000,-0.000,-166.1,26,0.0000,0.00
16:37:24,22.26362958740293,84.90937416854304,-68.501,-8.661,0.14,0.000,-0.000,-166.1,26,0.0000,0.00
16:37:24,22.26362958740293,84.90937416854304,-68.501,-8.661,0.14,0.000,-0.000,-166.1,26,0.0000,0.00
16:37:24,22.26362958740293,84.90937416854304,-68.501,-8.661,0.14,0.000,-0.000,-166.1,26,0.0000,0.00
16:37:24,22.26362958740293,84.90937416854304,-68.501,-8.661,0.14,-0.000,0.000,-166.1,26,0.0032,0.00
16:37:24,22.26362958740293,84.90937416854304,-68.501,-8.661,0.14,-0.000,0.000,-166.1,26,0.0000,0.00
16:37:24,22.26362958740293,84.90937416854304,-68.501,-8.661,0.14,-0.000,0.000,-166.1,26,0.0000,0.00
16:37:24,22.26362958740293,84.90937416854304,-68.501,-8.661,0.14,-0.000,0.000,-166.1,26,0.0000,0.00
16:37:24,22.26362958740293,84.90937416854304,-68.501,-8.661,0.14,-0.000,0.000,-166.1,26,0.0000,0.00
16:37:24,22.26362958740293,84.90937416854304,-68.501,-8.661,0.14,-0.000,-0.000,-166.1,26,0.0038,0.00
16:37:25,22.26362958740293,84.90937416854304,-68.501,-8.661,0.14,-0.000,-0.000,-166.1,26,0.0000,0.00
16:37:25,22.26362958740293,84.90937416854304,-68.501,-8.661,0.14,-0.000,-0.000,-166.1,26,0.0000,0.00
16:37:25,22.26362958740293,84.90937416854304,-68.501,-8.661,0.14,-0.000,-0.000,-166.1,26,0.0000,0.00
16:37:25,22.26362958740293,84.90937416854304,-68.501,-8.661,0.14,-0.000,-0.000,-166.1,26,0.0000,0.00
16:37:25,22.26362958740293,84.90937416854304,-68.501,-8.661,0.14,-0.000,-0.000,-166.1,26,0.0000,0.00
16:37:25,22.26362958740293,84.90937416854304,-68.501,-8.661,0.14,-0.000,-0.000,-166.0,26,0.0000,0.00
16:37:25,22.26362958740293,84.90937416854304,-68.501,-8.661,0.14,-0.000,-0.000,-166.0,26,0.0000,0.00
16:37:25,22.26362958740293,84.90937416854304,-68.501,-8.661,0.14,-0.000,-0.000,-166.0,26,0.0000,0.00
16:37:25,22.26362958740293,84.90937416854304,-68.501,-8.661,0.14,-0.000,-0.000,-166.0,26,0.0000,0.00
16:37:25,22.26362958740293,84.90937416854304,-68.501,-8.661,0.14,-0.000,-0.000,-166.0,26,0.0000,0.00
16:37:25,22.26362958740293,84.90937416854304,-68.501,-8.661,0.14,-0.000,-0.000,-166.0,26,0.0000,0.00
16:37:25,22.26362958740293,84.90937416854304,-68.501,-8.661,0.14,-0.000,-0.000,-166.0,26,0.0000,0.00
16:37:25,22.26362958740293,84.90937416854304,-68.501,-8.661,0.14,-0.000,-0.000,-166.0,26,0.0000,0.00
16:37:25,22.26362958740293,84.90937416854304,-68.501,-8.661,0.14,-0.000,-0.000,-165.9,26,0.0000,0.00
16:37:25,22.26362958740293,84.90937416854304,-68.501,-8.661,0.14,0.000,-0.000,-165.9,26,0.0038,0.00
16:37:25,22.26362958740293,84.90937416854304,-68.501,-8.661,0.14,0.000,-0.000,-165.9,26,0.0000,0.00
16:37:25,22.26362958740293,84.90937416854304,-68.501,-8.661,0.14,0.000,-0.000,-165.9,26,0.0000,0.00
16:37:25,22.26362958740293,84.90937416854304,-68.501,-8.661,0.14,0.000,-0.000,-165.9,26,0.0000,0.00
16:37:25,22.26362958740293,84.90937416854304,-68.501,-8.661,0.14,0.000,-0.000,-165.9,26,0.0000,0.00
16:37:25,22.26362958740293,84.90937416854304,-68.501,-8.661,0.14,0.000,-0.000,-165.9,26,0.0043,0.00
16:37:26,22.26362958740293,84.90937416854304,-68.501,-8.661,0.14,0.000,-0.000,-165.8,26,0.0000,0.00
16:37:26,22.26362958740293,84.90937416854304,-68.501,-8.661,0.14,0.000,-0.000,-165.8,26,0.0000,0.00
16:37:26,22.26362958740293,84.90937416854304,-68.501,-8.661,0.14,0.000,-0.000,-165.8,26,0.0000,0.00
16:37:26,22.26362958740293,84.90937416854304,-68.501,-8.661,0.14,0.000,-0.000,-165.9,26,0.0000,0.00
16:37:26,22.26362958740293,84.90937416854304,-68.501,-8.661,0.14,-0.000,-0.000,-165.9,26,0.0026,0.00
16:37:26,22.26362958740293,84.90937416854304,-68.501,-8.661,0.14,-0.000,-0.000,-165.8,26,0.0000,0.00
16:37:26,22.26362958740293,84.90937416854304,-68.501,-8.661,0.14,-0.000,-0.000,-165.8,26,0.0000,0.00
16:37:26,22.26362958740293,84.90937416854304,-68.501,-8.661,0.14,-0.000,-0.000,-165.8,26,0.0000,0.00
16:37:26,22.26362958740293,84.90937416854304,-68.501,-8.661,0.14,-0.000,-0.000,-165.8,26,0.0000,0.00
16:37:26,22.26362958740293,84.90937416854304,-68.501,-8.661,0.14,0.000,0.000,-165.9,26,0.0040,0.00
16:37:26,22.26362958740293,84.90937416854304,-68.501,-8.661,0.14,0.000,0.000,-165.9,26,0.0000,0.00
16:37:26,22.26362958740293,84.90937416854304,-68.501,-8.661,0.13,0.000,0.000,-165.9,26,0.0000,0.00
16:37:26,22.26362958740293,84.90937416854304,-68.501,-8.661,0.13,0.000,0.000,-165.9,26,0.0000,0.00
16:37:26,22.26362958740293,84.90937416854304,-68.501,-8.661,0.13,0.000,0.000,-165.9,26,0.0000,0.00
16:37:26,22.26362958740293,84.90937416854304,-68.501,-8.661,0.13,0.000,0.000,-165.9,26,0.0000,0.00
16:37:26,22.26362958740293,84.90937416854304,-68.501,-8.661,0.15,0.000,0.000,-165.9,26,0.0000,0.00
16:37:26,22.26362958740293,84.90937416854304,-68.501,-8.661,0.15,0.000,0.000,-165.9,26,0.0000,0.00
16:37:26,22.26362958740293,84.90937416854304,-68.501,-8.661,0.15,0.000,0.000,-166.0,26,0.0000,0.00
16:37:26,22.26362958740293,84.90937416854304,-68.501,-8.661,0.15,0.000,0.000,-166.0,26,0.0000,0.00
16:37:26,22.26362958740293,84.90937416854304,-68.501,-8.661,0.15,0.000,0.000,-166.0,26,0.0000,0.00
16:37:27,22.26362958740293,84.90937416854304,-68.501,-8.661,0.15,0.000,0.000,-166.0,26,0.0000,0.00
16:37:27,22.26362958740293,84.90937416854304,-68.501,-8.661,0.15,0.000,0.000,-166.1,26,0.0000,0.00
16:37:27,22.26362958740293,84.90937416854304,-68.501,-8.661,0.15,0.000,0.000,-166.1,26,0.0000,0.00
16:37:27,22.26362958740293,84.90937416854304,-68.501,-8.661,0.14,0.000,0.000,-166.1,26,0.0000,0.00
16:37:27,22.26362958740293,84.90937416854304,-68.501,-8.661,0.14,0.000,0.000,-166.1,26,0.0000,0.00
16:37:27,22.26362958740293,84.90937416854304,-68.501,-8.661,0.14,-0.000,-0.000,-166.1,26,0.0031,0.00
16:37:27,22.26362958740293,84.90937416854304,-68.501,-8.661,0.14,-0.000,-0.000,-166.1,26,0.0000,0.00
16:37:27,22.26362958740293,84.90937416854304,-68.501,-8.661,0.14,-0.000,-0.000,-166.2,26,0.0000,0.00
16:37:27,22.26362958740293,84.90937416854304,-68.501,-8.661,0.14,-0.000,-0.000,-166.2,26,0.0000,0.00
16:37:27,22.26362958740293,84.90937416854304,-68.501,-8.661,0.14,-0.000,-0.000,-166.2,26,0.0000,0.00
16:37:27,22.26362958740293,84.90937416854304,-68.501,-8.661,0.14,-0.000,-0.000,-166.2,26,0.0043,0.00
16:37:27,22.26362958740293,84.90937416854304,-68.501,-8.661,0.14,-0.000,-0.000,-166.2,26,0.0000,0.00
16:37:27,22.26362958740293,84.90937416854304,-68.501,-8.661,0.15,-0.000,-0.000,-166.2,26,0.0000,0.00
16:37:27,22.26362958740293,84.90937416854304,-68.501,-8.661,0.15,-0.000,-0.000,-166.2,26,0.0000,0.00
16:37:27,22.26362958740293,84.90937416854304,-68.501,-8.661,0.15,-0.000,-0.000,-166.1,26,0.0000,0.00
16:37:27,22.26362958740293,84.90937416854304,-68.501,-8.661,0.15,-0.000,0.000,-166.1,26,0.0033,0.00
16:37:27,22.26362958740293,84.90937416854304,-68.501,-8.661,0.14,-0.000,0.000,-166.1,26,0.0000,0.00
16:37:27,22.26362958740293,84.90937416854304,-68.501,-8.661,0.14,-0.000,0.000,-166.1,26,0.0000,0.00
16:37:28,22.26362958740293,84.90937416854304,-68.501,-8.661,0.14,-0.000,0.000,-166.1,26,0.0000,0.00
16:37:28,22.26362958740293,84.90937416854304,-68.501,-8.661,0.14,-0.000,0.000,-166.1,26,0.0000,0.00
16:37:28,22.26362958740293,84.90937416854304,-68.501,-8.661,0.14,-0.000,0.000,-166.1,26,0.0000,0.00
16:37:28,22.26362958740293,84.90937416854304,-68.501,-8.661,0.14,-0.000,0.000,-166.1,26,0.0000,0.00
16:37:28,22.26362958740293,84.90937416854304,-68.501,-8.661,0.14,-0.000,0.000,-166.1,26,0.0000,0.00
16:37:28,22.26362958740293,84.90937416854304,-68.501,-8.661,0.14,-0.000,0.000,-166.1,26,0.0000,0.00
16:37:28,22.26362958740293,84.90937416854304,-68.501,-8.661,0.15,-0.000,0.000,-166.0,26,0.0000,0.00
16:37:28,22.26362958740293,84.90937416854304,-68.501,-8.661,0.15,-0.000,0.000,-166.0,26,0.0000,0.00
16:37:28,22.26362958740293,84.90937416854304,-68.501,-8.661,0.15,-0.000,0.000,-166.0,26,0.0000,0.00
16:37:28,22.26362958740293,84.90937416854304,-68.501,-8.661,0.15,-0.000,0.000,-166.0,26,0.0000,0.00
16:37:28,22.26362958740293,84.90937416854304,-68.501,-8.661,0.15,-0.000,0.000,-166.0,26,0.0000,0.00
16:37:28,22.26362958740293,84.90937416854304,-68.501,-8.661,0.14,-0.000,0.000,-166.0,26,0.0000,0.00
16:37:28,22.26362958740293,84.90937416854304,-68.501,-8.661,0.14,-0.000,0.000,-166.0,26,0.0000,0.00
16:37:28,22.26362958740293,84.90937416854304,-68.501,-8.661,0.14,-0.000,0.000,-166.0,26,0.0000,0.00
16:37:28,22.26362958740293,84.90937416854304,-68.501,-8.661,0.14,-0.000,0.000,-166.0,26,0.0000,0.00
16:37:28,22.26362958740293,84.90937416854304,-68.501,-8.661,0.14,-0.000,0.000,-166.0,26,0.0000,0.00
16:37:28,22.26362958740293,84.90937416854304,-68.501,-8.661,0.14,-0.000,0.000,-166.0,26,0.0000,0.00
16:37:28,22.26362958740293,84.90937416854304,-68.501,-8.661,0.14,-0.000,0.000,-166.0,26,0.0000,0.00
16:37:28,22.26362958740293,84.90937416854304,-68.501,-8.661,0.14,-0.000,0.000,-166.0,26,0.0000,0.00
16:37:28,22.26362958740293,84.90937416854304,-68.501,-8.661,0.14,-0.000,0.000,-166.0,26,0.0000,0.00
16:37:29,22.26362958740293,84.90937416854304,-68.501,-8.661,0.14,-0.000,0.000,-166.0,26,0.0000,0.00
16:37:29,22.26362958740293,84.90937416854304,-68.501,-8.661,0.14,-0.000,0.000,-166.0,26,0.0000,0.00
16:37:29,22.26362958740293,84.90937416854304,-68.501,-8.661,0.14,-0.000,0.000,-166.0,26,0.0000,0.00
16:37:29,22.26362958740293,84.90937416854304,-68.501,-8.661,0.14,-0.000,0.000,-166.0,26,0.0000,0.00
16:37:29,22.26362958740293,84.90937416854304,-68.501,-8.661,0.15,-0.000,0.000,-166.0,26,0.0000,0.00
16:37:29,22.26362958740293,84.90937416854304,-68.501,-8.661,0.15,-0.000,0.000,-166.0,26,0.0000,0.00
16:37:29,22.26362958740293,84.90937416854304,-68.501,-8.661,0.15,-0.000,0.000,-166.0,26,0.0000,0.00
16:37:29,22.26362958740293,84.90937416854304,-68.501,-8.661,0.15,-0.000,0.000,-166.0,26,0.0000,0.00
16:37:29,22.26362958740293,84.90937416854304,-68.501,-8.661,0.15,0.000,-0.000,-166.0,26,0.0024,0.00
16:37:29,22.26362958740293,84.90937416854304,-68.501,-8.661,0.15,0.000,-0.000,-166.0,26,0.0000,0.00
16:37:29,22.26362958740293,84.90937416854304,-68.501,-8.661,0.15,0.000,-0.000,-166.0,26,0.0000,0.00
16:37:29,22.26362958740293,84.90937416854304,-68.501,-8.661,0.15,0.000,-0.000,-166.0,26,0.0000,0.00
16:37:29,22.26362958740293,84.90937416854304,-68.501,-8.661,0.15,0.000,-0.000,-166.0,26,0.0000,0.00
16:37:29,22.26362958740293,84.90937416854304,-68.501,-8.661,0.15,0.000,-0.000,-166.0,26,0.0000,0.00
16:37:29,22.26362958740293,84.90937416854304,-68.501,-8.661,0.15,0.000,-0.000,-166.0,26,0.0000,0.00
16:37:29,22.26362958740293,84.90937416854304,-68.501,-8.661,0.15,0.000,-0.000,-166.1,26,0.0000,0.00
16:37:29,22.26362958740293,84.90937416854304,-68.501,-8.661,0.15,0.000,-0.000,-166.1,26,0.0000,0.00
16:37:29,22.26362958740293,84.90937416854304,-68.501,-8.661,0.15,0.000,-0.000,-166.1,26,0.0000,0.00
16:37:29,22.26362958740293,84.90937416854304,-68.501,-8.661,0.15,0.000,-0.000,-166.1,26,0.0000,0.00
16:37:29,22.26362958740293,84.90937416854304,-68.501,-8.661,0.15,0.000,-0.000,-166.1,26,0.0000,0.00
16:37:30,22.26362958740293,84.90937416854304,-68.501,-8.661,0.14,0.000,-0.000,-166.2,26,0.0000,0.00
16:37:30,22.26362958740293,84.90937416854304,-68.501,-8.661,0.14,0.000,-0.000,-166.2,26,0.0000,0.00
16:37:30,22.26362958740293,84.90937416854304,-68.501,-8.661,0.14,0.000,-0.000,-166.2,26,0.0000,0.00
16:37:30,22.26362958740293,84.90937416854304,-68.501,-8.661,0.14,0.000,-0.000,-166.2,26,0.0000,0.00
16:37:30,22.26362958740293,84.90937416854304,-68.501,-8.661,0.14,0.000,-0.000,-166.2,26,0.0000,0.00
16:37:30,22.26362958740293,84.90937416854304,-68.501,-8.661,0.14,0.000,-0.000,-166.3,26,0.0000,0.00
16:37:30,22.26362958740293,84.90937416854304,-68.501,-8.661,0.14,0.000,-0.000,-166.3,26,0.0000,0.00
16:37:30,22.26362958740293,84.90937416854304,-68.501,-8.661,0.14,0.000,-0.000,-166.3,26,0.0000,0.00
16:37:30,22.26362958740293,84.90937416854304,-68.501,-8.661,0.14,0.000,-0.000,-166.3,26,0.0000,0.00
16:37:30,22.26362958740293,84.90937416854304,-68.501,-8.661,0.14,0.000,-0.000,-166.3,26,0.0000,0.00
16:37:30,22.26362958740293,84.90937416854304,-68.501,-8.661,0.14,0.000,-0.000,-166.4,26,0.0000,0.00
16:37:30,22.26362958740293,84.90937416854304,-68.501,-8.661,0.14,0.000,-0.000,-166.4,26,0.0000,0.00
16:37:30,22.26362958740293,84.90937416854304,-68.501,-8.661,0.14,0.000,-0.000,-166.4,26,0.0000,0.00
16:37:30,22.26362958740293,84.90937416854304,-68.501,-8.661,0.14,0.000,-0.000,-166.4,26,0.0000,0.00
16:37:30,22.26362958740293,84.90937416854304,-68.501,-8.661,0.14,-0.000,0.000,-166.4,26,0.0025,0.00
16:37:30,22.26362958740293,84.90937416854304,-68.501,-8.661,0.14,-0.000,0.000,-166.4,26,0.0000,0.00
16:37:30,22.26362958740293,84.90937416854304,-68.501,-8.661,0.14,-0.000,0.000,-166.4,26,0.0000,0.00
16:37:30,22.26362958740293,84.90937416854304,-68.501,-8.661,0.14,-0.000,0.000,-166.3,26,0.0000,0.00
16:37:30,22.26362958740293,84.90937416854304,-68.501,-8.661,0.14,-0.000,0.000,-166.3,26,0.0029,0.00
16:37:30,22.26362958740293,84.90937416854304,-68.501,-8.661,0.14,-0.000,0.000,-166.3,26,0.0000,0.00
16:37:31,22.26362958740293,84.90937416854304,-68.501,-8.661,0.14,-0.000,0.000,-166.3,26,0.0000,0.00
16:37:31,22.26362958740293,84.90937416854304,-68.501,-8.661,0.14,-0.000,0.000,-166.3,26,0.0000,0.00
16:37:31,22.26362958740293,84.90937416854304,-68.501,-8.661,0.14,-0.000,0.000,-166.3,26,0.0000,0.00
16:37:31,22.26362958740293,84.90937416854304,-68.501,-8.661,0.14,-0.000,0.000,-166.3,26,0.0047,0.00
16:37:31,22.26362958740293,84.90937416854304,-68.501,-8.661,0.14,-0.000,0.000,-166.2,26,0.0000,0.00
16:37:31,22.26362958740293,84.90937416854304,-68.501,-8.661,0.15,-0.000,0.000,-166.1,26,0.0000,0.00
16:37:31,22.26362958740293,84.90937416854304,-68.501,-8.661,0.15,-0.000,0.000,-166.1,26,0.0000,0.00
16:37:31,22.26362958740293,84.90937416854304,-68.501,-8.661,0.15,-0.000,0.000,-166.1,26,0.0000,0.00
16:37:31,22.26362958740293,84.90937416854304,-68.501,-8.661,0.15,-0.000,0.000,-166.1,26,0.0044,0.00
16:37:31,22.26362958740293,84.90937416854304,-68.501,-8.661,0.14,-0.000,0.000,-166.0,26,0.0000,0.00
16:37:31,22.26362958740293,84.90937416854304,-68.501,-8.661,0.14,-0.000,0.000,-166.0,26,0.0000,0.00
16:37:31,22.26362958740293,84.90937416854304,-68.501,-8.661,0.14,-0.000,0.000,-166.0,26,0.0000,0.00
16:37:31,22.26362958740293,84.90937416854304,-68.501,-8.661,0.14,-0.000,0.000,-166.0,26,0.0000,0.00
16:37:31,22.26362958740293,84.90937416854304,-68.501,-8.661,0.14,-0.000,0.000,-165.9,26,0.0031,0.00
16:37:31,22.26362958740293,84.90937416854304,-68.501,-8.661,0.14,-0.000,0.000,-165.9,26,0.0000,0.00
16:37:31,22.26362958740293,84.90937416854304,-68.501,-8.661,0.14,-0.000,0.000,-165.9,26,0.0000,0.00
16:37:31,22.26362958740293,84.90937416854304,-68.501,-8.661,0.14,-0.000,0.000,-165.9,26,0.0000,0.00
16:37:31,22.26362958740293,84.90937416854304,-68.501,-8.661,0.14,-0.000,0.000,-166.0,26,0.0000,0.00
16:37:31,22.26362958740293,84.90937416854304,-68.501,-8.661,0.14,-0.000,0.000,-166.0,26,0.0000,0.00
16:37:32,22.26362958740293,84.90937416854304,-68.501,-8.661,0.14,-0.000,0.000,-166.0,26,0.0000,0.00
16:37:32,22.26362958740293,84.90937416854304,-68.501,-8.661,0.14,-0.000,0.000,-166.0,26,0.0000,0.00
16:37:32,22.26362958740293,84.90937416854304,-68.501,-8.661,0.14,-0.000,0.000,-166.0,26,0.0000,0.00
16:37:32,22.26362958740293,84.90937416854304,-68.501,-8.661,0.13,-0.000,0.000,-166.0,26,0.0000,0.00
16:37:32,22.26362958740293,84.90937416854304,-68.501,-8.661,0.13,-0.000,0.000,-166.0,26,0.0000,0.00
16:37:32,22.26362958740293,84.90937416854304,-68.501,-8.661,0.13,-0.000,0.000,-166.0,26,0.0000,0.00
16:37:32,22.26362958740293,84.90937416854304,-68.501,-8.661,0.13,-0.000,0.000,-166.0,26,0.0000,0.00
16:37:32,22.26362958740293,84.90937416854304,-68.501,-8.661,0.13,-0.000,0.000,-166.0,26,0.0000,0.00
16:37:32,22.26362958740293,84.90937416854304,-68.501,-8.661,0.13,-0.000,0.000,-166.0,26,0.0000,0.00
16:37:32,22.26362958740293,84.90937416854304,-68.501,-8.661,0.13,-0.000,0.000,-166.0,26,0.0000,0.00
16:37:32,22.26362958740293,84.90937416854304,-68.501,-8.661,0.13,0.000,-0.000,-166.0,26,0.0031,0.00
16:37:32,22.26362958740293,84.90937416854304,-68.501,-8.661,0.14,0.000,-0.000,-166.0,26,0.0000,0.00
16:37:32,22.26362958740293,84.90937416854304,-68.501,-8.661,0.14,0.000,-0.000,-166.0,26,0.0000,0.00
16:37:32,22.26362958740293,84.90937416854304,-68.501,-8.661,0.14,0.000,-0.000,-166.1,26,0.0000,0.00
16:37:32,22.26362958740293,84.90937416854304,-68.501,-8.661,0.14,0.000,-0.000,-166.1,26,0.0000,0.00
16:37:32,22.26362958740293,84.90937416854304,-68.501,-8.661,0.14,0.000,-0.000,-166.1,26,0.0000,0.00
16:37:32,22.26362958740293,84.90937416854304,-68.501,-8.661,0.14,0.000,-0.000,-166.1,26,0.0000,0.00
16:37:32,22.26362958740293,84.90937416854304,-68.501,-8.661,0.14,0.000,-0.000,-166.1,26,0.0000,0.00
16:37:32,22.26362958740293,84.90937416854304,-68.501,-8.661,0.14,0.000,-0.000,-166.1,26,0.0000,0.00
16:37:32,22.26362958740293,84.90937416854304,-68.501,-8.661,0.14,0.000,-0.000,-166.1,26,0.0000,0.00
16:37:32,22.26362958740293,84.90937416854304,-68.501,-8.661,0.14,-0.000,0.000,-166.1,26,0.0027,0.00
16:37:33,22.26362958740293,84.90937416854304,-68.501,-8.661,0.14,-0.000,0.000,-166.1,26,0.0000,0.00
16:37:33,22.26362958740293,84.90937416854304,-68.501,-8.661,0.14,-0.000,0.000,-166.1,26,0.0000,0.00
16:37:33,22.26362958740293,84.90937416854304,-68.501,-8.661,0.14,-0.000,0.000,-166.1,26,0.0000,0.00
16:37:33,22.26362958740293,84.90937416854304,-68.501,-8.661,0.14,-0.000,0.000,-166.1,26,0.0000,0.00
16:37:33,22.26362958740293,84.90937416854304,-68.501,-8.661,0.14,-0.000,0.000,-166.1,26,0.0040,0.00
16:37:33,22.26362958740293,84.90937416854304,-68.501,-8.661,0.14,-0.000,0.000,-166.1,26,0.0000,0.00
16:37:33,22.26362958740293,84.90937416854304,-68.501,-8.661,0.14,-0.000,0.000,-166.1,26,0.0000,0.00
16:37:33,22.26362958740293,84.90937416854304,-68.501,-8.661,0.14,-0.000,0.000,-166.1,26,0.0000,0.00
16:37:33,22.26362958740293,84.90937416854304,-68.501,-8.661,0.14,-0.000,0.000,-166.1,26,0.0000,0.00
16:37:33,22.26362958740293,84.90937416854304,-68.501,-8.661,0.14,-0.000,-0.000,-166.1,26,0.0026,0.00
16:37:33,22.26362958740293,84.90937416854304,-68.501,-8.661,0.14,-0.000,-0.000,-166.1,26,0.0000,0.00
16:37:33,22.26362958740293,84.90937416854304,-68.501,-8.661,0.14,-0.000,-0.000,-166.1,26,0.0000,0.00
16:37:34,22.26362958740293,84.90937416854304,-68.501,-8.661,0.14,-0.000,-0.000,-166.2,26,0.0000,0.00
16:37:34,22.26362958740293,84.90937416854304,-68.501,-8.661,0.14,-0.000,-0.000,-166.2,26,0.0000,0.00
16:37:34,22.26362958740293,84.90937416854304,-68.501,-8.661,0.14,-0.000,-0.000,-166.2,26,0.0000,0.00
16:37:34,22.26362958740293,84.90937416854304,-68.501,-8.661,0.14,-0.000,-0.000,-166.2,26,0.0000,0.00
16:37:34,22.26362958740293,84.90937416854304,-68.501,-8.661,0.14,-0.000,-0.000,-166.2,26,0.0000,0.00
16:37:34,22.26362958740293,84.90937416854304,-68.501,-8.661,0.14,-0.000,-0.000,-166.2,26,0.0000,0.00
16:37:34,22.26362958740293,84.90937416854304,-68.501,-8.661,0.14,-0.000,-0.000,-166.2,26,0.0000,0.00
16:37:34,22.26362958740293,84.90937416854304,-68.501,-8.661,0.14,-0.000,-0.000,-166.2,26,0.0000,0.00
16:37:34,22.26362958740293,84.90937416854304,-68.501,-8.661,0.14,-0.000,-0.000,-166.3,26,0.0000,0.00
16:37:34,22.26362958740293,84.90937416854304,-68.501,-8.661,0.14,-0.000,-0.000,-166.3,26,0.0000,0.00
16:37:34,22.26362958740293,84.90937416854304,-68.501,-8.661,0.14,-0.000,-0.000,-166.3,26,0.0000,0.00
16:37:34,22.26362958740293,84.90937416854304,-68.501,-8.661,0.14,-0.000,-0.000,-166.3,26,0.0000,0.00
16:37:34,22.26362958740293,84.90937416854304,-68.501,-8.661,0.14,-0.000,-0.000,-166.3,26,0.0000,0.00
16:37:34,22.26362958740293,84.90937416854304,-68.501,-8.661,0.14,-0.000,-0.000,-166.3,26,0.0000,0.00
16:37:34,22.26362958740293,84.90937416854304,-68.501,-8.661,0.14,-0.000,-0.000,-166.3,26,0.0000,0.00
16:37:35,22.26362958740293,84.90937416854304,-68.501,-8.661,0.14,-0.000,-0.000,-166.4,26,0.0000,0.00
16:37:35,22.26362958740293,84.90937416854304,-68.501,-8.661,0.14,-0.000,-0.000,-166.4,26,0.0000,0.00
16:37:35,22.26362958740293,84.90937416854304,-68.501,-8.661,0.14,-0.000,-0.000,-166.4,26,0.0000,0.00
16:37:35,22.26362958740293,84.90937416854304,-68.501,-8.661,0.14,-0.000,-0.000,-166.4,26,0.0000,0.00
16:37:35,22.26362958740293,84.90937416854304,-68.501,-8.661,0.14,-0.000,-0.000,-166.5,26,0.0000,0.00
16:37:35,22.26362958740293,84.90937416854304,-68.501,-8.661,0.14,-0.000,-0.000,-166.5,26,0.0000,0.00
16:37:35,22.26362958740293,84.90937416854304,-68.501,-8.661,0.14,-0.000,-0.000,-166.5,26,0.0000,0.00
16:37:35,22.26362958740293,84.90937416854304,-68.501,-8.661,0.14,-0.000,-0.000,-166.5,26,0.0000,0.00
16:37:35,22.26362958740293,84.90937416854304,-68.501,-8.661,0.14,-0.000,-0.000,-166.5,26,0.0000,0.00
16:37:35,22.26362958740293,84.90937416854304,-68.501,-8.661,0.14,-0.000,-0.000,-166.5,26,0.0000,0.00
16:37:35,22.26362958740293,84.90937416854304,-68.501,-8.661,0.14,-0.000,-0.000,-166.5,26,0.0000,0.00
16:37:35,22.26362958740293,84.90937416854304,-68.501,-8.661,0.14,-0.000,-0.000,-166.5,26,0.0000,0.00
16:37:35,22.26362958740293,84.90937416854304,-68.501,-8.661,0.14,-0.000,-0.000,-166.5,26,0.0000,0.00
16:37:35,22.26362958740293,84.90937416854304,-68.501,-8.661,0.14,0.000,-0.000,-166.4,26,0.0043,0.00
16:37:35,22.26362958740293,84.90937416854304,-68.501,-8.661,0.14,0.000,-0.000,-166.4,26,0.0000,0.00
16:37:35,22.26362958740293,84.90937416854304,-68.501,-8.661,0.14,0.000,-0.000,-166.4,26,0.0000,0.00
16:37:35,22.26362958740293,84.90937416854304,-68.501,-8.661,0.14,0.000,-0.000,-166.4,26,0.0000,0.00
16:37:35,22.26362958740293,84.90937416854304,-68.501,-8.661,0.14,0.000,-0.000,-166.4,26,0.0000,0.00
16:37:35,22.26362958740293,84.90937416854304,-68.501,-8.661,0.14,0.000,0.000,-166.4,26,0.0029,0.00
16:37:35,22.26362958740293,84.90937416854304,-68.501,-8.661,0.14,0.000,0.000,-166.4,26,0.0000,0.00
16:37:35,22.26362958740293,84.90937416854304,-68.501,-8.661,0.14,0.000,0.000,-166.4,26,0.0000,0.00
16:37:35,22.26362958740293,84.90937416854304,-68.501,-8.661,0.14,0.000,0.000,-166.4,26,0.0000,0.00
16:37:35,22.26362958740293,84.90937416854304,-68.501,-8.661,0.14,0.000,0.000,-166.4,26,0.0000,0.00
16:37:35,22.26362958740293,84.90937416854304,-68.501,-8.661,0.15,0.000,0.000,-166.4,26,0.0028,0.00
16:37:35,22.26362958740293,84.90937416854304,-68.501,-8.661,0.15,0.000,0.000,-166.4,26,0.0000,0.00
16:37:35,22.26362958740293,84.90937416854304,-68.501,-8.661,0.15,0.000,0.000,-166.4,26,0.0000,0.00
16:37:35,22.26362958740293,84.90937416854304,-68.501,-8.661,0.15,0.000,0.000,-166.4,26,0.0000,0.00
16:37:35,22.26362958740293,84.90937416854304,-68.501,-8.661,0.15,0.000,0.000,-166.4,26,0.0000,0.00
16:37:35,22.26362958740293,84.90937416854304,-68.501,-8.661,0.15,-0.000,0.000,-166.4,26,0.0035,0.00
16:37:35,22.26362958740293,84.90937416854304,-68.501,-8.661,0.15,-0.000,0.000,-166.4,26,0.0000,0.00
16:37:35,22.26362958740293,84.90937416854304,-68.501,-8.661,0.15,-0.000,0.000,-166.4,26,0.0000,0.00
16:37:36,22.26362958740293,84.90937416854304,-68.501,-8.661,0.14,-0.000,0.000,-166.4,26,0.0000,0.00
16:37:36,22.26362958740293,84.90937416854304,-68.501,-8.661,0.14,-0.000,0.000,-166.4,26,0.0000,0.00
16:37:36,22.26362958740293,84.90937416854304,-68.501,-8.661,0.14,0.000,-0.000,-166.4,26,0.0053,0.00
16:37:36,22.26362958740293,84.90937416854304,-68.501,-8.661,0.14,0.000,-0.000,-166.4,26,0.0000,0.00
16:37:36,22.26362958740293,84.90937416854304,-68.501,-8.661,0.15,0.000,-0.000,-166.4,26,0.0000,0.00
16:37:36,22.26362958740293,84.90937416854304,-68.501,-8.661,0.15,0.000,-0.000,-166.4,26,0.0000,0.00
16:37:36,22.26362958740293,84.90937416854304,-68.501,-8.661,0.15,0.000,-0.000,-166.4,26,0.0000,0.00
16:37:36,22.26362958740293,84.90937416854304,-68.501,-8.661,0.15,0.000,-0.000,-166.4,26,0.0000,0.00
16:37:36,22.26362958740293,84.90937416854304,-68.501,-8.661,0.15,0.000,-0.000,-166.4,26,0.0000,0.00
16:37:36,22.26362958740293,84.90937416854304,-68.501,-8.661,0.15,0.000,-0.000,-166.4,26,0.0000,0.00
16:37:36,22.26362958740293,84.90937416854304,-68.501,-8.661,0.15,0.000,-0.000,-166.4,26,0.0000,0.00
16:37:36,22.26362958740293,84.90937416854304,-68.501,-8.661,0.15,0.000,-0.000,-166.4,26,0.0000,0.00
16:37:36,22.26362958740293,84.90937416854304,-68.501,-8.661,0.15,0.000,-0.000,-166.4,26,0.0000,0.00
16:37:36,22.26362958740293,84.90937416854304,-68.501,-8.661,0.15,0.000,-0.000,-166.4,26,0.0000,0.00
16:37:36,22.26362958740293,84.90937416854304,-68.501,-8.661,0.15,0.000,-0.000,-166.4,26,0.0000,0.00
16:37:36,22.26362958740293,84.90937416854304,-68.501,-8.661,0.15,0.000,-0.000,-166.4,26,0.0000,0.00
16:37:36,22.26362958740293,84.90937416854304,-68.501,-8.661,0.15,0.000,-0.000,-166.4,26,0.0000,0.00
16:37:36,22.26362958740293,84.90937416854304,-68.501,-8.661,0.14,0.000,-0.000,-166.4,26,0.0000,0.00
16:37:36,22.26362958740293,84.90937416854304,-68.501,-8.661,0.14,0.000,0.000,-166.4,26,0.0021,0.00
16:37:36,22.26362958740293,84.90937416854304,-68.501,-8.661,0.14,0.000,0.000,-166.4,26,0.0000,0.00
16:37:36,22.26362958740293,84.90937416854304,-68.501,-8.661,0.14,0.000,0.000,-166.5,26,0.0000,0.00
16:37:37,22.26362958740293,84.90937416854304,-68.501,-8.661,0.14,0.000,0.000,-166.4,26,0.0000,0.00
16:37:37,22.26362958740293,84.90937416854304,-68.501,-8.661,0.14,0.000,0.000,-166.4,26,0.0000,0.00
16:37:37,22.26362958740293,84.90937416854304,-68.501,-8.661,0.14,0.000,0.000,-166.4,26,0.0030,0.00
16:37:37,22.26362958740293,84.90937416854304,-68.501,-8.661,0.14,0.000,0.000,-166.5,26,0.0000,0.00
16:37:37,22.26362958740293,84.90937416854304,-68.501,-8.661,0.14,0.000,0.000,-166.5,26,0.0000,0.00
16:37:37,22.26362958740293,84.90937416854304,-68.501,-8.661,0.14,0.000,0.000,-166.4,26,0.0000,0.00
16:37:37,22.26362958740293,84.90937416854304,-68.501,-8.661,0.14,0.000,0.000,-166.4,26,0.0000,0.00
16:37:37,22.26362958740293,84.90937416854304,-68.501,-8.661,0.14,0.000,0.000,-166.4,26,0.0048,0.00
16:37:37,22.26362958740293,84.90937416854304,-68.501,-8.661,0.15,0.000,0.000,-166.4,26,0.0000,0.00
16:37:37,22.26362958740293,84.90937416854304,-68.501,-8.661,0.15,0.000,0.000,-166.4,26,0.0000,0.00
16:37:37,22.26362958740293,84.90937416854304,-68.501,-8.661,0.15,0.000,0.000,-166.4,26,0.0000,0.00
16:37:37,22.26362958740293,84.90937416854304,-68.501,-8.661,0.15,0.000,0.000,-166.4,26,0.0000,0.00
16:37:37,22.26362958740293,84.90937416854304,-68.501,-8.661,0.15,0.000,0.000,-166.3,26,0.0033,0.00
16:37:37,22.26362958740293,84.90937416854304,-68.501,-8.661,0.15,0.000,0.000,-166.3,26,0.0000,0.00
16:37:37,22.26362958740293,84.90937416854304,-68.501,-8.661,0.15,0.000,0.000,-166.3,26,0.0000,0.00
16:37:37,22.26362958740293,84.90937416854304,-68.501,-8.661,0.15,0.000,0.000,-166.3,26,0.0000,0.00
16:37:37,22.26362958740293,84.90937416854304,-68.501,-8.661,0.15,0.000,0.000,-166.3,26,0.0000,0.00
16:37:37,22.26362958740293,84.90937416854304,-68.501,-8.661,0.15,0.000,0.000,-166.3,26,0.0000,0.00
16:37:37,22.26362958740293,84.90937416854304,-68.501,-8.661,0.15,-0.000,-0.000,-166.3,26,0.0025,0.00
16:37:38,22.26362958740293,84.90937416854304,-68.501,-8.661,0.15,-0.000,-0.000,-166.3,26,0.0000,0.00
16:37:38,22.26362958740293,84.90937416854304,-68.501,-8.661,0.15,-0.000,-0.000,-166.3,26,0.0000,0.00
16:37:38,22.26362958740293,84.90937416854304,-68.501,-8.661,0.15,-0.000,-0.000,-166.3,26,0.0000,0.00
16:37:38,22.26362958740293,84.90937416854304,-68.501,-8.661,0.15,-0.000,-0.000,-166.3,26,0.0000,0.00
16:37:38,22.26362958740293,84.90937416854304,-68.501,-8.661,0.15,-0.000,-0.000,-166.3,26,0.0000,0.00
16:37:38,22.26362958740293,84.90937416854304,-68.501,-8.661,0.15,-0.000,-0.000,-166.3,26,0.0000,0.00
16:37:38,22.26362958740293,84.90937416854304,-68.501,-8.661,0.14,-0.000,-0.000,-166.3,26,0.0000,0.00
16:37:38,22.26362958740293,84.90937416854304,-68.501,-8.661,0.14,-0.000,-0.000,-166.4,26,0.0000,0.00
16:37:38,22.26362958740293,84.90937416854304,-68.501,-8.661,0.14,-0.000,-0.000,-166.4,26,0.0000,0.00
16:37:38,22.26362958740293,84.90937416854304,-68.501,-8.661,0.14,-0.000,-0.000,-166.4,26,0.0000,0.00
16:37:38,22.26362958740293,84.90937416854304,-68.501,-8.661,0.14,-0.000,-0.000,-166.4,26,0.0000,0.00
16:37:38,22.26362958740293,84.90937416854304,-68.501,-8.661,0.14,-0.000,-0.000,-166.4,26,0.0000,0.00
16:37:38,22.26362958740293,84.90937416854304,-68.501,-8.661,0.14,-0.000,-0.000,-166.4,26,0.0000,0.00
16:37:38,22.26362958740293,84.90937416854304,-68.501,-8.661,0.14,-0.000,-0.000,-166.4,26,0.0000,0.00
16:37:38,22.26362958740293,84.90937416854304,-68.501,-8.661,0.14,-0.000,-0.000,-166.4,26,0.0000,0.00
16:37:38,22.26362958740293,84.90937416854304,-68.501,-8.661,0.14,-0.000,-0.000,-166.4,26,0.0000,0.00
16:37:38,22.26362958740293,84.90937416854304,-68.501,-8.661,0.14,-0.000,-0.000,-166.4,26,0.0000,0.00
16:37:38,22.26362958740293,84.90937416854304,-68.501,-8.661,0.14,-0.000,-0.000,-166.4,26,0.0000,0.00
16:37:38,22.26362958740293,84.90937416854304,-68.501,-8.661,0.14,-0.000,-0.000,-166.3,26,0.0000,0.00
16:37:39,22.26362958740293,84.90937416854304,-68.501,-8.661,0.14,-0.000,-0.000,-166.2,26,0.0000,0.00
16:37:39,22.26362958740293,84.90937416854304,-68.501,-8.661,0.14,-0.000,-0.000,-166.2,26,0.0000,0.00
16:37:39,22.26362958740293,84.90937416854304,-68.501,-8.661,0.14,-0.000,-0.000,-166.1,26,0.0000,0.00
16:37:39,22.26362958740293,84.90937416854304,-68.501,-8.661,0.14,-0.000,-0.000,-166.0,26,0.0000,0.00
16:37:39,22.26362958740293,84.90937416854304,-68.501,-8.661,0.14,-0.000,-0.000,-166.0,26,0.0000,0.00
16:37:39,22.26362958740293,84.90937416854304,-68.501,-8.661,0.14,-0.000,-0.000,-166.0,26,0.0000,0.00
16:37:39,22.26362958740293,84.90937416854304,-68.501,-8.661,0.14,-0.000,-0.000,-165.7,26,0.0000,0.00
16:37:39,22.26362958740293,84.90937416854304,-68.501,-8.661,0.14,-0.000,-0.000,-165.6,26,0.0000,0.00
16:37:39,22.26362958740293,84.90937416854304,-68.501,-8.661,0.14,-0.000,-0.000,-165.6,26,0.0000,0.00