Timestamp,Latitude,Longitude,Local_X_m,Local_Y_m,Pressure_Depth_m,Linear_Vx_ms,Linear_Vy_ms,Gyro_Heading_Yaw,Satellites_Count,DVL_FOM,Navigation_Drift_m
19:39:08,22.2552826,84.9038895,2.138,-0.235,0.04,-0.000,-0.000,129.3,8,0.0004,0.47
19:39:08,22.2552826,84.9038895,2.138,-0.235,0.04,-0.000,-0.000,129.5,8,0.0004,0.47
19:39:08,22.2552826,84.9038895,2.138,-0.235,0.04,-0.000,-0.000,129.6,8,0.0000,0.47
19:39:08,22.2552826,84.9038895,2.138,-0.235,0.04,-0.000,-0.000,129.6,8,0.0000,0.47
19:39:08,22.2552826,84.9038895,2.138,-0.235,0.04,-0.000,-0.000,129.6,8,0.0005,0.47
19:39:08,22.2552826,84.9038895,2.138,-0.235,0.04,-0.000,-0.000,129.8,8,0.0005,0.47
19:39:09,22.2552826,84.9038895,2.138,-0.235,0.04,-0.000,-0.000,129.8,8,0.0000,0.47
19:39:09,22.2552824,84.9038893,2.115,-0.254,0.04,-0.001,-0.001,129.8,8,0.0000,0.47
19:39:09,22.2552824,84.9038893,2.115,-0.254,0.04,-0.000,-0.000,129.9,8,0.0005,0.47
19:39:09,22.2552824,84.9038893,2.115,-0.254,0.04,-0.000,-0.000,130.0,8,0.0005,0.47
19:39:09,22.2552824,84.9038893,2.115,-0.254,0.04,-0.000,-0.000,130.1,8,0.0005,0.47
19:39:09,22.2552822,84.9038887,2.090,-0.272,0.04,-0.002,-0.001,130.1,8,0.0000,0.51
19:39:09,22.2552822,84.9038887,2.090,-0.272,0.04,-0.001,-0.000,130.1,8,0.0005,0.51
19:39:09,22.2552822,84.9038887,2.090,-0.272,0.04,-0.001,-0.000,130.3,8,0.0005,0.51
19:39:09,22.2552822,84.9038887,2.090,-0.272,0.04,-0.001,-0.000,130.3,8,0.0005,0.51
19:39:09,22.2552822,84.9038887,2.090,-0.272,0.04,-0.001,-0.000,130.3,8,0.0000,0.51
19:39:09,22.2552822,84.9038887,2.090,-0.272,0.04,-0.001,-0.000,130.4,8,0.0000,0.51
19:39:09,22.2552822,84.9038887,2.090,-0.272,0.04,-0.000,-0.000,130.5,8,0.0006,0.51
19:39:09,22.2552822,84.9038887,2.090,-0.272,0.04,-0.000,-0.000,130.5,8,0.0006,0.51
19:39:09,22.2552822,84.9038887,2.090,-0.272,0.04,-0.000,-0.000,130.5,8,0.0000,0.51
19:39:09,22.2552819,84.9038883,2.064,-0.292,0.04,-0.002,-0.001,130.6,8,0.0000,0.53
19:39:09,22.2552819,84.9038883,2.064,-0.292,0.04,-0.001,-0.001,130.7,8,0.0005,0.53
19:39:09,22.2552819,84.9038883,2.064,-0.292,0.04,-0.001,-0.001,130.8,8,0.0005,0.53
19:39:09,22.2552819,84.9038883,2.064,-0.292,0.04,-0.001,-0.001,130.8,8,0.0000,0.53
19:39:09,22.2552816,84.9038877,2.036,-0.312,0.04,-0.002,-0.002,130.8,8,0.0000,0.56
19:39:09,22.2552816,84.9038877,2.036,-0.312,0.04,-0.001,-0.001,130.9,8,0.0005,0.56
19:39:10,22.2552816,84.9038877,2.036,-0.312,0.04,-0.001,-0.001,131.0,8,0.0005,0.56
19:39:10,22.2552816,84.9038877,2.036,-0.312,0.04,-0.001,-0.001,131.0,8,0.0005,0.56
19:39:10,22.2552816,84.9038877,2.036,-0.313,0.04,-0.001,-0.001,131.0,8,0.0000,0.56
19:39:10,22.2552816,84.9038877,2.036,-0.313,0.04,-0.001,-0.001,131.0,8,0.0000,0.56
19:39:10,22.2552816,84.9038877,2.036,-0.312,0.04,-0.000,-0.000,131.1,8,0.0004,0.56
19:39:10,22.2552816,84.9038877,2.036,-0.313,0.04,-0.000,-0.000,131.1,8,0.0004,0.56
19:39:10,22.2552813,84.9038871,2.005,-0.334,0.04,-0.002,-0.001,131.1,8,0.0000,0.60
19:39:10,22.2552813,84.9038871,2.005,-0.334,0.04,-0.002,-0.001,131.2,8,0.0000,0.60
19:39:10,22.2552813,84.9038871,2.005,-0.334,0.04,-0.001,-0.000,131.2,8,0.0005,0.60
19:39:10,22.2552813,84.9038871,2.005,-0.334,0.04,-0.001,-0.000,131.2,8,0.0005,0.60
19:39:10,22.2552813,84.9038871,2.005,-0.334,0.04,-0.000,-0.000,131.2,8,0.0005,0.60
19:39:10,22.2552813,84.9038871,2.005,-0.334,0.04,-0.000,-0.000,131.2,8,0.0000,0.60
19:39:10,22.2552813,84.9038871,2.005,-0.334,0.04,-0.000,0.000,131.3,8,0.0004,0.60
19:39:10,22.2552813,84.9038871,2.005,-0.334,0.04,-0.000,0.000,131.3,8,0.0004,0.60
19:39:10,22.2552813,84.9038871,2.005,-0.334,0.04,-0.000,0.000,131.3,8,0.0004,0.60
19:39:10,22.255281,84.9038867,1.974,-0.356,0.04,-0.001,-0.001,131.3,8,0.0000,0.62
19:39:10,22.255281,84.9038867,1.974,-0.356,0.04,-0.001,-0.001,131.3,8,0.0000,0.62
19:39:10,22.255281,84.9038867,1.974,-0.356,0.04,-0.001,-0.000,131.3,8,0.0005,0.62
19:39:10,22.255281,84.9038867,1.974,-0.356,0.04,-0.001,-0.000,131.3,8,0.0005,0.62
19:39:10,22.2552808,84.9038861,1.941,-0.378,0.04,-0.002,-0.001,131.3,8,0.0000,0.64
19:39:11,22.2552808,84.9038861,1.941,-0.378,0.04,-0.002,-0.001,131.3,8,0.0000,0.64
19:39:11,22.2552808,84.9038861,1.941,-0.378,0.04,-0.001,-0.001,131.3,8,0.0007,0.64
19:39:11,22.2552808,84.9038861,1.941,-0.378,0.04,-0.001,-0.001,131.3,8,0.0007,0.64
19:39:11,22.2552808,84.9038861,1.941,-0.378,0.04,-0.001,-0.001,131.3,8,0.0000,0.64
19:39:11,22.2552808,84.9038861,1.941,-0.379,0.04,-0.001,-0.001,131.3,8,0.0000,0.64
19:39:11,22.2552808,84.9038861,1.941,-0.379,0.04,-0.001,-0.001,131.3,8,10.0005,0.64
19:39:11,22.2552808,84.9038861,1.941,-0.379,0.04,-0.001,-0.001,131.3,8,10.0005,0.64
19:39:11,22.2552805,84.9038853,1.904,-0.402,0.04,-0.001,-0.001,131.2,8,0.0005,0.69
19:39:11,22.2552805,84.9038853,1.904,-0.402,0.04,-0.001,-0.001,131.2,8,0.0000,0.69
19:39:11,22.2552805,84.9038853,1.904,-0.402,0.04,-0.001,-0.001,131.2,8,0.0000,0.69
19:39:11,22.2552805,84.9038853,1.904,-0.402,0.04,-0.001,-0.000,131.2,8,0.0006,0.69
19:39:11,22.2552805,84.9038853,1.904,-0.402,0.04,-0.001,-0.000,131.2,8,0.0006,0.69
19:39:11,22.2552801,84.9038845,1.866,-0.426,0.04,-0.001,-0.001,131.1,8,0.0005,0.74
19:39:11,22.2552801,84.9038845,1.866,-0.426,0.04,-0.001,-0.001,131.1,8,0.0000,0.74
19:39:11,22.2552801,84.9038845,1.866,-0.426,0.04,-0.001,-0.000,131.1,8,0.0006,0.74
19:39:11,22.2552801,84.9038845,1.866,-0.426,0.04,-0.001,-0.000,131.0,8,0.0006,0.74
19:39:11,22.2552801,84.9038845,1.866,-0.426,0.04,-0.000,0.000,130.9,8,0.0007,0.74
19:39:11,22.2552801,84.9038845,1.866,-0.426,0.04,-0.000,0.000,130.6,8,0.0000,0.74
19:39:11,22.2552801,84.9038845,1.866,-0.425,0.04,0.000,0.003,130.6,8,0.0017,0.74
19:39:11,22.2552801,84.9038845,1.866,-0.425,0.04,0.000,0.003,130.4,8,0.0017,0.74
19:39:12,22.2552799,84.9038838,1.825,-0.449,0.05,-0.001,0.002,130.1,8,0.0017,0.77
19:39:12,22.2552799,84.9038838,1.825,-0.449,0.05,-0.001,0.002,130.1,8,0.0000,0.77
19:39:12,22.2552799,84.9038838,1.824,-0.449,0.05,-0.001,0.002,129.6,8,0.0000,0.77
19:39:12,22.2552799,84.9038838,1.824,-0.447,0.05,-0.001,0.011,129.2,8,0.0012,0.77
19:39:12,22.2552797,84.9038831,1.782,-0.470,0.10,-0.002,0.010,128.2,8,0.0012,0.79
19:39:12,22.2552797,84.9038831,1.782,-0.469,0.10,-0.002,0.010,128.2,8,0.0000,0.79
19:39:12,22.2552797,84.9038831,1.782,-0.469,0.10,-0.002,0.010,127.5,8,0.0000,0.79
19:39:12,22.2552797,84.9038831,1.782,-0.468,0.10,-0.002,0.010,126.9,8,10.0005,0.79
19:39:12,22.2552797,84.9038831,1.782,-0.468,0.10,-0.002,0.010,126.1,8,10.0005,0.79
19:39:12,22.2552797,84.9038831,1.782,-0.467,0.10,-0.002,0.010,126.1,8,10.0005,0.79
19:39:12,22.2552797,84.9038831,1.782,-0.467,0.10,-0.002,0.010,124.7,8,0.0000,0.79
19:39:12,22.2552797,84.9038831,1.782,-0.455,0.10,-0.002,0.049,124.0,8,0.0022,0.79
19:39:12,22.2552797,84.9038831,1.782,-0.453,0.10,-0.002,0.049,123.3,8,0.0022,0.79
19:39:12,22.2552794,84.9038824,1.736,-0.474,0.16,-0.003,0.059,123.3,8,0.0023,0.83
19:39:12,22.2552794,84.9038824,1.736,-0.471,0.16,-0.003,0.059,122.2,8,10.0005,0.83
19:39:12,22.2552794,84.9038824,1.736,-0.468,0.16,-0.003,0.059,121.7,8,0.0000,0.83
19:39:12,22.2552794,84.9038824,1.731,-0.472,0.16,-0.028,0.023,121.7,8,0.0023,0.83
19:39:12,22.2552788,84.9038817,1.684,-0.500,0.24,-0.029,0.022,120.9,8,0.0023,0.87
19:39:12,22.2552788,84.9038817,1.682,-0.499,0.24,-0.029,0.022,120.6,8,0.0023,0.87
19:39:12,22.2552788,84.9038817,1.681,-0.497,0.24,-0.029,0.022,120.0,8,0.0023,0.87
19:39:13,22.2552788,84.9038817,1.679,-0.496,0.24,-0.029,0.022,120.0,8,0.0023,0.87
19:39:13,22.2552788,84.9038817,1.678,-0.495,0.24,-0.029,0.022,119.7,8,0.0000,0.87
19:39:13,22.2552788,84.9038817,1.676,-0.494,0.24,-0.029,0.022,119.5,8,0.0000,0.87
19:39:13,22.2552788,84.9038817,1.675,-0.493,0.24,-0.029,0.022,118.9,8,0.0000,0.87
19:39:13,22.2552788,84.9038817,1.680,-0.494,0.24,-0.005,0.013,118.9,8,0.0018,0.87
19:39:13,22.255282765353236,84.90388840565485,1.680,-0.494,0.29,-0.005,0.013,118.7,8,0.0018,0.00
19:39:13,22.255282771458116,84.90388840303065,1.680,-0.493,0.29,-0.005,0.013,118.4,8,0.0000,0.00
19:39:13,22.255282777567846,84.90388840040436,1.679,-0.492,0.29,-0.005,0.013,118.0,8,0.0000,0.00
19:39:13,22.255282783662576,84.90388839778453,1.679,-0.492,0.29,-0.005,0.013,117.8,8,0.0000,0.00
19:39:13,22.255282789758773,84.90388839516405,1.679,-0.491,0.29,-0.005,0.013,117.8,8,0.0000,0.00
19:39:13,22.255282795861838,84.90388839254062,1.679,-0.490,0.29,-0.005,0.013,117.6,8,0.0000,0.00
19:39:13,22.255282801955012,84.90388838992145,1.678,-0.490,0.29,-0.005,0.013,117.3,8,0.0000,0.00
19:39:13,22.255282808048097,84.90388838730232,1.678,-0.489,0.29,-0.005,0.013,117.2,8,0.0000,0.00
19:39:13,22.255282814135096,84.9038883846858,1.678,-0.488,0.29,-0.005,0.013,117.2,8,0.0000,0.00
19:39:13,22.25528282023516,84.90388838206367,1.677,-0.488,0.31,-0.005,0.013,117.1,8,0.0000,0.00
19:39:13,22.255282826343677,84.9038883794379,1.677,-0.487,0.31,-0.005,0.013,116.9,8,0.0000,0.00
19:39:13,22.255282832453606,84.90388837681152,1.677,-0.486,0.31,-0.005,0.013,116.8,8,0.0000,0.00
19:39:13,22.255282838542797,84.90388837419407,1.677,-0.486,0.31,-0.005,0.013,116.8,8,0.0000,0.00
19:39:13,22.255282844634007,84.90388837157573,1.676,-0.485,0.31,-0.005,0.013,116.7,8,0.0000,0.00
19:39:14,22.25528285073338,84.9038883689539,1.676,-0.484,0.31,-0.005,0.013,116.4,8,0.0000,0.00
19:39:14,22.25528285683362,84.9038883663317,1.676,-0.483,0.31,-0.005,0.013,116.2,8,0.0000,0.00
19:39:14,22.255282862922463,84.90388836371439,1.676,-0.483,0.31,-0.005,0.013,116.2,8,0.0000,0.00
19:39:14,22.255282869012984,84.90388836109635,1.675,-0.482,0.31,-0.005,0.013,116.0,8,0.0000,0.00
19:39:14,22.25528287510656,84.903888358477,1.675,-0.481,0.31,-0.005,0.013,115.7,8,0.0000,0.00
19:39:14,22.255282881214526,84.90388835585148,1.675,-0.481,0.31,-0.005,0.013,115.7,8,0.0000,0.00
19:39:14,22.255282887295987,84.90388835323733,1.675,-0.480,0.31,-0.005,0.013,115.5,8,0.0000,0.00
19:39:14,22.255282893396572,84.90388835061498,1.674,-0.479,0.31,-0.005,0.013,115.3,8,0.0000,0.00
19:39:14,22.25528289949234,84.9038883479947,1.674,-0.479,0.31,-0.005,0.013,114.9,8,0.0000,0.00
19:39:14,22.255282905586984,84.9038883453749,1.674,-0.478,0.31,-0.005,0.013,114.8,8,0.0000,0.00
19:39:14,22.255282911685203,84.90388834275355,1.673,-0.477,0.31,-0.005,0.013,114.8,8,0.0000,0.00
19:39:14,22.25528291778212,84.90388834013277,1.673,-0.477,0.31,-0.005,0.013,114.6,8,0.0000,0.00
19:39:14,22.255282923875498,84.90388833751351,1.673,-0.476,0.31,-0.005,0.013,114.3,8,0.0000,0.00
19:39:14,22.255282929979803,84.90388833488956,1.673,-0.475,0.31,-0.005,0.013,114.2,8,0.0000,0.00
19:39:14,22.255282936067406,84.90388833227277,1.672,-0.475,0.31,-0.005,0.013,114.2,8,0.0000,0.00
19:39:14,22.255282942153165,84.9038883296568,1.672,-0.474,0.31,-0.005,0.013,114.1,8,0.0000,0.00
19:39:14,22.25528294825029,84.90388832703592,1.672,-0.473,0.31,-0.005,0.013,113.8,8,0.0000,0.00
19:39:14,22.255282954353614,84.90388832441239,1.672,-0.473,0.31,-0.005,0.013,113.7,8,0.0000,0.00
19:39:14,22.255282960448316,84.90388832179256,1.671,-0.472,0.31,-0.005,0.013,113.7,8,0.0000,0.00
19:39:14,22.255282966550947,84.90388831916933,1.671,-0.471,0.31,-0.005,0.013,113.5,8,0.0000,0.00
19:39:15,22.255282972655195,84.90388831654539,1.671,-0.471,0.32,-0.005,0.013,113.2,8,0.0000,0.00
19:39:15,22.255282978758345,84.90388831392193,1.670,-0.470,0.32,-0.005,0.013,113.1,8,0.0000,0.00
19:39:15,22.255282984853622,84.90388831130186,1.670,-0.469,0.32,-0.005,0.013,113.1,8,0.0000,0.00
19:39:15,22.25528299095141,84.90388830868069,1.670,-0.469,0.32,-0.005,0.013,112.9,8,0.0000,0.00
19:39:15,22.255282997042993,84.90388830606221,1.670,-0.468,0.32,-0.005,0.013,112.6,8,0.0000,0.00
19:39:15,22.255283003163942,84.9038883034311,1.669,-0.467,0.32,-0.005,0.013,112.6,8,0.0000,0.00
19:39:15,22.25528300924526,84.90388830081702,1.669,-0.467,0.32,-0.005,0.013,112.5,8,0.0000,0.00
19:39:15,22.25528301534642,84.90388829819442,1.669,-0.466,0.32,-0.005,0.013,112.4,8,0.0000,0.00
19:39:15,22.25528302144513,84.90388829557287,1.669,-0.465,0.32,-0.005,0.013,112.3,8,0.0000,0.00
19:39:15,22.25528287666658,84.90388833952687,1.673,-0.481,0.32,-0.001,-0.001,112.3,8,0.0013,0.00
19:39:15,22.255282876350545,84.90388833888372,1.673,-0.481,0.32,-0.001,-0.001,112.3,8,0.0013,0.00
19:39:15,22.25528287603539,84.90388833824235,1.673,-0.481,0.32,-0.001,-0.001,112.3,8,0.0013,0.00
19:39:15,22.255282875720308,84.90388833760113,1.673,-0.481,0.30,-0.001,-0.001,112.5,8,0.0013,0.00
19:39:15,22.255282875403925,84.90388833695727,1.673,-0.481,0.30,-0.001,-0.001,112.5,8,0.0013,0.00
19:39:15,22.255282875089136,84.90388833631664,1.673,-0.481,0.30,-0.001,-0.001,112.8,8,0.0000,0.00
19:39:15,22.255282874773286,84.90388833567387,1.673,-0.481,0.30,-0.001,-0.001,113.9,8,0.0000,0.00
19:39:15,22.255282874458196,84.90388833503263,1.673,-0.482,0.30,-0.001,-0.001,114.5,8,0.0000,0.00
19:39:15,22.25528287414262,84.9038883343904,1.673,-0.482,0.30,-0.001,-0.001,114.5,8,0.0000,0.00
19:39:15,22.255282873827937,84.90388833375,1.673,-0.482,0.30,-0.001,-0.001,115.1,8,0.0000,0.00
19:39:15,22.255282873513135,84.90388833310936,1.672,-0.482,0.30,-0.001,-0.001,116.1,8,0.0000,0.00
19:39:16,22.255282873198333,84.90388833246871,1.672,-0.482,0.30,-0.001,-0.001,116.6,8,0.0000,0.00
19:39:16,22.255282872883207,84.9038883318274,1.672,-0.482,0.28,-0.001,-0.001,116.6,8,0.0000,0.00
19:39:16,22.25528287256824,84.90388833118642,1.672,-0.482,0.28,-0.001,-0.001,117.5,8,0.0000,0.00
19:39:16,22.255282872252817,84.90388833054452,1.672,-0.482,0.28,-0.001,-0.001,118.0,8,0.0000,0.00
19:39:16,22.255282871937972,84.90388832990378,1.672,-0.482,0.28,-0.001,-0.001,118.0,8,0.0000,0.00
19:39:16,22.255282871623578,84.90388832926396,1.672,-0.482,0.26,-0.001,-0.001,118.4,8,0.0000,0.00
19:39:16,22.25528287130871,84.90388832862318,1.672,-0.482,0.26,-0.001,-0.001,119.0,8,0.0000,0.00
19:39:16,22.25528287099369,84.90388832798209,1.672,-0.482,0.26,-0.001,-0.001,119.3,8,0.0000,0.00
19:39:16,22.255282870678606,84.90388832734087,1.672,-0.482,0.26,-0.001,-0.001,119.3,8,0.0000,0.00
19:39:16,22.25528287036382,84.90388832670025,1.672,-0.482,0.26,-0.001,-0.001,119.7,8,0.0000,0.00
19:39:16,22.25528287004869,84.90388832605893,1.672,-0.482,0.26,-0.001,-0.001,120.0,8,0.0000,0.00
19:39:16,22.255282869733776,84.90388832541807,1.672,-0.482,0.26,-0.001,-0.001,120.4,8,0.0000,0.00
19:39:16,22.255282869419254,84.90388832477798,1.672,-0.482,0.26,-0.001,-0.001,120.4,8,0.0000,0.00
19:39:16,22.25528286910472,84.90388832413788,1.672,-0.482,0.26,-0.001,-0.001,120.7,8,0.0000,0.00
19:39:16,22.255282868789408,84.90388832349619,1.671,-0.482,0.25,-0.001,-0.001,121.3,8,0.0000,0.00
19:39:16,22.255282868474335,84.903888322855,1.671,-0.482,0.25,-0.001,-0.001,121.3,8,0.0000,0.00
19:39:16,22.255282868159565,84.90388832221441,1.671,-0.482,0.25,-0.001,-0.001,121.6,8,0.0000,0.00
19:39:16,22.25528286784427,84.90388832157277,1.671,-0.482,0.25,-0.001,-0.001,122.3,8,0.0000,0.00
19:39:16,22.25528286752917,84.90388832093151,1.671,-0.482,0.28,-0.001,-0.001,122.7,8,0.0000,0.00
19:39:17,22.25528286721419,84.9038883202905,1.671,-0.482,0.28,-0.001,-0.001,122.7,8,0.0000,0.00
19:39:17,22.255282866900085,84.90388831965129,1.671,-0.482,0.28,-0.001,-0.001,129.9,8,0.0000,0.00
19:39:17,22.255282866585187,84.90388831901043,1.671,-0.482,0.28,-0.001,-0.001,133.5,8,0.0000,0.00
19:39:17,22.255282866270235,84.90388831836948,1.671,-0.482,0.28,-0.001,-0.001,133.5,8,0.0000,0.00
19:39:17,22.255282865955536,84.90388831772904,1.671,-0.482,0.28,-0.001,-0.001,136.5,8,0.0000,0.00
19:39:17,22.25528286564052,84.90388831708796,1.671,-0.483,0.28,-0.001,-0.001,140.7,8,0.0000,0.00
19:39:17,22.25528286532568,84.90388831644724,1.671,-0.483,0.28,-0.001,-0.001,140.7,8,0.0000,0.00
19:39:17,22.255282865011026,84.90388831580688,1.671,-0.483,0.33,-0.001,-0.001,140.7,8,0.0000,0.00
19:39:17,22.255282864696273,84.90388831516634,1.671,-0.483,0.33,-0.001,-0.001,140.4,8,0.0000,0.00
19:39:17,22.25528286438113,84.903888314525,1.671,-0.483,0.33,-0.001,-0.001,140.1,8,0.0000,0.00
19:39:17,22.255282864066228,84.90388831388415,1.670,-0.483,0.33,-0.001,-0.001,140.1,8,0.0000,0.00
19:39:17,22.255282845656534,84.9038882507211,1.664,-0.485,0.34,-0.007,-0.002,140.1,8,0.0022,0.00
19:39:17,22.2552828445975,84.9038882475108,1.664,-0.485,0.34,-0.007,-0.002,140.4,8,0.0022,0.00
19:39:17,22.255282843541227,84.90388824430889,1.663,-0.485,0.34,-0.007,-0.002,140.3,8,0.0000,0.00
19:39:17,22.25528285075321,84.90388826575288,1.666,-0.484,0.34,-0.004,-0.001,140.3,8,0.0011,0.00
19:39:17,22.25528285018343,84.90388826400091,1.665,-0.484,0.34,-0.004,-0.001,140.3,8,0.0011,0.00
19:39:17,22.255282851360104,84.90388826724363,1.666,-0.484,0.34,-0.003,-0.001,140.3,8,0.0013,0.00
19:39:17,22.255282850941025,84.90388826592248,1.666,-0.484,0.34,-0.003,-0.001,140.3,8,0.0013,0.00
19:39:17,22.255282850524537,84.90388826460948,1.665,-0.484,0.34,-0.003,-0.001,140.3,8,0.0000,0.00
19:39:17,22.255282853168666,84.90388827322231,1.666,-0.484,0.34,0.000,0.000,140.3,8,0.0016,0.00
19:39:18,22.25528285394233,84.90388827573581,1.667,-0.484,0.34,0.001,0.000,140.3,8,0.0013,0.00
19:39:18,22.255282854080104,84.90388827621487,1.667,-0.484,0.34,0.001,0.000,140.3,8,0.0013,0.00
19:39:18,22.255282854890744,84.90388827878357,1.667,-0.484,0.34,0.002,0.001,140.3,8,0.0012,0.00
19:39:18,22.255282855184344,84.90388827974651,1.667,-0.484,0.34,0.002,0.001,140.4,8,0.0000,0.00
19:39:18,22.25528285636207,84.90388828288032,1.667,-0.484,0.34,0.003,0.001,140.4,8,0.0012,0.00
19:39:18,22.255282856903822,84.90388828445329,1.667,-0.483,0.34,0.003,0.001,140.3,8,0.0012,0.00
19:39:18,22.2552828583791,84.90388828695401,1.668,-0.483,0.34,0.004,0.002,140.3,8,0.0016,0.00
19:39:18,22.25528285921141,84.90388828881653,1.668,-0.483,0.34,0.004,0.002,140.1,8,0.0000,0.00
19:39:18,22.255282860042346,84.90388829067598,1.668,-0.483,0.35,0.004,0.002,139.9,8,0.0000,0.00
19:39:18,22.25528291951564,84.90388823896309,1.663,-0.477,0.35,-0.030,0.041,139.5,8,0.0030,0.00
19:39:18,22.255282938264948,84.90388822445861,1.661,-0.474,0.35,-0.030,0.041,139.5,8,0.0030,0.00
19:39:18,22.255282956907532,84.9038882100367,1.660,-0.472,0.35,-0.030,0.041,139.3,8,10.0005,0.00
19:39:18,22.25528297559291,84.90388819558169,1.658,-0.470,0.38,-0.030,0.041,138.9,8,10.0005,0.00
19:39:18,22.255282994278907,84.90388818112618,1.657,-0.468,0.38,-0.030,0.041,138.6,8,10.0005,0.00
19:39:18,22.255283012974633,84.90388816666317,1.655,-0.466,0.38,-0.030,0.041,138.6,8,0.0000,0.00
19:39:18,22.255283031675926,84.90388815219582,1.654,-0.464,0.38,-0.030,0.041,137.7,8,0.0000,0.00
19:39:18,22.25528305033257,84.90388813776303,1.652,-0.462,0.38,-0.030,0.041,137.2,8,0.0000,0.00
19:39:18,22.25528306902042,84.9038881233061,1.651,-0.460,0.38,-0.030,0.041,136.1,8,0.0000,0.00
19:39:18,22.25528308769581,84.90388810885881,1.649,-0.458,0.38,-0.030,0.041,136.1,8,10.0005,0.00
19:39:18,22.255283106379686,84.90388809440495,1.648,-0.456,0.38,-0.030,0.041,135.5,8,10.0005,0.00
19:39:19,22.255283125039774,84.9038880799695,1.646,-0.454,0.38,-0.030,0.041,134.8,8,10.0005,0.00
19:39:19,22.255283143732317,84.90388806550894,1.645,-0.452,0.43,-0.030,0.041,133.4,8,10.0005,0.00
19:39:19,22.255283162388515,84.90388805107649,1.643,-0.449,0.43,-0.030,0.041,133.4,8,0.0000,0.00
19:39:19,22.255283181089457,84.90388803660943,1.642,-0.447,0.43,-0.030,0.041,132.5,8,0.0000,0.00
19:39:19,22.25528319977678,84.90388802215291,1.640,-0.445,0.43,-0.030,0.041,130.0,8,0.0000,0.00
19:39:19,22.25528321848347,84.9038880076814,1.639,-0.443,0.47,-0.030,0.041,130.0,8,0.0000,0.00
19:39:19,22.255283237153463,84.90388799323829,1.637,-0.441,0.47,-0.030,0.041,128.5,8,0.0000,0.00
19:39:19,22.255283255834772,84.90388797878641,1.636,-0.439,0.47,-0.030,0.041,127.1,8,10.0005,0.00
19:39:19,22.255283274496367,84.90388796434979,1.634,-0.437,0.47,-0.030,0.041,124.2,8,0.0000,0.00
19:39:19,22.25528329317078,84.90388794990325,1.633,-0.435,0.47,-0.030,0.041,124.2,8,0.0000,0.00
19:39:19,22.255283311863145,84.90388793544282,1.631,-0.433,0.47,-0.030,0.041,122.9,8,0.0000,0.00
19:39:19,22.255283330565412,84.90388792097474,1.630,-0.431,0.47,-0.030,0.041,121.5,8,0.0000,0.00
19:39:19,22.25528224313169,84.90388874039606,1.714,-0.552,0.47,0.106,-0.153,121.5,8,0.0306,0.00
19:39:19,22.255282173432974,84.90388879257034,1.720,-0.560,0.47,0.106,-0.153,119.1,8,0.0000,0.00
19:39:19,22.25528210403405,84.90388884452021,1.725,-0.567,0.47,0.106,-0.153,118.5,8,0.0000,0.00
19:39:19,22.25528203443132,84.90388889662265,1.731,-0.575,0.47,0.106,-0.153,116.2,8,0.0000,0.00
19:39:19,22.255281965055406,84.9038889485553,1.736,-0.583,0.47,0.106,-0.153,116.2,8,0.0000,0.00
19:39:19,22.255281895774818,84.9038890004166,1.741,-0.590,0.47,0.106,-0.153,115.2,8,0.0000,0.00
19:39:19,22.255281826328225,84.90388905240215,1.747,-0.598,0.45,0.106,-0.153,114.1,8,0.0000,0.00
19:39:19,22.255281756799132,84.90388910444946,1.752,-0.606,0.45,0.106,-0.153,112.1,8,0.0000,0.00
19:39:20,22.255281687400533,84.9038891563991,1.757,-0.614,0.45,0.106,-0.153,112.1,8,10.0005,0.00
19:39:20,22.255281617919103,84.90388920841073,1.763,-0.621,0.45,0.106,-0.153,111.1,8,0.0000,0.00
19:39:20,22.25528154829369,84.90388926053015,1.768,-0.629,0.45,0.106,-0.153,110.0,8,0.0000,0.00
19:39:20,22.255281478854336,84.90388931251029,1.773,-0.637,0.45,0.106,-0.153,109.1,8,0.0000,0.00
19:39:20,22.255281409346274,84.90388936454185,1.779,-0.645,0.45,0.106,-0.153,109.1,8,0.0000,0.00
19:39:20,22.255281340053195,84.9038894164125,1.784,-0.652,0.45,0.106,-0.153,106.9,8,0.0000,0.00
19:39:20,22.255281270700948,84.90388946832743,1.789,-0.660,0.43,0.106,-0.153,105.8,8,0.0000,0.00
19:39:20,22.255281201116958,84.90388952041585,1.795,-0.668,0.43,0.106,-0.153,103.5,8,0.0000,0.00
19:39:20,22.25528113171869,84.90388957236523,1.800,-0.676,0.43,0.106,-0.153,103.5,8,10.0005,0.00
19:39:20,22.25528106222805,84.90388962438377,1.805,-0.683,0.43,0.106,-0.153,102.2,8,0.0000,0.00
19:39:20,22.255280992630254,84.9038896764825,1.811,-0.691,0.43,0.106,-0.153,100.9,8,0.0000,0.00
19:39:20,22.255280923122523,84.90388972851383,1.816,-0.699,0.43,0.106,-0.153,98.2,8,0.0000,0.00
19:39:20,22.25528085343959,84.90388978067631,1.822,-0.706,0.43,0.106,-0.153,98.2,8,0.0000,0.00
19:39:20,22.25528078398084,84.90388983267097,1.827,-0.714,0.41,0.106,-0.153,96.8,8,0.0000,0.00
19:39:20,22.25528071444944,84.90388988472,1.832,-0.722,0.41,0.106,-0.153,95.4,8,0.0000,0.00
19:39:20,22.25528064426785,84.90388993725576,1.838,-0.730,0.41,0.106,-0.153,92.5,8,0.0000,0.00
19:39:20,22.25528050398191,84.90389004226945,1.849,-0.745,0.41,0.106,-0.153,91.0,8,0.0000,0.00
19:39:20,22.255280434373596,84.90389009437607,1.854,-0.753,0.41,0.106,-0.153,89.5,8,0.0000,0.00
19:39:20,22.255280364881973,84.90389014639533,1.859,-0.761,0.41,0.106,-0.153,86.3,8,0.0000,0.00
19:39:21,22.255280295366354,84.90389019843256,1.865,-0.769,0.41,0.106,-0.153,86.3,8,0.0000,0.00
19:39:21,22.255280225996355,84.90389025036079,1.870,-0.776,0.41,0.106,-0.153,84.6,8,0.0000,0.00
19:39:21,22.25528015633906,84.90389030250407,1.875,-0.784,0.41,0.106,-0.153,81.3,8,0.0000,0.00
19:39:21,22.25528008682673,84.90389035453883,1.881,-0.792,0.41,0.106,-0.153,79.8,8,0.0000,0.00
19:39:21,22.255280017128346,84.90389040671288,1.886,-0.800,0.41,0.106,-0.153,79.8,8,10.0005,0.00
19:39:21,22.25527994765809,84.90389045871615,1.891,-0.807,0.41,0.106,-0.153,78.3,8,10.0005,0.00
19:39:21,22.255279877926835,84.90389051091479,1.897,-0.815,0.41,0.106,-0.153,75.6,8,10.0005,0.00
19:39:21,22.255279808441458,84.90389056292939,1.902,-0.823,0.42,0.106,-0.153,74.1,8,0.0000,0.00
19:39:21,22.25527973872368,84.90389061511794,1.908,-0.831,0.42,0.106,-0.153,74.1,8,10.0005,0.00
19:39:21,22.255279669056197,84.90389066726885,1.913,-0.838,0.42,0.106,-0.153,72.9,8,10.0005,0.00
19:39:21,22.25527959954518,84.90389071930264,1.918,-0.846,0.42,0.106,-0.153,70.5,8,10.0005,0.00
19:39:21,22.25527953011371,84.90389077127688,1.924,-0.854,0.42,0.106,-0.153,69.5,8,0.0000,0.00
19:39:21,22.255279460543196,84.9038908233552,1.929,-0.862,0.42,0.106,-0.153,69.5,8,0.0000,0.00
19:39:21,22.255279391130795,84.90389087531517,1.934,-0.869,0.42,0.106,-0.153,68.4,8,0.0000,0.00
19:39:21,22.2552793216441,84.90389092733074,1.940,-0.877,0.42,0.106,-0.153,66.1,8,10.0005,0.00
19:39:21,22.25527925208476,84.9038909794007,1.945,-0.885,0.42,0.106,-0.153,65.1,8,10.0005,0.00
19:39:21,22.255279182615492,84.90389103140323,1.950,-0.892,0.42,0.106,-0.153,65.1,8,10.0005,0.00
19:39:21,22.255279113331945,84.90389108326674,1.956,-0.900,0.42,0.106,-0.153,63.9,8,10.0005,0.00
19:39:21,22.2552790438515,84.90389113527763,1.961,-0.908,0.42,0.106,-0.153,61.8,8,10.0005,0.00
19:39:21,22.255278974478543,84.90389118720807,1.967,-0.916,0.42,0.106,-0.153,60.8,8,0.0000,0.00
19:39:22,22.255278904860692,84.90389123932182,1.972,-0.923,0.43,0.106,-0.153,60.8,8,0.0000,0.00
19:39:22,22.25527883543547,84.90389129129139,1.977,-0.931,0.43,0.106,-0.153,58.7,8,0.0000,0.00
19:39:22,22.255278765910646,84.9038913433355,1.983,-0.939,0.43,0.106,-0.153,57.6,8,0.0000,0.00
19:39:22,22.2552786964302,84.9038913953464,1.988,-0.947,0.43,0.106,-0.153,56.4,8,0.0000,0.00
19:39:22,22.255278627026343,84.90389144729997,1.993,-0.954,0.44,0.106,-0.153,56.4,8,10.0005,0.00
19:39:22,22.255278557617228,84.90389149925748,1.999,-0.962,0.44,0.106,-0.153,54.2,8,0.0000,0.00
19:39:22,22.255278488164393,84.90389155124771,2.004,-0.970,0.44,0.106,-0.153,53.0,8,0.0000,0.00
19:39:22,22.255278418727666,84.90389160322589,2.009,-0.978,0.44,0.106,-0.153,51.9,8,0.0000,0.00
19:39:22,22.255278349281078,84.90389165521144,2.015,-0.985,0.44,0.106,-0.153,51.9,8,0.0000,0.00
19:39:22,22.255278279974192,84.90389170709241,2.020,-0.993,0.44,0.106,-0.153,49.8,8,10.0005,0.00
19:39:22,22.25527821057921,84.90389175903934,2.025,-1.001,0.44,0.106,-0.153,49.2,8,0.0000,0.00
19:39:22,22.255278141070164,84.90389181107165,2.031,-1.008,0.44,0.106,-0.153,48.6,8,0.0000,0.00
19:39:22,22.25527807156802,84.90389186309879,2.036,-1.016,0.45,0.106,-0.153,48.6,8,0.0000,0.00
19:39:22,22.25527800213261,84.90389191507597,2.041,-1.024,0.45,0.106,-0.153,48.3,8,0.0000,0.00
19:39:22,22.25527793255519,84.90389196715947,2.047,-1.032,0.45,0.106,-0.153,48.2,8,0.0000,0.00
19:39:22,22.255277863159556,84.90389201910688,2.052,-1.039,0.45,0.106,-0.153,48.3,8,0.0000,0.00
19:39:22,22.25527779358674,84.90389207118693,2.058,-1.047,0.45,0.106,-0.153,48.3,8,0.0000,0.00
19:39:22,22.255277724174007,84.90389212314713,2.063,-1.055,0.45,0.106,-0.153,48.5,8,0.0000,0.00
19:39:22,22.255277654748784,84.9038921751167,2.068,-1.063,0.45,0.106,-0.153,48.5,8,10.0005,0.00
19:39:22,22.255277585271624,84.90389222712514,2.074,-1.070,0.45,0.106,-0.153,48.6,8,0.0000,0.00
19:39:23,22.2552775158418,84.90389227909814,2.079,-1.078,0.45,0.106,-0.153,48.6,8,0.0000,0.00
19:39:23,22.255277446460298,84.90389233103498,2.084,-1.086,0.46,0.106,-0.153,48.9,8,0.0000,0.00
19:39:23,22.255277377014693,84.9038923830198,2.090,-1.093,0.46,0.106,-0.153,49.1,8,0.0000,0.00
19:39:23,22.255277307574023,84.90389243500093,2.095,-1.101,0.46,0.106,-0.153,49.1,8,0.0000,0.00
19:39:23,22.255277238167864,84.90389248695621,2.100,-1.109,0.46,0.106,-0.153,49.3,8,0.0000,0.00
19:39:23,22.255277168637125,84.90389253900476,2.106,-1.117,0.47,0.106,-0.153,50.1,8,0.0000,0.00
19:39:23,22.255277099126108,84.90389259103854,2.111,-1.124,0.47,0.106,-0.153,50.7,8,0.0000,0.00
19:39:23,22.25527702952831,84.90389264313728,2.117,-1.132,0.47,0.106,-0.153,50.7,8,10.0005,0.00
19:39:23,22.255276960103746,84.90389269510636,2.122,-1.140,0.47,0.106,-0.153,52.5,8,0.0000,0.00
19:39:23,22.255276890509563,84.90389274720239,2.127,-1.148,0.47,0.106,-0.153,53.4,8,0.0000,0.00
19:39:23,22.25527682100249,84.90389279923323,2.133,-1.155,0.47,0.106,-0.153,54.3,8,10.0005,0.00
19:39:23,22.25527675158713,84.90389285119541,2.138,-1.163,0.47,0.106,-0.153,54.3,8,10.0005,0.00
19:39:23,22.255276682157962,84.90389290316791,2.143,-1.171,0.47,0.106,-0.153,55.9,8,10.0005,0.00
19:39:23,22.25527661269855,84.90389295516307,2.149,-1.179,0.47,0.106,-0.153,56.6,8,0.0000,0.00
19:39:23,22.25527654311226,84.9038930072532,2.154,-1.186,0.47,0.106,-0.153,57.1,8,0.0000,0.00
19:39:23,22.25527647362228,84.90389305927124,2.159,-1.194,0.47,0.106,-0.153,57.1,8,0.0000,0.00
19:39:23,22.255276404267075,84.9038931111884,2.165,-1.202,0.47,0.106,-0.153,58.0,8,10.0005,0.00
19:39:23,22.255276334739293,84.90389316323473,2.170,-1.210,0.48,0.106,-0.153,58.2,8,10.0005,0.00
19:39:23,22.255276265241424,84.90389321525866,2.175,-1.217,0.48,0.106,-0.153,58.3,8,10.0005,0.00
19:39:23,22.25527619572252,84.90389326729836,2.181,-1.225,0.48,0.106,-0.153,58.3,8,10.0005,0.00
19:39:24,22.2552761262332,84.9038933193159,2.186,-1.233,0.48,0.106,-0.153,58.8,8,10.0005,0.00
19:39:24,22.255276056706073,84.90389337136175,2.192,-1.240,0.48,0.106,-0.153,59.0,8,0.0000,0.00
19:39:24,22.25527598695082,84.90389342357835,2.197,-1.248,0.48,0.106,-0.153,59.1,8,0.0000,0.00
19:39:24,22.25527591739707,84.90389347564413,2.202,-1.256,0.48,0.106,-0.153,59.1,8,0.0000,0.00
19:39:24,22.255275847984997,84.90389352760384,2.208,-1.264,0.48,0.106,-0.153,59.2,8,0.0000,0.00
19:39:24,22.25527577850192,84.9038935796167,2.213,-1.271,0.48,0.106,-0.153,59.3,8,0.0000,0.00
19:39:24,22.255275709075384,84.90389363158725,2.218,-1.279,0.47,0.106,-0.153,59.8,8,10.0005,0.00
19:39:24,22.255275639404285,84.90389368374088,2.224,-1.287,0.47,0.106,-0.153,59.8,8,0.0000,0.00
19:39:24,22.255275570033955,84.90389373566934,2.229,-1.295,0.47,0.106,-0.153,60.2,8,0.0000,0.00
19:39:24,22.25527550055384,84.90389378767999,2.234,-1.302,0.47,0.106,-0.153,60.7,8,0.0000,0.00
19:39:24,22.255275431029343,84.90389383972386,2.240,-1.310,0.48,0.106,-0.153,61.7,8,0.0000,0.00
19:39:24,22.255275361464747,84.90389389179776,2.245,-1.318,0.48,0.106,-0.153,61.7,8,10.0005,0.00
19:39:24,22.255275292043468,84.90389394376437,2.251,-1.326,0.48,0.106,-0.153,62.3,8,0.0000,0.00
19:39:24,22.2552752225456,84.90389399578831,2.256,-1.333,0.48,0.106,-0.153,62.7,8,0.0000,0.00
19:39:24,22.255275152941227,84.90389404789198,2.261,-1.341,0.48,0.106,-0.153,63.3,8,0.0000,0.00
19:39:24,22.25527508352751,84.90389409985293,2.267,-1.349,0.48,0.106,-0.153,63.3,8,0.0000,0.00
19:39:24,22.255275014213066,84.90389415173956,2.272,-1.357,0.48,0.106,-0.153,63.7,8,0.0000,0.00
19:39:24,22.25527494472473,84.90389420375637,2.277,-1.364,0.48,0.106,-0.153,64.0,8,0.0000,0.00
19:39:24,22.255274875315283,84.90389425571412,2.283,-1.372,0.48,0.106,-0.153,64.9,8,0.0000,0.00
19:39:25,22.255274805638596,84.90389430787192,2.288,-1.380,0.48,0.106,-0.153,64.9,8,0.0000,0.00
19:39:25,22.255274736232767,84.90389435982696,2.293,-1.387,0.48,0.106,-0.153,65.5,8,0.0000,0.00
19:39:25,22.255274666658966,84.90389441190774,2.299,-1.395,0.48,0.106,-0.153,66.4,8,0.0000,0.00
19:39:25,22.25527459711968,84.90389446396269,2.304,-1.403,0.48,0.106,-0.153,66.4,8,0.0000,0.00
19:39:25,22.255274527786497,84.90389451586336,2.309,-1.411,0.48,0.106,-0.153,68.3,8,0.0000,0.00
19:39:25,22.255274458049655,84.90389456806619,2.315,-1.418,0.48,0.106,-0.153,68.8,8,0.0000,0.00
19:39:25,22.25527438861917,84.90389462003968,2.320,-1.426,0.48,0.106,-0.153,68.6,8,0.0000,0.00
19:39:25,22.255274319003952,84.90389467215147,2.326,-1.434,0.48,0.106,-0.153,68.6,8,0.0000,0.00
19:39:25,22.255274249675043,84.90389472404894,2.331,-1.442,0.48,0.106,-0.153,64.7,8,10.0005,0.00
19:39:25,22.25527418001183,84.90389477619665,2.336,-1.449,0.48,0.106,-0.153,61.4,8,0.0000,0.00
19:39:25,22.255274110505415,84.90389482822698,2.342,-1.457,0.48,0.106,-0.153,52.7,8,10.0005,0.00
19:39:25,22.255274040869487,84.90389488035427,2.347,-1.465,0.48,0.106,-0.153,52.7,8,0.0000,0.00
19:39:25,22.255273971349595,84.9038949323947,2.352,-1.473,0.49,0.106,-0.153,47.7,8,0.0000,0.00
19:39:25,22.25527390183891,84.90389498442825,2.358,-1.480,0.49,0.106,-0.153,42.3,8,10.0005,0.00
19:39:25,22.25527383243768,84.90389503637984,2.363,-1.488,0.49,0.106,-0.153,30.6,8,10.0005,0.00
19:39:25,22.255273762953948,84.9038950883932,2.368,-1.496,0.49,0.106,-0.153,30.6,8,0.0000,0.00
19:39:25,22.25527369361649,84.90389514029707,2.374,-1.504,0.49,0.106,-0.153,24.3,8,0.0000,0.00
19:39:25,22.255273624202772,84.903895192258,2.379,-1.511,0.49,0.106,-0.153,17.8,8,0.0000,0.00
19:39:25,22.25527355468025,84.90389524430041,2.384,-1.519,0.49,0.106,-0.153,3.7,8,0.0000,0.00
19:39:25,22.255273485239908,84.90389529628129,2.390,-1.527,0.49,0.106,-0.153,3.7,8,10.0005,0.00
19:39:26,22.255273415865634,84.90389534821271,2.395,-1.534,0.49,0.106,-0.153,-3.6,8,10.0005,0.00
19:39:26,22.255273346457177,84.90389540016972,2.401,-1.542,0.49,0.106,-0.153,-19.2,8,10.0005,0.00
19:39:26,22.25527327705168,84.90389545212452,2.406,-1.550,0.49,0.106,-0.153,-27.2,8,10.0005,0.00
19:39:26,22.25527320758701,84.90389550412361,2.411,-1.558,0.49,0.106,-0.153,-27.2,8,0.0000,0.00
19:39:26,22.25527313819433,84.9038955560688,2.417,-1.565,0.49,0.106,-0.153,-35.2,8,0.0000,0.00
19:39:26,22.255273068787844,84.90389560802434,2.422,-1.573,0.48,0.106,-0.153,-49.6,8,0.0000,0.00
19:39:26,22.25527299926762,84.90389566006502,2.427,-1.581,0.48,0.106,-0.153,-55.8,8,0.0000,0.00
19:39:26,22.25527292989368,84.9038957119962,2.433,-1.589,0.48,0.106,-0.153,-55.8,8,0.0000,0.00
19:39:26,22.255272860524666,84.90389576392367,2.438,-1.596,0.48,0.106,-0.153,-61.1,8,0.0000,0.00
19:39:26,22.255272791070514,84.9038958159149,2.443,-1.604,0.48,0.106,-0.153,-66.9,8,0.0000,0.00
19:39:26,22.255272721438534,84.90389586803923,2.449,-1.612,0.48,0.106,-0.153,-78.9,8,0.0000,0.00
19:39:26,22.2552726518953,84.90389592009713,2.454,-1.619,0.48,0.106,-0.153,-78.9,8,0.0000,0.00
19:39:26,22.255272582567706,84.9038959719936,2.459,-1.627,0.48,0.106,-0.153,-84.8,8,0.0000,0.00
19:39:26,22.255272513128677,84.9038960239735,2.465,-1.635,0.50,0.106,-0.153,-89.6,8,0.0000,0.00
19:39:26,22.255272443625877,84.90389607600113,2.470,-1.643,0.50,0.106,-0.153,-89.6,8,10.0005,0.00
19:39:26,22.25527237420131,84.9038961279702,2.476,-1.650,0.50,0.106,-0.153,-100.0,8,0.0000,0.00
19:39:26,22.25527230473763,84.90389617996856,2.481,-1.658,0.50,0.106,-0.153,-109.6,8,0.0000,0.00
19:39:26,22.25527223537322,84.90389623189259,2.486,-1.666,0.51,0.106,-0.153,-109.6,8,0.0000,0.00
19:39:26,22.25527216597035,84.90389628384543,2.492,-1.674,0.51,0.106,-0.153,-112.9,8,0.0000,0.00
19:39:26,22.255272096614814,84.90389633576282,2.497,-1.681,0.51,0.106,-0.153,-115.0,8,0.0000,0.00
19:39:27,22.255272027157048,84.90389638775675,2.502,-1.689,0.51,0.106,-0.153,-115.0,8,0.0000,0.00
19:39:27,22.255271957822877,84.90389643965814,2.508,-1.697,0.51,0.106,-0.153,-115.0,8,0.0000,0.00
19:39:27,22.255271888490025,84.90389649155856,2.513,-1.704,0.51,0.106,-0.153,-112.8,8,0.0000,0.00
19:39:27,22.25527181900103,84.90389654357585,2.518,-1.712,0.51,0.106,-0.153,-109.6,8,10.0005,0.00
19:39:27,22.255271749408493,84.90389659567066,2.524,-1.720,0.51,0.106,-0.153,-100.9,8,0.0000,0.00
19:39:27,22.255271679903064,84.90389664770026,2.529,-1.728,0.51,0.106,-0.153,-100.9,8,0.0000,0.00
19:39:27,22.255271610540298,84.90389669962308,2.534,-1.735,0.49,0.106,-0.153,-95.5,8,0.0000,0.00
19:39:27,22.255271541033554,84.90389675165366,2.540,-1.743,0.49,0.106,-0.153,-89.7,8,0.0000,0.00
19:39:27,22.25527147151136,84.90389680369582,2.545,-1.751,0.49,0.106,-0.153,-76.9,8,0.0000,0.00
19:39:27,22.255271402110463,84.90389685564716,2.551,-1.759,0.49,0.106,-0.153,-76.9,8,0.0000,0.00
19:39:27,22.25527133261095,84.90389690767233,2.556,-1.766,0.49,0.106,-0.153,-69.8,8,10.0005,0.00
19:39:27,22.255271263045696,84.90389695974672,2.561,-1.774,0.49,0.106,-0.153,-62.4,8,0.0000,0.00
19:39:27,22.25527119327105,84.90389701197785,2.567,-1.782,0.49,0.106,-0.153,-46.7,8,0.0000,0.00
19:39:27,22.25527112387837,84.90389706392305,2.572,-1.790,0.49,0.106,-0.153,-46.7,8,0.0000,0.00
19:39:27,22.255271054380174,84.90389711594723,2.577,-1.797,0.47,0.106,-0.153,-38.5,8,0.0033,0.00
19:39:27,22.2552709849017,84.90389716795666,2.583,-1.805,0.47,0.106,-0.153,-20.9,8,0.0033,0.00
19:39:27,22.255285455259717,84.90386967984006,-0.249,-0.194,0.47,-0.566,0.230,-11.6,8,0.0103,0.00
19:39:27,22.255285560010094,84.9038694014607,-0.278,-0.183,0.47,-0.566,0.230,-11.6,8,0.0000,0.00
19:39:27,22.25528566470326,84.90386912323338,-0.307,-0.171,0.46,-0.566,0.230,-2.2,8,0.0000,0.00
19:39:27,22.25528895284321,84.90387118186182,-0.095,0.195,0.46,-0.480,0.358,15.7,8,0.0060,0.00
19:39:28,22.255289116108234,84.90387094567225,-0.119,0.213,0.46,-0.480,0.358,23.0,8,0.0060,0.00
19:39:28,22.255289278339106,84.90387071097875,-0.143,0.231,0.46,-0.480,0.358,23.0,8,0.0038,0.00
19:39:28,22.25528944096891,84.90387047570813,-0.167,0.249,0.46,-0.480,0.358,35.0,8,0.0000,0.00
19:39:28,22.255289603529665,84.9038702405374,-0.192,0.268,0.46,-0.480,0.358,39.9,8,10.0005,0.00
19:39:28,22.255289766211632,84.90387000519131,-0.216,0.286,0.46,-0.480,0.358,39.9,8,10.0005,0.00
19:39:28,22.255288509805187,84.90387400867169,0.197,0.146,0.46,-0.097,0.220,44.0,8,0.0070,0.00
19:39:28,22.25528860994029,84.90387396093013,0.192,0.157,0.46,-0.097,0.220,49.7,8,0.0070,0.00
19:39:28,22.255288709527292,84.9038739134499,0.187,0.168,0.47,-0.097,0.220,50.9,8,0.0070,0.00
19:39:28,22.25528880911806,84.90387386596787,0.182,0.179,0.47,-0.097,0.220,50.9,8,0.0000,0.00
19:39:28,22.25528890855862,84.90387381855744,0.177,0.190,0.47,-0.097,0.220,49.7,8,0.0000,0.00
19:39:28,22.25528900809194,84.9038737711028,0.172,0.201,0.47,-0.097,0.220,47.3,8,10.0005,0.00
19:39:28,22.25528910776417,84.90387372358192,0.167,0.212,0.48,-0.097,0.220,43.8,8,10.0005,0.00
19:39:28,22.25528920734552,84.90387367610438,0.162,0.223,0.48,-0.097,0.220,43.8,8,10.0005,0.00
19:39:28,22.255289306564297,84.90387362879972,0.158,0.235,0.48,-0.097,0.220,39.4,8,10.0005,0.00
19:39:28,22.25528940616872,84.90387358131117,0.153,0.246,0.48,-0.097,0.220,28.9,8,0.0000,0.00
19:39:28,22.25528950568556,84.90387353386438,0.148,0.257,0.48,-0.097,0.220,28.9,8,0.0000,0.00
19:39:28,22.25528960533142,84.90387348635608,0.143,0.268,0.48,-0.097,0.220,23.0,8,0.0000,0.00
19:39:28,22.255289704803527,84.90387343893063,0.138,0.279,0.48,-0.097,0.220,14.3,8,0.0000,0.00
19:39:28,22.255289804544976,84.90387339137675,0.133,0.290,0.48,-0.097,0.220,14.3,8,0.0000,0.00
19:39:29,22.255289904013317,84.9038733439531,0.128,0.301,0.48,-0.097,0.220,11.9,8,0.0000,0.00
19:39:29,22.255290003527804,84.90387329650743,0.123,0.312,0.48,-0.097,0.220,7.0,8,0.0000,0.00
19:39:29,22.25529010288266,84.90387324913787,0.118,0.323,0.48,-0.097,0.220,4.8,8,0.0000,0.00
19:39:29,22.255290202545474,84.9038732016215,0.113,0.334,0.48,-0.097,0.220,4.8,8,0.0000,0.00
19:39:29,22.2552903018151,84.90387315429257,0.109,0.345,0.48,-0.097,0.220,2.1,8,0.0000,0.00
19:39:29,22.255290401468027,84.90387310678089,0.104,0.356,0.47,-0.097,0.220,-6.1,8,0.0000,0.00
19:39:29,22.25529050116804,84.90387305924678,0.099,0.367,0.47,-0.097,0.220,-11.7,8,0.0000,0.00
19:39:29,22.255290600734323,84.90387301177643,0.094,0.379,0.47,-0.097,0.220,-11.7,8,0.0000,0.00
19:39:29,22.25529070014239,84.90387296438149,0.089,0.390,0.47,-0.097,0.220,-23.0,8,0.0000,0.00
19:39:29,22.255290799816972,84.9038729168595,0.084,0.401,0.47,-0.097,0.220,-28.2,8,0.0000,0.00
19:39:29,22.255290899373367,84.90387286939387,0.079,0.412,0.47,-0.097,0.220,-33.0,8,0.0000,0.00
19:39:29,22.25529099874188,84.90387282201779,0.074,0.423,0.47,-0.097,0.220,-33.0,8,0.0000,0.00
19:39:29,22.25529109824177,84.90387277457909,0.070,0.434,0.47,-0.097,0.220,-41.6,8,0.0000,0.00
19:39:29,22.255291197657844,84.90387272718034,0.065,0.445,0.46,-0.097,0.220,-46.1,8,0.0000,0.00
19:39:29,22.255291297232603,84.90387267970594,0.060,0.456,0.46,-0.097,0.220,-51.0,8,0.0000,0.00
19:39:29,22.25529139689306,84.90387263219068,0.055,0.467,0.46,-0.097,0.220,-51.0,8,0.0000,0.00
19:39:29,22.255291496154214,84.90387258486581,0.050,0.478,0.46,-0.097,0.220,-60.7,8,0.0000,0.00
19:39:29,22.255291595630556,84.90387253743833,0.045,0.489,0.46,-0.097,0.220,-64.6,8,0.0000,0.00
19:39:29,22.255291695198252,84.9038724899673,0.040,0.500,0.46,-0.097,0.220,-64.6,8,0.0000,0.00
19:39:29,22.255291794542753,84.90387244260268,0.035,0.511,0.46,-0.097,0.220,-71.5,8,0.0000,0.00
19:39:30,22.255291894054885,84.90387239515813,0.030,0.523,0.46,-0.097,0.220,-75.8,8,0.0000,0.00
19:39:30,22.255291993572193,84.90387234771113,0.026,0.534,0.46,-0.097,0.220,-75.8,8,0.0000,0.00
19:39:30,22.255292092960957,84.9038723003254,0.021,0.545,0.46,-0.097,0.220,-84.9,8,0.0000,0.00
19:39:30,22.255292192740075,84.90387225275357,0.016,0.556,0.46,-0.097,0.220,-89.7,8,0.0000,0.00
19:39:30,22.2552922922216,84.90387220532362,0.011,0.567,0.46,-0.097,0.220,-89.7,8,0.0000,0.00
19:39:30,22.25529239152513,84.90387215797854,0.006,0.578,0.46,-0.097,0.220,-99.5,8,0.0000,0.00
19:39:30,22.25529249080512,84.90387211064467,0.001,0.589,0.48,-0.097,0.220,-104.4,8,0.0000,0.00
19:39:30,22.255292590402952,84.90387206315927,-0.004,0.600,0.48,-0.097,0.220,-108.9,8,0.0000,0.00
19:39:30,22.2552926899504,84.9038720156979,-0.009,0.611,0.48,-0.097,0.220,-108.9,8,0.0000,0.00
19:39:30,22.25529278938672,84.9038719682895,-0.014,0.622,0.48,-0.097,0.220,-118.6,8,0.0000,0.00
19:39:30,22.25529288897137,84.90387192081039,-0.018,0.633,0.48,-0.097,0.220,-123.6,8,0.0000,0.00
19:39:30,22.255292988535295,84.90387187334115,-0.023,0.644,0.48,-0.097,0.220,-123.6,8,0.0000,0.00
19:39:30,22.255293087860487,84.90387182598573,-0.028,0.655,0.48,-0.097,0.220,-132.6,8,0.0000,0.00
19:39:30,22.255293187463028,84.90387177849809,-0.033,0.667,0.48,-0.097,0.220,-137.5,8,0.0000,0.00
19:39:30,22.255293286919596,84.90387173108005,-0.038,0.678,0.48,-0.097,0.220,-142.5,8,0.0000,0.00
19:39:30,22.255293386462807,84.90387168362068,-0.043,0.689,0.52,-0.097,0.220,-142.5,8,0.0000,0.00
19:39:30,22.255293485892064,84.90387163621565,-0.048,0.700,0.52,-0.097,0.220,-152.4,8,0.0000,0.00
19:39:30,22.255293585430092,84.90387158875876,-0.053,0.711,0.52,-0.097,0.220,-157.3,8,0.0000,0.00
19:39:30,22.255293684787777,84.90387154138786,-0.058,0.722,0.52,-0.097,0.220,-157.3,8,0.0000,0.00
19:39:30,22.255293784240106,84.90387149397183,-0.062,0.733,0.52,-0.097,0.220,-167.3,8,0.0000,0.00
19:39:31,22.255293883767305,84.90387144652011,-0.067,0.744,0.52,-0.097,0.220,-172.2,8,0.0000,0.00
19:39:31,22.255293983279437,84.90387139907557,-0.072,0.755,0.52,-0.097,0.220,-176.8,8,0.0000,0.00
19:39:31,22.255294082741184,84.90387135165506,-0.077,0.766,0.52,-0.097,0.220,-176.8,8,0.0000,0.00
19:39:31,22.25529418238987,84.9038713041454,-0.082,0.777,0.52,-0.097,0.220,173.8,8,0.0000,0.00
19:39:31,22.25529428266294,84.90387125633806,-0.087,0.788,0.52,-0.097,0.220,169.6,8,0.0000,0.00
19:39:31,22.255294383043843,84.90387120847932,-0.092,0.800,0.52,-0.097,0.220,162.9,8,0.0000,0.00
19:39:31,22.255294483240633,84.90387116070836,-0.097,0.811,0.52,-0.097,0.220,162.9,8,0.0000,0.00
19:39:31,22.25529468301877,84.90387106545985,-0.107,0.833,0.51,-0.097,0.220,156.6,8,0.0000,0.00
19:39:31,22.255294782439083,84.90387101805908,-0.111,0.844,0.51,-0.097,0.220,150.7,8,0.0000,0.00
19:39:31,22.25529488194462,84.90387097061769,-0.116,0.855,0.51,-0.097,0.220,150.7,8,0.0000,0.00
19:39:31,22.25529498141861,84.90387092319133,-0.121,0.866,0.50,-0.097,0.220,148.0,8,0.0000,0.00
19:39:31,22.255295080834685,84.90387087579259,-0.126,0.877,0.50,-0.097,0.220,142.7,8,0.0000,0.00
19:39:31,22.25529518018766,84.90387082842393,-0.131,0.888,0.50,-0.097,0.220,142.7,8,0.0000,0.00
19:39:31,22.25529527938242,84.9038707811307,-0.136,0.899,0.50,-0.097,0.220,140.0,8,0.0000,0.00
19:39:31,22.255295378827686,84.90387073371804,-0.141,0.910,0.50,-0.097,0.220,137.4,8,0.0000,0.00
19:39:31,22.255295478226806,84.90387068632738,-0.146,0.922,0.50,-0.097,0.220,131.9,8,0.0000,0.00
19:39:31,22.255295577712097,84.90387063889564,-0.151,0.933,0.50,-0.097,0.220,131.9,8,0.0000,0.00
19:39:31,22.255295677139472,84.90387059149151,-0.155,0.944,0.50,-0.097,0.220,129.2,8,0.0000,0.00
19:39:31,22.25529577662806,84.9038705440582,-0.160,0.955,0.50,-0.097,0.220,126.4,8,0.0000,0.00
19:39:31,22.255295876169857,84.90387049659951,-0.165,0.966,0.47,-0.097,0.220,119.7,8,0.0000,0.00
19:39:32,22.255295975637253,84.9038704491763,-0.170,0.977,0.47,-0.097,0.220,119.7,8,0.0000,0.00
19:39:32,22.25529607487392,84.90387040186309,-0.175,0.988,0.47,-0.097,0.220,115.9,8,0.0000,0.00
19:39:32,22.25529617453815,84.90387035434603,-0.180,0.999,0.47,-0.097,0.220,111.9,8,0.0000,0.00
19:39:32,22.25529627390713,84.90387030696974,-0.185,1.010,0.45,-0.097,0.220,111.9,8,0.0000,0.00
19:39:32,22.25529637349131,84.90387025949084,-0.190,1.021,0.45,-0.097,0.220,103.7,8,0.0000,0.00
19:39:32,22.25529647293516,84.90387021207886,-0.195,1.032,0.45,-0.097,0.220,94.6,8,0.0000,0.00
19:39:32,22.255296572318745,84.9038701646956,-0.199,1.043,0.45,-0.097,0.220,89.9,8,0.0000,0.00
19:39:32,22.25529667193541,84.90387011720122,-0.204,1.054,0.45,-0.097,0.220,89.9,8,0.0000,0.00
19:39:32,22.255296771390096,84.90387006978408,-0.209,1.065,0.45,-0.097,0.220,85.2,8,0.0000,0.00
19:39:32,22.255296870782153,84.90387002239679,-0.214,1.077,0.45,-0.097,0.220,75.8,8,0.0000,0.00
19:39:32,22.2552969703037,84.90386997494775,-0.219,1.088,0.45,-0.097,0.220,75.8,8,0.0000,0.00
19:39:32,22.255297069607234,84.90386992760267,-0.224,1.099,0.43,-0.097,0.220,71.3,8,0.0000,0.00
19:39:32,22.25529716902519,84.90386988020303,-0.229,1.110,0.43,-0.097,0.220,66.9,8,0.0000,0.00
19:39:32,22.255297268618314,84.90386983271988,-0.234,1.121,0.43,-0.097,0.220,58.5,8,0.0000,0.00
19:39:32,22.255297368017903,84.90386978532898,-0.238,1.132,0.43,-0.097,0.220,54.8,8,0.0000,0.00
19:39:32,22.255297467603963,84.90386973784919,-0.243,1.143,0.43,-0.097,0.220,54.8,8,10.0005,0.00
19:39:32,22.255297567200852,84.90386969036425,-0.248,1.154,0.43,-0.097,0.220,51.4,8,0.0000,0.00
19:39:32,22.25529766685566,84.90386964285169,-0.253,1.165,0.43,-0.097,0.220,45.6,8,10.0005,0.00
19:39:32,22.255297766524123,84.90386959533261,-0.258,1.176,0.43,-0.097,0.220,42.5,8,10.0005,0.00
19:39:33,22.25529786609794,84.90386954785866,-0.263,1.187,0.43,-0.097,0.220,42.5,8,10.0005,0.00
19:39:33,22.25529796565198,84.90386950039414,-0.268,1.198,0.42,-0.097,0.220,39.3,8,0.0000,0.00
19:39:33,22.25529806545135,84.90386945281264,-0.273,1.210,0.42,-0.097,0.220,33.5,8,0.0000,0.00
19:39:33,22.255298165020456,84.90386940534094,-0.278,1.221,0.42,-0.097,0.220,30.7,8,0.0000,0.00
19:39:33,22.25529826468845,84.90386935782209,-0.283,1.232,0.42,-0.097,0.220,30.7,8,10.0005,0.00
19:39:33,22.255298364307,84.90386931032681,-0.287,1.243,0.42,-0.097,0.220,27.7,8,10.0005,0.00
19:39:33,22.25529846400701,84.9038692627927,-0.292,1.254,0.42,-0.097,0.220,21.3,8,10.0005,0.00
19:39:33,22.25529856358742,84.90386921531561,-0.297,1.265,0.42,-0.097,0.220,18.1,8,10.0005,0.00
19:39:33,22.255298663155585,84.90386916784435,-0.302,1.276,0.42,-0.097,0.220,18.1,8,10.0005,0.00
19:39:33,22.255298762698324,84.90386912038521,-0.307,1.287,0.42,-0.097,0.220,14.9,8,0.0000,0.00
19:39:33,22.25529886257774,84.90386907276556,-0.312,1.298,0.42,-0.097,0.220,8.3,8,0.0000,0.00
19:39:33,22.255298962165213,84.9038690252851,-0.317,1.309,0.42,-0.097,0.220,4.7,8,0.0000,0.00
19:39:33,22.255299061849215,84.90386897775862,-0.322,1.320,0.42,-0.097,0.220,4.7,8,0.0000,0.00
19:39:33,22.25529916111649,84.90386893043082,-0.327,1.332,0.43,-0.097,0.220,0.8,8,0.0000,0.00
19:39:33,22.25529926085747,84.90386888287718,-0.331,1.343,0.43,-0.097,0.220,-7.1,8,10.0005,0.00
19:39:33,22.25529936038184,84.90386883542679,-0.336,1.354,0.43,-0.097,0.220,-10.9,8,0.0000,0.00
19:39:33,22.255299459991917,84.90386878793555,-0.341,1.365,0.43,-0.097,0.220,-10.9,8,0.0000,0.00
19:39:33,22.255299559438125,84.90386874052244,-0.346,1.376,0.43,-0.097,0.220,-14.7,8,0.0000,0.00
19:39:33,22.255299658978508,84.90386869306444,-0.351,1.387,0.45,-0.097,0.220,-22.2,8,0.0000,0.00
19:39:33,22.255299758658744,84.90386864553975,-0.356,1.398,0.45,-0.097,0.220,-25.7,8,10.0005,0.00
19:39:34,22.25529985832956,84.90386859801954,-0.361,1.409,0.45,-0.097,0.220,-25.7,8,0.0000,0.00
19:39:34,22.25529995798437,84.90386855050699,-0.366,1.420,0.45,-0.097,0.220,-28.9,8,0.0000,0.00
19:39:34,22.255300057608572,84.90386850300901,-0.371,1.431,0.45,-0.097,0.220,-35.0,8,0.0000,0.00
19:39:34,22.255300157142834,84.90386845555392,-0.375,1.442,0.45,-0.097,0.220,-35.0,8,0.0000,0.00
19:39:34,22.25530025649628,84.90386840818503,-0.380,1.453,0.45,-0.097,0.220,-37.8,8,0.0000,0.00
19:39:34,22.2553003561412,84.90386836067718,-0.385,1.465,0.45,-0.097,0.220,-42.7,8,0.0000,0.00
19:39:34,22.255300455736677,84.9038683131929,-0.390,1.476,0.46,-0.097,0.220,-44.9,8,0.0000,0.00
19:39:34,22.255300555308608,84.90386826571985,-0.395,1.487,0.46,-0.097,0.220,-44.9,8,0.0000,0.00
19:39:34,22.25530065480426,84.90386821828316,-0.400,1.498,0.46,-0.097,0.220,-46.8,8,10.0005,0.00
19:39:34,22.255300754629996,84.90386817068911,-0.405,1.509,0.46,-0.097,0.220,-50.3,8,0.0000,0.00
19:39:34,22.255300854346018,84.90386812314736,-0.410,1.520,0.45,-0.097,0.220,-51.9,8,0.0000,0.00
19:39:34,22.255300954053094,84.90386807560988,-0.415,1.531,0.45,-0.097,0.220,-51.9,8,0.0000,0.00
19:39:34,22.25530105329447,84.90386802829443,-0.419,1.542,0.45,-0.097,0.220,-53.3,8,0.0000,0.00
19:39:34,22.255301152943627,84.90386798078455,-0.424,1.553,0.45,-0.097,0.220,-55.8,8,0.0000,0.00
19:39:34,22.25530125239784,84.90386793336764,-0.429,1.564,0.45,-0.097,0.220,-56.9,8,0.0000,0.00
19:39:34,22.2553013520211,84.9038678858701,-0.434,1.575,0.45,-0.097,0.220,-56.9,8,0.0000,0.00
19:39:34,22.255301451542177,84.9038678384213,-0.439,1.586,0.45,-0.097,0.220,-57.9,8,10.0005,0.00
19:39:34,22.255301551334952,84.90386779084295,-0.444,1.598,0.45,-0.097,0.220,-59.8,8,10.0005,0.00
19:39:34,22.255295181193507,84.90387101671448,-0.112,0.888,0.44,0.002,0.009,-60.6,8,0.0011,0.00
19:39:34,22.255295185189134,84.90387101761813,-0.112,0.889,0.44,0.002,0.009,-60.6,8,0.0000,0.00
19:39:35,22.255295089216588,84.90387107532099,-0.106,0.878,0.44,0.004,0.004,-61.4,8,0.0010,0.00
19:39:35,22.255295068131094,84.90387109422484,-0.104,0.876,0.44,0.005,0.003,-62.8,8,0.0011,0.00
19:39:35,22.255295069468662,84.90387109672594,-0.103,0.876,0.44,0.005,0.003,-63.5,8,0.0011,0.00
19:39:35,22.25529507080094,84.90387109921714,-0.103,0.876,0.44,0.005,0.003,-63.5,8,0.0000,0.00
19:39:35,22.255295066219894,84.90387111042844,-0.102,0.876,0.44,0.006,0.002,-64.1,8,0.0010,0.00
19:39:35,22.255295067222633,84.90387111342353,-0.102,0.876,0.44,0.006,0.002,-65.3,8,0.0010,0.00
19:39:35,22.255295066841118,84.90387111761281,-0.101,0.876,0.44,0.006,0.002,-65.9,8,0.0009,0.00
19:39:35,22.25529506772027,84.9038711207124,-0.101,0.876,0.43,0.006,0.002,-65.9,8,0.0009,0.00
19:39:35,22.255295068595174,84.90387112379697,-0.101,0.876,0.43,0.006,0.002,-66.4,8,0.0000,0.00
19:39:35,22.255295068617926,84.9038711267133,-0.100,0.876,0.43,0.006,0.002,-67.2,8,0.0015,0.00
19:39:35,22.255295069372206,84.90387112978526,-0.100,0.876,0.43,0.006,0.002,-67.6,8,0.0015,0.00
19:39:35,22.255295111242162,84.90387102436654,-0.111,0.881,0.41,-0.036,0.019,-67.6,8,0.0015,0.00
19:39:35,22.25529511985407,84.90387100670765,-0.113,0.882,0.41,-0.036,0.019,-68.2,8,0.0015,0.00
19:39:35,22.255295128449465,84.9038709890826,-0.114,0.883,0.41,-0.036,0.019,-68.4,8,0.0000,0.00
19:39:35,22.255295183214113,84.90387084156258,-0.130,0.889,0.41,-0.099,0.043,-68.4,8,0.0020,0.00
19:39:35,22.25529520284617,84.9038707929224,-0.135,0.891,0.41,-0.099,0.043,-68.4,8,0.0020,0.00
19:39:35,22.25529527413103,84.90387060273774,-0.154,0.899,0.41,-0.176,0.074,-68.1,8,0.0032,0.00
19:39:35,22.25529530769989,84.90387051592002,-0.163,0.903,0.41,-0.176,0.074,-67.9,8,0.0000,0.00
19:39:35,22.25529534108065,84.90387042958875,-0.172,0.906,0.41,-0.176,0.074,-67.9,8,0.0000,0.00
19:39:35,22.255295463854267,84.90387010743481,-0.205,0.920,0.38,-0.312,0.129,-67.4,8,0.0053,0.00
19:39:36,22.25529556625177,84.90386984146714,-0.233,0.931,0.38,-0.381,0.158,-67.0,8,0.0065,0.00
19:39:36,22.255295638198238,84.90386965414025,-0.252,0.939,0.38,-0.381,0.158,-66.7,8,0.0065,0.00
19:39:36,22.25529570991494,84.90386946741161,-0.271,0.947,0.38,-0.381,0.158,-66.7,8,0.0000,0.00
19:39:36,22.255295781923422,84.90386927992324,-0.291,0.955,0.38,-0.381,0.158,-66.0,8,0.0000,0.00
19:39:36,22.25529588590541,84.90386902421574,-0.317,0.967,0.36,-0.421,0.178,-65.5,8,0.0052,0.00
19:39:36,22.255295976166842,84.90386880979226,-0.339,0.977,0.36,-0.425,0.184,-64.4,8,0.0050,0.00
19:39:36,22.255296060347824,84.90386859982978,-0.361,0.986,0.36,-0.425,0.184,-64.4,8,0.0050,0.00
19:39:36,22.25529614374204,84.90386839182963,-0.382,0.996,0.36,-0.425,0.184,-63.8,8,0.0000,0.00
19:39:36,22.25529622733285,84.90386818333914,-0.404,1.005,0.36,-0.425,0.184,-63.1,8,0.0000,0.00
19:39:36,22.255296371099057,84.90386790722769,-0.432,1.021,0.36,-0.464,0.222,-61.6,8,0.0058,0.00
19:39:36,22.255296504738862,84.9038676371086,-0.460,1.036,0.36,-0.489,0.243,-61.6,8,0.0072,0.00
19:39:36,22.255296615131222,84.9038673968581,-0.485,1.048,0.36,-0.489,0.243,-60.9,8,0.0072,0.00
19:39:36,22.255296725305502,84.90386715708222,-0.509,1.060,0.36,-0.489,0.243,-60.1,8,0.0000,0.00
19:39:36,22.255296866165185,84.90386689901018,-0.536,1.076,0.36,-0.501,0.264,-60.1,8,0.0066,0.00
19:39:36,22.255296986106497,84.90386665285756,-0.561,1.089,0.36,-0.501,0.264,-58.6,8,0.0066,0.00
19:39:36,22.255297146385942,84.90386638668885,-0.589,1.107,0.36,-0.515,0.292,-57.9,8,0.0065,0.00
19:39:36,22.25529730083509,84.90386613235064,-0.615,1.124,0.35,-0.515,0.308,-56.4,8,0.0064,0.00
19:39:36,22.255297440756117,84.90386587935946,-0.641,1.140,0.35,-0.515,0.308,-56.4,8,0.0000,0.00
19:39:36,22.255297607721094,84.90386560901594,-0.669,1.159,0.35,-0.529,0.330,-55.6,8,0.0073,0.00
19:39:37,22.255297757596754,84.90386534943819,-0.695,1.175,0.35,-0.529,0.330,-55.0,8,0.0073,0.00
19:39:37,22.25529801952087,84.90386516318883,-0.715,1.204,0.35,-0.475,0.419,-46.5,8,0.0067,0.00
19:39:37,22.25529821004409,84.90386492981199,-0.739,1.226,0.35,-0.475,0.419,-46.5,8,0.0000,0.00
19:39:37,22.255298400749528,84.90386469621194,-0.763,1.247,0.35,-0.475,0.419,-43.0,8,0.0000,0.00
19:39:37,22.255298385475328,84.90386459760246,-0.773,1.245,0.35,-0.387,0.273,-40.1,8,0.0062,0.00
19:39:37,22.25529841689329,84.90386458745229,-0.774,1.249,0.35,-0.263,0.204,-37.9,8,0.0028,0.00
19:39:37,22.25529850983952,84.90386445799167,-0.787,1.259,0.37,-0.263,0.204,-37.9,8,0.0028,0.00
19:39:37,22.255298602315055,84.90386432918667,-0.801,1.269,0.37,-0.263,0.204,-38.4,8,0.0000,0.00
19:39:37,22.255298694687006,84.90386420052594,-0.814,1.280,0.37,-0.263,0.204,-39.1,8,0.0000,0.00
19:39:37,22.25529866720638,84.90386438641372,-0.795,1.277,0.37,-0.073,0.126,-38.9,8,0.0016,0.00
19:39:37,22.255298689487883,84.90386445644081,-0.787,1.279,0.37,-0.006,0.102,-38.9,8,0.0019,0.00
19:39:37,22.25529873590003,84.90386445331596,-0.788,1.284,0.37,-0.006,0.102,-38.9,8,0.0019,0.00
19:39:37,22.255298782066625,84.90386445020765,-0.788,1.289,0.37,-0.006,0.102,-38.9,8,0.0000,0.00
19:39:37,22.255298828320825,84.90386444709344,-0.788,1.294,0.37,-0.006,0.102,-38.7,8,0.0000,0.00
19:39:37,22.255298845397306,84.90386452730478,-0.780,1.296,0.39,0.042,0.084,-38.7,8,0.0018,0.00
19:39:37,22.255298883469756,84.90386454803273,-0.778,1.301,0.39,0.042,0.084,-38.7,8,0.0018,0.00
19:39:37,22.255298934088316,84.90386463364385,-0.769,1.306,0.39,0.081,0.092,-38.6,8,0.0024,0.00
19:39:37,22.255298975887282,84.90386467348289,-0.765,1.311,0.39,0.081,0.092,-38.5,8,0.0000,0.00
19:39:37,22.255299032836042,84.90386475696315,-0.757,1.317,0.39,0.109,0.102,-38.5,8,0.0022,0.00
19:39:37,22.255299086250844,84.90386483172634,-0.749,1.323,0.39,0.124,0.107,-38.4,8,0.0022,0.00
19:39:38,22.255299135105112,84.90386489239933,-0.743,1.329,0.39,0.124,0.107,-38.2,8,0.0022,0.00
19:39:38,22.255299186267116,84.90386496405782,-0.735,1.334,0.39,0.132,0.110,-38.2,8,0.0021,0.00
19:39:38,22.255299235910847,84.90386502867175,-0.729,1.340,0.39,0.132,0.110,-38.1,8,0.0000,0.00
19:39:38,22.255299293666404,84.90386511147003,-0.720,1.346,0.39,0.145,0.116,-38.0,8,0.0028,0.00
19:39:38,22.25529934556123,84.90386518600755,-0.712,1.352,0.39,0.148,0.115,-37.8,8,0.0023,0.00
19:39:38,22.25529939801348,84.9038652586834,-0.705,1.358,0.39,0.148,0.115,-37.8,8,0.0023,0.00
19:39:38,22.255299450081555,84.90386533082695,-0.697,1.364,0.39,0.148,0.115,-37.6,8,0.0000,0.00
19:39:38,22.255299502334804,84.90386540322706,-0.690,1.369,0.39,0.148,0.115,-37.5,8,0.0000,0.00
19:39:38,22.25529955546372,84.90386548141082,-0.682,1.375,0.39,0.152,0.116,-37.3,8,0.0025,0.00
19:39:38,22.25529961318246,84.90386556379273,-0.673,1.382,0.39,0.157,0.120,-37.2,8,0.0029,0.00
19:39:38,22.255299667489936,84.90386564078757,-0.665,1.388,0.39,0.157,0.120,-37.2,8,0.0029,0.00
19:39:38,22.25529972151303,84.9038657173792,-0.658,1.394,0.38,0.157,0.120,-37.0,8,0.0000,0.00
19:39:38,22.25529977947232,84.90386580081119,-0.649,1.400,0.38,0.161,0.122,-36.8,8,0.0024,0.00
19:39:38,22.255299839780523,84.90386588637914,-0.640,1.407,0.38,0.166,0.126,-36.8,8,0.0027,0.00
19:39:38,22.25529989685509,84.9038659675864,-0.632,1.413,0.38,0.166,0.126,-36.6,8,0.0027,0.00
19:39:38,22.25529995376075,84.90386604855335,-0.623,1.420,0.38,0.166,0.126,-36.6,8,0.0027,0.00
19:39:38,22.255300010687968,84.90386612955096,-0.615,1.426,0.38,0.166,0.126,-36.3,8,0.0000,0.00
19:39:38,22.255300087045644,84.90386624013563,-0.604,1.435,0.38,0.183,0.138,-36.3,8,0.0031,0.00
19:39:38,22.255300152043564,84.90386633217427,-0.594,1.442,0.38,0.185,0.140,-36.3,8,0.0029,0.00
19:39:38,22.2553002156609,84.9038664229501,-0.585,1.449,0.39,0.185,0.140,-36.2,8,0.0029,0.00
19:39:39,22.255300278935174,84.90386651323642,-0.576,1.456,0.39,0.185,0.140,-36.0,8,0.0000,0.00
19:39:39,22.2553003423236,84.90386660368563,-0.566,1.463,0.39,0.185,0.140,-36.0,8,0.0000,0.00
19:39:39,22.255300402459483,84.90386669196913,-0.557,1.470,0.39,0.184,0.138,-35.9,8,0.0025,0.00
19:39:39,22.255300471418167,84.90386679292368,-0.547,1.477,0.39,0.190,0.142,-35.8,8,0.0028,0.00
19:39:39,22.255300535846803,84.9038668861221,-0.537,1.485,0.39,0.190,0.142,-35.6,8,0.0028,0.00
19:39:39,22.255300600131573,84.90386697911241,-0.528,1.492,0.39,0.190,0.142,-35.6,8,0.0000,0.00
19:39:39,22.25530066442273,84.90386707211195,-0.518,1.499,0.39,0.190,0.142,-35.5,8,0.0000,0.00
19:39:39,22.2553007288001,84.90386716700218,-0.508,1.506,0.39,0.191,0.142,-35.3,8,0.0029,0.00
19:39:39,22.25530079374723,84.90386726283005,-0.498,1.513,0.39,0.193,0.142,-35.2,8,0.0030,0.00
19:39:39,22.25530086201328,84.90386736323028,-0.488,1.521,0.39,0.197,0.145,-35.2,8,0.0029,0.00
19:39:39,22.255300927903168,84.90386745970486,-0.478,1.528,0.39,0.197,0.145,-35.1,8,0.0000,0.00
19:39:39,22.255300995884696,84.90386756053647,-0.468,1.536,0.39,0.200,0.147,-34.9,8,0.0031,0.00
19:39:39,22.25530106271908,84.90386765887376,-0.458,1.543,0.40,0.200,0.147,-34.8,8,0.0031,0.00
19:39:39,22.25530113693203,84.90386776877831,-0.446,1.551,0.40,0.209,0.153,-34.8,8,0.0035,0.00
19:39:39,22.255301206499027,84.90386787139856,-0.436,1.559,0.40,0.209,0.153,-34.8,8,0.0035,0.00
19:39:39,22.255301275769494,84.90386797358137,-0.425,1.567,0.40,0.209,0.153,-34.6,8,0.0000,0.00
19:39:39,22.25530133911215,84.90386806813275,-0.415,1.574,0.40,0.204,0.149,-34.5,8,0.0029,0.00
19:39:39,22.255301409936823,84.90386817507382,-0.404,1.582,0.40,0.209,0.151,-34.4,8,0.0034,0.00
19:39:39,22.255301478722572,84.90386827762846,-0.394,1.590,0.40,0.209,0.151,-34.4,8,0.0034,0.00
19:39:39,22.25530154848019,84.90386838412022,-0.383,1.597,0.40,0.212,0.152,-34.3,8,0.0034,0.00
19:39:40,22.255301617661356,84.90386848816462,-0.372,1.605,0.41,0.212,0.152,-34.2,8,0.0000,0.00
19:39:40,22.25530169070603,84.9038686001044,-0.361,1.613,0.41,0.218,0.155,-34.2,8,0.0031,0.00
19:39:40,22.255301759148157,84.90386870458096,-0.350,1.621,0.41,0.216,0.154,-34.1,8,0.0033,0.00
19:39:40,22.255301828964104,84.9038688106343,-0.339,1.628,0.41,0.216,0.154,-34.0,8,0.0033,0.00
19:39:40,22.255301898460292,84.90386891620189,-0.328,1.636,0.41,0.216,0.154,-33.9,8,0.0000,0.00
19:39:40,22.255301968069972,84.9038690219419,-0.317,1.644,0.41,0.216,0.154,-33.9,8,0.0000,0.00
19:39:40,22.255302025884152,84.90386911440807,-0.308,1.650,0.41,0.208,0.146,-33.8,8,0.0035,0.00
19:39:40,22.255302088885117,84.90386921289786,-0.297,1.657,0.41,0.205,0.143,-33.6,8,0.0031,0.00
19:39:40,22.255302153805463,84.90386931339036,-0.287,1.665,0.41,0.205,0.143,-33.6,8,0.0031,0.00
19:39:40,22.25530221867729,84.90386941380775,-0.277,1.672,0.41,0.205,0.143,-33.6,8,0.0000,0.00
19:39:40,22.255302284713423,84.90386951690053,-0.266,1.679,0.41,0.207,0.144,-33.4,8,0.0032,0.00
19:39:40,22.255302350264728,84.90386961864962,-0.256,1.687,0.41,0.207,0.144,-33.4,8,0.0032,0.00
19:39:40,22.255302404402414,84.90386970461768,-0.247,1.693,0.41,0.197,0.136,-33.3,8,0.0027,0.00
19:39:40,22.255302466177458,84.90386980112976,-0.237,1.699,0.42,0.197,0.136,-33.3,8,0.0027,0.00
19:39:40,22.255302527853583,84.90386989748731,-0.227,1.706,0.42,0.197,0.136,-33.3,8,0.0000,0.00
19:39:40,22.25530260268671,84.9038700135135,-0.215,1.715,0.42,0.209,0.145,-33.2,8,0.0031,0.00
19:39:40,22.255302674193146,84.90387012571406,-0.203,1.723,0.42,0.216,0.149,-33.1,8,0.0032,0.00
19:39:40,22.255302742044787,84.90387023169323,-0.192,1.730,0.42,0.216,0.149,-33.1,8,0.0032,0.00
19:39:40,22.25530280933033,84.9038703388433,-0.181,1.738,0.42,0.217,0.149,-33.1,8,0.0033,0.00
19:39:41,22.25530287687274,84.90387044505884,-0.171,1.745,0.42,0.217,0.149,-33.0,8,0.0000,0.00
19:39:41,22.255302949296958,84.90387056021724,-0.159,1.753,0.42,0.223,0.153,-33.0,8,0.0037,0.00
19:39:41,22.255303018693134,84.90387066979795,-0.147,1.761,0.42,0.223,0.153,-32.8,8,0.0037,0.00
19:39:41,22.255303087850226,84.90387077900114,-0.136,1.769,0.42,0.223,0.153,-32.8,8,0.0033,0.00
19:39:41,22.255303157052186,84.90387088827516,-0.125,1.776,0.42,0.223,0.153,-32.7,8,0.0000,0.00
19:39:41,22.255303219295616,84.90387098805525,-0.115,1.783,0.42,0.218,0.148,-32.7,8,0.0034,0.00
19:39:41,22.25530328670102,84.90387109492609,-0.104,1.791,0.43,0.218,0.148,-32.7,8,0.0034,0.00
19:39:41,22.25530334879487,84.90387119443596,-0.093,1.798,0.43,0.214,0.145,-32.5,8,0.0030,0.00
19:39:41,22.255303414722615,84.90387129927687,-0.082,1.805,0.43,0.214,0.145,-32.4,8,0.0030,0.00
19:39:41,22.2553034804289,84.90387140376562,-0.072,1.812,0.43,0.214,0.145,-32.3,8,0.0000,0.00
19:39:41,22.255303535972423,84.90387149587366,-0.062,1.819,0.43,0.206,0.139,-32.3,8,0.0043,0.00
19:39:41,22.255303598922488,84.9038715970813,-0.052,1.826,0.43,0.206,0.139,-32.1,8,0.0043,0.00
19:39:41,22.25530365622058,84.90387169224718,-0.042,1.832,0.43,0.203,0.135,-31.9,8,0.0030,0.00
19:39:41,22.25530369467514,84.903871756356,-0.035,1.836,0.43,0.179,0.119,-31.8,8,0.0034,0.00
19:39:41,22.25530374841687,84.90387184412613,-0.026,1.842,0.43,0.179,0.119,-31.8,8,0.0000,0.00
19:39:41,22.255303795151036,84.9038719222662,-0.018,1.847,0.44,0.172,0.113,-31.5,8,0.0040,0.00
19:39:41,22.255303846546337,84.9038720068537,-0.010,1.853,0.44,0.172,0.113,-31.4,8,0.0040,0.00
19:39:41,22.255303888819665,84.9038720782791,-0.002,1.858,0.44,0.163,0.106,-31.3,8,0.0022,0.00
19:39:41,22.255303937033133,84.9038721582979,0.006,1.863,0.44,0.163,0.106,-31.3,8,0.0000,0.00
19:39:41,22.25530398504544,84.90387223798282,0.014,1.869,0.44,0.163,0.106,-31.2,8,0.0000,0.00
19:39:42,22.255303956718336,84.90387218611133,0.009,1.865,0.44,0.076,0.051,-31.1,8,0.0021,0.00
19:39:42,22.255303951352268,84.90387217600278,0.008,1.865,0.44,0.043,0.030,-31.0,8,0.0014,0.00
19:39:42,22.25530396495722,84.90387219712505,0.010,1.866,0.44,0.043,0.030,-31.0,8,0.0014,0.00
19:39:42,22.255303978449213,84.90387221807195,0.012,1.868,0.44,0.043,0.030,-31.0,8,0.0000,0.00
19:39:42,22.2553039712745,84.90387220658307,0.011,1.867,0.44,0.021,0.015,-30.9,8,0.0010,0.00
19:39:42,22.25530397799475,84.90387221690098,0.012,1.868,0.44,0.021,0.015,-30.8,8,0.0010,0.00
19:39:42,22.25530397503484,84.90387221222798,0.012,1.867,0.44,0.011,0.008,-30.8,8,0.0012,0.00
19:39:42,22.25530397856457,84.90387221760487,0.012,1.868,0.44,0.011,0.008,-30.7,8,0.0012,0.00
19:39:42,22.25530398208274,84.90387222296414,0.013,1.868,0.44,0.011,0.008,-30.6,8,0.0000,0.00
19:39:42,22.2553039797147,84.90387221925407,0.012,1.868,0.44,0.005,0.004,-30.5,8,0.0011,0.00
19:39:42,22.255303981415473,84.90387222181299,0.013,1.868,0.44,0.005,0.004,-30.5,8,0.0011,0.00
19:39:42,22.25530398058651,84.90387222113837,0.012,1.868,0.44,0.003,0.002,-30.5,8,0.0012,0.00
19:39:42,22.255303981489927,84.90387222267836,0.013,1.868,0.43,0.003,0.002,-30.4,8,0.0000,0.00
19:39:42,22.255303982393155,84.90387222421802,0.013,1.868,0.43,0.003,0.002,-30.4,8,0.0000,0.00
19:39:42,22.255303982266046,84.90387222671424,0.013,1.868,0.43,0.004,0.001,-30.4,8,0.0015,0.00
19:39:42,22.255303982977,84.90387223236658,0.014,1.868,0.43,0.006,0.001,-30.4,8,0.0013,0.00
19:39:42,22.25530398360768,84.9038722354322,0.014,1.868,0.43,0.006,0.001,-30.4,8,0.0013,0.00
19:39:42,22.255303984236804,84.90387223849027,0.014,1.868,0.43,0.006,0.001,-30.5,8,0.0000,0.00
19:39:42,22.25530398486453,84.90387224154152,0.015,1.868,0.43,0.006,0.001,-30.2,8,0.0000,0.00
19:39:42,22.255303947851846,84.90387217642123,0.008,1.864,0.43,-0.034,-0.023,-30.2,8,0.0017,0.00
19:39:43,22.255303953823624,84.90387218938487,0.009,1.865,0.43,-0.016,-0.012,-30.1,8,0.0015,0.00
19:39:43,22.255303948465816,84.90387218168145,0.008,1.864,0.43,-0.016,-0.012,-29.9,8,0.0015,0.00
19:39:43,22.255303943152768,84.90387217404238,0.008,1.864,0.43,-0.016,-0.012,-29.8,8,0.0000,0.00
19:39:43,22.255303937830085,84.90387216638945,0.007,1.863,0.43,-0.016,-0.012,-29.8,8,0.0000,0.00
19:39:43,22.255303945607753,84.903872180134,0.008,1.864,0.41,-0.003,-0.004,-29.7,8,0.0014,0.00
19:39:43,22.255303948937303,84.90387218645411,0.009,1.864,0.41,0.002,-0.000,-29.3,8,0.0020,0.00
19:39:43,22.255303948826974,84.90387218726907,0.009,1.864,0.41,0.002,-0.000,-29.2,8,0.0020,0.00
19:39:43,22.25530394871718,84.90387218808009,0.009,1.864,0.41,0.002,-0.000,-29.2,8,0.0000,0.00
19:39:43,22.255303951521544,84.90387219301968,0.010,1.865,0.41,0.004,0.002,-29.0,8,0.0018,0.00
19:39:43,22.255303952316417,84.90387219511503,0.010,1.865,0.41,0.004,0.002,-28.8,8,0.0018,0.00
19:39:43,22.25530395343719,84.90387219721026,0.010,1.865,0.41,0.004,0.002,-28.6,8,0.0011,0.00
19:39:43,22.255303954446216,84.9038721992562,0.010,1.865,0.41,0.004,0.002,-28.6,8,0.0011,0.00
19:39:43,22.25530395538593,84.90387220134221,0.010,1.865,0.41,0.004,0.002,-28.5,8,0.0000,0.00
19:39:43,22.255303955653346,84.90387220245364,0.011,1.865,0.38,0.004,0.002,-28.3,8,0.0015,0.00
19:39:43,22.255303956346317,84.90387220418229,0.011,1.865,0.38,0.004,0.002,-28.3,8,0.0015,0.00
19:39:43,22.255303956469255,84.90387220515287,0.011,1.865,0.38,0.003,0.001,-28.1,8,0.0021,0.00
19:39:43,22.255303956955224,84.90387220660924,0.011,1.865,0.38,0.003,0.001,-27.7,8,0.0000,0.00
19:39:43,22.255303957439452,84.9038722080604,0.011,1.865,0.34,0.003,0.001,-27.4,8,0.0000,0.00
19:39:43,22.25530395765089,84.90387221056515,0.011,1.865,0.34,0.004,0.001,-27.4,8,0.0019,0.00
19:39:43,22.255303958271714,84.90387221367708,0.012,1.866,0.34,0.005,0.001,-27.1,8,0.0014,0.00
19:39:44,22.255303958743372,84.90387221592033,0.012,1.866,0.34,0.005,0.001,-26.5,8,0.0014,0.00
19:39:44,22.255303959213975,84.90387221815858,0.012,1.866,0.34,0.005,0.001,-26.2,8,0.0000,0.00
19:39:44,22.255303961293123,84.90387222468311,0.013,1.866,0.34,0.007,0.002,-26.2,8,0.0020,0.00
19:39:44,22.255303962297972,84.9038722283482,0.013,1.866,0.34,0.007,0.002,-26.0,8,0.0020,0.00
19:39:44,22.255303962848973,84.9038722362938,0.014,1.866,0.34,0.010,0.002,-25.4,8,0.0019,0.00
19:39:44,22.25530396370588,84.90387224138445,0.015,1.866,0.27,0.010,0.002,-25.4,8,0.0019,0.00
19:39:44,22.255303964559047,84.90387224645286,0.015,1.866,0.27,0.010,0.002,-25.0,8,0.0000,0.00
19:39:44,22.255303961597708,84.90387225746792,0.016,1.866,0.27,0.014,-0.001,-24.2,8,0.0022,0.00
19:39:44,22.25530396126895,84.90387226441888,0.017,1.866,0.27,0.014,-0.001,-23.6,8,0.0022,0.00
19:39:44,22.255303957895755,84.90387227501576,0.018,1.865,0.27,0.016,-0.003,-23.6,8,0.0023,0.00
19:39:44,22.2553039541854,84.90387228548948,0.019,1.865,0.27,0.018,-0.005,-23.1,8,0.0023,0.00
19:39:44,22.255303952070022,84.90387229441448,0.020,1.865,0.27,0.018,-0.005,-21.9,8,0.0000,0.00
19:39:44,22.255303945397333,84.90387230616138,0.021,1.864,0.27,0.020,-0.008,-21.2,8,0.0024,0.00
19:39:44,22.25530394161134,84.90387231613887,0.022,1.864,0.27,0.020,-0.008,-21.2,8,0.0024,0.00
19:39:44,22.255303934087674,84.90387232848828,0.024,1.863,0.17,0.022,-0.011,-20.6,8,0.0025,0.00
19:39:44,22.255303926006203,84.90387234076162,0.025,1.862,0.17,0.023,-0.014,-19.1,8,0.0026,0.00
19:39:44,22.255303919740125,84.90387235214067,0.026,1.861,0.17,0.023,-0.014,-18.3,8,0.0000,0.00
19:39:44,22.255303910950662,84.90387236460079,0.027,1.860,0.17,0.024,-0.016,-18.3,8,0.0026,0.00
19:39:44,22.255303910950662,84.90387236460079,0.029,1.859,0.08,0.025,-0.017,-17.5,8,0.0027,0.00
19:39:45,22.255303910950662,84.90387236460079,0.030,1.858,0.08,0.025,-0.017,-16.0,8,0.0027,0.00
19:39:45,22.255303910950662,84.90387236460079,0.031,1.858,0.08,0.025,-0.017,-15.2,8,0.0027,0.00
19:39:45,22.255303910950662,84.90387236460079,0.032,1.857,0.08,0.025,-0.017,-15.2,8,0.0000,0.00
19:39:45,22.255303910950662,84.90387236460079,0.034,1.856,0.08,0.025,-0.017,-13.6,8,0.0000,0.00
19:39:45,22.255303910950662,84.90387236460079,0.034,1.855,0.08,0.023,-0.015,-12.8,8,0.0025,0.00
19:39:45,22.255303910950662,84.90387236460079,0.036,1.855,0.08,0.023,-0.015,-12.0,8,0.0025,0.00
19:39:45,22.255303910950662,84.90387236460079,0.036,1.854,0.08,0.019,-0.012,-12.0,8,0.0020,0.00
19:39:45,22.255303910950662,84.90387236460079,0.037,1.854,0.00,0.019,-0.012,-10.4,8,0.0000,0.00
19:39:45,22.255303910950662,84.90387236460079,0.037,1.854,0.00,0.014,-0.007,-9.6,8,0.0016,0.00
19:39:45,22.255303910950662,84.90387236460079,0.038,1.854,0.00,0.014,-0.007,-8.8,8,0.0016,0.00
19:39:45,22.255303910950662,84.90387236460079,0.038,1.854,0.00,0.007,-0.004,-8.8,8,0.0011,0.00
19:39:45,22.255303910950662,84.90387236460079,0.038,1.854,0.01,0.007,-0.004,-7.3,8,0.0000,0.00
19:39:45,22.255303910950662,84.90387236460079,0.038,1.853,0.01,0.007,-0.004,-6.5,8,0.0000,0.00
19:39:45,22.255303910950662,84.90387236460079,0.038,1.854,0.01,0.002,-0.002,-5.8,8,0.0008,0.00
19:39:45,22.255303910950662,84.90387236460079,0.038,1.853,0.01,0.002,-0.002,-5.8,8,0.0008,0.00
19:39:45,22.255303910950662,84.90387236460079,0.038,1.853,0.01,0.002,-0.002,-4.4,8,0.0000,0.00
19:39:45,22.255303910950662,84.90387236460079,0.038,1.853,0.01,0.002,-0.002,-3.7,8,0.0000,0.00
19:39:45,22.255303910950662,84.90387236460079,0.037,1.854,0.01,-0.002,0.000,-3.0,8,0.0008,0.00
19:39:45,22.255303910950662,84.90387236460079,0.037,1.854,0.01,-0.002,0.000,-3.0,8,0.0008,0.00
19:39:45,22.255303910950662,84.90387236460079,0.037,1.854,0.01,-0.002,0.000,-1.6,8,0.0000,0.00
19:39:46,22.255303910950662,84.90387236460079,0.037,1.854,0.01,-0.002,0.000,-0.9,8,0.0000,0.00
19:39:46,22.255303910950662,84.90387236460079,0.037,1.854,0.01,-0.002,0.001,-0.9,8,0.0007,0.00
19:39:46,22.255303910950662,84.90387236460079,0.037,1.854,0.01,-0.002,0.001,0.6,8,0.0007,0.00
19:39:46,22.255303910950662,84.90387236460079,0.037,1.854,0.01,-0.002,0.001,1.4,8,0.0007,0.00
19:39:46,22.255303910950662,84.90387236460079,0.037,1.854,0.01,-0.002,0.001,2.2,8,0.0000,0.00
19:39:46,22.255303910950662,84.90387236460079,0.037,1.854,0.01,-0.002,0.001,2.2,8,0.0000,0.00
19:39:46,22.255303910950662,84.90387236460079,0.037,1.854,0.01,-0.000,0.000,3.8,8,0.0004,0.00
19:39:46,22.255303910950662,84.90387236460079,0.037,1.854,0.01,-0.000,0.000,4.5,8,0.0004,0.00
19:39:46,22.255303910950662,84.90387236460079,0.037,1.854,0.01,-0.000,0.000,5.2,8,0.0000,0.00
19:39:46,22.255303910950662,84.90387236460079,0.037,1.854,0.01,-0.000,0.000,5.2,8,0.0000,0.00
19:39:46,22.255303910950662,84.90387236460079,0.037,1.854,0.01,0.000,-0.000,7.3,8,0.0004,0.00
19:39:46,22.255303910950662,84.90387236460079,0.037,1.854,0.01,0.000,-0.000,7.3,8,0.0004,0.00
19:39:46,22.255303910950662,84.90387236460079,0.037,1.854,0.02,0.000,-0.000,8.5,8,0.0000,0.00
19:39:46,22.255303910950662,84.90387236460079,0.037,1.854,0.02,0.000,-0.000,8.5,8,0.0000,0.00
19:39:46,22.255303910950662,84.90387236460079,0.037,1.854,0.02,0.000,-0.000,8.7,8,0.0006,0.00
19:39:46,22.255303910950662,84.90387236460079,0.037,1.854,0.02,0.000,-0.000,8.7,8,0.0006,0.00
19:39:46,22.255303910950662,84.90387236460079,0.037,1.854,0.02,0.000,-0.000,9.3,8,0.0000,0.00
19:39:46,22.255303910950662,84.90387236460079,0.037,1.854,0.02,0.000,-0.000,9.7,8,0.0000,0.00
19:39:46,22.255303910950662,84.90387236460079,0.037,1.854,0.02,0.000,-0.000,10.1,8,0.0003,0.00
19:39:46,22.255303910950662,84.90387236460079,0.037,1.854,0.02,0.000,-0.000,10.1,8,0.0003,0.00
19:39:47,22.25530385251689,84.90387245893906,0.037,1.854,0.02,0.000,-0.000,10.8,8,0.0000,172.52
19:39:47,22.25530385251689,84.90387245893906,0.037,1.854,0.02,0.000,-0.000,11.2,8,0.0000,172.52
19:39:47,22.25530385251689,84.90387245893906,0.037,1.854,0.02,0.000,-0.000,11.6,8,0.0003,172.52
19:39:47,22.25530385251689,84.90387245893906,0.037,1.854,0.02,0.000,-0.000,11.6,8,0.0003,172.52
19:39:47,22.255303851920544,84.90387245954138,0.037,1.854,0.02,0.000,-0.000,12.1,8,0.0004,60.87
19:39:47,22.255303851920544,84.90387245954138,0.037,1.854,0.02,0.000,-0.000,12.3,8,0.0000,60.87
19:39:47,22.255303851920544,84.90387245954138,0.037,1.854,0.02,0.000,-0.000,13.0,8,0.0005,60.87
19:39:47,22.255303851920544,84.90387245954138,0.037,1.854,0.02,0.000,-0.000,13.0,8,0.0005,60.87
19:39:47,22.255303851920544,84.90387245954138,0.037,1.854,0.02,0.000,-0.000,13.4,8,0.0005,60.87
19:39:47,22.255303851920544,84.90387245954138,0.037,1.854,0.02,0.000,-0.000,13.8,8,0.0000,60.87
19:39:47,22.255303851920544,84.90387245954138,0.037,1.854,0.02,0.000,-0.000,14.7,8,0.0000,60.87
19:39:47,22.255303851920544,84.90387245954138,0.037,1.854,0.02,0.000,-0.000,14.7,8,0.0004,60.87
19:39:47,22.2552545,84.9038146,-5.862,-3.583,0.02,-0.002,-0.002,15.2,8,0.0004,8.11
19:39:47,22.2552545,84.9038146,-5.862,-3.583,0.02,-0.002,-0.002,15.7,8,0.0000,8.11
19:39:47,22.2552545,84.9038146,-5.862,-3.583,0.02,-0.002,-0.002,16.6,8,0.0000,8.11
19:39:47,22.2552545,84.9038146,-5.862,-3.583,0.02,-0.001,-0.001,16.6,8,0.0006,8.11
19:39:47,22.2552545,84.9038146,-5.862,-3.583,0.02,-0.001,-0.001,17.0,8,0.0006,8.11
19:39:47,22.2553177,84.9039301,-5.273,-3.236,0.02,0.017,0.010,17.4,8,0.0006,13.74
19:39:47,22.2553177,84.9039301,-5.272,-3.235,0.02,0.017,0.010,18.1,8,0.0000,13.74
19:39:47,22.2553177,84.9039301,-5.272,-3.235,0.02,0.017,0.010,18.1,8,0.0000,13.74
19:39:48,22.2553177,84.9039301,-5.273,-3.236,0.02,0.006,0.004,18.4,8,0.0006,13.74
19:39:48,22.2553177,84.9039301,-5.272,-3.235,0.02,0.006,0.004,18.7,8,0.0006,13.74
19:39:48,22.2553177,84.9039301,-5.273,-3.235,0.02,0.003,0.002,19.4,8,0.0006,13.74
19:39:48,22.2553177,84.9039301,-5.273,-3.235,0.02,0.003,0.002,19.4,8,0.0000,13.74
19:39:48,22.2553177,84.9039301,-5.272,-3.235,0.02,0.003,0.002,19.8,8,0.0000,13.74
19:39:48,22.2553165,84.9039319,-4.679,-2.898,0.03,0.030,0.018,20.6,8,0.0004,13.15
19:39:48,22.2553165,84.9039319,-4.677,-2.897,0.03,0.030,0.018,21.1,8,0.0004,13.15
19:39:48,22.2553165,84.9039319,-4.676,-2.896,0.03,0.030,0.018,21.1,8,0.0000,13.15
19:39:48,22.2553165,84.9039319,-4.674,-2.895,0.03,0.030,0.018,21.6,8,0.0000,13.15
19:39:48,22.2553133,84.9039269,-4.143,-2.597,0.03,0.030,0.017,22.7,8,0.0010,11.84
19:39:48,22.2553133,84.9039269,-4.142,-2.596,0.03,0.030,0.017,23.3,8,0.0010,11.84
19:39:48,22.2553133,84.9039269,-4.144,-2.597,0.03,0.015,0.008,23.3,8,0.0006,11.84
19:39:48,22.2553133,84.9039269,-4.143,-2.597,0.03,0.015,0.008,23.9,8,0.0000,11.84
19:39:48,22.2553133,84.9039269,-4.143,-2.597,0.03,0.008,0.004,25.0,8,0.0005,11.84
19:39:48,22.2553133,84.9039269,-4.143,-2.597,0.03,0.008,0.004,25.0,8,0.0005,11.84
19:39:48,22.2553133,84.9039269,-4.143,-2.597,0.03,0.005,0.002,25.6,8,0.0004,11.84
19:39:48,22.2553133,84.9039269,-4.143,-2.597,0.03,0.005,0.002,26.7,8,0.0000,11.84
19:39:48,22.2553133,84.9039269,-4.143,-2.597,0.03,0.004,0.001,27.2,8,0.0003,11.84
19:39:48,22.2553107,84.9039219,-3.643,-2.316,0.02,0.014,0.007,27.2,8,0.0003,10.64
19:39:49,22.2553107,84.9039219,-3.643,-2.316,0.02,0.008,0.003,27.7,8,0.0004,10.64
19:39:49,22.2553107,84.9039219,-3.642,-2.316,0.02,0.008,0.003,28.8,8,0.0000,10.64
19:39:49,22.2553107,84.9039219,-3.642,-2.316,0.02,0.008,0.003,29.3,8,0.0000,10.64
19:39:49,22.2553107,84.9039219,-3.642,-2.316,0.02,0.004,0.002,29.3,8,0.0005,10.64
19:39:49,22.2553107,84.9039219,-3.642,-2.316,0.02,0.004,0.002,29.9,8,0.0005,10.64
19:39:49,22.2553107,84.9039219,-3.642,-2.316,0.02,0.004,0.002,31.1,8,0.0000,10.64
19:39:49,22.2553107,84.9039219,-3.642,-2.316,0.02,0.004,0.002,31.7,8,0.0000,10.64
19:39:49,22.2553086,84.903923,-3.150,-2.056,0.02,0.012,0.007,31.7,8,0.0005,10.05
19:39:49,22.2553086,84.903923,-3.149,-2.055,0.02,0.012,0.007,32.3,8,0.0005,10.05
19:39:49,22.2553086,84.903923,-3.150,-2.055,0.02,0.006,0.004,33.5,8,0.0004,10.05
19:39:49,22.2553086,84.903923,-3.150,-2.055,0.02,0.006,0.004,34.1,8,0.0000,10.05
19:39:49,22.2553043,84.9039229,-2.693,-1.839,0.02,0.010,0.006,34.1,8,0.0007,9.27
19:39:49,22.2553043,84.9039229,-2.692,-1.839,0.02,0.010,0.006,34.8,8,0.0007,9.27
19:39:49,22.2553043,84.9039229,-2.692,-1.839,0.02,0.010,0.006,35.4,8,0.0007,9.27
19:39:49,22.2553043,84.9039229,-2.691,-1.838,0.02,0.010,0.006,36.8,8,0.0000,9.27
19:39:49,22.2553043,84.9039229,-2.691,-1.838,0.02,0.010,0.006,36.8,8,0.0000,9.27
19:39:49,22.2553043,84.9039229,-2.691,-1.839,0.02,0.004,0.002,37.5,8,0.0003,9.27
19:39:49,22.2553043,84.9039229,-2.691,-1.838,0.02,0.004,0.002,38.9,8,0.0003,9.27
19:39:49,22.2553043,84.9039229,-2.691,-1.838,0.02,0.004,0.002,39.6,8,0.0000,9.27
19:39:49,22.2553043,84.9039229,-2.691,-1.838,0.02,0.004,0.002,39.6,8,0.0000,9.27
19:39:50,22.2553008,84.9039236,-2.237,-1.648,0.03,0.014,0.006,40.3,8,0.0005,8.67
19:39:50,22.2553008,84.9039236,-2.237,-1.648,0.03,0.014,0.006,41.8,8,0.0005,8.67
19:39:50,22.2553008,84.9039236,-2.237,-1.648,0.03,0.007,0.003,42.5,8,0.0005,8.67
19:39:50,22.2553008,84.9039236,-2.237,-1.648,0.03,0.007,0.003,42.5,8,0.0000,8.67
19:39:50,22.2553003,84.9039246,-1.811,-1.475,0.02,0.011,0.005,43.9,8,0.0005,8.25
19:39:50,22.2553003,84.9039246,-1.810,-1.475,0.02,0.011,0.005,44.6,8,0.0005,8.25
19:39:50,22.2553003,84.9039246,-1.810,-1.474,0.02,0.011,0.005,45.3,8,0.0000,8.25
19:39:50,22.2553003,84.9039246,-1.809,-1.474,0.02,0.011,0.005,45.3,8,0.0000,8.25
19:39:50,22.2553003,84.9039246,-1.809,-1.474,0.02,0.011,0.005,45.9,8,0.0000,8.25
19:39:50,22.2553003,84.9039246,-1.809,-1.474,0.02,0.005,0.002,47.3,8,0.0006,8.25
19:39:50,22.2553003,84.9039246,-1.809,-1.474,0.02,0.003,0.001,47.9,8,0.0011,8.25
19:39:50,22.2553003,84.9039246,-1.809,-1.474,0.02,0.003,0.001,47.9,8,0.0000,8.25
19:39:50,22.2552994,84.9039253,-1.392,-1.312,0.02,0.015,0.005,49.2,8,0.0000,7.82
19:39:50,22.2552994,84.9039253,-1.393,-1.313,0.02,0.008,0.002,49.8,8,0.0005,7.82
19:39:50,22.2552994,84.9039253,-1.392,-1.313,0.02,0.008,0.002,50.4,8,0.0005,7.82
19:39:50,22.2552994,84.9039253,-1.392,-1.312,0.02,0.008,0.002,50.4,8,0.0000,7.82
19:39:50,22.2552969,84.903924,-1.012,-1.178,0.02,0.024,0.008,51.6,8,0.0000,7.15
19:39:50,22.2552969,84.903924,-1.013,-1.178,0.02,0.011,0.003,52.2,8,0.0005,7.15
19:39:50,22.2552969,84.903924,-1.012,-1.178,0.02,0.011,0.003,52.7,8,0.0005,7.15
19:39:50,22.2552969,84.903924,-1.013,-1.178,0.02,0.006,0.002,52.7,8,0.0005,7.15
19:39:51,22.2552969,84.903924,-1.013,-1.178,0.02,0.006,0.002,53.9,8,0.0000,7.15
19:39:51,22.2552969,84.903924,-1.013,-1.178,0.02,0.003,0.001,54.4,8,0.0005,7.15
19:39:51,22.2552969,84.903924,-1.013,-1.178,0.02,0.003,0.001,54.9,8,0.0005,7.15
19:39:51,22.2552969,84.903924,-1.012,-1.178,0.02,0.003,0.001,54.9,8,0.0005,7.15
19:39:51,22.2552969,84.903924,-1.012,-1.178,0.02,0.003,0.001,56.0,8,0.0000,7.15
19:39:51,22.2552933,84.9039218,-0.657,-1.070,0.01,0.008,0.003,56.5,8,0.0004,6.41
19:39:51,22.2552933,84.9039218,-0.657,-1.070,0.01,0.008,0.003,57.0,8,0.0004,6.41
19:39:51,22.2552933,84.9039218,-0.656,-1.070,0.01,0.008,0.003,57.0,8,0.0004,6.41
19:39:51,22.2552933,84.9039218,-0.656,-1.070,0.01,0.008,0.003,58.1,8,0.0000,6.41
19:39:51,22.2552933,84.9039218,-0.656,-1.069,0.01,0.008,0.003,58.7,8,0.0000,6.41
19:39:51,22.2552933,84.9039218,-0.656,-1.070,0.01,0.003,0.001,59.2,8,0.0004,6.41
19:39:51,22.2552933,84.9039218,-0.656,-1.070,0.01,0.003,0.001,59.2,8,0.0004,6.41
19:39:51,22.2552933,84.9039218,-0.656,-1.070,0.01,0.001,0.001,60.4,8,0.0005,6.41
19:39:51,22.2552898,84.9039192,-0.330,-0.989,0.02,0.009,0.003,61.0,8,0.0000,5.67
19:39:51,22.2552898,84.9039192,-0.330,-0.989,0.02,0.005,0.001,62.1,8,0.0005,5.67
19:39:51,22.2552898,84.9039192,-0.330,-0.989,0.02,0.005,0.001,62.1,8,0.0005,5.67
19:39:51,22.2552898,84.9039192,-0.330,-0.989,0.02,0.003,0.001,62.7,8,0.0006,5.67
19:39:51,22.2552883,84.9039175,-0.040,-0.925,0.02,0.009,0.002,63.3,8,0.0000,5.13
19:39:51,22.2552883,84.9039175,-0.040,-0.925,0.02,0.005,0.001,63.3,8,0.0007,5.13
19:39:51,22.2552883,84.9039175,-0.040,-0.925,0.02,0.005,0.001,64.5,8,0.0007,5.13
19:39:52,22.2552883,84.9039175,-0.040,-0.925,0.02,0.005,0.001,65.1,8,0.0007,5.13
19:39:52,22.2552883,84.9039175,-0.039,-0.925,0.02,0.005,0.001,65.6,8,0.0000,5.13
19:39:52,22.2552883,84.9039175,-0.039,-0.925,0.02,0.005,0.001,65.6,8,0.0000,5.13
19:39:52,22.2552883,84.9039175,-0.039,-0.925,0.02,0.002,0.000,66.8,8,0.0006,5.13
19:39:52,22.2552883,84.9039175,-0.039,-0.925,0.02,0.002,0.000,67.4,8,0.0006,5.13
19:39:52,22.2552883,84.9039175,-0.039,-0.925,0.02,0.001,0.000,68.6,8,0.0006,5.13
19:39:52,22.2552857,84.9039139,0.219,-0.880,0.01,0.007,0.001,68.6,8,0.0000,4.41
19:39:52,22.2552857,84.9039139,0.219,-0.880,0.01,0.004,0.001,69.1,8,0.0005,4.41
19:39:52,22.2552857,84.9039139,0.219,-0.880,0.01,0.004,0.001,69.6,8,0.0005,4.41
19:39:52,22.2552857,84.9039139,0.219,-0.880,0.01,0.002,0.000,70.7,8,0.0006,4.41
19:39:52,22.2552839,84.903911,0.440,-0.850,0.01,0.006,0.001,70.7,8,0.0000,3.82
19:39:52,22.2552839,84.903911,0.440,-0.850,0.01,0.006,0.001,71.2,8,0.0000,3.82
19:39:52,22.2552839,84.903911,0.440,-0.850,0.01,0.003,0.000,71.7,8,0.0006,3.82
19:39:52,22.2552839,84.903911,0.440,-0.850,0.01,0.002,-0.000,72.0,8,0.0005,3.82
19:39:52,22.2552839,84.903911,0.440,-0.850,0.01,0.002,-0.000,72.0,8,0.0000,3.82
19:39:52,22.2552839,84.903911,0.440,-0.850,0.01,0.002,-0.000,72.2,8,0.0000,3.82
19:39:52,22.2552839,84.903911,0.440,-0.850,0.01,0.002,-0.000,72.3,8,0.0007,3.82
19:39:52,22.2552839,84.903911,0.440,-0.850,0.01,0.002,-0.000,72.7,8,0.0007,3.82
19:39:52,22.2552835,84.9039098,0.644,-0.824,0.01,0.007,0.000,72.7,8,0.0000,3.47
19:39:53,22.2552835,84.9039098,0.645,-0.824,0.01,0.007,0.000,72.9,8,0.0000,3.47
19:39:53,22.2552835,84.9039098,0.644,-0.824,0.01,0.003,0.000,73.0,8,0.0006,3.47
19:39:53,22.2552835,84.9039098,0.645,-0.824,0.01,0.003,0.000,73.1,8,0.0006,3.47
19:39:53,22.2552825,84.9039075,0.819,-0.807,0.01,0.009,0.001,73.1,8,0.0000,3.02
19:39:53,22.2552825,84.9039075,0.820,-0.806,0.01,0.009,0.001,73.2,8,0.0000,3.02
19:39:53,22.2552825,84.9039075,0.819,-0.806,0.01,0.003,0.001,73.3,8,0.0004,3.02
19:39:53,22.2552825,84.9039075,0.819,-0.806,0.01,0.003,0.001,73.3,8,0.0004,3.02
19:39:53,22.2552825,84.9039075,0.819,-0.806,0.01,0.003,0.001,73.3,8,0.0004,3.02
19:39:53,22.2552825,84.9039075,0.819,-0.806,0.01,0.003,0.001,73.3,8,0.0000,3.02
19:39:53,22.2552825,84.9039075,0.820,-0.806,0.01,0.003,0.001,73.3,8,0.0000,3.02
19:39:53,22.2552825,84.9039075,0.819,-0.806,0.01,0.001,0.001,73.3,8,0.0003,3.02
19:39:53,22.2552825,84.9039075,0.819,-0.806,0.01,0.001,0.001,73.2,8,0.0003,3.02
19:39:53,22.2552816,84.9039045,0.970,-0.795,0.01,0.007,0.001,73.2,8,0.0000,2.53
19:39:53,22.2552816,84.9039045,0.971,-0.795,0.01,0.007,0.001,73.1,8,0.0000,2.53
19:39:53,22.2552816,84.9039045,0.970,-0.795,0.01,0.003,0.001,73.1,8,0.0004,2.53
19:39:53,22.2552816,84.9039045,0.970,-0.795,0.01,0.003,0.001,73.1,8,0.0004,2.53
19:39:53,22.2552816,84.9039045,0.970,-0.795,0.01,0.001,0.000,73.0,8,0.0003,2.53
19:39:53,22.2552816,84.9039045,0.970,-0.795,0.01,0.001,0.000,73.0,8,0.0000,2.53
19:39:53,22.2552816,84.9039045,0.970,-0.795,0.01,0.001,0.000,73.0,8,0.0000,2.53
19:39:53,22.2552816,84.9039045,0.970,-0.795,0.01,-0.001,0.001,72.8,8,0.0007,2.53
19:39:54,22.2552813,84.9039034,1.107,-0.787,0.01,0.003,0.001,72.5,8,0.0007,2.26
19:39:54,22.2552813,84.9039034,1.107,-0.786,0.01,0.003,0.001,72.4,8,0.0000,2.26
19:39:54,22.2552813,84.9039034,1.108,-0.786,0.01,0.003,0.001,72.4,8,0.0000,2.26
19:39:54,22.2552813,84.9039034,1.107,-0.786,0.01,-0.000,0.002,72.1,8,0.0005,2.26
19:39:54,22.2552813,84.9039034,1.107,-0.786,0.01,-0.000,0.002,71.6,8,0.0005,2.26
19:39:54,22.2552809,84.9039016,1.223,-0.781,0.04,0.004,0.002,71.3,8,0.0000,1.93
19:39:54,22.2552809,84.9039016,1.224,-0.781,0.04,0.004,0.002,71.3,8,0.0000,1.93
19:39:54,22.2552809,84.9039016,1.223,-0.781,0.04,0.001,0.001,71.1,8,0.0008,1.93
19:39:54,22.2552809,84.9039016,1.223,-0.781,0.04,0.001,0.001,70.6,8,0.0008,1.93
19:39:54,22.2552809,84.9039016,1.223,-0.781,0.04,0.001,0.001,70.4,8,0.0000,1.93
19:39:54,22.2552809,84.9039016,1.223,-0.781,0.04,0.001,0.001,70.4,8,0.0000,1.93
19:39:54,22.2552809,84.9039016,1.206,-0.787,0.04,-0.079,-0.029,70.0,8,0.0017,1.93
19:39:54,22.2552809,84.9039016,1.202,-0.789,0.04,-0.079,-0.029,68.8,8,0.0017,1.93
19:39:54,22.2552802,84.9038991,1.295,-0.789,0.04,-0.076,-0.029,68.0,8,0.0000,1.58
19:39:54,22.2552802,84.9038991,1.292,-0.791,0.04,-0.076,-0.029,68.0,8,0.0000,1.58
19:39:54,22.2552802,84.9038991,1.288,-0.792,0.04,-0.076,-0.029,67.3,8,0.0045,1.58
19:39:54,22.2552802,84.9038991,1.284,-0.794,0.04,-0.076,-0.029,65.9,8,0.0045,1.58
19:39:54,22.2552801,84.9038981,1.329,-0.812,0.06,-0.224,-0.101,65.2,8,0.0037,1.44
19:39:54,22.2552801,84.9038981,1.318,-0.817,0.06,-0.224,-0.101,65.2,8,0.0000,1.44
19:39:54,22.2552801,84.9038981,1.307,-0.822,0.06,-0.224,-0.101,64.7,8,0.0000,1.44
19:39:55,22.2552801,84.9038981,1.289,-0.831,0.06,-0.253,-0.118,64.1,8,0.0038,1.44
19:39:55,22.2552801,84.9038981,1.276,-0.837,0.06,-0.253,-0.118,63.9,8,0.0038,1.44
19:39:55,22.2552801,84.9038981,1.263,-0.843,0.06,-0.253,-0.118,63.9,8,0.0000,1.44
19:39:55,22.2552801,84.9038981,1.251,-0.849,0.06,-0.253,-0.118,63.9,8,0.0000,1.44
19:39:55,22.2552801,84.9038981,1.237,-0.855,0.06,-0.258,-0.122,64.1,8,0.0031,1.44
19:39:55,22.2552801,84.9038981,1.224,-0.861,0.06,-0.258,-0.122,64.1,8,0.0031,1.44
19:39:55,22.2552802,84.9038952,1.283,-0.862,0.06,-0.255,-0.121,64.3,8,0.0000,1.17
19:39:55,22.2552802,84.9038952,1.270,-0.868,0.06,-0.255,-0.121,64.5,8,0.0000,1.17
19:39:55,22.2552802,84.9038952,1.257,-0.874,0.06,-0.256,-0.120,64.6,8,0.0029,1.17
19:39:55,22.2552802,84.9038952,1.244,-0.880,0.06,-0.256,-0.120,64.6,8,0.0029,1.17
19:39:55,22.2552813,84.9038921,1.281,-0.872,0.04,-0.256,-0.119,64.6,8,0.0030,0.86
19:39:55,22.2552813,84.9038921,1.268,-0.878,0.04,-0.256,-0.119,64.5,8,0.0000,0.86
19:39:55,22.2552813,84.9038921,1.255,-0.884,0.04,-0.256,-0.119,64.4,8,0.0000,0.86
19:39:55,22.2552813,84.9038921,1.239,-0.892,0.04,-0.274,-0.127,64.4,8,0.0033,0.86
19:39:55,22.2552813,84.9038921,1.225,-0.898,0.04,-0.274,-0.127,64.1,8,0.0033,0.86
19:39:55,22.2552813,84.9038921,1.208,-0.907,0.04,-0.296,-0.140,63.9,8,0.0037,0.86
19:39:55,22.2552813,84.9038921,1.193,-0.914,0.04,-0.296,-0.140,63.7,8,0.0000,0.86
19:39:55,22.2552813,84.9038921,1.175,-0.923,0.04,-0.315,-0.151,63.7,8,0.0040,0.86
19:39:55,22.2552811,84.9038906,1.204,-0.915,0.03,-0.314,-0.151,63.3,8,0.0040,0.79
19:39:55,22.2552811,84.9038906,1.189,-0.923,0.03,-0.314,-0.151,63.1,8,0.0040,0.79
19:39:56,22.2552811,84.9038906,1.173,-0.930,0.03,-0.314,-0.151,62.9,8,0.0000,0.79
19:39:56,22.2552811,84.9038906,1.150,-0.942,0.03,-0.350,-0.174,62.9,8,0.0044,0.79
19:39:56,22.2552811,84.9038906,1.133,-0.951,0.03,-0.350,-0.174,62.6,8,0.0044,0.79
19:39:56,22.2552811,84.9038906,1.115,-0.959,0.03,-0.350,-0.174,62.5,8,0.0044,0.79
19:39:56,22.2552811,84.9038906,1.098,-0.968,0.03,-0.350,-0.174,62.4,8,0.0000,0.79
19:39:56,22.2552811,84.9038906,1.080,-0.977,0.03,-0.350,-0.174,62.4,8,0.0000,0.79
19:39:56,22.2552811,84.9038906,1.056,-0.990,0.03,-0.377,-0.194,62.1,8,0.0047,0.79
19:39:56,22.2552818,84.9038883,1.077,-0.975,0.04,-0.375,-0.193,62.0,8,0.0047,0.75
19:39:56,22.2552818,84.9038883,1.058,-0.985,0.04,-0.375,-0.193,61.8,8,0.0000,0.75
19:39:56,22.2552818,84.9038883,1.039,-0.994,0.04,-0.375,-0.193,61.8,8,0.0000,0.75
19:39:56,22.2552818,84.9038883,1.019,-1.006,0.04,-0.383,-0.204,61.2,8,0.0047,0.75
19:39:56,22.2552828,84.9038875,1.035,-0.985,0.05,-0.381,-0.203,60.8,8,0.0047,0.79
19:39:56,22.2552828,84.9038875,1.016,-0.995,0.05,-0.381,-0.203,60.3,8,0.0000,0.79
19:39:56,22.2552828,84.9038875,0.997,-1.005,0.05,-0.381,-0.203,60.3,8,0.0000,0.79
19:39:56,22.2552828,84.9038875,0.971,-1.022,0.05,-0.410,-0.233,59.2,8,0.0051,0.79
19:39:56,22.2552828,84.9038875,0.950,-1.034,0.05,-0.410,-0.233,58.6,8,0.0051,0.79
19:39:56,22.2552828,84.9038875,0.927,-1.049,0.05,-0.425,-0.254,57.9,8,0.0054,0.79
19:39:56,22.2552828,84.9038875,0.905,-1.062,0.05,-0.425,-0.254,57.9,8,0.0000,0.79
19:39:56,22.2552828,84.9038875,0.887,-1.076,0.05,-0.410,-0.256,56.5,8,0.0051,0.79
19:39:57,22.2552832,84.9038868,0.905,-1.051,0.06,-0.419,-0.271,55.7,8,0.0055,0.92
19:39:57,22.2552832,84.9038868,0.883,-1.065,0.06,-0.419,-0.271,54.9,8,0.0055,0.92
19:39:57,22.2552832,84.9038868,0.862,-1.078,0.06,-0.419,-0.271,54.9,8,0.0055,0.92
19:39:57,22.2552832,84.9038868,0.841,-1.092,0.06,-0.419,-0.271,53.4,8,0.0000,0.92
19:39:57,22.2552832,84.9038868,0.820,-1.106,0.06,-0.419,-0.271,52.6,8,0.0000,0.92
19:39:57,22.2552833,84.9038855,0.839,-1.081,0.06,-0.395,-0.291,50.9,8,0.0051,0.90
19:39:57,22.2552833,84.9038855,0.819,-1.096,0.06,-0.395,-0.291,50.9,8,0.0051,0.90
19:39:57,22.2552833,84.9038855,0.799,-1.111,0.06,-0.395,-0.291,50.0,8,0.0000,0.90
19:39:57,22.2552833,84.9038855,0.779,-1.125,0.06,-0.395,-0.291,49.2,8,0.0000,0.90
19:39:57,22.2552833,84.9038855,0.762,-1.145,0.06,-0.378,-0.315,47.5,8,0.0051,0.90
19:39:57,22.2552833,84.9038855,0.743,-1.161,0.06,-0.378,-0.315,47.5,8,0.0051,0.90
19:39:57,22.2552833,84.9038855,0.728,-1.177,0.06,-0.358,-0.316,46.7,8,0.0049,0.90
19:39:57,22.2552833,84.9038855,0.710,-1.193,0.06,-0.358,-0.316,45.9,8,0.0000,0.90
19:39:57,22.2552832,84.903884,0.725,-1.162,0.07,-0.357,-0.315,45.2,8,0.0000,0.93
19:39:57,22.2552832,84.903884,0.717,-1.171,0.07,-0.301,-0.279,45.2,8,0.0039,0.93
19:39:57,22.2552832,84.903884,0.702,-1.185,0.07,-0.301,-0.279,43.9,8,0.0039,0.93
19:39:57,22.2552832,84.903884,0.687,-1.199,0.07,-0.301,-0.279,43.2,8,0.0039,0.93
19:39:57,22.2552827,84.9038831,0.699,-1.170,0.06,-0.299,-0.277,43.2,8,0.0000,0.85
19:39:57,22.2552827,84.9038831,0.701,-1.171,0.06,-0.208,-0.207,42.1,8,0.0027,0.85
19:39:57,22.2552827,84.9038831,0.691,-1.182,0.06,-0.208,-0.207,41.5,8,0.0027,0.85
19:39:58,22.2552827,84.9038831,0.689,-1.185,0.06,-0.161,-0.169,41.0,8,0.0028,0.85
19:39:58,22.2552827,84.9038831,0.681,-1.194,0.06,-0.161,-0.169,41.0,8,0.0028,0.85
19:39:58,22.2552827,84.9038831,0.673,-1.202,0.06,-0.161,-0.169,40.0,8,0.0000,0.85
19:39:58,22.2552827,84.9038831,0.666,-1.212,0.06,-0.150,-0.172,39.5,8,0.0031,0.85
19:39:58,22.2552827,84.9038831,0.659,-1.220,0.06,-0.150,-0.172,38.5,8,0.0031,0.85
19:39:58,22.2552827,84.9038831,0.652,-1.230,0.06,-0.147,-0.180,38.5,8,0.0027,0.85
19:39:58,22.2552822,84.9038828,0.673,-1.197,0.06,-0.141,-0.179,38.0,8,0.0025,0.82
19:39:58,22.2552822,84.9038828,0.666,-1.206,0.06,-0.141,-0.179,37.6,8,0.0000,0.82
19:39:58,22.2552822,84.9038828,0.664,-1.210,0.06,-0.106,-0.138,37.6,8,0.0033,0.82
19:39:58,22.2552822,84.9038828,0.659,-1.217,0.06,-0.106,-0.138,38.6,8,0.0033,0.82
19:39:58,22.2552822,84.9038828,0.660,-1.215,0.06,-0.058,-0.075,38.9,8,0.0033,0.82
19:39:58,22.2552822,84.9038828,0.657,-1.219,0.06,-0.058,-0.075,39.5,8,0.0000,0.82
19:39:58,22.2552822,84.9038828,0.654,-1.223,0.06,-0.058,-0.075,39.5,8,0.0000,0.82
19:39:58,22.2552822,84.9038828,0.656,-1.221,0.06,-0.027,-0.037,39.7,8,0.0020,0.82
19:39:58,22.2552816,84.9038821,0.683,-1.186,0.08,0.012,-0.044,40.0,8,0.0018,0.70
19:39:58,22.2552816,84.9038821,0.684,-1.189,0.08,0.012,-0.044,40.0,8,0.0018,0.70
19:39:58,22.2552816,84.9038821,0.684,-1.191,0.08,0.012,-0.044,40.2,8,0.0000,0.70
19:39:58,22.2552816,84.9038821,0.693,-1.197,0.08,0.067,-0.074,40.2,8,0.0023,0.70
19:39:58,22.2552816,84.9038821,0.697,-1.201,0.08,0.067,-0.074,40.2,8,0.0023,0.70
19:39:58,22.2552819,84.9038822,0.729,-1.173,0.10,0.125,-0.115,40.2,8,0.0029,0.70
19:39:59,22.2552819,84.9038822,0.735,-1.179,0.10,0.125,-0.115,40.2,8,0.0029,0.70
19:39:59,22.2552819,84.9038822,0.742,-1.185,0.10,0.125,-0.115,39.7,8,0.0000,0.70
19:39:59,22.2552819,84.9038822,0.760,-1.186,0.10,0.200,-0.086,39.7,8,0.0044,0.70
19:39:59,22.2552819,84.9038822,0.770,-1.190,0.10,0.200,-0.086,39.4,8,0.0044,0.70
19:39:59,22.2552819,84.9038822,0.787,-1.195,0.10,0.243,-0.088,39.0,8,0.0031,0.70
19:39:59,22.2552819,84.9038822,0.799,-1.200,0.10,0.243,-0.088,38.2,8,0.0031,0.70
19:39:59,22.2552819,84.9038822,0.811,-1.204,0.10,0.243,-0.088,38.2,8,0.0000,0.70
19:39:59,22.2552814,84.9038829,0.847,-1.173,0.12,0.278,-0.082,37.7,8,0.0039,0.63
19:39:59,22.2552814,84.9038829,0.861,-1.177,0.12,0.278,-0.082,37.2,8,0.0039,0.63
19:39:59,22.2552814,84.9038829,0.878,-1.182,0.12,0.300,-0.085,36.4,8,0.0035,0.63
19:39:59,22.2552814,84.9038829,0.894,-1.186,0.12,0.300,-0.085,36.4,8,0.0000,0.63
19:39:59,22.2552807,84.9038817,0.914,-1.163,0.12,0.300,-0.085,36.1,8,0.0000,0.47
19:39:59,22.2552807,84.9038817,0.931,-1.168,0.12,0.313,-0.091,35.8,8,0.0038,0.47
19:39:59,22.2552807,84.9038817,0.949,-1.171,0.12,0.330,-0.080,35.2,8,0.0035,0.47
19:39:59,22.2552807,84.9038817,0.966,-1.175,0.12,0.330,-0.080,35.2,8,0.0035,0.47
19:39:59,22.2552807,84.9038817,0.983,-1.179,0.12,0.330,-0.080,34.9,8,0.0000,0.47
19:39:59,22.2552807,84.9038817,1.000,-1.183,0.12,0.332,-0.081,34.6,8,0.0102,0.47
19:39:59,22.2552807,84.9038817,1.017,-1.187,0.12,0.332,-0.081,34.0,8,0.0102,0.47
19:39:59,22.2552807,84.9038817,1.030,-1.199,0.12,0.309,-0.132,34.0,8,0.0060,0.47
19:39:59,22.2552807,84.9038817,1.045,-1.206,0.12,0.309,-0.132,33.7,8,0.0060,0.47
19:40:00,22.2552803,84.9038824,1.061,-1.185,0.12,0.309,-0.132,33.2,8,0.0000,0.44
19:40:00,22.2552803,84.9038824,1.083,-1.190,0.12,0.351,-0.120,33.0,8,0.0053,0.44
19:40:00,22.2552803,84.9038824,1.101,-1.196,0.12,0.351,-0.120,33.0,8,0.0053,0.44
19:40:00,22.2552803,84.9038824,1.122,-1.197,0.12,0.373,-0.085,32.9,8,0.0070,0.44
19:40:00,22.2552789,84.9038837,1.147,-1.181,0.14,0.395,-0.057,32.8,8,0.0039,0.28
19:40:00,22.2552789,84.9038837,1.167,-1.183,0.14,0.395,-0.057,32.9,8,0.0000,0.28
19:40:00,22.2552789,84.9038837,1.189,-1.184,0.14,0.405,-0.038,32.9,8,0.0041,0.28
19:40:00,22.2552789,84.9038837,1.212,-1.178,0.14,0.426,0.025,32.9,8,0.0044,0.28
19:40:00,22.2552789,84.9038837,1.233,-1.176,0.14,0.426,0.025,33.1,8,0.0044,0.28
19:40:00,22.2552789,84.9038837,1.256,-1.178,0.14,0.433,0.003,33.2,8,0.0041,0.28
19:40:00,22.2552789,84.9038837,1.278,-1.178,0.14,0.433,0.003,33.2,8,0.0000,0.28
19:40:00,22.2552789,84.9038837,1.301,-1.183,0.14,0.446,-0.040,33.4,8,0.0050,0.28
19:40:00,22.2552789,84.9038849,1.324,-1.168,0.15,0.449,-0.023,33.8,8,0.0043,0.26
19:40:00,22.2552789,84.9038849,1.347,-1.169,0.15,0.449,-0.023,34.1,8,0.0043,0.26
19:40:00,22.2552789,84.9038849,1.370,-1.170,0.15,0.449,-0.023,34.1,8,0.0000,0.26
19:40:00,22.2552789,84.9038849,1.392,-1.171,0.15,0.449,-0.023,34.8,8,0.0000,0.26
19:40:00,22.2552786,84.9038857,1.414,-1.159,0.17,0.447,-0.021,35.2,8,0.0042,0.21
19:40:00,22.2552786,84.9038857,1.437,-1.158,0.17,0.448,-0.008,35.6,8,0.0048,0.21
19:40:00,22.2552786,84.9038857,1.459,-1.159,0.17,0.448,-0.008,35.6,8,0.0048,0.21
19:40:01,22.2552786,84.9038857,1.482,-1.159,0.17,0.448,-0.008,36.4,8,0.0000,0.21
19:40:01,22.2552786,84.9038857,1.506,-1.160,0.17,0.460,-0.009,36.8,8,0.0042,0.21
19:40:01,22.2552786,84.9038857,1.530,-1.160,0.17,0.460,-0.009,37.2,8,0.0042,0.21
19:40:01,22.2552786,84.9038857,1.552,-1.161,0.17,0.456,-0.010,37.2,8,0.0041,0.21
19:40:01,22.2552786,84.9038857,1.575,-1.159,0.17,0.453,0.006,37.6,8,0.0038,0.21
19:40:01,22.2552786,84.9038857,1.598,-1.159,0.17,0.453,0.006,38.6,8,0.0000,0.21
19:40:01,22.2552786,84.9038875,1.618,-1.145,0.18,0.445,0.018,39.2,8,0.0046,0.20
19:40:01,22.2552786,84.9038875,1.640,-1.144,0.18,0.445,0.018,39.2,8,0.0046,0.20
19:40:01,22.2552786,84.9038875,1.662,-1.145,0.18,0.439,0.003,40.3,8,0.0041,0.20
19:40:01,22.2552786,84.9038875,1.684,-1.145,0.18,0.439,0.003,40.8,8,0.0000,0.20
19:40:01,22.2552786,84.9038875,1.706,-1.145,0.18,0.439,0.003,41.4,8,0.0000,0.20
19:40:01,22.2552786,84.9038875,1.728,-1.145,0.18,0.439,0.002,41.4,8,0.0042,0.20
19:40:01,22.2552786,84.9038875,1.751,-1.146,0.18,0.438,-0.007,42.6,8,0.0039,0.20
19:40:01,22.2552786,84.9038875,1.773,-1.146,0.18,0.438,-0.007,43.2,8,0.0039,0.20
19:40:01,22.2552784,84.9038882,1.787,-1.137,0.19,0.438,-0.007,43.2,8,0.0000,0.22
19:40:01,22.2552784,84.9038882,1.807,-1.141,0.19,0.424,-0.036,44.4,8,0.0039,0.22
19:40:01,22.2552784,84.9038882,1.828,-1.143,0.19,0.424,-0.036,45.0,8,0.0039,0.22
19:40:01,22.2552784,84.9038882,1.849,-1.141,0.19,0.417,-0.013,45.7,8,0.0041,0.22
19:40:01,22.2552779,84.9038884,1.858,-1.136,0.19,0.417,-0.012,45.7,8,0.0041,0.22
19:40:01,22.2552779,84.9038884,1.879,-1.136,0.19,0.417,-0.012,47.2,8,0.0000,0.22
19:40:02,22.2552779,84.9038884,1.902,-1.138,0.19,0.424,-0.018,48.0,8,0.0041,0.22
19:40:02,22.2552779,84.9038884,1.923,-1.139,0.19,0.424,-0.018,48.8,8,0.0041,0.22
19:40:02,22.2552779,84.9038884,1.942,-1.140,0.19,0.411,-0.024,48.8,8,0.0034,0.22
19:40:02,22.2552779,84.9038884,1.963,-1.142,0.19,0.411,-0.024,50.5,8,0.0034,0.22
19:40:02,22.2552779,84.9038884,1.984,-1.143,0.19,0.411,-0.024,51.3,8,0.0000,0.22
19:40:02,22.2552779,84.9038884,2.002,-1.148,0.19,0.393,-0.045,53.0,8,0.0030,0.22
19:40:02,22.2552779,84.9038884,2.022,-1.151,0.19,0.397,-0.054,53.0,8,0.0047,0.22
19:40:02,22.2552771,84.90389,2.030,-1.152,0.20,0.397,-0.054,53.9,8,0.0047,0.20
19:40:02,22.2552771,84.90389,2.050,-1.155,0.20,0.397,-0.054,54.8,8,0.0000,0.20
19:40:02,22.2552771,84.90389,2.070,-1.158,0.20,0.397,-0.054,56.8,8,0.0000,0.20
19:40:02,22.2552771,84.90389,2.085,-1.162,0.20,0.364,-0.067,56.8,8,0.0030,0.20
19:40:02,22.2552764,84.9038899,2.080,-1.167,0.19,0.316,-0.060,57.8,8,0.0028,0.26
19:40:02,22.2552764,84.9038899,2.096,-1.170,0.19,0.316,-0.060,58.7,8,0.0028,0.26
19:40:02,22.2552764,84.9038899,2.112,-1.173,0.19,0.316,-0.060,58.7,8,0.0000,0.26
19:40:02,22.2552764,84.9038899,2.128,-1.176,0.19,0.316,-0.060,60.6,8,0.0000,0.26
19:40:02,22.2552764,84.9038899,2.136,-1.178,0.19,0.272,-0.052,61.5,8,0.0024,0.26
19:40:02,22.2552764,84.9038899,2.145,-1.178,0.19,0.245,-0.040,62.4,8,0.0021,0.26
19:40:02,22.2552764,84.9038899,2.158,-1.180,0.19,0.245,-0.040,62.4,8,0.0021,0.26
19:40:02,22.2552764,84.9038899,2.170,-1.182,0.19,0.245,-0.040,64.2,8,0.0000,0.26
19:40:02,22.2552763,84.9038901,2.158,-1.186,0.19,0.211,-0.041,65.1,8,0.0021,0.32
19:40:03,22.2552763,84.9038901,2.169,-1.188,0.19,0.211,-0.041,66.8,8,0.0021,0.32
19:40:03,22.2552763,84.9038901,2.176,-1.190,0.19,0.190,-0.041,67.7,8,0.0019,0.32
19:40:03,22.2552763,84.9038901,2.184,-1.192,0.19,0.176,-0.037,67.7,8,0.0024,0.32
19:40:03,22.2552765,84.9038918,2.183,-1.194,0.19,0.176,-0.037,68.5,8,0.0000,0.16
19:40:03,22.2552765,84.9038918,2.189,-1.195,0.19,0.158,-0.036,69.4,8,0.0020,0.16
19:40:03,22.2552765,84.9038918,2.197,-1.197,0.19,0.158,-0.036,71.0,8,0.0020,0.16
19:40:03,22.2552765,84.9038918,2.202,-1.195,0.19,0.133,-0.004,71.0,8,0.0016,0.16
19:40:03,22.2552765,84.9038918,2.209,-1.195,0.19,0.133,-0.004,71.9,8,0.0000,0.16
19:40:03,22.2552765,84.9038918,2.207,-1.195,0.19,0.072,-0.002,72.6,8,0.0018,0.16
19:40:03,22.2552765,84.9038918,2.211,-1.195,0.19,0.072,-0.002,74.2,8,0.0018,0.16
19:40:03,22.2552765,84.9038918,2.210,-1.195,0.19,0.039,-0.001,74.2,8,0.0018,0.16
19:40:03,22.2552765,84.9038918,2.212,-1.195,0.19,0.039,-0.001,75.0,8,0.0018,0.16
19:40:03,22.2552756,84.9038931,2.211,-1.201,0.18,0.039,-0.001,75.8,8,0.0000,0.11
19:40:03,22.2552756,84.9038931,2.213,-1.201,0.18,0.039,-0.001,75.8,8,0.0000,0.11
19:40:03,22.2552756,84.9038931,2.211,-1.201,0.18,0.018,-0.001,77.5,8,0.0011,0.11
19:40:03,22.2552756,84.9038931,2.211,-1.201,0.18,0.010,-0.001,78.2,8,0.0010,0.11
19:40:03,22.2552756,84.9038931,2.211,-1.201,0.18,0.010,-0.001,79.3,8,0.0010,0.11
19:40:03,22.2552756,84.9038931,2.212,-1.201,0.18,0.010,-0.001,79.3,8,0.0000,0.11
19:40:03,22.2552756,84.9038931,2.197,-1.204,0.18,-0.084,-0.017,79.7,8,0.0022,0.11
19:40:03,22.2552756,84.9038931,2.193,-1.204,0.18,-0.084,-0.017,80.2,8,0.0022,0.11
19:40:04,22.2552754,84.9038933,2.184,-1.212,0.17,-0.110,-0.020,81.2,8,0.0019,0.11
19:40:04,22.2552754,84.9038933,2.179,-1.213,0.17,-0.110,-0.020,81.7,8,0.0019,0.11
19:40:04,22.2552754,84.9038933,2.173,-1.214,0.17,-0.110,-0.020,81.7,8,0.0000,0.11
19:40:04,22.2552754,84.9038933,2.177,-1.214,0.17,-0.053,-0.010,82.3,8,0.0013,0.11
19:40:04,22.2552746,84.9038934,2.176,-1.225,0.16,-0.053,-0.010,83.4,8,0.0013,0.19
19:40:04,22.2552746,84.9038934,2.177,-1.225,0.16,-0.028,-0.005,84.0,8,0.0013,0.19
19:40:04,22.2552746,84.9038934,2.175,-1.225,0.16,-0.028,-0.005,84.0,8,0.0000,0.19
19:40:04,22.2552746,84.9038934,2.176,-1.225,0.16,-0.015,-0.003,84.6,8,0.0013,0.19
19:40:04,22.2552746,84.9038934,2.175,-1.225,0.16,-0.015,-0.003,85.9,8,0.0013,0.19
19:40:04,22.2552746,84.9038934,2.175,-1.225,0.16,-0.008,-0.001,86.5,8,0.0015,0.19
19:40:04,22.2552746,84.9038934,2.175,-1.225,0.16,-0.008,-0.001,86.5,8,0.0015,0.19
19:40:04,22.2552746,84.9038934,2.175,-1.225,0.16,-0.008,-0.001,87.2,8,0.0000,0.19
19:40:04,22.2552746,84.9038934,2.175,-1.225,0.16,-0.004,-0.000,88.6,8,0.0014,0.19
19:40:04,22.255275,84.9038908,2.160,-1.233,0.15,-0.004,-0.001,89.4,8,0.0014,0.28
19:40:04,22.255275,84.9038908,2.160,-1.233,0.15,-0.002,-0.000,89.4,8,0.0022,0.28
19:40:04,22.255275,84.9038908,2.160,-1.233,0.15,-0.002,-0.000,90.2,8,0.0022,0.28
19:40:04,22.255275,84.9038908,2.159,-1.233,0.15,-0.002,-0.000,91.7,8,0.0000,0.28
19:40:04,22.2552749,84.9038902,2.142,-1.241,0.15,-0.001,-0.000,92.5,8,0.0015,0.32
19:40:04,22.2552749,84.9038902,2.142,-1.234,0.15,0.002,0.047,93.4,8,0.0015,0.32
19:40:05,22.2552749,84.9038902,2.142,-1.234,0.15,0.002,0.047,95.8,8,0.0020,0.32
19:40:05,22.2552749,84.9038902,2.144,-1.221,0.15,0.007,0.091,97.2,8,0.0000,0.32
19:40:05,22.2552749,84.9038902,2.145,-1.207,0.15,0.017,0.157,97.2,8,0.0029,0.32
19:40:05,22.2552749,84.9038902,2.146,-1.199,0.15,0.017,0.157,98.5,8,0.0029,0.32
19:40:05,22.2552749,84.9038902,2.149,-1.185,0.15,0.030,0.200,100.8,8,0.0039,0.32
19:40:05,22.2552756,84.9038912,2.141,-1.177,0.14,0.041,0.243,100.8,8,0.0037,0.22
19:40:05,22.2552756,84.9038912,2.143,-1.164,0.14,0.041,0.243,101.9,8,0.0000,0.22
19:40:05,22.2552756,84.9038912,2.152,-1.150,0.14,0.098,0.262,103.8,8,0.0040,0.22
19:40:05,22.2552756,84.9038912,2.161,-1.135,0.14,0.131,0.274,104.7,8,0.0037,0.22
19:40:05,22.2552768,84.903892,2.161,-1.123,0.15,0.130,0.274,104.7,8,0.0037,0.12
19:40:05,22.2552768,84.903892,2.168,-1.109,0.15,0.130,0.274,105.6,8,0.0000,0.12
19:40:05,22.2552768,84.903892,2.174,-1.095,0.15,0.130,0.274,107.4,8,0.0000,0.12
19:40:05,22.2552768,84.903892,2.189,-1.080,0.15,0.182,0.288,108.2,8,0.0043,0.12
19:40:05,22.2552768,84.903892,2.199,-1.063,0.15,0.187,0.299,108.2,8,0.0039,0.12
19:40:05,22.2552768,84.903892,2.208,-1.048,0.15,0.187,0.299,109.8,8,0.0039,0.12
19:40:05,22.2552768,84.903892,2.218,-1.033,0.15,0.187,0.299,110.5,8,0.0000,0.12
19:40:05,22.2552768,84.903892,2.230,-1.017,0.15,0.207,0.303,111.2,8,0.0042,0.12
19:40:05,22.2552768,84.903892,2.240,-1.002,0.15,0.207,0.303,111.2,8,0.0042,0.12
19:40:05,22.2552775,84.9038922,2.244,-0.991,0.15,0.235,0.314,112.3,8,0.0046,0.21
19:40:05,22.2552775,84.9038922,2.256,-0.975,0.15,0.231,0.312,112.9,8,0.0044,0.21
19:40:06,22.2552775,84.9038922,2.267,-0.959,0.15,0.231,0.312,113.4,8,0.0000,0.21
19:40:06,22.2552775,84.9038922,2.270,-0.951,0.15,0.164,0.257,113.4,8,0.0056,0.21
19:40:06,22.2552775,84.9038922,2.278,-0.938,0.15,0.164,0.257,115.7,8,0.0056,0.21
19:40:06,22.2552775,84.9038922,2.275,-0.932,0.15,0.075,0.205,116.8,8,0.0035,0.21
19:40:06,22.2552775,84.9038922,2.278,-0.921,0.15,0.075,0.205,118.0,8,0.0000,0.21
19:40:06,22.2552775,84.9038922,2.282,-0.911,0.15,0.075,0.205,118.0,8,0.0000,0.21
19:40:06,22.2552806,84.9038947,2.281,-0.894,0.15,0.023,0.183,120.1,8,0.0016,0.18
19:40:06,22.2552806,84.9038947,2.279,-0.888,0.15,0.004,0.158,121.1,8,0.0020,0.18
19:40:06,22.2552806,84.9038947,2.280,-0.880,0.15,0.004,0.158,122.9,8,0.0020,0.18
19:40:06,22.2552806,84.9038947,2.280,-0.872,0.15,0.004,0.158,122.9,8,0.0000,0.18
19:40:06,22.2552818,84.9038943,2.280,-0.860,0.15,-0.000,0.078,123.5,8,0.0021,0.28
19:40:06,22.2552818,84.9038943,2.280,-0.856,0.15,-0.000,0.078,124.1,8,0.0021,0.28
19:40:06,22.2552818,84.9038943,2.280,-0.858,0.15,-0.002,0.039,124.5,8,0.0013,0.28
19:40:06,22.2552818,84.9038943,2.279,-0.856,0.15,-0.002,0.039,124.5,8,0.0013,0.28
19:40:06,22.2552818,84.9038943,2.279,-0.854,0.15,-0.002,0.039,125.3,8,0.0000,0.28
19:40:06,22.2552818,84.9038943,2.279,-0.852,0.15,-0.002,0.039,125.7,8,0.0000,0.28
19:40:06,22.2552818,84.9038943,2.273,-0.849,0.15,-0.039,0.043,126.5,8,0.0016,0.28
19:40:06,22.2552818,84.9038943,2.271,-0.847,0.15,-0.039,0.043,126.5,8,0.0016,0.28
19:40:06,22.2552818,84.9038943,2.272,-0.849,0.15,-0.020,0.020,126.9,8,0.0008,0.28
19:40:06,22.2552825,84.9038942,2.271,-0.828,0.14,-0.020,0.020,127.3,8,0.0008,0.32
19:40:07,22.2552825,84.9038942,2.270,-0.827,0.14,-0.020,0.020,128.1,8,0.0000,0.32
19:40:07,22.2552825,84.9038942,2.269,-0.826,0.14,-0.020,0.020,128.1,8,0.0000,0.32
19:40:07,22.2552825,84.9038942,2.271,-0.827,0.14,-0.008,0.008,128.5,8,0.0008,0.32
19:40:07,22.2552842,84.9038963,2.283,-0.798,0.13,-0.008,0.009,128.9,8,0.0008,0.54
19:40:07,22.2552842,84.9038963,2.283,-0.797,0.13,-0.008,0.009,128.9,8,0.0000,0.54
19:40:07,22.2552842,84.9038963,2.283,-0.797,0.13,-0.008,0.009,129.6,8,0.0000,0.54
19:40:07,22.2552842,84.9038963,2.283,-0.798,0.13,-0.003,0.004,129.9,8,0.0007,0.54
19:40:07,22.2552842,84.9038963,2.283,-0.797,0.13,-0.003,0.004,130.7,8,0.0007,0.54
19:40:07,22.2552842,84.9038963,2.283,-0.798,0.13,-0.002,0.002,130.7,8,0.0006,0.54
19:40:07,22.2552842,84.9038963,2.283,-0.797,0.13,-0.002,0.002,131.0,8,0.0000,0.54
19:40:07,22.2552842,84.9038963,2.283,-0.797,0.13,-0.001,0.001,131.4,8,0.0007,0.54
19:40:07,22.2552868,84.9039001,2.319,-0.752,0.12,-0.000,0.002,132.1,8,0.0007,0.96
19:40:07,22.2552868,84.9039001,2.319,-0.752,0.12,-0.000,0.002,132.1,8,0.0000,0.96
19:40:07,22.2552868,84.9039001,2.319,-0.752,0.12,-0.000,0.002,132.6,8,0.0000,0.96
19:40:07,22.2552868,84.9039001,2.319,-0.752,0.12,-0.000,0.002,133.2,8,0.0000,0.96
19:40:07,22.2552883,84.9039028,2.383,-0.714,0.09,0.075,-0.072,134.7,8,0.0021,1.22
19:40:07,22.2552883,84.9039028,2.387,-0.718,0.09,0.075,-0.072,135.4,8,0.0021,1.22
19:40:07,22.2552883,84.9039028,2.390,-0.722,0.09,0.075,-0.072,135.4,8,0.0000,1.22
19:40:07,22.2552883,84.9039028,2.394,-0.725,0.09,0.075,-0.072,136.0,8,0.0000,1.22
19:40:07,22.2552883,84.9039028,2.398,-0.729,0.09,0.075,-0.072,136.7,8,0.0000,1.22
19:40:08,22.2552883,84.9039028,2.436,-0.768,0.09,0.223,-0.229,136.7,8,0.0048,1.22
19:40:08,22.2552883,84.9039028,2.447,-0.780,0.09,0.223,-0.229,136.9,8,0.0048,1.22
19:40:08,22.2552883,84.9039028,2.458,-0.792,0.09,0.223,-0.229,137.0,8,0.0048,1.22
19:40:08,22.2552883,84.9039028,2.469,-0.803,0.09,0.223,-0.229,137.1,8,0.0000,1.22
19:40:08,22.2552908,84.9039074,2.551,-0.740,0.07,0.228,-0.224,137.1,8,0.0000,1.68
19:40:08,22.2552908,84.9039074,2.559,-0.750,0.07,0.211,-0.219,137.1,8,0.0032,1.68
19:40:08,22.2552908,84.9039074,2.570,-0.761,0.07,0.211,-0.219,137.0,8,0.0032,1.68
19:40:08,22.2552908,84.9039074,2.581,-0.772,0.07,0.211,-0.219,136.9,8,0.0000,1.68
19:40:08,22.2552908,84.9039074,2.591,-0.783,0.07,0.211,-0.219,136.9,8,0.0000,1.68
19:40:08,22.2552908,84.9039074,2.573,-0.765,0.07,0.086,-0.092,136.9,8,0.0013,1.68
19:40:08,22.2552908,84.9039074,2.577,-0.769,0.07,0.086,-0.092,136.8,8,0.0013,1.68
19:40:08,22.2552908,84.9039074,2.581,-0.774,0.07,0.086,-0.092,136.8,8,0.0000,1.68
19:40:08,22.2552888,84.9039085,2.658,-0.719,0.07,0.090,-0.089,136.8,8,0.0000,1.51
19:40:08,22.2552888,84.9039085,2.652,-0.713,0.07,0.042,-0.043,136.8,8,0.0010,1.51
19:40:08,22.2552888,84.9039085,2.654,-0.716,0.07,0.042,-0.043,136.8,8,0.0010,1.51
19:40:08,22.2552888,84.9039085,2.656,-0.718,0.07,0.042,-0.043,136.6,8,0.0000,1.51
19:40:08,22.2552897,84.9039121,2.748,-0.659,0.06,0.046,-0.040,136.6,8,0.0000,1.77
19:40:08,22.2552897,84.9039121,2.734,-0.646,0.06,-0.030,0.035,136.3,8,0.0016,1.77
19:40:08,22.2552897,84.9039121,2.732,-0.644,0.06,-0.030,0.035,135.9,8,0.0016,1.77
19:40:09,22.2552897,84.9039121,2.719,-0.631,0.06,-0.090,0.092,135.2,8,0.0029,1.77
19:40:09,22.2552897,84.9039121,2.715,-0.626,0.06,-0.090,0.092,135.2,8,0.0000,1.77
19:40:09,22.2552897,84.9039121,2.710,-0.621,0.06,-0.090,0.092,134.9,8,0.0000,1.77
19:40:09,22.2552897,84.9039121,2.696,-0.608,0.06,-0.140,0.140,134.3,8,0.0028,1.77
19:40:09,22.2552897,84.9039121,2.689,-0.601,0.06,-0.140,0.140,134.3,8,0.0028,1.77
19:40:09,22.2552897,84.9039121,2.682,-0.594,0.06,-0.140,0.140,134.1,8,0.0000,1.77
19:40:09,22.2552909,84.903914,2.777,-0.525,0.05,-0.136,0.143,133.8,8,0.0000,1.92
19:40:09,22.2552909,84.903914,2.763,-0.512,0.05,-0.171,0.170,133.7,8,0.0028,1.92
19:40:09,22.2552909,84.903914,2.755,-0.504,0.05,-0.171,0.170,133.7,8,0.0028,1.92
19:40:09,22.2552909,84.903914,2.746,-0.495,0.05,-0.171,0.170,133.6,8,0.0000,1.92
19:40:09,22.2552928,84.9039158,2.845,-0.419,0.03,-0.167,0.173,133.5,8,0.0000,2.08
19:40:09,22.2552928,84.9039158,2.830,-0.406,0.03,-0.199,0.196,133.5,8,0.0031,2.08
19:40:09,22.2552928,84.9039158,2.820,-0.396,0.03,-0.199,0.196,133.5,8,0.0031,2.08
19:40:09,22.2552928,84.9039158,2.805,-0.382,0.03,-0.224,0.216,133.5,8,0.0035,2.08
19:40:09,22.2552928,84.9039158,2.794,-0.372,0.03,-0.224,0.216,133.5,8,0.0000,2.08
19:40:09,22.2552928,84.9039158,2.778,-0.356,0.03,-0.252,0.240,133.4,8,0.0040,2.08
19:40:09,22.2552928,84.9039158,2.765,-0.344,0.03,-0.252,0.240,133.4,8,0.0040,2.08
19:40:09,22.2552928,84.9039158,2.752,-0.332,0.03,-0.252,0.240,133.4,8,0.0040,2.08
19:40:09,22.2552939,84.9039141,2.837,-0.255,0.02,-0.248,0.242,133.4,8,0.0000,1.91
19:40:09,22.2552939,84.9039141,2.824,-0.242,0.02,-0.248,0.242,133.4,8,0.0000,1.91
19:40:10,22.2552939,84.9039141,2.809,-0.213,0.02,-0.266,0.332,133.4,8,0.0049,1.91
19:40:10,22.2552939,84.9039141,2.795,-0.196,0.02,-0.266,0.332,133.3,8,0.0049,1.91
19:40:10,22.2552939,84.9039141,2.782,-0.179,0.02,-0.266,0.332,133.3,8,0.0000,1.91
19:40:10,22.2552979,84.9039139,2.862,-0.080,0.02,-0.261,0.336,133.2,8,0.0000,2.05
19:40:10,22.2552979,84.9039139,2.846,-0.053,0.02,-0.273,0.386,133.2,8,0.0051,2.05
19:40:10,22.2552979,84.9039139,2.832,-0.033,0.02,-0.273,0.386,133.0,8,0.0051,2.05
19:40:10,22.2552979,84.9039139,2.818,-0.011,0.02,-0.274,0.398,132.8,8,0.0051,2.05
19:40:10,22.2552979,84.9039139,2.805,0.009,0.02,-0.274,0.398,132.7,8,0.0000,2.05
19:40:10,22.2552979,84.9039139,2.791,0.031,0.02,-0.274,0.412,132.7,8,0.0051,2.05
19:40:10,22.2552979,84.9039139,2.777,0.052,0.02,-0.274,0.412,132.6,8,0.0051,2.05
19:40:10,22.2552979,84.9039139,2.762,0.072,0.02,-0.283,0.407,132.5,8,0.0051,2.05
19:40:10,22.2552989,84.9039122,2.832,0.167,0.03,-0.281,0.408,132.5,8,0.0000,1.84
19:40:10,22.2552989,84.9039122,2.818,0.187,0.03,-0.281,0.408,132.5,8,0.0000,1.84
19:40:10,22.2552989,84.9039122,2.795,0.203,0.03,-0.335,0.380,132.4,8,0.0053,1.84
19:40:10,22.2552989,84.9039122,2.778,0.223,0.03,-0.335,0.380,132.2,8,0.0053,1.84
19:40:10,22.2552989,84.9039122,2.761,0.242,0.03,-0.335,0.380,132.0,8,0.0000,1.84
19:40:10,22.2552989,84.9039122,2.744,0.261,0.03,-0.335,0.380,132.0,8,0.0000,1.84
19:40:10,22.2552989,84.9039122,2.722,0.276,0.03,-0.363,0.356,131.1,8,0.0054,1.84
19:40:10,22.2552989,84.9039122,2.704,0.294,0.03,-0.363,0.356,130.5,8,0.0054,1.84
19:40:10,22.2552989,84.9039122,2.686,0.312,0.03,-0.363,0.356,129.8,8,0.0000,1.84
19:40:11,22.2552998,84.9039117,2.756,0.397,0.05,-0.359,0.359,129.8,8,0.0000,1.77
19:40:11,22.2552998,84.9039117,2.730,0.413,0.05,-0.398,0.348,128.2,8,0.0058,1.77
19:40:11,22.2552998,84.9039117,2.710,0.430,0.05,-0.398,0.348,127.3,8,0.0058,1.77
19:40:11,22.2552998,84.9039117,2.687,0.445,0.05,-0.415,0.335,126.3,8,0.0054,1.77
19:40:11,22.2553011,84.9039104,2.744,0.529,0.06,-0.413,0.336,126.3,8,0.0000,1.68
19:40:11,22.2553011,84.9039104,2.718,0.545,0.06,-0.446,0.334,124.3,8,0.0060,1.68
19:40:11,22.2553011,84.9039104,2.695,0.562,0.06,-0.446,0.334,123.5,8,0.0060,1.68
19:40:11,22.2553011,84.9039104,2.673,0.579,0.06,-0.446,0.334,121.6,8,0.0060,1.68
19:40:11,22.2553011,84.9039104,2.650,0.596,0.06,-0.446,0.334,121.6,8,0.0000,1.68
19:40:11,22.2553011,84.9039104,2.628,0.612,0.06,-0.446,0.334,120.7,8,0.0000,1.68
19:40:11,22.2553011,84.9039104,2.601,0.621,0.06,-0.466,0.294,119.8,8,0.0059,1.68
19:40:11,22.2553011,84.9039104,2.577,0.636,0.06,-0.466,0.294,117.9,8,0.0059,1.68
19:40:11,22.2553027,84.9039093,2.633,0.718,0.04,-0.463,0.297,117.9,8,0.0000,1.67
19:40:11,22.2553027,84.9039093,2.610,0.733,0.04,-0.463,0.297,116.9,8,0.0000,1.67
19:40:11,22.2553027,84.9039093,2.592,0.735,0.04,-0.437,0.237,115.8,8,0.0048,1.67
19:40:11,22.2553027,84.9039093,2.570,0.747,0.04,-0.437,0.237,113.5,8,0.0048,1.67
19:40:11,22.2553034,84.9039086,2.621,0.822,0.00,-0.434,0.239,113.5,8,0.0048,1.60
19:40:11,22.2553034,84.9039086,2.599,0.834,0.00,-0.434,0.239,115.1,8,0.0048,1.60
19:40:11,22.2553034,84.9039086,2.577,0.846,0.00,-0.434,0.239,116.4,8,0.0048,1.60
19:40:11,22.2553034,84.9039086,2.556,0.858,0.00,-0.434,0.239,118.5,8,0.0048,1.60
19:40:12,22.2553034,84.9039086,2.534,0.870,0.00,-0.434,0.239,118.5,8,0.0048,1.60
19:40:12,22.2553034,84.9039086,2.512,0.882,0.00,-0.434,0.239,119.7,8,0.0048,1.60
19:40:12,22.2553034,84.9039086,2.490,0.894,0.00,-0.434,0.239,120.9,8,0.0048,1.60
19:40:12,22.2553034,84.9039086,2.468,0.906,0.00,-0.434,0.239,123.2,8,0.0048,1.60
19:40:12,22.2553034,84.9039086,2.446,0.918,0.00,-0.434,0.239,123.2,8,0.0048,1.60
19:40:12,22.255304,84.9039061,2.496,0.993,0.02,-0.422,0.250,124.4,8,0.0048,1.43
19:40:12,22.255304,84.9039061,2.475,1.005,0.02,-0.422,0.250,125.5,8,0.0048,1.43
19:40:12,22.255304,84.9039061,2.453,1.018,0.02,-0.422,0.250,127.6,8,0.0048,1.43
19:40:12,22.255304,84.9039061,2.432,1.031,0.02,-0.422,0.250,127.6,8,0.0048,1.43
19:40:12,22.2553044,84.9039051,2.479,1.104,0.05,-0.404,0.266,128.5,8,0.0048,1.32
19:40:12,22.2553044,84.9039051,2.459,1.117,0.05,-0.404,0.266,129.4,8,0.0048,1.32
19:40:12,22.2553044,84.9039051,2.439,1.130,0.05,-0.404,0.266,130.9,8,0.0048,1.32
19:40:12,22.2553044,84.9039051,2.418,1.144,0.05,-0.404,0.266,130.9,8,0.0048,1.32
19:40:12,22.2553044,84.9039051,2.398,1.157,0.05,-0.404,0.266,131.6,8,0.0048,1.32
19:40:12,22.2553044,84.9039051,2.378,1.171,0.05,-0.404,0.266,132.2,8,0.0048,1.32
19:40:12,22.2553044,84.9039051,2.357,1.184,0.05,-0.404,0.266,133.3,8,0.0048,1.32
19:40:12,22.2553044,84.9039051,2.337,1.197,0.05,-0.404,0.266,133.3,8,0.0048,1.32
19:40:12,22.255304,84.9039042,2.403,1.268,0.05,-0.368,0.289,133.8,8,0.0048,1.19
19:40:12,22.255304,84.9039042,2.385,1.283,0.05,-0.368,0.289,134.2,8,0.0048,1.19
19:40:13,22.255304,84.9039042,2.366,1.298,0.05,-0.368,0.289,135.0,8,0.0048,1.19
19:40:13,22.255304,84.9039042,2.348,1.312,0.05,-0.368,0.289,135.0,8,0.0048,1.19
19:40:13,22.255304,84.9039042,2.329,1.327,0.05,-0.368,0.289,135.3,8,0.0048,1.19
19:40:13,22.255304,84.9039042,2.310,1.341,0.05,-0.368,0.289,135.6,8,0.0048,1.19
19:40:13,22.255304,84.9039042,2.292,1.356,0.05,-0.368,0.289,135.6,8,0.0048,1.19
19:40:13,22.255304,84.9039042,2.273,1.371,0.05,-0.368,0.289,136.1,8,0.0048,1.19
19:40:13,22.255304,84.9039042,2.255,1.385,0.05,-0.368,0.289,136.3,8,0.0048,1.19
19:40:13,22.2553037,84.9039036,2.359,1.453,0.07,-0.307,0.316,136.7,8,0.0048,1.10
19:40:13,22.2553037,84.9039036,2.344,1.469,0.07,-0.307,0.316,136.7,8,0.0048,1.10
19:40:13,22.2553037,84.9039036,2.328,1.485,0.07,-0.307,0.316,136.9,8,0.0048,1.10
19:40:13,22.2553037,84.9039036,2.313,1.501,0.07,-0.307,0.316,137.0,8,0.0048,1.10
19:40:13,22.2553039,84.9039039,2.426,1.562,0.07,-0.241,0.339,137.3,8,0.0048,1.04
19:40:13,22.2553039,84.9039039,2.414,1.579,0.07,-0.241,0.339,137.3,8,0.0048,1.04
19:40:13,22.2553039,84.9039039,2.402,1.596,0.07,-0.241,0.339,137.5,8,0.0048,1.04
19:40:13,22.2553039,84.9039039,2.390,1.613,0.07,-0.241,0.339,137.7,8,0.0048,1.04
19:40:13,22.2553039,84.9039039,2.378,1.630,0.07,-0.241,0.339,137.7,8,0.0048,1.04
19:40:13,22.2553039,84.9039039,2.366,1.647,0.07,-0.241,0.339,137.7,8,0.0048,1.04
19:40:13,22.2553039,84.9039039,2.354,1.665,0.07,-0.241,0.339,137.7,8,0.0048,1.04
19:40:13,22.2553039,84.9039039,2.341,1.682,0.07,-0.241,0.339,137.3,8,0.0048,1.04
19:40:13,22.2553037,84.9039039,2.491,1.722,0.08,-0.158,0.351,137.3,8,0.0048,0.96
19:40:14,22.2553037,84.9039039,2.483,1.740,0.08,-0.158,0.351,137.1,8,0.0048,0.96
19:40:14,22.2553037,84.9039039,2.475,1.758,0.08,-0.158,0.351,136.3,8,0.0048,0.96
19:40:14,22.2553037,84.9039039,2.467,1.775,0.08,-0.158,0.351,135.8,8,0.0048,0.96
19:40:14,22.2553037,84.9039039,2.459,1.793,0.08,-0.158,0.351,135.8,8,0.0048,0.96
19:40:14,22.2553029,84.9039041,2.605,1.799,0.13,-0.079,0.345,135.2,8,0.0048,0.85
19:40:14,22.2553029,84.9039041,2.601,1.817,0.13,-0.079,0.345,133.8,8,0.0048,0.85
19:40:14,22.2553029,84.9039041,2.597,1.834,0.13,-0.079,0.345,133.8,8,0.0048,0.85
19:40:14,22.2553029,84.9039041,2.593,1.852,0.13,-0.079,0.345,133.0,8,0.0048,0.85
19:40:14,22.2553029,84.9039041,2.589,1.869,0.13,-0.079,0.345,131.2,8,0.0048,0.85
19:40:14,22.2553029,84.9039041,2.585,1.886,0.13,-0.079,0.345,131.2,8,0.0048,0.85
19:40:14,22.2553029,84.9039041,2.581,1.904,0.13,-0.079,0.345,130.3,8,0.0048,0.85
19:40:14,22.2553029,84.9039041,2.577,1.921,0.13,-0.079,0.345,128.4,8,0.0048,0.85
19:40:14,22.255302,84.9039043,2.735,1.875,0.21,-0.000,0.314,127.4,8,0.0048,0.80
19:40:14,22.255302,84.9039043,2.735,1.891,0.21,-0.000,0.314,127.4,8,0.0048,0.80
19:40:14,22.255302,84.9039043,2.735,1.907,0.21,-0.000,0.314,126.5,8,0.0048,0.80
19:40:14,22.255302,84.9039043,2.735,1.923,0.21,-0.000,0.314,124.6,8,0.0048,0.80
19:40:14,22.255304614664105,84.90389864858867,2.735,1.939,0.31,-0.000,0.314,123.8,8,0.0048,0.00
19:40:14,22.25530475699617,84.90389864849217,2.735,1.954,0.31,-0.000,0.314,123.8,8,0.0048,0.00
19:40:14,22.25530489896128,84.90389864839594,2.735,1.970,0.31,-0.000,0.314,122.1,8,0.0048,0.00
19:40:14,22.255305041432052,84.90389864829935,2.735,1.986,0.31,-0.000,0.314,121.3,8,0.0048,0.00
19:40:15,22.255305183806538,84.90389864820283,2.735,2.002,0.31,-0.000,0.314,121.3,8,0.0048,0.00
19:40:15,22.255305325653815,84.90389864810666,2.735,2.018,0.31,-0.000,0.314,120.5,8,0.0048,0.00
19:40:15,22.255305468026283,84.90389864801014,2.735,2.034,0.31,-0.000,0.314,118.9,8,0.0048,0.00
19:40:15,22.255305610408175,84.90389864791362,2.735,2.049,0.31,-0.000,0.314,118.0,8,0.0048,0.00
19:40:15,22.25530575272476,84.90389864781713,2.735,2.065,0.31,-0.000,0.314,118.0,8,0.0048,0.00
19:40:15,22.255305894717473,84.90389864772087,2.735,2.081,0.42,-0.000,0.314,117.2,8,0.0048,0.00
19:40:15,22.25530603700645,84.9038986476244,2.735,2.097,0.42,-0.000,0.314,115.7,8,0.0048,0.00
19:40:15,22.25530617910824,84.90389864752807,2.735,2.113,0.42,-0.000,0.314,115.2,8,0.0048,0.00
19:40:15,22.25530632133729,84.90389864743165,2.735,2.129,0.42,-0.000,0.314,115.2,8,0.0048,0.00
19:40:15,22.25530646363502,84.90389864733518,2.735,2.144,0.42,-0.000,0.314,114.6,8,0.0048,0.00
19:40:15,22.255306606113198,84.90389864723859,2.735,2.160,0.42,-0.000,0.314,115.5,8,0.0048,0.00
19:40:15,22.255306748362447,84.90389864714216,2.735,2.176,0.42,-0.000,0.314,115.9,8,0.0048,0.00
19:40:15,22.2553068907302,84.90389864704564,2.735,2.192,0.42,-0.000,0.314,115.9,8,0.0048,0.00
19:40:15,22.255307032716857,84.90389864694937,2.735,2.208,0.50,-0.000,0.314,116.2,8,0.0048,0.00
19:40:15,22.25530717546234,84.90389864685261,2.735,2.224,0.50,-0.000,0.314,117.5,8,0.0048,0.00
19:40:15,22.255307317714287,84.90389864675616,2.735,2.240,0.50,-0.000,0.314,118.1,8,0.0048,0.00
19:40:15,22.255307460125806,84.90389864665963,2.735,2.255,0.50,-0.000,0.314,118.1,8,10.0005,0.00
19:40:15,22.255307602510392,84.90389864656309,2.735,2.271,0.49,-0.000,0.314,118.5,8,10.0005,0.00
19:40:15,22.255307745329272,84.90389864646627,2.735,2.287,0.49,-0.000,0.314,119.0,8,0.0000,0.00
19:40:15,22.255307888016855,84.90389864636954,2.735,2.303,0.49,-0.000,0.314,119.1,8,0.0000,0.00
19:40:16,22.255308030709823,84.90389864627281,2.735,2.319,0.49,-0.000,0.314,119.1,8,0.0000,0.00
19:40:16,22.255308172791416,84.90389864617647,2.735,2.335,0.49,-0.000,0.314,119.0,8,0.0000,0.00
19:40:16,22.25530831511675,84.90389864608,2.735,2.351,0.49,-0.000,0.314,118.8,8,10.0005,0.00
19:40:16,22.25530845755318,84.90389864598343,2.735,2.366,0.49,-0.000,0.314,118.7,8,10.0005,0.00
19:40:16,22.255308599772132,84.90389864588701,2.735,2.382,0.49,-0.000,0.314,118.7,8,10.0005,0.00
19:40:16,22.255308741741953,84.90389864579076,2.735,2.398,0.49,-0.000,0.314,118.6,8,10.0005,0.00
19:40:16,22.255308884358836,84.90389864569408,2.735,2.414,0.48,-0.000,0.314,118.5,8,10.0005,0.00
19:40:16,22.255309027157516,84.90389864559727,2.735,2.430,0.48,-0.000,0.314,118.5,8,0.0000,0.00
19:40:16,22.255309169597314,84.9038986455007,2.735,2.446,0.48,-0.000,0.314,118.5,8,0.0000,0.00
19:40:16,22.25530931184724,84.90389864540427,2.735,2.461,0.48,-0.000,0.314,118.3,8,0.0000,0.00
19:40:16,22.25530945419816,84.90389864530776,2.735,2.477,0.46,-0.000,0.314,118.2,8,0.0000,0.00
19:40:16,22.255309596667587,84.90389864521119,2.735,2.493,0.46,-0.000,0.314,118.2,8,10.0005,0.00
19:40:16,22.25530973900706,84.90389864511468,2.735,2.509,0.46,-0.000,0.314,118.2,8,0.0000,0.00
19:40:16,22.255309881139823,84.90389864501833,2.735,2.525,0.46,-0.000,0.314,118.0,8,0.0000,0.00
19:40:16,22.25531002338369,84.9038986449219,2.735,2.541,0.46,-0.000,0.314,118.0,8,0.0000,0.00
19:40:16,22.25531016588745,84.90389864482529,2.735,2.557,0.46,-0.000,0.314,117.9,8,0.0000,0.00
19:40:16,22.255310308387177,84.90389864472868,2.735,2.572,0.46,-0.000,0.314,117.9,8,0.0000,0.00
19:40:16,22.255310450357673,84.90389864463243,2.735,2.588,0.46,-0.000,0.314,117.7,8,0.0000,0.00
19:40:16,22.2553105929254,84.90389864453577,2.735,2.604,0.46,-0.000,0.314,117.7,8,0.0000,0.00
19:40:17,22.25531073544802,84.90389864443915,2.735,2.620,0.46,-0.000,0.314,117.7,8,0.0000,0.00
19:40:17,22.25531087783059,84.90389864434263,2.735,2.636,0.46,-0.000,0.314,117.5,8,0.0000,0.00
19:40:17,22.255311020308092,84.90389864424604,2.735,2.652,0.46,-0.000,0.314,117.5,8,0.0000,0.00
19:40:17,22.255311162557344,84.9038986441496,2.735,2.668,0.46,-0.000,0.314,117.4,8,0.0000,0.00
19:40:17,22.25531130544692,84.90389864405273,2.735,2.683,0.46,-0.000,0.314,117.4,8,0.0000,0.00
19:40:17,22.255311447763503,84.90389864395625,2.735,2.699,0.46,-0.000,0.314,117.2,8,0.0000,0.00
19:40:17,22.255311590028914,84.9038986438598,2.735,2.715,0.46,-0.000,0.314,117.2,8,10.0005,0.00
19:40:17,22.255311732047886,84.90389864376353,2.735,2.731,0.46,-0.000,0.314,117.1,8,0.0000,0.00
19:40:17,22.255311874538858,84.90389864366692,2.735,2.747,0.46,-0.000,0.314,117.1,8,0.0000,0.00
19:40:17,22.255312016763867,84.9038986435705,2.735,2.763,0.46,-0.000,0.314,117.0,8,0.0000,0.00
19:40:17,22.255312159241374,84.90389864347391,2.735,2.778,0.46,-0.000,0.314,116.9,8,0.0000,0.00
19:40:17,22.255312301599027,84.9038986433774,2.735,2.794,0.46,-0.000,0.314,116.8,8,0.0000,0.00
19:40:17,22.255312443953315,84.9038986432809,2.735,2.810,0.46,-0.000,0.314,116.8,8,0.0000,0.00
19:40:17,22.255312586230843,84.90389864318445,2.735,2.826,0.46,-0.000,0.314,116.7,8,0.0000,0.00
19:40:17,22.25531272847336,84.90389864308801,2.735,2.842,0.46,-0.000,0.314,116.6,8,0.0000,0.00
19:40:17,22.25531287099261,84.9038986429914,2.735,2.858,0.46,-0.000,0.314,116.5,8,10.0005,0.00
19:40:17,22.255313013232435,84.90389864289496,2.735,2.874,0.46,-0.000,0.314,116.5,8,10.0005,0.00
19:40:17,22.255313155526125,84.9038986427985,2.735,2.889,0.46,-0.000,0.314,116.4,8,0.0000,0.00
19:40:17,22.255313297868966,84.90389864270199,2.735,2.905,0.46,-0.000,0.314,116.3,8,0.0000,0.00
19:40:17,22.25531344016669,84.90389864260553,2.735,2.921,0.46,-0.000,0.314,116.2,8,10.0005,0.00
19:40:18,22.25531358229609,84.90389864250918,2.735,2.937,0.47,-0.000,0.314,116.2,8,10.0005,0.00
19:40:18,22.25531372446589,84.90389864241278,2.735,2.953,0.47,-0.000,0.314,116.1,8,0.0000,0.00
19:40:18,22.25531386678247,84.9038986423163,2.735,2.969,0.47,-0.000,0.314,116.0,8,0.0000,0.00
19:40:18,22.255314009182545,84.90389864221977,2.735,2.984,0.47,-0.000,0.314,116.0,8,0.0000,0.00
19:40:18,22.255314151243265,84.90389864212347,2.735,3.000,0.47,-0.000,0.314,116.0,8,0.0000,0.00
19:40:18,22.255314293271663,84.90389864202717,2.735,3.016,0.47,-0.000,0.314,115.8,8,10.0005,0.00
19:40:18,22.255314435316222,84.90389864193088,2.735,3.032,0.47,-0.000,0.314,115.7,8,10.0005,0.00
19:40:18,22.25531457746919,84.9038986418345,2.735,3.048,0.47,-0.000,0.314,115.7,8,10.0005,0.00
19:40:18,22.25531471926058,84.90389864173838,2.735,3.063,0.47,-0.000,0.314,115.6,8,10.0005,0.00
19:40:18,22.255314861594666,84.90389864164189,2.735,3.079,0.47,-0.000,0.314,115.5,8,0.0000,0.00
19:40:18,22.255315003863444,84.90389864154544,2.735,3.095,0.47,-0.000,0.314,115.4,8,0.0000,0.00
19:40:18,22.255315288279125,84.90389864135263,2.734,3.127,0.47,-0.000,0.314,115.3,8,0.0000,0.00
19:40:18,22.255315430395054,84.90389864125628,2.734,3.143,0.48,-0.000,0.314,115.2,8,0.0000,0.00
19:40:18,22.25531557257832,84.90389864115988,2.734,3.158,0.48,-0.000,0.314,115.1,8,10.0005,0.00
19:40:18,22.255315714937993,84.90389864106338,2.734,3.174,0.48,-0.000,0.314,115.1,8,0.0000,0.00
19:40:18,22.255315857072777,84.90389864096701,2.734,3.190,0.48,-0.000,0.314,115.0,8,0.0000,0.00
19:40:18,22.255315999306543,84.9038986408706,2.734,3.206,0.49,-0.000,0.314,114.9,8,0.0000,0.00
19:40:18,22.255316141621105,84.9038986407741,2.734,3.222,0.49,-0.000,0.314,114.9,8,0.0000,0.00
19:40:18,22.25531628364344,84.90389864067782,2.734,3.238,0.49,-0.000,0.314,114.7,8,0.0000,0.00
19:40:18,22.255316425903466,84.90389864058139,2.734,3.253,0.49,-0.000,0.314,114.5,8,0.0000,0.00
19:40:19,22.25531656848803,84.90389864048471,2.734,3.269,0.49,-0.000,0.314,114.5,8,0.0000,0.00
19:40:19,22.255316710478724,84.90389864038846,2.734,3.285,0.49,-0.000,0.314,114.0,8,0.0000,0.00
19:40:19,22.25531685291112,84.9038986402919,2.734,3.301,0.49,-0.000,0.314,113.7,8,0.0000,0.00
19:40:19,22.255316995245877,84.90389864019541,2.734,3.317,0.49,-0.000,0.314,112.9,8,0.0000,0.00
19:40:19,22.255317137529467,84.90389864009894,2.734,3.333,0.49,-0.000,0.314,112.9,8,0.0000,0.00
19:40:19,22.255317279711385,84.90389864000255,2.734,3.348,0.49,-0.000,0.314,112.3,8,0.0000,0.00
19:40:19,22.255317422185524,84.90389863990596,2.734,3.364,0.49,-0.000,0.314,111.5,8,0.0000,0.00
19:40:19,22.25531756471757,84.90389863980934,2.734,3.380,0.49,-0.000,0.314,111.5,8,10.0005,0.00
19:40:19,22.255317707141206,84.90389863971278,2.734,3.396,0.49,-0.000,0.314,111.5,8,0.0000,0.00
19:40:19,22.25531784967662,84.90389863961616,2.734,3.412,0.49,-0.000,0.314,111.8,8,0.0000,0.00
19:40:19,22.25531799222617,84.90389863951951,2.734,3.428,0.49,-0.000,0.314,112.2,8,0.0000,0.00
19:40:19,22.255318134509086,84.90389863942305,2.734,3.444,0.49,-0.000,0.314,112.9,8,0.0000,0.00
19:40:19,22.25531827683038,84.90389863932657,2.734,3.459,0.49,-0.000,0.314,112.9,8,0.0000,0.00
19:40:19,22.255318418954392,84.90389863923022,2.734,3.475,0.49,-0.000,0.314,113.3,8,0.0000,0.00
19:40:19,22.255318561413716,84.90389863913364,2.734,3.491,0.49,-0.000,0.314,113.6,8,0.0000,0.00
19:40:19,22.255318703826585,84.9038986390371,2.734,3.507,0.49,-0.000,0.314,113.6,8,0.0000,0.00
19:40:19,22.255318845906157,84.90389863894077,2.734,3.523,0.49,-0.000,0.314,114.3,8,10.0005,0.00
19:40:19,22.255318988366827,84.9038986388442,2.734,3.539,0.49,-0.000,0.314,114.6,8,0.0000,0.00
19:40:19,22.25531913059992,84.90389863874776,2.734,3.555,0.49,-0.000,0.314,115.3,8,0.0000,0.00
19:40:20,22.255319272696326,84.90389863865144,2.734,3.570,0.49,-0.000,0.314,115.3,8,10.0005,0.00
19:40:20,22.255319415156997,84.90389863855485,2.734,3.586,0.49,-0.000,0.314,115.6,8,10.0005,0.00
19:40:20,22.255319557353726,84.90389863845846,2.734,3.602,0.49,-0.000,0.314,115.9,8,10.0005,0.00
19:40:20,22.255319699661555,84.90389863836198,2.734,3.618,0.49,-0.000,0.314,116.2,8,0.0000,0.00
19:40:20,22.255319842019883,84.90389863826547,2.734,3.634,0.49,-0.000,0.314,116.2,8,0.0000,0.00
19:40:20,22.25531998436744,84.90389863816897,2.734,3.650,0.49,-0.000,0.314,116.7,8,0.0000,0.00
19:40:20,22.255320126987687,84.90389863807228,2.734,3.665,0.49,-0.000,0.314,117.1,8,10.0005,0.00
19:40:20,22.255320269228857,84.90389863797584,2.734,3.681,0.49,-0.000,0.314,117.3,8,10.0005,0.00
19:40:20,22.255320411707036,84.90389863787925,2.734,3.697,0.49,-0.000,0.314,117.3,8,10.0005,0.00
19:40:20,22.255320553789975,84.90389863778293,2.734,3.713,0.49,-0.000,0.314,117.4,8,10.0005,0.00
19:40:20,22.255320696028452,84.90389863768651,2.734,3.729,0.49,-0.000,0.314,117.6,8,10.0005,0.00
19:40:20,22.255320838239996,84.90389863759009,2.734,3.745,0.49,-0.000,0.314,117.6,8,0.0000,0.00
19:40:20,22.255320980767326,84.90389863749347,2.734,3.760,0.49,-0.000,0.314,117.7,8,0.0000,0.00
19:40:20,22.25532112315124,84.90389863739694,2.734,3.776,0.49,-0.000,0.314,117.7,8,0.0000,0.00
19:40:20,22.255321265535827,84.90389863730041,2.734,3.792,0.49,-0.000,0.314,117.6,8,0.0000,0.00
19:40:20,22.255321407607994,84.9038986372041,2.734,3.808,0.49,-0.000,0.314,117.6,8,0.0000,0.00
19:40:20,22.25532155002894,84.90389863710755,2.734,3.824,0.49,-0.000,0.314,117.6,8,0.0000,0.00
19:40:20,22.255321692601385,84.90389863701088,2.734,3.840,0.49,-0.000,0.314,117.5,8,0.0000,0.00
19:40:20,22.2553218351341,84.90389863691426,2.734,3.856,0.49,-0.000,0.314,117.4,8,0.0000,0.00
19:40:20,22.255321977209633,84.90389863681794,2.734,3.871,0.48,-0.000,0.314,117.4,8,0.0000,0.00
19:40:21,22.255322119588833,84.90389863672142,2.734,3.887,0.48,-0.000,0.314,117.3,8,0.0000,0.00
19:40:21,22.25532226195255,84.9038986366249,2.734,3.903,0.48,-0.000,0.314,117.2,8,10.0005,0.00
19:40:21,22.25532240417352,84.90389863652848,2.734,3.919,0.48,-0.000,0.314,117.1,8,0.0000,0.00
19:40:21,22.2553225462807,84.90389863643215,2.734,3.935,0.48,-0.000,0.314,117.1,8,0.0000,0.00
19:40:21,22.255322688606032,84.90389863633565,2.734,3.951,0.48,-0.000,0.314,117.0,8,0.0000,0.00
19:40:21,22.255322830758995,84.90389863623929,2.734,3.966,0.48,-0.000,0.314,116.9,8,0.0000,0.00
19:40:21,22.255322973083658,84.9038986361428,2.734,3.982,0.48,-0.000,0.314,116.9,8,0.0000,0.00
19:40:21,22.25532311507435,84.90389863604653,2.734,3.998,0.48,-0.000,0.314,116.8,8,0.0000,0.00
19:40:21,22.25532325715662,84.90389863595021,2.734,4.014,0.48,-0.000,0.314,116.7,8,0.0000,0.00
19:40:21,22.255323399516293,84.90389863585371,2.734,4.030,0.48,-0.000,0.314,116.6,8,10.0005,0.00
19:40:21,22.255323541698882,84.90389863575732,2.734,4.046,0.48,-0.000,0.314,116.6,8,0.0000,0.00
19:40:21,22.255323683672746,84.90389863566106,2.734,4.061,0.48,-0.000,0.314,116.6,8,0.0000,0.00
19:40:21,22.255323826096383,84.90389863556452,2.734,4.077,0.48,-0.000,0.314,116.4,8,0.0000,0.00
19:40:21,22.25532396828167,84.90389863546812,2.734,4.093,0.48,-0.000,0.314,116.4,8,0.0000,0.00
19:40:21,22.2553241106474,84.9038986353716,2.734,4.109,0.48,-0.000,0.314,116.4,8,0.0000,0.00
19:40:21,22.255324253101342,84.90389863527503,2.734,4.125,0.48,-0.000,0.314,116.3,8,0.0000,0.00
19:40:21,22.255324395280564,84.90389863517863,2.734,4.141,0.48,-0.000,0.314,116.1,8,0.0000,0.00
19:40:21,22.255324537785675,84.90389863508203,2.734,4.156,0.48,-0.000,0.314,116.0,8,10.0005,0.00
19:40:21,22.255324680132556,84.90389863498552,2.734,4.172,0.48,-0.000,0.314,116.0,8,0.0000,0.00
19:40:21,22.255324822442407,84.90389863488905,2.734,4.188,0.48,-0.000,0.314,115.9,8,10.0005,0.00
19:40:22,22.255324964593353,84.90389863479268,2.734,4.204,0.48,-0.000,0.314,115.8,8,0.0000,0.00
19:40:22,22.255325106951005,84.90389863469618,2.734,4.220,0.48,-0.000,0.314,115.8,8,0.0000,0.00
19:40:22,22.255325249265567,84.9038986345997,2.734,4.236,0.48,-0.000,0.314,115.8,8,10.0005,0.00
19:40:22,22.255325391568007,84.90389863450322,2.734,4.251,0.48,-0.000,0.314,115.7,8,10.0005,0.00
19:40:22,22.25532553387449,84.90389863440674,2.734,4.267,0.48,-0.000,0.314,115.5,8,10.0005,0.00
19:40:22,22.255325676529754,84.90389863431004,2.734,4.283,0.48,-0.000,0.314,115.5,8,0.0000,0.00
19:40:22,22.255325819011972,84.90389863421343,2.734,4.299,0.48,-0.000,0.314,115.5,8,0.0000,0.00
19:40:22,22.255325960994586,84.90389863411718,2.734,4.315,0.48,-0.000,0.314,115.3,8,0.0000,0.00
19:40:22,22.255326103468725,84.90389863402059,2.734,4.331,0.48,-0.000,0.314,115.3,8,10.0005,0.00
19:40:22,22.255326246196706,84.90389863392383,2.734,4.347,0.49,-0.000,0.314,115.3,8,10.0005,0.00
19:40:22,22.255326388559073,84.90389863382732,2.734,4.362,0.49,-0.000,0.314,115.2,8,10.0005,0.00
19:40:22,22.255326531258103,84.90389863373058,2.734,4.378,0.49,-0.000,0.314,115.0,8,10.0005,0.00
19:40:22,22.255326673617102,84.90389863363407,2.734,4.394,0.49,-0.000,0.314,115.0,8,10.0005,0.00
19:40:22,22.25532681606027,84.90389863353751,2.734,4.410,0.49,-0.000,0.314,115.0,8,0.0000,0.00
19:40:22,22.255326958444854,84.90389863344097,2.734,4.426,0.49,-0.000,0.314,114.8,8,0.0000,0.00
19:40:22,22.255327100770863,84.90389863334448,2.734,4.442,0.49,-0.000,0.314,114.7,8,0.0000,0.00
19:40:22,22.255327243043006,84.90389863324803,2.734,4.458,0.49,-0.000,0.314,114.6,8,0.0000,0.00
19:40:22,22.255327385407394,84.90389863315153,2.734,4.473,0.49,-0.000,0.314,114.6,8,0.0000,0.00
19:40:22,22.25532752734355,84.90389863305529,2.734,4.489,0.49,-0.000,0.314,114.1,8,0.0000,0.00
19:40:22,22.255327670200135,84.90389863295844,2.734,4.505,0.49,-0.000,0.314,113.9,8,0.0000,0.00
19:40:23,22.25532781257799,84.90389863286192,2.734,4.521,0.49,-0.000,0.314,113.8,8,0.0000,0.00
19:40:23,22.25532795536118,84.90389863276513,2.734,4.537,0.49,-0.000,0.314,113.8,8,0.0000,0.00
19:40:23,22.255328097376115,84.90389863266886,2.734,4.553,0.49,-0.000,0.314,113.9,8,0.0000,0.00
19:40:23,22.255328240036764,84.90389863257214,2.734,4.569,0.49,-0.000,0.314,114.0,8,10.0005,0.00
19:40:23,22.25532838270482,84.90389863247542,2.734,4.584,0.49,-0.000,0.314,114.1,8,0.0000,0.00
19:40:23,22.2553285250416,84.90389863237893,2.734,4.600,0.49,-0.000,0.314,114.1,8,0.0000,0.00
19:40:23,22.255328667411376,84.9038986322824,2.734,4.616,0.49,-0.000,0.314,114.1,8,0.0000,0.00
19:40:23,22.255328809901673,84.9038986321858,2.734,4.632,0.49,-0.000,0.314,114.1,8,0.0000,0.00
19:40:23,22.255328952222968,84.90389863208932,2.734,4.648,0.49,-0.000,0.314,114.1,8,0.0000,0.00
19:40:23,22.25532909423386,84.90389863199304,2.734,4.664,0.49,-0.000,0.314,114.0,8,0.0000,0.00
19:40:23,22.255329236560545,84.90389863189655,2.734,4.680,0.50,-0.000,0.314,113.8,8,0.0000,0.00
19:40:23,22.255329378947824,84.90389863180002,2.733,4.695,0.50,-0.000,0.314,113.7,8,0.0000,0.00
19:40:23,22.25532952120246,84.90389863170358,2.733,4.711,0.50,-0.000,0.314,113.7,8,0.0000,0.00
19:40:23,22.2553296636463,84.90389863160702,2.733,4.727,0.50,-0.000,0.314,113.6,8,0.0000,0.00
19:40:23,22.255329805766944,84.90389863151067,2.733,4.743,0.50,-0.000,0.314,113.3,8,0.0000,0.00
19:40:23,22.255329948389214,84.90389863141398,2.733,4.759,0.50,-0.000,0.314,113.2,8,0.0000,0.00
19:40:23,22.255330090601433,84.90389863131757,2.733,4.775,0.50,-0.000,0.314,113.2,8,0.0000,0.00
19:40:23,22.255330232616366,84.9038986312213,2.733,4.790,0.50,-0.000,0.314,113.2,8,0.0000,0.00
19:40:23,22.255330375064243,84.90389863112472,2.733,4.806,0.50,-0.000,0.314,113.3,8,0.0000,0.00
19:40:24,22.255330517318207,84.90389863102828,2.733,4.822,0.49,-0.000,0.314,113.4,8,0.0000,0.00
19:40:24,22.255330659584963,84.90389863093183,2.733,4.838,0.49,-0.000,0.314,113.4,8,10.0005,0.00
19:40:24,22.25533080178304,84.90389863083543,2.733,4.854,0.49,-0.000,0.314,113.4,8,0.0000,0.00
19:40:24,22.255330944035656,84.903898630739,2.733,4.870,0.49,-0.000,0.314,113.4,8,0.0000,0.00
19:40:24,22.255331086464007,84.90389863064243,2.733,4.885,0.47,-0.000,0.314,113.4,8,0.0000,0.00
19:40:24,22.25531051603111,84.90389666637978,2.531,2.596,0.47,-0.035,-0.081,113.4,8,0.0021,0.00
19:40:24,22.255310372712152,84.90389667834273,2.532,2.580,0.47,-0.034,-0.083,113.5,8,0.0018,0.00
19:40:24,22.255310335048996,84.90389666155478,2.531,2.575,0.47,-0.034,-0.083,113.6,8,0.0018,0.00
19:40:24,22.25531029752347,84.90389664482818,2.529,2.571,0.47,-0.034,-0.083,113.6,8,0.0000,0.00
19:40:24,22.255311097750646,84.90389706149512,2.572,2.660,0.47,-0.016,-0.045,113.7,8,0.0020,0.00
19:40:24,22.2553110774681,84.90389705370106,2.571,2.658,0.47,-0.016,-0.045,113.9,8,0.0020,0.00
19:40:24,22.255311269550415,84.90389715535945,2.581,2.679,0.47,-0.008,-0.029,113.9,8,0.0026,0.00
19:40:24,22.25531131842559,84.90389718526707,2.584,2.685,0.47,-0.005,-0.022,114.2,8,0.0019,0.00
19:40:24,22.25531130838884,84.90389718285326,2.584,2.684,0.47,-0.005,-0.022,114.3,8,0.0000,0.00
19:40:24,22.25531132522951,84.90389719251584,2.585,2.686,0.47,-0.003,-0.017,114.4,8,0.0020,0.00
19:40:24,22.255311317431214,84.90389719110965,2.585,2.685,0.47,-0.003,-0.017,114.4,8,0.0020,0.00
19:40:24,22.25531132878639,84.9038971943173,2.585,2.686,0.47,-0.002,-0.012,114.5,8,0.0015,0.00
19:40:24,22.255311336531246,84.90389719544399,2.586,2.687,0.47,-0.001,-0.007,114.6,8,0.0013,0.00
19:40:24,22.25531133341559,84.90389719496415,2.585,2.687,0.47,-0.001,-0.007,114.4,8,0.0000,0.00
19:40:24,22.255311337839426,84.90389719547592,2.586,2.687,0.47,-0.001,-0.003,114.4,8,0.0022,0.00
19:40:25,22.255311336497222,84.90389719522935,2.585,2.687,0.47,-0.001,-0.003,114.2,8,0.0022,0.00
19:40:25,22.255311338369022,84.90389719541811,2.586,2.687,0.46,-0.000,-0.001,113.7,8,0.0018,0.00
19:40:25,22.255311337936035,84.90389719529465,2.585,2.687,0.46,-0.000,-0.001,112.5,8,0.0000,0.00
19:40:25,22.25531133750264,84.90389719517107,2.585,2.687,0.46,-0.000,-0.001,112.5,8,0.0000,0.00
19:40:25,22.255311301540317,84.90389730553574,2.597,2.683,0.46,0.066,-0.024,111.9,8,0.0030,0.00
19:40:25,22.255311271230912,84.90389740154635,2.607,2.680,0.48,0.107,-0.037,111.4,8,0.0026,0.00
19:40:25,22.25531125420643,84.90389745403296,2.612,2.678,0.48,0.107,-0.037,111.5,8,0.0026,0.00
19:40:25,22.255311237273474,84.90389750623739,2.618,2.676,0.48,0.107,-0.037,111.5,8,0.0000,0.00
19:40:25,22.25531116197621,84.903897585385,2.626,2.667,0.48,0.124,-0.078,111.8,8,0.0046,0.00
19:40:25,22.2553111262796,84.90389764646379,2.632,2.663,0.48,0.124,-0.078,112.3,8,0.0046,0.00
19:40:25,22.255311059298585,84.90389784105767,2.652,2.656,0.48,0.212,-0.101,113.7,8,0.0047,0.00
19:40:25,22.255311013473325,84.90389794532426,2.663,2.651,0.48,0.212,-0.101,113.7,8,0.0047,0.00
19:40:25,22.25531096789118,84.90389804903769,2.673,2.646,0.48,0.212,-0.101,114.5,8,0.0000,0.00
19:40:25,22.25531088548283,84.9038982426493,2.693,2.637,0.50,0.269,-0.126,116.2,8,0.0050,0.00
19:40:25,22.25531082826539,84.90389837471258,2.707,2.630,0.50,0.269,-0.126,116.2,8,10.0005,0.00
19:40:25,22.255310771449885,84.90389850584816,2.721,2.624,0.50,0.269,-0.126,117.1,8,10.0005,0.00
19:40:25,22.255310714525617,84.90389863723476,2.734,2.618,0.50,0.269,-0.126,119.0,8,10.0005,0.00
19:40:25,22.255310657644692,84.90389876852133,2.748,2.611,0.51,0.269,-0.126,119.0,8,0.0000,0.00
19:40:25,22.255310600713692,84.90389889992348,2.761,2.605,0.51,0.269,-0.126,120.0,8,0.0000,0.00
19:40:25,22.25531054376062,84.90389903137657,2.775,2.599,0.51,0.269,-0.126,121.1,8,10.0005,0.00
19:40:26,22.255310486769048,84.90389916291852,2.788,2.592,0.51,0.269,-0.126,123.5,8,10.0005,0.00
19:40:26,22.255310429825663,84.90389929434923,2.802,2.586,0.51,0.269,-0.126,123.5,8,0.0000,0.00
19:40:26,22.255310372850246,84.90389942585391,2.815,2.580,0.51,0.269,-0.126,124.9,8,0.0000,0.00
19:40:26,22.255310315850327,84.90389955741512,2.829,2.573,0.51,0.269,-0.126,126.4,8,0.0000,0.00
19:40:26,22.25531025893225,84.90389968878743,2.842,2.567,0.51,0.269,-0.126,129.4,8,0.0000,0.00
19:40:26,22.255310202071247,84.90389982002802,2.856,2.561,0.51,0.269,-0.126,129.4,8,10.0005,0.00
19:40:26,22.25531014511602,84.90389995148608,2.869,2.554,0.48,0.269,-0.126,130.7,8,10.0005,0.00
19:40:26,22.25531008817264,84.9039000829168,2.883,2.548,0.48,0.269,-0.126,133.3,8,10.0005,0.00
19:40:26,22.2553100311283,84.90390021458055,2.897,2.542,0.48,0.269,-0.126,133.3,8,10.0005,0.00
19:40:26,22.255309974320333,84.90390034569872,2.910,2.535,0.48,0.269,-0.126,134.6,8,10.0005,0.00
19:40:26,22.255309917268725,84.90390047737922,2.924,2.529,0.46,0.269,-0.126,137.0,8,0.0000,0.00
19:40:26,22.255309860288463,84.90390060889509,2.937,2.523,0.46,0.269,-0.126,137.0,8,0.0000,0.00
19:40:26,22.255309803486956,84.90390073999833,2.951,2.516,0.46,0.269,-0.126,138.0,8,0.0000,0.00
19:40:26,22.255309746536035,84.90390087144647,2.964,2.510,0.46,0.269,-0.126,139.0,8,0.0000,0.00
19:40:26,22.255309689635997,84.90390100277715,2.978,2.504,0.46,0.269,-0.126,141.0,8,10.0005,0.00
19:40:26,22.25530963268319,84.90390113422961,2.991,2.497,0.46,0.269,-0.126,141.0,8,0.0000,0.00
19:40:26,22.255309575692156,84.90390126577033,3.005,2.491,0.46,0.269,-0.126,142.0,8,0.0000,0.00
19:40:26,22.255309518717816,84.9039013972725,3.018,2.485,0.46,0.269,-0.126,143.0,8,0.0000,0.00
19:40:26,22.255309461863273,84.90390152849818,3.032,2.478,0.46,0.269,-0.126,145.0,8,0.0000,0.00
19:40:26,22.255309404992577,84.90390165976113,3.045,2.472,0.46,0.269,-0.126,145.0,8,10.0005,0.00
19:40:27,22.25530934798001,84.90390179135154,3.059,2.466,0.46,0.269,-0.126,145.9,8,0.0000,0.00
19:40:27,22.255309290930825,84.90390192302647,3.073,2.459,0.46,0.269,-0.126,147.4,8,0.0000,0.00
19:40:27,22.25530923409109,84.90390205421797,3.086,2.453,0.46,0.269,-0.126,148.1,8,0.0000,0.00
19:40:27,22.255309177236278,84.90390218544425,3.100,2.447,0.45,0.269,-0.126,148.1,8,0.0000,0.00
19:40:27,22.25530912034566,84.90390231675319,3.113,2.440,0.45,0.269,-0.126,148.8,8,0.0000,0.00
19:40:27,22.25530906342974,84.90390244812053,3.127,2.434,0.45,0.269,-0.126,150.0,8,0.0000,0.00
19:40:27,22.25530900647747,84.90390257957176,3.140,2.427,0.45,0.269,-0.126,150.7,8,0.0000,0.00
19:40:27,22.255308949600046,84.90390271085026,3.154,2.421,0.45,0.269,-0.126,150.7,8,0.0000,0.00
19:40:27,22.255308892727466,84.90390284211756,3.167,2.415,0.45,0.269,-0.126,151.3,8,10.0005,0.00
19:40:27,22.255308835836583,84.90390297342711,3.181,2.409,0.45,0.269,-0.126,152.7,8,0.0000,0.00
19:40:27,22.255308778716866,84.90390310526483,3.194,2.402,0.45,0.269,-0.126,152.7,8,0.0000,0.00
19:40:27,22.255308721881974,84.90390323644515,3.208,2.396,0.42,0.269,-0.126,153.5,8,0.0000,0.00
19:40:27,22.25530866483764,84.90390336810889,3.221,2.389,0.42,0.269,-0.126,155.0,8,0.0000,0.00
19:40:27,22.25530860798929,84.90390349932026,3.235,2.383,0.42,0.269,-0.126,155.7,8,0.0000,0.00
19:40:27,22.25530855109248,84.9039036306435,3.249,2.377,0.42,0.269,-0.126,155.7,8,0.0000,0.00
19:40:27,22.25530849422905,84.90390376188967,3.262,2.370,0.42,0.269,-0.126,156.5,8,0.0000,0.00
19:40:27,22.25530843721164,84.90390389349128,3.276,2.364,0.42,0.269,-0.126,158.1,8,10.0005,0.00
19:40:27,22.255308380302985,84.90390402484184,3.289,2.358,0.42,0.269,-0.126,158.9,8,0.0000,0.00
19:40:27,22.2553083232573,84.90390415650867,3.303,2.351,0.42,0.269,-0.126,158.9,8,10.0005,0.00
19:40:28,22.255308266393065,84.90390428775672,3.316,2.345,0.37,0.269,-0.126,159.7,8,0.0000,0.00
19:40:28,22.255307510850024,84.90390220642595,3.102,2.261,0.37,0.084,-0.189,161.4,8,0.0028,0.00
19:40:28,22.25530742487784,84.90390224753678,3.106,2.251,0.37,0.084,-0.189,162.3,8,0.0028,0.00
19:40:28,22.255307475616853,84.90390212657813,3.094,2.257,0.37,0.066,-0.173,162.3,8,0.0051,0.00
19:40:28,22.255307430131495,84.903902113814,3.092,2.252,0.37,0.059,-0.168,163.1,8,0.0022,0.00
19:40:28,22.255307353844792,84.90390214304239,3.095,2.244,0.29,0.059,-0.168,164.7,8,0.0000,0.00
19:40:28,22.25530735911673,84.90390212277025,3.093,2.244,0.29,0.048,-0.147,165.4,8,0.0025,0.00
19:40:28,22.255307291993702,84.90390214642778,3.096,2.237,0.29,0.048,-0.147,165.4,8,0.0025,0.00
19:40:28,22.255307285279365,84.90390213442929,3.094,2.236,0.29,0.036,-0.126,166.8,8,0.0029,0.00
19:40:28,22.255307342741112,84.90390211258752,3.092,2.242,0.29,0.020,-0.074,167.4,8,0.0031,0.00
19:40:28,22.25530730876088,84.90390212233542,3.093,2.239,0.29,0.020,-0.074,168.1,8,0.0000,0.00
19:40:28,22.255307331292883,84.90390210962316,3.092,2.241,0.29,0.007,-0.041,168.1,8,0.0034,0.00
19:40:28,22.255307332575963,84.90390210058939,3.091,2.241,0.29,-0.000,-0.028,169.3,8,0.0035,0.00
19:40:28,22.255307320019394,84.90390210037553,3.091,2.240,0.18,-0.000,-0.028,169.9,8,0.0035,0.00
19:40:28,22.255307307493414,84.9039021001622,3.091,2.238,0.18,-0.000,-0.028,169.9,8,0.0000,0.00
19:40:28,22.255307304635178,84.90390208768102,3.090,2.238,0.18,-0.009,-0.021,170.5,8,0.0036,0.00
19:40:28,22.25530729518094,84.90390208348688,3.089,2.237,0.18,-0.009,-0.021,171.7,8,0.0036,0.00
19:40:28,22.25530729518094,84.90390208348688,3.088,2.236,0.07,-0.014,-0.022,172.2,8,0.0035,0.00
19:40:28,22.25530729518094,84.90390208348688,3.087,2.235,0.07,-0.014,-0.022,172.2,8,0.0035,0.00
19:40:28,22.25530729518094,84.90390208348688,3.086,2.234,0.07,-0.014,-0.022,173.2,8,0.0000,0.00
19:40:29,22.25530729518094,84.90390208348688,3.085,2.232,0.07,-0.018,-0.024,173.8,8,0.0032,0.00
19:40:29,22.25530729518094,84.90390208348688,3.084,2.231,0.07,-0.018,-0.024,174.3,8,0.0032,0.00
19:40:29,22.25530729518094,84.90390208348688,3.083,2.230,0.07,-0.018,-0.024,174.3,8,0.0032,0.00
19:40:29,22.25530729518094,84.90390208348688,3.082,2.229,0.07,-0.018,-0.023,175.4,8,0.0026,0.00
19:40:29,22.25530729518094,84.90390208348688,3.081,2.228,0.07,-0.018,-0.023,176.0,8,0.0026,0.00
19:40:29,22.25530729518094,84.90390208348688,3.081,2.226,0.07,-0.018,-0.023,176.5,8,0.0000,0.00
19:40:29,22.25530729518094,84.90390208348688,3.080,2.225,0.01,-0.018,-0.023,176.5,8,0.0000,0.00
19:40:29,22.25530729518094,84.90390208348688,3.081,2.227,0.01,-0.008,-0.011,177.4,8,0.0018,0.00
19:40:29,22.25530729518094,84.90390208348688,3.080,2.226,0.01,-0.008,-0.011,177.7,8,0.0018,0.00
19:40:29,22.25530729518094,84.90390208348688,3.080,2.225,0.01,-0.008,-0.011,178.1,8,0.0000,0.00
19:40:29,22.255307186355797,84.90390198889025,3.079,2.225,0.01,-0.008,-0.011,178.1,8,0.0000,88.24
19:40:29,22.255307186355797,84.90390198889025,3.079,2.224,0.01,-0.008,-0.011,178.8,8,0.0000,88.24
19:40:29,22.255307186355797,84.90390198889025,3.081,2.226,0.01,0.001,-0.001,179.1,8,0.0014,88.24
19:40:29,22.255307186355797,84.90390198889025,3.081,2.227,0.01,0.004,0.002,179.8,8,0.0013,88.24
19:40:29,22.255307186355797,84.90390198889025,3.082,2.227,0.01,0.004,0.002,179.8,8,0.0000,88.24
19:40:29,22.255307186355797,84.90390198889025,3.082,2.227,0.01,0.004,0.002,-179.8,8,0.0000,88.24
19:40:29,22.255307186355797,84.90390198889025,3.082,2.227,0.01,0.004,0.002,-179.5,8,0.0010,88.24
19:40:29,22.255307186355797,84.90390198889025,3.082,2.227,0.01,0.004,0.002,-179.5,8,0.0010,88.24
19:40:29,22.255307207994115,84.903902019261,3.083,2.227,0.05,0.004,0.002,-178.8,8,0.0000,62.31
19:40:29,22.255307207994115,84.903902019261,3.083,2.227,0.05,0.004,0.002,-178.5,8,0.0000,62.31
19:40:30,22.255307207994115,84.903902019261,3.082,2.227,0.05,0.001,0.000,-177.9,8,0.0009,62.31
19:40:30,22.255307207994115,84.903902019261,3.082,2.227,0.05,0.001,0.000,-177.9,8,0.0009,62.31
19:40:30,22.255307207994115,84.903902019261,3.082,2.227,0.05,0.001,0.000,-177.5,8,0.0000,62.31
19:40:30,22.255307207994115,84.903902019261,3.083,2.227,0.05,0.001,0.000,-177.2,8,0.0000,62.31
19:40:30,22.255307207994115,84.903902019261,3.082,2.227,0.05,-0.001,-0.002,-176.5,8,0.0008,62.31
19:40:30,22.255307207994115,84.903902019261,3.082,2.227,0.05,-0.001,-0.002,-176.1,8,0.0007,62.31
19:40:30,22.25530720106219,84.90390201489029,3.082,2.227,0.05,-0.001,-0.002,-175.9,8,0.0000,25.05
19:40:30,22.25530720106219,84.90390201489029,3.082,2.226,0.05,-0.001,-0.002,-176.5,8,0.0000,25.05
19:40:30,22.25530720106219,84.90390201489029,3.082,2.226,0.05,-0.001,-0.001,-176.5,8,0.0009,25.05
19:40:30,22.25530720106219,84.90390201489029,3.082,2.235,0.05,0.001,0.048,-177.4,8,0.0013,25.05
19:40:30,22.2552509,84.9040376,16.954,-3.997,0.05,0.003,0.047,-179.7,8,0.0000,15.31
19:40:30,22.2552509,84.9040376,16.954,-3.993,0.05,-0.001,0.099,178.8,8,0.0018,15.31
19:40:30,22.2552509,84.9040376,16.954,-3.988,0.05,-0.001,0.099,178.8,8,0.0018,15.31
19:40:30,22.2552509,84.9040376,16.954,-3.983,0.05,-0.001,0.099,177.2,8,0.0018,15.31
19:40:30,22.2552509,84.9040376,16.954,-3.978,0.05,-0.001,0.099,173.6,8,0.0000,15.31
19:40:30,22.2552509,84.9040376,16.954,-3.973,0.05,-0.001,0.099,173.6,8,0.0000,15.31
19:40:30,22.2552509,84.9040376,16.950,-3.952,0.05,-0.026,0.202,171.4,8,0.0030,15.31
19:40:30,22.2552509,84.9040376,16.949,-3.941,0.05,-0.026,0.202,166.5,8,0.0030,15.31
19:40:30,22.2552727,84.9040306,16.915,-3.812,0.04,-0.027,0.206,166.5,8,0.0000,2.40
19:40:31,22.2552727,84.9040306,16.914,-3.801,0.04,-0.027,0.206,163.9,8,0.0000,2.40
19:40:31,22.2552727,84.9040306,16.889,-3.784,0.04,-0.153,0.243,158.3,8,0.0035,2.40
19:40:31,22.2552727,84.9040306,16.881,-3.772,0.04,-0.153,0.243,155.3,8,0.0035,2.40
19:40:31,22.2552727,84.9040306,16.873,-3.759,0.04,-0.153,0.243,155.3,8,0.0035,2.40
19:40:31,22.2552909,84.9039996,16.671,-3.531,0.03,-0.163,0.254,152.3,8,0.0000,5.59
19:40:31,22.2552909,84.9039996,16.663,-3.518,0.03,-0.163,0.254,146.1,8,0.0000,5.59
19:40:31,22.2552909,84.9039996,16.636,-3.514,0.03,-0.249,0.215,146.1,8,0.0035,5.59
19:40:31,22.2552909,84.9039996,16.623,-3.503,0.03,-0.249,0.215,143.0,8,0.0035,5.59
19:40:31,22.2552909,84.9039996,16.611,-3.492,0.03,-0.249,0.215,136.8,8,0.0000,5.59
19:40:31,22.2552909,84.9039996,16.598,-3.481,0.03,-0.249,0.215,133.7,8,0.0000,5.59
19:40:31,22.2552909,84.9039996,16.577,-3.480,0.03,-0.287,0.172,133.7,8,0.0034,5.59
19:40:31,22.2552909,84.9039996,16.562,-3.471,0.03,-0.287,0.172,130.5,8,0.0034,5.59
19:40:31,22.2552975,84.9039758,16.231,-3.213,0.02,-0.301,0.184,124.1,8,0.0000,7.46
19:40:31,22.2552975,84.9039758,16.216,-3.204,0.02,-0.301,0.184,120.9,8,0.0000,7.46
19:40:31,22.2552975,84.9039758,16.194,-3.204,0.02,-0.330,0.140,120.9,8,0.0037,7.46
19:40:31,22.2552975,84.9039758,16.177,-3.197,0.02,-0.330,0.140,117.7,8,0.0037,7.46
19:40:31,22.2553027,84.9039701,15.834,-2.936,0.00,-0.353,0.101,111.4,8,0.0037,7.81
19:40:31,22.2553027,84.9039701,15.816,-2.931,0.00,-0.353,0.101,108.1,8,0.0000,7.81
19:40:31,22.2553027,84.9039701,15.798,-2.926,0.00,-0.353,0.101,108.1,8,0.0000,7.81
19:40:31,22.2553027,84.9039701,15.776,-2.932,0.00,-0.378,0.039,101.6,8,0.0040,7.81
19:40:32,22.2553027,84.9039701,15.755,-2.929,0.00,-0.387,0.048,98.2,8,0.0046,7.81
19:40:32,22.2553027,84.9039701,15.736,-2.926,0.00,-0.387,0.048,98.2,8,0.0000,7.81
19:40:32,22.2553027,84.9039701,15.716,-2.924,0.00,-0.387,0.048,94.7,8,0.0000,7.81
19:40:32,22.2553027,84.9039701,15.698,-2.925,0.00,-0.380,0.029,91.3,8,0.0039,7.81
19:40:32,22.2553027,84.9039701,15.679,-2.923,0.00,-0.380,0.029,84.6,8,0.0039,7.81
19:40:32,22.2553121,84.9039628,15.308,-2.617,0.02,-0.397,-0.035,84.6,8,0.0045,8.51
19:40:32,22.2553121,84.9039628,15.288,-2.619,0.02,-0.397,-0.035,78.0,8,0.0000,8.51
19:40:32,22.2553121,84.9039628,15.269,-2.632,0.02,-0.389,-0.109,74.7,8,0.0044,8.51
19:40:32,22.2553121,84.9039628,15.249,-2.637,0.02,-0.389,-0.109,71.4,8,0.0044,8.51
19:40:32,22.2553113,84.9039568,14.875,-2.354,0.02,-0.401,-0.115,71.4,8,0.0043,8.41
19:40:32,22.2553113,84.9039568,14.854,-2.360,0.02,-0.401,-0.115,64.8,8,0.0000,8.41
19:40:32,22.2553113,84.9039568,14.834,-2.366,0.02,-0.401,-0.115,61.5,8,0.0000,8.41
19:40:32,22.2553113,84.9039568,14.817,-2.380,0.02,-0.380,-0.169,58.2,8,0.0043,8.41
19:40:32,22.2553113,84.9039568,14.798,-2.389,0.02,-0.380,-0.169,58.2,8,0.0043,8.41
19:40:32,22.2553113,84.9039568,14.779,-2.397,0.02,-0.380,-0.169,51.5,8,0.0000,8.41
19:40:32,22.2553113,84.9039568,14.759,-2.406,0.02,-0.380,-0.169,48.2,8,0.0000,8.41
19:40:32,22.2553113,84.9039568,14.749,-2.424,0.02,-0.333,-0.222,48.2,8,0.0041,8.41
19:40:32,22.25531,84.9039491,14.351,-2.157,0.01,-0.344,-0.214,41.6,8,0.0041,8.42
19:40:32,22.25531,84.9039491,14.344,-2.173,0.01,-0.286,-0.245,38.6,8,0.0038,8.42
19:40:32,22.25531,84.9039491,14.330,-2.186,0.01,-0.286,-0.245,35.9,8,0.0000,8.42
19:40:33,22.25531,84.9039491,14.328,-2.194,0.01,-0.209,-0.222,31.1,8,0.0026,8.42
19:40:33,22.25531,84.9039491,14.317,-2.205,0.01,-0.209,-0.222,31.1,8,0.0026,8.42
19:40:33,22.25531,84.9039491,14.317,-2.209,0.01,-0.141,-0.170,28.7,8,0.0015,8.42
19:40:33,22.25531,84.9039491,14.310,-2.217,0.01,-0.141,-0.170,26.4,8,0.0000,8.42
19:40:33,22.25531,84.9039491,14.311,-2.219,0.01,-0.090,-0.125,21.8,8,0.0009,8.42
19:40:33,22.25531,84.9039491,14.306,-2.225,0.01,-0.090,-0.125,21.8,8,0.0009,8.42
19:40:33,22.2553101,84.9039439,13.904,-1.956,0.01,-0.100,-0.118,19.5,8,0.0009,8.40
19:40:33,22.2553101,84.9039439,13.898,-1.962,0.01,-0.100,-0.118,17.2,8,0.0000,8.40
19:40:33,22.2553101,84.9039439,13.893,-1.968,0.01,-0.100,-0.118,12.6,8,0.0000,8.40
19:40:33,22.2553101,84.9039439,13.898,-1.970,0.01,-0.053,-0.099,12.6,8,0.0011,8.40
19:40:33,22.2553076,84.9039398,13.502,-1.735,0.01,-0.064,-0.092,10.4,8,0.0011,8.12
19:40:33,22.2553076,84.9039398,13.499,-1.739,0.01,-0.064,-0.092,8.3,8,0.0000,8.12
19:40:33,22.2553076,84.9039398,13.496,-1.744,0.01,-0.064,-0.092,8.3,8,0.0000,8.12
19:40:33,22.2553076,84.9039398,13.498,-1.749,0.01,-0.036,-0.092,6.3,8,0.0012,8.12
19:40:33,22.2553076,84.9039398,13.496,-1.753,0.01,-0.036,-0.092,2.4,8,0.0012,8.12
19:40:33,22.2553076,84.9039398,13.498,-1.757,0.01,-0.021,-0.089,0.6,8,0.0010,8.12
19:40:33,22.2553076,84.9039398,13.496,-1.762,0.01,-0.021,-0.089,0.6,8,0.0000,8.12
19:40:33,22.2553076,84.9039398,13.497,-1.759,0.01,-0.012,-0.047,-2.9,8,0.0008,8.12
19:40:33,22.2553068,84.9039377,13.106,-1.533,0.04,-0.021,-0.042,-4.6,8,0.0008,7.81
19:40:33,22.2553068,84.9039377,13.105,-1.535,0.04,-0.021,-0.042,-6.3,8,0.0008,7.81
19:40:34,22.2553068,84.9039377,13.104,-1.537,0.04,-0.021,-0.042,-6.3,8,0.0000,7.81
19:40:34,22.2553068,84.9039377,13.103,-1.539,0.04,-0.021,-0.042,-9.5,8,0.0000,7.81
19:40:34,22.2553073,84.9039391,12.751,-1.321,0.07,-0.017,-0.011,-11.1,8,0.0005,7.26
19:40:34,22.2553073,84.9039391,12.750,-1.322,0.07,-0.017,-0.011,-14.3,8,0.0005,7.26
19:40:34,22.2553073,84.9039391,12.749,-1.322,0.07,-0.017,-0.011,-14.3,8,0.0000,7.26
19:40:34,22.2553073,84.9039391,12.748,-1.323,0.07,-0.017,-0.011,-15.9,8,0.0000,7.26
19:40:34,22.2553073,84.9039391,12.747,-1.324,0.07,-0.017,-0.011,-17.5,8,0.0000,7.26
19:40:34,22.2553073,84.9039391,12.749,-1.322,0.07,-0.004,-0.004,-21.2,8,0.0019,7.26
19:40:34,22.2553073,84.9039391,12.749,-1.323,0.07,-0.004,-0.004,-21.2,8,0.0019,7.26
19:40:34,22.2553073,84.9039391,12.749,-1.323,0.07,-0.004,-0.004,-23.2,8,0.0000,7.26
19:40:34,22.2553073,84.9039391,12.749,-1.323,0.07,-0.004,-0.004,-25.3,8,0.0000,7.26
19:40:34,22.2553061,84.9039369,12.391,-1.120,0.05,-0.008,0.004,-29.5,8,0.0008,6.97
19:40:34,22.2553061,84.9039369,12.391,-1.120,0.05,-0.008,0.004,-29.5,8,0.0008,6.97
19:40:34,22.2553061,84.9039369,12.398,-1.116,0.05,0.032,0.024,-31.8,8,0.0011,6.97
19:40:34,22.2553061,84.9039369,12.400,-1.115,0.05,0.032,0.024,-34.0,8,0.0000,6.97
19:40:34,22.2553061,84.9039369,12.405,-1.110,0.05,0.054,0.042,-38.4,8,0.0011,6.97
19:40:34,22.2553061,84.9039369,12.408,-1.108,0.05,0.054,0.042,-38.4,8,0.0011,6.97
19:40:34,22.2553061,84.9039369,12.411,-1.106,0.05,0.054,0.042,-40.7,8,0.0011,6.97
19:40:34,22.2553061,84.9039369,12.413,-1.104,0.05,0.054,0.042,-43.0,8,0.0000,6.97
19:40:35,22.2553061,84.903937,12.071,-0.908,0.05,0.038,0.051,-47.6,8,0.0000,6.57
19:40:35,22.2553061,84.903937,12.077,-0.902,0.05,0.058,0.068,-47.6,8,0.0012,6.57
19:40:35,22.2553061,84.903937,12.080,-0.899,0.05,0.058,0.068,-49.9,8,0.0012,6.57
19:40:35,22.2553061,84.903937,12.083,-0.895,0.05,0.058,0.068,-52.2,8,0.0000,6.57
19:40:35,22.2553058,84.903936,11.760,-0.717,0.07,0.043,0.077,-56.8,8,0.0000,6.25
19:40:35,22.2553058,84.903936,11.763,-0.712,0.07,0.048,0.079,-56.8,8,0.0011,6.25
19:40:35,22.2553058,84.903936,11.766,-0.708,0.07,0.048,0.079,-59.1,8,0.0011,6.25
19:40:35,22.2553058,84.903936,11.768,-0.704,0.07,0.048,0.079,-63.6,8,0.0000,6.25
19:40:35,22.2553058,84.903936,11.771,-0.700,0.07,0.048,0.079,-65.9,8,0.0000,6.25
19:40:35,22.2553058,84.903936,11.773,-0.694,0.07,0.046,0.092,-65.9,8,0.0011,6.25
19:40:35,22.2553058,84.903936,11.775,-0.689,0.07,0.046,0.092,-68.2,8,0.0011,6.25
19:40:35,22.2553058,84.903936,11.776,-0.683,0.07,0.040,0.099,-72.6,8,0.0015,6.25
19:40:35,22.2553058,84.903936,11.778,-0.678,0.07,0.040,0.099,-72.6,8,0.0000,6.25
19:40:35,22.2553057,84.9039341,11.453,-0.507,0.07,0.029,0.104,-74.6,8,0.0000,6.05
19:40:35,22.2553057,84.9039341,11.454,-0.502,0.07,0.025,0.105,-78.4,8,0.0013,6.05
19:40:35,22.2553057,84.9039341,11.454,-0.498,0.07,0.020,0.095,-80.2,8,0.0009,6.05
19:40:35,22.2553057,84.9039341,11.455,-0.493,0.07,0.020,0.095,-80.2,8,0.0000,6.05
19:40:35,22.2553057,84.903934,11.156,-0.338,0.10,0.012,0.099,-82.1,8,0.0000,5.68
19:40:35,22.2553057,84.903934,11.148,-0.331,0.10,-0.045,0.109,-87.6,8,0.0022,5.68
19:40:35,22.2553057,84.903934,11.145,-0.326,0.10,-0.045,0.109,-90.9,8,0.0022,5.68
19:40:36,22.2553057,84.903934,11.143,-0.320,0.10,-0.045,0.109,-90.9,8,0.0000,5.68
19:40:36,22.2553057,84.903934,11.141,-0.314,0.10,-0.045,0.109,-94.5,8,0.0000,5.68
19:40:36,22.2553057,84.903934,11.105,-0.305,0.10,-0.229,0.129,-102.0,8,0.0034,5.68
19:40:36,22.2553057,84.903934,11.093,-0.299,0.10,-0.229,0.129,-105.7,8,0.0034,5.68
19:40:36,22.2553057,84.903934,11.081,-0.292,0.10,-0.229,0.129,-105.7,8,0.0000,5.68
19:40:36,22.2553059,84.9039335,10.784,-0.143,0.11,-0.241,0.135,-109.1,8,0.0000,5.30
19:40:36,22.2553059,84.9039335,10.758,-0.142,0.11,-0.311,0.103,-114.4,8,0.0032,5.30
19:40:36,22.2553059,84.9039335,10.742,-0.137,0.11,-0.311,0.103,-116.6,8,0.0032,5.30
19:40:36,22.2553059,84.9039335,10.735,-0.135,0.11,-0.266,0.089,-118.6,8,0.0022,5.30
19:40:36,22.2553063,84.9039313,10.449,0.003,0.10,-0.272,0.092,-118.6,8,0.0000,5.14
19:40:36,22.2553063,84.9039313,10.436,0.007,0.10,-0.272,0.092,-122.2,8,0.0000,5.14
19:40:36,22.2553063,84.9039313,10.438,0.017,0.10,-0.182,0.121,-123.8,8,0.0023,5.14
19:40:36,22.2553063,84.9039313,10.428,0.023,0.10,-0.182,0.121,-125.3,8,0.0023,5.14
19:40:36,22.2553063,84.9039313,10.419,0.029,0.10,-0.182,0.121,-125.3,8,0.0000,5.14
19:40:36,22.2553063,84.9039313,10.410,0.035,0.10,-0.182,0.121,-127.8,8,0.0000,5.14
19:40:36,22.2553063,84.9039313,10.411,0.041,0.10,-0.131,0.117,-129.0,8,0.0016,5.14
19:40:36,22.2553063,84.9039313,10.404,0.047,0.10,-0.131,0.117,-130.1,8,0.0016,5.14
19:40:36,22.2553063,84.9039313,10.391,0.048,0.10,-0.165,0.091,-130.1,8,0.0019,5.14
19:40:36,22.2553064,84.9039309,10.122,0.178,0.10,-0.171,0.094,-132.3,8,0.0000,4.80
19:40:36,22.2553064,84.9039309,10.112,0.180,0.10,-0.178,0.076,-133.3,8,0.0018,4.80
19:40:37,22.2553064,84.9039309,10.103,0.184,0.10,-0.178,0.076,-134.2,8,0.0018,4.80
19:40:37,22.2553064,84.9039309,10.094,0.188,0.10,-0.178,0.076,-134.2,8,0.0018,4.80
19:40:37,22.2553074,84.9039313,9.849,0.313,0.11,-0.186,0.080,-135.9,8,0.0000,4.49
19:40:37,22.2553074,84.9039313,9.840,0.317,0.11,-0.186,0.080,-136.7,8,0.0000,4.49
19:40:37,22.2553074,84.9039313,9.838,0.325,0.11,-0.148,0.096,-137.6,8,0.0018,4.49
19:40:37,22.2553074,84.9039313,9.830,0.329,0.11,-0.148,0.096,-137.6,8,0.0018,4.49
19:40:37,22.2553074,84.9039313,9.823,0.334,0.11,-0.148,0.096,-139.5,8,0.0000,4.49
19:40:37,22.2553074,84.9039313,9.815,0.339,0.11,-0.148,0.096,-140.5,8,0.0000,4.49
19:40:37,22.2553074,84.9039313,9.822,0.370,0.11,-0.080,0.217,-140.5,8,0.0028,4.49
19:40:37,22.2553074,84.9039313,9.818,0.381,0.11,-0.080,0.217,-142.3,8,0.0028,4.49
19:40:37,22.2553076,84.9039315,9.599,0.515,0.11,-0.045,0.274,-143.4,8,0.0033,4.15
19:40:37,22.2553076,84.9039315,9.597,0.529,0.11,-0.045,0.274,-144.6,8,0.0000,4.15
19:40:37,22.2553076,84.9039315,9.605,0.547,0.11,0.015,0.301,-144.6,8,0.0035,4.15
19:40:37,22.2553076,84.9039315,9.606,0.563,0.11,0.015,0.301,-145.8,8,0.0035,4.15
19:40:37,22.2553076,84.9039315,9.606,0.578,0.11,0.015,0.301,-148.7,8,0.0035,4.15
19:40:37,22.2553076,84.9039315,9.607,0.593,0.11,0.015,0.301,-150.2,8,0.0000,4.15
19:40:37,22.2553076,84.9039315,9.608,0.608,0.11,0.015,0.301,-150.2,8,0.0000,4.15
19:40:37,22.2553076,84.9039315,9.612,0.626,0.11,0.029,0.316,-153.1,8,0.0034,4.15
19:40:37,22.2553076,84.9039315,9.613,0.642,0.11,0.029,0.316,-154.5,8,0.0034,4.15
19:40:37,22.2553077,84.9039321,9.403,0.759,0.07,0.022,0.320,-155.9,8,0.0046,3.80
19:40:38,22.2553077,84.9039321,9.404,0.775,0.07,0.022,0.320,-155.9,8,0.0000,3.80
19:40:38,22.2553077,84.9039321,9.403,0.793,0.07,0.015,0.331,-158.8,8,0.0033,3.80
19:40:38,22.2553077,84.9039321,9.404,0.810,0.07,0.015,0.331,-160.4,8,0.0033,3.80
19:40:38,22.2553092,84.9039347,9.226,0.925,0.02,0.009,0.335,-162.1,8,0.0050,3.37
19:40:38,22.2553092,84.9039347,9.227,0.942,0.02,0.009,0.335,-162.1,8,0.0000,3.37
19:40:38,22.2553092,84.9039347,9.238,0.962,0.02,0.059,0.352,-165.6,8,0.0039,3.37
19:40:38,22.2553092,84.9039347,9.241,0.980,0.02,0.059,0.352,-167.5,8,0.0039,3.37
19:40:38,22.2553092,84.9039347,9.244,0.998,0.02,0.059,0.352,-169.6,8,0.0035,3.37
19:40:38,22.2553092,84.9039347,9.247,1.015,0.02,0.059,0.352,-169.6,8,0.0000,3.37
19:40:38,22.2553092,84.9039347,9.250,1.033,0.02,0.059,0.352,-174.1,8,0.0000,3.37
19:40:38,22.2553092,84.9039347,9.246,1.035,0.02,0.032,0.285,-176.5,8,0.0030,3.37
19:40:38,22.2553089,84.9039347,9.076,1.134,0.01,0.026,0.288,-179.1,8,0.0030,3.11
19:40:38,22.2553089,84.9039347,9.077,1.148,0.01,0.026,0.288,-179.1,8,0.0000,3.11
19:40:38,22.2553089,84.9039347,9.079,1.163,0.01,0.026,0.288,175.6,8,0.0000,3.11
19:40:38,22.2553089,84.9039347,9.085,1.177,0.01,0.048,0.286,172.9,8,0.0029,3.11
19:40:38,22.2553089,84.9039347,9.087,1.191,0.01,0.048,0.286,167.7,8,0.0029,3.11
19:40:38,22.2553083,84.9039347,8.930,1.275,0.00,0.047,0.285,167.7,8,0.0027,2.88
19:40:38,22.2553083,84.9039347,8.932,1.289,0.00,0.047,0.285,165.0,8,0.0000,2.88
19:40:38,22.2553083,84.9039347,8.933,1.300,0.00,0.036,0.264,162.4,8,0.0025,2.88
19:40:39,22.2553083,84.9039347,8.935,1.313,0.00,0.036,0.264,157.0,8,0.0025,2.88
19:40:39,22.2553083,84.9039347,8.937,1.327,0.00,0.036,0.264,157.0,8,0.0025,2.88
19:40:39,22.2553083,84.9039347,8.938,1.340,0.00,0.036,0.264,154.3,8,0.0000,2.88
19:40:39,22.2553083,84.9039347,8.940,1.353,0.00,0.036,0.264,151.6,8,0.0000,2.88
19:40:39,22.2553083,84.9039347,8.922,1.358,0.00,-0.061,0.220,146.2,8,0.0025,2.88
19:40:39,22.2553081,84.9039342,8.764,1.428,0.02,-0.066,0.222,146.2,8,0.0025,2.70
19:40:39,22.2553081,84.9039342,8.760,1.439,0.02,-0.066,0.222,143.5,8,0.0000,2.70
19:40:39,22.2553081,84.9039342,8.757,1.450,0.02,-0.066,0.222,138.2,8,0.0000,2.70
19:40:39,22.2553081,84.9039342,8.756,1.457,0.02,-0.056,0.201,135.5,8,0.0020,2.70
19:40:39,22.2553086,84.9039336,8.607,1.522,0.02,-0.061,0.203,135.5,8,0.0020,2.58
19:40:39,22.2553086,84.9039336,8.598,1.525,0.02,-0.092,0.161,132.9,8,0.0018,2.58
19:40:39,22.2553086,84.9039336,8.594,1.533,0.02,-0.092,0.161,127.5,8,0.0000,2.58
19:40:39,22.2553086,84.9039336,8.589,1.541,0.02,-0.092,0.161,127.5,8,0.0000,2.58
19:40:39,22.2553086,84.9039336,8.580,1.543,0.02,-0.117,0.129,124.8,8,0.0020,2.58
19:40:39,22.2553086,84.9039336,8.574,1.550,0.02,-0.117,0.129,122.4,8,0.0020,2.58
19:40:39,22.2553086,84.9039336,8.568,1.556,0.02,-0.117,0.129,119.9,8,0.0000,2.58
19:40:39,22.2553086,84.9039336,8.562,1.563,0.02,-0.117,0.129,119.9,8,0.0000,2.58
19:40:39,22.2553086,84.9039336,8.579,1.550,0.02,-0.003,0.029,118.9,8,0.0012,2.58
19:40:39,22.2553087,84.9039332,8.438,1.603,0.00,-0.006,0.031,117.8,8,0.0012,2.43
19:40:39,22.2553087,84.9039332,8.438,1.604,0.00,-0.006,0.031,115.9,8,0.0000,2.43
19:40:40,22.2553087,84.9039332,8.437,1.606,0.00,-0.006,0.031,115.9,8,0.0000,2.43
19:40:40,22.2553087,84.9039332,8.451,1.598,0.00,0.062,-0.017,115.0,8,0.0014,2.43
19:40:40,22.2553087,84.9039332,8.454,1.597,0.00,0.062,-0.017,113.5,8,0.0014,2.43
19:40:40,22.2553087,84.9039332,8.461,1.594,0.00,0.080,-0.029,112.7,8,0.0013,2.43
19:40:40,22.2553087,84.9039332,8.465,1.592,0.00,0.080,-0.029,112.7,8,0.0000,2.43
19:40:40,22.2553087,84.9039332,8.469,1.591,0.00,0.080,-0.029,111.9,8,0.0000,2.43
19:40:40,22.255309,84.9039332,8.330,1.644,0.01,0.036,-0.013,110.2,8,0.0016,2.33
19:40:40,22.255309,84.9039332,8.332,1.644,0.01,0.036,-0.013,109.4,8,0.0016,2.33
19:40:40,22.255309,84.9039332,8.334,1.643,0.01,0.036,-0.013,109.4,8,0.0000,2.33
19:40:40,22.255309,84.9039332,8.336,1.642,0.01,0.036,-0.013,108.5,8,0.0000,2.33
19:40:40,22.2553091,84.9039333,8.210,1.691,0.01,0.013,-0.004,106.9,8,0.0007,2.18
19:40:40,22.2553091,84.9039333,8.211,1.691,0.01,0.013,-0.004,106.1,8,0.0007,2.18
19:40:40,22.2553091,84.9039333,8.211,1.692,0.01,0.007,-0.001,106.1,8,0.0007,2.18
19:40:40,22.2553091,84.9039333,8.211,1.692,0.01,0.007,-0.001,105.2,8,0.0000,2.18
19:40:40,22.2553091,84.9039333,8.189,1.675,0.01,-0.129,-0.104,103.1,8,0.0051,2.18
19:40:40,22.2553091,84.9039333,8.182,1.669,0.01,-0.129,-0.104,102.0,8,0.0051,2.18
19:40:40,22.2553091,84.9039333,8.185,1.672,0.01,-0.068,-0.055,102.0,8,0.0005,2.18
19:40:40,22.2553091,84.9039333,8.182,1.669,0.01,-0.068,-0.055,100.8,8,0.0000,2.18
19:40:40,22.2553091,84.9039333,8.183,1.670,0.01,-0.037,-0.029,98.4,8,0.0008,2.18
19:40:40,22.2553092,84.9039338,8.068,1.717,0.02,-0.039,-0.028,96.9,8,0.0008,1.98
19:40:41,22.2553092,84.9039338,8.069,1.717,0.02,-0.021,-0.015,96.9,8,0.0011,1.98
19:40:41,22.2553092,84.9039338,8.068,1.717,0.02,-0.021,-0.015,95.5,8,0.0000,1.98
19:40:41,22.2553092,84.9039338,8.067,1.716,0.02,-0.021,-0.015,94.0,8,0.0000,1.98
19:40:41,22.2553088,84.9039329,7.959,1.758,0.04,-0.012,-0.007,94.0,8,0.0012,1.93
19:40:41,22.2553088,84.9039329,7.958,1.757,0.04,-0.012,-0.007,93.8,8,0.0012,1.93
19:40:41,22.2553088,84.9039329,7.958,1.757,0.04,-0.012,-0.007,93.7,8,0.0000,1.93
19:40:41,22.2553088,84.9039329,7.957,1.757,0.04,-0.012,-0.007,93.7,8,0.0000,1.93
19:40:41,22.2553088,84.9039329,7.958,1.757,0.04,-0.005,-0.003,93.7,8,0.0007,1.93
19:40:41,22.2553088,84.9039329,7.957,1.757,0.04,-0.005,-0.003,93.8,8,0.0007,1.93
19:40:41,22.2553088,84.9039329,7.958,1.757,0.04,-0.002,-0.002,93.8,8,0.0006,1.93
19:40:41,22.2553088,84.9039329,7.958,1.757,0.04,-0.002,-0.002,93.8,8,0.0000,1.93
19:40:41,22.2553086,84.9039316,7.846,1.795,0.06,-0.005,-0.001,93.8,8,0.0000,1.93
19:40:41,22.2553086,84.9039316,7.846,1.795,0.06,-0.002,-0.000,93.7,8,0.0004,1.93
19:40:41,22.2553086,84.9039316,7.846,1.795,0.06,-0.002,-0.000,93.4,8,0.0004,1.93
19:40:41,22.2553086,84.9039316,7.846,1.795,0.06,-0.002,-0.000,93.3,8,0.0000,1.93
19:40:41,22.2553083,84.9039307,7.737,1.828,0.04,-0.007,0.001,93.3,8,0.0000,1.89
19:40:41,22.2553083,84.9039307,7.738,1.828,0.04,-0.003,-0.000,92.6,8,0.0010,1.89
19:40:41,22.2553083,84.9039307,7.737,1.828,0.04,-0.003,-0.000,92.1,8,0.0010,1.89
19:40:41,22.2553083,84.9039307,7.737,1.828,0.04,-0.003,-0.000,91.6,8,0.0000,1.89
19:40:41,22.2553083,84.9039307,7.737,1.828,0.04,-0.003,-0.000,91.6,8,0.0000,1.89
19:40:42,22.2553083,84.9039307,7.748,1.828,0.04,0.053,-0.000,90.7,8,0.0014,1.89
19:40:42,22.2553083,84.9039307,7.751,1.828,0.04,0.053,-0.000,90.3,8,0.0014,1.89
19:40:42,22.2553083,84.9039307,7.754,1.828,0.04,0.053,-0.000,89.8,8,0.0014,1.89
19:40:42,22.2553083,84.9039307,7.756,1.828,0.04,0.053,-0.000,89.8,8,0.0000,1.89
19:40:42,22.2553081,84.9039291,7.643,1.859,0.03,0.046,0.001,88.7,8,0.0000,1.95
19:40:42,22.2553081,84.9039291,7.645,1.859,0.03,0.046,0.001,87.9,8,0.0020,1.95
19:40:42,22.2553081,84.9039291,7.678,1.848,0.03,0.176,-0.042,86.4,8,0.0031,1.95
19:40:42,22.2553081,84.9039291,7.687,1.846,0.03,0.176,-0.042,86.4,8,0.0000,1.95
19:40:42,22.2553081,84.9039291,7.696,1.844,0.03,0.176,-0.042,81.5,8,0.0000,1.95
19:40:42,22.2553081,84.9039291,7.705,1.842,0.03,0.176,-0.042,78.3,8,0.0052,1.95
19:40:42,22.2553081,84.9039291,7.714,1.840,0.03,0.176,-0.042,74.9,8,0.0052,1.95
19:40:42,22.2553081,84.9039291,7.723,1.838,0.03,0.176,-0.042,74.9,8,0.0000,1.95
19:40:42,22.2553074,84.9039273,7.601,1.862,0.04,0.164,-0.039,68.3,8,0.0000,2.09
19:40:42,22.2553074,84.9039273,7.672,1.860,0.04,0.390,-0.040,65.2,8,0.0044,2.09
19:40:42,22.2553074,84.9039273,7.691,1.858,0.04,0.390,-0.040,59.4,8,0.0044,2.09
19:40:42,22.2553074,84.9039273,7.711,1.856,0.04,0.390,-0.040,59.4,8,0.0000,2.09
19:40:42,22.255307,84.9039271,7.603,1.876,0.05,0.382,-0.038,56.9,8,0.0000,2.09
19:40:42,22.255307,84.9039271,7.612,1.883,0.05,0.341,-0.001,54.8,8,0.0031,2.09
19:40:42,22.255307,84.9039271,7.629,1.883,0.05,0.341,-0.001,54.8,8,0.0031,2.09
19:40:43,22.255307,84.9039271,7.646,1.883,0.05,0.341,-0.001,51.3,8,0.0031,2.09
19:40:43,22.255307,84.9039271,7.663,1.883,0.05,0.341,-0.001,49.6,8,0.0000,2.09
19:40:43,22.255307,84.9039271,7.680,1.883,0.05,0.341,-0.001,47.9,8,0.0000,2.09
19:40:43,22.255307,84.9039271,7.656,1.871,0.05,0.173,-0.047,47.9,8,0.0014,2.09
19:40:43,22.255307,84.9039271,7.664,1.869,0.05,0.173,-0.047,46.5,8,0.0014,2.09
19:40:43,22.255307,84.9039271,7.673,1.867,0.05,0.173,-0.047,44.5,8,0.0000,2.09
19:40:43,22.2553073,84.9039285,7.563,1.888,0.06,0.166,-0.046,43.7,8,0.0000,1.91
19:40:43,22.2553073,84.9039285,7.558,1.885,0.06,0.109,-0.050,42.1,8,0.0010,1.91
19:40:43,22.2553073,84.9039285,7.564,1.882,0.06,0.109,-0.050,42.1,8,0.0010,1.91
19:40:43,22.2553073,84.9039285,7.569,1.880,0.06,0.109,-0.050,40.7,8,0.0000,1.91
19:40:43,22.2553074,84.9039284,7.465,1.900,0.06,0.104,-0.049,38.9,8,0.0000,1.81
19:40:43,22.2553074,84.9039284,7.459,1.881,0.06,0.051,-0.126,38.9,8,0.0018,1.81
19:40:43,22.2553074,84.9039284,7.461,1.875,0.06,0.051,-0.126,34.1,8,0.0018,1.81
19:40:43,22.2553074,84.9039284,7.463,1.858,0.06,0.046,-0.179,31.5,8,0.0024,1.81
19:40:43,22.2553074,84.9039284,7.465,1.849,0.06,0.046,-0.179,26.3,8,0.0000,1.81
19:40:43,22.2553074,84.9039284,7.467,1.840,0.06,0.046,-0.179,26.3,8,0.0000,1.81
19:40:43,22.2553074,84.9039284,7.471,1.824,0.06,0.054,-0.217,23.7,8,0.0024,1.81
19:40:43,22.2553074,84.9039284,7.474,1.813,0.06,0.054,-0.217,21.0,8,0.0024,1.81
19:40:43,22.2553074,84.903928,7.369,1.830,0.05,0.051,-0.217,15.6,8,0.0000,1.77
19:40:43,22.2553074,84.903928,7.372,1.819,0.05,0.051,-0.217,15.6,8,0.0000,1.77
19:40:44,22.2553074,84.903928,7.382,1.799,0.05,0.090,-0.261,12.9,8,0.0028,1.77
19:40:44,22.2553074,84.903928,7.387,1.786,0.05,0.090,-0.261,10.3,8,0.0028,1.77
19:40:44,22.2553074,84.903928,7.391,1.773,0.05,0.090,-0.261,4.9,8,0.0000,1.77
19:40:44,22.2553074,84.9039261,7.283,1.790,0.05,0.085,-0.259,4.9,8,0.0000,1.90
19:40:44,22.2553074,84.9039261,7.295,1.777,0.05,0.124,-0.261,2.2,8,0.0028,1.90
19:40:44,22.2553074,84.9039261,7.301,1.763,0.05,0.124,-0.261,-0.5,8,0.0028,1.90
19:40:44,22.2553074,84.9039261,7.311,1.748,0.05,0.142,-0.274,-0.5,8,0.0031,1.90
19:40:44,22.2553074,84.9039261,7.318,1.734,0.05,0.142,-0.274,-5.9,8,0.0000,1.90
19:40:44,22.2553074,84.9039261,7.325,1.720,0.05,0.142,-0.274,-8.6,8,0.0000,1.90
19:40:44,22.2553074,84.9039261,7.332,1.706,0.05,0.142,-0.274,-14.0,8,0.0000,1.90
19:40:44,22.2553074,84.9039261,7.348,1.695,0.05,0.184,-0.262,-14.0,8,0.0036,1.90
19:40:44,22.2553068,84.9039244,7.234,1.713,0.04,0.181,-0.261,-16.6,8,0.0036,2.03
19:40:44,22.2553068,84.9039244,7.244,1.699,0.04,0.181,-0.261,-19.2,8,0.0000,2.03
19:40:44,22.2553068,84.9039244,7.253,1.686,0.04,0.181,-0.261,-24.1,8,0.0000,2.03
19:40:44,22.2553068,84.9039244,7.266,1.674,0.04,0.203,-0.255,-24.1,8,0.0035,2.03
19:40:44,22.2553068,84.9039244,7.277,1.662,0.04,0.203,-0.255,-26.6,8,0.0035,2.03
19:40:44,22.2553068,84.9039244,7.287,1.649,0.04,0.203,-0.255,-31.4,8,0.0000,2.03
19:40:44,22.2553068,84.9039244,7.297,1.636,0.04,0.203,-0.255,-31.4,8,0.0000,2.03
19:40:44,22.2553068,84.9039244,7.318,1.627,0.04,0.254,-0.235,-33.8,8,0.0037,2.03
19:40:44,22.2553068,84.9039244,7.331,1.615,0.04,0.254,-0.235,-36.3,8,0.0037,2.03
19:40:45,22.2553063,84.9039238,7.223,1.638,0.02,0.293,-0.228,-41.3,8,0.0041,2.09
19:40:45,22.2553063,84.9039238,7.238,1.626,0.02,0.293,-0.228,-41.3,8,0.0000,2.09
19:40:45,22.2553063,84.9039238,7.253,1.615,0.02,0.293,-0.228,-43.8,8,0.0000,2.09
19:40:45,22.2553063,84.9039238,7.274,1.606,0.02,0.325,-0.211,-46.4,8,0.0040,2.09
19:40:45,22.2553047,84.9039226,7.161,1.617,0.01,0.322,-0.211,-46.4,8,0.0040,2.12
19:40:45,22.2553047,84.9039226,7.177,1.607,0.01,0.322,-0.211,-51.6,8,0.0000,2.12
19:40:45,22.2553047,84.9039226,7.194,1.596,0.01,0.322,-0.211,-54.2,8,0.0000,2.12
19:40:45,22.2553047,84.9039226,7.214,1.596,0.01,0.342,-0.158,-59.3,8,0.0038,2.12
19:40:45,22.2553047,84.9039226,7.231,1.588,0.01,0.342,-0.158,-59.3,8,0.0038,2.12
19:40:45,22.2553047,84.9039226,7.248,1.580,0.01,0.342,-0.158,-61.9,8,0.0000,2.12
19:40:45,22.2553047,84.9039226,7.266,1.572,0.01,0.342,-0.158,-64.5,8,0.0000,2.12
19:40:45,22.2553047,84.9039226,7.282,1.568,0.01,0.341,-0.139,-69.8,8,0.0037,2.12
19:40:45,22.2553036,84.9039226,7.168,1.577,0.00,0.337,-0.138,-69.8,8,0.0037,2.11
19:40:45,22.2553036,84.9039226,7.186,1.573,0.00,0.338,-0.123,-72.5,8,0.0038,2.11
19:40:45,22.2553036,84.9039226,7.203,1.567,0.00,0.338,-0.123,-77.7,8,0.0000,2.11
19:40:45,22.2553036,84.9039226,7.222,1.564,0.00,0.352,-0.102,-77.7,8,0.0040,2.11
19:40:45,22.2553028,84.9039223,7.114,1.570,0.00,0.349,-0.102,-80.3,8,0.0040,2.08
19:40:45,22.2553028,84.9039223,7.135,1.569,0.00,0.370,-0.077,-83.0,8,0.0041,2.08
19:40:45,22.2553028,84.9039223,7.153,1.565,0.00,0.370,-0.077,-88.6,8,0.0000,2.08
19:40:45,22.2553028,84.9039223,7.172,1.561,0.00,0.370,-0.077,-88.6,8,0.0000,2.08
19:40:46,22.2553028,84.9039223,7.190,1.564,0.00,0.367,-0.034,-91.2,8,0.0039,2.08
19:40:46,22.2553028,84.9039223,7.209,1.562,0.00,0.367,-0.034,-93.5,8,0.0039,2.08
19:40:46,22.2553028,84.9039223,7.227,1.561,0.00,0.367,-0.034,-97.3,8,0.0000,2.08
19:40:46,22.2553028,84.9039223,7.246,1.559,0.00,0.367,-0.034,-97.3,8,0.0000,2.08
19:40:46,22.2553028,84.9039223,7.240,1.563,0.00,0.238,-0.002,-99.1,8,0.0017,2.08
19:40:46,22.2553012,84.9039221,7.121,1.563,0.00,0.235,-0.002,-102.7,8,0.0017,2.10
19:40:46,22.2553012,84.9039221,7.133,1.563,0.00,0.235,-0.002,-104.4,8,0.0000,2.10
19:40:46,22.2553012,84.9039221,7.145,1.563,0.00,0.235,-0.002,-104.4,8,0.0000,2.10
19:40:46,22.2553012,84.9039221,7.130,1.563,0.00,0.099,-0.002,-106.1,8,0.0008,2.10
19:40:46,22.2553009,84.9039223,7.015,1.560,0.01,0.096,-0.002,-108.6,8,0.0008,1.96
19:40:46,22.2553009,84.9039223,7.012,1.560,0.01,0.048,-0.002,-109.5,8,0.0008,1.96
19:40:46,22.2553009,84.9039223,7.014,1.560,0.01,0.048,-0.002,-109.5,8,0.0000,1.96
19:40:46,22.2553009,84.9039223,7.016,1.560,0.01,0.048,-0.002,-110.4,8,0.0000,1.96
19:40:46,22.2553009,84.9039223,7.014,1.560,0.01,0.022,-0.002,-111.4,8,0.0008,1.96
19:40:46,22.2553009,84.9039223,7.015,1.560,0.01,0.022,-0.002,-115.0,8,0.0008,1.96
19:40:46,22.2553009,84.9039223,7.016,1.560,0.01,0.022,-0.002,-115.0,8,0.0000,1.96
19:40:46,22.2553009,84.9039223,7.018,1.560,0.01,0.022,-0.002,-117.9,8,0.0000,1.96
19:40:46,22.2553006,84.9039225,6.906,1.555,0.01,0.017,-0.002,-124.2,8,0.0046,1.83
19:40:46,22.2553006,84.9039225,6.907,1.555,0.01,0.017,-0.002,-127.6,8,0.0046,1.83
19:40:47,22.2553006,84.9039225,6.907,1.555,0.01,0.017,-0.002,-127.6,8,0.0000,1.83
19:40:47,22.2553006,84.9039225,6.908,1.555,0.01,0.017,-0.002,-134.4,8,0.0000,1.83
19:40:47,22.2553006,84.9039225,6.909,1.555,0.01,0.017,-0.002,-137.6,8,0.0000,1.83
19:40:47,22.2553006,84.9039225,6.837,1.520,0.01,-0.234,-0.122,-137.6,8,0.0036,1.83
19:40:47,22.2553006,84.9039225,6.811,1.502,0.01,-0.288,-0.166,-140.6,8,0.0041,1.83
19:40:47,22.2553006,84.9039225,6.796,1.494,0.01,-0.288,-0.166,-146.1,8,0.0000,1.83
19:40:47,22.2553006,84.9039225,6.782,1.485,0.01,-0.288,-0.166,-148.7,8,0.0000,1.83
19:40:47,22.2553006,84.9039216,6.657,1.467,0.02,-0.315,-0.222,-148.7,8,0.0042,1.66
19:40:47,22.2553006,84.9039216,6.641,1.455,0.02,-0.315,-0.222,-153.6,8,0.0042,1.66
19:40:47,22.2553006,84.9039216,6.625,1.444,0.02,-0.315,-0.222,-156.0,8,0.0000,1.66
19:40:47,22.2553006,84.9039216,6.609,1.433,0.02,-0.315,-0.222,-156.0,8,0.0000,1.66
19:40:47,22.2553002,84.9039194,6.485,1.406,0.03,-0.327,-0.313,-158.4,8,0.0049,1.72
19:40:47,22.2553002,84.9039194,6.468,1.390,0.03,-0.327,-0.313,-163.4,8,0.0049,1.72
19:40:47,22.2553002,84.9039194,6.453,1.367,0.03,-0.322,-0.355,-165.8,8,0.0047,1.72
19:40:47,22.2553002,84.9039194,6.437,1.349,0.03,-0.322,-0.355,-165.8,8,0.0000,1.72
19:40:47,22.2553002,84.9039194,6.422,1.324,0.03,-0.310,-0.395,-171.0,8,0.0049,1.72
19:40:47,22.2553002,84.9039194,6.407,1.304,0.03,-0.310,-0.395,-173.6,8,0.0049,1.72
19:40:47,22.2553002,84.9039194,6.391,1.284,0.03,-0.310,-0.395,-176.2,8,0.0000,1.72
19:40:47,22.2553002,84.9039194,6.375,1.264,0.03,-0.310,-0.395,-176.2,8,0.0000,1.72
19:40:47,22.2553002,84.9039189,6.264,1.257,0.04,-0.314,-0.395,178.6,8,0.0000,1.55
19:40:48,22.2553002,84.9039189,6.264,1.224,0.04,-0.229,-0.462,175.9,8,0.0052,1.55
19:40:48,22.2553002,84.9039189,6.253,1.201,0.04,-0.229,-0.462,173.2,8,0.0052,1.55
19:40:48,22.2553002,84.9039189,6.241,1.177,0.05,-0.229,-0.462,167.7,8,0.0000,1.55
19:40:48,22.2552989,84.9039165,6.129,1.141,0.05,-0.171,-0.456,165.0,8,0.0043,1.66
19:40:48,22.2552989,84.9039165,6.121,1.117,0.05,-0.171,-0.456,162.5,8,0.0043,1.66
19:40:48,22.2552989,84.9039165,6.112,1.094,0.05,-0.171,-0.456,162.5,8,0.0000,1.66
19:40:48,22.2552989,84.9039165,6.103,1.071,0.05,-0.171,-0.456,158.3,8,0.0000,1.66
19:40:48,22.2552989,84.9039165,6.101,1.076,0.05,-0.141,-0.329,156.3,8,0.0022,1.66
19:40:48,22.2552989,84.9039165,6.094,1.059,0.05,-0.141,-0.329,156.3,8,0.0022,1.66
19:40:48,22.2552989,84.9039165,6.087,1.059,0.05,-0.140,-0.247,154.1,8,0.0020,1.66
19:40:48,22.2552989,84.9039165,6.080,1.046,0.05,-0.140,-0.247,149.8,8,0.0000,1.66
19:40:48,22.2552977,84.9039151,5.970,1.046,0.06,-0.146,-0.223,147.7,8,0.0024,1.65
19:40:48,22.2552977,84.9039151,5.962,1.035,0.06,-0.146,-0.223,147.7,8,0.0024,1.65
19:40:48,22.2552977,84.9039151,5.956,1.025,0.06,-0.140,-0.218,143.2,8,0.0027,1.65
19:40:48,22.2552977,84.9039151,5.949,1.014,0.06,-0.140,-0.218,141.0,8,0.0000,1.65
19:40:48,22.2552973,84.9039146,5.847,1.010,0.06,-0.142,-0.218,138.7,8,0.0000,1.57
19:40:48,22.2552973,84.9039146,5.840,0.998,0.06,-0.139,-0.223,138.7,8,0.0027,1.57
19:40:48,22.2552973,84.9039146,5.833,0.987,0.06,-0.139,-0.223,134.0,8,0.0027,1.57
19:40:48,22.2552973,84.9039146,5.826,0.976,0.06,-0.139,-0.223,131.5,8,0.0000,1.57
19:40:48,22.2552973,84.9039146,5.819,0.964,0.06,-0.139,-0.223,126.4,8,0.0000,1.57
19:40:49,22.2552973,84.9039146,5.817,0.946,0.06,-0.115,-0.260,126.4,8,0.0030,1.57
19:40:49,22.2552973,84.9039146,5.811,0.933,0.06,-0.115,-0.260,123.6,8,0.0030,1.57
19:40:49,22.2552973,84.9039146,5.814,0.912,0.06,-0.067,-0.302,120.4,8,0.0034,1.57
19:40:49,22.255297,84.9039138,5.717,0.909,0.06,-0.069,-0.302,120.4,8,0.0000,1.53
19:40:49,22.255297,84.9039138,5.725,0.887,0.06,0.002,-0.344,112.7,8,0.0036,1.53
19:40:49,22.255297,84.9039138,5.725,0.870,0.06,0.002,-0.344,108.4,8,0.0036,1.53
19:40:49,22.255297,84.9039138,5.725,0.852,0.06,0.002,-0.344,99.1,8,0.0036,1.53
19:40:49,22.255297,84.9039138,5.725,0.835,0.06,0.002,-0.344,99.1,8,0.0000,1.53
19:40:49,22.255297,84.9039138,5.725,0.818,0.06,0.002,-0.344,94.2,8,0.0000,1.53
19:40:49,22.255297,84.9039138,5.760,0.805,0.06,0.176,-0.320,89.3,8,0.0034,1.53
19:40:49,22.255297,84.9039138,5.769,0.789,0.06,0.176,-0.320,79.3,8,0.0034,1.53
19:40:49,22.255297,84.9039138,5.778,0.773,0.06,0.176,-0.320,79.3,8,0.0000,1.53
19:40:49,22.2552967,84.9039134,5.690,0.776,0.06,0.171,-0.319,74.4,8,0.0000,1.56
19:40:49,22.2552967,84.9039134,5.722,0.790,0.06,0.283,-0.170,69.5,8,0.0033,1.56
19:40:49,22.2552967,84.9039134,5.736,0.781,0.06,0.283,-0.170,59.9,8,0.0033,1.56
19:40:49,22.2552967,84.9039134,5.758,0.793,0.06,0.321,-0.066,59.9,8,0.0035,1.56
19:40:49,22.2552965,84.9039138,5.684,0.805,0.04,0.319,-0.065,55.3,8,0.0000,1.50
19:40:49,22.2552965,84.9039138,5.695,0.806,0.04,0.292,-0.036,50.8,8,0.0032,1.50
19:40:49,22.2552965,84.9039138,5.710,0.804,0.04,0.292,-0.036,41.9,8,0.0032,1.50
19:40:49,22.2552965,84.9039138,5.725,0.803,0.04,0.292,-0.036,41.9,8,0.0000,1.50
19:40:50,22.2552965,84.9039138,5.740,0.801,0.04,0.292,-0.036,37.7,8,0.0000,1.50
19:40:50,22.2552965,84.9039138,5.754,0.799,0.04,0.292,-0.036,29.4,8,0.0000,1.50
19:40:50,22.2552965,84.9039138,5.767,0.838,0.04,0.283,0.162,25.5,8,0.0040,1.50
19:40:50,22.2552965,84.9039138,5.783,0.856,0.04,0.289,0.218,25.5,8,0.0043,1.50
19:40:50,22.2552964,84.9039153,5.714,0.877,0.03,0.287,0.218,21.6,8,0.0000,1.36
19:40:50,22.2552964,84.9039153,5.724,0.898,0.03,0.262,0.281,14.2,8,0.0040,1.36
19:40:50,22.2552964,84.9039153,5.738,0.912,0.03,0.262,0.281,10.6,8,0.0040,1.36
19:40:50,22.2552964,84.9039153,5.751,0.926,0.03,0.262,0.281,10.6,8,0.0040,1.36
19:40:50,22.2552976,84.9039169,5.694,0.954,0.04,0.260,0.281,7.1,8,0.0000,1.17
19:40:50,22.2552976,84.9039169,5.708,0.968,0.04,0.260,0.281,0.4,8,0.0000,1.17
19:40:50,22.2552976,84.9039169,5.706,0.996,0.04,0.182,0.355,0.4,8,0.0042,1.17
19:40:50,22.2552976,84.9039169,5.715,1.014,0.04,0.182,0.355,-2.8,8,0.0042,1.17
19:40:50,22.2552976,84.9039169,5.724,1.032,0.04,0.182,0.355,-6.0,8,0.0000,1.17
19:40:50,22.2552976,84.9039169,5.733,1.050,0.04,0.182,0.355,-12.0,8,0.0000,1.17
19:40:50,22.2552976,84.9039169,5.724,1.073,0.04,0.094,0.380,-12.0,8,0.0041,1.17
19:40:50,22.2552976,84.9039169,5.729,1.092,0.04,0.094,0.380,-15.0,8,0.0041,1.17
19:40:50,22.2552976,84.9039169,5.727,1.103,0.04,0.062,0.339,-20.2,8,0.0030,1.17
19:40:50,22.255298,84.9039169,5.661,1.126,0.04,0.061,0.339,-22.3,8,0.0000,1.12
19:40:50,22.255298,84.9039169,5.655,1.127,0.04,0.004,0.248,-22.3,8,0.0020,1.12
19:40:51,22.255298,84.9039169,5.655,1.140,0.04,0.004,0.248,-24.4,8,0.0020,1.12
19:40:51,22.255298,84.9039169,5.655,1.152,0.04,0.004,0.248,-28.3,8,0.0020,1.12
19:40:51,22.2552988,84.9039175,5.596,1.172,0.06,0.002,0.248,-30.2,8,0.0000,0.99
19:40:51,22.2552988,84.9039175,5.597,1.185,0.06,0.002,0.248,-30.2,8,0.0000,0.99
19:40:51,22.2552988,84.9039175,5.590,1.180,0.06,-0.032,0.159,-32.1,8,0.0011,0.99
19:40:51,22.2552988,84.9039175,5.588,1.188,0.06,-0.032,0.159,-35.6,8,0.0011,0.99
19:40:51,22.2552988,84.9039175,5.587,1.196,0.06,-0.032,0.159,-37.3,8,0.0000,0.99
19:40:51,22.2552988,84.9039175,5.585,1.204,0.06,-0.032,0.159,-37.3,8,0.0000,0.99
19:40:51,22.2552988,84.9039175,5.586,1.221,0.06,-0.019,0.199,-38.9,8,0.0020,0.99
19:40:51,22.2552988,84.9039175,5.585,1.231,0.06,-0.019,0.199,-42.3,8,0.0020,0.99
19:40:51,22.2552997,84.9039177,5.532,1.257,0.05,-0.008,0.236,-42.3,8,0.0026,0.90
19:40:51,22.2552997,84.9039177,5.532,1.269,0.05,-0.008,0.236,-44.3,8,0.0000,0.90
19:40:51,22.2552997,84.9039177,5.531,1.280,0.05,-0.008,0.236,-49.4,8,0.0000,0.90
19:40:51,22.2552997,84.9039177,5.532,1.306,0.05,-0.001,0.312,-52.7,8,0.0037,0.90
19:40:51,22.2552997,84.9039177,5.532,1.322,0.05,-0.001,0.312,-52.7,8,0.0037,0.90
19:40:51,22.2552997,84.9039177,5.532,1.337,0.05,-0.001,0.312,-56.3,8,0.0000,0.90
19:40:51,22.2552997,84.9039177,5.532,1.353,0.05,-0.001,0.312,-64.4,8,0.0000,0.90
19:40:51,22.2552997,84.9039177,5.534,1.390,0.05,0.011,0.418,-64.4,8,0.0049,0.90
19:40:51,22.2552997,84.9039177,5.535,1.411,0.05,0.011,0.418,-68.7,8,0.0049,0.90
19:40:51,22.2552999,84.903918,5.485,1.431,0.05,0.009,0.418,-77.4,8,0.0000,0.81
19:40:52,22.2552999,84.903918,5.485,1.452,0.05,0.009,0.418,-81.6,8,0.0000,0.81
19:40:52,22.2552999,84.903918,5.478,1.481,0.05,-0.029,0.457,-81.6,8,0.0049,0.81
19:40:52,22.2552999,84.903918,5.476,1.504,0.05,-0.029,0.457,-89.4,8,0.0049,0.81
19:40:52,22.2552999,84.9039182,5.424,1.516,0.06,-0.067,0.435,-93.1,8,0.0043,0.73
19:40:52,22.2552999,84.9039182,5.421,1.538,0.06,-0.067,0.435,-93.1,8,0.0000,0.73
19:40:52,22.2552999,84.9039182,5.410,1.555,0.06,-0.113,0.403,-96.7,8,0.0041,0.73
19:40:52,22.2552999,84.9039182,5.404,1.575,0.06,-0.113,0.403,-103.9,8,0.0041,0.73
19:40:52,22.2552999,84.9039182,5.389,1.592,0.06,-0.170,0.380,-107.5,8,0.0043,0.73
19:40:52,22.2552999,84.9039182,5.381,1.611,0.06,-0.170,0.380,-107.5,8,0.0000,0.73
19:40:52,22.2552999,84.9039182,5.364,1.629,0.06,-0.226,0.372,-111.2,8,0.0047,0.73
19:40:52,22.2552999,84.9039182,5.352,1.648,0.06,-0.226,0.372,-118.9,8,0.0047,0.73
19:40:52,22.2552999,84.9039182,5.341,1.667,0.06,-0.226,0.372,-122.8,8,0.0047,0.73
19:40:52,22.2553012,84.9039181,5.293,1.678,0.04,-0.227,0.372,-122.8,8,0.0000,0.60
19:40:52,22.2553012,84.9039181,5.281,1.696,0.04,-0.227,0.372,-126.8,8,0.0000,0.60
19:40:52,22.2553012,84.9039181,5.246,1.705,0.04,-0.351,0.317,-134.5,8,0.0052,0.60
19:40:52,22.2553012,84.9039181,5.228,1.721,0.04,-0.351,0.317,-137.9,8,0.0052,0.60
19:40:52,22.2553019,84.9039181,5.182,1.731,0.05,-0.352,0.317,-137.9,8,0.0000,0.48
19:40:52,22.2553019,84.9039181,5.164,1.747,0.05,-0.352,0.317,-144.0,8,0.0000,0.48
19:40:52,22.2553019,84.9039181,5.151,1.749,0.05,-0.328,0.251,-146.9,8,0.0039,0.48
19:40:52,22.2553019,84.9039181,5.135,1.762,0.05,-0.328,0.251,-149.7,8,0.0039,0.48
19:40:53,22.2553019,84.9039181,5.122,1.766,0.05,-0.306,0.209,-149.7,8,0.0034,0.48
19:40:53,22.2553019,84.9039181,5.107,1.777,0.05,-0.306,0.209,-155.1,8,0.0000,0.48
19:40:53,22.2553019,84.9039181,5.092,1.780,0.05,-0.301,0.167,-157.7,8,0.0034,0.48
19:40:53,22.2553019,84.9039181,5.077,1.789,0.05,-0.301,0.167,-160.2,8,0.0034,0.48
19:40:53,22.2553026,84.9039172,5.036,1.792,0.05,-0.302,0.167,-160.2,8,0.0034,0.42
19:40:53,22.2553026,84.9039172,5.021,1.800,0.05,-0.302,0.167,-165.1,8,0.0000,0.42
19:40:53,22.2553026,84.9039172,5.006,1.809,0.05,-0.302,0.167,-167.5,8,0.0000,0.42
19:40:53,22.2553026,84.9039172,4.996,1.803,0.05,-0.275,0.095,-169.9,8,0.0027,0.42
19:40:53,22.2553029,84.9039172,4.962,1.804,0.04,-0.276,0.095,-169.9,8,0.0027,0.34
19:40:53,22.2553029,84.9039172,4.948,1.809,0.04,-0.276,0.095,-174.7,8,0.0027,0.34
19:40:53,22.2553029,84.9039172,4.934,1.814,0.04,-0.276,0.095,-174.7,8,0.0027,0.34
19:40:53,22.2553029,84.9039172,4.920,1.818,0.04,-0.276,0.095,-174.7,8,0.0027,0.34
19:40:53,22.2553029,84.9039172,4.906,1.823,0.04,-0.276,0.095,-174.7,8,0.0027,0.34
19:40:53,22.2553029,84.9039172,4.892,1.828,0.04,-0.276,0.095,-174.7,8,0.0027,0.34
19:40:53,22.2553029,84.9039172,4.879,1.833,0.04,-0.276,0.095,-174.7,8,0.0027,0.34
19:40:53,22.2553029,84.9039172,4.865,1.837,0.04,-0.276,0.095,-174.7,8,0.0027,0.34
19:40:53,22.2553029,84.9039172,4.851,1.842,0.04,-0.276,0.095,-174.7,8,0.0027,0.34
19:40:53,22.2553029,84.9039172,4.837,1.847,0.04,-0.276,0.095,-174.7,8,0.0027,0.34
19:40:53,22.2553029,84.9039172,4.823,1.852,0.04,-0.276,0.095,-174.7,8,0.0027,0.34
19:40:53,22.2553029,84.9039172,4.809,1.857,0.04,-0.276,0.095,-174.7,8,0.0027,0.34
19:40:54,22.2553029,84.9039172,4.795,1.861,0.04,-0.276,0.095,-174.7,8,0.0027,0.34
19:40:54,22.2553029,84.9039172,4.781,1.866,0.04,-0.276,0.095,-174.7,8,0.0027,0.34
19:40:54,22.2553029,84.9039172,4.767,1.871,0.04,-0.276,0.095,-174.7,8,0.0027,0.34
19:40:54,22.2553029,84.9039172,4.754,1.876,0.04,-0.276,0.095,-174.7,8,0.0027,0.34
19:40:54,22.2553029,84.9039172,4.740,1.881,0.04,-0.276,0.095,-174.7,8,0.0027,0.34
19:40:54,22.2553029,84.9039172,4.726,1.885,0.04,-0.276,0.095,-174.7,8,0.0027,0.34
19:40:54,22.2553029,84.9039172,4.712,1.890,0.04,-0.276,0.095,-174.7,8,0.0027,0.34
19:40:54,22.2553029,84.9039172,4.698,1.895,0.04,-0.276,0.095,-174.7,8,0.0027,0.34
19:40:54,22.2553029,84.9039172,4.684,1.900,0.04,0.000,0.000,-174.7,8,0.0027,0.34
19:40:54,22.2553029,84.9039172,4.684,1.900,0.04,0.000,0.000,-174.7,8,0.0027,0.34
19:40:54,22.2553029,84.9039172,4.684,1.900,0.04,0.000,0.000,-174.7,8,0.0027,0.34
19:40:54,22.2553029,84.9039172,4.684,1.900,0.04,0.000,0.000,-174.7,8,0.0027,0.34
19:40:54,22.2553029,84.9039172,4.684,1.900,0.04,0.000,0.000,-174.7,8,0.0027,0.34
19:40:54,22.2553029,84.9039172,4.684,1.900,0.04,0.000,0.000,-174.7,8,0.0027,0.34
19:40:54,22.2553029,84.9039172,4.684,1.900,0.04,0.000,0.000,-174.7,8,0.0027,0.34
19:40:54,22.2553029,84.9039172,4.684,1.900,0.04,0.000,0.000,-174.7,8,0.0027,0.34
19:40:54,22.2553029,84.9039172,4.684,1.900,0.04,0.000,0.000,-174.7,8,0.0027,0.34
19:40:54,22.2553029,84.9039172,4.684,1.900,0.04,0.000,0.000,-174.7,8,0.0027,0.34
19:40:54,22.2553029,84.9039172,4.684,1.900,0.04,0.000,0.000,-174.7,8,0.0027,0.34
19:40:55,22.2553029,84.9039172,4.684,1.900,0.04,0.000,0.000,-174.7,8,0.0027,0.34
19:40:55,22.2553029,84.9039172,4.684,1.900,0.04,0.000,0.000,-174.7,8,0.0027,0.34
19:40:55,22.2553029,84.9039172,4.684,1.900,0.04,0.000,0.000,-174.7,8,0.0027,0.34
19:40:55,22.2553029,84.9039172,4.684,1.900,0.04,0.000,0.000,-174.7,8,0.0027,0.34
19:40:55,22.2553029,84.9039172,4.684,1.900,0.04,0.000,0.000,-174.7,8,0.0027,0.34
19:40:55,22.2553029,84.9039172,4.684,1.900,0.04,0.000,0.000,-174.7,8,0.0027,0.34
19:40:55,22.2553029,84.9039172,4.684,1.900,0.04,0.000,0.000,-174.7,8,0.0027,0.34
19:40:55,22.2553029,84.9039172,4.684,1.900,0.04,0.000,0.000,-174.7,8,0.0027,0.34
19:40:55,22.2553029,84.9039172,4.684,1.900,0.04,0.000,0.000,-174.7,8,0.0027,0.34
19:40:55,22.2553029,84.9039172,4.684,1.900,0.04,0.000,0.000,-174.7,8,0.0027,0.34
19:40:55,22.2553029,84.9039172,4.684,1.900,0.04,0.000,0.000,-174.7,8,0.0027,0.34
19:40:55,22.2553029,84.9039172,4.684,1.900,0.04,0.000,0.000,-174.7,8,0.0027,0.34
19:40:55,22.2553029,84.9039172,4.684,1.900,0.04,0.000,0.000,-174.7,8,0.0027,0.34
19:40:55,22.2553029,84.9039172,4.684,1.900,0.04,0.000,0.000,-174.7,8,0.0027,0.34
19:40:55,22.2553029,84.9039172,4.684,1.900,0.04,0.000,0.000,-174.7,8,0.0027,0.34
19:40:55,22.2553029,84.9039172,4.684,1.900,0.04,0.000,0.000,-174.7,8,0.0027,0.34
19:40:55,22.2553029,84.9039172,4.684,1.900,0.04,0.000,0.000,-174.7,8,0.0027,0.34
19:40:55,22.2553029,84.9039172,4.684,1.900,0.04,0.000,0.000,-174.7,8,0.0027,0.34
19:40:55,22.2553029,84.9039172,4.684,1.900,0.04,0.000,0.000,-174.7,8,0.0027,0.34
19:40:55,22.2553029,84.9039172,4.684,1.900,0.04,0.000,0.000,-174.7,8,0.0027,0.34
19:40:56,22.2553029,84.9039172,4.684,1.900,0.04,0.000,0.000,-174.7,8,0.0027,0.34
19:40:56,22.2553029,84.9039172,4.684,1.900,0.04,0.000,0.000,-174.7,8,0.0027,0.34
19:40:56,22.2553029,84.9039172,4.684,1.900,0.04,0.000,0.000,-174.7,8,0.0027,0.34
19:40:56,22.2553029,84.9039172,4.684,1.900,0.04,0.000,0.000,-174.7,8,0.0027,0.34
19:40:56,22.2553029,84.9039172,4.684,1.900,0.04,0.000,0.000,-174.7,8,0.0027,0.34
19:40:56,22.2553029,84.9039172,4.684,1.900,0.04,0.000,0.000,-174.7,8,0.0027,0.34
19:40:56,22.2553029,84.9039172,4.684,1.900,0.04,0.000,0.000,-174.7,8,0.0027,0.34
19:40:56,22.2553029,84.9039172,4.684,1.900,0.04,0.000,0.000,-174.7,8,0.0027,0.34
19:40:56,22.2553029,84.9039172,4.684,1.900,0.04,0.000,0.000,-174.7,8,0.0027,0.34
19:40:56,22.2553029,84.9039172,4.684,1.900,0.04,0.000,0.000,-174.7,8,0.0027,0.34
19:40:56,22.2553029,84.9039172,4.684,1.900,0.04,0.000,0.000,-174.7,8,0.0027,0.34
19:40:56,22.2553029,84.9039172,4.684,1.900,0.04,0.000,0.000,-174.7,8,0.0027,0.34
19:40:56,22.2553029,84.9039172,4.684,1.900,0.04,0.000,0.000,-174.7,8,0.0027,0.34
19:40:56,22.2553029,84.9039172,4.684,1.900,0.04,0.000,0.000,-174.7,8,0.0027,0.34
19:40:56,22.2553029,84.9039172,4.684,1.900,0.04,0.000,0.000,-174.7,8,0.0027,0.34
19:40:56,22.2553029,84.9039172,4.684,1.900,0.04,0.000,0.000,-174.7,8,0.0027,0.34
19:40:56,22.2553029,84.9039172,4.684,1.900,0.04,0.000,0.000,-174.7,8,0.0027,0.34
19:40:56,22.2553029,84.9039172,4.684,1.900,0.04,0.000,0.000,-174.7,8,0.0027,0.34
19:40:56,22.2553029,84.9039172,4.684,1.900,0.04,0.000,0.000,-174.7,8,0.0027,0.34
19:40:56,22.2553029,84.9039172,4.684,1.900,0.04,0.000,0.000,-174.7,8,0.0027,0.34
19:40:57,22.2553029,84.9039172,4.684,1.900,0.04,0.000,0.000,-174.7,8,0.0027,0.34
19:40:57,22.2553029,84.9039172,4.684,1.900,0.04,0.000,0.000,-172.9,8,0.0027,0.34
19:40:57,22.2553029,84.9039172,4.684,1.900,0.04,0.000,0.000,-177.6,8,0.0027,0.34
19:40:57,22.2553029,84.9039172,4.684,1.900,0.04,0.000,0.000,-179.7,8,0.0027,0.34
19:40:57,22.2553029,84.9039147,4.528,1.819,0.02,-0.054,-0.028,-179.7,8,0.0027,0.33
19:40:57,22.2553029,84.9039147,4.525,1.818,0.02,-0.054,-0.028,178.3,8,0.0027,0.33
19:40:57,22.2553029,84.9039147,4.522,1.816,0.02,-0.054,-0.028,174.5,8,0.0027,0.33
19:40:57,22.2553029,84.9039147,4.520,1.815,0.02,-0.054,-0.028,172.8,8,0.0027,0.33
19:40:57,22.2553029,84.9039147,4.517,1.814,0.02,-0.054,-0.028,172.8,8,0.0027,0.33
19:40:57,22.2553029,84.9039147,4.514,1.812,0.02,-0.054,-0.028,171.2,8,0.0027,0.33
19:40:57,22.2553029,84.9039147,4.512,1.811,0.02,-0.054,-0.028,168.0,8,0.0027,0.33
19:40:57,22.2553029,84.9039147,4.509,1.809,0.02,-0.054,-0.028,166.5,8,0.0027,0.33
19:40:57,22.2553025,84.9039143,4.441,1.765,0.02,-0.076,-0.042,166.5,8,0.0027,0.19
19:40:57,22.2553025,84.9039143,4.437,1.763,0.02,-0.076,-0.042,165.0,8,0.0027,0.19
19:40:57,22.2553025,84.9039143,4.433,1.761,0.02,-0.076,-0.042,161.9,8,0.0027,0.19
19:40:57,22.2553025,84.9039143,4.429,1.758,0.02,-0.076,-0.042,161.9,8,0.0027,0.19
19:40:57,22.2553019,84.9039134,4.371,1.718,0.03,-0.095,-0.056,160.4,8,0.0027,0.21
19:40:57,22.2553019,84.9039134,4.366,1.715,0.03,-0.095,-0.056,159.0,8,0.0027,0.21
19:40:57,22.2553019,84.9039134,4.361,1.712,0.03,-0.095,-0.056,156.2,8,0.0027,0.21
19:40:57,22.2553019,84.9039134,4.356,1.709,0.03,-0.095,-0.056,156.2,8,0.0027,0.21
19:40:58,22.2553019,84.9039134,4.351,1.706,0.03,-0.095,-0.056,154.9,8,0.0027,0.21
19:40:58,22.2553019,84.9039134,4.347,1.704,0.03,-0.095,-0.056,153.7,8,0.0027,0.21
19:40:58,22.2553019,84.9039134,4.342,1.701,0.03,-0.095,-0.056,151.3,8,0.0027,0.21
19:40:58,22.2553019,84.9039134,4.337,1.698,0.03,-0.095,-0.056,150.1,8,0.0027,0.21
19:40:58,22.2553019,84.9039134,4.332,1.695,0.03,-0.095,-0.056,150.1,8,0.0027,0.21
19:40:58,22.2553014,84.903913,4.292,1.658,0.05,-0.108,-0.068,149.0,8,0.0027,0.16
19:40:58,22.2553014,84.903913,4.287,1.654,0.05,-0.108,-0.068,146.8,8,0.0027,0.16
19:40:58,22.2553014,84.903913,4.281,1.651,0.05,-0.108,-0.068,145.8,8,0.0027,0.16
19:40:58,22.2553014,84.903913,4.276,1.647,0.05,-0.108,-0.068,145.8,8,0.0027,0.16
19:40:58,22.2553014,84.9039129,4.253,1.627,0.06,-0.114,-0.074,144.7,8,0.0027,0.09
19:40:58,22.2553014,84.9039129,4.247,1.623,0.06,-0.114,-0.074,142.7,8,0.0027,0.09
19:40:58,22.2553014,84.9039129,4.241,1.620,0.06,-0.114,-0.074,142.7,8,0.0027,0.09
19:40:58,22.2553014,84.9039129,4.235,1.616,0.06,-0.114,-0.074,141.8,8,0.0027,0.09
19:40:58,22.2553014,84.9039129,4.230,1.612,0.06,-0.114,-0.074,140.8,8,0.0027,0.09
19:40:58,22.2553014,84.9039129,4.224,1.608,0.06,-0.114,-0.074,139.0,8,0.0027,0.09
19:40:58,22.2553014,84.9039129,4.218,1.605,0.06,-0.114,-0.074,139.0,8,0.0027,0.09
19:40:58,22.2553014,84.9039129,4.212,1.601,0.06,-0.114,-0.074,138.1,8,0.0027,0.09
19:40:58,22.2553012,84.9039127,4.200,1.587,0.06,-0.117,-0.079,136.5,8,0.0027,0.05
19:40:58,22.2553012,84.9039127,4.194,1.583,0.06,-0.117,-0.079,135.7,8,0.0027,0.05
19:40:59,22.2553012,84.9039127,4.188,1.579,0.06,-0.117,-0.079,135.7,8,0.0027,0.05
19:40:59,22.2553012,84.9039127,4.183,1.575,0.06,-0.117,-0.079,134.9,8,0.0027,0.05
19:40:59,22.2553012,84.9039127,4.171,1.567,0.06,-0.117,-0.079,132.7,8,0.0027,0.05
19:40:59,22.2553012,84.9039127,4.165,1.563,0.06,-0.117,-0.079,132.7,8,0.0027,0.05
19:40:59,22.2553012,84.9039127,4.159,1.559,0.06,-0.117,-0.079,132.0,8,0.0027,0.05
19:40:59,22.2553012,84.9039127,4.153,1.555,0.06,-0.117,-0.079,130.7,8,0.0027,0.05
19:40:59,22.2553007,84.9039125,4.151,1.537,0.07,-0.115,-0.084,130.0,8,0.0027,0.05
19:40:59,22.2553007,84.9039125,4.146,1.533,0.07,-0.115,-0.084,130.0,8,0.0027,0.05
19:40:59,22.2553007,84.9039125,4.140,1.529,0.07,-0.115,-0.084,129.4,8,0.0027,0.05
19:40:59,22.2553007,84.9039125,4.134,1.525,0.07,-0.115,-0.084,128.3,8,0.0027,0.05
19:40:59,22.255300858274012,84.90391216903508,4.128,1.520,3.15,-0.115,-0.084,127.8,8,0.0027,0.00
19:40:59,22.25530082017492,84.90391211272521,4.122,1.516,3.15,-0.115,-0.084,127.8,8,0.0027,0.00
19:40:59,22.25530078219656,84.90391205659378,4.117,1.512,3.15,-0.115,-0.084,126.8,8,0.0027,0.00
19:40:59,22.255300744185767,84.90391200041441,4.111,1.508,3.15,-0.115,-0.084,126.3,8,0.0027,0.00
19:40:59,22.25530070618236,84.90391194424596,4.105,1.504,3.15,-0.115,-0.084,125.9,8,0.0027,0.00
19:40:59,22.25530066815805,84.90391188804662,4.099,1.499,3.15,-0.115,-0.084,125.9,8,0.0027,0.00
19:40:59,22.2553006302042,84.9039118319514,4.093,1.495,3.15,-0.115,-0.084,125.0,8,0.0027,0.00
19:40:59,22.25530059214439,84.9039117756996,4.088,1.491,3.15,-0.115,-0.084,124.6,8,0.0027,0.00
19:40:59,22.25530055412927,84.90391171951383,4.082,1.487,3.15,-0.115,-0.084,124.1,8,0.0027,0.00
19:40:59,22.255300516043516,84.90391166322367,4.076,1.482,3.15,-0.115,-0.084,124.1,8,0.0027,0.00
19:41:00,22.255300478081015,84.90391160711567,4.070,1.478,3.15,-0.115,-0.084,123.4,8,0.0027,0.00
19:41:00,22.255300439963904,84.90391155077917,4.065,1.474,3.15,-0.115,-0.084,123.0,8,0.0027,0.00
19:41:00,22.25530040192698,84.90391149456119,4.059,1.470,3.15,-0.115,-0.084,122.7,8,0.0027,0.00
19:41:00,22.255300363867534,84.9039114383099,4.053,1.465,3.16,-0.115,-0.084,122.7,8,0.0027,0.00
19:41:00,22.255300325748802,84.90391138197101,4.047,1.461,3.16,-0.115,-0.084,122.0,8,0.0027,0.00
19:41:00,22.25530028771188,84.90391132575303,4.041,1.457,3.16,-0.115,-0.084,121.7,8,0.0027,0.00
19:41:00,22.2553002496791,84.90391126954117,4.036,1.453,3.16,-0.115,-0.084,121.4,8,0.0027,0.00
19:41:00,22.255300211599472,84.90391121326006,4.030,1.448,3.16,-0.115,-0.084,121.4,8,0.0027,0.00
19:41:00,22.255301292268253,84.90391281997904,4.195,1.569,3.16,-0.008,-0.006,121.1,8,0.0011,0.00
19:41:00,22.255301289358187,84.90391281597861,4.195,1.568,3.16,-0.008,-0.006,120.6,8,0.0011,0.00
19:41:00,22.255301317914842,84.90391286321665,4.200,1.572,3.16,-0.004,-0.003,120.4,8,0.0004,0.00
19:41:00,22.255301316325248,84.90391286136958,4.200,1.571,3.16,-0.004,-0.003,120.4,8,0.0000,0.00
19:41:00,22.25530132297836,84.90391287170604,4.201,1.572,3.16,-0.002,-0.002,120.0,8,0.0004,0.00
19:41:00,22.25530132193437,84.90391287066242,4.200,1.572,3.16,-0.002,-0.002,119.8,8,0.0004,0.00
19:41:00,22.255301320894347,84.90391286962279,4.200,1.572,3.16,-0.002,-0.002,119.6,8,0.0004,0.00
19:41:00,22.255301319853444,84.90391286858225,4.200,1.572,3.15,-0.002,-0.002,119.6,8,0.0000,0.00
19:41:00,22.255301318812133,84.90391286754132,4.200,1.572,3.15,-0.002,-0.002,119.4,8,0.0000,0.00
19:41:00,22.2553013241355,84.90391287241094,4.201,1.572,3.15,-0.001,-0.001,119.2,8,0.0007,0.00
19:41:00,22.25530132388025,84.90391287209965,4.201,1.572,3.15,-0.001,-0.001,119.1,8,0.0007,0.00
19:41:00,22.255301323625954,84.90391287178953,4.201,1.572,3.15,-0.001,-0.001,119.1,8,0.0000,0.00
19:41:01,22.255301323371224,84.90391287147888,4.201,1.572,3.15,-0.001,-0.001,118.9,8,0.0000,0.00
19:41:01,22.255301326823492,84.90391287384416,4.201,1.573,3.15,0.000,0.001,118.9,8,0.0005,0.00
19:41:01,22.255301327183876,84.90391287397745,4.201,1.573,3.15,0.000,0.001,118.9,8,0.0005,0.00
19:41:01,22.25530132754236,84.90391287411003,4.201,1.573,3.15,0.000,0.001,118.7,8,0.0000,0.00
19:41:01,22.255301327901773,84.90391287424295,4.201,1.573,3.15,0.000,0.001,118.4,8,0.0000,0.00
19:41:01,22.25530134260607,84.90391288144644,4.202,1.574,3.15,0.003,0.007,118.2,8,0.0011,0.00
19:41:01,22.25530134578952,84.90391288297114,4.202,1.575,3.15,0.003,0.007,118.2,8,0.0011,0.00
19:41:01,22.255301348954855,84.90391288448716,4.202,1.575,3.15,0.003,0.007,117.7,8,0.0011,0.00
19:41:01,22.255301352127102,84.9039128860065,4.202,1.575,3.15,0.003,0.007,117.3,8,0.0000,0.00
19:41:01,22.25530135530184,84.90391288752701,4.202,1.576,3.15,0.003,0.007,116.6,8,0.0000,0.00
19:41:01,22.255301375699585,84.9039128871078,4.202,1.578,3.15,0.002,0.015,116.6,8,0.0011,0.00
19:41:01,22.255301391177415,84.90391288686068,4.202,1.580,3.15,0.002,0.019,116.2,8,0.0012,0.00
19:41:01,22.2553013998166,84.90391288769051,4.202,1.581,3.20,0.002,0.019,115.8,8,0.0000,0.00
19:41:01,22.25530140839707,84.90391288851468,4.202,1.582,3.20,0.002,0.019,115.8,8,0.0000,0.00
19:41:01,22.25530143173484,84.90391288482826,4.202,1.584,3.20,-0.001,0.028,114.8,8,0.0015,0.00
19:41:01,22.255301444266983,84.90391288446281,4.202,1.586,3.20,-0.001,0.028,114.3,8,0.0015,0.00
19:41:01,22.25530145672471,84.90391288409955,4.202,1.587,3.26,-0.001,0.028,113.3,8,0.0000,0.00
19:41:01,22.255301469212,84.90391288373542,4.202,1.588,3.26,-0.001,0.028,113.3,8,0.0000,0.00
19:41:01,22.255301517974466,84.90391287010381,4.200,1.594,3.26,-0.008,0.048,112.7,8,0.0022,0.00
19:41:01,22.255301539657033,84.90391286638425,4.200,1.596,3.26,-0.008,0.048,112.2,8,0.0022,0.00
19:41:02,22.25530156127514,84.90391286267575,4.200,1.599,3.26,-0.008,0.048,111.6,8,0.0000,0.00
19:41:02,22.255301582968347,84.90391285895436,4.199,1.601,3.26,-0.008,0.048,111.6,8,0.0000,0.00
19:41:02,22.255301639407445,84.90391283951917,4.197,1.607,3.26,-0.015,0.066,110.6,8,0.0026,0.00
19:41:02,22.255301685286767,84.90391282538653,4.196,1.613,3.26,-0.019,0.075,110.2,8,0.0028,0.00
19:41:02,22.25530171940516,84.90391281618452,4.195,1.616,3.26,-0.019,0.075,109.4,8,0.0028,0.00
19:41:02,22.255301753455324,84.9039128070009,4.194,1.620,3.36,-0.019,0.075,109.4,8,0.0000,0.00
19:41:02,22.25530180293611,84.90391279234977,4.192,1.626,3.36,-0.022,0.085,109.1,8,0.0031,0.00
19:41:02,22.25530184151071,84.90391278157064,4.191,1.630,3.36,-0.022,0.085,108.8,8,0.0031,0.00
19:41:02,22.255301868385537,84.90391283082509,4.196,1.633,3.36,0.015,0.077,108.4,8,0.0032,0.00
19:41:02,22.255301915873037,84.9039128146908,4.195,1.638,3.46,-0.001,0.086,108.4,8,0.0032,0.00
19:41:02,22.25530195507686,84.90391281434692,4.195,1.643,3.46,-0.001,0.086,108.3,8,0.0000,0.00
19:41:02,22.255302001887927,84.9039128009538,4.193,1.648,3.46,-0.010,0.092,108.3,8,0.0034,0.00
19:41:02,22.255302047107875,84.90391279067943,4.192,1.653,3.46,-0.014,0.095,108.2,8,0.0035,0.00
19:41:02,22.255302090301015,84.90391278365404,4.192,1.658,3.46,-0.014,0.095,108.2,8,0.0035,0.00
19:41:02,22.25530212878461,84.90391277944369,4.191,1.662,3.46,-0.012,0.091,108.5,8,0.0046,0.00
19:41:02,22.25530217015402,84.90391277351765,4.190,1.666,3.46,-0.012,0.091,108.6,8,0.0000,0.00
19:41:02,22.255302089205642,84.90391283092941,4.196,1.657,3.46,0.037,-0.011,108.7,8,0.0053,0.00
19:41:02,22.255302088873435,84.90391289103714,4.203,1.657,3.55,0.070,-0.007,108.7,8,0.0063,0.00
19:41:02,22.255302085731262,84.90391292578525,4.206,1.657,3.55,0.070,-0.007,109.0,8,0.0063,0.00
19:41:03,22.255302082614527,84.90391296025206,4.210,1.657,3.55,0.070,-0.007,109.3,8,0.0000,0.00
19:41:03,22.255302079490153,84.90391299480333,4.213,1.656,3.55,0.070,-0.007,109.3,8,10.0005,0.00
19:41:03,22.25530207637407,84.90391302926297,4.217,1.656,3.58,0.070,-0.007,110.0,8,10.0005,0.00
19:41:03,22.255302073247304,84.90391306384066,4.220,1.656,3.58,0.070,-0.007,110.5,8,10.0005,0.00
19:41:03,22.25530207012408,84.90391309837922,4.224,1.655,3.58,0.070,-0.007,111.1,8,10.0005,0.00
19:41:03,22.255302067002848,84.90391313289577,4.228,1.655,3.58,0.070,-0.007,111.1,8,10.0005,0.00
19:41:03,22.255302063886276,84.90391316736078,4.231,1.655,3.58,0.070,-0.007,111.2,8,0.0000,0.00
19:41:03,22.25530206076612,84.90391320186542,4.235,1.654,3.58,0.070,-0.007,111.2,8,0.0000,0.00
19:41:03,22.255302057643117,84.90391323640154,4.238,1.654,3.58,0.070,-0.007,110.7,8,10.0005,0.00
19:41:03,22.25530205451507,84.90391327099343,4.242,1.654,3.58,0.070,-0.007,110.7,8,10.0005,0.00
19:41:03,22.255302051403245,84.90391330540594,4.245,1.653,3.58,0.070,-0.007,110.5,8,10.0005,0.00
19:41:03,22.25530204828328,84.90391333990846,4.249,1.653,3.57,0.070,-0.007,110.3,8,10.0005,0.00
19:41:03,22.255302045156505,84.90391337448631,4.252,1.653,3.57,0.070,-0.007,110.0,8,0.0000,0.00
19:41:03,22.25530204203673,84.90391340898671,4.256,1.652,3.57,0.070,-0.007,110.0,8,0.0000,0.00
19:41:03,22.255302038923652,84.90391344341307,4.259,1.652,3.57,0.070,-0.007,109.9,8,0.0000,0.00
19:41:03,22.255302035804704,84.90391347790435,4.263,1.652,3.57,0.070,-0.007,109.8,8,0.0000,0.00
19:41:03,22.255302032681467,84.90391351244307,4.267,1.651,3.57,0.070,-0.007,109.7,8,10.0005,0.00
19:41:03,22.25530202956299,84.90391354692913,4.270,1.651,3.57,0.070,-0.007,109.7,8,10.0005,0.00
19:41:03,22.255302026444927,84.9039135814106,4.274,1.650,3.57,0.070,-0.007,109.6,8,10.0005,0.00
19:41:03,22.25530202332974,84.90391361586029,4.277,1.650,3.55,0.070,-0.007,109.5,8,10.0005,0.00
19:41:04,22.255302020205573,84.9039136504093,4.281,1.650,3.55,0.070,-0.007,109.3,8,10.0005,0.00
19:41:04,22.25530201708763,84.90391368488947,4.284,1.649,3.55,0.070,-0.007,109.3,8,10.0005,0.00
19:41:04,22.255302013970244,84.90391371936346,4.288,1.649,3.55,0.070,-0.007,109.3,8,0.0000,0.00
19:41:04,22.255302010852713,84.90391375383908,4.291,1.649,3.55,0.070,-0.007,109.2,8,0.0000,0.00
19:41:04,22.25530200773732,84.90391378829104,4.295,1.648,3.55,0.070,-0.007,108.9,8,0.0000,0.00
19:41:04,22.25530200461765,84.9039138227903,4.299,1.648,3.55,0.070,-0.007,108.8,8,0.0000,0.00
19:41:04,22.255302001504422,84.9039138572183,4.302,1.648,3.55,0.070,-0.007,108.8,8,0.0000,0.00
19:41:04,22.255301998394042,84.90391389161482,4.306,1.647,3.55,0.070,-0.007,108.7,8,0.0000,0.00
19:41:04,22.25530199527501,84.90391392610707,4.309,1.647,3.55,0.070,-0.007,108.5,8,0.0000,0.00
19:41:04,22.255301992159673,84.90391396055838,4.313,1.647,3.55,0.070,-0.007,108.5,8,0.0000,0.00
19:41:04,22.25530198904245,84.90391399503058,4.316,1.646,3.55,0.070,-0.007,108.5,8,0.0000,0.00
19:41:04,22.255301985931748,84.9039140294307,4.320,1.646,3.55,0.070,-0.007,108.4,8,0.0000,0.00
19:41:04,22.255301982817002,84.90391406387548,4.323,1.646,3.55,0.070,-0.007,108.2,8,0.0000,0.00
19:41:04,22.255301979702256,84.90391409832027,4.327,1.645,3.55,0.070,-0.007,108.1,8,0.0000,0.00
19:41:04,22.25530197658011,84.90391413284694,4.331,1.645,3.55,0.070,-0.007,108.1,8,0.0000,0.00
19:41:04,22.255301973469628,84.9039141672446,4.334,1.645,3.55,0.070,-0.007,108.0,8,10.0005,0.00
19:41:04,22.255301970350295,84.90391420174011,4.338,1.644,3.55,0.070,-0.007,107.9,8,0.0000,0.00
19:41:04,22.25530196723231,84.90391423622077,4.341,1.644,3.55,0.070,-0.007,107.8,8,0.0000,0.00
19:41:04,22.255301964118228,84.90391427065823,4.345,1.644,3.55,0.070,-0.007,107.8,8,0.0000,0.00
19:41:04,22.25530196100301,84.90391430510824,4.348,1.643,3.55,0.070,-0.007,107.7,8,0.0000,0.00
19:41:05,22.25530195788648,84.90391433957276,4.352,1.643,3.55,0.070,-0.007,107.5,8,0.0000,0.00
19:41:05,22.255301954763613,84.90391437410742,4.355,1.643,3.55,0.070,-0.007,107.4,8,0.0000,0.00
19:41:05,22.255301951645105,84.90391440859379,4.359,1.642,3.55,0.070,-0.007,107.4,8,0.0000,0.00
19:41:05,22.255301948535863,84.90391444297777,4.362,1.642,3.55,0.070,-0.007,107.3,8,10.0005,0.00
19:41:05,22.255301945409556,84.9039144775504,4.366,1.641,3.56,0.070,-0.007,107.2,8,0.0000,0.00
19:41:05,22.25530194229145,84.90391451203237,4.370,1.641,3.56,0.070,-0.007,107.1,8,0.0000,0.00
19:41:05,22.255301939173286,84.903914546515,4.373,1.641,3.56,0.070,-0.007,107.1,8,10.0005,0.00
19:41:05,22.255301936056107,84.90391458098671,4.377,1.640,3.56,0.070,-0.007,106.9,8,10.0005,0.00
19:41:05,22.255301932939002,84.9039146154576,4.380,1.640,3.56,0.070,-0.007,106.8,8,0.0000,0.00
19:41:05,22.25530192981628,84.90391464999061,4.384,1.640,3.56,0.070,-0.007,106.8,8,0.0000,0.00
19:41:05,22.255301926702966,84.90391468441958,4.387,1.639,3.56,0.070,-0.007,106.8,8,10.0005,0.00
19:41:05,22.255301923582795,84.90391471892438,4.391,1.639,3.56,0.070,-0.007,106.6,8,10.0005,0.00
19:41:05,22.255301920463687,84.90391475341745,4.394,1.639,3.56,0.070,-0.007,106.5,8,10.0005,0.00
19:41:05,22.255301917342585,84.90391478793252,4.398,1.638,3.56,0.070,-0.007,106.5,8,10.0005,0.00
19:41:05,22.255301914224965,84.90391482240912,4.402,1.638,3.56,0.070,-0.007,106.3,8,10.0005,0.00
19:41:05,22.25530191110341,84.90391485692925,4.405,1.638,3.56,0.070,-0.007,106.2,8,0.0000,0.00
19:41:05,22.255301907971837,84.90391489156012,4.409,1.637,3.56,0.070,-0.007,106.2,8,0.0000,0.00
19:41:05,22.25530190485628,84.90391492601388,4.412,1.637,3.57,0.070,-0.007,106.2,8,0.0000,0.00
19:41:05,22.255301901738353,84.90391496049389,4.416,1.637,3.57,0.070,-0.007,106.0,8,10.0005,0.00
19:41:05,22.255301898618608,84.90391499499397,4.419,1.636,3.57,0.070,-0.007,105.9,8,10.0005,0.00
19:41:06,22.255301895493865,84.90391502954932,4.423,1.636,3.57,0.070,-0.007,105.8,8,10.0005,0.00
19:41:06,22.25530189237545,84.90391506403472,4.426,1.636,3.57,0.070,-0.007,105.8,8,10.0005,0.00
19:41:06,22.255301889249747,84.90391509860068,4.430,1.635,3.57,0.070,-0.007,105.6,8,10.0005,0.00
19:41:06,22.255301886129857,84.90391513310239,4.434,1.635,3.57,0.070,-0.007,105.6,8,10.0005,0.00
19:41:06,22.25530188300218,84.9039151676902,4.437,1.635,3.57,0.070,-0.007,105.6,8,0.0000,0.00
19:41:06,22.255301879884428,84.90391520216826,4.441,1.634,3.58,0.070,-0.007,105.4,8,0.0000,0.00
19:41:06,22.255301876758843,84.90391523673291,4.444,1.634,3.58,0.070,-0.007,105.3,8,0.0000,0.00
19:41:06,22.255301873638864,84.90391527123559,4.448,1.633,3.58,0.070,-0.007,105.2,8,0.0000,0.00
19:41:06,22.255301870518267,84.90391530574513,4.451,1.633,3.58,0.070,-0.007,105.2,8,0.0000,0.00
19:41:06,22.25530186740271,84.90391534019889,4.455,1.633,3.58,0.070,-0.007,105.1,8,0.0000,0.00
19:41:06,22.255301864289397,84.90391537462787,4.458,1.632,3.58,0.070,-0.007,105.0,8,0.0000,0.00
19:41:06,22.255301861176832,84.90391540904852,4.462,1.632,3.58,0.070,-0.007,104.9,8,0.0000,0.00
19:41:06,22.255301858066424,84.90391544344537,4.466,1.632,3.58,0.070,-0.007,104.9,8,0.0000,0.00
19:41:06,22.25530185495643,84.90391547783766,4.469,1.631,3.58,0.070,-0.007,104.8,8,0.0000,0.00
19:41:06,22.25530185184177,84.90391551228147,4.473,1.631,3.58,0.070,-0.007,104.6,8,0.0000,0.00
19:41:06,22.255301848729296,84.90391554670116,4.476,1.631,3.58,0.070,-0.007,104.6,8,0.0000,0.00
19:41:06,22.25530184561576,84.90391558113258,4.480,1.630,3.58,0.070,-0.007,104.6,8,0.0000,0.00
19:41:06,22.255301842505766,84.90391561552487,4.483,1.630,3.58,0.070,-0.007,104.4,8,0.0000,0.00
19:41:06,22.255301839380095,84.9039156500905,4.487,1.630,3.58,0.070,-0.007,104.3,8,0.0000,0.00
19:41:07,22.255301836254763,84.90391568465238,4.490,1.629,3.58,0.070,-0.007,104.2,8,0.0000,0.00
19:41:07,22.255301833137466,84.90391571912538,4.494,1.629,3.58,0.070,-0.007,104.2,8,0.0000,0.00
19:41:07,22.255301830028827,84.90391575350266,4.498,1.629,3.58,0.070,-0.007,104.0,8,0.0000,0.00
19:41:07,22.255301826911207,84.90391578797924,4.501,1.628,3.58,0.070,-0.007,104.0,8,0.0000,0.00
19:41:07,22.25530182379975,84.90391582238767,4.505,1.628,3.58,0.070,-0.007,103.9,8,0.0000,0.00
19:41:07,22.255301820684164,84.90391585684176,4.508,1.628,3.58,0.070,-0.007,103.9,8,0.0000,0.00
19:41:07,22.255301817567812,84.90391589130434,4.512,1.627,3.58,0.070,-0.007,103.7,8,10.0005,0.00
19:41:07,22.25530181444932,84.90391592579056,4.515,1.627,3.58,0.070,-0.007,103.6,8,0.0000,0.00
19:41:07,22.255301811338295,84.90391596019425,4.519,1.627,3.58,0.070,-0.007,103.5,8,10.0005,0.00
19:41:07,22.255301808219272,84.90391599468633,4.522,1.626,3.58,0.070,-0.007,103.5,8,0.0000,0.00
19:41:07,22.255301805102125,84.90391602915771,4.526,1.626,3.58,0.070,-0.007,103.4,8,0.0000,0.00
19:41:07,22.255301801981688,84.90391606366545,4.529,1.625,3.58,0.070,-0.007,103.3,8,10.0005,0.00
19:41:07,22.255301798861975,84.9039160981652,4.533,1.625,3.58,0.070,-0.007,103.2,8,10.0005,0.00
19:41:07,22.255301795746195,84.9039161326214,4.537,1.625,3.58,0.070,-0.007,103.0,8,10.0005,0.00
19:41:07,22.255301792631734,84.9039161670631,4.540,1.624,3.58,0.070,-0.007,103.0,8,0.0000,0.00
19:41:07,22.255301789516103,84.90391620151767,4.544,1.624,3.58,0.070,-0.007,103.0,8,0.0000,0.00
19:41:07,22.25530178639204,84.90391623606554,4.547,1.624,3.58,0.070,-0.007,102.9,8,0.0000,0.00
19:41:07,22.25530178327296,84.90391627055827,4.551,1.623,3.58,0.070,-0.007,102.7,8,10.0005,0.00
19:41:07,22.255301780154056,84.90391630504905,4.554,1.623,3.58,0.070,-0.007,102.7,8,10.0005,0.00
19:41:07,22.255301777044842,84.9039163394327,4.558,1.623,3.58,0.070,-0.007,102.6,8,10.0005,0.00
19:41:08,22.255301773924625,84.90391637393799,4.561,1.622,3.58,0.070,-0.007,102.5,8,10.0005,0.00
19:41:08,22.255301770803907,84.90391640844882,4.565,1.622,3.58,0.070,-0.007,102.5,8,0.0000,0.00
19:41:08,22.255301767689076,84.9039164428946,4.569,1.622,3.58,0.070,-0.007,102.4,8,0.0000,0.00
19:41:08,22.255301764573932,84.9039164773438,4.572,1.621,3.58,0.070,-0.007,102.3,8,0.0000,0.00
19:41:08,22.25530176146112,84.90391651176722,4.576,1.621,3.58,0.070,-0.007,102.3,8,0.0000,0.00
19:41:08,22.25530175833996,84.90391654628296,4.579,1.621,3.58,0.070,-0.007,102.3,8,0.0000,0.00
19:41:08,22.255301755230953,84.90391658066432,4.583,1.620,3.58,0.070,-0.007,102.4,8,10.0005,0.00
19:41:08,22.25530175210767,84.90391661520353,4.586,1.620,3.58,0.070,-0.007,102.5,8,0.0000,0.00
19:41:08,22.25530174898266,84.90391664976183,4.590,1.620,3.58,0.070,-0.007,103.0,8,0.0000,0.00
19:41:08,22.255301745860972,84.90391668428342,4.593,1.619,3.58,0.070,-0.007,103.0,8,0.0000,0.00
19:41:08,22.25530174274251,84.90391671876931,4.597,1.619,3.58,0.070,-0.007,103.3,8,0.0000,0.00
19:41:08,22.25530173962448,84.90391675325047,4.601,1.619,3.58,0.070,-0.007,103.8,8,10.0005,0.00
19:41:08,22.25530173650323,84.90391678776717,4.604,1.618,3.58,0.070,-0.007,105.8,8,0.0000,0.00
19:41:08,22.255301733386936,84.90391682222909,4.608,1.618,3.58,0.070,-0.007,105.8,8,0.0000,0.00
19:41:08,22.25530173027026,84.90391685669525,4.611,1.618,3.58,0.070,-0.007,107.2,8,0.0000,0.00
19:41:08,22.25530172714562,84.90391689124947,4.615,1.617,3.58,0.070,-0.007,108.7,8,0.0000,0.00
19:41:08,22.255301724022058,84.90391692579178,4.618,1.617,3.58,0.070,-0.007,111.4,8,0.0000,0.00
19:41:08,22.25530172090572,84.90391696025418,4.622,1.616,3.58,0.070,-0.007,111.4,8,0.0000,0.00
19:41:08,22.25530171778779,84.9039169947342,4.625,1.616,3.58,0.070,-0.007,112.5,8,0.0000,0.00
19:41:08,22.255301714670907,84.90391702920263,4.629,1.616,3.58,0.070,-0.007,113.6,8,0.0000,0.00
19:41:09,22.255301711551564,84.90391706369832,4.632,1.615,3.58,0.070,-0.007,113.6,8,0.0000,0.00
19:41:09,22.255301708442715,84.90391709807787,4.636,1.615,3.58,0.070,-0.007,115.6,8,0.0000,0.00
19:41:09,22.25530170531753,84.90391713263813,4.640,1.615,3.58,0.070,-0.007,116.4,8,0.0000,0.00
19:41:09,22.25530170220099,84.90391716710282,4.643,1.614,3.58,0.070,-0.007,117.8,8,0.0000,0.00
19:41:09,22.25530169907747,84.90391720164463,4.647,1.614,3.58,0.070,-0.007,117.8,8,0.0000,0.00
19:41:09,22.255301695966484,84.90391723604785,4.650,1.614,3.58,0.070,-0.007,118.5,8,0.0000,0.00
19:41:09,22.255301692845414,84.9039172705626,4.654,1.613,3.58,0.070,-0.007,120.0,8,0.0000,0.00
19:41:09,22.255301689732573,84.90391730498635,4.657,1.613,3.58,0.070,-0.007,120.8,8,0.0000,0.00
19:41:09,22.25530168660382,84.90391733958607,4.661,1.613,3.58,0.070,-0.007,120.8,8,0.0000,0.00
19:41:09,22.255301683496388,84.90391737394998,4.664,1.612,3.58,0.070,-0.007,121.7,8,0.0000,0.00
19:41:09,22.255301680382455,84.9039174083858,4.668,1.612,3.57,0.070,-0.007,123.7,8,0.0000,0.00
19:41:09,22.255301677271632,84.90391744278722,4.672,1.612,3.57,0.070,-0.007,123.7,8,0.0000,0.00
19:41:09,22.25530167415003,84.90391747730784,4.675,1.611,3.57,0.070,-0.007,124.7,8,0.0000,0.00
19:41:09,22.255301671038648,84.90391751171545,4.679,1.611,3.57,0.070,-0.007,125.8,8,0.0000,0.00
19:41:09,22.25530166791945,84.9039175462095,4.682,1.611,3.57,0.070,-0.007,127.9,8,0.0000,0.00
19:41:09,22.25530166480062,84.90391758069946,4.686,1.610,3.57,0.070,-0.007,127.9,8,0.0000,0.00
19:41:09,22.255301661689813,84.90391761510071,4.689,1.610,3.57,0.070,-0.007,128.9,8,0.0000,0.00
19:41:09,22.25530165857131,84.90391764958709,4.693,1.610,3.57,0.070,-0.007,131.0,8,0.0000,0.00
19:41:09,22.255301655446093,84.90391768414766,4.696,1.609,3.57,0.070,-0.007,131.0,8,0.0000,0.00
19:41:09,22.255301652323283,84.90391771868165,4.700,1.609,3.57,0.070,-0.007,132.0,8,0.0000,0.00
19:41:10,22.255301649194426,84.90391775328251,4.704,1.608,3.57,0.070,-0.007,133.0,8,0.0000,0.00
19:41:10,22.255301646073047,84.9039177878007,4.707,1.608,3.57,0.070,-0.007,135.1,8,0.0000,0.00
19:41:10,22.25530164294876,84.90391782235099,4.711,1.608,3.57,0.070,-0.007,135.1,8,0.0000,0.00
19:41:10,22.255301639832823,84.90391785680899,4.714,1.607,3.57,0.070,-0.007,136.3,8,0.0000,0.00
19:41:10,22.255301636707784,84.90391789136761,4.718,1.607,3.57,0.070,-0.007,138.8,8,0.0000,0.00
19:41:10,22.255301633583514,84.90391792591775,4.721,1.607,3.57,0.070,-0.007,140.0,8,0.0000,0.00
19:41:10,22.255301630461084,84.9039179604475,4.725,1.606,3.57,0.070,-0.007,140.0,8,0.0000,0.00
19:41:10,22.25530162734892,84.90391799486376,4.728,1.606,3.57,0.070,-0.007,141.2,8,0.0000,0.00
19:41:10,22.25530162423248,84.90391802932731,4.732,1.606,3.57,0.070,-0.007,143.8,8,0.0000,0.00
19:41:10,22.255301621118413,84.9039180637646,4.736,1.605,3.57,0.070,-0.007,145.1,8,0.0000,0.00
19:41:10,22.25530161800429,84.90391809820255,4.739,1.605,3.57,0.070,-0.007,145.1,8,0.0000,0.00
19:41:10,22.25530161485716,84.90391813300545,4.743,1.605,3.57,0.070,-0.007,146.3,8,0.0000,0.00
19:41:10,22.255301611730857,84.9039181675781,4.746,1.604,3.57,0.070,-0.007,148.7,8,0.0000,0.00
19:41:10,22.255301608587608,84.9039182023381,4.750,1.604,3.57,0.070,-0.007,150.0,8,0.0000,0.00
19:41:10,22.255301605441378,84.90391823713107,4.753,1.604,3.57,0.070,-0.007,150.0,8,0.0000,0.00
19:41:10,22.25530160230773,84.90391827178492,4.757,1.603,3.57,0.070,-0.007,151.4,8,0.0000,0.00
19:41:10,22.255301599187483,84.90391830629054,4.761,1.603,3.57,0.070,-0.007,153.5,8,0.0000,0.00
19:41:10,22.255301596029607,84.90391834121232,4.764,1.603,3.57,0.070,-0.007,151.4,8,0.0000,0.00
19:41:10,22.255301589768884,84.90391841044729,4.771,1.602,3.56,0.070,-0.007,150.7,8,0.0000,0.00
19:41:11,22.255301586654614,84.90391844488687,4.775,1.602,3.56,0.070,-0.007,149.0,8,0.0000,0.00
19:41:11,22.25530158352972,84.90391847944386,4.778,1.601,3.56,0.070,-0.007,149.0,8,0.0000,0.00
19:41:11,22.255301580420344,84.9039185138293,4.782,1.601,3.56,0.070,-0.007,148.0,8,0.0000,0.00
19:41:11,22.25530157729793,84.90391854835889,4.785,1.600,3.55,0.070,-0.007,145.6,8,0.0000,0.00
19:41:11,22.255301574181242,84.9039185828252,4.789,1.600,3.55,0.070,-0.007,144.1,8,0.0000,0.00
19:41:11,22.25530157105827,84.90391861736099,4.793,1.600,3.55,0.070,-0.007,144.1,8,0.0000,0.00
19:41:11,22.255301567947328,84.9039186517637,4.796,1.599,3.55,0.070,-0.007,142.7,8,0.0000,0.00
19:41:11,22.255301564832745,84.90391868620671,4.800,1.599,3.55,0.070,-0.007,140.7,8,0.0000,0.00
19:41:11,22.25530156171389,84.903918720697,4.803,1.599,3.55,0.070,-0.007,140.2,8,0.0000,0.00
19:41:11,22.255301558598333,84.90391875515077,4.807,1.598,3.55,0.070,-0.007,140.2,8,0.0000,0.00
19:41:11,22.255301555485843,84.90391878957061,4.810,1.598,3.55,0.070,-0.007,139.8,8,0.0000,0.00
19:41:11,22.25530155237144,84.90391882401165,4.814,1.598,3.55,0.070,-0.007,139.6,8,0.0000,0.00
19:41:11,22.255301549248923,84.90391885854238,4.817,1.597,3.55,0.070,-0.007,139.6,8,10.0005,0.00
19:41:11,22.25530154612595,84.90391889307817,4.821,1.597,3.55,0.070,-0.007,139.6,8,10.0005,0.00
19:41:11,22.25530154301119,84.90391892752312,4.825,1.597,3.55,0.070,-0.007,139.6,8,0.0000,0.00
19:41:11,22.255301539894603,84.90391896198831,4.828,1.596,3.53,0.070,-0.007,139.7,8,0.0000,0.00
19:41:11,22.255301536777615,84.90391899645789,4.832,1.596,3.53,0.070,-0.007,139.7,8,10.0005,0.00
19:41:11,22.25530153365709,84.9039190309666,4.835,1.596,3.53,0.070,-0.007,139.7,8,10.0005,0.00
19:41:11,22.25530153054298,84.90391906540438,4.839,1.595,3.53,0.070,-0.007,139.8,8,0.0000,0.00
19:41:11,22.255301527424592,84.90391909988946,4.842,1.595,3.53,0.070,-0.007,140.2,8,0.0000,0.00
19:41:12,22.25530152430787,84.9039191343561,4.846,1.595,3.53,0.070,-0.007,141.3,8,0.0000,0.00
19:41:12,22.2553015211872,84.90391916886645,4.849,1.594,3.53,0.070,-0.007,141.3,8,0.0000,0.00
19:41:12,22.25530151807145,84.90391920332233,4.853,1.594,3.53,0.070,-0.007,142.0,8,10.0005,0.00
19:41:12,22.255301514951075,84.90391923782943,4.856,1.594,3.53,0.070,-0.007,142.0,8,10.0005,0.00
19:41:12,22.255301511834602,84.9039192722933,4.860,1.593,3.53,0.070,-0.007,142.0,8,10.0005,0.00
19:41:12,22.255301508714478,84.9039193067976,4.864,1.593,3.53,0.070,-0.007,142.0,8,10.0005,0.00
19:41:12,22.255301505593952,84.90391934130633,4.867,1.592,3.53,0.070,-0.007,141.9,8,0.0000,0.00
19:41:12,22.25530150247294,84.90391937582042,4.871,1.592,3.53,0.070,-0.007,141.9,8,0.0000,0.00
19:41:12,22.255301499356086,84.90391941028854,4.874,1.592,3.54,0.070,-0.007,141.8,8,0.0000,0.00
19:41:12,22.25530149623525,84.90391944480068,4.878,1.591,3.54,0.070,-0.007,141.8,8,0.0000,0.00
19:41:12,22.255301493127156,84.90391947917193,4.881,1.591,3.54,0.070,-0.007,141.7,8,0.0000,0.00
19:41:12,22.25530149000433,84.90391951370609,4.885,1.591,3.54,0.070,-0.007,141.7,8,10.0005,0.00
19:41:12,22.255301486884882,84.90391954820291,4.888,1.590,3.54,0.070,-0.007,141.7,8,0.0000,0.00
19:41:12,22.255301483766466,84.9039195826883,4.892,1.590,3.54,0.070,-0.007,141.7,8,0.0000,0.00
19:41:12,22.25530148065924,84.90391961704992,4.896,1.590,3.54,0.070,-0.007,141.6,8,0.0000,0.00
19:41:12,22.255301477541813,84.9039196515244,4.899,1.589,3.54,0.070,-0.007,141.6,8,0.0000,0.00
19:41:12,22.255301474422218,84.90391968602285,4.903,1.589,3.54,0.070,-0.007,141.6,8,0.0000,0.00
19:41:12,22.255301471306588,84.90391972047742,4.906,1.589,3.54,0.070,-0.007,141.6,8,0.0000,0.00
19:41:12,22.25530146819513,84.90391975488585,4.910,1.588,3.54,0.070,-0.007,141.5,8,0.0000,0.00
19:41:12,22.255301465080212,84.9039197893326,4.913,1.588,3.54,0.070,-0.007,141.5,8,0.0000,0.00
19:41:13,22.25530146196874,84.90391982374119,4.917,1.588,3.54,0.070,-0.007,141.4,8,0.0000,0.00
19:41:13,22.25530145885674,84.90391985815566,4.920,1.587,3.54,0.070,-0.007,141.4,8,0.0000,0.00
19:41:13,22.255301455747155,84.90391989254337,4.924,1.587,3.54,0.070,-0.007,141.2,8,0.0000,0.00
19:41:13,22.255301452632896,84.90391992698278,4.927,1.587,3.54,0.070,-0.007,141.2,8,0.0000,0.00
19:41:13,22.255301449518328,84.90391996142563,4.931,1.586,3.54,0.070,-0.007,141.2,8,0.0000,0.00
19:41:13,22.255301446409337,84.90391999580682,4.935,1.586,3.54,0.070,-0.007,141.5,8,10.0005,0.00
19:41:13,22.255301443290815,84.90392003029336,4.938,1.586,3.54,0.070,-0.007,142.0,8,0.0000,0.00
19:41:13,22.25530144017414,84.90392006475952,4.942,1.585,3.54,0.070,-0.007,142.6,8,0.0000,0.00
19:41:13,22.255301437055678,84.9039200992454,4.945,1.585,3.54,0.070,-0.007,142.6,8,0.0000,0.00
19:41:13,22.25530143394682,84.90392013362514,4.949,1.585,3.54,0.070,-0.007,144.2,8,0.0000,0.00
19:41:13,22.25530143083312,84.90392016805835,4.952,1.584,3.54,0.070,-0.007,145.1,8,0.0000,0.00
19:41:13,22.255301427717963,84.9039202025077,4.956,1.584,3.54,0.070,-0.007,147.5,8,0.0000,0.00
19:41:13,22.25530142460304,84.90392023695446,4.959,1.583,3.54,0.070,-0.007,147.5,8,0.0000,0.00
19:41:13,22.255301421494668,84.9039202713288,4.963,1.583,3.54,0.070,-0.007,148.9,8,10.0005,0.00
19:41:13,22.255301418376487,84.9039203058116,4.967,1.583,3.54,0.070,-0.007,150.8,8,0.0000,0.00
19:41:13,22.255301415259986,84.90392034027579,4.970,1.582,3.54,0.070,-0.007,156.7,8,10.0005,0.00
19:41:13,22.255301412142778,84.90392037474781,4.974,1.582,3.54,0.070,-0.007,156.7,8,0.0000,0.00
19:41:13,22.255301409024643,84.90392040923012,4.977,1.582,3.54,0.070,-0.007,160.7,8,0.0000,0.00
19:41:13,22.255301405906756,84.90392044370965,4.981,1.581,3.54,0.070,-0.007,165.3,8,10.0005,0.00
19:41:14,22.255301402792426,84.90392047814987,4.984,1.581,3.54,0.070,-0.007,170.4,8,10.0005,0.00
19:41:14,22.255301399678007,84.90392051259109,4.988,1.581,3.54,0.070,-0.007,-178.3,8,10.0005,0.00
19:41:14,22.25530139655925,84.90392054708023,4.991,1.580,3.54,0.070,-0.007,-178.3,8,0.0000,0.00
19:41:14,22.25530139343862,84.90392058159009,4.995,1.580,3.52,0.070,-0.007,-172.3,8,0.0000,0.00
19:41:14,22.25530139032286,84.90392061604614,4.998,1.580,3.52,0.070,-0.007,-166.0,8,0.0000,0.00
19:41:14,22.25530138720471,84.9039206505286,5.002,1.579,3.52,0.070,-0.007,-153.2,8,0.0000,0.00
19:41:14,22.255301384091187,84.90392068495986,5.006,1.579,3.52,0.070,-0.007,-153.2,8,10.0005,0.00
19:41:14,22.255301380970838,84.90392071946661,5.009,1.579,3.52,0.070,-0.007,-146.6,8,10.0005,0.00
19:41:14,22.255301377848692,84.90392075399328,5.013,1.578,3.52,0.070,-0.007,-139.9,8,10.0005,0.00
19:41:14,22.25530137472308,84.90392078855825,5.016,1.578,3.52,0.070,-0.007,-126.4,8,10.0005,0.00
19:41:14,22.255301371603895,84.90392082305213,5.020,1.578,3.52,0.070,-0.007,-126.4,8,0.0000,0.00
19:41:14,22.25530136848386,84.90392085755546,5.023,1.577,3.53,0.070,-0.007,-119.4,8,0.0000,0.00
19:41:14,22.255301365363938,84.9039208920575,5.027,1.577,3.53,0.070,-0.007,-105.2,8,0.0000,0.00
19:41:14,22.25530136224875,84.90392092650718,5.030,1.577,3.53,0.070,-0.007,-105.2,8,0.0000,0.00
19:41:14,22.25530135913629,84.9039209609267,5.034,1.576,3.53,0.070,-0.007,-97.9,8,0.0000,0.00
19:41:14,22.255301356017846,84.90392099541243,5.038,1.576,3.54,0.070,-0.007,-90.6,8,0.0000,0.00
19:41:14,22.255301352894417,84.90392102995327,5.041,1.576,3.54,0.070,-0.007,-75.5,8,0.0000,0.00
19:41:14,22.255301349777003,84.90392106442758,5.045,1.575,3.54,0.070,-0.007,-75.5,8,0.0000,0.00
19:41:14,22.255301346665988,84.90392109883112,5.048,1.575,3.54,0.070,-0.007,-67.9,8,0.0000,0.00
19:41:14,22.255301343548766,84.90392113330331,5.052,1.574,3.54,0.070,-0.007,-60.6,8,0.0000,0.00
19:41:15,22.255301340430144,84.90392116779098,5.055,1.574,3.54,0.070,-0.007,-47.6,8,0.0000,0.00
19:41:15,22.2553013373085,84.9039212023121,5.059,1.574,3.54,0.070,-0.007,-47.6,8,0.0000,0.00
19:41:15,22.25530133419511,84.9039212367419,5.062,1.573,3.54,0.070,-0.007,-42.0,8,0.0000,0.00
19:41:15,22.2553013310737,84.9039212712604,5.066,1.573,3.54,0.070,-0.007,-37.0,8,0.0000,0.00
19:41:15,22.255301327955443,84.903921305744,5.070,1.573,3.55,0.070,-0.007,-28.2,8,0.0000,0.00
19:41:15,22.255301324843238,84.90392134016075,5.073,1.572,3.55,0.070,-0.007,-28.2,8,0.0000,0.00
19:41:15,22.255301321728933,84.90392137460064,5.077,1.572,3.55,0.070,-0.007,-24.2,8,0.0000,0.00
19:41:15,22.255301318609707,84.90392140909502,5.080,1.572,3.55,0.070,-0.007,-16.9,8,0.0000,0.00
19:41:15,22.255301315491643,84.9039214435765,5.084,1.571,3.55,0.070,-0.007,-14.1,8,0.0000,0.00
19:41:15,22.25530131237802,84.9039214780089,5.087,1.571,3.55,0.070,-0.007,-14.1,8,0.0000,0.00
19:41:15,22.2553013092581,84.90392151251093,5.091,1.571,3.55,0.070,-0.007,-11.9,8,0.0000,0.00
19:41:15,22.255301306145803,84.90392154692866,5.094,1.570,3.55,0.070,-0.007,-7.1,8,0.0000,0.00
19:41:15,22.25530130302625,84.90392158142662,5.098,1.570,3.58,0.070,-0.007,-5.1,8,0.0000,0.00
19:41:15,22.255301299899752,84.90392161600137,5.101,1.570,3.58,0.070,-0.007,-5.1,8,0.0000,0.00
19:41:15,22.25530129679163,84.90392165037295,5.105,1.569,3.58,0.070,-0.007,-3.3,8,0.0000,0.00
19:41:15,22.25530129367569,84.90392168483095,5.109,1.569,3.58,0.070,-0.007,-0.3,8,0.0000,0.00
19:41:15,22.255301290560915,84.90392171927607,5.112,1.569,3.58,0.070,-0.007,0.8,8,10.0005,0.00
19:41:15,22.255301287438932,84.90392175380093,5.116,1.568,3.58,0.070,-0.007,0.8,8,10.0005,0.00
19:41:15,22.255301284326546,84.90392178821963,5.119,1.568,3.58,0.070,-0.007,3.2,8,10.0005,0.00
19:41:15,22.25530128120595,84.90392182272917,5.123,1.568,3.58,0.070,-0.007,4.3,8,10.0005,0.00
19:41:16,22.255301278089476,84.90392185719304,5.126,1.567,3.58,0.070,-0.007,4.3,8,0.0000,0.00
19:41:16,22.255301274972314,84.90392189166458,5.130,1.567,3.58,0.070,-0.007,5.4,8,10.0005,0.00
19:41:16,22.25530127185213,84.90392192616955,5.133,1.566,3.58,0.070,-0.007,7.4,8,10.0005,0.00
19:41:16,22.255301268737707,84.90392196061075,5.137,1.566,3.58,0.070,-0.007,8.3,8,10.0005,0.00
19:41:16,22.25530126561913,84.90392199509795,5.141,1.566,3.58,0.070,-0.007,8.3,8,0.0000,0.00
19:41:16,22.255301262507466,84.90392202950865,5.144,1.565,3.58,0.070,-0.007,9.1,8,0.0000,0.00
19:41:16,22.25530125938992,84.90392206398444,5.148,1.565,3.58,0.070,-0.007,10.9,8,0.0000,0.00
19:41:16,22.255301256270826,84.90392209847734,5.151,1.565,3.58,0.070,-0.007,10.9,8,10.0005,0.00
19:41:16,22.255301253156908,84.903922132913,5.155,1.564,3.58,0.070,-0.007,11.7,8,10.0005,0.00
19:41:16,22.25530125003756,84.90392216740867,5.158,1.564,3.58,0.070,-0.007,13.1,8,10.0005,0.00
19:41:16,22.255301246915973,84.90392220192912,5.162,1.564,3.58,0.070,-0.007,13.8,8,10.0005,0.00
19:41:16,22.255301243798826,84.9039222364005,5.165,1.563,3.58,0.070,-0.007,13.8,8,10.0005,0.00
19:41:16,22.255301240682755,84.90392227085997,5.169,1.563,3.58,0.070,-0.007,14.5,8,0.0000,0.00
19:41:16,22.255301237565636,84.90392230533102,5.173,1.563,3.58,0.070,-0.007,15.1,8,0.0000,0.00
19:41:16,22.255301234447852,84.90392233980941,5.176,1.562,3.58,0.070,-0.007,17.6,8,0.0000,0.00
19:41:16,22.255301231320413,84.90392237439461,5.180,1.562,3.58,0.070,-0.007,17.6,8,0.0000,0.00
19:41:16,22.255301228201773,84.90392240888245,5.183,1.562,3.58,0.070,-0.007,19.9,8,0.0000,0.00
19:41:16,22.25530122508697,84.9039224433279,5.187,1.561,3.58,0.070,-0.007,25.6,8,0.0000,0.00
19:41:16,22.255301221960163,84.90392247790608,5.190,1.561,3.58,0.070,-0.007,29.0,8,0.0000,0.00
19:41:16,22.255301218845066,84.9039225123548,5.194,1.561,3.58,0.070,-0.007,32.5,8,0.0000,0.00
19:41:17,22.25530121572019,84.90392254691162,5.197,1.560,3.58,0.070,-0.007,32.5,8,0.0000,0.00
19:41:17,22.25530121261093,84.90392258129575,5.201,1.560,3.58,0.070,-0.007,40.3,8,0.0000,0.00
19:41:17,22.255301209496967,84.9039226157319,5.204,1.560,3.58,0.070,-0.007,44.1,8,0.0000,0.00
19:41:17,22.255301206375336,84.90392265025285,5.208,1.559,3.58,0.070,-0.007,47.9,8,0.0000,0.00
19:41:17,22.255301203260842,84.90392268469486,5.212,1.559,3.58,0.070,-0.007,47.9,8,0.0000,0.00
19:41:17,22.25530120014759,84.90392271912319,5.215,1.558,3.58,0.070,-0.007,55.4,8,10.0005,0.00
19:41:17,22.255301197021474,84.90392275369372,5.219,1.558,3.58,0.070,-0.007,58.9,8,10.0005,0.00
19:41:17,22.25530119390251,84.90392278818514,5.222,1.558,3.58,0.070,-0.007,62.5,8,10.0005,0.00
19:41:17,22.255301190778578,84.90392282273153,5.226,1.557,3.58,0.070,-0.007,62.5,8,10.0005,0.00
19:41:17,22.255301187661505,84.90392285720209,5.229,1.557,3.58,0.070,-0.007,69.3,8,10.0005,0.00
19:41:17,22.255301184538354,84.90392289173984,5.233,1.557,3.57,0.070,-0.007,72.8,8,0.0000,0.00
19:41:17,22.255301181415042,84.90392292627938,5.236,1.556,3.57,0.070,-0.007,72.8,8,0.0000,0.00
19:41:17,22.255301178303114,84.90392296069302,5.240,1.556,3.57,0.070,-0.007,76.3,8,0.0000,0.00
19:41:17,22.255301175183373,84.9039229951931,5.244,1.556,3.57,0.070,-0.007,83.3,8,10.0005,0.00
19:41:17,22.25530117206376,84.90392302969171,5.247,1.555,3.57,0.070,-0.007,86.5,8,10.0005,0.00
19:41:17,22.25530116894067,84.9039230642288,5.251,1.555,3.57,0.070,-0.007,86.5,8,10.0005,0.00
19:41:17,22.2553011658233,84.90392309870262,5.254,1.555,3.57,0.070,-0.007,92.0,8,10.0005,0.00
19:41:17,22.255301162699414,84.90392313324853,5.258,1.554,3.57,0.070,-0.007,94.4,8,10.0005,0.00
19:41:17,22.255301159583578,84.90392316770539,5.261,1.554,3.56,0.070,-0.007,96.6,8,0.0000,0.00
19:41:18,22.255301156457243,84.90392320227835,5.265,1.554,3.56,0.070,-0.007,96.6,8,10.0005,0.00
19:41:18,22.255301153342806,84.90392323671972,5.268,1.553,3.56,0.070,-0.007,100.6,8,0.0000,0.00
19:41:18,22.255301150218624,84.90392327126888,5.272,1.553,3.56,0.070,-0.007,102.3,8,0.0000,0.00
19:41:18,22.255301147104042,84.90392330571188,5.276,1.553,3.56,0.070,-0.007,103.7,8,0.0000,0.00
19:41:18,22.25530114398275,84.90392334022908,5.279,1.552,3.56,0.070,-0.007,103.7,8,10.0005,0.00
19:41:18,22.255301140864997,84.90392337470713,5.283,1.552,3.56,0.070,-0.007,105.8,8,10.0005,0.00
19:41:18,22.25530113774664,84.90392340919189,5.286,1.552,3.56,0.070,-0.007,107.0,8,0.0000,0.00
19:41:18,22.255301134619803,84.9039234437704,5.290,1.551,3.56,0.070,-0.007,108.1,8,0.0000,0.00
19:41:18,22.25530113150236,84.90392347824503,5.293,1.551,3.56,0.070,-0.007,108.1,8,0.0000,0.00
19:41:18,22.25530112838878,84.90392351267694,5.297,1.551,3.56,0.070,-0.007,110.1,8,0.0000,0.00
19:41:18,22.255301125268712,84.90392354718061,5.300,1.550,3.56,0.070,-0.007,110.3,8,10.0005,0.00
19:41:18,22.25530112215075,84.90392358166095,5.304,1.550,3.56,0.070,-0.007,110.3,8,10.0005,0.00
19:41:18,22.25530111903775,84.9039236160865,5.308,1.549,3.56,0.070,-0.007,110.8,8,10.0005,0.00
19:41:18,22.255301115919053,84.903923650575,5.311,1.549,3.56,0.070,-0.007,110.8,8,10.0005,0.00
19:41:18,22.255301112805398,84.90392368500773,5.315,1.549,3.56,0.070,-0.007,110.8,8,0.0000,0.00
19:41:18,22.255301109683355,84.90392371953324,5.318,1.548,3.56,0.070,-0.007,110.8,8,0.0000,0.00
19:41:18,22.25530110656935,84.90392375396988,5.322,1.548,3.55,0.070,-0.007,111.0,8,0.0000,0.00
19:41:18,22.255301103446815,84.90392378850078,5.325,1.548,3.55,0.070,-0.007,111.3,8,0.0000,0.00
19:41:18,22.2553011003307,84.90392382296073,5.329,1.547,3.55,0.070,-0.007,111.8,8,0.0000,0.00
19:41:18,22.25530109720979,84.9039238574737,5.332,1.547,3.55,0.070,-0.007,111.8,8,0.0000,0.00
19:41:19,22.25530109409471,84.90392389192223,5.336,1.547,3.55,0.070,-0.007,113.0,8,0.0000,0.00
19:41:19,22.255301090983238,84.90392392633083,5.340,1.546,3.55,0.070,-0.007,113.8,8,0.0000,0.00
19:41:19,22.25530108786789,84.90392396078231,5.343,1.546,3.55,0.070,-0.007,115.7,8,0.0000,0.00
19:41:19,22.25530108475469,84.90392399520998,5.347,1.546,3.55,0.070,-0.007,115.7,8,0.0000,0.00
19:41:19,22.255301081646362,84.90392402958383,5.350,1.545,3.55,0.070,-0.007,116.7,8,10.0005,0.00
19:41:19,22.25530107853209,84.90392406402341,5.354,1.545,3.55,0.070,-0.007,117.8,8,0.0000,0.00
19:41:19,22.255301075413467,84.9039240985111,5.357,1.545,3.55,0.070,-0.007,119.9,8,0.0000,0.00
19:41:19,22.25530107230012,84.90392413294039,5.361,1.544,3.55,0.070,-0.007,119.9,8,0.0000,0.00
19:41:19,22.255301069187706,84.90392416735942,5.364,1.544,3.55,0.070,-0.007,120.9,8,0.0000,0.00
19:41:19,22.25530106606817,84.90392420185722,5.368,1.544,3.55,0.070,-0.007,122.0,8,0.0000,0.00
19:41:19,22.255301062951684,84.90392423632126,5.371,1.543,3.55,0.070,-0.007,124.2,8,0.0000,0.00
19:41:19,22.25530105982535,84.90392427089422,5.375,1.543,3.55,0.070,-0.007,124.2,8,0.0000,0.00
19:41:19,22.255301056713613,84.90392430530575,5.379,1.543,3.55,0.070,-0.007,125.4,8,0.0000,0.00
19:41:19,22.25530105360073,84.90392433973,5.382,1.542,3.55,0.070,-0.007,126.6,8,10.0005,0.00
19:41:19,22.255301050470027,84.90392437435123,5.386,1.542,3.55,0.070,-0.007,129.0,8,0.0000,0.00
19:41:19,22.255301047349324,84.90392440886191,5.389,1.541,3.55,0.070,-0.007,129.0,8,0.0000,0.00
19:41:19,22.255301044235626,84.90392444329513,5.393,1.541,3.55,0.070,-0.007,130.1,8,0.0000,0.00
19:41:19,22.25530104111708,84.90392447778198,5.396,1.541,3.55,0.070,-0.007,131.4,8,0.0000,0.00
19:41:19,22.255301037994652,84.90392451231175,5.400,1.540,3.55,0.070,-0.007,133.6,8,0.0000,0.00
19:41:19,22.255301034880276,84.90392454675246,5.403,1.540,3.55,0.070,-0.007,133.6,8,0.0000,0.00
19:41:20,22.255301031761725,84.90392458123932,5.407,1.540,3.55,0.070,-0.007,134.6,8,0.0000,0.00
19:41:20,22.25530102864505,84.90392461570549,5.411,1.539,3.55,0.070,-0.007,135.6,8,10.0005,0.00
19:41:20,22.2553010255215,84.90392465024763,5.414,1.539,3.55,0.070,-0.007,135.6,8,10.0005,0.00
19:41:20,22.255301022400605,84.90392468476043,5.418,1.539,3.55,0.070,-0.007,137.3,8,10.0005,0.00
19:41:20,22.25530101927806,84.90392471929148,5.421,1.538,3.55,0.070,-0.007,138.1,8,0.0000,0.00
19:41:20,22.255301016157773,84.9039247537976,5.425,1.538,3.55,0.070,-0.007,139.5,8,10.0005,0.00
19:41:20,22.2553010130353,84.90392478832784,5.428,1.538,3.55,0.070,-0.007,139.5,8,10.0005,0.00
19:41:20,22.255301009915158,84.90392482283232,5.432,1.537,3.55,0.070,-0.007,140.2,8,10.0005,0.00
19:41:20,22.25530100679751,84.90392485730924,5.435,1.537,3.55,0.070,-0.007,140.7,8,0.0000,0.00
19:41:20,22.255301003674713,84.90392489184308,5.439,1.537,3.55,0.070,-0.007,141.3,8,0.0000,0.00
19:41:20,22.255301000556518,84.90392492632603,5.443,1.536,3.55,0.070,-0.007,141.3,8,0.0000,0.00
19:41:20,22.255300997436215,84.9039249608323,5.446,1.536,3.55,0.070,-0.007,141.4,8,0.0000,0.00
19:41:20,22.255300994307827,84.90392499542793,5.450,1.536,3.55,0.070,-0.007,141.3,8,10.0005,0.00
19:41:20,22.25530099119363,84.90392502986668,5.453,1.535,3.55,0.070,-0.007,141.2,8,10.0005,0.00
19:41:20,22.25530098807334,84.9039250643728,5.457,1.535,3.55,0.070,-0.007,141.2,8,10.0005,0.00
19:41:20,22.255300984961384,84.90392509878677,5.460,1.535,3.55,0.070,-0.007,141.0,8,10.0005,0.00
19:41:20,22.2553009818427,84.90392513327511,5.464,1.534,3.55,0.070,-0.007,140.6,8,10.0005,0.00
19:41:20,22.255300978732247,84.90392516767244,5.467,1.534,3.55,0.070,-0.007,140.3,8,0.0000,0.00
19:41:20,22.25530097561227,84.90392520217513,5.471,1.534,3.54,0.070,-0.007,140.3,8,0.0000,0.00
19:41:20,22.255300972503672,84.90392523655193,5.475,1.533,3.54,0.070,-0.007,140.0,8,0.0000,0.00
19:41:21,22.255300969379256,84.90392527110369,5.478,1.533,3.54,0.070,-0.007,139.3,8,0.0000,0.00
19:41:21,22.255300966265498,84.90392530553756,5.482,1.532,3.54,0.070,-0.007,139.3,8,10.0005,0.00
19:41:21,22.25530096314919,84.90392533999965,5.485,1.532,3.54,0.070,-0.007,139.0,8,0.0000,0.00
19:41:21,22.25530096003257,84.90392537446515,5.489,1.532,3.52,0.070,-0.007,138.6,8,0.0000,0.00
19:41:21,22.255300956914894,84.90392540894238,5.492,1.531,3.52,0.070,-0.007,138.6,8,0.0000,0.00
19:41:21,22.255300953805442,84.90392544332863,5.496,1.531,3.52,0.070,-0.007,138.1,8,0.0000,0.00
19:41:21,22.25530095068738,84.90392547781012,5.499,1.531,3.52,0.070,-0.007,137.8,8,10.0005,0.00
19:41:21,22.255300947573712,84.903925512243,5.503,1.530,3.52,0.070,-0.007,137.4,8,0.0000,0.00
19:41:21,22.255300944444294,84.90392554685006,5.506,1.530,3.52,0.070,-0.007,137.4,8,0.0000,0.00
19:41:21,22.255300941328283,84.90392558130888,5.510,1.530,3.52,0.070,-0.007,137.3,8,0.0000,0.00
19:41:21,22.255300938203774,84.90392561586162,5.514,1.529,3.52,0.070,-0.007,137.1,8,0.0000,0.00
19:41:21,22.25530093509179,84.90392565027592,5.517,1.529,3.48,0.070,-0.007,137.1,8,0.0000,0.00
19:41:21,22.25530093196867,84.90392568481334,5.521,1.529,3.48,0.070,-0.007,137.1,8,0.0000,0.00
19:41:21,22.25530092885367,84.90392571926091,5.524,1.528,3.48,0.070,-0.007,137.1,8,0.0000,0.00
19:41:21,22.255300925716085,84.9039257539583,5.528,1.528,3.48,0.070,-0.007,137.3,8,0.0000,0.00
19:41:21,22.255300922599115,84.90392578842773,5.531,1.528,3.41,0.070,-0.007,137.5,8,0.0000,0.00
19:41:21,22.255300919466865,84.90392582306609,5.535,1.527,3.41,0.070,-0.007,137.5,8,0.0000,0.00
19:41:21,22.25530091632801,84.90392585777751,5.539,1.527,3.41,0.070,-0.007,137.7,8,0.0000,0.00
19:41:21,22.255300913194716,84.90392589242744,5.542,1.527,3.41,0.070,-0.007,138.0,8,0.0000,0.00
19:41:22,22.255300910062864,84.90392592706141,5.546,1.526,3.41,0.070,-0.007,138.2,8,0.0000,0.00
19:41:22,22.25530090692202,84.90392596179484,5.549,1.526,3.41,0.070,-0.007,138.2,8,0.0000,0.00
19:41:22,22.255300903787308,84.90392599646043,5.553,1.526,3.41,0.070,-0.007,138.5,8,0.0000,0.00
19:41:22,22.255300900653705,84.9039260311138,5.556,1.525,3.41,0.070,-0.007,138.9,8,0.0000,0.00
19:41:22,22.255300897518328,84.90392606578672,5.560,1.525,3.41,0.070,-0.007,139.0,8,0.0000,0.00
19:41:22,22.255300891244204,84.90392613516994,5.567,1.524,3.31,0.070,-0.007,139.2,8,0.0000,0.00
19:41:22,22.255300888128073,84.90392616963005,5.571,1.524,3.31,0.070,-0.007,139.5,8,0.0000,0.00
19:41:22,22.255297955977785,84.9039181465071,4.744,1.197,3.31,-0.015,-0.040,139.7,8,0.0040,0.00
19:41:22,22.255297927166186,84.90391809410696,4.739,1.194,3.19,-0.015,-0.040,139.7,8,0.0040,0.00
19:41:22,22.25529790871071,84.90391808662898,4.738,1.192,3.19,-0.015,-0.040,139.8,8,0.0040,0.00
19:41:22,22.255297890413637,84.90391807921517,4.737,1.190,3.19,-0.015,-0.040,140.1,8,0.0000,0.00
19:41:22,22.255297872059057,84.90391807177808,4.736,1.188,3.19,-0.015,-0.040,140.3,8,0.0000,0.00
19:41:22,22.25529790348305,84.90391824544606,4.754,1.192,3.19,-0.010,-0.039,140.3,8,0.0037,0.00
19:41:22,22.255297885789545,84.90391824062714,4.754,1.190,3.19,-0.010,-0.039,140.4,8,0.0037,0.00
19:41:22,22.255297986437473,84.90391833473957,4.763,1.201,3.19,-0.005,-0.033,140.7,8,0.0029,0.00
19:41:22,22.25529797154911,84.90391833227653,4.763,1.199,3.19,-0.005,-0.033,140.8,8,0.0029,0.00
19:41:22,22.255298066323217,84.90391836119362,4.766,1.210,3.10,-0.002,-0.023,141.0,8,0.0024,0.00
19:41:22,22.25529805587955,84.90391836000511,4.766,1.208,3.10,-0.002,-0.023,141.0,8,0.0000,0.00
19:41:22,22.255298129048164,84.90391836610378,4.767,1.217,3.10,-0.001,-0.010,141.1,8,0.0023,0.00
19:41:22,22.255298124309004,84.90391836541247,4.767,1.216,3.10,-0.001,-0.010,141.0,8,0.0023,0.00
19:41:23,22.25529816789597,84.90391836626449,4.767,1.221,3.10,-0.001,0.001,141.0,8,0.0019,0.00
19:41:23,22.25529816839404,84.90391836574038,4.767,1.221,3.10,-0.001,0.001,141.0,8,0.0000,0.00
19:41:23,22.255298168888757,84.90391836521981,4.767,1.221,3.10,-0.001,0.001,140.7,8,0.0000,0.00
19:41:23,22.25529819113221,84.90391837180215,4.767,1.224,3.10,0.001,0.009,140.5,8,0.0023,0.00
19:41:23,22.255298195302988,84.90391837247928,4.767,1.224,3.10,0.001,0.009,140.5,8,0.0023,0.00
19:41:23,22.255298199461656,84.90391837315444,4.767,1.224,3.14,0.001,0.009,140.4,8,0.0000,0.00
19:41:23,22.255298203620008,84.90391837382955,4.767,1.225,3.14,0.001,0.009,140.0,8,0.0000,0.00
19:41:23,22.25529820917117,84.90391837944235,4.768,1.226,3.14,0.003,0.010,139.8,8,0.0015,0.00
19:41:23,22.255298213630862,84.90391838114611,4.768,1.226,3.14,0.003,0.010,139.8,8,0.0015,0.00
19:41:23,22.25529821806831,84.9039183828414,4.768,1.227,3.19,0.003,0.010,139.5,8,0.0000,0.00
19:41:23,22.25529822251305,84.90391838453945,4.769,1.227,3.19,0.003,0.010,139.3,8,0.0000,0.00
19:41:23,22.255298220106127,84.90391838554044,4.769,1.227,3.19,0.003,0.006,139.0,8,0.0009,0.00
19:41:23,22.255298223057,84.90391838709135,4.769,1.227,3.19,0.003,0.006,139.0,8,0.0009,0.00
19:41:23,22.25529822157157,84.90391838670553,4.769,1.227,3.19,0.002,0.004,138.5,8,0.0011,0.00
19:41:23,22.25529822343113,84.90391838777975,4.769,1.227,3.19,0.002,0.004,136.9,8,0.0000,0.00
19:41:23,22.25529833848106,84.90391841048958,4.771,1.240,3.19,0.014,0.074,135.8,8,0.0015,0.00
19:41:23,22.255298371966767,84.90391841761051,4.772,1.244,3.19,0.014,0.074,135.8,8,0.0015,0.00
19:41:23,22.255298485642122,84.90391845191438,4.776,1.256,3.20,0.032,0.128,133.5,8,0.0019,0.00
19:41:23,22.25529854394724,84.90391846743434,4.777,1.263,3.20,0.032,0.128,131.7,8,0.0000,0.00
19:41:23,22.255298601928303,84.90391848286804,4.779,1.269,3.20,0.032,0.128,128.8,8,0.0000,0.00
19:41:24,22.25529864544081,84.90391854449538,4.785,1.274,3.20,0.060,0.118,128.8,8,0.0015,0.00
19:41:24,22.255298699172204,84.90391857394832,4.788,1.280,3.20,0.060,0.118,119.2,8,0.0015,0.00
19:41:24,22.25529875284458,84.9039186033689,4.791,1.286,3.20,0.060,0.118,113.4,8,0.0000,0.00
19:41:24,22.255298806482767,84.90391863277071,4.794,1.292,3.20,0.060,0.118,100.7,8,0.0000,0.00
19:41:24,22.255298753667528,84.90391860354536,4.791,1.286,3.20,0.028,0.056,100.7,8,0.0010,0.00
19:41:24,22.25529877929717,84.90391861752143,4.793,1.289,3.20,0.028,0.056,94.0,8,0.0010,0.00
19:41:24,22.255298670870886,84.90391861206025,4.792,1.277,3.20,0.017,-0.026,89.0,8,0.0030,0.00
19:41:24,22.25529865920834,84.90391862066144,4.793,1.276,3.20,0.017,-0.026,83.5,8,0.0000,0.00
19:41:24,22.255298647603027,84.9039186292204,4.794,1.274,3.20,0.017,-0.026,83.5,8,0.0000,0.00
19:41:24,22.25529864049535,84.90391851591811,4.782,1.274,3.20,-0.053,-0.023,80.3,8,0.0018,0.00
19:41:24,22.25529863010607,84.90391848991338,4.779,1.272,3.20,-0.053,-0.023,77.0,8,0.0018,0.00
19:41:24,22.25529861977929,84.9039184640651,4.777,1.271,3.20,-0.053,-0.023,71.2,8,0.0000,0.00
19:41:24,22.25529860943376,84.90391843816988,4.774,1.270,3.20,-0.053,-0.023,71.2,8,0.0000,0.00
19:41:24,22.2552986184395,84.90391846909066,4.777,1.271,3.20,-0.023,-0.012,68.8,8,0.0010,0.00
19:41:24,22.25529861303177,84.90391845771936,4.776,1.270,3.20,-0.023,-0.012,66.5,8,0.0010,0.00
19:41:24,22.255298614241322,84.90391846760458,4.777,1.271,3.20,-0.011,-0.008,62.4,8,0.0008,0.00
19:41:24,22.25529861062763,84.9039184620187,4.777,1.270,3.20,-0.011,-0.008,62.4,8,0.0000,0.00
19:41:24,22.255298609737192,84.90391846653635,4.777,1.270,3.20,-0.005,-0.006,60.7,8,0.0007,0.00
19:41:24,22.25529860693819,84.90391846397118,4.777,1.270,3.21,-0.005,-0.006,59.1,8,0.0007,0.00
19:41:24,22.255298606347772,84.90391846757785,4.777,1.270,3.21,-0.001,-0.005,56.2,8,0.0008,0.00
19:41:25,22.255298604247113,84.90391846698438,4.777,1.270,3.21,-0.001,-0.005,56.2,8,0.0000,0.00
19:41:25,22.25529860377351,84.90391846949193,4.777,1.269,3.21,0.001,-0.003,54.9,8,0.0009,0.00
19:41:25,22.25529860221403,84.90391846993751,4.777,1.269,3.21,0.001,-0.003,53.7,8,0.0009,0.00
19:41:25,22.25529860066523,84.90391847038003,4.777,1.269,3.21,0.001,-0.003,51.4,8,0.0009,0.00
19:41:25,22.255298599116923,84.90391847082242,4.777,1.269,3.21,0.001,-0.003,51.4,8,0.0000,0.00
19:41:25,22.255298597567112,84.90391847126523,4.778,1.269,3.21,0.001,-0.003,50.1,8,0.0000,0.00
19:41:25,22.25529859931249,84.90391847241972,4.778,1.269,3.21,0.001,-0.002,48.5,8,0.0006,0.00
19:41:25,22.25529859860263,84.90391847304794,4.778,1.269,3.21,0.001,-0.002,44.7,8,0.0006,0.00
19:41:25,22.255298597896513,84.90391847367286,4.778,1.269,3.21,0.001,-0.002,44.7,8,0.0000,0.00
19:41:25,22.255298597190354,84.90391847429781,4.778,1.269,3.21,0.001,-0.002,42.5,8,0.0000,0.00
19:41:25,22.255298599253944,84.90391846918179,4.777,1.269,3.21,-0.001,-0.000,40.3,8,0.0008,0.00
19:41:25,22.25529859920152,84.90391846844916,4.777,1.269,3.21,-0.001,-0.000,34.9,8,0.0008,0.00
19:41:25,22.255298599149157,84.90391846771743,4.777,1.269,3.21,-0.001,-0.000,34.9,8,0.0000,0.00
19:41:25,22.255298599096974,84.90391846698817,4.777,1.269,3.21,-0.001,-0.000,31.3,8,0.0000,0.00
19:41:25,22.25529858673537,84.90391875263538,4.806,1.268,3.21,0.133,-0.006,26.5,8,0.0024,0.00
19:41:25,22.25529858384204,84.90391881799785,4.813,1.267,3.21,0.133,-0.006,14.7,8,0.0024,0.00
19:41:25,22.255298580952573,84.90391888327309,4.820,1.267,3.21,0.133,-0.006,14.7,8,0.0024,0.00
19:41:25,22.2552985780756,84.90391894826598,4.827,1.267,3.21,0.133,-0.006,8.1,8,0.0000,0.00
19:41:25,22.255298575186828,84.90391901352551,4.833,1.266,3.21,0.133,-0.006,1.7,8,0.0000,0.00
19:41:26,22.25529864635571,84.90391929307442,4.862,1.274,3.21,0.226,0.028,-9.2,8,0.0033,0.00
19:41:26,22.255298659248613,84.90391940425653,4.874,1.276,3.21,0.226,0.028,-9.2,8,0.0033,0.00
19:41:26,22.255298672079313,84.90391951490219,4.885,1.277,3.21,0.226,0.028,-13.7,8,0.0000,0.00
19:41:26,22.255298684920753,84.90391962564047,4.896,1.279,3.21,0.226,0.028,-17.7,8,0.0000,0.00
19:41:26,22.255298731047773,84.90391960802428,4.895,1.284,3.20,0.170,0.044,-24.4,8,0.0016,0.00
19:41:26,22.255298751184405,84.90391969168357,4.903,1.286,3.20,0.170,0.044,-24.4,8,0.0016,0.00
19:41:26,22.255298771121204,84.90391977451264,4.912,1.288,3.20,0.170,0.044,-27.3,8,0.0000,0.00
19:41:26,22.25529879111283,84.90391985756949,4.920,1.290,3.20,0.170,0.044,-32.5,8,0.0000,0.00
19:41:26,22.255298813928302,84.90391982205672,4.917,1.293,3.18,0.116,0.046,-32.5,8,0.0009,0.00
19:41:26,22.25529883464829,84.9039198792563,4.923,1.295,3.18,0.116,0.046,-34.7,8,0.0009,0.00
19:41:26,22.255298860315193,84.90391989077976,4.924,1.298,3.18,0.094,0.048,-36.8,8,0.0010,0.00
19:41:26,22.25529888234641,84.90391993694449,4.929,1.300,3.18,0.094,0.048,-40.6,8,0.0000,0.00
19:41:26,22.255298908436743,84.90391995784113,4.931,1.303,3.18,0.079,0.051,-40.6,8,0.0009,0.00
19:41:26,22.255298931502086,84.90391999676898,4.935,1.306,3.18,0.079,0.051,-42.3,8,0.0009,0.00
19:41:26,22.255298954522484,84.90392003562098,4.939,1.309,3.18,0.079,0.051,-45.1,8,0.0009,0.00
19:41:26,22.255298977519164,84.90392007443295,4.943,1.311,3.18,0.079,0.051,-46.4,8,0.0000,0.00
19:41:26,22.255299000593972,84.90392011337677,4.947,1.314,3.18,0.079,0.051,-46.4,8,0.0000,0.00
19:41:26,22.25529904524078,84.9039199647992,4.931,1.319,3.18,-0.013,0.062,-47.5,8,0.0012,0.00
19:41:26,22.255299073715275,84.90391995814709,4.931,1.322,3.18,-0.013,0.062,-49.4,8,0.0012,0.00
19:41:26,22.255299101959483,84.90391995154877,4.930,1.325,3.18,-0.013,0.062,-50.2,8,0.0000,0.00
19:41:27,22.255299130553066,84.90391994486885,4.929,1.328,3.18,-0.013,0.062,-50.2,8,0.0000,0.00
19:41:27,22.2552992193412,84.9039197722535,4.912,1.338,3.18,-0.092,0.093,-51.4,8,0.0020,0.00
19:41:27,22.255299261790867,84.90391972716931,4.907,1.343,3.18,-0.092,0.093,-51.4,8,0.0020,0.00
19:41:27,22.2552993038981,84.9039196824488,4.902,1.347,3.18,-0.092,0.093,-51.8,8,0.0000,0.00
19:41:27,22.255299346234754,84.90391963748465,4.898,1.352,3.18,-0.092,0.093,-54.0,8,0.0000,0.00
19:41:27,22.255299729432434,84.90391933298802,4.866,1.395,3.18,-0.212,0.264,-56.5,8,0.0048,0.00
19:41:27,22.25529984986001,84.90391922852284,4.856,1.408,3.18,-0.212,0.264,-56.5,8,0.0048,0.00
19:41:27,22.255299969310556,84.90391912490519,4.845,1.421,3.18,-0.212,0.264,-59.8,8,0.0048,0.00
19:41:27,22.255300089042596,84.90391902104334,4.834,1.435,3.18,-0.212,0.264,-68.0,8,0.0000,0.00
19:41:27,22.25530020901026,84.90391891697709,4.823,1.448,3.18,-0.212,0.264,-72.5,8,0.0000,0.00
19:41:27,22.255300583802857,84.90391864781847,4.796,1.490,3.18,-0.283,0.383,-72.5,8,0.0048,0.00
19:41:27,22.25530075806568,84.90391850849929,4.781,1.509,3.18,-0.283,0.383,-77.1,8,0.0048,0.00
19:41:27,22.25530093137168,84.90391836994507,4.767,1.529,3.18,-0.283,0.383,-86.4,8,0.0000,0.00
19:41:27,22.25530110508962,84.90391823106152,4.753,1.548,3.18,-0.283,0.383,-91.2,8,0.0000,0.00
19:41:27,22.255301187451416,84.90391793914567,4.723,1.557,3.18,-0.351,0.340,-91.2,8,0.0043,0.00
19:41:27,22.255301341805467,84.90391776726122,4.705,1.574,3.18,-0.351,0.340,-100.8,8,0.0043,0.00
19:41:27,22.255301495632782,84.9039175959633,4.687,1.591,3.18,-0.351,0.340,-105.7,8,0.0000,0.00
19:41:27,22.255301649815625,84.9039174242695,4.670,1.609,3.18,-0.351,0.340,-110.5,8,0.0000,0.00
19:41:27,22.255301641347245,84.9039171118617,4.637,1.608,3.13,-0.413,0.261,-110.5,8,0.0042,0.00
19:41:27,22.255301760166823,84.90391690868692,4.617,1.621,3.13,-0.413,0.261,-118.2,8,0.0042,0.00
19:41:28,22.25530187826761,84.90391670674124,4.596,1.634,3.13,-0.413,0.261,-120.8,8,0.0000,0.00
19:41:28,22.25530199650768,84.9039165045574,4.575,1.647,3.13,-0.413,0.261,-120.8,8,0.0000,0.00
19:41:28,22.255302114429465,84.9039163029178,4.554,1.660,3.14,-0.413,0.261,-123.0,8,0.0000,0.00
19:41:28,22.255301786050424,84.90391602484397,4.525,1.624,3.14,-0.446,0.056,-126.2,8,0.0045,0.00
19:41:28,22.25530181144894,84.90391580594857,4.503,1.627,3.14,-0.446,0.056,-127.4,8,0.0045,0.00
19:41:28,22.25530183672253,84.90391558812988,4.480,1.629,3.14,-0.446,0.056,-127.4,8,0.0000,0.00
19:41:28,22.25530186200318,84.90391537025033,4.458,1.632,3.14,-0.446,0.056,-129.1,8,0.0000,0.00
19:41:28,22.25530156253056,84.90391514647261,4.435,1.599,3.14,-0.448,-0.097,-128.4,8,0.0056,0.00
19:41:28,22.255301518548066,84.90391492658046,4.412,1.594,3.14,-0.448,-0.097,-128.4,8,0.0056,0.00
19:41:28,22.25530147465808,84.90391470715078,4.390,1.589,3.14,-0.448,-0.097,-126.2,8,0.0000,0.00
19:41:28,22.255301430749842,84.90391448762985,4.367,1.584,3.17,-0.448,-0.097,-119.1,8,0.0000,0.00
19:41:28,22.255301018059,84.9039143563402,4.354,1.538,3.17,-0.409,-0.275,-114.7,8,0.0055,0.00
19:41:28,22.255300892782962,84.90391415494102,4.333,1.524,3.17,-0.409,-0.275,-114.7,8,0.0055,0.00
19:41:28,22.255300620289365,84.90391399759548,4.317,1.494,3.17,-0.388,-0.354,-110.0,8,0.0051,0.00
19:41:28,22.255300459156746,84.90391380686933,4.297,1.476,3.17,-0.388,-0.354,-99.6,8,0.0000,0.00
19:41:28,22.25530029856891,84.90391361678802,4.277,1.458,3.20,-0.388,-0.354,-99.6,8,0.0000,0.00
19:41:28,22.255300183576963,84.90391334080907,4.249,1.445,3.20,-0.434,-0.327,-88.3,8,0.0048,0.00
19:41:28,22.255300034479525,84.9039131273797,4.227,1.429,3.20,-0.434,-0.327,-83.9,8,0.0048,0.00
19:41:28,22.255299885743277,84.90391291446737,4.205,1.412,3.20,-0.434,-0.327,-80.4,8,0.0000,0.00
19:41:29,22.255299737224448,84.90391270186628,4.183,1.396,3.20,-0.434,-0.327,-75.3,8,0.0000,0.00
19:41:29,22.25529988724659,84.903912460934,4.158,1.412,3.20,-0.448,-0.164,-75.3,8,0.0046,0.00
19:41:29,22.255299812960867,84.90391224101936,4.136,1.404,3.20,-0.448,-0.164,-73.4,8,0.0046,0.00
19:41:29,22.255299930200735,84.90391198718149,4.109,1.417,3.20,-0.467,-0.051,-72.4,8,0.0049,0.00
19:41:29,22.255299906696433,84.90391175668782,4.086,1.415,3.21,-0.467,-0.051,-72.4,8,0.0000,0.00
19:41:29,22.2553000278752,84.9039115081383,4.060,1.428,3.21,-0.479,0.041,-73.7,8,0.0053,0.00
19:41:29,22.255300046777595,84.90391127243973,4.036,1.430,3.21,-0.479,0.041,-75.7,8,0.0053,0.00
19:41:29,22.255300212775694,84.90391105222125,4.013,1.449,3.21,-0.469,0.143,-78.4,8,0.0052,0.00
19:41:29,22.255300278007798,84.90391082111714,3.989,1.456,3.21,-0.469,0.143,-86.2,8,0.0000,0.00
19:41:29,22.255300343047338,84.90391059069523,3.966,1.463,3.21,-0.469,0.143,-86.2,8,0.0000,0.00
19:41:29,22.255300514682702,84.90391028734766,3.934,1.482,3.21,-0.515,0.215,-91.3,8,0.0055,0.00
19:41:29,22.255300612534054,84.9039100336929,3.908,1.493,3.21,-0.515,0.215,-96.8,8,0.0055,0.00
19:41:29,22.25530070991678,84.90390978125292,3.882,1.504,3.21,-0.515,0.215,-108.9,8,0.0000,0.00
19:41:29,22.25530080738367,84.9039095285948,3.856,1.515,3.21,-0.515,0.215,-108.9,8,0.0000,0.00
19:41:29,22.255300865506346,84.90390920699602,3.823,1.521,3.21,-0.553,0.192,-115.3,8,0.0056,0.00
19:41:29,22.255300953068495,84.90390893474678,3.795,1.531,3.21,-0.553,0.192,-121.9,8,0.0056,0.00
19:41:29,22.255301040215084,84.90390866378961,3.767,1.541,3.18,-0.553,0.192,-121.9,8,0.0000,0.00
19:41:29,22.255301127442728,84.90390839258042,3.739,1.550,3.18,-0.553,0.192,-135.7,8,0.0000,0.00
19:41:29,22.255301031811307,84.90390807489685,3.706,1.540,3.18,-0.576,0.095,-143.0,8,0.0050,0.00
19:41:29,22.255301075040336,84.90390779154863,3.677,1.545,3.18,-0.576,0.095,-158.3,8,0.0050,0.00
19:41:30,22.255300955145938,84.90390749583906,3.647,1.531,3.18,-0.583,0.002,-158.3,8,0.0054,0.00
19:41:30,22.255300956023667,84.90390720905313,3.617,1.531,3.18,-0.583,0.002,-166.3,8,0.0000,0.00
19:41:30,22.255300788328356,84.90390695294809,3.591,1.513,3.18,-0.565,-0.104,-174.5,8,0.0054,0.00
19:41:30,22.25530074066066,84.90390667425096,3.562,1.507,3.18,-0.565,-0.104,168.6,8,0.0054,0.00
19:41:30,22.255300693261717,84.90390639712514,3.534,1.502,3.18,-0.565,-0.104,168.6,8,0.0054,0.00
19:41:30,22.255300645926102,84.90390612036957,3.505,1.497,3.16,-0.565,-0.104,159.8,8,0.0000,0.00
19:41:30,22.255300598419524,84.90390584261444,3.476,1.492,3.16,-0.565,-0.104,151.0,8,0.0000,0.00
19:41:30,22.25530015873469,84.90390603660167,3.496,1.443,3.16,-0.332,-0.315,134.5,8,0.0050,0.00
19:41:30,22.255300015828368,84.90390587397451,3.480,1.427,3.16,-0.332,-0.315,134.5,8,0.0050,0.00
19:41:30,22.255299873573076,84.90390571208822,3.463,1.411,3.17,-0.332,-0.315,125.7,8,0.0000,0.00
19:41:30,22.255299730727472,84.90390554953015,3.446,1.395,3.17,-0.332,-0.315,116.6,8,0.0000,0.00
19:41:30,22.255299375497636,84.90390598506374,3.491,1.355,3.17,-0.051,-0.423,97.9,8,0.0052,0.00
19:41:30,22.25529918359995,84.9039059600729,3.489,1.334,3.17,-0.051,-0.423,97.9,8,0.0052,0.00
19:41:30,22.255298992699167,84.90390593521188,3.486,1.313,3.17,-0.051,-0.423,88.5,8,0.0000,0.00
19:41:30,22.255298800706406,84.90390591020866,3.483,1.291,3.17,-0.051,-0.423,69.4,8,0.0000,0.00
19:41:30,22.255298753797494,84.90390640818289,3.535,1.286,3.17,0.191,-0.351,59.7,8,0.0046,0.00
19:41:30,22.255298594541795,84.90390650186292,3.544,1.268,3.17,0.191,-0.351,59.7,8,0.0046,0.00
19:41:30,22.25529854622332,84.903906765762,3.572,1.263,3.18,0.277,-0.290,50.1,8,0.0044,0.00
19:41:30,22.255298414540565,84.90390690179586,3.586,1.248,3.18,0.277,-0.290,32.1,8,0.0000,0.00
19:41:30,22.255298364746885,84.90390704368299,3.600,1.243,3.18,0.281,-0.240,32.1,8,0.0037,0.00
19:41:31,22.255298255893905,84.90390718144735,3.614,1.231,3.18,0.281,-0.240,24.2,8,0.0037,0.00
19:41:31,22.25529814733693,84.90390731883708,3.629,1.219,3.18,0.281,-0.240,17.1,8,0.0037,0.00
19:41:31,22.255298038558465,84.90390745650713,3.643,1.207,3.16,0.281,-0.240,4.7,8,0.0000,0.00
19:41:31,22.255297929569814,84.9039075944432,3.657,1.194,3.16,0.281,-0.240,4.7,8,0.0000,0.00
19:41:31,22.25529794656079,84.90390765592291,3.663,1.196,3.16,0.244,-0.173,-0.9,8,0.0021,0.00
19:41:31,22.255297867752553,84.90390777588225,3.676,1.188,3.16,0.244,-0.173,-5.9,8,0.0021,0.00
19:41:31,22.255297789343388,84.90390789523414,3.688,1.179,3.16,0.244,-0.173,-15.2,8,0.0000,0.00
19:41:31,22.25529771090498,84.90390801463053,3.700,1.170,3.16,0.244,-0.173,-15.2,8,0.0000,0.00
19:41:31,22.25529780800097,84.90390817601683,3.717,1.181,3.16,0.263,-0.084,-19.4,8,0.0026,0.00
19:41:31,22.255297769791788,84.90390830576136,3.730,1.177,3.16,0.263,-0.084,-27.1,8,0.0026,0.00
19:41:31,22.255297928344866,84.90390840266798,3.740,1.194,3.16,0.247,0.025,-30.6,8,0.0028,0.00
19:41:31,22.25529793983124,84.9039085247568,3.753,1.196,3.16,0.247,0.025,-30.6,8,0.0000,0.00
19:41:31,22.255298034323598,84.90390860825022,3.761,1.206,3.16,0.226,0.077,-34.0,8,0.0025,0.00
19:41:31,22.255298069161228,84.90390871883262,3.773,1.210,3.16,0.226,0.077,-37.1,8,0.0025,0.00
19:41:31,22.255298103913677,84.90390882914465,3.784,1.214,3.16,0.226,0.077,-42.8,8,0.0025,0.00
19:41:31,22.255298138648694,84.90390893940135,3.795,1.218,3.16,0.226,0.077,-42.8,8,0.0000,0.00
19:41:31,22.255298173359048,84.90390904957977,3.807,1.222,3.16,0.226,0.077,-45.4,8,0.0000,0.00
19:41:31,22.25529827366573,84.90390902591687,3.804,1.233,3.16,0.159,0.112,-50.4,8,0.0020,0.00
19:41:31,22.255298324506533,84.90390910391241,3.812,1.238,3.16,0.159,0.112,-52.7,8,0.0020,0.00
19:41:31,22.255298375182438,84.90390918165498,3.820,1.244,3.18,0.159,0.112,-52.7,8,0.0000,0.00
19:41:32,22.255298425908435,84.90390925947439,3.828,1.250,3.18,0.159,0.112,-54.9,8,0.0000,0.00
19:41:32,22.25529844824546,84.90390920585546,3.823,1.252,3.18,0.097,0.097,-58.9,8,0.0011,0.00
19:41:32,22.255298492565807,84.90390925349979,3.828,1.257,3.18,0.097,0.097,-60.8,8,0.0011,0.00
19:41:32,22.255298536606887,84.90390930084394,3.833,1.262,3.18,0.097,0.097,-60.8,8,0.0000,0.00
19:41:32,22.255298580753998,84.90390934830205,3.838,1.267,3.18,0.097,0.097,-62.5,8,0.0000,0.00
19:41:32,22.255298511974257,84.90390927530912,3.830,1.259,3.18,0.041,0.041,-65.7,8,0.0004,0.00
19:41:32,22.255298530403184,84.90390929533578,3.832,1.261,3.18,0.041,0.041,-67.1,8,0.0004,0.00
19:41:32,22.255298548776636,84.90390931530214,3.834,1.263,3.18,0.041,0.041,-67.1,8,0.0004,0.00
19:41:32,22.255298567180223,84.90390933530126,3.836,1.265,3.18,0.041,0.041,-68.4,8,0.0000,0.00
19:41:32,22.25529858557362,84.9039093552893,3.838,1.267,3.18,0.041,0.041,-70.6,8,0.0000,0.00
19:41:32,22.255298603942546,84.90390937525076,3.840,1.269,3.18,0.041,0.041,-70.6,8,0.0000,0.00
19:41:32,22.255298562642697,84.90390933153526,3.836,1.265,3.16,0.015,0.015,-71.6,8,0.0019,0.00
19:41:32,22.255298569294823,84.90390933899427,3.837,1.266,3.16,0.015,0.015,-73.6,8,0.0019,0.00
19:41:32,22.255298575923767,84.90390934642727,3.837,1.266,3.16,0.015,0.015,-74.5,8,0.0000,0.00
19:41:32,22.255298582567445,84.90390935387678,3.838,1.267,3.16,0.015,0.015,-74.5,8,0.0000,0.00
19:41:32,22.255298458817812,84.90390930765143,3.833,1.253,3.16,-0.007,-0.044,-75.3,8,0.0012,0.00
19:41:32,22.255298438642807,84.90390930407914,3.833,1.251,3.16,-0.007,-0.044,-76.8,8,0.0012,0.00
19:41:32,22.255298363312303,84.9039092898319,3.832,1.243,3.16,-0.012,-0.073,-77.5,8,0.0011,0.00
19:41:32,22.25529833019172,84.9039092837552,3.831,1.239,3.16,-0.012,-0.073,-77.5,8,0.0000,0.00
19:41:33,22.255298349343693,84.90390929181261,3.832,1.241,3.16,-0.005,-0.042,-78.0,8,0.0014,0.00
19:41:33,22.255298330277864,84.90390928953985,3.832,1.239,3.16,-0.005,-0.042,-78.9,8,0.0014,0.00
19:41:33,22.2552983382516,84.90390929273299,3.832,1.240,3.16,-0.001,-0.024,-79.2,8,0.0008,0.00
19:41:33,22.255298327272165,84.90390929210011,3.832,1.239,3.16,-0.001,-0.024,-79.2,8,0.0000,0.00
19:41:33,22.255298316370773,84.90390929147172,3.832,1.237,3.16,-0.001,-0.024,-79.6,8,0.0000,0.00
19:41:33,22.255298320696102,84.903909294374,3.832,1.238,3.19,0.001,-0.014,-80.1,8,0.0011,0.00
19:41:33,22.255298319418262,84.9039092962377,3.832,1.238,3.19,0.002,-0.010,-80.4,8,0.0006,0.00
19:41:33,22.255298314659942,84.90390929713,3.832,1.237,3.19,0.002,-0.010,-80.4,8,0.0000,0.00
19:41:33,22.255298309949627,84.9039092980133,3.832,1.237,3.19,0.002,-0.010,-80.8,8,0.0000,0.00
19:41:33,22.255298308674632,84.90390929872717,3.832,1.237,3.20,0.002,-0.008,-80.9,8,0.0007,0.00
19:41:33,22.255298305034238,84.90390929956354,3.833,1.236,3.20,0.002,-0.008,-81.1,8,0.0007,0.00
19:41:33,22.255298301419398,84.90390930039403,3.833,1.236,3.20,0.002,-0.008,-81.1,8,0.0000,0.00
19:41:33,22.255298297797165,84.90390930122624,3.833,1.235,3.20,0.002,-0.008,-81.4,8,0.0000,0.00
19:41:33,22.25529829911078,84.90390929937266,3.833,1.236,3.20,0.000,-0.005,-81.6,8,0.0006,0.00
19:41:33,22.255298296830073,84.90390929947341,3.833,1.235,3.20,0.000,-0.005,-81.7,8,0.0006,0.00
19:41:33,22.255298297093972,84.9039092984234,3.832,1.235,3.20,-0.000,-0.003,-81.7,8,0.0006,0.00
19:41:33,22.255298295532107,84.90390929819803,3.832,1.235,3.20,-0.000,-0.003,-82.1,8,0.0000,0.00
19:41:33,22.255298295944637,84.90390929720026,3.832,1.235,3.20,-0.001,-0.002,-82.2,8,0.0014,0.00
19:41:33,22.255298296029647,84.90390929691081,3.832,1.235,3.20,-0.001,-0.001,-82.4,8,0.0016,0.00
19:41:33,22.255298295419845,84.9039092965078,3.832,1.235,3.20,-0.001,-0.001,-82.4,8,0.0016,0.00
19:41:34,22.25529829481072,84.90390929610525,3.832,1.235,3.20,-0.001,-0.001,-82.7,8,0.0000,0.00
19:41:34,22.25529829552596,84.90390929804339,3.832,1.235,3.20,0.001,-0.000,-82.8,8,0.0016,0.00
19:41:34,22.255298295355246,84.90390929841793,3.832,1.235,3.20,0.001,-0.000,-82.9,8,0.0016,0.00
19:41:34,22.255298296161495,84.90390930091422,3.833,1.235,3.20,0.002,0.000,-82.9,8,0.0016,0.00
19:41:34,22.255298296315356,84.90390930199412,3.833,1.235,3.20,0.002,0.000,-83.0,8,0.0016,0.00
19:41:34,22.25529829646888,84.90390930307161,3.833,1.235,3.20,0.002,0.000,-83.0,8,0.0000,0.00
19:41:34,22.255298296622087,84.90390930414691,3.833,1.235,3.19,0.002,0.000,-83.0,8,0.0000,0.00
19:41:34,22.255298299887233,84.90390930465792,3.833,1.236,3.19,0.002,0.002,-83.7,8,0.0013,0.00
19:41:34,22.25529830091753,84.90390930557822,3.833,1.236,3.19,0.002,0.002,-83.9,8,0.0013,0.00
19:41:34,22.255298301944848,84.90390930649586,3.833,1.236,3.19,0.002,0.002,-83.9,8,0.0000,0.00
19:41:34,22.255298302971706,84.9039093074131,3.833,1.236,3.15,0.002,0.002,-84.6,8,0.0000,0.00
19:41:34,22.255298311586685,84.90390930483605,3.833,1.237,3.15,0.000,0.006,-85.1,8,0.0019,0.00
19:41:34,22.2552983145144,84.90390930488086,3.833,1.237,3.15,0.000,0.006,-86.3,8,0.0019,0.00
19:41:34,22.255298320716907,84.90390930409178,3.833,1.238,3.15,-0.000,0.008,-86.3,8,0.0018,0.00
19:41:34,22.255298324514346,84.90390930391456,3.833,1.238,3.15,-0.000,0.008,-86.9,8,0.0000,0.00
19:41:34,22.25529832787111,84.90390930411624,3.833,1.239,3.15,-0.000,0.008,-87.5,8,0.0013,0.00
19:41:34,22.25529833154928,84.90390930404989,3.833,1.239,3.15,-0.000,0.008,-88.9,8,0.0013,0.00
19:41:34,22.255298331538455,84.90390930436054,3.833,1.239,3.15,0.000,0.006,-88.9,8,0.0019,0.00
19:41:34,22.255298334048337,84.90390930441342,3.833,1.239,3.09,0.000,0.006,-89.7,8,0.0000,0.00
19:41:34,22.255298336552116,84.90390930446617,3.833,1.240,3.09,0.000,0.006,-90.4,8,0.0000,0.00
19:41:35,22.2552983345784,84.90390930435235,3.833,1.240,3.09,0.000,0.003,-92.0,8,0.0018,0.00
19:41:35,22.255298335714063,84.90390930435414,3.833,1.240,3.09,0.000,0.003,-92.0,8,0.0018,0.00
19:41:35,22.255298336846224,84.90390930435593,3.833,1.240,3.09,0.000,0.003,-92.8,8,0.0000,0.00
19:41:35,22.25529833798318,84.90390930435773,3.833,1.240,3.11,0.000,0.003,-93.7,8,0.0000,0.00
19:41:35,22.25529833601744,84.90390930469106,3.833,1.240,3.11,0.000,0.001,-93.7,8,0.0006,0.00
19:41:35,22.255298336330707,84.90390930478115,3.833,1.240,3.11,0.000,0.001,-95.7,8,0.0006,0.00
19:41:35,22.255298336643243,84.90390930487105,3.833,1.240,3.11,0.000,0.001,-96.9,8,0.0000,0.00
19:41:35,22.255298336955537,84.90390930496088,3.833,1.240,3.11,0.000,0.001,-99.4,8,0.0000,0.00
19:41:35,22.255298337267973,84.90390930505073,3.833,1.240,3.11,0.000,0.001,-99.4,8,0.0000,0.00
19:41:35,22.255298336425415,84.90390930564561,3.833,1.240,3.11,0.000,0.000,-100.8,8,0.0006,0.00
19:41:35,22.25529833647884,84.90390930584937,3.833,1.240,3.11,0.000,0.000,-102.2,8,0.0006,0.00
19:41:35,22.25529833653197,84.90390930605197,3.833,1.240,3.12,0.000,0.000,-105.3,8,0.0000,0.00
19:41:35,22.25529833658531,84.90390930625541,3.833,1.240,3.12,0.000,0.000,-105.3,8,0.0000,0.00
19:41:35,22.255298337119108,84.90390930516426,3.833,1.240,3.12,-0.000,0.000,-106.9,8,0.0008,0.00
19:41:35,22.255298337279314,84.90390930508055,3.833,1.240,3.12,-0.000,0.000,-108.6,8,0.0008,0.00
19:41:35,22.255298337439122,84.90390930499704,3.833,1.240,3.11,-0.000,0.000,-111.9,8,0.0000,0.00
19:41:35,22.255298337599246,84.90390930491338,3.833,1.240,3.11,-0.000,0.000,-111.9,8,0.0000,0.00
19:41:35,22.25529844256242,84.90390925517283,3.828,1.252,3.11,-0.023,0.052,-113.6,8,0.0010,0.00
19:41:35,22.255298466295653,84.90390924391993,3.827,1.254,3.11,-0.023,0.052,-117.0,8,0.0010,0.00
19:41:35,22.25529848992728,84.9039092327152,3.826,1.257,3.11,-0.023,0.052,-118.8,8,0.0000,0.00
19:41:36,22.25529851359877,84.90390922149157,3.825,1.259,3.11,-0.023,0.052,-118.8,8,0.0000,0.00
19:41:36,22.25529847650338,84.90390923910064,3.826,1.255,3.11,-0.010,0.022,-120.5,8,0.0008,0.00
19:41:36,22.25529848650253,84.9039092343643,3.826,1.256,3.11,-0.010,0.022,-124.0,8,0.0008,0.00
19:41:36,22.255298476534023,84.90390923904216,3.826,1.255,3.11,-0.005,0.011,-124.0,8,0.0007,0.00
19:41:36,22.255298481550664,84.90390923665494,3.826,1.256,3.11,-0.005,0.011,-125.8,8,0.0000,0.00
19:41:36,22.255298477920235,84.90390923839036,3.826,1.255,3.11,-0.002,0.006,-127.6,8,0.0009,0.00
19:41:36,22.25529848050733,84.90390923716147,3.826,1.256,3.11,-0.002,0.006,-131.3,8,0.0009,0.00
19:41:36,22.25529848308228,84.90390923593836,3.826,1.256,3.11,-0.002,0.006,-131.3,8,0.0009,0.00
19:41:36,22.25529848564881,84.90390923471924,3.826,1.256,3.11,-0.002,0.006,-133.2,8,0.0000,0.00
19:41:36,22.255298488229144,84.90390923349356,3.826,1.257,3.11,-0.002,0.006,-134.9,8,0.0000,0.00
19:41:36,22.255298550431565,84.9039091591932,3.818,1.264,3.11,-0.039,0.038,-137.8,8,0.0012,0.00
19:41:36,22.255298583381798,84.90390912081655,3.814,1.267,3.12,-0.049,0.047,-139.1,8,0.0014,0.00
19:41:36,22.25529860466859,84.90390909668453,3.812,1.270,3.12,-0.049,0.047,-139.1,8,0.0000,0.00
19:41:36,22.25529864996298,84.90390903941191,3.806,1.275,3.12,-0.054,0.048,-142.1,8,0.0010,0.00
19:41:36,22.255298671917334,84.90390901282876,3.803,1.277,3.12,-0.054,0.048,-143.0,8,0.0010,0.00
19:41:36,22.255298693784706,84.90390898635094,3.800,1.279,3.15,-0.054,0.048,-143.0,8,0.0000,0.00
19:41:36,22.25529871570064,84.90390895981432,3.798,1.282,3.15,-0.054,0.048,-143.7,8,0.0000,0.00
19:41:36,22.2552986903447,84.90390899261851,3.801,1.279,3.15,-0.023,0.021,-145.0,8,0.0009,0.00
19:41:36,22.25529869996249,84.90390898151999,3.800,1.280,3.15,-0.023,0.021,-145.6,8,0.0009,0.00
19:41:37,22.25529869264779,84.90390899111813,3.801,1.279,3.15,-0.011,0.011,-145.6,8,0.0009,0.00
19:41:37,22.255298697620812,84.90390898569827,3.800,1.280,3.15,-0.011,0.011,-146.5,8,0.0000,0.00
19:41:37,22.25529870257671,84.90390898029706,3.800,1.280,3.15,-0.011,0.011,-147.0,8,0.0000,0.00
19:41:37,22.25529869854202,84.9039089862603,3.800,1.280,3.15,-0.004,0.005,-147.0,8,0.0009,0.00
19:41:37,22.255298700973523,84.90390898405357,3.800,1.280,3.15,-0.004,0.005,-147.4,8,0.0009,0.00
19:41:37,22.255298703394924,84.903908981856,3.800,1.281,3.17,-0.004,0.005,-148.1,8,0.0000,0.00
19:41:37,22.25529870582375,84.9039089796517,3.800,1.281,3.17,-0.004,0.005,-148.4,8,0.0000,0.00
19:41:37,22.255298702576564,84.90390898426007,3.800,1.280,3.17,-0.001,0.002,-148.7,8,0.0005,0.00
19:41:37,22.25529870355002,84.9039089838062,3.800,1.281,3.17,-0.001,0.002,-148.7,8,0.0005,0.00
19:41:37,22.25529870451554,84.90390898335605,3.800,1.281,3.17,-0.001,0.002,-149.2,8,0.0000,0.00
19:41:37,22.25529870548701,84.9039089829031,3.800,1.281,3.17,-0.001,0.002,-149.4,8,0.0000,0.00
19:41:37,22.255298704070178,84.90390898390277,3.800,1.281,3.17,-0.000,0.001,-149.4,8,0.0005,0.00
19:41:37,22.255298704466433,84.90390898379971,3.800,1.281,3.17,-0.000,0.001,-149.6,8,0.0005,0.00
19:41:37,22.255298704145783,84.90390898368511,3.800,1.281,3.17,-0.000,0.000,-149.8,8,0.0005,0.00
19:41:37,22.255298704355816,84.90390898357887,3.800,1.281,3.17,-0.000,0.000,-150.0,8,0.0000,0.00
19:41:37,22.255298704564996,84.90390898347307,3.800,1.281,3.17,-0.000,0.000,-150.0,8,0.0000,0.00
19:41:37,22.25529870451822,84.9039089830553,3.800,1.281,3.17,-0.000,0.000,-150.1,8,0.0006,0.00
19:41:37,22.255298704657815,84.9039089828632,3.800,1.281,3.17,-0.000,0.000,-150.2,8,0.0006,0.00
19:41:37,22.25529870479678,84.90390898267196,3.800,1.281,3.17,-0.000,0.000,-150.2,8,0.0000,0.00
19:41:37,22.255298704936138,84.90390898248019,3.800,1.281,3.17,-0.000,0.000,-150.2,8,0.0000,0.00
19:41:38,22.25529870500094,84.90390898224473,3.800,1.281,3.17,-0.000,0.000,-150.3,8,0.0008,0.00
19:41:38,22.25529870512192,84.90390898204082,3.800,1.281,3.16,-0.000,0.000,-150.4,8,0.0008,0.00
19:41:38,22.25529870511406,84.90390898204821,3.800,1.281,3.16,-0.000,0.000,-150.5,8,0.0007,0.00
19:41:38,22.255298705200133,84.90390898190155,3.800,1.281,3.16,-0.000,0.000,-150.5,8,0.0000,0.00
19:41:38,22.25529870536231,84.90390898158003,3.800,1.281,3.16,-0.000,0.000,-150.7,8,0.0005,0.00
19:41:38,22.255298705471308,84.90390898138084,3.800,1.281,3.16,-0.000,0.000,-150.8,8,0.0005,0.00
19:41:38,22.255298705579584,84.90390898118297,3.800,1.281,3.16,-0.000,0.000,-150.9,8,0.0000,0.00
19:41:38,22.25529870568816,84.90390898098454,3.800,1.281,3.16,-0.000,0.000,-150.9,8,0.0000,0.00
19:41:38,22.25529870633275,84.90390897860611,3.800,1.281,3.16,-0.002,0.001,-151.1,8,0.0004,0.00
19:41:38,22.25529870658971,84.90390897780675,3.799,1.281,3.16,-0.002,0.001,-151.2,8,0.0004,0.00
19:41:38,22.255298706843508,84.90390897701722,3.799,1.281,3.16,-0.002,0.001,-151.2,8,0.0004,0.00
19:41:38,22.25529870709764,84.90390897622667,3.799,1.281,3.16,-0.002,0.001,-151.3,8,0.0000,0.00
19:41:38,22.2552987073517,84.90390897543635,3.799,1.281,3.16,-0.002,0.001,-151.5,8,0.0000,0.00
19:41:38,22.25529870712942,84.90390897283478,3.799,1.281,3.16,-0.002,0.000,-151.6,8,0.0005,0.00
19:41:38,22.255298707275653,84.90390897163039,3.799,1.281,3.16,-0.002,0.000,-151.7,8,0.0005,0.00
19:41:38,22.25529870723648,84.90390897088955,3.799,1.281,3.16,-0.002,0.000,-151.7,8,0.0006,0.00
19:41:38,22.255298707337207,84.90390896979771,3.799,1.281,3.16,-0.002,0.000,-151.9,8,0.0000,0.00
19:41:38,22.25529870730695,84.90390897035051,3.799,1.281,3.16,-0.001,0.000,-152.1,8,0.0009,0.00
19:41:38,22.255298707371185,84.90390896971668,3.799,1.281,3.15,-0.001,0.000,-152.3,8,0.0009,0.00
19:41:38,22.255298707435397,84.90390896908308,3.799,1.281,3.15,-0.001,0.000,-152.3,8,0.0009,0.00
19:41:39,22.255298707499428,84.90390896845125,3.798,1.281,3.15,-0.001,0.000,-152.4,8,0.0000,0.00
19:41:39,22.255298707563615,84.9039089678179,3.798,1.281,3.15,-0.001,0.000,-152.5,8,0.0000,0.00
19:41:39,22.255298705992487,84.90390897111178,3.799,1.281,3.15,0.001,-0.001,-152.6,8,0.0007,0.00
19:41:39,22.255298705659683,84.90390897143068,3.799,1.281,3.15,0.001,-0.001,-152.6,8,0.0007,0.00
19:41:39,22.255298705328755,84.9039089717478,3.799,1.281,3.15,0.001,-0.001,-152.8,8,0.0000,0.00
19:41:39,22.255298704997234,84.90390897206547,3.799,1.281,3.15,0.001,-0.001,-152.9,8,0.0000,0.00
19:41:39,22.255298704665925,84.90390897238294,3.799,1.281,3.15,0.001,-0.001,-152.9,8,0.0027,0.00
19:41:39,22.255298704334137,84.90390897270088,3.799,1.281,3.15,0.001,-0.001,-153.2,8,0.0027,0.00
19:41:39,22.255298704002477,84.90390897301867,3.799,1.281,3.15,0.001,-0.001,-153.3,8,0.0000,0.00
19:41:39,22.255298703670597,84.9039089733367,3.799,1.281,3.15,0.001,-0.001,-153.5,8,0.0000,0.00
19:41:39,22.255298703339246,84.90390897365421,3.799,1.281,3.15,0.001,-0.001,-153.5,8,0.0000,0.00
19:41:39,22.255298705169416,84.90390896927765,3.799,1.281,3.16,-0.001,0.000,-153.7,8,0.0006,0.00
19:41:39,22.25529870518234,84.90390896884597,3.798,1.281,3.16,-0.001,0.000,-153.9,8,0.0000,0.00
19:41:39,22.255298705195244,84.90390896841497,3.798,1.281,3.16,-0.001,0.000,-154.0,8,0.0000,0.00
19:41:39,22.25529870520813,84.90390896798458,3.798,1.281,3.16,-0.001,0.000,-154.0,8,0.0000,0.00
19:41:39,22.255298704574038,84.90390896475205,3.798,1.281,3.15,-0.002,-0.000,-154.2,8,0.0004,0.00
19:41:39,22.255298704471357,84.9039089638191,3.798,1.281,3.15,-0.002,-0.000,-154.3,8,0.0004,0.00
19:41:39,22.255298704369093,84.90390896288993,3.798,1.281,3.15,-0.002,-0.000,-154.3,8,0.0000,0.00
19:41:39,22.25529870426663,84.90390896195893,3.798,1.281,3.15,-0.002,-0.000,-154.3,8,0.0000,0.00
19:41:39,22.255298704175107,84.90390896166126,3.798,1.281,3.15,-0.002,-0.000,-154.6,8,0.0008,0.00
19:41:40,22.255298704074402,84.90390896085388,3.798,1.281,3.15,-0.002,-0.000,-154.7,8,0.0008,0.00
19:41:40,22.255298703974084,84.90390896004963,3.798,1.281,3.15,-0.002,-0.000,-154.8,8,0.0000,0.00
19:41:40,22.255298703873592,84.903908959244,3.798,1.281,3.15,-0.002,-0.000,-154.8,8,0.0000,0.00
19:41:40,22.255298703576628,84.90390896248792,3.798,1.281,3.14,0.000,-0.000,-155.0,8,0.0009,0.00
19:41:40,22.255298703433382,84.90390896255234,3.798,1.281,3.14,0.000,-0.000,-155.1,8,0.0009,0.00
19:41:40,22.255298702445263,84.90390896516688,3.798,1.280,3.14,0.001,-0.001,-155.2,8,0.0007,0.00
19:41:40,22.25529870209649,84.90390896585015,3.798,1.280,3.14,0.001,-0.001,-155.4,8,0.0000,0.00
19:41:40,22.25529870107078,84.903908967784,3.798,1.280,3.14,0.002,-0.001,-155.4,8,0.0004,0.00
19:41:40,22.255298700535388,84.90390896881199,3.798,1.280,3.14,0.002,-0.001,-155.6,8,0.0004,0.00
19:41:40,22.25529869996559,84.9039089698026,3.799,1.280,3.14,0.002,-0.001,-155.7,8,0.0008,0.00
19:41:40,22.25529869941836,84.90390897082165,3.799,1.280,3.14,0.002,-0.001,-155.9,8,0.0000,0.00
19:41:40,22.255298699338802,84.90390897098332,3.799,1.280,3.14,0.002,-0.001,-155.9,8,0.0004,0.00
19:41:40,22.25529869894299,84.90390897172482,3.799,1.280,3.14,0.002,-0.001,-156.0,8,0.0004,0.00
19:41:40,22.25529869854862,84.90390897246363,3.799,1.280,3.14,0.002,-0.001,-156.2,8,0.0004,0.00
19:41:40,22.255298698155137,84.90390897320076,3.799,1.280,3.14,0.002,-0.001,-156.2,8,0.0000,0.00
19:41:40,22.255298697761397,84.90390897393837,3.799,1.280,3.14,0.002,-0.001,-156.3,8,0.0000,0.00
19:41:40,22.255298698451533,84.90390897238628,3.799,1.280,3.15,0.000,-0.000,-156.3,8,0.0004,0.00
19:41:40,22.255298698332854,84.90390897254227,3.799,1.280,3.15,0.000,-0.000,-156.4,8,0.0004,0.00
19:41:40,22.25529869852812,84.9039089717103,3.799,1.280,3.15,-0.000,-0.000,-156.4,8,0.0003,0.00
19:41:41,22.255298698493554,84.90390897160198,3.799,1.280,3.15,-0.000,-0.000,-156.5,8,0.0000,0.00
19:41:41,22.255298698497775,84.90390897084065,3.799,1.280,3.15,-0.001,-0.000,-156.6,8,0.0003,0.00
19:41:41,22.255298698474476,84.90390897053942,3.799,1.280,3.15,-0.001,-0.000,-156.8,8,0.0003,0.00
19:41:41,22.255298698451362,84.90390897024064,3.799,1.280,3.15,-0.001,-0.000,-156.9,8,0.0003,0.00
19:41:41,22.25529869842827,84.9039089699421,3.799,1.280,3.15,-0.001,-0.000,-156.9,8,0.0000,0.00
19:41:41,22.255298698405106,84.90390896964266,3.799,1.280,3.15,-0.001,-0.000,-157.0,8,0.0000,0.00
19:41:41,22.25529869836701,84.90390896914123,3.799,1.280,3.15,-0.001,-0.000,-157.2,8,0.0006,0.00
19:41:41,22.25529869834004,84.90390896879038,3.798,1.280,3.15,-0.001,-0.000,-157.2,8,0.0006,0.00
19:41:41,22.25529869831331,84.90390896844264,3.798,1.280,3.15,-0.001,-0.000,-157.3,8,0.0000,0.00
19:41:41,22.255298698286477,84.90390896809353,3.798,1.280,3.15,-0.001,-0.000,-157.4,8,0.0000,0.00
19:41:41,22.255298698229407,84.90390896988423,3.799,1.280,3.15,0.000,-0.000,-157.5,8,0.0006,0.00
19:41:41,22.25529869819533,84.9039089700332,3.799,1.280,3.15,0.000,-0.000,-157.5,8,0.0006,0.00
19:41:41,22.25529869816157,84.90390897018075,3.799,1.280,3.15,0.000,-0.000,-157.6,8,0.0000,0.00
19:41:41,22.25529869812771,84.90390897032877,3.799,1.280,3.15,0.000,-0.000,-157.6,8,0.0000,0.00
19:41:41,22.255298697815785,84.9039089709421,3.799,1.280,3.15,0.001,-0.000,-157.7,8,0.0005,0.00
19:41:41,22.25529869771791,84.90390897119761,3.799,1.280,3.15,0.001,-0.000,-157.7,8,0.0005,0.00
19:41:41,22.255298697797166,84.90390897097825,3.799,1.280,3.15,0.000,-0.000,-157.8,8,0.0003,0.00
19:41:41,22.25529869774386,84.90390897111428,3.799,1.280,3.15,0.000,-0.000,-157.9,8,0.0000,0.00
19:41:41,22.255298698082434,84.90390897060004,3.799,1.280,3.14,-0.000,0.000,-158.0,8,0.0003,0.00
19:41:41,22.255298698140503,84.90390897055146,3.799,1.280,3.14,-0.000,0.000,-158.0,8,0.0003,0.00
19:41:42,22.255298698198064,84.90390897050328,3.799,1.280,3.14,-0.000,0.000,-158.1,8,0.0003,0.00
19:41:42,22.25529869825586,84.9039089704549,3.799,1.280,3.14,-0.000,0.000,-158.2,8,0.0000,0.00
19:41:42,22.255298698313656,84.90390897040655,3.799,1.280,3.14,-0.000,0.000,-158.2,8,0.0000,0.00
19:41:42,22.25529869837648,84.9039089701484,3.799,1.280,3.14,-0.000,0.000,-158.2,8,0.0005,0.00
19:41:42,22.255298698435766,84.90390897004835,3.799,1.280,3.14,-0.000,0.000,-158.3,8,0.0005,0.00
19:41:42,22.255298698194547,84.90390897081203,3.799,1.280,3.14,0.000,-0.000,-158.4,8,0.0004,0.00
19:41:42,22.255298698175583,84.90390897093685,3.799,1.280,3.14,0.000,-0.000,-158.4,8,0.0000,0.00
19:41:42,22.25529869790992,84.90390897204054,3.799,1.280,3.14,0.001,-0.000,-158.4,8,0.0003,0.00
19:41:42,22.255298697819743,84.90390897244798,3.799,1.280,3.14,0.001,-0.000,-158.4,8,0.0003,0.00
19:41:42,22.255298697649604,84.90390897369592,3.799,1.280,3.14,0.001,-0.000,-158.4,8,0.0004,0.00
19:41:42,22.255298697534137,84.90390897436801,3.799,1.280,3.14,0.001,-0.000,-158.4,8,0.0000,0.00
19:41:42,22.255298697419338,84.9039089750362,3.799,1.280,3.15,0.001,-0.000,-158.4,8,0.0000,0.00
19:41:42,22.25529869730432,84.90390897570569,3.799,1.280,3.15,0.001,-0.000,-158.3,8,0.0000,0.00
19:41:42,22.255298697249174,84.903908976175,3.799,1.280,3.15,0.001,-0.000,-158.3,8,0.0029,0.00
19:41:42,22.255298697150472,84.90390897679085,3.799,1.280,3.15,0.001,-0.000,-158.3,8,0.0029,0.00
19:41:42,22.255298697052275,84.90390897740352,3.799,1.280,3.15,0.001,-0.000,-158.3,8,0.0000,0.00
19:41:42,22.255298696953854,84.9039089780176,3.799,1.280,3.15,0.001,-0.000,-158.4,8,0.0000,0.00
19:41:42,22.255298697443173,84.90390897562709,3.799,1.280,3.15,-0.000,0.000,-158.4,8,0.0004,0.00
19:41:42,22.255298697491273,84.90390897549287,3.799,1.280,3.15,-0.000,0.000,-158.4,8,0.0004,0.00
19:41:42,22.255298697980116,84.90390897338457,3.799,1.280,3.15,-0.001,0.000,-158.4,8,0.0004,0.00
19:41:43,22.255298698146028,84.90390897272279,3.799,1.280,3.15,-0.001,0.000,-158.5,8,0.0000,0.00
19:41:43,22.25529869853712,84.90390897098965,3.799,1.280,3.15,-0.002,0.001,-158.5,8,0.0005,0.00
19:41:43,22.25529869876901,84.90390897001383,3.799,1.280,3.15,-0.002,0.001,-158.5,8,0.0005,0.00
19:41:43,22.255298698999756,84.90390896904282,3.799,1.280,3.14,-0.002,0.001,-158.5,8,0.0005,0.00
19:41:43,22.25529869923068,84.90390896807106,3.798,1.280,3.14,-0.002,0.001,-158.5,8,0.0000,0.00
19:41:43,22.255298699462223,84.90390896709671,3.798,1.280,3.14,-0.002,0.001,-158.5,8,0.0000,0.00
19:41:43,22.255298699373853,84.90390896689165,3.798,1.280,3.14,-0.002,0.000,-158.5,8,0.0005,0.00
19:41:43,22.25529869952706,84.90390896610415,3.798,1.280,3.14,-0.002,0.000,-158.5,8,0.0005,0.00
19:41:43,22.2552986996793,84.90390896532159,3.798,1.280,3.14,-0.002,0.000,-158.5,8,0.0000,0.00
19:41:43,22.255298699831723,84.90390896453813,3.798,1.280,3.14,-0.002,0.000,-158.5,8,0.0000,0.00
19:41:43,22.255298699469932,84.90390896670313,3.798,1.280,3.14,-0.000,0.000,-158.5,8,0.0004,0.00
19:41:43,22.25529869950297,84.9039089666044,3.798,1.280,3.14,-0.000,0.000,-158.5,8,0.0004,0.00
19:41:43,22.25529869953592,84.90390896650595,3.798,1.280,3.14,-0.000,0.000,-158.5,8,0.0000,0.00
19:41:43,22.25529869956896,84.90390896640722,3.798,1.280,3.14,-0.000,0.000,-158.5,8,0.0000,0.00
19:41:43,22.25529869921644,84.9039089681322,3.798,1.280,3.14,0.001,-0.000,-158.5,8,0.0004,0.00
19:41:43,22.255298699161134,84.90390896845135,3.798,1.280,3.14,0.001,-0.000,-158.5,8,0.0004,0.00
19:41:43,22.255298699063918,84.9039089687726,3.798,1.280,3.14,0.001,-0.000,-158.4,8,0.0003,0.00
19:41:43,22.255298698997862,84.90390896909327,3.799,1.280,3.14,0.001,-0.000,-158.4,8,0.0000,0.00
19:41:43,22.25529869900436,84.90390896902021,3.799,1.280,3.14,0.000,-0.000,-158.4,8,0.0003,0.00
19:41:43,22.255298698958946,84.90390896922891,3.799,1.280,3.14,0.000,-0.000,-158.4,8,0.0003,0.00
19:41:44,22.255298698913702,84.90390896943681,3.799,1.280,3.14,0.000,-0.000,-158.4,8,0.0003,0.00
19:41:44,22.25529869886838,84.90390896964507,3.799,1.280,3.14,0.000,-0.000,-158.4,8,0.0000,0.00
19:41:44,22.25529869882299,84.90390896985365,3.799,1.280,3.14,0.000,-0.000,-158.4,8,0.0000,0.00
19:41:44,22.255298699070597,84.9039089690281,3.799,1.280,3.14,-0.000,0.000,-158.4,8,0.0003,0.00
19:41:44,22.255298699096823,84.903908968984,3.799,1.280,3.14,-0.000,0.000,-158.4,8,0.0003,0.00
19:41:44,22.255298699292958,84.90390896813349,3.798,1.280,3.14,-0.001,0.000,-158.4,8,0.0004,0.00
19:41:44,22.25529869936349,84.90390896787923,3.798,1.280,3.14,-0.001,0.000,-158.4,8,0.0000,0.00
19:41:44,22.255298699473904,84.90390896703433,3.798,1.280,3.14,-0.001,0.000,-158.3,8,0.0004,0.00
19:41:44,22.255298699556,84.90390896660934,3.798,1.280,3.14,-0.001,0.000,-158.3,8,0.0004,0.00
19:41:44,22.255298699569376,84.90390896608228,3.798,1.280,3.14,-0.001,0.000,-158.3,8,0.0004,0.00
19:41:44,22.255298699630067,84.90390896562441,3.798,1.280,3.14,-0.001,0.000,-158.3,8,0.0000,0.00
19:41:44,22.255298699605017,84.90390896582792,3.798,1.280,3.14,-0.000,0.000,-158.2,8,0.0005,0.00
19:41:44,22.255298699637432,84.9039089655882,3.798,1.280,3.14,-0.000,0.000,-158.2,8,0.0005,0.00
19:41:44,22.255298699669726,84.90390896534937,3.798,1.280,3.14,-0.000,0.000,-158.2,8,0.0005,0.00
19:41:44,22.255298699701974,84.90390896511087,3.798,1.280,3.14,-0.000,0.000,-158.2,8,0.0000,0.00
19:41:44,22.255298699371288,84.90390896754234,3.798,1.280,3.14,0.001,-0.000,-158.1,8,0.0004,0.00
19:41:44,22.25529869930074,84.90390896806007,3.798,1.280,3.14,0.001,-0.000,-158.0,8,0.0004,0.00
19:41:44,22.255298699230245,84.90390896857741,3.798,1.280,3.14,0.001,-0.000,-158.0,8,0.0004,0.00
19:41:44,22.255298699159763,84.90390896909466,3.799,1.280,3.14,0.001,-0.000,-158.0,8,0.0000,0.00
19:41:45,22.25529869908933,84.90390896961155,3.799,1.280,3.14,0.001,-0.000,-157.8,8,0.0000,0.00
19:41:45,22.255298697920953,84.9039089712909,3.799,1.280,3.14,0.002,-0.001,-157.8,8,0.0004,0.00
19:41:45,22.255298697596828,84.90390897207774,3.799,1.280,3.15,0.002,-0.001,-157.7,8,0.0004,0.00
19:41:45,22.25529869727408,84.90390897286123,3.799,1.280,3.15,0.002,-0.001,-157.7,8,0.0000,0.00
19:41:45,22.2552986969507,84.90390897364627,3.799,1.280,3.15,0.002,-0.001,-157.6,8,0.0000,0.00
19:41:45,22.255298698342227,84.90390897061674,3.799,1.280,3.15,-0.000,0.000,-157.6,8,0.0008,0.00
19:41:45,22.25529869840363,84.90390897054614,3.799,1.280,3.15,-0.000,0.000,-157.6,8,0.0008,0.00
19:41:45,22.255298698464774,84.90390897047584,3.799,1.280,3.15,-0.000,0.000,-157.4,8,0.0008,0.00
19:41:45,22.255298698525827,84.90390897040564,3.799,1.280,3.15,-0.000,0.000,-157.4,8,0.0000,0.00
19:41:45,22.25529869858685,84.90390897033548,3.799,1.280,3.15,-0.000,0.000,-157.2,8,0.0000,0.00
19:41:45,22.25529869899669,84.90390896536157,3.798,1.280,3.14,-0.002,0.000,-157.2,8,0.0006,0.00
19:41:45,22.255298699131835,84.90390896425474,3.798,1.280,3.14,-0.002,0.000,-157.0,8,0.0006,0.00
19:41:45,22.255298699266433,84.90390896315239,3.798,1.280,3.14,-0.002,0.000,-156.9,8,0.0000,0.00
19:41:45,22.255298699401216,84.90390896204853,3.798,1.280,3.14,-0.002,0.000,-156.8,8,0.0000,0.00
19:41:45,22.255298699050236,84.90390896261133,3.798,1.280,3.14,-0.002,0.000,-156.8,8,0.0008,0.00
19:41:45,22.25529869908058,84.90390896186443,3.798,1.280,3.14,-0.002,0.000,-156.6,8,0.0008,0.00
19:41:45,22.255298698972783,84.90390896392726,3.798,1.280,3.14,-0.000,-0.000,-156.5,8,0.0011,0.00
19:41:45,22.255298698969852,84.90390896385694,3.798,1.280,3.14,-0.000,-0.000,-156.3,8,0.0000,0.00
19:41:45,22.25529869840828,84.90390896653032,3.798,1.280,3.14,0.001,-0.000,-156.3,8,0.0006,0.00
19:41:45,22.255298698251295,84.90390896721647,3.798,1.280,3.14,0.001,-0.000,-156.2,8,0.0006,0.00
19:41:46,22.25529869723963,84.90390896983207,3.799,1.280,3.14,0.003,-0.001,-156.2,8,0.0005,0.00
19:41:46,22.25529869682278,84.90390897110439,3.799,1.280,3.14,0.003,-0.001,-155.9,8,0.0000,0.00
19:41:46,22.25529869577396,84.90390897310203,3.799,1.280,3.14,0.003,-0.001,-155.9,8,0.0005,0.00
19:41:46,22.255298695150714,84.90390897461262,3.799,1.280,3.15,0.003,-0.001,-155.8,8,0.0005,0.00
19:41:46,22.255298694529436,84.90390897611842,3.799,1.280,3.15,0.003,-0.001,-155.7,8,0.0005,0.00
19:41:46,22.25529869390895,84.90390897762232,3.799,1.280,3.15,0.003,-0.001,-155.6,8,0.0000,0.00
19:41:46,22.255298693286537,84.90390897913089,3.800,1.279,3.15,0.003,-0.001,-155.6,8,0.0000,0.00
19:41:46,22.25529869396893,84.9039089774462,3.799,1.280,3.15,0.001,-0.001,-155.5,8,0.0007,0.00
19:41:46,22.255298693677027,84.90390897814584,3.799,1.279,3.15,0.001,-0.001,-155.3,8,0.0007,0.00
19:41:46,22.255298693386937,84.9039089788411,3.800,1.279,3.15,0.001,-0.001,-155.3,8,0.0000,0.00
19:41:46,22.25529869309646,84.9039089795373,3.800,1.279,3.15,0.001,-0.001,-155.2,8,0.0000,0.00
19:41:46,22.255298694097224,84.90390897513868,3.799,1.280,3.15,-0.001,0.000,-155.1,8,0.0005,0.00
19:41:46,22.255298694111158,84.90390897463209,3.799,1.280,3.15,-0.001,0.000,-154.9,8,0.0005,0.00
19:41:46,22.255298694125035,84.90390897412746,3.799,1.280,3.15,-0.001,0.000,-154.7,8,0.0000,0.00
19:41:46,22.25529869413892,84.90390897362256,3.799,1.280,3.15,-0.001,0.000,-154.7,8,0.0000,0.00
19:41:46,22.255298694152764,84.90390897311916,3.799,1.280,3.15,-0.001,0.000,-154.6,8,0.0000,0.00
19:41:46,22.255298693977508,84.90390897121912,3.799,1.280,3.15,-0.002,-0.000,-154.4,8,0.0006,0.00
19:41:46,22.255298693950728,84.90390897041122,3.799,1.280,3.15,-0.002,-0.000,-154.4,8,0.0006,0.00
19:41:46,22.255298693924168,84.90390896960986,3.799,1.280,3.15,-0.002,-0.000,-154.2,8,0.0000,0.00
19:41:46,22.255298693897565,84.90390896880727,3.798,1.280,3.15,-0.002,-0.000,-154.1,8,0.0000,0.00
19:41:47,22.255298693914646,84.90390897132986,3.799,1.280,3.15,-0.000,-0.000,-153.9,8,0.0005,0.00
19:41:47,22.255298693897394,84.90390897124686,3.799,1.280,3.15,-0.000,-0.000,-153.9,8,0.0005,0.00
19:41:47,22.25529869388029,84.90390897116458,3.799,1.279,3.15,-0.000,-0.000,-153.7,8,0.0000,0.00
19:41:47,22.255298693863104,84.9039089710819,3.799,1.279,3.15,-0.000,-0.000,-153.6,8,0.0000,0.00
19:41:47,22.255298693632398,84.90390897252298,3.799,1.279,3.14,0.001,-0.000,-153.3,8,0.0006,0.00
19:41:47,22.255298693567497,84.9039089727798,3.799,1.279,3.14,0.001,-0.000,-153.3,8,0.0006,0.00
19:41:47,22.2552986935031,84.90390897303462,3.799,1.279,3.14,0.001,-0.000,-153.1,8,0.0000,0.00
19:41:47,22.255298693438395,84.90390897329065,3.799,1.279,3.14,0.001,-0.000,-152.9,8,0.0000,0.00
19:41:47,22.255298693373884,84.90390897354592,3.799,1.279,3.14,0.001,-0.000,-152.7,8,0.0000,0.00
19:41:47,22.25529869378388,84.90390897240427,3.799,1.279,3.14,-0.000,0.000,-152.7,8,0.0004,0.00
19:41:47,22.255298693819046,84.9039089723663,3.799,1.279,3.14,-0.000,0.000,-152.6,8,0.0004,0.00
19:41:47,22.255298693854076,84.90390897232848,3.799,1.279,3.14,-0.000,0.000,-152.3,8,0.0000,0.00
19:41:47,22.255298693889078,84.9039089722907,3.799,1.279,3.14,-0.000,0.000,-152.2,8,0.0000,0.00
19:41:47,22.255298694459402,84.90390897129497,3.799,1.280,3.14,-0.000,0.000,-152.2,8,0.0004,0.00
19:41:47,22.255298694609525,84.90390897105121,3.799,1.280,3.14,-0.000,0.000,-152.1,8,0.0004,0.00
19:41:47,22.255298694759396,84.90390897080786,3.799,1.280,3.14,-0.000,0.000,-151.8,8,0.0000,0.00
19:41:47,22.25529869490952,84.9039089705641,3.799,1.280,3.14,-0.000,0.000,-151.7,8,0.0000,0.00
19:41:47,22.25529869437373,84.90390897154481,3.799,1.280,3.14,0.000,-0.000,-151.7,8,0.0005,0.00
19:41:47,22.25529869437224,84.90390897157178,3.799,1.280,3.14,0.000,-0.000,-151.6,8,0.0005,0.00
19:41:47,22.255298694064365,84.90390897271028,3.799,1.280,3.14,0.001,-0.000,-151.2,8,0.0006,0.00
19:41:48,22.25529869398738,84.90390897301116,3.799,1.280,3.14,0.001,-0.000,-151.1,8,0.0000,0.00
19:41:48,22.255298693802903,84.90390897409027,3.799,1.279,3.15,0.001,-0.000,-151.1,8,0.0005,0.00
19:41:48,22.255298693695735,84.90390897460932,3.799,1.279,3.15,0.001,-0.000,-150.8,8,0.0005,0.00
19:41:48,22.25529869358909,84.90390897512584,3.799,1.279,3.15,0.001,-0.000,-150.6,8,0.0005,0.00
19:41:48,22.255298693482075,84.90390897564416,3.799,1.279,3.15,0.001,-0.000,-150.5,8,0.0000,0.00
19:41:48,22.255298693375366,84.90390897616099,3.799,1.279,3.15,0.001,-0.000,-150.5,8,0.0000,0.00
19:41:48,22.25529869352406,84.90390897614573,3.799,1.279,3.15,0.001,-0.000,-150.4,8,0.0007,0.00
19:41:48,22.25529869347929,84.90390897653397,3.799,1.279,3.15,0.001,-0.000,-150.1,8,0.0007,0.00
19:41:48,22.255298693552515,84.90390897519356,3.799,1.279,3.15,-0.000,-0.000,-150.0,8,0.0007,0.00
19:41:48,22.255298693538276,84.90390897513397,3.799,1.279,3.15,-0.000,-0.000,-150.0,8,0.0000,0.00
19:41:48,22.255298693679205,84.90390897321245,3.799,1.279,3.15,-0.001,0.000,-149.7,8,0.0004,0.00
19:41:48,22.25529869370966,84.90390897261626,3.799,1.279,3.15,-0.001,0.000,-149.5,8,0.0004,0.00
19:41:48,22.25529869373998,84.9039089720226,3.799,1.279,3.15,-0.001,0.000,-149.3,8,0.0000,0.00
19:41:48,22.25529869377037,84.90390897142767,3.799,1.279,3.15,-0.001,0.000,-149.3,8,0.0000,0.00
19:41:48,22.25529869415372,84.90390896975914,3.799,1.280,3.15,-0.002,0.000,-149.0,8,0.0007,0.00
19:41:48,22.255298694279343,84.90390896887264,3.798,1.280,3.15,-0.002,0.000,-148.9,8,0.0007,0.00
19:41:48,22.255298694404523,84.90390896798925,3.798,1.280,3.15,-0.002,0.000,-148.9,8,0.0007,0.00
19:41:48,22.25529869452928,84.90390896710886,3.798,1.280,3.13,-0.002,0.000,-148.6,8,0.0000,0.00
19:41:48,22.255298694654524,84.90390896622502,3.798,1.280,3.13,-0.002,0.000,-148.4,8,0.0000,0.00
19:41:49,22.255298694455742,84.9039089676892,3.798,1.280,3.13,-0.001,0.000,-148.3,8,0.0003,0.00
19:41:49,22.25529869450783,84.9039089673356,3.798,1.280,3.13,-0.001,0.000,-148.3,8,0.0003,0.00
19:41:49,22.255298694559546,84.90390896698452,3.798,1.280,3.13,-0.001,0.000,-148.0,8,0.0000,0.00
19:41:49,22.25529869461146,84.90390896663209,3.798,1.280,3.13,-0.001,0.000,-147.8,8,0.0000,0.00
19:41:49,22.255298693843905,84.90390896850889,3.798,1.279,3.13,0.000,-0.000,-147.8,8,0.0004,0.00
19:41:49,22.25529869371284,84.90390896865348,3.798,1.279,3.13,0.000,-0.000,-147.6,8,0.0004,0.00
19:41:49,22.255298693228777,84.90390896978025,3.799,1.279,3.13,0.001,-0.000,-147.5,8,0.0004,0.00
19:41:49,22.25529869301027,84.90390897016785,3.799,1.279,3.13,0.001,-0.000,-147.3,8,0.0000,0.00
19:41:49,22.255298692652456,84.90390897101142,3.799,1.279,3.13,0.001,-0.001,-147.3,8,0.0004,0.00
19:41:49,22.255298692395098,84.90390897152635,3.799,1.279,3.13,0.001,-0.001,-147.1,8,0.0004,0.00
19:41:49,22.255298692138567,84.90390897203963,3.799,1.279,3.13,0.001,-0.001,-147.0,8,0.0004,0.00
19:41:49,22.255298691881627,84.90390897255372,3.799,1.279,3.14,0.001,-0.001,-146.8,8,0.0000,0.00
19:41:49,22.25529869162465,84.9039089730679,3.799,1.279,3.14,0.001,-0.001,-146.8,8,0.0000,0.00
19:41:49,22.255298691765617,84.9039089731089,3.799,1.279,3.14,0.001,-0.000,-146.5,8,0.0004,0.00
19:41:49,22.255298691604654,84.90390897350983,3.799,1.279,3.14,0.001,-0.000,-146.4,8,0.0004,0.00
19:41:49,22.255298691798945,84.90390897295521,3.799,1.279,3.15,0.000,-0.000,-146.2,8,0.0003,0.00
19:41:49,22.255298691729298,84.90390897311008,3.799,1.279,3.15,0.000,-0.000,-145.9,8,0.0000,0.00
19:41:49,22.255298691942226,84.90390897218428,3.799,1.279,3.15,-0.000,0.000,-145.9,8,0.0004,0.00
19:41:49,22.25529869195446,84.90390897202727,3.799,1.279,3.15,-0.000,0.000,-145.8,8,0.0004,0.00
19:41:49,22.255298691966683,84.90390897187044,3.799,1.279,3.15,-0.000,0.000,-145.7,8,0.0004,0.00
19:41:50,22.255298691978897,84.90390897171368,3.799,1.279,3.15,-0.000,0.000,-145.4,8,0.0000,0.00
19:41:50,22.255298691991115,84.90390897155689,3.799,1.279,3.15,-0.000,0.000,-145.4,8,0.0000,0.00
19:41:50,22.25529869218516,84.90390897003336,3.799,1.279,3.15,-0.001,0.000,-145.3,8,0.0003,0.00
19:41:50,22.25529869224201,84.90390896954091,3.799,1.279,3.15,-0.001,0.000,-145.2,8,0.0003,0.00
19:41:50,22.255298692298737,84.90390896904952,3.799,1.279,3.14,-0.001,0.000,-145.2,8,0.0000,0.00
19:41:50,22.25529869235549,84.90390896855794,3.798,1.279,3.14,-0.001,0.000,-144.9,8,0.0000,0.00
19:41:50,22.255298692353787,84.90390896881776,3.798,1.279,3.14,-0.001,0.000,-144.7,8,0.0004,0.00
19:41:50,22.255298692397197,84.90390896849884,3.798,1.279,3.14,-0.001,0.000,-144.5,8,0.0004,0.00
19:41:50,22.255298692440334,84.90390896818191,3.798,1.279,3.14,-0.001,0.000,-144.5,8,0.0000,0.00
19:41:50,22.25529869248364,84.90390896786379,3.798,1.279,3.14,-0.001,0.000,-144.2,8,0.0000,0.00
19:41:50,22.255298692137316,84.90390896923351,3.799,1.279,3.14,0.000,-0.000,-144.1,8,0.0003,0.00
19:41:50,22.25529869209128,84.90390896930207,3.799,1.279,3.14,0.000,-0.000,-144.0,8,0.0003,0.00
19:41:50,22.255298691865658,84.9039089699884,3.799,1.279,3.14,0.000,-0.000,-144.0,8,0.0004,0.00
19:41:50,22.255298691774534,84.90390897021219,3.799,1.279,3.14,0.000,-0.000,-143.7,8,0.0000,0.00
19:41:50,22.255298691683635,84.90390897043544,3.799,1.279,3.14,0.000,-0.000,-143.5,8,0.0000,0.00
19:41:50,22.255298691646235,84.90390897049848,3.799,1.279,3.14,0.000,-0.000,-143.3,8,0.0004,0.00
19:41:50,22.255298691569543,84.90390897067904,3.799,1.279,3.14,0.000,-0.000,-143.3,8,0.0004,0.00
19:41:50,22.255298691493007,84.90390897085925,3.799,1.279,3.14,0.000,-0.000,-143.0,8,0.0000,0.00
19:41:50,22.2552986914165,84.90390897103937,3.799,1.279,3.14,0.000,-0.000,-142.9,8,0.0000,0.00
19:41:50,22.255298691710355,84.9039089698934,3.799,1.279,3.14,-0.000,0.000,-142.6,8,0.0005,0.00
19:41:51,22.255298691727553,84.90390896973753,3.799,1.279,3.14,-0.000,0.000,-142.6,8,0.0005,0.00
19:41:51,22.25529869174464,84.90390896958269,3.799,1.279,3.14,-0.000,0.000,-142.4,8,0.0000,0.00
19:41:51,22.255298691761794,84.9039089694272,3.799,1.279,3.14,-0.000,0.000,-142.2,8,0.0000,0.00
19:41:51,22.255298691812694,84.90390896879103,3.798,1.279,3.14,-0.001,0.000,-142.2,8,0.0002,0.00
19:41:51,22.255298691837925,84.90390896852053,3.798,1.279,3.14,-0.001,0.000,-141.9,8,0.0002,0.00
19:41:51,22.25529869186309,84.90390896825078,3.798,1.279,3.14,-0.001,0.000,-141.8,8,0.0000,0.00
19:41:51,22.25529869188834,84.90390896798012,3.798,1.279,3.14,-0.001,0.000,-141.5,8,0.0000,0.00
19:41:51,22.25529869181496,84.90390896887368,3.798,1.279,3.14,0.000,0.000,-141.5,8,0.0005,0.00
19:41:51,22.255298691817284,84.90390896887371,3.798,1.279,3.14,0.000,0.000,-141.3,8,0.0005,0.00
19:41:51,22.2552986918196,84.90390896887374,3.798,1.279,3.14,0.000,0.000,-141.2,8,0.0005,0.00
19:41:51,22.25529869182192,84.90390896887376,3.798,1.279,3.14,0.000,0.000,-140.9,8,0.0000,0.00
19:41:51,22.255298691824237,84.9039089688738,3.798,1.279,3.14,0.000,0.000,-140.9,8,0.0000,0.00
19:41:51,22.25529869118782,84.90390897087981,3.799,1.279,3.14,0.001,-0.000,-140.7,8,0.0003,0.00
19:41:51,22.25529869105349,84.90390897130901,3.799,1.279,3.14,0.001,-0.000,-140.6,8,0.0003,0.00
19:41:51,22.25529869091967,84.90390897173657,3.799,1.279,3.14,0.001,-0.000,-140.6,8,0.0000,0.00
19:41:51,22.25529869078562,84.90390897216487,3.799,1.279,3.14,0.001,-0.000,-140.3,8,0.0000,0.00
19:41:51,22.255298690343196,84.90390897288317,3.799,1.279,3.14,0.001,-0.000,-140.1,8,0.0003,0.00
19:41:51,22.255298690141167,84.90390897337717,3.799,1.279,3.14,0.001,-0.000,-139.8,8,0.0003,0.00
19:41:51,22.25529868994055,84.90390897386771,3.799,1.279,3.14,0.001,-0.000,-139.8,8,0.0000,0.00
19:41:51,22.255298689739586,84.90390897435911,3.799,1.279,3.14,0.001,-0.000,-139.7,8,0.0000,0.00
19:41:52,22.255298690131944,84.90390897339296,3.799,1.279,3.14,0.000,-0.000,-139.3,8,0.0007,0.00
19:41:52,22.25529869006231,84.90390897356173,3.799,1.279,3.14,0.000,-0.000,-139.2,8,0.0007,0.00
19:41:52,22.255298690364274,84.90390897270588,3.799,1.279,3.14,-0.000,0.000,-139.2,8,0.0004,0.00
19:41:52,22.255298690386372,84.90390897262164,3.799,1.279,3.14,-0.000,0.000,-139.0,8,0.0000,0.00
19:41:52,22.255298690518377,84.90390897162476,3.799,1.279,3.14,-0.001,0.000,-138.7,8,0.0004,0.00
19:41:52,22.255298690571365,84.9039089712842,3.799,1.279,3.14,-0.001,0.000,-138.5,8,0.0004,0.00
19:41:52,22.255298690638675,84.90390897024956,3.799,1.279,3.14,-0.001,0.000,-138.5,8,0.0003,0.00
19:41:52,22.255298690695952,84.90390896969629,3.799,1.279,3.14,-0.001,0.000,-138.3,8,0.0000,0.00
19:41:52,22.2552986907532,84.90390896914327,3.799,1.279,3.14,-0.001,0.000,-138.0,8,0.0000,0.00
19:41:52,22.25529869063531,84.9039089680441,3.798,1.279,3.14,-0.001,0.000,-137.8,8,0.0002,0.00
19:41:52,22.25529869063948,84.90390896732137,3.798,1.279,3.14,-0.001,0.000,-137.8,8,0.0002,0.00
19:41:52,22.255298690643624,84.90390896660402,3.798,1.279,3.14,-0.001,0.000,-137.7,8,0.0000,0.00
19:41:52,22.255298690647766,84.9039089658861,3.798,1.279,3.14,-0.001,0.000,-137.3,8,0.0000,0.00
19:41:52,22.255298690651912,84.90390896516823,3.798,1.279,3.14,-0.001,0.000,-137.2,8,0.0000,0.00
19:41:52,22.255298690657067,84.90390896601062,3.798,1.279,3.13,-0.001,0.000,-137.2,8,0.0011,0.00
19:41:52,22.25529869066148,84.903908965667,3.798,1.279,3.13,-0.001,0.000,-137.0,8,0.0011,0.00
19:41:52,22.255298690665878,84.90390896532445,3.798,1.279,3.13,-0.001,0.000,-136.6,8,0.0000,0.00
19:41:52,22.255298690670262,84.90390896498329,3.798,1.279,3.13,-0.001,0.000,-136.5,8,0.0000,0.00
19:41:52,22.2552986901747,84.90390896688308,3.798,1.279,3.13,0.000,-0.000,-136.5,8,0.0005,0.00
19:41:53,22.25529869006442,84.90390896705514,3.798,1.279,3.13,0.000,-0.000,-136.3,8,0.0005,0.00
19:41:53,22.25529868959096,84.90390896783052,3.798,1.279,3.13,0.001,-0.000,-136.0,8,0.0003,0.00
19:41:53,22.255298689388415,84.90390896815579,3.798,1.279,3.13,0.001,-0.000,-135.9,8,0.0000,0.00
19:41:53,22.255298689186656,84.9039089684798,3.798,1.279,3.13,0.001,-0.000,-135.9,8,0.0000,0.00
19:41:53,22.255298688858705,84.90390896889178,3.799,1.279,3.13,0.001,-0.001,-135.7,8,0.0003,0.00
19:41:53,22.255298688618222,84.90390896920222,3.799,1.279,3.13,0.001,-0.001,-135.4,8,0.0004,0.00
19:41:53,22.255298688381114,84.90390896953892,3.799,1.279,3.13,0.001,-0.001,-135.3,8,0.0000,0.00
19:41:53,22.25529868817147,84.90390896985693,3.799,1.279,3.13,0.001,-0.001,-135.1,8,0.0005,0.00
19:41:53,22.255298687943196,84.90390897018783,3.799,1.279,3.13,0.001,-0.001,-135.1,8,0.0005,0.00
19:41:53,22.255298687715463,84.90390897051795,3.799,1.279,3.13,0.001,-0.001,-134.9,8,0.0005,0.00
19:41:53,22.25529868726028,84.90390897117777,3.799,1.279,3.13,0.001,-0.001,-134.6,8,0.0000,0.00
19:41:53,22.25529868736579,84.90390897131032,3.799,1.279,3.14,0.001,-0.000,-134.6,8,0.0006,0.00
19:41:53,22.25529868722386,84.90390897158996,3.799,1.279,3.14,0.001,-0.000,-134.2,8,0.0006,0.00
19:41:53,22.255298687082288,84.90390897186889,3.799,1.279,3.14,0.001,-0.000,-134.1,8,0.0000,0.00
19:41:53,22.255298686940183,84.90390897214887,3.799,1.279,3.14,0.001,-0.000,-133.9,8,0.0000,0.00
19:41:53,22.25529868714589,84.90390897174369,3.799,1.279,3.15,0.000,-0.000,-133.9,8,0.0003,0.00
19:41:53,22.25529868708655,84.90390897186063,3.799,1.279,3.15,0.000,-0.000,-133.5,8,0.0003,0.00
19:41:53,22.255298687124757,84.9039089714834,3.799,1.279,3.15,-0.000,-0.000,-133.3,8,0.0002,0.00
19:41:53,22.25529868709044,84.90390897147311,3.799,1.279,3.15,-0.000,-0.000,-133.2,8,0.0000,0.00
19:41:53,22.255298687078803,84.90390897088879,3.799,1.279,3.15,-0.000,-0.000,-133.2,8,0.0003,0.00
19:41:54,22.255298687050907,84.90390897071272,3.799,1.279,3.15,-0.000,-0.000,-132.8,8,0.0003,0.00
19:41:54,22.255298687023238,84.9039089705381,3.799,1.279,3.15,-0.000,-0.000,-132.7,8,0.0003,0.00
19:41:54,22.25529868699556,84.90390897036337,3.799,1.279,3.15,-0.000,-0.000,-132.5,8,0.0000,0.00
19:41:54,22.255298686967826,84.90390897018837,3.799,1.279,3.15,-0.000,-0.000,-132.5,8,0.0000,0.00
19:41:54,22.25529868733069,84.9039089685215,3.798,1.279,3.15,-0.001,0.000,-132.2,8,0.0005,0.00
19:41:54,22.25529868739903,84.90390896797797,3.798,1.279,3.15,-0.001,0.000,-132.1,8,0.0005,0.00
19:41:54,22.25529868773902,84.90390896687042,3.798,1.279,3.15,-0.001,0.000,-131.9,8,0.0005,0.00
19:41:54,22.25529868787825,84.9039089661799,3.798,1.279,3.15,-0.001,0.000,-131.9,8,0.0000,0.00
19:41:54,22.25529868804497,84.90390896585114,3.798,1.279,3.13,-0.001,0.000,-131.6,8,0.0005,0.00
19:41:54,22.255298688192692,84.90390896526294,3.798,1.279,3.13,-0.001,0.000,-131.5,8,0.0005,0.00
19:41:54,22.255298688339746,84.90390896467738,3.798,1.279,3.13,-0.001,0.000,-131.3,8,0.0005,0.00
19:41:54,22.255298688486832,84.9039089640917,3.798,1.279,3.13,-0.001,0.000,-131.3,8,0.0000,0.00
19:41:54,22.25529868863373,84.90390896350677,3.798,1.279,3.13,-0.001,0.000,-131.1,8,0.0000,0.00
19:41:54,22.255298687635467,84.90390896556126,3.798,1.279,3.13,0.000,-0.000,-130.9,8,0.0003,0.00
19:41:54,22.25529868750131,84.90390896562296,3.798,1.279,3.13,0.000,-0.000,-130.8,8,0.0003,0.00
19:41:54,22.25529868736774,84.90390896568441,3.798,1.279,3.13,0.000,-0.000,-130.8,8,0.0000,0.00
19:41:54,22.25529868723407,84.9039089657459,3.798,1.279,3.13,0.000,-0.000,-130.5,8,0.0000,0.00
19:41:54,22.25529868645556,84.90390896689388,3.798,1.279,3.13,0.001,-0.001,-130.4,8,0.0003,0.00
19:41:54,22.255298686170356,84.90390896720956,3.798,1.279,3.13,0.001,-0.001,-130.3,8,0.0003,0.00
19:41:54,22.255298685887375,84.90390896752278,3.798,1.279,3.13,0.001,-0.001,-130.1,8,0.0000,0.00
19:41:55,22.255298685603798,84.90390896783666,3.798,1.279,3.14,0.001,-0.001,-130.1,8,0.0000,0.00
19:41:55,22.255298685879282,84.90390896767636,3.798,1.279,3.14,0.000,-0.000,-130.0,8,0.0005,0.00
19:41:55,22.25529868572291,84.90390896788267,3.798,1.279,3.14,0.000,-0.000,-129.9,8,0.0005,0.00
19:41:55,22.255298685920643,84.90390896756686,3.798,1.279,3.14,0.000,-0.000,-129.9,8,0.0006,0.00
19:41:55,22.255298685853464,84.90390896764166,3.798,1.279,3.14,0.000,-0.000,-129.6,8,0.0000,0.00
19:41:55,22.2552986857866,84.90390896771609,3.798,1.279,3.14,0.000,-0.000,-129.5,8,0.0000,0.00
19:41:55,22.25529868586018,84.90390896718039,3.798,1.279,3.14,-0.000,-0.000,-129.3,8,0.0006,0.00
19:41:55,22.255298685831008,84.90390896708986,3.798,1.279,3.14,-0.000,-0.000,-129.3,8,0.0006,0.00
19:41:55,22.255298685802074,84.90390896700006,3.798,1.279,3.14,-0.000,-0.000,-129.1,8,0.0000,0.00
19:41:55,22.255298685773052,84.90390896690998,3.798,1.279,3.15,-0.000,-0.000,-129.0,8,0.0000,0.00
19:41:55,22.255298685684718,84.90390896522682,3.798,1.279,3.15,-0.001,-0.000,-128.8,8,0.0003,0.00
19:41:55,22.255298685640586,84.90390896473276,3.798,1.279,3.15,-0.001,-0.000,-128.8,8,0.0003,0.00
19:41:55,22.255298685596685,84.90390896424125,3.798,1.279,3.15,-0.001,-0.000,-128.7,8,0.0000,0.00
19:41:55,22.255298685552706,84.90390896374893,3.798,1.279,3.15,-0.001,-0.000,-128.6,8,0.0000,0.00
19:41:55,22.255298685666855,84.90390896332636,3.798,1.279,3.15,-0.001,-0.000,-128.3,8,0.0006,0.00
19:41:55,22.255298685660623,84.90390896285004,3.798,1.279,3.15,-0.001,-0.000,-128.3,8,0.0006,0.00
19:41:55,22.25529868567525,84.90390896319704,3.798,1.279,3.15,-0.001,-0.000,-128.2,8,0.0006,0.00
19:41:55,22.25529868567442,84.90390896293334,3.798,1.279,3.14,-0.001,-0.000,-128.1,8,0.0000,0.00
19:41:55,22.25529868554448,84.90390896350779,3.798,1.279,3.14,-0.000,-0.000,-127.8,8,0.0006,0.00
19:41:55,22.255298685506325,84.90390896348615,3.798,1.279,3.14,-0.000,-0.000,-127.8,8,0.0006,0.00
19:41:56,22.2552986854684,84.90390896346463,3.798,1.279,3.14,-0.000,-0.000,-127.7,8,0.0006,0.00
19:41:56,22.25529868543031,84.90390896344303,3.798,1.279,3.14,-0.000,-0.000,-127.6,8,0.0000,0.00
19:41:56,22.255298685392173,84.90390896342139,3.798,1.279,3.14,-0.000,-0.000,-127.5,8,0.0000,0.00
19:41:56,22.25529868521119,84.90390896388006,3.798,1.279,3.14,0.000,-0.000,-127.5,8,0.0003,0.00
19:41:56,22.25529868513791,84.90390896397646,3.798,1.279,3.14,0.000,-0.000,-127.3,8,0.0003,0.00
19:41:56,22.255298685173067,84.90390896393501,3.798,1.279,3.14,0.000,-0.000,-127.2,8,0.0002,0.00
19:41:56,22.25529868512795,84.90390896399562,3.798,1.279,3.14,0.000,-0.000,-127.0,8,0.0000,0.00
19:41:56,22.25529868521946,84.90390896385583,3.798,1.279,3.14,0.000,-0.000,-126.9,8,0.0003,0.00
19:41:56,22.255298685213887,84.90390896385844,3.798,1.279,3.14,0.000,-0.000,-126.9,8,0.0003,0.00
19:41:56,22.255298685277452,84.90390896374817,3.798,1.279,3.14,-0.000,0.000,-126.8,8,0.0004,0.00
19:41:56,22.255298685293596,84.90390896371531,3.798,1.279,3.14,-0.000,0.000,-126.6,8,0.0000,0.00
19:41:56,22.255298685277765,84.90390896375794,3.798,1.279,3.14,-0.000,0.000,-126.5,8,0.0004,0.00
19:41:56,22.255298685283332,84.90390896375006,3.798,1.279,3.14,-0.000,0.000,-126.5,8,0.0004,0.00
19:41:56,22.25529868528887,84.90390896374221,3.798,1.279,3.14,-0.000,0.000,-126.4,8,0.0004,0.00
19:41:56,22.255298685294417,84.90390896373435,3.798,1.279,3.14,-0.000,0.000,-126.2,8,0.0000,0.00
19:41:56,22.255298685299973,84.90390896372648,3.798,1.279,3.14,-0.000,0.000,-126.1,8,0.0000,0.00
19:41:56,22.25529868523999,84.90390896439843,3.798,1.279,3.14,0.000,-0.000,-126.1,8,0.0004,0.00
19:41:56,22.255298685228766,84.9039089645647,3.798,1.279,3.14,0.000,-0.000,-126.0,8,0.0004,0.00
19:41:56,22.255298685217596,84.90390896473016,3.798,1.279,3.14,0.000,-0.000,-125.9,8,0.0000,0.00