Timestamp,Latitude,Longitude,Local_X_m,Local_Y_m,Pressure_Depth_m,Linear_Vx_ms,Linear_Vy_ms,Gyro_Heading_Yaw,Satellites_Count,DVL_FOM,Navigation_Drift_m
13:17:11,22.2548301,84.8798124,-1.660,-2.145,0.07,0.000,0.000,-12.3,27,0.0001,0.27
13:17:12,22.2548301,84.8798124,-1.660,-2.145,0.07,0.000,0.000,-12.3,27,0.0001,0.27
13:17:12,22.2548301,84.8798124,-1.660,-2.145,0.07,0.000,0.000,-12.4,27,0.0001,0.27
13:17:12,22.2548301,84.8798124,-1.660,-2.145,0.07,0.000,0.000,-12.4,27,0.0001,0.27
13:17:12,22.2548301,84.8798124,-1.660,-2.145,0.07,0.000,0.000,-12.4,27,0.0001,0.27
13:17:12,22.2548301,84.8798124,-1.660,-2.145,0.07,0.000,0.000,-12.4,27,0.0001,0.27
13:17:12,22.2548301,84.8798124,-1.660,-2.145,0.07,0.000,0.000,-12.4,27,0.0001,0.27
13:17:12,22.2548302,84.8798124,-1.654,-2.128,0.07,0.000,0.000,-12.4,27,0.0001,0.26
13:17:12,22.2548302,84.8798124,-1.654,-2.128,0.07,0.000,0.000,-12.4,27,0.0001,0.26
13:17:12,22.2548302,84.8798124,-1.654,-2.128,0.07,0.000,0.000,-12.5,27,0.0001,0.26
13:17:12,22.2548302,84.8798124,-1.654,-2.128,0.07,0.000,0.000,-12.5,27,0.0001,0.26
13:17:12,22.2548303,84.8798124,-1.648,-2.113,0.07,0.001,0.001,-12.5,27,0.0000,0.25
13:17:12,22.2548303,84.8798124,-1.648,-2.113,0.07,0.001,0.001,-12.5,27,0.0000,0.25
13:17:12,22.2548303,84.8798124,-1.648,-2.113,0.07,0.001,0.001,-12.6,27,0.0000,0.25
13:17:12,22.2548303,84.8798124,-1.648,-2.113,0.07,0.000,0.000,-12.6,27,0.0001,0.25
13:17:12,22.2548303,84.8798124,-1.648,-2.113,0.07,0.000,0.000,-12.6,27,0.0001,0.25
13:17:12,22.2548303,84.8798124,-1.648,-2.113,0.07,0.000,0.000,-12.6,27,0.0001,0.25
13:17:12,22.2548303,84.8798124,-1.648,-2.113,0.07,0.000,0.000,-12.7,27,0.0001,0.25
13:17:12,22.2548303,84.8798124,-1.648,-2.113,0.07,0.000,0.000,-12.7,27,0.0001,0.25
13:17:12,22.2548303,84.8798124,-1.648,-2.113,0.07,0.000,0.000,-12.7,27,0.0001,0.25
13:17:13,22.2548304,84.8798124,-1.642,-2.097,0.07,0.000,0.001,-12.7,27,0.0001,0.25
13:17:13,22.2548304,84.8798124,-1.642,-2.097,0.07,0.000,0.001,-12.8,27,0.0001,0.25
13:17:13,22.2548304,84.8798124,-1.642,-2.097,0.07,0.000,0.000,-12.8,27,0.0001,0.25
13:17:13,22.2548304,84.8798124,-1.642,-2.097,0.07,0.000,0.000,-12.8,27,0.0001,0.25
13:17:13,22.2548304,84.8798124,-1.642,-2.097,0.07,0.000,0.000,-12.8,26,0.0001,0.25
13:17:13,22.2548304,84.8798124,-1.642,-2.097,0.07,0.000,0.000,-12.9,26,0.0001,0.25
13:17:13,22.2548304,84.8798124,-1.642,-2.097,0.07,0.000,0.000,-12.9,26,0.0001,0.25
13:17:13,22.2548304,84.8798124,-1.642,-2.097,0.07,0.000,0.000,-12.9,26,0.0001,0.25
13:17:13,22.2548304,84.8798124,-1.642,-2.097,0.07,0.000,0.000,-12.9,26,0.0001,0.25
13:17:13,22.2548304,84.8798124,-1.642,-2.097,0.07,0.000,0.000,-12.9,26,0.0001,0.25
13:17:13,22.2548304,84.8798124,-1.642,-2.097,0.07,0.000,0.000,-12.9,26,0.0001,0.25
13:17:13,22.2548304,84.8798124,-1.642,-2.097,0.07,0.000,0.000,-12.9,26,0.0001,0.25
13:17:13,22.2548304,84.8798124,-1.642,-2.097,0.07,0.000,0.000,-12.9,26,0.0001,0.25
13:17:13,22.2548305,84.8798125,-1.636,-2.081,0.07,0.000,0.000,-13.0,26,0.0001,0.24
13:17:13,22.2548305,84.8798125,-1.636,-2.081,0.07,0.000,0.000,-13.0,26,0.0001,0.24
13:17:13,22.2548305,84.8798125,-1.636,-2.081,0.07,0.000,0.000,-13.9,26,0.0001,0.24
13:17:13,22.2548305,84.8798125,-1.636,-2.081,0.07,0.000,0.000,-14.7,26,0.0001,0.24
13:17:13,22.2548305,84.8798125,-1.640,-2.067,0.07,-0.018,0.069,-14.7,26,0.0046,0.24
13:17:13,22.2548307,84.8798125,-1.635,-2.049,0.07,-0.018,0.070,-15.7,26,0.0046,0.23
13:17:13,22.2548307,84.8798125,-1.636,-2.046,0.07,-0.018,0.070,-17.9,26,0.0046,0.23
13:17:14,22.2548307,84.8798125,-1.637,-2.042,0.07,-0.018,0.070,-19.0,26,0.0046,0.23
13:17:14,22.2548307,84.8798125,-1.630,-2.020,0.07,0.019,0.159,-19.0,26,0.0071,0.23
13:17:14,22.2548307,84.8798125,-1.629,-2.012,0.07,0.019,0.159,-20.5,26,0.0071,0.23
13:17:14,22.2548307,84.8798125,-1.628,-2.004,0.07,0.019,0.159,-20.6,26,0.0071,0.23
13:17:14,22.2548307,84.8798125,-1.627,-1.996,0.07,0.019,0.159,-20.1,26,0.0071,0.23
13:17:14,22.2548307,84.8798125,-1.626,-1.988,0.07,0.019,0.159,-20.1,26,0.0000,0.23
13:17:14,22.2548312,84.8798124,-1.621,-1.967,0.07,0.019,0.159,-18.2,26,0.0000,0.20
13:17:14,22.2548312,84.8798124,-1.620,-1.959,0.07,0.019,0.159,-16.9,26,0.0000,0.20
13:17:14,22.2548312,84.8798124,-1.619,-1.951,0.07,0.019,0.159,-15.1,26,0.0000,0.20
13:17:14,22.2548312,84.8798124,-1.645,-1.889,0.07,-0.076,0.352,-15.1,26,0.0046,0.20
13:17:14,22.2548312,84.8798124,-1.649,-1.871,0.07,-0.076,0.352,-10.4,26,0.0046,0.20
13:17:14,22.254832,84.8798123,-1.648,-1.843,0.06,-0.075,0.353,-8.0,27,0.0046,0.17
13:17:14,22.254832,84.8798123,-1.651,-1.825,0.06,-0.075,0.353,-6.0,27,0.0046,0.17
13:17:14,22.254832,84.8798123,-1.671,-1.794,0.06,-0.136,0.405,-6.0,27,0.0045,0.17
13:17:14,22.254832,84.8798123,-1.678,-1.773,0.06,-0.136,0.405,-3.2,27,0.0045,0.17
13:17:14,22.2548322,84.8798127,-1.675,-1.748,0.06,-0.136,0.406,-2.3,27,0.0045,0.17
13:17:14,22.2548322,84.8798127,-1.682,-1.728,0.06,-0.136,0.406,-2.3,27,0.0045,0.17
13:17:14,22.2548322,84.8798127,-1.672,-1.699,0.06,-0.063,0.442,-1.1,27,0.0047,0.17
13:17:14,22.2548322,84.8798127,-1.675,-1.677,0.06,-0.063,0.442,-1.0,27,0.0047,0.17
13:17:14,22.2548322,84.8798127,-1.678,-1.654,0.06,-0.063,0.442,-1.1,27,0.0047,0.17
13:17:15,22.2548322,84.8798127,-1.681,-1.632,0.06,-0.063,0.442,-1.1,27,0.0047,0.17
13:17:15,22.2548322,84.8798127,-1.684,-1.610,0.06,-0.063,0.442,-1.7,27,0.0047,0.17
13:17:15,22.2548322,84.8798127,-1.687,-1.588,0.06,-0.063,0.442,-2.1,27,0.0047,0.17
13:17:15,22.2548322,84.8798127,-1.691,-1.565,0.06,-0.063,0.442,-2.5,27,0.0047,0.17
13:17:15,22.2548316,84.8798135,-1.677,-1.557,0.06,-0.061,0.440,-2.5,27,0.0047,0.32
13:17:15,22.2548316,84.8798135,-1.680,-1.535,0.06,-0.061,0.440,-2.2,27,0.0047,0.32
13:17:15,22.2548316,84.8798135,-1.684,-1.513,0.06,-0.061,0.440,-1.3,27,0.0047,0.32
13:17:15,22.2548316,84.8798135,-1.687,-1.490,0.06,-0.061,0.440,-1.3,27,0.0047,0.32
13:17:15,22.2548316,84.8798135,-1.690,-1.468,0.06,-0.061,0.440,2.3,27,0.0047,0.32
13:17:15,22.2548308,84.8798142,-1.671,-1.473,0.06,-0.057,0.435,4.2,27,0.0047,0.50
13:17:15,22.2548308,84.8798142,-1.674,-1.451,0.06,-0.057,0.435,6.8,27,0.0047,0.50
13:17:15,22.2548308,84.8798142,-1.677,-1.429,0.06,-0.057,0.435,6.8,27,0.0047,0.50
13:17:15,22.2548308,84.8798142,-1.636,-1.365,0.06,0.045,0.536,7.5,27,0.0058,0.50
13:17:15,22.2548308,84.8798142,-1.634,-1.337,0.06,0.045,0.536,8.1,27,0.0058,0.50
13:17:15,22.2548308,84.8798142,-1.632,-1.310,0.06,0.045,0.536,8.1,27,0.0058,0.50
13:17:15,22.2548308,84.8798142,-1.629,-1.284,0.06,0.045,0.536,8.5,27,0.0058,0.50
13:17:15,22.2548308,84.8798142,-1.627,-1.257,0.06,0.045,0.536,8.4,27,0.0000,0.50
13:17:15,22.2548308,84.8798142,-1.625,-1.229,0.06,0.045,0.536,7.9,27,0.0000,0.50
13:17:15,22.2548293,84.8798153,-1.597,-1.260,0.07,0.048,0.530,7.9,27,0.0000,0.88
13:17:15,22.2548293,84.8798153,-1.595,-1.233,0.07,0.048,0.530,7.6,27,0.0000,0.88
13:17:16,22.2548293,84.8798153,-1.584,-1.187,0.07,0.069,0.581,7.4,27,0.0062,0.88
13:17:16,22.2548293,84.8798153,-1.581,-1.158,0.07,0.069,0.581,7.4,27,0.0062,0.88
13:17:16,22.2548276,84.8798162,-1.550,-1.201,0.07,0.071,0.576,7.3,27,0.0062,1.14
13:17:16,22.2548276,84.8798162,-1.546,-1.172,0.07,0.071,0.576,7.8,27,0.0062,1.14
13:17:16,22.2548276,84.8798162,-1.535,-1.136,0.07,0.098,0.601,10.7,27,0.0064,1.14
13:17:16,22.2548276,84.8798162,-1.530,-1.105,0.07,0.098,0.601,10.7,27,0.0064,1.14
13:17:16,22.2548276,84.8798162,-1.525,-1.075,0.07,0.098,0.601,12.9,27,0.0064,1.14
13:17:16,22.2548276,84.8798162,-1.520,-1.045,0.07,0.098,0.601,17.3,27,0.0064,1.14
13:17:16,22.2548276,84.8798162,-1.523,-1.011,0.07,0.066,0.614,17.3,27,0.0063,1.14
13:17:16,22.2548276,84.8798162,-1.520,-0.980,0.07,0.066,0.614,18.9,27,0.0063,1.14
13:17:16,22.2548276,84.8798162,-1.517,-0.949,0.07,0.066,0.614,20.1,27,0.0063,1.14
13:17:16,22.2548255,84.8798171,-1.476,-1.023,0.07,0.104,0.605,21.8,27,0.0108,1.57
13:17:16,22.2548255,84.8798171,-1.470,-0.993,0.07,0.104,0.605,21.8,27,0.0108,1.57
13:17:16,22.2548255,84.8798171,-1.465,-0.962,0.07,0.104,0.605,22.2,27,0.0108,1.57
13:17:16,22.2548255,84.8798171,-1.460,-0.932,0.07,0.104,0.605,22.4,27,0.0108,1.57
13:17:16,22.2548255,84.8798171,-1.438,-0.905,0.07,0.179,0.590,22.1,27,0.0086,1.57
13:17:16,22.254823,84.8798182,-1.398,-0.997,0.07,0.180,0.587,22.1,27,0.0086,1.89
13:17:16,22.254823,84.8798182,-1.389,-0.968,0.07,0.180,0.587,21.9,27,0.0086,1.89
13:17:16,22.254823,84.8798182,-1.380,-0.938,0.07,0.180,0.587,21.4,27,0.0086,1.89
13:17:17,22.254823,84.8798182,-1.364,-0.906,0.07,0.214,0.600,21.4,27,0.0093,1.89
13:17:17,22.254823,84.8798182,-1.353,-0.876,0.07,0.214,0.600,21.2,27,0.0093,1.89
13:17:17,22.254823,84.8798182,-1.342,-0.845,0.07,0.214,0.600,21.0,27,0.0093,1.89
13:17:17,22.254823,84.8798182,-1.332,-0.815,0.07,0.214,0.600,20.7,27,0.0093,1.89
13:17:17,22.254823,84.8798182,-1.319,-0.784,0.07,0.222,0.602,20.7,27,0.0065,1.89
13:17:17,22.254823,84.8798182,-1.308,-0.754,0.07,0.222,0.602,20.5,27,0.0065,1.89
13:17:17,22.2548203,84.879819,-1.269,-0.879,0.07,0.223,0.596,20.4,27,0.0065,2.32
13:17:17,22.2548203,84.879819,-1.258,-0.849,0.07,0.223,0.596,20.3,27,0.0065,2.32
13:17:17,22.2548203,84.879819,-1.246,-0.819,0.07,0.223,0.596,20.3,27,0.0000,2.32
13:17:17,22.2548203,84.879819,-1.235,-0.789,0.07,0.223,0.596,20.2,27,0.0000,2.32
13:17:17,22.2548176,84.8798196,-1.197,-0.928,0.07,0.225,0.583,20.2,27,0.0000,2.58
13:17:17,22.2548176,84.8798196,-1.186,-0.899,0.07,0.225,0.583,20.2,27,0.0000,2.58
13:17:17,22.2548176,84.8798196,-1.173,-0.860,0.07,0.229,0.616,20.1,27,0.0069,2.58
13:17:17,22.2548176,84.8798196,-1.162,-0.829,0.07,0.229,0.616,20.0,27,0.0069,2.58
13:17:17,22.2548176,84.8798196,-1.150,-0.798,0.07,0.229,0.616,20.0,27,0.0069,2.58
13:17:17,22.2548176,84.8798196,-1.139,-0.767,0.07,0.229,0.616,20.0,27,0.0069,2.58
13:17:17,22.2548176,84.8798196,-1.128,-0.735,0.07,0.226,0.617,20.0,27,0.0066,2.58
13:17:17,22.2548176,84.8798196,-1.116,-0.704,0.07,0.226,0.617,19.8,27,0.0066,2.58
13:17:17,22.2548176,84.8798196,-1.105,-0.673,0.07,0.226,0.617,19.8,27,0.0066,2.58
13:17:17,22.2548176,84.8798196,-1.094,-0.642,0.07,0.226,0.617,19.7,27,0.0066,2.58
13:17:18,22.2548147,84.87982,-1.063,-0.815,0.08,0.223,0.612,19.6,27,0.0066,3.03
13:17:18,22.2548147,84.87982,-1.051,-0.784,0.08,0.223,0.612,19.6,27,0.0066,3.03
13:17:18,22.2548147,84.87982,-1.040,-0.753,0.08,0.223,0.612,19.6,27,0.0066,3.03
13:17:18,22.2548147,84.87982,-1.029,-0.722,0.08,0.223,0.612,19.6,27,0.0066,3.03
13:17:18,22.2548117,84.8798202,-1.001,-0.905,0.08,0.223,0.616,19.6,27,0.0083,3.28
13:17:18,22.2548117,84.8798202,-0.989,-0.873,0.08,0.223,0.616,19.5,27,0.0083,3.28
13:17:18,22.2548117,84.8798202,-0.978,-0.842,0.08,0.223,0.616,19.5,27,0.0083,3.28
13:17:18,22.2548117,84.8798202,-0.966,-0.809,0.08,0.226,0.629,19.6,27,0.0068,3.28
13:17:18,22.2548117,84.8798202,-0.955,-0.777,0.08,0.226,0.629,19.6,27,0.0068,3.28
13:17:18,22.2548117,84.8798202,-0.944,-0.745,0.08,0.226,0.629,19.6,27,0.0068,3.28
13:17:18,22.2548117,84.8798202,-0.932,-0.713,0.08,0.226,0.629,19.6,27,0.0068,3.28
13:17:18,22.2548117,84.8798202,-0.921,-0.682,0.08,0.226,0.626,20.0,27,0.0067,3.28
13:17:18,22.2548117,84.8798202,-0.909,-0.651,0.08,0.226,0.626,20.6,27,0.0067,3.28
13:17:18,22.2548087,84.87982,-0.890,-0.865,0.09,0.226,0.618,20.6,27,0.0067,3.68
13:17:18,22.2548087,84.87982,-0.879,-0.833,0.09,0.226,0.618,22.2,27,0.0067,3.68
13:17:18,22.2548087,84.87982,-0.863,-0.801,0.09,0.248,0.625,22.8,27,0.0086,3.68
13:17:18,22.2548087,84.87982,-0.850,-0.769,0.09,0.248,0.625,23.2,27,0.0086,3.68
13:17:18,22.2548058,84.8798197,-0.836,-0.989,0.09,0.248,0.616,23.2,27,0.0086,3.88
13:17:18,22.2548058,84.8798197,-0.824,-0.958,0.09,0.248,0.616,23.7,27,0.0086,3.88
13:17:18,22.2548058,84.8798197,-0.811,-0.927,0.09,0.248,0.616,23.8,27,0.0000,3.88
13:17:19,22.2548058,84.8798197,-0.799,-0.896,0.09,0.248,0.616,23.8,27,0.0000,3.88
13:17:19,22.2548058,84.8798197,-0.786,-0.865,0.09,0.248,0.616,23.9,27,0.0000,3.88
13:17:19,22.2548058,84.8798197,-0.774,-0.834,0.09,0.248,0.616,23.8,27,0.0000,3.88
13:17:19,22.2548058,84.8798197,-0.756,-0.801,0.09,0.266,0.621,23.8,27,0.0068,3.88
13:17:19,22.2548058,84.8798197,-0.742,-0.770,0.09,0.266,0.621,23.6,27,0.0068,3.88
13:17:19,22.2548058,84.8798197,-0.729,-0.739,0.09,0.266,0.621,23.6,27,0.0068,3.88
13:17:19,22.2548029,84.8798195,-0.724,-0.991,0.09,0.266,0.604,23.5,27,0.0068,4.24
13:17:19,22.2548029,84.8798195,-0.710,-0.959,0.09,0.266,0.608,23.5,27,0.0068,4.24
13:17:19,22.2548029,84.8798195,-0.697,-0.929,0.09,0.266,0.608,23.5,27,0.0068,4.24
13:17:19,22.2548029,84.8798195,-0.683,-0.898,0.09,0.266,0.608,23.4,27,0.0068,4.24
13:17:19,22.2548029,84.8798195,-0.670,-0.867,0.09,0.266,0.608,23.4,27,0.0068,4.24
13:17:19,22.2547998,84.8798195,-0.668,-1.125,0.08,0.265,0.606,23.2,27,0.0069,4.46
13:17:19,22.2547998,84.8798195,-0.655,-1.095,0.08,0.265,0.606,23.1,27,0.0069,4.46
13:17:19,22.2547998,84.8798195,-0.642,-1.064,0.08,0.265,0.606,22.9,27,0.0069,4.46
13:17:19,22.2547998,84.8798195,-0.615,-1.039,0.08,0.328,0.582,22.9,27,0.0081,4.46
13:17:19,22.2547998,84.8798195,-0.598,-1.010,0.08,0.328,0.582,22.5,27,0.0081,4.46
13:17:19,22.2547998,84.8798195,-0.582,-0.980,0.08,0.328,0.582,22.4,27,0.0081,4.46
13:17:19,22.2547998,84.8798195,-0.565,-0.951,0.08,0.328,0.582,22.2,27,0.0081,4.46
13:17:19,22.2547998,84.8798195,-0.536,-0.929,0.08,0.388,0.547,22.2,27,0.0150,4.46
13:17:19,22.2547998,84.8798195,-0.516,-0.901,0.08,0.388,0.547,21.8,27,0.0150,4.46
13:17:20,22.2547969,84.8798196,-0.519,-1.187,0.08,0.387,0.536,21.6,27,0.0150,4.75
13:17:20,22.2547969,84.8798196,-0.499,-1.160,0.08,0.387,0.536,21.5,27,0.0150,4.75
13:17:20,22.2547969,84.8798196,-0.469,-1.133,0.08,0.435,0.539,21.5,27,0.0120,4.75
13:17:20,22.2547969,84.8798196,-0.447,-1.106,0.08,0.435,0.539,21.3,27,0.0120,4.75
13:17:20,22.2547941,84.8798196,-0.451,-1.390,0.08,0.434,0.527,21.2,27,0.0120,4.86
13:17:20,22.2547941,84.8798196,-0.429,-1.364,0.08,0.434,0.527,21.2,27,0.0120,4.86
13:17:20,22.2547941,84.8798196,-0.402,-1.335,0.08,0.460,0.536,20.9,27,0.0088,4.86
13:17:20,22.2547941,84.8798196,-0.378,-1.308,0.08,0.460,0.536,20.9,27,0.0088,4.86
13:17:20,22.2547941,84.8798196,-0.355,-1.281,0.08,0.460,0.536,20.8,27,0.0088,4.86
13:17:20,22.2547915,84.8798193,-0.365,-1.568,0.07,0.458,0.521,20.8,27,0.0088,4.99
13:17:20,22.2547915,84.8798193,-0.342,-1.542,0.07,0.458,0.521,20.7,27,0.0000,4.99
13:17:20,22.2547915,84.8798193,-0.319,-1.515,0.07,0.458,0.521,20.7,27,0.0000,4.99
13:17:20,22.2547915,84.8798193,-0.296,-1.489,0.07,0.458,0.521,20.7,27,0.0000,4.99
13:17:20,22.2547915,84.8798193,-0.273,-1.463,0.07,0.458,0.521,20.7,28,0.0000,4.99
13:17:20,22.2547915,84.8798193,-0.243,-1.426,0.07,0.480,0.559,20.6,28,0.0094,4.99
13:17:20,22.2547915,84.8798193,-0.218,-1.397,0.07,0.480,0.559,20.7,28,0.0094,4.99
13:17:20,22.2547915,84.8798193,-0.194,-1.369,0.07,0.480,0.559,20.7,28,0.0094,4.99
13:17:20,22.2547915,84.8798193,-0.170,-1.340,0.07,0.480,0.559,20.8,28,0.0094,4.99
13:17:20,22.254789,84.8798187,-0.185,-1.623,0.07,0.435,0.544,20.8,28,0.0067,5.23
13:17:21,22.254789,84.8798187,-0.163,-1.595,0.07,0.435,0.544,20.8,28,0.0067,5.23
13:17:21,22.254789,84.8798187,-0.141,-1.568,0.07,0.435,0.544,20.9,28,0.0067,5.23
13:17:21,22.2547864,84.8798177,-0.187,-1.867,0.07,0.385,0.560,21.1,28,0.0069,5.32
13:17:21,22.2547864,84.8798177,-0.168,-1.839,0.07,0.385,0.560,21.3,28,0.0069,5.32
13:17:21,22.2547864,84.8798177,-0.148,-1.811,0.07,0.385,0.560,21.3,28,0.0069,5.32
13:17:21,22.2547864,84.8798177,-0.136,-1.779,0.07,0.353,0.575,21.4,28,0.0068,5.32
13:17:21,22.2547864,84.8798177,-0.118,-1.750,0.07,0.353,0.575,21.6,28,0.0068,5.32
13:17:21,22.2547864,84.8798177,-0.100,-1.721,0.07,0.353,0.575,21.7,28,0.0068,5.32
13:17:21,22.2547864,84.8798177,-0.082,-1.692,0.07,0.353,0.575,21.7,28,0.0068,5.32
13:17:21,22.2547864,84.8798177,-0.077,-1.657,0.07,0.295,0.606,21.7,28,0.0069,5.32
13:17:21,22.2547864,84.8798177,-0.062,-1.626,0.07,0.295,0.606,21.9,28,0.0069,5.32
13:17:21,22.254784,84.8798168,-0.116,-1.948,0.08,0.293,0.593,21.9,28,0.0069,5.55
13:17:21,22.254784,84.8798168,-0.101,-1.918,0.08,0.293,0.593,21.9,28,0.0069,5.55
13:17:21,22.254784,84.8798168,-0.089,-1.879,0.08,0.280,0.637,22.0,28,0.0072,5.55
13:17:21,22.254784,84.8798168,-0.075,-1.847,0.08,0.280,0.637,22.1,28,0.0072,5.55
13:17:21,22.254784,84.8798168,-0.061,-1.815,0.08,0.280,0.637,22.1,28,0.0072,5.55
13:17:21,22.2547815,84.8798158,-0.121,-2.136,0.09,0.276,0.621,22.2,28,0.0072,5.66
13:17:21,22.2547815,84.8798158,-0.108,-2.100,0.09,0.273,0.642,22.4,28,0.0072,5.66
13:17:21,22.2547815,84.8798158,-0.094,-2.067,0.09,0.273,0.642,22.4,28,0.0072,5.66
13:17:21,22.2547815,84.8798158,-0.081,-2.035,0.09,0.273,0.642,22.4,28,0.0072,5.66
13:17:22,22.2547815,84.8798158,-0.067,-2.003,0.09,0.273,0.642,22.5,27,0.0072,5.66
13:17:22,22.2547815,84.8798158,-0.053,-1.970,0.09,0.273,0.642,22.6,27,0.0000,5.66
13:17:22,22.2547815,84.8798158,-0.039,-1.938,0.09,0.273,0.642,22.7,27,0.0000,5.66
13:17:22,22.2547815,84.8798158,-0.026,-1.906,0.09,0.273,0.642,22.7,27,0.0000,5.66
13:17:22,22.2547815,84.8798158,-0.013,-1.874,0.09,0.269,0.640,22.7,27,0.0094,5.66
13:17:22,22.2547793,84.8798152,-0.083,-2.215,0.09,0.266,0.625,22.8,27,0.0094,5.87
13:17:22,22.2547793,84.8798152,-0.069,-2.184,0.09,0.266,0.625,22.8,27,0.0094,5.87
13:17:22,22.2547793,84.8798152,-0.056,-2.152,0.09,0.266,0.625,22.8,27,0.0094,5.87
13:17:22,22.2547793,84.8798152,-0.042,-2.119,0.09,0.267,0.631,22.9,27,0.0092,5.87
13:17:22,22.2547777,84.879815,-0.109,-2.446,0.09,0.264,0.619,23.0,27,0.0092,5.80
13:17:22,22.2547777,84.879815,-0.096,-2.415,0.09,0.264,0.619,23.0,27,0.0092,5.80
13:17:22,22.2547777,84.879815,-0.082,-2.384,0.09,0.264,0.619,23.0,27,0.0092,5.80
13:17:22,22.2547777,84.879815,-0.068,-2.349,0.09,0.270,0.632,23.1,27,0.0070,5.80
13:17:22,22.2547777,84.879815,-0.054,-2.317,0.09,0.270,0.632,23.1,28,0.0070,5.80
13:17:22,22.2547777,84.879815,-0.041,-2.285,0.09,0.270,0.632,23.1,28,0.0070,5.80
13:17:22,22.2547777,84.879815,-0.027,-2.255,0.09,0.267,0.626,23.1,28,0.0069,5.80
13:17:22,22.2547777,84.879815,-0.014,-2.223,0.09,0.267,0.626,23.2,28,0.0069,5.80
13:17:22,22.2547777,84.879815,-0.000,-2.192,0.09,0.267,0.626,23.2,28,0.0069,5.80
13:17:22,22.2547765,84.8798152,-0.071,-2.531,0.09,0.264,0.610,23.2,28,0.0069,5.87
13:17:22,22.2547765,84.8798152,-0.057,-2.500,0.09,0.264,0.610,23.3,28,0.0069,5.87
13:17:23,22.2547765,84.8798152,-0.043,-2.468,0.09,0.266,0.617,23.4,28,0.0067,5.87
13:17:23,22.2547765,84.8798152,-0.030,-2.437,0.09,0.266,0.617,23.4,28,0.0067,5.87
13:17:23,22.2547748,84.8798154,-0.095,-2.764,0.08,0.263,0.603,23.5,26,0.0067,5.80
13:17:23,22.2547748,84.8798154,-0.081,-2.732,0.08,0.266,0.609,23.6,26,0.0092,5.80
13:17:23,22.2547748,84.8798154,-0.068,-2.701,0.08,0.266,0.609,23.7,26,0.0092,5.80
13:17:23,22.2547748,84.8798154,-0.054,-2.671,0.08,0.266,0.609,23.7,26,0.0092,5.80
13:17:23,22.2547748,84.8798154,-0.041,-2.640,0.08,0.266,0.609,23.8,26,0.0092,5.80
13:17:23,22.2547748,84.8798154,-0.026,-2.607,0.08,0.274,0.622,23.9,26,0.0088,5.80
13:17:23,22.2547748,84.8798154,-0.012,-2.575,0.08,0.274,0.622,23.9,26,0.0088,5.80
13:17:23,22.2547748,84.8798154,0.002,-2.544,0.08,0.274,0.622,23.9,26,0.0088,5.80
13:17:23,22.2547748,84.8798154,0.016,-2.513,0.08,0.274,0.622,23.9,26,0.0088,5.80
13:17:23,22.2547729,84.8798155,-0.053,-2.856,0.08,0.269,0.604,23.9,26,0.0084,5.94
13:17:23,22.2547729,84.8798155,-0.040,-2.825,0.08,0.269,0.604,24.0,26,0.0084,5.94
13:17:23,22.2547729,84.8798155,-0.026,-2.795,0.08,0.269,0.604,24.0,26,0.0084,5.94
13:17:23,22.2547729,84.8798155,-0.012,-2.764,0.08,0.269,0.604,24.0,26,0.0084,5.94
13:17:23,22.2547729,84.8798155,0.001,-2.734,0.08,0.269,0.604,24.0,26,0.0000,5.94
13:17:23,22.2547711,84.8798154,-0.066,-3.072,0.07,0.264,0.579,24.0,26,0.0000,5.92
13:17:23,22.2547711,84.8798154,-0.053,-3.043,0.07,0.264,0.579,24.1,26,0.0000,5.92
13:17:23,22.2547711,84.8798154,-0.039,-3.010,0.07,0.268,0.596,24.1,26,0.0111,5.92
13:17:24,22.2547711,84.8798154,-0.025,-2.979,0.07,0.268,0.596,24.1,26,0.0111,5.92
13:17:24,22.2547711,84.8798154,-0.012,-2.949,0.07,0.268,0.596,24.0,27,0.0111,5.92
13:17:24,22.2547711,84.8798154,0.002,-2.919,0.07,0.268,0.596,24.0,27,0.0111,5.92
13:17:24,22.2547711,84.8798154,0.015,-2.889,0.07,0.266,0.595,24.0,27,0.0089,5.92
13:17:24,22.2547711,84.8798154,0.028,-2.859,0.07,0.266,0.595,24.0,27,0.0089,5.92
13:17:24,22.2547711,84.8798154,0.042,-2.829,0.07,0.266,0.595,24.0,27,0.0089,5.92
13:17:24,22.2547694,84.8798155,-0.030,-3.182,0.07,0.262,0.576,24.0,27,0.0089,6.02
13:17:24,22.2547694,84.8798155,-0.016,-3.150,0.07,0.264,0.589,24.0,27,0.0089,6.02
13:17:24,22.2547694,84.8798155,-0.002,-3.120,0.07,0.264,0.589,24.0,27,0.0089,6.02
13:17:24,22.2547694,84.8798155,0.011,-3.090,0.07,0.264,0.589,24.0,27,0.0089,6.02
13:17:24,22.254768,84.8798157,-0.055,-3.427,0.07,0.261,0.572,24.0,27,0.0089,5.90
13:17:24,22.254768,84.8798157,-0.042,-3.398,0.07,0.261,0.572,24.0,27,0.0089,5.90
13:17:24,22.254768,84.8798157,-0.027,-3.362,0.07,0.269,0.600,24.0,27,0.0068,5.90
13:17:24,22.254768,84.8798157,-0.013,-3.332,0.07,0.269,0.600,24.0,27,0.0068,5.90
13:17:24,22.254768,84.8798157,0.001,-3.302,0.07,0.269,0.600,23.9,27,0.0068,5.90
13:17:24,22.254768,84.8798157,0.015,-3.267,0.07,0.275,0.618,23.9,27,0.0069,5.90
13:17:24,22.254768,84.8798157,0.029,-3.236,0.07,0.275,0.618,23.9,27,0.0069,5.90
13:17:24,22.254768,84.8798157,0.043,-3.205,0.07,0.275,0.618,24.0,27,0.0069,5.90
13:17:24,22.254768,84.8798157,0.057,-3.174,0.07,0.275,0.618,24.0,27,0.0069,5.90
13:17:24,22.2547665,84.8798158,-0.013,-3.522,0.07,0.269,0.599,24.0,27,0.0066,5.99
13:17:25,22.2547665,84.8798158,0.001,-3.492,0.07,0.269,0.599,24.0,27,0.0066,5.99
13:17:25,22.2547665,84.8798158,0.014,-3.462,0.07,0.269,0.599,23.9,27,0.0066,5.99
13:17:25,22.2547665,84.8798158,0.028,-3.431,0.07,0.269,0.599,23.9,27,0.0066,5.99
13:17:25,22.2547665,84.8798158,0.041,-3.401,0.07,0.269,0.599,23.9,27,0.0066,5.99
13:17:25,22.2547649,84.8798159,-0.026,-3.743,0.07,0.263,0.574,23.9,27,0.0066,5.94
13:17:25,22.2547649,84.8798159,-0.013,-3.714,0.07,0.263,0.574,23.9,27,0.0066,5.94
13:17:25,22.2547649,84.8798159,0.001,-3.685,0.07,0.263,0.574,23.9,27,0.0066,5.94
13:17:25,22.2547649,84.8798159,0.014,-3.656,0.07,0.263,0.574,23.9,27,0.0000,5.94
13:17:25,22.2547649,84.8798159,0.027,-3.627,0.07,0.263,0.574,23.9,27,0.0000,5.94
13:17:25,22.2547649,84.8798159,0.041,-3.598,0.07,0.263,0.574,23.9,27,0.0000,5.94
13:17:25,22.2547649,84.8798159,0.054,-3.569,0.07,0.263,0.574,23.9,27,0.0000,5.94
13:17:25,22.2547649,84.8798159,0.067,-3.540,0.07,0.263,0.574,23.9,27,0.0000,5.94
13:17:25,22.2547649,84.8798159,0.080,-3.511,0.07,0.263,0.574,23.9,27,0.0000,5.94
13:17:25,22.2547633,84.8798159,-0.000,-3.906,0.07,0.242,0.477,23.9,27,0.0000,6.01
13:17:25,22.2547633,84.8798159,0.012,-3.882,0.07,0.242,0.477,23.8,27,0.0000,6.01
13:17:25,22.2547633,84.8798159,0.035,-3.807,0.07,0.267,0.591,23.8,27,0.0068,6.01
13:17:25,22.2547633,84.8798159,0.049,-3.777,0.07,0.267,0.591,23.8,27,0.0068,6.01
13:17:25,22.2547616,84.8798159,-0.022,-4.135,0.07,0.261,0.561,23.8,27,0.0068,5.93
13:17:25,22.2547616,84.8798159,-0.009,-4.107,0.07,0.261,0.561,23.8,27,0.0068,5.93
13:17:25,22.2547616,84.8798159,0.006,-4.068,0.07,0.266,0.593,23.7,27,0.0067,5.93
13:17:26,22.2547616,84.8798159,0.019,-4.038,0.07,0.266,0.593,23.7,27,0.0067,5.93
13:17:26,22.2547616,84.8798159,0.033,-4.008,0.07,0.266,0.593,23.7,27,0.0067,5.93
13:17:26,22.2547599,84.8798158,-0.036,-4.350,0.07,0.264,0.590,23.7,27,0.0067,5.89
13:17:26,22.2547599,84.8798158,-0.022,-4.320,0.07,0.264,0.590,23.6,27,0.0067,5.89
13:17:26,22.2547599,84.8798158,-0.009,-4.290,0.07,0.264,0.590,23.6,27,0.0067,5.89
13:17:26,22.2547599,84.8798158,0.004,-4.260,0.07,0.264,0.590,23.6,27,0.0067,5.89
13:17:26,22.2547599,84.8798158,0.017,-4.229,0.07,0.264,0.598,23.6,27,0.0067,5.89
13:17:26,22.2547599,84.8798158,0.031,-4.198,0.07,0.264,0.598,23.4,27,0.0067,5.89
13:17:26,22.2547599,84.8798158,0.044,-4.168,0.07,0.264,0.598,23.4,27,0.0067,5.89
13:17:26,22.2547599,84.8798158,0.057,-4.138,0.07,0.264,0.598,23.4,27,0.0067,5.89
13:17:26,22.2547599,84.8798158,0.071,-4.106,0.07,0.264,0.606,23.4,27,0.0067,5.89
13:17:26,22.2547581,84.8798156,-0.003,-4.463,0.07,0.261,0.595,23.4,28,0.0067,6.00
13:17:26,22.2547581,84.8798156,0.010,-4.433,0.07,0.261,0.595,23.4,28,0.0067,6.00
13:17:26,22.2547581,84.8798156,0.022,-4.403,0.07,0.258,0.592,23.4,28,0.0065,6.00
13:17:26,22.2547581,84.8798156,0.035,-4.373,0.07,0.258,0.592,23.3,28,0.0065,6.00
13:17:26,22.2547581,84.8798156,0.048,-4.344,0.07,0.258,0.592,23.3,28,0.0065,6.00
13:17:26,22.2547565,84.8798155,-0.024,-4.690,0.07,0.254,0.577,23.0,28,0.0065,5.94
13:17:26,22.2547565,84.8798155,-0.011,-4.661,0.07,0.254,0.577,22.2,28,0.0065,5.94
13:17:26,22.2547565,84.8798155,0.001,-4.628,0.07,0.249,0.593,22.2,28,0.0065,5.94
13:17:26,22.2547565,84.8798155,0.014,-4.598,0.07,0.249,0.593,18.6,28,0.0065,5.94
13:17:27,22.2547565,84.8798155,0.026,-4.569,0.07,0.249,0.593,16.7,28,0.0065,5.94
13:17:27,22.2547565,84.8798155,0.039,-4.539,0.07,0.249,0.593,13.8,28,0.0065,5.94
13:17:27,22.2547565,84.8798155,0.051,-4.509,0.07,0.249,0.593,13.8,28,0.0000,5.94
13:17:27,22.2547565,84.8798155,0.064,-4.479,0.07,0.249,0.593,12.9,28,0.0000,5.94
13:17:27,22.2547546,84.8798154,-0.012,-4.839,0.07,0.242,0.560,11.7,28,0.0000,6.02
13:17:27,22.2547546,84.8798154,-0.000,-4.811,0.07,0.242,0.560,11.4,28,0.0000,6.02
13:17:27,22.2547546,84.8798154,0.007,-4.776,0.07,0.223,0.582,11.4,28,0.0063,6.02
13:17:27,22.2547546,84.8798154,0.018,-4.747,0.07,0.223,0.582,11.3,28,0.0063,6.02
13:17:27,22.2547546,84.8798154,0.029,-4.718,0.07,0.223,0.582,11.4,28,0.0063,6.02
13:17:27,22.2547528,84.8798151,-0.059,-5.061,0.07,0.165,0.590,11.4,28,0.0063,5.98
13:17:27,22.2547528,84.8798151,-0.051,-5.031,0.07,0.165,0.590,11.5,28,0.0063,5.98
13:17:27,22.2547528,84.8798151,-0.042,-5.002,0.07,0.165,0.590,11.6,28,0.0063,5.98
13:17:27,22.2547528,84.8798151,-0.034,-4.972,0.07,0.165,0.590,11.7,28,0.0063,5.98
13:17:27,22.2547528,84.8798151,-0.030,-4.937,0.07,0.146,0.615,11.7,28,0.0065,5.98
13:17:27,22.2547528,84.8798151,-0.023,-4.905,0.07,0.146,0.615,11.8,28,0.0065,5.98
13:17:27,22.2547528,84.8798151,-0.016,-4.875,0.07,0.146,0.615,11.9,28,0.0065,5.98
13:17:27,22.2547528,84.8798151,-0.008,-4.844,0.07,0.146,0.615,12.0,28,0.0065,5.98
13:17:27,22.2547528,84.8798151,-0.002,-4.811,0.07,0.139,0.624,12.0,28,0.0064,5.98
13:17:27,22.2547508,84.8798152,-0.080,-5.172,0.07,0.136,0.613,12.1,28,0.0064,6.10
13:17:28,22.2547508,84.8798152,-0.073,-5.141,0.07,0.136,0.613,12.2,28,0.0064,6.10
13:17:28,22.2547508,84.8798152,-0.066,-5.110,0.07,0.136,0.613,12.2,28,0.0064,6.10
13:17:28,22.2547508,84.8798152,-0.060,-5.078,0.07,0.135,0.617,12.2,28,0.0064,6.10
13:17:28,22.2547489,84.8798154,-0.130,-5.425,0.07,0.133,0.606,12.3,28,0.0064,6.03
13:17:28,22.2547489,84.8798154,-0.123,-5.395,0.07,0.133,0.606,12.4,28,0.0064,6.03
13:17:28,22.2547489,84.8798154,-0.116,-5.364,0.07,0.133,0.606,12.4,28,0.0064,6.03
13:17:28,22.2547489,84.8798154,-0.109,-5.331,0.07,0.136,0.617,12.4,28,0.0064,6.03
13:17:28,22.2547489,84.8798154,-0.102,-5.300,0.07,0.136,0.617,12.5,28,0.0064,6.03
13:17:28,22.2547489,84.8798154,-0.095,-5.269,0.07,0.136,0.617,12.5,28,0.0064,6.03
13:17:28,22.2547489,84.8798154,-0.088,-5.235,0.07,0.139,0.631,12.5,28,0.0065,6.03
13:17:28,22.2547489,84.8798154,-0.081,-5.203,0.07,0.139,0.631,12.5,28,0.0065,6.03
13:17:28,22.2547489,84.8798154,-0.074,-5.171,0.07,0.139,0.631,12.5,28,0.0065,6.03
13:17:28,22.254747,84.8798156,-0.143,-5.533,0.07,0.136,0.615,12.5,28,0.0065,6.14
13:17:28,22.254747,84.8798156,-0.136,-5.499,0.07,0.139,0.628,12.5,28,0.0065,6.14
13:17:28,22.254747,84.8798156,-0.129,-5.467,0.07,0.139,0.628,12.5,28,0.0000,6.14
13:17:28,22.254747,84.8798156,-0.122,-5.436,0.07,0.139,0.628,12.6,28,0.0000,6.14
13:17:28,22.254747,84.8798156,-0.115,-5.404,0.07,0.139,0.628,12.7,28,0.0000,6.14
13:17:28,22.254745,84.8798161,-0.176,-5.756,0.07,0.139,0.620,12.7,28,0.0065,6.11
13:17:28,22.254745,84.8798161,-0.169,-5.725,0.07,0.139,0.620,12.8,28,0.0065,6.11
13:17:28,22.254745,84.8798161,-0.162,-5.694,0.07,0.139,0.620,12.9,28,0.0065,6.11
13:17:29,22.254745,84.8798161,-0.155,-5.662,0.07,0.139,0.620,13.0,28,0.0065,6.11
13:17:29,22.254745,84.8798161,-0.148,-5.631,0.07,0.141,0.619,13.0,28,0.0064,6.11
13:17:29,22.254745,84.8798161,-0.140,-5.600,0.07,0.141,0.619,13.1,28,0.0064,6.11
13:17:29,22.254745,84.8798161,-0.133,-5.569,0.07,0.141,0.619,13.1,28,0.0064,6.11
13:17:29,22.254745,84.8798161,-0.126,-5.537,0.07,0.141,0.619,13.1,28,0.0064,6.11
13:17:29,22.254745,84.8798161,-0.118,-5.505,0.07,0.144,0.624,13.1,28,0.0063,6.11
13:17:29,22.254743,84.8798166,-0.178,-5.873,0.06,0.142,0.613,13.2,28,0.0063,6.22
13:17:29,22.254743,84.8798166,-0.171,-5.842,0.06,0.142,0.613,13.2,28,0.0063,6.22
13:17:29,22.254743,84.8798166,-0.163,-5.811,0.06,0.142,0.613,13.2,28,0.0063,6.22
13:17:29,22.254743,84.8798166,-0.156,-5.781,0.06,0.143,0.612,13.3,28,0.0063,6.22
13:17:29,22.254741,84.8798172,-0.207,-6.135,0.06,0.142,0.600,13.6,28,0.0063,6.15
13:17:29,22.254741,84.8798172,-0.200,-6.105,0.06,0.142,0.600,13.6,28,0.0063,6.15
13:17:29,22.254741,84.8798172,-0.193,-6.075,0.06,0.142,0.600,13.9,28,0.0063,6.15
13:17:29,22.254741,84.8798172,-0.185,-6.045,0.06,0.147,0.599,14.2,28,0.0063,6.15
13:17:29,22.254741,84.8798172,-0.177,-6.015,0.06,0.147,0.599,14.3,28,0.0063,6.15
13:17:29,22.254741,84.8798172,-0.170,-5.985,0.06,0.147,0.599,14.3,28,0.0063,6.15
13:17:29,22.254741,84.8798172,-0.162,-5.954,0.06,0.147,0.599,14.4,28,0.0063,6.15
13:17:29,22.254741,84.8798172,-0.154,-5.923,0.06,0.152,0.604,14.5,28,0.0064,6.15
13:17:29,22.254741,84.8798172,-0.146,-5.893,0.06,0.152,0.604,14.5,28,0.0064,6.15
13:17:29,22.2547391,84.8798177,-0.195,-6.262,0.06,0.150,0.589,14.5,28,0.0064,6.25
13:17:30,22.2547391,84.8798177,-0.188,-6.232,0.06,0.150,0.589,14.5,28,0.0064,6.25
13:17:30,22.2547391,84.8798177,-0.180,-6.201,0.06,0.154,0.598,14.6,28,0.0062,6.25
13:17:30,22.2547391,84.8798177,-0.172,-6.170,0.06,0.154,0.598,14.6,28,0.0062,6.25
13:17:30,22.2547372,84.8798181,-0.215,-6.526,0.06,0.152,0.584,14.6,28,0.0062,6.17
13:17:30,22.2547372,84.8798181,-0.208,-6.496,0.06,0.152,0.584,14.7,28,0.0000,6.17
13:17:30,22.2547372,84.8798181,-0.200,-6.467,0.06,0.152,0.584,14.7,28,0.0000,6.17
13:17:30,22.2547372,84.8798181,-0.192,-6.437,0.06,0.152,0.584,14.7,28,0.0000,6.17
13:17:30,22.2547372,84.8798181,-0.185,-6.408,0.06,0.152,0.584,14.7,28,0.0000,6.17
13:17:30,22.2547372,84.8798181,-0.175,-6.371,0.06,0.160,0.613,14.7,28,0.0065,6.17
13:17:30,22.2547372,84.8798181,-0.167,-6.339,0.06,0.160,0.613,14.7,28,0.0065,6.17
13:17:30,22.2547372,84.8798181,-0.159,-6.309,0.06,0.160,0.613,14.6,28,0.0065,6.17
13:17:30,22.2547372,84.8798181,-0.151,-6.278,0.06,0.160,0.613,14.6,28,0.0065,6.17
13:17:30,22.2547353,84.8798185,-0.193,-6.647,0.06,0.160,0.609,14.6,28,0.0065,6.27
13:17:30,22.2547353,84.8798185,-0.185,-6.616,0.06,0.160,0.609,14.6,28,0.0065,6.27
13:17:30,22.2547353,84.8798185,-0.177,-6.586,0.06,0.160,0.609,14.6,28,0.0065,6.27
13:17:30,22.2547353,84.8798185,-0.169,-6.555,0.06,0.160,0.609,14.6,28,0.0065,6.27
13:17:30,22.2547353,84.8798185,-0.160,-6.520,0.06,0.163,0.628,14.5,28,0.0066,6.27
13:17:30,22.2547333,84.8798189,-0.199,-6.883,0.06,0.162,0.615,14.5,28,0.0066,6.25
13:17:30,22.2547333,84.8798189,-0.191,-6.852,0.06,0.162,0.615,14.4,28,0.0066,6.25
13:17:30,22.2547333,84.8798189,-0.183,-6.821,0.06,0.162,0.615,14.3,28,0.0066,6.25
13:17:31,22.2547333,84.8798189,-0.175,-6.789,0.06,0.160,0.620,14.3,28,0.0066,6.25
13:17:31,22.2547333,84.8798189,-0.167,-6.757,0.06,0.160,0.620,14.3,28,0.0066,6.25
13:17:31,22.2547333,84.8798189,-0.159,-6.726,0.06,0.160,0.620,14.3,28,0.0066,6.25
13:17:31,22.2547333,84.8798189,-0.151,-6.695,0.06,0.160,0.620,14.3,28,0.0066,6.25
13:17:31,22.2547333,84.8798189,-0.143,-6.662,0.06,0.160,0.626,14.3,28,0.0066,6.25
13:17:31,22.2547333,84.8798189,-0.135,-6.631,0.06,0.160,0.626,14.3,28,0.0066,6.25
13:17:31,22.2547314,84.8798192,-0.175,-7.008,0.06,0.158,0.611,14.3,28,0.0066,6.35
13:17:31,22.2547314,84.8798192,-0.167,-6.977,0.06,0.158,0.611,14.2,28,0.0066,6.35
13:17:31,22.2547314,84.8798192,-0.159,-6.945,0.06,0.158,0.617,14.2,28,0.0065,6.35
13:17:31,22.2547314,84.8798192,-0.151,-6.914,0.06,0.158,0.617,14.2,28,0.0065,6.35
13:17:31,22.2547295,84.8798195,-0.187,-7.277,0.06,0.156,0.603,14.2,28,0.0065,6.27
13:17:31,22.2547295,84.8798195,-0.179,-7.244,0.06,0.157,0.616,14.2,28,0.0066,6.27
13:17:31,22.2547295,84.8798195,-0.171,-7.212,0.06,0.157,0.616,14.2,28,0.0066,6.27
13:17:31,22.2547295,84.8798195,-0.163,-7.181,0.06,0.157,0.616,14.1,28,0.0066,6.27
13:17:31,22.2547295,84.8798195,-0.155,-7.150,0.06,0.157,0.616,14.0,28,0.0066,6.27
13:17:31,22.2547295,84.8798195,-0.147,-7.119,0.06,0.157,0.616,14.0,28,0.0066,6.27
13:17:31,22.2547295,84.8798195,-0.139,-7.088,0.06,0.157,0.616,14.0,28,0.0000,6.27
13:17:31,22.2547295,84.8798195,-0.131,-7.057,0.06,0.157,0.616,14.0,28,0.0000,6.27
13:17:31,22.2547295,84.8798195,-0.123,-7.026,0.06,0.157,0.616,14.1,28,0.0000,6.27
13:17:32,22.2547275,84.8798197,-0.161,-7.405,0.06,0.155,0.606,14.1,28,0.0064,6.38
13:17:32,22.2547275,84.8798197,-0.153,-7.374,0.06,0.155,0.606,14.1,28,0.0064,6.38
13:17:32,22.2547275,84.8798197,-0.145,-7.344,0.06,0.155,0.606,14.2,28,0.0064,6.38
13:17:32,22.2547275,84.8798197,-0.137,-7.313,0.06,0.155,0.606,14.1,28,0.0064,6.38
13:17:32,22.2547275,84.8798197,-0.129,-7.280,0.06,0.156,0.614,14.1,28,0.0064,6.38
13:17:32,22.2547256,84.87982,-0.164,-7.651,0.06,0.154,0.600,14.1,27,0.0064,6.33
13:17:32,22.2547256,84.87982,-0.156,-7.621,0.06,0.154,0.600,14.1,27,0.0064,6.33
13:17:32,22.2547256,84.87982,-0.148,-7.591,0.06,0.154,0.600,14.1,27,0.0064,6.33
13:17:32,22.2547256,84.87982,-0.139,-7.554,0.06,0.159,0.627,14.1,27,0.0066,6.33
13:17:32,22.2547238,84.8798202,-0.170,-7.910,0.07,0.158,0.614,14.1,27,0.0066,6.26
13:17:32,22.2547238,84.8798202,-0.162,-7.879,0.07,0.158,0.614,14.1,27,0.0066,6.26
13:17:32,22.2547238,84.8798202,-0.154,-7.848,0.07,0.158,0.614,14.1,27,0.0066,6.26
13:17:32,22.2547238,84.8798202,-0.146,-7.813,0.07,0.160,0.632,14.2,27,0.0068,6.26
13:17:32,22.2547238,84.8798202,-0.138,-7.781,0.07,0.160,0.632,14.2,27,0.0068,6.26
13:17:32,22.2547238,84.8798202,-0.130,-7.749,0.07,0.160,0.632,14.2,28,0.0068,6.26
13:17:32,22.2547238,84.8798202,-0.122,-7.718,0.07,0.160,0.632,14.2,28,0.0068,6.26
13:17:32,22.2547238,84.8798202,-0.113,-7.685,0.07,0.161,0.637,14.2,28,0.0066,6.26
13:17:32,22.2547238,84.8798202,-0.105,-7.652,0.07,0.161,0.637,14.1,28,0.0066,6.26
13:17:32,22.2547218,84.8798204,-0.138,-8.025,0.07,0.160,0.622,14.1,28,0.0066,6.38
13:17:32,22.2547218,84.8798204,-0.130,-7.994,0.07,0.158,0.623,14.1,28,0.0065,6.38
13:17:33,22.2547218,84.8798204,-0.122,-7.962,0.07,0.158,0.623,14.1,28,0.0065,6.38
13:17:33,22.2547218,84.8798204,-0.114,-7.930,0.07,0.158,0.623,14.1,28,0.0065,6.38
13:17:33,22.2547218,84.8798204,-0.106,-7.899,0.07,0.158,0.623,14.1,28,0.0065,6.38
13:17:33,22.2547199,84.8798206,-0.137,-8.260,0.07,0.160,0.627,14.1,28,0.0067,6.35
13:17:33,22.2547199,84.8798206,-0.129,-8.228,0.07,0.160,0.627,14.1,28,0.0067,6.35
13:17:33,22.2547199,84.8798206,-0.121,-8.197,0.07,0.160,0.627,14.1,28,0.0067,6.35
13:17:33,22.2547199,84.8798206,-0.113,-8.165,0.07,0.160,0.627,14.1,28,0.0067,6.35
13:17:33,22.2547199,84.8798206,-0.105,-8.134,0.07,0.160,0.627,14.1,28,0.0000,6.35
13:17:33,22.2547199,84.8798206,-0.097,-8.102,0.07,0.160,0.627,14.2,28,0.0000,6.35
13:17:33,22.2547199,84.8798206,-0.088,-8.070,0.07,0.160,0.627,14.1,28,0.0000,6.35
13:17:33,22.2547199,84.8798206,-0.080,-8.039,0.07,0.160,0.627,14.1,28,0.0000,6.35
13:17:33,22.254718,84.8798207,-0.113,-8.413,0.06,0.158,0.618,14.1,27,0.0066,6.42
13:17:33,22.254718,84.8798207,-0.105,-8.381,0.06,0.158,0.618,14.2,27,0.0066,6.42
13:17:33,22.254718,84.8798207,-0.097,-8.350,0.06,0.158,0.618,14.2,27,0.0066,6.42
13:17:33,22.254718,84.8798207,-0.089,-8.319,0.06,0.158,0.618,14.2,27,0.0066,6.42
13:17:33,22.254718,84.8798207,-0.080,-8.283,0.06,0.162,0.636,14.3,27,0.0067,6.42
13:17:33,22.2547161,84.8798207,-0.112,-8.651,0.06,0.161,0.622,14.3,27,0.0067,6.39
13:17:33,22.2547161,84.8798207,-0.104,-8.620,0.06,0.161,0.622,14.3,27,0.0067,6.39
13:17:33,22.2547161,84.8798207,-0.096,-8.588,0.06,0.161,0.622,14.3,27,0.0067,6.39
13:17:33,22.2547161,84.8798207,-0.087,-8.554,0.06,0.163,0.636,14.3,27,0.0067,6.39
13:17:34,22.2547161,84.8798207,-0.070,-8.489,0.06,0.163,0.636,14.3,28,0.0067,6.39
13:17:34,22.2547161,84.8798207,-0.062,-8.457,0.06,0.163,0.636,14.3,28,0.0067,6.39
13:17:34,22.2547161,84.8798207,-0.055,-8.427,0.06,0.160,0.626,14.3,28,0.0064,6.39
13:17:34,22.2547161,84.8798207,-0.047,-8.395,0.06,0.160,0.626,14.3,28,0.0064,6.39
13:17:34,22.2547141,84.8798206,-0.083,-8.780,0.06,0.158,0.611,14.3,28,0.0064,6.50
13:17:34,22.2547141,84.8798206,-0.074,-8.749,0.06,0.158,0.611,14.2,28,0.0064,6.50
13:17:34,22.2547141,84.8798206,-0.066,-8.716,0.06,0.159,0.621,14.2,28,0.0065,6.50
13:17:34,22.2547141,84.8798206,-0.058,-8.685,0.06,0.159,0.621,14.2,28,0.0065,6.50
13:17:34,22.2547141,84.8798206,-0.050,-8.654,0.06,0.159,0.621,14.2,28,0.0065,6.50
13:17:34,22.2547121,84.8798205,-0.086,-9.027,0.06,0.159,0.621,14.2,28,0.0066,6.47
13:17:34,22.2547121,84.8798205,-0.078,-8.995,0.06,0.159,0.621,14.2,28,0.0066,6.47
13:17:34,22.2547121,84.8798205,-0.070,-8.964,0.06,0.159,0.621,14.1,28,0.0066,6.47
13:17:34,22.2547121,84.8798205,-0.062,-8.933,0.06,0.159,0.621,14.1,28,0.0066,6.47
13:17:34,22.2547121,84.8798205,-0.054,-8.901,0.06,0.158,0.625,14.0,28,0.0065,6.47
13:17:34,22.2547121,84.8798205,-0.046,-8.869,0.06,0.158,0.625,14.0,28,0.0065,6.47
13:17:34,22.2547121,84.8798205,-0.038,-8.838,0.06,0.158,0.625,13.9,28,0.0065,6.47
13:17:34,22.2547121,84.8798205,-0.030,-8.806,0.06,0.158,0.625,13.9,28,0.0065,6.47
13:17:34,22.2547121,84.8798205,-0.022,-8.775,0.06,0.158,0.625,13.9,28,0.0000,6.47
13:17:34,22.25471,84.8798203,-0.062,-9.169,0.06,0.154,0.596,13.9,28,0.0000,6.58
13:17:34,22.25471,84.8798203,-0.054,-9.139,0.06,0.154,0.596,13.9,28,0.0000,6.58
13:17:35,22.25471,84.8798203,-0.047,-9.109,0.06,0.154,0.596,13.9,28,0.0000,6.58
13:17:35,22.25471,84.8798203,-0.039,-9.074,0.06,0.153,0.611,13.9,28,0.0064,6.58
13:17:35,22.2547079,84.8798202,-0.078,-9.454,0.06,0.152,0.594,13.9,28,0.0064,6.52
13:17:35,22.2547079,84.8798202,-0.070,-9.424,0.06,0.152,0.594,13.9,28,0.0064,6.52
13:17:35,22.2547079,84.8798202,-0.062,-9.394,0.06,0.152,0.594,14.0,28,0.0064,6.52
13:17:35,22.2547079,84.8798202,-0.055,-9.364,0.06,0.152,0.594,14.0,28,0.0064,6.52
13:17:35,22.2547079,84.8798202,-0.047,-9.334,0.06,0.152,0.594,13.9,28,0.0064,6.52
13:17:35,22.2547079,84.8798202,-0.039,-9.304,0.06,0.152,0.594,13.9,28,0.0064,6.52
13:17:35,22.2547079,84.8798202,-0.032,-9.274,0.06,0.152,0.594,13.9,28,0.0064,6.52
13:17:35,22.2547079,84.8798202,-0.023,-9.235,0.06,0.155,0.621,13.9,28,0.0067,6.52
13:17:35,22.2547079,84.8798202,-0.015,-9.204,0.06,0.155,0.621,13.9,28,0.0067,6.52
13:17:35,22.2547058,84.8798201,-0.058,-9.605,0.07,0.152,0.597,13.9,28,0.0067,6.62
13:17:35,22.2547058,84.8798201,-0.050,-9.575,0.07,0.152,0.597,13.9,28,0.0067,6.62
13:17:35,22.2547058,84.8798201,-0.042,-9.541,0.07,0.153,0.612,13.9,28,0.0064,6.62
13:17:35,22.2547058,84.8798201,-0.034,-9.510,0.07,0.153,0.612,14.0,28,0.0064,6.62
13:17:35,22.2547036,84.8798199,-0.075,-9.895,0.07,0.151,0.593,14.0,28,0.0064,6.56
13:17:35,22.2547036,84.8798199,-0.068,-9.865,0.07,0.151,0.593,14.0,28,0.0064,6.56
13:17:35,22.2547036,84.8798199,-0.059,-9.828,0.07,0.157,0.623,14.0,28,0.0065,6.56
13:17:35,22.2547036,84.8798199,-0.051,-9.797,0.07,0.157,0.623,14.0,28,0.0065,6.56
13:17:36,22.2547036,84.8798199,-0.043,-9.765,0.07,0.157,0.623,14.0,28,0.0065,6.56
13:17:36,22.2547036,84.8798199,-0.035,-9.734,0.07,0.157,0.622,14.2,28,0.0066,6.56
13:17:36,22.2547036,84.8798199,-0.027,-9.703,0.07,0.157,0.622,14.3,28,0.0066,6.56
13:17:36,22.2547036,84.8798199,-0.019,-9.671,0.07,0.157,0.622,14.3,28,0.0066,6.56
13:17:36,22.2547036,84.8798199,-0.011,-9.640,0.07,0.157,0.622,14.3,28,0.0066,6.56
13:17:36,22.2547014,84.8798198,-0.055,-10.039,0.07,0.157,0.614,14.1,28,0.0065,6.68
13:17:36,22.2547014,84.8798198,-0.047,-10.008,0.07,0.157,0.614,14.1,28,0.0065,6.68
13:17:36,22.2547014,84.8798198,-0.039,-9.976,0.07,0.157,0.614,14.2,28,0.0065,6.68
13:17:36,22.2547014,84.8798198,-0.031,-9.945,0.07,0.157,0.614,14.2,28,0.0065,6.68
13:17:36,22.2547014,84.8798198,-0.023,-9.915,0.07,0.157,0.614,14.2,28,0.0000,6.68
13:17:36,22.2546992,84.8798195,-0.068,-10.309,0.07,0.153,0.586,14.2,28,0.0000,6.65
13:17:36,22.2546992,84.8798195,-0.060,-10.279,0.07,0.153,0.586,14.2,28,0.0000,6.65
13:17:36,22.2546992,84.8798195,-0.053,-10.250,0.07,0.153,0.586,14.2,28,0.0000,6.65
13:17:36,22.2546992,84.8798195,-0.044,-10.213,0.07,0.157,0.612,14.2,28,0.0065,6.65
13:17:36,22.2546992,84.8798195,-0.036,-10.182,0.07,0.157,0.612,14.2,28,0.0065,6.65
13:17:36,22.2546992,84.8798195,-0.028,-10.151,0.07,0.157,0.612,14.3,28,0.0065,6.65
13:17:36,22.2546992,84.8798195,-0.021,-10.123,0.07,0.155,0.601,14.4,28,0.0063,6.65
13:17:36,22.2546992,84.8798195,-0.013,-10.093,0.07,0.155,0.601,14.4,28,0.0063,6.65
13:17:36,22.2546992,84.8798195,-0.005,-10.062,0.07,0.155,0.601,14.4,28,0.0063,6.65
13:17:36,22.2546969,84.8798193,-0.054,-10.473,0.07,0.152,0.581,14.4,28,0.0063,6.76
13:17:37,22.2546969,84.8798193,-0.057,-10.437,0.07,0.102,0.611,14.4,28,0.0064,6.76
13:17:37,22.2546969,84.8798193,-0.052,-10.406,0.07,0.102,0.611,14.5,28,0.0064,6.76
13:17:37,22.2546969,84.8798193,-0.047,-10.376,0.07,0.102,0.611,14.5,28,0.0064,6.76
13:17:37,22.2546947,84.8798191,-0.095,-10.770,0.06,0.099,0.591,14.4,28,0.0064,6.69
13:17:37,22.2546947,84.8798191,-0.083,-10.736,0.06,0.135,0.610,14.4,28,0.0064,6.69
13:17:37,22.2546947,84.8798191,-0.076,-10.705,0.06,0.135,0.610,14.4,28,0.0064,6.69
13:17:37,22.2546947,84.8798191,-0.069,-10.674,0.06,0.135,0.610,14.3,28,0.0064,6.69
13:17:37,22.2546947,84.8798191,-0.062,-10.644,0.06,0.135,0.610,14.3,28,0.0064,6.69
13:17:37,22.2546947,84.8798191,-0.053,-10.612,0.06,0.148,0.613,14.3,28,0.0065,6.69
13:17:37,22.2546947,84.8798191,-0.045,-10.581,0.06,0.148,0.613,14.4,28,0.0065,6.69
13:17:37,22.2546947,84.8798191,-0.038,-10.550,0.06,0.148,0.613,14.4,28,0.0065,6.69
13:17:37,22.2546947,84.8798191,-0.030,-10.519,0.06,0.148,0.613,14.4,28,0.0065,6.69
13:17:37,22.2546925,84.8798189,-0.079,-10.929,0.06,0.150,0.589,14.4,28,0.0062,6.80
13:17:37,22.2546925,84.8798189,-0.071,-10.899,0.06,0.150,0.589,14.4,28,0.0062,6.80
13:17:37,22.2546925,84.8798189,-0.064,-10.870,0.06,0.150,0.589,14.5,28,0.0062,6.80
13:17:37,22.2546925,84.8798189,-0.055,-10.839,0.06,0.154,0.594,14.5,28,0.0063,6.80
13:17:37,22.2546902,84.8798187,-0.102,-11.231,0.06,0.152,0.583,14.6,28,0.0063,6.74
13:17:37,22.2546902,84.8798187,-0.095,-11.201,0.06,0.152,0.583,14.6,28,0.0063,6.74
13:17:37,22.2546902,84.8798187,-0.087,-11.172,0.06,0.152,0.583,14.6,28,0.0063,6.74
13:17:37,22.2546902,84.8798187,-0.079,-11.142,0.06,0.152,0.583,14.6,28,0.0063,6.74
13:17:38,22.2546902,84.8798187,-0.072,-11.113,0.06,0.152,0.583,14.6,28,0.0000,6.74
13:17:38,22.2546902,84.8798187,-0.064,-11.083,0.06,0.152,0.583,14.6,28,0.0000,6.74
13:17:38,22.2546902,84.8798187,-0.056,-11.054,0.06,0.152,0.583,14.6,28,0.0000,6.74
13:17:38,22.2546902,84.8798187,-0.049,-11.025,0.06,0.152,0.583,14.6,28,0.0000,6.74
13:17:38,22.2546902,84.8798187,-0.057,-10.984,0.06,0.102,0.620,14.5,28,0.0064,6.74
13:17:38,22.2546882,84.8798186,-0.109,-11.394,0.06,0.099,0.600,14.5,28,0.0064,6.81
13:17:38,22.2546882,84.8798186,-0.103,-11.363,0.06,0.099,0.600,14.4,28,0.0064,6.81
13:17:38,22.2546882,84.8798186,-0.103,-11.331,0.06,0.081,0.608,14.4,28,0.0061,6.81
13:17:38,22.2546882,84.8798186,-0.099,-11.300,0.06,0.081,0.608,14.3,28,0.0061,6.81
13:17:38,22.2546882,84.8798186,-0.095,-11.269,0.06,0.081,0.608,14.3,28,0.0061,6.81
13:17:38,22.2546861,84.8798184,-0.146,-11.669,0.06,0.078,0.587,14.3,28,0.0061,6.76
13:17:38,22.2546861,84.8798184,-0.133,-11.639,0.06,0.120,0.588,14.3,28,0.0061,6.76
13:17:38,22.2546861,84.8798184,-0.126,-11.610,0.06,0.120,0.588,14.3,28,0.0061,6.76
13:17:38,22.2546861,84.8798184,-0.120,-11.580,0.06,0.120,0.588,14.3,28,0.0061,6.76
13:17:38,22.2546839,84.8798183,-0.167,-11.966,0.05,0.118,0.568,14.3,28,0.0061,6.69
13:17:38,22.2546839,84.8798183,-0.169,-11.929,0.05,0.081,0.606,14.4,28,0.0063,6.69
13:17:38,22.2546839,84.8798183,-0.165,-11.899,0.05,0.081,0.606,14.4,28,0.0063,6.69
13:17:38,22.2546839,84.8798183,-0.161,-11.868,0.05,0.081,0.606,14.4,28,0.0063,6.69
13:17:38,22.2546839,84.8798183,-0.161,-11.838,0.05,0.061,0.602,14.4,28,0.0059,6.69
13:17:38,22.2546839,84.8798183,-0.158,-11.808,0.05,0.061,0.602,14.4,28,0.0059,6.69
13:17:39,22.2546839,84.8798183,-0.155,-11.778,0.05,0.061,0.602,14.4,28,0.0059,6.69
13:17:39,22.2546839,84.8798183,-0.152,-11.747,0.05,0.061,0.602,14.5,28,0.0059,6.69
13:17:39,22.2546839,84.8798183,-0.151,-11.711,0.05,0.048,0.631,14.5,28,0.0065,6.69
13:17:39,22.2546839,84.8798183,-0.149,-11.679,0.05,0.048,0.631,14.4,28,0.0065,6.69
13:17:39,22.2546819,84.8798182,-0.199,-12.082,0.05,0.047,0.616,14.5,28,0.0065,6.81
13:17:39,22.2546819,84.8798182,-0.197,-12.051,0.05,0.047,0.616,14.5,28,0.0065,6.81
13:17:39,22.2546819,84.8798182,-0.195,-12.020,0.05,0.047,0.616,14.5,28,0.0065,6.81
13:17:39,22.2546819,84.8798182,-0.196,-11.988,0.05,0.029,0.619,14.5,28,0.0062,6.81
13:17:39,22.2546798,84.879818,-0.245,-12.376,0.05,0.027,0.606,14.6,28,0.0062,6.74
13:17:39,22.2546798,84.879818,-0.243,-12.346,0.05,0.027,0.606,14.6,28,0.0062,6.74
13:17:39,22.2546798,84.879818,-0.242,-12.315,0.05,0.027,0.606,14.6,28,0.0062,6.74
13:17:39,22.2546798,84.879818,-0.240,-12.285,0.05,0.027,0.606,14.6,28,0.0000,6.74
13:17:39,22.2546798,84.879818,-0.239,-12.254,0.05,0.027,0.606,14.5,28,0.0000,6.74
13:17:39,22.2546798,84.879818,-0.238,-12.224,0.05,0.027,0.606,14.5,28,0.0000,6.74
13:17:39,22.2546798,84.879818,-0.232,-12.191,0.05,0.044,0.614,14.5,28,0.0061,6.74
13:17:39,22.2546798,84.879818,-0.229,-12.160,0.05,0.044,0.614,14.3,28,0.0061,6.74
13:17:39,22.2546798,84.879818,-0.227,-12.129,0.05,0.044,0.614,14.1,28,0.0061,6.74
13:17:39,22.2546779,84.8798178,-0.276,-12.536,0.06,0.041,0.589,14.1,28,0.0061,6.80
13:17:39,22.2546779,84.8798178,-0.272,-12.502,0.06,0.050,0.609,14.0,28,0.0062,6.80
13:17:40,22.2546779,84.8798178,-0.269,-12.471,0.06,0.050,0.609,14.1,28,0.0062,6.80
13:17:40,22.2546779,84.8798178,-0.267,-12.440,0.06,0.050,0.609,14.1,28,0.0062,6.80
13:17:40,22.2546779,84.8798178,-0.264,-12.409,0.06,0.050,0.609,14.1,28,0.0062,6.80
13:17:40,22.2546759,84.8798177,-0.312,-12.801,0.06,0.040,0.610,14.2,28,0.0063,6.75
13:17:40,22.2546759,84.8798177,-0.309,-12.770,0.06,0.040,0.610,14.3,28,0.0063,6.75
13:17:40,22.2546759,84.8798177,-0.307,-12.740,0.06,0.040,0.610,14.3,28,0.0063,6.75
13:17:40,22.2546759,84.8798177,-0.304,-12.707,0.06,0.045,0.618,14.5,28,0.0064,6.75
13:17:40,22.2546759,84.8798177,-0.302,-12.676,0.06,0.045,0.618,14.5,28,0.0064,6.75
13:17:40,22.2546759,84.8798177,-0.300,-12.644,0.06,0.045,0.618,14.5,28,0.0064,6.75
13:17:40,22.2546759,84.8798177,-0.297,-12.613,0.06,0.045,0.618,14.5,28,0.0064,6.75
13:17:40,22.2546759,84.8798177,-0.295,-12.581,0.06,0.044,0.622,14.6,28,0.0061,6.75
13:17:40,22.2546759,84.8798177,-0.293,-12.550,0.06,0.044,0.622,14.6,28,0.0061,6.75
13:17:40,22.2546739,84.8798176,-0.339,-12.958,0.06,0.042,0.607,14.6,28,0.0061,6.82
13:17:40,22.2546739,84.8798176,-0.337,-12.927,0.06,0.042,0.607,14.5,28,0.0061,6.82
13:17:40,22.2546739,84.8798176,-0.337,-12.895,0.06,0.032,0.612,14.5,28,0.0061,6.82
13:17:40,22.2546739,84.8798176,-0.335,-12.864,0.06,0.032,0.612,14.6,28,0.0061,6.82
13:17:40,22.254672,84.8798176,-0.377,-13.254,0.06,0.030,0.597,14.6,28,0.0061,6.72
13:17:40,22.254672,84.8798176,-0.376,-13.224,0.06,0.030,0.597,14.6,28,0.0061,6.72
13:17:40,22.254672,84.8798176,-0.374,-13.195,0.06,0.032,0.592,14.6,28,0.0058,6.72
13:17:40,22.254672,84.8798176,-0.372,-13.165,0.06,0.032,0.592,14.6,28,0.0058,6.72
13:17:41,22.254672,84.8798176,-0.371,-13.135,0.06,0.032,0.592,14.5,28,0.0058,6.72
13:17:41,22.254672,84.8798176,-0.369,-13.106,0.06,0.032,0.592,14.5,28,0.0058,6.72
13:17:41,22.254672,84.8798176,-0.366,-13.071,0.06,0.039,0.612,14.6,28,0.0061,6.72
13:17:41,22.254672,84.8798176,-0.364,-13.041,0.06,0.039,0.612,14.6,28,0.0061,6.72
13:17:41,22.254672,84.8798176,-0.362,-13.010,0.06,0.039,0.612,14.6,28,0.0061,6.72
13:17:41,22.2546701,84.8798175,-0.404,-13.414,0.05,0.037,0.592,14.7,28,0.0061,6.78
13:17:41,22.2546701,84.8798175,-0.402,-13.384,0.05,0.037,0.592,14.7,28,0.0000,6.78
13:17:41,22.2546701,84.8798175,-0.400,-13.354,0.05,0.037,0.592,14.7,28,0.0000,6.78
13:17:41,22.2546701,84.8798175,-0.399,-13.324,0.05,0.037,0.592,14.8,28,0.0000,6.78
13:17:41,22.2546701,84.8798175,-0.401,-13.290,0.05,0.021,0.607,14.8,28,0.0061,6.78
13:17:41,22.2546682,84.8798174,-0.441,-13.684,0.05,0.019,0.590,14.8,28,0.0061,6.71
13:17:41,22.2546682,84.8798174,-0.440,-13.654,0.05,0.019,0.590,14.9,28,0.0061,6.71
13:17:41,22.2546682,84.8798174,-0.439,-13.625,0.05,0.019,0.590,15.0,28,0.0061,6.71
13:17:41,22.2546682,84.8798174,-0.438,-13.590,0.05,0.020,0.613,15.0,28,0.0062,6.71
13:17:41,22.2546682,84.8798174,-0.437,-13.559,0.05,0.020,0.613,14.9,28,0.0062,6.71
13:17:41,22.2546682,84.8798174,-0.436,-13.528,0.05,0.020,0.613,15.0,28,0.0062,6.71
13:17:41,22.2546682,84.8798174,-0.435,-13.497,0.05,0.020,0.613,15.0,28,0.0062,6.71
13:17:41,22.2546682,84.8798174,-0.435,-13.466,0.05,0.015,0.613,15.0,28,0.0059,6.71
13:17:41,22.2546682,84.8798174,-0.435,-13.435,0.05,0.015,0.613,15.0,28,0.0059,6.71
13:17:41,22.2546662,84.8798174,-0.474,-13.843,0.05,0.014,0.596,15.0,28,0.0059,6.78
13:17:42,22.2546662,84.8798174,-0.473,-13.813,0.05,0.014,0.596,15.0,28,0.0059,6.78
13:17:42,22.2546662,84.8798174,-0.473,-13.781,0.05,0.010,0.605,15.1,28,0.0059,6.78
13:17:42,22.2546662,84.8798174,-0.473,-13.751,0.05,0.010,0.605,15.1,28,0.0059,6.78
13:17:42,22.2546642,84.8798174,-0.509,-14.141,0.05,0.009,0.590,15.1,28,0.0059,6.69
13:17:42,22.2546642,84.8798174,-0.508,-14.112,0.05,0.009,0.590,15.1,28,0.0059,6.69
13:17:42,22.2546642,84.8798174,-0.509,-14.077,0.05,0.004,0.612,15.1,28,0.0060,6.69
13:17:42,22.2546642,84.8798174,-0.509,-14.046,0.05,0.004,0.612,15.1,28,0.0060,6.69
13:17:42,22.2546642,84.8798174,-0.509,-14.016,0.05,0.004,0.612,15.1,28,0.0060,6.69
13:17:42,22.2546642,84.8798174,-0.508,-13.985,0.05,0.004,0.612,15.2,28,0.0060,6.69
13:17:42,22.2546642,84.8798174,-0.506,-13.959,0.05,0.014,0.589,15.2,28,0.0056,6.69
13:17:42,22.2546642,84.8798174,-0.505,-13.929,0.05,0.014,0.589,15.2,28,0.0056,6.69
13:17:42,22.2546642,84.8798174,-0.505,-13.900,0.05,0.014,0.589,15.3,28,0.0056,6.69
13:17:42,22.2546622,84.8798175,-0.539,-14.305,0.05,0.012,0.569,15.4,27,0.0056,6.76
13:17:42,22.2546622,84.8798175,-0.540,-14.273,0.05,0.005,0.587,15.6,27,0.0058,6.76
13:17:42,22.2546622,84.8798175,-0.539,-14.243,0.05,0.005,0.587,15.6,27,0.0058,6.76
13:17:42,22.2546622,84.8798175,-0.539,-14.214,0.05,0.005,0.587,15.7,27,0.0058,6.76
13:17:42,22.2546602,84.8798175,-0.570,-14.602,0.05,0.003,0.568,15.7,27,0.0058,6.66
13:17:42,22.2546602,84.8798175,-0.570,-14.574,0.05,0.003,0.568,15.6,27,0.0000,6.66
13:17:42,22.2546602,84.8798175,-0.570,-14.545,0.05,0.003,0.568,15.6,27,0.0000,6.66
13:17:42,22.2546602,84.8798175,-0.570,-14.517,0.05,0.003,0.568,15.6,27,0.0000,6.66
13:17:43,22.2546602,84.8798175,-0.570,-14.488,0.05,0.003,0.568,15.3,27,0.0000,6.66
13:17:43,22.2546602,84.8798175,-0.565,-14.463,0.05,0.018,0.555,15.2,27,0.0054,6.66
13:17:43,22.2546602,84.8798175,-0.564,-14.435,0.05,0.018,0.555,15.2,27,0.0054,6.66
13:17:43,22.2546602,84.8798175,-0.563,-14.407,0.05,0.018,0.555,15.0,27,0.0054,6.66
13:17:43,22.2546602,84.8798175,-0.563,-14.379,0.05,0.018,0.555,14.7,27,0.0054,6.66
13:17:43,22.2546582,84.8798176,-0.590,-14.780,0.04,0.024,0.560,14.6,27,0.0057,6.72
13:17:43,22.2546582,84.8798176,-0.589,-14.751,0.04,0.024,0.560,14.6,27,0.0057,6.72
13:17:43,22.2546582,84.8798176,-0.588,-14.723,0.04,0.024,0.560,14.5,27,0.0057,6.72
13:17:43,22.2546582,84.8798176,-0.586,-14.693,0.04,0.025,0.570,14.1,27,0.0092,6.72
13:17:43,22.2546582,84.8798176,-0.585,-14.664,0.04,0.025,0.570,14.0,27,0.0092,6.72
13:17:43,22.2546564,84.8798176,-0.612,-15.056,0.04,0.024,0.555,14.0,27,0.0092,6.63
13:17:43,22.2546564,84.8798176,-0.611,-15.028,0.04,0.024,0.555,13.9,27,0.0092,6.63
13:17:43,22.2546564,84.8798176,-0.612,-14.999,0.04,0.014,0.561,13.8,27,0.0055,6.63
13:17:43,22.2546564,84.8798176,-0.611,-14.971,0.04,0.014,0.561,13.8,27,0.0055,6.63
13:17:43,22.2546564,84.8798176,-0.611,-14.942,0.04,0.014,0.561,13.8,27,0.0055,6.63
13:17:43,22.2546564,84.8798176,-0.610,-14.914,0.04,0.014,0.561,13.8,27,0.0055,6.63
13:17:43,22.2546564,84.8798176,-0.608,-14.889,0.04,0.018,0.546,13.8,27,0.0053,6.63
13:17:43,22.2546564,84.8798176,-0.607,-14.861,0.04,0.018,0.546,13.8,27,0.0053,6.63
13:17:43,22.2546564,84.8798176,-0.606,-14.834,0.04,0.018,0.546,13.8,27,0.0053,6.63
13:17:44,22.2546547,84.8798178,-0.632,-15.238,0.03,0.017,0.527,13.8,27,0.0053,6.65
13:17:44,22.2546547,84.8798178,-0.616,-15.205,0.03,0.090,0.558,13.9,27,0.0060,6.65
13:17:44,22.2546547,84.8798178,-0.611,-15.177,0.03,0.090,0.558,13.9,27,0.0060,6.65
13:17:44,22.2546547,84.8798178,-0.607,-15.148,0.03,0.090,0.558,13.9,27,0.0060,6.65
13:17:44,22.2546529,84.8798179,-0.627,-15.533,0.03,0.088,0.539,13.9,27,0.0060,6.53
13:17:44,22.2546529,84.8798179,-0.617,-15.506,0.03,0.115,0.541,13.9,27,0.0056,6.53
13:17:44,22.2546529,84.8798179,-0.611,-15.478,0.03,0.115,0.541,13.9,27,0.0056,6.53
13:17:44,22.2546529,84.8798179,-0.606,-15.451,0.03,0.115,0.541,13.9,27,0.0056,6.53
13:17:44,22.2546529,84.8798179,-0.600,-15.424,0.03,0.115,0.541,13.9,27,0.0056,6.53
13:17:44,22.2546509,84.879818,-0.619,-15.801,0.03,0.114,0.518,14.0,27,0.0000,6.48
13:17:44,22.2546509,84.879818,-0.613,-15.775,0.03,0.114,0.518,14.0,27,0.0000,6.48
13:17:44,22.2546509,84.879818,-0.607,-15.749,0.03,0.114,0.518,14.0,27,0.0000,6.48
13:17:44,22.2546509,84.879818,-0.602,-15.723,0.03,0.114,0.518,14.1,27,0.0000,6.48
13:17:44,22.2546509,84.879818,-0.623,-15.678,0.03,0.019,0.584,14.2,27,0.0059,6.48
13:17:44,22.2546509,84.879818,-0.622,-15.648,0.03,0.019,0.584,14.2,27,0.0059,6.48
13:17:44,22.2546509,84.879818,-0.621,-15.619,0.03,0.019,0.584,14.3,27,0.0059,6.48
13:17:44,22.2546509,84.879818,-0.620,-15.589,0.03,0.019,0.584,14.3,27,0.0059,6.48
13:17:44,22.254649,84.8798181,-0.647,-15.978,0.03,-0.002,0.554,14.4,27,0.0054,6.52
13:17:44,22.254649,84.8798181,-0.647,-15.950,0.03,-0.002,0.554,14.4,27,0.0054,6.52
13:17:44,22.254649,84.8798181,-0.647,-15.923,0.03,-0.002,0.554,14.4,27,0.0054,6.52
13:17:45,22.254649,84.8798181,-0.652,-15.889,0.03,-0.024,0.580,14.2,27,0.0058,6.52
13:17:45,22.254649,84.8798181,-0.653,-15.859,0.03,-0.024,0.580,14.2,27,0.0058,6.52
13:17:45,22.2546472,84.8798183,-0.674,-16.234,0.03,-0.025,0.566,14.2,27,0.0058,6.45
13:17:45,22.2546472,84.8798183,-0.675,-16.205,0.03,-0.025,0.566,14.1,27,0.0058,6.45
13:17:45,22.2546472,84.8798183,-0.670,-16.183,0.03,0.002,0.536,14.0,27,0.0050,6.45
13:17:45,22.2546472,84.8798183,-0.670,-16.156,0.03,0.002,0.536,13.9,27,0.0050,6.45
13:17:45,22.2546472,84.8798183,-0.670,-16.129,0.03,0.002,0.536,13.9,27,0.0050,6.45
13:17:45,22.2546472,84.8798183,-0.670,-16.102,0.03,0.002,0.536,13.8,27,0.0050,6.45
13:17:45,22.2546472,84.8798183,-0.670,-16.075,0.03,0.002,0.536,13.8,27,0.0050,6.45
13:17:45,22.2546472,84.8798183,-0.670,-16.048,0.03,0.002,0.536,13.8,27,0.0050,6.45
13:17:45,22.2546472,84.8798183,-0.670,-16.021,0.03,0.002,0.536,13.8,27,0.0050,6.45
13:17:45,22.2546453,84.8798184,-0.688,-16.418,0.03,0.001,0.495,13.8,27,0.0050,6.50
13:17:45,22.2546453,84.8798184,-0.692,-16.372,0.03,-0.017,0.573,13.7,27,0.0059,6.50
13:17:45,22.2546453,84.8798184,-0.693,-16.343,0.03,-0.017,0.573,13.7,27,0.0059,6.50
13:17:45,22.2546453,84.8798184,-0.694,-16.314,0.03,-0.017,0.573,13.7,27,0.0059,6.50
13:17:45,22.2546436,84.8798186,-0.710,-16.689,0.03,-0.017,0.548,13.7,27,0.0059,6.40
13:17:45,22.2546436,84.8798186,-0.710,-16.665,0.03,-0.015,0.533,13.7,27,0.0052,6.40
13:17:45,22.2546436,84.8798186,-0.711,-16.638,0.03,-0.015,0.533,13.6,27,0.0052,6.40
13:17:45,22.2546436,84.8798186,-0.711,-16.611,0.03,-0.015,0.533,13.6,27,0.0052,6.40
13:17:45,22.2546436,84.8798186,-0.712,-16.584,0.03,-0.015,0.533,13.6,27,0.0052,6.40
13:17:46,22.2546436,84.8798186,-0.713,-16.557,0.03,-0.015,0.533,13.6,27,0.0000,6.40
13:17:46,22.2546436,84.8798186,-0.714,-16.531,0.03,-0.015,0.533,13.5,27,0.0000,6.40
13:17:46,22.2546436,84.8798186,-0.714,-16.504,0.03,-0.015,0.533,13.3,27,0.0000,6.40
13:17:46,22.2546436,84.8798186,-0.719,-16.466,0.03,-0.027,0.571,13.2,27,0.0057,6.40
13:17:46,22.2546418,84.8798187,-0.733,-16.854,0.03,-0.027,0.553,13.2,27,0.0057,6.44
13:17:46,22.2546418,84.8798187,-0.734,-16.827,0.03,-0.027,0.553,12.7,27,0.0057,6.44
13:17:46,22.2546418,84.8798187,-0.736,-16.799,0.03,-0.027,0.553,12.5,27,0.0057,6.44
13:17:46,22.2546418,84.8798187,-0.736,-16.771,0.03,-0.024,0.552,12.5,27,0.0055,6.44
13:17:46,22.2546418,84.8798187,-0.737,-16.743,0.03,-0.024,0.552,12.6,27,0.0055,6.44
13:17:46,22.2546401,84.8798188,-0.749,-17.121,0.03,-0.025,0.535,12.6,27,0.0055,6.35
13:17:46,22.2546401,84.8798188,-0.751,-17.094,0.03,-0.025,0.535,12.7,27,0.0055,6.35
13:17:46,22.2546401,84.8798188,-0.752,-17.065,0.03,-0.024,0.541,12.7,27,0.0121,6.35
13:17:46,22.2546401,84.8798188,-0.753,-17.038,0.03,-0.024,0.541,13.0,27,0.0121,6.35
13:17:46,22.2546401,84.8798188,-0.754,-17.011,0.03,-0.024,0.541,13.0,27,0.0121,6.35
13:17:46,22.2546401,84.8798188,-0.755,-16.984,0.03,-0.024,0.541,12.9,27,0.0121,6.35
13:17:46,22.2546401,84.8798188,-0.758,-16.951,0.03,-0.032,0.566,12.9,27,0.0199,6.35
13:17:46,22.2546401,84.8798188,-0.760,-16.922,0.03,-0.032,0.566,12.8,27,0.0199,6.35
13:17:46,22.2546401,84.8798188,-0.762,-16.894,0.03,-0.032,0.566,12.7,27,0.0199,6.35
13:17:46,22.2546383,84.8798189,-0.772,-17.283,0.04,-0.033,0.546,12.6,27,0.0199,6.40
13:17:46,22.2546383,84.8798189,-0.773,-17.255,0.04,-0.030,0.547,12.6,27,0.0147,6.40
13:17:47,22.2546383,84.8798189,-0.774,-17.227,0.04,-0.030,0.547,12.6,27,0.0147,6.40
13:17:47,22.2546383,84.8798189,-0.776,-17.200,0.04,-0.030,0.547,12.5,27,0.0147,6.40
13:17:47,22.2546364,84.879819,-0.784,-17.572,0.04,-0.030,0.528,12.5,27,0.0147,6.31
13:17:47,22.2546364,84.879819,-0.785,-17.546,0.04,-0.024,0.528,12.4,27,0.0051,6.31
13:17:47,22.2546364,84.879819,-0.786,-17.519,0.04,-0.024,0.528,12.4,27,0.0051,6.31
13:17:47,22.2546364,84.879819,-0.788,-17.466,0.04,-0.024,0.528,12.3,27,0.0051,6.31
13:17:47,22.2546364,84.879819,-0.788,-17.439,0.04,-0.019,0.530,12.3,27,0.0053,6.31
13:17:47,22.2546364,84.879819,-0.789,-17.412,0.04,-0.019,0.530,12.3,27,0.0053,6.31
13:17:47,22.2546364,84.879819,-0.790,-17.385,0.04,-0.019,0.530,12.3,27,0.0053,6.31
13:17:47,22.2546364,84.879819,-0.791,-17.361,0.04,-0.019,0.520,12.3,27,0.0050,6.31
13:17:47,22.2546346,84.879819,-0.798,-17.743,0.03,-0.020,0.509,12.2,27,0.0000,6.34
13:17:47,22.2546346,84.879819,-0.799,-17.718,0.03,-0.020,0.509,12.2,27,0.0000,6.34
13:17:47,22.2546346,84.879819,-0.800,-17.692,0.03,-0.020,0.509,12.2,27,0.0000,6.34
13:17:47,22.2546346,84.879819,-0.802,-17.668,0.03,-0.022,0.502,12.2,27,0.0048,6.34
13:17:47,22.2546346,84.879819,-0.803,-17.642,0.03,-0.022,0.502,12.1,27,0.0048,6.34
13:17:47,22.2546329,84.879819,-0.809,-18.013,0.04,-0.022,0.489,11.9,27,0.0048,6.25
13:17:47,22.2546329,84.879819,-0.810,-17.989,0.04,-0.022,0.489,11.9,27,0.0048,6.25
13:17:47,22.2546329,84.879819,-0.815,-17.957,0.04,-0.037,0.523,11.1,27,0.0053,6.25
13:17:47,22.2546329,84.879819,-0.816,-17.930,0.04,-0.037,0.523,10.6,27,0.0053,6.25
13:17:48,22.2546329,84.879819,-0.818,-17.904,0.04,-0.037,0.523,10.6,27,0.0053,6.25
13:17:48,22.2546329,84.879819,-0.820,-17.877,0.04,-0.037,0.523,10.0,27,0.0053,6.25
13:17:48,22.2546329,84.879819,-0.823,-17.846,0.04,-0.042,0.547,9.9,27,0.0056,6.25
13:17:48,22.2546329,84.879819,-0.825,-17.818,0.04,-0.042,0.547,9.8,27,0.0056,6.25
13:17:48,22.2546311,84.8798191,-0.831,-18.193,0.04,-0.042,0.532,9.8,27,0.0056,6.28
13:17:48,22.2546311,84.8798191,-0.833,-18.166,0.04,-0.042,0.532,9.9,27,0.0056,6.28
13:17:48,22.2546311,84.8798191,-0.837,-18.139,0.04,-0.051,0.534,10.1,27,0.0082,6.28
13:17:48,22.2546311,84.8798191,-0.839,-18.112,0.04,-0.051,0.534,10.5,27,0.0082,6.28
13:17:48,22.2546311,84.8798191,-0.843,-18.083,0.04,-0.059,0.541,10.5,27,0.0054,6.28
13:17:48,22.2546293,84.8798191,-0.848,-18.446,0.03,-0.059,0.532,10.7,27,0.0054,6.21
13:17:48,22.2546293,84.8798191,-0.849,-18.419,0.03,-0.047,0.532,11.0,27,0.0053,6.21
13:17:48,22.2546293,84.8798191,-0.852,-18.393,0.03,-0.047,0.532,11.0,27,0.0053,6.21
13:17:48,22.2546293,84.8798191,-0.853,-18.364,0.03,-0.043,0.546,11.0,27,0.0055,6.21
13:17:48,22.2546293,84.8798191,-0.855,-18.336,0.03,-0.043,0.546,10.9,27,0.0055,6.21
13:17:48,22.2546293,84.8798191,-0.858,-18.308,0.03,-0.043,0.546,10.8,27,0.0058,6.21
13:17:48,22.2546293,84.8798191,-0.860,-18.281,0.03,-0.043,0.546,10.8,27,0.0058,6.21
13:17:48,22.2546293,84.8798191,-0.864,-18.253,0.03,-0.055,0.550,10.7,27,0.0053,6.21
13:17:48,22.2546293,84.8798191,-0.867,-18.225,0.03,-0.055,0.550,10.6,27,0.0053,6.21
13:17:48,22.2546274,84.879819,-0.871,-18.599,0.04,-0.055,0.537,10.5,27,0.0053,6.28
13:17:48,22.2546274,84.879819,-0.873,-18.569,0.04,-0.051,0.551,10.5,27,0.0056,6.28
13:17:49,22.2546274,84.879819,-0.875,-18.541,0.04,-0.051,0.551,10.4,27,0.0056,6.28
13:17:49,22.2546274,84.879819,-0.881,-18.512,0.04,-0.069,0.557,10.4,27,0.0056,6.28
13:17:49,22.2546257,84.879819,-0.885,-18.868,0.04,-0.069,0.549,10.4,27,0.0056,6.18
13:17:49,22.2546257,84.879819,-0.888,-18.840,0.04,-0.069,0.549,10.4,27,0.0000,6.18
13:17:49,22.2546257,84.879819,-0.892,-18.813,0.04,-0.069,0.549,10.3,27,0.0000,6.18
13:17:49,22.2546257,84.879819,-0.894,-18.787,0.04,-0.065,0.538,10.3,27,0.0053,6.18
13:17:49,22.2546257,84.879819,-0.898,-18.760,0.04,-0.065,0.538,10.3,27,0.0053,6.18
13:17:49,22.2546257,84.879819,-0.901,-18.733,0.04,-0.062,0.534,10.3,27,0.0053,6.18
13:17:49,22.2546257,84.879819,-0.904,-18.706,0.04,-0.062,0.534,10.2,27,0.0053,6.18
13:17:49,22.2546257,84.879819,-0.907,-18.680,0.04,-0.065,0.530,10.2,27,0.0052,6.18
13:17:49,22.2546257,84.879819,-0.911,-18.653,0.04,-0.065,0.530,10.1,27,0.0052,6.18
13:17:49,22.2546257,84.879819,-0.913,-18.624,0.04,-0.060,0.543,10.0,27,0.0055,6.18
13:17:49,22.254624,84.879819,-0.914,-18.995,0.04,-0.059,0.536,10.0,27,0.0055,6.26
13:17:49,22.254624,84.879819,-0.915,-18.965,0.04,-0.048,0.555,10.0,27,0.0056,6.26
13:17:49,22.254624,84.879819,-0.918,-18.937,0.04,-0.048,0.555,10.1,27,0.0056,6.26
13:17:49,22.254624,84.879819,-0.920,-18.909,0.04,-0.048,0.555,10.3,27,0.0056,6.26
13:17:49,22.2546223,84.8798191,-0.920,-19.262,0.04,-0.049,0.549,10.3,27,0.0054,6.17
13:17:49,22.2546223,84.8798191,-0.923,-19.235,0.04,-0.051,0.545,10.3,27,0.0053,6.17
13:17:49,22.2546223,84.8798191,-0.925,-19.207,0.04,-0.051,0.545,10.0,27,0.0053,6.17
13:17:49,22.2546223,84.8798191,-0.928,-19.180,0.04,-0.051,0.545,9.8,27,0.0053,6.17
13:17:50,22.2546223,84.8798191,-0.930,-19.155,0.04,-0.048,0.530,9.8,27,0.0052,6.17
13:17:50,22.2546223,84.8798191,-0.932,-19.128,0.04,-0.048,0.530,9.6,27,0.0052,6.17
13:17:50,22.2546223,84.8798191,-0.933,-19.101,0.04,-0.036,0.531,9.3,27,0.0053,6.17
13:17:50,22.2546223,84.8798191,-0.935,-19.074,0.04,-0.036,0.531,9.3,27,0.0053,6.17
13:17:50,22.2546223,84.8798191,-0.937,-19.047,0.04,-0.036,0.531,9.3,27,0.0053,6.17
13:17:50,22.2546206,84.8798192,-0.934,-19.412,0.04,-0.035,0.518,9.3,27,0.0056,6.22
13:17:50,22.2546206,84.8798192,-0.936,-19.383,0.04,-0.040,0.532,9.2,27,0.0055,6.22
13:17:50,22.2546206,84.8798192,-0.938,-19.356,0.04,-0.040,0.532,9.2,27,0.0055,6.22
13:17:50,22.2546206,84.8798192,-0.944,-19.328,0.04,-0.062,0.540,9.2,27,0.0053,6.22
13:17:50,22.2546206,84.8798192,-0.947,-19.301,0.04,-0.062,0.540,9.2,27,0.0053,6.22
13:17:50,22.254619,84.8798192,-0.945,-19.653,0.04,-0.061,0.529,9.1,27,0.0053,6.14
13:17:50,22.254619,84.8798192,-0.950,-19.624,0.04,-0.073,0.546,9.1,27,0.0055,6.14
13:17:50,22.254619,84.8798192,-0.954,-19.596,0.04,-0.073,0.546,9.1,27,0.0055,6.14
13:17:50,22.254619,84.8798192,-0.956,-19.568,0.04,-0.065,0.550,9.0,27,0.0055,6.14
13:17:50,22.2546174,84.8798193,-0.953,-19.905,0.04,-0.065,0.542,8.9,27,0.0055,6.05
13:17:50,22.2546174,84.8798193,-0.955,-19.877,0.04,-0.054,0.547,8.9,27,0.0055,6.05
13:17:50,22.2546174,84.8798193,-0.958,-19.849,0.04,-0.054,0.547,8.8,27,0.0055,6.05
13:17:50,22.2546174,84.8798193,-0.960,-19.822,0.04,-0.054,0.545,8.7,27,0.0055,6.05
13:17:50,22.2546174,84.8798193,-0.963,-19.794,0.04,-0.054,0.545,8.7,27,0.0000,6.05
13:17:50,22.2546174,84.8798193,-0.966,-19.767,0.04,-0.054,0.545,8.7,27,0.0000,6.05
13:17:51,22.2546174,84.8798193,-0.969,-19.740,0.04,-0.059,0.539,8.6,27,0.0053,6.05
13:17:51,22.2546174,84.8798193,-0.972,-19.713,0.04,-0.059,0.539,8.6,27,0.0053,6.05
13:17:51,22.2546174,84.8798193,-0.976,-19.686,0.04,-0.064,0.539,8.5,27,0.0053,6.05
13:17:51,22.2546157,84.8798194,-0.971,-20.035,0.04,-0.064,0.531,8.5,27,0.0053,6.12
13:17:51,22.2546157,84.8798194,-0.974,-20.006,0.04,-0.064,0.542,8.3,27,0.0054,6.12
13:17:51,22.2546157,84.8798194,-0.978,-19.979,0.04,-0.064,0.542,8.3,27,0.0054,6.12
13:17:51,22.2546157,84.8798194,-0.981,-19.951,0.04,-0.064,0.549,8.2,27,0.0055,6.12
13:17:51,22.254614,84.8798194,-0.976,-20.285,0.03,-0.064,0.542,8.2,27,0.0055,6.05
13:17:51,22.254614,84.8798194,-0.980,-20.258,0.03,-0.072,0.540,8.1,27,0.0053,6.05
13:17:51,22.254614,84.8798194,-0.984,-20.231,0.03,-0.072,0.540,8.1,27,0.0053,6.05
13:17:51,22.254614,84.8798194,-0.988,-20.203,0.03,-0.074,0.541,8.0,27,0.0055,6.05
13:17:51,22.254614,84.8798194,-0.991,-20.176,0.03,-0.074,0.541,8.0,27,0.0055,6.05
13:17:51,22.254614,84.8798194,-0.995,-20.149,0.03,-0.074,0.541,7.9,27,0.0055,6.05
13:17:51,22.254614,84.8798194,-0.999,-20.121,0.03,-0.077,0.542,7.8,27,0.0054,6.05
13:17:51,22.254614,84.8798194,-1.004,-20.093,0.03,-0.083,0.548,7.8,27,0.0054,6.05
13:17:51,22.254614,84.8798194,-1.008,-20.066,0.03,-0.083,0.548,7.8,27,0.0054,6.05
13:17:51,22.2546124,84.8798195,-1.001,-20.411,0.03,-0.082,0.539,7.8,27,0.0054,6.11
13:17:51,22.2546124,84.8798195,-1.005,-20.386,0.03,-0.077,0.524,7.9,27,0.0051,6.11
13:17:51,22.2546124,84.8798195,-1.009,-20.360,0.03,-0.077,0.524,7.9,27,0.0051,6.11
13:17:52,22.2546124,84.8798195,-1.012,-20.333,0.03,-0.077,0.529,7.9,27,0.0054,6.11
13:17:52,22.2546124,84.8798195,-1.016,-20.306,0.03,-0.077,0.529,7.9,27,0.0054,6.11
13:17:52,22.2546108,84.8798197,-1.008,-20.641,0.03,-0.077,0.531,7.9,27,0.0055,6.05
13:17:52,22.2546108,84.8798197,-1.012,-20.614,0.03,-0.077,0.531,7.9,27,0.0055,6.05
13:17:52,22.2546108,84.8798197,-1.017,-20.585,0.03,-0.086,0.548,8.0,27,0.0054,6.05
13:17:52,22.2546108,84.8798197,-1.021,-20.558,0.03,-0.086,0.548,8.0,27,0.0054,6.05
13:17:52,22.2546108,84.8798197,-1.026,-20.530,0.03,-0.088,0.545,8.0,27,0.0054,6.05
13:17:52,22.2546108,84.8798197,-1.030,-20.503,0.03,-0.088,0.545,8.1,27,0.0054,6.05
13:17:52,22.2546108,84.8798197,-1.034,-20.475,0.03,-0.084,0.544,8.1,27,0.0054,6.05
13:17:52,22.2546108,84.8798197,-1.038,-20.448,0.03,-0.084,0.544,8.1,27,0.0054,6.05
13:17:52,22.2546091,84.8798199,-1.027,-20.791,0.03,-0.083,0.535,8.1,27,0.0054,6.10
13:17:52,22.2546091,84.8798199,-1.031,-20.763,0.03,-0.080,0.541,8.2,27,0.0054,6.10
13:17:52,22.2546091,84.8798199,-1.035,-20.735,0.03,-0.080,0.541,8.3,27,0.0054,6.10
13:17:52,22.2546091,84.8798199,-1.039,-20.708,0.03,-0.080,0.541,8.4,27,0.0000,6.10
13:17:52,22.2546091,84.8798199,-1.043,-20.680,0.03,-0.080,0.541,8.4,27,0.0000,6.10
13:17:52,22.2546074,84.87982,-1.032,-21.015,0.03,-0.085,0.539,8.4,27,0.0054,6.06
13:17:52,22.2546074,84.87982,-1.037,-20.987,0.03,-0.085,0.539,8.4,27,0.0054,6.06
13:17:52,22.2546074,84.87982,-1.043,-20.957,0.03,-0.093,0.553,8.4,27,0.0055,6.06
13:17:52,22.2546074,84.87982,-1.047,-20.929,0.03,-0.093,0.553,8.4,27,0.0055,6.06
13:17:52,22.2546074,84.87982,-1.053,-20.901,0.03,-0.098,0.557,8.3,27,0.0055,6.06
13:17:53,22.2546074,84.87982,-1.058,-20.873,0.03,-0.098,0.557,8.3,27,0.0055,6.06
13:17:53,22.2546074,84.87982,-1.063,-20.844,0.03,-0.098,0.557,8.3,27,0.0055,6.06
13:17:53,22.2546074,84.87982,-1.065,-20.816,0.03,-0.080,0.561,8.3,27,0.0056,6.06
13:17:53,22.2546074,84.87982,-1.070,-20.791,0.03,-0.087,0.541,8.3,27,0.0050,6.06
13:17:53,22.2546058,84.8798202,-1.055,-21.137,0.03,-0.087,0.534,8.1,27,0.0050,6.13
13:17:53,22.2546058,84.8798202,-1.059,-21.110,0.03,-0.087,0.534,8.1,27,0.0050,6.13
13:17:53,22.2546058,84.8798202,-1.065,-21.083,0.03,-0.096,0.536,8.2,27,0.0053,6.13
13:17:53,22.2546058,84.8798202,-1.070,-21.056,0.03,-0.096,0.536,8.3,27,0.0053,6.13
13:17:53,22.2546041,84.8798204,-1.055,-21.389,0.03,-0.098,0.535,8.3,27,0.0054,6.05
13:17:53,22.2546041,84.8798204,-1.060,-21.362,0.03,-0.098,0.535,8.3,27,0.0054,6.05
13:17:53,22.2546041,84.8798204,-1.066,-21.335,0.03,-0.103,0.535,8.3,27,0.0054,6.05
13:17:53,22.2546041,84.8798204,-1.071,-21.308,0.03,-0.103,0.535,8.4,27,0.0054,6.05
13:17:53,22.2546041,84.8798204,-1.076,-21.280,0.03,-0.098,0.539,8.4,27,0.0053,6.05
13:17:53,22.2546041,84.8798204,-1.081,-21.253,0.03,-0.098,0.539,8.4,27,0.0053,6.05
13:17:53,22.2546041,84.8798204,-1.084,-21.227,0.03,-0.090,0.532,8.4,27,0.0052,6.05
13:17:53,22.2546041,84.8798204,-1.089,-21.200,0.03,-0.090,0.532,8.5,27,0.0052,6.05
13:17:53,22.2546041,84.8798204,-1.094,-21.173,0.03,-0.094,0.531,8.5,27,0.0053,6.05
13:17:53,22.2546025,84.8798205,-1.076,-21.517,0.03,-0.093,0.525,8.5,27,0.0053,6.12
13:17:53,22.2546025,84.8798205,-1.084,-21.490,0.03,-0.114,0.533,8.6,27,0.0053,6.12
13:17:53,22.2546025,84.8798205,-1.090,-21.463,0.03,-0.114,0.533,8.6,27,0.0053,6.12
13:17:54,22.2546025,84.8798205,-1.096,-21.436,0.03,-0.114,0.533,8.6,27,0.0053,6.12
13:17:54,22.2546025,84.8798205,-1.102,-21.407,0.03,-0.116,0.542,8.7,27,0.0053,6.12
13:17:54,22.2546009,84.8798206,-1.084,-21.742,0.03,-0.116,0.534,8.8,27,0.0053,6.06
13:17:54,22.2546009,84.8798206,-1.090,-21.715,0.03,-0.116,0.534,8.8,27,0.0048,6.06
13:17:54,22.2546009,84.8798206,-1.096,-21.688,0.03,-0.116,0.534,8.8,27,0.0048,6.06
13:17:54,22.2546009,84.8798206,-1.100,-21.662,0.03,-0.105,0.533,8.8,27,0.0052,6.06
13:17:54,22.2546009,84.8798206,-1.105,-21.635,0.03,-0.105,0.533,8.7,27,0.0052,6.06
13:17:54,22.2546009,84.8798206,-1.109,-21.609,0.03,-0.098,0.525,8.7,27,0.0051,6.06
13:17:54,22.2546009,84.8798206,-1.114,-21.582,0.03,-0.098,0.525,8.7,27,0.0051,6.06
13:17:54,22.2546009,84.8798206,-1.119,-21.556,0.03,-0.098,0.525,8.7,27,0.0000,6.06
13:17:54,22.2546009,84.8798206,-1.124,-21.529,0.03,-0.098,0.525,8.7,27,0.0000,6.06
13:17:54,22.2545992,84.8798208,-1.104,-21.877,0.04,-0.104,0.520,8.7,27,0.0052,6.13
13:17:54,22.2545992,84.8798208,-1.110,-21.851,0.04,-0.104,0.520,8.8,27,0.0052,6.13
13:17:54,22.2545992,84.8798208,-1.115,-21.825,0.04,-0.104,0.520,8.9,27,0.0052,6.13
13:17:54,22.2545992,84.8798208,-1.120,-21.798,0.04,-0.104,0.520,8.9,27,0.0039,6.13
13:17:54,22.2545975,84.879821,-1.098,-22.137,0.04,-0.103,0.500,8.9,27,0.0039,6.05
13:17:54,22.2545975,84.879821,-1.105,-22.107,0.04,-0.111,0.519,8.9,27,0.0051,6.05
13:17:54,22.2545975,84.879821,-1.111,-22.081,0.04,-0.111,0.519,8.9,27,0.0051,6.05
13:17:54,22.2545975,84.879821,-1.117,-22.055,0.04,-0.114,0.519,8.9,27,0.0051,6.05
13:17:54,22.2545975,84.879821,-1.123,-22.029,0.04,-0.114,0.519,8.8,27,0.0051,6.05
13:17:55,22.2545975,84.879821,-1.129,-22.000,0.04,-0.117,0.531,8.7,27,0.0053,6.05
13:17:55,22.2545975,84.879821,-1.135,-21.974,0.04,-0.117,0.531,8.6,27,0.0053,6.05
13:17:55,22.2545975,84.879821,-1.141,-21.947,0.04,-0.117,0.531,8.6,27,0.0053,6.05
13:17:55,22.2545975,84.879821,-1.147,-21.922,0.04,-0.116,0.521,8.7,27,0.0050,6.05
13:17:55,22.2545957,84.8798213,-1.122,-22.271,0.04,-0.115,0.512,8.7,27,0.0050,6.13
13:17:55,22.2545957,84.8798213,-1.127,-22.245,0.04,-0.115,0.512,8.8,27,0.0050,6.13
13:17:55,22.2545957,84.8798213,-1.133,-22.219,0.04,-0.115,0.512,8.8,27,0.0050,6.13
13:17:55,22.2545957,84.8798213,-1.139,-22.194,0.04,-0.115,0.512,8.9,27,0.0050,6.13
13:17:55,22.254594,84.8798214,-1.114,-22.533,0.04,-0.113,0.490,8.9,27,0.0050,6.05
13:17:55,22.254594,84.8798214,-1.120,-22.508,0.04,-0.113,0.490,8.9,27,0.0050,6.05
13:17:55,22.254594,84.8798214,-1.128,-22.478,0.04,-0.121,0.511,8.9,27,0.0051,6.05
13:17:55,22.254594,84.8798214,-1.134,-22.453,0.04,-0.121,0.511,9.0,27,0.0051,6.05
13:17:55,22.254594,84.8798214,-1.139,-22.428,0.04,-0.118,0.507,9.1,27,0.0049,6.05
13:17:55,22.254594,84.8798214,-1.145,-22.402,0.04,-0.118,0.507,9.1,27,0.0049,6.05
13:17:55,22.254594,84.8798214,-1.150,-22.377,0.04,-0.114,0.506,9.1,27,0.0050,6.05
13:17:55,22.254594,84.8798214,-1.156,-22.351,0.04,-0.114,0.506,9.1,27,0.0050,6.05
13:17:55,22.254594,84.8798214,-1.158,-22.327,0.04,-0.093,0.499,9.2,27,0.0049,6.05
13:17:55,22.2545924,84.8798216,-1.129,-22.676,0.04,-0.092,0.491,9.2,27,0.0049,6.10
13:17:55,22.2545924,84.8798216,-1.134,-22.651,0.04,-0.092,0.491,9.2,27,0.0049,6.10
13:17:56,22.2545924,84.8798216,-1.141,-22.625,0.04,-0.106,0.500,9.1,27,0.0050,6.10
13:17:56,22.2545924,84.8798216,-1.146,-22.600,0.04,-0.106,0.500,9.1,27,0.0050,6.10
13:17:56,22.2545924,84.8798216,-1.151,-22.574,0.04,-0.103,0.502,9.1,27,0.0049,6.10
13:17:56,22.2545907,84.8798218,-1.122,-22.914,0.04,-0.102,0.494,9.0,28,0.0049,6.04
13:17:56,22.2545907,84.8798218,-1.127,-22.889,0.04,-0.102,0.494,9.0,28,0.0000,6.04
13:17:56,22.2545907,84.8798218,-1.133,-22.864,0.04,-0.102,0.494,9.0,28,0.0000,6.04
13:17:56,22.2545907,84.8798218,-1.137,-22.840,0.04,-0.098,0.490,9.0,28,0.0050,6.04
13:17:56,22.2545907,84.8798218,-1.142,-22.815,0.04,-0.098,0.490,9.1,28,0.0050,6.04
13:17:56,22.2545907,84.8798218,-1.146,-22.790,0.04,-0.094,0.490,9.1,28,0.0050,6.04
13:17:56,22.2545907,84.8798218,-1.151,-22.765,0.04,-0.094,0.490,9.1,28,0.0050,6.04
13:17:56,22.2545907,84.8798218,-1.156,-22.741,0.04,-0.094,0.490,9.1,28,0.0050,6.04
13:17:56,22.2545907,84.8798218,-1.165,-22.713,0.04,-0.121,0.504,9.2,28,0.0051,6.04
13:17:56,22.254589,84.879822,-1.135,-23.063,0.04,-0.121,0.496,9.2,28,0.0051,6.10
13:17:56,22.254589,84.879822,-1.140,-23.035,0.04,-0.115,0.514,9.2,28,0.0052,6.10
13:17:56,22.254589,84.879822,-1.146,-23.009,0.04,-0.115,0.514,9.2,28,0.0052,6.10
13:17:56,22.254589,84.879822,-1.153,-22.985,0.04,-0.126,0.506,9.2,28,0.0049,6.10
13:17:56,22.2545873,84.879822,-1.124,-23.320,0.04,-0.125,0.499,9.2,28,0.0049,6.01
13:17:56,22.2545873,84.879822,-1.131,-23.295,0.04,-0.130,0.499,9.2,28,0.0049,6.01
13:17:56,22.2545873,84.879822,-1.138,-23.270,0.04,-0.130,0.499,9.3,28,0.0049,6.01
13:17:56,22.2545873,84.879822,-1.144,-23.244,0.04,-0.125,0.506,9.3,28,0.0051,6.01
13:17:57,22.2545873,84.879822,-1.150,-23.218,0.04,-0.125,0.506,9.3,28,0.0051,6.01
13:17:57,22.2545873,84.879822,-1.156,-23.194,0.04,-0.122,0.494,9.3,28,0.0048,6.01
13:17:57,22.2545873,84.879822,-1.162,-23.169,0.04,-0.122,0.494,9.4,28,0.0048,6.01
13:17:57,22.2545873,84.879822,-1.168,-23.145,0.04,-0.121,0.486,9.6,28,0.0047,6.01
13:17:57,22.2545873,84.879822,-1.174,-23.121,0.04,-0.121,0.486,9.6,28,0.0047,6.01
13:17:57,22.2545856,84.8798221,-1.143,-23.468,0.03,-0.120,0.477,9.8,28,0.0047,6.07
13:17:57,22.2545856,84.8798221,-1.150,-23.442,0.03,-0.129,0.489,9.8,28,0.0047,6.07
13:17:57,22.2545856,84.8798221,-1.156,-23.417,0.03,-0.129,0.489,9.8,28,0.0047,6.07
13:17:57,22.2545856,84.8798221,-1.163,-23.394,0.03,-0.129,0.480,9.8,28,0.0046,6.07
13:17:57,22.2545839,84.8798222,-1.133,-23.726,0.03,-0.128,0.473,9.9,28,0.0046,5.98
13:17:57,22.2545839,84.8798222,-1.138,-23.703,0.03,-0.121,0.468,9.9,28,0.0044,5.98
13:17:57,22.2545839,84.8798222,-1.144,-23.679,0.03,-0.121,0.468,9.9,28,0.0044,5.98
13:17:57,22.2545839,84.8798222,-1.149,-23.656,0.03,-0.112,0.467,9.8,28,0.0045,5.98
13:17:57,22.2545839,84.8798222,-1.155,-23.632,0.03,-0.112,0.467,9.8,28,0.0045,5.98
13:17:57,22.2545839,84.8798222,-1.160,-23.607,0.03,-0.112,0.477,9.9,28,0.0047,5.98
13:17:57,22.2545839,84.8798222,-1.166,-23.583,0.03,-0.112,0.477,9.9,28,0.0047,5.98
13:17:57,22.2545839,84.8798222,-1.172,-23.559,0.03,-0.112,0.477,10.0,28,0.0047,5.98
13:17:57,22.2545839,84.8798222,-1.178,-23.535,0.03,-0.118,0.476,10.0,28,0.0046,5.98
13:17:57,22.2545823,84.8798222,-1.146,-23.877,0.03,-0.117,0.469,10.0,28,0.0046,6.02
13:17:57,22.2545823,84.8798222,-1.152,-23.854,0.03,-0.117,0.469,10.0,28,0.0000,6.02
13:17:58,22.2545823,84.8798222,-1.158,-23.830,0.03,-0.117,0.469,10.0,28,0.0000,6.02
13:17:58,22.2545823,84.8798222,-1.167,-23.805,0.03,-0.133,0.478,10.1,28,0.0046,6.02
13:17:58,22.2545823,84.8798222,-1.173,-23.780,0.03,-0.133,0.478,10.1,28,0.0046,6.02
13:17:58,22.2545807,84.8798222,-1.141,-24.112,0.04,-0.123,0.476,10.1,28,0.0048,5.95
13:17:58,22.2545807,84.8798222,-1.147,-24.088,0.04,-0.123,0.476,10.1,28,0.0048,5.95
13:17:58,22.2545807,84.8798222,-1.151,-24.072,0.04,-0.109,0.430,10.2,28,0.0043,5.95
13:17:58,22.2545807,84.8798222,-1.157,-24.050,0.04,-0.109,0.430,10.2,28,0.0043,5.95
13:17:58,22.2545807,84.8798222,-1.162,-24.028,0.04,-0.109,0.430,10.2,28,0.0043,5.95
13:17:58,22.2545807,84.8798222,-1.171,-24.003,0.04,-0.127,0.451,10.2,28,0.0045,5.95
13:17:58,22.2545807,84.8798222,-1.177,-23.980,0.04,-0.127,0.451,10.3,28,0.0045,5.95
13:17:58,22.2545807,84.8798222,-1.184,-23.956,0.04,-0.128,0.460,10.3,28,0.0045,5.95
13:17:58,22.2545807,84.8798222,-1.190,-23.933,0.04,-0.128,0.460,10.4,28,0.0045,5.95
13:17:58,22.254579,84.8798222,-1.158,-24.276,0.04,-0.132,0.451,10.4,28,0.0043,5.99
13:17:58,22.254579,84.8798222,-1.165,-24.253,0.04,-0.132,0.451,10.5,28,0.0043,5.99
13:17:58,22.254579,84.8798222,-1.172,-24.230,0.04,-0.135,0.450,10.5,28,0.0043,5.99
13:17:58,22.254579,84.8798222,-1.179,-24.207,0.04,-0.135,0.450,10.5,28,0.0043,5.99
13:17:58,22.2545775,84.8798222,-1.147,-24.535,0.04,-0.130,0.446,10.4,28,0.0043,5.88
13:17:58,22.2545775,84.8798222,-1.154,-24.512,0.04,-0.130,0.446,10.5,28,0.0043,5.88
13:17:58,22.2545775,84.8798222,-1.158,-24.491,0.04,-0.116,0.440,10.5,28,0.0041,5.88
13:17:58,22.2545775,84.8798222,-1.164,-24.468,0.04,-0.116,0.440,10.6,28,0.0041,5.88
13:17:59,22.2545775,84.8798222,-1.169,-24.449,0.04,-0.109,0.420,10.7,28,0.0041,5.88
13:17:59,22.254576,84.8798223,-1.137,-24.768,0.04,-0.108,0.414,10.7,28,0.0041,5.81
13:17:59,22.254576,84.8798223,-1.143,-24.747,0.04,-0.108,0.414,10.6,28,0.0041,5.81
13:17:59,22.254576,84.8798223,-1.153,-24.723,0.04,-0.138,0.436,10.5,28,0.0043,5.81
13:17:59,22.254576,84.8798223,-1.160,-24.701,0.04,-0.138,0.436,10.5,28,0.0043,5.81
13:17:59,22.254576,84.8798223,-1.168,-24.678,0.04,-0.142,0.441,10.5,28,0.0042,5.81
13:17:59,22.254576,84.8798223,-1.175,-24.656,0.04,-0.142,0.441,10.5,28,0.0042,5.81
13:17:59,22.254576,84.8798223,-1.182,-24.632,0.04,-0.140,0.450,10.5,28,0.0043,5.81
13:17:59,22.254576,84.8798223,-1.189,-24.610,0.04,-0.140,0.450,10.6,28,0.0043,5.81
13:17:59,22.2545745,84.8798224,-1.156,-24.933,0.04,-0.139,0.445,10.6,28,0.0042,5.82
13:17:59,22.2545745,84.8798224,-1.163,-24.910,0.04,-0.139,0.445,10.6,28,0.0042,5.82
13:17:59,22.2545745,84.8798224,-1.168,-24.889,0.04,-0.122,0.437,10.6,28,0.0042,5.82
13:17:59,22.2545745,84.8798224,-1.174,-24.867,0.04,-0.122,0.437,10.6,28,0.0042,5.82
13:17:59,22.2545745,84.8798224,-1.179,-24.846,0.04,-0.116,0.428,10.6,28,0.0039,5.82
13:17:59,22.2545745,84.8798224,-1.185,-24.825,0.04,-0.116,0.428,10.6,28,0.0000,5.82
13:17:59,22.2545745,84.8798224,-1.191,-24.803,0.04,-0.116,0.428,10.6,28,0.0000,5.82
13:17:59,22.2545745,84.8798224,-1.196,-24.781,0.04,-0.113,0.431,10.6,28,0.0044,5.82
13:17:59,22.2545745,84.8798224,-1.202,-24.759,0.04,-0.113,0.431,10.6,28,0.0044,5.82
13:17:59,22.2545731,84.8798225,-1.167,-25.091,0.04,-0.120,0.424,10.7,28,0.0042,5.83
13:18:00,22.2545731,84.8798225,-1.173,-25.069,0.04,-0.120,0.424,10.7,28,0.0042,5.83
13:18:00,22.2545731,84.8798225,-1.180,-25.048,0.04,-0.126,0.422,10.7,28,0.0040,5.83
13:18:00,22.2545731,84.8798225,-1.187,-25.027,0.04,-0.126,0.422,10.7,28,0.0040,5.83
13:18:00,22.2545731,84.8798225,-1.194,-25.005,0.04,-0.133,0.427,10.7,28,0.0043,5.83
13:18:00,22.2545716,84.8798225,-1.160,-25.326,0.04,-0.132,0.421,10.7,28,0.0043,5.75
13:18:00,22.2545716,84.8798225,-1.167,-25.305,0.04,-0.135,0.418,10.7,28,0.0038,5.75
13:18:00,22.2545716,84.8798225,-1.174,-25.284,0.04,-0.135,0.418,10.7,28,0.0038,5.75
13:18:00,22.2545716,84.8798225,-1.179,-25.263,0.04,-0.123,0.418,10.7,28,0.0041,5.75
13:18:00,22.2545703,84.8798225,-1.147,-25.570,0.04,-0.122,0.412,10.7,28,0.0041,5.63
13:18:00,22.2545703,84.8798225,-1.153,-25.549,0.04,-0.122,0.412,10.7,28,0.0041,5.63
13:18:00,22.2545703,84.8798225,-1.157,-25.528,0.04,-0.112,0.411,10.8,28,0.0041,5.63
13:18:00,22.2545703,84.8798225,-1.163,-25.509,0.04,-0.109,0.403,10.9,28,0.0038,5.63
13:18:00,22.2545703,84.8798225,-1.168,-25.488,0.04,-0.109,0.403,10.9,28,0.0038,5.63
13:18:00,22.2545703,84.8798225,-1.174,-25.468,0.04,-0.109,0.403,11.1,28,0.0038,5.63
13:18:00,22.2545703,84.8798225,-1.184,-25.456,0.04,-0.143,0.347,11.4,28,0.0027,5.63
13:18:00,22.2545703,84.8798225,-1.192,-25.439,0.04,-0.143,0.347,11.5,28,0.0027,5.63
13:18:00,22.2545703,84.8798225,-1.203,-25.433,0.04,-0.171,0.273,11.5,28,0.0025,5.63
13:18:00,22.254569,84.8798226,-1.170,-25.753,0.04,-0.171,0.267,11.5,28,0.0025,5.60
13:18:00,22.254569,84.8798226,-1.179,-25.754,0.04,-0.176,0.165,11.1,28,0.0020,5.60
13:18:00,22.254569,84.8798226,-1.188,-25.745,0.04,-0.176,0.165,10.7,28,0.0020,5.60
13:18:01,22.254569,84.8798226,-1.197,-25.737,0.04,-0.176,0.165,10.7,28,0.0020,5.60
13:18:01,22.254569,84.8798226,-1.203,-25.732,0.04,-0.158,0.146,9.9,28,0.0018,5.60
13:18:01,22.2545673,84.8798229,-1.168,-26.047,0.04,-0.157,0.139,9.5,28,0.0018,5.49
13:18:01,22.2545673,84.8798229,-1.173,-26.040,0.04,-0.136,0.136,9.0,28,0.0016,5.49
13:18:01,22.2545673,84.8798229,-1.177,-26.032,0.04,-0.119,0.144,9.0,28,0.0014,5.49
13:18:01,22.2545673,84.8798229,-1.183,-26.025,0.04,-0.119,0.144,8.2,28,0.0014,5.49
13:18:01,22.2545673,84.8798229,-1.189,-26.017,0.04,-0.119,0.144,7.8,28,0.0014,5.49
13:18:01,22.2545673,84.8798229,-1.192,-26.008,0.04,-0.099,0.156,7.8,28,0.0017,5.49
13:18:01,22.2545673,84.8798229,-1.197,-26.001,0.04,-0.099,0.156,6.8,28,0.0017,5.49
13:18:01,22.2545673,84.8798229,-1.194,-25.993,0.04,-0.045,0.156,5.9,28,0.0016,5.49
13:18:01,22.2545673,84.8798229,-1.197,-25.985,0.04,-0.045,0.156,4.8,28,0.0016,5.49
13:18:01,22.254566,84.879823,-1.155,-26.300,0.04,-0.044,0.148,4.8,28,0.0000,5.39
13:18:01,22.254566,84.879823,-1.157,-26.292,0.04,-0.044,0.148,1.7,28,0.0000,5.39
13:18:01,22.254566,84.879823,-1.155,-26.290,0.04,-0.020,0.115,-0.2,28,0.0010,5.39
13:18:01,22.254566,84.879823,-1.156,-26.285,0.04,-0.020,0.115,-5.0,28,0.0010,5.39
13:18:01,22.2545649,84.8798232,-1.114,-26.592,0.04,-0.010,0.053,-5.0,28,0.0007,5.20
13:18:01,22.2545649,84.8798232,-1.115,-26.590,0.04,-0.010,0.053,-7.8,28,0.0007,5.20
13:18:01,22.2545649,84.8798232,-1.115,-26.591,0.04,-0.005,0.028,-10.8,28,0.0005,5.20
13:18:01,22.2545649,84.8798232,-1.115,-26.590,0.04,-0.005,0.028,-17.5,28,0.0005,5.20
13:18:01,22.2545649,84.8798232,-1.115,-26.588,0.04,-0.005,0.028,-17.5,28,0.0005,5.20
13:18:02,22.2545649,84.8798232,-1.115,-26.589,0.04,-0.003,0.013,-21.0,28,0.0008,5.20
13:18:02,22.2545649,84.8798232,-1.115,-26.588,0.04,-0.003,0.013,-27.8,28,0.0008,5.20
13:18:02,22.2545649,84.8798232,-1.109,-26.586,0.04,0.036,0.027,-27.8,28,0.0010,5.20
13:18:02,22.2545649,84.8798232,-1.107,-26.584,0.04,0.036,0.027,-30.8,28,0.0010,5.20
13:18:02,22.254564,84.8798236,-1.066,-26.884,0.04,0.020,0.010,-33.6,28,0.0009,5.00
13:18:02,22.254564,84.8798236,-1.065,-26.883,0.04,0.020,0.010,-38.8,28,0.0009,5.00
13:18:02,22.254564,84.8798236,-1.070,-26.878,0.04,-0.021,0.045,-38.8,28,0.0012,5.00
13:18:02,22.254564,84.8798236,-1.071,-26.876,0.04,-0.021,0.045,-41.4,28,0.0012,5.00
13:18:02,22.254564,84.8798236,-1.076,-26.861,0.04,-0.047,0.127,-44.0,28,0.0023,5.00
13:18:02,22.2545639,84.8798241,-1.035,-27.134,0.04,-0.046,0.122,-44.0,28,0.0023,4.75
13:18:02,22.2545639,84.8798241,-1.038,-27.128,0.04,-0.046,0.122,-48.5,28,0.0023,4.75
13:18:02,22.2545639,84.8798241,-1.046,-27.114,0.04,-0.089,0.172,-50.5,28,0.0025,4.75
13:18:02,22.2545639,84.8798241,-1.051,-27.106,0.04,-0.089,0.172,-53.7,28,0.0025,4.75
13:18:02,22.2545639,84.8798241,-1.058,-27.095,0.04,-0.106,0.185,-53.7,28,0.0022,4.75
13:18:02,22.2545639,84.8798241,-1.063,-27.086,0.04,-0.106,0.185,-54.7,28,0.0022,4.75
13:18:02,22.2545639,84.8798241,-1.076,-27.079,0.04,-0.156,0.169,-54.6,28,0.0029,4.75
13:18:02,22.2545639,84.8798241,-1.084,-27.070,0.04,-0.156,0.169,-54.6,28,0.0029,4.75
13:18:02,22.2545639,84.8798241,-1.105,-27.056,0.04,-0.243,0.207,-53.4,28,0.0044,4.75
13:18:02,22.254564,84.8798246,-1.068,-27.318,0.03,-0.242,0.202,-50.7,28,0.0044,4.56
13:18:02,22.254564,84.8798246,-1.090,-27.301,0.03,-0.312,0.255,-50.7,28,0.0053,4.56
13:18:03,22.254564,84.8798246,-1.106,-27.288,0.03,-0.312,0.255,-49.3,28,0.0053,4.56
13:18:03,22.254564,84.8798246,-1.122,-27.275,0.03,-0.312,0.255,-47.9,28,0.0053,4.56
13:18:03,22.2545644,84.8798246,-1.098,-27.513,0.04,-0.377,0.251,-45.5,28,0.0051,4.31
13:18:03,22.2545644,84.8798246,-1.117,-27.500,0.04,-0.377,0.251,-45.5,28,0.0051,4.31
13:18:03,22.2545644,84.8798246,-1.137,-27.488,0.04,-0.384,0.245,-44.6,28,0.0045,4.31
13:18:03,22.2545644,84.8798246,-1.156,-27.476,0.04,-0.384,0.245,-43.8,28,0.0045,4.31
13:18:03,22.2545644,84.8798246,-1.176,-27.463,0.04,-0.384,0.245,-42.6,28,0.0000,4.31
13:18:03,22.2545644,84.8798246,-1.195,-27.451,0.04,-0.384,0.245,-42.6,28,0.0000,4.31
13:18:03,22.2545644,84.8798246,-1.195,-27.455,0.04,-0.276,0.156,-42.0,28,0.0020,4.31
13:18:03,22.2545644,84.8798246,-1.209,-27.447,0.04,-0.276,0.156,-41.5,28,0.0020,4.31
13:18:03,22.2545644,84.8798246,-1.215,-27.446,0.04,-0.229,0.115,-40.5,28,0.0017,4.31
13:18:03,22.2545643,84.8798255,-1.165,-27.687,0.04,-0.228,0.110,-40.5,28,0.0017,4.19
13:18:03,22.2545643,84.8798255,-1.175,-27.685,0.04,-0.216,0.086,-39.5,28,0.0019,4.19
13:18:03,22.2545643,84.8798255,-1.186,-27.681,0.04,-0.216,0.086,-38.3,28,0.0019,4.19
13:18:03,22.2545643,84.8798255,-1.197,-27.677,0.04,-0.218,0.084,-36.0,28,0.0022,4.19
13:18:03,22.2545643,84.8798255,-1.208,-27.672,0.04,-0.218,0.084,-36.0,28,0.0022,4.19
13:18:03,22.2545637,84.8798268,-1.151,-27.902,0.04,-0.216,0.078,-35.0,28,0.0022,4.06
13:18:03,22.2545637,84.8798268,-1.162,-27.895,0.04,-0.217,0.092,-33.2,28,0.0024,4.06
13:18:03,22.2545637,84.8798268,-1.173,-27.891,0.04,-0.217,0.092,-32.4,28,0.0024,4.06
13:18:04,22.2545637,84.8798268,-1.185,-27.884,0.04,-0.224,0.105,-32.4,28,0.0023,4.06
13:18:04,22.2545637,84.8798268,-1.196,-27.879,0.04,-0.224,0.105,-31.8,28,0.0023,4.06
13:18:04,22.2545637,84.8798268,-1.205,-27.873,0.04,-0.205,0.110,-31.1,28,0.0022,4.06
13:18:04,22.2545637,84.8798268,-1.215,-27.867,0.04,-0.205,0.110,-31.1,28,0.0022,4.06
13:18:04,22.2545637,84.8798268,-1.218,-27.859,0.04,-0.153,0.130,-31.0,28,0.0018,4.06
13:18:04,22.2545637,84.8798268,-1.225,-27.852,0.04,-0.153,0.130,-31.1,28,0.0018,4.06
13:18:04,22.2545633,84.879828,-1.151,-28.076,0.04,-0.116,0.124,-31.4,28,0.0016,3.98
13:18:04,22.2545633,84.879828,-1.156,-28.069,0.04,-0.116,0.124,-31.4,28,0.0016,3.98
13:18:04,22.2545633,84.879828,-1.159,-28.065,0.04,-0.090,0.110,-31.7,28,0.0012,3.98
13:18:04,22.2545633,84.879828,-1.163,-28.059,0.04,-0.090,0.110,-32.3,28,0.0012,3.98
13:18:04,22.2545631,84.8798291,-1.089,-28.267,0.03,-0.088,0.105,-32.6,28,0.0012,3.82
13:18:04,22.2545631,84.8798291,-1.090,-28.264,0.03,-0.066,0.088,-32.6,28,0.0009,3.82
13:18:04,22.2545631,84.8798291,-1.089,-28.265,0.03,-0.038,0.052,-32.9,28,0.0007,3.82
13:18:04,22.2545631,84.8798291,-1.091,-28.262,0.03,-0.038,0.052,-33.5,28,0.0007,3.82
13:18:04,22.2545631,84.8798291,-1.093,-28.260,0.03,-0.038,0.052,-33.5,28,0.0007,3.82
13:18:04,22.2545631,84.8798291,-1.092,-28.261,0.03,-0.019,0.026,-33.8,28,0.0006,3.82
13:18:04,22.2545631,84.8798291,-1.093,-28.260,0.03,-0.019,0.026,-34.2,28,0.0006,3.82
13:18:04,22.2545631,84.8798291,-1.093,-28.260,0.03,-0.010,0.014,-34.3,28,0.0006,3.82
13:18:04,22.2545631,84.8798291,-1.093,-28.260,0.03,-0.010,0.014,-34.3,28,0.0006,3.82
13:18:04,22.2545629,84.8798302,-1.011,-28.466,0.03,-0.004,0.005,-34.5,28,0.0006,3.66
13:18:05,22.2545629,84.8798302,-1.011,-28.466,0.03,-0.004,0.005,-34.8,28,0.0006,3.66
13:18:05,22.2545629,84.8798302,-1.011,-28.466,0.03,-0.004,0.005,-35.0,28,0.0000,3.66
13:18:05,22.2545629,84.8798302,-1.011,-28.465,0.03,-0.004,0.005,-35.0,28,0.0000,3.66
13:18:05,22.2545629,84.8798302,-1.011,-28.466,0.03,-0.002,0.002,-35.1,28,0.0006,3.66
13:18:05,22.2545629,84.8798311,-0.929,-28.657,0.04,0.000,-0.003,-35.4,28,0.0006,3.48
13:18:05,22.2545629,84.8798311,-0.929,-28.657,0.04,0.000,-0.003,-35.6,28,0.0006,3.48
13:18:05,22.2545629,84.8798311,-0.929,-28.657,0.04,0.000,-0.002,-35.6,28,0.0006,3.48
13:18:05,22.2545629,84.8798311,-0.929,-28.657,0.04,0.000,-0.002,-35.7,28,0.0006,3.48
13:18:05,22.2545629,84.8798311,-0.929,-28.657,0.04,0.000,-0.002,-36.0,28,0.0006,3.48
13:18:05,22.2545629,84.8798311,-0.929,-28.657,0.04,0.000,-0.002,-36.2,28,0.0006,3.48
13:18:05,22.2545629,84.8798311,-0.929,-28.657,0.04,0.000,-0.002,-36.2,28,0.0006,3.48
13:18:05,22.2545629,84.8798311,-0.929,-28.657,0.04,0.000,-0.002,-36.4,28,0.0006,3.48
13:18:05,22.2545631,84.8798318,-0.845,-28.841,0.04,0.007,-0.016,-36.5,28,0.0006,3.28
13:18:05,22.2545631,84.8798318,-0.846,-28.839,0.04,0.002,-0.005,-36.6,28,0.0004,3.28
13:18:05,22.2545631,84.8798318,-0.846,-28.840,0.04,0.002,-0.005,-36.6,28,0.0004,3.28
13:18:05,22.2545631,84.8798318,-0.846,-28.839,0.04,0.001,-0.002,-36.7,28,0.0004,3.28
13:18:05,22.2545631,84.8798318,-0.846,-28.839,0.04,0.001,-0.002,-36.9,28,0.0004,3.28
13:18:05,22.2545634,84.8798324,-0.765,-29.006,0.04,0.002,-0.004,-37.0,28,0.0004,3.07
13:18:05,22.2545634,84.8798324,-0.765,-29.006,0.04,0.002,-0.004,-37.0,28,0.0004,3.07
13:18:05,22.2545634,84.8798324,-0.765,-29.006,0.04,0.002,-0.004,-37.2,28,0.0004,3.07
13:18:06,22.2545634,84.8798324,-0.765,-29.006,0.04,0.001,-0.002,-37.2,28,0.0004,3.07
13:18:06,22.2545634,84.8798324,-0.765,-29.006,0.04,0.001,-0.002,-37.3,28,0.0004,3.07
13:18:06,22.2545634,84.8798324,-0.765,-29.006,0.04,0.001,-0.001,-37.4,28,0.0003,3.07
13:18:06,22.2545634,84.8798324,-0.765,-29.006,0.04,0.000,-0.001,-37.4,28,0.0003,3.07
13:18:06,22.2545634,84.8798324,-0.765,-29.006,0.04,0.000,-0.001,-37.4,28,0.0003,3.07
13:18:06,22.2545634,84.8798324,-0.765,-29.006,0.04,0.000,-0.001,-37.4,28,0.0003,3.07
13:18:06,22.2545637,84.879833,-0.684,-29.164,0.04,0.001,-0.003,-37.4,28,0.0003,2.88
13:18:06,22.2545637,84.879833,-0.684,-29.164,0.04,0.001,-0.003,-37.4,28,0.0003,2.88
13:18:06,22.2545637,84.879833,-0.684,-29.164,0.04,0.001,-0.002,-37.4,28,0.0003,2.88
13:18:06,22.2545637,84.879833,-0.684,-29.164,0.04,0.001,-0.002,-37.4,28,0.0003,2.88
13:18:06,22.2545639,84.8798334,-0.607,-29.307,0.04,0.001,-0.003,-37.3,28,0.0003,2.71
13:18:06,22.2545639,84.8798334,-0.607,-29.307,0.04,0.001,-0.002,-37.3,28,0.0003,2.71
13:18:06,22.2545639,84.8798334,-0.607,-29.307,0.04,0.001,-0.002,-37.1,28,0.0003,2.71
13:18:06,22.2545643,84.8798337,-0.535,-29.435,0.05,0.002,-0.005,-37.1,28,0.0003,2.52
13:18:06,22.2545643,84.8798337,-0.535,-29.435,0.05,0.001,-0.002,-37.1,28,0.0003,2.52
13:18:06,22.2545643,84.8798337,-0.535,-29.435,0.05,0.001,-0.002,-37.0,28,0.0003,2.52
13:18:06,22.2545643,84.8798337,-0.534,-29.436,0.05,0.001,-0.002,-36.8,28,0.0000,2.52
13:18:06,22.2545643,84.8798337,-0.534,-29.436,0.05,0.001,-0.002,-36.8,28,0.0000,2.52
13:18:06,22.2545643,84.8798337,-0.534,-29.435,0.05,0.001,-0.001,-36.7,28,0.0002,2.52
13:18:06,22.2545643,84.8798337,-0.534,-29.435,0.05,0.001,-0.001,-36.6,28,0.0002,2.52
13:18:07,22.2545643,84.8798337,-0.534,-29.435,0.05,0.000,-0.000,-36.4,28,0.0002,2.52
13:18:07,22.2545643,84.8798337,-0.534,-29.435,0.05,0.000,-0.000,-36.4,28,0.0002,2.52
13:18:07,22.2545646,84.8798339,-0.463,-29.557,0.05,0.001,-0.002,-36.3,28,0.0002,2.35
13:18:07,22.2545646,84.8798339,-0.463,-29.558,0.05,0.001,-0.002,-36.2,28,0.0002,2.35
13:18:07,22.2545646,84.8798339,-0.463,-29.558,0.05,0.001,-0.002,-36.1,28,0.0002,2.35
13:18:07,22.2545646,84.8798339,-0.463,-29.558,0.05,0.001,-0.001,-36.1,28,0.0002,2.35
13:18:07,22.2545646,84.8798339,-0.463,-29.558,0.05,0.000,-0.001,-36.0,28,0.0003,2.35
13:18:07,22.2545649,84.879834,-0.397,-29.669,0.05,0.001,-0.003,-35.9,28,0.0003,2.19
13:18:07,22.2545649,84.879834,-0.397,-29.669,0.05,0.001,-0.003,-35.7,28,0.0003,2.19
13:18:07,22.2545649,84.879834,-0.397,-29.669,0.05,0.001,-0.003,-35.7,28,0.0004,2.19
13:18:07,22.2545649,84.879834,-0.397,-29.669,0.05,0.001,-0.003,-35.6,28,0.0004,2.19
13:18:07,22.2545649,84.879834,-0.397,-29.669,0.05,0.001,-0.003,-35.6,28,0.0008,2.19
13:18:07,22.2545649,84.879834,-0.397,-29.670,0.05,0.001,-0.003,-35.4,28,0.0008,2.19
13:18:07,22.2545649,84.879834,-0.397,-29.670,0.05,0.002,-0.003,-35.4,28,0.0008,2.19
13:18:07,22.2545649,84.879834,-0.397,-29.670,0.05,0.002,-0.003,-35.3,28,0.0008,2.19
13:18:07,22.2545649,84.879834,-0.396,-29.670,0.05,0.002,-0.002,-35.2,28,0.0007,2.19
13:18:07,22.2545652,84.8798339,-0.333,-29.775,0.08,0.004,-0.004,-35.1,28,0.0007,2.02
13:18:07,22.2545652,84.8798339,-0.333,-29.775,0.08,0.004,-0.004,-35.1,28,0.0007,2.02
13:18:07,22.2545652,84.8798339,-0.333,-29.775,0.08,0.004,-0.002,-35.0,28,0.0007,2.02
13:18:08,22.2545652,84.8798339,-0.332,-29.775,0.08,0.005,-0.001,-34.9,28,0.0007,2.02
13:18:08,22.2545653,84.879834,-0.274,-29.870,0.10,0.006,-0.003,-34.8,28,0.0007,1.90
13:18:08,22.2545653,84.879834,-0.273,-29.871,0.10,0.006,-0.003,-34.8,28,0.0007,1.90
13:18:08,22.2545653,84.879834,-0.273,-29.870,0.10,0.005,-0.001,-34.7,28,0.0007,1.90
13:18:08,22.2545653,84.879834,-0.273,-29.871,0.10,0.005,-0.001,-34.6,28,0.0007,1.90
13:18:08,22.2545653,84.879834,-0.278,-29.874,0.10,-0.033,-0.027,-34.6,28,0.0010,1.90
13:18:08,22.2545653,84.879834,-0.280,-29.876,0.10,-0.033,-0.027,-34.5,28,0.0010,1.90
13:18:08,22.2545653,84.879834,-0.285,-29.880,0.10,-0.056,-0.043,-34.5,28,0.0011,1.90
13:18:08,22.2545653,84.879834,-0.288,-29.882,0.10,-0.056,-0.043,-34.4,28,0.0011,1.90
13:18:08,22.2545653,84.879834,-0.292,-29.885,0.10,-0.065,-0.049,-34.5,28,0.0011,1.90
13:18:08,22.2545657,84.8798337,-0.240,-29.975,0.12,-0.064,-0.050,-34.5,26,0.0011,1.73
13:18:08,22.2545657,84.8798337,-0.243,-29.978,0.12,-0.064,-0.050,-34.5,26,0.0011,1.73
13:18:08,22.2545657,84.8798337,-0.241,-29.977,0.12,-0.031,-0.026,-34.6,26,0.0009,1.73
13:18:08,22.2545657,84.8798337,-0.243,-29.978,0.12,-0.031,-0.026,-34.7,26,0.0009,1.73
13:18:08,22.254566,84.8798333,-0.195,-30.058,0.14,-0.030,-0.028,-34.7,26,0.0000,1.57
13:18:08,22.254566,84.8798333,-0.197,-30.059,0.14,-0.030,-0.028,-34.7,26,0.0000,1.57
13:18:08,22.254566,84.8798333,-0.195,-30.058,0.14,-0.012,-0.014,-34.9,26,0.0008,1.57
13:18:08,22.254566,84.8798333,-0.196,-30.059,0.14,-0.012,-0.014,-34.9,26,0.0008,1.57
13:18:08,22.254566,84.8798333,-0.195,-30.059,0.14,-0.006,-0.008,-35.0,26,0.0008,1.57
13:18:08,22.254566,84.8798333,-0.195,-30.059,0.14,-0.006,-0.008,-35.1,26,0.0008,1.57
13:18:09,22.254566,84.8798333,-0.195,-30.059,0.14,-0.002,-0.005,-35.2,26,0.0008,1.57
13:18:09,22.254566,84.8798333,-0.195,-30.059,0.14,-0.002,-0.005,-35.2,26,0.0008,1.57
13:18:09,22.254566,84.8798333,-0.195,-30.059,0.14,0.000,-0.003,-35.3,26,0.0010,1.57
13:18:09,22.254566,84.8798333,-0.195,-30.059,0.14,0.000,-0.003,-35.5,26,0.0010,1.57
13:18:09,22.2545665,84.8798329,-0.150,-30.133,0.17,0.001,-0.005,-35.5,26,0.0010,1.41
13:18:09,22.2545665,84.8798329,-0.149,-30.132,0.17,0.004,-0.003,-35.5,26,0.0013,1.41
13:18:09,22.2545665,84.8798329,-0.153,-30.136,0.17,-0.024,-0.023,-35.7,26,0.0019,1.41
13:18:09,22.2545665,84.8798329,-0.154,-30.137,0.17,-0.024,-0.023,-35.8,26,0.0019,1.41
13:18:09,22.2545674,84.8798322,-0.118,-30.198,0.24,-0.023,-0.024,-35.8,26,0.0019,1.20
13:18:09,22.2545674,84.8798322,-0.122,-30.202,0.24,-0.041,-0.037,-35.9,26,0.0023,1.20
13:18:09,22.2545674,84.8798322,-0.124,-30.203,0.24,-0.041,-0.037,-36.0,26,0.0023,1.20
13:18:09,22.2545674,84.8798322,-0.127,-30.206,0.24,-0.049,-0.043,-36.0,26,0.0027,1.20
13:18:09,22.2545674,84.8798322,-0.130,-30.208,0.24,-0.049,-0.043,-36.0,25,0.0027,1.20
13:18:09,22.2545674,84.8798322,-0.133,-30.211,0.24,-0.054,-0.046,-36.1,25,0.0028,1.20
13:18:09,22.2545674,84.8798322,-0.136,-30.213,0.24,-0.054,-0.046,-36.1,25,0.0028,1.20
13:18:09,22.2545674,84.8798322,-0.139,-30.216,0.24,-0.059,-0.050,-36.0,25,0.0028,1.20
13:18:09,22.2545674,84.8798322,-0.142,-30.219,0.24,-0.059,-0.050,-36.0,25,0.0028,1.20
13:18:09,22.25457581918965,84.87982619013789,-0.145,-30.221,0.33,-0.059,-0.050,-36.0,25,0.0028,0.00
13:18:09,22.2545757963932,84.87982616099048,-0.148,-30.224,0.33,-0.059,-0.050,-35.9,25,0.0028,0.00
13:18:09,22.2545757736691,84.87982613193554,-0.151,-30.226,0.33,-0.059,-0.050,-35.9,25,0.0028,0.00
13:18:10,22.25457574435198,84.8798260938552,-0.155,-30.230,0.33,-0.065,-0.055,-35.9,25,0.0026,0.00
13:18:10,22.25457571948582,84.87982606187117,-0.158,-30.232,0.42,-0.065,-0.055,-35.8,25,0.0026,0.00
13:18:10,22.254575691719932,84.87982602732077,-0.162,-30.235,0.42,-0.067,-0.057,-35.7,25,0.0025,0.00
13:18:10,22.254575665887117,84.8798259944671,-0.165,-30.238,0.42,-0.067,-0.057,-35.7,25,0.0025,0.00
13:18:10,22.254575641339464,84.87982596434088,-0.169,-30.241,0.42,-0.065,-0.056,-35.7,25,0.0024,0.00
13:18:10,22.254575615933025,84.8798259323911,-0.172,-30.244,0.42,-0.065,-0.056,-35.6,25,0.0024,0.00
13:18:10,22.254575618647724,84.87982594453476,-0.171,-30.244,0.42,-0.035,-0.035,-35.5,25,0.0022,0.00
13:18:10,22.254575602730238,84.87982592749053,-0.172,-30.245,0.42,-0.035,-0.035,-35.5,25,0.0022,0.00
13:18:10,22.25457560098572,84.87982593285135,-0.172,-30.246,0.42,-0.019,-0.024,-35.3,25,0.0022,0.00
13:18:10,22.254575589917653,84.87982592350942,-0.173,-30.247,0.42,-0.019,-0.024,-35.3,25,0.0022,0.00
13:18:10,22.254575557825515,84.87982588163403,-0.177,-30.250,0.50,-0.042,-0.041,-35.2,22,0.0020,0.00
13:18:10,22.2545755393897,84.87982586089917,-0.179,-30.252,0.50,-0.042,-0.041,-35.2,22,0.0000,0.00
13:18:10,22.254575537505445,84.87982586527734,-0.179,-30.253,0.50,-0.024,-0.028,-35.0,22,0.0019,0.00
13:18:10,22.254575524895483,84.87982585337441,-0.180,-30.254,0.50,-0.024,-0.028,-34.9,22,0.0019,0.00
13:18:10,22.254575512342498,84.87982584152529,-0.181,-30.255,0.50,-0.024,-0.028,-34.8,22,0.0019,0.00
13:18:10,22.254575510886877,84.879825845152,-0.181,-30.256,0.57,-0.014,-0.020,-34.8,22,0.0018,0.00
13:18:10,22.254575501828366,84.87982583820985,-0.182,-30.257,0.57,-0.014,-0.020,-34.6,22,0.0018,0.00
13:18:10,22.254575503960325,84.87982583236709,-0.182,-30.256,0.57,-0.013,-0.012,17.2,22,0.0016,0.00
13:18:10,22.254575498515706,84.87982582578886,-0.183,-30.257,0.57,-0.013,-0.012,17.2,22,0.0016,0.00
13:18:10,22.254575499056237,84.87982582101246,-0.183,-30.257,0.57,-0.012,-0.008,17.3,18,0.0014,0.00
13:18:11,22.254575495584504,84.87982581501166,-0.184,-30.257,0.57,-0.012,-0.008,17.3,18,0.0014,0.00
13:18:11,22.254575495725934,84.87982581172697,-0.184,-30.257,0.57,-0.010,-0.005,17.1,18,0.0012,0.00
13:18:11,22.254575493486282,84.87982580665398,-0.185,-30.258,0.57,-0.010,-0.005,17.1,18,0.0012,0.00
13:18:11,22.254575493298724,84.87982580464968,-0.185,-30.258,0.57,-0.008,-0.003,16.0,18,0.0010,0.00
13:18:11,22.254575491765532,84.87982580062892,-0.185,-30.258,0.62,-0.008,-0.003,15.1,18,0.0010,0.00
13:18:11,22.25457549143419,84.87982579961214,-0.185,-30.258,0.62,-0.006,-0.002,14.0,18,0.0008,0.00
13:18:11,22.254575490319624,84.87982579663738,-0.186,-30.258,0.62,-0.006,-0.002,14.0,18,0.0008,0.00
13:18:11,22.25457548921095,84.87982579367834,-0.186,-30.258,0.62,-0.006,-0.002,11.1,18,0.0008,0.00
13:18:11,22.254575488949314,84.87982579419929,-0.186,-30.258,0.66,-0.004,-0.002,8.9,18,0.0007,0.00
13:18:11,22.254575488108156,84.87982579234586,-0.186,-30.258,0.66,-0.004,-0.002,3.9,18,0.0007,0.00
13:18:11,22.25457548340731,84.8798258607809,-0.179,-30.259,0.66,0.042,-0.005,3.9,18,0.0010,0.00
13:18:11,22.254575481314564,84.87982588166166,-0.177,-30.259,0.66,0.042,-0.005,1.1,18,0.0010,0.00
13:18:11,22.25457548390253,84.8798259491465,-0.170,-30.259,0.66,0.074,-0.001,-1.9,18,0.0012,0.00
13:18:11,22.254575483368853,84.8798259854959,-0.166,-30.259,0.66,0.074,-0.001,-1.9,15,0.0012,0.00
13:18:11,22.254575490026383,84.87982605594149,-0.159,-30.258,0.66,0.098,0.004,-5.0,15,0.0013,0.00
13:18:11,22.25457549194547,84.87982610394985,-0.154,-30.258,0.66,0.098,0.004,-10.7,15,0.0013,0.00
13:18:11,22.25457550137452,84.87982616559711,-0.148,-30.257,0.66,0.108,0.010,-8.1,15,0.0013,0.00
13:18:11,22.254575505898195,84.8798262183606,-0.142,-30.256,0.67,0.108,0.010,-8.1,15,0.0013,0.00
13:18:11,22.254575510411346,84.87982627100135,-0.137,-30.256,0.67,0.108,0.010,-3.8,15,0.0013,0.00
13:18:12,22.254575512666612,84.87982632134076,-0.132,-30.255,0.67,0.106,0.008,-3.9,15,0.0011,0.00
13:18:12,22.254575516474816,84.87982637344606,-0.126,-30.255,0.67,0.106,0.008,-3.9,15,0.0011,0.00
13:18:12,22.254575523076003,84.8798264143304,-0.122,-30.254,0.67,0.099,0.010,-7.9,15,0.0010,0.00
13:18:12,22.254575527788617,84.87982646289504,-0.117,-30.254,0.67,0.099,0.010,-10.5,12,0.0010,0.00
13:18:12,22.25457554108045,84.87982650110142,-0.113,-30.252,0.67,0.092,0.017,-15.7,12,0.0009,0.00
13:18:12,22.254575548657698,84.8798265463251,-0.109,-30.251,0.67,0.092,0.017,-15.7,12,0.0009,0.00
13:18:12,22.25457555618568,84.87982659125475,-0.104,-30.251,0.67,0.092,0.017,-18.0,12,0.0000,0.00
13:18:12,22.254575563750688,84.87982663640535,-0.099,-30.250,0.67,0.092,0.017,-20.0,12,0.0000,0.00
13:18:12,22.254575587913756,84.87982666885908,-0.096,-30.247,0.67,0.085,0.027,-23.6,12,0.0009,0.00
13:18:12,22.254575600202973,84.87982671051573,-0.092,-30.246,0.67,0.085,0.027,-23.6,12,0.0009,0.00
13:18:12,22.254575593885733,84.87982668515308,-0.094,-30.246,0.67,0.045,0.015,-25.3,12,0.0008,0.00
13:18:12,22.25457560076481,84.87982670732006,-0.092,-30.246,0.66,0.045,0.015,-26.7,13,0.0008,0.00
13:18:12,22.25457560761716,84.87982672940095,-0.090,-30.245,0.66,0.045,0.015,-29.4,13,0.0008,0.00
13:18:12,22.254575605136676,84.87982671576746,-0.091,-30.245,0.66,0.024,0.009,-29.4,13,0.0008,0.00
13:18:12,22.254575609297394,84.87982672753591,-0.090,-30.245,0.66,0.024,0.009,-30.7,13,0.0008,0.00
13:18:12,22.25457560990651,84.87982672451948,-0.090,-30.245,0.66,0.015,0.007,-32.6,13,0.0009,0.00
13:18:12,22.254575613001172,84.87982673183213,-0.089,-30.244,0.64,0.015,0.007,-32.6,13,0.0009,0.00
13:18:12,22.254575614655547,84.87982673233864,-0.089,-30.244,0.64,0.010,0.006,-33.5,13,0.0008,0.00
13:18:12,22.254575617290122,84.87982673747142,-0.089,-30.244,0.64,0.010,0.006,-34.3,13,0.0008,0.00
13:18:12,22.25457561946184,84.87982673939347,-0.089,-30.243,0.64,0.008,0.005,-34.9,13,0.0008,0.00
13:18:13,22.254575621949517,84.87982674346588,-0.088,-30.243,0.64,0.008,0.005,-34.9,13,0.0008,0.00
13:18:13,22.25457562444603,84.87982674603987,-0.088,-30.243,0.64,0.007,0.005,-35.7,13,0.0008,0.00
13:18:13,22.254575626934184,84.87982674959432,-0.088,-30.243,0.64,0.007,0.005,-36.0,13,0.0008,0.00
13:18:13,22.254575629413228,84.87982675217721,-0.087,-30.242,0.64,0.007,0.005,-36.3,13,0.0008,0.00
13:18:13,22.25457563190228,84.87982675539892,-0.087,-30.242,0.64,0.007,0.005,-36.3,13,0.0008,0.00
13:18:13,22.254575634407797,84.87982675808179,-0.087,-30.242,0.63,0.006,0.006,-36.4,13,0.0008,0.00
13:18:13,22.25457563690428,84.87982676111643,-0.086,-30.242,0.63,0.006,0.006,-36.5,13,0.0008,0.00
13:18:13,22.254575639392783,84.87982676414137,-0.086,-30.241,0.63,0.006,0.006,-36.4,13,0.0008,0.00
13:18:13,22.254575641679597,84.87982676647276,-0.086,-30.241,0.63,0.006,0.005,-36.4,13,0.0008,0.00
13:18:13,22.25457564411108,84.87982676928428,-0.086,-30.241,0.62,0.006,0.005,-36.3,13,0.0008,0.00
13:18:13,22.25457564611105,84.8798267714728,-0.085,-30.241,0.62,0.005,0.005,-36.2,13,0.0008,0.00
13:18:13,22.254575648408526,84.87982677408925,-0.085,-30.240,0.62,0.005,0.005,-35.8,13,0.0008,0.00
13:18:13,22.254575650310624,84.87982677629795,-0.085,-30.240,0.62,0.005,0.005,-35.8,13,0.0008,0.00
13:18:13,22.254575652476667,84.87982677877888,-0.085,-30.240,0.62,0.005,0.005,-35.7,7,0.0008,0.00
13:18:13,22.25457565422425,84.87982678093816,-0.084,-30.240,0.62,0.005,0.004,-35.5,7,0.0008,0.00
13:18:13,22.25457565624699,84.87982678330872,-0.084,-30.239,0.62,0.005,0.004,-35.4,7,0.0008,0.00
13:18:13,22.254575657834994,84.8798267853869,-0.084,-30.239,0.62,0.005,0.004,-35.4,7,0.0008,0.00
13:18:13,22.254575659710255,84.87982678766002,-0.084,-30.239,0.62,0.005,0.004,-35.3,7,0.0008,0.00
13:18:13,22.25457566104723,84.87982678945201,-0.084,-30.239,0.60,0.004,0.004,-35.1,7,0.0008,0.00
13:18:13,22.254575662737466,84.87982679156102,-0.083,-30.239,0.60,0.004,0.004,-35.1,7,0.0008,0.00
13:18:14,22.25457566442013,84.87982679366057,-0.083,-30.238,0.60,0.004,0.004,-35.1,7,0.0008,0.00
13:18:14,22.254575666103122,84.87982679576054,-0.083,-30.238,0.60,0.004,0.004,-35.0,7,0.0000,0.00
13:18:14,22.254575667787854,84.87982679786268,-0.083,-30.238,0.58,0.004,0.004,-34.7,0,0.0000,0.00
13:18:14,22.254575668573498,84.87982679838046,-0.083,-30.238,0.58,0.003,0.003,-34.5,0,0.0008,0.00
13:18:14,22.254575670028952,84.87982680007633,-0.082,-30.238,0.58,0.003,0.003,-34.5,0,0.0008,0.00
13:18:14,22.254575670945787,84.87982680088231,-0.082,-30.238,0.58,0.003,0.003,-34.3,0,0.0007,0.00
13:18:14,22.25457567225872,84.87982680234106,-0.082,-30.238,0.58,0.003,0.003,-34.1,0,0.0007,0.00
13:18:14,22.25457567305148,84.8798268029945,-0.082,-30.238,0.58,0.002,0.003,-34.1,0,0.0006,0.00
13:18:14,22.254575674212646,84.87982680421734,-0.082,-30.237,0.58,0.002,0.003,-33.9,0,0.0006,0.00
13:18:14,22.2545756748496,84.87982680473763,-0.082,-30.237,0.58,0.002,0.002,-33.8,0,0.0005,0.00
13:18:14,22.254575675844226,84.87982680573727,-0.082,-30.237,0.58,0.002,0.002,-33.7,0,0.0005,0.00
13:18:14,22.254575676327853,84.87982680614397,-0.082,-30.237,0.56,0.002,0.002,-33.7,8,0.0004,0.00
13:18:14,22.25457567715421,84.879826806948,-0.082,-30.237,0.56,0.002,0.002,-33.7,8,0.0004,0.00
13:18:14,22.254575677450074,84.87982680724625,-0.082,-30.237,0.56,0.001,0.001,-33.8,8,0.0004,0.00
13:18:14,22.254575678093982,84.87982680787631,-0.082,-30.237,0.56,0.001,0.001,-33.8,8,0.0004,0.00
13:18:14,22.25457567873644,84.87982680850496,-0.082,-30.237,0.56,0.001,0.001,-33.8,8,0.0004,0.00
13:18:14,22.25457567882117,84.87982680865747,-0.082,-30.237,0.54,0.001,0.001,-33.9,8,0.0003,0.00
13:18:14,22.25457567928902,84.87982680913747,-0.081,-30.237,0.54,0.001,0.001,-34.2,8,0.0003,0.00
13:18:14,22.254575679284823,84.87982680923933,-0.081,-30.237,0.54,0.001,0.001,-34.3,8,0.0003,0.00
13:18:14,22.254575679601125,84.87982680959797,-0.081,-30.237,0.54,0.001,0.001,-34.3,8,0.0003,0.00
13:18:15,22.254575679589955,84.87982680965028,-0.081,-30.237,0.54,0.001,0.000,-34.5,8,0.0003,0.00
13:18:15,22.25457567979865,84.8798268099086,-0.081,-30.237,0.54,0.001,0.000,-34.7,8,0.0003,0.00
13:18:15,22.25457567975916,84.87982680990478,-0.081,-30.237,0.54,0.000,0.000,-34.8,8,0.0003,0.00
13:18:15,22.25457567988309,84.8798268100736,-0.081,-30.237,0.54,0.000,0.000,-34.8,8,0.0003,0.00
13:18:15,22.254575679839984,84.87982681001326,-0.081,-30.237,0.53,0.000,0.000,-34.9,8,0.0004,0.00
13:18:15,22.254575679905884,84.87982681010244,-0.081,-30.237,0.53,0.000,0.000,-35.2,8,0.0004,0.00
13:18:15,22.25457567997159,84.87982681019139,-0.081,-30.237,0.53,0.000,0.000,-35.2,8,0.0004,0.00
13:18:15,22.254575679926255,84.8798268100703,-0.081,-30.237,0.53,0.000,0.000,-35.2,8,0.0004,0.00
13:18:15,22.25457567995665,84.87982681009231,-0.081,-30.237,0.53,0.000,0.000,-35.4,8,0.0004,0.00
13:18:15,22.25457567998697,84.87982681011428,-0.081,-30.237,0.52,0.000,0.000,-35.5,8,0.0004,0.00
13:18:15,22.254575680017272,84.87982681013622,-0.081,-30.237,0.52,0.000,0.000,-35.5,8,0.0004,0.00
13:18:15,22.25457568004753,84.87982681015815,-0.081,-30.237,0.52,0.000,0.000,-35.5,8,0.0004,0.00
13:18:15,22.25457568007778,84.87982681018006,-0.081,-30.237,0.52,0.000,0.000,-35.6,8,0.0004,0.00
13:18:15,22.25457568010808,84.879826810202,-0.081,-30.237,0.52,0.000,0.000,-35.7,8,0.0004,0.00
13:18:15,22.254575680068942,84.87982681018553,-0.081,-30.237,0.52,0.000,0.000,-35.8,8,0.0006,0.00
13:18:15,22.25457568008515,84.87982681019969,-0.081,-30.237,0.52,0.000,0.000,-35.8,8,0.0000,0.00
13:18:15,22.254575679995195,84.87982681019486,-0.081,-30.237,0.52,0.000,-0.000,-35.8,8,0.0007,0.00
13:18:15,22.254575679987752,84.8798268102048,-0.081,-30.237,0.52,0.000,-0.000,-35.9,8,0.0007,0.00
13:18:15,22.254575679980338,84.87982681021471,-0.081,-30.237,0.53,0.000,-0.000,-35.9,8,0.0007,0.00
13:18:16,22.25457567988568,84.87982681024957,-0.081,-30.237,0.53,0.000,-0.000,-35.9,8,0.0008,0.00
13:18:16,22.25457567985633,84.87982681026578,-0.081,-30.237,0.53,0.000,-0.000,-36.0,8,0.0008,0.00
13:18:16,22.254575680537137,84.87982681111158,-0.081,-30.237,0.53,0.001,0.000,-36.0,8,0.0009,0.00
13:18:16,22.25457568070416,84.87982681135729,-0.081,-30.237,0.55,0.001,0.000,-36.0,7,0.0009,0.00
13:18:16,22.25457568268679,84.87982681350975,-0.081,-30.236,0.55,0.002,0.002,-36.1,7,0.0011,0.00
13:18:16,22.254575683406358,84.87982681433594,-0.081,-30.236,0.55,0.002,0.002,-36.1,7,0.0011,0.00
13:18:16,22.25457568632491,84.87982681744704,-0.081,-30.236,0.55,0.003,0.003,-36.1,7,0.0013,0.00
13:18:16,22.25457568775648,84.87982681901305,-0.080,-30.236,0.55,0.003,0.003,-36.2,7,0.0013,0.00
13:18:16,22.254575693833324,84.87982682496308,-0.080,-30.235,0.59,0.006,0.007,-36.3,7,0.0016,0.00
13:18:16,22.25457569683723,84.87982682801365,-0.080,-30.235,0.59,0.006,0.007,-36.4,7,0.0016,0.00
13:18:16,22.25457567433861,84.87982679109415,-0.083,-30.237,0.59,-0.022,-0.013,-36.4,7,0.0020,0.00
13:18:16,22.25457566853634,84.87982678033688,-0.084,-30.238,0.59,-0.022,-0.013,-36.6,7,0.0020,0.00
13:18:16,22.254575637601658,84.87982673041515,-0.090,-30.241,0.59,-0.050,-0.032,-36.7,7,0.0023,0.00
13:18:16,22.25457562297532,84.87982670590074,-0.092,-30.243,0.59,-0.050,-0.032,-36.8,5,0.0023,0.00
13:18:16,22.254575608449244,84.87982668155439,-0.095,-30.245,0.59,-0.050,-0.032,-36.8,5,0.0023,0.00
13:18:16,22.2545755680921,84.87982661862031,-0.101,-30.249,0.59,-0.075,-0.050,-36.8,5,0.0026,0.00
13:18:16,22.254575545276232,84.87982658188429,-0.105,-30.252,0.59,-0.075,-0.050,-36.8,5,0.0026,0.00
13:18:16,22.25457551065332,84.87982652856475,-0.110,-30.256,0.67,-0.086,-0.059,-36.8,5,0.0029,0.00
13:18:16,22.25457548403119,84.87982648647973,-0.115,-30.259,0.67,-0.086,-0.059,-36.8,5,0.0029,0.00
13:18:16,22.254575458650155,84.87982644683699,-0.119,-30.261,0.67,-0.084,-0.058,-36.8,5,0.0032,0.00
13:18:17,22.254575432431064,84.87982640554803,-0.123,-30.264,0.67,-0.084,-0.058,-36.8,5,0.0032,0.00
13:18:17,22.254575403223658,84.87982636253868,-0.127,-30.268,0.78,-0.085,-0.060,-36.7,0,0.0034,0.00
13:18:17,22.254575375967015,84.87982632062916,-0.132,-30.271,0.78,-0.085,-0.060,-36.7,0,0.0034,0.00
13:18:17,22.254575349842035,84.87982628227763,-0.136,-30.273,0.78,-0.083,-0.059,-36.8,0,0.0036,0.00
13:18:17,22.254575322925735,84.87982624151898,-0.140,-30.276,0.78,-0.083,-0.059,-36.8,0,0.0036,0.00
13:18:17,22.254575296122884,84.87982620093211,-0.144,-30.279,0.78,-0.083,-0.059,-36.8,0,0.0036,0.00
13:18:17,22.254575271931685,84.87982616644591,-0.148,-30.282,0.78,-0.079,-0.057,-36.8,0,0.0038,0.00
13:18:17,22.25457523810799,84.87982611802951,-0.153,-30.286,0.78,-0.086,-0.063,-36.9,0,0.0039,0.00
13:18:17,22.254575209479814,84.8798260760673,-0.157,-30.289,0.78,-0.086,-0.063,-36.9,0,0.0039,0.00
13:18:17,22.25457518090795,84.87982603418763,-0.161,-30.292,0.78,-0.086,-0.063,-37.0,0,0.0039,0.00
13:18:17,22.254575151085575,84.87982599225299,-0.166,-30.296,0.91,-0.086,-0.064,-37.0,0,0.0041,0.00
13:18:17,22.254575122083185,84.87982595032196,-0.170,-30.299,0.91,-0.086,-0.064,-37.1,0,0.0041,0.00
13:18:17,22.254575093118227,84.87982590844506,-0.174,-30.302,0.91,-0.086,-0.064,-37.2,0,0.0000,0.00
13:18:17,22.25457506417479,84.87982586659928,-0.179,-30.305,0.91,-0.086,-0.064,-37.3,0,0.0000,0.00
13:18:17,22.25457502088941,84.87982580978168,-0.184,-30.310,0.91,-0.094,-0.073,-37.3,0,0.0040,0.00
13:18:17,22.254574987888986,84.8798257636468,-0.189,-30.314,1.05,-0.094,-0.073,-37.4,0,0.0040,0.00
13:18:17,22.2545749449294,84.87982570816308,-0.195,-30.319,1.05,-0.099,-0.079,-37.4,0,0.0038,0.00
13:18:17,22.254574909135286,84.87982565941442,-0.200,-30.323,1.05,-0.099,-0.079,-37.4,0,0.0038,0.00
13:18:17,22.254574860957362,84.87982559851766,-0.206,-30.328,1.05,-0.107,-0.087,-37.5,0,0.0035,0.00
13:18:17,22.254574821326237,84.87982554597751,-0.212,-30.332,1.05,-0.107,-0.087,-37.5,0,0.0035,0.00
13:18:18,22.254574775703816,84.87982548893224,-0.217,-30.337,1.05,-0.110,-0.092,-37.5,0,0.0033,0.00
13:18:18,22.254574734196545,84.87982543501025,-0.223,-30.342,1.05,-0.110,-0.092,-37.5,0,0.0033,0.00
13:18:18,22.254574692766028,84.87982538118796,-0.229,-30.347,1.05,-0.110,-0.092,-37.6,0,0.0033,0.00
13:18:18,22.2545746321812,84.87982530886954,-0.236,-30.353,1.05,-0.122,-0.105,-37.6,0,0.0031,0.00
13:18:18,22.254574587159183,84.87982525525794,-0.242,-30.358,1.17,-0.118,-0.103,-37.6,0,0.0030,0.00
13:18:18,22.254574540531898,84.87982519760114,-0.248,-30.364,1.17,-0.118,-0.103,-37.6,0,0.0030,0.00
13:18:18,22.254574493983306,84.87982514004165,-0.253,-30.369,1.17,-0.118,-0.103,-37.6,0,0.0030,0.00
13:18:18,22.25457446302139,84.87982510117631,-0.257,-30.372,1.17,-0.105,-0.092,-37.5,0,0.0028,0.00
13:18:18,22.254574421324048,84.8798250494275,-0.263,-30.377,1.26,-0.105,-0.092,-37.5,0,0.0028,0.00
13:18:18,22.254574428510548,84.87982506263307,-0.261,-30.376,1.26,-0.062,-0.057,-37.3,0,0.0023,0.00
13:18:18,22.254574402715512,84.87982503202048,-0.265,-30.379,1.26,-0.062,-0.057,-36.9,0,0.0023,0.00
13:18:18,22.25457440453563,84.8798250356175,-0.264,-30.379,1.26,-0.039,-0.036,-36.9,0,0.0019,0.00
13:18:18,22.25457438797908,84.87982501645043,-0.266,-30.381,1.26,-0.039,-0.036,-36.5,0,0.0019,0.00
13:18:18,22.25457438854634,84.87982501768148,-0.266,-30.381,1.26,-0.025,-0.024,-36.1,0,0.0014,0.00
13:18:18,22.254574377819942,84.87982500546089,-0.267,-30.382,1.26,-0.025,-0.024,-35.3,0,0.0014,0.00
13:18:18,22.25457437820117,84.87982500661236,-0.267,-30.382,1.26,-0.015,-0.015,-35.3,0,0.0010,0.00
13:18:18,22.25457437132985,84.8798249990331,-0.268,-30.382,1.26,-0.015,-0.015,-34.9,0,0.0010,0.00
13:18:18,22.254574364473402,84.87982499147026,-0.269,-30.383,1.33,-0.015,-0.015,-34.5,0,0.0010,0.00
13:18:18,22.254574366527454,84.87982499573249,-0.268,-30.383,1.33,-0.008,-0.009,-33.6,0,0.0008,0.00
13:18:18,22.25457436250875,84.87982499193755,-0.269,-30.383,1.33,-0.008,-0.009,-33.6,0,0.0008,0.00
13:18:19,22.25457436315215,84.87982499382473,-0.269,-30.383,1.33,-0.004,-0.006,-33.3,0,0.0007,0.00
13:18:19,22.254574360629995,84.87982499185462,-0.269,-30.384,1.37,-0.004,-0.006,-32.9,0,0.0007,0.00
13:18:19,22.254574360959012,84.87982499294878,-0.269,-30.384,1.37,-0.002,-0.003,-32.4,0,0.0005,0.00
13:18:19,22.254574359382698,84.87982499199553,-0.269,-30.384,1.37,-0.002,-0.003,-32.4,0,0.0005,0.00
13:18:19,22.25457435963165,84.87982499248442,-0.269,-30.384,1.37,-0.001,-0.002,-32.3,0,0.0005,0.00
13:18:19,22.25457435867779,84.8798249920229,-0.269,-30.384,1.37,-0.001,-0.002,-32.1,0,0.0005,0.00
13:18:19,22.254574357725378,84.87982499156209,-0.269,-30.384,1.37,-0.001,-0.002,-31.9,0,0.0000,0.00
13:18:19,22.254574356770725,84.8798249911002,-0.269,-30.384,1.37,-0.001,-0.002,-31.9,0,0.0000,0.00
13:18:19,22.2545743558176,84.87982499063904,-0.269,-30.384,1.37,-0.001,-0.002,-31.9,0,0.0000,0.00
13:18:19,22.25457435773398,84.87982499111429,-0.269,-30.384,1.37,-0.000,-0.000,-31.9,0,0.0005,0.00
13:18:19,22.25457435751829,84.87982499089306,-0.269,-30.384,1.37,-0.000,-0.000,-31.9,0,0.0005,0.00
13:18:19,22.25457435878746,84.87982499100805,-0.269,-30.384,1.37,-0.000,0.000,-32.0,0,0.0006,0.00
13:18:19,22.254574358972526,84.87982499087697,-0.269,-30.384,1.37,-0.000,0.000,-32.1,0,0.0006,0.00
13:18:19,22.254574360291322,84.87982499098064,-0.269,-30.384,1.37,-0.000,0.001,-32.4,0,0.0006,0.00
13:18:19,22.25457436081235,84.87982499091868,-0.269,-30.384,1.37,-0.000,0.001,-32.4,0,0.0006,0.00
13:18:19,22.254574362261646,84.87982499099537,-0.269,-30.383,1.35,-0.000,0.002,-32.6,0,0.0007,0.00
13:18:19,22.254574363076234,84.87982499097747,-0.269,-30.383,1.35,-0.000,0.002,-33.0,0,0.0007,0.00
13:18:19,22.25457436471671,84.87982499104153,-0.269,-30.383,1.35,0.000,0.002,-33.0,0,0.0008,0.00
13:18:19,22.25457436580764,84.87982499105088,-0.269,-30.383,1.35,0.000,0.002,-33.2,0,0.0008,0.00
13:18:20,22.25457436689291,84.87982499106019,-0.269,-30.383,1.35,0.000,0.002,-33.4,0,0.0008,0.00
13:18:20,22.254574368862553,84.879824991116,-0.269,-30.383,1.35,0.000,0.003,-33.8,0,0.0009,0.00
13:18:20,22.254574370663306,84.87982499115968,-0.269,-30.382,1.35,0.000,0.003,-33.8,0,0.0009,0.00
13:18:20,22.25457437217426,84.87982499119018,-0.269,-30.382,1.35,0.000,0.003,-34.0,0,0.0009,0.00
13:18:20,22.254574373678153,84.87982499122053,-0.269,-30.382,1.35,0.000,0.003,-34.5,0,0.0009,0.00
13:18:20,22.25457437539861,84.8798249915827,-0.269,-30.382,1.32,0.000,0.003,-34.7,0,0.0009,0.00
13:18:20,22.254574376978702,84.87982499172169,-0.269,-30.382,1.32,0.000,0.003,-34.7,0,0.0009,0.00
13:18:20,22.254574378605803,84.87982499215947,-0.269,-30.382,1.32,0.000,0.004,-34.9,0,0.0009,0.00
13:18:20,22.254574380203575,84.87982499239692,-0.269,-30.381,1.32,0.000,0.004,-35.3,0,0.0009,0.00
13:18:20,22.254574381701612,84.87982499315056,-0.269,-30.381,1.28,0.001,0.003,-35.3,0,0.0009,0.00
13:18:20,22.254574383269716,84.87982499356292,-0.269,-30.381,1.28,0.001,0.003,-35.5,0,0.0009,0.00
13:18:20,22.254574384501275,84.87982499492183,-0.268,-30.381,1.28,0.002,0.003,-35.7,0,0.0009,0.00
13:18:20,22.254574385955994,84.87982499566112,-0.268,-30.381,1.28,0.002,0.003,-35.8,0,0.0009,0.00
13:18:20,22.25457438740349,84.87982499639674,-0.268,-30.381,1.28,0.002,0.003,-35.8,0,0.0009,0.00
13:18:20,22.254574388314268,84.87982499823019,-0.268,-30.381,1.28,0.002,0.003,-35.8,0,0.0008,0.00
13:18:20,22.254574388972348,84.87982499984103,-0.268,-30.380,1.28,0.003,0.002,-35.9,0,0.0007,0.00
13:18:20,22.25457439004782,84.87982500110752,-0.268,-30.380,1.28,0.003,0.002,-36.0,0,0.0007,0.00
13:18:20,22.254574391118876,84.87982500236879,-0.268,-30.380,1.28,0.003,0.002,-36.0,0,0.0007,0.00
13:18:20,22.254574391046756,84.87982500400219,-0.267,-30.380,1.25,0.003,0.002,-36.0,0,0.0007,0.00
13:18:20,22.254574391743493,84.8798250053861,-0.267,-30.380,1.25,0.003,0.002,-36.0,0,0.0007,0.00
13:18:21,22.254574391568752,84.87982500670299,-0.267,-30.380,1.25,0.003,0.001,-36.0,0,0.0006,0.00
13:18:21,22.254574391979663,84.87982500806761,-0.267,-30.380,1.25,0.003,0.001,-36.0,0,0.0006,0.00
13:18:21,22.254574392388726,84.8798250094261,-0.267,-30.380,1.25,0.003,0.001,-36.0,0,0.0000,0.00
13:18:21,22.25457439279898,84.87982501078855,-0.267,-30.380,1.22,0.003,0.001,-36.0,0,0.0000,0.00
13:18:21,22.2545743921135,84.87982501143439,-0.267,-30.380,1.22,0.002,0.000,-36.0,0,0.0006,0.00
13:18:21,22.25457439221651,84.87982501259714,-0.267,-30.380,1.22,0.002,0.000,-36.0,0,0.0006,0.00
13:18:21,22.25457439188387,84.87982501304205,-0.267,-30.380,1.22,0.002,-0.000,-36.0,0,0.0005,0.00
13:18:21,22.25457439186077,84.87982501399924,-0.266,-30.380,1.22,0.002,-0.000,-36.1,0,0.0005,0.00
13:18:21,22.254574391837735,84.87982501495362,-0.266,-30.380,1.22,0.002,-0.000,-36.1,0,0.0005,0.00
13:18:21,22.254574391626242,84.87982501503461,-0.266,-30.380,1.22,0.001,-0.000,-36.1,0,0.0005,0.00
13:18:21,22.254574391548395,84.87982501573912,-0.266,-30.380,1.22,0.001,-0.000,-36.1,0,0.0005,0.00
13:18:21,22.254574391490298,84.87982501562696,-0.266,-30.380,1.22,0.001,-0.000,-36.1,0,0.0004,0.00
13:18:21,22.254574391418362,84.87982501608454,-0.266,-30.380,1.21,0.001,-0.000,-36.1,0,0.0004,0.00
13:18:21,22.254574391394573,84.87982501604765,-0.266,-30.380,1.21,0.001,-0.000,-36.1,0,0.0004,0.00
13:18:21,22.254574391337922,84.87982501634748,-0.266,-30.380,1.21,0.001,-0.000,-36.1,0,0.0004,0.00
13:18:21,22.2545743912815,84.87982501664608,-0.266,-30.380,1.21,0.001,-0.000,-36.1,0,0.0004,0.00
13:18:21,22.254574391337684,84.87982501652155,-0.266,-30.380,1.20,0.000,-0.000,-36.1,0,0.0002,0.00
13:18:21,22.25457439132434,84.8798250166346,-0.266,-30.380,1.20,0.000,-0.000,-36.2,0,0.0002,0.00
13:18:21,22.254574391311046,84.87982501674723,-0.266,-30.380,1.20,0.000,-0.000,-36.2,0,0.0002,0.00
13:18:21,22.254574391288607,84.87982501677392,-0.266,-30.380,1.20,0.000,-0.000,-36.2,0,0.0002,0.00
13:18:22,22.254574391272243,84.87982501685924,-0.266,-30.380,1.20,0.000,-0.000,-36.2,0,0.0002,0.00
13:18:22,22.254574391235558,84.8798250168917,-0.266,-30.380,1.20,0.000,-0.000,-36.3,0,0.0003,0.00
13:18:22,22.254574391212447,84.87982501695991,-0.266,-30.380,1.20,0.000,-0.000,-36.3,0,0.0003,0.00
13:18:22,22.254574391171676,84.87982501698453,-0.266,-30.380,1.20,0.000,-0.000,-36.4,0,0.0002,0.00
13:18:22,22.254574391142643,84.87982501703799,-0.266,-30.380,1.19,0.000,-0.000,-36.4,0,0.0002,0.00
13:18:22,22.254574391122052,84.87982501704728,-0.266,-30.380,1.19,0.000,-0.000,-36.4,0,0.0002,0.00
13:18:22,22.25457439109586,84.87982501708562,-0.266,-30.380,1.19,0.000,-0.000,-36.4,0,0.0002,0.00
13:18:22,22.25457439109969,84.87982501707616,-0.266,-30.380,1.19,0.000,-0.000,-36.4,0,0.0003,0.00
13:18:22,22.254574391083953,84.87982501709786,-0.266,-30.380,1.18,0.000,-0.000,-36.4,0,0.0003,0.00
13:18:22,22.254574391068275,84.87982501711947,-0.266,-30.380,1.18,0.000,-0.000,-36.4,0,0.0003,0.00
13:18:22,22.25457439110539,84.87982501709139,-0.266,-30.380,1.18,0.000,0.000,-36.4,0,0.0003,0.00
13:18:22,22.254574391152506,84.87982501706882,-0.266,-30.380,1.18,-0.000,0.000,-36.4,0,0.0003,0.00
13:18:22,22.254574391169164,84.87982501706503,-0.266,-30.380,1.18,-0.000,0.000,-36.4,0,0.0003,0.00
13:18:22,22.254574391185745,84.87982501706125,-0.266,-30.380,1.18,-0.000,0.000,-36.4,0,0.0003,0.00
13:18:22,22.2545743912541,84.87982501703617,-0.266,-30.380,1.18,-0.000,0.000,-36.4,0,0.0003,0.00
13:18:22,22.2545743912878,84.87982501702535,-0.266,-30.380,1.18,-0.000,0.000,-36.6,0,0.0003,0.00
13:18:22,22.254574391321338,84.8798250170146,-0.266,-30.380,1.18,-0.000,0.000,-36.6,0,0.0000,0.00
13:18:22,22.25457439135493,84.87982501700382,-0.266,-30.380,1.18,-0.000,0.000,-36.7,0,0.0000,0.00
13:18:22,22.254574391637973,84.87982501688971,-0.266,-30.380,1.18,-0.000,0.000,-36.9,0,0.0004,0.00
13:18:22,22.254574391740263,84.87982501685049,-0.266,-30.380,1.18,-0.000,0.000,-37.2,0,0.0004,0.00
13:18:23,22.25457439203887,84.87982501665967,-0.266,-30.380,1.18,-0.000,0.000,-37.2,0,0.0007,0.00
13:18:23,22.254574392197405,84.87982501657709,-0.266,-30.380,1.19,-0.000,0.000,-37.3,0,0.0007,0.00
13:18:23,22.254574392355185,84.8798250164949,-0.266,-30.380,1.19,-0.000,0.000,-37.4,0,0.0007,0.00
13:18:23,22.254574392717124,84.87982501611246,-0.266,-30.380,1.19,-0.000,0.000,-37.6,0,0.0008,0.00
13:18:23,22.25457439293449,84.87982501594341,-0.266,-30.380,1.19,-0.000,0.000,-37.6,0,0.0008,0.00
13:18:23,22.254574393249197,84.87982501561216,-0.266,-30.380,1.19,-0.000,0.001,-37.7,0,0.0008,0.00
13:18:23,22.25457439349636,84.87982501539382,-0.266,-30.380,1.19,-0.000,0.001,-37.7,0,0.0008,0.00
13:18:23,22.25457444248771,84.87982497430356,-0.271,-30.374,1.19,-0.027,0.035,-37.7,0,0.0010,0.00
13:18:23,22.25457445834974,84.87982496099215,-0.272,-30.373,1.19,-0.027,0.035,-37.7,0,0.0010,0.00
13:18:23,22.254574535058598,84.87982489671462,-0.279,-30.364,1.19,-0.062,0.080,-37.7,0,0.0018,0.00
13:18:23,22.254574571447087,84.87982486620983,-0.282,-30.360,1.20,-0.062,0.080,-37.7,0,0.0018,0.00
13:18:23,22.25457460752785,84.879824835963,-0.285,-30.356,1.20,-0.062,0.080,-37.7,0,0.0018,0.00
13:18:23,22.2545747975959,84.87982467851346,-0.301,-30.335,1.20,-0.143,0.186,-37.3,0,0.0038,0.00
13:18:23,22.25457488232003,84.87982460808202,-0.308,-30.326,1.20,-0.143,0.186,-36.9,0,0.0038,0.00
13:18:23,22.254575099685873,84.87982443455611,-0.326,-30.301,1.20,-0.210,0.279,-36.4,0,0.0049,0.00
13:18:23,22.254575226788692,84.87982433117747,-0.337,-30.287,1.20,-0.210,0.279,-36.4,0,0.0049,0.00
13:18:23,22.254575433445165,84.87982416741113,-0.354,-30.264,1.20,-0.251,0.337,-36.2,0,0.0051,0.00
13:18:23,22.25457558694144,84.87982404398555,-0.366,-30.247,1.20,-0.251,0.337,-36.1,0,0.0051,0.00
13:18:23,22.254575766156073,84.87982390311822,-0.381,-30.227,1.20,-0.263,0.357,-36.1,0,0.0050,0.00
13:18:24,22.254575928656124,84.87982377354678,-0.394,-30.209,1.20,-0.263,0.357,-36.0,0,0.0050,0.00
13:18:24,22.254576120364906,84.87982362401516,-0.410,-30.188,1.20,-0.278,0.379,-35.9,0,0.0052,0.00
13:18:24,22.254576292877633,84.87982348760188,-0.424,-30.169,1.20,-0.278,0.379,-35.9,0,0.0052,0.00
13:18:24,22.254576479355414,84.87982334239456,-0.439,-30.148,1.20,-0.284,0.391,-35.9,0,0.0051,0.00
13:18:24,22.254576656641294,84.8798232029847,-0.453,-30.128,1.19,-0.284,0.391,-35.9,0,0.0051,0.00
13:18:24,22.254576861161826,84.87982304319767,-0.469,-30.105,1.19,-0.299,0.412,-35.9,0,0.0055,0.00
13:18:24,22.25457704831641,84.87982289638963,-0.485,-30.084,1.19,-0.299,0.412,-35.9,0,0.0055,0.00
13:18:24,22.254577234464183,84.87982275037133,-0.500,-30.064,1.19,-0.299,0.412,-35.9,0,0.0055,0.00
13:18:24,22.25457745824651,84.87982257505003,-0.518,-30.039,1.19,-0.318,0.438,-35.9,0,0.0059,0.00
13:18:24,22.254577657696707,84.87982241866678,-0.534,-30.017,1.18,-0.318,0.438,-36.0,0,0.0059,0.00
13:18:24,22.25457787457858,84.87982224790724,-0.551,-29.992,1.18,-0.328,0.451,-36.0,0,0.0060,0.00
13:18:24,22.254578079768685,84.87982208679692,-0.568,-29.970,1.18,-0.328,0.451,-36.2,0,0.0060,0.00
13:18:24,22.254578284434945,84.8798219260979,-0.585,-29.947,1.18,-0.328,0.451,-36.3,0,0.0000,0.00
13:18:24,22.25457848884992,84.87982176559619,-0.601,-29.924,1.18,-0.328,0.451,-36.5,0,0.0000,0.00
13:18:24,22.254578737701536,84.87982156325698,-0.622,-29.896,1.18,-0.351,0.478,-36.5,0,0.0064,0.00
13:18:24,22.254578954722234,84.87982139094431,-0.640,-29.872,1.18,-0.351,0.478,-36.5,0,0.0064,0.00
13:18:24,22.25457920230196,84.87982118952019,-0.660,-29.845,1.18,-0.368,0.498,-36.7,0,0.0065,0.00
13:18:24,22.254579427935642,84.87982100899292,-0.679,-29.820,1.18,-0.368,0.498,-36.7,0,0.0065,0.00
13:18:24,22.254579658452897,84.87982082171926,-0.698,-29.794,1.17,-0.373,0.501,-36.7,0,0.0064,0.00
13:18:24,22.25457988603561,84.87982063876906,-0.717,-29.769,1.17,-0.373,0.501,-36.8,0,0.0064,0.00
13:18:25,22.254580112690654,84.87982045656459,-0.736,-29.743,1.17,-0.373,0.501,-36.8,0,0.0064,0.00
13:18:25,22.254580355442233,84.87982025863698,-0.756,-29.716,1.17,-0.382,0.512,-36.8,0,0.0066,0.00
13:18:25,22.254580587433555,84.87982007131264,-0.776,-29.690,1.16,-0.382,0.512,-36.9,0,0.0066,0.00
13:18:25,22.25458080459494,84.87981989366392,-0.794,-29.666,1.16,-0.377,0.502,-37.0,0,0.0063,0.00
13:18:25,22.254581032135164,84.87981970922887,-0.813,-29.641,1.16,-0.377,0.502,-37.0,0,0.0063,0.00
13:18:25,22.25458126745692,84.87981951680139,-0.833,-29.615,1.16,-0.383,0.508,-37.0,0,0.0065,0.00
13:18:25,22.254581498293334,84.87981932915261,-0.852,-29.589,1.16,-0.383,0.508,-37.2,0,0.0065,0.00
13:18:25,22.25458173328891,84.87981913511858,-0.872,-29.563,1.16,-0.387,0.512,-37.3,0,0.0065,0.00
13:18:25,22.25458196630198,84.8798189446987,-0.892,-29.537,1.16,-0.387,0.512,-37.3,0,0.0065,0.00
13:18:25,22.254582197389578,84.87981875585231,-0.911,-29.511,1.16,-0.387,0.512,-37.3,0,0.0065,0.00
13:18:25,22.254582429071483,84.87981856652026,-0.931,-29.485,1.16,-0.387,0.512,-37.4,0,0.0065,0.00
13:18:25,22.254582660731458,84.87981837720613,-0.950,-29.460,1.16,-0.387,0.512,-37.4,0,0.0065,0.00
13:18:25,22.25458289229275,84.87981818797265,-0.970,-29.434,1.16,-0.387,0.512,-37.4,0,0.0065,0.00
13:18:25,22.25458312337815,84.87981799912805,-0.989,-29.408,1.16,-0.387,0.512,-37.6,0,0.0065,0.00
13:18:25,22.254583354974528,84.8798178098659,-1.009,-29.382,1.16,-0.387,0.512,-37.6,0,0.0065,0.00
13:18:25,22.254583598233715,84.87981759838866,-1.030,-29.355,1.16,-0.396,0.517,-37.7,0,0.0067,0.00
13:18:25,22.25458383267902,84.87981740436162,-1.050,-29.329,1.16,-0.396,0.517,-37.7,0,0.0067,0.00
13:18:25,22.254584066365805,84.87981721096234,-1.070,-29.303,1.16,-0.396,0.517,-37.7,0,0.0079,0.00
13:18:25,22.25458430073692,84.87981701699671,-1.090,-29.277,1.16,-0.396,0.517,-37.8,0,0.0079,0.00
13:18:25,22.254584550561283,84.87981680444582,-1.112,-29.249,1.16,-0.404,0.524,-37.8,0,0.0068,0.00
13:18:26,22.254584788237572,84.87981660660009,-1.133,-29.223,1.16,-0.404,0.524,-37.8,0,0.0068,0.00
13:18:26,22.254585038790786,84.87981639626729,-1.154,-29.195,1.16,-0.410,0.531,-37.8,0,0.0069,0.00
13:18:26,22.254585279858052,84.87981619520218,-1.175,-29.168,1.16,-0.410,0.531,-37.8,0,0.0069,0.00
13:18:26,22.254585519882717,84.87981599500667,-1.196,-29.141,1.16,-0.410,0.531,-37.8,0,0.0069,0.00
13:18:26,22.254585784871402,84.87981577257003,-1.219,-29.112,1.16,-0.421,0.545,-37.9,0,0.0070,0.00
13:18:26,22.2545860322476,84.87981556588488,-1.240,-29.084,1.16,-0.421,0.545,-37.8,0,0.0070,0.00
13:18:26,22.254586278762446,84.8798153599194,-1.261,-29.057,1.16,-0.421,0.545,-37.8,0,0.0000,0.00
13:18:26,22.254586525293632,84.87981515394027,-1.282,-29.029,1.16,-0.421,0.545,-37.8,0,0.0000,0.00
13:18:26,22.254586773038458,84.87981494875855,-1.303,-29.002,1.16,-0.421,0.546,-37.7,0,0.0069,0.00
13:18:26,22.254587020460818,84.87981474247758,-1.325,-28.974,1.16,-0.421,0.546,-37.7,0,0.0069,0.00
13:18:26,22.254587226726912,84.87981447930697,-1.352,-28.951,1.16,-0.452,0.522,-37.7,0,0.0069,0.00
13:18:26,22.2545874634656,84.87981425803093,-1.375,-28.925,1.16,-0.452,0.522,-37.6,0,0.0069,0.00
13:18:26,22.2545877069495,84.87981407171591,-1.394,-28.898,1.16,-0.431,0.527,-37.6,0,0.0069,0.00
13:18:26,22.254587946450794,84.87981385980788,-1.416,-28.871,1.16,-0.431,0.527,-37.5,0,0.0069,0.00
13:18:26,22.254588162226387,84.87981361478316,-1.441,-28.847,1.16,-0.452,0.511,-37.5,0,0.0069,0.00
13:18:26,22.25458839499643,84.87981339192153,-1.464,-28.821,1.16,-0.452,0.511,-37.5,0,0.0069,0.00
13:18:26,22.25458862659642,84.87981317018014,-1.487,-28.796,1.16,-0.452,0.511,-37.4,0,0.0069,0.00
13:18:26,22.254588905841807,84.87981296190588,-1.508,-28.764,1.16,-0.444,0.542,-37.4,0,0.0072,0.00
13:18:26,22.254589152187812,84.87981274391564,-1.531,-28.737,1.16,-0.444,0.542,-37.4,0,0.0072,0.00
13:18:26,22.254589391969006,84.8798125548692,-1.550,-28.710,1.16,-0.427,0.539,-37.4,0,0.0070,0.00
13:18:27,22.254589636549344,84.87981234559707,-1.572,-28.683,1.16,-0.427,0.539,-37.4,0,0.0070,0.00
13:18:27,22.25458988385771,84.87981214573819,-1.592,-28.656,1.16,-0.421,0.541,-37.4,0,0.0071,0.00
13:18:27,22.254590128967674,84.87981193979087,-1.613,-28.628,1.16,-0.421,0.541,-37.4,0,0.0071,0.00
13:18:27,22.254590382411738,84.8798117331693,-1.635,-28.600,1.17,-0.422,0.548,-37.4,0,0.0070,0.00
13:18:27,22.25459063116003,84.87981152627347,-1.656,-28.572,1.17,-0.422,0.548,-37.4,0,0.0070,0.00
13:18:27,22.25459087924663,84.8798113233913,-1.677,-28.545,1.17,-0.419,0.548,-37.4,0,0.0070,0.00
13:18:27,22.254591127357184,84.87981111819997,-1.698,-28.517,1.17,-0.419,0.548,-37.4,0,0.0070,0.00
13:18:27,22.254591398071117,84.87981089677172,-1.721,-28.487,1.17,-0.431,0.565,-37.3,0,0.0074,0.00
13:18:27,22.25459165463233,84.87981068543658,-1.743,-28.458,1.17,-0.431,0.565,-37.3,0,0.0074,0.00
13:18:27,22.254591910058267,84.8798104750366,-1.764,-28.430,1.17,-0.431,0.565,-37.3,0,0.0074,0.00
13:18:27,22.25459214444417,84.87981028406463,-1.784,-28.404,1.17,-0.418,0.550,-37.3,0,0.0070,0.00
13:18:27,22.254592394449958,84.87981007879308,-1.805,-28.376,1.17,-0.418,0.550,-37.3,0,0.0070,0.00
13:18:27,22.254592623437457,84.87980978931124,-1.835,-28.351,1.17,-0.473,0.536,-37.3,0,0.0076,0.00
13:18:27,22.25459286672055,84.8798095573635,-1.859,-28.324,1.17,-0.473,0.536,-37.3,0,0.0076,0.00
13:18:27,22.254593089945995,84.87980931647014,-1.884,-28.299,1.17,-0.480,0.522,-37.2,0,0.0071,0.00
13:18:27,22.25459332703298,84.87980908124885,-1.908,-28.272,1.17,-0.480,0.522,-37.1,0,0.0071,0.00
13:18:27,22.2545935589593,84.87980884006319,-1.933,-28.246,1.18,-0.484,0.519,-37.0,0,0.0073,0.00
13:18:27,22.254593794837294,84.87980860231826,-1.957,-28.220,1.18,-0.484,0.519,-37.0,0,0.0073,0.00
13:18:27,22.254594048312413,84.87980841354963,-1.977,-28.192,1.18,-0.451,0.533,-36.9,0,0.0071,0.00
13:18:28,22.254594290506585,84.87980819220957,-2.000,-28.165,1.18,-0.451,0.533,-36.8,0,0.0071,0.00
13:18:28,22.254594560959525,84.87980798246421,-2.021,-28.135,1.18,-0.444,0.555,-36.8,0,0.0074,0.00
13:18:28,22.2545948135763,84.87980776451721,-2.044,-28.107,1.18,-0.444,0.555,-36.8,0,0.0000,0.00
13:18:28,22.254595065746937,84.87980754695512,-2.066,-28.079,1.18,-0.444,0.555,-36.7,0,0.0000,0.00
13:18:28,22.254595329278512,84.87980734398062,-2.087,-28.049,1.18,-0.435,0.564,-36.7,0,0.0073,0.00
13:18:28,22.254595585364793,84.87980713075214,-2.109,-28.021,1.18,-0.435,0.564,-36.7,0,0.0073,0.00
13:18:28,22.254595835840682,84.87980693302353,-2.129,-27.993,1.18,-0.425,0.560,-36.7,0,0.0069,0.00
13:18:28,22.25459609080201,84.87980672417471,-2.151,-27.965,1.18,-0.425,0.560,-36.7,0,0.0069,0.00
13:18:28,22.254596344428922,84.87980652205908,-2.172,-27.936,1.18,-0.421,0.560,-36.7,0,0.0072,0.00
13:18:28,22.254596599697994,84.87980631480846,-2.193,-27.908,1.18,-0.421,0.560,-36.7,0,0.0072,0.00
13:18:28,22.254596881068036,84.87980608963521,-2.216,-27.877,1.19,-0.434,0.581,-36.7,0,0.0076,0.00
13:18:28,22.254597145408255,84.87980587611816,-2.238,-27.847,1.19,-0.434,0.581,-36.7,0,0.0076,0.00
13:18:28,22.254597406350424,84.87980566714016,-2.260,-27.818,1.19,-0.432,0.579,-36.7,0,0.0072,0.00
13:18:28,22.25459766989851,84.87980545487547,-2.282,-27.789,1.19,-0.432,0.579,-36.7,0,0.0072,0.00
13:18:28,22.254597931988442,84.87980524378519,-2.303,-27.760,1.19,-0.432,0.579,-36.6,0,0.0072,0.00
13:18:28,22.254598183421116,84.87980504293564,-2.324,-27.732,1.19,-0.425,0.572,-36.6,0,0.0072,0.00
13:18:28,22.254598469473656,84.87980481393745,-2.348,-27.700,1.19,-0.438,0.590,-36.6,0,0.0079,0.00
13:18:28,22.254598737853474,84.8798045985904,-2.370,-27.670,1.19,-0.438,0.590,-36.6,0,0.0079,0.00
13:18:28,22.254599005250945,84.87980438403156,-2.392,-27.640,1.19,-0.438,0.590,-36.6,0,0.0079,0.00
13:18:28,22.254599275884402,84.87980416765112,-2.414,-27.610,1.19,-0.440,0.593,-36.6,0,0.0076,0.00
13:18:29,22.25459954572461,84.87980395138351,-2.436,-27.580,1.19,-0.440,0.593,-36.6,0,0.0076,0.00
13:18:29,22.25459981254669,84.87980373775561,-2.458,-27.550,1.19,-0.439,0.591,-36.6,0,0.0074,0.00
13:18:29,22.2546000813243,84.87980352241117,-2.481,-27.520,1.19,-0.439,0.591,-36.5,0,0.0074,0.00
13:18:29,22.254600357186114,84.87980330165657,-2.503,-27.490,1.19,-0.443,0.597,-36.5,0,0.0076,0.00
13:18:29,22.254600628236062,84.87980308457952,-2.526,-27.460,1.20,-0.443,0.597,-36.5,0,0.0076,0.00
13:18:29,22.254600898844807,84.87980286785584,-2.548,-27.429,1.20,-0.443,0.597,-36.5,0,0.0076,0.00
13:18:29,22.25460117290711,84.87980264932806,-2.571,-27.399,1.20,-0.444,0.599,-36.5,0,0.0076,0.00
13:18:29,22.254601445231494,84.87980243152887,-2.593,-27.369,1.20,-0.444,0.599,-36.5,0,0.0076,0.00
13:18:29,22.25460171814071,84.87980221397673,-2.615,-27.338,1.20,-0.444,0.601,-36.4,0,0.0077,0.00
13:18:29,22.254601991590743,84.87980199550209,-2.638,-27.308,1.20,-0.444,0.601,-36.4,0,0.0077,0.00
13:18:29,22.254602246120694,84.87980179362589,-2.659,-27.279,1.20,-0.434,0.588,-36.3,0,0.0072,0.00
13:18:29,22.25460251352432,84.87980158046358,-2.681,-27.250,1.20,-0.434,0.588,-36.3,0,0.0072,0.00
13:18:29,22.254602766157525,84.87980138011993,-2.701,-27.222,1.20,-0.426,0.579,-36.3,0,0.0072,0.00
13:18:29,22.254603028858725,84.87980117105502,-2.723,-27.192,1.20,-0.426,0.579,-36.3,0,0.0072,0.00
13:18:29,22.25460329145335,84.87980096207492,-2.744,-27.163,1.20,-0.426,0.579,-36.3,0,0.0072,0.00
13:18:29,22.25460356450035,84.87980074622757,-2.767,-27.133,1.20,-0.431,0.587,-36.3,0,0.0075,0.00
13:18:29,22.25460383626378,84.87980053067525,-2.789,-27.102,1.20,-0.434,0.590,-36.3,0,0.0076,0.00
13:18:29,22.254604104864196,84.87980031745849,-2.811,-27.072,1.20,-0.434,0.590,-36.4,0,0.0000,0.00
13:18:29,22.25460437286645,84.87980010471655,-2.833,-27.043,1.20,-0.434,0.590,-36.3,0,0.0000,0.00
13:18:29,22.254604629352087,84.87979990055724,-2.854,-27.014,1.20,-0.428,0.582,-36.3,0,0.0073,0.00
13:18:30,22.2546048944237,84.879799689961,-2.876,-26.985,1.20,-0.428,0.582,-36.4,0,0.0073,0.00
13:18:30,22.25460514616466,84.87979948958485,-2.896,-26.957,1.21,-0.422,0.573,-36.4,0,0.0072,0.00
13:18:30,22.254605407134907,84.87979928212697,-2.918,-26.928,1.21,-0.422,0.573,-36.4,0,0.0072,0.00
13:18:30,22.254605691045633,84.8797990562496,-2.941,-26.896,1.21,-0.435,0.591,-36.4,0,0.0078,0.00
13:18:30,22.254605959189558,84.87979884302848,-2.963,-26.866,1.21,-0.435,0.591,-36.3,0,0.0078,0.00
13:18:30,22.254606235943776,84.87979862284178,-2.985,-26.835,1.21,-0.440,0.598,-36.3,0,0.0078,0.00
13:18:30,22.254606508026857,84.87979840644807,-3.008,-26.805,1.21,-0.440,0.598,-36.4,0,0.0078,0.00
13:18:30,22.25460675112349,84.87979814289443,-3.035,-26.778,1.21,-0.474,0.577,-36.4,0,0.0077,0.00
13:18:30,22.254607014275216,84.8797979094813,-3.059,-26.749,1.21,-0.474,0.577,-36.4,0,0.0077,0.00
13:18:30,22.254607275910768,84.879797677413,-3.083,-26.719,1.21,-0.474,0.577,-36.4,0,0.0077,0.00
13:18:30,22.254607535508356,84.87979748483639,-3.103,-26.691,1.21,-0.449,0.576,-36.4,0,0.0075,0.00
13:18:30,22.254607797545642,84.87979726430417,-3.125,-26.661,1.21,-0.449,0.576,-36.5,0,0.0075,0.00
13:18:30,22.254608067921737,84.87979705416083,-3.147,-26.631,1.21,-0.443,0.583,-36.5,0,0.0074,0.00
13:18:30,22.254608333106624,84.87979683650245,-3.169,-26.602,1.21,-0.443,0.583,-36.5,0,0.0074,0.00
13:18:30,22.254608590389463,84.87979663357422,-3.190,-26.573,1.21,-0.434,0.578,-36.5,0,0.0075,0.00
13:18:30,22.2546088531908,84.87979642056592,-3.212,-26.544,1.21,-0.434,0.578,-36.6,0,0.0075,0.00
13:18:30,22.254609116876374,84.87979621079319,-3.234,-26.515,1.21,-0.432,0.580,-36.6,0,0.0073,0.00
13:18:30,22.25460938044574,84.87979599848815,-3.256,-26.485,1.21,-0.432,0.580,-36.6,0,0.0073,0.00
13:18:30,22.25460964358499,84.87979578875876,-3.277,-26.456,1.21,-0.431,0.580,-36.5,0,0.0074,0.00
13:18:30,22.254609907625703,84.87979557683508,-3.299,-26.427,1.21,-0.431,0.580,-36.5,0,0.0074,0.00
13:18:31,22.25461016085338,84.87979537696617,-3.320,-26.398,1.21,-0.423,0.573,-36.3,0,0.0073,0.00
13:18:31,22.25461042110253,84.8797951692475,-3.341,-26.369,1.21,-0.423,0.573,-36.3,0,0.0073,0.00
13:18:31,22.254610679817723,84.87979496275317,-3.363,-26.341,1.21,-0.423,0.573,-36.2,0,0.0073,0.00
13:18:31,22.25461090144614,84.87979470948748,-3.389,-26.316,1.21,-0.453,0.546,-36.2,0,0.0073,0.00
13:18:31,22.25461113732101,84.87979446317478,-3.414,-26.290,1.21,-0.469,0.537,-36.2,0,0.0074,0.00
13:18:31,22.254611381311346,84.87979423306564,-3.438,-26.262,1.21,-0.469,0.537,-36.1,0,0.0074,0.00
13:18:31,22.25461162445538,84.87979400375465,-3.461,-26.235,1.21,-0.469,0.537,-36.1,0,0.0074,0.00
13:18:31,22.254611915579304,84.87979379418022,-3.483,-26.203,1.21,-0.456,0.571,-36.2,0,0.0077,0.00
13:18:31,22.254612175333776,84.8797935702894,-3.506,-26.174,1.20,-0.456,0.571,-36.2,0,0.0077,0.00
13:18:31,22.254612453618925,84.87979335846664,-3.528,-26.143,1.20,-0.448,0.585,-36.2,0,0.0076,0.00
13:18:31,22.25461272033086,84.8797931377029,-3.551,-26.113,1.20,-0.448,0.585,-36.3,0,0.0076,0.00
13:18:31,22.25461298510084,84.87979291854656,-3.573,-26.084,1.20,-0.448,0.585,-36.3,0,0.0000,0.00
13:18:31,22.254613250140366,84.87979269916711,-3.596,-26.054,1.20,-0.448,0.585,-36.4,0,0.0000,0.00
13:18:31,22.254613401166083,84.87979258799393,-3.607,-26.038,1.20,-0.387,0.516,-36.4,0,0.0063,0.00
13:18:31,22.254613636211452,84.87979239728983,-3.627,-26.011,1.20,-0.387,0.516,-36.4,0,0.0063,0.00
13:18:31,22.254613909279012,84.87979218319165,-3.649,-25.981,1.20,-0.402,0.541,-36.4,0,0.0072,0.00
13:18:31,22.254614154509873,84.87979198634683,-3.669,-25.954,1.20,-0.402,0.541,-36.4,0,0.0072,0.00
13:18:31,22.254614399201074,84.8797917899352,-3.689,-25.927,1.20,-0.402,0.541,-36.5,0,0.0072,0.00
13:18:31,22.254614681561065,84.87979156411154,-3.713,-25.895,1.20,-0.419,0.564,-36.6,0,0.0074,0.00
13:18:32,22.25461492938627,84.87979136580984,-3.733,-25.867,1.20,-0.414,0.559,-36.6,0,0.0070,0.00
13:18:32,22.25461518328911,84.8797911623588,-3.754,-25.839,1.20,-0.414,0.559,-36.8,0,0.0070,0.00
13:18:32,22.254615436157035,84.87979095973704,-3.775,-25.811,1.20,-0.414,0.559,-36.8,0,0.0070,0.00
13:18:32,22.254615694099414,84.8797906360364,-3.808,-25.782,1.20,-0.492,0.562,-36.8,0,0.0081,0.00
13:18:32,22.254615949010365,84.87979039524595,-3.833,-25.754,1.20,-0.492,0.562,-36.9,0,0.0081,0.00
13:18:32,22.25461621798988,84.87979019204778,-3.854,-25.724,1.20,-0.468,0.573,-37.1,0,0.0073,0.00
13:18:32,22.254616477646632,84.87978996292422,-3.878,-25.695,1.20,-0.468,0.573,-37.1,0,0.0073,0.00
13:18:32,22.25461672977981,84.87978976385439,-3.898,-25.667,1.20,-0.448,0.568,-37.1,0,0.0074,0.00
13:18:32,22.25461698706699,84.87978954449159,-3.921,-25.638,1.20,-0.448,0.568,-37.3,0,0.0074,0.00
13:18:32,22.254617228375867,84.87978934876404,-3.941,-25.612,1.20,-0.432,0.556,-37.3,0,0.0071,0.00
13:18:32,22.25461748035934,84.87978913728452,-3.963,-25.584,1.20,-0.432,0.556,-37.4,0,0.0071,0.00
13:18:32,22.254617742529224,84.87978892220275,-3.985,-25.554,1.21,-0.435,0.564,-37.4,0,0.0076,0.00
13:18:32,22.254617998245095,84.87978870927904,-4.007,-25.526,1.21,-0.435,0.564,-37.4,0,0.0076,0.00
13:18:32,22.25461826120954,84.8797884932167,-4.029,-25.497,1.21,-0.437,0.570,-37.3,0,0.0074,0.00
13:18:32,22.25461851966558,84.87978827900922,-4.051,-25.468,1.21,-0.437,0.570,-37.3,0,0.0074,0.00
13:18:32,22.254618757906545,84.87978808339709,-4.071,-25.441,1.21,-0.425,0.555,-37.3,0,0.0071,0.00
13:18:32,22.25461901005422,84.87978787505662,-4.093,-25.413,1.21,-0.425,0.555,-37.2,0,0.0071,0.00
13:18:32,22.254619261484695,84.87978766730875,-4.114,-25.385,1.21,-0.425,0.555,-37.1,0,0.0071,0.00
13:18:32,22.254619519572238,84.8797874573197,-4.136,-25.357,1.21,-0.426,0.560,-37.1,0,0.0073,0.00
13:18:32,22.254619773971243,84.87978724815366,-4.157,-25.328,1.21,-0.426,0.560,-37.0,0,0.0073,0.00
13:18:33,22.254620023018482,84.87978704736732,-4.178,-25.300,1.21,-0.421,0.557,-36.9,0,0.0072,0.00
13:18:33,22.254620275974826,84.87978684065368,-4.199,-25.272,1.21,-0.421,0.557,-36.9,0,0.0072,0.00
13:18:33,22.25462052797231,84.8797866347236,-4.221,-25.244,1.21,-0.421,0.557,-36.9,0,0.0057,0.00
13:18:33,22.254620779564306,84.87978642912489,-4.242,-25.216,1.21,-0.421,0.557,-36.9,0,0.0057,0.00
13:18:33,22.25462104462475,84.87978621503851,-4.264,-25.187,1.21,-0.425,0.564,-36.9,0,0.0072,0.00
13:18:33,22.254621301326456,84.87978600595783,-4.285,-25.158,1.22,-0.425,0.564,-36.9,0,0.0072,0.00
13:18:33,22.254621557922118,84.87978579695968,-4.307,-25.130,1.22,-0.426,0.565,-37.0,0,0.0073,0.00
13:18:33,22.254621814535543,84.87978558794981,-4.328,-25.101,1.22,-0.426,0.565,-37.0,0,0.0073,0.00
13:18:33,22.254622062022435,84.8797853877303,-4.349,-25.073,1.22,-0.421,0.560,-36.9,0,0.0073,0.00
13:18:33,22.254622315962184,84.87978518130942,-4.370,-25.045,1.23,-0.421,0.560,-36.9,0,0.0000,0.00
13:18:33,22.25462256976889,84.87978497499671,-4.392,-25.017,1.23,-0.421,0.560,-36.8,0,0.0000,0.00
13:18:33,22.254622819702334,84.87978477282222,-4.412,-24.989,1.23,-0.419,0.557,-36.8,0,0.0071,0.00
13:18:33,22.254623072940984,84.8797845672662,-4.434,-24.961,1.23,-0.419,0.557,-36.8,0,0.0071,0.00
13:18:33,22.254623319589268,84.87978436691837,-4.454,-24.933,1.23,-0.416,0.554,-36.9,0,0.0072,0.00
13:18:33,22.25462357178245,84.87978416216758,-4.475,-24.905,1.23,-0.416,0.554,-36.9,0,0.0072,0.00
13:18:33,22.254623822886515,84.87978395768727,-4.496,-24.877,1.23,-0.417,0.555,-36.9,0,0.0069,0.00
13:18:33,22.254624074937237,84.87978375285526,-4.517,-24.849,1.23,-0.417,0.555,-37.0,0,0.0069,0.00
13:18:33,22.254624319509606,84.8797835530904,-4.538,-24.822,1.23,-0.414,0.550,-37.0,0,0.0070,0.00
13:18:33,22.25462456996788,84.8797833492164,-4.559,-24.794,1.23,-0.414,0.550,-37.0,0,0.0070,0.00
13:18:33,22.254624824800903,84.87978314169241,-4.580,-24.766,1.23,-0.418,0.555,-37.0,0,0.0073,0.00
13:18:34,22.254625077017387,84.87978293635705,-4.602,-24.738,1.23,-0.418,0.555,-37.0,0,0.0073,0.00
13:18:34,22.25462532123483,84.87978273758415,-4.622,-24.711,1.23,-0.414,0.550,-37.0,0,0.0072,0.00
13:18:34,22.25462557106285,84.87978253421056,-4.643,-24.683,1.23,-0.414,0.550,-36.9,0,0.0072,0.00
13:18:34,22.25462581993622,84.87978233161411,-4.664,-24.655,1.23,-0.414,0.550,-36.8,0,0.0072,0.00
13:18:34,22.254626080918054,84.87978212058069,-4.686,-24.626,1.23,-0.420,0.558,-36.8,0,0.0072,0.00
13:18:34,22.254626334209,84.87978191483643,-4.707,-24.598,1.23,-0.420,0.558,-36.8,0,0.0072,0.00
13:18:34,22.254626592309194,84.8797817054145,-4.728,-24.569,1.23,-0.422,0.562,-36.9,0,0.0072,0.00
13:18:34,22.254626847024223,84.87978149858596,-4.750,-24.541,1.23,-0.422,0.562,-36.9,0,0.0072,0.00
13:18:34,22.2546271015806,84.8797812919037,-4.771,-24.512,1.23,-0.422,0.562,-36.9,0,0.0073,0.00
13:18:34,22.254627356320544,84.87978108506061,-4.792,-24.484,1.23,-0.422,0.562,-37.0,0,0.0073,0.00
13:18:34,22.254627599040976,84.87978088645853,-4.813,-24.457,1.23,-0.417,0.554,-37.1,0,0.0072,0.00
13:18:34,22.25462785005761,84.87978068212963,-4.834,-24.429,1.23,-0.417,0.554,-37.1,0,0.0072,0.00
13:18:34,22.25462811764198,84.87978046346507,-4.856,-24.399,1.23,-0.428,0.567,-37.1,0,0.0074,0.00
13:18:34,22.25462837506793,84.87978025362881,-4.878,-24.371,1.23,-0.428,0.567,-37.0,0,0.0074,0.00
13:18:34,22.254628631304097,84.87978004476238,-4.900,-24.342,1.23,-0.428,0.567,-37.0,0,0.0074,0.00
13:18:34,22.254628882581702,84.87977984000266,-4.921,-24.314,1.23,-0.425,0.563,-37.0,0,0.0072,0.00
13:18:34,22.25462913484742,84.87977963450095,-4.942,-24.286,1.23,-0.423,0.561,-37.0,0,0.0071,0.00
13:18:34,22.25462938951415,84.87977942696992,-4.963,-24.258,1.23,-0.423,0.561,-37.0,0,0.0071,0.00
13:18:34,22.254629643485075,84.8797792200059,-4.984,-24.230,1.23,-0.423,0.561,-37.0,0,0.0071,0.00
13:18:34,22.25462987681583,84.87977902956422,-5.004,-24.204,1.23,-0.412,0.547,-37.0,0,0.0069,0.00
13:18:35,22.254630124951873,84.87977882725866,-5.025,-24.176,1.23,-0.412,0.547,-37.1,0,0.0069,0.00
13:18:35,22.25463036873552,84.8797786258883,-5.046,-24.149,1.23,-0.412,0.544,-37.2,0,0.0070,0.00
13:18:35,22.25463061606121,84.87977842339374,-5.067,-24.121,1.23,-0.412,0.544,-37.2,0,0.0070,0.00
13:18:35,22.254630846407206,84.87977823306151,-5.086,-24.096,1.23,-0.405,0.533,-37.3,0,0.0068,0.00
13:18:35,22.254631088458922,84.87977803430647,-5.107,-24.069,1.23,-0.405,0.533,-37.3,0,0.0068,0.00
13:18:35,22.25463133131951,84.87977783434818,-5.127,-24.042,1.23,-0.406,0.534,-37.3,0,0.0070,0.00
13:18:35,22.25463157379988,84.8797776350585,-5.148,-24.015,1.23,-0.406,0.534,-37.3,0,0.0000,0.00
13:18:35,22.254631835339012,84.87977741974038,-5.170,-23.986,1.23,-0.418,0.549,-37.3,0,0.0071,0.00
13:18:35,22.254632085217686,84.87977721424481,-5.191,-23.958,1.23,-0.418,0.549,-37.3,0,0.0071,0.00
13:18:35,22.254632333910973,84.8797770097241,-5.212,-23.930,1.23,-0.418,0.549,-37.3,0,0.0071,0.00
13:18:35,22.254632582637186,84.87977680517629,-5.233,-23.902,1.23,-0.418,0.549,-37.3,0,0.0071,0.00
13:18:35,22.254632831162308,84.87977660079387,-5.254,-23.875,1.23,-0.418,0.549,-37.4,0,0.0071,0.00
13:18:35,22.25463308046475,84.8797763957722,-5.275,-23.847,1.23,-0.418,0.549,-37.4,0,0.0071,0.00
13:18:35,22.254633329500248,84.87977619097005,-5.297,-23.819,1.23,-0.418,0.549,-37.4,0,0.0071,0.00
13:18:35,22.25463357850752,84.8797759861911,-5.318,-23.791,1.23,-0.418,0.549,-37.4,0,0.0071,0.00
13:18:35,22.25463379216626,84.8797758066734,-5.336,-23.768,1.23,-0.408,0.534,-37.4,0,0.0067,0.00
13:18:35,22.254634035598357,84.87977560574268,-5.357,-23.741,1.23,-0.408,0.534,-37.4,0,0.0067,0.00
13:18:35,22.254634287274186,84.87977539776418,-5.378,-23.713,1.23,-0.412,0.539,-37.4,0,0.0067,0.00
13:18:35,22.254634531961376,84.87977519574609,-5.399,-23.685,1.23,-0.412,0.539,-37.4,0,0.0067,0.00
13:18:36,22.254634765618682,84.87977500293769,-5.419,-23.659,1.23,-0.407,0.533,-37.4,0,0.0068,0.00
13:18:36,22.25463500778576,84.87977480302573,-5.440,-23.632,1.23,-0.407,0.533,-37.3,0,0.0068,0.00
13:18:36,22.254635208646445,84.87977454827421,-5.466,-23.610,1.23,-0.439,0.508,-37.2,0,0.0069,0.00
13:18:36,22.254635439472956,84.87977433269356,-5.488,-23.584,1.23,-0.439,0.508,-37.2,0,0.0069,0.00
13:18:36,22.254635671883637,84.87977415510511,-5.506,-23.558,1.23,-0.416,0.510,-37.2,0,0.0066,0.00
13:18:36,22.254635903196846,84.87977395120036,-5.527,-23.533,1.23,-0.416,0.510,-37.3,0,0.0066,0.00
13:18:36,22.254636134498043,84.8797737473062,-5.548,-23.507,1.23,-0.416,0.510,-37.4,0,0.0066,0.00
13:18:36,22.25463638141021,84.87977355260558,-5.568,-23.479,1.23,-0.411,0.520,-37.4,0,0.0068,0.00
13:18:36,22.254636618485968,84.87977335056301,-5.589,-23.453,1.23,-0.411,0.520,-37.4,0,0.0068,0.00
13:18:36,22.254636870451588,84.87977314413979,-5.610,-23.425,1.23,-0.414,0.532,-37.5,0,0.0069,0.00
13:18:36,22.254637112980806,84.87977294002734,-5.631,-23.398,1.23,-0.414,0.532,-37.5,0,0.0069,0.00
13:18:36,22.2546373463376,84.87977274753264,-5.651,-23.372,1.23,-0.407,0.526,-37.5,0,0.0066,0.00
13:18:36,22.254637585395752,84.87977254759626,-5.672,-23.345,1.23,-0.407,0.526,-37.5,0,0.0066,0.00
13:18:36,22.254637815582562,84.87977235740263,-5.692,-23.320,1.23,-0.401,0.521,-37.5,0,0.0067,0.00
13:18:36,22.254638052261537,84.87977216023,-5.712,-23.293,1.23,-0.401,0.521,-37.5,0,0.0067,0.00
13:18:36,22.2546382551397,84.87977191788582,-5.737,-23.271,1.23,-0.433,0.496,-37.5,0,0.0068,0.00
13:18:36,22.25463848046187,84.87977170525573,-5.759,-23.246,1.23,-0.433,0.496,-37.4,0,0.0068,0.00
13:18:36,22.254638705182746,84.87977149319306,-5.781,-23.221,1.23,-0.433,0.496,-37.4,0,0.0068,0.00
13:18:36,22.254638921880066,84.87977124772218,-5.806,-23.197,1.24,-0.455,0.491,-37.3,0,0.0070,0.00
13:18:36,22.25463914565353,84.87977102360212,-5.829,-23.172,1.24,-0.455,0.491,-37.3,0,0.0070,0.00
13:18:37,22.25463936270395,84.87977078794097,-5.853,-23.148,1.24,-0.463,0.487,-37.3,0,0.0070,0.00
13:18:37,22.254639584811382,84.87977055968337,-5.877,-23.123,1.24,-0.463,0.487,-37.2,0,0.0070,0.00
13:18:37,22.254639805369184,84.8797703330183,-5.900,-23.098,1.23,-0.463,0.487,-37.2,0,0.0000,0.00
13:18:37,22.25464002612839,84.87977010614627,-5.923,-23.074,1.23,-0.463,0.487,-37.2,0,0.0000,0.00
13:18:37,22.254640274206576,84.87976995116506,-5.939,-23.046,1.23,-0.424,0.504,-37.1,0,0.0066,0.00
13:18:37,22.254640502915823,84.87976974354564,-5.961,-23.021,1.23,-0.424,0.504,-37.1,0,0.0066,0.00
13:18:37,22.254640749272266,84.87976955795463,-5.980,-22.993,1.23,-0.411,0.516,-37.0,0,0.0068,0.00
13:18:37,22.254640983808837,84.87976935585466,-6.001,-22.967,1.23,-0.411,0.516,-37.0,0,0.0068,0.00
13:18:37,22.254641224089447,84.8797691658866,-6.020,-22.940,1.23,-0.404,0.520,-37.0,0,0.0067,0.00
13:18:37,22.25464146041714,84.87976896743015,-6.041,-22.914,1.23,-0.404,0.520,-37.0,0,0.0067,0.00
13:18:37,22.254641666161504,84.87976873152934,-6.065,-22.891,1.23,-0.429,0.499,-37.0,0,0.0066,0.00
13:18:37,22.254641892428868,84.87976852130456,-6.087,-22.866,1.23,-0.429,0.499,-37.0,0,0.0066,0.00
13:18:37,22.254642119415088,84.87976831041188,-6.108,-22.841,1.23,-0.429,0.499,-37.0,0,0.0066,0.00
13:18:37,22.254642376672834,84.87976811816837,-6.128,-22.812,1.23,-0.418,0.520,-37.0,0,0.0068,0.00
13:18:37,22.25464286162931,84.87976771698038,-6.170,-22.758,1.23,-0.409,0.525,-37.0,0,0.0068,0.00
13:18:37,22.25464310008939,84.87976751609658,-6.190,-22.732,1.23,-0.409,0.525,-37.0,0,0.0068,0.00
13:18:37,22.254643352930525,84.87976731340424,-6.211,-22.703,1.23,-0.411,0.535,-37.0,0,0.0070,0.00
13:18:37,22.25464359664899,84.87976711142618,-6.232,-22.676,1.23,-0.411,0.535,-37.0,0,0.0070,0.00
13:18:37,22.254643839593,84.87976691503887,-6.252,-22.649,1.23,-0.407,0.536,-37.0,0,0.0071,0.00
13:18:37,22.254644082713366,84.87976671520326,-6.273,-22.622,1.23,-0.407,0.536,-37.0,0,0.0071,0.00
13:18:38,22.2546443254483,84.87976651568447,-6.293,-22.595,1.23,-0.407,0.536,-37.0,0,0.0071,0.00
13:18:38,22.254644578876373,84.87976630940301,-6.315,-22.567,1.23,-0.412,0.543,-37.1,0,0.0071,0.00
13:18:38,22.254644824144314,84.87976610920853,-6.335,-22.540,1.23,-0.410,0.541,-37.1,0,0.0069,0.00
13:18:38,22.25464506932506,84.87976590856144,-6.356,-22.512,1.23,-0.410,0.541,-37.1,0,0.0069,0.00
13:18:38,22.254645314853573,84.87976570762974,-6.377,-22.485,1.23,-0.410,0.541,-37.2,0,0.0069,0.00
13:18:38,22.254645493068768,84.87976546633534,-6.401,-22.465,1.23,-0.436,0.493,-37.2,0,0.0066,0.00
13:18:38,22.25464571696562,84.87976525234019,-6.424,-22.440,1.23,-0.436,0.493,-37.2,0,0.0066,0.00
13:18:38,22.25464596448165,84.87976506300704,-6.443,-22.413,1.23,-0.420,0.510,-37.3,0,0.0068,0.00
13:18:38,22.2546461961863,84.87976485684149,-6.464,-22.387,1.23,-0.420,0.510,-37.3,0,0.0068,0.00
13:18:38,22.25464644308046,84.87976465985305,-6.485,-22.359,1.23,-0.414,0.521,-37.3,0,0.0068,0.00
13:18:38,22.25464668006769,84.87976445651562,-6.506,-22.333,1.23,-0.414,0.521,-37.4,0,0.0068,0.00
13:18:38,22.25464690512717,84.87976427348447,-6.524,-22.308,1.23,-0.400,0.513,-37.4,0,0.0065,0.00
13:18:38,22.254647138374178,84.87976407676771,-6.545,-22.282,1.23,-0.400,0.513,-37.4,0,0.0065,0.00
13:18:38,22.254647364090125,84.87976389135693,-6.564,-22.257,1.23,-0.393,0.508,-37.5,0,0.0065,0.00
13:18:38,22.254647594293992,84.87976369890215,-6.584,-22.231,1.23,-0.393,0.508,-37.5,0,0.0065,0.00
13:18:38,22.25464782456201,84.87976350639373,-6.603,-22.206,1.23,-0.393,0.508,-37.5,0,0.0065,0.00
13:18:38,22.25464805442011,84.87976331422803,-6.623,-22.180,1.23,-0.393,0.508,-37.5,0,0.0000,0.00
13:18:38,22.25464828388024,84.87976312239502,-6.643,-22.154,1.23,-0.393,0.508,-37.5,0,0.0000,0.00
13:18:38,22.254648518916234,84.87976292879067,-6.663,-22.128,1.23,-0.394,0.511,-37.6,0,0.0067,0.00
13:18:38,22.25464875095924,84.87976273554125,-6.683,-22.102,1.23,-0.394,0.511,-37.6,0,0.0067,0.00
13:18:39,22.25464897624089,84.87976254753467,-6.702,-22.077,1.23,-0.391,0.508,-37.7,0,0.0065,0.00
13:18:39,22.254649206557854,84.87976235561923,-6.722,-22.052,1.23,-0.391,0.508,-37.7,0,0.0065,0.00
13:18:39,22.254649437137644,84.87976216269549,-6.742,-22.026,1.23,-0.392,0.508,-37.7,0,0.0064,0.00
13:18:39,22.254649667697542,84.87976197034828,-6.762,-22.000,1.23,-0.392,0.508,-37.8,0,0.0064,0.00
13:18:39,22.254649875335165,84.87976179642274,-6.780,-21.977,1.23,-0.381,0.493,-37.8,0,0.0062,0.00
13:18:39,22.254650099208078,84.87976160943494,-6.799,-21.952,1.23,-0.381,0.493,-37.7,0,0.0062,0.00
13:18:39,22.254650278544894,84.87976135920464,-6.825,-21.932,1.23,-0.424,0.461,-37.7,0,0.0063,0.00
13:18:39,22.25465048853593,84.87976115082024,-6.846,-21.909,1.23,-0.424,0.461,-37.7,0,0.0063,0.00
13:18:39,22.254650700500296,84.87976091151012,-6.871,-21.885,1.23,-0.446,0.464,-37.7,0,0.0067,0.00
13:18:39,22.254650911397764,84.8797606924479,-6.893,-21.862,1.23,-0.446,0.464,-37.8,0,0.0067,0.00
13:18:39,22.254651131599122,84.87976052286476,-6.911,-21.837,1.24,-0.412,0.471,-37.8,0,0.0064,0.00
13:18:39,22.25465134659507,84.87976031988345,-6.932,-21.814,1.24,-0.412,0.471,-37.7,0,0.0064,0.00
13:18:39,22.254651522135873,84.87976007558271,-6.957,-21.794,1.24,-0.442,0.442,-37.7,0,0.0064,0.00
13:18:39,22.254651723168404,84.87975985864273,-6.979,-21.772,1.24,-0.442,0.442,-37.7,0,0.0064,0.00
13:18:39,22.254651918139576,84.87975962006315,-7.004,-21.750,1.24,-0.458,0.438,-37.5,0,0.0065,0.00
13:18:39,22.25465211743979,84.87975939519612,-7.027,-21.728,1.24,-0.458,0.438,-37.5,0,0.0065,0.00
13:18:39,22.25465231564869,84.87975917156038,-7.050,-21.706,1.24,-0.458,0.438,-37.4,0,0.0065,0.00
13:18:39,22.254652527155972,84.87975894981757,-7.073,-21.682,1.24,-0.456,0.447,-37.4,0,0.0064,0.00
13:18:39,22.254652740443944,84.87975871354394,-7.097,-21.658,1.24,-0.464,0.454,-37.3,0,0.0066,0.00
13:18:40,22.25465294722978,84.87975848527446,-7.121,-21.635,1.24,-0.464,0.454,-37.3,0,0.0066,0.00
13:18:40,22.254653153544997,84.87975825752451,-7.144,-21.612,1.24,-0.464,0.454,-37.3,0,0.0066,0.00
13:18:40,22.254653405046735,84.87975808282532,-7.162,-21.584,1.24,-0.429,0.486,-37.2,0,0.0066,0.00
13:18:40,22.254653627817554,84.8797578705784,-7.184,-21.560,1.24,-0.429,0.486,-37.2,0,0.0066,0.00
13:18:40,22.254653810359688,84.87975764480066,-7.207,-21.539,1.24,-0.440,0.460,-37.2,0,0.0063,0.00
13:18:40,22.254654019602604,84.87975742857445,-7.230,-21.516,1.24,-0.440,0.460,-37.2,0,0.0063,0.00
13:18:40,22.254654210731236,84.87975720276965,-7.253,-21.495,1.24,-0.447,0.447,-37.3,0,0.0065,0.00
13:18:40,22.254654414505023,84.87975698276269,-7.276,-21.472,1.24,-0.447,0.447,-37.3,0,0.0065,0.00
13:18:40,22.254654652873263,84.87975680511505,-7.294,-21.445,1.24,-0.419,0.474,-37.3,0,0.0067,0.00
13:18:40,22.25465486885946,84.87975659901824,-7.315,-21.421,1.24,-0.419,0.474,-37.4,0,0.0067,0.00
13:18:40,22.25465505748167,84.87975638173982,-7.337,-21.400,1.24,-0.427,0.454,-37.4,0,0.0064,0.00
13:18:40,22.254655264409376,84.87975617145752,-7.359,-21.377,1.24,-0.427,0.454,-37.5,0,0.0064,0.00
13:18:40,22.254655469825394,84.87975596271141,-7.381,-21.355,1.24,-0.427,0.454,-37.5,0,0.0064,0.00
13:18:40,22.254655675970486,84.87975575322442,-7.402,-21.332,1.24,-0.427,0.454,-37.4,0,0.0000,0.00
13:18:40,22.25465588182356,84.87975554403417,-7.424,-21.309,1.24,-0.427,0.454,-37.4,0,0.0000,0.00
13:18:40,22.254656129814265,84.87975539052331,-7.440,-21.281,1.24,-0.398,0.478,-37.4,0,0.0064,0.00
13:18:40,22.254656346815285,84.87975519527367,-7.460,-21.257,1.24,-0.398,0.478,-37.4,0,0.0064,0.00
13:18:40,22.254656529004965,84.8797549494398,-7.485,-21.237,1.24,-0.426,0.458,-37.4,0,0.0063,0.00
13:18:40,22.254656736388526,84.8797547410631,-7.506,-21.214,1.24,-0.426,0.458,-37.4,0,0.0063,0.00
13:18:40,22.254656912255218,84.87975453449353,-7.528,-21.194,1.24,-0.425,0.438,-37.3,0,0.0062,0.00
13:18:41,22.25465711128146,84.87975432581892,-7.549,-21.172,1.24,-0.425,0.438,-37.4,0,0.0062,0.00
13:18:41,22.25465735459967,84.87975414645086,-7.568,-21.145,1.24,-0.407,0.469,-37.4,0,0.0065,0.00
13:18:41,22.25465756776529,84.87975394664673,-7.588,-21.121,1.24,-0.407,0.469,-37.4,0,0.0065,0.00
13:18:41,22.2546577650784,84.87975370428693,-7.613,-21.099,1.24,-0.436,0.458,-37.4,0,0.0065,0.00
13:18:41,22.25465797323896,84.87975349036046,-7.635,-21.076,1.24,-0.436,0.458,-37.5,0,0.0065,0.00
13:18:41,22.25465818064375,84.87975327721071,-7.657,-21.053,1.24,-0.436,0.458,-37.5,0,0.0065,0.00
13:18:41,22.254658387852235,84.8797530642627,-7.679,-21.030,1.24,-0.436,0.458,-37.8,0,0.0072,0.00
13:18:41,22.254658615392568,84.87975289122402,-7.697,-21.004,1.23,-0.413,0.470,-39.4,0,0.0064,0.00
13:18:41,22.25465882865387,84.87975268910155,-7.718,-20.981,1.23,-0.413,0.470,-40.9,0,0.0064,0.00
13:18:41,22.25465904130655,84.87975248755592,-7.739,-20.957,1.23,-0.413,0.470,-40.9,0,0.0064,0.00
13:18:41,22.254659232338714,84.87975224628694,-7.764,-20.936,1.23,-0.435,0.458,-45.5,0,0.0065,0.00
13:18:41,22.254659440147574,84.87975203306961,-7.785,-20.913,1.23,-0.435,0.458,-48.3,0,0.0065,0.00
13:18:41,22.25465968410143,84.87975186597389,-7.803,-20.885,1.23,-0.408,0.481,-48.3,0,0.0064,0.00
13:18:41,22.254659902390028,84.8797516657276,-7.823,-20.861,1.23,-0.408,0.481,-51.1,0,0.0064,0.00
13:18:41,22.254660125916548,84.87975148261292,-7.842,-20.836,1.23,-0.398,0.485,-57.2,0,0.0060,0.00
13:18:41,22.254660346506988,84.87975128698635,-7.862,-20.812,1.23,-0.398,0.485,-60.4,0,0.0060,0.00
13:18:41,22.25466056574391,84.87975108927128,-7.883,-20.787,1.23,-0.400,0.485,-60.4,0,0.0060,0.00
13:18:41,22.25466078683598,84.87975089213238,-7.903,-20.763,1.23,-0.400,0.485,-66.7,0,0.0060,0.00
13:18:41,22.25466096450438,84.87975066819085,-7.926,-20.743,1.23,-0.419,0.454,-69.8,0,0.0058,0.00
13:18:41,22.254661170911906,84.87975046222687,-7.947,-20.720,1.23,-0.419,0.454,-73.1,0,0.0058,0.00
13:18:42,22.254661377092763,84.87975025648907,-7.969,-20.697,1.23,-0.419,0.454,-73.1,0,0.0058,0.00
13:18:42,22.254661511544704,84.87974996481864,-7.999,-20.682,1.23,-0.475,0.405,-79.1,0,0.0059,0.00
13:18:42,22.254661697368114,84.87974972964494,-8.023,-20.661,1.23,-0.475,0.405,-81.5,0,0.0059,0.00
13:18:42,22.25466178476002,84.8797494427525,-8.052,-20.652,1.23,-0.510,0.338,-81.5,0,0.0060,0.00
13:18:42,22.25466193884029,84.87974919201021,-8.078,-20.634,1.23,-0.510,0.338,-84.7,0,0.0060,0.00
13:18:42,22.254661970678505,84.87974888853773,-8.109,-20.631,1.23,-0.546,0.251,-85.8,0,0.0061,0.00
13:18:42,22.254662084905284,84.87974862042813,-8.137,-20.618,1.23,-0.546,0.251,-86.7,0,0.0061,0.00
13:18:42,22.254662063991347,84.87974831293243,-8.169,-20.620,1.23,-0.573,0.152,-86.7,0,0.0062,0.00
13:18:42,22.254662132894456,84.87974803157434,-8.198,-20.613,1.23,-0.573,0.152,-87.8,0,0.0062,0.00
13:18:42,22.254662201407935,84.87974775180724,-8.227,-20.605,1.23,-0.573,0.152,-87.8,0,0.0000,0.00
13:18:42,22.254662269983108,84.87974747178824,-8.255,-20.598,1.23,-0.573,0.152,-87.8,0,0.0000,0.00
13:18:42,22.25466222421662,84.87974716299975,-8.287,-20.603,1.23,-0.590,0.080,-87.8,0,0.0062,0.00
13:18:42,22.25466226059495,84.87974687446496,-8.317,-20.599,1.23,-0.590,0.080,-87.4,0,0.0062,0.00
13:18:42,22.25466219712592,84.87974655398112,-8.350,-20.606,1.23,-0.608,0.017,-87.2,0,0.0064,0.00
13:18:42,22.254662204666165,84.87974625608325,-8.381,-20.605,1.24,-0.608,0.017,-87.0,0,0.0064,0.00
13:18:42,22.254662212207585,84.87974595813895,-8.411,-20.604,1.24,-0.608,0.017,-87.0,0,0.0064,0.00
13:18:42,22.25466216425056,84.87974564068416,-8.444,-20.609,1.24,-0.620,-0.019,-86.6,0,0.0065,0.00
13:18:42,22.254662155838037,84.87974533643684,-8.475,-20.610,1.24,-0.620,-0.019,-86.5,0,0.0065,0.00
13:18:42,22.254662108469383,84.87974504730302,-8.505,-20.616,1.24,-0.612,-0.044,-86.5,0,0.0061,0.00
13:18:43,22.254662088385867,84.87974474733721,-8.536,-20.618,1.24,-0.612,-0.044,-86.5,0,0.0061,0.00
13:18:43,22.254662051618496,84.87974455586401,-8.556,-20.622,1.24,-0.542,-0.056,-86.6,0,0.0048,0.00
13:18:43,22.25466202625867,84.87974429013337,-8.583,-20.625,1.24,-0.542,-0.056,-86.8,0,0.0048,0.00
13:18:43,22.254661985739915,84.87974415030259,-8.598,-20.629,1.24,-0.458,-0.067,-86.8,0,0.0037,0.00
13:18:43,22.25466195534503,84.8797439257392,-8.621,-20.633,1.25,-0.458,-0.067,-87.1,0,0.0037,0.00
13:18:43,22.254661925048996,84.87974370190624,-8.644,-20.636,1.25,-0.458,-0.067,-87.3,0,0.0037,0.00
13:18:43,22.25466187555651,84.87974361627533,-8.653,-20.641,1.25,-0.370,-0.080,-87.4,0,0.0030,0.00
13:18:43,22.254661839973206,84.87974349672389,-8.665,-20.645,1.25,-0.329,-0.080,-87.4,0,0.0027,0.00
13:18:43,22.25466180384906,84.87974333556797,-8.682,-20.649,1.26,-0.329,-0.080,-87.8,0,0.0027,0.00
13:18:43,22.254661765410084,84.87974321637063,-8.694,-20.654,1.26,-0.299,-0.081,-88.0,0,0.0027,0.00
13:18:43,22.254661728433746,84.87974306990569,-8.709,-20.658,1.26,-0.299,-0.081,-88.2,0,0.0027,0.00
13:18:43,22.25466169160751,84.8797429240353,-8.724,-20.662,1.26,-0.299,-0.081,-88.2,0,0.0027,0.00
13:18:43,22.254661648806493,84.87974282295797,-8.734,-20.667,1.26,-0.269,-0.086,-88.4,0,0.0025,0.00
13:18:43,22.254661609852576,84.87974269095658,-8.748,-20.671,1.26,-0.269,-0.086,-88.6,0,0.0025,0.00
13:18:43,22.254661562434922,84.87974259447384,-8.758,-20.676,1.26,-0.246,-0.092,-88.7,0,0.0023,0.00
13:18:43,22.25466152070224,84.87974247394085,-8.770,-20.681,1.26,-0.246,-0.092,-88.7,0,0.0023,0.00
13:18:43,22.254661539040896,84.87974237842401,-8.780,-20.679,1.26,-0.229,-0.048,-89.3,0,0.0023,0.00
13:18:43,22.254661517319217,84.87974226609556,-8.792,-20.681,1.27,-0.229,-0.048,-90.1,0,0.0023,0.00
13:18:43,22.254661519744964,84.87974217317556,-8.801,-20.681,1.27,-0.216,-0.030,-92.6,0,0.0021,0.00
13:18:43,22.254661506232676,84.87974206722558,-8.812,-20.683,1.27,-0.216,-0.030,-92.6,0,0.0021,0.00
13:18:44,22.254661492790454,84.87974196182502,-8.823,-20.684,1.27,-0.216,-0.030,-94.0,0,0.0021,0.00
13:18:44,22.254661487668912,84.87974187685623,-8.832,-20.685,1.27,-0.203,-0.024,-95.6,0,0.0020,0.00
13:18:44,22.254661476788772,84.87974177730185,-8.842,-20.686,1.27,-0.203,-0.024,-99.6,0,0.0020,0.00
13:18:44,22.254661462238207,84.87974169860009,-8.850,-20.687,1.27,-0.189,-0.027,-99.6,0,0.0019,0.00
13:18:44,22.25466145017319,84.87974160563799,-8.860,-20.689,1.27,-0.189,-0.027,-102.2,0,0.0019,0.00
13:18:44,22.254661438163215,84.87974151309996,-8.869,-20.690,1.27,-0.189,-0.027,-104.8,0,0.0000,0.00
13:18:44,22.25466142614738,84.87974142051682,-8.879,-20.691,1.27,-0.189,-0.027,-109.6,0,0.0000,0.00
13:18:44,22.2546613915073,84.8797413730409,-8.884,-20.695,1.27,-0.164,-0.040,-109.6,0,0.0016,0.00
13:18:44,22.254661373159706,84.87974129259003,-8.892,-20.697,1.27,-0.164,-0.040,-111.9,0,0.0016,0.00
13:18:44,22.25466138902771,84.87974115239982,-8.906,-20.696,1.27,-0.199,-0.019,-114.6,0,0.0025,0.00
13:18:44,22.254661380463126,84.87974105444978,-8.917,-20.697,1.28,-0.199,-0.019,-120.3,0,0.0025,0.00
13:18:44,22.254661353746158,84.87974085971629,-8.937,-20.700,1.28,-0.260,-0.031,-120.3,0,0.0032,0.00
13:18:44,22.254661339622462,84.87974073222841,-8.950,-20.701,1.28,-0.260,-0.031,-122.8,0,0.0032,0.00
13:18:44,22.25466132550829,84.87974060482652,-8.963,-20.703,1.28,-0.260,-0.031,-126.6,0,0.0032,0.00
13:18:44,22.25466125697948,84.87974045331232,-8.979,-20.710,1.28,-0.275,-0.067,-126.6,0,0.0031,0.00
13:18:44,22.254661226370757,84.87974031807765,-8.992,-20.714,1.28,-0.275,-0.067,-128.0,0,0.0031,0.00
13:18:44,22.25466116218338,84.87974018157968,-9.007,-20.721,1.28,-0.276,-0.090,-129.1,0,0.0030,0.00
13:18:44,22.254661121195863,84.87974004605879,-9.020,-20.725,1.28,-0.276,-0.090,-129.9,0,0.0030,0.00
13:18:44,22.25466100721695,84.87973993472347,-9.032,-20.738,1.28,-0.260,-0.142,-129.9,0,0.0034,0.00
13:18:44,22.254660942580305,84.87973980701169,-9.045,-20.745,1.28,-0.260,-0.142,-129.2,0,0.0034,0.00
13:18:45,22.25466078405192,84.87973960089214,-9.066,-20.763,1.28,-0.314,-0.212,-127.9,0,0.0049,0.00
13:18:45,22.254660687401312,84.87973944601194,-9.082,-20.774,1.28,-0.314,-0.212,-124.7,0,0.0049,0.00
13:18:45,22.254660591583658,84.87973929246652,-9.098,-20.784,1.28,-0.314,-0.212,-124.7,0,0.0049,0.00
13:18:45,22.25466035461963,84.87973909302075,-9.119,-20.811,1.28,-0.344,-0.309,-123.1,0,0.0056,0.00
13:18:45,22.254660213928535,84.87973892419681,-9.136,-20.826,1.28,-0.344,-0.309,-121.6,0,0.0056,0.00
13:18:45,22.25466001696065,84.8797387214434,-9.157,-20.848,1.28,-0.366,-0.349,-119.0,0,0.0055,0.00
13:18:45,22.254659858344798,84.8797385417559,-9.175,-20.866,1.28,-0.366,-0.349,-119.0,0,0.0055,0.00
13:18:45,22.25465967903561,84.87973832440477,-9.198,-20.886,1.28,-0.392,-0.364,-117.9,0,0.0057,0.00
13:18:45,22.25465951337267,84.87973813207434,-9.218,-20.904,1.27,-0.392,-0.364,-116.7,0,0.0057,0.00
13:18:45,22.254659350375203,84.87973788244501,-9.243,-20.923,1.27,-0.431,-0.363,-114.7,0,0.0059,0.00
13:18:45,22.254659185692557,84.87973767096223,-9.265,-20.941,1.27,-0.431,-0.363,-113.8,0,0.0059,0.00
13:18:45,22.254659021331594,84.87973745989255,-9.287,-20.959,1.27,-0.431,-0.363,-113.8,0,0.0059,0.00
13:18:45,22.254658857343607,84.87973724930184,-9.309,-20.977,1.27,-0.431,-0.363,-112.4,0,0.0059,0.00
13:18:45,22.25465869294224,84.87973703818027,-9.330,-20.996,1.27,-0.431,-0.363,-111.8,0,0.0059,0.00
13:18:45,22.254658528573508,84.87973682710061,-9.352,-21.014,1.27,-0.431,-0.363,-111.8,0,0.0059,0.00
13:18:45,22.254658364594842,84.87973661652187,-9.374,-21.032,1.27,-0.431,-0.363,-111.4,0,0.0059,0.00
13:18:45,22.254658200497293,84.87973640579047,-9.396,-21.051,1.27,-0.431,-0.363,-110.8,0,0.0059,0.00
13:18:45,22.254658261428556,84.87973593182537,-9.444,-21.044,1.25,-0.534,-0.267,-110.6,0,0.0063,0.00
13:18:45,22.254658190417377,84.87973562055438,-9.476,-21.052,1.25,-0.555,-0.244,-110.6,0,0.0065,0.00
13:18:45,22.254658079705944,84.87973534854791,-9.504,-21.064,1.25,-0.555,-0.244,-110.4,0,0.0065,0.00
13:18:46,22.254657969355918,84.87973507742936,-9.532,-21.076,1.25,-0.555,-0.244,-110.2,0,0.0065,0.00
13:18:46,22.2546578588767,84.87973480599341,-9.560,-21.089,1.24,-0.555,-0.244,-110.2,0,0.0000,0.00
13:18:46,22.25465774811297,84.87973453385843,-9.588,-21.101,1.24,-0.555,-0.244,-110.1,0,0.0000,0.00
13:18:46,22.254657673454872,84.87973422133825,-9.621,-21.109,1.24,-0.574,-0.227,-110.1,0,0.0066,0.00
13:18:46,22.25465757034131,84.87973393935033,-9.650,-21.121,1.24,-0.574,-0.227,-110.1,0,0.0066,0.00
13:18:46,22.2546574602801,84.87973359026996,-9.686,-21.133,1.24,-0.607,-0.231,-110.1,0,0.0070,0.00
13:18:46,22.25465735536238,84.87973329167262,-9.716,-21.145,1.24,-0.607,-0.231,-109.9,0,0.0070,0.00
13:18:46,22.254657250859978,84.87973299425728,-9.747,-21.156,1.24,-0.607,-0.231,-108.8,0,0.0070,0.00
13:18:46,22.25465711037044,84.87973271858205,-9.775,-21.172,1.24,-0.596,-0.251,-107.6,0,0.0066,0.00
13:18:46,22.25465699600126,84.87973242568758,-9.806,-21.185,1.24,-0.596,-0.251,-107.6,0,0.0066,0.00
13:18:46,22.25465685456382,84.87973212636646,-9.836,-21.200,1.24,-0.600,-0.269,-106.5,0,0.0067,0.00
13:18:46,22.25465673197114,84.87973183026294,-9.867,-21.214,1.24,-0.600,-0.269,-105.0,0,0.0067,0.00
13:18:46,22.25465660422138,84.87973153007503,-9.898,-21.228,1.24,-0.604,-0.273,-105.0,0,0.0067,0.00
13:18:46,22.254656480509848,84.87973123381967,-9.928,-21.242,1.24,-0.604,-0.273,-104.6,0,0.0067,0.00
13:18:46,22.25465636671016,84.87973091938262,-9.961,-21.255,1.24,-0.617,-0.266,-104.2,0,0.0069,0.00
13:18:46,22.254656246319275,84.87973061759885,-9.992,-21.268,1.23,-0.617,-0.266,-104.1,0,0.0069,0.00
13:18:46,22.2546561393669,84.87973030021149,-10.025,-21.280,1.23,-0.627,-0.256,-104.1,0,0.0070,0.00
13:18:46,22.2546560232573,84.8797299927169,-10.056,-21.293,1.23,-0.627,-0.256,-104.0,0,0.0070,0.00
13:18:46,22.254655907336726,84.87972968572291,-10.088,-21.306,1.23,-0.627,-0.256,-103.9,0,0.0058,0.00
13:18:47,22.254655791707084,84.87972937949941,-10.119,-21.319,1.23,-0.627,-0.256,-103.8,0,0.0058,0.00
13:18:47,22.254655763454302,84.8797290610174,-10.152,-21.322,1.23,-0.634,-0.201,-103.8,0,0.0069,0.00
13:18:47,22.25465567211146,84.87972875032906,-10.184,-21.332,1.23,-0.634,-0.201,-103.8,0,0.0069,0.00
13:18:47,22.25465558088981,84.87972844005294,-10.216,-21.342,1.23,-0.634,-0.201,-103.6,0,0.0069,0.00
13:18:47,22.25465552128705,84.87972808126538,-10.253,-21.349,1.23,-0.661,-0.183,-103.6,0,0.0072,0.00
13:18:47,22.254655438183047,84.87972775628472,-10.287,-21.358,1.23,-0.661,-0.183,-103.6,0,0.0072,0.00
13:18:47,22.25465537238099,84.87972743380135,-10.320,-21.365,1.23,-0.661,-0.172,-103.7,0,0.0069,0.00
13:18:47,22.254655294200916,84.8797271094807,-10.353,-21.374,1.23,-0.661,-0.172,-103.7,0,0.0069,0.00
13:18:47,22.25465522070365,84.87972677485337,-10.388,-21.382,1.23,-0.667,-0.169,-103.8,0,0.0071,0.00
13:18:47,22.254655143820045,84.87972644680018,-10.422,-21.391,1.23,-0.667,-0.169,-103.8,0,0.0071,0.00
13:18:47,22.254655070341858,84.87972611958956,-10.455,-21.399,1.23,-0.668,-0.167,-103.8,0,0.0072,0.00
13:18:47,22.254654994530497,84.87972579169495,-10.489,-21.407,1.23,-0.668,-0.167,-103.9,0,0.0072,0.00
13:18:47,22.254654926642434,84.87972549510654,-10.520,-21.415,1.23,-0.647,-0.161,-103.9,0,0.0065,0.00
13:18:47,22.254654853564183,84.87972517804661,-10.552,-21.423,1.23,-0.647,-0.161,-104.0,0,0.0065,0.00
13:18:47,22.254654779144623,84.87972485808127,-10.585,-21.431,1.23,-0.650,-0.162,-104.1,0,0.0068,0.00
13:18:47,22.25465470523527,84.8797245384106,-10.618,-21.440,1.23,-0.650,-0.162,-104.1,0,0.0068,0.00
13:18:47,22.25465463163991,84.87972422009797,-10.651,-21.448,1.23,-0.650,-0.162,-104.1,0,0.0068,0.00
13:18:47,22.25465455822988,84.87972390258695,-10.684,-21.456,1.23,-0.650,-0.162,-104.2,0,0.0000,0.00
13:18:47,22.254654484714145,84.87972358461873,-10.716,-21.464,1.23,-0.650,-0.162,-104.2,0,0.0000,0.00
13:18:47,22.254654284814364,84.87972326187369,-10.750,-21.486,1.23,-0.652,-0.234,-104.2,0,0.0073,0.00
13:18:48,22.254654178682692,84.87972294174563,-10.783,-21.498,1.23,-0.652,-0.234,-104.3,0,0.0073,0.00
13:18:48,22.254654132130767,84.87972263829984,-10.814,-21.503,1.23,-0.644,-0.199,-104.4,0,0.0068,0.00
13:18:48,22.254654041672527,84.87972232200468,-10.847,-21.514,1.23,-0.644,-0.199,-104.4,0,0.0068,0.00
13:18:48,22.254653973494353,84.8797219969472,-10.880,-21.521,1.23,-0.650,-0.185,-104.4,0,0.0068,0.00
13:18:48,22.254653889519624,84.87972167818656,-10.913,-21.530,1.23,-0.650,-0.185,-104.6,0,0.0068,0.00
13:18:48,22.25465381489277,84.8797213546055,-10.946,-21.539,1.23,-0.653,-0.179,-104.6,0,0.0068,0.00
13:18:48,22.25465373386439,84.87972103448175,-10.979,-21.548,1.23,-0.653,-0.179,-104.7,0,0.0068,0.00
13:18:48,22.254653660931755,84.87972072804652,-11.011,-21.556,1.23,-0.645,-0.173,-104.7,0,0.0067,0.00
13:18:48,22.2546535825234,84.8797204122997,-11.043,-21.565,1.23,-0.645,-0.173,-104.7,0,0.0067,0.00
13:18:48,22.254653502866276,84.87972008302845,-11.077,-21.573,1.23,-0.654,-0.174,-104.8,0,0.0070,0.00
13:18:48,22.25465342397956,84.87971976249862,-11.110,-21.582,1.23,-0.654,-0.174,-104.8,0,0.0070,0.00
13:18:48,22.254653345316434,84.8797194428773,-11.143,-21.591,1.23,-0.654,-0.174,-104.8,0,0.0070,0.00
13:18:48,22.254653268991497,84.8797191279586,-11.176,-21.600,1.23,-0.651,-0.172,-104.8,0,0.0068,0.00
13:18:48,22.254653190702324,84.87971880835103,-11.209,-21.608,1.23,-0.651,-0.172,-104.8,0,0.0068,0.00
13:18:48,22.254653114110518,84.87971850146536,-11.240,-21.617,1.23,-0.644,-0.171,-105.0,0,0.0067,0.00
13:18:48,22.25465303635651,84.87971818587238,-11.273,-21.625,1.23,-0.644,-0.171,-105.0,0,0.0067,0.00
13:18:48,22.254652946098957,84.8797178411706,-11.308,-21.635,1.23,-0.665,-0.181,-105.6,0,0.0075,0.00
13:18:48,22.25465286412935,84.87971751553438,-11.342,-21.645,1.23,-0.665,-0.181,-106.5,0,0.0075,0.00
13:18:48,22.254652755446806,84.87971720590708,-11.374,-21.657,1.23,-0.654,-0.201,-109.3,0,0.0070,0.00
13:18:48,22.254652664515056,84.87971688556553,-11.407,-21.667,1.23,-0.654,-0.201,-109.3,0,0.0070,0.00
13:18:49,22.254652556792358,84.87971659141344,-11.437,-21.679,1.23,-0.637,-0.213,-110.4,0,0.0067,0.00
13:18:49,22.254652460043697,84.87971627966718,-11.469,-21.690,1.23,-0.637,-0.213,-111.2,0,0.0067,0.00
13:18:49,22.254652363358126,84.87971596812422,-11.501,-21.700,1.23,-0.637,-0.213,-112.3,0,0.0067,0.00
13:18:49,22.2546522450517,84.87971569107913,-11.530,-21.714,1.23,-0.614,-0.228,-112.3,0,0.0065,0.00
13:18:49,22.254652141153613,84.87971538919342,-11.561,-21.725,1.23,-0.614,-0.228,-112.6,0,0.0065,0.00
13:18:49,22.25465208871166,84.87971508893784,-11.592,-21.731,1.23,-0.614,-0.193,-112.7,0,0.0063,0.00
13:18:49,22.254652000735213,84.87971478620747,-11.623,-21.741,1.23,-0.614,-0.193,-112.8,0,0.0063,0.00
13:18:49,22.254651871047603,84.8797144833968,-11.654,-21.755,1.23,-0.616,-0.223,-112.8,0,0.0068,0.00
13:18:49,22.25465176934444,84.87971418046658,-11.685,-21.766,1.23,-0.616,-0.223,-112.7,0,0.0068,0.00
13:18:49,22.254651642698693,84.87971386785054,-11.718,-21.781,1.23,-0.624,-0.242,-112.7,0,0.0071,0.00
13:18:49,22.254651532044477,84.87971356006165,-11.749,-21.793,1.23,-0.624,-0.242,-112.6,0,0.0071,0.00
13:18:49,22.254651364871794,84.87971327738053,-11.778,-21.811,1.23,-0.608,-0.285,-112.6,0,0.0068,0.00
13:18:49,22.254651234970726,84.87971297833693,-11.809,-21.826,1.23,-0.608,-0.285,-112.6,0,0.0000,0.00
13:18:49,22.25465112860417,84.87971268890712,-11.839,-21.838,1.23,-0.602,-0.268,-112.6,0,0.0066,0.00
13:18:49,22.254651005931105,84.87971239103906,-11.870,-21.851,1.23,-0.602,-0.268,-112.5,0,0.0066,0.00
13:18:49,22.2546508431086,84.879712095536,-11.900,-21.870,1.23,-0.603,-0.300,-112.5,0,0.0070,0.00
13:18:49,22.25465070683799,84.87971179925533,-11.931,-21.885,1.23,-0.603,-0.300,-112.5,0,0.0070,0.00
13:18:49,22.25465057070278,84.87971150326905,-11.961,-21.900,1.23,-0.603,-0.300,-112.4,0,0.0070,0.00
13:18:49,22.254650457784187,84.8797111707956,-11.995,-21.912,1.23,-0.627,-0.284,-112.4,0,0.0071,0.00
13:18:49,22.254650329116885,84.87971086353679,-12.027,-21.927,1.23,-0.627,-0.284,-112.4,0,0.0071,0.00
13:18:50,22.254650152448857,84.87971054993497,-12.059,-21.946,1.23,-0.632,-0.318,-112.4,0,0.0074,0.00
13:18:50,22.254650008536473,84.87971024063044,-12.091,-21.962,1.23,-0.632,-0.318,-112.3,0,0.0074,0.00
13:18:50,22.25464984900507,84.87970996718435,-12.119,-21.980,1.23,-0.608,-0.329,-112.3,0,0.0068,0.00
13:18:50,22.254649699734486,84.87970966908395,-12.150,-21.997,1.22,-0.608,-0.329,-112.3,0,0.0068,0.00
13:18:50,22.25464959640263,84.87970936211565,-12.182,-22.008,1.22,-0.615,-0.295,-112.3,0,0.0069,0.00
13:18:50,22.25464946230921,84.87970906052719,-12.213,-22.023,1.22,-0.615,-0.295,-112.3,0,0.0069,0.00
13:18:50,22.25464935129853,84.8797087495909,-12.245,-22.036,1.22,-0.622,-0.278,-112.3,0,0.0069,0.00
13:18:50,22.254649225068665,84.87970844479194,-12.276,-22.050,1.22,-0.622,-0.278,-112.3,0,0.0069,0.00
13:18:50,22.254649110744797,84.87970813403132,-12.308,-22.062,1.22,-0.627,-0.269,-112.3,0,0.0071,0.00
13:18:50,22.254648988649272,84.87970782726725,-12.340,-22.076,1.22,-0.627,-0.269,-112.3,0,0.0071,0.00
13:18:50,22.254648820090935,84.87970752828086,-12.371,-22.095,1.22,-0.621,-0.305,-112.3,0,0.0071,0.00
13:18:50,22.25464868189761,84.87970722416371,-12.402,-22.110,1.22,-0.621,-0.305,-112.3,0,0.0071,0.00
13:18:50,22.25464854395646,84.87970692060152,-12.433,-22.126,1.22,-0.621,-0.305,-112.4,0,0.0071,0.00
13:18:50,22.25464845663019,84.8797066606021,-12.460,-22.135,1.22,-0.593,-0.270,-112.6,0,0.0062,0.00
13:18:50,22.254648334163146,84.87970636954854,-12.490,-22.149,1.22,-0.593,-0.270,-112.6,0,0.0062,0.00
13:18:50,22.254648278545396,84.87970621604818,-12.506,-22.155,1.22,-0.505,-0.223,-112.9,0,0.0045,0.00
13:18:50,22.254648177168864,84.87970596831957,-12.531,-22.166,1.22,-0.505,-0.223,-113.3,0,0.0045,0.00
13:18:50,22.254648122883705,84.87970583340943,-12.545,-22.172,1.22,-0.430,-0.189,-113.6,0,0.0040,0.00
13:18:50,22.254648036818995,84.87970562235513,-12.567,-22.182,1.22,-0.430,-0.189,-113.6,0,0.0040,0.00
13:18:51,22.254647983163004,84.87970549209572,-12.580,-22.188,1.22,-0.375,-0.166,-113.9,0,0.0035,0.00
13:18:51,22.254647907847264,84.87970530784733,-12.599,-22.196,1.23,-0.375,-0.166,-114.5,0,0.0035,0.00
13:18:51,22.25464785228353,84.87970518010064,-12.613,-22.203,1.23,-0.336,-0.151,-114.7,0,0.0033,0.00
13:18:51,22.254647783698733,84.8797050151332,-12.630,-22.210,1.23,-0.336,-0.151,-114.7,0,0.0033,0.00
13:18:51,22.254647715378212,84.87970485080143,-12.647,-22.218,1.23,-0.336,-0.151,-114.9,0,0.0033,0.00
13:18:51,22.254647663691852,84.8797047363934,-12.658,-22.224,1.23,-0.304,-0.139,-115.2,0,0.0032,0.00
13:18:51,22.254647600428363,84.87970458737426,-12.674,-22.231,1.23,-0.304,-0.139,-115.3,0,0.0032,0.00
13:18:51,22.25464753725529,84.87970443856811,-12.689,-22.238,1.23,-0.304,-0.139,-115.3,0,0.0000,0.00
13:18:51,22.254647474228435,84.87970429010636,-12.704,-22.245,1.23,-0.304,-0.139,-115.6,0,0.0000,0.00
13:18:51,22.25464745173544,84.87970425252959,-12.708,-22.247,1.23,-0.243,-0.115,-116.4,0,0.0023,0.00
13:18:51,22.254647399372743,84.87970413332783,-12.720,-22.253,1.23,-0.243,-0.115,-116.4,0,0.0023,0.00
13:18:51,22.25464738045474,84.87970409736351,-12.724,-22.255,1.24,-0.196,-0.095,-116.8,0,0.0018,0.00
13:18:51,22.25464733728975,84.87970400109349,-12.734,-22.260,1.24,-0.196,-0.095,-117.1,0,0.0018,0.00
13:18:51,22.254647294379204,84.87970390539094,-12.744,-22.265,1.24,-0.196,-0.095,-116.8,0,0.0018,0.00
13:18:51,22.25464733151548,84.8797039874732,-12.736,-22.260,1.24,-0.093,-0.045,-116.8,0,0.0010,0.00
13:18:51,22.25464731121838,84.87970394199378,-12.740,-22.263,1.25,-0.093,-0.045,-116.3,0,0.0010,0.00
13:18:51,22.25464726001459,84.87970400406782,-12.734,-22.268,1.25,-0.027,-0.065,-115.5,0,0.0012,0.00
13:18:51,22.254647230417962,84.87970399072879,-12.735,-22.272,1.25,-0.027,-0.065,-115.2,0,0.0012,0.00
13:18:51,22.254647232278693,84.87970411694437,-12.722,-22.272,1.25,0.063,-0.043,-115.2,0,0.0016,0.00
13:18:51,22.254647212628893,84.87970414809686,-12.719,-22.274,1.25,0.063,-0.043,-115.0,0,0.0016,0.00
13:18:52,22.25464727370623,84.8797042621255,-12.707,-22.267,1.25,0.119,0.016,-114.5,0,0.0021,0.00
13:18:52,22.254647280928268,84.87970432094016,-12.701,-22.266,1.25,0.119,0.016,-114.3,0,0.0021,0.00
13:18:52,22.254647338268597,84.8797044428934,-12.689,-22.260,1.25,0.164,0.054,-114.3,0,0.0026,0.00
13:18:52,22.254647362669527,84.8797045234693,-12.680,-22.257,1.25,0.164,0.054,-114.2,0,0.0026,0.00
13:18:52,22.254647417055384,84.87970464625693,-12.668,-22.251,1.26,0.194,0.077,-114.1,0,0.0027,0.00
13:18:52,22.254647451973263,84.87970474179541,-12.658,-22.247,1.26,0.194,0.077,-114.2,0,0.0027,0.00
13:18:52,22.25464750424473,84.8797048627397,-12.645,-22.241,1.26,0.212,0.090,-114.2,0,0.0026,0.00
13:18:52,22.254647545255875,84.87970496722251,-12.635,-22.237,1.26,0.212,0.090,-114.2,0,0.0026,0.00
13:18:52,22.254647586038104,84.87970507112212,-12.624,-22.232,1.25,0.212,0.090,-114.2,0,0.0026,0.00
13:18:52,22.25464765149615,84.87970522325897,-12.608,-22.225,1.25,0.244,0.107,-114.2,0,0.0031,0.00
13:18:52,22.254647708517098,84.87970535909939,-12.594,-22.219,1.25,0.254,0.113,-114.2,0,0.0031,0.00
13:18:52,22.25464776016434,84.87970548439435,-12.581,-22.213,1.25,0.254,0.113,-114.0,0,0.0031,0.00
13:18:52,22.254647880390802,84.87970577746573,-12.551,-22.199,1.25,0.284,0.126,-113.8,0,0.0035,0.00
13:18:52,22.25464793779945,84.87970591719917,-12.537,-22.193,1.25,0.284,0.126,-113.8,0,0.0035,0.00
13:18:52,22.254648009027115,84.8797060955439,-12.518,-22.185,1.25,0.310,0.136,-113.4,0,0.0038,0.00
13:18:52,22.254648070910903,84.8797062478006,-12.503,-22.178,1.25,0.310,0.136,-113.2,0,0.0038,0.00
13:18:52,22.25464814313408,84.87970643289539,-12.484,-22.170,1.24,0.333,0.144,-113.0,0,0.0041,0.00
13:18:52,22.254648208553622,84.879706596333,-12.467,-22.163,1.24,0.333,0.144,-113.0,0,0.0041,0.00
13:18:52,22.254648284198588,84.87970679328953,-12.446,-22.154,1.24,0.357,0.152,-112.7,0,0.0043,0.00
13:18:52,22.254648353148617,84.87970696827128,-12.428,-22.147,1.24,0.357,0.152,-112.5,0,0.0043,0.00
13:18:53,22.254648431171685,84.87970717208725,-12.407,-22.138,1.24,0.378,0.159,-112.5,0,0.0046,0.00
13:18:53,22.254648503200627,84.87970735688843,-12.388,-22.130,1.23,0.378,0.159,-112.3,0,0.0000,0.00
13:18:53,22.25464855765536,84.87970750119321,-12.373,-22.124,1.23,0.349,0.146,-112.2,0,0.0035,0.00
13:18:53,22.25464862365958,84.879707672136,-12.356,-22.117,1.23,0.349,0.146,-112.1,0,0.0035,0.00
13:18:53,22.25464868947761,84.87970784259657,-12.338,-22.109,1.23,0.349,0.146,-112.1,0,0.0035,0.00
13:18:53,22.254648721335492,84.87970792966033,-12.329,-22.106,1.23,0.295,0.122,-111.9,0,0.0027,0.00
13:18:53,22.254648754335985,84.87970801818673,-12.320,-22.102,1.23,0.256,0.105,-111.8,0,0.0023,0.00
13:18:53,22.25464880216043,84.87970814404085,-12.307,-22.097,1.23,0.256,0.105,-111.8,0,0.0023,0.00
13:18:53,22.25464884968619,84.87970826910896,-12.294,-22.091,1.23,0.256,0.105,-111.5,0,0.0023,0.00
13:18:53,22.254648874857143,84.87970834055989,-12.287,-22.089,1.23,0.220,0.089,-111.3,0,0.0021,0.00
13:18:53,22.25464891520993,84.87970844845869,-12.276,-22.084,1.23,0.220,0.089,-111.2,0,0.0021,0.00
13:18:53,22.254648942870265,84.87970852688441,-12.268,-22.081,1.23,0.200,0.080,-111.2,0,0.0020,0.00
13:18:53,22.2546489791288,84.87970862530429,-12.258,-22.077,1.23,0.200,0.080,-110.8,0,0.0020,0.00
13:18:53,22.254649003658272,84.8797086975217,-12.250,-22.074,1.23,0.183,0.071,-110.7,0,0.0019,0.00
13:18:53,22.254649036035058,84.87970878730444,-12.241,-22.071,1.25,0.183,0.071,-110.5,0,0.0019,0.00
13:18:53,22.25464906824975,84.87970887663766,-12.232,-22.067,1.25,0.183,0.071,-110.5,0,0.0019,0.00
13:18:53,22.254649096233067,84.87970896200724,-12.223,-22.064,1.25,0.180,0.068,-110.2,0,0.0019,0.00
13:18:53,22.25464912734658,84.87970905074053,-12.214,-22.061,1.25,0.180,0.068,-110.1,0,0.0019,0.00
13:18:53,22.25464914921133,84.87970911701146,-12.207,-22.058,1.25,0.166,0.062,-110.1,0,0.0017,0.00
13:18:53,22.254649177433702,84.87970919874941,-12.199,-22.055,1.25,0.166,0.062,-110.1,0,0.0017,0.00
13:18:54,22.254649199433892,84.8797092649679,-12.192,-22.053,1.25,0.156,0.058,-110.0,0,0.0016,0.00
13:18:54,22.254649225683817,84.8797093418213,-12.184,-22.050,1.25,0.156,0.058,-109.9,0,0.0016,0.00
13:18:54,22.254649244258893,84.8797093977894,-12.178,-22.048,1.25,0.142,0.052,-109.9,0,0.0014,0.00
13:18:54,22.254649267826917,84.8797094673274,-12.171,-22.045,1.27,0.142,0.052,-109.7,0,0.0014,0.00
13:18:54,22.254649284839484,84.8797095193449,-12.166,-22.043,1.27,0.130,0.047,-109.6,0,0.0013,0.00
13:18:54,22.25464930617113,84.87970958291362,-12.159,-22.041,1.27,0.130,0.047,-109.8,0,0.0013,0.00
13:18:54,22.25464932006964,84.87970962455455,-12.155,-22.039,1.27,0.114,0.041,-109.8,0,0.0011,0.00
13:18:54,22.254649338802242,84.87970968045593,-12.149,-22.037,1.27,0.114,0.041,-110.2,0,0.0011,0.00
13:18:54,22.254649357543872,84.87970973638424,-12.143,-22.035,1.29,0.114,0.041,-110.6,0,0.0011,0.00
13:18:54,22.254649451514446,84.8797096583572,-12.151,-22.024,1.29,0.027,0.094,-111.2,0,0.0018,0.00
13:18:54,22.254649494505657,84.87970967146597,-12.150,-22.020,1.29,0.027,0.094,-111.2,0,0.0018,0.00
13:18:54,22.25464961575996,84.87970960482359,-12.157,-22.006,1.29,-0.026,0.150,-111.4,0,0.0023,0.00
13:18:54,22.25464968407686,84.87970959221977,-12.158,-21.999,1.29,-0.026,0.150,-111.6,0,0.0023,0.00
13:18:54,22.254649795280304,84.87970953686063,-12.164,-21.986,1.29,-0.055,0.182,-111.9,0,0.0024,0.00
13:18:54,22.254649877949323,84.87970951002728,-12.167,-21.977,1.29,-0.055,0.182,-111.9,0,0.0024,0.00
13:18:54,22.254649959936277,84.87970948341531,-12.169,-21.968,1.29,-0.055,0.182,-112.0,0,0.0000,0.00
13:18:54,22.254650042093257,84.87970945674816,-12.172,-21.959,1.29,-0.055,0.182,-112.1,0,0.0000,0.00
13:18:54,22.25465017803445,84.87970938857536,-12.179,-21.944,1.30,-0.078,0.215,-112.1,0,0.0027,0.00
13:18:54,22.254650275965748,84.87970934996996,-12.183,-21.933,1.30,-0.078,0.215,-112.1,0,0.0027,0.00
13:18:55,22.254650394080976,84.87970929611946,-12.189,-21.920,1.30,-0.088,0.228,-112.0,0,0.0027,0.00
13:18:55,22.25465049778016,84.87970925312476,-12.193,-21.908,1.30,-0.088,0.228,-111.7,0,0.0027,0.00
13:18:55,22.254650601122883,84.87970921027785,-12.197,-21.897,1.30,-0.088,0.228,-111.7,0,0.0027,0.00
13:18:55,22.25465067752896,84.87970917681405,-12.201,-21.888,1.30,-0.082,0.211,-111.6,0,0.0022,0.00
13:18:55,22.254650773336763,84.8797091365749,-12.205,-21.877,1.30,-0.082,0.211,-111.4,0,0.0022,0.00
13:18:55,22.25465083695772,84.87970911013902,-12.208,-21.870,1.30,-0.074,0.190,-111.0,0,0.0019,0.00
13:18:55,22.254650923292573,84.87970907396465,-12.211,-21.861,1.29,-0.074,0.190,-111.0,0,0.0019,0.00
13:18:55,22.25465097850013,84.87970905128294,-12.214,-21.855,1.29,-0.065,0.168,-110.8,0,0.0016,0.00
13:18:55,22.254651054915957,84.87970901940862,-12.217,-21.846,1.29,-0.065,0.168,-110.5,0,0.0016,0.00
13:18:55,22.254651106491917,84.87970899903063,-12.219,-21.840,1.29,-0.057,0.150,-110.2,0,0.0014,0.00
13:18:55,22.254651174799864,84.87970897091725,-12.222,-21.833,1.29,-0.057,0.150,-110.2,0,0.0014,0.00
13:18:55,22.25465122121037,84.87970895267128,-12.224,-21.827,1.29,-0.050,0.134,-109.9,0,0.0013,0.00
13:18:55,22.254651282119244,84.87970892789616,-12.227,-21.821,1.29,-0.050,0.134,-109.7,0,0.0013,0.00
13:18:55,22.254651342772156,84.87970890322515,-12.229,-21.814,1.29,-0.050,0.134,-109.0,0,0.0013,0.00
13:18:55,22.25465140338604,84.87970887857001,-12.232,-21.807,1.29,-0.050,0.134,-109.0,0,0.0013,0.00
13:18:55,22.254651464015705,84.87970885390845,-12.234,-21.800,1.28,-0.050,0.134,-108.8,0,0.0013,0.00
13:18:55,22.254651524718255,84.87970882921725,-12.237,-21.794,1.28,-0.050,0.134,-108.7,0,0.0013,0.00
13:18:55,22.25465158548882,84.87970880449839,-12.239,-21.787,1.28,-0.050,0.134,-109.0,0,0.0013,0.00
13:18:55,22.25465164616555,84.87970877981769,-12.242,-21.780,1.28,-0.050,0.134,-109.0,0,0.0013,0.00
13:18:55,22.25465149580512,84.87970883912855,-12.236,-21.797,1.28,-0.017,0.044,-109.5,0,0.0008,0.00
13:18:56,22.254651515815198,84.87970883063024,-12.237,-21.795,1.26,-0.017,0.044,-110.4,0,0.0008,0.00
13:18:56,22.254651359943033,84.87970889300504,-12.230,-21.812,1.26,0.014,-0.039,-110.4,0,0.0014,0.00
13:18:56,22.254651342307174,84.87970889967538,-12.229,-21.814,1.26,0.014,-0.039,-110.9,0,0.0014,0.00
13:18:56,22.25465122383011,84.8797089501488,-12.224,-21.827,1.26,0.036,-0.094,-111.3,0,0.0019,0.00
13:18:56,22.25465118091511,84.87970896780016,-12.222,-21.832,1.26,0.036,-0.094,-112.1,0,0.0019,0.00
13:18:56,22.254651138040316,84.87970898543497,-12.221,-21.837,1.26,0.036,-0.094,-112.1,0,0.0019,0.00
13:18:56,22.254651017463434,84.87970904086029,-12.215,-21.850,1.26,0.057,-0.141,-112.3,0,0.0021,0.00
13:18:56,22.254650953032577,84.87970906896018,-12.212,-21.857,1.26,0.057,-0.141,-112.4,0,0.0021,0.00
13:18:56,22.254650825830083,84.879709126744,-12.206,-21.872,1.26,0.075,-0.182,-112.3,0,0.0026,0.00
13:18:56,22.254650742902605,84.87970916358725,-12.202,-21.881,1.24,0.075,-0.182,-112.3,0,0.0026,0.00
13:18:56,22.25465066026488,84.87970920030176,-12.198,-21.890,1.24,0.075,-0.182,-112.2,0,0.0000,0.00
13:18:56,22.25465057775472,84.87970923695958,-12.195,-21.899,1.24,0.075,-0.182,-112.0,0,0.0000,0.00
13:18:56,22.254650438570618,84.87970929892505,-12.188,-21.915,1.24,0.089,-0.215,-112.0,0,0.0030,0.00
13:18:56,22.254650340809057,84.87970934239323,-12.184,-21.925,1.22,0.089,-0.215,-111.9,0,0.0030,0.00
13:18:56,22.25465019294641,84.87970940683098,-12.177,-21.942,1.22,0.101,-0.246,-111.8,0,0.0031,0.00
13:18:56,22.254650081123362,84.8797094561849,-12.172,-21.954,1.22,0.101,-0.246,-111.8,0,0.0031,0.00
13:18:56,22.25464993789913,84.87970951836554,-12.166,-21.970,1.22,0.109,-0.267,-111.8,0,0.0031,0.00
13:18:56,22.254649816508337,84.87970957162956,-12.160,-21.984,1.22,0.109,-0.267,-111.8,0,0.0031,0.00
13:18:56,22.25464963195628,84.87970958597215,-12.159,-22.004,1.22,0.083,-0.312,-111.7,0,0.0036,0.00
13:18:56,22.25464948999272,84.87970962679368,-12.154,-22.020,1.22,0.083,-0.312,-111.7,0,0.0036,0.00
13:18:57,22.254649348852155,84.87970966737856,-12.150,-22.036,1.22,0.083,-0.312,-111.7,0,0.0036,0.00
13:18:57,22.254649215760683,84.87970973851084,-12.143,-22.051,1.22,0.102,-0.307,-111.7,0,0.0033,0.00
13:18:57,22.254649076236937,84.87970978879208,-12.138,-22.066,1.20,0.102,-0.307,-111.8,0,0.0033,0.00
13:18:57,22.254648892661614,84.87970980344933,-12.136,-22.087,1.20,0.080,-0.338,-111.8,0,0.0037,0.00
13:18:57,22.254648739299018,84.87970984252665,-12.132,-22.104,1.20,0.080,-0.338,-111.8,0,0.0037,0.00
13:18:57,22.254648544290294,84.87970986086289,-12.130,-22.125,1.20,0.066,-0.368,-111.9,0,0.0040,0.00
13:18:57,22.254648377054423,84.87970989322324,-12.127,-22.144,1.19,0.066,-0.368,-111.9,0,0.0040,0.00
13:18:57,22.254648186738564,84.87970992585092,-12.124,-22.165,1.19,0.066,-0.386,-112.0,0,0.0040,0.00
13:18:57,22.254648011418396,84.87970995836034,-12.120,-22.185,1.19,0.066,-0.386,-112.1,0,0.0040,0.00
13:18:57,22.25464782034097,84.87970998109927,-12.118,-22.206,1.19,0.059,-0.398,-112.2,0,0.0040,0.00
13:18:57,22.25464763947633,84.87971001027995,-12.115,-22.226,1.19,0.059,-0.398,-112.2,0,0.0040,0.00
13:18:57,22.2546474441144,84.87971002370551,-12.114,-22.248,1.19,0.048,-0.410,-112.4,0,0.0041,0.00
13:18:57,22.254647257940288,84.87971004746066,-12.111,-22.269,1.19,0.048,-0.410,-112.6,0,0.0041,0.00
13:18:57,22.25464707252155,84.87971007111942,-12.109,-22.289,1.19,0.048,-0.410,-112.7,0,0.0041,0.00
13:18:57,22.25464687472203,84.87971007723755,-12.108,-22.311,1.19,0.037,-0.418,-112.7,0,0.0041,0.00
13:18:57,22.25464668483878,84.87971009537809,-12.106,-22.332,1.18,0.037,-0.418,-112.9,0,0.0041,0.00
13:18:57,22.254646490640145,84.87971009790778,-12.106,-22.354,1.18,0.027,-0.422,-113.0,0,0.0042,0.00
13:18:57,22.25464629907019,84.87971011107958,-12.105,-22.375,1.18,0.027,-0.422,-113.0,0,0.0042,0.00
13:18:57,22.254646102898473,84.87971012082866,-12.104,-22.397,1.18,0.025,-0.425,-113.0,0,0.0043,0.00
13:18:57,22.254645909547822,84.87971013288868,-12.102,-22.419,1.18,0.025,-0.425,-113.1,0,0.0043,0.00
13:18:58,22.25464570721483,84.87971015758058,-12.100,-22.441,1.17,0.033,-0.433,-113.2,0,0.0044,0.00
13:18:58,22.25464551044335,84.87971017394342,-12.098,-22.463,1.17,0.033,-0.433,-113.3,0,0.0044,0.00
13:18:58,22.25464530907298,84.87971018609188,-12.097,-22.486,1.17,0.030,-0.437,-113.3,0,0.0044,0.00
13:18:58,22.254645110740597,84.87971020100447,-12.095,-22.508,1.17,0.030,-0.437,-113.4,0,0.0044,0.00
13:18:58,22.254644899735705,84.87971022154612,-12.093,-22.531,1.17,0.034,-0.447,-113.5,0,0.0045,0.00
13:18:58,22.25464469653967,84.87971023844989,-12.091,-22.554,1.17,0.034,-0.447,-113.6,0,0.0000,0.00
13:18:58,22.254644487231765,84.87971024829702,-12.090,-22.577,1.17,0.029,-0.452,-113.6,0,0.0045,0.00
13:18:58,22.254644281991435,84.87971026273222,-12.089,-22.600,1.17,0.029,-0.452,-113.7,0,0.0045,0.00
13:18:58,22.254644068608236,84.87971028921005,-12.086,-22.624,1.17,0.038,-0.459,-113.7,0,0.0046,0.00
13:18:58,22.2546438603813,84.87971030786807,-12.084,-22.647,1.18,0.038,-0.459,-113.7,0,0.0046,0.00
13:18:58,22.2546436525612,84.87971032648964,-12.082,-22.670,1.18,0.038,-0.459,-113.7,0,0.0046,0.00
13:18:58,22.254643450796245,84.8797103667072,-12.078,-22.692,1.18,0.052,-0.454,-113.7,0,0.0046,0.00
13:18:58,22.254643243596835,84.87971039237298,-12.076,-22.716,1.18,0.052,-0.454,-113.7,0,0.0046,0.00
13:18:58,22.254643043762858,84.87971042646964,-12.072,-22.738,1.19,0.058,-0.450,-114.2,0,0.0045,0.00
13:18:58,22.25464283858353,84.87971045488615,-12.069,-22.761,1.19,0.058,-0.450,-114.2,0,0.0045,0.00
13:18:58,22.254642680755424,84.87971045175644,-12.070,-22.778,1.19,0.037,-0.417,-114.6,0,0.0037,0.00
13:18:58,22.254642491303546,84.87971046975466,-12.068,-22.799,1.19,0.037,-0.417,-115.0,0,0.0037,0.00
13:18:58,22.254642382296268,84.87971047227325,-12.067,-22.811,1.19,0.026,-0.358,-115.0,0,0.0028,0.00
13:18:58,22.25464221960011,84.87971048507306,-12.066,-22.830,1.19,0.026,-0.358,-115.4,0,0.0028,0.00
13:18:59,22.254642058476282,84.87971045441924,-12.069,-22.847,1.19,-0.004,-0.357,-115.0,0,0.0036,0.00
13:18:59,22.254641896332693,84.87971045225292,-12.069,-22.866,1.19,-0.004,-0.357,-114.4,0,0.0036,0.00
13:18:59,22.25464173497069,84.87971045009706,-12.070,-22.883,1.19,-0.004,-0.357,-114.4,0,0.0036,0.00
13:18:59,22.254641521175113,84.87971036555993,-12.078,-22.907,1.19,-0.058,-0.394,-112.3,0,0.0037,0.00
13:18:59,22.254641342524437,84.87971033721973,-12.081,-22.927,1.19,-0.058,-0.394,-111.1,0,0.0037,0.00
13:18:59,22.254641142869524,84.87971023725069,-12.092,-22.949,1.19,-0.105,-0.409,-108.0,0,0.0038,0.00
13:18:59,22.254640957569805,84.87971018605025,-12.097,-22.970,1.19,-0.105,-0.409,-108.0,0,0.0038,0.00
13:18:59,22.254640757767646,84.87971006435376,-12.109,-22.992,1.20,-0.152,-0.420,-106.5,0,0.0037,0.00
13:18:59,22.2546405674327,84.87970998983462,-12.117,-23.013,1.20,-0.152,-0.420,-105.2,0,0.0037,0.00
13:18:59,22.254640418128574,84.87970982430475,-12.134,-23.030,1.20,-0.215,-0.390,-105.2,0,0.0038,0.00
13:18:59,22.254640241335544,84.87970971880482,-12.145,-23.050,1.20,-0.215,-0.390,-104.4,0,0.0038,0.00
13:18:59,22.2546401287673,84.8797094806322,-12.170,-23.062,1.20,-0.309,-0.341,-104.7,0,0.0050,0.00
13:18:59,22.25463997378059,84.87970932919215,-12.185,-23.080,1.20,-0.309,-0.341,-105.1,0,0.0050,0.00
13:18:59,22.254639819197983,84.87970917814697,-12.201,-23.097,1.20,-0.309,-0.341,-106.0,0,0.0050,0.00
13:18:59,22.25463972602526,84.87970887710293,-12.232,-23.107,1.20,-0.406,-0.299,-106.0,0,0.0057,0.00
13:18:59,22.254639590551765,84.87970867810469,-12.252,-23.122,1.20,-0.406,-0.299,-106.5,0,0.0057,0.00
13:18:59,22.25463949256147,84.87970838498786,-12.282,-23.133,1.21,-0.468,-0.273,-106.9,0,0.0058,0.00
13:18:59,22.254639368631224,84.87970815529701,-12.306,-23.147,1.21,-0.468,-0.273,-106.9,0,0.0058,0.00
13:18:59,22.2546393085098,84.87970786641792,-12.336,-23.154,1.21,-0.508,-0.227,-107.6,0,0.0059,0.00
13:18:59,22.25463920551915,84.87970761723078,-12.362,-23.165,1.21,-0.508,-0.227,-107.9,0,0.0059,0.00
13:19:00,22.254639129586327,84.87970734088137,-12.390,-23.174,1.21,-0.527,-0.207,-108.6,0,0.0060,0.00
13:19:00,22.254639035650914,84.87970708241235,-12.417,-23.184,1.21,-0.527,-0.207,-108.6,0,0.0000,0.00
13:19:00,22.25463894762467,84.87970678955706,-12.447,-23.194,1.21,-0.552,-0.203,-108.9,0,0.0063,0.00
13:19:00,22.254638855840007,84.87970651971023,-12.475,-23.204,1.21,-0.552,-0.203,-109.3,0,0.0063,0.00
13:19:00,22.254638762256242,84.87970623077123,-12.504,-23.214,1.21,-0.565,-0.204,-109.5,0,0.0064,0.00
13:19:00,22.254638669700306,84.87970595388927,-12.533,-23.225,1.21,-0.565,-0.204,-109.5,0,0.0064,0.00
13:19:00,22.254638577266345,84.8797056773722,-12.561,-23.235,1.21,-0.565,-0.204,-109.6,0,0.0064,0.00
13:19:00,22.254638469947633,84.87970535919675,-12.594,-23.247,1.21,-0.592,-0.214,-109.9,0,0.0067,0.00
13:19:00,22.254638365068708,84.87970504759211,-12.626,-23.259,1.21,-0.606,-0.220,-109.9,0,0.0068,0.00
13:19:00,22.254638265154508,84.87970475001788,-12.657,-23.270,1.21,-0.606,-0.220,-110.1,0,0.0068,0.00
13:19:00,22.254638165628112,84.87970445359862,-12.687,-23.281,1.20,-0.606,-0.220,-110.2,0,0.0068,0.00
13:19:00,22.2546380541664,84.879704138108,-12.720,-23.293,1.20,-0.618,-0.228,-110.5,0,0.0068,0.00
13:19:00,22.254637950241438,84.87970383395131,-12.751,-23.305,1.20,-0.618,-0.228,-110.5,0,0.0068,0.00
13:19:00,22.254637834139515,84.8797035045362,-12.785,-23.318,1.20,-0.636,-0.237,-110.6,0,0.0071,0.00
13:19:00,22.25463772610473,84.87970319173067,-12.817,-23.330,1.19,-0.636,-0.237,-110.8,0,0.0071,0.00
13:19:00,22.254637607142605,84.87970285670121,-12.852,-23.343,1.19,-0.652,-0.246,-110.8,0,0.0073,0.00
13:19:00,22.254637494952174,84.87970253500738,-12.885,-23.355,1.19,-0.652,-0.246,-110.8,0,0.0073,0.00
13:19:00,22.254637369989474,84.87970218334429,-12.921,-23.369,1.19,-0.675,-0.256,-110.9,0,0.0075,0.00
13:19:00,22.2546372534756,84.87970185150975,-12.956,-23.382,1.19,-0.675,-0.256,-110.9,0,0.0075,0.00
13:19:00,22.254637129110616,84.8797015018797,-12.992,-23.396,1.19,-0.689,-0.262,-110.9,0,0.0076,0.00
13:19:01,22.25463700972018,84.87970116341917,-13.026,-23.410,1.19,-0.689,-0.262,-110.9,0,0.0076,0.00
13:19:01,22.25463689586862,84.87970084544804,-13.059,-23.422,1.19,-0.675,-0.259,-111.0,0,0.0072,0.00
13:19:01,22.254636778292454,84.87970051378417,-13.093,-23.435,1.19,-0.675,-0.259,-111.0,0,0.0072,0.00
13:19:01,22.25463666116013,84.87970018337234,-13.127,-23.448,1.20,-0.675,-0.259,-111.0,0,0.0072,0.00
13:19:01,22.254636544600817,84.87969985844305,-13.161,-23.461,1.20,-0.671,-0.258,-111.1,0,0.0073,0.00
13:19:01,22.254636427243327,84.87969952862055,-13.195,-23.474,1.20,-0.671,-0.258,-111.2,0,0.0073,0.00
13:19:01,22.25463631861687,84.87969922962598,-13.226,-23.486,1.20,-0.652,-0.252,-111.2,0,0.0069,0.00
13:19:01,22.254636203923354,84.87969890928912,-13.259,-23.499,1.20,-0.652,-0.252,-111.2,0,0.0069,0.00
13:19:01,22.254636078661388,84.8796985644732,-13.294,-23.513,1.20,-0.669,-0.260,-111.3,0,0.0076,0.00
13:19:01,22.254635960319902,84.87969823559806,-13.328,-23.526,1.20,-0.669,-0.260,-111.3,0,0.0076,0.00
13:19:01,22.254635834824914,84.87969789085332,-13.364,-23.540,1.20,-0.680,-0.265,-111.4,0,0.0077,0.00
13:19:01,22.2546357142871,84.87969755721726,-13.398,-23.554,1.20,-0.680,-0.265,-111.4,0,0.0077,0.00
13:19:01,22.254635599984777,84.87969724369034,-13.430,-23.566,1.20,-0.667,-0.261,-111.4,0,0.0071,0.00
13:19:01,22.254635481496017,84.87969691669596,-13.464,-23.580,1.20,-0.667,-0.261,-111.6,0,0.0071,0.00
13:19:01,22.254635354206567,84.87969657177294,-13.500,-23.594,1.20,-0.680,-0.268,-111.6,0,0.0077,0.00
13:19:01,22.25463523252506,84.879696238156,-13.534,-23.607,1.20,-0.680,-0.268,-111.7,0,0.0077,0.00
13:19:01,22.254635111042244,84.87969590508382,-13.568,-23.621,1.20,-0.680,-0.268,-111.8,0,0.0077,0.00
13:19:01,22.25463498969668,84.87969557238793,-13.602,-23.634,1.20,-0.680,-0.268,-111.9,0,0.0000,0.00
13:19:01,22.254634868265548,84.87969523945745,-13.637,-23.648,1.20,-0.680,-0.268,-111.9,0,0.0000,0.00
13:19:01,22.254634723091815,84.87969486467925,-13.675,-23.664,1.20,-0.703,-0.282,-112.0,0,0.0079,0.00
13:19:02,22.25463459513437,84.87969451983042,-13.711,-23.678,1.20,-0.703,-0.282,-112.1,0,0.0079,0.00
13:19:02,22.254634476949867,84.8796942135091,-13.742,-23.691,1.20,-0.683,-0.276,-112.2,0,0.0073,0.00
13:19:02,22.254634351248612,84.87969387799365,-13.777,-23.705,1.20,-0.683,-0.276,-112.2,0,0.0073,0.00
13:19:02,22.254634220263657,84.87969353465644,-13.812,-23.720,1.20,-0.689,-0.280,-112.2,0,0.0076,0.00
13:19:02,22.25463409278957,84.87969319623475,-13.847,-23.734,1.20,-0.689,-0.280,-112.2,0,0.0076,0.00
13:19:02,22.254633968344084,84.8796928685341,-13.881,-23.748,1.20,-0.683,-0.279,-112.2,0,0.0074,0.00
13:19:02,22.254633841906667,84.87969253369894,-13.916,-23.762,1.20,-0.683,-0.279,-112.2,0,0.0074,0.00
13:19:02,22.25463371574861,84.87969219960361,-13.950,-23.776,1.20,-0.683,-0.279,-112.2,0,0.0074,0.00
13:19:02,22.254633589631904,84.87969186793188,-13.984,-23.790,1.20,-0.682,-0.279,-112.2,0,0.0074,0.00
13:19:02,22.25463346288371,84.87969153297503,-14.019,-23.804,1.20,-0.682,-0.279,-112.3,0,0.0074,0.00
13:19:02,22.254633319277147,84.87969115679218,-14.057,-23.820,1.19,-0.709,-0.291,-112.4,0,0.0080,0.00
13:19:02,22.2546331869975,84.87969080824826,-14.093,-23.835,1.19,-0.709,-0.291,-112.4,0,0.0080,0.00
13:19:02,22.254633060742012,84.87969047773912,-14.127,-23.849,1.19,-0.699,-0.287,-112.4,0,0.0076,0.00
13:19:02,22.254632930244703,84.87969013458844,-14.163,-23.864,1.19,-0.699,-0.287,-112.4,0,0.0076,0.00
13:19:02,22.254632811376936,84.8796898229708,-14.195,-23.877,1.19,-0.678,-0.279,-112.4,0,0.0072,0.00
13:19:02,22.25463268443347,84.87968948948242,-14.229,-23.891,1.19,-0.678,-0.279,-112.4,0,0.0072,0.00
13:19:02,22.25463259074138,84.87968924824074,-14.254,-23.901,1.19,-0.616,-0.255,-112.7,0,0.0061,0.00
13:19:02,22.25463247491013,84.87968894560716,-14.285,-23.914,1.19,-0.616,-0.255,-112.9,0,0.0061,0.00
13:19:02,22.254632397728432,84.87968875325937,-14.305,-23.923,1.19,-0.540,-0.226,-113.1,0,0.0050,0.00
13:19:03,22.25463229533418,84.87968848892537,-14.332,-23.934,1.19,-0.540,-0.226,-113.1,0,0.0050,0.00
13:19:03,22.25463219322773,84.87968822533435,-14.359,-23.946,1.19,-0.540,-0.226,-113.5,0,0.0050,0.00
13:19:03,22.254632139017943,84.87968810014637,-14.372,-23.952,1.19,-0.450,-0.192,-113.6,0,0.0041,0.00
13:19:03,22.254632051635905,84.87968787924562,-14.395,-23.961,1.19,-0.450,-0.192,-113.8,0,0.0041,0.00
13:19:03,22.254631991901142,84.87968773730135,-14.410,-23.968,1.19,-0.399,-0.173,-113.8,0,0.0039,0.00
13:19:03,22.254631913237432,84.8796875413327,-14.430,-23.977,1.19,-0.399,-0.173,-114.4,0,0.0039,0.00
13:19:03,22.254631852768085,84.87968740255991,-14.444,-23.984,1.19,-0.361,-0.160,-114.6,0,0.0036,0.00
13:19:03,22.254631780106816,84.87968722545078,-14.462,-23.992,1.19,-0.361,-0.160,-114.6,0,0.0036,0.00
13:19:03,22.254631718912563,84.87968708680651,-14.477,-23.998,1.19,-0.335,-0.152,-115.1,0,0.0035,0.00
13:19:03,22.25463165013298,84.87968692270947,-14.494,-24.006,1.20,-0.335,-0.152,-115.4,0,0.0035,0.00
13:19:03,22.254631587084564,84.87968678096624,-14.508,-24.013,1.20,-0.320,-0.148,-115.6,0,0.0035,0.00
13:19:03,22.254631520186212,84.87968662434366,-14.524,-24.021,1.20,-0.320,-0.148,-115.6,0,0.0035,0.00
13:19:03,22.25463145335357,84.87968646787493,-14.541,-24.028,1.20,-0.320,-0.148,-115.9,0,0.0035,0.00
13:19:03,22.25463138651809,84.87968631139954,-14.557,-24.035,1.21,-0.320,-0.148,-116.0,0,0.0000,0.00
13:19:03,22.25463131973252,84.87968615504101,-14.573,-24.043,1.21,-0.320,-0.148,-116.0,0,0.0000,0.00
13:19:03,22.254631281099222,84.87968607788268,-14.581,-24.047,1.21,-0.278,-0.132,-116.2,0,0.0029,0.00
13:19:03,22.254631221180496,84.87968594103917,-14.595,-24.054,1.21,-0.278,-0.132,-116.3,0,0.0029,0.00
13:19:03,22.25463117911684,84.87968585037231,-14.604,-24.059,1.21,-0.253,-0.121,-116.3,0,0.0027,0.00
13:19:03,22.254631124100385,84.87968572617302,-14.617,-24.065,1.21,-0.253,-0.121,-116.3,0,0.0027,0.00
13:19:03,22.25463107633221,84.87968562187594,-14.628,-24.070,1.21,-0.242,-0.117,-116.4,0,0.0027,0.00
13:19:04,22.254631023245462,84.87968550307355,-14.640,-24.076,1.21,-0.242,-0.117,-116.4,0,0.0027,0.00
13:19:04,22.25463098358971,84.87968541399128,-14.649,-24.080,1.21,-0.223,-0.108,-116.1,0,0.0023,0.00
13:19:04,22.254630934768663,84.87968530462878,-14.660,-24.086,1.22,-0.223,-0.108,-116.1,0,0.0023,0.00
13:19:04,22.254630886092983,84.8796851955919,-14.672,-24.091,1.22,-0.223,-0.108,-115.6,0,0.0023,0.00
13:19:04,22.254630772613886,84.87968515673379,-14.676,-24.104,1.22,-0.179,-0.151,-115.0,0,0.0022,0.00
13:19:04,22.254630642627927,84.87968511088637,-14.680,-24.118,1.22,-0.151,-0.195,-115.0,0,0.0022,0.00
13:19:04,22.254630553996826,84.87968503658375,-14.688,-24.128,1.22,-0.151,-0.195,-114.2,0,0.0022,0.00
13:19:04,22.254630465622903,84.87968496249671,-14.696,-24.138,1.24,-0.151,-0.195,-112.5,0,0.0022,0.00
13:19:04,22.25463031883317,84.87968492958458,-14.699,-24.154,1.24,-0.124,-0.237,-111.6,0,0.0024,0.00
13:19:04,22.25463021150427,84.8796848687335,-14.705,-24.166,1.24,-0.124,-0.237,-111.6,0,0.0024,0.00
13:19:04,22.254630058192795,84.8796848263518,-14.710,-24.183,1.24,-0.112,-0.270,-109.7,0,0.0026,0.00
13:19:04,22.254629935641123,84.87968477140018,-14.715,-24.197,1.24,-0.112,-0.270,-109.1,0,0.0026,0.00
13:19:04,22.25462979016112,84.87968477326854,-14.715,-24.213,1.24,-0.073,-0.287,-109.0,0,0.0029,0.00
13:19:04,22.254629659913558,84.8796847373243,-14.719,-24.228,1.24,-0.073,-0.287,-109.0,0,0.0029,0.00
13:19:04,22.25462953340993,84.87968474915954,-14.718,-24.242,1.24,-0.040,-0.285,-109.4,0,0.0027,0.00
13:19:04,22.25462940440752,84.8796847295298,-14.720,-24.256,1.24,-0.040,-0.285,-110.0,0,0.0027,0.00
13:19:04,22.25462927533796,84.87968470988983,-14.722,-24.271,1.26,-0.040,-0.285,-111.4,0,0.0027,0.00
13:19:04,22.25462912888855,84.8796847339706,-14.719,-24.287,1.26,-0.012,-0.297,-111.4,0,0.0030,0.00
13:19:04,22.2546289701565,84.87968474041634,-14.718,-24.304,1.26,-0.004,-0.315,-112.0,0,0.0033,0.00
13:19:04,22.254628827134294,84.87968473868484,-14.719,-24.320,1.26,-0.004,-0.315,-112.5,0,0.0033,0.00
13:19:05,22.254628684595215,84.8796847369592,-14.719,-24.336,1.28,-0.004,-0.315,-113.3,0,0.0033,0.00
13:19:05,22.25462849774415,84.87968477301976,-14.715,-24.357,1.28,0.022,-0.347,-113.3,0,0.0037,0.00
13:19:05,22.254628340543395,84.87968478362676,-14.714,-24.375,1.28,0.022,-0.347,-113.6,0,0.0037,0.00
13:19:05,22.254628183105147,84.87968481097087,-14.711,-24.392,1.28,0.033,-0.347,-113.8,0,0.0037,0.00
13:19:05,22.254628025588833,84.87968482707555,-14.710,-24.410,1.28,0.033,-0.347,-113.8,0,0.0037,0.00
13:19:05,22.254627854342196,84.87968485371108,-14.707,-24.429,1.28,0.040,-0.358,-114.0,0,0.0037,0.00
13:19:05,22.25462769193608,84.87968487337778,-14.705,-24.447,1.28,0.040,-0.358,-114.2,0,0.0037,0.00
13:19:05,22.25462751631163,84.87968491447141,-14.701,-24.466,1.28,0.055,-0.368,-114.4,0,0.0038,0.00
13:19:05,22.254627349286316,84.87968494147482,-14.698,-24.485,1.28,0.055,-0.368,-114.4,0,0.0000,0.00
13:19:05,22.254627164324955,84.87968499011154,-14.693,-24.506,1.29,0.070,-0.382,-114.4,0,0.0041,0.00
13:19:05,22.254626990430626,84.87968502472867,-14.689,-24.525,1.29,0.070,-0.382,-114.5,0,0.0041,0.00
13:19:05,22.25462680189689,84.87968506167678,-14.685,-24.546,1.29,0.072,-0.394,-114.5,0,0.0041,0.00
13:19:05,22.254626622510848,84.87968509718327,-14.682,-24.566,1.29,0.072,-0.394,-114.4,0,0.0041,0.00
13:19:05,22.25462644405834,84.87968513250499,-14.678,-24.586,1.29,0.072,-0.394,-114.4,0,0.0041,0.00
13:19:05,22.25462626562357,84.87968516782318,-14.674,-24.606,1.29,0.072,-0.394,-114.4,0,0.0041,0.00
13:19:05,22.25462608687706,84.87968520320308,-14.671,-24.625,1.29,0.072,-0.394,-114.4,0,0.0041,0.00
13:19:05,22.25462590804269,84.87968523860037,-14.667,-24.645,1.29,0.072,-0.394,-114.4,0,0.0041,0.00
13:19:05,22.254625729221836,84.879685273995,-14.664,-24.665,1.29,0.072,-0.394,-114.4,0,0.0041,0.00
13:19:05,22.254625550651898,84.87968530933995,-14.660,-24.685,1.29,0.072,-0.394,-114.4,0,0.0041,0.00
13:19:05,22.25462537033093,84.87968552676547,-14.637,-24.705,1.29,0.144,-0.395,-114.3,0,0.0044,0.00
13:19:06,22.254625190837224,84.87968559751863,-14.630,-24.725,1.29,0.144,-0.395,-114.2,0,0.0044,0.00
13:19:06,22.25462501167781,84.87968566814003,-14.623,-24.745,1.29,0.144,-0.395,-114.2,0,0.0044,0.00
13:19:06,22.25462485635965,84.87968577217174,-14.612,-24.762,1.28,0.158,-0.384,-114.2,0,0.0043,0.00
13:19:06,22.254624676220033,84.87968586598487,-14.603,-24.782,1.28,0.166,-0.387,-114.1,0,0.0042,0.00
13:19:06,22.25462450078324,84.87968594724278,-14.594,-24.802,1.28,0.166,-0.387,-114.0,0,0.0042,0.00
13:19:06,22.254624325169132,84.87968602858281,-14.586,-24.822,1.28,0.166,-0.387,-114.0,0,0.0042,0.00
13:19:06,22.25462414180312,84.87968612052694,-14.576,-24.842,1.28,0.172,-0.392,-114.0,0,0.0045,0.00
13:19:06,22.254623963551275,84.87968620500878,-14.568,-24.862,1.27,0.172,-0.392,-114.0,0,0.0045,0.00
13:19:06,22.254623773173503,84.87968629780164,-14.558,-24.883,1.27,0.177,-0.400,-113.9,0,0.0045,0.00
13:19:06,22.254623591156502,84.87968638482246,-14.549,-24.903,1.27,0.177,-0.400,-113.9,0,0.0045,0.00
13:19:06,22.254623395355278,84.87968647923476,-14.539,-24.925,1.27,0.182,-0.410,-113.9,0,0.0048,0.00
13:19:06,22.254623208092156,84.87968656901691,-14.530,-24.946,1.27,0.182,-0.410,-113.8,0,0.0048,0.00
13:19:06,22.25462298646102,84.87968667433667,-14.519,-24.971,1.27,0.193,-0.436,-113.7,0,0.0051,0.00
13:19:06,22.254622560629862,84.87968681504944,-14.505,-25.018,1.27,0.159,-0.458,-113.7,0,0.0050,0.00
13:19:06,22.254622352329626,84.87968689334862,-14.497,-25.041,1.27,0.159,-0.458,-113.6,0,0.0050,0.00
13:19:06,22.254622144475043,84.8796869714803,-14.489,-25.064,1.26,0.159,-0.458,-113.5,0,0.0050,0.00
13:19:06,22.254621908554086,84.87968702311782,-14.483,-25.091,1.26,0.143,-0.478,-113.5,0,0.0052,0.00
13:19:06,22.254621690580766,84.87968709334899,-14.476,-25.115,1.26,0.143,-0.478,-113.5,0,0.0052,0.00
13:19:06,22.254621482258486,84.87968711904348,-14.473,-25.138,1.26,0.114,-0.472,-113.4,0,0.0047,0.00
13:19:07,22.25462126740796,84.87968717510934,-14.468,-25.162,1.26,0.114,-0.472,-113.2,0,0.0047,0.00
13:19:07,22.254621053632967,84.87968723089453,-14.462,-25.186,1.26,0.114,-0.472,-113.2,0,0.0000,0.00
13:19:07,22.254620839824582,84.87968728668844,-14.456,-25.210,1.26,0.114,-0.472,-113.2,0,0.0000,0.00
13:19:07,22.254620676668907,84.87968740524947,-14.444,-25.228,1.26,0.149,-0.442,-113.0,0,0.0048,0.00
13:19:07,22.254620476321882,84.87968747844516,-14.436,-25.250,1.26,0.149,-0.442,-113.0,0,0.0048,0.00
13:19:07,22.25462025279602,84.87968750861772,-14.433,-25.275,1.26,0.124,-0.457,-113.0,0,0.0048,0.00
13:19:07,22.25462004536033,84.87968756972765,-14.427,-25.298,1.26,0.124,-0.457,-113.0,0,0.0048,0.00
13:19:07,22.254619825937663,84.87968761011403,-14.423,-25.322,1.26,0.112,-0.465,-113.0,0,0.0049,0.00
13:19:07,22.25461961462981,84.8796876649603,-14.417,-25.346,1.26,0.112,-0.465,-113.0,0,0.0049,0.00
13:19:07,22.25461939502111,84.87968768932727,-14.415,-25.370,1.26,0.092,-0.472,-113.0,0,0.0048,0.00
13:19:07,22.254619180847158,84.87968773439104,-14.410,-25.394,1.26,0.092,-0.472,-113.0,0,0.0048,0.00
13:19:07,22.254618967725587,84.87968777923338,-14.405,-25.418,1.26,0.092,-0.472,-113.1,0,0.0048,0.00
13:19:07,22.254618735719266,84.87968782075971,-14.401,-25.444,1.26,0.090,-0.484,-113.1,0,0.0051,0.00
13:19:07,22.254618515707875,84.87968786480258,-14.397,-25.468,1.26,0.090,-0.484,-113.1,0,0.0051,0.00
13:19:07,22.254618298633368,84.87968790043216,-14.393,-25.492,1.26,0.084,-0.483,-113.3,0,0.0050,0.00
13:19:07,22.25461807918103,84.87968794190641,-14.389,-25.517,1.26,0.084,-0.483,-113.3,0,0.0050,0.00
13:19:07,22.25461786182167,84.8796879526182,-14.388,-25.541,1.26,0.064,-0.482,-113.3,0,0.0046,0.00
13:19:07,22.254617642800167,84.87968798411293,-14.384,-25.565,1.26,0.064,-0.482,-113.4,0,0.0046,0.00
13:19:07,22.254617425975884,84.87968800525259,-14.382,-25.590,1.26,0.057,-0.481,-113.3,0,0.0048,0.00
13:19:07,22.254617207480408,84.87968803330001,-14.379,-25.614,1.26,0.057,-0.481,-113.3,0,0.0048,0.00
13:19:08,22.254616989742086,84.87968806156498,-14.376,-25.638,1.26,0.057,-0.481,-113.3,0,0.0047,0.00
13:19:08,22.254616771738082,84.87968808965682,-14.373,-25.662,1.26,0.057,-0.481,-113.3,0,0.0047,0.00
13:19:08,22.254616535597172,84.87968811179162,-14.371,-25.689,1.25,0.053,-0.495,-113.4,0,0.0050,0.00
13:19:08,22.254616310963858,84.87968813786689,-14.368,-25.714,1.25,0.053,-0.495,-113.4,0,0.0050,0.00
13:19:08,22.254616089229955,84.87968816770255,-14.365,-25.738,1.25,0.056,-0.493,-113.4,0,0.0049,0.00
13:19:08,22.25461586508605,84.8796881951499,-14.363,-25.763,1.25,0.056,-0.493,-113.4,0,0.0049,0.00
13:19:08,22.254615641710814,84.8796882225031,-14.360,-25.788,1.25,0.056,-0.493,-113.5,0,0.0049,0.00
13:19:08,22.254615411243712,84.87968827475787,-14.354,-25.814,1.25,0.072,-0.498,-113.5,0,0.0051,0.00
13:19:08,22.25461518485039,84.87968831014507,-14.351,-25.839,1.25,0.072,-0.498,-113.5,0,0.0051,0.00
13:19:08,22.25461495048449,84.87968832071344,-14.350,-25.865,1.25,0.056,-0.505,-113.5,0,0.0049,0.00
13:19:08,22.25461472114041,84.87968834821999,-14.347,-25.891,1.25,0.056,-0.505,-113.5,0,0.0049,0.00
13:19:08,22.254614498382693,84.87968836877869,-14.345,-25.915,1.25,0.051,-0.501,-113.5,0,0.0049,0.00
13:19:08,22.254614270582856,84.87968839406709,-14.342,-25.941,1.25,0.051,-0.501,-113.5,0,0.0049,0.00
13:19:08,22.254614043810214,84.87968840961695,-14.340,-25.966,1.25,0.045,-0.500,-113.3,0,0.0049,0.00
13:19:08,22.25461381667777,84.87968843158454,-14.338,-25.991,1.25,0.045,-0.500,-113.3,0,0.0049,0.00
13:19:08,22.254613595328344,84.87968845599669,-14.336,-26.016,1.25,0.047,-0.496,-113.3,0,0.0049,0.00
13:19:08,22.254613369970066,84.87968847882338,-14.333,-26.041,1.25,0.047,-0.496,-113.2,0,0.0000,0.00
13:19:08,22.25461314493817,84.87968850161703,-14.331,-26.066,1.25,0.047,-0.496,-113.2,0,0.0000,0.00
13:19:08,22.2546129231912,84.87968853022618,-14.328,-26.091,1.25,0.050,-0.494,-113.2,0,0.0048,0.00
13:19:08,22.254612698293013,84.87968855495696,-14.325,-26.116,1.25,0.050,-0.494,-113.2,0,0.0048,0.00
13:19:09,22.254612479598478,84.87968858214454,-14.323,-26.140,1.25,0.052,-0.491,-113.3,0,0.0048,0.00
13:19:09,22.2546122551593,84.87968860783184,-14.320,-26.165,1.25,0.052,-0.491,-113.3,0,0.0048,0.00
13:19:09,22.25461201907991,84.87968861399378,-14.319,-26.191,1.25,0.039,-0.501,-113.3,0,0.0049,0.00
13:19:09,22.254611792175996,84.87968863313074,-14.317,-26.217,1.25,0.039,-0.501,-113.4,0,0.0049,0.00
13:19:09,22.254611557334297,84.87968864671313,-14.316,-26.243,1.25,0.035,-0.507,-113.5,0,0.0048,0.00
13:19:09,22.254611327412814,84.87968866400745,-14.314,-26.268,1.25,0.035,-0.507,-113.5,0,0.0048,0.00
13:19:09,22.25461109733816,84.87968868131328,-14.312,-26.294,1.25,0.035,-0.507,-113.5,0,0.0048,0.00
13:19:09,22.254610884209633,84.87968868951918,-14.312,-26.318,1.25,0.029,-0.496,-113.5,0,0.0047,0.00
13:19:09,22.25461065928112,84.87968870398026,-14.310,-26.343,1.25,0.029,-0.496,-113.5,0,0.0047,0.00
13:19:09,22.25461042509643,84.87968873431248,-14.307,-26.369,1.24,0.040,-0.503,-113.5,0,0.0050,0.00
13:19:09,22.254610196820206,84.87968875383676,-14.305,-26.394,1.24,0.040,-0.503,-113.5,0,0.0050,0.00
13:19:09,22.254609954778807,84.87968876504107,-14.304,-26.421,1.24,0.034,-0.514,-113.5,0,0.0051,0.00
13:19:09,22.254609721774894,84.87968878185487,-14.302,-26.447,1.24,0.034,-0.514,-113.5,0,0.0051,0.00
13:19:09,22.254609491386233,84.87968881048681,-14.299,-26.473,1.24,0.042,-0.512,-113.5,0,0.0052,0.00
13:19:09,22.254609258954947,84.87968883130544,-14.297,-26.499,1.24,0.042,-0.512,-113.5,0,0.0052,0.00
13:19:09,22.254609040493712,84.8796888714614,-14.293,-26.523,1.24,0.056,-0.502,-113.5,0,0.0050,0.00
13:19:09,22.254608812803767,84.87968889890753,-14.290,-26.548,1.24,0.056,-0.502,-113.5,0,0.0050,0.00
13:19:09,22.254608572352833,84.87968890724378,-14.289,-26.575,1.24,0.043,-0.513,-113.5,0,0.0050,0.00
13:19:09,22.254608339014695,84.87968892819156,-14.287,-26.601,1.24,0.043,-0.513,-113.5,0,0.0050,0.00
13:19:10,22.25460810883225,84.87968894243392,-14.286,-26.627,1.24,0.038,-0.510,-113.5,0,0.0051,0.00
13:19:10,22.25460787696773,84.87968896101292,-14.284,-26.653,1.24,0.038,-0.510,-113.5,0,0.0051,0.00
13:19:10,22.2546076462947,84.87968897949645,-14.282,-26.678,1.24,0.038,-0.510,-113.5,0,0.0051,0.00
13:19:10,22.254607424288995,84.87968897406128,-14.282,-26.703,1.24,0.022,-0.504,-113.4,0,0.0048,0.00
13:19:10,22.254607195281288,84.87968898500566,-14.281,-26.728,1.24,0.022,-0.504,-113.4,0,0.0048,0.00
13:19:10,22.25460698065854,84.87968900614591,-14.279,-26.752,1.24,0.029,-0.494,-113.3,0,0.0047,0.00
13:19:10,22.254606755552636,84.87968902039263,-14.278,-26.777,1.24,0.029,-0.494,-113.2,0,0.0047,0.00
13:19:10,22.254606537240214,84.879689039837,-14.276,-26.802,1.24,0.032,-0.490,-113.1,0,0.0048,0.00
13:19:10,22.254606313692673,84.87968905584552,-14.274,-26.827,1.23,0.032,-0.490,-113.1,0,0.0048,0.00
13:19:10,22.25460608160677,84.87968907040745,-14.272,-26.852,1.23,0.032,-0.497,-113.1,0,0.0049,0.00
13:19:10,22.25460585423605,84.87968908599102,-14.271,-26.878,1.23,0.032,-0.497,-113.3,0,0.0049,0.00
13:19:10,22.254605628885432,84.87968910143614,-14.269,-26.903,1.23,0.032,-0.497,-114.2,0,0.0000,0.00
13:19:10,22.25460540260041,84.8796891169453,-14.268,-26.928,1.23,0.032,-0.497,-114.2,0,0.0000,0.00
13:19:10,22.25460517728709,84.87968913238787,-14.266,-26.953,1.23,0.032,-0.497,-114.7,0,0.0000,0.00
13:19:10,22.254605052417872,84.87968914354192,-14.265,-26.967,1.23,0.029,-0.441,-115.7,0,0.0039,0.00
13:19:10,22.25460485137352,84.87968915798776,-14.263,-26.989,1.23,0.029,-0.441,-115.7,0,0.0039,0.00
13:19:10,22.25460475190017,84.87968914874486,-14.264,-27.000,1.23,0.016,-0.382,-116.1,0,0.0030,0.00
13:19:10,22.254604577499197,84.87968915688444,-14.263,-27.020,1.23,0.016,-0.382,-116.3,0,0.0030,0.00
13:19:10,22.254604449225106,84.87968916238357,-14.263,-27.034,1.23,0.015,-0.353,-115.8,0,0.0030,0.00
13:19:10,22.254604287957413,84.87968916976726,-14.262,-27.052,1.23,0.015,-0.353,-115.8,0,0.0030,0.00
13:19:11,22.25460407985947,84.87968913266,-14.266,-27.075,1.23,-0.013,-0.386,-114.9,0,0.0038,0.00
13:19:11,22.25460390331464,84.87968912601796,-14.267,-27.095,1.22,-0.013,-0.386,-112.7,0,0.0038,0.00
13:19:11,22.25460369901411,84.87968903860914,-14.276,-27.118,1.22,-0.068,-0.407,-111.3,0,0.0036,0.00
13:19:11,22.254603514172125,84.87968900544284,-14.279,-27.138,1.22,-0.068,-0.407,-111.3,0,0.0036,0.00
13:19:11,22.254603299933176,84.87968888525141,-14.291,-27.162,1.22,-0.128,-0.429,-109.8,0,0.0038,0.00
13:19:11,22.25460310377704,84.87968882218092,-14.298,-27.184,1.22,-0.128,-0.429,-106.6,0,0.0038,0.00
13:19:11,22.254602919434138,84.87968868756393,-14.312,-27.204,1.22,-0.178,-0.421,-105.3,0,0.0035,0.00
13:19:11,22.25460272762074,84.87968859989671,-14.321,-27.226,1.22,-0.178,-0.421,-105.3,0,0.0035,0.00
13:19:11,22.254602552378294,84.8796883935852,-14.342,-27.245,1.22,-0.263,-0.410,-104.5,0,0.0046,0.00
13:19:11,22.254602365865676,84.87968826433074,-14.355,-27.266,1.22,-0.263,-0.410,-104.2,0,0.0046,0.00
13:19:11,22.254602179805833,84.87968813539007,-14.369,-27.287,1.21,-0.263,-0.410,-104.3,0,0.0046,0.00
13:19:11,22.254602050911615,84.87968787157527,-14.396,-27.301,1.21,-0.350,-0.370,-104.3,0,0.0051,0.00
13:19:11,22.254601882300626,84.87968769895389,-14.414,-27.320,1.21,-0.350,-0.370,-104.6,0,0.0051,0.00
13:19:11,22.254601793943014,84.8796874288551,-14.441,-27.330,1.21,-0.414,-0.314,-105.3,0,0.0055,0.00
13:19:11,22.25460165112628,84.87968722521944,-14.462,-27.346,1.21,-0.414,-0.314,-105.3,0,0.0055,0.00
13:19:11,22.254601550358913,84.87968697615158,-14.488,-27.357,1.20,-0.446,-0.284,-105.6,0,0.0056,0.00
13:19:11,22.254601421042523,84.87968675702699,-14.511,-27.371,1.20,-0.446,-0.284,-106.1,0,0.0056,0.00
13:19:11,22.254601370221835,84.87968647583206,-14.540,-27.377,1.20,-0.489,-0.226,-106.4,0,0.0057,0.00
13:19:11,22.254601267417993,84.87968623585809,-14.564,-27.388,1.20,-0.489,-0.226,-106.4,0,0.0057,0.00
13:19:11,22.25460119930748,84.87968594476746,-14.594,-27.396,1.19,-0.525,-0.200,-106.7,0,0.0062,0.00
13:19:12,22.254601108072546,84.87968568642275,-14.621,-27.406,1.19,-0.525,-0.200,-107.3,0,0.0062,0.00
13:19:12,22.254601017244987,84.87968542923157,-14.648,-27.416,1.19,-0.525,-0.200,-107.3,0,0.0062,0.00
13:19:12,22.254600929849197,84.87968510038856,-14.681,-27.426,1.19,-0.572,-0.198,-107.6,0,0.0065,0.00
13:19:12,22.254600839491346,84.87968481870989,-14.710,-27.436,1.19,-0.572,-0.198,-108.2,0,0.0065,0.00
13:19:12,22.254600750605857,84.87968451960403,-14.741,-27.446,1.19,-0.585,-0.198,-108.2,0,0.0064,0.00
13:19:12,22.254600660578774,84.87968423194475,-14.771,-27.456,1.19,-0.585,-0.198,-108.4,0,0.0064,0.00
13:19:12,22.254600571150956,84.87968394620029,-14.800,-27.466,1.19,-0.585,-0.198,-108.6,0,0.0000,0.00
13:19:12,22.254600481376706,84.8796836593489,-14.830,-27.476,1.19,-0.585,-0.198,-108.9,0,0.0000,0.00
13:19:12,22.25460037856555,84.87968334243033,-14.863,-27.487,1.18,-0.602,-0.206,-108.9,0,0.0068,0.00
13:19:12,22.25460028468044,84.8796830456452,-14.893,-27.498,1.18,-0.602,-0.206,-109.1,0,0.0068,0.00
13:19:12,22.25460016074593,84.8796826740009,-14.931,-27.512,1.18,-0.646,-0.225,-109.4,0,0.0074,0.00
13:19:12,22.254600058257626,84.87968235574554,-14.964,-27.523,1.18,-0.646,-0.225,-109.5,0,0.0074,0.00
13:19:12,22.254599959447003,84.87968206002357,-14.995,-27.534,1.18,-0.633,-0.223,-109.5,0,0.0067,0.00
13:19:12,22.254599857964156,84.87968174826806,-15.027,-27.545,1.18,-0.633,-0.223,-109.6,0,0.0067,0.00
13:19:12,22.25459975679776,84.87968143748466,-15.059,-27.557,1.18,-0.633,-0.223,-109.8,0,0.0067,0.00
13:19:12,22.254599683755412,84.87968122615504,-15.081,-27.565,1.18,-0.573,-0.204,-109.9,0,0.0056,0.00
13:19:12,22.254599590724286,84.87968094425521,-15.110,-27.575,1.18,-0.573,-0.204,-109.9,0,0.0056,0.00
13:19:12,22.254599533074508,84.87968077979274,-15.127,-27.581,1.18,-0.501,-0.181,-110.2,0,0.0046,0.00
13:19:12,22.254599450799237,84.87968053362326,-15.152,-27.591,1.18,-0.501,-0.181,-110.4,0,0.0046,0.00
13:19:12,22.254599400526903,84.87968039302852,-15.166,-27.596,1.18,-0.432,-0.158,-110.6,0,0.0039,0.00
13:19:13,22.25459932852674,84.87968018075844,-15.188,-27.604,1.18,-0.432,-0.158,-110.6,0,0.0039,0.00
13:19:13,22.254599276461672,84.87968003714704,-15.203,-27.610,1.19,-0.386,-0.144,-110.9,0,0.0036,0.00
13:19:13,22.25459921095919,84.87967984733305,-15.223,-27.617,1.19,-0.386,-0.144,-111.1,0,0.0036,0.00
13:19:13,22.254599161741236,84.87967971329323,-15.236,-27.623,1.19,-0.348,-0.132,-111.3,0,0.0034,0.00
13:19:13,22.254599101833005,84.87967954261698,-15.254,-27.629,1.19,-0.348,-0.132,-111.3,0,0.0034,0.00
13:19:13,22.25459905405583,84.87967941387743,-15.267,-27.635,1.19,-0.319,-0.123,-111.6,0,0.0032,0.00
13:19:13,22.25459899814304,84.87967925714207,-15.283,-27.641,1.20,-0.319,-0.123,-111.8,0,0.0032,0.00
13:19:13,22.254598953603196,84.87967913856352,-15.296,-27.646,1.20,-0.292,-0.114,-112.0,0,0.0031,0.00
13:19:13,22.254598901572713,84.87967899490486,-15.310,-27.652,1.20,-0.292,-0.114,-112.0,0,0.0031,0.00
13:19:13,22.254598859894397,84.87967888585982,-15.322,-27.656,1.20,-0.268,-0.107,-112.3,0,0.0029,0.00
13:19:13,22.254598811519145,84.87967875440636,-15.335,-27.662,1.20,-0.268,-0.107,-112.5,0,0.0029,0.00
13:19:13,22.254598763235418,84.8796786232016,-15.349,-27.667,1.20,-0.268,-0.107,-112.7,0,0.0029,0.00
13:19:13,22.254598720984077,84.87967851654582,-15.360,-27.672,1.20,-0.252,-0.102,-112.7,0,0.0026,0.00
13:19:13,22.25459867452209,84.879678392903,-15.372,-27.677,1.20,-0.252,-0.102,-113.0,0,0.0026,0.00
13:19:13,22.25459863076724,84.8796782860502,-15.383,-27.682,1.20,-0.242,-0.101,-113.2,0,0.0026,0.00
13:19:13,22.254598585203162,84.87967816787322,-15.396,-27.687,1.21,-0.242,-0.101,-113.5,0,0.0026,0.00
13:19:13,22.25459854160261,84.879678061548,-15.407,-27.692,1.21,-0.234,-0.099,-113.5,0,0.0025,0.00
13:19:13,22.254598496538446,84.87967794691072,-15.418,-27.697,1.21,-0.234,-0.099,-114.0,0,0.0025,0.00
13:19:13,22.2545984583891,84.87967785925828,-15.427,-27.701,1.21,-0.215,-0.094,-114.3,0,0.0022,0.00
13:19:14,22.25459841565051,84.8796777537311,-15.438,-27.706,1.22,-0.215,-0.094,-114.3,0,0.0022,0.00
13:19:14,22.254598321437793,84.87967767661654,-15.446,-27.716,1.22,-0.196,-0.134,-114.9,0,0.0027,0.00
13:19:14,22.254598260848496,84.87967758078435,-15.456,-27.723,1.22,-0.196,-0.134,-115.0,0,0.0000,0.00
13:19:14,22.25459810292904,84.87967754015843,-15.460,-27.741,1.22,-0.156,-0.209,-114.8,0,0.0024,0.00
13:19:14,22.254598008198826,84.87967746340978,-15.468,-27.751,1.22,-0.156,-0.209,-114.8,0,0.0024,0.00
13:19:14,22.254597834490607,84.87967743571664,-15.471,-27.771,1.22,-0.122,-0.270,-114.3,0,0.0030,0.00
13:19:14,22.254597711786293,84.87967737604261,-15.477,-27.784,1.22,-0.122,-0.270,-114.1,0,0.0030,0.00
13:19:14,22.254597589437388,84.87967731654142,-15.483,-27.798,1.22,-0.122,-0.270,-114.1,0,0.0030,0.00
13:19:14,22.25459740421838,84.87967730683413,-15.484,-27.818,1.22,-0.089,-0.315,-113.7,0,0.0032,0.00
13:19:14,22.254597260819725,84.87967726296694,-15.489,-27.834,1.22,-0.089,-0.315,-113.5,0,0.0032,0.00
13:19:14,22.25459707123615,84.87967726266885,-15.489,-27.855,1.24,-0.061,-0.348,-113.4,0,0.0035,0.00
13:19:14,22.25459691335763,84.87967723290261,-15.492,-27.873,1.24,-0.061,-0.348,-113.4,0,0.0035,0.00
13:19:14,22.25459674197527,84.8796772363729,-15.492,-27.892,1.24,-0.038,-0.358,-113.4,0,0.0035,0.00
13:19:14,22.254596579234136,84.87967721754686,-15.494,-27.910,1.24,-0.038,-0.358,-113.4,0,0.0035,0.00
13:19:14,22.2545963910426,84.87967721914035,-15.493,-27.931,1.25,-0.024,-0.378,-113.5,0,0.0037,0.00
13:19:14,22.25459621935595,84.87967720721723,-15.495,-27.950,1.25,-0.024,-0.378,-113.5,0,0.0037,0.00
13:19:14,22.254596029376323,84.87967720291483,-15.495,-27.971,1.25,-0.019,-0.392,-113.5,0,0.0037,0.00
13:19:14,22.254595851365657,84.87967719361684,-15.496,-27.991,1.25,-0.019,-0.392,-113.5,0,0.0037,0.00
13:19:14,22.254595670432952,84.87967718938123,-15.496,-28.011,1.25,-0.015,-0.394,-113.5,0,0.0037,0.00
13:19:14,22.25459549150932,84.8796771818476,-15.497,-28.031,1.25,-0.015,-0.394,-113.5,0,0.0037,0.00
13:19:15,22.254595308791817,84.87967717012675,-15.498,-28.052,1.25,-0.018,-0.398,-113.5,0,0.0037,0.00
13:19:15,22.25459512838698,84.87967716112321,-15.499,-28.072,1.25,-0.018,-0.398,-113.5,0,0.0037,0.00
13:19:15,22.254594948443042,84.87967715214269,-15.500,-28.092,1.25,-0.018,-0.398,-113.5,0,0.0037,0.00
13:19:15,22.254594757070333,84.8796771485489,-15.501,-28.113,1.26,-0.015,-0.406,-113.5,0,0.0038,0.00
13:19:15,22.254594573161487,84.87967714127295,-15.501,-28.134,1.26,-0.015,-0.406,-113.5,0,0.0038,0.00
13:19:15,22.254594382315492,84.87967714257294,-15.501,-28.155,1.26,-0.009,-0.411,-113.5,0,0.0040,0.00
13:19:15,22.25459419573714,84.87967713803286,-15.502,-28.176,1.26,-0.009,-0.411,-113.5,0,0.0040,0.00
13:19:15,22.254593995651128,84.87967716368742,-15.499,-28.198,1.26,0.011,-0.422,-113.4,0,0.0042,0.00
13:19:15,22.25459380396887,84.8796771691353,-15.499,-28.219,1.26,0.011,-0.422,-113.4,0,0.0042,0.00
13:19:15,22.254593601005862,84.8796771934679,-15.496,-28.242,1.26,0.024,-0.431,-113.3,0,0.0043,0.00
13:19:15,22.25459340564077,84.8796772053053,-15.495,-28.264,1.26,0.024,-0.431,-113.3,0,0.0043,0.00
13:19:15,22.25459318693811,84.87967724141586,-15.491,-28.288,1.26,0.041,-0.449,-113.3,0,0.0047,0.00
13:19:15,22.25459298298217,84.87967726165242,-15.489,-28.311,1.26,0.041,-0.449,-113.3,0,0.0047,0.00
13:19:15,22.254592779543664,84.87967728183764,-15.487,-28.333,1.26,0.041,-0.449,-113.3,0,0.0047,0.00
13:19:15,22.254592578413902,84.87967729450948,-15.486,-28.356,1.26,0.036,-0.448,-113.3,0,0.0044,0.00
13:19:15,22.254592375309414,84.87967731235153,-15.484,-28.378,1.26,0.036,-0.448,-113.3,0,0.0044,0.00
13:19:15,22.25459217303624,84.87967733012054,-15.482,-28.401,1.26,0.036,-0.448,-113.4,0,0.0044,0.00
13:19:15,22.254591970864706,84.87967734788064,-15.480,-28.423,1.25,0.036,-0.448,-113.3,0,0.0000,0.00
13:19:15,22.25459176841031,84.87967736566557,-15.478,-28.446,1.25,0.036,-0.448,-113.3,0,0.0000,0.00
13:19:15,22.254591566053715,84.87967738344193,-15.476,-28.468,1.25,0.036,-0.448,-113.4,0,0.0000,0.00
13:19:16,22.254591363663565,84.87967740122122,-15.475,-28.491,1.25,0.036,-0.448,-113.4,0,0.0000,0.00
13:19:16,22.25459116092535,84.8796774190311,-15.473,-28.513,1.24,0.036,-0.448,-113.4,0,0.0000,0.00
13:19:16,22.254590911788835,84.87967746962754,-15.468,-28.541,1.24,0.049,-0.467,-113.3,0,0.0046,0.00
13:19:16,22.254590700154978,84.87967749356038,-15.465,-28.565,1.24,0.049,-0.467,-113.3,0,0.0046,0.00
13:19:16,22.254590467092918,84.87967755164509,-15.459,-28.591,1.24,0.063,-0.477,-113.2,0,0.0049,0.00
13:19:16,22.254590250817802,84.8796775826462,-15.456,-28.615,1.24,0.063,-0.477,-113.2,0,0.0049,0.00
13:19:16,22.25459004086217,84.87967763594717,-15.450,-28.638,1.24,0.074,-0.474,-113.2,0,0.0047,0.00
13:19:16,22.25458982591314,84.87967767240471,-15.447,-28.662,1.24,0.074,-0.474,-113.1,0,0.0047,0.00
13:19:16,22.254589639967673,84.87967769370482,-15.444,-28.683,1.24,0.066,-0.456,-113.5,0,0.0043,0.00
13:19:16,22.254589432771862,84.87967772598282,-15.441,-28.706,1.24,0.066,-0.456,-113.5,0,0.0043,0.00
13:19:16,22.254589306973923,84.8796777378335,-15.440,-28.720,1.24,0.053,-0.401,-113.9,0,0.0034,0.00
13:19:16,22.254589124606703,84.87967776386091,-15.437,-28.740,1.24,0.053,-0.401,-114.6,0,0.0034,0.00
13:19:16,22.25458894296075,84.87967778978539,-15.435,-28.760,1.24,0.053,-0.401,-114.8,0,0.0034,0.00
13:19:16,22.25458881855269,84.87967778855943,-15.435,-28.774,1.24,0.036,-0.363,-114.8,0,0.0031,0.00
13:19:16,22.25458863678705,84.87967775765085,-15.438,-28.794,1.23,0.004,-0.375,-114.4,0,0.0036,0.00
13:19:16,22.254588466315337,84.87967775978717,-15.438,-28.813,1.23,0.004,-0.375,-112.9,0,0.0036,0.00
13:19:16,22.254588296235724,84.87967776191859,-15.437,-28.832,1.23,0.004,-0.375,-111.9,0,0.0036,0.00
13:19:16,22.254588072215903,84.87967767385116,-15.447,-28.857,1.23,-0.055,-0.414,-111.9,0,0.0039,0.00
13:19:16,22.254587878471632,84.87967757327992,-15.457,-28.879,1.23,-0.106,-0.418,-110.7,0,0.0037,0.00
13:19:16,22.254587688338173,84.87967752132978,-15.462,-28.900,1.23,-0.106,-0.418,-109.4,0,0.0037,0.00
13:19:17,22.2545874989878,84.87967746959359,-15.468,-28.921,1.23,-0.106,-0.418,-109.4,0,0.0037,0.00
13:19:17,22.254587321589906,84.87967735057366,-15.480,-28.941,1.23,-0.151,-0.409,-106.4,0,0.0034,0.00
13:19:17,22.254587135255562,84.87967727633539,-15.487,-28.962,1.23,-0.151,-0.409,-105.2,0,0.0034,0.00
13:19:17,22.254586978074702,84.87967709693554,-15.506,-28.979,1.22,-0.222,-0.389,-103.8,0,0.0039,0.00
13:19:17,22.254586801371733,84.87967698805896,-15.517,-28.999,1.22,-0.222,-0.389,-103.8,0,0.0039,0.00
13:19:17,22.25458667449927,84.87967674802837,-15.542,-29.013,1.22,-0.312,-0.353,-103.8,0,0.0050,0.00
13:19:17,22.25458651416428,84.87967659472724,-15.558,-29.031,1.22,-0.312,-0.353,-104.3,0,0.0050,0.00
13:19:17,22.254586354349197,84.87967644192321,-15.573,-29.048,1.22,-0.312,-0.353,-104.3,0,0.0050,0.00
13:19:17,22.254586252741056,84.87967618764719,-15.600,-29.060,1.21,-0.377,-0.313,-104.7,0,0.0052,0.00
13:19:17,22.254586155678464,84.87967594198444,-15.625,-29.071,1.21,-0.418,-0.280,-105.0,0,0.0054,0.00
13:19:17,22.25458602851539,84.87967573699501,-15.646,-29.085,1.21,-0.418,-0.280,-105.8,0,0.0054,0.00
13:19:17,22.254585901722713,84.87967553260265,-15.667,-29.099,1.21,-0.418,-0.280,-105.8,0,0.0054,0.00
13:19:17,22.254585775397523,84.87967532896388,-15.688,-29.113,1.20,-0.418,-0.280,-106.2,0,0.0000,0.00
13:19:17,22.254585648394475,84.8796751242324,-15.709,-29.127,1.20,-0.418,-0.280,-106.9,0,0.0000,0.00
13:19:17,22.25458563433795,84.8796747903434,-15.744,-29.129,1.20,-0.487,-0.214,-107.3,0,0.0058,0.00
13:19:17,22.254585536494606,84.87967455016931,-15.768,-29.140,1.20,-0.487,-0.214,-107.3,0,0.0058,0.00
13:19:17,22.25458546121313,84.87967421764424,-15.803,-29.148,1.20,-0.540,-0.202,-107.6,0,0.0063,0.00
13:19:17,22.25458536929909,84.87967395158415,-15.830,-29.158,1.20,-0.540,-0.202,-108.2,0,0.0063,0.00
13:19:17,22.254585288948146,84.87967367319447,-15.859,-29.167,1.20,-0.548,-0.194,-108.5,0,0.0062,0.00
13:19:18,22.254585200335956,84.87967340313527,-15.887,-29.177,1.20,-0.548,-0.194,-108.5,0,0.0062,0.00
13:19:18,22.25458510123244,84.87967308753241,-15.919,-29.188,1.20,-0.579,-0.202,-109.0,0,0.0066,0.00
13:19:18,22.25458500931662,84.87967280312407,-15.948,-29.198,1.19,-0.579,-0.202,-109.1,0,0.0066,0.00
13:19:18,22.254584917754908,84.87967251981141,-15.978,-29.208,1.19,-0.579,-0.202,-109.3,0,0.0066,0.00
13:19:18,22.254584814898394,84.87967220456301,-16.010,-29.220,1.19,-0.599,-0.210,-109.3,0,0.0066,0.00
13:19:18,22.254584719888154,84.87967191149438,-16.040,-29.230,1.19,-0.599,-0.210,-109.6,0,0.0066,0.00
13:19:18,22.254584615536604,84.87967160401894,-16.072,-29.242,1.19,-0.609,-0.216,-109.8,0,0.0067,0.00
13:19:18,22.25458451752324,84.87967130615682,-16.103,-29.253,1.19,-0.609,-0.216,-109.8,0,0.0067,0.00
13:19:18,22.254584407187505,84.87967098124653,-16.136,-29.265,1.19,-0.627,-0.225,-109.9,0,0.0071,0.00
13:19:18,22.254584304998172,84.87967067405654,-16.168,-29.277,1.19,-0.627,-0.225,-110.1,0,0.0071,0.00
13:19:18,22.25458419381458,84.87967035138062,-16.201,-29.289,1.19,-0.638,-0.232,-110.1,0,0.0070,0.00
13:19:18,22.254584088502057,84.87967003865472,-16.233,-29.301,1.19,-0.638,-0.232,-110.2,0,0.0070,0.00
13:19:18,22.254583974331887,84.87966971046144,-16.267,-29.313,1.19,-0.650,-0.239,-110.3,0,0.0071,0.00
13:19:18,22.25458386600048,84.8796693924522,-16.300,-29.325,1.19,-0.650,-0.239,-110.4,0,0.0071,0.00
13:19:18,22.25458375784215,84.87966907495102,-16.332,-29.338,1.19,-0.650,-0.239,-110.4,0,0.0071,0.00
13:19:18,22.2545836455063,84.87966876002614,-16.365,-29.350,1.19,-0.649,-0.242,-110.6,0,0.0071,0.00
13:19:18,22.25458353561037,84.87966844209943,-16.398,-29.362,1.19,-0.649,-0.242,-110.7,0,0.0071,0.00
13:19:18,22.25458342360443,84.87966812956299,-16.430,-29.375,1.19,-0.646,-0.244,-110.8,0,0.0071,0.00
13:19:18,22.25458331247832,84.87966781639682,-16.462,-29.387,1.19,-0.643,-0.244,-110.8,0,0.0070,0.00
13:19:18,22.25458320177772,84.87966750136407,-16.495,-29.399,1.19,-0.643,-0.244,-111.0,0,0.0070,0.00
13:19:19,22.254583091432707,84.87966718734324,-16.527,-29.412,1.19,-0.643,-0.244,-111.0,0,0.0070,0.00
13:19:19,22.25458297089148,84.87966685314483,-16.561,-29.425,1.19,-0.657,-0.252,-111.0,0,0.0074,0.00
13:19:19,22.254582856724504,84.87966653117887,-16.595,-29.438,1.19,-0.657,-0.252,-111.1,0,0.0074,0.00
13:19:19,22.254582732712247,84.87966618952159,-16.630,-29.452,1.19,-0.670,-0.259,-111.2,0,0.0074,0.00
13:19:19,22.25458261511775,84.8796658605522,-16.664,-29.465,1.19,-0.670,-0.259,-111.2,0,0.0074,0.00
13:19:19,22.25458249504332,84.87966552926702,-16.698,-29.478,1.19,-0.673,-0.261,-111.2,0,0.0074,0.00
13:19:19,22.254582376432968,84.87966519900586,-16.732,-29.491,1.19,-0.673,-0.261,-111.3,0,0.0074,0.00
13:19:19,22.254582257498207,84.87966487090334,-16.766,-29.505,1.19,-0.672,-0.262,-111.3,0,0.0076,0.00
13:19:19,22.254582138786105,84.87966454140002,-16.800,-29.518,1.19,-0.672,-0.262,-111.3,0,0.0076,0.00
13:19:19,22.25458202047627,84.87966421301324,-16.833,-29.531,1.19,-0.672,-0.262,-111.3,0,0.0000,0.00
13:19:19,22.25458190198155,84.87966388411328,-16.867,-29.544,1.20,-0.672,-0.262,-111.2,0,0.0000,0.00
13:19:19,22.254581758800608,84.87966348973193,-16.908,-29.560,1.20,-0.710,-0.277,-111.3,0,0.0079,0.00
13:19:19,22.254581632832434,84.8796631409522,-16.944,-29.574,1.20,-0.710,-0.277,-111.3,0,0.0079,0.00
13:19:19,22.25458152102365,84.87966283524932,-16.975,-29.587,1.20,-0.686,-0.268,-111.4,0,0.0073,0.00
13:19:19,22.254581398842312,84.87966249807769,-17.010,-29.600,1.20,-0.686,-0.268,-111.5,0,0.0073,0.00
13:19:19,22.2545812771244,84.87966216218494,-17.045,-29.614,1.20,-0.686,-0.268,-111.6,0,0.0073,0.00
13:19:19,22.2545811848941,84.87966191553261,-17.070,-29.624,1.20,-0.633,-0.250,-111.6,0,0.0065,0.00
13:19:19,22.25458107124221,84.87966160416063,-17.102,-29.637,1.20,-0.633,-0.250,-112.1,0,0.0065,0.00
13:19:19,22.254580999445025,84.87966142330627,-17.121,-29.645,1.20,-0.554,-0.222,-112.4,0,0.0052,0.00
13:19:19,22.254580898287802,84.87966115090487,-17.149,-29.656,1.20,-0.554,-0.222,-112.6,0,0.0052,0.00
13:19:20,22.25458083818267,84.87966099924805,-17.164,-29.663,1.20,-0.477,-0.194,-112.6,0,0.0043,0.00
13:19:20,22.25458075002266,84.87966076506697,-17.189,-29.672,1.20,-0.477,-0.194,-112.9,0,0.0043,0.00
13:19:20,22.254580687457498,84.87966060976068,-17.205,-29.679,1.20,-0.425,-0.176,-113.0,0,0.0043,0.00
13:19:20,22.25458060737862,84.87966040064872,-17.226,-29.688,1.21,-0.425,-0.176,-113.0,0,0.0043,0.00
13:19:20,22.254580561968307,84.87966029095827,-17.237,-29.693,1.21,-0.357,-0.150,-113.4,0,0.0032,0.00
13:19:20,22.25458049362213,84.87966011550213,-17.256,-29.701,1.21,-0.357,-0.150,-113.7,0,0.0032,0.00
13:19:20,22.254580450854917,84.87966001504297,-17.266,-29.706,1.21,-0.305,-0.131,-114.0,0,0.0028,0.00
13:19:20,22.254580391260866,84.87965986527499,-17.281,-29.712,1.21,-0.305,-0.131,-114.0,0,0.0028,0.00
13:19:20,22.254580331811752,84.87965971587124,-17.297,-29.719,1.22,-0.305,-0.131,-114.6,0,0.0028,0.00
13:19:20,22.25458029077907,84.87965962548145,-17.306,-29.723,1.22,-0.267,-0.118,-114.8,0,0.0027,0.00
13:19:20,22.25458023681523,84.87965949393109,-17.320,-29.729,1.22,-0.267,-0.118,-114.8,0,0.0027,0.00
13:19:20,22.25458018856717,84.87965938437188,-17.331,-29.735,1.22,-0.253,-0.115,-115.0,0,0.0030,0.00
13:19:20,22.254580136380113,84.87965925973943,-17.344,-29.741,1.22,-0.253,-0.115,-115.1,0,0.0030,0.00
13:19:20,22.25458008667051,84.8796591472837,-17.355,-29.746,1.22,-0.245,-0.113,-115.3,0,0.0027,0.00
13:19:20,22.254580036687184,84.87965903253674,-17.367,-29.752,1.22,-0.241,-0.112,-115.3,0,0.0027,0.00
13:19:20,22.254579985853262,84.87965891410654,-17.379,-29.757,1.22,-0.241,-0.112,-115.3,0,0.0027,0.00
13:19:20,22.25457993517119,84.87965879603011,-17.391,-29.763,1.22,-0.241,-0.112,-115.2,0,0.0027,0.00
13:19:20,22.254579896539045,84.87965870602918,-17.401,-29.767,1.22,-0.221,-0.103,-114.9,0,0.0023,0.00
13:19:20,22.25457984949609,84.87965859643171,-17.412,-29.773,1.22,-0.221,-0.103,-114.9,0,0.0023,0.00
13:19:20,22.25457981008371,84.87965850342945,-17.422,-29.777,1.22,-0.211,-0.097,-114.7,0,0.0023,0.00
13:19:21,22.25457976576317,84.8796583997774,-17.432,-29.782,1.22,-0.211,-0.097,-114.4,0,0.0023,0.00
13:19:21,22.2545797357615,84.87965832248415,-17.440,-29.785,1.23,-0.193,-0.087,-113.4,0,0.0020,0.00
13:19:21,22.254579696318434,84.87965822781138,-17.450,-29.790,1.23,-0.193,-0.087,-113.4,0,0.0020,0.00
13:19:21,22.254579672066757,84.87965816220611,-17.457,-29.792,1.23,-0.173,-0.075,-112.6,0,0.0017,0.00
13:19:21,22.254579637805712,84.87965807741347,-17.466,-29.796,1.23,-0.173,-0.075,-111.5,0,0.0017,0.00
13:19:21,22.25457956896115,84.8796579070301,-17.483,-29.804,1.23,-0.173,-0.075,-108.3,0,0.0000,0.00
13:19:21,22.25457953485787,84.8796578226279,-17.492,-29.808,1.23,-0.173,-0.075,-106.6,0,0.0000,0.00
13:19:21,22.254579523236593,84.87965769181534,-17.505,-29.809,1.23,-0.197,-0.063,-104.3,0,0.0023,0.00
13:19:21,22.25457956556031,84.87965754940663,-17.520,-29.804,1.23,-0.222,-0.020,-104.3,0,0.0027,0.00
13:19:21,22.254579556497138,84.8796574402313,-17.531,-29.805,1.25,-0.222,-0.020,-104.0,0,0.0027,0.00
13:19:21,22.254579547438585,84.87965733111157,-17.542,-29.806,1.25,-0.222,-0.020,-104.3,0,0.0027,0.00
13:19:21,22.254579649001716,84.87965712700506,-17.563,-29.795,1.25,-0.279,0.051,-105.4,0,0.0030,0.00
13:19:21,22.25457967243824,84.87965698949843,-17.578,-29.792,1.25,-0.279,0.051,-105.4,0,0.0030,0.00
13:19:21,22.254579759135197,84.87965679809142,-17.597,-29.783,1.26,-0.314,0.094,-106.0,0,0.0031,0.00
13:19:21,22.25457980213702,84.87965664346254,-17.613,-29.778,1.26,-0.314,0.094,-106.5,0,0.0031,0.00
13:19:21,22.254579896965357,84.87965644847725,-17.633,-29.767,1.26,-0.341,0.131,-107.5,0,0.0031,0.00
13:19:21,22.25457995681685,84.87965628051623,-17.651,-29.761,1.26,-0.341,0.131,-107.5,0,0.0031,0.00
13:19:21,22.254580050978788,84.87965610840821,-17.668,-29.750,1.26,-0.344,0.157,-107.9,0,0.0030,0.00
13:19:21,22.254580122555957,84.87965593850137,-17.686,-29.742,1.26,-0.344,0.157,-108.2,0,0.0030,0.00
13:19:22,22.254580230214806,84.87965576816514,-17.703,-29.730,1.26,-0.345,0.184,-108.2,0,0.0032,0.00
13:19:22,22.25458031398693,84.8796555984621,-17.721,-29.721,1.26,-0.345,0.184,-108.7,0,0.0032,0.00
13:19:22,22.254580397432022,84.87965542942156,-17.738,-29.712,1.26,-0.345,0.184,-108.8,0,0.0032,0.00
13:19:22,22.254580497121307,84.87965525524986,-17.756,-29.700,1.27,-0.349,0.196,-108.9,0,0.0033,0.00
13:19:22,22.254580591781284,84.87965507964141,-17.774,-29.690,1.27,-0.351,0.200,-108.9,0,0.0033,0.00
13:19:22,22.25458068245905,84.87965490718508,-17.792,-29.680,1.27,-0.351,0.200,-108.9,0,0.0033,0.00
13:19:22,22.254580772946927,84.87965473508989,-17.810,-29.670,1.27,-0.351,0.200,-108.9,0,0.0033,0.00
13:19:22,22.254580863342426,84.87965456317039,-17.828,-29.660,1.27,-0.351,0.200,-108.9,0,0.0039,0.00
13:19:22,22.25458095385981,84.87965439101907,-17.845,-29.650,1.28,-0.351,0.200,-108.9,0,0.0039,0.00
13:19:22,22.254581057490284,84.87965421258752,-17.864,-29.638,1.28,-0.355,0.207,-108.8,0,0.0035,0.00
13:19:22,22.254581151730196,84.87965403830175,-17.882,-29.628,1.28,-0.355,0.207,-108.3,0,0.0035,0.00
13:19:22,22.25458125385701,84.87965391411034,-17.894,-29.616,1.28,-0.327,0.212,-107.8,0,0.0030,0.00
13:19:22,22.25458135068925,84.87965375283217,-17.911,-29.605,1.28,-0.327,0.212,-107.8,0,0.0030,0.00
13:19:22,22.2545814467276,84.87965359287627,-17.928,-29.595,1.28,-0.327,0.212,-107.2,0,0.0030,0.00
13:19:22,22.254581484240223,84.87965348892128,-17.938,-29.591,1.28,-0.295,0.176,-106.1,0,0.0023,0.00
13:19:22,22.254581513823684,84.87965340594121,-17.947,-29.587,1.28,-0.257,0.143,-105.4,0,0.0018,0.00
13:19:22,22.25458157864413,84.87965327968965,-17.960,-29.580,1.30,-0.257,0.143,-105.4,0,0.0018,0.00
13:19:22,22.25458164310445,84.8796531541395,-17.973,-29.573,1.30,-0.257,0.143,-103.7,0,0.0018,0.00
13:19:22,22.25458164059108,84.87965306935087,-17.981,-29.573,1.30,-0.231,0.096,-102.9,0,0.0020,0.00
13:19:22,22.25458168430324,84.87965295613373,-17.993,-29.568,1.30,-0.231,0.096,-102.9,0,0.0020,0.00
13:19:23,22.254581640704316,84.87965289247664,-18.000,-29.573,1.30,-0.199,0.035,-102.0,0,0.0017,0.00
13:19:23,22.254581656513107,84.87965279499339,-18.010,-29.571,1.30,-0.199,0.035,-100.7,0,0.0017,0.00
13:19:23,22.254581672299825,84.87965269764625,-18.020,-29.570,1.30,-0.199,0.035,-100.6,0,0.0000,0.00
13:19:23,22.254581688044933,84.8796526005557,-18.030,-29.568,1.30,-0.199,0.035,-100.6,0,0.0000,0.00
13:19:23,22.254581653348435,84.87965259704868,-18.030,-29.572,1.30,-0.146,0.004,-101.8,0,0.0011,0.00
13:19:23,22.254581655133844,84.8796525254301,-18.038,-29.572,1.30,-0.146,0.004,-102.8,0,0.0011,0.00
13:19:23,22.254581627727337,84.87965245843091,-18.044,-29.575,1.30,-0.143,-0.015,-104.0,0,0.0016,0.00
13:19:23,22.254581621119588,84.87965238820811,-18.052,-29.575,1.30,-0.143,-0.015,-104.0,0,0.0016,0.00
13:19:23,22.254581614534633,84.87965231822757,-18.059,-29.576,1.30,-0.143,-0.015,-106.4,0,0.0016,0.00
13:19:23,22.25458149171551,84.87965226718725,-18.064,-29.590,1.30,-0.132,-0.088,-107.6,0,0.0017,0.00
13:19:23,22.254581451504812,84.87965220234825,-18.071,-29.594,1.30,-0.132,-0.088,-107.6,0,0.0017,0.00
13:19:23,22.25458131477739,84.87965215006518,-18.076,-29.609,1.30,-0.124,-0.153,-108.7,0,0.0021,0.00
13:19:23,22.254581245320992,84.87965208890208,-18.082,-29.617,1.30,-0.124,-0.153,-110.5,0,0.0021,0.00
13:19:23,22.25458111964538,84.87965205408508,-18.086,-29.631,1.30,-0.108,-0.192,-111.1,0,0.0022,0.00
13:19:23,22.254581032449256,84.87965200146755,-18.091,-29.641,1.28,-0.108,-0.192,-111.1,0,0.0022,0.00
13:19:23,22.254580884089812,84.87965197127751,-18.095,-29.657,1.28,-0.092,-0.237,-112.1,0,0.0025,0.00
13:19:23,22.254580775988796,84.87965192586763,-18.099,-29.669,1.28,-0.092,-0.237,-112.4,0,0.0025,0.00
13:19:23,22.254580649014827,84.8796518938371,-18.103,-29.684,1.28,-0.083,-0.252,-112.4,0,0.0023,0.00
13:19:23,22.25458053474565,84.87965185310357,-18.107,-29.696,1.28,-0.083,-0.252,-112.6,0,0.0023,0.00
13:19:23,22.254580420577984,84.87965181240622,-18.111,-29.709,1.27,-0.083,-0.252,-113.0,0,0.0023,0.00
13:19:24,22.254580287129777,84.8796517934352,-18.113,-29.724,1.27,-0.069,-0.266,-113.2,0,0.0025,0.00
13:19:24,22.25458015698482,84.87965176910689,-18.115,-29.738,1.27,-0.063,-0.273,-113.2,0,0.0025,0.00
13:19:24,22.254580033367443,84.87965173842905,-18.119,-29.752,1.27,-0.063,-0.273,-113.5,0,0.0025,0.00
13:19:24,22.25457991005311,84.87965170782643,-18.122,-29.766,1.27,-0.063,-0.273,-113.7,0,0.0025,0.00
13:19:24,22.25457980370666,84.87965167713944,-18.125,-29.778,1.27,-0.063,-0.260,-114.0,0,0.0022,0.00
13:19:24,22.254579685343145,84.87965164635735,-18.128,-29.791,1.27,-0.063,-0.260,-114.0,0,0.0022,0.00
13:19:24,22.254579608543295,84.87965160219441,-18.133,-29.799,1.27,-0.072,-0.231,-114.8,0,0.0017,0.00
13:19:24,22.254579503559615,84.8796515669331,-18.136,-29.811,1.27,-0.072,-0.231,-115.2,0,0.0017,0.00
13:19:24,22.254579444218763,84.87965151077552,-18.142,-29.818,1.25,-0.086,-0.197,-115.7,0,0.0017,0.00
13:19:24,22.254579354701853,84.87965146853702,-18.146,-29.828,1.25,-0.086,-0.197,-115.7,0,0.0017,0.00
13:19:24,22.254579340670247,84.87965138645956,-18.155,-29.829,1.25,-0.114,-0.141,-116.7,0,0.0017,0.00
13:19:24,22.254579276857854,84.87965133041999,-18.161,-29.836,1.25,-0.114,-0.141,-117.1,0,0.0017,0.00
13:19:24,22.254579213218033,84.87965127453197,-18.166,-29.843,1.25,-0.114,-0.141,-117.5,0,0.0017,0.00
13:19:24,22.25457919787513,84.87965119779442,-18.174,-29.845,1.24,-0.128,-0.107,-117.5,0,0.0016,0.00
13:19:24,22.254579149467563,84.87965113518747,-18.181,-29.851,1.24,-0.128,-0.107,-118.2,0,0.0016,0.00
13:19:24,22.254579115554446,84.87965105388724,-18.189,-29.854,1.24,-0.140,-0.097,-118.5,0,0.0018,0.00
13:19:24,22.254579071627745,84.87965098504428,-18.196,-29.859,1.24,-0.140,-0.097,-118.2,0,0.0018,0.00
13:19:24,22.254579027978647,84.87965091663638,-18.203,-29.864,1.24,-0.140,-0.097,-118.2,0,0.0000,0.00
13:19:24,22.25457898424046,84.87965084808886,-18.210,-29.869,1.24,-0.140,-0.097,-117.5,0,0.0000,0.00
13:19:25,22.254579011698436,84.87965067171503,-18.228,-29.866,1.24,-0.201,-0.053,-116.7,0,0.0024,0.00
13:19:25,22.254578987614828,84.87965057310203,-18.239,-29.869,1.24,-0.201,-0.053,-116.7,0,0.0024,0.00
13:19:25,22.25457897051976,84.87965056650305,-18.239,-29.870,1.21,-0.148,-0.049,-115.4,0,0.0034,0.00
13:19:25,22.254578948409787,84.87965049415827,-18.247,-29.873,1.21,-0.148,-0.049,-114.8,0,0.0034,0.00
13:19:25,22.254578960165738,84.87965053303729,-18.243,-29.872,1.21,-0.078,-0.026,-114.2,0,0.0011,0.00
13:19:25,22.254578948412618,84.87965049470766,-18.247,-29.873,1.21,-0.078,-0.026,-114.2,0,0.0011,0.00
13:19:25,22.25457895366893,84.87965051137746,-18.245,-29.872,1.21,-0.042,-0.014,-113.8,0,0.0005,0.00
13:19:25,22.25457894741868,84.87965049083981,-18.247,-29.873,1.20,-0.042,-0.014,-113.6,0,0.0005,0.00
13:19:25,22.25457894120926,84.87965047043632,-18.249,-29.874,1.20,-0.042,-0.014,-113.6,0,0.0005,0.00
13:19:25,22.254578945506392,84.87965048397628,-18.248,-29.873,1.20,-0.020,-0.007,-113.6,0,0.0003,0.00
13:19:25,22.254578942550854,84.87965047408494,-18.249,-29.874,1.20,-0.020,-0.007,-113.6,0,0.0003,0.00
13:19:25,22.254578944412838,84.87965047904157,-18.248,-29.873,1.20,-0.011,-0.003,-113.7,0,0.0002,0.00
13:19:25,22.254578942972255,84.87965047381519,-18.249,-29.874,1.20,-0.011,-0.003,-113.7,0,0.0002,0.00
13:19:25,22.254578944073106,84.87965047580278,-18.249,-29.873,1.20,-0.006,-0.001,-113.8,0,0.0002,0.00
13:19:25,22.254578943469486,84.87965047295013,-18.249,-29.873,1.20,-0.006,-0.001,-114.0,0,0.0002,0.00
13:19:25,22.254578944137613,84.87965047371138,-18.249,-29.873,1.20,-0.003,-0.000,-114.3,0,0.0003,0.00
13:19:25,22.254578943965743,84.87965047208147,-18.249,-29.873,1.20,-0.003,-0.000,-114.3,0,0.0003,0.00
13:19:25,22.254578943795334,84.8796504704654,-18.249,-29.873,1.20,-0.003,-0.000,-114.6,0,0.0003,0.00
13:19:25,22.25457894362452,84.87965046884547,-18.249,-29.873,1.20,-0.003,-0.000,-114.8,0,0.0003,0.00
13:19:25,22.254578943453758,84.87965046722607,-18.250,-29.873,1.20,-0.003,-0.000,-114.8,0,0.0003,0.00
13:19:26,22.25457894328371,84.87965046561344,-18.250,-29.873,1.20,-0.003,-0.000,-115.3,0,0.0003,0.00
13:19:26,22.25457894311261,84.87965046399083,-18.250,-29.873,1.20,-0.003,-0.000,-115.5,0,0.0003,0.00
13:19:26,22.25457894294202,84.87965046237306,-18.250,-29.874,1.20,-0.003,-0.000,-116.1,0,0.0003,0.00
13:19:26,22.25457894445009,84.8796504654619,-18.250,-29.873,1.20,-0.001,0.000,-116.1,0,0.0004,0.00
13:19:26,22.254578944603544,84.87965046475259,-18.250,-29.873,1.20,-0.001,0.000,-116.2,0,0.0004,0.00
13:19:26,22.25457894519228,84.87965046506372,-18.250,-29.873,1.20,-0.001,0.001,-116.4,0,0.0004,0.00
13:19:26,22.254578945439043,84.87965046457064,-18.250,-29.873,1.20,-0.001,0.001,-116.9,0,0.0004,0.00
13:19:26,22.254578945966152,84.87965046436324,-18.250,-29.873,1.20,-0.001,0.001,-116.9,0,0.0004,0.00
13:19:26,22.25457894628401,84.8796504639406,-18.250,-29.873,1.20,-0.001,0.001,-117.2,0,0.0004,0.00
13:19:26,22.254578946469454,84.87965046386483,-18.250,-29.873,1.20,-0.001,0.001,-117.5,0,0.0003,0.00
13:19:26,22.25457894674874,84.87965046354236,-18.250,-29.873,1.20,-0.001,0.001,-117.5,0,0.0003,0.00
13:19:26,22.254578946809932,84.8796504635282,-18.250,-29.873,1.20,-0.000,0.000,-118.3,0,0.0003,0.00
13:19:26,22.254578947021333,84.87965046330181,-18.250,-29.873,1.20,-0.000,0.000,-119.1,0,0.0003,0.00
13:19:26,22.254578947130984,84.87965046324722,-18.250,-29.873,1.20,-0.000,0.000,-121.6,0,0.0003,0.00
13:19:26,22.25457894730885,84.87965046307755,-18.250,-29.873,1.20,-0.000,0.000,-121.6,0,0.0000,0.00
13:19:26,22.254578947486156,84.87965046290842,-18.250,-29.873,1.20,-0.000,0.000,-123.3,0,0.0000,0.00
13:19:26,22.254578947619073,84.87965046283185,-18.250,-29.873,1.20,-0.000,0.000,-125.1,0,0.0003,0.00
13:19:26,22.254578947783415,84.87965046269089,-18.250,-29.873,1.20,-0.000,0.000,-125.1,0,0.0003,0.00
13:19:26,22.25457894783838,84.87965046265359,-18.250,-29.873,1.20,-0.000,0.000,-129.7,0,0.0005,0.00
13:19:26,22.25457894796815,84.87965046254543,-18.250,-29.873,1.20,-0.000,0.000,-132.5,0,0.0005,0.00
13:19:27,22.25457894809726,84.87965046243782,-18.250,-29.873,1.20,-0.000,0.000,-139.0,0,0.0029,0.00
13:19:27,22.25457894822628,84.87965046233029,-18.250,-29.873,1.20,-0.000,0.000,-139.0,0,0.0029,0.00
13:19:27,22.254579003570274,84.87965038469028,-18.258,-29.867,1.20,-0.044,0.034,-142.4,0,0.0010,0.00
13:19:27,22.25457901898393,84.87965036312025,-18.260,-29.865,1.21,-0.044,0.034,-146.1,0,0.0010,0.00
13:19:27,22.25457904916465,84.87965028526892,-18.268,-29.862,1.21,-0.077,0.043,-154.4,0,0.0016,0.00
13:19:27,22.25457906892362,84.87965024735117,-18.272,-29.859,1.21,-0.077,0.043,-154.4,0,0.0016,0.00
13:19:27,22.254578994434027,84.87965011036668,-18.286,-29.868,1.21,-0.140,-0.020,-159.0,0,0.0018,0.00
13:19:27,22.25457898513768,84.87965004191895,-18.293,-29.869,1.22,-0.140,-0.020,-163.3,0,0.0018,0.00
13:19:27,22.254578975854674,84.87964997356946,-18.300,-29.870,1.22,-0.140,-0.020,-170.7,0,0.0018,0.00
13:19:27,22.254578819314563,84.87964987645768,-18.310,-29.887,1.22,-0.157,-0.119,-170.7,0,0.0024,0.00
13:19:27,22.254578765592758,84.87964979938485,-18.318,-29.893,1.22,-0.157,-0.119,-174.0,0,0.0024,0.00
13:19:27,22.25457863728526,84.87964973808549,-18.325,-29.908,1.22,-0.147,-0.170,-176.8,0,0.0024,0.00
13:19:27,22.25457856024672,84.87964966574177,-18.332,-29.916,1.22,-0.147,-0.170,178.6,0,0.0024,0.00
13:19:27,22.25457846152146,84.8796496396755,-18.335,-29.927,1.22,-0.117,-0.185,178.6,0,0.0021,0.00
13:19:27,22.254578377495946,84.87964958240264,-18.341,-29.936,1.22,-0.117,-0.185,177.0,0,0.0021,0.00
13:19:27,22.25457825489002,84.87964961624968,-18.337,-29.950,1.22,-0.055,-0.214,175.9,0,0.0026,0.00
13:19:27,22.254578157397948,84.87964958943621,-18.340,-29.961,1.23,-0.055,-0.214,175.9,0,0.0026,0.00
13:19:27,22.254577959234094,84.87964961367018,-18.338,-29.983,1.23,-0.019,-0.291,176.7,0,0.0039,0.00
13:19:27,22.254577826982064,84.87964960439972,-18.338,-29.998,1.23,-0.019,-0.291,179.3,0,0.0039,0.00
13:19:27,22.25457759394026,84.87964966574796,-18.332,-30.024,1.23,0.031,-0.369,-179.3,0,0.0046,0.00
13:19:28,22.254577426240328,84.87964968104839,-18.331,-30.042,1.23,0.031,-0.369,-179.3,0,0.0046,0.00
13:19:28,22.254577179746875,84.87964974669244,-18.324,-30.070,1.22,0.067,-0.430,-177.9,0,0.0050,0.00
13:19:28,22.25457698430415,84.87964977961408,-18.320,-30.092,1.22,0.067,-0.430,-175.3,0,0.0050,0.00
13:19:28,22.254576790137122,84.87964981232084,-18.317,-30.113,1.22,0.067,-0.430,-174.2,0,0.0050,0.00
13:19:28,22.254576551037264,84.87964990400455,-18.308,-30.140,1.22,0.105,-0.461,-174.2,0,0.0049,0.00
13:19:28,22.25457634184373,84.87964995563763,-18.302,-30.163,1.22,0.105,-0.461,-173.0,0,0.0049,0.00
13:19:28,22.254576075203932,84.8796499767401,-18.300,-30.193,1.22,0.086,-0.502,-171.0,0,0.0053,0.00
13:19:28,22.254575846431326,84.8796500188398,-18.296,-30.218,1.22,0.086,-0.502,-170.1,0,0.0053,0.00
13:19:28,22.254575585469908,84.87964999909275,-18.298,-30.247,1.22,0.044,-0.527,-170.1,0,0.0056,0.00
13:19:28,22.254575346339195,84.87965002077134,-18.296,-30.274,1.22,0.044,-0.527,-169.4,0,0.0056,0.00
13:19:28,22.254575072968898,84.87964999170963,-18.299,-30.304,1.22,0.009,-0.553,-168.1,0,0.0061,0.00
13:19:28,22.254574820560602,84.87964999630853,-18.298,-30.332,1.22,0.009,-0.553,-168.1,0,0.0000,0.00
13:19:28,22.25457457006985,84.87965000087249,-18.298,-30.360,1.22,0.009,-0.553,-167.6,0,0.0000,0.00
13:19:28,22.254574284045518,84.87964988670107,-18.309,-30.392,1.22,-0.067,-0.577,-166.8,0,0.0062,0.00
13:19:28,22.254574021083663,84.87964985392723,-18.313,-30.421,1.21,-0.067,-0.577,-166.6,0,0.0062,0.00
13:19:28,22.254573728669524,84.8796497616718,-18.322,-30.454,1.21,-0.105,-0.599,-166.6,0,0.0065,0.00
13:19:28,22.254573456156514,84.87964971002746,-18.328,-30.484,1.21,-0.105,-0.599,-166.4,0,0.0065,0.00
13:19:28,22.254573186903205,84.87964962933744,-18.336,-30.514,1.21,-0.124,-0.597,-166.1,0,0.0063,0.00
13:19:28,22.25457291606352,84.87964956834014,-18.342,-30.544,1.21,-0.124,-0.597,-166.0,0,0.0063,0.00
13:19:28,22.25457263096173,84.87964948718309,-18.351,-30.576,1.21,-0.138,-0.608,-166.0,0,0.0065,0.00
13:19:29,22.25457235564672,84.87964941950851,-18.358,-30.607,1.21,-0.138,-0.608,-165.8,0,0.0065,0.00
13:19:29,22.254572064945876,84.879649337892,-18.366,-30.639,1.21,-0.148,-0.620,-165.8,0,0.0066,0.00
13:19:29,22.254571783772878,84.87964926530915,-18.373,-30.670,1.21,-0.148,-0.620,-165.8,0,0.0066,0.00
13:19:29,22.25457147444753,84.87964917976458,-18.382,-30.705,1.20,-0.157,-0.642,-165.8,0,0.0071,0.00
13:19:29,22.254571183761424,84.87964910276519,-18.390,-30.737,1.20,-0.157,-0.642,-165.9,0,0.0071,0.00
13:19:29,22.25457089254904,84.87964902562639,-18.398,-30.770,1.20,-0.157,-0.642,-166.0,0,0.0071,0.00
13:19:29,22.254570588980254,84.8796489445543,-18.406,-30.803,1.20,-0.160,-0.651,-166.1,0,0.0069,0.00
13:19:29,22.254570293522217,84.87964886608187,-18.415,-30.836,1.20,-0.160,-0.651,-166.1,0,0.0069,0.00
13:19:29,22.25456998604661,84.87964878489504,-18.423,-30.871,1.20,-0.162,-0.660,-166.2,0,0.0071,0.00
13:19:29,22.2545696869987,84.87964870562061,-18.431,-30.904,1.20,-0.162,-0.660,-166.2,0,0.0071,0.00
13:19:29,22.254569361284453,84.8796486210837,-18.440,-30.940,1.20,-0.166,-0.680,-166.3,0,0.0074,0.00
13:19:29,22.25456905196452,84.87964853967958,-18.448,-30.975,1.20,-0.166,-0.680,-166.3,0,0.0074,0.00
13:19:29,22.25456875053511,84.87964846246726,-18.456,-31.008,1.20,-0.163,-0.676,-166.4,0,0.0071,0.00
13:19:29,22.25456844362569,84.8796483824083,-18.464,-31.042,1.20,-0.163,-0.676,-166.5,0,0.0071,0.00
13:19:29,22.254568155950075,84.87964830909293,-18.472,-31.074,1.20,-0.159,-0.662,-166.5,0,0.0069,0.00
13:19:29,22.25456785577559,84.87964823137924,-18.480,-31.108,1.20,-0.159,-0.662,-166.6,0,0.0069,0.00
13:19:29,22.254567556359913,84.879648153862,-18.488,-31.141,1.20,-0.159,-0.662,-166.7,0,0.0069,0.00
13:19:29,22.25456722625171,84.87964807156463,-18.496,-31.178,1.20,-0.162,-0.683,-166.7,0,0.0074,0.00
13:19:29,22.254566916153564,84.8796479922798,-18.505,-31.212,1.20,-0.162,-0.683,-166.7,0,0.0074,0.00
13:19:30,22.25456661700139,84.87964791796034,-18.512,-31.246,1.20,-0.159,-0.677,-166.8,0,0.0072,0.00
13:19:30,22.254566310811985,84.87964784035978,-18.520,-31.280,1.20,-0.159,-0.677,-167.0,0,0.0072,0.00
13:19:30,22.25456599453262,84.87964776250398,-18.528,-31.315,1.19,-0.159,-0.684,-167.0,0,0.0073,0.00
13:19:30,22.254565683909902,84.87964768453315,-18.536,-31.350,1.19,-0.159,-0.684,-167.1,0,0.0073,0.00
13:19:30,22.2545653703434,84.87964760810755,-18.544,-31.384,1.19,-0.158,-0.687,-167.1,0,0.0071,0.00
13:19:30,22.254565057273364,84.87964753029158,-18.552,-31.419,1.19,-0.158,-0.687,-167.1,0,0.0071,0.00
13:19:30,22.25456474630366,84.87964745299767,-18.560,-31.454,1.19,-0.158,-0.687,-167.1,0,0.0000,0.00
13:19:30,22.25456443449353,84.87964737549487,-18.568,-31.489,1.19,-0.158,-0.687,-167.2,0,0.0000,0.00
13:19:30,22.25456411420918,84.87964729885519,-18.576,-31.524,1.19,-0.158,-0.693,-167.2,0,0.0074,0.00
13:19:30,22.254563799957857,84.87964722158354,-18.584,-31.559,1.19,-0.158,-0.693,-167.2,0,0.0074,0.00
13:19:30,22.254563474132155,84.87964714280632,-18.592,-31.595,1.19,-0.159,-0.700,-167.2,0,0.0074,0.00
13:19:30,22.254563156414076,84.8796470650688,-18.600,-31.631,1.19,-0.159,-0.700,-167.2,0,0.0074,0.00
13:19:30,22.25456283929189,84.87964698802176,-18.608,-31.666,1.19,-0.158,-0.700,-167.2,0,0.0072,0.00
13:19:30,22.254562520848083,84.87964691027399,-18.616,-31.702,1.19,-0.158,-0.700,-167.2,0,0.0072,0.00
13:19:30,22.25456220439501,84.87964683301227,-18.624,-31.737,1.19,-0.158,-0.700,-167.2,0,0.0072,0.00
13:19:30,22.254561889701222,84.87964675724523,-18.632,-31.772,1.20,-0.157,-0.698,-167.3,0,0.0074,0.00
13:19:30,22.254561572611788,84.87964668014689,-18.640,-31.807,1.20,-0.157,-0.698,-167.3,0,0.0074,0.00
13:19:30,22.25456125105295,84.8796466027338,-18.648,-31.843,1.20,-0.157,-0.702,-167.3,0,0.0075,0.00
13:19:30,22.254560932283745,84.87964652546408,-18.656,-31.878,1.20,-0.157,-0.702,-167.4,0,0.0075,0.00
13:19:30,22.25456060156594,84.8796464464688,-18.664,-31.915,1.20,-0.159,-0.712,-167.4,0,0.0074,0.00
13:19:31,22.254560278782243,84.87964636860121,-18.672,-31.951,1.21,-0.159,-0.712,-167.4,0,0.0074,0.00
13:19:31,22.254559965212742,84.87964629264594,-18.680,-31.986,1.21,-0.158,-0.706,-167.3,0,0.0073,0.00
13:19:31,22.254559645546284,84.87964621542753,-18.688,-32.022,1.21,-0.158,-0.706,-167.3,0,0.0073,0.00
13:19:31,22.254559321474087,84.87964613636454,-18.696,-32.058,1.21,-0.159,-0.710,-167.2,0,0.0075,0.00
13:19:31,22.254559000159265,84.87964605848386,-18.704,-32.094,1.21,-0.159,-0.710,-167.2,0,0.0075,0.00
13:19:31,22.25455867860886,84.87964598054609,-18.712,-32.129,1.21,-0.159,-0.710,-167.1,0,0.0075,0.00
13:19:31,22.254558352814225,84.87964590005791,-18.720,-32.166,1.21,-0.161,-0.713,-167.1,0,0.0073,0.00
13:19:31,22.254558028835664,84.8796458210528,-18.728,-32.202,1.21,-0.161,-0.713,-167.1,0,0.0073,0.00
13:19:31,22.25455772228603,84.8796457460528,-18.736,-32.236,1.21,-0.159,-0.702,-167.2,0,0.0072,0.00
13:19:31,22.25455740396479,84.87964566834984,-18.744,-32.271,1.21,-0.159,-0.702,-167.2,0,0.0072,0.00
13:19:31,22.254557082002698,84.87964558954762,-18.752,-32.307,1.21,-0.160,-0.705,-167.1,0,0.0075,0.00
13:19:31,22.254556761838742,84.8796455113261,-18.760,-32.343,1.21,-0.160,-0.705,-167.2,0,0.0075,0.00
13:19:31,22.254556447181983,84.87964543482302,-18.768,-32.378,1.21,-0.159,-0.702,-167.2,0,0.0073,0.00
13:19:31,22.25455612840954,84.87964535706648,-18.776,-32.413,1.21,-0.159,-0.702,-167.2,0,0.0073,0.00
13:19:31,22.254555820474764,84.87964528250335,-18.784,-32.448,1.21,-0.156,-0.695,-167.2,0,0.0071,0.00
13:19:31,22.254555504989124,84.87964520573603,-18.792,-32.483,1.21,-0.156,-0.695,-167.2,0,0.0071,0.00
13:19:31,22.254555185508135,84.87964512788892,-18.800,-32.518,1.21,-0.157,-0.698,-167.2,0,0.0074,0.00
13:19:31,22.254554868601083,84.8796450507387,-18.808,-32.553,1.21,-0.157,-0.698,-167.2,0,0.0074,0.00
13:19:31,22.25455455221452,84.8796449737152,-18.816,-32.589,1.21,-0.157,-0.698,-167.2,0,0.0074,0.00
13:19:31,22.254554231206118,84.8796448959818,-18.824,-32.624,1.21,-0.158,-0.701,-167.3,0,0.0072,0.00
13:19:32,22.254553912013446,84.87964481840673,-18.832,-32.660,1.21,-0.158,-0.701,-167.3,0,0.0072,0.00
13:19:32,22.25455359370713,84.87964474104707,-18.840,-32.695,1.21,-0.158,-0.701,-167.3,0,0.0000,0.00
13:19:32,22.25455327582747,84.87964466379111,-18.847,-32.731,1.22,-0.158,-0.701,-167.3,0,0.0000,0.00
13:19:32,22.25455293365251,84.87964458167045,-18.856,-32.769,1.22,-0.160,-0.716,-167.3,0,0.0075,0.00
13:19:32,22.25455260828585,84.87964450287262,-18.864,-32.805,1.22,-0.160,-0.716,-167.3,0,0.0075,0.00
13:19:32,22.254552284655173,84.87964442458419,-18.872,-32.841,1.22,-0.160,-0.716,-167.3,0,0.0075,0.00
13:19:32,22.254551959588298,84.87964434588362,-18.880,-32.877,1.22,-0.160,-0.716,-167.3,0,0.0075,0.00
13:19:32,22.25455165115482,84.87964427116039,-18.888,-32.912,1.22,-0.158,-0.705,-167.3,0,0.0072,0.00
13:19:32,22.254551330259922,84.879644193455,-18.896,-32.947,1.22,-0.158,-0.705,-167.3,0,0.0072,0.00
13:19:32,22.254551019986128,84.87964411852391,-18.904,-32.982,1.22,-0.156,-0.699,-167.3,0,0.0074,0.00
13:19:32,22.25455070254468,84.879644041719,-18.912,-33.017,1.22,-0.156,-0.699,-167.3,0,0.0074,0.00
13:19:32,22.254550391663273,84.87964396666361,-18.919,-33.052,1.22,-0.156,-0.695,-167.3,0,0.0074,0.00
13:19:32,22.254550076455534,84.87964389045268,-18.927,-33.087,1.22,-0.156,-0.695,-167.3,0,0.0074,0.00
13:19:32,22.254549762306038,84.87964381449763,-18.935,-33.122,1.22,-0.156,-0.695,-167.3,0,0.0074,0.00
13:19:32,22.25454945708426,84.87964374078882,-18.943,-33.156,1.22,-0.154,-0.689,-167.3,0,0.0073,0.00
13:19:32,22.25454914494652,84.87964366534737,-18.950,-33.191,1.22,-0.154,-0.689,-167.3,0,0.0073,0.00
13:19:32,22.254548821111136,84.87964358680097,-18.958,-33.227,1.22,-0.156,-0.697,-167.3,0,0.0073,0.00
13:19:32,22.254548505253183,84.87964351037324,-18.966,-33.262,1.22,-0.156,-0.697,-167.3,0,0.0073,0.00
13:19:32,22.254548183327756,84.87964343243752,-18.974,-33.298,1.22,-0.157,-0.702,-167.3,0,0.0074,0.00
13:19:32,22.254547864695493,84.87964335532554,-18.982,-33.333,1.22,-0.157,-0.702,-167.3,0,0.0074,0.00
13:19:33,22.25454754353652,84.87964327765485,-18.990,-33.369,1.22,-0.158,-0.705,-167.3,0,0.0075,0.00
13:19:33,22.25454722348994,84.87964320021825,-18.998,-33.405,1.22,-0.158,-0.705,-167.3,0,0.0075,0.00
13:19:33,22.25454691453486,84.87964312585744,-19.006,-33.439,1.22,-0.156,-0.697,-167.4,0,0.0073,0.00
13:19:33,22.254546598259196,84.87964304946664,-19.014,-33.474,1.22,-0.156,-0.697,-167.4,0,0.0073,0.00
13:19:33,22.254546282193687,84.8796429736263,-19.022,-33.509,1.22,-0.156,-0.698,-167.4,0,0.0075,0.00
13:19:33,22.254545965682993,84.87964289735058,-19.029,-33.545,1.22,-0.156,-0.698,-167.4,0,0.0075,0.00
13:19:33,22.254545650292105,84.8796428213447,-19.037,-33.580,1.22,-0.156,-0.698,-167.5,0,0.0075,0.00
13:19:33,22.254545331747444,84.87964274533205,-19.045,-33.615,1.22,-0.156,-0.700,-167.5,0,0.0074,0.00
13:19:33,22.254545014422654,84.8796426690981,-19.053,-33.650,1.22,-0.156,-0.700,-167.5,0,0.0074,0.00
13:19:33,22.2545446999493,84.87964259442646,-19.061,-33.685,1.22,-0.155,-0.699,-167.5,0,0.0073,0.00
13:19:33,22.25454438276258,84.87964251850444,-19.069,-33.721,1.22,-0.155,-0.699,-167.5,0,0.0073,0.00
13:19:33,22.254544043583337,84.8796424384524,-19.077,-33.759,1.22,-0.158,-0.716,-167.6,0,0.0077,0.00
13:19:33,22.254543718943133,84.87964236111729,-19.085,-33.795,1.22,-0.158,-0.716,-167.6,0,0.0077,0.00
13:19:33,22.254543402386854,84.87964228682071,-19.092,-33.830,1.22,-0.156,-0.711,-167.7,0,0.0072,0.00
13:19:33,22.254543080100422,84.87964221041953,-19.100,-33.866,1.22,-0.156,-0.711,-167.7,0,0.0072,0.00
13:19:33,22.25454275821638,84.87964213471282,-19.108,-33.902,1.22,-0.156,-0.711,-167.7,0,0.0074,0.00
13:19:33,22.254542436395862,84.87964205862593,-19.116,-33.937,1.22,-0.156,-0.711,-167.6,0,0.0074,0.00
13:19:33,22.254542113590347,84.87964198237066,-19.124,-33.973,1.22,-0.156,-0.712,-167.6,0,0.0074,0.00
13:19:33,22.254541790986732,84.87964190612082,-19.132,-34.009,1.22,-0.156,-0.712,-167.6,0,0.0000,0.00
13:19:34,22.254541466696296,84.87964182960106,-19.139,-34.045,1.22,-0.156,-0.714,-167.6,0,0.0076,0.00
13:19:34,22.254541143402967,84.87964175323275,-19.147,-34.081,1.22,-0.156,-0.714,-167.7,0,0.0076,0.00
13:19:34,22.25454081464119,84.8796416757772,-19.155,-34.118,1.22,-0.157,-0.719,-167.7,0,0.0077,0.00
13:19:34,22.254540489446832,84.87964159903073,-19.163,-34.154,1.22,-0.157,-0.719,-167.7,0,0.0077,0.00
13:19:34,22.254540164401803,84.87964152231952,-19.171,-34.190,1.22,-0.157,-0.719,-167.7,0,0.0077,0.00
13:19:34,22.254539837252157,84.87964144606359,-19.179,-34.227,1.22,-0.157,-0.720,-167.7,0,0.0077,0.00
13:19:34,22.254539488901376,84.87964136462354,-19.187,-34.266,1.22,-0.160,-0.737,-167.7,0,0.0078,0.00
13:19:34,22.25453915593262,84.8796412864991,-19.195,-34.303,1.22,-0.160,-0.737,-167.8,0,0.0078,0.00
13:19:34,22.25453882299543,84.87964120838204,-19.203,-34.340,1.22,-0.160,-0.737,-167.8,0,0.0078,0.00
13:19:34,22.25453851140704,84.87964113596581,-19.211,-34.374,1.22,-0.156,-0.721,-167.8,0,0.0073,0.00
13:19:34,22.25453818447075,84.87964105948117,-19.219,-34.411,1.22,-0.156,-0.721,-167.8,0,0.0073,0.00
13:19:34,22.254537850374827,84.87964098237589,-19.227,-34.448,1.22,-0.157,-0.727,-167.9,0,0.0077,0.00
13:19:34,22.25453752156344,84.87964090579409,-19.235,-34.485,1.22,-0.157,-0.727,-167.9,0,0.0077,0.00
13:19:34,22.254537188863893,84.87964082884409,-19.243,-34.522,1.22,-0.157,-0.730,-167.9,0,0.0076,0.00
13:19:34,22.25453685852231,84.87964075208404,-19.250,-34.558,1.22,-0.157,-0.730,-167.8,0,0.0076,0.00
13:19:34,22.254536536032266,84.87964067611345,-19.258,-34.594,1.22,-0.156,-0.724,-167.7,0,0.0075,0.00
13:19:34,22.25453620740969,84.8796405994022,-19.266,-34.631,1.22,-0.156,-0.724,-167.7,0,0.0075,0.00
13:19:34,22.254535880657365,84.87964052312752,-19.274,-34.667,1.22,-0.156,-0.724,-167.7,0,0.0075,0.00
13:19:34,22.254535564822323,84.87964044857947,-19.282,-34.702,1.22,-0.155,-0.716,-167.7,0,0.0073,0.00
13:19:34,22.25453524066438,84.87964037265293,-19.290,-34.738,1.22,-0.155,-0.716,-167.7,0,0.0073,0.00
13:19:35,22.254534912095327,84.87964029562843,-19.298,-34.775,1.22,-0.156,-0.720,-167.7,0,0.0074,0.00
13:19:35,22.254534586114172,84.87964021925438,-19.305,-34.811,1.23,-0.156,-0.720,-167.7,0,0.0074,0.00
13:19:35,22.254534257498165,84.87964014226068,-19.313,-34.848,1.23,-0.157,-0.722,-167.7,0,0.0074,0.00
13:19:35,22.254533930358665,84.8796400656145,-19.321,-34.884,1.23,-0.157,-0.722,-167.7,0,0.0074,0.00
13:19:35,22.254533597242087,84.87963998740449,-19.329,-34.921,1.23,-0.158,-0.727,-167.7,0,0.0075,0.00
13:19:35,22.25453326749278,84.87963991009207,-19.337,-34.958,1.23,-0.158,-0.727,-167.7,0,0.0075,0.00
13:19:35,22.254532931153854,84.87963983040977,-19.345,-34.996,1.23,-0.160,-0.733,-167.6,0,0.0077,0.00
13:19:35,22.25453259809619,84.87963975203995,-19.354,-35.033,1.23,-0.160,-0.733,-167.6,0,0.0077,0.00
13:19:35,22.25453226714863,84.87963967416665,-19.362,-35.069,1.23,-0.160,-0.733,-167.6,0,0.0077,0.00
13:19:35,22.254531937085645,84.87963959624426,-19.370,-35.106,1.23,-0.159,-0.732,-167.7,0,0.0075,0.00
13:19:35,22.25453160524478,84.87963951807983,-19.378,-35.143,1.23,-0.159,-0.732,-167.6,0,0.0075,0.00
13:19:35,22.254531286310904,84.87963944272467,-19.385,-35.179,1.23,-0.158,-0.724,-167.7,0,0.0075,0.00
13:19:35,22.25453095812579,84.87963936534825,-19.393,-35.215,1.23,-0.158,-0.724,-167.7,0,0.0075,0.00
13:19:35,22.254530631794594,84.87963928840894,-19.401,-35.252,1.23,-0.158,-0.724,-167.7,0,0.0000,0.00
13:19:35,22.254530303807893,84.8796392110793,-19.409,-35.288,1.23,-0.158,-0.724,-167.7,0,0.0000,0.00
13:19:35,22.254529930796355,84.87963912313683,-19.418,-35.330,1.23,-0.164,-0.751,-167.7,0,0.0079,0.00
13:19:35,22.2545295898427,84.87963904275071,-19.427,-35.367,1.23,-0.164,-0.751,-167.7,0,0.0079,0.00
13:19:35,22.254529250701967,84.8796389625499,-19.435,-35.405,1.23,-0.164,-0.751,-167.6,0,0.0078,0.00
13:19:35,22.254528909656578,84.87963888207356,-19.443,-35.443,1.23,-0.164,-0.751,-167.6,0,0.0078,0.00
13:19:35,22.254528569895168,84.87963880190019,-19.451,-35.481,1.23,-0.164,-0.751,-167.6,0,0.0078,0.00
13:19:36,22.25452823009353,84.87963872171733,-19.460,-35.519,1.23,-0.164,-0.751,-167.6,0,0.0078,0.00
13:19:36,22.254527890402915,84.87963864156067,-19.468,-35.557,1.23,-0.164,-0.751,-167.7,0,0.0078,0.00
13:19:36,22.25452755045164,84.8796385613425,-19.476,-35.595,1.23,-0.164,-0.751,-167.7,0,0.0078,0.00
13:19:36,22.25452721079803,84.87963848119458,-19.484,-35.632,1.23,-0.164,-0.751,-167.7,0,0.0078,0.00
13:19:36,22.254526870883765,84.87963840098514,-19.493,-35.670,1.23,-0.164,-0.751,-167.7,0,0.0078,0.00
13:19:36,22.25452658388388,84.87963833305267,-19.500,-35.702,1.23,-0.159,-0.730,-167.6,0,0.0075,0.00
13:19:36,22.254526252756794,84.87963825487806,-19.508,-35.739,1.23,-0.159,-0.730,-167.6,0,0.0075,0.00
13:19:36,22.2545259456643,84.87963818212478,-19.515,-35.773,1.23,-0.157,-0.719,-167.6,0,0.0074,0.00
13:19:36,22.254525618815215,84.87963810490828,-19.523,-35.810,1.24,-0.157,-0.719,-167.6,0,0.0074,0.00
13:19:36,22.25452531476894,84.87963803328333,-19.531,-35.843,1.24,-0.155,-0.708,-167.7,0,0.0072,0.00
13:19:36,22.254524993771806,84.87963795749863,-19.538,-35.879,1.24,-0.155,-0.708,-167.7,0,0.0072,0.00
13:19:36,22.254524649831986,84.87963787695116,-19.547,-35.917,1.24,-0.157,-0.722,-167.7,0,0.0077,0.00
13:19:36,22.25452432212411,84.87963779976324,-19.555,-35.954,1.24,-0.157,-0.722,-167.7,0,0.0077,0.00
13:19:36,22.254523993461106,84.87963772246816,-19.563,-35.990,1.24,-0.158,-0.724,-167.7,0,0.0077,0.00
13:19:36,22.254523665071222,84.87963764515548,-19.571,-36.027,1.24,-0.158,-0.724,-167.7,0,0.0077,0.00
13:19:36,22.254523342778352,84.87963756919046,-19.578,-36.063,1.24,-0.157,-0.720,-167.7,0,0.0075,0.00
13:19:36,22.254523015601624,84.87963749213505,-19.586,-36.099,1.24,-0.157,-0.720,-167.6,0,0.0075,0.00
13:19:36,22.25452268944929,84.87963741532087,-19.594,-36.136,1.24,-0.157,-0.720,-167.6,0,0.0075,0.00
13:19:36,22.254522368894165,84.8796373390855,-19.602,-36.171,1.24,-0.157,-0.716,-167.6,0,0.0074,0.00
13:19:36,22.254522043606183,84.8796372622473,-19.610,-36.208,1.24,-0.157,-0.716,-167.6,0,0.0074,0.00
13:19:37,22.254521728472724,84.87963718737934,-19.618,-36.243,1.24,-0.156,-0.710,-167.6,0,0.0073,0.00
13:19:37,22.25452140584507,84.8796371110356,-19.626,-36.279,1.24,-0.156,-0.710,-167.6,0,0.0073,0.00
13:19:37,22.25452108835984,84.87963703562362,-19.633,-36.314,1.24,-0.155,-0.707,-167.6,0,0.0074,0.00
13:19:37,22.25452076759658,84.87963695962875,-19.641,-36.350,1.24,-0.155,-0.707,-167.6,0,0.0074,0.00
13:19:37,22.254520452556097,84.87963688460542,-19.649,-36.385,1.24,-0.155,-0.703,-167.6,0,0.0073,0.00
13:19:37,22.254520132755452,84.8796368087102,-19.657,-36.420,1.24,-0.155,-0.703,-167.6,0,0.0073,0.00
13:19:37,22.254519809606837,84.8796367320816,-19.665,-36.456,1.24,-0.155,-0.707,-167.6,0,0.0073,0.00
13:19:37,22.25451948863626,84.87963665592952,-19.673,-36.492,1.24,-0.155,-0.707,-167.6,0,0.0073,0.00
13:19:37,22.2545191530653,84.87963657683457,-19.681,-36.529,1.24,-0.157,-0.718,-167.7,0,0.0075,0.00
13:19:37,22.254518827377588,84.87963649974218,-19.689,-36.566,1.24,-0.157,-0.718,-167.7,0,0.0000,0.00
13:19:37,22.254518502411408,84.87963642282057,-19.697,-36.602,1.24,-0.157,-0.718,-167.7,0,0.0000,0.00
13:19:37,22.254518165285045,84.87963634307776,-19.705,-36.639,1.24,-0.159,-0.727,-167.6,0,0.0076,0.00
13:19:37,22.254517834546117,84.87963626480783,-19.713,-36.676,1.24,-0.159,-0.727,-167.6,0,0.0076,0.00
13:19:37,22.25451718008652,84.87963610995246,-19.729,-36.749,1.24,-0.159,-0.724,-167.6,0,0.0074,0.00
13:19:37,22.254516850427382,84.87963603201865,-19.737,-36.786,1.24,-0.159,-0.726,-167.6,0,0.0076,0.00
13:19:37,22.25451652063199,84.87963595400223,-19.745,-36.822,1.24,-0.159,-0.726,-167.6,0,0.0076,0.00
13:19:37,22.254516189687937,84.87963587564887,-19.753,-36.859,1.24,-0.159,-0.727,-167.6,0,0.0075,0.00
13:19:37,22.254515859042293,84.87963579740942,-19.761,-36.896,1.24,-0.159,-0.727,-167.6,0,0.0075,0.00
13:19:37,22.2545155365866,84.87963572081958,-19.769,-36.932,1.24,-0.158,-0.722,-167.6,0,0.0076,0.00
13:19:37,22.25451520875271,84.87963564314727,-19.777,-36.968,1.24,-0.158,-0.722,-167.6,0,0.0076,0.00
13:19:38,22.254514881242184,84.87963556555157,-19.785,-37.005,1.24,-0.158,-0.722,-167.6,0,0.0076,0.00
13:19:38,22.25451456523258,84.87963549012301,-19.793,-37.040,1.24,-0.157,-0.715,-167.6,0,0.0073,0.00
13:19:38,22.254514240669383,84.87963541305012,-19.801,-37.076,1.24,-0.157,-0.715,-167.6,0,0.0073,0.00
13:19:38,22.25451391063055,84.8796353339132,-19.809,-37.113,1.24,-0.159,-0.720,-167.5,0,0.0077,0.00
13:19:38,22.254513582917706,84.87963525584985,-19.817,-37.149,1.24,-0.159,-0.720,-167.5,0,0.0077,0.00
13:19:38,22.254513269352675,84.8796351804561,-19.825,-37.184,1.24,-0.157,-0.711,-167.5,0,0.0074,0.00
13:19:38,22.254512945999615,84.87963510320232,-19.832,-37.220,1.24,-0.157,-0.711,-167.5,0,0.0074,0.00
13:19:38,22.254512621495675,84.87963502467302,-19.841,-37.256,1.23,-0.158,-0.714,-167.4,0,0.0075,0.00
13:19:38,22.25451229765058,84.87963494696655,-19.849,-37.292,1.23,-0.158,-0.714,-167.4,0,0.0075,0.00
13:19:38,22.254511974536022,84.87963486865588,-19.857,-37.328,1.23,-0.159,-0.713,-167.4,0,0.0074,0.00
13:19:38,22.25451165045142,84.87963479062623,-19.865,-37.365,1.23,-0.159,-0.713,-167.4,0,0.0074,0.00
13:19:38,22.25451133275362,84.87963471316716,-19.873,-37.400,1.23,-0.159,-0.709,-167.3,0,0.0073,0.00
13:19:38,22.254511011129107,84.87963463539748,-19.881,-37.436,1.23,-0.159,-0.709,-167.3,0,0.0073,0.00
13:19:38,22.254510683852292,84.87963455577267,-19.889,-37.472,1.23,-0.160,-0.713,-167.3,0,0.0076,0.00
13:19:38,22.25451035980041,84.87963447724701,-19.897,-37.508,1.23,-0.160,-0.713,-167.3,0,0.0076,0.00
13:19:38,22.254510036766106,84.87963439896794,-19.905,-37.544,1.23,-0.160,-0.713,-167.4,0,0.0076,0.00
13:19:38,22.25450969720565,84.87963431694811,-19.913,-37.582,1.23,-0.162,-0.725,-167.4,0,0.0077,0.00
13:19:38,22.254509367760477,84.87963423719921,-19.922,-37.619,1.23,-0.162,-0.725,-167.4,0,0.0077,0.00
13:19:38,22.254509040142715,84.87963415789268,-19.930,-37.655,1.23,-0.162,-0.725,-167.4,0,0.0073,0.00
13:19:39,22.25450871206228,84.87963407847414,-19.938,-37.692,1.23,-0.162,-0.725,-167.4,0,0.0073,0.00
13:19:39,22.254508392765207,84.87963400138507,-19.946,-37.727,1.23,-0.161,-0.720,-167.4,0,0.0076,0.00
13:19:39,22.254508065851486,84.87963392230328,-19.954,-37.764,1.23,-0.161,-0.720,-167.4,0,0.0076,0.00
13:19:39,22.254507766844213,84.87963384996557,-19.962,-37.797,1.23,-0.158,-0.704,-167.4,0,0.0072,0.00
13:19:39,22.254507447510356,84.87963377271555,-19.970,-37.832,1.23,-0.158,-0.704,-167.4,0,0.0072,0.00
13:19:39,22.2545071289304,84.87963369564791,-19.978,-37.868,1.23,-0.158,-0.704,-167.3,0,0.0000,0.00
13:19:39,22.25450681060677,84.87963361864227,-19.985,-37.903,1.24,-0.158,-0.704,-167.3,0,0.0000,0.00
13:19:39,22.254506482538066,84.87963353925232,-19.994,-37.940,1.24,-0.159,-0.710,-167.4,0,0.0075,0.00
13:19:39,22.254506160689072,84.8796334613869,-20.002,-37.976,1.24,-0.159,-0.710,-167.4,0,0.0075,0.00
13:19:39,22.25450583931295,84.87963338363588,-20.010,-38.011,1.24,-0.159,-0.710,-167.4,0,0.0075,0.00
13:19:39,22.254505504914643,84.879633302842,-20.018,-38.049,1.24,-0.161,-0.718,-167.4,0,0.0076,0.00
13:19:39,22.254505179416782,84.87963322412162,-20.026,-38.085,1.24,-0.161,-0.718,-167.4,0,0.0076,0.00
13:19:39,22.25450485603083,84.8796331455149,-20.034,-38.121,1.24,-0.161,-0.716,-167.3,0,0.0075,0.00
13:19:39,22.254504528969328,84.87963306630573,-20.042,-38.157,1.24,-0.161,-0.716,-167.3,0,0.0075,0.00
13:19:39,22.254504200012438,84.87963298609706,-20.051,-38.194,1.24,-0.162,-0.720,-167.3,0,0.0075,0.00
13:19:39,22.25450387267574,84.87963290665868,-20.059,-38.230,1.24,-0.162,-0.720,-167.3,0,0.0075,0.00
13:19:39,22.254503558141305,84.87963282998737,-20.067,-38.265,1.24,-0.160,-0.712,-167.3,0,0.0074,0.00
13:19:39,22.254503234994978,84.87963275145759,-20.075,-38.301,1.24,-0.160,-0.712,-167.3,0,0.0074,0.00
13:19:39,22.25450288583296,84.87963266675622,-20.084,-38.340,1.24,-0.164,-0.731,-167.3,0,0.0078,0.00
13:19:39,22.254502554196186,84.87963258621298,-20.092,-38.377,1.24,-0.164,-0.731,-167.3,0,0.0078,0.00
13:19:40,22.25450222368843,84.87963250594393,-20.100,-38.414,1.24,-0.164,-0.731,-167.3,0,0.0078,0.00
13:19:40,22.25450192188824,84.87963243283852,-20.108,-38.447,1.24,-0.160,-0.712,-167.3,0,0.0074,0.00
13:19:40,22.25450159786663,84.87963235420453,-20.116,-38.484,1.24,-0.160,-0.712,-167.5,0,0.0074,0.00
13:19:40,22.25450126599293,84.87963227539856,-20.124,-38.521,1.24,-0.160,-0.719,-167.5,0,0.0075,0.00
13:19:40,22.254500938649812,84.87963219650538,-20.132,-38.557,1.24,-0.160,-0.719,-167.5,0,0.0075,0.00
13:19:40,22.254500623297886,84.87963212183735,-20.140,-38.592,1.24,-0.158,-0.712,-167.6,0,0.0075,0.00
13:19:40,22.25450030014074,84.87963204438712,-20.148,-38.628,1.24,-0.158,-0.712,-167.7,0,0.0075,0.00
13:19:40,22.25449999028539,84.879631971819,-20.155,-38.663,1.24,-0.155,-0.703,-167.7,0,0.0073,0.00
13:19:40,22.254499669917966,84.87963189560588,-20.163,-38.698,1.24,-0.155,-0.703,-167.7,0,0.0073,0.00
13:19:40,22.25449935269643,84.87963182115527,-20.171,-38.733,1.24,-0.154,-0.702,-167.7,0,0.0073,0.00
13:19:40,22.25449903334917,84.87963174553038,-20.178,-38.769,1.24,-0.154,-0.702,-167.7,0,0.0073,0.00
13:19:40,22.25449871535367,84.87963167022559,-20.186,-38.804,1.24,-0.154,-0.702,-167.8,0,0.0073,0.00
13:19:40,22.254498390683743,84.87963166839408,-20.186,-38.841,1.24,-0.107,-0.707,-167.8,0,0.0075,0.00
13:19:40,22.25449806952941,84.87963161596433,-20.192,-38.876,1.24,-0.107,-0.707,-167.8,0,0.0075,0.00
13:19:40,22.25449772021916,84.87963152352013,-20.201,-38.915,1.24,-0.133,-0.726,-167.8,0,0.0077,0.00
13:19:40,22.254497390173615,84.87963145843763,-20.208,-38.952,1.24,-0.133,-0.726,-167.8,0,0.0077,0.00
13:19:40,22.254497054266526,84.87963137514897,-20.217,-38.989,1.24,-0.145,-0.732,-167.8,0,0.0077,0.00
13:19:40,22.254496721545937,84.87963130396976,-20.224,-39.026,1.24,-0.145,-0.732,-167.8,0,0.0077,0.00
13:19:40,22.254496380789508,84.8796312222437,-20.232,-39.064,1.24,-0.152,-0.738,-167.8,0,0.0078,0.00
13:19:40,22.254496044740655,84.87963114739215,-20.240,-39.102,1.24,-0.152,-0.738,-167.8,0,0.0078,0.00
13:19:41,22.254495710498514,84.87963107294303,-20.248,-39.139,1.24,-0.152,-0.738,-167.8,0,0.0000,0.00
13:19:41,22.25449537553875,84.87963099833406,-20.255,-39.176,1.24,-0.152,-0.738,-167.8,0,0.0000,0.00
13:19:41,22.254495033352214,84.87963091522421,-20.264,-39.214,1.24,-0.157,-0.743,-167.8,0,0.0079,0.00
13:19:41,22.254494694721043,84.87963083784727,-20.272,-39.252,1.24,-0.157,-0.743,-167.8,0,0.0079,0.00
13:19:41,22.254494357730973,84.87963076084532,-20.280,-39.290,1.24,-0.157,-0.743,-167.8,0,0.0079,0.00
13:19:41,22.254494056579798,84.8796306878621,-20.287,-39.323,1.24,-0.155,-0.722,-167.7,0,0.0074,0.00
13:19:41,22.254493727247404,84.8796306114804,-20.295,-39.360,1.24,-0.155,-0.722,-167.7,0,0.0074,0.00
13:19:41,22.254493405258767,84.8796305343955,-20.303,-39.396,1.24,-0.156,-0.719,-167.7,0,0.0074,0.00
13:19:41,22.254493076669462,84.87963045749754,-20.311,-39.432,1.24,-0.156,-0.719,-167.7,0,0.0074,0.00
13:19:41,22.254492753436377,84.87963038055172,-20.319,-39.468,1.24,-0.156,-0.718,-167.6,0,0.0074,0.00
13:19:41,22.254492427015936,84.87963030376378,-20.327,-39.504,1.24,-0.156,-0.718,-167.6,0,0.0074,0.00
13:19:41,22.254492111385275,84.87963022868544,-20.335,-39.540,1.24,-0.155,-0.711,-167.6,0,0.0072,0.00
13:19:41,22.254491787939557,84.87963015233018,-20.343,-39.576,1.24,-0.155,-0.711,-167.6,0,0.0072,0.00
13:19:41,22.254491458901555,84.87963013160893,-20.345,-39.612,1.24,-0.118,-0.717,-167.6,0,0.0072,0.00
13:19:41,22.254491133591998,84.8796300737807,-20.351,-39.648,1.24,-0.118,-0.717,-167.6,0,0.0072,0.00
13:19:41,22.25449079573232,84.87962998668426,-20.360,-39.686,1.24,-0.138,-0.727,-167.6,0,0.0077,0.00
13:19:41,22.254490466001354,84.87962991888563,-20.367,-39.723,1.24,-0.138,-0.727,-167.6,0,0.0077,0.00
13:19:41,22.254490142807263,84.879629838924,-20.375,-39.759,1.24,-0.147,-0.723,-167.7,0,0.0075,0.00
13:19:41,22.25448981491419,84.8796297668617,-20.382,-39.795,1.24,-0.147,-0.723,-167.7,0,0.0075,0.00
13:19:41,22.25448948702267,84.87962969479973,-20.390,-39.832,1.24,-0.147,-0.723,-167.7,0,0.0075,0.00
13:19:42,22.254489186684392,84.87962961977152,-20.397,-39.865,1.24,-0.149,-0.704,-167.6,0,0.0076,0.00
13:19:42,22.254488865682216,84.87962954636117,-20.405,-39.901,1.24,-0.149,-0.704,-167.6,0,0.0076,0.00
13:19:42,22.25448854460555,84.8796294680036,-20.413,-39.937,1.24,-0.153,-0.706,-167.5,0,0.0074,0.00
13:19:42,22.254488224137592,84.87962939315251,-20.421,-39.972,1.24,-0.153,-0.706,-167.5,0,0.0074,0.00
13:19:42,22.254487894891014,84.8796293122014,-20.429,-40.009,1.24,-0.157,-0.713,-167.4,0,0.0075,0.00
13:19:42,22.254487570884997,84.87962923519949,-20.437,-40.045,1.24,-0.157,-0.713,-167.4,0,0.0075,0.00
13:19:42,22.25448724335353,84.87962915437912,-20.445,-40.082,1.24,-0.160,-0.717,-167.3,0,0.0075,0.00
13:19:42,22.254486917537886,84.8796290759469,-20.453,-40.118,1.24,-0.160,-0.717,-167.3,0,0.0075,0.00
13:19:42,22.254486575267155,84.87962899187558,-20.462,-40.156,1.24,-0.164,-0.730,-167.3,0,0.0077,0.00
13:19:42,22.254486243485527,84.87962891143496,-20.470,-40.193,1.24,-0.164,-0.730,-167.3,0,0.0077,0.00
13:19:42,22.254485913299654,84.87962883138124,-20.479,-40.230,1.24,-0.164,-0.730,-167.2,0,0.0077,0.00
13:19:42,22.25448557988074,84.87962874889499,-20.487,-40.267,1.24,-0.165,-0.732,-167.2,0,0.0077,0.00
13:19:42,22.254485247162528,84.8796286677078,-20.496,-40.304,1.24,-0.165,-0.732,-167.2,0,0.0077,0.00
13:19:42,22.25448491633817,84.87962858698275,-20.504,-40.341,1.24,-0.165,-0.732,-167.2,0,0.0077,0.00
13:19:42,22.254484595474292,84.87962850828136,-20.512,-40.376,1.24,-0.164,-0.725,-167.2,0,0.0074,0.00
13:19:42,22.254484266133417,84.8796284277993,-20.520,-40.413,1.24,-0.164,-0.725,-167.3,0,0.0074,0.00
13:19:42,22.254483936638877,84.8796283472797,-20.529,-40.450,1.24,-0.164,-0.725,-167.3,0,0.0074,0.00
13:19:42,22.254483607984056,84.8796282669653,-20.537,-40.486,1.24,-0.164,-0.725,-167.3,0,0.0074,0.00
13:19:42,22.25448329111425,84.87962819026707,-20.545,-40.521,1.24,-0.162,-0.718,-167.3,0,0.0073,0.00
13:19:43,22.25448296508404,84.87962811078343,-20.553,-40.558,1.24,-0.162,-0.718,-167.3,0,0.0000,0.00
13:19:43,22.25448259419085,84.87962813028781,-20.551,-40.599,1.24,-0.108,-0.746,-167.3,0,0.0078,0.00
13:19:43,22.254482255611606,84.87962807748886,-20.556,-40.637,1.24,-0.108,-0.746,-167.3,0,0.0078,0.00
13:19:43,22.254481925808903,84.87962797959001,-20.566,-40.673,1.24,-0.135,-0.741,-167.3,0,0.0077,0.00
13:19:43,22.25448158939538,84.87962791345197,-20.573,-40.711,1.24,-0.135,-0.741,-167.3,0,0.0077,0.00
13:19:43,22.254481254379094,84.87962784758864,-20.580,-40.748,1.24,-0.135,-0.741,-167.3,0,0.0077,0.00
13:19:43,22.2544809200836,84.87962775471699,-20.590,-40.785,1.24,-0.151,-0.740,-167.3,0,0.0079,0.00
13:19:43,22.25448058353919,84.87962768056991,-20.597,-40.823,1.24,-0.151,-0.740,-167.3,0,0.0079,0.00
13:19:43,22.254480247628955,84.87962760656255,-20.605,-40.860,1.24,-0.151,-0.740,-167.3,0,0.0079,0.00
13:19:43,22.254479912941086,84.8796275328245,-20.612,-40.898,1.24,-0.151,-0.740,-167.3,0,0.0079,0.00
13:19:43,22.254479607801702,84.87962744991135,-20.621,-40.931,1.24,-0.156,-0.723,-167.3,0,0.0073,0.00
13:19:43,22.25447927931689,84.87962737346432,-20.629,-40.968,1.24,-0.156,-0.723,-167.4,0,0.0073,0.00
13:19:43,22.25447895240525,84.8796272973834,-20.637,-41.004,1.24,-0.156,-0.723,-167.4,0,0.0073,0.00
13:19:43,22.254478624521216,84.87962722107618,-20.645,-41.041,1.24,-0.156,-0.723,-167.4,0,0.0073,0.00
13:19:43,22.254478318362278,84.87962714278954,-20.653,-41.075,1.24,-0.157,-0.712,-167.4,0,0.0073,0.00
13:19:43,22.254477994856583,84.87962706581331,-20.661,-41.111,1.24,-0.157,-0.712,-167.4,0,0.0073,0.00
13:19:43,22.25447767229624,84.87962698906203,-20.668,-41.147,1.24,-0.157,-0.712,-167.4,0,0.0073,0.00
13:19:43,22.254477372198135,84.87962691581832,-20.676,-41.180,1.24,-0.155,-0.700,-167.4,0,0.0072,0.00
13:19:43,22.254477054043388,84.87962683966268,-20.684,-41.216,1.24,-0.155,-0.700,-167.4,0,0.0072,0.00
13:19:43,22.25447673791356,84.87962676399172,-20.692,-41.251,1.24,-0.155,-0.700,-167.5,0,0.0072,0.00
13:19:44,22.25447642056968,84.87962668803017,-20.699,-41.286,1.24,-0.155,-0.700,-167.6,0,0.0072,0.00
13:19:44,22.25447612811468,84.87962662030725,-20.706,-41.319,1.24,-0.151,-0.687,-167.7,0,0.0070,0.00
13:19:44,22.254475816281076,84.87962654620996,-20.714,-41.354,1.24,-0.151,-0.687,-167.7,0,0.0070,0.00
13:19:44,22.25447550611044,84.87962647250782,-20.722,-41.388,1.24,-0.151,-0.687,-167.7,0,0.0070,0.00
13:19:44,22.25447519522458,84.87962639863574,-20.729,-41.423,1.24,-0.151,-0.687,-167.8,0,0.0070,0.00
13:19:44,22.25447486715663,84.87962632580725,-20.737,-41.459,1.24,-0.151,-0.696,-167.9,0,0.0072,0.00
13:19:44,22.25447455039447,84.87962625172884,-20.744,-41.494,1.24,-0.151,-0.696,-167.9,0,0.0072,0.00
13:19:44,22.254474235705857,84.87962617813537,-20.752,-41.530,1.24,-0.151,-0.696,-168.3,0,0.0072,0.00
13:19:44,22.254473920816,84.87962610449482,-20.760,-41.565,1.24,-0.151,-0.696,-170.5,0,0.0072,0.00
13:19:44,22.25447358390169,84.8796260991614,-20.760,-41.602,1.23,-0.119,-0.707,-172.4,0,0.0073,0.00
13:19:44,22.254473262122183,84.8796260406572,-20.766,-41.638,1.23,-0.119,-0.707,-172.4,0,0.0073,0.00
13:19:44,22.2544729425645,84.87962598255697,-20.772,-41.673,1.23,-0.119,-0.707,-174.7,0,0.0073,0.00
13:19:44,22.25447262164071,84.87962592420837,-20.778,-41.709,1.23,-0.119,-0.707,-180.0,0,0.0073,0.00
13:19:44,22.25447230101225,84.87962586591345,-20.784,-41.745,1.23,-0.119,-0.707,177.2,0,0.0000,0.00
13:19:44,22.25447197984916,84.87962580752134,-20.790,-41.781,1.23,-0.119,-0.707,177.2,0,0.0000,0.00
13:19:44,22.254471658776943,84.87962574914573,-20.796,-41.816,1.23,-0.119,-0.707,174.1,0,0.0000,0.00
13:19:44,22.2544713380667,84.87962569083595,-20.802,-41.852,1.23,-0.119,-0.707,167.9,0,0.0000,0.00
13:19:44,22.254470883722636,84.87962565480404,-20.806,-41.903,1.23,-0.111,-0.757,164.7,0,0.0073,0.00
13:19:44,22.254470539924625,84.87962560018373,-20.812,-41.941,1.23,-0.111,-0.757,164.7,0,0.0073,0.00
13:19:44,22.254470197294584,84.87962554574897,-20.817,-41.979,1.23,-0.111,-0.757,161.4,0,0.0073,0.00
13:19:45,22.25446984342526,84.87962567339207,-20.804,-42.018,1.23,-0.041,-0.761,154.4,0,0.0069,0.00
13:19:45,22.254469497218203,84.87962565335141,-20.806,-42.057,1.23,-0.041,-0.761,154.4,0,0.0069,0.00
13:19:45,22.254469153111785,84.87962563343235,-20.808,-42.095,1.23,-0.041,-0.761,150.9,0,0.0069,0.00
13:19:45,22.254468808783557,84.87962561350047,-20.810,-42.134,1.23,-0.041,-0.761,144.0,0,0.0069,0.00
13:19:45,22.254468463634975,84.87962559352108,-20.812,-42.172,1.23,-0.041,-0.761,141.2,0,0.0069,0.00
13:19:45,22.254468184140727,84.87962578333925,-20.793,-42.203,1.23,0.044,-0.733,141.2,0,0.0063,0.00
13:19:45,22.254467850808954,84.87962580517559,-20.790,-42.240,1.23,0.044,-0.733,139.0,0,0.0063,0.00
13:19:45,22.254467518188285,84.87962582696535,-20.788,-42.277,1.23,0.044,-0.733,135.5,0,0.0063,0.00
13:19:45,22.25446732869835,84.87962604837503,-20.765,-42.298,1.23,0.133,-0.664,135.5,0,0.0059,0.00
13:19:45,22.25446702648315,84.8796261139423,-20.759,-42.332,1.23,0.133,-0.664,134.2,0,0.0059,0.00
13:19:45,22.254466726091415,84.87962617911396,-20.752,-42.365,1.23,0.133,-0.664,132.4,0,0.0059,0.00
13:19:45,22.25446642529146,84.87962624437418,-20.745,-42.399,1.23,0.133,-0.664,131.9,0,0.0059,0.00
13:19:45,22.254466299390277,84.87962659835775,-20.709,-42.413,1.23,0.267,-0.577,131.9,0,0.0062,0.00
13:19:45,22.254466037627658,84.8796267292534,-20.695,-42.442,1.23,0.267,-0.577,131.4,0,0.0062,0.00
13:19:45,22.25446577599101,84.87962686008608,-20.682,-42.471,1.23,0.267,-0.577,129.1,0,0.0062,0.00
13:19:45,22.254465515000316,84.87962699059574,-20.668,-42.500,1.23,0.267,-0.577,127.1,0,0.0062,0.00
13:19:45,22.25446539889232,84.87962732759286,-20.634,-42.513,1.24,0.362,-0.504,127.1,0,0.0063,0.00
13:19:45,22.25446516982973,84.87962750530568,-20.615,-42.539,1.24,0.362,-0.504,124.7,0,0.0063,0.00
13:19:45,22.25446494150292,84.87962768244766,-20.597,-42.564,1.24,0.362,-0.504,119.2,0,0.0063,0.00
13:19:45,22.254464713118853,84.87962785963407,-20.579,-42.590,1.24,0.362,-0.504,116.4,0,0.0063,0.00
13:19:46,22.254464508707073,84.87962817629789,-20.546,-42.612,1.24,0.426,-0.492,116.4,0,0.0065,0.00
13:19:46,22.25446428532146,84.8796283852154,-20.525,-42.637,1.24,0.426,-0.492,113.4,0,0.0065,0.00
13:19:46,22.254464062430507,84.87962859367029,-20.503,-42.662,1.24,0.426,-0.492,107.2,0,0.0065,0.00
13:19:46,22.254463839731503,84.87962880194566,-20.482,-42.687,1.24,0.426,-0.492,104.2,0,0.0065,0.00
13:19:46,22.254463617005083,84.87962901024667,-20.460,-42.712,1.24,0.426,-0.492,104.2,0,0.0065,0.00
13:19:46,22.254463394197447,84.87962921862365,-20.439,-42.736,1.24,0.426,-0.492,99.6,0,0.0000,0.00
13:19:46,22.254463171130357,84.87962942724326,-20.417,-42.761,1.24,0.426,-0.492,98.0,0,0.0000,0.00
13:19:46,22.254463289136115,84.87962995297887,-20.363,-42.748,1.24,0.544,-0.356,96.7,0,0.0064,0.00
13:19:46,22.25446312711735,84.87963022054446,-20.336,-42.766,1.24,0.544,-0.356,96.7,0,0.0064,0.00
13:19:46,22.254462966162784,84.87963048635258,-20.308,-42.784,1.24,0.544,-0.356,95.6,0,0.0064,0.00
13:19:46,22.25446280496656,84.87963075255979,-20.281,-42.802,1.24,0.544,-0.356,94.3,0,0.0064,0.00
13:19:46,22.25446264407984,84.87963101825586,-20.253,-42.820,1.24,0.544,-0.356,94.1,0,0.0064,0.00
13:19:46,22.254462772308038,84.87963136766572,-20.217,-42.806,1.24,0.575,-0.239,94.1,0,0.0061,0.00
13:19:46,22.25446266381476,84.87963165032465,-20.188,-42.818,1.24,0.575,-0.239,94.0,0,0.0061,0.00
13:19:46,22.25446255569448,84.87963193201179,-20.159,-42.830,1.25,0.575,-0.239,94.1,0,0.0061,0.00
13:19:46,22.25446244750011,84.87963221389195,-20.130,-42.842,1.25,0.575,-0.239,94.1,0,0.0061,0.00
13:19:46,22.254462597728004,84.87963253482977,-20.097,-42.825,1.25,0.591,-0.125,94.2,0,0.0061,0.00
13:19:46,22.254462540820672,84.8796328251486,-20.067,-42.831,1.25,0.591,-0.125,94.6,0,0.0061,0.00
13:19:46,22.25446248424329,84.87963311378415,-20.037,-42.838,1.25,0.591,-0.125,94.7,0,0.0061,0.00
13:19:47,22.254462427536613,84.87963340307932,-20.008,-42.844,1.25,0.591,-0.125,94.7,0,0.0061,0.00
13:19:47,22.254462455926706,84.87963375440587,-19.971,-42.841,1.25,0.618,-0.086,95.1,0,0.0065,0.00
13:19:47,22.254462417071796,84.87963405788977,-19.940,-42.845,1.25,0.618,-0.086,95.2,0,0.0065,0.00
13:19:47,22.2544623783321,84.87963436047377,-19.909,-42.849,1.25,0.618,-0.086,95.3,0,0.0065,0.00
13:19:47,22.254462339604494,84.87963466296334,-19.878,-42.854,1.25,0.618,-0.086,95.3,0,0.0065,0.00
13:19:47,22.25446232816779,84.87963499947496,-19.843,-42.855,1.25,0.633,-0.072,95.6,0,0.0066,0.00
13:19:47,22.254462295201346,84.87963531120629,-19.811,-42.859,1.25,0.633,-0.072,95.7,0,0.0066,0.00
13:19:47,22.254462262460763,84.87963562080188,-19.779,-42.862,1.25,0.633,-0.072,95.9,0,0.0066,0.00
13:19:47,22.254462232462636,84.87963598133352,-19.742,-42.866,1.25,0.658,-0.071,95.9,0,0.0069,0.00
13:19:47,22.254462200280464,84.87963630365331,-19.709,-42.869,1.25,0.658,-0.071,96.7,0,0.0069,0.00
13:19:47,22.2544621681293,84.87963662566258,-19.676,-42.873,1.25,0.658,-0.071,97.9,0,0.0069,0.00
13:19:47,22.25446213606522,84.87963694679964,-19.643,-42.876,1.25,0.658,-0.071,97.9,0,0.0069,0.00
13:19:47,22.25446219161653,84.87963732668554,-19.603,-42.870,1.25,0.686,-0.026,101.5,0,0.0069,0.00
13:19:47,22.2544621799676,84.87963766311468,-19.569,-42.872,1.24,0.686,-0.026,103.0,0,0.0069,0.00
13:19:47,22.254462168361094,84.87963799831876,-19.534,-42.873,1.24,0.686,-0.026,104.2,0,0.0069,0.00
13:19:47,22.254462156743596,84.8796383338402,-19.500,-42.874,1.24,0.686,-0.026,104.2,0,0.0069,0.00
13:19:47,22.25446218392105,84.87963872966195,-19.459,-42.871,1.24,0.714,-0.006,105.9,0,0.0073,0.00
13:19:47,22.254462181164822,84.87963908196299,-19.423,-42.871,1.24,0.714,-0.006,106.5,0,0.0073,0.00
13:19:47,22.254462178429502,84.87963943159119,-19.387,-42.872,1.24,0.714,-0.006,106.5,0,0.0073,0.00
13:19:47,22.254462175699732,84.87963978051025,-19.351,-42.872,1.24,0.714,-0.006,107.1,0,0.0073,0.00
13:19:48,22.25446204283623,84.87964009849252,-19.318,-42.887,1.24,0.700,-0.071,107.2,0,0.0071,0.00
13:19:48,22.254462010506316,84.87964044292245,-19.282,-42.890,1.24,0.700,-0.071,107.2,0,0.0000,0.00
13:19:48,22.25446197836391,84.87964078535472,-19.247,-42.894,1.24,0.700,-0.071,107.2,0,0.0000,0.00
13:19:48,22.254461946289886,84.8796411270585,-19.212,-42.898,1.24,0.700,-0.071,107.0,0,0.0000,0.00
13:19:48,22.254461755665062,84.87964145149702,-19.178,-42.919,1.24,0.691,-0.149,106.9,0,0.0073,0.00
13:19:48,22.25446168763103,84.87964179138243,-19.143,-42.926,1.24,0.691,-0.149,106.8,0,0.0073,0.00
13:19:48,22.25446161988416,84.8796421298332,-19.109,-42.934,1.23,0.691,-0.149,106.6,0,0.0073,0.00
13:19:48,22.254461552244546,84.87964246774818,-19.074,-42.941,1.23,0.691,-0.149,106.6,0,0.0073,0.00
13:19:48,22.254461424088536,84.87964278967813,-19.041,-42.956,1.23,0.684,-0.179,106.5,0,0.0071,0.00
13:19:48,22.254461342650682,84.87964312510553,-19.006,-42.965,1.23,0.684,-0.179,106.5,0,0.0071,0.00
13:19:48,22.254461261496743,84.87964345936355,-18.972,-42.974,1.23,0.684,-0.179,106.5,0,0.0071,0.00
13:19:48,22.25446118039736,84.87964379339685,-18.937,-42.983,1.23,0.684,-0.179,106.4,0,0.0071,0.00
13:19:48,22.254461076528848,84.87964412388301,-18.903,-42.994,1.23,0.682,-0.191,106.3,0,0.0071,0.00
13:19:48,22.25446098989789,84.87964445884235,-18.869,-43.004,1.23,0.682,-0.191,106.1,0,0.0071,0.00
13:19:48,22.254460903708466,84.87964479209448,-18.834,-43.014,1.23,0.682,-0.191,106.1,0,0.0071,0.00
13:19:48,22.254460801639652,84.87964516448442,-18.796,-43.025,1.23,0.701,-0.199,106.0,0,0.0075,0.00
13:19:48,22.25446071116712,84.87964550899933,-18.760,-43.035,1.23,0.701,-0.199,105.9,0,0.0075,0.00
13:19:48,22.254460621244633,84.87964585141971,-18.725,-43.045,1.23,0.701,-0.199,105.9,0,0.0075,0.00
13:19:48,22.25446053113553,84.8796461945507,-18.690,-43.055,1.23,0.701,-0.199,105.9,0,0.0075,0.00
13:19:48,22.254460440879612,84.87964653743789,-18.654,-43.065,1.23,0.702,-0.199,105.9,0,0.0075,0.00
13:19:49,22.254460350446315,84.8796468816141,-18.619,-43.075,1.23,0.702,-0.199,105.8,0,0.0075,0.00
13:19:49,22.25446026028905,84.87964722473976,-18.584,-43.085,1.23,0.702,-0.199,105.8,0,0.0075,0.00
13:19:49,22.254460170322492,84.87964756713963,-18.548,-43.095,1.23,0.702,-0.199,105.7,0,0.0075,0.00
13:19:49,22.254460080159678,84.8796479102864,-18.513,-43.105,1.23,0.702,-0.199,105.6,0,0.0075,0.00
13:19:49,22.254459992888094,84.87964826341059,-18.477,-43.115,1.23,0.706,-0.198,105.5,0,0.0074,0.00
13:19:49,22.254459902959006,84.87964861016471,-18.441,-43.125,1.23,0.706,-0.198,105.5,0,0.0074,0.00
13:19:49,22.254459813571525,84.87964895483047,-18.405,-43.135,1.23,0.706,-0.198,105.5,0,0.0074,0.00
13:19:49,22.254459733673606,84.87964927203751,-18.373,-43.144,1.23,0.693,-0.193,105.5,0,0.0073,0.00
13:19:49,22.254459645979946,84.8796496122464,-18.338,-43.154,1.23,0.693,-0.193,105.4,0,0.0073,0.00
13:19:49,22.25445955863609,84.8796499510982,-18.303,-43.163,1.23,0.693,-0.193,105.4,0,0.0073,0.00
13:19:49,22.254459471431165,84.87965028941103,-18.268,-43.173,1.23,0.693,-0.193,105.4,0,0.0073,0.00
13:19:49,22.2544593817794,84.87965064833955,-18.231,-43.183,1.23,0.702,-0.194,105.4,0,0.0073,0.00
13:19:49,22.254459293385903,84.8796509938317,-18.195,-43.193,1.23,0.702,-0.194,105.4,0,0.0000,0.00
13:19:49,22.25445920536417,84.87965133787077,-18.160,-43.203,1.23,0.702,-0.194,105.4,0,0.0000,0.00
13:19:49,22.254459117476344,84.87965168138645,-18.124,-43.212,1.23,0.702,-0.194,105.4,0,0.0000,0.00
13:19:49,22.254459032980407,84.87965201668463,-18.090,-43.222,1.23,0.699,-0.192,105.4,0,0.0073,0.00
13:19:49,22.25445894544592,84.87965235996742,-18.055,-43.232,1.23,0.699,-0.192,105.4,0,0.0073,0.00
13:19:49,22.254458858378882,84.87965270141702,-18.019,-43.241,1.23,0.699,-0.192,105.4,0,0.0073,0.00
13:19:49,22.254458771186115,84.87965304335965,-17.984,-43.251,1.23,0.699,-0.192,105.3,0,0.0073,0.00
13:19:50,22.254458686955488,84.87965338051895,-17.949,-43.260,1.23,0.696,-0.191,105.3,0,0.0072,0.00
13:19:50,22.254458600046817,84.87965372289207,-17.914,-43.270,1.23,0.696,-0.191,105.3,0,0.0072,0.00
13:19:50,22.25445851361139,84.87965406340088,-17.879,-43.280,1.23,0.696,-0.191,105.3,0,0.0072,0.00
13:19:50,22.25445842705162,84.87965440439952,-17.844,-43.289,1.23,0.696,-0.191,105.2,0,0.0072,0.00
13:19:50,22.254458343316667,84.87965474358305,-17.809,-43.299,1.23,0.696,-0.190,105.2,0,0.0072,0.00
13:19:50,22.25445825687789,84.87965508620513,-17.774,-43.308,1.23,0.696,-0.190,105.2,0,0.0072,0.00
13:19:50,22.254458081524763,84.87965578944278,-17.701,-43.328,1.23,0.706,-0.191,105.1,0,0.0073,0.00
13:19:50,22.254457994142676,84.87965613775721,-17.665,-43.338,1.23,0.706,-0.191,105.1,0,0.0073,0.00
13:19:50,22.25445790747686,84.87965648321652,-17.630,-43.347,1.23,0.706,-0.191,105.1,0,0.0073,0.00
13:19:50,22.254457820810632,84.87965682867745,-17.594,-43.357,1.23,0.706,-0.191,105.1,0,0.0073,0.00
13:19:50,22.254457733433323,84.87965718416093,-17.558,-43.367,1.23,0.710,-0.192,105.0,0,0.0073,0.00
13:19:50,22.2544576461061,84.87965753395451,-17.521,-43.376,1.23,0.710,-0.192,105.0,0,0.0073,0.00
13:19:50,22.254457559032467,84.87965788273232,-17.486,-43.386,1.23,0.710,-0.192,105.0,0,0.0073,0.00
13:19:50,22.254457472184935,84.87965823060448,-17.450,-43.396,1.23,0.710,-0.192,105.0,0,0.0073,0.00
13:19:50,22.25445739764493,84.87965853252193,-17.419,-43.404,1.23,0.689,-0.185,105.0,0,0.0072,0.00
13:19:50,22.25445731311335,84.87965887188798,-17.384,-43.413,1.23,0.689,-0.185,105.0,0,0.0072,0.00
13:19:50,22.254457229148915,84.87965920897715,-17.349,-43.423,1.23,0.689,-0.185,105.0,0,0.0072,0.00
13:19:50,22.25445714498723,84.87965954685819,-17.314,-43.432,1.23,0.689,-0.185,105.0,0,0.0072,0.00
13:19:50,22.254457061657277,84.87965988681309,-17.279,-43.441,1.23,0.690,-0.185,105.0,0,0.0072,0.00
13:19:50,22.254456977534055,84.87966022576596,-17.244,-43.451,1.23,0.690,-0.185,105.0,0,0.0072,0.00
13:19:51,22.254456893759105,84.87966056331555,-17.209,-43.460,1.23,0.690,-0.185,105.0,0,0.0072,0.00
13:19:51,22.254456809847067,84.87966090141752,-17.175,-43.469,1.23,0.690,-0.185,105.0,0,0.0072,0.00
13:19:51,22.25445672585618,84.87966123983719,-17.140,-43.479,1.23,0.690,-0.185,105.0,0,0.0000,0.00
13:19:51,22.25445664199565,84.87966157773161,-17.105,-43.488,1.23,0.690,-0.185,105.0,0,0.0000,0.00
13:19:51,22.2544565581791,84.87966191544884,-17.070,-43.497,1.23,0.690,-0.185,105.0,0,0.0000,0.00
13:19:51,22.25445647452064,84.87966225252906,-17.035,-43.507,1.23,0.690,-0.185,104.9,0,0.0000,0.00
13:19:51,22.254456385253814,84.87966261712627,-16.998,-43.517,1.23,0.699,-0.187,104.9,0,0.0072,0.00
13:19:51,22.25445630007364,84.87966296117305,-16.962,-43.526,1.23,0.699,-0.187,104.9,0,0.0072,0.00
13:19:51,22.25445621533061,84.87966330345422,-16.927,-43.536,1.23,0.699,-0.187,104.9,0,0.0072,0.00
13:19:51,22.254456127315173,84.8796636647919,-16.890,-43.545,1.23,0.707,-0.188,104.9,0,0.0074,0.00
13:19:51,22.25445604168558,84.87966401176327,-16.854,-43.555,1.23,0.707,-0.188,104.9,0,0.0074,0.00
13:19:51,22.254455956387424,84.87966435739165,-16.818,-43.564,1.23,0.707,-0.188,104.9,0,0.0074,0.00
13:19:51,22.25445587098592,84.87966470343879,-16.783,-43.574,1.23,0.707,-0.188,104.9,0,0.0074,0.00
13:19:51,22.25445578552992,84.87966504970676,-16.747,-43.583,1.23,0.707,-0.188,104.9,0,0.0074,0.00
13:19:51,22.254455700669638,84.87966539738707,-16.711,-43.593,1.22,0.708,-0.188,104.9,0,0.0073,0.00
13:19:51,22.2544556149029,84.87966574567861,-16.675,-43.602,1.22,0.708,-0.188,104.9,0,0.0073,0.00
13:19:51,22.25445552949828,84.87966609249958,-16.640,-43.612,1.22,0.708,-0.188,104.8,0,0.0073,0.00
13:19:51,22.254455443786345,84.87966644914854,-16.603,-43.621,1.22,0.712,-0.189,104.7,0,0.0074,0.00
13:19:51,22.254455357881778,84.87966679987844,-16.567,-43.631,1.22,0.712,-0.189,104.7,0,0.0074,0.00
13:19:51,22.254455272498834,84.87966714847866,-16.531,-43.641,1.22,0.712,-0.189,104.7,0,0.0074,0.00
13:19:52,22.25445518699235,84.87966749758327,-16.495,-43.650,1.22,0.712,-0.189,104.7,0,0.0074,0.00
13:19:52,22.254455106345123,84.87966783182485,-16.461,-43.659,1.22,0.706,-0.186,104.7,0,0.0073,0.00
13:19:52,22.254455021701922,84.87966817853219,-16.425,-43.668,1.22,0.706,-0.186,104.7,0,0.0073,0.00
13:19:52,22.254454937443807,84.87966852366218,-16.389,-43.678,1.22,0.706,-0.186,104.7,0,0.0073,0.00
13:19:52,22.254454853036602,84.87966886940285,-16.354,-43.687,1.22,0.706,-0.186,104.7,0,0.0073,0.00
13:19:52,22.254454770683925,84.87966921066781,-16.318,-43.696,1.22,0.703,-0.185,104.7,0,0.0074,0.00
13:19:52,22.254454686181987,84.87966955769042,-16.283,-43.706,1.22,0.703,-0.185,104.7,0,0.0074,0.00
13:19:52,22.254454602515548,84.87966990128189,-16.247,-43.715,1.22,0.703,-0.185,104.8,0,0.0074,0.00
13:19:52,22.254454518534807,84.87967024616408,-16.212,-43.724,1.22,0.703,-0.185,104.8,0,0.0074,0.00
13:19:52,22.254454430663568,84.87967060308739,-16.175,-43.734,1.22,0.709,-0.187,104.8,0,0.0075,0.00
13:19:52,22.254454345278447,84.87967095284812,-16.139,-43.744,1.22,0.709,-0.187,104.8,0,0.0075,0.00
13:19:52,22.254454260622865,84.87967129962044,-16.103,-43.753,1.22,0.709,-0.187,104.8,0,0.0075,0.00
13:19:52,22.254454182925194,84.879671618004,-16.070,-43.762,1.22,0.695,-0.183,104.8,0,0.0071,0.00
13:19:52,22.254454099500958,84.87967195975921,-16.035,-43.771,1.22,0.695,-0.183,104.7,0,0.0000,0.00
13:19:52,22.2544540164879,84.87967229983,-16.000,-43.780,1.22,0.695,-0.183,104.7,0,0.0000,0.00
13:19:52,22.254453933722022,84.87967263888821,-15.965,-43.790,1.22,0.695,-0.183,104.6,0,0.0000,0.00
13:19:52,22.254453850683948,84.87967298627623,-15.929,-43.799,1.22,0.698,-0.183,104.6,0,0.0073,0.00
13:19:52,22.25445376700076,84.87967333080195,-15.894,-43.808,1.22,0.698,-0.183,104.6,0,0.0073,0.00
13:19:52,22.254453684118467,84.87967367203039,-15.859,-43.817,1.22,0.698,-0.183,104.6,0,0.0073,0.00
13:19:52,22.25445360119852,84.87967401341383,-15.824,-43.827,1.22,0.698,-0.183,104.6,0,0.0073,0.00
13:19:53,22.25445351975816,84.87967435537148,-15.788,-43.836,1.21,0.698,-0.182,104.6,0,0.0073,0.00
13:19:53,22.254453436557945,84.87967469944716,-15.753,-43.845,1.21,0.698,-0.182,104.6,0,0.0073,0.00
13:19:53,22.254453354199946,84.87967504003984,-15.718,-43.854,1.21,0.698,-0.182,104.6,0,0.0073,0.00
13:19:53,22.25445327165648,84.87967538139952,-15.683,-43.863,1.21,0.698,-0.182,104.6,0,0.0073,0.00
13:19:53,22.254453186098488,84.87967574227217,-15.646,-43.873,1.21,0.707,-0.184,104.5,0,0.0073,0.00
13:19:53,22.254453102498072,84.87967608960162,-15.610,-43.882,1.21,0.707,-0.184,104.5,0,0.0073,0.00
13:19:53,22.254453019352653,84.87967643504072,-15.574,-43.891,1.21,0.707,-0.184,104.5,0,0.0073,0.00
13:19:53,22.25445293628201,84.87967678016915,-15.539,-43.901,1.21,0.707,-0.184,104.5,0,0.0073,0.00
13:19:53,22.254452861022546,84.87967709833147,-15.506,-43.909,1.21,0.694,-0.180,104.5,0,0.0072,0.00
13:19:53,22.25445277953574,84.87967743811217,-15.471,-43.918,1.21,0.694,-0.180,104.5,0,0.0072,0.00
13:19:53,22.254452698103233,84.87967777766643,-15.436,-43.927,1.21,0.694,-0.180,104.5,0,0.0072,0.00
13:19:53,22.25445261679165,84.87967811671648,-15.401,-43.936,1.21,0.694,-0.180,104.5,0,0.0072,0.00
13:19:53,22.25445253491883,84.87967845805039,-15.366,-43.945,1.21,0.695,-0.180,104.5,0,0.0074,0.00
13:19:53,22.25445245319769,84.87967879879554,-15.331,-43.954,1.21,0.695,-0.180,104.5,0,0.0074,0.00
13:19:53,22.254452371867615,84.87967913791012,-15.296,-43.963,1.21,0.695,-0.180,104.5,0,0.0074,0.00
13:19:53,22.25445229051941,84.87967947710027,-15.261,-43.972,1.21,0.695,-0.180,104.6,0,0.0074,0.00
13:19:53,22.25445220392251,84.87967983213751,-15.224,-43.982,1.21,0.702,-0.183,104.6,0,0.0074,0.00
13:19:53,22.254452121246718,84.87968017551187,-15.189,-43.991,1.21,0.702,-0.183,104.6,0,0.0074,0.00
13:19:53,22.254452038723816,84.87968051825122,-15.153,-44.000,1.21,0.702,-0.183,104.5,0,0.0074,0.00
13:19:54,22.25445195616611,84.87968086113513,-15.118,-44.010,1.21,0.702,-0.183,104.5,0,0.0074,0.00
13:19:54,22.254451867608434,84.87968122819092,-15.080,-44.020,1.21,0.713,-0.186,104.5,0,0.0076,0.00
13:19:54,22.254451783534584,84.87968157720441,-15.044,-44.029,1.21,0.713,-0.186,104.5,0,0.0076,0.00
13:19:54,22.254451699654282,84.8796819254144,-15.009,-44.038,1.22,0.713,-0.186,104.5,0,0.0076,0.00
13:19:54,22.254451615800217,84.8796822735155,-14.973,-44.048,1.22,0.713,-0.186,104.6,0,0.0076,0.00
13:19:54,22.254451531963635,84.879682621544,-14.937,-44.057,1.22,0.713,-0.186,104.6,0,0.0000,0.00
13:19:54,22.254451448058695,84.87968296985629,-14.901,-44.066,1.22,0.713,-0.186,104.6,0,0.0000,0.00
13:19:54,22.254451364162897,84.87968331813063,-14.865,-44.076,1.22,0.713,-0.186,104.6,0,0.0000,0.00
13:19:54,22.254451280526222,84.87968365578402,-14.830,-44.085,1.22,0.709,-0.185,104.7,0,0.0073,0.00
13:19:54,22.25445119641662,84.87968400321422,-14.794,-44.094,1.22,0.709,-0.185,104.7,0,0.0073,0.00
13:19:54,22.254451112719682,84.87968434893985,-14.759,-44.104,1.22,0.709,-0.185,104.7,0,0.0073,0.00
13:19:54,22.25445102881383,84.87968469552843,-14.723,-44.113,1.22,0.709,-0.185,104.7,0,0.0073,0.00
13:19:54,22.2544509432487,84.87968504309933,-14.687,-44.122,1.22,0.709,-0.186,104.7,0,0.0074,0.00
13:19:54,22.254450858692397,84.87968539123992,-14.651,-44.132,1.22,0.709,-0.186,104.8,0,0.0074,0.00
13:19:54,22.254450774446312,84.87968573810328,-14.616,-44.141,1.22,0.709,-0.186,104.8,0,0.0074,0.00
13:19:54,22.254450690244088,84.87968608478603,-14.580,-44.151,1.22,0.709,-0.186,104.9,0,0.0074,0.00
13:19:54,22.25445059979617,84.87968644395417,-14.543,-44.161,1.22,0.714,-0.189,104.9,0,0.0075,0.00
13:19:54,22.254450513922507,84.8796867947692,-14.507,-44.170,1.22,0.714,-0.189,104.9,0,0.0075,0.00
13:19:54,22.254450428378266,84.87968714423846,-14.471,-44.180,1.22,0.714,-0.189,104.8,0,0.0075,0.00
13:19:54,22.254450342936416,84.87968749328942,-14.435,-44.189,1.22,0.714,-0.189,104.8,0,0.0075,0.00
13:19:55,22.254450257056867,84.87968784214512,-14.399,-44.199,1.22,0.714,-0.189,104.8,0,0.0075,0.00
13:19:55,22.254450171175343,84.87968819256315,-14.363,-44.208,1.22,0.714,-0.189,104.8,0,0.0075,0.00
13:19:55,22.254450085660963,84.87968854148313,-14.327,-44.218,1.22,0.714,-0.189,104.8,0,0.0075,0.00
13:19:55,22.25445000007291,84.87968889070372,-14.291,-44.227,1.22,0.714,-0.189,104.8,0,0.0075,0.00
13:19:55,22.25444991935211,84.87968922029174,-14.257,-44.236,1.22,0.705,-0.187,104.8,0,0.0074,0.00
13:19:55,22.25444983448282,84.8796895666297,-14.221,-44.246,1.22,0.705,-0.187,104.8,0,0.0074,0.00
13:19:55,22.254449750094725,84.87968991100401,-14.186,-44.255,1.22,0.705,-0.187,104.9,0,0.0074,0.00
13:19:55,22.254449665542232,84.87969025604919,-14.150,-44.265,1.22,0.705,-0.187,104.9,0,0.0074,0.00
13:19:55,22.254449580042348,84.87969059912594,-14.115,-44.274,1.22,0.705,-0.187,104.9,0,0.0074,0.00
13:19:55,22.25444949516535,84.87969094419913,-14.079,-44.284,1.22,0.705,-0.187,105.0,0,0.0074,0.00
13:19:55,22.254449410432816,84.879691288685,-14.044,-44.293,1.22,0.705,-0.187,105.0,0,0.0074,0.00
13:19:55,22.25444932565574,84.87969163335194,-14.008,-44.303,1.22,0.705,-0.187,105.0,0,0.0074,0.00
13:19:55,22.254449237564874,84.87969198421135,-13.972,-44.312,1.22,0.708,-0.189,105.0,0,0.0074,0.00
13:19:55,22.254449151718784,84.87969233159657,-13.936,-44.322,1.22,0.708,-0.189,105.0,0,0.0074,0.00
13:19:55,22.25444906598286,84.879692678536,-13.901,-44.331,1.22,0.708,-0.189,105.0,0,0.0074,0.00
13:19:55,22.25444898043932,84.87969302469695,-13.865,-44.341,1.22,0.708,-0.189,105.0,0,0.0074,0.00
13:19:55,22.254448894795335,84.87969337126435,-13.829,-44.350,1.22,0.708,-0.189,105.0,0,0.0000,0.00
13:19:55,22.25444880922101,84.87969371754986,-13.794,-44.360,1.22,0.708,-0.189,105.1,0,0.0000,0.00
13:19:55,22.254448723580268,84.87969406410414,-13.758,-44.370,1.22,0.708,-0.189,105.0,0,0.0000,0.00
13:19:55,22.254448622738995,84.87969446189739,-13.717,-44.381,1.23,0.727,-0.195,105.0,0,0.0075,0.00
13:19:56,22.254448534092376,84.87969481875267,-13.680,-44.391,1.23,0.727,-0.195,105.0,0,0.0075,0.00
13:19:56,22.25444844568115,84.87969517466037,-13.643,-44.400,1.23,0.727,-0.195,105.0,0,0.0075,0.00
13:19:56,22.254448357262397,84.87969553059835,-13.607,-44.410,1.23,0.727,-0.195,105.0,0,0.0075,0.00
13:19:56,22.25444826902761,84.87969588579578,-13.570,-44.420,1.23,0.727,-0.195,105.0,0,0.0075,0.00
13:19:56,22.254448192462146,84.87969620062724,-13.538,-44.429,1.23,0.712,-0.190,104.9,0,0.0073,0.00
13:19:56,22.254448105999508,84.87969654990421,-13.502,-44.438,1.23,0.712,-0.190,104.9,0,0.0073,0.00
13:19:56,22.254448019806375,84.87969689809249,-13.466,-44.448,1.23,0.712,-0.190,104.9,0,0.0073,0.00
13:19:56,22.254447933770216,84.87969724564664,-13.430,-44.457,1.23,0.712,-0.190,104.9,0,0.0073,0.00
13:19:56,22.254447847601547,84.8796975937361,-13.394,-44.467,1.22,0.712,-0.190,104.9,0,0.0073,0.00
13:19:56,22.254447761505045,84.879697941534,-13.358,-44.477,1.22,0.712,-0.190,104.9,0,0.0073,0.00
13:19:56,22.254447675315173,84.87969828970911,-13.323,-44.486,1.22,0.712,-0.190,104.9,0,0.0073,0.00
13:19:56,22.25444758519826,84.87969865807952,-13.285,-44.496,1.22,0.719,-0.192,104.9,0,0.0078,0.00
13:19:56,22.254447497669364,84.87969901239447,-13.248,-44.506,1.22,0.719,-0.192,104.9,0,0.0078,0.00
13:19:56,22.254447410912544,84.87969936358408,-13.212,-44.516,1.22,0.719,-0.192,104.9,0,0.0078,0.00
13:19:56,22.254447324065325,84.87969971513961,-13.176,-44.525,1.22,0.719,-0.192,104.9,0,0.0078,0.00
13:19:56,22.254447241366368,84.87970005277553,-13.141,-44.535,1.22,0.714,-0.190,104.9,0,0.0074,0.00
13:19:56,22.254447154634715,84.87970040439671,-13.105,-44.544,1.22,0.714,-0.190,104.9,0,0.0074,0.00
13:19:56,22.254447068536038,84.87970075345173,-13.069,-44.554,1.22,0.714,-0.190,104.9,0,0.0074,0.00
13:19:56,22.254446982377488,84.87970110274948,-13.033,-44.563,1.22,0.714,-0.190,104.8,0,0.0074,0.00
13:19:56,22.254446899266352,84.8797014455563,-12.997,-44.573,1.22,0.711,-0.189,104.8,0,0.0074,0.00
13:19:57,22.25444681354853,84.87970179425814,-12.961,-44.582,1.22,0.711,-0.189,104.8,0,0.0074,0.00
13:19:57,22.254446728324336,84.87970214095189,-12.926,-44.592,1.22,0.711,-0.189,104.8,0,0.0074,0.00
13:19:57,22.254446642942472,84.87970248828707,-12.890,-44.601,1.22,0.711,-0.189,104.8,0,0.0074,0.00
13:19:57,22.254446556789286,84.87970284489796,-12.853,-44.611,1.22,0.715,-0.189,104.8,0,0.0073,0.00
13:19:57,22.254446470744394,84.87970319624804,-12.817,-44.620,1.22,0.715,-0.189,104.8,0,0.0073,0.00
13:19:57,22.25444638518516,84.87970354561504,-12.781,-44.630,1.22,0.715,-0.189,104.8,0,0.0073,0.00
13:19:57,22.254446299381275,84.87970389598102,-12.745,-44.639,1.22,0.715,-0.189,104.8,0,0.0073,0.00
13:19:57,22.2544462134818,84.87970424673735,-12.709,-44.649,1.22,0.715,-0.189,104.8,0,0.0000,0.00
13:19:57,22.25444612759326,84.879704597449,-12.673,-44.659,1.22,0.715,-0.189,104.8,0,0.0000,0.00
13:19:57,22.254446041906434,84.87970494733699,-12.637,-44.668,1.22,0.715,-0.189,104.8,0,0.0000,0.00
13:19:57,22.254445956435095,84.87970529634508,-12.601,-44.678,1.22,0.715,-0.189,104.8,0,0.0000,0.00
13:19:57,22.254445868362584,84.87970565775043,-12.563,-44.687,1.22,0.719,-0.190,104.8,0,0.0075,0.00
13:19:57,22.25444578174231,84.87970601174824,-12.527,-44.697,1.22,0.719,-0.190,104.7,0,0.0075,0.00
13:19:57,22.254445695668103,84.87970636351437,-12.491,-44.707,1.22,0.719,-0.190,104.8,0,0.0075,0.00
13:19:57,22.254445615513045,84.87970669260689,-12.457,-44.716,1.22,0.710,-0.188,104.8,0,0.0074,0.00
13:19:57,22.25444553029909,84.87970704114322,-12.421,-44.725,1.22,0.710,-0.188,104.8,0,0.0074,0.00
13:19:57,22.25444544529958,84.87970738880246,-12.385,-44.734,1.22,0.710,-0.188,104.7,0,0.0074,0.00
13:19:57,22.25444536037155,84.87970773616932,-12.349,-44.744,1.22,0.710,-0.188,104.7,0,0.0074,0.00
13:19:57,22.254445277447626,84.87970807798501,-12.314,-44.753,1.22,0.707,-0.186,104.7,0,0.0074,0.00
13:19:58,22.25444519297,84.8797084240626,-12.278,-44.763,1.23,0.707,-0.186,104.8,0,0.0074,0.00
13:19:58,22.25444510851754,84.8797087700371,-12.243,-44.772,1.23,0.707,-0.186,104.8,0,0.0074,0.00
13:19:58,22.2544450242552,84.87970911523273,-12.207,-44.781,1.23,0.707,-0.186,104.8,0,0.0074,0.00
13:19:58,22.2544449337204,84.8797094796717,-12.170,-44.791,1.23,0.716,-0.189,104.9,0,0.0074,0.00
13:19:58,22.254444847832087,84.87970983012308,-12.134,-44.801,1.23,0.716,-0.189,104.9,0,0.0074,0.00
13:19:58,22.254444762032243,84.87971018021345,-12.097,-44.811,1.23,0.716,-0.189,105.0,0,0.0074,0.00
13:19:58,22.25444467621008,84.8797105303949,-12.061,-44.820,1.23,0.716,-0.189,105.0,0,0.0074,0.00
13:19:58,22.254444590188957,84.87971087060785,-12.026,-44.830,1.23,0.711,-0.190,105.0,0,0.0074,0.00
13:19:58,22.254444503923537,84.87971122020475,-11.990,-44.839,1.23,0.711,-0.190,105.0,0,0.0074,0.00
13:19:58,22.254444417965182,84.87971156855725,-11.954,-44.849,1.22,0.711,-0.190,105.0,0,0.0074,0.00
13:19:58,22.25444433190041,84.87971191734101,-11.919,-44.858,1.22,0.711,-0.190,105.0,0,0.0074,0.00
13:19:58,22.254444245826825,84.8797122605102,-11.883,-44.868,1.22,0.709,-0.190,105.0,0,0.0074,0.00
13:19:58,22.2544441594709,84.87971260921195,-11.847,-44.878,1.22,0.709,-0.190,105.0,0,0.0074,0.00
13:19:58,22.25444407389271,84.87971295477324,-11.812,-44.887,1.22,0.709,-0.190,105.1,0,0.0074,0.00
13:19:58,22.254443987967687,84.87971330173502,-11.776,-44.897,1.22,0.709,-0.190,105.1,0,0.0074,0.00
13:19:58,22.254443902739936,84.87971364041897,-11.741,-44.906,1.22,0.705,-0.189,105.1,0,0.0073,0.00
13:19:58,22.25444381683384,84.87971398608472,-11.705,-44.916,1.22,0.705,-0.189,105.1,0,0.0073,0.00
13:19:58,22.25444373126498,84.87971433039353,-11.670,-44.925,1.22,0.705,-0.189,105.1,0,0.0073,0.00
13:19:58,22.254443645555877,84.87971467526664,-11.634,-44.935,1.22,0.705,-0.189,105.0,0,0.0073,0.00
13:19:58,22.254443559764493,84.87971502047083,-11.599,-44.944,1.22,0.705,-0.189,105.0,0,0.0000,0.00
13:19:59,22.254443473890827,84.87971536600611,-11.563,-44.954,1.22,0.705,-0.189,105.0,0,0.0000,0.00
13:19:59,22.254443388443157,84.87971570982725,-11.528,-44.963,1.22,0.705,-0.189,104.9,0,0.0000,0.00
13:19:59,22.254443287846758,84.87971612424516,-11.485,-44.975,1.22,0.730,-0.195,104.9,0,0.0077,0.00
13:19:59,22.254443199326207,84.8797164821764,-11.448,-44.984,1.22,0.730,-0.195,104.9,0,0.0077,0.00
13:19:59,22.25444311087504,84.87971683982711,-11.411,-44.994,1.22,0.730,-0.195,104.9,0,0.0077,0.00
13:19:59,22.254443022574755,84.87971719686773,-11.375,-45.004,1.22,0.730,-0.195,104.9,0,0.0077,0.00
13:19:59,22.254442934292022,84.87971755383737,-11.338,-45.014,1.22,0.730,-0.195,105.0,0,0.0077,0.00
13:19:59,22.25444284533685,84.87971790718372,-11.301,-45.024,1.23,0.729,-0.195,105.0,0,0.0075,0.00
13:19:59,22.25444275636055,84.87971826579059,-11.264,-45.034,1.23,0.729,-0.195,105.0,0,0.0075,0.00
13:19:59,22.254442668127698,84.87971862140107,-11.228,-45.044,1.23,0.729,-0.195,105.0,0,0.0075,0.00
13:19:59,22.254442580021728,84.87971897160818,-11.192,-45.053,1.23,0.726,-0.195,105.1,0,0.0076,0.00
13:19:59,22.254442491358834,84.87971932794233,-11.155,-45.063,1.23,0.726,-0.195,105.0,0,0.0076,0.00
13:19:59,22.25444240261523,84.87971968460084,-11.118,-45.073,1.23,0.726,-0.195,105.0,0,0.0076,0.00
13:19:59,22.254442314275185,84.87972003963748,-11.082,-45.083,1.23,0.726,-0.195,105.0,0,0.0076,0.00
13:19:59,22.254442228024523,84.8797203840519,-11.046,-45.093,1.23,0.721,-0.194,105.1,0,0.0074,0.00
13:19:59,22.254442139686617,84.8797207385888,-11.010,-45.102,1.23,0.721,-0.194,105.1,0,0.0074,0.00
13:19:59,22.2544420516281,84.8797210920044,-10.973,-45.112,1.23,0.721,-0.194,105.1,0,0.0074,0.00
13:19:59,22.25444196360284,84.8797214452865,-10.937,-45.122,1.23,0.721,-0.194,105.1,0,0.0074,0.00
13:19:59,22.254441872944536,84.87972180940422,-10.899,-45.132,1.23,0.726,-0.195,105.0,0,0.0075,0.00
13:19:59,22.254441783852265,84.8797221670287,-10.863,-45.142,1.23,0.726,-0.195,105.0,0,0.0075,0.00
13:20:00,22.254441695236665,84.8797225227398,-10.826,-45.152,1.23,0.726,-0.195,105.0,0,0.0075,0.00
13:20:00,22.254441604426688,84.87972289132442,-10.788,-45.162,1.23,0.732,-0.197,105.0,0,0.0078,0.00
13:20:00,22.25444151498043,84.87972325133346,-10.751,-45.172,1.23,0.732,-0.197,105.0,0,0.0078,0.00
13:20:00,22.25444142582418,84.87972361017526,-10.714,-45.182,1.23,0.732,-0.197,104.9,0,0.0078,0.00
13:20:00,22.25444133665067,84.87972396908653,-10.677,-45.192,1.23,0.732,-0.197,104.9,0,0.0078,0.00
13:20:00,22.25444125661172,84.87972429612617,-10.643,-45.201,1.23,0.717,-0.192,104.9,0,0.0073,0.00
13:20:00,22.254441168986666,84.87972464996133,-10.607,-45.211,1.23,0.717,-0.192,104.9,0,0.0073,0.00
13:20:00,22.254441081983966,84.87972500128339,-10.570,-45.220,1.23,0.717,-0.192,104.9,0,0.0073,0.00
13:20:00,22.254440995045393,84.8797253523465,-10.534,-45.230,1.23,0.717,-0.192,104.9,0,0.0073,0.00
13:20:00,22.254440908197257,84.87972570304443,-10.498,-45.240,1.23,0.717,-0.192,104.9,0,0.0000,0.00
13:20:00,22.25444082112139,84.87972605466194,-10.462,-45.249,1.23,0.717,-0.192,104.9,0,0.0000,0.00
13:20:00,22.254440734193093,84.87972640568356,-10.426,-45.259,1.23,0.717,-0.192,104.9,0,0.0000,0.00
13:20:00,22.25444064725082,84.8797267567616,-10.390,-45.269,1.23,0.717,-0.192,105.0,0,0.0000,0.00
13:20:00,22.254440566254853,84.87972708195123,-10.356,-45.278,1.23,0.708,-0.190,105.0,0,0.0074,0.00
13:20:00,22.254440479778662,84.87972743082476,-10.320,-45.287,1.23,0.708,-0.190,105.0,0,0.0074,0.00
13:20:00,22.25444039401952,84.87972777680547,-10.285,-45.297,1.23,0.708,-0.190,105.0,0,0.0074,0.00
13:20:00,22.254440308266883,84.87972812275994,-10.249,-45.306,1.23,0.708,-0.190,105.0,0,0.0074,0.00
13:20:00,22.254440217169865,84.87972849077124,-10.211,-45.316,1.23,0.716,-0.192,105.0,0,0.0076,0.00
13:20:00,22.254440129823838,84.87972884324607,-10.175,-45.326,1.23,0.716,-0.192,104.9,0,0.0076,0.00
13:20:00,22.254440043020118,84.87972919353248,-10.139,-45.336,1.23,0.716,-0.192,104.9,0,0.0076,0.00
13:20:01,22.25443995641319,84.87972954302475,-10.103,-45.345,1.23,0.716,-0.192,104.9,0,0.0076,0.00
13:20:01,22.25443986941616,84.87972989491924,-10.066,-45.355,1.23,0.717,-0.192,105.0,0,0.0074,0.00
13:20:01,22.25443978240334,84.87973024621733,-10.030,-45.365,1.22,0.717,-0.192,105.0,0,0.0074,0.00
13:20:01,22.25443969559858,84.87973059667543,-9.994,-45.375,1.22,0.717,-0.192,105.0,0,0.0074,0.00
13:20:01,22.254439609337236,84.87973094288182,-9.958,-45.384,1.22,0.715,-0.192,105.0,0,0.0074,0.00
13:20:01,22.254439522297076,84.87973129382793,-9.922,-45.394,1.22,0.715,-0.192,105.0,0,0.0074,0.00
13:20:01,22.25443943563784,84.87973164323816,-9.886,-45.403,1.22,0.715,-0.192,105.0,0,0.0074,0.00
13:20:01,22.25443934910174,84.87973199215189,-9.850,-45.413,1.23,0.715,-0.192,105.0,0,0.0074,0.00
13:20:01,22.254439254834033,84.87973236419894,-9.812,-45.424,1.23,0.726,-0.195,105.1,0,0.0077,0.00
13:20:01,22.254439166099836,84.8797327201242,-9.775,-45.433,1.23,0.726,-0.195,105.1,0,0.0077,0.00
13:20:01,22.2544390777755,84.87973307440541,-9.739,-45.443,1.23,0.726,-0.195,105.1,0,0.0077,0.00
13:20:01,22.25443898929459,84.87973342931468,-9.702,-45.453,1.23,0.726,-0.195,105.1,0,0.0077,0.00
13:20:01,22.254438908673066,84.87973374651503,-9.669,-45.462,1.23,0.708,-0.192,105.2,0,0.0072,0.00
13:20:01,22.25443882151396,84.8797340947114,-9.634,-45.472,1.23,0.708,-0.192,105.2,0,0.0072,0.00
13:20:01,22.254438734897896,84.87973444073836,-9.598,-45.481,1.23,0.708,-0.192,105.2,0,0.0072,0.00
13:20:01,22.254438648160427,84.87973478725033,-9.562,-45.491,1.23,0.708,-0.192,105.3,0,0.0072,0.00
13:20:01,22.254438558801237,84.87973512936556,-9.527,-45.501,1.23,0.706,-0.193,105.3,0,0.0074,0.00
13:20:01,22.254438471124196,84.87973547627014,-9.491,-45.511,1.23,0.706,-0.193,105.3,0,0.0074,0.00
13:20:01,22.25443838391997,84.879735821304,-9.456,-45.521,1.23,0.706,-0.193,105.4,0,0.0074,0.00
13:20:02,22.25443829670377,84.87973616638523,-9.420,-45.530,1.23,0.706,-0.193,105.4,0,0.0074,0.00
13:20:02,22.254438209027416,84.87973650451606,-9.385,-45.540,1.23,0.703,-0.193,105.4,0,0.0073,0.00
13:20:02,22.25443812111075,84.87973685039125,-9.350,-45.550,1.23,0.703,-0.193,105.4,0,0.0073,0.00
13:20:02,22.25443803384205,84.87973719371725,-9.314,-45.560,1.23,0.703,-0.193,105.2,0,0.0073,0.00
13:20:02,22.254437946386442,84.87973753777855,-9.279,-45.569,1.23,0.703,-0.193,105.0,0,0.0073,0.00
13:20:02,22.25443785912767,84.87973788106551,-9.244,-45.579,1.23,0.703,-0.193,105.0,0,0.0000,0.00
13:20:02,22.254437771715068,84.87973822495763,-9.208,-45.589,1.23,0.703,-0.193,104.7,0,0.0000,0.00
13:20:02,22.254437684266495,84.8797385689913,-9.173,-45.598,1.23,0.703,-0.193,103.6,0,0.0000,0.00
13:20:02,22.25443759677946,84.87973891317624,-9.137,-45.608,1.23,0.703,-0.193,102.7,0,0.0000,0.00
13:20:02,22.2544375649255,84.87973929254015,-9.098,-45.612,1.23,0.715,-0.172,102.7,0,0.0074,0.00
13:20:02,22.25443748642633,84.87973964445555,-9.062,-45.620,1.23,0.715,-0.172,101.2,0,0.0074,0.00
13:20:02,22.25443740830557,84.87973999467454,-9.026,-45.629,1.23,0.715,-0.172,96.9,0,0.0074,0.00
13:20:02,22.254437225559702,84.87974030285487,-8.994,-45.649,1.23,0.699,-0.216,96.9,0,0.0073,0.00
13:20:02,22.254437127188364,84.87974064667416,-8.959,-45.660,1.23,0.699,-0.216,94.2,0,0.0073,0.00
13:20:02,22.254437029204755,84.87974098913831,-8.923,-45.671,1.23,0.699,-0.216,88.5,0,0.0073,0.00
13:20:02,22.25443693130998,84.87974133129198,-8.888,-45.682,1.23,0.699,-0.216,85.4,0,0.0073,0.00
13:20:02,22.25443677999646,84.87974168623266,-8.851,-45.699,1.23,0.704,-0.241,85.4,0,0.0070,0.00
13:20:02,22.254436670250826,84.87974203310878,-8.816,-45.711,1.23,0.704,-0.241,82.2,0,0.0070,0.00
13:20:02,22.254436560678908,84.87974237943583,-8.780,-45.724,1.23,0.704,-0.241,75.4,0,0.0070,0.00
13:20:02,22.25443645155082,84.87974272436003,-8.745,-45.736,1.23,0.704,-0.241,75.4,0,0.0070,0.00
13:20:03,22.25443644231899,84.87974309541896,-8.706,-45.737,1.23,0.716,-0.193,71.8,0,0.0064,0.00
13:20:03,22.254436352053553,84.87974345762184,-8.669,-45.747,1.23,0.716,-0.193,64.6,0,0.0064,0.00
13:20:03,22.25443617604406,84.87974416388494,-8.596,-45.766,1.23,0.716,-0.193,60.9,0,0.0064,0.00
13:20:03,22.25443608902375,84.8797445130663,-8.560,-45.776,1.23,0.716,-0.193,53.4,0,0.0064,0.00
13:20:03,22.254436001701293,84.87974486346003,-8.524,-45.786,1.23,0.716,-0.193,49.7,0,0.0064,0.00
13:20:03,22.254435914419293,84.87974521369146,-8.488,-45.795,1.23,0.716,-0.193,45.9,0,0.0064,0.00
13:20:03,22.25443582696228,84.87974556462515,-8.452,-45.805,1.23,0.716,-0.193,45.9,0,0.0064,0.00
13:20:03,22.254436447615877,84.8797459409818,-8.413,-45.736,1.23,0.725,0.069,38.3,0,0.0061,0.00
13:20:03,22.254436478960006,84.87974629731418,-8.376,-45.733,1.23,0.725,0.069,34.4,0,0.0061,0.00
13:20:03,22.254436510138724,84.8797466517661,-8.340,-45.729,1.23,0.725,0.069,30.5,0,0.0061,0.00
13:20:03,22.254436541352412,84.87974700661557,-8.303,-45.726,1.23,0.725,0.069,30.5,0,0.0061,0.00
13:20:03,22.254436959694683,84.87974720005154,-8.283,-45.679,1.23,0.665,0.226,23.4,0,0.0057,0.00
13:20:03,22.25443706223309,84.87974752663217,-8.250,-45.668,1.24,0.665,0.226,20.7,0,0.0057,0.00
13:20:03,22.25443716442561,84.87974785211115,-8.216,-45.656,1.24,0.665,0.226,18.5,0,0.0057,0.00
13:20:03,22.2544372668732,84.87974817840252,-8.183,-45.645,1.24,0.665,0.226,18.5,0,0.0057,0.00
13:20:03,22.2544373687749,84.87974850295525,-8.149,-45.634,1.24,0.665,0.226,15.5,0,0.0000,0.00
13:20:03,22.254437470859212,84.87974882808959,-8.116,-45.622,1.24,0.665,0.226,14.5,0,0.0000,0.00
13:20:03,22.254437572736276,84.87974915256386,-8.082,-45.611,1.24,0.665,0.226,13.8,0,0.0000,0.00
13:20:03,22.25443820004041,84.87974880151084,-8.118,-45.541,1.24,0.429,0.423,13.8,0,0.0059,0.00
13:20:03,22.254438391633787,84.87974901164252,-8.097,-45.520,1.24,0.429,0.423,13.1,0,0.0059,0.00
13:20:04,22.25443858287562,84.87974922138865,-8.075,-45.498,1.24,0.429,0.423,13.0,0,0.0059,0.00
13:20:04,22.254438773917208,84.87974943091515,-8.054,-45.477,1.24,0.429,0.423,13.0,0,0.0059,0.00
13:20:04,22.254439210732386,84.87974919033415,-8.078,-45.428,1.24,0.257,0.525,13.1,0,0.0062,0.00
13:20:04,22.254439448286572,84.8797493162175,-8.065,-45.402,1.24,0.257,0.525,13.2,0,0.0062,0.00
13:20:04,22.254439685866597,84.87974944211453,-8.052,-45.376,1.24,0.257,0.525,13.4,0,0.0062,0.00
13:20:04,22.254439923027586,84.8797495677895,-8.039,-45.349,1.24,0.257,0.525,13.4,0,0.0062,0.00
13:20:04,22.254440246234978,84.87974953899743,-8.042,-45.313,1.24,0.193,0.563,13.8,0,0.0062,0.00
13:20:04,22.254440501630985,84.87974963334129,-8.033,-45.285,1.24,0.193,0.563,14.0,0,0.0062,0.00
13:20:04,22.25444075621398,84.8797497273848,-8.023,-45.256,1.24,0.193,0.563,14.2,0,0.0062,0.00
13:20:04,22.25444101115765,84.87974982156156,-8.013,-45.228,1.24,0.193,0.563,14.2,0,0.0062,0.00
13:20:04,22.25444133982717,84.87974987474827,-8.008,-45.191,1.24,0.175,0.598,14.5,0,0.0064,0.00
13:20:04,22.2544416112746,84.87974996032308,-7.999,-45.161,1.24,0.175,0.598,14.7,0,0.0064,0.00
13:20:04,22.254441881947844,84.87975004565384,-7.990,-45.131,1.24,0.175,0.598,14.8,0,0.0064,0.00
13:20:04,22.254442152459585,84.87975013093366,-7.981,-45.101,1.24,0.175,0.598,14.8,0,0.0064,0.00
13:20:04,22.254442462104443,84.87975021190269,-7.973,-45.067,1.24,0.173,0.618,15.2,0,0.0065,0.00
13:20:04,22.254442742940604,84.8797502967562,-7.964,-45.035,1.24,0.173,0.618,15.3,0,0.0065,0.00
13:20:04,22.254443022324356,84.87975038117087,-7.956,-45.004,1.24,0.173,0.618,15.6,0,0.0065,0.00
13:20:04,22.254443308774654,84.87975046764046,-7.947,-44.972,1.24,0.174,0.621,15.6,0,0.0065,0.00
13:20:04,22.2544435901515,84.87975055263847,-7.938,-44.941,1.24,0.174,0.621,15.8,0,0.0065,0.00
13:20:05,22.254443871476482,84.87975063762082,-7.929,-44.910,1.23,0.174,0.621,15.9,0,0.0065,0.00
13:20:05,22.254444152780188,84.87975072259673,-7.920,-44.878,1.23,0.174,0.621,16.1,0,0.0065,0.00
13:20:05,22.25444444600508,84.87975081772154,-7.911,-44.846,1.23,0.179,0.627,16.1,0,0.0067,0.00
13:20:05,22.254444730907174,84.87975090532471,-7.902,-44.814,1.23,0.179,0.627,16.2,0,0.0067,0.00
13:20:05,22.254445014805626,84.87975099261928,-7.893,-44.782,1.23,0.179,0.627,16.2,0,0.0067,0.00
13:20:05,22.254445299104457,84.87975108003697,-7.884,-44.751,1.23,0.179,0.627,16.2,0,0.0067,0.00
13:20:05,22.25444563214595,84.87975118874319,-7.872,-44.714,1.23,0.189,0.652,16.3,0,0.0071,0.00
13:20:05,22.254445928690156,84.8797512813766,-7.863,-44.681,1.23,0.189,0.652,16.4,0,0.0071,0.00
13:20:05,22.254446223934856,84.8797513736041,-7.853,-44.648,1.23,0.189,0.652,16.4,0,0.0071,0.00
13:20:05,22.254446518819048,84.87975146571895,-7.844,-44.615,1.23,0.189,0.652,16.4,0,0.0071,0.00
13:20:05,22.254446814128027,84.87975155796653,-7.834,-44.582,1.23,0.189,0.652,16.5,0,0.0000,0.00
13:20:05,22.254447109534816,84.87975165024464,-7.825,-44.549,1.23,0.189,0.652,16.5,0,0.0000,0.00
13:20:05,22.254447405515904,84.87975174270215,-7.815,-44.516,1.23,0.189,0.652,16.5,0,0.0000,0.00
13:20:05,22.254447700109456,84.87975183472624,-7.806,-44.483,1.23,0.189,0.652,16.6,0,0.0000,0.00
13:20:05,22.25444807225154,84.8797519619479,-7.793,-44.442,1.23,0.201,0.681,16.6,0,0.0072,0.00
13:20:05,22.254448381867665,84.87975206053332,-7.783,-44.408,1.23,0.201,0.681,16.5,0,0.0072,0.00
13:20:05,22.25444869031849,84.8797521587477,-7.773,-44.373,1.23,0.201,0.681,16.5,0,0.0072,0.00
13:20:05,22.254448998223857,84.8797522567884,-7.762,-44.339,1.23,0.201,0.681,16.5,0,0.0072,0.00
13:20:05,22.254449328176346,84.87975236286756,-7.752,-44.302,1.23,0.204,0.690,16.5,0,0.0072,0.00
13:20:05,22.254449642243493,84.8797524630588,-7.741,-44.267,1.23,0.204,0.690,16.5,0,0.0072,0.00
13:20:06,22.254449954799842,84.87975256276808,-7.731,-44.232,1.23,0.204,0.690,16.5,0,0.0072,0.00
13:20:06,22.25445026725134,84.87975266244389,-7.721,-44.198,1.23,0.204,0.690,16.5,0,0.0072,0.00
13:20:06,22.254450590200175,84.87975276748489,-7.710,-44.162,1.23,0.206,0.694,16.6,0,0.0073,0.00
13:20:06,22.2544509062121,84.87975286870615,-7.699,-44.127,1.23,0.206,0.694,16.6,0,0.0073,0.00
13:20:06,22.254451219947,84.87975296919805,-7.689,-44.092,1.23,0.206,0.694,16.6,0,0.0073,0.00
13:20:06,22.254451533852944,84.87975306974475,-7.679,-44.057,1.23,0.206,0.694,16.6,0,0.0073,0.00
13:20:06,22.254451830832405,84.8797531658053,-7.669,-44.024,1.23,0.204,0.686,16.6,0,0.0091,0.00
13:20:06,22.254452142605178,84.87975326586904,-7.658,-43.989,1.23,0.204,0.686,16.6,0,0.0091,0.00
13:20:06,22.254452453305056,84.87975336558843,-7.648,-43.954,1.23,0.204,0.686,16.6,0,0.0091,0.00
13:20:06,22.254452763297998,84.87975346508094,-7.638,-43.920,1.23,0.204,0.686,16.7,0,0.0091,0.00
13:20:06,22.254453074061075,84.8797535648206,-7.628,-43.885,1.23,0.204,0.686,16.7,0,0.0091,0.00
13:20:06,22.254453385006393,84.87975366461878,-7.617,-43.851,1.23,0.204,0.686,16.7,0,0.0091,0.00
13:20:06,22.254453695650422,84.87975376432024,-7.607,-43.816,1.23,0.204,0.686,16.7,0,0.0091,0.00
13:20:06,22.25445402495893,84.87975387431135,-7.596,-43.779,1.23,0.208,0.694,16.7,0,0.0076,0.00
13:20:06,22.254454341710215,84.879753976747,-7.585,-43.744,1.23,0.208,0.694,16.8,0,0.0076,0.00
13:20:06,22.2544546564202,84.87975407852251,-7.575,-43.709,1.23,0.208,0.694,16.8,0,0.0076,0.00
13:20:06,22.254454970286336,84.87975418002513,-7.564,-43.674,1.23,0.208,0.694,16.7,0,0.0076,0.00
13:20:06,22.254455269316136,84.87975427795793,-7.554,-43.641,1.23,0.206,0.687,16.7,0,0.0071,0.00
13:20:06,22.254455581369957,84.8797543791096,-7.544,-43.606,1.23,0.206,0.687,16.7,0,0.0071,0.00
13:20:06,22.254455892978,84.87975448011674,-7.533,-43.571,1.23,0.206,0.687,16.7,0,0.0071,0.00
13:20:07,22.254456203635627,84.87975458081584,-7.523,-43.537,1.22,0.206,0.687,16.7,0,0.0071,0.00
13:20:07,22.25445655575187,84.879754695838,-7.511,-43.498,1.22,0.212,0.705,16.8,0,0.0075,0.00
13:20:07,22.254456875418928,84.87975479963988,-7.500,-43.462,1.22,0.212,0.705,16.8,0,0.0075,0.00
13:20:07,22.25445719488505,84.87975490337651,-7.490,-43.427,1.22,0.212,0.705,16.8,0,0.0000,0.00
13:20:07,22.2544575143557,84.87975500711461,-7.479,-43.391,1.22,0.212,0.705,16.8,0,0.0000,0.00
13:20:07,22.254457820214668,84.87975510693948,-7.469,-43.357,1.22,0.210,0.699,16.8,0,0.0074,0.00
13:20:07,22.254458138311783,84.87975521034122,-7.458,-43.321,1.22,0.210,0.699,16.8,0,0.0074,0.00
13:20:07,22.25445846636112,84.8797553171022,-7.447,-43.285,1.22,0.212,0.705,16.7,0,0.0076,0.00
13:20:07,22.2544587870844,84.87975542138743,-7.436,-43.249,1.22,0.212,0.705,16.7,0,0.0076,0.00
13:20:07,22.254459104970202,84.87975552450145,-7.426,-43.214,1.22,0.212,0.703,16.7,0,0.0077,0.00
13:20:07,22.254459424974605,84.87975562848516,-7.415,-43.178,1.22,0.212,0.703,16.7,0,0.0077,0.00
13:20:07,22.254459743127786,84.87975573186732,-7.404,-43.143,1.22,0.212,0.703,16.7,0,0.0077,0.00
13:20:07,22.254460061883478,84.87975583544527,-7.394,-43.107,1.22,0.212,0.703,16.7,0,0.0077,0.00
13:20:07,22.25446038017373,84.87975593887198,-7.383,-43.072,1.22,0.212,0.703,16.8,0,0.0077,0.00
13:20:07,22.25446071698137,84.8797560489774,-7.372,-43.034,1.22,0.215,0.713,16.8,0,0.0076,0.00
13:20:07,22.254461040772988,84.87975615435032,-7.361,-42.998,1.22,0.215,0.713,16.8,0,0.0076,0.00
13:20:07,22.25446136424695,84.87975625961987,-7.350,-42.962,1.22,0.215,0.713,16.8,0,0.0076,0.00
13:20:07,22.254461671320595,84.87975636050518,-7.340,-42.928,1.22,0.213,0.705,16.8,0,0.0073,0.00
13:20:07,22.254461991208423,84.87975646483939,-7.329,-42.893,1.22,0.213,0.705,16.8,0,0.0073,0.00
13:20:07,22.254462309748575,84.87975656873405,-7.318,-42.857,1.22,0.213,0.705,16.8,0,0.0073,0.00
13:20:08,22.254462659620337,84.87975668252368,-7.306,-42.818,1.22,0.218,0.722,16.8,0,0.0078,0.00
13:20:08,22.254462987610673,84.87975678941834,-7.295,-42.782,1.22,0.218,0.722,16.7,0,0.0078,0.00
13:20:08,22.25446326556476,84.87975695839225,-7.278,-42.751,1.22,0.253,0.693,16.7,0,0.0074,0.00
13:20:08,22.25446358122438,84.87975708286487,-7.265,-42.716,1.22,0.253,0.693,16.7,0,0.0074,0.00
13:20:08,22.25446391946986,84.87975718082717,-7.255,-42.678,1.22,0.237,0.709,16.7,0,0.0077,0.00
13:20:08,22.254464241496105,84.87975729722035,-7.243,-42.642,1.22,0.237,0.709,16.8,0,0.0077,0.00
13:20:08,22.254464586336415,84.87975740424189,-7.232,-42.604,1.22,0.232,0.726,16.8,0,0.0080,0.00
13:20:08,22.254464915761698,84.87975751770769,-7.220,-42.567,1.22,0.232,0.726,16.8,0,0.0080,0.00
13:20:08,22.254465259671402,84.87975762720198,-7.209,-42.529,1.22,0.229,0.737,16.8,0,0.0079,0.00
13:20:08,22.25446559388472,84.87975773935722,-7.198,-42.492,1.22,0.229,0.737,16.8,0,0.0079,0.00
13:20:08,22.254465922745585,84.8797578444483,-7.187,-42.455,1.22,0.224,0.734,16.7,0,0.0076,0.00
13:20:08,22.2544662555478,84.87975795434872,-7.175,-42.418,1.22,0.224,0.734,16.6,0,0.0076,0.00
13:20:08,22.25446658800256,84.87975806413439,-7.164,-42.381,1.22,0.224,0.734,16.6,0,0.0076,0.00
13:20:08,22.254466909167775,84.87975816561762,-7.154,-42.345,1.22,0.219,0.726,16.6,0,0.0075,0.00
13:20:08,22.254467230791636,84.8797582684795,-7.143,-42.309,1.22,0.216,0.721,16.5,0,0.0076,0.00
13:20:08,22.254467558054383,84.87975837448387,-7.132,-42.273,1.22,0.216,0.721,16.6,0,0.0076,0.00
13:20:08,22.254467883902077,84.87975848002986,-7.121,-42.237,1.22,0.216,0.721,16.6,0,0.0076,0.00
13:20:08,22.254468209917974,84.87975858563034,-7.110,-42.200,1.22,0.216,0.721,16.6,0,0.0000,0.00
13:20:08,22.25446853610207,84.87975869128532,-7.099,-42.164,1.22,0.216,0.721,16.7,0,0.0000,0.00
13:20:09,22.254468854780466,84.87975879542309,-7.089,-42.129,1.22,0.215,0.716,16.7,0,0.0076,0.00
13:20:09,22.25446917926149,84.87975890076632,-7.078,-42.092,1.22,0.215,0.716,16.8,0,0.0076,0.00
13:20:09,22.254469495297442,84.87975900400464,-7.067,-42.057,1.22,0.214,0.711,16.8,0,0.0075,0.00
13:20:09,22.254469817388006,84.87975910874438,-7.056,-42.021,1.22,0.214,0.711,16.7,0,0.0075,0.00
13:20:09,22.254470153150052,84.87975921621214,-7.045,-41.984,1.22,0.216,0.721,16.6,0,0.0080,0.00
13:20:09,22.25447047959335,84.87975932186285,-7.035,-41.948,1.22,0.216,0.721,16.6,0,0.0080,0.00
13:20:09,22.254470805041272,84.87975942719142,-7.024,-41.911,1.22,0.216,0.721,16.3,0,0.0080,0.00
13:20:09,22.254471069912864,84.87975959159962,-7.007,-41.882,1.22,0.251,0.681,15.2,0,0.0071,0.00
13:20:09,22.25447137854976,84.87975971453643,-6.994,-41.848,1.22,0.251,0.681,14.6,0,0.0071,0.00
13:20:09,22.25447172528943,84.87975979237079,-6.986,-41.809,1.22,0.223,0.707,14.6,0,0.0077,0.00
13:20:09,22.254472045989598,84.87975990182402,-6.975,-41.773,1.22,0.223,0.707,14.2,0,0.0077,0.00
13:20:09,22.25447237514134,84.8797599759986,-6.967,-41.737,1.22,0.201,0.714,13.6,0,0.0075,0.00
13:20:09,22.25447269933515,84.87976007447249,-6.957,-41.701,1.22,0.201,0.714,13.6,0,0.0075,0.00
13:20:09,22.25447301934997,84.87976015090655,-6.949,-41.665,1.22,0.186,0.712,13.4,0,0.0075,0.00
13:20:09,22.25447334202853,84.87976024206452,-6.940,-41.629,1.22,0.186,0.712,13.2,0,0.0075,0.00
13:20:09,22.2544736657508,84.87976031970025,-6.932,-41.593,1.22,0.177,0.713,13.1,0,0.0074,0.00
13:20:09,22.25447398929572,84.87976040643136,-6.923,-41.557,1.22,0.177,0.713,13.1,0,0.0074,0.00
13:20:09,22.254474314228368,84.879760485455,-6.915,-41.521,1.22,0.172,0.715,13.0,0,0.0074,0.00
13:20:09,22.254474638953905,84.87976056973089,-6.906,-41.485,1.22,0.172,0.715,13.0,0,0.0074,0.00
13:20:09,22.254474970709804,84.87976065089178,-6.898,-41.448,1.22,0.170,0.721,12.9,0,0.0075,0.00
13:20:10,22.254475299072293,84.87976073440012,-6.889,-41.411,1.22,0.170,0.721,12.9,0,0.0075,0.00
13:20:10,22.254475625971235,84.87976081753625,-6.880,-41.375,1.22,0.170,0.721,12.9,0,0.0075,0.00
13:20:10,22.254475962289327,84.87976089922118,-6.872,-41.337,1.22,0.169,0.728,12.9,0,0.0076,0.00
13:20:10,22.254476293960177,84.87976098234955,-6.863,-41.300,1.22,0.169,0.728,12.8,0,0.0076,0.00
13:20:10,22.254476414339095,84.87976101108744,-6.860,-41.287,1.22,0.134,0.582,12.8,0,0.0047,0.00
13:20:10,22.2544766793905,84.8797610770624,-6.854,-41.257,1.22,0.134,0.582,12.8,0,0.0047,0.00
13:20:10,22.254477056800436,84.87976116959886,-6.844,-41.215,1.22,0.152,0.664,12.8,0,0.0079,0.00
13:20:10,22.254477359575695,84.87976124450141,-6.836,-41.182,1.22,0.152,0.664,12.9,0,0.0079,0.00
13:20:10,22.254477709372043,84.87976133073077,-6.828,-41.143,1.22,0.160,0.700,12.9,0,0.0076,0.00
13:20:10,22.254478028039546,84.8797614094621,-6.819,-41.107,1.22,0.160,0.700,12.9,0,0.0076,0.00
13:20:10,22.254478369985144,84.8797614945271,-6.811,-41.069,1.22,0.165,0.718,12.9,0,0.0076,0.00
13:20:10,22.254478697524544,84.87976157564954,-6.802,-41.033,1.22,0.165,0.718,13.0,0,0.0076,0.00
13:20:10,22.25447904471005,84.87976166248494,-6.793,-40.994,1.22,0.169,0.735,13.0,0,0.0079,0.00
13:20:10,22.254479379535884,84.8797617457042,-6.785,-40.957,1.22,0.169,0.735,13.0,0,0.0000,0.00
13:20:10,22.254479712806816,84.879761828537,-6.776,-40.920,1.22,0.169,0.735,13.0,0,0.0000,0.00
13:20:10,22.254480045937683,84.87976191133498,-6.768,-40.883,1.22,0.169,0.735,13.0,0,0.0067,0.00
13:20:10,22.25448037894265,84.87976199410168,-6.759,-40.846,1.22,0.169,0.735,13.0,0,0.0067,0.00
13:20:10,22.254480744715362,84.87976208688303,-6.750,-40.805,1.22,0.174,0.753,13.1,0,0.0081,0.00
13:20:10,22.254481087218085,84.87976217249047,-6.741,-40.767,1.22,0.174,0.753,13.1,0,0.0081,0.00
13:20:10,22.254481382033905,84.87976224787164,-6.733,-40.734,1.22,0.169,0.726,13.2,0,0.0076,0.00
13:20:11,22.254481711736403,84.8797623307297,-6.725,-40.697,1.22,0.169,0.726,13.2,0,0.0076,0.00
13:20:11,22.254482040747348,84.8797624142945,-6.716,-40.661,1.22,0.169,0.726,13.2,0,0.0076,0.00
13:20:11,22.254482371065084,84.87976249756265,-6.707,-40.624,1.22,0.169,0.726,13.2,0,0.0076,0.00
13:20:11,22.254482682465685,84.87976257628961,-6.699,-40.589,1.22,0.167,0.714,13.1,0,0.0075,0.00
13:20:11,22.25448300642955,84.87976265802672,-6.691,-40.553,1.22,0.167,0.714,13.1,0,0.0075,0.00
13:20:11,22.254483376441154,84.8797627514553,-6.681,-40.512,1.22,0.175,0.747,13.1,0,0.0082,0.00
13:20:11,22.254483717019472,84.87976283740835,-6.672,-40.474,1.22,0.175,0.747,13.1,0,0.0082,0.00
13:20:11,22.254484066684476,84.87976292557718,-6.663,-40.435,1.22,0.176,0.756,13.1,0,0.0080,0.00
13:20:11,22.25448440989816,84.87976301216933,-6.654,-40.397,1.22,0.176,0.756,13.1,0,0.0080,0.00
13:20:11,22.254484752545437,84.8797630986186,-6.645,-40.359,1.22,0.176,0.756,13.1,0,0.0080,0.00
13:20:11,22.254485073866046,84.87976318000044,-6.637,-40.323,1.22,0.173,0.741,13.2,0,0.0076,0.00
13:20:11,22.25448541089059,84.87976326512909,-6.628,-40.285,1.22,0.173,0.741,13.2,0,0.0076,0.00
13:20:11,22.25448572773962,84.87976334553774,-6.620,-40.250,1.22,0.171,0.729,13.2,0,0.0076,0.00
13:20:11,22.254486059668107,84.8797634294981,-6.611,-40.213,1.22,0.171,0.729,13.2,0,0.0076,0.00
13:20:11,22.254486404596694,84.87976351681694,-6.602,-40.175,1.21,0.173,0.740,13.2,0,0.0079,0.00
13:20:11,22.254486741526947,84.87976360206538,-6.594,-40.137,1.21,0.173,0.740,13.2,0,0.0079,0.00
13:20:11,22.254487061590705,84.87976368280933,-6.585,-40.102,1.21,0.170,0.729,13.1,0,0.0077,0.00
13:20:11,22.25448739333808,84.87976376666703,-6.577,-40.065,1.21,0.170,0.729,13.1,0,0.0077,0.00
13:20:11,22.25448771416909,84.87976384675382,-6.568,-40.029,1.21,0.168,0.722,13.0,0,0.0076,0.00
13:20:11,22.254488043027106,84.87976392953625,-6.560,-39.992,1.21,0.168,0.722,13.0,0,0.0076,0.00
13:20:12,22.254488381217204,84.87976401419046,-6.551,-39.955,1.21,0.170,0.731,13.1,0,0.0077,0.00
13:20:12,22.254488714059093,84.87976409781126,-6.542,-39.918,1.21,0.170,0.731,8.1,0,0.0077,0.00
13:20:12,22.254489045087777,84.87976418097654,-6.534,-39.881,1.21,0.170,0.731,8.1,0,0.0077,0.00
13:20:12,22.254489391606835,84.8797641875042,-6.533,-39.842,1.21,0.121,0.742,5.5,0,0.0076,0.00
13:20:12,22.25448973497835,84.87976420236843,-6.532,-39.804,1.21,0.091,0.745,3.6,0,0.0078,0.00
13:20:12,22.254490073282195,84.8797642468078,-6.527,-39.766,1.21,0.091,0.745,4.0,0,0.0078,0.00
13:20:12,22.254490410522713,84.87976429110749,-6.523,-39.729,1.21,0.091,0.745,4.0,0,0.0078,0.00
13:20:12,22.254490755361875,84.87976431378007,-6.520,-39.691,1.21,0.076,0.751,4.7,0,0.0077,0.00
13:20:12,22.254491096851964,84.87976435130084,-6.516,-39.653,1.21,0.076,0.751,6.4,0,0.0077,0.00
13:20:12,22.25449143753455,84.87976438873287,-6.513,-39.615,1.21,0.076,0.751,7.1,0,0.0000,0.00
13:20:12,22.254491778321693,84.8797644261764,-6.509,-39.577,1.21,0.076,0.751,7.1,0,0.0000,0.00
13:20:12,22.25449212709029,84.87976448964346,-6.502,-39.538,1.22,0.091,0.757,7.6,0,0.0078,0.00
13:20:12,22.254492471394734,84.87976453430467,-6.498,-39.500,1.22,0.091,0.757,8.5,0,0.0078,0.00
13:20:12,22.254492816418388,84.87976451593934,-6.499,-39.461,1.22,0.055,0.758,8.9,0,0.0076,0.00
13:20:12,22.25449316067646,84.87976454292566,-6.497,-39.423,1.22,0.055,0.758,8.9,0,0.0076,0.00
13:20:12,22.25449349675306,84.87976461673881,-6.489,-39.385,1.22,0.084,0.753,8.9,0,0.0077,0.00
13:20:12,22.254493838598645,84.87976465779047,-6.485,-39.347,1.22,0.084,0.753,7.3,0,0.0077,0.00
13:20:12,22.25449418024257,84.87976469881792,-6.481,-39.309,1.22,0.084,0.753,6.1,0,0.0077,0.00
13:20:12,22.25449452001816,84.87976472438302,-6.478,-39.271,1.22,0.074,0.752,5.0,0,0.0075,0.00
13:20:13,22.254494861981502,84.87976476092966,-6.474,-39.233,1.22,0.074,0.752,5.0,0,0.0075,0.00
13:20:13,22.254495202806144,84.87976477885348,-6.472,-39.195,1.22,0.063,0.753,3.8,0,0.0076,0.00
13:20:13,22.254495544362275,84.87976480971476,-6.469,-39.157,1.22,0.063,0.753,3.6,0,0.0076,0.00
13:20:13,22.254495888170755,84.87976482984122,-6.467,-39.119,1.22,0.056,0.755,3.6,0,0.0077,0.00
13:20:13,22.25449623020916,84.87976485725827,-6.464,-39.081,1.22,0.056,0.755,3.5,0,0.0077,0.00
13:20:13,22.254496569357762,84.87976487753379,-6.462,-39.043,1.22,0.051,0.753,3.4,0,0.0077,0.00
13:20:13,22.25449691073076,84.87976490261386,-6.460,-39.005,1.22,0.051,0.753,3.4,0,0.0077,0.00
13:20:13,22.254497213262244,84.87976481969898,-6.468,-38.972,1.22,-0.023,0.725,3.4,0,0.0071,0.00
13:20:13,22.254497541890142,84.87976480829634,-6.469,-38.935,1.22,-0.023,0.725,3.3,0,0.0071,0.00
13:20:13,22.25449786978367,84.8797647969192,-6.470,-38.899,1.22,-0.023,0.725,3.3,0,0.0071,0.00
13:20:13,22.254498218643302,84.8797648383298,-6.466,-38.860,1.22,0.011,0.740,3.3,0,0.0077,0.00
13:20:13,22.25449858200661,84.87976486407726,-6.464,-38.819,1.22,0.024,0.760,3.2,0,0.0078,0.00
13:20:13,22.254498927027164,84.87976487603187,-6.462,-38.781,1.22,0.024,0.760,2.4,0,0.0078,0.00
13:20:13,22.254499270777515,84.87976488490958,-6.461,-38.743,1.22,0.022,0.760,1.5,0,0.0077,0.00
13:20:13,22.254499615787086,84.87976489579648,-6.460,-38.704,1.22,0.022,0.760,1.5,0,0.0077,0.00
13:20:13,22.254499958464134,84.87976490660978,-6.459,-38.666,1.22,0.022,0.760,-1.5,0,0.0077,0.00
13:20:13,22.254500311397774,84.87976496607045,-6.453,-38.627,1.22,0.054,0.767,-3.5,0,0.0078,0.00
13:20:13,22.254500658673543,84.87976499260255,-6.450,-38.588,1.22,0.054,0.767,-3.5,0,0.0078,0.00
13:20:13,22.25450100123583,84.87976510229164,-6.439,-38.550,1.22,0.109,0.764,-5.7,0,0.0076,0.00
13:20:13,22.25450134779681,84.87976515565364,-6.433,-38.511,1.22,0.109,0.764,-10.2,0,0.0076,0.00
13:20:14,22.254501715468713,84.87976520646144,-6.428,-38.470,1.22,0.107,0.780,-12.5,0,0.0078,0.00
13:20:14,22.254502070391528,84.879765259191,-6.423,-38.431,1.22,0.107,0.780,-12.5,0,0.0078,0.00
13:20:14,22.25450242307515,84.87976531158789,-6.417,-38.392,1.22,0.107,0.780,-16.1,0,0.0078,0.00
13:20:14,22.25450276130647,84.87976529965594,-6.419,-38.354,1.22,0.067,0.770,-17.5,0,0.0072,0.00
13:20:14,22.254503100467915,84.87976526307347,-6.422,-38.316,1.22,0.021,0.763,-18.6,0,0.0073,0.00
13:20:14,22.254503447741325,84.87976527322168,-6.421,-38.278,1.22,0.021,0.763,-18.6,0,0.0000,0.00
13:20:14,22.254503792960723,84.87976528330987,-6.420,-38.239,1.22,0.021,0.763,-20.3,0,0.0000,0.00
13:20:14,22.254504104087292,84.87976521032358,-6.428,-38.205,1.22,-0.034,0.738,-20.8,0,0.0072,0.00
13:20:14,22.25450443947705,84.87976519370007,-6.430,-38.167,1.22,-0.034,0.738,-21.2,0,0.0072,0.00
13:20:14,22.254504768075037,84.87976511516226,-6.438,-38.131,1.22,-0.075,0.734,-21.2,0,0.0075,0.00
13:20:14,22.254505101697454,84.87976507849133,-6.441,-38.094,1.22,-0.075,0.734,-21.4,0,0.0075,0.00
13:20:14,22.25450542158222,84.87976496815045,-6.453,-38.058,1.22,-0.124,0.725,-21.7,0,0.0075,0.00
13:20:14,22.254505751613344,84.87976490691884,-6.459,-38.021,1.22,-0.124,0.725,-21.8,0,0.0075,0.00
13:20:14,22.254506071848457,84.8797647987764,-6.470,-37.986,1.23,-0.157,0.718,-21.8,0,0.0075,0.00
13:20:14,22.254506398752056,84.87976472164371,-6.478,-37.949,1.23,-0.157,0.718,-21.7,0,0.0075,0.00
13:20:14,22.254506716349336,84.87976456395333,-6.494,-37.914,1.23,-0.213,0.712,-21.7,0,0.0078,0.00
13:20:14,22.254507040639876,84.8797644590647,-6.505,-37.878,1.23,-0.213,0.712,-21.6,0,0.0078,0.00
13:20:14,22.254507350549662,84.87976431575596,-6.520,-37.843,1.23,-0.240,0.702,-21.6,0,0.0077,0.00
13:20:14,22.25450767169694,84.87976419694637,-6.532,-37.807,1.23,-0.240,0.702,-21.5,0,0.0077,0.00
13:20:14,22.254507990070998,84.87976407916273,-6.544,-37.772,1.23,-0.240,0.702,-21.4,0,0.0077,0.00
13:20:15,22.254508325419103,84.87976392997427,-6.560,-37.735,1.23,-0.261,0.715,-21.1,0,0.0079,0.00
13:20:15,22.254508650556698,84.87976380173734,-6.573,-37.698,1.23,-0.261,0.715,-21.1,0,0.0079,0.00
13:20:15,22.2545089413232,84.87976367788312,-6.586,-37.666,1.23,-0.259,0.692,-21.0,0,0.0075,0.00
13:20:15,22.25450925533978,84.8797635511266,-6.599,-37.631,1.23,-0.259,0.692,-20.9,0,0.0075,0.00
13:20:15,22.254509587233024,84.87976341315435,-6.613,-37.594,1.23,-0.266,0.706,-20.9,0,0.0080,0.00
13:20:15,22.254509907682028,84.87976328249397,-6.626,-37.559,1.23,-0.266,0.706,-20.7,0,0.0080,0.00
13:20:15,22.25451021322441,84.8797631585189,-6.639,-37.524,1.23,-0.262,0.696,-20.6,0,0.0074,0.00
13:20:15,22.254510529607487,84.8797630297202,-6.653,-37.489,1.23,-0.262,0.696,-20.5,0,0.0074,0.00
13:20:15,22.25451084384443,84.87976290179517,-6.666,-37.454,1.23,-0.262,0.696,-20.5,0,0.0085,0.00
13:20:15,22.25451115862983,84.87976277364687,-6.679,-37.419,1.23,-0.262,0.696,-20.3,0,0.0085,0.00
13:20:15,22.25451149133829,84.87976264376232,-6.692,-37.382,1.23,-0.263,0.707,-20.2,0,0.0077,0.00
13:20:15,22.254511811994245,84.87976251479385,-6.706,-37.347,1.23,-0.263,0.707,-20.2,0,0.0077,0.00
13:20:15,22.254512131712843,84.87976238620237,-6.719,-37.311,1.23,-0.263,0.707,-20.2,0,0.0077,0.00
13:20:15,22.254512491037577,84.87976224825495,-6.733,-37.271,1.23,-0.269,0.731,-20.0,0,0.0079,0.00
13:20:15,22.25451282270931,84.8797621166328,-6.747,-37.234,1.23,-0.269,0.731,-19.9,0,0.0079,0.00
13:20:15,22.254513126917917,84.87976200048223,-6.759,-37.200,1.23,-0.260,0.715,-19.8,0,0.0076,0.00
13:20:15,22.254513451689114,84.87976187290334,-6.772,-37.164,1.23,-0.260,0.715,-19.8,0,0.0076,0.00
13:20:15,22.25451375110615,84.87976175796457,-6.784,-37.131,1.23,-0.252,0.699,-19.7,0,0.0074,0.00
13:20:15,22.254514068915288,84.87976163394144,-6.796,-37.095,1.23,-0.252,0.699,-19.7,0,0.0074,0.00
13:20:15,22.25451438462876,84.87976151073613,-6.809,-37.060,1.23,-0.252,0.699,-19.6,0,0.0000,0.00
13:20:16,22.254514701656515,84.87976138701794,-6.822,-37.025,1.23,-0.252,0.699,-19.6,0,0.0000,0.00
13:20:16,22.254515018599758,84.87976126660607,-6.834,-36.990,1.23,-0.251,0.700,-19.6,0,0.0076,0.00
13:20:16,22.254515335568076,84.87976114380346,-6.847,-36.954,1.23,-0.251,0.700,-19.6,0,0.0076,0.00
13:20:16,22.254515652164585,84.8797610211449,-6.859,-36.919,1.23,-0.251,0.700,-19.6,0,0.0076,0.00
13:20:16,22.254515961712784,84.87976090352534,-6.872,-36.885,1.23,-0.248,0.696,-19.6,0,0.0075,0.00
13:20:16,22.254516290141144,84.87976077780772,-6.885,-36.848,1.23,-0.251,0.704,-19.6,0,0.0078,0.00
13:20:16,22.254516610316003,84.87976065463957,-6.897,-36.812,1.23,-0.251,0.704,-19.5,0,0.0078,0.00
13:20:16,22.254516928667996,84.87976053217265,-6.910,-36.777,1.23,-0.251,0.704,-19.5,0,0.0078,0.00
13:20:16,22.254517246846596,84.87976040977243,-6.922,-36.742,1.23,-0.251,0.704,-19.5,0,0.0078,0.00
13:20:16,22.25451756600674,84.87976028699462,-6.935,-36.706,1.23,-0.251,0.704,-19.4,0,0.0078,0.00
13:20:16,22.254517884809548,84.8797601643543,-6.948,-36.670,1.23,-0.251,0.704,-19.4,0,0.0078,0.00
13:20:16,22.254518202991168,84.87976004195292,-6.960,-36.635,1.23,-0.251,0.704,-19.3,0,0.0078,0.00
13:20:16,22.254518521044623,84.87975991960084,-6.973,-36.600,1.23,-0.251,0.704,-19.3,0,0.0078,0.00
13:20:16,22.254518910279405,84.87975977666916,-6.988,-36.556,1.23,-0.259,0.734,-19.3,0,0.0082,0.00
13:20:16,22.25451924324356,84.87975964988924,-7.001,-36.519,1.23,-0.259,0.734,-19.3,0,0.0082,0.00
13:20:16,22.254519574799136,84.87975952364565,-7.014,-36.482,1.23,-0.259,0.734,-19.3,0,0.0082,0.00
13:20:16,22.254519886497153,84.87975940758193,-7.026,-36.448,1.23,-0.254,0.724,-19.3,0,0.0077,0.00
13:20:16,22.254520206555902,84.87975928674226,-7.038,-36.412,1.23,-0.252,0.719,-19.3,0,0.0078,0.00
13:20:16,22.254520536004748,84.8797591619589,-7.051,-36.375,1.23,-0.252,0.719,-19.3,0,0.0078,0.00
13:20:17,22.25452086144482,84.87975903869393,-7.064,-36.339,1.23,-0.252,0.719,-19.3,0,0.0078,0.00
13:20:17,22.254521201133844,84.8797589116673,-7.077,-36.301,1.23,-0.253,0.724,-19.2,0,0.0080,0.00
13:20:17,22.254521530234282,84.87975878745705,-7.090,-36.265,1.24,-0.253,0.724,-17.6,0,0.0080,0.00
13:20:17,22.25452187108181,84.87975867745214,-7.101,-36.227,1.24,-0.245,0.732,-17.6,0,0.0078,0.00
13:20:17,22.254522203815082,84.87975855728192,-7.113,-36.190,1.24,-0.245,0.732,-16.1,0,0.0078,0.00
13:20:17,22.254522822046187,84.87975829640193,-7.140,-36.121,1.24,-0.254,0.707,-12.3,0,0.0075,0.00
13:20:17,22.254523127686568,84.87975815988045,-7.154,-36.087,1.24,-0.262,0.697,-12.3,0,0.0076,0.00
13:20:17,22.25452344442459,84.87975803094982,-7.168,-36.052,1.24,-0.262,0.697,-11.6,0,0.0076,0.00
13:20:17,22.254523786758057,84.87975798833588,-7.172,-36.013,1.24,-0.204,0.716,-10.3,0,0.0077,0.00
13:20:17,22.2545241126614,84.87975788815838,-7.182,-35.977,1.24,-0.204,0.716,-10.3,0,0.0077,0.00
13:20:17,22.254524442444453,84.87975784088378,-7.187,-35.941,1.24,-0.167,0.720,-9.7,0,0.0075,0.00
13:20:17,22.25452476968233,84.87975775873825,-7.196,-35.904,1.24,-0.167,0.720,-9.0,0,0.0075,0.00
13:20:17,22.254525096145578,84.87975767678715,-7.204,-35.868,1.24,-0.167,0.720,-8.9,0,0.0075,0.00
13:20:17,22.254525422155158,84.87975759494994,-7.212,-35.831,1.24,-0.167,0.720,-8.9,0,0.0000,0.00
13:20:17,22.25452574861378,84.87975751300002,-7.221,-35.795,1.24,-0.167,0.720,-9.0,0,0.0000,0.00
13:20:17,22.254526101310418,84.87975748223347,-7.224,-35.756,1.24,-0.141,0.735,-9.3,0,0.0077,0.00
13:20:17,22.254526436381372,84.87975741296901,-7.231,-35.719,1.24,-0.141,0.735,-9.5,0,0.0077,0.00
13:20:17,22.25452676995818,84.87975736002767,-7.237,-35.681,1.24,-0.132,0.736,-9.5,0,0.0078,0.00
13:20:17,22.254527105173743,84.87975729500299,-7.243,-35.644,1.24,-0.132,0.736,-9.8,0,0.0078,0.00
13:20:17,22.254527449374308,84.87975722771326,-7.250,-35.606,1.23,-0.134,0.743,-10.2,0,0.0078,0.00
13:20:18,22.254527787836874,84.87975716190708,-7.257,-35.568,1.23,-0.134,0.743,-10.2,0,0.0078,0.00
13:20:18,22.254528122636522,84.87975709436203,-7.264,-35.531,1.23,-0.135,0.742,-10.5,0,0.0076,0.00
13:20:18,22.254528460748173,84.87975702785961,-7.271,-35.493,1.23,-0.135,0.742,-10.9,0,0.0076,0.00
13:20:18,22.254528796836055,84.87975696175525,-7.278,-35.456,1.23,-0.135,0.742,-11.1,0,0.0076,0.00
13:20:18,22.254529131323586,84.87975688728012,-7.285,-35.419,1.23,-0.140,0.741,-11.1,0,0.0077,0.00
13:20:18,22.254529468532443,84.87975681832681,-7.292,-35.381,1.23,-0.140,0.741,-11.5,0,0.0077,0.00
13:20:18,22.25452979910066,84.87975674086822,-7.300,-35.344,1.23,-0.146,0.737,-11.7,0,0.0077,0.00
13:20:18,22.25453013414682,84.87975666931113,-7.308,-35.307,1.23,-0.146,0.737,-11.7,0,0.0077,0.00
13:20:18,22.254530479682195,84.87975658674462,-7.316,-35.268,1.22,-0.153,0.746,-12.1,0,0.0080,0.00
13:20:18,22.25453081817912,84.87975651163137,-7.324,-35.231,1.22,-0.153,0.746,-12.3,0,0.0080,0.00
13:20:18,22.254531134810044,84.87975643445107,-7.332,-35.196,1.22,-0.155,0.731,-12.4,0,0.0075,0.00
13:20:18,22.254531466442728,84.8797563585639,-7.340,-35.159,1.22,-0.155,0.731,-12.4,0,0.0075,0.00
13:20:18,22.25453180564316,84.87975627504437,-7.348,-35.121,1.22,-0.160,0.737,-12.6,0,0.0077,0.00
13:20:18,22.25453214090129,84.8797561963233,-7.357,-35.084,1.22,-0.160,0.737,-12.7,0,0.0077,0.00
13:20:18,22.25453247179619,84.87975611518591,-7.365,-35.047,1.22,-0.162,0.735,-12.7,0,0.0077,0.00
13:20:18,22.254532805506017,84.87975603564807,-7.373,-35.010,1.22,-0.162,0.735,-12.7,0,0.0077,0.00
13:20:18,22.25453313849625,84.87975595628174,-7.381,-34.972,1.22,-0.162,0.735,-12.7,0,0.0077,0.00
13:20:18,22.254533461541516,84.87975587707206,-7.389,-34.936,1.22,-0.162,0.728,-12.7,0,0.0076,0.00
13:20:18,22.254533793477357,84.87975579725571,-7.398,-34.900,1.22,-0.162,0.728,-12.7,0,0.0076,0.00
13:20:18,22.254534122079,84.87975571677333,-7.406,-34.863,1.22,-0.163,0.727,-12.7,0,0.0076,0.00
13:20:19,22.254534452523668,84.87975563685033,-7.414,-34.826,1.22,-0.163,0.727,-12.6,0,0.0076,0.00
13:20:19,22.254534829416446,84.87975554682775,-7.423,-34.784,1.22,-0.170,0.761,-12.5,0,0.0082,0.00
13:20:19,22.254535176714672,84.87975546320047,-7.432,-34.746,1.23,-0.170,0.761,-12.5,0,0.0082,0.00
13:20:19,22.25453547667063,84.87975539183276,-7.439,-34.712,1.23,-0.162,0.729,-12.5,0,0.0073,0.00
13:20:19,22.254535808043663,84.87975531232824,-7.448,-34.675,1.23,-0.162,0.729,-12.5,0,0.0073,0.00
13:20:19,22.254536149168416,84.87975523112952,-7.456,-34.637,1.23,-0.163,0.737,-12.5,0,0.0078,0.00
13:20:19,22.254536484797804,84.87975515082408,-7.464,-34.600,1.23,-0.163,0.737,-12.4,0,0.0078,0.00
13:20:19,22.2545368389767,84.8797550688261,-7.473,-34.561,1.23,-0.165,0.752,-12.2,0,0.0080,0.00
13:20:19,22.254537180679986,84.87975498801104,-7.481,-34.522,1.23,-0.165,0.752,-12.1,0,0.0000,0.00
13:20:19,22.25453751499215,84.87975491148117,-7.489,-34.485,1.23,-0.162,0.747,-12.1,0,0.0078,0.00
13:20:19,22.254537855118155,84.87975483191778,-7.497,-34.447,1.23,-0.162,0.747,-11.9,0,0.0078,0.00
13:20:19,22.2545381942456,84.87975475258797,-7.505,-34.410,1.23,-0.162,0.747,-11.8,0,0.0078,0.00
13:20:19,22.254538526605693,84.87975467926144,-7.513,-34.373,1.23,-0.158,0.743,-11.8,0,0.0077,0.00
13:20:19,22.25453886358345,84.87975460183064,-7.521,-34.335,1.23,-0.158,0.743,-11.7,0,0.0077,0.00
13:20:19,22.25453920520517,84.87975452752686,-7.528,-34.297,1.23,-0.156,0.745,-11.6,0,0.0079,0.00
13:20:19,22.254539546121105,84.87975445053007,-7.536,-34.259,1.23,-0.156,0.745,-11.6,0,0.0079,0.00
13:20:19,22.254539833136135,84.87975438822977,-7.543,-34.227,1.23,-0.146,0.708,-11.6,0,0.0071,0.00
13:20:19,22.254540154720146,84.87975431642103,-7.550,-34.191,1.23,-0.146,0.708,-11.5,0,0.0071,0.00
13:20:19,22.25454050693681,84.87975423918824,-7.558,-34.152,1.23,-0.150,0.731,-11.6,0,0.0078,0.00
13:20:19,22.25454083883361,84.8797541655503,-7.566,-34.115,1.23,-0.150,0.731,-11.6,0,0.0078,0.00
13:20:20,22.254541162702548,84.87975409419693,-7.573,-34.079,1.23,-0.149,0.726,-11.6,0,0.0075,0.00
13:20:20,22.254541492083423,84.87975402128845,-7.581,-34.043,1.23,-0.149,0.726,-11.6,0,0.0075,0.00
13:20:20,22.254541821167336,84.87975394844571,-7.588,-34.006,1.23,-0.149,0.726,-11.6,0,0.0075,0.00
13:20:20,22.254542156752773,84.87975387446684,-7.596,-33.969,1.23,-0.150,0.731,-11.6,0,0.0075,0.00
13:20:20,22.25454248908271,84.87975380100106,-7.603,-33.932,1.23,-0.150,0.731,-11.6,0,0.0075,0.00
13:20:20,22.254542845222183,84.8797537217362,-7.612,-33.892,1.23,-0.154,0.749,-11.6,0,0.0079,0.00
13:20:20,22.254543185452132,84.87975364635435,-7.619,-33.854,1.23,-0.154,0.749,-11.7,0,0.0079,0.00
13:20:20,22.254543515840137,84.87975357283176,-7.627,-33.817,1.23,-0.153,0.743,-11.7,0,0.0077,0.00
13:20:20,22.2545438524505,84.87975349814722,-7.635,-33.780,1.23,-0.153,0.743,-11.7,0,0.0077,0.00
13:20:20,22.254544186760974,84.87975342397215,-7.642,-33.743,1.23,-0.152,0.741,-11.6,0,0.0077,0.00
13:20:20,22.254544523724185,84.87975334920904,-7.650,-33.705,1.23,-0.152,0.741,-11.6,0,0.0077,0.00
13:20:20,22.254544846815126,84.8797532778555,-7.657,-33.669,1.23,-0.150,0.733,-11.6,0,0.0075,0.00
13:20:20,22.25454517915172,84.87975320423183,-7.665,-33.632,1.23,-0.150,0.733,-11.6,0,0.0075,0.00
13:20:20,22.25454552114908,84.87975312902283,-7.673,-33.594,1.23,-0.151,0.740,-11.5,0,0.0076,0.00
13:20:20,22.25454585763867,84.87975305467027,-7.680,-33.557,1.23,-0.151,0.740,-11.5,0,0.0076,0.00
13:20:20,22.254546189554222,84.87975298176916,-7.688,-33.520,1.23,-0.151,0.738,-11.5,0,0.0077,0.00
13:20:20,22.254546526035103,84.87975290757169,-7.695,-33.482,1.23,-0.151,0.738,-11.6,0,0.0077,0.00
13:20:20,22.25454685369743,84.87975283519873,-7.703,-33.446,1.23,-0.150,0.733,-11.6,0,0.0074,0.00
13:20:20,22.25454718599814,84.87975276188145,-7.710,-33.409,1.23,-0.150,0.733,-11.6,0,0.0074,0.00
13:20:21,22.2545475184229,84.87975268853681,-7.718,-33.372,1.23,-0.150,0.733,-11.6,0,0.0074,0.00
13:20:21,22.2545478482045,84.87975261539239,-7.725,-33.335,1.23,-0.150,0.732,-11.6,0,0.0077,0.00
13:20:21,22.254548180494613,84.879752541956,-7.733,-33.298,1.23,-0.150,0.732,-11.6,0,0.0077,0.00
13:20:21,22.254548511441115,84.87975246881653,-7.741,-33.261,1.23,-0.150,0.732,-11.6,0,0.0000,0.00
13:20:21,22.254548843064914,84.87975239552739,-7.748,-33.224,1.23,-0.150,0.732,-11.6,0,0.0000,0.00
13:20:21,22.25454916521101,84.87975232289422,-7.756,-33.188,1.23,-0.149,0.726,-11.7,0,0.0075,0.00
13:20:21,22.254549495002475,84.87975224962567,-7.763,-33.152,1.23,-0.149,0.726,-11.7,0,0.0075,0.00
13:20:21,22.254549805130484,84.87975218027547,-7.770,-33.117,1.23,-0.147,0.715,-11.7,0,0.0074,0.00
13:20:21,22.25455013012127,84.87975210794853,-7.778,-33.081,1.23,-0.147,0.715,-11.7,0,0.0074,0.00
13:20:21,22.25455048877536,84.87975202892781,-7.786,-33.041,1.23,-0.152,0.738,-11.6,0,0.0079,0.00
13:20:21,22.25455082426822,84.87975195450231,-7.794,-33.004,1.23,-0.152,0.738,-11.6,0,0.0079,0.00
13:20:21,22.25455113533257,84.87975188585521,-7.801,-32.969,1.23,-0.148,0.722,-11.6,0,0.0074,0.00
13:20:21,22.254551464855997,84.87975181286852,-7.808,-32.932,1.23,-0.148,0.722,-11.6,0,0.0074,0.00
13:20:21,22.254551765934117,84.87975174644035,-7.815,-32.899,1.23,-0.144,0.703,-11.6,0,0.0072,0.00
13:20:21,22.25455208642001,84.87975167554085,-7.822,-32.863,1.23,-0.144,0.703,-11.6,0,0.0072,0.00
13:20:21,22.254552410447555,84.87975160417786,-7.830,-32.827,1.23,-0.145,0.708,-11.6,0,0.0074,0.00
13:20:21,22.254552732074707,84.87975153313411,-7.837,-32.791,1.23,-0.145,0.708,-11.6,0,0.0074,0.00
13:20:21,22.254553053260743,84.87975146218778,-7.844,-32.756,1.23,-0.145,0.708,-11.6,0,0.0074,0.00
13:20:21,22.254553349981187,84.87975139675903,-7.851,-32.723,1.23,-0.141,0.691,-11.6,0,0.0071,0.00
13:20:21,22.254553677739757,84.87975132449121,-7.858,-32.686,1.23,-0.143,0.701,-11.6,0,0.0076,0.00
13:20:22,22.254553995885214,84.87975125428319,-7.866,-32.651,1.23,-0.143,0.701,-11.5,0,0.0076,0.00
13:20:22,22.254554312841226,84.87975118433766,-7.873,-32.615,1.23,-0.143,0.701,-11.5,0,0.0076,0.00
13:20:22,22.25455461269803,84.87975111917028,-7.880,-32.582,1.23,-0.140,0.689,-11.4,0,0.0072,0.00
13:20:22,22.25455492513472,84.8797510505467,-7.887,-32.547,1.23,-0.140,0.689,-11.4,0,0.0072,0.00
13:20:22,22.254555259189996,84.87975097824742,-7.894,-32.510,1.23,-0.142,0.704,-11.4,0,0.0077,0.00
13:20:22,22.25455557885772,84.87975090838312,-7.901,-32.474,1.23,-0.142,0.704,-11.4,0,0.0077,0.00
13:20:22,22.254555929865976,84.87975083190697,-7.909,-32.435,1.23,-0.147,0.728,-11.4,0,0.0078,0.00
13:20:22,22.254556259855192,84.87975075986562,-7.917,-32.399,1.23,-0.147,0.728,-11.5,0,0.0078,0.00
13:20:22,22.254556571629248,84.87975069133856,-7.924,-32.364,1.23,-0.145,0.715,-11.5,0,0.0076,0.00
13:20:22,22.25455689592916,84.87975062038299,-7.931,-32.328,1.23,-0.145,0.715,-11.5,0,0.0076,0.00
13:20:22,22.25455721818308,84.87975054977908,-7.938,-32.292,1.23,-0.145,0.715,-11.5,0,0.0074,0.00
13:20:22,22.254557542737277,84.87975047873495,-7.946,-32.256,1.23,-0.145,0.715,-11.5,0,0.0074,0.00
13:20:22,22.25455786578535,84.8797504080205,-7.953,-32.220,1.23,-0.145,0.715,-11.5,0,0.0074,0.00
13:20:22,22.25455818441876,84.87975033776196,-7.960,-32.184,1.23,-0.145,0.712,-11.5,0,0.0073,0.00
13:20:22,22.254558506747504,84.87975026704414,-7.967,-32.148,1.23,-0.145,0.712,-11.5,0,0.0073,0.00
13:20:22,22.254558848833884,84.87975019192167,-7.975,-32.110,1.22,-0.147,0.726,-11.5,0,0.0078,0.00
13:20:22,22.254559178349325,84.87975011960494,-7.983,-32.074,1.22,-0.147,0.726,-11.5,0,0.0078,0.00
13:20:22,22.254559495339628,84.87975005029563,-7.990,-32.038,1.22,-0.146,0.718,-11.5,0,0.0076,0.00
13:20:22,22.254559821180262,84.87974997886992,-7.997,-32.002,1.22,-0.146,0.718,-11.5,0,0.0076,0.00
13:20:22,22.254560146259614,84.8797499076111,-8.004,-31.966,1.22,-0.146,0.718,-11.5,0,0.0000,0.00
13:20:23,22.254560470954477,84.87974983643655,-8.012,-31.930,1.22,-0.146,0.718,-11.5,0,0.0000,0.00
13:20:23,22.254560824432094,84.87974975850513,-8.020,-31.890,1.22,-0.150,0.736,-11.5,0,0.0078,0.00
13:20:23,22.254561158028178,84.87974968525437,-8.027,-31.853,1.22,-0.150,0.736,-11.6,0,0.0078,0.00
13:20:23,22.254561491504816,84.87974961102051,-8.035,-31.816,1.22,-0.150,0.736,-11.6,0,0.0077,0.00
13:20:23,22.254561825475772,84.87974953739815,-8.043,-31.779,1.22,-0.150,0.736,-11.6,0,0.0077,0.00
13:20:23,22.25456215825632,84.87974946403821,-8.050,-31.742,1.22,-0.150,0.736,-11.6,0,0.0077,0.00
13:20:23,22.254562466942723,84.87974939529649,-8.057,-31.708,1.22,-0.148,0.721,-11.6,0,0.0074,0.00
13:20:23,22.254562793811814,84.87974932304162,-8.065,-31.671,1.22,-0.148,0.721,-11.6,0,0.0074,0.00
13:20:23,22.254563118411596,84.87974925064849,-8.072,-31.635,1.22,-0.148,0.720,-11.6,0,0.0074,0.00
13:20:23,22.254563445847957,84.87974917807708,-8.080,-31.599,1.22,-0.148,0.720,-11.6,0,0.0074,0.00
13:20:23,22.254563800358724,84.87974909867155,-8.088,-31.559,1.22,-0.152,0.741,-11.7,0,0.0079,0.00
13:20:23,22.25456413750055,84.87974902368566,-8.096,-31.522,1.22,-0.152,0.741,-11.7,0,0.0079,0.00
13:20:23,22.254564472128312,84.87974894860587,-8.103,-31.484,1.22,-0.153,0.740,-11.7,0,0.0077,0.00
13:20:23,22.254564808472875,84.87974887358287,-8.111,-31.447,1.22,-0.153,0.740,-11.7,0,0.0077,0.00
13:20:23,22.25456513612501,84.87974880094605,-8.118,-31.410,1.22,-0.151,0.734,-11.6,0,0.0075,0.00
13:20:23,22.254565469878656,84.87974872665161,-8.126,-31.373,1.22,-0.151,0.734,-11.6,0,0.0075,0.00
13:20:23,22.254565805543614,84.8797486522557,-8.134,-31.336,1.22,-0.151,0.736,-11.6,0,0.0079,0.00
13:20:23,22.25456614111461,84.87974857766777,-8.141,-31.299,1.22,-0.151,0.736,-11.6,0,0.0079,0.00
13:20:23,22.254566476609487,84.87974850361151,-8.149,-31.261,1.22,-0.151,0.737,-11.6,0,0.0077,0.00
13:20:23,22.254566813062908,84.87974842900543,-8.157,-31.224,1.22,-0.151,0.737,-11.6,0,0.0077,0.00
13:20:24,22.25456714978081,84.87974835448482,-8.164,-31.186,1.22,-0.152,0.740,-11.6,0,0.0076,0.00
13:20:24,22.254567486365573,84.87974827989954,-8.172,-31.149,1.22,-0.152,0.740,-11.6,0,0.0076,0.00
13:20:24,22.254567832647,84.87974820336072,-8.180,-31.110,1.22,-0.153,0.748,-11.6,0,0.0078,0.00
13:20:24,22.254568174046586,84.87974812777651,-8.188,-31.072,1.22,-0.153,0.748,-11.6,0,0.0078,0.00
13:20:24,22.254568511854732,84.87974805298742,-8.196,-31.035,1.22,-0.153,0.748,-11.6,0,0.0078,0.00
13:20:24,22.254568847796303,84.8797479785962,-8.203,-30.997,1.22,-0.153,0.746,-11.6,0,0.0079,0.00
13:20:24,22.254569187165966,84.87974790345652,-8.211,-30.960,1.22,-0.153,0.746,-11.6,0,0.0079,0.00
13:20:24,22.254569524798658,84.8797478288395,-8.219,-30.922,1.22,-0.153,0.745,-11.6,0,0.0079,0.00
13:20:24,22.254569863139423,84.87974775397143,-8.226,-30.884,1.22,-0.153,0.745,-11.6,0,0.0079,0.00
13:20:24,22.25457021068307,84.87974767698925,-8.234,-30.846,1.22,-0.154,0.753,-11.6,0,0.0080,0.00
13:20:24,22.254570552538446,84.87974760131807,-8.242,-30.808,1.22,-0.154,0.753,-11.7,0,0.0080,0.00
13:20:24,22.254570918970956,84.87974751926389,-8.251,-30.767,1.22,-0.159,0.771,-11.7,0,0.0082,0.00
13:20:24,22.254571268796504,84.87974744151316,-8.259,-30.728,1.22,-0.159,0.771,-12.0,0,0.0082,0.00
13:20:24,22.254571610182435,84.87974736113433,-8.267,-30.690,1.22,-0.160,0.764,-12.1,0,0.0078,0.00
13:20:24,22.254571958555495,84.87974728216915,-8.275,-30.651,1.22,-0.160,0.764,-12.2,0,0.0078,0.00
13:20:24,22.254572278862504,84.87974720629093,-8.283,-30.615,1.22,-0.159,0.745,-12.2,0,0.0076,0.00
13:20:25,22.254572617238914,84.87974712846686,-8.291,-30.578,1.22,-0.159,0.745,-12.4,0,0.0000,0.00
13:20:25,22.254572954788085,84.87974704747742,-8.299,-30.540,1.22,-0.161,0.745,-12.4,0,0.0077,0.00
13:20:25,22.254573293091426,84.87974696851069,-8.307,-30.502,1.22,-0.161,0.745,-12.4,0,0.0077,0.00
13:20:25,22.254573629449578,84.879746889998,-8.315,-30.465,1.22,-0.161,0.745,-12.5,0,0.0077,0.00
13:20:25,22.254573957597835,84.87974680938396,-8.324,-30.428,1.22,-0.162,0.739,-12.6,0,0.0076,0.00
13:20:25,22.254574293132993,84.87974672979024,-8.332,-30.391,1.22,-0.162,0.739,-12.6,0,0.0076,0.00
13:20:25,22.25457459946836,84.87974665518567,-8.340,-30.357,1.22,-0.159,0.719,-12.6,0,0.0075,0.00
13:20:25,22.25457492596341,84.87974657712105,-8.348,-30.321,1.22,-0.159,0.719,-12.6,0,0.0075,0.00
13:20:25,22.254575251374042,84.87974649931571,-8.356,-30.284,1.22,-0.159,0.719,-12.6,0,0.0060,0.00
13:20:25,22.25457557771506,84.87974642128793,-8.364,-30.248,1.22,-0.159,0.719,-12.6,0,0.0060,0.00
13:20:25,22.254575903654036,84.87974634335627,-8.372,-30.212,1.22,-0.159,0.719,-12.6,0,0.0073,0.00
13:20:25,22.254576229589937,84.87974626542535,-8.380,-30.176,1.22,-0.159,0.719,-12.6,0,0.0073,0.00
13:20:25,22.254576575163675,84.87974618044049,-8.388,-30.137,1.22,-0.162,0.729,-12.6,0,0.0076,0.00
13:20:25,22.25457690643375,84.87974610070034,-8.397,-30.100,1.22,-0.162,0.729,-12.6,0,0.0076,0.00
13:20:25,22.25457723660774,84.87974602122402,-8.405,-30.063,1.22,-0.162,0.729,-12.6,0,0.0076,0.00
13:20:25,22.254577588782293,84.87974593546602,-8.414,-30.024,1.22,-0.165,0.740,-12.6,0,0.0079,0.00
13:20:25,22.254577925706652,84.87974585413605,-8.422,-29.987,1.22,-0.165,0.740,-12.6,0,0.0079,0.00
13:20:25,22.254578222127797,84.8797457824097,-8.429,-29.954,1.22,-0.161,0.719,-12.6,0,0.0076,0.00
13:20:25,22.2545785505401,84.87974570308981,-8.438,-29.917,1.22,-0.161,0.719,-12.6,0,0.0076,0.00
13:20:25,22.254578770168607,84.87974584828078,-8.423,-29.893,1.22,-0.031,0.652,-12.6,0,0.0057,0.00
13:20:25,22.254579066771107,84.87974583322294,-8.424,-29.860,1.22,-0.031,0.652,-12.6,0,0.0057,0.00
13:20:25,22.254579384855443,84.87974572859467,-8.435,-29.824,1.22,-0.087,0.668,-12.7,0,0.0072,0.00
13:20:25,22.25457968839719,84.87974568577621,-8.439,-29.791,1.23,-0.087,0.668,-12.7,0,0.0072,0.00
13:20:26,22.254580000743683,84.87974559734853,-8.449,-29.756,1.23,-0.118,0.675,-12.7,0,0.0072,0.00
13:20:26,22.254580307226338,84.87974553966154,-8.454,-29.722,1.23,-0.118,0.675,-12.7,0,0.0072,0.00
13:20:26,22.254580640645212,84.87974545281257,-8.463,-29.685,1.23,-0.138,0.696,-12.7,0,0.0075,0.00
13:20:26,22.25458095677207,84.87974538521412,-8.470,-29.649,1.23,-0.138,0.696,-12.7,0,0.0075,0.00
13:20:26,22.254581305489577,84.87974529769168,-8.479,-29.611,1.23,-0.152,0.721,-12.7,0,0.0077,0.00
13:20:26,22.254581633595148,84.87974522309939,-8.487,-29.574,1.23,-0.152,0.721,-12.6,0,0.0077,0.00
13:20:26,22.254581960503746,84.87974514877924,-8.495,-29.538,1.23,-0.152,0.721,-12.6,0,0.0077,0.00
13:20:26,22.25458226839391,84.8797450719801,-8.503,-29.503,1.22,-0.153,0.708,-12.6,0,0.0074,0.00
13:20:26,22.25458259039721,84.87974499663007,-8.510,-29.467,1.22,-0.153,0.708,-12.6,0,0.0074,0.00
13:20:26,22.254582910345572,84.8797449217609,-8.518,-29.432,1.22,-0.153,0.708,-12.6,0,0.0074,0.00
13:20:26,22.25458323069582,84.87974484679769,-8.526,-29.396,1.22,-0.153,0.708,-12.6,0,0.0074,0.00
13:20:26,22.254583550811002,84.87974477188949,-8.534,-29.361,1.22,-0.153,0.708,-12.5,0,0.0074,0.00
13:20:26,22.25458387188313,84.87974469675736,-8.541,-29.325,1.22,-0.153,0.708,-12.5,0,0.0074,0.00
13:20:26,22.254584192024097,84.87974462184312,-8.549,-29.289,1.22,-0.153,0.708,-12.5,0,0.0000,0.00
13:20:26,22.254584513159923,84.87974454669609,-8.557,-29.253,1.22,-0.153,0.708,-12.5,0,0.0000,0.00
13:20:26,22.254584873829273,84.87974445652982,-8.566,-29.213,1.22,-0.159,0.725,-12.5,0,0.0076,0.00
13:20:26,22.254585204261616,84.87974437813278,-8.574,-29.176,1.22,-0.159,0.725,-12.5,0,0.0076,0.00
13:20:26,22.254585566697124,84.87974429051765,-8.583,-29.136,1.22,-0.163,0.740,-12.5,0,0.0080,0.00
13:20:26,22.254585903570213,84.87974421025878,-8.591,-29.099,1.22,-0.163,0.740,-12.5,0,0.0080,0.00
13:20:26,22.25458621251103,84.87974413610624,-8.599,-29.064,1.22,-0.160,0.726,-12.5,0,0.0076,0.00
13:20:27,22.254586542616227,84.87974405732746,-8.607,-29.028,1.22,-0.160,0.726,-12.5,0,0.0076,0.00
13:20:27,22.254586875698823,84.87974397772783,-8.615,-28.990,1.22,-0.161,0.729,-12.5,0,0.0076,0.00
13:20:27,22.254587207047194,84.87974389862183,-8.624,-28.954,1.22,-0.161,0.729,-12.5,0,0.0076,0.00
13:20:27,22.25458750835126,84.87974382704898,-8.631,-28.920,1.22,-0.157,0.710,-12.5,0,0.0072,0.00
13:20:27,22.254587831129747,84.87974375009874,-8.639,-28.884,1.22,-0.157,0.710,-12.5,0,0.0072,0.00
13:20:27,22.254588151899,84.87974367409991,-8.647,-28.848,1.22,-0.156,0.710,-12.4,0,0.0074,0.00
13:20:27,22.254588476285004,84.87974359691988,-8.655,-28.812,1.22,-0.156,0.710,-12.4,0,0.0074,0.00
13:20:27,22.254588797453362,84.8797435205054,-8.663,-28.777,1.22,-0.156,0.710,-12.4,0,0.0074,0.00
13:20:27,22.25458914504555,84.87974343844321,-8.671,-28.738,1.22,-0.160,0.728,-12.4,0,0.0079,0.00
13:20:27,22.25458947532501,84.8797433600575,-8.679,-28.701,1.22,-0.160,0.728,-12.4,0,0.0079,0.00
13:20:27,22.25458982735026,84.87974327658742,-8.688,-28.662,1.22,-0.163,0.743,-12.4,0,0.0078,0.00
13:20:27,22.254590166149846,84.87974319620362,-8.696,-28.624,1.22,-0.163,0.743,-12.4,0,0.0078,0.00
13:20:27,22.254590474982376,84.87974312306103,-8.703,-28.590,1.22,-0.159,0.724,-12.4,0,0.0073,0.00
13:20:27,22.254590802987824,84.87974304528065,-8.711,-28.553,1.22,-0.159,0.724,-12.4,0,0.0073,0.00
13:20:27,22.254591128903893,84.87974296806084,-8.719,-28.517,1.22,-0.159,0.723,-12.4,0,0.0076,0.00
13:20:27,22.254591457221228,84.87974289022823,-8.727,-28.480,1.22,-0.159,0.723,-12.4,0,0.0076,0.00
13:20:27,22.254591764154302,84.87974281762929,-8.735,-28.446,1.22,-0.155,0.708,-12.4,0,0.0072,0.00
13:20:27,22.254592085374053,84.87974274153505,-8.743,-28.410,1.22,-0.155,0.708,-12.4,0,0.0072,0.00
13:20:27,22.254592406050577,84.87974266556951,-8.751,-28.375,1.22,-0.155,0.708,-12.4,0,0.0072,0.00
13:20:27,22.25459272152309,84.87974259122178,-8.758,-28.340,1.22,-0.154,0.705,-12.4,0,0.0073,0.00
13:20:28,22.25459303069952,84.87974251827318,-8.766,-28.305,1.22,-0.153,0.698,-12.4,0,0.0072,0.00
13:20:28,22.25459334759381,84.87974244338162,-8.773,-28.270,1.22,-0.153,0.698,-12.5,0,0.0072,0.00
13:20:28,22.254593662777047,84.87974236889444,-8.781,-28.235,1.22,-0.153,0.698,-12.9,0,0.0072,0.00
13:20:28,22.254593978714944,84.8797422942289,-8.789,-28.200,1.22,-0.153,0.698,-12.9,0,0.0064,0.00
13:20:28,22.254594294129806,84.87974221968699,-8.797,-28.165,1.22,-0.153,0.698,-13.6,0,0.0064,0.00
13:20:28,22.254594648180973,84.87974208854573,-8.810,-28.125,1.22,-0.183,0.720,-15.6,0,0.0079,0.00
13:20:28,22.254594974529727,84.87974199893458,-8.819,-28.089,1.22,-0.183,0.720,-15.6,0,0.0079,0.00
13:20:28,22.254595299504647,84.87974190970066,-8.828,-28.053,1.22,-0.183,0.720,-16.6,0,0.0000,0.00
13:20:28,22.25459562570692,84.87974182012971,-8.838,-28.016,1.22,-0.183,0.720,-17.8,0,0.0000,0.00
13:20:28,22.254595908023873,84.8797416827735,-8.852,-27.985,1.22,-0.206,0.697,-18.2,0,0.0074,0.00
13:20:28,22.25459622466061,84.87974158155762,-8.862,-27.950,1.22,-0.206,0.697,-18.2,0,0.0074,0.00
13:20:28,22.254596544815634,84.87974145329811,-8.875,-27.914,1.22,-0.220,0.699,-18.6,0,0.0074,0.00
13:20:28,22.254596863117136,84.87974134490211,-8.887,-27.879,1.22,-0.220,0.699,-20.3,0,0.0074,0.00
13:20:28,22.25459719408709,84.87974127664435,-8.894,-27.842,1.22,-0.197,0.708,-21.8,0,0.0074,0.00
13:20:28,22.25459751739326,84.8797411792204,-8.904,-27.806,1.22,-0.197,0.708,-21.8,0,0.0074,0.00
13:20:28,22.254597839934153,84.87974115590096,-8.906,-27.770,1.22,-0.152,0.709,-23.7,0,0.0069,0.00
13:20:28,22.254598162776183,84.87974108136844,-8.914,-27.734,1.22,-0.152,0.709,-28.0,0,0.0069,0.00
13:20:28,22.25459848452145,84.87974100708911,-8.921,-27.698,1.22,-0.152,0.709,-28.0,0,0.0069,0.00
13:20:28,22.254598837655507,84.87974096695359,-8.926,-27.659,1.22,-0.131,0.730,-30.0,0,0.0073,0.00
13:20:29,22.25459917113245,84.87974090247913,-8.932,-27.622,1.22,-0.131,0.730,-31.7,0,0.0073,0.00
13:20:29,22.25459948048065,84.87974078435506,-8.944,-27.587,1.22,-0.165,0.716,-34.3,0,0.0070,0.00
13:20:29,22.25459980670284,84.87974070326321,-8.953,-27.551,1.22,-0.165,0.716,-34.3,0,0.0070,0.00
13:20:29,22.25460014830989,84.8797405500624,-8.969,-27.513,1.22,-0.212,0.728,-35.2,0,0.0079,0.00
13:20:29,22.254600480370236,84.87974044548966,-8.979,-27.476,1.22,-0.212,0.728,-36.5,0,0.0079,0.00
13:20:29,22.254600737495316,84.87974028284873,-8.996,-27.447,1.22,-0.252,0.675,-37.0,0,0.0069,0.00
13:20:29,22.25460104463564,84.87974015898995,-9.009,-27.413,1.22,-0.252,0.675,-37.0,0,0.0069,0.00
13:20:29,22.254601313333524,84.87973995715396,-9.030,-27.383,1.22,-0.307,0.648,-37.9,0,0.0073,0.00
13:20:29,22.254601607207647,84.87973980699773,-9.045,-27.351,1.22,-0.307,0.648,-38.7,0,0.0073,0.00
13:20:29,22.254601900572172,84.87973965710188,-9.061,-27.318,1.22,-0.307,0.648,-38.7,0,0.0073,0.00
13:20:29,22.254602200661278,84.87973944220475,-9.083,-27.284,1.22,-0.349,0.654,-40.0,0,0.0077,0.00
13:20:29,22.254602489814033,84.879739265061,-9.101,-27.252,1.22,-0.353,0.649,-44.0,0,0.0074,0.00
13:20:29,22.254602783982296,84.8797390920816,-9.119,-27.220,1.22,-0.353,0.649,-45.9,0,0.0074,0.00
13:20:29,22.254603076986566,84.87973891978669,-9.137,-27.187,1.22,-0.353,0.649,-45.9,0,0.0074,0.00
13:20:29,22.25460335050774,84.87973870792045,-9.158,-27.156,1.22,-0.379,0.635,-48.5,0,0.0074,0.00
13:20:29,22.25460363905725,84.87973852169175,-9.178,-27.124,1.23,-0.379,0.635,-49.3,0,0.0074,0.00
13:20:29,22.254603899449062,84.87973827036573,-9.203,-27.095,1.23,-0.423,0.616,-49.8,0,0.0075,0.00
13:20:29,22.254604179179864,84.87973806279456,-9.225,-27.064,1.23,-0.423,0.616,-49.8,0,0.0075,0.00
13:20:29,22.254604416579333,84.87973785241485,-9.246,-27.038,1.23,-0.426,0.586,-50.4,0,0.0071,0.00
13:20:29,22.254604682683567,84.87973764359023,-9.268,-27.008,1.23,-0.426,0.586,-50.6,0,0.0071,0.00
13:20:30,22.25460485426935,84.87973736696483,-9.296,-26.989,1.23,-0.473,0.516,-50.6,0,0.0072,0.00
13:20:30,22.254605088639835,84.87973713497124,-9.320,-26.963,1.23,-0.473,0.516,-50.9,0,0.0072,0.00
13:20:30,22.254605274740797,84.87973685944522,-9.349,-26.942,1.23,-0.504,0.481,-51.0,0,0.0071,0.00
13:20:30,22.25460549277126,84.87973661232004,-9.374,-26.918,1.23,-0.504,0.481,-51.0,0,0.0071,0.00
13:20:30,22.254605694814156,84.87973632847492,-9.403,-26.895,1.23,-0.531,0.469,-51.0,0,0.0074,0.00
13:20:30,22.254605907336426,84.87973606866515,-9.430,-26.872,1.23,-0.531,0.469,-50.9,0,0.0000,0.00
13:20:30,22.254606119168745,84.87973580969884,-9.457,-26.848,1.23,-0.531,0.469,-50.9,0,0.0000,0.00
13:20:30,22.254606326784955,84.879735520057,-9.487,-26.825,1.23,-0.550,0.466,-50.9,0,0.0076,0.00
13:20:30,22.254606538283863,84.87973525013693,-9.515,-26.802,1.23,-0.550,0.466,-50.8,0,0.0076,0.00
13:20:30,22.254606750547673,84.87973496741368,-9.544,-26.778,1.23,-0.559,0.467,-50.5,0,0.0074,0.00
13:20:30,22.254606962537288,84.87973469310691,-9.572,-26.754,1.23,-0.559,0.467,-50.4,0,0.0074,0.00
13:20:30,22.25460718379449,84.8797344025907,-9.602,-26.730,1.23,-0.570,0.474,-50.4,0,0.0077,0.00
13:20:30,22.254607399648457,84.87973412189898,-9.631,-26.706,1.23,-0.570,0.474,-50.2,0,0.0077,0.00
13:20:30,22.254607602678757,84.87973386046622,-9.658,-26.683,1.23,-0.558,0.465,-50.0,0,0.0072,0.00
13:20:30,22.25460781487994,84.87973358539416,-9.686,-26.659,1.23,-0.558,0.465,-50.0,0,0.0072,0.00
13:20:30,22.254608026464062,84.87973331527715,-9.714,-26.636,1.23,-0.556,0.466,-49.8,0,0.0073,0.00
13:20:30,22.25460823863921,84.87973304165794,-9.742,-26.612,1.23,-0.556,0.466,-49.8,0,0.0073,0.00
13:20:30,22.25460844096305,84.87973278448824,-9.769,-26.590,1.23,-0.545,0.459,-49.7,0,0.0072,0.00
13:20:30,22.25460864969327,84.87973251660057,-9.796,-26.567,1.23,-0.545,0.459,-49.7,0,0.0072,0.00
13:20:30,22.254608866553713,84.87973224163603,-9.825,-26.542,1.23,-0.551,0.466,-49.6,0,0.0075,0.00
13:20:31,22.254609077923448,84.87973197152101,-9.852,-26.519,1.23,-0.551,0.466,-49.6,0,0.0075,0.00
13:20:31,22.25460928886218,84.87973170195677,-9.880,-26.495,1.23,-0.551,0.466,-49.5,0,0.0075,0.00
13:20:31,22.254609498451096,84.87973143821331,-9.907,-26.472,1.22,-0.547,0.464,-49.5,0,0.0073,0.00
13:20:31,22.254609710336847,84.87973116874143,-9.935,-26.448,1.22,-0.547,0.464,-49.4,0,0.0073,0.00
13:20:31,22.254609918306336,84.87973090704203,-9.962,-26.425,1.22,-0.543,0.463,-49.4,0,0.0073,0.00
13:20:31,22.254610129197673,84.87973063972395,-9.990,-26.402,1.22,-0.543,0.463,-49.4,0,0.0073,0.00
13:20:31,22.254610345957424,84.87973036643214,-10.018,-26.378,1.22,-0.548,0.468,-49.4,0,0.0077,0.00
13:20:31,22.2546105585346,84.87973009745608,-10.045,-26.354,1.22,-0.548,0.468,-49.4,0,0.0077,0.00
13:20:31,22.254610771561506,84.87972982878902,-10.073,-26.330,1.22,-0.548,0.468,-49.4,0,0.0074,0.00
13:20:31,22.25461098462391,84.87972955949355,-10.101,-26.307,1.22,-0.548,0.468,-49.4,0,0.0074,0.00
13:20:31,22.25461121512699,84.8797292693513,-10.131,-26.281,1.22,-0.563,0.482,-49.4,0,0.0079,0.00
13:20:31,22.254611643196803,84.87972872960276,-10.186,-26.233,1.22,-0.554,0.475,-49.4,0,0.0074,0.00
13:20:31,22.25461185925062,84.87972845710213,-10.214,-26.209,1.22,-0.554,0.475,-49.4,0,0.0074,0.00
13:20:31,22.254612082306995,84.87972817595835,-10.243,-26.184,1.22,-0.562,0.481,-49.4,0,0.0077,0.00
13:20:31,22.254612301146707,84.87972790000941,-10.272,-26.160,1.22,-0.562,0.481,-49.3,0,0.0077,0.00
13:20:31,22.25461251929494,84.8797276249324,-10.300,-26.136,1.22,-0.562,0.481,-49.3,0,0.0077,0.00
13:20:31,22.25461274631581,84.87972734030089,-10.330,-26.111,1.22,-0.568,0.488,-49.3,0,0.0077,0.00
13:20:31,22.254612968261895,84.87972706095329,-10.358,-26.086,1.22,-0.568,0.488,-49.0,0,0.0077,0.00
13:20:31,22.25461318909129,84.8797267830112,-10.387,-26.061,1.22,-0.568,0.488,-48.2,0,0.0000,0.00
13:20:32,22.25461341083159,84.87972650392261,-10.416,-26.037,1.22,-0.568,0.488,-44.8,0,0.0000,0.00
13:20:32,22.25461363186886,84.87972622571887,-10.444,-26.012,1.22,-0.568,0.488,-44.8,0,0.0063,0.00
13:20:32,22.25461385274422,84.87972594771891,-10.473,-25.987,1.22,-0.568,0.488,-42.7,0,0.0063,0.00
13:20:32,22.254614081747178,84.87972564157309,-10.505,-25.962,1.22,-0.581,0.492,-39.5,0,0.0077,0.00
13:20:32,22.25461430505401,84.87972535655732,-10.534,-25.937,1.22,-0.581,0.492,-39.5,0,0.0077,0.00
13:20:32,22.254614527264486,84.87972507294086,-10.563,-25.912,1.22,-0.581,0.492,-38.5,0,0.0077,0.00
13:20:32,22.254614694067914,84.87972477989136,-10.593,-25.894,1.22,-0.585,0.464,-37.6,0,0.0073,0.00
13:20:32,22.254614904850122,84.87972449257633,-10.623,-25.870,1.22,-0.585,0.464,-37.6,0,0.0073,0.00
13:20:32,22.254615161837936,84.8797242417586,-10.649,-25.842,1.22,-0.567,0.490,-36.6,0,0.0076,0.00
13:20:32,22.2546153842583,84.87972396375459,-10.677,-25.817,1.22,-0.567,0.490,-36.3,0,0.0076,0.00
13:20:32,22.254615694726372,84.87972378170294,-10.696,-25.782,1.22,-0.512,0.546,-36.3,0,0.0078,0.00
13:20:32,22.254615942112117,84.87972353084085,-10.722,-25.755,1.22,-0.512,0.546,-36.3,0,0.0078,0.00
13:20:32,22.254616217968355,84.87972333845958,-10.742,-25.724,1.22,-0.476,0.565,-36.3,0,0.0075,0.00
13:20:32,22.254616474325942,84.87972310538566,-10.766,-25.696,1.22,-0.476,0.565,-35.4,0,0.0075,0.00
13:20:32,22.254616760561067,84.87972290047675,-10.787,-25.664,1.22,-0.457,0.587,-35.4,0,0.0077,0.00
13:20:32,22.254617027839295,84.87972267550045,-10.810,-25.634,1.22,-0.457,0.587,-34.0,0,0.0077,0.00
13:20:32,22.25461728332591,84.87972242063348,-10.836,-25.605,1.22,-0.478,0.579,-29.6,0,0.0077,0.00
13:20:32,22.254617547175066,84.87972218517055,-10.861,-25.576,1.22,-0.478,0.579,-27.0,0,0.0077,0.00
13:20:32,22.25461780945171,84.87972195111094,-10.885,-25.547,1.22,-0.478,0.579,-27.0,0,0.0077,0.00
13:20:32,22.25461804998138,84.87972168292879,-10.912,-25.520,1.22,-0.500,0.564,-24.3,0,0.0074,0.00
13:20:33,22.254618321042354,84.87972146337887,-10.935,-25.490,1.22,-0.482,0.574,-18.8,0,0.0070,0.00
13:20:33,22.254618582290686,84.87972122633823,-10.959,-25.461,1.22,-0.482,0.574,-18.8,0,0.0070,0.00
13:20:33,22.254618841928625,84.87972099075876,-10.984,-25.432,1.22,-0.482,0.574,-16.4,0,0.0070,0.00
13:20:33,22.2546191421987,84.8797208518634,-10.998,-25.399,1.22,-0.418,0.603,-13.1,0,0.0074,0.00
13:20:33,22.25461943222843,84.87972068938467,-11.015,-25.366,1.22,-0.389,0.615,-13.1,0,0.0072,0.00
13:20:33,22.25461971156591,84.87972049855406,-11.034,-25.335,1.22,-0.389,0.615,-12.0,0,0.0072,0.00
13:20:33,22.254619990856003,84.87972030775582,-11.054,-25.304,1.22,-0.389,0.615,-11.1,0,0.0072,0.00
13:20:33,22.25462030423567,84.87972018891818,-11.066,-25.269,1.21,-0.341,0.640,-10.1,0,0.0073,0.00
13:20:33,22.254620594626008,84.87972002175397,-11.084,-25.237,1.21,-0.341,0.640,-10.1,0,0.0073,0.00
13:20:33,22.254620953309477,84.87972000393118,-11.085,-25.197,1.21,-0.242,0.690,-9.9,0,0.0078,0.00
13:20:33,22.254621268180546,84.87971988469373,-11.098,-25.162,1.21,-0.242,0.690,-9.7,0,0.0078,0.00
13:20:33,22.25462162385631,84.87971984273833,-11.102,-25.122,1.21,-0.190,0.722,-9.7,0,0.0079,0.00
13:20:33,22.254621952311084,84.87971974931183,-11.112,-25.086,1.21,-0.190,0.722,-9.7,0,0.0079,0.00
13:20:33,22.254622279417244,84.87971965626895,-11.121,-25.049,1.21,-0.190,0.722,-9.9,0,0.0079,0.00
13:20:33,22.254622606354825,84.87971956327401,-11.131,-25.013,1.21,-0.190,0.722,-9.9,0,0.0000,0.00
13:20:33,22.25462293331251,84.87971947027334,-11.140,-24.976,1.21,-0.190,0.722,-10.0,0,0.0000,0.00
13:20:33,22.25462324438909,84.87971944874586,-11.143,-24.942,1.21,-0.153,0.713,-10.2,0,0.0074,0.00
13:20:33,22.254623568600927,84.87971937355556,-11.150,-24.906,1.21,-0.153,0.713,-10.2,0,0.0074,0.00
13:20:33,22.254623894960318,84.8797193190892,-11.156,-24.869,1.21,-0.142,0.716,-10.4,0,0.0074,0.00
13:20:33,22.254624220005695,84.8797192493219,-11.163,-24.833,1.21,-0.142,0.716,-10.5,0,0.0074,0.00
13:20:34,22.25462454198576,84.87971918517981,-11.170,-24.797,1.21,-0.139,0.714,-10.8,0,0.0076,0.00
13:20:34,22.254624866679766,84.87971911692418,-11.177,-24.761,1.21,-0.139,0.714,-10.8,0,0.0076,0.00
13:20:34,22.254625179503012,84.87971911880956,-11.177,-24.726,1.21,-0.095,0.707,-10.9,0,0.0072,0.00
13:20:34,22.254625500614008,84.87971907232371,-11.181,-24.691,1.21,-0.095,0.707,-11.3,0,0.0072,0.00
13:20:34,22.254625826260213,84.8797189913664,-11.190,-24.654,1.21,-0.118,0.711,-11.4,0,0.0075,0.00
13:20:34,22.254626149579046,84.87971893351602,-11.196,-24.618,1.21,-0.118,0.711,-11.4,0,0.0075,0.00
13:20:34,22.254626471627034,84.87971887589302,-11.202,-24.583,1.21,-0.118,0.711,-11.8,0,0.0075,0.00
13:20:34,22.254626805812837,84.87971878902177,-11.211,-24.545,1.21,-0.136,0.719,-11.9,0,0.0077,0.00
13:20:34,22.254627132910404,84.87971872211925,-11.217,-24.509,1.21,-0.136,0.719,-11.9,0,0.0077,0.00
13:20:34,22.254627474720245,84.87971870384791,-11.219,-24.471,1.21,-0.105,0.731,-12.0,0,0.0076,0.00
13:20:34,22.2546278069739,84.87971865207716,-11.225,-24.434,1.21,-0.105,0.731,-12.1,0,0.0076,0.00
13:20:34,22.25462810834742,84.87971857102967,-11.233,-24.400,1.21,-0.125,0.710,-12.1,0,0.0071,0.00
13:20:34,22.25462843077053,84.87971850973182,-11.239,-24.365,1.21,-0.125,0.710,-12.2,0,0.0071,0.00
13:20:34,22.25462878010111,84.87971848144925,-11.242,-24.326,1.21,-0.103,0.730,-12.3,0,0.0076,0.00
13:20:34,22.254629111377632,84.87971843118535,-11.247,-24.289,1.22,-0.103,0.730,-12.3,0,0.0076,0.00
13:20:34,22.254629432313166,84.87971834578214,-11.256,-24.253,1.22,-0.127,0.722,-12.3,0,0.0077,0.00
13:20:34,22.25462975942371,84.87971828370891,-11.263,-24.217,1.22,-0.127,0.722,-12.4,0,0.0077,0.00
13:20:34,22.254630105787555,84.87971819540309,-11.272,-24.178,1.22,-0.145,0.737,-12.5,0,0.0078,0.00
13:20:34,22.25463044031047,84.87971812416507,-11.279,-24.141,1.22,-0.145,0.737,-12.6,0,0.0078,0.00
13:20:34,22.254630773780583,84.8797180409975,-11.288,-24.104,1.23,-0.154,0.737,-12.6,0,0.0077,0.00
13:20:35,22.254631107566354,84.8797179657239,-11.295,-24.067,1.23,-0.154,0.737,-12.7,0,0.0077,0.00
13:20:35,22.254631441090144,84.87971789050937,-11.303,-24.029,1.23,-0.154,0.737,-12.7,0,0.0077,0.00
13:20:35,22.25463176083496,84.87971780878998,-11.312,-23.994,1.23,-0.158,0.728,-12.7,0,0.0076,0.00
13:20:35,22.254632091206805,84.87971773124008,-11.320,-23.957,1.23,-0.158,0.728,-12.7,0,0.0076,0.00
13:20:35,22.25463240673131,84.87971765232486,-11.328,-23.922,1.23,-0.159,0.718,-12.8,0,0.0074,0.00
13:20:35,22.254632733096155,84.87971757417277,-11.336,-23.886,1.23,-0.159,0.718,-12.9,0,0.0074,0.00
13:20:35,22.254633053703923,84.87971749376592,-11.344,-23.850,1.23,-0.161,0.715,-12.9,0,0.0076,0.00
13:20:35,22.254633378946437,84.87971741469163,-11.352,-23.814,1.23,-0.161,0.715,-12.9,0,0.0076,0.00
13:20:35,22.254633719407597,84.87971732950484,-11.361,-23.776,1.23,-0.165,0.728,-13.0,0,0.0077,0.00
13:20:35,22.25463405020484,84.87971724827011,-11.369,-23.739,1.23,-0.165,0.728,-13.0,0,0.0000,0.00
13:20:35,22.254634376378252,84.87971716692698,-11.378,-23.703,1.23,-0.166,0.726,-13.0,0,0.0075,0.00
13:20:35,22.254634706269645,84.87971708549013,-11.386,-23.666,1.23,-0.166,0.726,-12.9,0,0.0075,0.00
13:20:35,22.254635029140438,84.87971700597909,-11.394,-23.630,1.23,-0.165,0.721,-12.9,0,0.0075,0.00
13:20:35,22.254635357021005,84.87971692510503,-11.403,-23.593,1.23,-0.165,0.721,-12.9,0,0.0075,0.00
13:20:35,22.254635682736183,84.87971684476508,-11.411,-23.557,1.23,-0.165,0.721,-12.8,0,0.0075,0.00
13:20:35,22.254636009863198,84.87971676470261,-11.419,-23.521,1.23,-0.164,0.721,-12.8,0,0.0076,0.00
13:20:35,22.25463633775799,84.87971668402304,-11.427,-23.484,1.23,-0.164,0.721,-12.8,0,0.0076,0.00
13:20:35,22.254636656700825,84.87971660616863,-11.435,-23.449,1.23,-0.163,0.716,-12.8,0,0.0075,0.00
13:20:35,22.254636982876107,84.87971652611024,-11.444,-23.413,1.23,-0.163,0.716,-12.8,0,0.0075,0.00
13:20:36,22.254637322600402,84.87971644343517,-11.452,-23.375,1.23,-0.165,0.727,-12.7,0,0.0077,0.00
13:20:36,22.25463765410204,84.87971636230193,-11.461,-23.338,1.23,-0.165,0.727,-12.7,0,0.0077,0.00
13:20:36,22.25463796900078,84.87971628604099,-11.468,-23.303,1.23,-0.162,0.717,-12.7,0,0.0074,0.00
13:20:36,22.254638294144033,84.87971620673449,-11.477,-23.267,1.24,-0.162,0.717,-12.7,0,0.0074,0.00
13:20:36,22.254638629576156,84.87971612546328,-11.485,-23.229,1.24,-0.163,0.725,-12.7,0,0.0079,0.00
13:20:36,22.254638958652738,84.87971604538295,-11.493,-23.193,1.24,-0.163,0.725,-12.7,0,0.0079,0.00
13:20:36,22.25463932141781,84.87971595702888,-11.502,-23.152,1.24,-0.169,0.751,-12.7,0,0.0078,0.00
13:20:36,22.254639662211602,84.87971587407117,-11.511,-23.114,1.24,-0.169,0.751,-12.7,0,0.0078,0.00
13:20:36,22.25464000154925,84.87971579146792,-11.519,-23.076,1.24,-0.169,0.751,-12.7,0,0.0078,0.00
13:20:36,22.254640322071452,84.87971571339165,-11.527,-23.041,1.24,-0.166,0.738,-12.7,0,0.0075,0.00
13:20:36,22.254640657052736,84.87971563183203,-11.536,-23.003,1.24,-0.166,0.738,-12.7,0,0.0075,0.00
13:20:36,22.254640990930586,84.87971555054108,-11.544,-22.966,1.24,-0.166,0.738,-12.7,0,0.0075,0.00
13:20:36,22.254641324835312,84.87971546924358,-11.553,-22.929,1.24,-0.166,0.738,-12.7,0,0.0075,0.00
13:20:36,22.254641658951872,84.8797153878945,-11.561,-22.892,1.24,-0.166,0.738,-12.7,0,0.0075,0.00
13:20:36,22.254641993152216,84.87971530652503,-11.569,-22.855,1.24,-0.166,0.738,-12.7,0,0.0075,0.00
13:20:36,22.254642326633277,84.87971522533068,-11.578,-22.818,1.24,-0.166,0.738,-12.7,0,0.0075,0.00
13:20:36,22.25464270299391,84.87971513467208,-11.587,-22.776,1.24,-0.170,0.757,-12.7,0,0.0080,0.00
13:20:36,22.254643046439533,84.87971505124868,-11.596,-22.738,1.24,-0.170,0.757,-12.7,0,0.0080,0.00
13:20:36,22.254643346485075,84.87971497867797,-11.603,-22.704,1.24,-0.165,0.736,-12.7,0,0.0075,0.00
13:20:36,22.25464368016688,84.8797148976944,-11.611,-22.667,1.24,-0.165,0.736,-12.7,0,0.0075,0.00
13:20:37,22.25464402940466,84.87971481301221,-11.620,-22.628,1.24,-0.167,0.746,-12.7,0,0.0079,0.00
13:20:37,22.25464436724058,84.87971473103991,-11.629,-22.590,1.24,-0.167,0.746,-12.7,0,0.0079,0.00
13:20:37,22.254644704477457,84.87971464921296,-11.637,-22.553,1.24,-0.167,0.746,-12.7,0,0.0079,0.00
13:20:37,22.2546450142664,84.87971457344852,-11.645,-22.518,1.24,-0.164,0.729,-12.7,0,0.0074,0.00
13:20:37,22.25464534455482,84.87971449314489,-11.653,-22.482,1.24,-0.164,0.729,-12.7,0,0.0074,0.00
13:20:37,22.25464567406866,84.87971441302959,-11.661,-22.445,1.23,-0.164,0.729,-12.7,0,0.0000,0.00
13:20:37,22.254646004158747,84.87971433277417,-11.670,-22.408,1.23,-0.164,0.729,-12.8,0,0.0000,0.00
13:20:37,22.254646345966442,84.87971424884891,-11.678,-22.370,1.23,-0.166,0.736,-12.8,0,0.0077,0.00
13:20:37,22.254646679599446,84.87971416752474,-11.687,-22.333,1.23,-0.166,0.736,-12.7,0,0.0077,0.00
13:20:37,22.254647036628555,84.87971408069251,-11.696,-22.293,1.23,-0.169,0.750,-12.7,0,0.0080,0.00
13:20:37,22.254647377231414,84.87971399772161,-11.704,-22.255,1.23,-0.169,0.750,-12.8,0,0.0080,0.00
13:20:37,22.25464771705161,84.87971391494138,-11.713,-22.218,1.23,-0.169,0.750,-12.8,0,0.0080,0.00
13:20:37,22.254647942047907,84.8797138591664,-11.718,-22.193,1.23,-0.154,0.681,-12.8,0,0.0065,0.00
13:20:37,22.254648250728895,84.87971378370497,-11.726,-22.158,1.23,-0.154,0.681,-12.9,0,0.0065,0.00
13:20:37,22.254648421666335,84.87971374038548,-11.731,-22.139,1.23,-0.135,0.592,-12.9,0,0.0051,0.00
13:20:37,22.25464869056422,84.8797136742023,-11.738,-22.109,1.23,-0.135,0.592,-13.0,0,0.0051,0.00
13:20:37,22.254648846502015,84.87971363402146,-11.742,-22.092,1.23,-0.118,0.515,-13.1,0,0.0048,0.00
13:20:37,22.25464908076495,84.87971357580048,-11.748,-22.066,1.23,-0.118,0.515,-13.3,0,0.0048,0.00
13:20:37,22.254649226138316,84.87971353810906,-11.752,-22.050,1.23,-0.105,0.452,-13.3,0,0.0039,0.00
13:20:37,22.254649431262806,84.87971348661864,-11.757,-22.027,1.23,-0.105,0.452,-13.3,0,0.0039,0.00
13:20:38,22.25464958638418,84.87971344620877,-11.761,-22.009,1.23,-0.097,0.415,-13.4,0,0.0038,0.00
13:20:38,22.254649775023896,84.87971339835904,-11.766,-21.988,1.23,-0.097,0.415,-13.5,0,0.0038,0.00
13:20:38,22.25464992009894,84.87971336036361,-11.770,-21.972,1.23,-0.091,0.382,-13.5,0,0.0036,0.00
13:20:38,22.25465009360187,84.87971331594265,-11.774,-21.953,1.23,-0.091,0.382,-13.5,0,0.0036,0.00
13:20:38,22.254650233991864,84.87971327882421,-11.778,-21.937,1.23,-0.085,0.357,-13.6,0,0.0035,0.00
13:20:38,22.25465039652145,84.87971323680354,-11.783,-21.919,1.23,-0.085,0.357,-13.7,0,0.0035,0.00
13:20:38,22.25465055845285,84.87971319493752,-11.787,-21.901,1.23,-0.085,0.357,-13.7,0,0.0035,0.00
13:20:38,22.254650705702236,84.87971315535997,-11.791,-21.885,1.23,-0.084,0.347,-13.8,0,0.0036,0.00
13:20:38,22.25465086377034,84.87971311401083,-11.795,-21.867,1.23,-0.084,0.347,-13.9,0,0.0036,0.00
13:20:38,22.254650997523413,84.87971307716498,-11.799,-21.852,1.23,-0.081,0.331,-14.1,0,0.0033,0.00
13:20:38,22.25465114772236,84.87971303727927,-11.803,-21.836,1.23,-0.081,0.331,-14.1,0,0.0033,0.00
13:20:38,22.25465127370833,84.87971300245462,-11.807,-21.822,1.23,-0.078,0.313,-14.2,0,0.0031,0.00
13:20:38,22.254651416507265,84.87971296408034,-11.811,-21.806,1.24,-0.078,0.313,-14.5,0,0.0031,0.00
13:20:38,22.25465152945207,84.87971293139886,-11.814,-21.793,1.24,-0.074,0.292,-14.7,0,0.0028,0.00
13:20:38,22.25465166173202,84.87971289506318,-11.818,-21.778,1.24,-0.074,0.292,-14.7,0,0.0028,0.00
13:20:38,22.254651773566287,84.8797128623748,-11.821,-21.766,1.24,-0.072,0.277,-14.9,0,0.0028,0.00
13:20:38,22.254651899095812,84.87971282721432,-11.825,-21.752,1.24,-0.072,0.277,-15.4,0,0.0028,0.00
13:20:38,22.254652024087978,84.87971279220434,-11.828,-21.738,1.24,-0.072,0.277,-15.4,0,0.0028,0.00
13:20:38,22.254652124370534,84.87971276038341,-11.832,-21.727,1.24,-0.070,0.259,-15.6,0,0.0026,0.00
13:20:38,22.25465224192759,84.87971272626866,-11.835,-21.714,1.24,-0.070,0.259,-15.8,0,0.0026,0.00
13:20:39,22.254652359085515,84.87971269226973,-11.839,-21.701,1.24,-0.070,0.259,-16.2,0,0.0000,0.00
13:20:39,22.254652476588728,84.8797126581706,-11.842,-21.688,1.24,-0.070,0.259,-16.2,0,0.0000,0.00
13:20:39,22.254652544960482,84.87971263288622,-11.845,-21.680,1.24,-0.065,0.230,-16.4,0,0.0022,0.00
13:20:39,22.254652649290332,84.87971260114749,-11.848,-21.669,1.24,-0.065,0.230,-16.7,0,0.0022,0.00
13:20:39,22.25465273141886,84.87971257249679,-11.851,-21.659,1.24,-0.063,0.217,-16.8,0,0.0023,0.00
13:20:39,22.25465282981651,84.87971254153418,-11.854,-21.648,1.24,-0.063,0.217,-16.8,0,0.0023,0.00
13:20:39,22.254652918835223,84.87971251141205,-11.857,-21.639,1.24,-0.063,0.211,-16.9,0,0.0023,0.00
13:20:39,22.254653014967136,84.87971248051964,-11.860,-21.628,1.24,-0.063,0.211,-17.1,0,0.0023,0.00
13:20:39,22.254653100027877,84.87971245127281,-11.863,-21.618,1.24,-0.062,0.203,-17.3,0,0.0021,0.00
13:20:39,22.25465319240453,84.87971242097144,-11.867,-21.608,1.24,-0.062,0.203,-17.3,0,0.0021,0.00
13:20:39,22.25465328436648,84.87971239080612,-11.870,-21.598,1.24,-0.062,0.203,-17.3,0,0.0021,0.00
13:20:39,22.254653369923155,84.87971236088005,-11.873,-21.588,1.24,-0.062,0.199,-17.5,0,0.0021,0.00
13:20:39,22.254653460059412,84.87971233073938,-11.876,-21.578,1.24,-0.062,0.199,-17.5,0,0.0021,0.00
13:20:39,22.25465355295078,84.87971229860665,-11.879,-21.568,1.24,-0.063,0.201,-17.6,0,0.0021,0.00
13:20:39,22.25465364443834,84.87971226767559,-11.882,-21.558,1.24,-0.063,0.201,-17.7,0,0.0021,0.00
13:20:39,22.254653732645473,84.87971223702718,-11.886,-21.548,1.24,-0.063,0.199,-17.7,0,0.0021,0.00
13:20:39,22.254653823194133,84.87971220614202,-11.889,-21.538,1.24,-0.063,0.199,-17.7,0,0.0021,0.00
13:20:39,22.254653907269446,84.87971217697216,-11.892,-21.528,1.24,-0.062,0.195,-17.7,0,0.0021,0.00
13:20:39,22.254653995821407,84.87971214660112,-11.895,-21.519,1.24,-0.062,0.195,-17.8,0,0.0021,0.00
13:20:40,22.254654079381435,84.87971211756027,-11.898,-21.509,1.24,-0.061,0.191,-17.8,0,0.0021,0.00
13:20:40,22.25465416636356,84.87971208759575,-11.901,-21.500,1.24,-0.061,0.191,-17.8,0,0.0021,0.00
13:20:40,22.254654252900888,84.87971205778445,-11.904,-21.490,1.24,-0.061,0.191,-17.8,0,0.0021,0.00
13:20:40,22.25465433041706,84.87971203108265,-11.907,-21.481,1.24,-0.059,0.185,-17.7,0,0.0020,0.00
13:20:40,22.254654414453952,84.8797120021333,-11.910,-21.472,1.24,-0.059,0.185,-17.6,0,0.0020,0.00
13:20:40,22.254654478255713,84.87971198039506,-11.912,-21.465,1.24,-0.054,0.171,-17.6,0,0.0017,0.00
13:20:40,22.254654555806322,84.87971195375721,-11.915,-21.456,1.24,-0.054,0.171,-17.5,0,0.0017,0.00
13:20:40,22.254654627498898,84.87971192998853,-11.917,-21.448,1.24,-0.052,0.167,-17.2,0,0.0018,0.00
13:20:40,22.25465470317615,84.87971190427791,-11.920,-21.440,1.24,-0.052,0.167,-17.1,0,0.0018,0.00
13:20:40,22.254654772900007,84.87971188134057,-11.922,-21.432,1.24,-0.051,0.162,-17.1,0,0.0016,0.00
13:20:40,22.254654846641667,84.87971185654288,-11.925,-21.424,1.24,-0.051,0.162,-17.0,0,0.0016,0.00
13:20:40,22.25465490772497,84.87971183714183,-11.927,-21.417,1.24,-0.047,0.153,-16.7,0,0.0015,0.00
13:20:40,22.254654977290972,84.87971181414359,-11.929,-21.409,1.24,-0.047,0.153,-16.5,0,0.0015,0.00
13:20:40,22.254655045116234,84.87971179272482,-11.931,-21.402,1.24,-0.046,0.152,-16.5,0,0.0016,0.00
13:20:40,22.25465511413327,84.87971177025946,-11.934,-21.394,1.24,-0.046,0.152,-16.1,0,0.0016,0.00
13:20:40,22.25465518313115,84.87971174780034,-11.936,-21.386,1.24,-0.046,0.152,-16.0,0,0.0016,0.00
13:20:40,22.25465525194323,84.87971172540169,-11.938,-21.379,1.24,-0.046,0.152,-16.0,0,0.0000,0.00
13:20:40,22.254655320652994,84.87971170303636,-11.941,-21.371,1.24,-0.046,0.152,-15.8,0,0.0000,0.00
13:20:40,22.254655364735378,84.87971169200816,-11.942,-21.366,1.24,-0.040,0.138,-15.5,0,0.0014,0.00
13:20:40,22.254655427691244,84.8797116723822,-11.944,-21.359,1.24,-0.040,0.138,-15.5,0,0.0014,0.00
13:20:41,22.25465548164155,84.87971165703284,-11.945,-21.353,1.24,-0.038,0.133,-15.4,0,0.0014,0.00
13:20:41,22.2546555419411,84.87971163863108,-11.947,-21.347,1.24,-0.038,0.133,-15.2,0,0.0014,0.00
13:20:41,22.25465559274818,84.87971162432748,-11.949,-21.341,1.24,-0.035,0.127,-15.1,0,0.0013,0.00
13:20:41,22.254655650311648,84.87971160711467,-11.950,-21.334,1.25,-0.035,0.127,-15.1,0,0.0013,0.00
13:20:41,22.254655701971593,84.87971159253081,-11.952,-21.329,1.25,-0.033,0.123,-14.9,0,0.0012,0.00
13:20:41,22.25465575782715,84.87971157610292,-11.954,-21.322,1.25,-0.033,0.123,-14.8,0,0.0012,0.00
13:20:41,22.254655809680816,84.87971156166499,-11.955,-21.317,1.25,-0.032,0.120,-14.7,0,0.0013,0.00
13:20:41,22.254655864287113,84.87971154587517,-11.957,-21.311,1.25,-0.032,0.120,-14.7,0,0.0013,0.00
13:20:41,22.254655918551336,84.87971153018425,-11.958,-21.305,1.25,-0.032,0.120,-14.6,0,0.0013,0.00
13:20:41,22.254655967188743,84.87971151704,-11.960,-21.299,1.25,-0.030,0.116,-14.5,0,0.0012,0.00
13:20:41,22.25465601982602,84.8797115021078,-11.961,-21.293,1.25,-0.030,0.116,-14.4,0,0.0012,0.00
13:20:41,22.254656059234744,84.87971149163643,-11.962,-21.289,1.25,-0.028,0.107,-14.4,0,0.0012,0.00
13:20:41,22.254656107663138,84.87971147812328,-11.964,-21.284,1.25,-0.028,0.107,-14.4,0,0.0012,0.00
13:20:41,22.254656148463106,84.87971146672565,-11.965,-21.279,1.25,-0.026,0.101,-14.4,0,0.0011,0.00
13:20:41,22.25465619439892,84.8797114539037,-11.966,-21.274,1.25,-0.026,0.101,-14.4,0,0.0011,0.00
13:20:41,22.254656179638527,84.87971145624289,-11.966,-21.276,1.25,-0.016,0.056,-14.4,0,0.0012,0.00
13:20:41,22.254656205040433,84.87971144854704,-11.967,-21.273,1.25,-0.016,0.056,-14.5,0,0.0012,0.00
13:20:41,22.254656199662527,84.87971144647729,-11.967,-21.273,1.25,-0.012,0.033,-14.5,0,0.0016,0.00
13:20:41,22.25465621443291,84.87971144072158,-11.968,-21.272,1.25,-0.012,0.033,-14.5,0,0.0016,0.00
13:20:41,22.254656229142423,84.87971143498959,-11.968,-21.270,1.25,-0.012,0.033,-14.5,0,0.0016,0.00
13:20:42,22.254656224828004,84.87971143176723,-11.969,-21.270,1.20,-0.010,0.019,-14.6,0,0.0020,0.00
13:20:42,22.254656233524436,84.8797114268117,-11.969,-21.270,1.20,-0.010,0.019,-14.7,0,0.0020,0.00
13:20:42,22.25465623387585,84.87971142329579,-11.969,-21.269,1.20,-0.009,0.013,-14.7,0,0.0023,0.00
13:20:42,22.254656239892824,84.87971141880249,-11.970,-21.269,1.20,-0.009,0.013,-14.7,0,0.0023,0.00
13:20:42,22.254656241858903,84.87971141520192,-11.970,-21.269,1.20,-0.009,0.010,-14.8,0,0.0026,0.00
13:20:42,22.25465624653469,84.87971141100441,-11.971,-21.268,1.11,-0.009,0.010,-14.8,0,0.0026,0.00
13:20:42,22.254656248928363,84.87971140738529,-11.971,-21.268,1.11,-0.008,0.009,-14.8,0,0.0028,0.00
13:20:42,22.254656252837865,84.87971140337547,-11.971,-21.267,1.11,-0.008,0.009,-14.7,0,0.0028,0.00
13:20:42,22.254656254503622,84.87971139999375,-11.972,-21.267,1.11,-0.008,0.007,-14.6,0,0.0031,0.00
13:20:42,22.254656257649117,84.87971139618782,-11.972,-21.267,1.11,-0.008,0.007,-14.6,0,0.0031,0.00
13:20:42,22.254656260779885,84.8797113923997,-11.973,-21.266,1.11,-0.008,0.007,-14.4,0,0.0031,0.00
13:20:42,22.25465626391298,84.87971138860875,-11.973,-21.266,1.11,-0.008,0.007,-14.2,0,0.0000,0.00
13:20:42,22.254656267048695,84.87971138481466,-11.973,-21.266,1.11,-0.008,0.007,-13.8,0,0.0000,0.00
13:20:42,22.254656266043348,84.87971138282295,-11.974,-21.266,1.11,-0.007,0.005,-13.8,0,0.0035,0.00
13:20:42,22.25465626811811,84.87971137948311,-11.974,-21.266,0.99,-0.007,0.005,-13.6,0,0.0035,0.00
13:20:42,22.254656268090482,84.87971137877467,-11.974,-21.266,0.99,-0.005,0.003,-13.1,0,0.0037,0.00
13:20:42,22.254656269603462,84.87971137613658,-11.974,-21.266,0.99,-0.005,0.003,-13.1,0,0.0037,0.00
13:20:42,22.25465627019389,84.87971137527249,-11.974,-21.265,0.99,-0.004,0.003,-12.9,0,0.0039,0.00
13:20:42,22.25465627144108,84.8797113731465,-11.975,-21.265,0.86,-0.004,0.003,-12.6,0,0.0039,0.00
13:20:42,22.25465627239648,84.87971137317219,-11.975,-21.265,0.86,-0.003,0.003,-12.3,0,0.0041,0.00
13:20:43,22.254656273553532,84.8797113717221,-11.975,-21.265,0.86,-0.003,0.003,-12.3,0,0.0041,0.00
13:20:43,22.25465627470346,84.87971137028094,-11.975,-21.265,0.86,-0.003,0.003,-11.7,0,0.0057,0.00
13:20:43,22.254656275852852,84.87971136884045,-11.975,-21.265,0.86,-0.003,0.003,-11.3,0,0.0057,0.00
13:20:43,22.254656277000443,84.87971136740222,-11.975,-21.265,0.86,-0.003,0.003,-10.4,0,0.0057,0.00
13:20:43,22.254656280052792,84.87971137131463,-11.975,-21.264,0.86,-0.000,0.004,-10.4,0,0.0045,0.00
13:20:43,22.25465628168274,84.87971137121671,-11.975,-21.264,0.86,-0.000,0.004,-9.9,0,0.0045,0.00
13:20:43,22.254656285077196,84.87971137378184,-11.975,-21.264,0.86,0.001,0.005,-8.9,0,0.0046,0.00
13:20:43,22.25465628717452,84.87971137438633,-11.974,-21.264,0.71,0.001,0.005,-8.9,0,0.0046,0.00
13:20:43,22.254656290406835,84.87971137642086,-11.974,-21.263,0.71,0.002,0.005,-8.5,0,0.0047,0.00
13:20:43,22.254656292831825,84.87971137743874,-11.974,-21.263,0.71,0.002,0.005,-8.0,0,0.0047,0.00
13:20:43,22.254656295436348,84.87971137938796,-11.974,-21.263,0.71,0.003,0.005,-7.3,0,0.0047,0.00
13:20:43,22.25465629792181,84.87971138069861,-11.974,-21.262,0.71,0.003,0.005,-7.3,0,0.0047,0.00
13:20:44,22.254656300139786,84.87971138212816,-11.974,-21.262,0.55,0.003,0.005,-7.0,0,0.0047,0.00
13:20:44,22.25465630254021,84.8797113834793,-11.974,-21.262,0.55,0.003,0.005,-6.5,0,0.0047,0.00
13:20:44,22.25465630349185,84.8797113845027,-11.973,-21.262,0.55,0.003,0.004,-6.5,0,0.0046,0.00
13:20:44,22.254656305405245,84.87971138574467,-11.973,-21.262,0.55,0.003,0.004,-6.3,0,0.0046,0.00
13:20:44,22.254656307313095,84.87971138698302,-11.973,-21.261,0.55,0.003,0.004,-6.0,0,0.0046,0.00
13:20:44,22.254656303734226,84.87971138801508,-11.973,-21.262,0.55,0.002,0.000,-6.0,0,0.0045,0.00
13:20:44,22.254656301921084,84.8797113890627,-11.973,-21.262,0.55,0.002,-0.001,-6.0,0,0.0044,0.00
13:20:44,22.254656301444776,84.87971139019639,-11.973,-21.262,0.55,0.002,-0.001,-5.8,0,0.0044,0.00
13:20:44,22.25465630096994,84.87971139132657,-11.973,-21.262,0.55,0.002,-0.001,-5.8,0,0.0044,0.00
13:20:44,22.254656296165876,84.8797113942812,-11.972,-21.263,0.40,0.004,-0.004,-5.8,0,0.0042,0.00
13:20:44,22.254656294279844,84.87971139600957,-11.972,-21.263,0.40,0.004,-0.004,-5.8,0,10.0005,0.00
13:20:44,22.25465629240139,84.879711397731,-11.972,-21.263,0.40,0.004,-0.004,-5.9,0,10.0005,0.00
13:20:44,22.25465629052354,84.87971139945188,-11.972,-21.263,0.40,0.004,-0.004,-6.1,0,10.0005,0.00
13:20:44,22.254656288645215,84.87971140117318,-11.972,-21.263,0.26,0.004,-0.004,-6.1,0,10.0005,0.00
13:20:44,22.254656284864495,84.87971140463786,-11.971,-21.264,0.26,0.004,-0.004,-6.8,0,0.0000,0.00
13:20:44,22.254656282977564,84.87971140636706,-11.971,-21.264,0.26,0.004,-0.004,-7.0,0,0.0000,0.00
13:20:44,22.254656281095947,84.87971140809138,-11.971,-21.264,0.26,0.004,-0.004,-7.0,0,0.0000,0.00
13:20:44,22.254656759649013,84.87971155083362,-11.956,-21.211,0.26,0.053,0.179,-7.3,0,0.0132,0.00
13:20:44,22.25465684106787,84.87971157701872,-11.954,-21.202,0.26,0.053,0.179,-7.9,0,0.0132,0.00
13:20:44,22.254656674817454,84.87971134974607,-11.977,-21.220,0.26,-0.046,0.074,-8.1,0,0.0060,0.00
13:20:44,22.254656708617777,84.8797113271506,-11.979,-21.217,0.26,-0.046,0.074,-8.1,0,0.0060,0.00
13:20:44,22.25465667202472,84.87971135201774,-11.977,-21.221,0.14,-0.024,0.039,-8.5,0,0.0058,0.00
13:20:44,22.254656689698837,84.87971134029621,-11.978,-21.219,0.14,-0.024,0.039,-9.2,0,0.0058,0.00
13:20:44,22.254656994373512,84.87971129387161,-11.983,-21.185,0.14,-0.043,0.209,-9.5,0,0.0109,0.00
13:20:44,22.254656939159833,84.87971115584708,-11.997,-21.191,0.14,-0.114,0.110,-9.5,0,0.0059,0.00
13:20:44,22.254656939159833,84.87971115584708,-12.003,-21.185,0.05,-0.114,0.110,-9.9,0,0.0059,0.00
13:20:44,22.254656939159833,84.87971115584708,-12.016,-21.181,0.05,-0.162,0.103,-10.7,0,0.0064,0.00
13:20:45,22.254656939159833,84.87971115584708,-12.023,-21.183,0.05,-0.152,0.053,-10.7,0,0.0060,0.00
13:20:45,22.254656939159833,84.87971115584708,-12.030,-21.180,0.05,-0.152,0.053,-11.1,0,0.0060,0.00
13:20:45,22.254656939159833,84.87971115584708,-12.021,-21.179,0.05,-0.024,0.043,-11.8,0,0.0058,0.00
13:20:45,22.254656939159833,84.87971115584708,-12.026,-21.184,0.05,-0.058,-0.015,-12.2,0,0.0094,0.00
13:20:45,22.254656939159833,84.87971115584708,-12.029,-21.185,0.05,-0.058,-0.015,-12.2,0,0.0094,0.00
13:20:45,22.254656939159833,84.87971115584708,-12.037,-21.187,0.05,-0.098,-0.025,-12.8,0,0.0063,0.00
13:20:45,22.254656939159833,84.87971115584708,-12.042,-21.188,0.05,-0.098,-0.025,-13.1,0,0.0063,0.00
13:20:45,22.254656939159833,84.87971115584708,-12.059,-21.175,0.02,-0.187,0.077,-13.3,0,0.0051,0.00
13:20:45,22.254656939159833,84.87971115584708,-12.069,-21.172,0.02,-0.187,0.077,-13.3,0,10.0005,0.00
13:20:45,22.254656939159833,84.87971115584708,-12.078,-21.168,0.02,-0.187,0.077,-13.5,0,10.0005,0.00
13:20:45,22.254656939159833,84.87971115584708,-12.104,-21.159,0.02,-0.298,0.109,-14.0,0,0.0148,0.00
13:20:45,22.254656939159833,84.87971115584708,-12.119,-21.153,0.05,-0.298,0.109,-14.2,0,0.0148,0.00
13:20:45,22.254656939159833,84.87971115584708,-12.135,-21.148,0.05,-0.298,0.109,-14.2,0,10.0005,0.00
13:20:45,22.254656939159833,84.87971115584708,-12.150,-21.142,0.05,-0.298,0.109,-14.6,0,10.0005,0.00
13:20:45,22.254656939159833,84.87971115584708,-12.133,-21.149,0.05,-0.128,0.046,-14.8,0,0.0006,0.00
13:20:45,22.254656939159833,84.87971115584708,-12.139,-21.146,0.05,-0.128,0.046,-14.8,0,0.0006,0.00
13:20:45,22.254656939159833,84.87971115584708,-12.146,-21.144,0.05,-0.128,0.046,-15.1,0,0.0006,0.00
13:20:45,22.254656939159833,84.87971115584708,-12.139,-21.147,0.05,-0.059,0.021,-15.1,0,0.0006,0.00
13:20:45,22.254656939159833,84.87971115584708,-12.138,-21.147,0.05,-0.034,0.012,-15.2,0,0.0006,0.00
13:20:45,22.254656939159833,84.87971115584708,-12.139,-21.147,0.05,-0.034,0.012,-15.2,0,0.0006,0.00
13:20:46,22.254656939159833,84.87971115584708,-12.141,-21.146,0.05,-0.034,0.012,-15.4,0,0.0006,0.00
13:20:46,22.254656939159833,84.87971115584708,-12.140,-21.146,0.07,-0.017,0.006,-15.4,0,0.0005,0.00
13:20:46,22.254656939159833,84.87971115584708,-12.141,-21.146,0.07,-0.017,0.006,-15.4,0,0.0005,0.00
13:20:46,22.254656939159833,84.87971115584708,-12.142,-21.146,0.07,-0.017,0.006,-15.4,0,0.0000,0.00
13:20:46,22.254656939159833,84.87971115584708,-12.142,-21.145,0.07,-0.017,0.006,-15.4,0,0.0000,0.00
13:20:46,22.254656939159833,84.87971115584708,-12.141,-21.146,0.06,-0.007,0.003,-15.4,0,0.0005,0.00
13:20:46,22.254656939159833,84.87971115584708,-12.142,-21.145,0.06,-0.007,0.003,-15.3,0,0.0005,0.00
13:20:46,22.254656939159833,84.87971115584708,-12.142,-21.145,0.06,-0.007,0.003,-15.3,0,0.0005,0.00
13:20:46,22.254656939159833,84.87971115584708,-12.142,-21.145,0.06,-0.003,0.002,-15.2,0,0.0006,0.00
13:20:46,22.254656939159833,84.87971115584708,-12.142,-21.145,0.06,-0.003,0.002,-15.1,7,0.0006,0.00
13:20:46,22.254656939159833,84.87971115584708,-12.142,-21.145,0.06,-0.002,0.001,-15.1,7,0.0007,0.00
13:20:46,22.254656939159833,84.87971115584708,-12.142,-21.145,0.06,-0.002,0.001,-14.9,7,0.0007,0.00
13:20:46,22.254656939159833,84.87971115584708,-12.142,-21.145,0.06,-0.002,0.001,-14.9,7,0.0007,0.00
13:20:46,22.254656939159833,84.87971115584708,-12.161,-21.151,0.06,-0.109,-0.029,-14.8,7,0.0061,0.00
13:20:46,22.254656939159833,84.87971115584708,-12.166,-21.152,0.06,-0.109,-0.029,-14.8,7,10.0005,0.00
13:20:46,22.254656939159833,84.87971115584708,-12.172,-21.153,0.06,-0.109,-0.029,-14.6,7,10.0005,0.00
13:20:46,22.254656939159833,84.87971115584708,-12.177,-21.155,0.06,-0.109,-0.029,-14.5,7,10.0005,0.00
13:20:46,22.254656939159833,84.87971115584708,-12.183,-21.156,0.06,-0.109,-0.029,-14.3,7,10.0005,0.00
13:20:46,22.254656939159833,84.87971115584708,-12.188,-21.158,0.07,-0.109,-0.029,-14.3,7,10.0005,0.00
13:20:46,22.254656939159833,84.87971115584708,-12.194,-21.159,0.07,-0.109,-0.029,-14.2,7,10.0005,0.00
13:20:47,22.254656939159833,84.87971115584708,-12.181,-21.156,0.07,-0.037,-0.010,-14.1,7,0.0005,0.00
13:20:47,22.254656939159833,84.87971115584708,-12.183,-21.157,0.07,-0.037,-0.010,-14.0,7,0.0005,0.00
13:20:47,22.254656939159833,84.87971115584708,-12.185,-21.157,0.07,-0.037,-0.010,-14.0,7,0.0005,0.00
13:20:47,22.254656939159833,84.87971115584708,-12.182,-21.156,0.07,-0.017,-0.005,-13.9,8,0.0006,0.00
13:20:47,22.254656939159833,84.87971115584708,-12.182,-21.157,0.07,-0.017,-0.005,-13.8,8,0.0006,0.00
13:20:47,22.254656939159833,84.87971115584708,-12.182,-21.156,0.07,-0.008,-0.002,-13.8,8,0.0005,0.00
13:20:47,22.254656939159833,84.87971115584708,-12.182,-21.156,0.07,-0.008,-0.002,-13.6,8,0.0005,0.00
13:20:47,22.254656939159833,84.87971115584708,-12.182,-21.156,0.06,-0.004,-0.001,-13.5,8,0.0005,0.00
13:20:47,22.254656939159833,84.87971115584708,-12.182,-21.156,0.06,-0.004,-0.001,-13.4,8,0.0005,0.00
13:20:47,22.254656939159833,84.87971115584708,-12.182,-21.156,0.06,-0.002,-0.000,-13.4,8,0.0005,0.00
13:20:47,22.254656939159833,84.87971115584708,-12.182,-21.156,0.06,-0.002,-0.000,-13.3,8,0.0005,0.00
13:20:47,22.254656939159833,84.87971115584708,-12.182,-21.156,0.06,-0.001,0.000,-13.2,8,0.0005,0.00
13:20:47,22.254657251391,84.87970936072549,-12.182,-21.156,0.06,-0.001,0.000,-13.1,12,0.0005,18.22
13:20:47,22.254657251391,84.87970936072549,-12.182,-21.156,0.06,-0.001,0.000,-13.1,12,0.0005,18.22
13:20:47,22.254657251391,84.87970936072549,-12.182,-21.156,0.06,-0.001,0.000,-13.1,12,0.0005,18.22
13:20:47,22.254657251391,84.87970936072549,-12.182,-21.156,0.06,-0.001,0.000,-13.0,12,0.0005,18.22
13:20:47,22.254657251391,84.87970936072549,-12.182,-21.156,0.06,-0.000,0.000,-12.9,12,0.0006,18.22
13:20:47,22.254657251391,84.87970936072549,-12.182,-21.156,0.06,-0.000,0.000,-12.9,12,0.0006,18.22
13:20:47,22.254657251391,84.87970936072549,-12.182,-21.156,0.06,-0.000,0.000,-12.9,12,0.0006,18.22
13:20:48,22.254657251391,84.87970936072549,-12.182,-21.156,0.06,-0.000,0.000,-12.8,12,0.0006,18.22
13:20:48,22.25465725209611,84.8797093605964,-12.182,-21.156,0.05,-0.000,0.000,-12.8,14,0.0000,17.53
13:20:48,22.25465725209611,84.8797093605964,-12.182,-21.156,0.05,-0.000,0.000,-12.8,14,0.0000,17.53
13:20:48,22.25465725209611,84.8797093605964,-12.182,-21.156,0.05,-0.000,-0.000,-12.8,14,0.0006,17.53
13:20:48,22.25465725209611,84.8797093605964,-12.182,-21.156,0.05,-0.000,-0.000,-12.7,14,0.0006,17.53
13:20:48,22.25465725209611,84.8797093605964,-12.182,-21.156,0.05,-0.000,-0.000,-12.7,14,0.0007,17.53
13:20:48,22.254657251311926,84.87970936042612,-12.182,-21.156,0.05,-0.000,-0.000,-12.7,14,0.0007,17.25
13:20:48,22.254657251311926,84.87970936042612,-12.182,-21.156,0.05,-0.000,-0.000,-12.7,14,0.0006,17.25
13:20:48,22.254657251311926,84.87970936042612,-12.182,-21.156,0.05,-0.000,-0.000,-12.7,14,0.0006,17.25
13:20:48,22.254657251311926,84.87970936042612,-12.182,-21.156,0.05,-0.000,-0.000,-12.7,14,0.0007,17.25
13:20:48,22.254657251311926,84.87970936042612,-12.182,-21.156,0.05,-0.000,-0.000,-12.7,17,0.0007,17.25
13:20:48,22.254657251311926,84.87970936042612,-12.182,-21.156,0.05,-0.000,-0.000,-12.7,17,0.0006,17.25
13:20:48,22.254657251311926,84.87970936042612,-12.182,-21.156,0.05,-0.000,-0.000,-12.7,17,0.0006,17.25
13:20:48,22.254657251311926,84.87970936042612,-12.182,-21.156,0.05,0.000,0.000,-12.7,17,0.0006,17.25
13:20:48,22.254657251311926,84.87970936042612,-12.182,-21.156,0.05,0.000,0.000,-12.7,17,0.0006,17.25
13:20:48,22.254657251308572,84.87970936043934,-12.182,-21.156,0.05,0.000,0.000,-12.8,17,0.0005,17.08
13:20:48,22.254657251308572,84.87970936043934,-12.182,-21.156,0.05,0.000,0.000,-12.8,17,0.0005,17.08
13:20:48,22.254657251308572,84.87970936043934,-12.182,-21.156,0.05,0.000,0.000,-12.9,17,0.0005,17.08
13:20:48,22.254657251308572,84.87970936043934,-12.182,-21.156,0.05,0.000,0.000,-12.9,17,0.0006,17.08
13:20:48,22.25465725165844,84.87970936053159,-12.182,-21.156,0.04,0.000,0.000,-12.9,17,0.0006,16.85
13:20:49,22.25465725165844,84.87970936053159,-12.182,-21.156,0.04,0.000,0.000,-13.0,17,0.0006,16.85
13:20:49,22.25465725165844,84.87970936053159,-12.182,-21.156,0.04,0.000,0.000,-13.1,17,0.0006,16.85
13:20:49,22.25465725165844,84.87970936053159,-12.182,-21.156,0.04,0.000,0.000,-13.1,17,0.0006,16.85
13:20:49,22.25465725165844,84.87970936053159,-12.182,-21.156,0.04,0.000,0.000,-13.1,17,0.0006,16.85
13:20:49,22.25465725165844,84.87970936053159,-12.182,-21.156,0.04,0.000,0.000,-13.2,17,0.0006,16.85
13:20:49,22.25465725165844,84.87970936053159,-12.182,-21.156,0.04,0.000,0.000,-13.2,17,0.0006,16.85
13:20:49,22.25465725165844,84.87970936053159,-12.182,-21.156,0.04,-0.000,-0.000,-13.3,17,0.0006,16.85
13:20:49,22.25465725165844,84.87970936053159,-12.182,-21.156,0.04,-0.000,-0.000,-13.4,17,0.0006,16.85
13:20:49,22.254657251625733,84.87970936051751,-12.182,-21.156,0.04,-0.000,-0.000,-13.5,17,0.0006,16.83
13:20:49,22.254657251625733,84.87970936051751,-12.182,-21.156,0.04,-0.000,-0.000,-13.5,17,0.0006,16.83
13:20:49,22.254657251625733,84.87970936051751,-12.182,-21.156,0.04,-0.000,-0.000,-13.5,17,0.0006,16.83
13:20:49,22.254657251625733,84.87970936051751,-12.182,-21.156,0.04,-0.000,-0.000,-13.7,17,0.0006,16.83
13:20:49,22.254657251625733,84.87970936051751,-12.182,-21.156,0.04,-0.000,-0.000,-13.7,17,0.0006,16.83
13:20:49,22.25465725092415,84.87970936036457,-12.182,-21.156,0.04,-0.000,-0.000,-13.7,18,0.0006,16.74
13:20:49,22.25465725092415,84.87970936036457,-12.182,-21.156,0.04,-0.000,-0.000,-13.9,18,0.0006,16.74
13:20:49,22.25465725092415,84.87970936036457,-12.182,-21.156,0.04,-0.000,-0.000,-14.0,18,0.0006,16.74
13:20:49,22.25465725092415,84.87970936036457,-12.182,-21.156,0.04,-0.000,-0.000,-14.0,18,0.0000,16.74
13:20:49,22.254657250604808,84.87970936030881,-12.182,-21.156,0.04,-0.000,-0.000,-14.0,18,0.0006,16.60
13:20:49,22.254657250604808,84.87970936030881,-12.182,-21.156,0.04,-0.000,-0.000,-14.2,18,0.0006,16.60
13:20:49,22.254657250604808,84.87970936030881,-12.182,-21.156,0.04,-0.000,-0.000,-14.3,18,0.0006,16.60
13:20:50,22.254657250604808,84.87970936030881,-12.182,-21.156,0.04,-0.000,-0.000,-14.3,18,0.0006,16.60
13:20:50,22.254657250604808,84.87970936030881,-12.182,-21.156,0.04,-0.000,-0.000,-14.4,19,0.0006,16.60
13:20:50,22.254657250604808,84.87970936030881,-12.182,-21.156,0.04,0.000,0.000,-14.5,19,0.0006,16.60
13:20:50,22.254657250604808,84.87970936030881,-12.182,-21.156,0.04,0.000,0.000,-14.6,19,0.0006,16.60
13:20:50,22.254657250604808,84.87970936030881,-12.182,-21.156,0.04,0.000,0.000,-14.6,19,0.0006,16.60
13:20:50,22.254657250604808,84.87970936030881,-12.182,-21.156,0.04,0.000,0.000,-14.7,19,0.0006,16.60
13:20:50,22.25465725089056,84.87970936039653,-12.182,-21.156,0.04,0.000,0.000,-14.8,19,0.0006,16.49
13:20:50,22.25465725089056,84.87970936039653,-12.182,-21.156,0.04,0.000,0.000,-14.8,19,0.0006,16.49
13:20:50,22.25465725089056,84.87970936039653,-12.182,-21.156,0.04,0.000,0.000,-14.9,19,0.0006,16.49
13:20:50,22.25465725089056,84.87970936039653,-12.182,-21.156,0.04,0.000,0.000,-14.9,19,0.0006,16.49
13:20:50,22.254657251143644,84.87970936047056,-12.182,-21.156,0.04,0.000,0.000,-15.0,19,0.0007,16.28
13:20:50,22.254657251143644,84.87970936047056,-12.182,-21.156,0.04,0.000,0.000,-15.0,19,0.0007,16.28
13:20:50,22.254657251143644,84.87970936047056,-12.182,-21.156,0.04,0.000,0.000,-15.0,19,0.0006,16.28
13:20:50,22.254657251143644,84.87970936047056,-12.182,-21.156,0.04,0.000,0.000,-15.0,19,0.0006,16.28
13:20:50,22.254657251143644,84.87970936047056,-12.182,-21.156,0.04,0.000,0.000,-15.0,19,0.0006,16.28
13:20:50,22.254657251143644,84.87970936047056,-12.182,-21.156,0.04,-0.000,-0.000,-15.0,19,0.0006,16.28
13:20:50,22.254657251143644,84.87970936047056,-12.182,-21.156,0.04,-0.000,-0.000,-15.0,19,0.0006,16.28
13:20:50,22.254657251143644,84.87970936047056,-12.182,-21.156,0.04,-0.000,-0.000,-14.9,19,0.0006,16.28
13:20:50,22.254657251143644,84.87970936047056,-12.182,-21.156,0.04,-0.000,-0.000,-14.9,19,0.0006,16.28
13:20:50,22.254657250801472,84.87970936044383,-12.182,-21.156,0.04,-0.000,-0.000,-14.9,20,0.0006,16.12
13:20:51,22.254657250801472,84.87970936044383,-12.182,-21.156,0.04,-0.000,-0.000,-14.8,20,0.0006,16.12
13:20:51,22.254657250801472,84.87970936044383,-12.182,-21.156,0.04,-0.000,-0.000,-14.8,20,0.0006,16.12
13:20:51,22.254657250801472,84.87970936044383,-12.182,-21.156,0.04,-0.000,-0.000,-14.8,20,0.0006,16.12
13:20:51,22.254657250801472,84.87970936044383,-12.182,-21.156,0.04,-0.000,-0.000,-14.7,20,0.0005,16.12
13:20:51,22.254657250440648,84.87970936040648,-12.182,-21.156,0.04,-0.000,-0.000,-14.7,20,0.0005,16.04
13:20:51,22.254657250440648,84.87970936040648,-12.182,-21.156,0.04,-0.000,-0.000,-14.6,20,0.0005,16.04
13:20:51,22.254657250440648,84.87970936040648,-12.182,-21.156,0.04,-0.000,-0.000,-14.6,20,0.0006,16.04
13:20:51,22.254657250440648,84.87970936040648,-12.182,-21.156,0.04,0.000,-0.000,-14.5,20,0.0005,16.04
13:20:51,22.254657250440648,84.87970936040648,-12.182,-21.156,0.04,0.000,-0.000,-14.4,20,0.0005,16.04
13:20:51,22.254657250440648,84.87970936040648,-12.182,-21.156,0.04,0.000,-0.000,-14.4,20,0.0005,16.04
13:20:51,22.254657250440648,84.87970936040648,-12.182,-21.156,0.04,0.000,-0.000,-14.3,20,0.0000,16.04
13:20:51,22.254657250440648,84.87970936040648,-12.182,-21.156,0.04,0.000,-0.000,-14.2,20,0.0000,16.04
13:20:51,22.254657250440648,84.87970936040648,-12.182,-21.156,0.04,0.000,0.000,-14.2,20,0.0006,16.04
13:20:51,22.254657250686623,84.87970936048458,-12.182,-21.156,0.04,0.000,0.000,-14.2,21,0.0006,15.83
13:20:51,22.254657250686623,84.87970936048458,-12.182,-21.156,0.04,0.000,0.000,-14.0,21,0.0006,15.83
13:20:51,22.254657250686623,84.87970936048458,-12.182,-21.156,0.04,0.000,0.000,-14.0,21,0.0006,15.83
13:20:51,22.254657250686623,84.87970936048458,-12.182,-21.156,0.04,0.000,0.000,-13.8,21,0.0006,15.83
13:20:51,22.2546572507281,84.87970936049618,-12.182,-21.156,0.04,0.000,0.000,-13.8,21,0.0006,15.64
13:20:51,22.2546572507281,84.87970936049618,-12.182,-21.156,0.04,-0.000,-0.000,-13.7,21,0.0006,15.64
13:20:52,22.2546572507281,84.87970936049618,-12.182,-21.156,0.04,-0.000,-0.000,-13.6,21,0.0006,15.64
13:20:52,22.2546572507281,84.87970936049618,-12.182,-21.156,0.04,-0.000,-0.000,-13.5,21,0.0006,15.64
13:20:52,22.2546572507281,84.87970936049618,-12.182,-21.156,0.04,-0.000,-0.000,-13.5,21,0.0006,15.64
13:20:52,22.2546572507281,84.87970936049618,-12.182,-21.156,0.04,-0.000,-0.000,-13.4,21,0.0006,15.64
13:20:52,22.2546572507281,84.87970936049618,-12.182,-21.156,0.04,-0.000,-0.000,-13.3,21,0.0007,15.64
13:20:52,22.2546572507281,84.87970936049618,-12.182,-21.156,0.04,-0.000,-0.000,-13.3,21,0.0007,15.64
13:20:52,22.2546572507281,84.87970936049618,-12.182,-21.156,0.04,-0.000,-0.000,-13.1,21,0.0006,15.64
13:20:52,22.254657249936066,84.87970936037817,-12.182,-21.156,0.05,-0.000,-0.000,-13.0,21,0.0006,15.55
13:20:52,22.254657249936066,84.87970936037817,-12.182,-21.156,0.05,-0.000,-0.000,-12.8,21,0.0006,15.55
13:20:52,22.254657249936066,84.87970936037817,-12.182,-21.156,0.05,-0.000,-0.000,-12.8,21,0.0006,15.55
13:20:52,22.254657249936066,84.87970936037817,-12.182,-21.156,0.05,-0.000,-0.000,-12.7,21,0.0006,15.55
13:20:52,22.254657249936066,84.87970936037817,-12.182,-21.156,0.05,-0.000,-0.000,-12.6,21,0.0006,15.55
13:20:52,22.25465724997155,84.87970936038187,-12.182,-21.156,0.05,0.000,0.000,-12.4,21,0.0006,15.40
13:20:52,22.25465724997155,84.87970936038187,-12.182,-21.156,0.05,0.000,0.000,-12.4,21,0.0006,15.40
13:20:52,22.25465724997155,84.87970936038187,-12.182,-21.156,0.05,0.000,0.000,-12.3,21,0.0006,15.40
13:20:52,22.25465724997155,84.87970936038187,-12.182,-21.156,0.05,0.000,0.000,-12.2,21,0.0006,15.40
13:20:52,22.25465724997155,84.87970936038187,-12.182,-21.156,0.05,0.000,0.000,-12.1,21,0.0006,15.40
13:20:52,22.25465724997155,84.87970936038187,-12.182,-21.156,0.05,0.000,0.000,-12.1,21,0.0006,15.40
13:20:52,22.25465724997155,84.87970936038187,-12.182,-21.156,0.05,0.000,0.000,-12.0,21,0.0006,15.40
13:20:52,22.25465724997155,84.87970936038187,-12.182,-21.156,0.05,0.000,0.000,-12.0,21,0.0006,15.40
13:20:53,22.25465725038212,84.87970936046801,-12.182,-21.156,0.04,0.000,0.000,-11.9,21,0.0006,15.26
13:20:53,22.25465725038212,84.87970936046801,-12.182,-21.156,0.04,0.000,0.000,-11.9,21,0.0007,15.26
13:20:53,22.25465725038212,84.87970936046801,-12.182,-21.156,0.04,0.000,0.000,-11.9,21,0.0007,15.26
13:20:53,22.25465725038212,84.87970936046801,-12.182,-21.156,0.04,-0.000,-0.000,-11.8,21,0.0008,15.26
13:20:53,22.25465725038212,84.87970936046801,-12.182,-21.156,0.04,-0.000,-0.000,-11.8,21,0.0008,15.26
13:20:53,22.2546572502608,84.87970936041582,-12.182,-21.156,0.05,-0.000,-0.000,-11.7,21,0.0007,15.21
13:20:53,22.2546572502608,84.87970936041582,-12.182,-21.156,0.05,-0.000,-0.000,-11.7,21,0.0007,15.21
13:20:53,22.2546572502608,84.87970936041582,-12.182,-21.156,0.05,-0.000,-0.000,-11.6,21,0.0007,15.21
13:20:53,22.2546572502608,84.87970936041582,-12.182,-21.156,0.05,-0.000,-0.000,-11.6,21,0.0000,15.21
13:20:53,22.2546572502608,84.87970936041582,-12.182,-21.156,0.05,-0.000,-0.000,-11.6,21,0.0000,15.21
13:20:53,22.2546572502608,84.87970936041582,-12.182,-21.156,0.05,-0.000,-0.000,-11.5,21,0.0007,15.21
13:20:53,22.2546572502608,84.87970936041582,-12.182,-21.156,0.05,-0.000,-0.000,-11.4,21,0.0007,15.21
13:20:53,22.2546572502608,84.87970936041582,-12.182,-21.156,0.05,-0.000,-0.000,-11.4,21,0.0006,15.21
13:20:53,22.2546572502608,84.87970936041582,-12.182,-21.156,0.05,-0.000,-0.000,-11.4,21,0.0006,15.21
13:20:53,22.254657249782873,84.87970936036055,-12.182,-21.156,0.05,-0.000,-0.000,-11.4,21,0.0006,15.11
13:20:53,22.254657249782873,84.87970936036055,-12.182,-21.156,0.05,-0.000,-0.000,-11.3,21,0.0006,15.11
13:20:53,22.254657249782873,84.87970936036055,-12.182,-21.156,0.05,-0.000,-0.000,-11.3,21,0.0006,15.11
13:20:53,22.254657249782873,84.87970936036055,-12.182,-21.156,0.05,-0.000,-0.000,-11.3,21,0.0006,15.11
13:20:53,22.2545848,84.879832,0.145,-29.024,0.05,0.005,-0.004,-11.3,21,0.0006,14.99
13:20:53,22.2545848,84.879832,0.145,-29.025,0.05,0.005,-0.004,-11.2,21,0.0006,14.99
13:20:54,22.2545848,84.879832,0.145,-29.025,0.05,0.005,-0.004,-11.2,21,0.0006,14.99
13:20:54,22.2545848,84.879832,0.145,-29.025,0.05,0.003,-0.002,-11.2,21,0.0006,14.99
13:20:54,22.2545848,84.879832,0.145,-29.025,0.05,0.003,-0.002,-11.1,21,0.0006,14.99
13:20:54,22.2545848,84.879832,0.145,-29.025,0.05,0.001,-0.001,-11.1,21,0.0007,14.99
13:20:54,22.2545848,84.879832,0.145,-29.025,0.05,0.001,-0.001,-11.1,21,0.0007,14.99
13:20:54,22.2545848,84.879832,0.145,-29.025,0.05,0.001,-0.001,-11.1,21,0.0007,14.99
13:20:54,22.2545848,84.879832,0.145,-29.025,0.05,0.001,-0.001,-11.1,21,0.0007,14.99
13:20:54,22.2545847,84.8798315,0.158,-29.036,0.05,0.001,-0.000,-11.1,21,0.0008,0.33
13:20:54,22.2545847,84.8798315,0.158,-29.036,0.05,0.001,-0.000,-11.1,21,0.0008,0.33
13:20:54,22.2545847,84.8798315,0.158,-29.036,0.05,0.000,-0.000,-11.1,21,0.0007,0.33
13:20:54,22.2545847,84.8798315,0.159,-29.036,0.05,0.000,-0.000,-11.1,21,0.0007,0.33
13:20:54,22.2545845,84.8798305,0.166,-29.047,0.05,0.000,-0.000,-11.1,21,0.0008,0.26
13:20:54,22.2545845,84.8798305,0.166,-29.047,0.05,0.000,-0.000,-11.1,21,0.0008,0.26
13:20:54,22.2545845,84.8798305,0.166,-29.047,0.05,0.000,-0.000,-11.1,21,0.0008,0.26
13:20:54,22.2545845,84.8798305,0.166,-29.047,0.05,0.000,-0.000,-11.1,21,0.0008,0.26
13:20:54,22.2545845,84.8798305,0.166,-29.047,0.05,0.000,-0.000,-11.1,21,0.0007,0.26
13:20:54,22.2545845,84.8798305,0.166,-29.047,0.05,0.000,-0.000,-11.1,21,0.0007,0.26
13:20:54,22.2545845,84.8798305,0.166,-29.047,0.05,0.000,-0.000,-11.1,21,0.0007,0.26
13:20:54,22.2545845,84.8798305,0.166,-29.047,0.05,0.000,-0.000,-11.1,21,0.0007,0.26
13:20:54,22.2545845,84.8798305,0.166,-29.047,0.05,0.000,-0.000,-11.2,21,0.0007,0.26
13:20:55,22.2545843,84.8798297,0.168,-29.059,0.05,0.000,-0.000,-11.2,21,0.0007,0.24
13:20:55,22.2545843,84.8798297,0.168,-29.059,0.05,0.000,-0.000,-11.2,21,0.0007,0.24
13:20:55,22.2545843,84.8798297,0.168,-29.059,0.05,0.000,-0.000,-11.2,21,0.0006,0.24
13:20:55,22.2545843,84.8798297,0.168,-29.059,0.05,0.000,-0.000,-11.2,21,0.0000,0.24
13:20:55,22.2545843,84.8798297,0.168,-29.059,0.05,0.000,-0.000,-11.3,21,0.0007,0.24
13:20:55,22.2545842,84.8798294,0.169,-29.071,0.05,0.000,-0.000,-11.3,21,0.0007,0.23
13:20:55,22.2545842,84.8798294,0.169,-29.071,0.05,0.000,-0.000,-11.3,21,0.0007,0.23
13:20:55,22.2545842,84.8798294,0.169,-29.071,0.05,0.000,-0.000,-11.4,21,0.0006,0.23
13:20:55,22.2545842,84.8798294,0.169,-29.071,0.05,0.000,-0.000,-11.5,21,0.0006,0.23
13:20:55,22.2545842,84.8798294,0.169,-29.071,0.05,-0.000,-0.000,-11.5,22,0.0007,0.23
13:20:55,22.2545842,84.8798294,0.169,-29.071,0.05,-0.000,-0.000,-11.6,22,0.0007,0.23
13:20:55,22.2545842,84.8798294,0.169,-29.071,0.05,-0.000,-0.000,-11.7,22,0.0007,0.23
13:20:55,22.2545842,84.8798294,0.169,-29.071,0.05,-0.000,-0.000,-11.7,22,0.0007,0.23
13:20:55,22.2545842,84.8798294,0.169,-29.071,0.05,-0.000,-0.000,-11.7,22,0.0008,0.23
13:20:55,22.2545843,84.8798287,0.166,-29.082,0.05,-0.000,-0.000,-11.8,22,0.0008,0.21
13:20:55,22.2545843,84.8798287,0.166,-29.082,0.05,-0.000,-0.000,-11.8,22,0.0008,0.21
13:20:55,22.2545843,84.8798287,0.166,-29.082,0.05,-0.000,-0.000,-11.8,22,0.0008,0.21
13:20:55,22.2545843,84.8798287,0.166,-29.082,0.05,-0.000,-0.000,-11.8,22,0.0008,0.21
13:20:55,22.2545846,84.8798284,0.162,-29.091,0.05,-0.000,-0.000,-11.9,22,0.0007,0.18
13:20:56,22.2545846,84.8798284,0.162,-29.091,0.05,-0.000,-0.000,-11.9,22,0.0007,0.18
13:20:56,22.2545846,84.8798284,0.162,-29.091,0.05,-0.000,-0.000,-12.0,22,0.0007,0.18
13:20:56,22.2545846,84.8798284,0.162,-29.091,0.05,-0.000,-0.000,-12.0,22,0.0007,0.18
13:20:56,22.2545846,84.8798284,0.162,-29.091,0.05,-0.000,-0.000,-12.1,22,0.0007,0.18
13:20:56,22.2545846,84.8798284,0.162,-29.091,0.05,-0.000,-0.000,-12.2,23,0.0007,0.18
13:20:56,22.2545846,84.8798284,0.162,-29.091,0.05,-0.000,-0.000,-12.2,23,0.0007,0.18
13:20:56,22.2545846,84.8798284,0.162,-29.091,0.05,-0.000,-0.000,-12.2,23,0.0007,0.18
13:20:56,22.2545846,84.8798284,0.162,-29.091,0.05,-0.000,-0.000,-12.4,23,0.0007,0.18
13:20:56,22.2545847,84.8798282,0.156,-29.099,0.05,-0.000,-0.000,-12.5,23,0.0007,0.17
13:20:56,22.2545847,84.8798282,0.156,-29.099,0.05,-0.000,-0.000,-12.6,23,0.0007,0.17
13:20:56,22.2545847,84.8798282,0.156,-29.099,0.05,-0.000,-0.000,-12.6,23,0.0007,0.17
13:20:56,22.2545847,84.8798282,0.156,-29.099,0.05,-0.000,-0.000,-12.9,23,0.0007,0.17
13:20:56,22.2545847,84.8798281,0.150,-29.106,0.05,-0.000,-0.000,-13.0,23,0.0007,0.17
13:20:56,22.2545847,84.8798281,0.150,-29.106,0.05,-0.000,-0.000,-13.1,23,0.0007,0.17
13:20:56,22.2545847,84.8798281,0.150,-29.106,0.05,-0.000,-0.000,-13.1,23,0.0007,0.17
13:20:56,22.2545847,84.8798281,0.150,-29.106,0.05,-0.000,-0.000,-13.3,23,0.0007,0.17
13:20:56,22.2545847,84.8798281,0.150,-29.106,0.05,-0.000,-0.000,-13.3,23,0.0007,0.17
13:20:56,22.2545847,84.8798281,0.150,-29.106,0.05,-0.000,-0.000,-13.4,23,0.0007,0.17
13:20:56,22.2545847,84.8798281,0.150,-29.106,0.05,-0.000,-0.000,-13.4,23,0.0007,0.17
13:20:56,22.2545847,84.8798281,0.150,-29.106,0.05,-0.000,-0.000,-13.5,23,0.0000,0.17
13:20:57,22.2545847,84.8798281,0.150,-29.106,0.05,-0.000,-0.000,-13.5,23,0.0000,0.17
13:20:57,22.2545847,84.8798281,0.150,-29.106,0.05,-0.000,-0.000,-13.5,23,0.0008,0.17
13:20:57,22.2545849,84.8798279,0.143,-29.112,0.05,-0.000,-0.000,-13.5,23,0.0008,0.16
13:20:57,22.2545849,84.8798279,0.143,-29.112,0.05,-0.000,-0.000,-13.5,23,0.0007,0.16
13:20:57,22.2545849,84.8798279,0.143,-29.112,0.05,-0.000,-0.000,-13.5,23,0.0007,0.16
13:20:57,22.2545849,84.8798279,0.143,-29.112,0.05,-0.000,-0.000,-13.5,23,0.0007,0.16
13:20:57,22.254585,84.8798278,0.136,-29.117,0.05,-0.000,-0.000,-13.5,23,0.0007,0.15
13:20:57,22.254585,84.8798278,0.136,-29.117,0.05,-0.000,-0.000,-13.5,23,0.0007,0.15
13:20:57,22.254585,84.8798278,0.136,-29.117,0.05,-0.000,-0.000,-13.5,23,0.0007,0.15
13:20:57,22.254585,84.8798278,0.136,-29.117,0.05,-0.000,-0.000,-13.5,23,0.0007,0.15
13:20:57,22.254585,84.8798278,0.136,-29.117,0.05,-0.000,-0.000,-13.5,23,0.0007,0.15
13:20:57,22.254585,84.8798278,0.136,-29.117,0.05,-0.000,-0.000,-13.4,23,0.0007,0.15
13:20:57,22.254585,84.8798278,0.136,-29.117,0.05,-0.000,-0.000,-13.4,23,0.0007,0.15
13:20:57,22.254585,84.8798278,0.136,-29.117,0.05,-0.000,-0.000,-13.4,23,0.0007,0.15
13:20:57,22.254585,84.8798278,0.136,-29.117,0.05,-0.000,-0.000,-13.4,23,0.0007,0.15
13:20:57,22.2545851,84.8798276,0.128,-29.122,0.06,-0.000,-0.000,-13.3,23,0.0007,0.15
13:20:57,22.2545851,84.8798276,0.128,-29.122,0.06,-0.000,-0.000,-13.3,23,0.0007,0.15
13:20:57,22.2545851,84.8798276,0.128,-29.122,0.06,-0.000,-0.000,-13.3,23,0.0007,0.15
13:20:57,22.2545851,84.8798276,0.128,-29.122,0.06,-0.000,-0.000,-13.2,23,0.0007,0.15
13:20:57,22.2545852,84.8798272,0.119,-29.125,0.06,-0.000,-0.000,-13.2,23,0.0007,0.18
13:20:58,22.2545852,84.8798272,0.119,-29.125,0.06,-0.000,-0.000,-13.1,23,0.0007,0.18
13:20:58,22.2545852,84.8798272,0.119,-29.125,0.06,-0.000,-0.000,-13.1,23,0.0007,0.18
13:20:58,22.2545852,84.8798272,0.119,-29.125,0.06,-0.000,-0.000,-13.0,23,0.0007,0.18
13:20:58,22.2545852,84.8798272,0.119,-29.125,0.06,-0.000,-0.000,-13.0,23,0.0007,0.18
13:20:58,22.2545852,84.8798272,0.119,-29.125,0.06,-0.000,-0.000,-12.9,23,0.0007,0.18
13:20:58,22.2545852,84.8798272,0.119,-29.125,0.06,-0.000,-0.000,-12.9,23,0.0007,0.18
13:20:58,22.2545852,84.8798272,0.119,-29.125,0.06,-0.000,-0.000,-12.9,23,0.0007,0.18
13:20:58,22.2545852,84.8798272,0.119,-29.125,0.06,-0.000,-0.000,-12.8,23,0.0007,0.18
13:20:58,22.2545852,84.8798271,0.109,-29.128,0.06,-0.000,-0.000,-12.7,23,0.0007,0.18
13:20:58,22.2545852,84.8798271,0.109,-29.128,0.06,-0.000,-0.000,-12.7,23,0.0007,0.18
13:20:58,22.2545852,84.8798271,0.109,-29.128,0.06,-0.000,-0.000,-12.7,23,0.0007,0.18
13:20:58,22.2545852,84.8798271,0.109,-29.128,0.06,-0.000,-0.000,-12.5,23,0.0007,0.18
13:20:58,22.2545852,84.8798271,0.109,-29.128,0.06,-0.000,-0.000,-12.5,23,0.0007,0.18
13:20:58,22.2545853,84.8798266,0.096,-29.130,0.06,-0.000,-0.000,-12.4,24,0.0007,0.21
13:20:58,22.2545853,84.8798266,0.096,-29.130,0.06,-0.000,-0.000,-12.4,24,0.0007,0.21
13:20:58,22.2545853,84.8798266,0.096,-29.130,0.06,-0.000,-0.000,-12.3,24,0.0007,0.21
13:20:58,22.2545853,84.8798266,0.096,-29.130,0.06,-0.000,-0.000,-12.3,24,0.0000,0.21
13:20:58,22.2545855,84.8798262,0.083,-29.131,0.06,-0.000,-0.000,-12.2,24,0.0000,0.24
13:20:58,22.2545855,84.8798262,0.083,-29.131,0.06,-0.000,-0.000,-12.2,24,0.0007,0.24
13:20:58,22.2545855,84.8798262,0.083,-29.131,0.06,-0.000,-0.000,-12.1,24,0.0007,0.24
13:20:59,22.2545855,84.8798262,0.083,-29.131,0.06,-0.000,0.000,-12.0,24,0.0007,0.24
13:20:59,22.2545855,84.8798262,0.083,-29.131,0.06,-0.000,0.000,-12.0,24,0.0007,0.24
13:20:59,22.2545855,84.8798262,0.083,-29.131,0.06,-0.000,0.000,-11.9,24,0.0007,0.24
13:20:59,22.2545855,84.8798262,0.083,-29.131,0.06,-0.000,0.000,-11.9,24,0.0007,0.24
13:20:59,22.2545855,84.8798262,0.083,-29.131,0.06,-0.000,0.000,-11.8,24,0.0007,0.24
13:20:59,22.2545855,84.8798262,0.083,-29.131,0.06,-0.000,0.000,-11.8,24,0.0007,0.24
13:20:59,22.2545855,84.8798261,0.069,-29.132,0.06,-0.000,-0.000,-11.7,24,0.0007,0.24
13:20:59,22.2545855,84.8798261,0.069,-29.132,0.06,-0.000,-0.000,-11.6,24,0.0007,0.24
13:20:59,22.2545855,84.8798261,0.069,-29.132,0.06,-0.000,-0.000,-11.5,24,0.0007,0.24
13:20:59,22.2545855,84.8798261,0.069,-29.132,0.06,-0.000,-0.000,-11.5,24,0.0007,0.24
13:21:00,22.2545855,84.8798261,0.069,-29.132,0.06,-0.000,-0.000,-11.5,24,0.0007,0.24
13:21:00,22.2545857,84.8798259,0.055,-29.131,0.06,-0.000,-0.000,-11.4,24,0.0007,0.24
13:21:00,22.2545857,84.8798259,0.055,-29.131,0.06,-0.000,-0.000,-11.3,24,0.0007,0.24
13:21:00,22.2545857,84.8798259,0.055,-29.131,0.06,-0.000,-0.000,-11.3,24,0.0007,0.24
13:21:00,22.2545857,84.8798259,0.055,-29.131,0.06,-0.000,-0.000,-11.3,24,0.0007,0.24
13:21:00,22.2545857,84.8798259,0.055,-29.131,0.06,-0.000,-0.000,-11.1,24,0.0007,0.24
13:21:00,22.2545857,84.8798259,0.055,-29.131,0.06,-0.000,-0.000,-11.0,24,0.0007,0.24
13:21:00,22.2545857,84.8798259,0.055,-29.131,0.06,-0.000,-0.000,-11.0,24,0.0007,0.24
13:21:00,22.2545857,84.8798259,0.055,-29.131,0.06,-0.000,-0.000,-11.0,24,0.0007,0.24
13:21:00,22.2545857,84.8798259,0.055,-29.131,0.06,-0.000,-0.000,-10.9,24,0.0007,0.24
13:21:00,22.2545861,84.8798255,0.039,-29.128,0.06,-0.000,0.000,-10.8,24,0.0007,0.28
13:21:00,22.2545861,84.8798255,0.039,-29.128,0.06,-0.000,0.000,-10.8,24,0.0007,0.28
13:21:00,22.2545861,84.8798255,0.039,-29.128,0.06,-0.000,0.000,-10.8,24,0.0007,0.28
13:21:00,22.2545861,84.8798255,0.039,-29.128,0.06,-0.000,0.000,-10.8,24,0.0007,0.28
13:21:00,22.2545863,84.8798253,0.023,-29.124,0.06,-0.000,0.000,-10.8,24,0.0007,0.29
13:21:00,22.2545863,84.8798253,0.023,-29.124,0.06,-0.000,0.000,-10.7,24,0.0007,0.29
13:21:00,22.2545863,84.8798253,0.023,-29.124,0.06,-0.000,0.000,-10.7,24,0.0006,0.29
13:21:00,22.2545863,84.8798253,0.023,-29.124,0.06,-0.000,0.000,-10.7,24,0.0007,0.29
13:21:00,22.2545863,84.8798253,0.023,-29.124,0.06,-0.000,0.000,-10.7,24,0.0007,0.29
13:21:00,22.2545863,84.8798253,0.023,-29.124,0.06,-0.000,0.000,-10.7,24,0.0007,0.29
13:21:00,22.2545863,84.8798253,0.023,-29.124,0.06,-0.000,0.000,-10.7,24,0.0007,0.29
13:21:00,22.2545863,84.8798253,0.023,-29.124,0.06,-0.000,0.000,-10.7,24,0.0007,0.29
13:21:00,22.2545865,84.8798248,0.004,-29.118,0.05,-0.001,0.000,-10.7,24,0.0000,0.32
13:21:00,22.2545865,84.8798248,0.004,-29.118,0.05,-0.001,0.000,-10.7,24,0.0000,0.32
13:21:00,22.2545865,84.8798248,0.004,-29.118,0.05,-0.000,0.000,-10.7,24,0.0007,0.32
13:21:00,22.2545865,84.8798248,0.004,-29.118,0.05,-0.000,0.000,-10.9,24,0.0007,0.32
13:21:00,22.2545868,84.8798245,-0.015,-29.111,0.06,-0.000,0.000,-10.9,24,0.0007,0.34
13:21:00,22.2545868,84.8798245,-0.015,-29.111,0.06,-0.000,0.000,-11.5,24,0.0007,0.34
13:21:00,22.2545868,84.8798245,-0.015,-29.111,0.06,-0.000,0.000,-11.9,24,0.0005,0.34
13:21:01,22.2545868,84.8798245,-0.015,-29.111,0.06,-0.000,0.000,-12.1,24,0.0005,0.34
13:21:01,22.2545868,84.8798245,-0.015,-29.111,0.06,0.000,0.000,-12.1,24,0.0004,0.34
13:21:01,22.2545868,84.8798245,-0.015,-29.111,0.06,0.000,0.000,-12.6,24,0.0004,0.34
13:21:01,22.2545868,84.8798245,-0.015,-29.111,0.06,0.000,0.000,-12.8,24,0.0004,0.34
13:21:01,22.2545868,84.8798245,-0.015,-29.111,0.06,0.000,-0.000,-12.8,24,0.0004,0.34
13:21:01,22.2545868,84.8798245,-0.015,-29.111,0.06,0.000,-0.000,-13.3,24,0.0004,0.34
13:21:01,22.254587,84.8798244,-0.033,-29.103,0.06,-0.000,0.000,-13.4,24,0.0003,0.34
13:21:01,22.254587,84.8798244,-0.033,-29.103,0.06,-0.000,0.000,-13.6,24,0.0003,0.34
13:21:01,22.254587,84.8798244,-0.033,-29.103,0.06,-0.000,0.000,-13.6,24,0.0003,0.34
13:21:01,22.254587,84.8798244,-0.033,-29.103,0.06,-0.000,0.000,-13.8,24,0.0003,0.34
13:21:01,22.254587,84.8798244,-0.033,-29.103,0.06,-0.000,0.000,-14.1,24,0.0003,0.34
13:21:01,22.2545873,84.8798242,-0.052,-29.094,0.06,-0.000,0.000,-14.3,24,0.0003,0.35
13:21:01,22.2545873,84.8798242,-0.052,-29.094,0.06,-0.000,0.000,-14.3,24,0.0004,0.35
13:21:01,22.2545873,84.8798242,-0.052,-29.094,0.06,-0.000,0.000,-14.6,24,0.0004,0.35
13:21:01,22.2545873,84.8798242,-0.052,-29.094,0.06,-0.000,0.000,-14.8,24,0.0006,0.35
13:21:01,22.2545873,84.8798242,-0.052,-29.094,0.06,-0.000,0.000,-14.9,24,0.0006,0.35
13:21:01,22.2545873,84.8798242,-0.052,-29.094,0.06,-0.000,0.000,-14.9,24,0.0004,0.35
13:21:01,22.2545873,84.8798242,-0.052,-29.094,0.06,-0.000,0.000,-15.2,24,0.0004,0.35
13:21:01,22.2545873,84.8798242,-0.052,-29.094,0.06,-0.000,0.000,-15.2,24,0.0004,0.35
13:21:01,22.2545873,84.8798242,-0.052,-29.094,0.06,-0.000,0.000,-15.2,24,0.0003,0.35
13:21:02,22.2545876,84.8798242,-0.070,-29.083,0.05,-0.000,0.000,-15.3,24,0.0003,0.35
13:21:02,22.2545876,84.8798242,-0.070,-29.083,0.05,-0.000,0.000,-15.4,24,0.0003,0.35
13:21:02,22.2545876,84.8798242,-0.070,-29.083,0.05,-0.000,0.000,-15.4,24,0.0003,0.35
13:21:02,22.2545876,84.8798242,-0.070,-29.083,0.05,-0.000,0.000,-15.4,24,0.0002,0.35
13:21:02,22.2545876,84.8798241,-0.087,-29.073,0.06,-0.000,0.000,-15.4,24,0.0002,0.34
13:21:02,22.2545876,84.8798241,-0.087,-29.073,0.06,-0.000,0.000,-15.5,24,0.0002,0.34
13:21:02,22.2545876,84.8798241,-0.087,-29.073,0.06,-0.000,0.000,-15.5,24,0.0002,0.34
13:21:02,22.2545876,84.8798241,-0.087,-29.073,0.06,-0.000,0.000,-15.5,24,0.0002,0.34
13:21:02,22.2545876,84.8798241,-0.087,-29.073,0.06,-0.000,0.000,-15.5,24,0.0002,0.34
13:21:02,22.2545876,84.8798241,-0.087,-29.073,0.06,-0.000,0.000,-15.6,24,0.0000,0.34
13:21:02,22.2545876,84.8798241,-0.087,-29.073,0.06,-0.000,0.000,-15.6,24,0.0000,0.34
13:21:02,22.2545876,84.8798241,-0.087,-29.073,0.06,-0.000,0.000,-15.6,24,0.0002,0.34
13:21:02,22.2545876,84.8798241,-0.087,-29.073,0.06,-0.000,0.000,-15.6,24,0.0002,0.34
13:21:02,22.2545879,84.879824,-0.104,-29.061,0.06,-0.001,0.000,-15.7,24,0.0002,0.34
13:21:02,22.2545879,84.879824,-0.104,-29.061,0.06,-0.000,0.000,-15.7,24,0.0002,0.34
13:21:02,22.2545879,84.879824,-0.104,-29.061,0.06,-0.000,0.000,-15.7,24,0.0002,0.34
13:21:02,22.2545879,84.879824,-0.104,-29.061,0.06,-0.000,0.000,-15.7,24,0.0002,0.34
13:21:02,22.2545879,84.879824,-0.104,-29.061,0.06,-0.000,0.000,-15.7,24,0.0002,0.34
13:21:02,22.254588,84.8798239,-0.121,-29.049,0.06,-0.000,0.000,-15.7,24,0.0002,0.34
13:21:03,22.254588,84.8798239,-0.121,-29.049,0.06,-0.000,0.000,-15.7,24,0.0002,0.34
13:21:03,22.254588,84.8798239,-0.121,-29.049,0.06,-0.000,0.000,-15.7,24,0.0002,0.34
13:21:03,22.254588,84.8798239,-0.121,-29.049,0.06,-0.000,0.000,-15.7,24,0.0002,0.34
13:21:03,22.254588,84.8798239,-0.121,-29.049,0.06,-0.000,0.000,-15.7,24,0.0002,0.34
13:21:03,22.254588,84.8798239,-0.121,-29.049,0.06,-0.000,0.000,-15.7,24,0.0002,0.34
13:21:03,22.254588,84.8798239,-0.121,-29.049,0.06,-0.000,0.000,-15.7,24,0.0002,0.34
13:21:03,22.254588,84.8798239,-0.121,-29.049,0.06,-0.000,0.000,-15.6,24,0.0002,0.34
13:21:03,22.254588,84.8798239,-0.121,-29.049,0.06,-0.000,0.000,-15.5,24,0.0002,0.34
13:21:03,22.254588,84.8798239,-0.121,-29.049,0.06,-0.000,0.000,-15.2,24,0.0002,0.34
13:21:03,22.254588,84.8798239,-0.121,-29.049,0.06,-0.000,0.000,-15.2,24,0.0002,0.34
13:21:03,22.254588,84.8798239,-0.121,-29.049,0.06,0.000,-0.000,-15.1,24,0.0002,0.34
13:21:03,22.254588,84.8798239,-0.121,-29.049,0.06,0.000,-0.000,-14.9,24,0.0002,0.34
13:21:03,22.254588,84.8798238,-0.138,-29.038,0.06,-0.000,0.000,-14.6,24,0.0002,0.33
13:21:03,22.254588,84.8798238,-0.138,-29.038,0.06,-0.000,0.000,-14.6,24,0.0002,0.33
13:21:03,22.254588,84.8798238,-0.138,-29.038,0.06,-0.000,0.000,-14.4,24,0.0002,0.33
13:21:03,22.254588,84.8798238,-0.138,-29.038,0.06,-0.000,0.000,-14.1,24,0.0002,0.33
13:21:03,22.254588,84.8798238,-0.138,-29.038,0.06,-0.000,0.000,-14.1,24,0.0002,0.33
13:21:03,22.254588,84.8798238,-0.138,-29.038,0.06,-0.000,0.000,-14.0,24,0.0002,0.33
13:21:03,22.254588,84.8798238,-0.138,-29.038,0.06,-0.000,0.000,-13.8,24,0.0002,0.33
13:21:03,22.254588,84.8798238,-0.138,-29.038,0.06,-0.000,0.000,-13.6,24,0.0002,0.33
13:21:04,22.254588,84.8798238,-0.138,-29.038,0.06,-0.000,0.000,-13.6,24,0.0002,0.33
13:21:04,22.2545881,84.8798239,-0.153,-29.026,0.06,-0.000,0.000,-13.5,24,0.0002,0.30
13:21:04,22.2545881,84.8798239,-0.153,-29.026,0.06,-0.000,0.000,-13.3,24,0.0002,0.30
13:21:04,22.2545881,84.8798239,-0.153,-29.026,0.06,-0.000,0.000,-13.2,24,0.0001,0.30
13:21:04,22.2545881,84.8798239,-0.153,-29.026,0.06,-0.000,0.000,-13.2,24,0.0001,0.30
13:21:04,22.2545881,84.8798239,-0.153,-29.026,0.06,-0.000,0.000,-13.2,24,0.0000,0.30
13:21:04,22.2545881,84.8798239,-0.153,-29.026,0.06,-0.000,0.000,-13.0,24,0.0000,0.30
13:21:04,22.2545881,84.8798239,-0.153,-29.026,0.06,-0.000,0.000,-13.0,24,0.0001,0.30
13:21:04,22.2545881,84.8798239,-0.153,-29.026,0.06,-0.000,0.000,-13.0,24,0.0001,0.30
13:21:04,22.2545881,84.8798239,-0.153,-29.026,0.06,-0.000,0.000,-12.9,24,0.0002,0.30
13:21:04,22.254588,84.8798239,-0.168,-29.016,0.06,-0.000,0.000,-12.7,25,0.0002,0.28
13:21:04,22.254588,84.8798239,-0.168,-29.016,0.06,-0.000,0.000,-12.7,25,0.0002,0.28
13:21:04,22.254588,84.8798239,-0.168,-29.016,0.06,-0.000,0.000,-12.6,25,0.0002,0.28
13:21:04,22.254588,84.8798239,-0.168,-29.016,0.06,-0.000,0.000,-12.5,25,0.0002,0.28
13:21:04,22.254588,84.8798239,-0.168,-29.016,0.06,-0.000,0.000,-12.5,25,0.0002,0.28
13:21:04,22.254588,84.8798239,-0.168,-29.016,0.06,-0.000,0.000,-12.4,25,0.0002,0.28
13:21:04,22.254588,84.8798239,-0.168,-29.016,0.06,0.000,0.000,-12.3,25,0.0002,0.28
13:21:04,22.254588,84.8798239,-0.168,-29.016,0.06,0.000,0.000,-12.3,25,0.0002,0.28
13:21:04,22.254588,84.8798239,-0.168,-29.016,0.06,0.000,-0.000,-12.3,25,0.0002,0.28
13:21:04,22.254588,84.8798239,-0.168,-29.016,0.06,0.000,-0.000,-12.2,25,0.0002,0.28
13:21:05,22.254588,84.8798239,-0.168,-29.016,0.06,0.000,-0.000,-12.1,25,0.0001,0.28
13:21:05,22.254588,84.8798239,-0.168,-29.016,0.06,0.000,-0.000,-12.1,25,0.0001,0.28
13:21:05,22.254588,84.8798239,-0.168,-29.016,0.06,0.000,-0.000,-12.1,25,0.0001,0.28
13:21:05,22.254588,84.8798239,-0.168,-29.016,0.06,0.000,-0.000,-12.0,25,0.0001,0.28
13:21:05,22.2545879,84.8798238,-0.183,-29.006,0.06,-0.000,0.000,-11.9,25,0.0001,0.26
13:21:05,22.2545879,84.8798238,-0.183,-29.006,0.06,-0.000,0.000,-11.9,25,0.0002,0.26
13:21:05,22.2545879,84.8798238,-0.183,-29.006,0.06,-0.000,0.000,-11.9,25,0.0002,0.26
13:21:05,22.2545879,84.8798238,-0.183,-29.006,0.06,-0.000,0.000,-11.8,25,0.0001,0.26
13:21:05,22.2545879,84.8798238,-0.183,-29.006,0.06,-0.000,0.000,-11.7,25,0.0001,0.26
13:21:05,22.2545879,84.8798238,-0.183,-29.006,0.06,-0.000,0.000,-11.7,25,0.0002,0.26
13:21:05,22.2545879,84.8798238,-0.183,-29.006,0.06,-0.000,0.000,-11.7,25,0.0002,0.26
13:21:05,22.2545879,84.8798238,-0.183,-29.006,0.06,-0.000,0.000,-11.6,25,0.0002,0.26
13:21:05,22.2545879,84.8798238,-0.183,-29.006,0.06,-0.000,0.000,-11.5,25,0.0002,0.26
13:21:05,22.2545878,84.8798239,-0.196,-28.998,0.06,-0.000,0.000,-11.5,25,0.0002,0.23
13:21:05,22.2545878,84.8798239,-0.196,-28.998,0.06,-0.000,0.000,-11.4,25,0.0002,0.23
13:21:05,22.2545878,84.8798239,-0.196,-28.998,0.06,-0.000,0.000,-11.3,25,0.0002,0.23
13:21:05,22.2545878,84.8798239,-0.196,-28.998,0.06,-0.000,0.000,-11.3,25,0.0002,0.23
13:21:05,22.2545868,84.8798244,-0.205,-28.998,0.06,-0.000,0.000,-11.1,25,0.0002,0.13
13:21:05,22.2545868,84.8798244,-0.205,-28.998,0.06,-0.000,0.000,-10.9,25,0.0002,0.13
13:21:05,22.2545868,84.8798244,-0.205,-28.998,0.06,-0.000,0.000,-10.8,25,0.0002,0.13
13:21:06,22.2545868,84.8798244,-0.205,-28.998,0.06,-0.000,0.000,-10.8,25,0.0002,0.13
13:21:06,22.2545868,84.8798244,-0.205,-28.998,0.06,-0.000,0.000,-10.6,25,0.0002,0.13
13:21:06,22.2545868,84.8798244,-0.205,-28.998,0.06,-0.000,0.000,-10.5,25,0.0000,0.13
13:21:06,22.2545868,84.8798244,-0.205,-28.998,0.06,-0.000,0.000,-10.4,25,0.0000,0.13
13:21:06,22.2545868,84.8798244,-0.205,-28.998,0.06,-0.000,0.000,-10.4,25,0.0002,0.13
13:21:06,22.2545868,84.8798244,-0.205,-28.998,0.06,-0.000,0.000,-10.1,25,0.0002,0.13
13:21:06,22.2545864,84.8798244,-0.213,-29.001,0.06,-0.000,-0.000,-10.0,25,0.0002,0.13
13:21:06,22.2545864,84.8798244,-0.213,-29.001,0.06,-0.000,-0.000,-10.0,25,0.0002,0.13
13:21:06,22.2545864,84.8798244,-0.213,-29.001,0.06,-0.000,-0.000,-10.0,25,0.0002,0.13
13:21:06,22.2545864,84.8798244,-0.213,-29.001,0.06,-0.000,-0.000,-9.8,25,0.0002,0.13
13:21:06,22.2545865,84.8798241,-0.223,-29.003,0.06,-0.000,-0.000,-9.7,25,0.0002,0.15
13:21:06,22.2545865,84.8798241,-0.223,-29.003,0.06,-0.000,-0.000,-9.7,25,0.0002,0.15
13:21:06,22.2545865,84.8798241,-0.223,-29.003,0.06,-0.000,-0.000,-9.7,25,0.0002,0.15
13:21:06,22.2545865,84.8798241,-0.223,-29.003,0.06,-0.000,-0.000,-9.5,25,0.0002,0.15
13:21:06,22.2545865,84.8798241,-0.223,-29.003,0.06,-0.000,-0.000,-9.4,25,0.0002,0.15
13:21:06,22.2545865,84.8798241,-0.223,-29.003,0.06,-0.000,-0.000,-9.2,25,0.0002,0.15
13:21:06,22.2545865,84.8798241,-0.223,-29.003,0.06,-0.000,-0.000,-9.2,25,0.0002,0.15
13:21:06,22.2545865,84.8798241,-0.223,-29.003,0.06,-0.000,-0.000,-9.1,25,0.0002,0.15
13:21:06,22.2545865,84.8798241,-0.223,-29.003,0.06,-0.000,-0.000,-9.0,25,0.0002,0.15
13:21:07,22.2545869,84.8798238,-0.234,-29.002,0.06,-0.001,0.000,-8.7,25,0.0002,0.17
13:21:07,22.2545869,84.8798238,-0.234,-29.002,0.06,-0.000,0.000,-8.7,25,0.0002,0.17
13:21:07,22.2545869,84.8798238,-0.234,-29.002,0.06,-0.000,0.000,-8.7,25,0.0002,0.17
13:21:07,22.2545869,84.8798238,-0.234,-29.002,0.06,-0.000,0.000,-8.5,25,0.0002,0.17
13:21:07,22.2545869,84.8798238,-0.234,-29.002,0.06,-0.000,0.000,-8.5,25,0.0002,0.17
13:21:07,22.2545873,84.8798232,-0.248,-28.998,0.06,-0.000,0.000,-8.3,25,0.0002,0.23
13:21:07,22.2545873,84.8798232,-0.248,-28.998,0.06,-0.000,0.000,-8.2,25,0.0002,0.23
13:21:07,22.2545873,84.8798232,-0.248,-28.998,0.06,-0.000,0.000,-8.1,25,0.0002,0.23
13:21:07,22.2545873,84.8798232,-0.248,-28.998,0.06,-0.000,0.000,-8.1,25,0.0002,0.23
13:21:07,22.2545873,84.8798232,-0.248,-28.998,0.06,-0.000,0.000,-8.0,25,0.0002,0.23
13:21:07,22.2545873,84.8798232,-0.248,-28.998,0.06,-0.000,0.000,-8.0,25,0.0003,0.23
13:21:07,22.2545873,84.8798232,-0.248,-28.998,0.06,-0.000,0.000,-7.9,25,0.0003,0.23
13:21:07,22.2545873,84.8798232,-0.248,-28.998,0.06,-0.000,0.000,-7.9,25,0.0003,0.23
13:21:07,22.2545873,84.8798232,-0.248,-28.998,0.06,-0.000,0.000,-7.9,25,0.0003,0.23
13:21:07,22.2545877,84.8798229,-0.263,-28.992,0.06,-0.000,0.000,-7.9,25,0.0004,0.26
13:21:07,22.2545877,84.8798229,-0.263,-28.992,0.06,-0.000,0.000,-7.9,25,0.0004,0.26
13:21:07,22.2545877,84.8798229,-0.263,-28.992,0.06,-0.000,0.000,-7.9,25,0.0003,0.26
13:21:07,22.2545877,84.8798229,-0.263,-28.992,0.06,-0.000,0.000,-7.9,25,0.0000,0.26
13:21:07,22.254588,84.8798224,-0.280,-28.984,0.06,-0.000,0.000,-7.9,25,0.0003,0.30
13:21:07,22.254588,84.8798224,-0.280,-28.984,0.06,-0.000,0.000,-7.8,25,0.0003,0.30
13:21:08,22.254588,84.8798224,-0.280,-28.984,0.06,-0.000,0.000,-7.8,25,0.0003,0.30
13:21:08,22.254588,84.8798224,-0.280,-28.984,0.06,-0.000,0.000,-7.5,25,0.0004,0.30
13:21:08,22.254588,84.8798224,-0.280,-28.984,0.06,-0.000,0.000,-7.5,25,0.0004,0.30
13:21:08,22.254588,84.8798224,-0.280,-28.984,0.06,-0.000,0.000,-7.2,25,0.0004,0.30
13:21:08,22.254588,84.8798224,-0.280,-28.984,0.06,-0.000,0.000,-7.2,25,0.0004,0.30
13:21:08,22.254588,84.8798224,-0.280,-28.984,0.06,-0.000,0.000,-6.9,25,0.0004,0.30
13:21:08,22.254588,84.8798224,-0.280,-28.984,0.06,-0.000,0.000,-6.8,25,0.0004,0.30
13:21:08,22.2545884,84.879822,-0.299,-28.974,0.06,-0.000,0.000,-7.0,25,0.0004,0.34
13:21:08,22.2545884,84.879822,-0.299,-28.974,0.06,-0.000,0.000,-7.0,25,0.0004,0.34
13:21:08,22.2545884,84.879822,-0.299,-28.974,0.06,-0.000,0.000,-7.3,25,0.0003,0.34
13:21:08,22.2545884,84.879822,-0.299,-28.974,0.06,-0.000,0.000,-8.1,25,0.0003,0.34
13:21:08,22.2545887,84.8798217,-0.318,-28.962,0.06,-0.000,0.000,-8.5,24,0.0004,0.36
13:21:08,22.2545887,84.8798217,-0.318,-28.962,0.06,-0.000,0.000,-8.5,24,0.0004,0.36
13:21:08,22.2545887,84.8798217,-0.318,-28.962,0.06,-0.000,0.000,-8.9,24,0.0004,0.36
13:21:08,22.2545887,84.8798217,-0.318,-28.962,0.06,-0.000,0.000,-9.5,24,0.0003,0.36
13:21:08,22.2545887,84.8798217,-0.318,-28.962,0.06,-0.000,0.000,-9.9,24,0.0003,0.36
13:21:08,22.2545887,84.8798217,-0.318,-28.962,0.06,-0.000,0.000,-9.9,24,0.0003,0.36
13:21:08,22.2545887,84.8798217,-0.318,-28.962,0.06,-0.000,0.000,-10.2,24,0.0003,0.36
13:21:08,22.2545887,84.8798217,-0.318,-28.962,0.06,-0.000,0.000,-10.8,24,0.0003,0.36
13:21:08,22.2545887,84.8798217,-0.318,-28.962,0.06,-0.000,0.000,-11.1,24,0.0003,0.36
13:21:09,22.2545889,84.8798215,-0.337,-28.950,0.06,-0.000,0.000,-11.1,24,0.0003,0.37
13:21:09,22.2545889,84.8798215,-0.337,-28.950,0.06,-0.000,0.000,-11.3,24,0.0003,0.37
13:21:09,22.2545889,84.8798215,-0.337,-28.950,0.06,-0.000,0.000,-11.9,24,0.0003,0.37
13:21:09,22.2545889,84.8798215,-0.337,-28.950,0.06,-0.000,0.000,-12.1,24,0.0003,0.37
13:21:09,22.2545893,84.8798215,-0.355,-28.936,0.06,-0.000,0.000,-12.1,24,0.0003,0.37
13:21:09,22.2545893,84.8798215,-0.355,-28.936,0.06,-0.000,0.000,-12.3,24,0.0003,0.37
13:21:09,22.2545893,84.8798215,-0.355,-28.936,0.06,-0.000,0.000,-12.7,24,0.0003,0.37
13:21:09,22.2545893,84.8798215,-0.355,-28.936,0.06,-0.000,0.000,-12.8,24,0.0003,0.37
13:21:09,22.2545893,84.8798215,-0.355,-28.936,0.06,-0.000,0.000,-12.8,24,0.0003,0.37
13:21:09,22.2545893,84.8798215,-0.355,-28.936,0.06,-0.000,0.000,-12.9,24,0.0003,0.37
13:21:09,22.2545893,84.8798215,-0.355,-28.936,0.06,-0.000,0.000,-13.2,24,0.0003,0.37
13:21:09,22.2545893,84.8798215,-0.355,-28.936,0.06,-0.000,0.000,-13.2,24,0.0003,0.37
13:21:09,22.2545893,84.8798215,-0.355,-28.936,0.06,-0.000,0.000,-13.3,24,0.0003,0.37
13:21:09,22.2545895,84.8798214,-0.373,-28.921,0.06,-0.000,0.000,-13.5,24,0.0000,0.37
13:21:09,22.2545895,84.8798214,-0.373,-28.921,0.06,-0.000,0.000,-13.5,24,0.0000,0.37
13:21:09,22.2545895,84.8798214,-0.373,-28.921,0.06,-0.000,0.000,-13.5,24,0.0003,0.37
13:21:09,22.2545895,84.8798214,-0.373,-28.921,0.06,-0.000,0.000,-13.7,24,0.0003,0.37
13:21:09,22.2545895,84.8798214,-0.373,-28.921,0.06,-0.000,0.000,-13.8,24,0.0002,0.37
13:21:09,22.2545897,84.8798213,-0.390,-28.906,0.06,-0.000,0.000,-13.8,24,0.0002,0.37
13:21:09,22.2545897,84.8798213,-0.390,-28.906,0.06,-0.000,0.000,-13.8,24,0.0002,0.37
13:21:10,22.2545897,84.8798213,-0.390,-28.906,0.06,-0.000,0.000,-13.8,24,0.0002,0.37
13:21:10,22.2545897,84.8798213,-0.390,-28.906,0.06,-0.000,0.000,-13.8,24,0.0002,0.37
13:21:10,22.2545897,84.8798213,-0.390,-28.906,0.06,-0.000,0.000,-13.8,25,0.0002,0.37
13:21:10,22.2545897,84.8798213,-0.390,-28.906,0.06,-0.000,0.000,-13.8,25,0.0002,0.37
13:21:10,22.2545897,84.8798213,-0.390,-28.906,0.06,-0.000,0.000,-13.7,25,0.0002,0.37
13:21:10,22.2545897,84.8798213,-0.390,-28.906,0.06,-0.000,0.000,-13.7,25,0.0002,0.37
13:21:10,22.2545897,84.8798213,-0.390,-28.906,0.06,-0.000,0.000,-13.7,25,0.0002,0.37
13:21:10,22.25459,84.8798213,-0.406,-28.890,0.06,-0.000,0.000,-13.6,25,0.0002,0.37
13:21:10,22.25459,84.8798213,-0.406,-28.890,0.06,-0.000,0.000,-13.4,25,0.0002,0.37
13:21:10,22.25459,84.8798213,-0.406,-28.890,0.06,-0.000,0.000,-13.3,25,0.0002,0.37
13:21:10,22.25459,84.8798213,-0.406,-28.890,0.06,-0.000,0.000,-13.3,25,0.0002,0.37
13:21:10,22.25459,84.8798213,-0.406,-28.890,0.06,-0.000,0.000,-13.2,25,0.0002,0.37
13:21:10,22.25459,84.8798213,-0.406,-28.890,0.06,-0.000,0.000,-13.0,25,0.0002,0.37
13:21:10,22.25459,84.8798213,-0.406,-28.890,0.06,-0.000,0.000,-12.9,25,0.0002,0.37
13:21:10,22.25459,84.8798213,-0.406,-28.890,0.06,-0.000,0.000,-12.9,25,0.0002,0.37
13:21:10,22.25459,84.8798213,-0.406,-28.890,0.06,-0.000,0.000,-12.7,25,0.0002,0.37
13:21:10,22.25459,84.8798213,-0.406,-28.890,0.06,-0.000,0.000,-12.6,25,0.0002,0.37
13:21:10,22.25459,84.8798213,-0.406,-28.890,0.06,-0.000,0.000,-12.5,25,0.0002,0.37
13:21:10,22.25459,84.8798213,-0.406,-28.890,0.06,-0.000,0.000,-12.5,25,0.0002,0.37
13:21:11,22.25459,84.8798213,-0.406,-28.890,0.06,-0.000,0.000,-12.3,25,0.0002,0.37
13:21:11,22.2545901,84.8798213,-0.421,-28.873,0.06,-0.000,0.000,-12.3,25,0.0002,0.35
13:21:11,22.2545901,84.8798213,-0.421,-28.873,0.06,-0.000,0.000,-12.2,25,0.0002,0.35
13:21:11,22.2545901,84.8798213,-0.421,-28.873,0.06,-0.000,0.000,-12.2,25,0.0002,0.35
13:21:11,22.2545901,84.8798213,-0.421,-28.873,0.06,-0.000,0.000,-11.9,25,0.0002,0.35
13:21:11,22.2545902,84.8798214,-0.435,-28.857,0.06,-0.000,0.000,-11.8,25,0.0002,0.33
13:21:11,22.2545902,84.8798214,-0.435,-28.857,0.06,-0.000,0.000,-11.7,25,0.0002,0.33
13:21:11,22.2545902,84.8798214,-0.435,-28.857,0.06,-0.000,0.000,-11.7,25,0.0002,0.33
13:21:11,22.2545902,84.8798214,-0.435,-28.857,0.06,-0.000,0.000,-11.6,25,0.0002,0.33
13:21:11,22.2545902,84.8798214,-0.435,-28.857,0.06,-0.000,0.000,-11.5,25,0.0002,0.33
13:21:11,22.2545902,84.8798214,-0.435,-28.857,0.06,-0.000,0.000,-11.4,25,0.0002,0.33
13:21:11,22.2545902,84.8798214,-0.435,-28.857,0.06,-0.000,0.000,-11.4,25,0.0000,0.33
13:21:11,22.2545902,84.8798214,-0.435,-28.857,0.06,-0.000,0.000,-11.3,25,0.0000,0.33
13:21:11,22.2545902,84.8798214,-0.435,-28.857,0.06,-0.000,0.000,-11.2,25,0.0003,0.33
13:21:11,22.2545901,84.8798214,-0.448,-28.843,0.06,-0.000,0.000,-11.2,25,0.0003,0.30
13:21:11,22.2545901,84.8798214,-0.448,-28.843,0.06,-0.000,0.000,-11.1,25,0.0002,0.30
13:21:11,22.2545901,84.8798214,-0.448,-28.843,0.06,-0.000,0.000,-11.0,25,0.0002,0.30
13:21:11,22.2545901,84.8798214,-0.448,-28.843,0.06,-0.000,0.000,-10.9,25,0.0003,0.30
13:21:11,22.2545901,84.8798214,-0.448,-28.843,0.06,-0.000,0.000,-10.8,25,0.0003,0.30
13:21:11,22.2545901,84.8798215,-0.459,-28.830,0.05,-0.000,0.000,-10.8,25,0.0004,0.28
13:21:12,22.2545901,84.8798215,-0.459,-28.830,0.05,-0.000,0.000,-10.7,25,0.0004,0.28
13:21:12,22.2545901,84.8798215,-0.459,-28.830,0.05,-0.000,0.000,-10.6,25,0.0003,0.28
13:21:12,22.2545901,84.8798215,-0.459,-28.830,0.05,-0.000,0.000,-10.5,25,0.0003,0.28
13:21:12,22.2545901,84.8798215,-0.459,-28.830,0.05,-0.000,0.000,-10.5,25,0.0003,0.28
13:21:12,22.2545901,84.8798215,-0.459,-28.830,0.05,-0.000,0.000,-10.5,25,0.0003,0.28
13:21:12,22.2545901,84.8798215,-0.459,-28.830,0.05,-0.000,0.000,-10.5,25,0.0002,0.28
13:21:12,22.2545901,84.8798215,-0.459,-28.830,0.05,-0.000,0.000,-10.4,25,0.0002,0.28
13:21:12,22.2545901,84.8798215,-0.459,-28.830,0.05,-0.000,0.000,-10.4,25,0.0002,0.28
13:21:12,22.2545901,84.8798215,-0.459,-28.830,0.05,-0.000,0.000,-10.4,25,0.0002,0.28
13:21:12,22.2545901,84.8798215,-0.459,-28.830,0.05,-0.000,0.000,-10.5,25,0.0002,0.28
13:21:12,22.2545901,84.8798215,-0.459,-28.830,0.05,-0.000,0.000,-10.5,25,0.0002,0.28
13:21:12,22.2545901,84.8798215,-0.459,-28.830,0.05,-0.000,0.000,-10.6,25,0.0002,0.28
13:21:12,22.25459,84.8798216,-0.470,-28.817,0.05,-0.000,0.000,-10.7,25,0.0003,0.25
13:21:12,22.25459,84.8798216,-0.470,-28.817,0.05,-0.000,0.000,-10.7,25,0.0003,0.25
13:21:12,22.25459,84.8798216,-0.470,-28.817,0.05,-0.000,0.000,-10.9,25,0.0003,0.25
13:21:12,22.25459,84.8798216,-0.470,-28.817,0.05,-0.000,0.000,-11.0,25,0.0003,0.25
13:21:12,22.25459,84.8798216,-0.470,-28.817,0.05,-0.000,0.000,-11.1,25,0.0002,0.25
13:21:12,22.25459,84.8798216,-0.470,-28.817,0.05,-0.000,0.000,-11.1,25,0.0002,0.25
13:21:12,22.25459,84.8798216,-0.470,-28.817,0.05,-0.000,0.000,-11.2,25,0.0002,0.25
13:21:12,22.25459,84.8798216,-0.470,-28.817,0.05,-0.000,0.000,-11.3,25,0.0002,0.25
13:21:13,22.25459,84.8798216,-0.470,-28.817,0.05,-0.000,0.000,-11.3,25,0.0002,0.25
13:21:13,22.25459,84.8798216,-0.470,-28.817,0.05,-0.000,0.000,-11.4,25,0.0002,0.25
13:21:13,22.25459,84.8798216,-0.470,-28.817,0.05,-0.000,0.000,-11.5,25,0.0002,0.25
13:21:13,22.25459,84.8798216,-0.470,-28.817,0.05,-0.000,0.000,-11.6,25,0.0002,0.25
13:21:13,22.25459,84.8798216,-0.470,-28.817,0.05,-0.000,0.000,-11.6,25,0.0002,0.25
13:21:13,22.25459,84.8798216,-0.470,-28.817,0.05,-0.000,0.000,-11.6,25,0.0000,0.25
13:21:13,22.2545901,84.8798216,-0.480,-28.805,0.05,-0.000,0.000,-11.7,25,0.0000,0.24
13:21:13,22.2545901,84.8798216,-0.480,-28.805,0.05,-0.000,0.000,-11.8,25,0.0002,0.24
13:21:13,22.2545901,84.8798216,-0.480,-28.805,0.05,-0.000,0.000,-11.8,25,0.0002,0.24
13:21:13,22.2545901,84.8798216,-0.480,-28.805,0.05,-0.000,0.000,-11.9,25,0.0002,0.24
13:21:13,22.2545901,84.8798216,-0.480,-28.805,0.05,-0.000,0.000,-12.0,26,0.0002,0.24
13:21:13,22.2545901,84.8798216,-0.480,-28.805,0.05,-0.000,0.000,-12.2,26,0.0002,0.24
13:21:13,22.2545901,84.8798216,-0.480,-28.805,0.05,-0.000,0.000,-12.2,26,0.0002,0.24
13:21:13,22.2545901,84.8798216,-0.480,-28.805,0.05,-0.000,0.000,-12.3,26,0.0002,0.24
13:21:13,22.2545901,84.8798216,-0.480,-28.805,0.05,-0.000,0.000,-12.5,26,0.0002,0.24
13:21:13,22.2545901,84.8798218,-0.488,-28.793,0.05,-0.000,0.000,-12.6,26,0.0002,0.21
13:21:13,22.2545901,84.8798218,-0.488,-28.793,0.05,-0.000,0.000,-12.6,26,0.0002,0.21
13:21:13,22.2545901,84.8798218,-0.488,-28.793,0.05,-0.000,0.000,-12.8,26,0.0002,0.21
13:21:13,22.2545901,84.8798218,-0.488,-28.793,0.05,-0.000,0.000,-12.9,26,0.0002,0.21
13:21:13,22.2545903,84.8798219,-0.495,-28.781,0.06,-0.000,0.000,-12.9,26,0.0002,0.21
13:21:14,22.2545903,84.8798219,-0.495,-28.781,0.06,-0.000,0.000,-13.0,26,0.0002,0.21
13:21:14,22.2545903,84.8798219,-0.495,-28.781,0.06,-0.000,0.000,-13.1,26,0.0002,0.21
13:21:14,22.2545903,84.8798219,-0.495,-28.781,0.06,-0.000,0.000,-13.2,26,0.0002,0.21
13:21:14,22.2545903,84.8798219,-0.495,-28.781,0.06,-0.000,0.000,-13.2,26,0.0002,0.21
13:21:14,22.2545903,84.8798219,-0.495,-28.781,0.06,-0.000,0.000,-13.3,26,0.0002,0.21
13:21:14,22.2545903,84.8798219,-0.495,-28.781,0.06,-0.000,0.000,-13.3,26,0.0002,0.21
13:21:14,22.2545903,84.8798219,-0.495,-28.781,0.06,-0.000,0.000,-13.4,26,0.0002,0.21
13:21:14,22.2545903,84.8798219,-0.495,-28.781,0.06,-0.000,0.000,-13.4,26,0.0002,0.21
13:21:14,22.2545904,84.879822,-0.500,-28.768,0.06,-0.000,0.000,-13.5,26,0.0002,0.20
13:21:14,22.2545904,84.879822,-0.500,-28.768,0.06,-0.000,0.000,-13.6,26,0.0002,0.20
13:21:14,22.2545904,84.879822,-0.500,-28.768,0.06,-0.000,0.000,-13.7,26,0.0002,0.20
13:21:14,22.2545904,84.879822,-0.500,-28.768,0.06,-0.000,0.000,-13.7,26,0.0002,0.20
13:21:14,22.2545905,84.8798221,-0.504,-28.757,0.06,-0.000,0.000,-13.7,26,0.0002,0.19
13:21:14,22.2545905,84.8798221,-0.504,-28.757,0.06,-0.000,0.000,-13.8,26,0.0002,0.19
13:21:14,22.2545905,84.8798221,-0.504,-28.757,0.06,-0.000,0.000,-13.8,26,0.0002,0.19
13:21:14,22.2545905,84.8798221,-0.504,-28.757,0.06,-0.000,0.000,-13.8,26,0.0002,0.19
13:21:14,22.2545905,84.8798221,-0.504,-28.757,0.06,-0.000,0.000,-13.8,26,0.0002,0.19
13:21:14,22.2545905,84.8798221,-0.504,-28.757,0.06,0.000,0.000,-13.8,26,0.0002,0.19
13:21:14,22.2545905,84.8798221,-0.504,-28.757,0.06,0.000,0.000,-13.8,26,0.0002,0.19
13:21:15,22.2545905,84.8798221,-0.504,-28.757,0.06,0.000,0.000,-13.8,26,0.0002,0.19
13:21:15,22.2545905,84.8798221,-0.504,-28.757,0.06,0.000,0.000,-13.8,26,0.0002,0.19
13:21:15,22.2545907,84.8798221,-0.508,-28.744,0.05,-0.000,0.000,-13.8,26,0.0002,0.20
13:21:15,22.2545907,84.8798221,-0.508,-28.744,0.05,-0.000,0.000,-13.8,26,0.0000,0.20
13:21:15,22.2545907,84.8798221,-0.508,-28.744,0.05,-0.000,0.000,-13.8,26,0.0002,0.20
13:21:15,22.2545907,84.8798221,-0.508,-28.744,0.06,-0.000,0.000,-13.9,26,0.0002,0.20
13:21:15,22.254591,84.8798221,-0.512,-28.731,0.06,-0.000,0.000,-13.9,26,0.0002,0.22
13:21:15,22.254591,84.8798221,-0.512,-28.731,0.06,-0.000,0.000,-13.9,26,0.0002,0.22
13:21:15,22.254591,84.8798221,-0.512,-28.731,0.06,-0.000,0.000,-13.9,26,0.0003,0.22
13:21:15,22.254591,84.8798221,-0.512,-28.731,0.06,-0.000,0.000,-13.9,26,0.0003,0.22
13:21:15,22.2545911,84.8798221,-0.515,-28.718,0.06,-0.000,0.000,-14.0,26,0.0002,0.22
13:21:15,22.2545911,84.8798221,-0.515,-28.718,0.06,-0.000,0.000,-14.0,26,0.0002,0.22
13:21:15,22.2545911,84.8798221,-0.515,-28.718,0.06,-0.000,0.000,-14.0,26,0.0002,0.22
13:21:15,22.2545911,84.8798221,-0.515,-28.718,0.06,-0.000,0.000,-14.1,26,0.0002,0.22
13:21:15,22.2545911,84.8798221,-0.515,-28.718,0.06,-0.000,0.000,-14.1,26,0.0002,0.22
13:21:15,22.2545911,84.8798221,-0.515,-28.718,0.06,-0.000,0.000,-14.1,26,0.0002,0.22
13:21:15,22.2545911,84.8798221,-0.515,-28.718,0.06,-0.000,0.000,-14.2,26,0.0002,0.22
13:21:15,22.2545911,84.8798221,-0.515,-28.718,0.06,-0.000,0.000,-14.2,26,0.0002,0.22
13:21:15,22.2545911,84.8798221,-0.515,-28.718,0.06,-0.000,0.000,-14.2,26,0.0002,0.22
13:21:15,22.2545913,84.8798222,-0.518,-28.704,0.06,-0.000,0.000,-14.2,26,0.0002,0.22
13:21:16,22.2545913,84.8798222,-0.518,-28.704,0.06,-0.000,0.000,-14.1,26,0.0002,0.22
13:21:16,22.2545913,84.8798222,-0.518,-28.704,0.06,0.000,0.000,-14.1,26,0.0002,0.22
13:21:16,22.2545913,84.8798222,-0.518,-28.704,0.06,0.000,0.000,-14.0,26,0.0002,0.22
13:21:16,22.2545915,84.8798222,-0.520,-28.690,0.05,0.000,0.000,-14.0,26,0.0002,0.23
13:21:16,22.2545915,84.8798222,-0.520,-28.690,0.05,0.000,0.000,-13.8,26,0.0002,0.23
13:21:16,22.2545915,84.8798222,-0.520,-28.690,0.05,0.000,0.000,-13.7,26,0.0002,0.23
13:21:16,22.2545915,84.8798222,-0.520,-28.690,0.05,0.000,0.000,-13.5,26,0.0002,0.23
13:21:16,22.2545915,84.8798222,-0.520,-28.690,0.05,0.000,0.000,-13.5,26,0.0002,0.23
13:21:16,22.2545915,84.8798222,-0.520,-28.690,0.05,0.000,0.000,-13.2,26,0.0002,0.23
13:21:16,22.2545915,84.8798222,-0.520,-28.690,0.05,0.000,0.000,-13.0,26,0.0002,0.23
13:21:16,22.2545915,84.8798222,-0.520,-28.690,0.05,0.000,0.000,-12.8,26,0.0002,0.23
13:21:16,22.2545915,84.8798222,-0.520,-28.690,0.05,0.000,0.000,-12.8,26,0.0002,0.23
13:21:16,22.2545916,84.8798223,-0.522,-28.676,0.06,-0.000,0.000,-12.4,26,0.0002,0.23
13:21:16,22.2545916,84.8798223,-0.522,-28.676,0.06,-0.000,0.000,-12.2,26,0.0002,0.23
13:21:16,22.2545916,84.8798223,-0.522,-28.676,0.06,-0.000,0.000,-12.0,26,0.0002,0.23
13:21:16,22.2545916,84.8798223,-0.522,-28.676,0.06,-0.000,0.000,-12.0,26,0.0002,0.23
13:21:17,22.2545916,84.8798223,-0.522,-28.676,0.06,-0.000,0.000,-11.7,26,0.0002,0.23
13:21:17,22.2545917,84.8798222,-0.524,-28.662,0.06,-0.000,0.001,-11.6,26,0.0002,0.23
13:21:17,22.2545917,84.8798222,-0.524,-28.662,0.06,-0.000,0.001,-11.4,26,0.0002,0.23
13:21:17,22.2545917,84.8798222,-0.524,-28.662,0.06,-0.000,0.001,-11.4,26,0.0000,0.23
13:21:17,22.2545917,84.8798222,-0.524,-28.662,0.06,-0.000,0.001,-11.2,26,0.0000,0.23
13:21:17,22.2545917,84.8798222,-0.524,-28.662,0.06,-0.000,0.000,-11.1,26,0.0002,0.23
13:21:17,22.2545917,84.8798222,-0.524,-28.662,0.06,-0.000,0.000,-11.1,26,0.0002,0.23
13:21:17,22.2545917,84.8798222,-0.524,-28.662,0.06,-0.000,0.000,-11.1,26,0.0002,0.23
13:21:17,22.2545917,84.8798222,-0.524,-28.662,0.06,-0.000,0.000,-10.9,26,0.0002,0.23
13:21:17,22.2545918,84.8798222,-0.526,-28.649,0.06,-0.000,0.000,-10.9,26,0.0002,0.22
13:21:17,22.2545918,84.8798222,-0.526,-28.649,0.06,-0.000,0.000,-10.7,26,0.0002,0.22
13:21:17,22.2545918,84.8798222,-0.526,-28.649,0.06,-0.000,0.000,-10.7,26,0.0002,0.22
13:21:17,22.2545918,84.8798222,-0.526,-28.649,0.06,-0.000,0.000,-10.7,26,0.0002,0.22
13:21:17,22.2545918,84.8798222,-0.526,-28.649,0.06,-0.000,0.000,-10.6,26,0.0002,0.22
13:21:17,22.2545918,84.8798221,-0.529,-28.636,0.05,-0.000,0.000,-10.6,27,0.0002,0.21
13:21:17,22.2545918,84.8798221,-0.529,-28.636,0.05,-0.000,0.000,-10.5,27,0.0002,0.21
13:21:17,22.2545918,84.8798221,-0.529,-28.636,0.05,-0.000,0.000,-10.5,27,0.0002,0.21
13:21:17,22.2545918,84.8798221,-0.529,-28.636,0.05,-0.000,0.000,-10.4,27,0.0002,0.21
13:21:17,22.2545918,84.8798221,-0.529,-28.636,0.05,-0.000,0.000,-10.4,27,0.0002,0.21
13:21:17,22.2545918,84.8798221,-0.529,-28.636,0.05,-0.000,0.000,-10.3,27,0.0002,0.21
13:21:17,22.2545918,84.8798221,-0.529,-28.636,0.05,-0.000,0.000,-10.3,27,0.0002,0.21
13:21:17,22.2545918,84.8798221,-0.529,-28.636,0.05,-0.000,0.000,-10.3,27,0.0002,0.21
13:21:17,22.2545918,84.8798221,-0.529,-28.636,0.05,-0.000,0.000,-10.3,27,0.0002,0.21
13:21:17,22.2545918,84.8798221,-0.529,-28.636,0.05,-0.000,0.000,-10.3,27,0.0002,0.21
13:21:18,22.2545918,84.8798221,-0.529,-28.636,0.05,-0.000,0.000,-10.4,27,0.0002,0.21
13:21:18,22.2545918,84.8798221,-0.529,-28.636,0.05,-0.000,0.000,-10.4,27,0.0002,0.21
13:21:18,22.2545918,84.8798221,-0.529,-28.636,0.05,-0.000,0.000,-10.5,27,0.0002,0.21
13:21:18,22.2545918,84.879822,-0.532,-28.624,0.06,-0.000,0.000,-10.6,27,0.0002,0.20
13:21:18,22.2545918,84.879822,-0.532,-28.624,0.06,-0.000,0.000,-10.8,27,0.0002,0.20
13:21:18,22.2545918,84.879822,-0.532,-28.624,0.06,-0.000,0.000,-10.8,27,0.0002,0.20
13:21:18,22.2545918,84.879822,-0.532,-28.624,0.06,-0.000,0.000,-10.9,27,0.0002,0.20
13:21:18,22.2545918,84.879822,-0.532,-28.624,0.06,-0.000,0.000,-11.0,27,0.0002,0.20
13:21:18,22.2545918,84.879822,-0.532,-28.624,0.06,0.000,0.000,-11.3,27,0.0002,0.20
13:21:18,22.2545918,84.879822,-0.532,-28.624,0.06,0.000,0.000,-11.3,27,0.0002,0.20
13:21:18,22.2545918,84.879822,-0.532,-28.624,0.06,0.000,0.000,-11.4,27,0.0002,0.20
13:21:18,22.2545918,84.879822,-0.532,-28.624,0.06,0.000,-0.000,-11.7,27,0.0002,0.20
13:21:18,22.2545918,84.8798219,-0.535,-28.612,0.06,-0.000,0.000,-11.8,27,0.0002,0.19
13:21:18,22.2545918,84.8798219,-0.535,-28.612,0.06,-0.000,0.000,-11.8,27,0.0002,0.19
13:21:18,22.2545918,84.8798219,-0.535,-28.612,0.06,-0.000,0.000,-11.9,27,0.0000,0.19
13:21:18,22.2545918,84.8798219,-0.535,-28.612,0.06,-0.000,0.000,-12.0,27,0.0000,0.19
13:21:18,22.2545918,84.8798218,-0.539,-28.601,0.06,-0.000,0.000,-12.2,27,0.0002,0.18
13:21:18,22.2545918,84.8798218,-0.539,-28.601,0.06,-0.000,0.000,-12.2,27,0.0002,0.18
13:21:18,22.2545918,84.8798218,-0.539,-28.601,0.06,-0.000,0.000,-12.2,27,0.0002,0.18
13:21:19,22.2545918,84.8798218,-0.539,-28.601,0.06,-0.000,0.000,-12.3,27,0.0002,0.18
13:21:19,22.2545918,84.8798218,-0.539,-28.601,0.06,-0.000,0.000,-12.3,27,0.0002,0.18
13:21:19,22.2545918,84.8798218,-0.539,-28.601,0.06,-0.000,0.000,-12.5,27,0.0002,0.18
13:21:19,22.2545918,84.8798218,-0.539,-28.601,0.06,-0.000,0.000,-12.6,27,0.0002,0.18
13:21:19,22.2545918,84.8798218,-0.539,-28.601,0.06,-0.000,0.000,-12.8,27,0.0002,0.18
13:21:19,22.2545918,84.8798218,-0.539,-28.601,0.06,-0.000,0.000,-12.8,27,0.0002,0.18
13:21:19,22.2545917,84.8798217,-0.544,-28.592,0.06,-0.000,0.000,-12.9,27,0.0003,0.16
13:21:19,22.2545917,84.8798217,-0.544,-28.592,0.06,-0.000,0.000,-13.0,27,0.0003,0.16
13:21:19,22.2545917,84.8798217,-0.544,-28.592,0.06,-0.000,0.000,-13.1,27,0.0002,0.16
13:21:19,22.2545917,84.8798217,-0.544,-28.592,0.06,-0.000,0.000,-13.1,27,0.0002,0.16
13:21:19,22.2545917,84.8798217,-0.544,-28.592,0.06,-0.000,0.000,-13.2,27,0.0002,0.16
13:21:19,22.2545917,84.8798216,-0.548,-28.583,0.06,-0.000,0.000,-13.3,27,0.0002,0.16
13:21:19,22.2545917,84.8798216,-0.548,-28.583,0.06,-0.000,0.000,-13.4,27,0.0002,0.16
13:21:19,22.2545917,84.8798216,-0.548,-28.583,0.06,-0.000,0.000,-13.4,27,0.0002,0.16
13:21:19,22.2545917,84.8798216,-0.548,-28.583,0.06,-0.000,0.000,-13.4,27,0.0003,0.16
13:21:19,22.2545917,84.8798216,-0.548,-28.583,0.06,-0.000,0.000,-13.6,27,0.0003,0.16
13:21:19,22.2545917,84.8798216,-0.548,-28.583,0.06,-0.000,0.000,-13.7,27,0.0005,0.16
13:21:19,22.2545917,84.8798216,-0.548,-28.583,0.06,-0.000,0.000,-13.8,27,0.0005,0.16
13:21:19,22.2545917,84.8798216,-0.548,-28.583,0.06,-0.000,0.000,-13.8,27,0.0003,0.16
13:21:19,22.2545917,84.8798216,-0.548,-28.583,0.06,-0.000,0.000,-13.8,27,0.0003,0.16
13:21:20,22.2545916,84.8798215,-0.553,-28.576,0.06,-0.000,0.000,-13.9,27,0.0003,0.14
13:21:20,22.2545916,84.8798215,-0.553,-28.576,0.06,-0.000,0.000,-13.9,27,0.0005,0.14
13:21:20,22.2545916,84.8798215,-0.553,-28.576,0.06,-0.000,0.000,-14.0,27,0.0003,0.14
13:21:20,22.2545916,84.8798215,-0.553,-28.576,0.06,-0.000,0.000,-14.1,27,0.0003,0.14
13:21:20,22.2545916,84.8798214,-0.559,-28.569,0.06,-0.000,0.000,-14.2,27,0.0003,0.14
13:21:20,22.2545916,84.8798214,-0.559,-28.569,0.06,-0.000,0.000,-14.2,27,0.0003,0.14
13:21:20,22.2545916,84.8798214,-0.559,-28.569,0.06,-0.000,0.000,-14.2,27,0.0003,0.14
13:21:20,22.2545916,84.8798214,-0.559,-28.569,0.06,-0.000,0.000,-14.2,27,0.0003,0.14
13:21:20,22.2545916,84.8798214,-0.559,-28.569,0.06,-0.000,0.000,-14.2,27,0.0003,0.14
13:21:20,22.2545916,84.8798214,-0.559,-28.569,0.06,-0.000,0.000,-14.2,27,0.0003,0.14
13:21:20,22.2545916,84.8798214,-0.559,-28.569,0.06,-0.000,0.000,-14.2,27,0.0003,0.14
13:21:20,22.2545916,84.8798214,-0.559,-28.569,0.06,-0.000,0.000,-14.1,27,0.0003,0.14
13:21:20,22.2545916,84.8798214,-0.559,-28.569,0.06,-0.000,0.000,-14.1,27,0.0000,0.14
13:21:20,22.2545917,84.8798214,-0.564,-28.561,0.06,-0.000,0.000,-14.1,27,0.0004,0.14
13:21:20,22.2545917,84.8798214,-0.564,-28.561,0.06,-0.000,0.000,-14.0,27,0.0004,0.14
13:21:20,22.2545917,84.8798214,-0.564,-28.561,0.06,-0.000,0.000,-14.0,27,0.0004,0.14
13:21:20,22.2545917,84.8798214,-0.564,-28.561,0.06,-0.000,0.000,-14.0,27,0.0004,0.14
13:21:20,22.2545917,84.8798214,-0.564,-28.561,0.06,-0.000,0.000,-14.0,27,0.0004,0.14
13:21:20,22.2545917,84.8798214,-0.564,-28.561,0.05,-0.000,0.000,-14.0,27,0.0006,0.14
13:21:20,22.2545917,84.8798214,-0.564,-28.561,0.05,-0.000,0.000,-14.0,27,0.0006,0.14
13:21:21,22.2545917,84.8798214,-0.564,-28.561,0.05,-0.000,0.000,-14.0,27,0.0003,0.14
13:21:21,22.2545917,84.8798214,-0.564,-28.561,0.05,-0.000,0.000,-14.0,27,0.0003,0.14
13:21:21,22.2545917,84.8798214,-0.564,-28.561,0.05,-0.000,0.000,-14.0,27,0.0003,0.14
13:21:21,22.2545917,84.8798214,-0.564,-28.561,0.05,-0.000,0.000,-14.0,27,0.0003,0.14
13:21:21,22.2545917,84.8798214,-0.564,-28.561,0.05,0.000,0.000,-14.0,27,0.0003,0.14
13:21:21,22.2545917,84.8798214,-0.564,-28.561,0.05,0.000,0.000,-14.0,27,0.0003,0.14
13:21:21,22.2545917,84.8798214,-0.564,-28.561,0.05,0.000,0.000,-13.9,27,0.0003,0.14
13:21:21,22.2545917,84.8798214,-0.564,-28.561,0.05,0.000,0.000,-13.9,27,0.0002,0.14
13:21:21,22.2545917,84.8798214,-0.564,-28.561,0.05,0.000,0.000,-13.9,27,0.0005,0.14
13:21:21,22.2545917,84.8798214,-0.564,-28.561,0.05,0.000,0.000,-13.9,27,0.0005,0.14
13:21:21,22.2545917,84.8798214,-0.564,-28.561,0.05,0.000,0.000,-13.9,27,0.0005,0.14
13:21:21,22.2545917,84.8798214,-0.564,-28.561,0.06,-0.000,0.000,-13.9,27,0.0003,0.14
13:21:21,22.2545917,84.8798214,-0.564,-28.561,0.06,-0.000,0.000,-13.9,27,0.0003,0.14
13:21:21,22.2545917,84.8798214,-0.564,-28.561,0.06,-0.000,0.000,-13.9,27,0.0002,0.14
13:21:21,22.2545917,84.8798214,-0.564,-28.561,0.06,-0.000,0.000,-13.9,27,0.0002,0.14
13:21:21,22.2545917,84.8798214,-0.564,-28.561,0.06,-0.000,0.000,-13.8,27,0.0003,0.14
13:21:21,22.2545917,84.8798214,-0.564,-28.561,0.06,-0.000,0.000,-13.8,27,0.0003,0.14
13:21:21,22.2545917,84.8798214,-0.564,-28.561,0.06,-0.000,0.000,-13.8,27,0.0003,0.14
13:21:21,22.2545917,84.8798214,-0.564,-28.561,0.06,-0.000,0.000,-13.8,27,0.0003,0.14
13:21:22,22.2545917,84.8798214,-0.564,-28.561,0.06,-0.000,0.000,-13.8,27,0.0003,0.14
13:21:22,22.2545918,84.8798213,-0.570,-28.553,0.06,-0.000,0.000,-13.7,28,0.0003,0.15
13:21:22,22.2545918,84.8798213,-0.570,-28.553,0.06,-0.000,0.000,-13.7,28,0.0003,0.15
13:21:22,22.2545918,84.8798213,-0.570,-28.553,0.06,-0.000,0.000,-13.7,28,0.0003,0.15
13:21:22,22.2545918,84.8798213,-0.570,-28.553,0.06,-0.000,0.000,-13.7,28,0.0003,0.15
13:21:22,22.2545919,84.8798213,-0.575,-28.544,0.06,-0.000,0.000,-13.7,28,0.0002,0.15
13:21:22,22.2545919,84.8798213,-0.575,-28.544,0.06,-0.000,0.000,-13.7,28,0.0002,0.15
13:21:22,22.2545919,84.8798213,-0.575,-28.544,0.06,-0.000,0.000,-13.7,28,0.0002,0.15
13:21:22,22.2545919,84.8798213,-0.575,-28.544,0.06,-0.000,0.000,-13.7,28,0.0002,0.15
13:21:22,22.2545919,84.8798213,-0.575,-28.544,0.06,-0.000,0.000,-13.7,28,0.0000,0.15
13:21:22,22.2545919,84.8798213,-0.575,-28.544,0.06,-0.000,0.000,-13.7,28,0.0000,0.15
13:21:22,22.2545919,84.8798213,-0.575,-28.544,0.06,-0.000,0.000,-13.7,28,0.0002,0.15
13:21:22,22.2545919,84.8798213,-0.575,-28.544,0.06,-0.000,0.000,-13.7,28,0.0002,0.15
13:21:22,22.2545919,84.8798213,-0.575,-28.544,0.06,-0.000,0.000,-13.7,28,0.0002,0.15
13:21:22,22.2545919,84.8798212,-0.581,-28.536,0.06,-0.000,0.000,-13.7,28,0.0002,0.14
13:21:22,22.2545919,84.8798212,-0.581,-28.536,0.06,-0.000,0.000,-13.7,28,0.0002,0.14
13:21:22,22.2545919,84.8798212,-0.581,-28.536,0.06,-0.000,0.000,-13.6,28,0.0002,0.14
13:21:22,22.2545919,84.8798212,-0.581,-28.536,0.06,-0.000,0.000,-13.6,28,0.0002,0.14
13:21:22,22.254592,84.8798211,-0.587,-28.528,0.05,-0.000,0.000,-13.6,28,0.0003,0.15
13:21:22,22.254592,84.8798211,-0.587,-28.528,0.05,-0.000,0.000,-13.6,28,0.0003,0.15
13:21:23,22.254592,84.8798211,-0.587,-28.528,0.05,-0.000,0.000,-13.5,28,0.0003,0.15
13:21:23,22.254592,84.8798211,-0.587,-28.528,0.05,-0.000,0.000,-13.5,28,0.0003,0.15
13:21:23,22.254592,84.8798211,-0.587,-28.528,0.05,-0.000,0.000,-13.5,28,0.0002,0.15
13:21:23,22.254592,84.8798211,-0.587,-28.528,0.05,-0.000,0.000,-13.5,28,0.0002,0.15
13:21:23,22.254592,84.8798211,-0.587,-28.528,0.05,-0.000,0.000,-13.4,28,0.0002,0.15
13:21:23,22.254592,84.8798211,-0.587,-28.528,0.05,-0.000,0.000,-13.4,28,0.0002,0.15
13:21:23,22.254592,84.8798211,-0.587,-28.528,0.05,-0.000,0.000,-13.4,28,0.0002,0.15
13:21:23,22.2545922,84.8798211,-0.593,-28.520,0.05,-0.000,0.000,-13.3,28,0.0002,0.15
13:21:23,22.2545922,84.8798211,-0.593,-28.520,0.05,-0.000,0.000,-13.3,28,0.0002,0.15
13:21:23,22.2545922,84.8798211,-0.593,-28.520,0.05,-0.000,0.000,-13.2,28,0.0002,0.15
13:21:23,22.2545922,84.8798211,-0.593,-28.520,0.05,-0.000,0.000,-13.2,28,0.0002,0.15
13:21:23,22.2545922,84.8798211,-0.593,-28.520,0.05,-0.000,0.000,-13.2,28,0.0002,0.15
13:21:23,22.2545922,84.879821,-0.599,-28.511,0.05,-0.000,0.000,-13.2,28,0.0002,0.15
13:21:23,22.2545922,84.879821,-0.599,-28.511,0.05,-0.000,0.000,-13.2,28,0.0002,0.15
13:21:23,22.2545922,84.879821,-0.599,-28.511,0.05,-0.000,0.000,-13.2,28,0.0002,0.15
13:21:23,22.2545922,84.879821,-0.599,-28.511,0.05,-0.000,0.000,-13.3,28,0.0002,0.15
13:21:23,22.2545922,84.879821,-0.599,-28.511,0.05,-0.000,0.000,-13.3,28,0.0002,0.15
13:21:23,22.2545922,84.879821,-0.599,-28.511,0.05,-0.000,0.000,-13.3,28,0.0002,0.15
13:21:23,22.2545922,84.879821,-0.599,-28.511,0.05,-0.000,0.000,-13.4,28,0.0002,0.15
13:21:23,22.2545922,84.879821,-0.599,-28.511,0.05,-0.000,0.000,-13.4,28,0.0002,0.15
13:21:24,22.2545922,84.879821,-0.599,-28.511,0.05,-0.000,0.000,-13.5,28,0.0002,0.15
13:21:24,22.2545923,84.879821,-0.604,-28.503,0.05,-0.000,0.000,-13.5,28,0.0002,0.15
13:21:24,22.2545923,84.879821,-0.604,-28.503,0.05,-0.000,0.000,-13.5,28,0.0002,0.15
13:21:24,22.2545923,84.879821,-0.604,-28.503,0.05,-0.000,0.000,-13.5,28,0.0002,0.15
13:21:24,22.2545923,84.879821,-0.604,-28.503,0.05,-0.000,0.000,-13.4,28,0.0002,0.15
13:21:24,22.2545924,84.8798209,-0.610,-28.495,0.05,-0.000,0.000,-13.4,28,0.0002,0.15
13:21:24,22.2545924,84.8798209,-0.610,-28.495,0.05,-0.000,0.000,-13.4,28,0.0000,0.15
13:21:24,22.2545924,84.8798209,-0.610,-28.495,0.05,-0.000,0.000,-13.4,28,0.0000,0.15
13:21:24,22.2545924,84.8798209,-0.610,-28.495,0.05,-0.000,0.000,-13.3,28,0.0002,0.15
13:21:24,22.2545924,84.8798209,-0.610,-28.495,0.05,-0.000,0.000,-13.3,28,0.0002,0.15
13:21:24,22.2545924,84.8798209,-0.610,-28.495,0.05,-0.000,0.000,-13.3,28,0.0003,0.15
13:21:24,22.2545924,84.8798209,-0.610,-28.495,0.05,-0.000,0.000,-13.2,28,0.0003,0.15
13:21:24,22.2545924,84.8798209,-0.610,-28.495,0.05,-0.000,0.000,-13.1,28,0.0002,0.15
13:21:24,22.2545924,84.8798209,-0.610,-28.495,0.05,-0.000,0.000,-13.1,28,0.0002,0.15
13:21:24,22.2545925,84.8798208,-0.616,-28.486,0.05,-0.000,0.000,-13.1,28,0.0002,0.16
13:21:24,22.2545925,84.8798208,-0.616,-28.486,0.05,-0.000,0.000,-13.1,28,0.0002,0.16
13:21:24,22.2545925,84.8798208,-0.616,-28.486,0.05,-0.000,0.000,-13.1,28,0.0002,0.16
13:21:24,22.2545925,84.8798208,-0.616,-28.486,0.05,-0.000,0.000,-13.1,28,0.0002,0.16
13:21:24,22.2545926,84.8798207,-0.622,-28.478,0.05,-0.000,0.000,-13.1,28,0.0002,0.16
13:21:24,22.2545926,84.8798207,-0.622,-28.478,0.05,-0.000,0.000,-13.2,28,0.0002,0.16
13:21:25,22.2545926,84.8798207,-0.622,-28.478,0.05,-0.000,0.000,-13.2,28,0.0002,0.16
13:21:25,22.2545926,84.8798207,-0.622,-28.478,0.05,-0.000,0.000,-13.2,28,0.0002,0.16
13:21:25,22.2545926,84.8798207,-0.622,-28.478,0.05,-0.000,0.000,-13.1,28,0.0002,0.16
13:21:25,22.2545926,84.8798207,-0.622,-28.478,0.05,-0.000,0.000,-13.1,28,0.0002,0.16
13:21:25,22.2545926,84.8798207,-0.622,-28.478,0.05,-0.000,0.000,-13.1,28,0.0002,0.16
13:21:25,22.2545926,84.8798207,-0.622,-28.478,0.05,-0.000,0.000,-13.1,28,0.0002,0.16
13:21:25,22.2545926,84.8798207,-0.622,-28.478,0.05,-0.000,0.000,-13.1,28,0.0002,0.16
13:21:25,22.2545926,84.8798207,-0.622,-28.478,0.06,-0.000,0.000,-13.1,28,0.0002,0.16
13:21:25,22.2545926,84.8798207,-0.622,-28.478,0.06,-0.000,0.000,-13.1,28,0.0002,0.16
13:21:25,22.2545926,84.8798207,-0.622,-28.478,0.06,0.000,0.000,-13.0,28,0.0002,0.16
13:21:25,22.2545926,84.8798207,-0.622,-28.478,0.06,0.000,0.000,-13.1,28,0.0002,0.16
13:21:25,22.2545926,84.8798207,-0.622,-28.478,0.06,0.000,-0.000,-13.1,28,0.0002,0.16
13:21:25,22.2545927,84.8798206,-0.628,-28.469,0.06,-0.000,0.000,-13.1,28,0.0002,0.17
13:21:25,22.2545927,84.8798206,-0.628,-28.469,0.06,-0.000,0.000,-13.2,28,0.0002,0.17
13:21:25,22.2545927,84.8798206,-0.628,-28.469,0.06,-0.000,0.000,-13.2,28,0.0002,0.17
13:21:25,22.2545927,84.8798206,-0.628,-28.469,0.06,-0.000,0.000,-13.2,28,0.0002,0.17
13:21:25,22.2545927,84.8798206,-0.628,-28.469,0.06,-0.000,0.000,-13.2,28,0.0002,0.17
13:21:25,22.2545927,84.8798206,-0.628,-28.469,0.06,0.000,0.000,-13.2,28,0.0002,0.17
13:21:25,22.2545927,84.8798206,-0.628,-28.469,0.06,0.000,0.000,-13.2,28,0.0002,0.17
13:21:26,22.2545927,84.8798206,-0.628,-28.469,0.06,0.000,0.000,-13.2,28,0.0002,0.17
13:21:26,22.2545927,84.8798206,-0.628,-28.469,0.06,0.000,0.000,-13.1,28,0.0001,0.17
13:21:26,22.2545928,84.8798206,-0.634,-28.460,0.05,-0.000,0.000,-13.1,27,0.0001,0.17
13:21:26,22.2545928,84.8798206,-0.634,-28.460,0.05,-0.000,0.000,-13.1,27,0.0000,0.17
13:21:26,22.2545928,84.8798206,-0.634,-28.460,0.05,-0.000,0.000,-13.1,27,0.0000,0.17
13:21:26,22.2545928,84.8798206,-0.634,-28.460,0.05,-0.000,0.000,-13.0,27,0.0002,0.17
13:21:26,22.2545929,84.8798206,-0.640,-28.451,0.05,-0.000,0.000,-13.0,27,0.0002,0.16
13:21:26,22.2545929,84.8798206,-0.640,-28.451,0.05,-0.000,0.000,-13.0,27,0.0001,0.16
13:21:26,22.2545929,84.8798206,-0.640,-28.451,0.05,-0.000,0.000,-12.9,27,0.0001,0.16
13:21:26,22.2545929,84.8798206,-0.640,-28.451,0.05,-0.000,0.000,-12.9,27,0.0002,0.16
13:21:26,22.2545929,84.8798206,-0.640,-28.451,0.05,-0.000,0.000,-12.9,27,0.0002,0.16
13:21:26,22.254593,84.8798206,-0.645,-28.442,0.05,-0.000,0.000,-12.8,27,0.0002,0.16
13:21:26,22.254593,84.8798206,-0.645,-28.442,0.05,-0.000,0.000,-12.8,27,0.0002,0.16
13:21:26,22.254593,84.8798206,-0.645,-28.442,0.05,-0.000,0.000,-12.8,27,0.0002,0.16
13:21:26,22.254593,84.8798206,-0.645,-28.442,0.05,-0.000,0.000,-12.8,27,0.0002,0.16
13:21:26,22.254593,84.8798206,-0.645,-28.442,0.05,-0.000,0.000,-12.7,27,0.0002,0.16
13:21:26,22.254593,84.8798206,-0.645,-28.442,0.05,-0.000,0.000,-12.7,27,0.0002,0.16
13:21:26,22.254593,84.8798206,-0.645,-28.442,0.05,-0.000,0.000,-12.7,27,0.0002,0.16
13:21:26,22.254593,84.8798206,-0.645,-28.442,0.05,-0.000,0.000,-12.7,27,0.0002,0.16
13:21:26,22.254593,84.8798206,-0.645,-28.442,0.05,-0.000,0.000,-12.7,27,0.0002,0.16
13:21:27,22.254593,84.8798205,-0.651,-28.433,0.06,-0.000,0.000,-12.7,27,0.0002,0.16
13:21:27,22.254593,84.8798205,-0.651,-28.433,0.06,-0.000,0.000,-12.7,27,0.0002,0.16
13:21:27,22.254593,84.8798205,-0.651,-28.433,0.06,-0.000,0.000,-12.7,27,0.0002,0.16
13:21:27,22.254593,84.8798205,-0.651,-28.433,0.06,-0.000,0.000,-12.7,27,0.0002,0.16
13:21:27,22.254593,84.8798204,-0.656,-28.425,0.05,-0.000,0.000,-12.7,27,0.0002,0.15
13:21:27,22.254593,84.8798204,-0.656,-28.425,0.05,-0.000,0.000,-12.7,27,0.0002,0.15
13:21:27,22.254593,84.8798204,-0.656,-28.425,0.05,-0.000,0.000,-12.7,27,0.0002,0.15
13:21:27,22.254593,84.8798204,-0.656,-28.425,0.05,-0.000,0.000,-12.7,27,0.0002,0.15
13:21:27,22.254593,84.8798204,-0.656,-28.425,0.05,-0.000,0.000,-12.7,27,0.0002,0.15
13:21:27,22.254593,84.8798204,-0.656,-28.425,0.05,-0.000,0.000,-12.7,27,0.0002,0.15
13:21:27,22.254593,84.8798204,-0.656,-28.425,0.05,-0.000,0.000,-12.7,27,0.0002,0.15
13:21:27,22.254593,84.8798204,-0.656,-28.425,0.05,-0.000,0.000,-12.7,27,0.0002,0.15
13:21:27,22.254593,84.8798204,-0.656,-28.425,0.05,-0.000,0.000,-12.7,27,0.0002,0.15
13:21:27,22.2545931,84.8798204,-0.662,-28.417,0.05,-0.000,0.000,-12.7,27,0.0002,0.15
13:21:27,22.2545931,84.8798204,-0.662,-28.417,0.05,-0.000,0.000,-12.8,27,0.0003,0.15
13:21:27,22.2545931,84.8798204,-0.662,-28.417,0.05,-0.000,0.000,-12.8,27,0.0003,0.15
13:21:27,22.2545931,84.8798204,-0.662,-28.417,0.05,-0.000,0.000,-12.9,27,0.0003,0.15
13:21:27,22.254593,84.8798203,-0.667,-28.410,0.05,-0.000,0.000,-12.9,27,0.0003,0.14
13:21:27,22.254593,84.8798203,-0.667,-28.410,0.05,-0.000,0.000,-12.9,27,0.0003,0.14
13:21:27,22.254593,84.8798203,-0.667,-28.410,0.05,-0.000,0.000,-12.9,27,0.0000,0.14
13:21:28,22.254593,84.8798203,-0.667,-28.410,0.05,-0.000,0.000,-12.9,27,0.0000,0.14
13:21:28,22.254593,84.8798203,-0.667,-28.410,0.05,-0.000,0.000,-12.9,27,0.0002,0.14
13:21:28,22.254593,84.8798203,-0.667,-28.410,0.05,-0.000,0.000,-12.9,27,0.0002,0.14
13:21:28,22.254593,84.8798203,-0.667,-28.410,0.05,-0.000,0.000,-12.9,27,0.0002,0.14
13:21:28,22.254593,84.8798203,-0.667,-28.410,0.05,-0.000,0.000,-12.9,27,0.0002,0.14
13:21:28,22.254593,84.8798203,-0.667,-28.410,0.05,-0.000,0.000,-12.9,27,0.0002,0.14
13:21:28,22.254593,84.8798202,-0.673,-28.404,0.05,-0.000,0.000,-12.9,27,0.0002,0.14
13:21:28,22.254593,84.8798202,-0.673,-28.404,0.05,-0.000,0.000,-12.9,27,0.0002,0.14
13:21:28,22.254593,84.8798202,-0.673,-28.404,0.05,-0.000,0.000,-12.9,27,0.0002,0.14
13:21:28,22.254593,84.8798202,-0.673,-28.404,0.05,-0.000,0.000,-12.9,27,0.0002,0.14
13:21:28,22.254593,84.8798202,-0.673,-28.404,0.05,-0.000,0.000,-12.9,27,0.0002,0.14
13:21:28,22.254593,84.8798201,-0.680,-28.398,0.06,-0.000,0.000,-12.8,27,0.0002,0.14
13:21:28,22.254593,84.8798201,-0.680,-28.398,0.06,-0.000,0.000,-12.8,27,0.0002,0.14
13:21:28,22.254593,84.8798201,-0.680,-28.398,0.06,-0.000,0.000,-12.8,27,0.0002,0.14
13:21:28,22.254593,84.8798201,-0.680,-28.398,0.06,-0.000,0.000,-12.8,27,0.0003,0.14
13:21:28,22.254593,84.8798201,-0.680,-28.398,0.06,-0.000,0.000,-12.7,27,0.0003,0.14
13:21:28,22.254593,84.8798201,-0.680,-28.398,0.06,-0.000,0.000,-12.7,27,0.0003,0.14
13:21:28,22.254593,84.8798201,-0.680,-28.398,0.06,-0.000,0.000,-12.7,27,0.0003,0.14
13:21:28,22.254593,84.8798201,-0.680,-28.398,0.06,-0.000,0.000,-12.6,27,0.0003,0.14
13:21:28,22.254593,84.8798201,-0.680,-28.398,0.06,-0.000,0.000,-12.6,27,0.0003,0.14
13:21:29,22.2545929,84.8798199,-0.687,-28.393,0.05,-0.000,0.000,-12.6,27,0.0003,0.14
13:21:29,22.2545929,84.8798199,-0.687,-28.393,0.05,-0.000,0.000,-12.6,27,0.0003,0.14
13:21:29,22.2545929,84.8798199,-0.687,-28.393,0.05,-0.000,0.000,-12.6,27,0.0003,0.14
13:21:29,22.2545929,84.8798199,-0.687,-28.393,0.05,-0.000,0.000,-12.6,27,0.0002,0.14
13:21:29,22.2545928,84.8798199,-0.693,-28.389,0.05,-0.000,0.000,-12.6,27,0.0002,0.12
13:21:29,22.2545928,84.8798199,-0.693,-28.389,0.05,-0.000,0.000,-12.6,27,0.0002,0.12
13:21:29,22.2545928,84.8798199,-0.693,-28.389,0.05,-0.000,0.000,-12.6,27,0.0002,0.12
13:21:29,22.2545928,84.8798199,-0.693,-28.389,0.05,-0.000,0.000,-12.6,27,0.0003,0.12
13:21:29,22.2545928,84.8798199,-0.693,-28.389,0.05,-0.000,0.000,-12.6,27,0.0003,0.12
13:21:29,22.2545928,84.8798199,-0.693,-28.389,0.05,-0.000,0.000,-12.6,27,0.0003,0.12
13:21:29,22.2545928,84.8798199,-0.693,-28.389,0.05,-0.000,0.000,-12.6,27,0.0003,0.12
13:21:29,22.2545928,84.8798199,-0.693,-28.389,0.05,-0.000,0.000,-12.6,27,0.0003,0.12
13:21:29,22.2545928,84.8798199,-0.693,-28.389,0.05,-0.000,0.000,-12.7,27,0.0003,0.12
13:21:29,22.2545927,84.8798199,-0.699,-28.386,0.05,-0.000,0.000,-12.7,27,0.0002,0.11
13:21:29,22.2545927,84.8798199,-0.699,-28.386,0.05,-0.000,0.000,-12.7,27,0.0002,0.11
13:21:29,22.2545927,84.8798199,-0.699,-28.386,0.05,-0.000,0.000,-12.7,27,0.0000,0.11
13:21:29,22.2545927,84.8798199,-0.699,-28.386,0.05,-0.000,0.000,-12.7,27,0.0000,0.11
13:21:29,22.2545926,84.8798199,-0.705,-28.384,0.05,-0.000,0.000,-12.7,27,0.0000,0.10
13:21:29,22.2545926,84.8798199,-0.705,-28.384,0.05,-0.000,0.000,-12.7,27,0.0003,0.10
13:21:30,22.2545926,84.8798199,-0.705,-28.384,0.05,-0.000,0.000,-12.7,27,0.0003,0.10
13:21:30,22.2545926,84.8798199,-0.705,-28.384,0.05,-0.000,0.000,-12.7,27,0.0002,0.10
13:21:30,22.2545926,84.8798199,-0.705,-28.384,0.05,-0.000,0.000,-12.7,27,0.0002,0.10
13:21:30,22.2545926,84.8798199,-0.705,-28.384,0.05,-0.000,0.000,-12.7,27,0.0002,0.10
13:21:30,22.2545926,84.8798199,-0.705,-28.384,0.05,-0.000,0.000,-12.7,27,0.0002,0.10
13:21:30,22.2545926,84.8798199,-0.705,-28.384,0.05,-0.000,0.000,-12.7,27,0.0002,0.10
13:21:30,22.2545926,84.8798199,-0.705,-28.384,0.05,-0.000,0.000,-12.7,27,0.0002,0.10
13:21:30,22.2545924,84.8798198,-0.711,-28.384,0.05,-0.000,0.000,-12.7,27,0.0002,0.10
13:21:30,22.2545924,84.8798198,-0.711,-28.384,0.05,-0.000,0.000,-12.7,27,0.0002,0.10
13:21:30,22.2545924,84.8798198,-0.711,-28.384,0.05,-0.000,0.000,-12.7,27,0.0002,0.10
13:21:30,22.2545924,84.8798198,-0.711,-28.384,0.05,-0.000,0.000,-12.6,27,0.0002,0.10
13:21:30,22.2545924,84.8798198,-0.711,-28.384,0.05,-0.000,0.000,-12.6,27,0.0002,0.10
13:21:30,22.2545923,84.8798198,-0.717,-28.384,0.05,-0.000,0.000,-12.6,28,0.0002,0.09
13:21:30,22.2545923,84.8798198,-0.717,-28.384,0.05,-0.000,0.000,-12.7,28,0.0002,0.09
13:21:30,22.2545923,84.8798198,-0.717,-28.384,0.05,-0.000,0.000,-12.7,28,0.0002,0.09
13:21:30,22.2545923,84.8798198,-0.717,-28.384,0.05,-0.000,0.000,-12.7,28,0.0002,0.09
13:21:30,22.2545923,84.8798198,-0.717,-28.384,0.05,-0.000,0.000,-12.7,28,0.0002,0.09
13:21:30,22.2545923,84.8798198,-0.717,-28.384,0.05,-0.000,0.000,-12.7,28,0.0002,0.09
13:21:30,22.2545923,84.8798198,-0.717,-28.384,0.05,-0.000,0.000,-12.8,28,0.0002,0.09
13:21:30,22.2545923,84.8798198,-0.717,-28.384,0.05,-0.000,0.000,-12.8,28,0.0002,0.09
13:21:31,22.2545922,84.8798198,-0.722,-28.385,0.05,-0.000,-0.000,-12.8,28,0.0002,0.09
13:21:31,22.2545922,84.8798198,-0.722,-28.385,0.05,-0.000,-0.000,-12.8,28,0.0002,0.09
13:21:31,22.2545922,84.8798198,-0.722,-28.385,0.05,-0.000,-0.000,-12.8,28,0.0003,0.09
13:21:31,22.2545922,84.8798198,-0.722,-28.385,0.05,-0.000,-0.000,-12.8,28,0.0003,0.09
13:21:31,22.2545922,84.8798198,-0.722,-28.385,0.05,-0.000,-0.000,-12.8,28,0.0002,0.09
13:21:31,22.2545921,84.8798199,-0.726,-28.386,0.05,-0.000,-0.000,-12.7,28,0.0002,0.08
13:21:31,22.2545921,84.8798199,-0.726,-28.386,0.05,-0.000,-0.000,-12.7,28,0.0002,0.08
13:21:31,22.2545921,84.8798199,-0.726,-28.386,0.05,-0.000,-0.000,-12.7,28,0.0002,0.08
13:21:31,22.2545921,84.8798199,-0.726,-28.386,0.05,-0.000,-0.000,-12.7,28,0.0003,0.08
13:21:31,22.2545921,84.8798199,-0.726,-28.386,0.05,-0.000,-0.000,-12.6,28,0.0003,0.08
13:21:31,22.2545921,84.8798199,-0.726,-28.386,0.05,-0.000,-0.000,-12.6,28,0.0003,0.08
13:21:31,22.2545921,84.8798199,-0.726,-28.386,0.05,0.000,-0.000,-12.6,28,0.0002,0.08
13:21:31,22.2545921,84.8798199,-0.726,-28.386,0.05,0.000,-0.000,-12.6,28,0.0002,0.08
13:21:31,22.2545921,84.8798199,-0.726,-28.386,0.05,0.000,-0.000,-12.6,28,0.0000,0.08
13:21:31,22.254592,84.87982,-0.730,-28.388,0.05,-0.000,-0.000,-12.6,28,0.0002,0.07
13:21:31,22.254592,84.87982,-0.730,-28.388,0.05,-0.000,-0.000,-12.6,28,0.0002,0.07
13:21:31,22.254592,84.87982,-0.730,-28.388,0.05,-0.000,-0.000,-12.6,28,0.0003,0.07
13:21:31,22.2545919,84.8798201,-0.732,-28.391,0.05,-0.000,-0.000,-12.6,28,0.0003,0.06
13:21:31,22.2545919,84.8798201,-0.732,-28.391,0.05,-0.000,-0.000,-12.6,28,0.0003,0.06
13:21:31,22.2545919,84.8798201,-0.732,-28.391,0.05,-0.000,-0.000,-12.6,28,0.0003,0.06
13:21:32,22.2545919,84.8798201,-0.732,-28.391,0.05,-0.000,-0.000,-12.7,28,0.0002,0.06
13:21:32,22.2545919,84.8798201,-0.732,-28.391,0.05,-0.000,-0.000,-12.7,28,0.0002,0.06
13:21:32,22.2545919,84.8798201,-0.732,-28.391,0.05,-0.000,-0.000,-12.7,28,0.0002,0.06
13:21:32,22.2545919,84.8798201,-0.732,-28.391,0.05,-0.000,-0.000,-12.8,28,0.0002,0.06
13:21:32,22.2545919,84.8798201,-0.732,-28.391,0.05,-0.000,-0.000,-12.8,28,0.0002,0.06
13:21:32,22.2545919,84.8798201,-0.732,-28.391,0.05,-0.000,-0.000,-12.8,28,0.0002,0.06
13:21:32,22.2545919,84.8798204,-0.733,-28.393,0.05,-0.000,-0.000,-12.8,28,0.0002,0.04
13:21:32,22.2545919,84.8798204,-0.733,-28.393,0.05,-0.000,-0.000,-12.8,28,0.0002,0.04
13:21:32,22.2545919,84.8798204,-0.733,-28.393,0.05,-0.000,-0.000,-12.8,28,0.0002,0.04
13:21:32,22.2545919,84.8798204,-0.733,-28.393,0.05,-0.000,-0.000,-12.8,28,0.0002,0.04
13:21:32,22.2545919,84.8798204,-0.733,-28.393,0.05,-0.000,-0.000,-12.9,28,0.0002,0.04
13:21:32,22.2545918,84.8798205,-0.733,-28.396,0.05,-0.000,-0.000,-12.9,28,0.0002,0.05
13:21:32,22.2545918,84.8798205,-0.733,-28.396,0.05,-0.000,-0.000,-12.9,28,0.0002,0.05
13:21:32,22.2545918,84.8798205,-0.733,-28.396,0.05,-0.000,-0.000,-12.9,28,0.0002,0.05
13:21:32,22.2545918,84.8798205,-0.733,-28.396,0.05,-0.000,-0.000,-12.9,28,0.0002,0.05
13:21:32,22.2545918,84.8798205,-0.733,-28.396,0.05,-0.000,-0.000,-12.9,28,0.0002,0.05
13:21:32,22.2545918,84.8798205,-0.733,-28.396,0.05,-0.000,-0.000,-12.9,28,0.0002,0.05
13:21:32,22.2545918,84.8798205,-0.733,-28.396,0.05,-0.000,-0.000,-13.0,28,0.0002,0.05
13:21:32,22.2545918,84.8798205,-0.733,-28.396,0.05,0.000,-0.000,-13.0,28,0.0002,0.05
13:21:32,22.2545918,84.8798206,-0.732,-28.399,0.05,0.000,-0.000,-13.0,28,0.0002,0.05
13:21:33,22.2545918,84.8798206,-0.732,-28.399,0.05,0.000,-0.000,-13.0,28,0.0002,0.05
13:21:33,22.2545918,84.8798206,-0.732,-28.399,0.05,0.000,-0.000,-13.0,28,0.0002,0.05
13:21:33,22.2545918,84.8798206,-0.732,-28.399,0.05,0.000,-0.000,-13.0,28,0.0002,0.05
13:21:33,22.2545918,84.8798206,-0.732,-28.399,0.05,0.000,-0.000,-13.0,28,0.0002,0.05
13:21:33,22.2545918,84.8798208,-0.730,-28.402,0.05,0.000,-0.000,-12.9,28,0.0002,0.05
13:21:33,22.2545918,84.8798208,-0.730,-28.402,0.05,0.000,-0.000,-12.9,28,0.0002,0.05
13:21:33,22.2545918,84.8798208,-0.730,-28.402,0.05,0.000,-0.000,-12.8,28,0.0002,0.05
13:21:33,22.2545918,84.8798208,-0.730,-28.402,0.05,0.000,-0.000,-12.8,28,0.0002,0.05
13:21:33,22.2545918,84.8798208,-0.730,-28.402,0.05,0.000,-0.000,-12.8,28,0.0000,0.05
13:21:33,22.2545918,84.8798208,-0.730,-28.402,0.05,0.000,-0.000,-12.8,28,0.0000,0.05
13:21:33,22.2545918,84.8798208,-0.730,-28.402,0.05,0.000,-0.000,-12.7,28,0.0002,0.05
13:21:33,22.2545918,84.8798208,-0.730,-28.402,0.05,0.000,-0.000,-12.7,28,0.0002,0.05
13:21:33,22.2545918,84.8798208,-0.730,-28.402,0.05,0.000,-0.000,-12.7,28,0.0002,0.05
13:21:33,22.2545918,84.879821,-0.727,-28.404,0.05,0.000,-0.000,-12.7,28,0.0002,0.06
13:21:33,22.2545918,84.879821,-0.727,-28.404,0.05,0.000,-0.000,-12.7,28,0.0002,0.06
13:21:33,22.2545918,84.879821,-0.727,-28.404,0.05,0.000,-0.000,-12.6,28,0.0003,0.06
13:21:33,22.2545918,84.879821,-0.727,-28.404,0.05,0.000,-0.000,-12.6,28,0.0003,0.06
13:21:33,22.2545918,84.8798211,-0.724,-28.406,0.05,0.000,-0.000,-12.6,28,0.0003,0.07
13:21:33,22.2545918,84.8798211,-0.724,-28.406,0.05,0.000,-0.000,-12.6,28,0.0003,0.07
13:21:34,22.2545918,84.8798211,-0.724,-28.406,0.05,0.000,-0.000,-12.6,28,0.0003,0.07
13:21:34,22.2545918,84.8798211,-0.724,-28.406,0.05,0.000,-0.000,-12.5,28,0.0003,0.07
13:21:34,22.2545918,84.8798211,-0.724,-28.406,0.05,0.000,-0.000,-12.5,28,0.0002,0.07
13:21:34,22.2545918,84.8798211,-0.724,-28.406,0.05,0.000,-0.000,-12.5,28,0.0002,0.07
13:21:34,22.2545918,84.8798211,-0.724,-28.406,0.05,0.000,-0.000,-12.5,28,0.0002,0.07
13:21:34,22.2545918,84.8798211,-0.724,-28.406,0.05,0.000,-0.000,-12.4,28,0.0002,0.07
13:21:34,22.2545918,84.8798211,-0.724,-28.406,0.05,0.000,-0.000,-12.4,28,0.0002,0.07
13:21:34,22.2545918,84.8798211,-0.724,-28.406,0.06,0.000,-0.000,-12.4,28,0.0002,0.07
13:21:34,22.2545918,84.8798211,-0.724,-28.406,0.06,0.000,-0.000,-12.3,28,0.0002,0.07
13:21:34,22.2545918,84.8798211,-0.724,-28.406,0.06,0.000,-0.000,-12.3,28,0.0002,0.07
13:21:34,22.2545918,84.8798211,-0.724,-28.406,0.06,0.000,-0.000,-12.3,28,0.0002,0.07
13:21:34,22.2545918,84.8798211,-0.724,-28.406,0.06,0.000,-0.000,-12.2,28,0.0002,0.07
13:21:34,22.2545918,84.8798212,-0.720,-28.409,0.06,0.000,-0.000,-12.2,28,0.0002,0.07
13:21:34,22.2545918,84.8798212,-0.720,-28.409,0.06,0.000,-0.000,-12.1,28,0.0002,0.07
13:21:34,22.2545918,84.8798212,-0.720,-28.409,0.06,0.000,-0.000,-12.1,28,0.0002,0.07
13:21:34,22.2545918,84.8798212,-0.720,-28.409,0.06,0.000,-0.000,-12.0,28,0.0003,0.07
13:21:34,22.2545918,84.8798212,-0.720,-28.409,0.06,0.000,-0.000,-11.9,28,0.0003,0.07
13:21:34,22.2545918,84.8798212,-0.720,-28.409,0.06,0.000,-0.000,-11.9,28,0.0003,0.07
13:21:34,22.2545918,84.8798212,-0.720,-28.409,0.06,0.000,-0.000,-11.9,28,0.0003,0.07
13:21:34,22.2545918,84.8798212,-0.720,-28.409,0.06,0.000,-0.000,-11.9,28,0.0003,0.07
13:21:35,22.2545918,84.8798212,-0.720,-28.409,0.06,0.000,-0.000,-11.9,28,0.0003,0.07
13:21:35,22.2545918,84.8798211,-0.717,-28.411,0.05,0.000,-0.000,-11.9,28,0.0002,0.06
13:21:35,22.2545918,84.8798211,-0.717,-28.411,0.05,0.000,-0.000,-11.9,28,0.0002,0.06
13:21:35,22.2545918,84.8798211,-0.717,-28.411,0.05,0.000,-0.000,-11.9,28,0.0002,0.06
13:21:35,22.2545918,84.8798211,-0.717,-28.411,0.05,0.000,-0.000,-11.9,28,0.0002,0.06
13:21:35,22.2545919,84.879821,-0.714,-28.412,0.06,0.000,-0.000,-11.9,28,0.0002,0.04
13:21:35,22.2545919,84.879821,-0.714,-28.412,0.06,0.000,-0.000,-11.9,28,0.0000,0.04
13:21:35,22.2545919,84.879821,-0.714,-28.412,0.06,0.000,-0.000,-11.9,28,0.0000,0.04
13:21:35,22.2545919,84.879821,-0.714,-28.412,0.06,0.000,-0.000,-12.0,28,0.0002,0.04
13:21:35,22.2545919,84.879821,-0.714,-28.412,0.06,0.000,-0.000,-12.0,28,0.0002,0.04
13:21:35,22.254592,84.879821,-0.712,-28.413,0.06,0.000,-0.000,-12.0,28,0.0002,0.04
13:21:35,22.254592,84.879821,-0.712,-28.413,0.06,0.000,-0.000,-12.0,28,0.0002,0.04
13:21:35,22.254592,84.879821,-0.712,-28.413,0.06,0.000,-0.000,-12.1,28,0.0002,0.04
13:21:35,22.254592,84.879821,-0.712,-28.413,0.06,0.000,-0.000,-12.1,28,0.0002,0.04
13:21:35,22.254592,84.879821,-0.712,-28.413,0.06,0.000,-0.000,-12.1,28,0.0003,0.04
13:21:35,22.254592,84.879821,-0.712,-28.413,0.06,0.000,-0.000,-12.1,28,0.0003,0.04
13:21:35,22.254592,84.879821,-0.712,-28.413,0.06,0.000,-0.000,-12.1,28,0.0003,0.04
13:21:35,22.254592,84.879821,-0.712,-28.413,0.06,0.000,-0.000,-12.1,28,0.0003,0.04
13:21:35,22.254592,84.879821,-0.712,-28.413,0.06,0.000,-0.000,-12.1,28,0.0003,0.04
13:21:35,22.2545921,84.879821,-0.710,-28.412,0.05,0.000,-0.000,-12.2,28,0.0003,0.03
13:21:36,22.2545921,84.879821,-0.710,-28.412,0.05,0.000,-0.000,-12.2,28,0.0003,0.03
13:21:36,22.2545921,84.879821,-0.710,-28.412,0.05,0.000,-0.000,-12.2,28,0.0003,0.03
13:21:36,22.2545921,84.879821,-0.710,-28.412,0.05,0.000,-0.000,-12.2,28,0.0003,0.03
13:21:36,22.2545922,84.879821,-0.708,-28.412,0.05,0.000,0.000,-12.2,28,0.0003,0.03
13:21:36,22.2545922,84.879821,-0.708,-28.412,0.05,0.000,0.000,-12.2,28,0.0003,0.03
13:21:36,22.2545922,84.879821,-0.708,-28.412,0.05,0.000,0.000,-12.2,28,0.0003,0.03
13:21:36,22.2545922,84.879821,-0.708,-28.412,0.05,0.000,0.000,-12.2,28,0.0003,0.03
13:21:36,22.2545922,84.879821,-0.708,-28.412,0.05,0.000,0.000,-12.2,28,0.0004,0.03
13:21:36,22.2545922,84.879821,-0.708,-28.412,0.05,0.000,0.000,-12.2,28,0.0004,0.03
13:21:36,22.2545922,84.879821,-0.708,-28.412,0.05,0.000,0.000,-12.2,28,0.0003,0.03
13:21:36,22.2545922,84.879821,-0.708,-28.412,0.05,0.000,0.000,-12.2,28,0.0003,0.03
13:21:36,22.2545922,84.879821,-0.708,-28.412,0.05,0.000,0.000,-12.2,28,0.0003,0.03
13:21:36,22.2545923,84.879821,-0.707,-28.410,0.05,0.000,0.000,-12.2,28,0.0003,0.04
13:21:36,22.2545923,84.879821,-0.707,-28.410,0.05,0.000,0.000,-12.3,28,0.0003,0.04
13:21:36,22.2545923,84.879821,-0.707,-28.410,0.05,0.000,0.000,-12.4,28,0.0003,0.04
13:21:36,22.2545923,84.879821,-0.707,-28.410,0.05,0.000,0.000,-12.4,28,0.0003,0.04
13:21:36,22.2545923,84.879821,-0.707,-28.410,0.05,0.000,0.000,-12.4,28,0.0002,0.04
13:21:36,22.2545925,84.879821,-0.705,-28.407,0.05,0.000,0.000,-12.5,28,0.0002,0.05
13:21:36,22.2545925,84.879821,-0.705,-28.407,0.05,0.000,0.000,-12.6,28,0.0002,0.05
13:21:36,22.2545925,84.879821,-0.705,-28.407,0.05,0.000,0.000,-12.6,28,0.0002,0.05
13:21:37,22.2545925,84.879821,-0.705,-28.407,0.05,0.000,0.000,-12.7,28,0.0002,0.05
13:21:37,22.2545925,84.879821,-0.705,-28.407,0.05,0.000,0.000,-12.7,28,0.0002,0.05
13:21:37,22.2545925,84.879821,-0.705,-28.407,0.05,0.000,0.000,-12.7,28,0.0000,0.05
13:21:37,22.2545925,84.879821,-0.705,-28.407,0.05,0.000,0.000,-12.8,28,0.0000,0.05
13:21:37,22.2545925,84.879821,-0.705,-28.407,0.05,0.000,0.000,-12.9,28,0.0002,0.05
13:21:37,22.2545925,84.879821,-0.705,-28.407,0.05,0.000,0.000,-12.9,28,0.0002,0.05
13:21:37,22.2545926,84.879821,-0.703,-28.404,0.05,0.000,0.000,-12.9,28,0.0002,0.06
13:21:37,22.2545926,84.879821,-0.703,-28.404,0.05,0.000,0.000,-13.0,28,0.0002,0.06
13:21:37,22.2545926,84.879821,-0.703,-28.404,0.05,0.000,0.000,-13.0,28,0.0002,0.06
13:21:37,22.2545926,84.879821,-0.703,-28.404,0.05,0.000,0.000,-13.1,28,0.0002,0.06
13:21:37,22.2545926,84.879821,-0.703,-28.404,0.05,0.000,0.000,-13.1,28,0.0002,0.06
13:21:37,22.2545928,84.879821,-0.702,-28.399,0.05,0.000,0.000,-13.1,28,0.0002,0.08
13:21:37,22.2545928,84.879821,-0.702,-28.399,0.05,0.000,0.000,-13.1,28,0.0003,0.08
13:21:37,22.2545928,84.879821,-0.702,-28.399,0.05,0.000,0.000,-13.1,28,0.0003,0.08
13:21:37,22.2545928,84.879821,-0.702,-28.399,0.05,0.000,0.000,-13.1,28,0.0003,0.08
13:21:37,22.2545928,84.879821,-0.702,-28.399,0.05,0.000,0.000,-13.1,28,0.0003,0.08
13:21:37,22.2545928,84.879821,-0.702,-28.399,0.05,0.000,0.000,-13.1,28,0.0002,0.08
13:21:37,22.2545928,84.879821,-0.702,-28.399,0.05,0.000,0.000,-13.1,28,0.0002,0.08
13:21:37,22.2545928,84.879821,-0.702,-28.399,0.05,0.000,0.000,-13.1,28,0.0002,0.08
13:21:38,22.2545928,84.879821,-0.702,-28.399,0.05,0.000,0.000,-13.1,28,0.0002,0.08
13:21:38,22.254593,84.879821,-0.701,-28.394,0.05,0.000,0.000,-13.1,28,0.0002,0.09
13:21:38,22.254593,84.879821,-0.701,-28.394,0.05,0.000,0.000,-13.1,28,0.0002,0.09
13:21:38,22.254593,84.879821,-0.701,-28.394,0.05,0.000,0.000,-13.1,28,0.0002,0.09
13:21:38,22.254593,84.879821,-0.701,-28.394,0.05,0.000,0.000,-13.1,28,0.0002,0.09
13:21:38,22.2545932,84.879821,-0.699,-28.387,0.05,0.000,0.000,-13.1,28,0.0002,0.11
13:21:38,22.2545932,84.879821,-0.699,-28.387,0.05,0.000,0.000,-13.1,28,0.0002,0.11
13:21:38,22.2545932,84.879821,-0.699,-28.387,0.05,0.000,0.000,-13.1,28,0.0002,0.11
13:21:38,22.2545932,84.879821,-0.699,-28.387,0.05,0.000,0.000,-13.1,28,0.0002,0.11
13:21:38,22.2545932,84.879821,-0.699,-28.387,0.05,0.000,0.000,-13.1,28,0.0002,0.11
13:21:38,22.2545932,84.879821,-0.699,-28.387,0.05,0.000,0.000,-13.1,28,0.0003,0.11
13:21:38,22.2545932,84.879821,-0.699,-28.387,0.05,0.000,0.000,-13.1,28,0.0003,0.11
13:21:38,22.2545932,84.879821,-0.699,-28.387,0.05,0.000,0.000,-13.1,28,0.0003,0.11
13:21:38,22.2545932,84.879821,-0.699,-28.387,0.05,0.000,0.000,-13.1,28,0.0002,0.11
13:21:38,22.2545933,84.879821,-0.698,-28.380,0.05,0.000,0.000,-13.0,28,0.0002,0.11
13:21:38,22.2545933,84.879821,-0.698,-28.380,0.05,0.000,0.000,-13.0,28,0.0002,0.11
13:21:38,22.2545933,84.879821,-0.698,-28.380,0.05,0.000,0.000,-13.0,28,0.0002,0.11
13:21:38,22.2545933,84.879821,-0.698,-28.380,0.05,0.000,0.000,-13.0,28,0.0002,0.11
13:21:38,22.2545934,84.879821,-0.697,-28.373,0.05,0.000,0.000,-13.0,28,0.0002,0.12
13:21:38,22.2545934,84.879821,-0.697,-28.373,0.05,0.000,0.000,-13.0,28,0.0000,0.12
13:21:39,22.2545934,84.879821,-0.697,-28.373,0.05,0.000,0.000,-13.0,28,0.0000,0.12
13:21:39,22.2545934,84.879821,-0.697,-28.373,0.05,0.000,0.000,-13.0,28,0.0003,0.12
13:21:39,22.2545934,84.879821,-0.697,-28.373,0.05,0.000,0.000,-13.0,28,0.0003,0.12
13:21:39,22.2545934,84.879821,-0.697,-28.373,0.05,0.000,0.000,-13.0,28,0.0003,0.12
13:21:39,22.2545934,84.879821,-0.697,-28.373,0.05,0.000,0.000,-13.0,28,0.0003,0.12
13:21:39,22.2545934,84.879821,-0.697,-28.373,0.05,0.000,0.000,-13.0,28,0.0002,0.12
13:21:39,22.2545934,84.879821,-0.697,-28.373,0.05,0.000,0.000,-13.0,28,0.0002,0.12
13:21:39,22.2545936,84.879821,-0.696,-28.365,0.05,0.000,0.000,-13.0,28,0.0002,0.13
13:21:39,22.2545936,84.879821,-0.696,-28.365,0.05,0.000,0.000,-13.0,28,0.0002,0.13
13:21:39,22.2545936,84.879821,-0.696,-28.365,0.05,0.000,0.000,-13.0,28,0.0002,0.13
13:21:39,22.2545936,84.879821,-0.696,-28.365,0.05,0.000,0.000,-13.0,28,0.0002,0.13
13:21:39,22.2545937,84.879821,-0.695,-28.357,0.05,0.000,0.000,-13.0,28,0.0002,0.14
13:21:39,22.2545937,84.879821,-0.695,-28.357,0.05,0.000,0.000,-13.0,28,0.0002,0.14
13:21:39,22.2545937,84.879821,-0.695,-28.357,0.05,0.000,0.000,-13.0,28,0.0002,0.14
13:21:39,22.2545937,84.879821,-0.695,-28.357,0.05,0.000,0.000,-13.0,28,0.0002,0.14
13:21:39,22.2545937,84.879821,-0.695,-28.357,0.05,0.000,0.000,-13.0,28,0.0002,0.14
13:21:39,22.2545937,84.879821,-0.695,-28.357,0.05,0.000,0.000,-13.0,28,0.0003,0.14
13:21:39,22.2545937,84.879821,-0.695,-28.357,0.05,0.000,0.000,-13.0,28,0.0003,0.14
13:21:39,22.2545937,84.879821,-0.695,-28.357,0.05,0.000,0.000,-13.0,28,0.0002,0.14
13:21:39,22.2545937,84.879821,-0.695,-28.357,0.05,0.000,0.000,-13.0,28,0.0002,0.14
13:21:40,22.2545937,84.8798211,-0.693,-28.349,0.06,0.000,0.000,-13.0,28,0.0002,0.13
13:21:40,22.2545937,84.8798211,-0.693,-28.349,0.06,0.000,0.000,-13.0,28,0.0002,0.13
13:21:40,22.2545937,84.8798211,-0.693,-28.349,0.06,0.000,0.000,-13.0,28,0.0002,0.13
13:21:40,22.2545937,84.8798211,-0.693,-28.349,0.06,0.000,0.000,-13.0,28,0.0002,0.13
13:21:40,22.2545937,84.8798211,-0.693,-28.349,0.06,0.000,0.000,-13.0,28,0.0002,0.13
13:21:40,22.2545937,84.8798212,-0.691,-28.342,0.06,0.000,0.000,-13.0,28,0.0002,0.12
13:21:40,22.2545937,84.8798212,-0.691,-28.342,0.06,0.000,0.000,-13.0,28,0.0002,0.12
13:21:40,22.2545937,84.8798212,-0.691,-28.342,0.06,0.000,0.000,-13.1,28,0.0002,0.12
13:21:40,22.2545937,84.8798212,-0.691,-28.342,0.06,0.000,0.000,-13.1,28,0.0002,0.12
13:21:40,22.2545937,84.8798212,-0.691,-28.342,0.06,0.000,0.000,-13.1,28,0.0002,0.12
13:21:40,22.2545937,84.8798212,-0.691,-28.342,0.06,0.000,0.000,-13.0,28,0.0002,0.12
13:21:40,22.2545937,84.8798212,-0.691,-28.342,0.06,0.000,0.000,-13.0,28,0.0002,0.12
13:21:40,22.2545937,84.8798212,-0.691,-28.342,0.06,0.000,0.000,-13.0,28,0.0002,0.12
13:21:40,22.2545937,84.8798212,-0.691,-28.342,0.06,0.000,0.000,-13.0,28,0.0002,0.12
13:21:40,22.2545937,84.8798212,-0.691,-28.342,0.06,0.000,0.000,-13.0,28,0.0000,0.12
13:21:40,22.2545937,84.8798212,-0.691,-28.342,0.06,0.000,0.000,-13.0,28,0.0000,0.12
13:21:40,22.2545937,84.8798212,-0.691,-28.342,0.06,0.000,0.000,-13.0,28,0.0002,0.12
13:21:40,22.2545937,84.8798212,-0.691,-28.342,0.06,0.000,0.000,-13.0,28,0.0002,0.12
13:21:40,22.2545937,84.8798213,-0.689,-28.335,0.05,0.000,0.000,-13.0,28,0.0002,0.12
13:21:40,22.2545937,84.8798213,-0.689,-28.335,0.05,0.000,0.000,-13.0,28,0.0002,0.12
13:21:41,22.2545937,84.8798213,-0.689,-28.335,0.05,0.000,0.000,-13.0,28,0.0002,0.12
13:21:41,22.2545937,84.8798213,-0.689,-28.335,0.05,0.000,0.000,-13.0,28,0.0002,0.12
13:21:41,22.2545937,84.8798213,-0.689,-28.335,0.05,0.000,0.000,-13.0,28,0.0002,0.12
13:21:41,22.2545937,84.8798213,-0.689,-28.335,0.05,0.000,0.000,-13.0,28,0.0003,0.12
13:21:41,22.2545937,84.8798213,-0.689,-28.335,0.05,0.000,0.000,-13.0,28,0.0003,0.12
13:21:41,22.2545937,84.8798213,-0.689,-28.335,0.05,0.000,0.000,-13.0,28,0.0004,0.12
13:21:41,22.2545937,84.8798213,-0.689,-28.335,0.05,0.000,0.000,-13.0,28,0.0004,0.12
13:21:41,22.2545937,84.8798214,-0.686,-28.328,0.05,0.000,0.000,-13.0,28,0.0003,0.12
13:21:41,22.2545937,84.8798214,-0.686,-28.328,0.05,0.000,0.000,-13.0,28,0.0003,0.12
13:21:41,22.2545937,84.8798214,-0.686,-28.328,0.05,0.000,0.000,-13.0,28,0.0004,0.12
13:21:41,22.2545937,84.8798214,-0.686,-28.328,0.05,0.000,0.000,-13.0,28,0.0004,0.12
13:21:41,22.2545937,84.8798214,-0.686,-28.328,0.05,0.000,0.000,-13.0,28,0.0003,0.12
13:21:41,22.2545937,84.8798214,-0.686,-28.328,0.05,0.000,0.000,-13.0,28,0.0003,0.12
13:21:41,22.2545937,84.8798214,-0.686,-28.328,0.05,0.000,0.000,-13.0,28,0.0002,0.12
13:21:41,22.2545937,84.8798214,-0.686,-28.328,0.05,0.000,0.000,-13.0,28,0.0002,0.12
13:21:41,22.2545937,84.8798214,-0.686,-28.328,0.05,0.000,0.000,-13.0,28,0.0002,0.12
13:21:41,22.2545937,84.8798214,-0.686,-28.328,0.05,0.000,0.000,-13.0,28,0.0002,0.12
13:21:41,22.2545937,84.8798214,-0.686,-28.328,0.05,0.000,0.000,-13.0,28,0.0002,0.12
13:21:41,22.2545937,84.8798214,-0.686,-28.328,0.05,0.000,0.000,-13.0,28,0.0002,0.12
13:21:42,22.2545937,84.8798214,-0.686,-28.328,0.05,0.000,0.000,-13.0,28,0.0002,0.12
13:21:42,22.2545937,84.8798215,-0.682,-28.322,0.05,0.000,0.000,-13.0,28,0.0002,0.11
13:21:42,22.2545937,84.8798215,-0.682,-28.322,0.05,0.000,0.000,-13.0,28,0.0002,0.11
13:21:42,22.2545937,84.8798215,-0.682,-28.322,0.05,0.000,0.000,-13.0,28,0.0002,0.11
13:21:42,22.2545937,84.8798215,-0.682,-28.322,0.05,0.000,0.000,-13.0,28,0.0002,0.11
13:21:42,22.2545937,84.8798215,-0.682,-28.322,0.05,0.000,0.000,-13.0,28,0.0002,0.11
13:21:42,22.2545937,84.8798216,-0.678,-28.316,0.05,0.000,0.000,-13.0,28,0.0002,0.11
13:21:42,22.2545937,84.8798216,-0.678,-28.316,0.05,0.000,0.000,-13.0,28,0.0002,0.11
13:21:42,22.2545937,84.8798216,-0.678,-28.316,0.05,0.000,0.000,-13.0,28,0.0002,0.11
13:21:42,22.2545937,84.8798216,-0.678,-28.316,0.05,0.000,0.000,-13.0,28,0.0002,0.11
13:21:42,22.2545937,84.8798217,-0.673,-28.311,0.05,0.000,0.000,-13.0,28,0.0002,0.11
13:21:42,22.2545937,84.8798217,-0.673,-28.311,0.05,0.000,0.000,-13.0,28,0.0002,0.11
13:21:42,22.2545937,84.8798217,-0.673,-28.311,0.05,0.000,0.000,-13.0,28,0.0000,0.11
13:21:42,22.2545937,84.8798217,-0.673,-28.311,0.05,0.000,0.000,-13.0,28,0.0000,0.11
13:21:42,22.2545937,84.8798217,-0.673,-28.311,0.05,0.000,0.000,-13.0,28,0.0002,0.11
13:21:42,22.2545937,84.8798217,-0.673,-28.311,0.05,0.000,0.000,-13.0,28,0.0002,0.11
13:21:42,22.2545937,84.8798217,-0.673,-28.311,0.05,0.000,0.000,-13.0,28,0.0002,0.11
13:21:42,22.2545937,84.8798217,-0.673,-28.311,0.05,0.000,0.000,-13.0,28,0.0002,0.11
13:21:42,22.2545937,84.8798217,-0.673,-28.311,0.05,0.000,0.000,-13.0,28,0.0002,0.11
13:21:42,22.2545937,84.8798217,-0.673,-28.311,0.05,0.000,0.000,-13.0,28,0.0002,0.11
13:21:43,22.2545937,84.8798217,-0.673,-28.311,0.05,0.000,0.000,-13.0,28,0.0002,0.11
13:21:43,22.2545937,84.8798217,-0.673,-28.311,0.05,0.000,0.000,-13.0,28,0.0002,0.11
13:21:43,22.2545937,84.8798217,-0.673,-28.311,0.05,0.000,0.000,-13.0,28,0.0003,0.11
13:21:43,22.2545937,84.8798217,-0.673,-28.311,0.05,0.000,0.000,-13.0,28,0.0003,0.11
13:21:43,22.2545937,84.8798218,-0.668,-28.305,0.05,0.000,0.000,-13.0,28,0.0003,0.11
13:21:43,22.2545937,84.8798218,-0.668,-28.305,0.05,0.000,0.000,-13.0,28,0.0002,0.11
13:21:43,22.2545937,84.8798218,-0.668,-28.305,0.05,0.000,0.000,-13.0,28,0.0002,0.11
13:21:43,22.2545937,84.8798218,-0.668,-28.305,0.05,0.000,0.000,-13.0,28,0.0003,0.11
13:21:43,22.2545937,84.8798218,-0.668,-28.305,0.05,0.000,0.000,-13.0,28,0.0003,0.11
13:21:43,22.2545937,84.8798218,-0.668,-28.305,0.05,0.000,0.000,-13.0,28,0.0003,0.11
13:21:43,22.2545937,84.8798218,-0.668,-28.305,0.05,0.000,0.000,-13.0,28,0.0003,0.11
13:21:43,22.2545937,84.8798218,-0.668,-28.305,0.05,0.000,0.000,-13.0,28,0.0003,0.11
13:21:43,22.2545937,84.8798218,-0.668,-28.305,0.05,0.000,0.000,-13.0,28,0.0003,0.11
13:21:43,22.2545937,84.8798218,-0.668,-28.305,0.05,0.000,0.000,-12.9,28,0.0002,0.11
13:21:43,22.2545937,84.8798218,-0.668,-28.305,0.05,0.000,0.000,-12.9,28,0.0002,0.11
13:21:43,22.2545937,84.8798218,-0.668,-28.305,0.05,0.000,0.000,-12.8,28,0.0002,0.11
13:21:43,22.2545937,84.8798218,-0.668,-28.305,0.05,0.000,-0.000,-12.8,28,0.0002,0.11
13:21:43,22.2545937,84.8798218,-0.668,-28.305,0.05,0.000,-0.000,-12.8,28,0.0002,0.11
13:21:43,22.2545937,84.8798219,-0.663,-28.300,0.05,0.000,0.000,-12.8,28,0.0002,0.11
13:21:43,22.2545937,84.8798219,-0.662,-28.300,0.05,0.000,0.000,-12.7,28,0.0002,0.11
13:21:44,22.2545937,84.8798219,-0.663,-28.300,0.05,0.000,0.000,-12.7,28,0.0002,0.11
13:21:44,22.2545937,84.8798219,-0.662,-28.300,0.05,0.000,0.000,-12.7,28,0.0002,0.11
13:21:44,22.2545937,84.8798219,-0.662,-28.300,0.05,0.000,0.000,-12.6,28,0.0002,0.11
13:21:44,22.2545937,84.8798219,-0.662,-28.300,0.05,0.000,0.000,-12.6,28,0.0002,0.11
13:21:44,22.2545937,84.8798219,-0.662,-28.300,0.05,0.000,0.000,-12.6,28,0.0002,0.11
13:21:44,22.2545937,84.8798219,-0.662,-28.300,0.05,0.000,0.000,-12.5,28,0.0002,0.11
13:21:44,22.2545937,84.8798219,-0.662,-28.300,0.05,0.000,0.000,-12.5,28,0.0002,0.11
13:21:44,22.2545937,84.8798219,-0.662,-28.300,0.05,0.000,0.000,-12.5,28,0.0002,0.11
13:21:44,22.2545937,84.8798219,-0.662,-28.300,0.05,0.000,0.000,-12.4,28,0.0002,0.11
13:21:44,22.2545937,84.8798219,-0.662,-28.300,0.05,0.000,0.000,-12.4,28,0.0000,0.11
13:21:44,22.2545937,84.8798219,-0.662,-28.300,0.05,0.000,0.000,-12.4,28,0.0000,0.11
13:21:44,22.2545937,84.8798219,-0.662,-28.300,0.05,0.000,0.000,-12.3,28,0.0003,0.11
13:21:44,22.2545937,84.8798219,-0.662,-28.300,0.05,0.000,0.000,-12.3,28,0.0003,0.11
13:21:44,22.2545937,84.8798219,-0.662,-28.300,0.05,0.000,0.000,-12.3,28,0.0003,0.11
13:21:44,22.2545937,84.8798219,-0.662,-28.300,0.05,0.000,0.000,-12.3,28,0.0003,0.11
13:21:44,22.2545937,84.8798219,-0.662,-28.300,0.05,0.000,0.000,-12.3,28,0.0002,0.11
13:21:44,22.2545937,84.8798219,-0.662,-28.300,0.05,0.000,0.000,-12.3,28,0.0002,0.11
13:21:44,22.2545937,84.8798219,-0.662,-28.300,0.05,0.000,0.000,-12.3,28,0.0002,0.11
13:21:44,22.2545937,84.8798219,-0.662,-28.300,0.05,0.000,0.000,-12.3,28,0.0002,0.11
13:21:45,22.2545937,84.8798219,-0.662,-28.300,0.05,0.000,0.000,-12.3,28,0.0002,0.11
13:21:45,22.2545937,84.8798219,-0.662,-28.300,0.05,0.000,0.000,-12.3,28,0.0002,0.11
13:21:45,22.2545937,84.8798219,-0.662,-28.300,0.05,0.000,0.000,-12.3,28,0.0002,0.11
13:21:45,22.2545937,84.8798219,-0.662,-28.300,0.05,0.000,0.000,-12.3,28,0.0002,0.11
13:21:45,22.2545937,84.8798219,-0.662,-28.300,0.05,0.000,0.000,-12.4,28,0.0002,0.11
13:21:45,22.2545938,84.879822,-0.656,-28.294,0.05,0.000,0.000,-12.4,28,0.0002,0.12
13:21:45,22.2545938,84.879822,-0.656,-28.294,0.05,0.000,0.000,-12.4,28,0.0002,0.12
13:21:45,22.2545938,84.879822,-0.656,-28.294,0.05,0.000,0.000,-12.5,28,0.0002,0.12
13:21:45,22.2545938,84.879822,-0.656,-28.294,0.05,0.000,0.000,-12.5,28,0.0002,0.12
13:21:45,22.2545938,84.879822,-0.656,-28.294,0.05,0.000,0.000,-12.5,28,0.0002,0.12
13:21:45,22.2545938,84.879822,-0.656,-28.294,0.05,0.000,0.000,-12.5,28,0.0002,0.12
13:21:45,22.2545938,84.879822,-0.656,-28.294,0.05,0.000,0.000,-12.6,28,0.0002,0.12
13:21:45,22.2545938,84.879822,-0.656,-28.294,0.05,0.000,0.000,-12.6,28,0.0002,0.12
13:21:45,22.2545938,84.879822,-0.656,-28.294,0.05,0.000,0.000,-12.6,28,0.0002,0.12
13:21:45,22.2545938,84.879822,-0.656,-28.294,0.05,0.000,0.000,-12.6,28,0.0002,0.12
13:21:45,22.2545938,84.879822,-0.656,-28.294,0.05,-0.000,0.000,-12.6,28,0.0002,0.12
13:21:45,22.2545938,84.879822,-0.656,-28.294,0.05,-0.000,0.000,-12.6,28,0.0002,0.12
13:21:45,22.2545938,84.879822,-0.656,-28.294,0.05,-0.000,0.000,-12.6,28,0.0002,0.12
13:21:45,22.2545938,84.879822,-0.656,-28.294,0.05,-0.000,0.000,-12.6,28,0.0002,0.12
13:21:45,22.2545938,84.879822,-0.656,-28.294,0.05,0.000,0.000,-12.5,28,0.0002,0.12
13:21:46,22.2545938,84.879822,-0.656,-28.294,0.05,0.000,0.000,-12.5,28,0.0002,0.12
13:21:46,22.2545938,84.879822,-0.656,-28.294,0.05,0.000,0.000,-12.5,28,0.0002,0.12
13:21:46,22.2545938,84.879822,-0.656,-28.294,0.05,0.000,0.000,-12.5,28,0.0002,0.12
13:21:46,22.2545938,84.879822,-0.656,-28.294,0.05,0.000,0.000,-12.5,28,0.0000,0.12
13:21:46,22.2545938,84.879822,-0.656,-28.294,0.05,0.000,0.000,-12.5,28,0.0000,0.12
13:21:46,22.2545938,84.879822,-0.656,-28.294,0.05,0.000,0.000,-12.5,28,0.0002,0.12
13:21:46,22.2545938,84.879822,-0.656,-28.294,0.05,0.000,0.000,-12.5,28,0.0002,0.12
13:21:46,22.2545939,84.8798219,-0.650,-28.287,0.05,0.000,0.000,-12.5,28,0.0002,0.11
13:21:46,22.2545939,84.8798219,-0.650,-28.287,0.05,0.000,0.000,-12.5,28,0.0002,0.11
13:21:46,22.2545939,84.8798219,-0.650,-28.287,0.05,0.000,0.000,-12.5,28,0.0002,0.11
13:21:46,22.2545939,84.8798219,-0.650,-28.287,0.05,0.000,0.000,-12.5,28,0.0003,0.11
13:21:46,22.254594,84.8798218,-0.646,-28.280,0.05,0.000,0.000,-12.5,28,0.0003,0.10
13:21:46,22.254594,84.8798218,-0.646,-28.280,0.05,0.000,0.000,-12.5,28,0.0003,0.10
13:21:46,22.254594,84.8798218,-0.646,-28.280,0.05,0.000,0.000,-12.5,28,0.0003,0.10
13:21:46,22.254594,84.8798218,-0.646,-28.280,0.05,0.000,0.000,-12.5,28,0.0005,0.10
13:21:46,22.254594,84.8798218,-0.646,-28.280,0.05,0.000,0.000,-12.5,28,0.0005,0.10
13:21:46,22.254594,84.8798218,-0.646,-28.280,0.05,0.000,0.000,-12.5,28,0.0005,0.10
13:21:46,22.254594,84.8798218,-0.646,-28.280,0.05,0.000,0.000,-12.5,28,0.0005,0.10
13:21:46,22.254594,84.8798218,-0.646,-28.280,0.05,0.000,0.000,-12.5,28,0.0005,0.10
13:21:46,22.254594,84.8798218,-0.646,-28.280,0.05,0.000,0.000,-12.6,28,0.0005,0.10
13:21:47,22.254594,84.8798216,-0.644,-28.273,0.05,0.000,0.000,-12.6,28,0.0005,0.09
13:21:47,22.254594,84.8798216,-0.644,-28.273,0.05,0.000,0.000,-12.6,28,0.0005,0.09
13:21:47,22.254594,84.8798216,-0.644,-28.273,0.05,0.000,0.000,-12.6,28,0.0005,0.09
13:21:47,22.254594,84.8798216,-0.644,-28.273,0.05,0.000,0.000,-12.6,28,0.0005,0.09
13:21:47,22.254594,84.8798216,-0.644,-28.273,0.05,0.000,0.000,-12.6,28,0.0005,0.09
13:21:47,22.2545942,84.8798216,-0.642,-28.265,0.05,0.000,0.002,-12.7,28,0.0005,0.10
13:21:47,22.2545942,84.8798216,-0.642,-28.266,0.05,0.000,0.000,-12.7,28,0.0003,0.10
13:21:47,22.2545942,84.8798216,-0.642,-28.266,0.05,0.000,0.000,-12.7,28,0.0003,0.10
13:21:47,22.2545942,84.8798216,-0.642,-28.266,0.05,0.000,0.000,-12.7,28,0.0003,0.10
13:21:47,22.2545945,84.8798216,-0.640,-28.256,0.05,0.000,0.000,-12.7,28,0.0003,0.13
13:21:47,22.2545945,84.8798216,-0.640,-28.257,0.05,0.000,0.000,-12.7,28,0.0003,0.13
13:21:47,22.2545945,84.8798216,-0.640,-28.257,0.05,0.000,0.000,-12.7,28,0.0003,0.13
13:21:47,22.2545945,84.8798216,-0.640,-28.257,0.05,0.000,0.000,-12.7,28,0.0003,0.13
13:21:47,22.2545945,84.8798216,-0.640,-28.256,0.05,0.000,0.000,-12.7,28,0.0003,0.13
13:21:47,22.2545945,84.8798216,-0.640,-28.256,0.05,0.000,0.000,-12.7,28,0.0003,0.13
13:21:47,22.2545945,84.8798216,-0.640,-28.256,0.05,0.000,0.000,-12.7,28,0.0002,0.13
13:21:47,22.2545945,84.8798216,-0.640,-28.256,0.05,0.000,0.000,-12.7,28,0.0002,0.13
13:21:47,22.2545945,84.8798216,-0.640,-28.256,0.05,0.000,0.000,-12.7,28,0.0003,0.13
13:21:47,22.2545947,84.8798216,-0.638,-28.246,0.05,0.000,0.000,-12.7,28,0.0003,0.14
13:21:47,22.2545947,84.8798216,-0.638,-28.246,0.05,0.000,0.000,-12.7,28,0.0003,0.14
13:21:48,22.2545947,84.8798216,-0.638,-28.246,0.05,0.000,0.000,-12.7,28,0.0000,0.14
13:21:48,22.2545947,84.8798216,-0.638,-28.246,0.05,0.000,0.000,-12.7,28,0.0003,0.14
13:21:48,22.2545947,84.8798216,-0.638,-28.246,0.05,0.000,0.000,-12.7,28,0.0003,0.14
13:21:48,22.2545948,84.8798216,-0.637,-28.237,0.05,0.000,0.000,-12.7,28,0.0002,0.14
13:21:48,22.2545948,84.8798216,-0.637,-28.237,0.05,0.000,0.000,-12.7,28,0.0002,0.14
13:21:48,22.2545948,84.8798216,-0.637,-28.237,0.05,0.000,0.000,-12.7,28,0.0002,0.14
13:21:48,22.2545948,84.8798216,-0.637,-28.237,0.05,0.000,0.000,-12.6,28,0.0002,0.14
13:21:48,22.2545948,84.8798216,-0.637,-28.237,0.05,0.000,0.000,-12.7,28,0.0002,0.14
13:21:48,22.2545948,84.8798216,-0.637,-28.237,0.05,0.000,0.000,-12.7,28,0.0002,0.14
13:21:48,22.2545948,84.8798216,-0.637,-28.237,0.05,0.000,0.000,-12.7,28,0.0002,0.14
13:21:48,22.2545948,84.8798216,-0.637,-28.237,0.05,0.000,0.000,-12.7,28,0.0002,0.14
13:21:48,22.2545948,84.8798216,-0.637,-28.237,0.05,0.000,0.000,-12.7,28,0.0002,0.14
13:21:48,22.2545948,84.8798216,-0.637,-28.237,0.05,0.000,0.000,-12.7,28,0.0003,0.14
13:21:48,22.2545948,84.8798216,-0.637,-28.237,0.05,0.000,0.000,-12.7,28,0.0003,0.14
13:21:48,22.2545948,84.8798216,-0.637,-28.237,0.05,0.000,0.000,-12.7,28,0.0002,0.14
13:21:48,22.2545948,84.8798216,-0.637,-28.237,0.05,0.000,0.000,-12.8,28,0.0002,0.14
13:21:48,22.2545948,84.8798216,-0.637,-28.237,0.05,0.000,0.000,-12.8,28,0.0002,0.14
13:21:48,22.2545948,84.8798216,-0.637,-28.237,0.05,0.000,0.000,-12.9,28,0.0003,0.14
13:21:48,22.2545948,84.8798216,-0.637,-28.237,0.05,0.000,0.000,-12.9,28,0.0002,0.14
13:21:49,22.2545948,84.8798216,-0.637,-28.237,0.05,0.000,0.000,-12.9,28,0.0002,0.14
13:21:49,22.2545948,84.8798216,-0.637,-28.237,0.05,0.000,0.000,-13.0,28,0.0002,0.14
13:21:49,22.2545948,84.8798216,-0.637,-28.237,0.05,0.000,0.000,-13.0,28,0.0003,0.14
13:21:49,22.2545948,84.8798216,-0.637,-28.237,0.05,0.000,0.000,-13.0,28,0.0003,0.14
13:21:49,22.2545948,84.8798216,-0.637,-28.237,0.05,0.000,0.000,-13.1,28,0.0003,0.14
13:21:49,22.2545948,84.8798216,-0.637,-28.237,0.05,0.000,0.000,-13.1,28,0.0003,0.14
13:21:49,22.2545949,84.8798215,-0.636,-28.226,0.05,0.000,0.000,-13.1,28,0.0006,0.14
13:21:49,22.2545949,84.8798215,-0.636,-28.226,0.05,0.000,0.000,-13.2,28,0.0006,0.14
13:21:49,22.2545949,84.8798215,-0.636,-28.226,0.05,0.000,0.000,-13.2,28,0.0003,0.14
13:21:49,22.2545949,84.8798215,-0.636,-28.226,0.05,0.000,0.000,-13.3,28,0.0003,0.14
13:21:49,22.254595,84.8798214,-0.636,-28.215,0.05,0.000,0.000,-13.3,29,0.0004,0.14
13:21:49,22.254595,84.8798214,-0.636,-28.215,0.05,0.000,0.000,-13.3,29,0.0004,0.14
13:21:49,22.254595,84.8798214,-0.636,-28.215,0.05,0.000,0.000,-13.3,29,0.0006,0.14
13:21:49,22.254595,84.8798214,-0.636,-28.215,0.05,0.000,0.000,-13.3,29,0.0006,0.14
13:21:49,22.254595,84.8798214,-0.636,-28.215,0.05,0.000,0.000,-13.4,29,0.0002,0.14
13:21:49,22.254595,84.8798214,-0.636,-28.215,0.05,0.000,0.000,-13.4,29,0.0002,0.14
13:21:50,22.254595,84.8798214,-0.636,-28.215,0.05,0.000,0.000,-13.4,29,0.0002,0.14
13:21:50,22.254595,84.8798214,-0.636,-28.215,0.05,0.000,0.000,-13.4,29,0.0000,0.14
13:21:50,22.254595,84.8798214,-0.636,-28.215,0.05,0.000,0.000,-13.4,29,0.0000,0.14
13:21:50,22.2545952,84.8798213,-0.637,-28.204,0.05,-0.000,0.000,-13.4,29,0.0003,0.15
13:21:50,22.2545952,84.8798213,-0.637,-28.204,0.05,-0.000,0.000,-13.4,29,0.0003,0.15
13:21:50,22.2545952,84.8798213,-0.637,-28.204,0.05,-0.000,0.000,-13.5,29,0.0003,0.15
13:21:50,22.2545952,84.8798213,-0.637,-28.204,0.05,-0.000,0.000,-13.5,29,0.0003,0.15
13:21:50,22.2545952,84.8798213,-0.637,-28.204,0.05,-0.000,0.000,-13.5,29,0.0002,0.15
13:21:50,22.2545952,84.8798213,-0.637,-28.204,0.05,-0.000,0.000,-13.5,29,0.0002,0.15
13:21:50,22.2545952,84.8798213,-0.637,-28.204,0.05,-0.000,0.000,-13.5,29,0.0002,0.15
13:21:50,22.2545952,84.8798213,-0.637,-28.204,0.05,-0.000,0.000,-13.6,29,0.0002,0.15
13:21:50,22.2545952,84.8798213,-0.637,-28.204,0.05,-0.000,0.000,-13.6,29,0.0002,0.15
13:21:50,22.2545952,84.8798213,-0.637,-28.204,0.05,-0.000,0.000,-13.6,29,0.0002,0.15
13:21:50,22.2545952,84.8798213,-0.637,-28.204,0.05,-0.000,0.000,-13.6,29,0.0002,0.15
13:21:50,22.2545952,84.8798213,-0.637,-28.204,0.05,-0.000,0.000,-13.6,29,0.0002,0.15
13:21:50,22.2545952,84.8798213,-0.637,-28.204,0.05,-0.000,0.000,-13.6,29,0.0002,0.15
13:21:50,22.2545952,84.8798213,-0.637,-28.204,0.05,-0.000,0.000,-13.6,29,0.0002,0.15
13:21:50,22.2545953,84.8798213,-0.638,-28.192,0.05,-0.000,0.000,-13.6,29,0.0002,0.15
13:21:50,22.2545953,84.8798213,-0.638,-28.192,0.05,-0.000,0.000,-13.6,29,0.0002,0.15
13:21:50,22.2545953,84.8798213,-0.638,-28.192,0.05,-0.000,0.000,-13.6,29,0.0002,0.15
13:21:50,22.2545953,84.8798213,-0.638,-28.192,0.05,-0.000,0.000,-13.5,29,0.0002,0.15
13:21:50,22.2545954,84.8798213,-0.639,-28.181,0.05,-0.000,0.000,-13.5,29,0.0002,0.15
13:21:50,22.2545954,84.8798213,-0.639,-28.181,0.05,-0.000,0.000,-13.5,29,0.0002,0.15
13:21:50,22.2545954,84.8798213,-0.639,-28.181,0.05,-0.000,0.000,-13.5,29,0.0002,0.15
13:21:51,22.2545954,84.8798213,-0.639,-28.181,0.05,-0.000,0.000,-13.4,29,0.0002,0.15
13:21:51,22.2545954,84.8798213,-0.639,-28.181,0.05,-0.000,0.000,-13.4,29,0.0002,0.15
13:21:51,22.2545954,84.8798213,-0.639,-28.181,0.05,-0.000,0.000,-13.4,29,0.0002,0.15
13:21:51,22.2545954,84.8798213,-0.639,-28.181,0.05,-0.000,0.000,-13.4,29,0.0002,0.15
13:21:51,22.2545954,84.8798213,-0.639,-28.181,0.05,-0.000,0.000,-13.4,29,0.0002,0.15
13:21:51,22.2545954,84.8798213,-0.639,-28.181,0.05,0.000,0.000,-13.3,29,0.0002,0.15
13:21:51,22.2545954,84.8798213,-0.639,-28.181,0.05,0.000,0.000,-13.3,29,0.0002,0.15
13:21:51,22.2545955,84.8798213,-0.640,-28.170,0.05,-0.000,0.000,-13.3,29,0.0002,0.15
13:21:51,22.2545955,84.8798213,-0.640,-28.170,0.05,-0.000,0.000,-13.3,29,0.0002,0.15
13:21:51,22.2545955,84.8798213,-0.640,-28.170,0.05,0.000,0.000,-13.3,29,0.0002,0.15
13:21:51,22.2545955,84.8798213,-0.640,-28.170,0.05,0.000,0.000,-13.3,29,0.0002,0.15
13:21:51,22.2545955,84.8798214,-0.640,-28.161,0.05,0.000,0.000,-13.2,29,0.0002,0.14
13:21:51,22.2545955,84.8798214,-0.640,-28.161,0.05,0.000,0.000,-13.2,29,0.0000,0.14
13:21:51,22.2545955,84.8798214,-0.640,-28.161,0.05,0.000,0.000,-13.2,29,0.0002,0.14
13:21:51,22.2545955,84.8798214,-0.640,-28.161,0.05,0.000,0.000,-13.1,29,0.0002,0.14
13:21:51,22.2545955,84.8798214,-0.640,-28.161,0.05,0.000,0.000,-13.1,29,0.0002,0.14
13:21:51,22.2545955,84.8798214,-0.640,-28.161,0.05,-0.000,0.000,-13.1,29,0.0002,0.14
13:21:51,22.2545955,84.8798214,-0.640,-28.161,0.05,-0.000,0.000,-13.1,29,0.0002,0.14
13:21:51,22.2545955,84.8798214,-0.640,-28.161,0.05,0.000,0.000,-13.1,29,0.0002,0.14
13:21:51,22.2545955,84.8798214,-0.640,-28.161,0.05,0.000,0.000,-13.1,29,0.0002,0.14
13:21:52,22.2545956,84.8798214,-0.640,-28.151,0.05,0.000,0.000,-13.1,29,0.0002,0.14
13:21:52,22.2545956,84.8798214,-0.640,-28.151,0.05,0.000,0.000,-13.1,29,0.0002,0.14
13:21:52,22.2545956,84.8798214,-0.640,-28.151,0.05,0.000,0.000,-13.0,29,0.0002,0.14
13:21:52,22.2545956,84.8798214,-0.640,-28.151,0.05,0.000,0.000,-13.0,29,0.0002,0.14
13:21:52,22.2545956,84.8798214,-0.640,-28.151,0.05,0.000,0.000,-13.0,29,0.0002,0.14
13:21:52,22.2545957,84.8798215,-0.639,-28.141,0.05,0.000,0.000,-13.0,29,0.0002,0.14
13:21:52,22.2545957,84.8798215,-0.639,-28.141,0.05,0.000,0.000,-13.0,29,0.0002,0.14
13:21:52,22.2545957,84.8798215,-0.639,-28.141,0.05,0.000,0.000,-13.0,29,0.0002,0.14
13:21:52,22.2545957,84.8798215,-0.639,-28.141,0.05,0.000,0.000,-13.0,29,0.0002,0.14
13:21:52,22.2545958,84.8798216,-0.638,-28.132,0.05,0.000,0.000,-13.0,29,0.0002,0.15
13:21:52,22.2545958,84.8798216,-0.638,-28.132,0.05,0.000,0.000,-13.0,29,0.0002,0.15
13:21:52,22.2545958,84.8798216,-0.638,-28.132,0.05,0.000,0.000,-13.0,29,0.0002,0.15
13:21:52,22.2545958,84.8798216,-0.638,-28.132,0.05,0.000,0.000,-13.0,29,0.0002,0.15
13:21:52,22.2545958,84.8798216,-0.638,-28.132,0.05,0.000,0.000,-12.9,29,0.0002,0.15
13:21:52,22.2545958,84.8798216,-0.638,-28.132,0.05,0.000,0.000,-12.9,29,0.0002,0.15
13:21:52,22.2545958,84.8798216,-0.638,-28.132,0.05,0.000,0.000,-12.9,29,0.0002,0.15
13:21:52,22.2545958,84.8798216,-0.638,-28.132,0.05,0.000,0.000,-12.9,29,0.0002,0.15
13:21:52,22.2545958,84.8798216,-0.638,-28.132,0.05,0.000,0.000,-12.9,29,0.0002,0.15
13:21:52,22.2545959,84.8798218,-0.635,-28.122,0.05,0.000,0.000,-12.9,29,0.0002,0.15
13:21:52,22.2545959,84.8798218,-0.635,-28.122,0.05,0.000,0.000,-12.9,29,0.0002,0.15
13:21:53,22.2545959,84.8798218,-0.635,-28.122,0.05,0.000,0.000,-12.9,29,0.0002,0.15
13:21:53,22.2545959,84.8798218,-0.635,-28.122,0.05,0.000,0.000,-12.9,29,0.0002,0.15
13:21:53,22.2545959,84.8798218,-0.635,-28.122,0.05,0.000,0.000,-12.9,29,0.0002,0.15
13:21:53,22.2545959,84.8798219,-0.632,-28.113,0.05,0.000,0.000,-12.9,29,0.0002,0.14
13:21:53,22.2545959,84.8798219,-0.632,-28.113,0.05,0.000,0.000,-13.0,29,0.0002,0.14
13:21:53,22.2545959,84.8798219,-0.632,-28.113,0.05,0.000,0.000,-13.0,29,0.0002,0.14
13:21:53,22.2545959,84.8798219,-0.632,-28.113,0.05,0.000,0.000,-13.0,29,0.0002,0.14
13:21:53,22.2545959,84.8798219,-0.632,-28.113,0.05,0.000,0.000,-13.0,29,0.0002,0.14
13:21:53,22.2545959,84.8798219,-0.632,-28.113,0.05,0.000,0.000,-13.0,29,0.0002,0.14
13:21:53,22.2545959,84.8798219,-0.632,-28.113,0.05,0.000,0.000,-13.0,29,0.0000,0.14
13:21:53,22.2545959,84.8798219,-0.632,-28.113,0.05,0.000,0.000,-13.0,29,0.0002,0.14
13:21:53,22.2545959,84.8798219,-0.632,-28.113,0.05,0.000,0.000,-13.1,29,0.0002,0.14
13:21:53,22.2545959,84.8798219,-0.632,-28.113,0.05,0.000,0.000,-13.1,29,0.0002,0.14
13:21:53,22.2545959,84.8798219,-0.632,-28.113,0.05,0.000,0.000,-13.2,29,0.0002,0.14
13:21:53,22.2545959,84.8798219,-0.632,-28.113,0.05,0.000,0.000,-13.2,29,0.0002,0.14
13:21:53,22.2545959,84.8798219,-0.632,-28.113,0.05,0.000,0.000,-13.2,29,0.0002,0.14
13:21:53,22.254596,84.8798221,-0.627,-28.104,0.05,0.000,0.000,-13.2,29,0.0002,0.15
13:21:53,22.254596,84.8798221,-0.627,-28.104,0.05,0.000,0.000,-13.3,29,0.0002,0.15
13:21:53,22.254596,84.8798221,-0.627,-28.104,0.05,0.000,0.000,-13.3,29,0.0002,0.15
13:21:54,22.254596,84.8798221,-0.627,-28.104,0.05,0.000,0.000,-13.3,29,0.0002,0.15
13:21:54,22.254596,84.8798221,-0.627,-28.104,0.05,0.000,0.000,-13.3,29,0.0002,0.15
13:21:54,22.254596,84.8798221,-0.627,-28.104,0.05,0.000,0.000,-13.3,29,0.0002,0.15
13:21:54,22.254596,84.8798221,-0.627,-28.104,0.05,0.000,0.000,-13.3,29,0.0002,0.15
13:21:54,22.254596,84.8798221,-0.627,-28.104,0.05,0.000,0.000,-13.3,29,0.0002,0.15
13:21:54,22.254596,84.8798221,-0.627,-28.104,0.05,0.000,0.000,-13.3,29,0.0002,0.15
13:21:54,22.254596,84.8798222,-0.623,-28.095,0.05,0.000,0.000,-13.3,29,0.0002,0.15