Timestamp,Latitude,Longitude,Local_X_m,Local_Y_m,Pressure_Depth_m,Linear_Vx_ms,Linear_Vy_ms,Gyro_Heading_Yaw,Satellites_Count,DVL_FOM,Navigation_Drift_m
15:48:01,22.2636571,84.9099879,-0.044,-0.030,0.12,0.000,-0.000,134.4,29,0.0011,0.00
15:48:02,22.2636571,84.9099879,-0.044,-0.030,0.12,0.000,-0.000,134.4,29,0.0000,0.00
15:48:02,22.2636571,84.9099879,-0.044,-0.030,0.12,0.000,-0.000,134.6,29,0.0000,0.00
15:48:02,22.2636571,84.9099879,-0.044,-0.030,0.12,0.000,-0.000,134.6,29,0.0012,0.00
15:48:02,22.2636571,84.9099879,-0.044,-0.030,0.12,0.000,-0.000,134.7,29,0.0012,0.00
15:48:02,22.2636571,84.9099879,-0.044,-0.030,0.12,0.000,-0.000,134.7,29,0.0012,0.00
15:48:02,22.2636571,84.9099879,-0.044,-0.030,0.12,0.000,-0.000,134.8,29,0.0000,0.00
15:48:02,22.2636571,84.9099879,-0.044,-0.030,0.12,0.000,-0.000,135.0,29,0.0012,0.00
15:48:02,22.2636571,84.9099879,-0.044,-0.030,0.12,0.000,-0.000,135.0,29,0.0012,0.00
15:48:02,22.2636571,84.9099879,-0.044,-0.030,0.12,0.000,-0.000,135.1,29,0.0012,0.00
15:48:02,22.2636571,84.9099879,-0.044,-0.030,0.12,0.000,-0.000,135.3,29,0.0012,0.00
15:48:02,22.2636571,84.9099879,-0.044,-0.030,0.12,0.000,-0.000,135.3,29,0.0000,0.00
15:48:02,22.2636571,84.9099879,-0.044,-0.030,0.12,0.000,-0.000,135.3,29,0.0010,0.00
15:48:02,22.2636571,84.9099879,-0.044,-0.030,0.11,0.000,-0.000,135.4,29,0.0010,0.00
15:48:02,22.2636571,84.9099879,-0.044,-0.030,0.11,0.000,0.000,135.6,29,0.0010,0.00
15:48:02,22.2636571,84.9099879,-0.044,-0.030,0.11,0.000,0.000,135.7,29,0.0000,0.00
15:48:02,22.2636571,84.9099879,-0.044,-0.030,0.11,0.000,0.000,135.7,29,0.0000,0.00
15:48:02,22.2636571,84.9099879,-0.044,-0.030,0.11,0.000,-0.000,135.8,29,0.0013,0.00
15:48:02,22.2636571,84.9099879,-0.044,-0.030,0.11,0.000,-0.000,136.0,29,0.0010,0.00
15:48:02,22.2636571,84.9099879,-0.044,-0.030,0.11,0.000,-0.000,136.1,29,0.0010,0.00
15:48:02,22.2636571,84.9099879,-0.044,-0.030,0.11,0.000,-0.000,136.1,29,0.0000,0.00
15:48:03,22.2636571,84.9099879,-0.044,-0.030,0.11,0.000,-0.000,136.2,29,0.0009,0.00
15:48:03,22.2636571,84.9099879,-0.044,-0.030,0.11,0.000,-0.000,136.4,29,0.0009,0.00
15:48:03,22.2636571,84.9099879,-0.044,-0.030,0.11,0.000,-0.000,136.5,29,0.0009,0.00
15:48:03,22.2636571,84.9099879,-0.044,-0.030,0.11,0.000,-0.000,136.5,29,0.0009,0.00
15:48:03,22.2636571,84.9099879,-0.044,-0.030,0.11,0.000,-0.000,136.6,29,0.0000,0.00
15:48:03,22.2636571,84.9099879,-0.044,-0.030,0.12,0.000,-0.000,136.7,29,0.0009,0.00
15:48:03,22.2636571,84.9099879,-0.044,-0.030,0.12,0.000,-0.000,136.9,29,0.0009,0.00
15:48:03,22.2636571,84.9099879,-0.044,-0.030,0.12,0.000,-0.000,136.9,29,0.0012,0.00
15:48:03,22.2636571,84.9099879,-0.044,-0.030,0.12,0.000,-0.000,137.0,29,0.0010,0.00
15:48:03,22.2636571,84.9099879,-0.044,-0.030,0.12,0.000,-0.000,137.2,29,0.0000,0.00
15:48:03,22.2636571,84.9099879,-0.044,-0.030,0.12,0.000,-0.000,137.3,29,0.0010,0.00
15:48:03,22.2636571,84.9099879,-0.044,-0.030,0.12,0.000,-0.000,137.3,29,0.0010,0.00
15:48:03,22.2636571,84.9099879,-0.044,-0.030,0.12,-0.000,0.000,137.4,29,0.0010,0.00
15:48:03,22.2636571,84.9099879,-0.044,-0.030,0.12,-0.000,0.000,137.6,29,0.0000,0.00
15:48:03,22.2636571,84.9099879,-0.044,-0.030,0.12,-0.000,0.000,137.6,29,0.0000,0.00
15:48:03,22.2636571,84.9099879,-0.044,-0.030,0.12,0.000,0.000,137.6,29,0.0008,0.00
15:48:03,22.2636571,84.9099879,-0.044,-0.030,0.12,0.000,0.000,137.7,29,0.0009,0.00
15:48:03,22.2636571,84.9099879,-0.044,-0.030,0.12,0.000,0.000,137.9,29,0.0009,0.00
15:48:03,22.2636571,84.9099879,-0.044,-0.030,0.11,0.000,0.000,137.9,29,0.0000,0.00
15:48:04,22.2636571,84.9099879,-0.044,-0.030,0.11,0.000,0.000,138.0,29,0.0012,0.00
15:48:04,22.2636571,84.9099879,-0.044,-0.030,0.11,0.000,0.000,138.0,29,0.0012,0.00
15:48:04,22.2636571,84.9099879,-0.044,-0.030,0.11,0.000,0.000,138.2,29,0.0009,0.00
15:48:04,22.2636571,84.9099879,-0.044,-0.030,0.11,0.000,0.000,138.2,29,0.0009,0.00
15:48:04,22.2636571,84.9099879,-0.044,-0.030,0.11,0.000,0.000,138.2,29,0.0000,0.00
15:48:04,22.2636571,84.9099879,-0.044,-0.030,0.11,0.000,0.000,138.3,29,0.0000,0.00
15:48:04,22.2636571,84.9099879,-0.044,-0.030,0.11,0.000,0.000,138.5,29,0.0009,0.00
15:48:04,22.2636571,84.9099879,-0.044,-0.030,0.12,-0.000,-0.000,138.5,29,0.0012,0.00
15:48:04,22.2636571,84.9099879,-0.044,-0.030,0.12,-0.000,-0.000,138.5,29,0.0010,0.00
15:48:04,22.2636571,84.9099879,-0.044,-0.030,0.12,-0.000,-0.000,138.6,29,0.0000,0.00
15:48:04,22.2636571,84.9099879,-0.044,-0.030,0.12,-0.000,-0.000,138.8,29,0.0010,0.00
15:48:04,22.2636571,84.9099879,-0.044,-0.030,0.12,-0.000,-0.000,138.8,29,0.0010,0.00
15:48:04,22.2636571,84.9099879,-0.044,-0.030,0.12,-0.000,-0.000,138.8,29,0.0009,0.00
15:48:04,22.2636571,84.9099879,-0.044,-0.030,0.12,-0.000,-0.000,139.0,29,0.0000,0.00
15:48:04,22.2636571,84.9099879,-0.044,-0.030,0.12,-0.000,-0.000,139.1,29,0.0000,0.00
15:48:04,22.2636571,84.9099879,-0.044,-0.030,0.12,-0.000,-0.000,139.1,29,0.0009,0.00
15:48:04,22.2636571,84.9099879,-0.044,-0.030,0.12,-0.000,-0.000,139.1,29,0.0009,0.00
15:48:04,22.2636571,84.9099879,-0.044,-0.030,0.12,-0.000,-0.000,139.3,29,0.0009,0.00
15:48:04,22.2636571,84.9099879,-0.044,-0.030,0.12,-0.000,-0.000,139.4,29,0.0000,0.00
15:48:04,22.2636571,84.9099879,-0.044,-0.030,0.12,-0.000,-0.000,139.4,29,0.0000,0.00
15:48:05,22.2636571,84.9099879,-0.044,-0.030,0.12,-0.000,-0.000,139.4,29,0.0014,0.00
15:48:05,22.2636571,84.9099879,-0.044,-0.030,0.12,0.000,0.000,139.6,29,0.0014,0.00
15:48:05,22.2636571,84.9099879,-0.044,-0.030,0.12,0.000,0.000,139.7,29,0.0014,0.00
15:48:05,22.2636571,84.9099879,-0.044,-0.030,0.12,0.000,0.000,139.7,29,0.0000,0.00
15:48:05,22.2636571,84.9099879,-0.044,-0.030,0.12,0.000,-0.000,139.8,29,0.0011,0.00
15:48:05,22.2636571,84.9099879,-0.044,-0.030,0.12,0.000,-0.000,139.9,29,0.0011,0.00
15:48:05,22.2636571,84.9099879,-0.044,-0.030,0.12,0.000,0.000,140.0,29,0.0011,0.00
15:48:05,22.2636571,84.9099879,-0.044,-0.030,0.12,0.000,0.000,140.0,29,0.0011,0.00
15:48:05,22.2636571,84.9099879,-0.044,-0.030,0.12,0.000,0.000,140.1,29,0.0000,0.00
15:48:05,22.2636571,84.9099879,-0.044,-0.030,0.11,0.000,0.000,140.2,29,0.0011,0.00
15:48:05,22.2636571,84.9099879,-0.044,-0.030,0.11,0.000,0.000,140.3,29,0.0011,0.00
15:48:05,22.2636571,84.9099879,-0.044,-0.030,0.11,0.000,0.000,140.3,29,0.0011,0.00
15:48:05,22.2636571,84.9099879,-0.044,-0.030,0.11,0.000,0.000,140.4,29,0.0012,0.00
15:48:05,22.2636571,84.9099879,-0.044,-0.030,0.12,0.000,0.000,140.5,29,0.0000,0.00
15:48:05,22.2636571,84.9099879,-0.044,-0.030,0.12,0.000,0.000,140.5,29,0.0011,0.00
15:48:05,22.2636571,84.9099879,-0.044,-0.030,0.12,-0.000,-0.000,140.6,29,0.0011,0.00
15:48:05,22.2636571,84.9099879,-0.044,-0.030,0.12,-0.000,-0.000,140.7,29,0.0011,0.00
15:48:05,22.2636571,84.9099879,-0.044,-0.030,0.12,-0.000,-0.000,140.8,29,0.0000,0.00
15:48:05,22.2636571,84.9099879,-0.044,-0.030,0.12,-0.000,-0.000,140.8,29,0.0000,0.00
15:48:05,22.2636571,84.9099879,-0.044,-0.030,0.12,0.000,0.000,141.0,29,0.0009,0.00
15:48:06,22.2636571,84.9099879,-0.044,-0.030,0.12,0.000,0.000,141.0,29,0.0009,0.00
15:48:06,22.2636571,84.9099879,-0.044,-0.030,0.11,0.000,0.000,141.2,29,0.0009,0.00
15:48:06,22.2636571,84.9099879,-0.044,-0.030,0.11,0.000,0.000,141.2,29,0.0000,0.00
15:48:06,22.2636571,84.9099879,-0.044,-0.030,0.11,-0.000,-0.000,141.2,29,0.0009,0.00
15:48:06,22.2636571,84.9099879,-0.044,-0.030,0.11,-0.000,-0.000,141.3,29,0.0009,0.00
15:48:06,22.2636571,84.9099879,-0.044,-0.030,0.11,-0.000,-0.000,141.4,29,0.0010,0.00
15:48:06,22.2636571,84.9099879,-0.044,-0.030,0.12,-0.000,-0.000,141.4,29,0.0010,0.00
15:48:06,22.2636571,84.9099879,-0.044,-0.030,0.12,-0.000,-0.000,141.5,29,0.0000,0.00
15:48:06,22.2636571,84.9099879,-0.044,-0.030,0.12,0.000,0.000,141.6,29,0.0010,0.00
15:48:06,22.2636571,84.9099879,-0.044,-0.030,0.12,0.000,0.000,141.7,29,0.0010,0.00
15:48:06,22.2636571,84.9099879,-0.044,-0.030,0.12,0.000,0.000,141.7,29,0.0011,0.00
15:48:06,22.2636571,84.9099879,-0.044,-0.030,0.12,-0.000,-0.000,141.8,29,0.0010,0.00
15:48:06,22.2636571,84.9099879,-0.044,-0.030,0.12,-0.000,-0.000,141.8,29,0.0000,0.00
15:48:06,22.2636571,84.9099879,-0.044,-0.030,0.12,-0.000,-0.000,141.9,29,0.0010,0.00
15:48:06,22.2636571,84.9099879,-0.044,-0.030,0.12,-0.000,-0.000,141.9,29,0.0010,0.00
15:48:06,22.2636571,84.9099879,-0.044,-0.030,0.12,-0.000,-0.000,142.0,29,0.0008,0.00
15:48:06,22.2636571,84.9099879,-0.044,-0.030,0.12,-0.000,-0.000,142.1,29,0.0000,0.00
15:48:06,22.2636571,84.9099879,-0.044,-0.030,0.12,-0.000,-0.000,142.1,29,0.0000,0.00
15:48:06,22.2636571,84.9099879,-0.044,-0.030,0.11,-0.000,-0.000,142.2,29,0.0009,0.00
15:48:06,22.2636571,84.9099879,-0.044,-0.030,0.11,-0.000,-0.000,142.2,29,0.0009,0.00
15:48:07,22.2636571,84.9099879,-0.044,-0.030,0.11,-0.000,-0.000,142.4,29,0.0009,0.00
15:48:07,22.2636571,84.9099879,-0.044,-0.030,0.11,-0.000,-0.000,142.4,29,0.0000,0.00
15:48:07,22.2636571,84.9099879,-0.044,-0.030,0.11,-0.000,-0.000,142.4,29,0.0000,0.00
15:48:07,22.2636571,84.9099879,-0.044,-0.030,0.11,-0.000,-0.000,142.5,29,0.0009,0.00
15:48:07,22.2636571,84.9099879,-0.044,-0.030,0.11,-0.000,-0.000,142.6,29,0.0007,0.00
15:48:07,22.2636571,84.9099879,-0.044,-0.030,0.11,-0.000,-0.000,142.6,29,0.0007,0.00
15:48:07,22.2636571,84.9099879,-0.044,-0.030,0.11,-0.000,-0.000,142.7,29,0.0000,0.00
15:48:07,22.2636571,84.9099879,-0.044,-0.030,0.12,-0.000,-0.000,142.8,29,0.0008,0.00
15:48:07,22.2636571,84.9099879,-0.044,-0.030,0.12,-0.000,-0.000,142.9,29,0.0008,0.00
15:48:07,22.2636571,84.9099879,-0.044,-0.030,0.12,-0.000,-0.000,142.9,29,0.0008,0.00
15:48:07,22.2636571,84.9099879,-0.044,-0.030,0.12,-0.000,-0.000,143.0,29,0.0008,0.00
15:48:07,22.2636571,84.9099879,-0.044,-0.030,0.12,-0.000,-0.000,143.1,29,0.0000,0.00
15:48:07,22.2636571,84.9099879,-0.044,-0.030,0.12,-0.000,-0.000,143.2,29,0.0007,0.00
15:48:07,22.2636571,84.9099879,-0.044,-0.030,0.12,-0.000,-0.000,143.2,29,0.0008,0.00
15:48:07,22.2636571,84.9099879,-0.044,-0.030,0.12,-0.000,-0.000,143.3,29,0.0008,0.00
15:48:07,22.2636571,84.9099879,-0.044,-0.030,0.12,-0.000,-0.000,143.5,29,0.0000,0.00
15:48:07,22.2636571,84.9099879,-0.044,-0.030,0.12,-0.000,-0.000,143.5,29,0.0000,0.00
15:48:07,22.2636571,84.9099879,-0.044,-0.030,0.12,-0.000,-0.000,143.5,29,0.0009,0.00
15:48:07,22.2636571,84.9099879,-0.044,-0.030,0.12,-0.000,-0.000,143.6,29,0.0009,0.00
15:48:08,22.2636571,84.9099879,-0.044,-0.030,0.12,-0.000,-0.000,143.8,29,0.0009,0.00
15:48:08,22.2636571,84.9099879,-0.044,-0.030,0.12,-0.000,-0.000,143.8,29,0.0000,0.00
15:48:08,22.2636571,84.9099879,-0.044,-0.030,0.12,-0.000,-0.000,143.9,29,0.0008,0.00
15:48:08,22.2636571,84.9099879,-0.044,-0.030,0.12,-0.000,-0.000,144.0,29,0.0008,0.00
15:48:08,22.2636571,84.9099879,-0.044,-0.030,0.12,-0.000,-0.000,144.1,29,0.0008,0.00
15:48:08,22.2636571,84.9099879,-0.044,-0.030,0.12,-0.000,-0.000,144.1,29,0.0009,0.00
15:48:08,22.2636571,84.9099879,-0.044,-0.030,0.12,-0.000,-0.000,144.2,29,0.0000,0.00
15:48:08,22.2636571,84.9099879,-0.044,-0.030,0.12,-0.000,-0.000,144.4,29,0.0007,0.00
15:48:08,22.2636571,84.9099879,-0.044,-0.030,0.12,-0.000,-0.000,144.5,29,0.0007,0.00
15:48:08,22.2636571,84.9099879,-0.044,-0.030,0.12,-0.000,-0.000,144.5,29,0.0009,0.00
15:48:08,22.2636571,84.9099879,-0.044,-0.030,0.12,-0.000,-0.000,144.6,29,0.0000,0.00
15:48:08,22.2636571,84.9099879,-0.044,-0.030,0.12,-0.000,-0.000,144.6,29,0.0000,0.00
15:48:08,22.2636571,84.9099879,-0.044,-0.030,0.12,-0.000,-0.000,144.8,29,0.0010,0.00
15:48:08,22.2636571,84.9099879,-0.044,-0.030,0.11,-0.000,-0.000,144.9,29,0.0010,0.00
15:48:08,22.2636571,84.9099879,-0.044,-0.030,0.11,-0.000,-0.000,144.9,29,0.0008,0.00
15:48:08,22.2636571,84.9099879,-0.044,-0.030,0.11,-0.000,-0.000,145.0,29,0.0000,0.00
15:48:08,22.2636571,84.9099879,-0.044,-0.030,0.11,-0.000,-0.000,145.1,29,0.0000,0.00
15:48:08,22.2636571,84.9099879,-0.044,-0.030,0.11,-0.000,-0.000,145.2,29,0.0008,0.00
15:48:08,22.2636571,84.9099879,-0.044,-0.030,0.11,0.000,0.000,145.2,29,0.0010,0.00
15:48:08,22.2636571,84.9099879,-0.044,-0.030,0.11,0.000,0.000,145.3,29,0.0010,0.00
15:48:09,22.2636571,84.9099879,-0.044,-0.030,0.11,0.000,0.000,145.4,29,0.0000,0.00
15:48:09,22.2636571,84.9099879,-0.044,-0.030,0.11,0.000,0.000,145.5,29,0.0009,0.00
15:48:09,22.2636571,84.9099879,-0.044,-0.030,0.11,0.000,0.000,145.5,29,0.0009,0.00
15:48:09,22.2636571,84.9099879,-0.044,-0.030,0.11,0.000,0.000,145.6,29,0.0009,0.00
15:48:09,22.2636571,84.9099879,-0.044,-0.030,0.11,0.000,0.000,145.7,29,0.0009,0.00
15:48:09,22.2636571,84.9099879,-0.044,-0.030,0.11,0.000,0.000,145.7,29,0.0000,0.00
15:48:09,22.2636571,84.9099879,-0.044,-0.030,0.12,0.000,0.000,145.8,29,0.0010,0.00
15:48:09,22.2636571,84.9099879,-0.044,-0.030,0.12,0.000,0.000,145.9,29,0.0010,0.00
15:48:09,22.2636571,84.9099879,-0.044,-0.030,0.12,-0.000,-0.000,145.9,29,0.0010,0.00
15:48:09,22.2636571,84.9099879,-0.044,-0.030,0.12,-0.000,-0.000,145.9,29,0.0010,0.00
15:48:09,22.2636571,84.9099879,-0.044,-0.030,0.12,-0.000,-0.000,146.0,29,0.0000,0.00
15:48:09,22.2636571,84.9099879,-0.044,-0.030,0.12,-0.000,-0.000,146.0,29,0.0009,0.00
15:48:09,22.2636571,84.9099879,-0.044,-0.030,0.12,-0.000,-0.000,146.1,29,0.0009,0.00
15:48:09,22.2636571,84.9099879,-0.044,-0.030,0.12,-0.000,-0.000,146.1,29,0.0009,0.00
15:48:09,22.2636571,84.9099879,-0.044,-0.030,0.12,-0.000,-0.000,146.1,29,0.0000,0.00
15:48:09,22.2636571,84.9099879,-0.044,-0.030,0.12,-0.000,-0.000,146.2,29,0.0000,0.00
15:48:09,22.2636571,84.9099879,-0.044,-0.030,0.12,-0.000,-0.000,146.2,29,0.0009,0.00
15:48:09,22.2636571,84.9099879,-0.044,-0.030,0.12,-0.000,-0.000,146.2,29,0.0009,0.00
15:48:09,22.2636571,84.9099879,-0.044,-0.030,0.12,-0.000,-0.000,146.2,29,0.0009,0.00
15:48:09,22.2636571,84.9099879,-0.044,-0.030,0.12,-0.000,-0.000,146.3,29,0.0000,0.00
15:48:10,22.2636571,84.9099879,-0.044,-0.030,0.12,-0.000,-0.000,146.3,29,0.0000,0.00
15:48:10,22.2636571,84.9099879,-0.044,-0.030,0.12,-0.000,-0.000,146.3,29,0.0020,0.00
15:48:10,22.2636571,84.9099879,-0.044,-0.030,0.12,0.000,0.000,146.3,29,0.0011,0.00
15:48:10,22.2636571,84.9099879,-0.044,-0.030,0.12,0.000,0.000,145.7,29,0.0011,0.00
15:48:10,22.2636571,84.9099879,-0.044,-0.030,0.12,0.000,0.000,145.0,29,0.0000,0.00
15:48:10,22.2636571,84.9099879,-0.044,-0.030,0.12,0.000,0.000,145.0,29,0.0010,0.00
15:48:10,22.2636571,84.9099879,-0.044,-0.030,0.12,0.000,0.000,143.3,29,0.0010,0.00
15:48:10,22.2636571,84.9099879,-0.044,-0.030,0.11,0.000,0.000,142.2,29,0.0010,0.00
15:48:10,22.2636571,84.9099879,-0.044,-0.030,0.11,0.000,0.000,140.8,29,0.0013,0.00
15:48:10,22.2636571,84.9099879,-0.044,-0.030,0.11,0.000,0.000,140.8,29,0.0000,0.00
15:48:10,22.2636571,84.9099879,-0.048,-0.034,0.11,-0.031,-0.029,132.4,29,0.0014,0.00
15:48:10,22.2636571,84.9099879,-0.056,-0.044,0.11,-0.061,-0.078,125.0,29,0.0023,0.00
15:48:10,22.2636571,84.9099879,-0.059,-0.048,0.11,-0.061,-0.078,125.0,29,0.0000,0.00
15:48:10,22.2636571,84.9099879,-0.062,-0.052,0.11,-0.061,-0.078,121.8,29,0.0000,0.00
15:48:10,22.2636571,84.9099879,-0.058,-0.063,0.11,-0.015,-0.126,119.0,29,0.0018,0.00
15:48:10,22.2636571,84.9099879,-0.061,-0.069,0.11,-0.030,-0.121,114.2,29,0.0017,0.00
15:48:10,22.2636571,84.9099879,-0.062,-0.075,0.11,-0.030,-0.121,114.2,29,0.0017,0.00
15:48:10,22.2636571,84.9099879,-0.064,-0.081,0.11,-0.030,-0.121,112.1,29,0.0000,0.00
15:48:10,22.2636571,84.9099879,-0.065,-0.087,0.11,-0.030,-0.121,110.1,29,0.0000,0.00
15:48:10,22.2636571,84.9099879,-0.067,-0.090,0.12,-0.028,-0.104,106.6,29,0.0018,0.00
15:48:11,22.2636571,84.9099879,-0.066,-0.088,0.12,-0.016,-0.060,106.6,29,0.0013,0.00
15:48:11,22.2636571,84.9099879,-0.067,-0.091,0.12,-0.016,-0.060,105.1,29,0.0013,0.00
15:48:11,22.2636571,84.9099879,-0.068,-0.094,0.12,-0.016,-0.060,103.6,29,0.0000,0.00
15:48:11,22.2636571,84.9099879,-0.067,-0.093,0.12,-0.008,-0.031,103.6,29,0.0012,0.00
15:48:11,22.2636571,84.9099879,-0.068,-0.094,0.12,-0.008,-0.031,101.1,29,0.0012,0.00
15:48:11,22.2636571,84.9099879,-0.067,-0.094,0.12,-0.004,-0.017,100.0,29,0.0017,0.00
15:48:11,22.2636571,84.9099879,-0.067,-0.094,0.12,-0.002,-0.011,98.9,29,0.0014,0.00
15:48:11,22.2636571,84.9099879,-0.068,-0.094,0.12,-0.002,-0.011,98.9,29,0.0000,0.00
15:48:11,22.2636571,84.9099879,-0.067,-0.094,0.12,-0.001,-0.007,96.9,29,0.0012,0.00
15:48:11,22.2636571,84.9099879,-0.068,-0.094,0.12,-0.001,-0.007,96.0,29,0.0012,0.00
15:48:11,22.2636571,84.9099879,-0.067,-0.094,0.12,-0.001,-0.004,95.1,29,0.0011,0.00
15:48:11,22.2636571,84.9099879,-0.068,-0.095,0.12,-0.001,-0.004,93.4,29,0.0000,0.00
15:48:11,22.2636571,84.9099879,-0.068,-0.095,0.12,-0.001,-0.004,93.4,29,0.0000,0.00
15:48:11,22.2636571,84.9099879,-0.068,-0.095,0.12,-0.000,-0.002,92.5,29,0.0012,0.00
15:48:11,22.2636571,84.9099879,-0.068,-0.095,0.12,-0.000,-0.001,91.8,29,0.0015,0.00
15:48:11,22.2636571,84.9099879,-0.068,-0.095,0.12,-0.000,-0.001,90.2,29,0.0015,0.00
15:48:11,22.2636571,84.9099879,-0.068,-0.095,0.12,-0.000,-0.001,90.2,29,0.0000,0.00
15:48:11,22.2636571,84.9099879,-0.068,-0.095,0.12,-0.000,-0.001,89.4,29,0.0015,0.00
15:48:11,22.2636571,84.9099879,-0.068,-0.095,0.12,-0.000,-0.001,88.7,29,0.0015,0.00
15:48:12,22.2636571,84.9099879,-0.067,-0.095,0.12,0.000,-0.001,88.7,29,0.0013,0.00
15:48:12,22.2636571,84.9099879,-0.067,-0.095,0.12,0.000,-0.001,87.2,29,0.0013,0.00
15:48:12,22.2636571,84.9099879,-0.067,-0.095,0.12,0.000,-0.001,86.5,29,0.0000,0.00
15:48:12,22.2636571,84.9099879,-0.067,-0.095,0.12,0.000,-0.001,85.0,29,0.0013,0.00
15:48:12,22.2636571,84.9099879,-0.067,-0.095,0.12,0.000,-0.001,85.0,29,0.0013,0.00
15:48:12,22.2636571,84.9099879,-0.067,-0.095,0.12,0.000,-0.001,83.8,29,0.0012,0.00
15:48:12,22.2636571,84.9099879,-0.067,-0.095,0.12,0.001,-0.001,82.1,29,0.0015,0.00
15:48:12,22.2636571,84.9099879,-0.067,-0.095,0.12,0.001,-0.001,77.2,29,0.0000,0.00
15:48:12,22.2636571,84.9099879,-0.072,-0.096,0.12,-0.036,-0.009,77.2,29,0.0016,0.00
15:48:12,22.2636571,84.9099879,-0.074,-0.097,0.12,-0.036,-0.009,74.4,29,0.0016,0.00
15:48:12,22.2636571,84.9099879,-0.074,-0.097,0.12,-0.019,-0.005,71.8,29,0.0017,0.00
15:48:12,22.2636571,84.9099879,-0.074,-0.097,0.12,-0.019,-0.005,66.8,29,0.0017,0.00
15:48:12,22.2636571,84.9099879,-0.075,-0.097,0.12,-0.019,-0.005,66.8,29,0.0000,0.00
15:48:12,22.2636571,84.9099879,-0.076,-0.098,0.12,-0.019,-0.005,64.6,29,0.0000,0.00
15:48:12,22.2636571,84.9099879,-0.076,-0.097,0.11,-0.009,-0.002,60.4,29,0.0006,0.00
15:48:12,22.2636571,84.9099879,-0.076,-0.097,0.11,-0.009,-0.002,58.4,29,0.0006,0.00
15:48:12,22.2636571,84.9099879,-0.076,-0.097,0.11,-0.005,-0.001,58.4,29,0.0007,0.00
15:48:12,22.2636571,84.9099879,-0.076,-0.097,0.11,-0.005,-0.001,56.6,29,0.0000,0.00
15:48:12,22.2636571,84.9099879,-0.076,-0.097,0.12,-0.003,-0.000,53.1,29,0.0006,0.00
15:48:12,22.2636571,84.9099879,-0.076,-0.097,0.12,-0.003,-0.000,51.5,29,0.0006,0.00
15:48:13,22.2636571,84.9099879,-0.076,-0.097,0.12,-0.002,0.000,51.5,29,0.0005,0.00
15:48:13,22.2636571,84.9099879,-0.076,-0.097,0.12,-0.002,0.000,49.9,29,0.0000,0.00
15:48:13,22.2636571,84.9099879,-0.076,-0.097,0.12,-0.001,0.000,46.9,29,0.0004,0.00
15:48:13,22.2636571,84.9099879,-0.076,-0.097,0.12,-0.001,0.000,45.5,29,0.0004,0.00
15:48:13,22.2636571,84.9099879,-0.076,-0.097,0.12,-0.001,0.000,45.5,29,0.0004,0.00
15:48:13,22.2636571,84.9099879,-0.076,-0.097,0.12,-0.001,0.000,44.1,29,0.0000,0.00
15:48:13,22.2636571,84.9099879,-0.076,-0.097,0.11,-0.000,-0.000,41.5,29,0.0027,0.00
15:48:13,22.2636571,84.9099879,-0.076,-0.097,0.11,-0.000,-0.000,40.2,29,0.0027,0.00
15:48:13,22.2636571,84.9099879,-0.076,-0.097,0.11,0.000,-0.000,40.2,29,0.0024,0.00
15:48:13,22.2636571,84.9099879,-0.076,-0.097,0.11,0.000,-0.000,39.1,29,0.0019,0.00
15:48:13,22.2636571,84.9099879,-0.076,-0.097,0.11,0.000,-0.000,36.8,29,0.0000,0.00
15:48:13,22.2636571,84.9099879,-0.076,-0.097,0.11,0.001,-0.000,36.8,29,0.0014,0.00
15:48:13,22.2636571,84.9099879,-0.076,-0.097,0.11,0.001,-0.000,35.8,29,0.0014,0.00
15:48:13,22.2636571,84.9099879,-0.076,-0.097,0.11,0.001,-0.000,34.7,29,0.0012,0.00
15:48:13,22.2636571,84.9099879,-0.076,-0.097,0.11,0.001,-0.000,32.7,29,0.0000,0.00
15:48:13,22.2636571,84.9099879,-0.076,-0.097,0.11,0.001,-0.000,32.7,29,0.0000,0.00
15:48:13,22.2636571,84.9099879,-0.076,-0.097,0.11,0.001,-0.000,31.7,29,0.0009,0.00
15:48:13,22.2636571,84.9099879,-0.076,-0.097,0.11,0.001,-0.000,29.9,29,0.0010,0.00
15:48:13,22.2636571,84.9099879,-0.076,-0.097,0.11,0.001,-0.000,28.9,29,0.0010,0.00
15:48:13,22.2636571,84.9099879,-0.076,-0.097,0.11,0.001,-0.000,28.9,29,0.0000,0.00
15:48:14,22.2636571,84.9099879,-0.076,-0.097,0.11,0.001,-0.000,28.1,29,0.0000,0.00
15:48:14,22.2636571,84.9099879,-0.076,-0.097,0.11,0.000,-0.000,26.3,29,0.0010,0.00
15:48:14,22.2636571,84.9099879,-0.076,-0.097,0.11,0.000,-0.000,26.3,29,0.0012,0.00
15:48:14,22.2636571,84.9099879,-0.076,-0.097,0.11,0.000,-0.000,25.4,29,0.0012,0.00
15:48:14,22.2636571,84.9099879,-0.076,-0.097,0.11,0.000,-0.000,23.8,29,0.0000,0.00
15:48:14,22.2636571,84.9099879,-0.076,-0.097,0.11,-0.000,0.000,22.9,29,0.0018,0.00
15:48:14,22.2636571,84.9099879,-0.076,-0.097,0.11,-0.000,0.000,22.9,29,0.0018,0.00
15:48:14,22.2636571,84.9099879,-0.076,-0.097,0.12,-0.000,0.000,22.1,29,0.0012,0.00
15:48:14,22.2636571,84.9099879,-0.076,-0.097,0.12,-0.000,0.000,19.5,29,0.0019,0.00
15:48:14,22.2636571,84.9099879,-0.076,-0.097,0.12,-0.000,0.000,17.4,29,0.0000,0.00
15:48:14,22.2636571,84.9099879,-0.076,-0.097,0.12,0.000,0.000,14.8,29,0.0014,0.00
15:48:14,22.2636571,84.9099879,-0.077,-0.102,0.12,-0.008,-0.033,14.8,29,0.0019,0.00
15:48:14,22.2636571,84.9099879,-0.077,-0.103,0.12,-0.008,-0.033,8.8,29,0.0019,0.00
15:48:14,22.2636571,84.9099879,-0.078,-0.105,0.12,-0.008,-0.033,5.9,29,0.0000,0.00
15:48:14,22.2636571,84.9099879,-0.078,-0.107,0.12,-0.008,-0.033,3.2,29,0.0000,0.00
15:48:14,22.2636571,84.9099879,-0.078,-0.105,0.12,-0.003,-0.015,3.2,29,0.0016,0.00
15:48:14,22.2636571,84.9099879,-0.078,-0.105,0.12,-0.002,-0.009,-1.9,29,0.0012,0.00
15:48:14,22.2636571,84.9099879,-0.078,-0.106,0.12,-0.002,-0.009,-4.2,29,0.0012,0.00
15:48:14,22.2636571,84.9099879,-0.078,-0.106,0.12,-0.002,-0.009,-4.2,29,0.0000,0.00
15:48:14,22.2636571,84.9099879,-0.078,-0.107,0.12,-0.002,-0.009,-6.4,29,0.0000,0.00
15:48:15,22.2636571,84.9099879,-0.078,-0.106,0.11,-0.001,-0.004,-10.4,29,0.0006,0.00
15:48:15,22.2636571,84.9099879,-0.078,-0.106,0.11,-0.001,-0.004,-12.3,29,0.0006,0.00
15:48:15,22.2636571,84.9099879,-0.078,-0.107,0.11,-0.001,-0.004,-12.3,29,0.0006,0.00
15:48:15,22.2636571,84.9099879,-0.078,-0.107,0.11,-0.001,-0.004,-15.8,29,0.0000,0.00
15:48:15,22.2636571,84.9099879,-0.078,-0.107,0.12,-0.001,-0.004,-17.4,29,0.0000,0.00
15:48:15,22.2636571,84.9099879,-0.078,-0.107,0.12,-0.001,-0.002,-18.7,29,0.0005,0.00
15:48:15,22.2636571,84.9099879,-0.078,-0.107,0.12,-0.001,-0.002,-18.7,29,0.0005,0.00
15:48:15,22.2636571,84.9099879,-0.078,-0.107,0.12,-0.001,-0.002,-21.0,29,0.0000,0.00
15:48:15,22.2636571,84.9099879,-0.078,-0.107,0.12,-0.001,-0.002,-22.0,29,0.0000,0.00
15:48:15,22.2636571,84.9099879,-0.078,-0.107,0.12,-0.001,-0.001,-22.8,29,0.0007,0.00
15:48:15,22.2636571,84.9099879,-0.079,-0.107,0.12,-0.001,-0.001,-22.8,29,0.0007,0.00
15:48:15,22.2636571,84.9099879,-0.079,-0.107,0.12,-0.001,-0.001,-24.1,29,0.0000,0.00
15:48:15,22.2636571,84.9099879,-0.079,-0.107,0.12,-0.001,-0.001,-24.4,29,0.0000,0.00
15:48:15,22.2636571,84.9099879,-0.079,-0.107,0.12,-0.001,-0.001,-24.3,29,0.0000,0.00
15:48:15,22.2636571,84.9099879,-0.088,-0.086,0.12,-0.040,0.085,-24.3,29,0.0019,0.00
15:48:15,22.2636571,84.9099879,-0.090,-0.082,0.12,-0.040,0.085,-23.0,29,0.0019,0.00
15:48:15,22.2636571,84.9099879,-0.092,-0.078,0.12,-0.040,0.085,-22.1,29,0.0000,0.00
15:48:15,22.2636571,84.9099879,-0.107,-0.042,0.12,-0.099,0.226,-22.1,29,0.0038,0.00
15:48:15,22.2636571,84.9099879,-0.112,-0.031,0.12,-0.099,0.226,-20.0,29,0.0038,0.00
15:48:16,22.2636571,84.9099879,-0.121,-0.004,0.12,-0.118,0.300,-18.8,29,0.0042,0.00
15:48:16,22.2636571,84.9099879,-0.127,0.011,0.12,-0.118,0.300,-17.6,29,0.0000,0.00
15:48:16,22.2636571,84.9099879,-0.133,0.026,0.11,-0.118,0.300,-17.6,29,0.0000,0.00
15:48:16,22.2636571,84.9099879,-0.138,0.049,0.11,-0.114,0.345,-15.2,29,0.0042,0.00
15:48:16,22.2636571,84.9099879,-0.144,0.067,0.11,-0.114,0.345,-13.9,29,0.0042,0.00
15:48:16,22.2636571,84.9099879,-0.150,0.084,0.11,-0.114,0.345,-13.9,29,0.0000,0.00
15:48:16,22.2636571,84.9099879,-0.156,0.102,0.10,-0.114,0.345,-11.1,29,0.0000,0.00
15:48:16,22.2636571,84.9099879,-0.157,0.125,0.10,-0.091,0.374,-9.6,29,0.0040,0.00
15:48:16,22.2636571,84.9099879,-0.161,0.144,0.10,-0.091,0.374,-8.1,29,0.0040,0.00
15:48:16,22.2636571,84.9099879,-0.163,0.166,0.10,-0.078,0.393,-8.1,29,0.0045,0.00
15:48:16,22.2636571,84.9099879,-0.165,0.185,0.10,-0.062,0.387,-5.4,29,0.0041,0.00
15:48:16,22.2636571,84.9099879,-0.168,0.204,0.10,-0.062,0.387,-4.4,29,0.0000,0.00
15:48:16,22.2636571,84.9099879,-0.168,0.217,0.10,-0.045,0.342,-4.4,29,0.0031,0.00
15:48:16,22.2636571,84.9099879,-0.169,0.231,0.10,-0.036,0.317,-4.2,29,0.0031,0.00
15:48:16,22.2636571,84.9099879,-0.171,0.247,0.10,-0.036,0.317,-5.0,29,0.0031,0.00
15:48:16,22.2636571,84.9099879,-0.173,0.263,0.11,-0.036,0.317,-6.3,29,0.0000,0.00
15:48:16,22.2636571,84.9099879,-0.164,0.277,0.11,0.041,0.305,-6.3,29,0.0031,0.00
15:48:16,22.2636571,84.9099879,-0.161,0.293,0.11,0.041,0.305,-9.9,29,0.0031,0.00
15:48:16,22.2636571,84.9099879,-0.154,0.308,0.11,0.076,0.303,-12.0,29,0.0030,0.00
15:48:16,22.2636571,84.9099879,-0.150,0.323,0.12,0.076,0.303,-16.9,29,0.0030,0.00
15:48:17,22.2636571,84.9099879,-0.147,0.339,0.12,0.076,0.303,-16.9,29,0.0000,0.00
15:48:17,22.2636571,84.9099879,-0.137,0.358,0.12,0.112,0.328,-19.7,29,0.0040,0.00
15:48:17,22.2636571,84.9099879,-0.131,0.375,0.12,0.112,0.328,-23.0,29,0.0040,0.00
15:48:17,22.2636571,84.9099879,-0.120,0.390,0.12,0.149,0.318,-27.6,29,0.0036,0.00
15:48:17,22.2636571,84.9099879,-0.112,0.406,0.12,0.149,0.318,-27.6,29,0.0036,0.00
15:48:17,22.2636571,84.9099879,-0.105,0.422,0.12,0.149,0.318,-30.0,29,0.0000,0.00
15:48:17,22.2636571,84.9099879,-0.110,0.413,0.12,0.074,0.170,-32.3,29,0.0026,0.00
15:48:17,22.2636571,84.9099879,-0.106,0.415,0.13,0.074,0.129,-36.7,29,0.0016,0.00
15:48:17,22.2636571,84.9099879,-0.102,0.422,0.13,0.074,0.129,-36.7,29,0.0016,0.00
15:48:17,22.2636571,84.9099879,-0.098,0.428,0.13,0.074,0.129,-38.6,29,0.0000,0.00
15:48:17,22.2636571,84.9099879,-0.095,0.435,0.13,0.074,0.129,-40.3,29,0.0000,0.00
15:48:17,22.2636571,84.9099879,-0.097,0.448,0.13,0.042,0.166,-42.5,29,0.0019,0.00
15:48:17,22.2636571,84.9099879,-0.099,0.460,0.15,0.014,0.189,-42.5,29,0.0025,0.00
15:48:17,22.2636571,84.9099879,-0.098,0.469,0.15,0.014,0.189,-43.3,29,0.0025,0.00
15:48:17,22.2636571,84.9099879,-0.098,0.479,0.15,0.014,0.189,-43.9,29,0.0000,0.00
15:48:17,22.2636571,84.9099879,-0.102,0.493,0.15,-0.020,0.219,-44.9,29,0.0029,0.00
15:48:17,22.2636571,84.9099879,-0.103,0.504,0.15,-0.020,0.219,-44.9,29,0.0029,0.00
15:48:17,22.2636571,84.9099879,-0.107,0.517,0.15,-0.039,0.229,-45.3,29,0.0024,0.00
15:48:17,22.2636571,84.9099879,-0.110,0.529,0.15,-0.043,0.230,-45.6,29,0.0027,0.00
15:48:17,22.2636571,84.9099879,-0.112,0.540,0.15,-0.043,0.230,-46.2,29,0.0000,0.00
15:48:18,22.2636571,84.9099879,-0.114,0.552,0.17,-0.041,0.230,-46.2,29,0.0024,0.00
15:48:18,22.2636571,84.9099879,-0.116,0.563,0.17,-0.043,0.229,-46.5,29,0.0025,0.00
15:48:18,22.2636571,84.9099879,-0.118,0.575,0.17,-0.043,0.229,-47.5,29,0.0025,0.00
15:48:18,22.2636571,84.9099879,-0.121,0.587,0.17,-0.043,0.229,-48.3,29,0.0000,0.00
15:48:18,22.2636571,84.9099879,-0.123,0.598,0.14,-0.043,0.229,-48.3,29,0.0000,0.00
15:48:18,22.2636571,84.9099879,-0.120,0.608,0.14,-0.011,0.219,-49.3,29,0.0025,0.00
15:48:18,22.2636571,84.9099879,-0.117,0.618,0.14,0.011,0.210,-51.4,29,0.0023,0.00
15:48:18,22.2636571,84.9099879,-0.116,0.628,0.14,0.011,0.210,-52.7,29,0.0023,0.00
15:48:18,22.2636571,84.9099879,-0.116,0.639,0.14,0.011,0.210,-52.7,29,0.0000,0.00
15:48:18,22.2636571,84.9099879,-0.115,0.649,0.14,0.011,0.210,-53.9,29,0.0000,0.00
15:48:18,22.2636571,84.9099879,-0.108,0.652,0.14,0.051,0.163,-56.0,29,0.0021,0.00
15:48:18,22.2636571,84.9099879,-0.103,0.657,0.14,0.061,0.142,-56.9,29,0.0018,0.00
15:48:18,22.2636571,84.9099879,-0.100,0.661,0.14,0.061,0.122,-56.9,29,0.0014,0.00
15:48:18,22.2636571,84.9099879,-0.097,0.667,0.13,0.061,0.122,-57.8,29,0.0000,0.00
15:48:18,22.2636571,84.9099879,-0.095,0.670,0.13,0.054,0.101,-59.4,29,0.0012,0.00
15:48:18,22.2636571,84.9099879,-0.092,0.676,0.13,0.054,0.101,-59.4,29,0.0012,0.00
15:48:18,22.2636571,84.9099879,-0.090,0.681,0.13,0.054,0.101,-60.2,29,0.0012,0.00
15:48:18,22.2636571,84.9099879,-0.087,0.686,0.13,0.052,0.101,-63.7,29,0.0014,0.00
15:48:18,22.2636571,84.9099879,-0.085,0.691,0.13,0.052,0.101,-66.1,29,0.0000,0.00
15:48:19,22.2636571,84.9099879,-0.082,0.697,0.13,0.051,0.108,-66.1,29,0.0017,0.00
15:48:19,22.2636571,84.9099879,-0.079,0.704,0.13,0.052,0.121,-68.8,29,0.0018,0.00
15:48:19,22.2636571,84.9099879,-0.077,0.710,0.13,0.052,0.121,-75.1,29,0.0018,0.00
15:48:19,22.2636571,84.9099879,-0.075,0.720,0.13,0.044,0.143,-78.7,29,0.0022,0.00
15:48:19,22.2636571,84.9099879,-0.073,0.727,0.13,0.044,0.143,-78.7,29,0.0000,0.00
15:48:19,22.2636571,84.9099879,-0.072,0.737,0.13,0.035,0.165,-82.5,29,0.0022,0.00
15:48:19,22.2636571,84.9099879,-0.072,0.749,0.13,0.021,0.194,-90.3,29,0.0027,0.00
15:48:19,22.2636571,84.9099879,-0.071,0.759,0.13,0.021,0.194,-94.2,29,0.0027,0.00
15:48:19,22.2636571,84.9099879,-0.070,0.769,0.13,0.021,0.194,-98.1,29,0.0000,0.00
15:48:19,22.2636571,84.9099879,-0.082,0.783,0.13,-0.070,0.228,-98.1,29,0.0036,0.00
15:48:19,22.2636571,84.9099879,-0.085,0.795,0.13,-0.070,0.228,-105.3,29,0.0036,0.00
15:48:19,22.2636571,84.9099879,-0.105,0.805,0.13,-0.180,0.219,-108.7,29,0.0037,0.00
15:48:19,22.2636571,84.9099879,-0.120,0.816,0.13,-0.225,0.217,-112.1,29,0.0036,0.00
15:48:19,22.2636571,84.9099879,-0.132,0.827,0.13,-0.225,0.217,-112.1,29,0.0000,0.00
15:48:19,22.2636571,84.9099879,-0.150,0.835,0.13,-0.275,0.194,-118.7,29,0.0038,0.00
15:48:19,22.2636571,84.9099879,-0.164,0.844,0.13,-0.275,0.194,-121.6,29,0.0038,0.00
15:48:19,22.2636571,84.9099879,-0.181,0.849,0.13,-0.299,0.157,-124.1,29,0.0032,0.00
15:48:19,22.2636571,84.9099879,-0.197,0.851,0.13,-0.308,0.114,-124.1,29,0.0037,0.00
15:48:19,22.2636571,84.9099879,-0.213,0.857,0.13,-0.308,0.114,-126.0,29,0.0000,0.00
15:48:19,22.2636571,84.9099879,-0.231,0.853,0.12,-0.334,0.037,-127.9,29,0.0038,0.00
15:48:20,22.2636571,84.9099879,-0.252,0.849,0.12,-0.364,-0.007,-128.3,29,0.0041,0.00
15:48:20,22.2636571,84.9099879,-0.270,0.849,0.12,-0.364,-0.007,-128.3,29,0.0041,0.00
15:48:20,22.2636571,84.9099879,-0.287,0.842,0.12,-0.349,-0.061,-128.4,29,0.0043,0.00
15:48:20,22.2636571,84.9099879,-0.304,0.839,0.12,-0.349,-0.061,-128.2,29,0.0000,0.00
15:48:20,22.2636571,84.9099879,-0.322,0.832,0.12,-0.349,-0.090,-127.9,29,0.0042,0.00
15:48:20,22.2636571,84.9099879,-0.339,0.826,0.12,-0.343,-0.105,-127.9,29,0.0060,0.00
15:48:20,22.2636571,84.9099879,-0.356,0.820,0.12,-0.343,-0.105,-127.0,29,0.0060,0.00
15:48:20,22.2636571,84.9099879,-0.374,0.815,0.12,-0.343,-0.105,-126.3,29,0.0000,0.00
15:48:20,22.2636571,84.9099879,-0.391,0.810,0.10,-0.343,-0.105,-125.6,29,10.0005,0.00
15:48:20,22.2636571,84.9099879,-0.408,0.804,0.10,-0.343,-0.105,-125.6,29,10.0005,0.00
15:48:20,22.2636571,84.9099879,-0.425,0.799,0.10,-0.343,-0.105,-124.0,29,10.0005,0.00
15:48:20,22.2636571,84.9099879,-0.443,0.794,0.10,-0.343,-0.105,-123.0,29,10.0005,0.00
15:48:20,22.2636571,84.9099879,-0.460,0.789,0.12,-0.343,-0.105,-123.0,29,10.0005,0.00
15:48:20,22.2636571,84.9099879,-0.477,0.783,0.12,-0.343,-0.105,-122.1,29,0.0000,0.00
15:48:20,22.2636571,84.9099879,-0.495,0.778,0.12,-0.343,-0.105,-120.1,29,0.0000,0.00
15:48:20,22.2636571,84.9099879,-0.532,0.743,0.12,-0.412,-0.206,-119.1,29,0.0053,0.00
15:48:20,22.2636571,84.9099879,-0.553,0.732,0.12,-0.412,-0.206,-119.1,29,0.0053,0.00
15:48:20,22.2636571,84.9099879,-0.578,0.719,0.12,-0.427,-0.217,-116.9,29,0.0053,0.00
15:48:20,22.2636571,84.9099879,-0.599,0.708,0.12,-0.427,-0.217,-115.7,29,0.0000,0.00
15:48:20,22.2636571,84.9099879,-0.621,0.697,0.12,-0.427,-0.217,-115.7,29,0.0000,0.00
15:48:21,22.2636571,84.9099879,-0.650,0.686,0.12,-0.464,-0.216,-113.2,29,0.0055,0.00
15:48:21,22.2636571,84.9099879,-0.674,0.676,0.12,-0.464,-0.216,-111.8,29,0.0055,0.00
15:48:21,22.2636571,84.9099879,-0.697,0.665,0.12,-0.464,-0.216,-110.5,29,0.0000,0.00
15:48:21,22.2636571,84.9099879,-0.721,0.654,0.12,-0.464,-0.216,-110.5,29,0.0000,0.00
15:48:21,22.2636571,84.9099879,-0.747,0.638,0.12,-0.480,-0.241,-107.6,29,0.0056,0.00
15:48:21,22.2636571,84.9099879,-0.772,0.625,0.13,-0.480,-0.241,-106.1,29,0.0056,0.00
15:48:21,22.2636571,84.9099879,-0.796,0.613,0.13,-0.480,-0.241,-104.6,29,0.0000,0.00
15:48:21,22.2636571,84.9099879,-0.820,0.601,0.13,-0.480,-0.241,-104.6,29,0.0000,0.00
15:48:21,22.2636571,84.9099879,-0.853,0.593,0.13,-0.520,-0.221,-101.5,29,0.0059,0.00
15:48:21,22.2636571,84.9099879,-0.879,0.582,0.13,-0.520,-0.221,-99.9,29,0.0059,0.00
15:48:21,22.2636571,84.9099879,-0.906,0.571,0.13,-0.520,-0.221,-99.9,29,0.0000,0.00
15:48:21,22.2636571,84.9099879,-0.932,0.560,0.13,-0.520,-0.221,-96.8,29,0.0000,0.00
15:48:21,22.2636571,84.9099879,-0.964,0.557,0.13,-0.546,-0.183,-95.1,29,0.0060,0.00
15:48:21,22.2636571,84.9099879,-0.991,0.548,0.15,-0.546,-0.183,-93.3,29,0.0060,0.00
15:48:21,22.2636571,84.9099879,-1.019,0.539,0.15,-0.546,-0.183,-89.8,29,0.0060,0.00
15:48:21,22.2636571,84.9099879,-1.046,0.529,0.15,-0.546,-0.183,-89.8,29,0.0000,0.00
15:48:21,22.2636571,84.9099879,-1.074,0.520,0.15,-0.546,-0.183,-88.1,29,0.0000,0.00
15:48:21,22.2636571,84.9099879,-1.103,0.526,0.15,-0.553,-0.119,-86.4,29,0.0057,0.00
15:48:21,22.2636571,84.9099879,-1.131,0.520,0.15,-0.553,-0.119,-83.6,29,0.0057,0.00
15:48:21,22.2636571,84.9099879,-1.159,0.514,0.15,-0.553,-0.119,-83.6,29,0.0000,0.00
15:48:22,22.2636571,84.9099879,-1.187,0.508,0.15,-0.553,-0.119,-82.6,29,0.0000,0.00
15:48:22,22.2636571,84.9099879,-1.207,0.528,0.15,-0.520,-0.012,-81.8,29,0.0052,0.00
15:48:22,22.2636571,84.9099879,-1.233,0.527,0.14,-0.520,-0.012,-80.4,29,0.0052,0.00
15:48:22,22.2636571,84.9099879,-1.256,0.536,0.14,-0.503,0.032,-80.4,29,0.0049,0.00
15:48:22,22.2636571,84.9099879,-1.281,0.537,0.14,-0.503,0.032,-79.9,29,0.0000,0.00
15:48:22,22.2636571,84.9099879,-1.303,0.543,0.14,-0.480,0.056,-79.6,29,0.0048,0.00
15:48:22,22.2636571,84.9099879,-1.327,0.546,0.13,-0.480,0.056,-79.6,29,0.0048,0.00
15:48:22,22.2636571,84.9099879,-1.350,0.551,0.13,-0.472,0.070,-79.7,29,0.0048,0.00
15:48:22,22.2636571,84.9099879,-1.374,0.555,0.13,-0.472,0.070,-79.7,29,0.0000,0.00
15:48:22,22.2636571,84.9099879,-1.397,0.560,0.13,-0.468,0.082,-78.7,29,0.0049,0.00
15:48:22,22.2636571,84.9099879,-1.421,0.565,0.13,-0.468,0.082,-78.7,29,0.0049,0.00
15:48:22,22.2636571,84.9099879,-1.444,0.569,0.13,-0.468,0.082,-77.8,29,0.0049,0.00
15:48:22,22.2636571,84.9099879,-1.468,0.573,0.13,-0.468,0.082,-76.7,29,0.0000,0.00
15:48:22,22.2636571,84.9099879,-1.491,0.577,0.13,-0.468,0.082,-74.3,29,0.0000,0.00
15:48:22,22.2636571,84.9099879,-1.523,0.589,0.14,-0.510,0.121,-74.3,29,0.0058,0.00
15:48:22,22.2636571,84.9099879,-1.549,0.595,0.14,-0.510,0.121,-73.0,29,0.0058,0.00
15:48:22,22.2636571,84.9099879,-1.575,0.601,0.14,-0.510,0.121,-70.2,29,0.0000,0.00
15:48:22,22.2636571,84.9099879,-1.601,0.607,0.14,-0.510,0.121,-70.2,29,0.0000,0.00
15:48:22,22.2636571,84.9099879,-1.634,0.625,0.14,-0.545,0.177,-68.6,29,0.0061,0.00
15:48:23,22.2636571,84.9099879,-1.661,0.634,0.13,-0.545,0.177,-66.9,29,0.0061,0.00
15:48:23,22.2636571,84.9099879,-1.689,0.643,0.13,-0.545,0.177,-66.9,29,0.0000,0.00
15:48:23,22.2636571,84.9099879,-1.716,0.652,0.13,-0.545,0.177,-63.5,29,0.0000,0.00
15:48:23,22.2636571,84.9099879,-1.742,0.674,0.13,-0.539,0.236,-61.8,29,0.0061,0.00
15:48:23,22.2636571,84.9099879,-1.770,0.686,0.13,-0.539,0.236,-58.3,29,0.0061,0.00
15:48:23,22.2636571,84.9099879,-1.797,0.698,0.13,-0.539,0.236,-58.3,29,0.0000,0.00
15:48:23,22.2636571,84.9099879,-1.824,0.710,0.13,-0.539,0.236,-56.6,29,0.0000,0.00
15:48:23,22.2636571,84.9099879,-1.847,0.736,0.13,-0.518,0.300,-55.0,29,0.0063,0.00
15:48:23,22.2636571,84.9099879,-1.873,0.752,0.14,-0.518,0.300,-51.5,29,0.0063,0.00
15:48:23,22.2636571,84.9099879,-1.899,0.767,0.14,-0.518,0.300,-49.9,29,0.0063,0.00
15:48:23,22.2636571,84.9099879,-1.925,0.782,0.14,-0.518,0.300,-49.9,29,0.0000,0.00
15:48:23,22.2636571,84.9099879,-1.951,0.797,0.14,-0.518,0.300,-48.8,29,0.0000,0.00
15:48:23,22.2636571,84.9099879,-1.970,0.826,0.13,-0.488,0.357,-49.6,29,0.0063,0.00
15:48:23,22.2636571,84.9099879,-1.995,0.844,0.13,-0.488,0.357,-49.6,29,0.0063,0.00
15:48:23,22.2636571,84.9099879,-2.004,0.881,0.13,-0.416,0.443,-51.3,29,0.0060,0.00
15:48:23,22.2636571,84.9099879,-2.025,0.903,0.13,-0.416,0.443,-53.5,29,0.0000,0.00
15:48:23,22.2636571,84.9099879,-2.035,0.939,0.13,-0.357,0.516,-59.2,29,0.0056,0.00
15:48:23,22.2636571,84.9099879,-2.053,0.965,0.13,-0.357,0.516,-59.2,29,0.0056,0.00
15:48:23,22.2636571,84.9099879,-2.071,0.991,0.13,-0.357,0.516,-62.5,29,0.0056,0.00
15:48:23,22.2636571,84.9099879,-2.089,1.017,0.13,-0.357,0.516,-69.8,29,0.0000,0.00
15:48:24,22.2636571,84.9099879,-2.107,1.044,0.13,-0.357,0.516,-73.8,29,0.0000,0.00
15:48:24,22.2636571,84.9099879,-2.124,1.081,0.12,-0.353,0.566,-73.8,29,0.0052,0.00
15:48:24,22.2636571,84.9099879,-2.142,1.110,0.12,-0.353,0.566,-78.1,29,0.0052,0.00
15:48:24,22.2636571,84.9099879,-2.160,1.138,0.12,-0.353,0.566,-87.2,29,0.0000,0.00
15:48:24,22.2636571,84.9099879,-2.178,1.167,0.12,-0.353,0.566,-92.0,29,0.0000,0.00
15:48:24,22.2636571,84.9099879,-2.238,1.158,0.13,-0.542,0.397,-92.0,29,0.0070,0.00
15:48:24,22.2636571,84.9099879,-2.290,1.206,0.13,-0.525,0.434,-107.6,29,0.0064,0.00
15:48:24,22.2636571,84.9099879,-2.316,1.228,0.13,-0.525,0.434,-107.6,29,0.0000,0.00
15:48:24,22.2636571,84.9099879,-2.342,1.249,0.13,-0.519,0.430,-113.0,29,0.0062,0.00
15:48:24,22.2636571,84.9099879,-2.368,1.271,0.13,-0.519,0.430,-124.6,29,0.0062,0.00
15:48:24,22.2636571,84.9099879,-2.394,1.292,0.13,-0.519,0.430,-130.6,29,0.0062,0.00
15:48:24,22.2636571,84.9099879,-2.420,1.314,0.13,-0.519,0.430,-136.7,29,0.0000,0.00
15:48:24,22.2636571,84.9099879,-2.447,1.336,0.13,-0.519,0.430,-136.7,29,0.0000,0.00
15:48:24,22.2636571,84.9099879,-2.473,1.357,0.13,-0.519,0.430,-148.9,29,0.0059,0.00
15:48:24,22.2636571,84.9099879,-2.499,1.379,0.13,-0.519,0.430,-154.2,29,0.0059,0.00
15:48:24,22.2636571,84.9099879,-2.525,1.401,0.13,-0.519,0.430,-154.2,29,0.0000,0.00
15:48:24,22.2636571,84.9099879,-2.551,1.422,0.13,-0.519,0.430,-159.1,29,0.0000,0.00
15:48:24,22.2636571,84.9099879,-2.569,1.357,0.13,-0.493,0.133,-168.1,29,0.0051,0.00
15:48:24,22.2636571,84.9099879,-2.594,1.363,0.13,-0.493,0.133,-172.4,29,0.0051,0.00
15:48:24,22.2636571,84.9099879,-2.619,1.370,0.13,-0.493,0.133,-172.4,29,0.0000,0.00
15:48:25,22.2636571,84.9099879,-2.644,1.377,0.13,-0.493,0.133,-176.5,29,0.0000,0.00
15:48:25,22.2636571,84.9099879,-2.663,1.357,0.14,-0.470,0.036,176.4,29,0.0046,0.00
15:48:25,22.2636571,84.9099879,-2.686,1.359,0.14,-0.470,0.036,173.8,29,0.0046,0.00
15:48:25,22.2636571,84.9099879,-2.710,1.361,0.14,-0.470,0.036,173.8,29,0.0000,0.00
15:48:25,22.2636571,84.9099879,-2.734,1.363,0.14,-0.470,0.036,171.9,29,0.0000,0.00
15:48:25,22.2636571,84.9099879,-2.728,1.319,0.16,-0.351,-0.149,169.5,29,0.0034,0.00
15:48:25,22.2636571,84.9099879,-2.746,1.311,0.16,-0.351,-0.149,168.9,29,0.0034,0.00
15:48:25,22.2636571,84.9099879,-2.743,1.285,0.16,-0.258,-0.232,168.9,29,0.0029,0.00
15:48:25,22.2636571,84.9099879,-2.756,1.274,0.16,-0.258,-0.232,168.5,29,0.0000,0.00
15:48:25,22.2636571,84.9099879,-2.769,1.262,0.16,-0.258,-0.232,168.3,29,0.0000,0.00
15:48:25,22.2636571,84.9099879,-2.765,1.238,0.16,-0.173,-0.296,168.6,29,0.0035,0.00
15:48:25,22.2636571,84.9099879,-2.774,1.223,0.16,-0.173,-0.296,168.6,29,0.0035,0.00
15:48:25,22.2636571,84.9099879,-2.783,1.208,0.16,-0.173,-0.296,169.4,29,0.0000,0.00
15:48:25,22.2636571,84.9099879,-2.792,1.193,0.16,-0.173,-0.296,170.0,29,0.0000,0.00
15:48:25,22.2636571,84.9099879,-2.773,1.172,0.15,-0.037,-0.326,170.7,29,0.0036,0.00
15:48:25,22.2636571,84.9099879,-2.774,1.156,0.15,-0.037,-0.326,170.7,29,0.0036,0.00
15:48:25,22.2636571,84.9099879,-2.776,1.139,0.15,-0.037,-0.326,172.3,29,0.0000,0.00
15:48:25,22.2636571,84.9099879,-2.778,1.123,0.15,-0.037,-0.326,173.1,29,0.0000,0.00
15:48:25,22.2636571,84.9099879,-2.770,1.100,0.14,0.012,-0.355,174.0,29,0.0039,0.00
15:48:25,22.2636571,84.9099879,-2.769,1.082,0.14,0.012,-0.355,174.0,29,0.0039,0.00
15:48:26,22.2636571,84.9099879,-2.768,1.064,0.14,0.012,-0.355,175.6,29,0.0000,0.00
15:48:26,22.2636571,84.9099879,-2.768,1.047,0.14,0.012,-0.355,176.1,29,0.0000,0.00
15:48:26,22.2636571,84.9099879,-2.767,1.041,0.14,0.014,-0.300,176.6,29,0.0029,0.00
15:48:26,22.2636571,84.9099879,-2.766,1.025,0.14,0.014,-0.300,176.6,29,0.0029,0.00
15:48:26,22.2636571,84.9099879,-2.766,1.010,0.14,0.014,-0.300,178.4,29,0.0029,0.00
15:48:26,22.2636571,84.9099879,-2.765,0.995,0.14,0.014,-0.300,179.7,29,0.0000,0.00
15:48:26,22.2636571,84.9099879,-2.764,0.980,0.14,0.014,-0.300,-178.8,29,0.0000,0.00
15:48:26,22.2636571,84.9099879,-2.767,0.945,0.14,0.000,-0.383,-178.8,29,0.0045,0.00
15:48:26,22.2636571,84.9099879,-2.767,0.926,0.14,0.000,-0.383,-175.8,29,0.0045,0.00
15:48:26,22.2636571,84.9099879,-2.767,0.907,0.14,0.000,-0.383,-174.3,29,0.0000,0.00
15:48:26,22.2636571,84.9099879,-2.767,0.887,0.12,0.000,-0.383,-172.7,29,0.0000,0.00
15:48:26,22.2636571,84.9099879,-2.775,0.853,0.12,-0.035,-0.447,-172.7,29,0.0050,0.00
15:48:26,22.2636571,84.9099879,-2.777,0.830,0.12,-0.035,-0.447,-169.6,29,0.0050,0.00
15:48:26,22.2636571,84.9099879,-2.778,0.808,0.12,-0.035,-0.447,-168.0,29,0.0000,0.00
15:48:26,22.2636571,84.9099879,-2.780,0.785,0.12,-0.035,-0.447,-166.3,29,0.0000,0.00
15:48:26,22.2636571,84.9099879,-2.793,0.755,0.12,-0.085,-0.482,-166.3,29,0.0053,0.00
15:48:26,22.2636571,84.9099879,-2.798,0.730,0.12,-0.085,-0.482,-163.0,29,0.0053,0.00
15:48:26,22.2636571,84.9099879,-2.811,0.703,0.12,-0.127,-0.495,-161.2,29,0.0053,0.00
15:48:26,22.2636571,84.9099879,-2.817,0.678,0.12,-0.127,-0.495,-159.4,29,0.0000,0.00
15:48:27,22.2636571,84.9099879,-2.830,0.655,0.13,-0.165,-0.486,-155.9,29,0.0054,0.00
15:48:27,22.2636571,84.9099879,-2.839,0.630,0.13,-0.165,-0.486,-155.9,29,0.0054,0.00
15:48:27,22.2636571,84.9099879,-2.847,0.606,0.13,-0.165,-0.486,-154.1,29,0.0054,0.00
15:48:27,22.2636571,84.9099879,-2.855,0.582,0.13,-0.165,-0.486,-152.3,29,0.0000,0.00
15:48:27,22.2636571,84.9099879,-2.864,0.557,0.13,-0.165,-0.486,-148.7,29,0.0000,0.00
15:48:27,22.2636571,84.9099879,-2.877,0.527,0.13,-0.190,-0.514,-148.7,29,0.0057,0.00
15:48:27,22.2636571,84.9099879,-2.887,0.501,0.13,-0.190,-0.514,-146.8,29,0.0057,0.00
15:48:27,22.2636571,84.9099879,-2.896,0.475,0.13,-0.190,-0.514,-145.0,29,0.0000,0.00
15:48:27,22.2636571,84.9099879,-2.906,0.449,0.12,-0.190,-0.514,-141.1,29,0.0000,0.00
15:48:27,22.2636571,84.9099879,-2.926,0.425,0.12,-0.238,-0.503,-141.1,29,0.0058,0.00
15:48:27,22.2636571,84.9099879,-2.938,0.400,0.12,-0.238,-0.503,-139.1,29,0.0058,0.00
15:48:27,22.2636571,84.9099879,-2.953,0.378,0.12,-0.254,-0.485,-137.2,29,0.0053,0.00
15:48:27,22.2636571,84.9099879,-2.966,0.354,0.12,-0.254,-0.485,-137.2,29,0.0000,0.00
15:48:27,22.2636571,84.9099879,-2.986,0.332,0.12,-0.290,-0.469,-133.1,29,0.0056,0.00
15:48:27,22.2636571,84.9099879,-3.000,0.309,0.12,-0.290,-0.469,-131.1,29,0.0056,0.00
15:48:27,22.2636571,84.9099879,-3.021,0.290,0.12,-0.329,-0.441,-127.1,29,0.0055,0.00
15:48:27,22.2636571,84.9099879,-3.038,0.267,0.12,-0.329,-0.441,-127.1,29,0.0000,0.00
15:48:27,22.2636571,84.9099879,-3.053,0.250,0.12,-0.320,-0.408,-125.0,29,0.0053,0.00
15:48:27,22.2636571,84.9099879,-3.069,0.230,0.12,-0.320,-0.408,-123.0,29,0.0053,0.00
15:48:27,22.2636571,84.9099879,-3.085,0.209,0.12,-0.320,-0.408,-118.9,29,0.0053,0.00
15:48:28,22.2636571,84.9099879,-3.102,0.189,0.12,-0.320,-0.408,-118.9,29,0.0000,0.00
15:48:28,22.2636571,84.9099879,-3.118,0.168,0.12,-0.320,-0.408,-116.9,29,0.0000,0.00
15:48:28,22.2636571,84.9099879,-3.156,0.169,0.12,-0.433,-0.299,-113.0,29,0.0059,0.00
15:48:28,22.2636571,84.9099879,-3.178,0.154,0.12,-0.433,-0.299,-113.0,29,0.0059,0.00
15:48:28,22.2636571,84.9099879,-3.200,0.139,0.12,-0.433,-0.299,-111.1,29,0.0000,0.00
15:48:28,22.2636571,84.9099879,-3.222,0.124,0.12,-0.433,-0.299,-109.3,29,0.0000,0.00
15:48:28,22.2636571,84.9099879,-3.247,0.118,0.12,-0.450,-0.256,-106.5,29,0.0053,0.00
15:48:28,22.2636571,84.9099879,-3.270,0.105,0.12,-0.450,-0.256,-106.5,29,0.0053,0.00
15:48:28,22.2636571,84.9099879,-3.293,0.093,0.12,-0.450,-0.256,-105.3,29,0.0000,0.00
15:48:28,22.2636571,84.9099879,-3.315,0.080,0.12,-0.450,-0.256,-104.1,29,0.0000,0.00
15:48:28,22.2636571,84.9099879,-3.313,0.082,0.12,-0.335,-0.186,-102.2,29,0.0035,0.00
15:48:28,22.2636571,84.9099879,-3.329,0.073,0.12,-0.335,-0.186,-102.2,29,0.0035,0.00
15:48:28,22.2636571,84.9099879,-3.340,0.076,0.12,-0.305,-0.122,-102.1,29,0.0029,0.00
15:48:28,22.2636571,84.9099879,-3.356,0.070,0.12,-0.305,-0.122,-102.5,29,0.0000,0.00
15:48:28,22.2636571,84.9099879,-3.371,0.064,0.12,-0.305,-0.122,-104.7,29,0.0000,0.00
15:48:28,22.2636571,84.9099879,-3.388,0.070,0.12,-0.311,-0.058,-104.7,29,0.0033,0.00
15:48:28,22.2636571,84.9099879,-3.403,0.067,0.12,-0.311,-0.058,-105.9,29,0.0033,0.00
15:48:28,22.2636571,84.9099879,-3.419,0.064,0.12,-0.311,-0.058,-107.1,29,0.0000,0.00
15:48:28,22.2636571,84.9099879,-3.435,0.061,0.12,-0.311,-0.058,-108.9,29,0.0000,0.00
15:48:28,22.2636571,84.9099879,-3.450,0.058,0.12,-0.311,-0.058,-108.9,29,0.0000,0.00
15:48:29,22.2636571,84.9099879,-3.466,0.055,0.12,-0.311,-0.058,-109.6,29,0.0000,0.00
15:48:29,22.2636571,84.9099879,-3.482,0.052,0.12,-0.311,-0.058,-110.2,29,0.0000,0.00
15:48:29,22.2636571,84.9099879,-3.497,0.049,0.12,-0.311,-0.058,-110.2,29,0.0000,0.00
15:48:29,22.2636571,84.9099879,-3.513,0.047,0.12,-0.311,-0.058,-111.1,29,0.0000,0.00
15:48:29,22.2636571,84.9099879,-3.529,0.044,0.12,-0.311,-0.058,-111.5,29,0.0016,0.00
15:48:29,22.2636571,84.9099879,-3.544,0.041,0.12,-0.311,-0.058,-112.1,29,0.0016,0.00
15:48:29,22.2636571,84.9099879,-3.560,0.038,0.13,-0.311,-0.058,-112.3,29,0.0013,0.00
15:48:29,22.2636571,84.9099879,-3.576,0.035,0.13,-0.311,-0.058,-112.3,29,0.0000,0.00
15:48:29,22.2636571,84.9099879,-3.591,0.032,0.13,-0.311,-0.058,-112.6,29,0.0000,0.00
15:48:29,22.2636571,84.9099879,-3.546,0.031,0.13,-0.165,-0.053,-113.1,29,0.0015,0.00
15:48:29,22.2636571,84.9099879,-3.554,0.028,0.13,-0.165,-0.053,-113.1,29,0.0015,0.00
15:48:29,22.2636571,84.9099879,-3.563,0.026,0.13,-0.165,-0.053,-113.3,29,0.0000,0.00
15:48:29,22.2636571,84.9099879,-3.571,0.023,0.13,-0.165,-0.053,-113.5,29,0.0000,0.00
15:48:29,22.2636571,84.9099879,-3.565,0.023,0.13,-0.122,-0.045,-113.8,29,0.0011,0.00
15:48:29,22.2636571,84.9099879,-3.571,0.021,0.13,-0.122,-0.045,-113.8,29,0.0011,0.00
15:48:29,22.2636571,84.9099879,-3.577,0.018,0.13,-0.122,-0.045,-113.9,29,0.0000,0.00
15:48:29,22.2636571,84.9099879,-3.583,0.016,0.13,-0.122,-0.045,-114.0,29,0.0000,0.00
15:48:29,22.2636571,84.9099879,-3.583,0.015,0.13,-0.099,-0.040,-114.0,29,0.0010,0.00
15:48:29,22.2636571,84.9099879,-3.588,0.013,0.13,-0.099,-0.040,-114.0,29,0.0010,0.00
15:48:29,22.2636571,84.9099879,-3.593,0.011,0.13,-0.099,-0.040,-113.9,29,0.0000,0.00
15:48:30,22.2636571,84.9099879,-3.598,0.010,0.13,-0.099,-0.040,-113.8,29,0.0000,0.00
15:48:30,22.2636571,84.9099879,-3.600,0.008,0.13,-0.089,-0.037,-113.8,29,0.0009,0.00
15:48:30,22.2636571,84.9099879,-3.605,0.006,0.13,-0.089,-0.037,-114.0,29,0.0009,0.00
15:48:30,22.2636571,84.9099879,-3.600,0.008,0.13,-0.045,-0.019,-115.0,29,0.0009,0.00
15:48:30,22.2636571,84.9099879,-3.602,0.007,0.13,-0.045,-0.019,-115.0,29,0.0000,0.00
15:48:30,22.2636571,84.9099879,-3.600,0.008,0.13,-0.024,-0.010,-115.6,29,0.0009,0.00
15:48:30,22.2636571,84.9099879,-3.602,0.008,0.13,-0.024,-0.010,-116.8,29,0.0009,0.00
15:48:30,22.2636571,84.9099879,-3.603,0.007,0.13,-0.024,-0.010,-117.3,29,0.0009,0.00
15:48:30,22.2636571,84.9099879,-3.604,0.007,0.12,-0.024,-0.010,-117.3,29,0.0000,0.00
15:48:30,22.2636571,84.9099879,-3.605,0.006,0.12,-0.024,-0.010,-118.3,29,0.0000,0.00
15:48:30,22.2636571,84.9099879,-3.604,0.007,0.12,-0.010,-0.004,-118.7,29,0.0008,0.00
15:48:30,22.2636571,84.9099879,-3.604,0.007,0.12,-0.010,-0.004,-119.1,29,0.0008,0.00
15:48:30,22.2636571,84.9099879,-3.605,0.007,0.11,-0.010,-0.004,-119.1,29,0.0000,0.00
15:48:30,22.2636571,84.9099879,-3.605,0.006,0.11,-0.010,-0.004,-119.4,29,0.0000,0.00
15:48:30,22.2636571,84.9099879,-3.604,0.007,0.11,-0.004,-0.002,-119.8,29,0.0008,0.00
15:48:30,22.2636571,84.9099879,-3.605,0.007,0.11,-0.004,-0.002,-119.9,29,0.0008,0.00
15:48:30,22.2636571,84.9099879,-3.605,0.007,0.11,-0.004,-0.002,-119.9,29,0.0008,0.00
15:48:30,22.2636571,84.9099879,-3.605,0.006,0.11,-0.004,-0.002,-119.8,29,0.0000,0.00
15:48:30,22.2636571,84.9099879,-3.605,0.006,0.11,-0.004,-0.002,-119.5,29,0.0006,0.00
15:48:31,22.2636571,84.9099879,-3.606,0.006,0.11,-0.004,-0.002,-119.3,29,0.0006,0.00
15:48:31,22.2636571,84.9099879,-3.605,0.006,0.11,-0.002,-0.001,-119.3,29,0.0008,0.00
15:48:31,22.2636571,84.9099879,-3.605,0.006,0.11,-0.002,-0.001,-119.1,29,0.0000,0.00
15:48:31,22.2636571,84.9099879,-3.605,0.006,0.11,-0.001,-0.000,-118.7,29,0.0009,0.00
15:48:31,22.2636571,84.9099879,-3.605,0.006,0.11,-0.001,-0.000,-118.7,29,0.0009,0.00
15:48:31,22.2636571,84.9099879,-3.605,0.006,0.11,-0.001,-0.000,-118.6,29,0.0009,0.00
15:48:31,22.2636571,84.9099879,-3.605,0.006,0.11,-0.001,-0.000,-118.3,29,0.0000,0.00
15:48:31,22.2636571,84.9099879,-3.605,0.006,0.11,-0.001,-0.000,-118.2,29,0.0000,0.00
15:48:31,22.2636571,84.9099879,-3.605,0.006,0.11,-0.001,-0.000,-118.2,29,0.0007,0.00
15:48:31,22.2636571,84.9099879,-3.605,0.006,0.11,-0.001,-0.000,-118.1,29,0.0007,0.00
15:48:31,22.2636571,84.9099879,-3.605,0.006,0.11,-0.000,-0.000,-118.1,29,0.0007,0.00
15:48:31,22.2636571,84.9099879,-3.605,0.006,0.11,-0.000,-0.000,-118.1,29,0.0000,0.00
15:48:31,22.2636571,84.9099879,-3.605,0.006,0.11,-0.000,-0.000,-118.1,29,0.0000,0.00
15:48:31,22.2636571,84.9099879,-3.605,0.006,0.11,-0.000,0.000,-118.2,29,0.0007,0.00
15:48:31,22.2636571,84.9099879,-3.605,0.006,0.11,-0.000,0.000,-118.3,29,0.0007,0.00
15:48:31,22.2636571,84.9099879,-3.605,0.006,0.11,-0.000,0.000,-118.5,29,0.0000,0.00
15:48:31,22.2636571,84.9099879,-3.605,0.006,0.11,-0.000,0.000,-118.5,29,0.0000,0.00
15:48:31,22.2636571,84.9099879,-3.605,0.006,0.11,-0.000,0.000,-118.8,29,0.0006,0.00
15:48:31,22.2636571,84.9099879,-3.605,0.006,0.11,-0.000,0.000,-118.9,29,0.0006,0.00
15:48:31,22.2636571,84.9099879,-3.605,0.006,0.11,-0.000,0.000,-119.1,29,0.0000,0.00
15:48:32,22.2636571,84.9099879,-3.605,0.006,0.11,-0.000,0.000,-119.1,29,0.0000,0.00
15:48:32,22.2636571,84.9099879,-3.605,0.006,0.11,-0.000,0.000,-119.6,29,0.0004,0.00
15:48:32,22.2636571,84.9099879,-3.605,0.006,0.11,-0.000,0.000,-119.8,29,0.0004,0.00
15:48:32,22.2636571,84.9099879,-3.605,0.006,0.11,-0.000,0.000,-120.1,29,0.0000,0.00
15:48:32,22.2636571,84.9099879,-3.605,0.006,0.11,-0.000,0.000,-120.1,29,0.0000,0.00
15:48:32,22.2636571,84.9099879,-3.605,0.006,0.11,-0.000,0.000,-120.6,29,0.0004,0.00
15:48:32,22.2636571,84.9099879,-3.605,0.006,0.11,-0.000,0.000,-120.9,29,0.0004,0.00
15:48:32,22.2636571,84.9099879,-3.605,0.007,0.11,-0.000,0.000,-121.2,29,0.0004,0.00
15:48:32,22.2636571,84.9099879,-3.605,0.007,0.11,-0.000,0.000,-121.2,29,0.0000,0.00
15:48:32,22.2636571,84.9099879,-3.605,0.007,0.11,-0.000,0.000,-121.7,29,0.0000,0.00
15:48:32,22.2636571,84.9099879,-3.605,0.007,0.11,-0.000,0.000,-122.0,29,0.0005,0.00
15:48:32,22.2636571,84.9099879,-3.605,0.007,0.12,-0.000,0.000,-122.3,29,0.0005,0.00
15:48:32,22.2636571,84.9099879,-3.605,0.007,0.12,-0.000,0.000,-122.3,29,0.0000,0.00
15:48:32,22.2636571,84.9099879,-3.605,0.007,0.12,-0.000,0.000,-122.6,29,0.0000,0.00
15:48:32,22.2636571,84.9099879,-3.605,0.007,0.12,-0.000,0.000,-122.6,29,0.0009,0.00
15:48:32,22.2636571,84.9099879,-3.605,0.007,0.12,-0.000,0.000,-122.6,29,0.0009,0.00
15:48:32,22.2636571,84.9099879,-3.605,0.007,0.12,-0.000,0.000,-122.6,29,0.0009,0.00
15:48:32,22.2636571,84.9099879,-3.605,0.007,0.12,-0.000,0.000,-122.4,29,0.0000,0.00
15:48:32,22.2636571,84.9099879,-3.622,-0.004,0.12,-0.056,-0.035,-122.3,29,0.0010,0.00
15:48:32,22.2636571,84.9099879,-3.625,-0.006,0.12,-0.056,-0.035,-122.0,29,0.0010,0.00
15:48:33,22.2636571,84.9099879,-3.628,-0.008,0.12,-0.056,-0.035,-122.0,29,0.0010,0.00
15:48:33,22.2636571,84.9099879,-3.631,-0.010,0.12,-0.056,-0.035,-120.4,29,0.0000,0.00
15:48:33,22.2636571,84.9099879,-3.634,-0.011,0.12,-0.056,-0.035,-119.0,29,0.0000,0.00
15:48:33,22.2636571,84.9099879,-3.664,-0.027,0.12,-0.152,-0.083,-117.9,29,0.0025,0.00
15:48:33,22.2636571,84.9099879,-3.672,-0.031,0.12,-0.152,-0.083,-117.9,29,0.0025,0.00
15:48:33,22.2636571,84.9099879,-3.680,-0.035,0.12,-0.152,-0.083,-116.4,29,0.0000,0.00
15:48:33,22.2636571,84.9099879,-3.687,-0.039,0.12,-0.152,-0.083,-115.9,29,0.0000,0.00
15:48:33,22.2636571,84.9099879,-3.722,-0.055,0.12,-0.258,-0.129,-115.6,29,0.0039,0.00
15:48:33,22.2636571,84.9099879,-3.735,-0.062,0.11,-0.258,-0.129,-115.6,29,0.0039,0.00
15:48:33,22.2636571,84.9099879,-3.758,-0.072,0.11,-0.301,-0.146,-115.1,29,0.0041,0.00
15:48:33,22.2636571,84.9099879,-3.773,-0.080,0.11,-0.301,-0.146,-115.0,29,0.0000,0.00
15:48:33,22.2636571,84.9099879,-3.793,-0.089,0.11,-0.327,-0.155,-114.8,29,0.0040,0.00
15:48:33,22.2636571,84.9099879,-3.810,-0.097,0.10,-0.327,-0.155,-114.8,29,0.0040,0.00
15:48:33,22.2636571,84.9099879,-3.826,-0.104,0.10,-0.327,-0.155,-114.7,29,0.0000,0.00
15:48:33,22.2636571,84.9099879,-3.843,-0.112,0.10,-0.327,-0.155,-114.7,29,0.0000,0.00
15:48:33,22.2636571,84.9099879,-3.859,-0.120,0.10,-0.327,-0.155,-114.6,29,0.0000,0.00
15:48:33,22.2636571,84.9099879,-3.887,-0.118,0.10,-0.380,-0.107,-114.6,29,0.0041,0.00
15:48:33,22.2636571,84.9099879,-3.906,-0.123,0.10,-0.380,-0.107,-114.6,29,0.0041,0.00
15:48:33,22.2636571,84.9099879,-3.926,-0.128,0.10,-0.380,-0.107,-114.6,29,0.0000,0.00
15:48:34,22.2636571,84.9099879,-3.945,-0.134,0.10,-0.380,-0.107,-114.6,29,0.0000,0.00
15:48:34,22.2636571,84.9099879,-3.970,-0.138,0.10,-0.408,-0.103,-114.6,29,0.0044,0.00
15:48:34,22.2636571,84.9099879,-3.991,-0.144,0.10,-0.408,-0.103,-114.6,29,0.0044,0.00
15:48:34,22.2636571,84.9099879,-4.014,-0.146,0.10,-0.422,-0.089,-114.9,29,0.0045,0.00
15:48:34,22.2636571,84.9099879,-4.036,-0.150,0.10,-0.422,-0.089,-114.9,29,0.0000,0.00
15:48:34,22.2636571,84.9099879,-4.063,-0.155,0.10,-0.452,-0.089,-115.1,29,0.0049,0.00
15:48:34,22.2636571,84.9099879,-4.085,-0.159,0.13,-0.452,-0.089,-115.2,29,0.0049,0.00
15:48:34,22.2636571,84.9099879,-4.108,-0.164,0.13,-0.452,-0.089,-115.5,29,0.0049,0.00
15:48:34,22.2636571,84.9099879,-4.131,-0.168,0.13,-0.452,-0.089,-115.5,29,0.0000,0.00
15:48:34,22.2636571,84.9099879,-4.154,-0.173,0.13,-0.452,-0.089,-116.0,29,0.0000,0.00
15:48:34,22.2636571,84.9099879,-4.207,-0.188,0.13,-0.476,-0.111,-120.3,29,0.0061,0.00
15:48:34,22.2636571,84.9099879,-4.231,-0.193,0.13,-0.476,-0.111,-120.3,29,0.0000,0.00
15:48:34,22.2636571,84.9099879,-4.255,-0.199,0.13,-0.476,-0.111,-122.5,29,0.0000,0.00
15:48:34,22.2636571,84.9099879,-4.286,-0.191,0.11,-0.508,-0.048,-124.8,29,0.0047,0.00
15:48:34,22.2636571,84.9099879,-4.312,-0.193,0.11,-0.508,-0.048,-129.5,29,0.0047,0.00
15:48:34,22.2636571,84.9099879,-4.337,-0.195,0.11,-0.508,-0.048,-129.5,29,0.0000,0.00
15:48:34,22.2636571,84.9099879,-4.363,-0.198,0.11,-0.508,-0.048,-131.3,29,0.0000,0.00
15:48:34,22.2636571,84.9099879,-4.388,-0.200,0.11,-0.508,-0.048,-134.1,29,10.0005,0.00
15:48:34,22.2636571,84.9099879,-4.414,-0.203,0.13,-0.508,-0.048,-135.2,29,10.0005,0.00
15:48:34,22.2636571,84.9099879,-4.440,-0.205,0.13,-0.508,-0.048,-135.2,29,10.0005,0.00
15:48:35,22.2636571,84.9099879,-4.465,-0.207,0.13,-0.508,-0.048,-136.2,29,0.0000,0.00
15:48:35,22.2636571,84.9099879,-4.491,-0.210,0.13,-0.508,-0.048,-137.3,29,10.0005,0.00
15:48:35,22.2636571,84.9099879,-4.516,-0.212,0.13,-0.508,-0.048,-137.3,29,10.0005,0.00
15:48:35,22.2636571,84.9099879,-4.542,-0.215,0.13,-0.508,-0.048,-137.2,29,10.0005,0.00
15:48:35,22.2636571,84.9099879,-4.568,-0.217,0.13,-0.508,-0.048,-137.0,29,0.0000,0.00
15:48:35,22.2636571,84.9099879,-4.593,-0.219,0.13,-0.508,-0.048,-136.0,29,0.0000,0.00
15:48:35,22.2636571,84.9099879,-4.619,-0.222,0.14,-0.508,-0.048,-136.0,29,0.0000,0.00
15:48:35,22.2636571,84.9099879,-4.644,-0.224,0.14,-0.508,-0.048,-135.6,29,10.0005,0.00
15:48:35,22.2636571,84.9099879,-4.670,-0.227,0.14,-0.508,-0.048,-134.9,29,10.0005,0.00
15:48:35,22.2636571,84.9099879,-4.696,-0.229,0.14,-0.508,-0.048,-134.6,29,0.0000,0.00
15:48:35,22.2636571,84.9099879,-4.721,-0.231,0.14,-0.508,-0.048,-134.6,29,0.0000,0.00
15:48:35,22.2636571,84.9099879,-4.747,-0.234,0.14,-0.508,-0.048,-134.3,29,0.0000,0.00
15:48:35,22.2636571,84.9099879,-4.772,-0.236,0.14,-0.508,-0.048,-133.8,29,0.0000,0.00
15:48:35,22.2636571,84.9099879,-4.798,-0.239,0.14,-0.508,-0.048,-133.5,29,10.0005,0.00
15:48:35,22.2636571,84.9099879,-4.824,-0.241,0.14,-0.508,-0.048,-133.5,29,10.0005,0.00
15:48:35,22.2636571,84.9099879,-4.849,-0.243,0.15,-0.508,-0.048,-133.3,29,10.0005,0.00
15:48:35,22.2636571,84.9099879,-4.820,-0.425,0.15,-0.424,-0.325,-133.0,29,0.0078,0.00
15:48:35,22.2636571,84.9099879,-4.842,-0.442,0.15,-0.424,-0.325,-132.9,29,0.0000,0.00
15:48:35,22.2636571,84.9099879,-4.863,-0.458,0.15,-0.424,-0.325,-132.9,29,0.0000,0.00
15:48:35,22.2636571,84.9099879,-4.885,-0.474,0.14,-0.424,-0.325,-132.8,29,0.0000,0.00
15:48:36,22.2636571,84.9099879,-4.904,-0.509,0.14,-0.420,-0.362,-132.8,29,0.0077,0.00
15:48:36,22.2636571,84.9099879,-4.925,-0.527,0.14,-0.420,-0.362,-132.7,29,0.0077,0.00
15:48:36,22.2636571,84.9099879,-4.946,-0.545,0.14,-0.420,-0.362,-132.7,29,0.0077,0.00
15:48:36,22.2636571,84.9099879,-4.967,-0.563,0.14,-0.420,-0.362,-132.8,29,0.0077,0.00
15:48:36,22.2636571,84.9099879,-4.988,-0.582,0.14,-0.420,-0.362,-132.8,29,0.0000,0.00
15:48:36,22.2636571,84.9099879,-5.010,-0.600,0.14,-0.420,-0.362,-132.8,29,0.0000,0.00
15:48:36,22.2636571,84.9099879,-5.031,-0.618,0.14,-0.420,-0.362,-132.8,29,0.0000,0.00
15:48:36,22.2636571,84.9099879,-5.052,-0.636,0.14,-0.420,-0.362,-132.7,29,0.0000,0.00
15:48:36,22.2636571,84.9099879,-5.078,-0.666,0.14,-0.434,-0.392,-132.6,29,0.0090,0.00
15:48:36,22.2636571,84.9099879,-5.100,-0.686,0.14,-0.434,-0.392,-132.6,29,0.0090,0.00
15:48:36,22.2636571,84.9099879,-5.122,-0.706,0.14,-0.434,-0.392,-132.6,29,0.0090,0.00
15:48:36,22.2636571,84.9099879,-5.146,-0.728,0.14,-0.440,-0.400,-132.5,29,0.0088,0.00
15:48:36,22.2636571,84.9099879,-5.168,-0.748,0.15,-0.440,-0.400,-132.5,29,0.0000,0.00
15:48:36,22.2636571,84.9099879,-5.190,-0.768,0.15,-0.440,-0.400,-132.5,29,0.0000,0.00
15:48:36,22.2636571,84.9099879,-5.212,-0.789,0.15,-0.440,-0.400,-132.4,29,0.0000,0.00
15:48:36,22.2636571,84.9099879,-5.235,-0.809,0.15,-0.440,-0.401,-132.3,29,0.0098,0.00
15:48:36,22.2636571,84.9099879,-5.257,-0.829,0.15,-0.440,-0.401,-132.3,29,0.0098,0.00
15:48:36,22.2636571,84.9099879,-5.279,-0.850,0.15,-0.440,-0.401,-132.3,29,0.0098,0.00
15:48:36,22.2636571,84.9099879,-5.302,-0.870,0.15,-0.440,-0.401,-132.4,29,0.0098,0.00
15:48:36,22.2636571,84.9099879,-5.324,-0.890,0.15,-0.440,-0.401,-132.4,29,0.0098,0.00
15:48:37,22.2636571,84.9099879,-5.346,-0.910,0.14,-0.440,-0.401,-132.4,29,0.0000,0.00
15:48:37,22.2636571,84.9099879,-5.368,-0.931,0.14,-0.440,-0.401,-132.4,29,0.0000,0.00
15:48:37,22.2636571,84.9099879,-5.390,-0.951,0.14,-0.440,-0.401,-132.3,29,0.0000,0.00
15:48:37,22.2636571,84.9099879,-5.428,-0.961,0.14,-0.490,-0.369,-132.3,29,0.0121,0.00
15:48:37,22.2636571,84.9099879,-5.453,-0.980,0.14,-0.490,-0.369,-132.3,29,0.0121,0.00
15:48:37,22.2636571,84.9099879,-5.477,-0.998,0.14,-0.490,-0.369,-132.3,29,0.0121,0.00
15:48:37,22.2636571,84.9099879,-5.502,-1.017,0.14,-0.490,-0.369,-132.2,29,0.0121,0.00
15:48:37,22.2636571,84.9099879,-5.529,-1.032,0.14,-0.498,-0.357,-132.2,29,0.0129,0.00
15:48:37,22.2636571,84.9099879,-5.554,-1.050,0.14,-0.498,-0.357,-132.2,29,0.0000,0.00
15:48:37,22.2636571,84.9099879,-5.580,-1.068,0.14,-0.498,-0.357,-132.2,29,0.0000,0.00
15:48:37,22.2636571,84.9099879,-5.605,-1.086,0.14,-0.498,-0.357,-132.3,29,0.0000,0.00
15:48:37,22.2636571,84.9099879,-5.632,-1.098,0.14,-0.506,-0.330,-132.3,29,0.0114,0.00
15:48:37,22.2636571,84.9099879,-5.658,-1.114,0.14,-0.506,-0.330,-132.3,29,0.0114,0.00
15:48:37,22.2636571,84.9099879,-5.683,-1.131,0.13,-0.506,-0.330,-132.3,29,0.0114,0.00
15:48:37,22.2636571,84.9099879,-5.709,-1.148,0.13,-0.506,-0.330,-132.2,29,0.0114,0.00
15:48:37,22.2636571,84.9099879,-5.734,-1.164,0.13,-0.506,-0.330,-132.2,29,0.0000,0.00
15:48:37,22.2636571,84.9099879,-5.760,-1.181,0.13,-0.506,-0.330,-132.2,29,0.0000,0.00
15:48:37,22.2636571,84.9099879,-5.785,-1.198,0.14,-0.506,-0.330,-132.2,29,0.0000,0.00
15:48:37,22.2636571,84.9099879,-5.811,-1.214,0.14,-0.506,-0.330,-132.2,29,0.0000,0.00
15:48:38,22.2636571,84.9099879,-5.842,-1.237,0.14,-0.523,-0.350,-132.2,29,0.0125,0.00
15:48:38,22.2636571,84.9099879,-5.868,-1.255,0.14,-0.523,-0.350,-132.3,29,0.0125,0.00
15:48:38,22.2636571,84.9099879,-5.894,-1.272,0.14,-0.523,-0.350,-132.3,29,0.0125,0.00
15:48:38,22.2636571,84.9099879,-5.921,-1.290,0.14,-0.523,-0.350,-132.3,29,0.0125,0.00
15:48:38,22.2636571,84.9099879,-5.947,-1.308,0.14,-0.523,-0.350,-132.3,29,0.0000,0.00
15:48:38,22.2636571,84.9099879,-5.973,-1.325,0.14,-0.523,-0.350,-132.3,29,0.0000,0.00
15:48:38,22.2636571,84.9099879,-6.000,-1.343,0.14,-0.523,-0.350,-132.3,29,0.0000,0.00
15:48:38,22.2636571,84.9099879,-6.021,-1.356,0.15,-0.506,-0.335,-132.3,29,0.0111,0.00
15:48:38,22.2636571,84.9099879,-6.046,-1.372,0.15,-0.506,-0.335,-132.3,29,0.0111,0.00
15:48:38,22.2636571,84.9099879,-6.072,-1.389,0.15,-0.506,-0.335,-132.2,29,0.0111,0.00
15:48:38,22.2636571,84.9099879,-6.097,-1.406,0.15,-0.506,-0.335,-132.2,29,0.0111,0.00
15:48:38,22.2636571,84.9099879,-6.123,-1.423,0.15,-0.506,-0.335,-132.2,29,0.0000,0.00
15:48:38,22.2636571,84.9099879,-6.148,-1.440,0.15,-0.506,-0.335,-132.2,29,0.0000,0.00
15:48:38,22.2636571,84.9099879,-6.174,-1.457,0.15,-0.506,-0.335,-132.2,29,0.0000,0.00
15:48:38,22.2636571,84.9099879,-6.199,-1.473,0.15,-0.506,-0.335,-132.2,29,0.0000,0.00
15:48:38,22.2636571,84.9099879,-6.233,-1.491,0.15,-0.530,-0.337,-132.2,29,0.0104,0.00
15:48:38,22.2636571,84.9099879,-6.260,-1.508,0.15,-0.530,-0.337,-132.2,29,0.0104,0.00
15:48:38,22.2636571,84.9099879,-6.286,-1.525,0.15,-0.530,-0.337,-132.7,29,0.0104,0.00
15:48:38,22.2636571,84.9099879,-6.313,-1.542,0.15,-0.530,-0.337,-133.6,29,0.0104,0.00
15:48:38,22.2636571,84.9099879,-6.344,-1.562,0.15,-0.544,-0.346,-135.1,29,0.0118,0.00
15:48:39,22.2636571,84.9099879,-6.371,-1.579,0.15,-0.544,-0.346,-135.1,29,0.0000,0.00
15:48:39,22.2636571,84.9099879,-6.399,-1.597,0.15,-0.544,-0.346,-139.1,29,0.0000,0.00
15:48:39,22.2636571,84.9099879,-6.426,-1.614,0.15,-0.544,-0.346,-141.2,29,0.0000,0.00
15:48:39,22.2636571,84.9099879,-6.453,-1.631,0.15,-0.544,-0.346,-144.6,29,0.0000,0.00
15:48:39,22.2636571,84.9099879,-6.481,-1.649,0.15,-0.544,-0.346,-144.6,29,0.0000,0.00
15:48:39,22.2636571,84.9099879,-6.508,-1.666,0.15,-0.544,-0.346,-145.8,29,0.0000,0.00
15:48:39,22.2636571,84.9099879,-6.536,-1.684,0.15,-0.544,-0.346,-146.7,29,0.0000,0.00
15:48:39,22.2636571,84.9099879,-6.563,-1.701,0.15,-0.544,-0.346,-148.2,29,0.0000,0.00
15:48:39,22.2636571,84.9099879,-6.590,-1.718,0.15,-0.544,-0.346,-148.2,29,0.0000,0.00
15:48:39,22.2636571,84.9099879,-6.618,-1.736,0.15,-0.544,-0.346,-148.5,29,0.0000,0.00
15:48:39,22.2636571,84.9099879,-6.645,-1.753,0.15,-0.544,-0.346,-148.3,29,0.0000,0.00
15:48:39,22.2636571,84.9099879,-6.673,-1.771,0.15,-0.544,-0.346,-148.3,29,0.0000,0.00
15:48:39,22.2636571,84.9099879,-6.700,-1.788,0.15,-0.544,-0.346,-148.1,29,0.0000,0.00
15:48:39,22.2636571,84.9099879,-6.727,-1.806,0.15,-0.544,-0.346,-147.9,29,0.0000,0.00
15:48:39,22.2636571,84.9099879,-6.718,-1.853,0.15,-0.466,-0.409,-147.4,29,0.0131,0.00
15:48:39,22.2636571,84.9099879,-6.741,-1.874,0.15,-0.466,-0.409,-147.4,29,0.0000,0.00
15:48:39,22.2636571,84.9099879,-6.765,-1.894,0.15,-0.466,-0.409,-147.2,29,0.0000,0.00
15:48:39,22.2636571,84.9099879,-6.788,-1.915,0.15,-0.466,-0.409,-147.0,28,0.0000,0.00
15:48:39,22.2636571,84.9099879,-6.801,-1.940,0.15,-0.438,-0.420,-146.7,28,0.0096,0.00
15:48:39,22.2636571,84.9099879,-6.823,-1.961,0.15,-0.438,-0.420,-146.7,28,0.0096,0.00
15:48:40,22.2636571,84.9099879,-6.845,-1.982,0.15,-0.438,-0.420,-146.5,28,0.0096,0.00
15:48:40,22.2636571,84.9099879,-6.868,-2.003,0.15,-0.438,-0.420,-146.3,28,0.0096,0.00
15:48:40,22.2636571,84.9099879,-6.890,-2.024,0.15,-0.438,-0.420,-146.2,28,0.0000,0.00
15:48:40,22.2636571,84.9099879,-6.912,-2.046,0.15,-0.438,-0.420,-146.2,28,0.0000,0.00
15:48:40,22.2636571,84.9099879,-6.934,-2.067,0.15,-0.438,-0.420,-146.2,28,0.0000,0.00
15:48:40,22.2636571,84.9099879,-6.954,-2.102,0.15,-0.433,-0.462,-146.2,28,0.0128,0.00
15:48:40,22.2636571,84.9099879,-6.976,-2.125,0.16,-0.433,-0.462,-146.0,28,0.0128,0.00
15:48:40,22.2636571,84.9099879,-6.998,-2.149,0.16,-0.433,-0.462,-146.0,28,0.0128,0.00
15:48:40,22.2636571,84.9099879,-7.020,-2.172,0.16,-0.433,-0.462,-145.9,28,0.0128,0.00
15:48:40,22.2636571,84.9099879,-7.042,-2.195,0.16,-0.433,-0.462,-145.8,28,0.0000,0.00
15:48:40,22.2636571,84.9099879,-7.064,-2.219,0.16,-0.433,-0.462,-145.6,28,0.0000,0.00
15:48:40,22.2636571,84.9099879,-7.086,-2.242,0.16,-0.433,-0.462,-145.6,28,0.0000,0.00
15:48:40,22.2636571,84.9099879,-7.107,-2.265,0.16,-0.433,-0.462,-145.6,28,0.0000,0.00
15:48:40,22.2636571,84.9099879,-7.129,-2.288,0.16,-0.433,-0.460,-145.6,28,0.0172,0.00
15:48:40,22.2636571,84.9099879,-7.151,-2.311,0.17,-0.433,-0.460,-145.7,28,0.0172,0.00
15:48:40,22.2636571,84.9099879,-7.173,-2.334,0.17,-0.433,-0.460,-145.7,28,0.0172,0.00
15:48:40,22.2636571,84.9099879,-7.195,-2.357,0.17,-0.433,-0.460,-145.7,28,0.0172,0.00
15:48:40,22.2636571,84.9099879,-7.217,-2.380,0.17,-0.433,-0.460,-145.7,28,0.0000,0.00
15:48:40,22.2636571,84.9099879,-7.239,-2.404,0.17,-0.433,-0.460,-145.7,28,0.0000,0.00
15:48:40,22.2636571,84.9099879,-7.260,-2.427,0.14,-0.433,-0.460,-145.7,28,0.0000,0.00
15:48:41,22.2636571,84.9099879,-7.262,-2.461,0.14,-0.375,-0.491,-145.7,28,0.0115,0.00
15:48:41,22.2636571,84.9099879,-7.281,-2.485,0.14,-0.375,-0.491,-145.7,28,0.0115,0.00
15:48:41,22.2636571,84.9099879,-7.300,-2.510,0.14,-0.375,-0.491,-145.7,28,0.0115,0.00
15:48:41,22.2636571,84.9099879,-7.319,-2.535,0.14,-0.375,-0.491,-145.7,28,0.0115,0.00
15:48:41,22.2636571,84.9099879,-7.332,-2.561,0.14,-0.356,-0.497,-145.7,28,0.0129,0.00
15:48:41,22.2636571,84.9099879,-7.350,-2.587,0.14,-0.356,-0.497,-145.6,28,0.0000,0.00
15:48:41,22.2636571,84.9099879,-7.368,-2.612,0.14,-0.356,-0.497,-145.5,28,0.0000,0.00
15:48:41,22.2636571,84.9099879,-7.386,-2.637,0.15,-0.356,-0.497,-145.5,27,0.0000,0.00
15:48:41,22.2636571,84.9099879,-7.404,-2.665,0.15,-0.357,-0.510,-145.4,27,0.0134,0.00
15:48:41,22.2636571,84.9099879,-7.422,-2.691,0.15,-0.357,-0.510,-145.3,27,0.0134,0.00
15:48:41,22.2636571,84.9099879,-7.440,-2.716,0.15,-0.357,-0.510,-145.3,27,0.0134,0.00
15:48:41,22.2636571,84.9099879,-7.458,-2.742,0.15,-0.357,-0.510,-145.3,27,0.0134,0.00
15:48:41,22.2636571,84.9099879,-7.476,-2.768,0.15,-0.357,-0.510,-145.3,27,0.0000,0.00
15:48:41,22.2636571,84.9099879,-7.494,-2.793,0.15,-0.357,-0.510,-145.4,27,0.0000,0.00
15:48:41,22.2636571,84.9099879,-7.512,-2.819,0.15,-0.357,-0.510,-145.4,27,0.0000,0.00
15:48:41,22.2636571,84.9099879,-7.530,-2.845,0.15,-0.357,-0.510,-145.4,27,0.0000,0.00
15:48:41,22.2636571,84.9099879,-7.561,-2.860,0.15,-0.398,-0.476,-145.4,27,0.0111,0.00
15:48:41,22.2636571,84.9099879,-7.581,-2.884,0.15,-0.398,-0.476,-145.5,27,0.0111,0.00
15:48:41,22.2636571,84.9099879,-7.601,-2.908,0.15,-0.398,-0.476,-145.5,27,0.0111,0.00
15:48:42,22.2636571,84.9099879,-7.621,-2.932,0.15,-0.398,-0.476,-145.5,27,0.0111,0.00
15:48:42,22.2636571,84.9099879,-7.641,-2.956,0.16,-0.398,-0.476,-145.5,27,0.0000,0.00
15:48:42,22.2636571,84.9099879,-7.662,-2.980,0.16,-0.398,-0.476,-145.5,27,0.0000,0.00
15:48:42,22.2636571,84.9099879,-7.682,-3.004,0.16,-0.398,-0.476,-145.5,27,0.0000,0.00
15:48:42,22.2636571,84.9099879,-7.702,-3.028,0.16,-0.398,-0.476,-145.5,27,0.0000,0.00
15:48:42,22.2636571,84.9099879,-7.731,-3.054,0.15,-0.425,-0.483,-145.5,27,0.0107,0.00
15:48:42,22.2636571,84.9099879,-7.753,-3.079,0.15,-0.425,-0.483,-145.5,27,0.0107,0.00
15:48:42,22.2636571,84.9099879,-7.774,-3.103,0.15,-0.425,-0.483,-145.4,27,0.0107,0.00
15:48:42,22.2636571,84.9099879,-7.787,-3.137,0.15,-0.396,-0.515,-145.4,27,0.0133,0.00
15:48:42,22.2636571,84.9099879,-7.807,-3.163,0.15,-0.396,-0.515,-145.4,27,0.0000,0.00
15:48:42,22.2636571,84.9099879,-7.827,-3.189,0.15,-0.396,-0.515,-145.4,27,0.0000,0.00
15:48:42,22.2636571,84.9099879,-7.847,-3.215,0.15,-0.396,-0.515,-145.4,27,0.0000,0.00
15:48:42,22.2636571,84.9099879,-7.871,-3.230,0.15,-0.414,-0.472,-145.5,27,0.0204,0.00
15:48:42,22.2636571,84.9099879,-7.892,-3.254,0.15,-0.414,-0.472,-145.5,27,0.0204,0.00
15:48:42,22.2636571,84.9099879,-7.913,-3.277,0.15,-0.414,-0.472,-145.6,27,0.0204,0.00
15:48:42,22.2636571,84.9099879,-7.934,-3.301,0.15,-0.414,-0.472,-145.7,27,0.0204,0.00
15:48:42,22.2636571,84.9099879,-7.955,-3.325,0.15,-0.414,-0.472,-145.9,27,0.0000,0.00
15:48:42,22.2636571,84.9099879,-7.976,-3.349,0.15,-0.414,-0.472,-145.9,27,0.0000,0.00
15:48:42,22.2636571,84.9099879,-7.996,-3.373,0.15,-0.414,-0.472,-147.8,27,0.0000,0.00
15:48:42,22.2636571,84.9099879,-8.022,-3.391,0.15,-0.430,-0.452,-149.5,27,0.0167,0.00
15:48:43,22.2636571,84.9099879,-8.044,-3.413,0.15,-0.430,-0.452,-149.5,27,0.0167,0.00
15:48:43,22.2636571,84.9099879,-8.066,-3.436,0.15,-0.430,-0.452,-151.5,27,0.0167,0.00
15:48:43,22.2636571,84.9099879,-8.087,-3.459,0.15,-0.430,-0.452,-156.1,27,0.0167,0.00
15:48:43,22.2636571,84.9099879,-8.109,-3.482,0.15,-0.430,-0.452,-158.3,27,0.0167,0.00
15:48:43,22.2636571,84.9099879,-8.131,-3.505,0.15,-0.430,-0.452,-158.3,27,0.0000,0.00
15:48:43,22.2636571,84.9099879,-8.153,-3.527,0.15,-0.430,-0.452,-161.5,27,0.0000,0.00
15:48:43,22.2636571,84.9099879,-8.174,-3.550,0.17,-0.430,-0.452,-162.6,27,0.0000,0.00
15:48:43,22.2636571,84.9099879,-8.199,-3.589,0.17,-0.440,-0.500,-163.6,27,0.0117,0.00
15:48:43,22.2636571,84.9099879,-8.221,-3.614,0.17,-0.440,-0.500,-163.6,27,0.0117,0.00
15:48:43,22.2636571,84.9099879,-8.244,-3.639,0.17,-0.440,-0.500,-164.6,27,0.0117,0.00
15:48:43,22.2636571,84.9099879,-8.266,-3.665,0.17,-0.440,-0.500,-164.7,27,0.0117,0.00
15:48:43,22.2636571,84.9099879,-8.270,-3.697,0.17,-0.378,-0.523,-164.6,27,0.0122,0.00
15:48:43,22.2636571,84.9099879,-8.289,-3.723,0.17,-0.378,-0.523,-164.6,27,0.0000,0.00
15:48:43,22.2636571,84.9099879,-8.308,-3.750,0.17,-0.378,-0.523,-164.1,27,0.0000,0.00
15:48:43,22.2636571,84.9099879,-8.327,-3.776,0.16,-0.378,-0.523,-163.8,27,0.0000,0.00
15:48:43,22.2636571,84.9099879,-8.336,-3.807,0.16,-0.340,-0.542,-163.8,27,0.0140,0.00
15:48:43,22.2636571,84.9099879,-8.353,-3.835,0.16,-0.340,-0.542,-163.6,27,0.0140,0.00
15:48:43,22.2636571,84.9099879,-8.371,-3.862,0.16,-0.340,-0.542,-163.2,27,0.0140,0.00
15:48:43,22.2636571,84.9099879,-8.381,-3.888,0.16,-0.311,-0.534,-162.9,27,0.0157,0.00
15:48:43,22.2636571,84.9099879,-8.397,-3.915,0.15,-0.311,-0.534,-162.9,27,0.0000,0.00
15:48:44,22.2636571,84.9099879,-8.412,-3.942,0.15,-0.311,-0.534,-162.4,27,0.0000,0.00
15:48:44,22.2636571,84.9099879,-8.441,-3.998,0.15,-0.299,-0.546,-161.8,27,0.0150,0.00
15:48:44,22.2636571,84.9099879,-8.456,-4.026,0.15,-0.299,-0.546,-161.8,27,0.0150,0.00
15:48:44,22.2636571,84.9099879,-8.471,-4.054,0.15,-0.299,-0.546,-161.4,27,0.0150,0.00
15:48:44,22.2636571,84.9099879,-8.486,-4.081,0.15,-0.299,-0.546,-161.2,27,0.0150,0.00
15:48:44,22.2636571,84.9099879,-8.501,-4.109,0.15,-0.299,-0.546,-161.2,27,0.0000,0.00
15:48:44,22.2636571,84.9099879,-8.516,-4.136,0.12,-0.299,-0.546,-160.8,27,0.0000,0.00
15:48:44,22.2636571,84.9099879,-8.531,-4.164,0.12,-0.299,-0.546,-160.6,27,0.0000,0.00
15:48:44,22.2636571,84.9099879,-8.547,-4.192,0.12,-0.299,-0.546,-160.4,27,0.0000,0.00
15:48:44,22.2636571,84.9099879,-8.563,-4.224,0.12,-0.305,-0.561,-160.4,27,0.0396,0.00
15:48:44,22.2636571,84.9099879,-8.579,-4.252,0.07,-0.305,-0.561,-160.0,27,0.0396,0.00
15:48:44,22.2636571,84.9099879,-8.594,-4.280,0.07,-0.305,-0.561,-160.0,27,0.0396,0.00
15:48:44,22.2636571,84.9099879,-8.610,-4.309,0.07,-0.305,-0.561,-160.0,27,0.0396,0.00
15:48:44,22.2636571,84.9099879,-8.625,-4.337,0.07,-0.305,-0.561,-160.0,27,0.0000,0.00
15:48:44,22.2636571,84.9099879,-8.640,-4.365,0.07,-0.305,-0.561,-160.4,29,0.0000,0.00
15:48:44,22.2636571,84.9099879,-8.656,-4.394,0.07,-0.305,-0.561,-160.7,29,0.0000,0.00
15:48:44,22.2636571,84.9099879,-8.643,-4.412,0.07,-0.220,-0.533,-160.7,29,0.0158,0.00
15:48:44,22.2636571,84.9099879,-8.654,-4.439,0.07,-0.220,-0.533,-161.2,29,0.0158,0.00
15:48:44,22.2636571,84.9099879,-8.665,-4.466,0.07,-0.220,-0.533,-161.4,29,0.0158,0.00
15:48:45,22.2636571,84.9099879,-8.676,-4.493,0.08,-0.220,-0.533,-161.6,29,0.0158,0.00
15:48:45,22.2636571,84.9099879,-8.687,-4.520,0.08,-0.220,-0.533,-161.6,29,0.0158,0.00
15:48:45,22.2636571,84.9099879,-8.698,-4.547,0.08,-0.220,-0.533,-161.7,29,0.0000,0.00
15:48:45,22.2636571,84.9099879,-8.710,-4.574,0.08,-0.220,-0.533,-161.7,29,0.0000,0.00
15:48:45,22.2636571,84.9099879,-8.721,-4.601,0.12,-0.220,-0.533,-161.6,29,0.0000,0.00
15:48:45,22.2636571,84.9099879,-8.744,-4.615,0.12,-0.256,-0.497,-161.6,29,0.0108,0.00
15:48:45,22.2636571,84.9099879,-8.757,-4.640,0.12,-0.256,-0.497,-161.4,29,0.0108,0.00
15:48:45,22.2636571,84.9099879,-8.770,-4.666,0.12,-0.256,-0.497,-161.3,29,0.0108,0.00
15:48:45,22.2636571,84.9099879,-8.783,-4.691,0.12,-0.256,-0.497,-161.1,29,0.0108,0.00
15:48:45,22.2636571,84.9099879,-8.797,-4.718,0.12,-0.260,-0.505,-161.1,29,0.0116,0.00
15:48:45,22.2636571,84.9099879,-8.811,-4.744,0.12,-0.260,-0.505,-161.1,29,0.0000,0.00
15:48:45,22.2636571,84.9099879,-8.824,-4.769,0.12,-0.260,-0.505,-161.1,29,0.0000,0.00
15:48:45,22.2636571,84.9099879,-8.837,-4.795,0.14,-0.260,-0.505,-161.1,29,0.0000,0.00
15:48:45,22.2636571,84.9099879,-8.852,-4.822,0.14,-0.269,-0.511,-161.1,29,0.0119,0.00
15:48:45,22.2636571,84.9099879,-8.866,-4.848,0.14,-0.269,-0.511,-161.0,29,0.0119,0.00
15:48:45,22.2636571,84.9099879,-8.879,-4.874,0.14,-0.269,-0.511,-161.0,29,0.0119,0.00
15:48:45,22.2636571,84.9099879,-8.893,-4.900,0.14,-0.269,-0.511,-161.0,29,0.0119,0.00
15:48:45,22.2636571,84.9099879,-8.907,-4.925,0.14,-0.269,-0.511,-161.1,29,0.0000,0.00
15:48:45,22.2636571,84.9099879,-8.920,-4.951,0.14,-0.269,-0.511,-161.2,29,0.0000,0.00
15:48:45,22.2636571,84.9099879,-8.934,-4.977,0.14,-0.269,-0.511,-161.1,29,0.0000,0.00
15:48:46,22.2636571,84.9099879,-8.931,-5.008,0.14,-0.215,-0.530,-161.1,29,0.0180,0.00
15:48:46,22.2636571,84.9099879,-8.942,-5.035,0.15,-0.215,-0.530,-160.6,29,0.0180,0.00
15:48:46,22.2636571,84.9099879,-8.953,-5.062,0.15,-0.215,-0.530,-159.8,29,0.0180,0.00
15:48:46,22.2636571,84.9099879,-8.964,-5.089,0.15,-0.215,-0.530,-156.7,29,0.0180,0.00
15:48:46,22.2636571,84.9099879,-8.979,-5.120,0.15,-0.230,-0.547,-156.7,29,0.0130,0.00
15:48:46,22.2636571,84.9099879,-8.990,-5.147,0.16,-0.230,-0.547,-154.7,29,0.0000,0.00
15:48:46,22.2636571,84.9099879,-9.002,-5.175,0.16,-0.230,-0.547,-151.4,29,0.0000,0.00
15:48:46,22.2636571,84.9099879,-9.013,-5.203,0.16,-0.230,-0.547,-151.4,29,0.0000,0.00
15:48:46,22.2636571,84.9099879,-9.021,-5.234,0.16,-0.214,-0.564,-150.2,29,0.0124,0.00
15:48:46,22.2636571,84.9099879,-9.032,-5.263,0.16,-0.214,-0.564,-149.3,29,0.0124,0.00
15:48:46,22.2636571,84.9099879,-9.043,-5.291,0.16,-0.214,-0.564,-148.0,29,0.0124,0.00
15:48:46,22.2636571,84.9099879,-9.066,-5.313,0.16,-0.270,-0.537,-148.0,29,0.0147,0.00
15:48:46,22.2636571,84.9099879,-9.080,-5.340,0.16,-0.270,-0.537,-147.6,29,0.0000,0.00
15:48:46,22.2636571,84.9099879,-9.094,-5.367,0.16,-0.270,-0.537,-147.4,29,0.0000,0.00
15:48:46,22.2636571,84.9099879,-9.107,-5.394,0.18,-0.270,-0.537,-147.2,29,0.0000,0.00
15:48:46,22.2636571,84.9099879,-9.127,-5.417,0.18,-0.298,-0.514,-147.2,29,0.0127,0.00
15:48:46,22.2636571,84.9099879,-9.142,-5.443,0.18,-0.298,-0.514,-147.2,29,0.0127,0.00
15:48:46,22.2636571,84.9099879,-9.157,-5.468,0.18,-0.298,-0.514,-147.2,29,0.0127,0.00
15:48:46,22.2636571,84.9099879,-9.172,-5.494,0.17,-0.298,-0.514,-147.3,29,0.0127,0.00
15:48:46,22.2636571,84.9099879,-9.189,-5.517,0.17,-0.307,-0.500,-147.3,29,0.0115,0.00
15:48:47,22.2636571,84.9099879,-9.205,-5.543,0.17,-0.307,-0.500,-147.4,29,0.0000,0.00
15:48:47,22.2636571,84.9099879,-9.220,-5.568,0.17,-0.307,-0.500,-147.5,29,0.0000,0.00
15:48:47,22.2636571,84.9099879,-9.236,-5.593,0.17,-0.307,-0.500,-147.6,29,0.0000,0.00
15:48:47,22.2636571,84.9099879,-9.253,-5.620,0.17,-0.317,-0.506,-147.6,29,0.0110,0.00
15:48:47,22.2636571,84.9099879,-9.270,-5.645,0.17,-0.317,-0.506,-147.7,29,0.0110,0.00
15:48:47,22.2636571,84.9099879,-9.285,-5.671,0.17,-0.317,-0.506,-147.8,29,0.0110,0.00
15:48:47,22.2636571,84.9099879,-9.301,-5.696,0.17,-0.317,-0.506,-147.8,28,0.0110,0.00
15:48:47,22.2636571,84.9099879,-9.317,-5.722,0.17,-0.317,-0.506,-147.8,28,0.0000,0.00
15:48:47,22.2636571,84.9099879,-9.333,-5.747,0.17,-0.317,-0.506,-147.8,28,0.0000,0.00
15:48:47,22.2636571,84.9099879,-9.349,-5.773,0.17,-0.317,-0.506,-147.8,28,0.0000,0.00
15:48:47,22.2636571,84.9099879,-9.365,-5.798,0.17,-0.317,-0.506,-147.8,28,0.0000,0.00
15:48:47,22.2636571,84.9099879,-9.401,-5.817,0.17,-0.384,-0.483,-147.8,28,0.0137,0.00
15:48:47,22.2636571,84.9099879,-9.421,-5.841,0.17,-0.384,-0.483,-147.8,28,0.0137,0.00
15:48:47,22.2636571,84.9099879,-9.440,-5.866,0.17,-0.384,-0.483,-147.8,28,0.0137,0.00
15:48:47,22.2636571,84.9099879,-9.463,-5.887,0.17,-0.397,-0.473,-147.8,28,0.0115,0.00
15:48:47,22.2636571,84.9099879,-9.483,-5.911,0.17,-0.397,-0.473,-147.8,28,0.0000,0.00
15:48:47,22.2636571,84.9099879,-9.503,-5.935,0.17,-0.397,-0.473,-147.8,28,0.0000,0.00
15:48:47,22.2636571,84.9099879,-9.523,-5.959,0.17,-0.397,-0.473,-147.9,28,0.0000,0.00
15:48:47,22.2636571,84.9099879,-9.547,-5.979,0.17,-0.414,-0.457,-147.9,28,0.0142,0.00
15:48:47,22.2636571,84.9099879,-9.568,-6.002,0.15,-0.414,-0.457,-148.0,28,0.0142,0.00
15:48:48,22.2636571,84.9099879,-9.589,-6.025,0.15,-0.414,-0.457,-148.2,28,0.0142,0.00
15:48:48,22.2636571,84.9099879,-9.610,-6.048,0.15,-0.414,-0.457,-148.3,28,0.0142,0.00
15:48:48,22.2636571,84.9099879,-9.631,-6.071,0.15,-0.414,-0.457,-148.3,28,0.0000,0.00
15:48:48,22.2636571,84.9099879,-9.652,-6.094,0.15,-0.414,-0.457,-148.4,28,0.0000,0.00
15:48:48,22.2636571,84.9099879,-9.673,-6.117,0.15,-0.414,-0.457,-148.5,28,0.0000,0.00
15:48:48,22.2636571,84.9099879,-9.694,-6.140,0.15,-0.414,-0.457,-148.6,28,0.0000,0.00
15:48:48,22.2636571,84.9099879,-9.716,-6.162,0.15,-0.419,-0.453,-148.6,28,0.0126,0.00
15:48:48,22.2636571,84.9099879,-9.737,-6.185,0.15,-0.419,-0.453,-148.7,27,0.0126,0.00
15:48:48,22.2636571,84.9099879,-9.758,-6.208,0.15,-0.419,-0.453,-149.0,27,0.0126,0.00
15:48:48,22.2636571,84.9099879,-9.777,-6.227,0.15,-0.408,-0.438,-149.0,27,0.0138,0.00
15:48:48,22.2636571,84.9099879,-9.797,-6.249,0.15,-0.408,-0.438,-149.0,27,0.0000,0.00
15:48:48,22.2636571,84.9099879,-9.818,-6.271,0.15,-0.408,-0.438,-149.1,27,0.0000,0.00
15:48:48,22.2636571,84.9099879,-9.838,-6.293,0.14,-0.408,-0.438,-149.2,27,0.0000,0.00
15:48:48,22.2636571,84.9099879,-9.859,-6.315,0.14,-0.408,-0.438,-149.3,27,0.0000,0.00
15:48:48,22.2636571,84.9099879,-9.881,-6.343,0.14,-0.416,-0.461,-149.3,27,0.0107,0.00
15:48:48,22.2636571,84.9099879,-9.902,-6.366,0.14,-0.416,-0.461,-149.3,27,0.0107,0.00
15:48:48,22.2636571,84.9099879,-9.923,-6.389,0.14,-0.416,-0.461,-149.4,27,0.0107,0.00
15:48:48,22.2636571,84.9099879,-9.943,-6.414,0.14,-0.412,-0.466,-149.4,27,0.0138,0.00
15:48:48,22.2636571,84.9099879,-9.964,-6.437,0.14,-0.412,-0.466,-149.4,27,0.0000,0.00
15:48:49,22.2636571,84.9099879,-9.985,-6.461,0.14,-0.412,-0.466,-149.4,27,0.0000,0.00
15:48:49,22.2636571,84.9099879,-10.006,-6.484,0.15,-0.412,-0.466,-149.4,27,0.0000,0.00
15:48:49,22.2636571,84.9099879,-10.026,-6.510,0.15,-0.409,-0.478,-149.4,27,0.0117,0.00
15:48:49,22.2636571,84.9099879,-10.046,-6.535,0.15,-0.409,-0.478,-149.4,27,0.0117,0.00
15:48:49,22.2636571,84.9099879,-10.067,-6.559,0.15,-0.409,-0.478,-149.4,27,0.0000,0.00
15:48:49,22.2636571,84.9099879,-10.088,-6.583,0.16,-0.409,-0.478,-149.3,27,0.0000,0.00
15:48:49,22.2636571,84.9099879,-10.108,-6.607,0.16,-0.409,-0.478,-149.3,27,0.0000,0.00
15:48:49,22.2636571,84.9099879,-10.129,-6.631,0.16,-0.409,-0.478,-149.3,27,0.0000,0.00
15:48:49,22.2636571,84.9099879,-10.149,-6.655,0.16,-0.409,-0.478,-149.3,27,0.0000,0.00
15:48:49,22.2636571,84.9099879,-10.170,-6.679,0.16,-0.409,-0.478,-149.4,27,0.0000,0.00
15:48:49,22.2636571,84.9099879,-10.190,-6.703,0.16,-0.409,-0.478,-149.4,26,0.0000,0.00
15:48:49,22.2636571,84.9099879,-10.211,-6.727,0.16,-0.409,-0.478,-149.4,26,0.0000,0.00
15:48:49,22.2636571,84.9099879,-10.232,-6.751,0.16,-0.409,-0.478,-149.5,26,0.0000,0.00
15:48:49,22.2636571,84.9099879,-10.252,-6.775,0.16,-0.409,-0.478,-149.5,26,0.0000,0.00
15:48:49,22.2636571,84.9099879,-10.273,-6.799,0.16,-0.409,-0.478,-149.6,26,0.0000,0.00
15:48:49,22.2636571,84.9099879,-10.293,-6.823,0.16,-0.409,-0.478,-149.6,26,0.0000,0.00
15:48:49,22.2636571,84.9099879,-10.314,-6.847,0.16,-0.409,-0.478,-149.6,26,0.0000,0.00
15:48:49,22.2636571,84.9099879,-10.335,-6.871,0.16,-0.409,-0.478,-149.7,26,0.0000,0.00
15:48:49,22.2636571,84.9099879,-10.355,-6.896,0.16,-0.409,-0.478,-149.7,26,0.0000,0.00
15:48:49,22.2636571,84.9099879,-10.376,-6.920,0.16,-0.409,-0.478,-149.7,26,0.0000,0.00
15:48:50,22.2636571,84.9099879,-10.396,-6.944,0.16,-0.409,-0.478,-149.8,26,0.0000,0.00
15:48:50,22.2636571,84.9099879,-10.417,-6.968,0.16,-0.409,-0.478,-149.8,26,0.0000,0.00
15:48:50,22.2636571,84.9099879,-10.437,-6.992,0.16,-0.409,-0.478,-149.8,26,0.0000,0.00
15:48:50,22.2636571,84.9099879,-10.412,-7.048,0.16,-0.333,-0.531,-149.8,26,0.0065,0.00
15:48:50,22.2636571,84.9099879,-10.429,-7.075,0.16,-0.333,-0.531,-149.7,26,0.0000,0.00
15:48:50,22.2636571,84.9099879,-10.446,-7.102,0.16,-0.333,-0.531,-149.7,26,0.0000,0.00
15:48:50,22.2636571,84.9099879,-10.463,-7.129,0.16,-0.333,-0.531,-149.7,26,0.0000,0.00
15:48:50,22.2636571,84.9099879,-10.479,-7.155,0.15,-0.333,-0.531,-149.7,27,0.0000,0.00
15:48:50,22.2636571,84.9099879,-10.515,-7.171,0.15,-0.375,-0.506,-149.6,27,0.0065,0.00
15:48:50,22.2636571,84.9099879,-10.534,-7.197,0.15,-0.375,-0.506,-149.6,27,0.0000,0.00
15:48:50,22.2636571,84.9099879,-10.553,-7.222,0.15,-0.375,-0.506,-149.6,27,0.0000,0.00
15:48:50,22.2636571,84.9099879,-10.572,-7.248,0.16,-0.375,-0.506,-149.6,27,0.0000,0.00
15:48:50,22.2636571,84.9099879,-10.591,-7.273,0.16,-0.375,-0.506,-149.7,27,0.0000,0.00
15:48:50,22.2636571,84.9099879,-10.611,-7.295,0.16,-0.380,-0.497,-149.8,27,0.0064,0.00
15:48:50,22.2636571,84.9099879,-10.631,-7.321,0.16,-0.380,-0.497,-149.8,27,0.0000,0.00
15:48:50,22.2636571,84.9099879,-10.650,-7.346,0.16,-0.380,-0.497,-149.8,27,0.0000,0.00
15:48:50,22.2636571,84.9099879,-10.669,-7.371,0.16,-0.380,-0.497,-149.8,27,0.0000,0.00
15:48:50,22.2636571,84.9099879,-10.688,-7.396,0.16,-0.380,-0.497,-149.8,27,0.0000,0.00
15:48:50,22.2636571,84.9099879,-10.713,-7.418,0.16,-0.401,-0.487,-149.8,27,0.0064,0.00
15:48:50,22.2636571,84.9099879,-10.734,-7.443,0.15,-0.401,-0.487,-149.7,27,0.0000,0.00
15:48:51,22.2636571,84.9099879,-10.754,-7.467,0.15,-0.401,-0.487,-149.7,27,0.0000,0.00
15:48:51,22.2636571,84.9099879,-10.774,-7.492,0.15,-0.401,-0.487,-149.8,27,0.0000,0.00
15:48:51,22.2636571,84.9099879,-10.794,-7.517,0.15,-0.401,-0.487,-149.8,27,0.0000,0.00
15:48:51,22.2636571,84.9099879,-10.814,-7.541,0.15,-0.401,-0.487,-149.8,27,0.0000,0.00
15:48:51,22.2636571,84.9099879,-10.835,-7.566,0.15,-0.401,-0.487,-149.8,27,0.0000,0.00
15:48:51,22.2636571,84.9099879,-10.855,-7.590,0.15,-0.401,-0.487,-149.8,27,0.0000,0.00
15:48:51,22.2636571,84.9099879,-10.875,-7.615,0.15,-0.401,-0.487,-149.6,27,0.0000,0.00
15:48:51,22.2636571,84.9099879,-10.895,-7.639,0.15,-0.401,-0.487,-149.6,27,0.0000,0.00
15:48:51,22.2636571,84.9099879,-10.915,-7.664,0.16,-0.401,-0.487,-149.6,27,0.0000,0.00
15:48:51,22.2636571,84.9099879,-10.936,-7.688,0.16,-0.401,-0.487,-149.5,27,0.0000,0.00
15:48:51,22.2636571,84.9099879,-10.956,-7.713,0.16,-0.401,-0.487,-149.3,27,0.0000,0.00
15:48:51,22.2636571,84.9099879,-10.976,-7.738,0.16,-0.401,-0.487,-149.3,27,0.0000,0.00
15:48:51,22.2636571,84.9099879,-10.996,-7.762,0.16,-0.401,-0.487,-149.3,27,0.0000,0.00
15:48:51,22.2636571,84.9099879,-11.016,-7.787,0.16,-0.401,-0.487,-149.3,27,0.0000,0.00
15:48:51,22.2636571,84.9099879,-11.036,-7.811,0.16,-0.401,-0.487,-149.3,27,0.0000,0.00
15:48:51,22.2636571,84.9099879,-11.057,-7.836,0.16,-0.401,-0.487,-149.3,27,0.0000,0.00
15:48:51,22.2636571,84.9099879,-11.077,-7.860,0.16,-0.401,-0.487,-149.3,27,0.0000,0.00
15:48:51,22.2636571,84.9099879,-11.097,-7.885,0.16,-0.401,-0.487,-149.3,27,0.0000,0.00
15:48:51,22.2636571,84.9099879,-11.117,-7.909,0.16,-0.401,-0.487,-149.5,27,0.0000,0.00
15:48:51,22.2636571,84.9099879,-11.137,-7.934,0.16,-0.401,-0.487,-149.5,27,0.0000,0.00
15:48:52,22.2636571,84.9099879,-11.158,-7.958,0.14,-0.401,-0.487,-149.5,27,0.0000,0.00
15:48:52,22.2636571,84.9099879,-11.178,-7.983,0.14,-0.401,-0.487,-149.6,27,0.0000,0.00
15:48:52,22.2636571,84.9099879,-11.198,-8.008,0.14,-0.401,-0.487,-149.6,27,0.0000,0.00
15:48:52,22.2636571,84.9099879,-11.218,-8.032,0.14,-0.401,-0.487,-149.6,27,0.0000,0.00
15:48:52,22.2636571,84.9099879,-11.238,-8.057,0.14,-0.401,-0.487,-149.6,27,0.0000,0.00
15:48:52,22.2636571,84.9099879,-11.258,-8.081,0.16,-0.401,-0.487,-149.6,27,0.0000,0.00
15:48:52,22.2636571,84.9099879,-11.279,-8.106,0.16,-0.401,-0.487,-149.6,27,0.0000,0.00
15:48:52,22.2636571,84.9099879,-11.299,-8.130,0.16,-0.401,-0.487,-149.6,27,0.0000,0.00
15:48:52,22.2636571,84.9099879,-11.319,-8.155,0.16,-0.401,-0.487,-149.6,27,0.0000,0.00
15:48:52,22.2636571,84.9099879,-11.336,-8.185,0.16,-0.396,-0.494,-149.6,27,0.0063,0.00
15:48:52,22.2636571,84.9099879,-11.356,-8.210,0.16,-0.396,-0.494,-149.6,27,0.0000,0.00
15:48:52,22.2636571,84.9099879,-11.376,-8.235,0.16,-0.396,-0.494,-149.6,27,0.0000,0.00
15:48:52,22.2636571,84.9099879,-11.396,-8.260,0.16,-0.396,-0.494,-149.6,27,0.0000,0.00
15:48:52,22.2636571,84.9099879,-11.416,-8.285,0.16,-0.396,-0.494,-149.6,27,0.0000,0.00
15:48:52,22.2636571,84.9099879,-11.439,-8.313,0.16,-0.402,-0.499,-149.6,27,0.0066,0.00
15:48:52,22.2636571,84.9099879,-11.459,-8.338,0.16,-0.402,-0.499,-149.5,27,0.0000,0.00
15:48:52,22.2636571,84.9099879,-11.479,-8.363,0.16,-0.402,-0.499,-149.5,27,0.0000,0.00
15:48:52,22.2636571,84.9099879,-11.500,-8.388,0.15,-0.402,-0.499,-149.5,27,0.0000,0.00
15:48:52,22.2636571,84.9099879,-11.520,-8.414,0.15,-0.402,-0.499,-149.5,27,0.0000,0.00
15:48:53,22.2636571,84.9099879,-11.539,-8.441,0.15,-0.399,-0.504,-149.4,27,0.0066,0.00
15:48:53,22.2636571,84.9099879,-11.559,-8.466,0.15,-0.399,-0.504,-149.4,27,0.0000,0.00
15:48:53,22.2636571,84.9099879,-11.579,-8.492,0.15,-0.399,-0.504,-149.4,27,0.0000,0.00
15:48:53,22.2636571,84.9099879,-11.599,-8.517,0.15,-0.399,-0.504,-149.4,27,0.0000,0.00
15:48:53,22.2636571,84.9099879,-11.620,-8.542,0.15,-0.399,-0.504,-149.5,27,0.0000,0.00
15:48:53,22.2636571,84.9099879,-11.640,-8.568,0.15,-0.399,-0.504,-149.6,27,0.0000,0.00
15:48:53,22.2636571,84.9099879,-11.660,-8.593,0.15,-0.399,-0.504,-149.6,27,0.0000,0.00
15:48:53,22.2636571,84.9099879,-11.680,-8.619,0.16,-0.399,-0.504,-149.7,27,0.0000,0.00
15:48:53,22.2636571,84.9099879,-11.700,-8.644,0.16,-0.399,-0.504,-149.8,27,0.0000,0.00
15:48:53,22.2636571,84.9099879,-11.720,-8.669,0.16,-0.399,-0.504,-149.8,27,0.0000,0.00
15:48:53,22.2636571,84.9099879,-11.740,-8.695,0.16,-0.399,-0.504,-149.8,27,0.0000,0.00
15:48:53,22.2636571,84.9099879,-11.760,-8.720,0.16,-0.399,-0.504,-149.8,27,0.0000,0.00
15:48:53,22.2636571,84.9099879,-11.780,-8.746,0.16,-0.399,-0.504,-149.8,27,0.0000,0.00
15:48:53,22.2636571,84.9099879,-11.801,-8.771,0.16,-0.399,-0.504,-149.8,27,0.0000,0.00
15:48:53,22.2636571,84.9099879,-11.821,-8.796,0.16,-0.399,-0.504,-149.8,27,0.0000,0.00
15:48:53,22.2636571,84.9099879,-11.841,-8.822,0.16,-0.399,-0.504,-149.7,27,0.0000,0.00
15:48:53,22.2636571,84.9099879,-11.872,-8.853,0.16,-0.420,-0.515,-149.7,27,0.0068,0.00
15:48:53,22.2636571,84.9099879,-11.893,-8.879,0.16,-0.420,-0.515,-149.7,27,0.0000,0.00
15:48:53,22.2636571,84.9099879,-11.914,-8.905,0.16,-0.420,-0.515,-149.7,27,0.0000,0.00
15:48:53,22.2636571,84.9099879,-11.936,-8.931,0.16,-0.420,-0.515,-149.7,27,0.0000,0.00
15:48:54,22.2636571,84.9099879,-11.957,-8.957,0.14,-0.420,-0.515,-149.7,27,0.0000,0.00
15:48:54,22.2636571,84.9099879,-11.976,-8.987,0.14,-0.414,-0.526,-149.7,27,0.0068,0.00
15:48:54,22.2636571,84.9099879,-11.996,-9.014,0.14,-0.414,-0.526,-149.7,27,0.0000,0.00
15:48:54,22.2636571,84.9099879,-12.017,-9.041,0.14,-0.414,-0.526,-149.7,27,0.0000,0.00
15:48:54,22.2636571,84.9099879,-12.038,-9.067,0.14,-0.414,-0.526,-149.7,27,0.0000,0.00
15:48:54,22.2636571,84.9099879,-12.059,-9.094,0.14,-0.414,-0.526,-149.7,27,0.0000,0.00
15:48:54,22.2636571,84.9099879,-12.061,-9.124,0.14,-0.356,-0.540,-149.8,27,0.0066,0.00
15:48:54,22.2636571,84.9099879,-12.079,-9.152,0.14,-0.356,-0.540,-149.9,27,0.0000,0.00
15:48:54,22.2636571,84.9099879,-12.097,-9.179,0.16,-0.356,-0.540,-149.9,27,0.0000,0.00
15:48:54,22.2636571,84.9099879,-12.115,-9.206,0.16,-0.356,-0.540,-149.9,27,0.0000,0.00
15:48:54,22.2636571,84.9099879,-12.133,-9.233,0.16,-0.356,-0.540,-149.9,27,0.0000,0.00
15:48:54,22.2636571,84.9099879,-12.145,-9.264,0.16,-0.336,-0.551,-149.9,27,0.0067,0.00
15:48:54,22.2636571,84.9099879,-12.162,-9.292,0.15,-0.336,-0.551,-149.9,27,0.0000,0.00
15:48:54,22.2636571,84.9099879,-12.179,-9.319,0.15,-0.336,-0.551,-149.9,27,0.0000,0.00
15:48:54,22.2636571,84.9099879,-12.196,-9.347,0.15,-0.336,-0.551,-149.9,27,0.0000,0.00
15:48:54,22.2636571,84.9099879,-12.213,-9.375,0.15,-0.336,-0.551,-149.9,27,0.0000,0.00
15:48:54,22.2636571,84.9099879,-12.230,-9.403,0.15,-0.336,-0.551,-149.9,27,0.0000,0.00
15:48:54,22.2636571,84.9099879,-12.247,-9.430,0.15,-0.336,-0.551,-149.9,27,0.0000,0.00
15:48:54,22.2636571,84.9099879,-12.264,-9.458,0.15,-0.336,-0.551,-149.9,27,0.0000,0.00
15:48:54,22.2636571,84.9099879,-12.281,-9.486,0.15,-0.336,-0.551,-149.9,27,0.0000,0.00
15:48:55,22.2636571,84.9099879,-12.298,-9.514,0.15,-0.336,-0.551,-149.8,27,0.0000,0.00
15:48:55,22.2636571,84.9099879,-12.312,-9.544,0.16,-0.329,-0.558,-149.8,27,0.0067,0.00
15:48:55,22.2636571,84.9099879,-12.329,-9.572,0.16,-0.329,-0.558,-149.8,27,0.0000,0.00
15:48:55,22.2636571,84.9099879,-12.345,-9.600,0.16,-0.329,-0.558,-149.7,27,0.0000,0.00
15:48:55,22.2636571,84.9099879,-12.362,-9.629,0.16,-0.329,-0.558,-149.7,27,0.0000,0.00
15:48:55,22.2636571,84.9099879,-12.379,-9.657,0.17,-0.329,-0.558,-149.6,27,0.0000,0.00
15:48:55,22.2636571,84.9099879,-12.395,-9.685,0.17,-0.329,-0.558,-149.5,27,0.0000,0.00
15:48:55,22.2636571,84.9099879,-12.412,-9.713,0.17,-0.329,-0.558,-149.5,27,0.0000,0.00
15:48:55,22.2636571,84.9099879,-12.428,-9.741,0.17,-0.329,-0.558,-149.5,27,0.0000,0.00
15:48:55,22.2636571,84.9099879,-12.445,-9.769,0.17,-0.329,-0.558,-149.3,27,0.0000,0.00
15:48:55,22.2636571,84.9099879,-12.461,-9.797,0.17,-0.329,-0.558,-149.2,27,0.0000,0.00
15:48:55,22.2636571,84.9099879,-12.471,-9.811,0.17,-0.312,-0.523,-149.1,27,0.0061,0.00
15:48:55,22.2636571,84.9099879,-12.487,-9.838,0.17,-0.312,-0.523,-149.1,27,0.0000,0.00
15:48:55,22.2636571,84.9099879,-12.503,-9.864,0.14,-0.312,-0.523,-148.9,27,0.0000,0.00
15:48:55,22.2636571,84.9099879,-12.518,-9.891,0.14,-0.312,-0.523,-148.7,27,0.0000,0.00
15:48:55,22.2636571,84.9099879,-12.534,-9.917,0.14,-0.312,-0.523,-148.7,27,0.0000,0.00
15:48:55,22.2636571,84.9099879,-12.550,-9.943,0.14,-0.312,-0.523,-148.6,27,0.0000,0.00
15:48:55,22.2636571,84.9099879,-12.565,-9.970,0.14,-0.312,-0.523,-148.5,27,0.0000,0.00
15:48:55,22.2636571,84.9099879,-12.581,-9.996,0.14,-0.312,-0.523,-148.5,27,0.0000,0.00
15:48:55,22.2636571,84.9099879,-12.597,-10.022,0.14,-0.312,-0.523,-148.5,27,0.0000,0.00
15:48:56,22.2636571,84.9099879,-12.662,-10.052,0.14,-0.394,-0.466,-148.4,27,0.0062,0.00
15:48:56,22.2636571,84.9099879,-12.682,-10.075,0.14,-0.394,-0.466,-148.3,27,0.0000,0.00
15:48:56,22.2636571,84.9099879,-12.702,-10.099,0.14,-0.394,-0.466,-148.3,27,0.0000,0.00
15:48:56,22.2636571,84.9099879,-12.722,-10.122,0.14,-0.394,-0.466,-148.2,27,0.0000,0.00
15:48:56,22.2636571,84.9099879,-12.742,-10.146,0.14,-0.394,-0.466,-148.2,27,0.0000,0.00
15:48:56,22.2636571,84.9099879,-12.762,-10.169,0.12,-0.394,-0.466,-148.1,28,0.0000,0.00
15:48:56,22.2636571,84.9099879,-12.792,-10.184,0.12,-0.422,-0.440,-148.1,28,0.0065,0.00
15:48:56,22.2636571,84.9099879,-12.813,-10.206,0.12,-0.422,-0.440,-147.9,28,0.0000,0.00
15:48:56,22.2636571,84.9099879,-12.834,-10.229,0.12,-0.422,-0.440,-147.8,28,0.0000,0.00
15:48:56,22.2636571,84.9099879,-12.856,-10.251,0.12,-0.422,-0.440,-147.8,28,0.0000,0.00
15:48:56,22.2636571,84.9099879,-12.877,-10.273,0.11,-0.422,-0.440,-147.8,28,0.0000,0.00
15:48:56,22.2636571,84.9099879,-12.898,-10.295,0.11,-0.422,-0.440,-147.9,28,0.0000,0.00
15:48:56,22.2636571,84.9099879,-12.920,-10.318,0.11,-0.422,-0.440,-148.0,28,0.0000,0.00
15:48:56,22.2636571,84.9099879,-12.941,-10.340,0.11,-0.422,-0.440,-148.1,28,0.0000,0.00
15:48:56,22.2636571,84.9099879,-12.962,-10.362,0.11,-0.422,-0.440,-148.1,28,0.0000,0.00
15:48:56,22.2636571,84.9099879,-12.984,-10.384,0.11,-0.422,-0.440,-148.4,28,0.0000,0.00
15:48:56,22.2636571,84.9099879,-13.005,-10.405,0.11,-0.421,-0.435,-148.6,28,0.0061,0.00
15:48:56,22.2636571,84.9099879,-13.026,-10.427,0.11,-0.421,-0.435,-148.8,28,0.0000,0.00
15:48:56,22.2636571,84.9099879,-13.047,-10.449,0.10,-0.421,-0.435,-148.8,29,0.0000,0.00
15:48:57,22.2636571,84.9099879,-13.068,-10.471,0.10,-0.421,-0.435,-149.2,29,0.0000,0.00
15:48:57,22.2636571,84.9099879,-13.090,-10.492,0.10,-0.421,-0.435,-149.3,29,0.0000,0.00
15:48:57,22.2636571,84.9099879,-13.112,-10.515,0.10,-0.426,-0.436,-149.4,29,0.0061,0.00
15:48:57,22.2636571,84.9099879,-13.134,-10.537,0.10,-0.426,-0.436,-149.4,29,0.0000,0.00
15:48:57,22.2636571,84.9099879,-13.155,-10.559,0.10,-0.426,-0.436,-149.5,29,0.0000,0.00
15:48:57,22.2636571,84.9099879,-13.177,-10.580,0.10,-0.426,-0.436,-149.6,29,0.0000,0.00
15:48:57,22.2636571,84.9099879,-13.198,-10.602,0.10,-0.426,-0.436,-149.6,29,0.0000,0.00
15:48:57,22.2636571,84.9099879,-13.220,-10.624,0.10,-0.426,-0.436,-149.6,29,0.0000,0.00
15:48:57,22.2636571,84.9099879,-13.241,-10.646,0.11,-0.426,-0.436,-149.6,29,0.0000,0.00
15:48:57,22.2636571,84.9099879,-13.262,-10.668,0.11,-0.426,-0.436,-149.6,29,0.0000,0.00
15:48:57,22.2636571,84.9099879,-13.284,-10.690,0.11,-0.426,-0.436,-149.6,29,0.0000,0.00
15:48:57,22.2636571,84.9099879,-13.305,-10.712,0.11,-0.426,-0.436,-149.5,29,0.0000,0.00
15:48:57,22.2636571,84.9099879,-13.327,-10.734,0.13,-0.426,-0.436,-149.6,29,0.0000,0.00
15:48:57,22.2636571,84.9099879,-13.348,-10.756,0.13,-0.426,-0.436,-149.9,29,0.0000,0.00
15:48:57,22.2636571,84.9099879,-13.370,-10.778,0.13,-0.426,-0.436,-149.9,29,0.0000,0.00
15:48:57,22.2636571,84.9099879,-13.391,-10.800,0.13,-0.426,-0.436,-150.0,29,0.0000,0.00
15:48:57,22.2636571,84.9099879,-13.413,-10.822,0.13,-0.426,-0.436,-150.1,29,0.0000,0.00
15:48:57,22.2636571,84.9099879,-13.434,-10.844,0.13,-0.426,-0.436,-150.1,29,0.0000,0.00
15:48:57,22.2636571,84.9099879,-13.441,-10.889,0.13,-0.397,-0.482,-150.1,29,0.0062,0.00
15:48:57,22.2636571,84.9099879,-13.461,-10.913,0.13,-0.397,-0.482,-150.1,29,0.0000,0.00
15:48:58,22.2636571,84.9099879,-13.481,-10.938,0.14,-0.397,-0.482,-150.1,29,0.0000,0.00
15:48:58,22.2636571,84.9099879,-13.501,-10.962,0.14,-0.397,-0.482,-150.0,29,0.0000,0.00
15:48:58,22.2636571,84.9099879,-13.521,-10.986,0.14,-0.397,-0.482,-150.0,29,0.0000,0.00
15:48:58,22.2636571,84.9099879,-13.537,-11.015,0.14,-0.386,-0.492,-150.1,29,0.0063,0.00
15:48:58,22.2636571,84.9099879,-13.557,-11.040,0.14,-0.386,-0.492,-150.1,29,0.0000,0.00
15:48:58,22.2636571,84.9099879,-13.576,-11.064,0.14,-0.386,-0.492,-150.1,29,0.0000,0.00
15:48:58,22.2636571,84.9099879,-13.595,-11.089,0.14,-0.386,-0.492,-150.1,29,0.0000,0.00
15:48:58,22.2636571,84.9099879,-13.615,-11.114,0.14,-0.386,-0.492,-150.1,29,0.0000,0.00
15:48:58,22.2636571,84.9099879,-13.634,-11.139,0.14,-0.386,-0.492,-150.0,29,0.0000,0.00
15:48:58,22.2636571,84.9099879,-13.654,-11.164,0.14,-0.386,-0.492,-150.0,29,0.0000,0.00
15:48:58,22.2636571,84.9099879,-13.673,-11.188,0.14,-0.386,-0.492,-149.9,29,0.0000,0.00
15:48:58,22.2636571,84.9099879,-13.693,-11.213,0.14,-0.386,-0.492,-149.9,29,0.0000,0.00
15:48:58,22.2636571,84.9099879,-13.712,-11.238,0.14,-0.386,-0.492,-149.8,29,0.0000,0.00
15:48:58,22.2636571,84.9099879,-13.709,-11.272,0.15,-0.328,-0.515,-149.8,29,0.0064,0.00
15:48:58,22.2636571,84.9099879,-13.725,-11.298,0.15,-0.328,-0.515,-149.8,29,0.0000,0.00
15:48:58,22.2636571,84.9099879,-13.742,-11.324,0.15,-0.328,-0.515,-149.9,29,0.0000,0.00
15:48:58,22.2636571,84.9099879,-13.758,-11.350,0.15,-0.328,-0.515,-150.0,29,0.0000,0.00
15:48:58,22.2636571,84.9099879,-13.775,-11.376,0.17,-0.328,-0.515,-150.0,29,0.0000,0.00
15:48:58,22.2636571,84.9099879,-13.791,-11.402,0.17,-0.328,-0.515,-150.0,29,0.0000,0.00
15:48:58,22.2636571,84.9099879,-13.808,-11.428,0.17,-0.328,-0.515,-150.0,29,0.0000,0.00
15:48:59,22.2636571,84.9099879,-13.824,-11.454,0.17,-0.328,-0.515,-150.0,29,0.0000,0.00
15:48:59,22.2636571,84.9099879,-13.841,-11.480,0.17,-0.328,-0.515,-150.0,29,0.0000,0.00
15:48:59,22.2636571,84.9099879,-13.857,-11.505,0.17,-0.328,-0.515,-150.0,29,0.0000,0.00
15:48:59,22.2636571,84.9099879,-13.874,-11.531,0.17,-0.328,-0.515,-149.9,29,0.0000,0.00
15:48:59,22.2636571,84.9099879,-13.890,-11.557,0.17,-0.328,-0.515,-149.8,29,0.0000,0.00
15:48:59,22.2636571,84.9099879,-13.907,-11.583,0.17,-0.328,-0.515,-149.7,29,0.0000,0.00
15:48:59,22.2636571,84.9099879,-13.924,-11.609,0.14,-0.328,-0.515,-149.7,29,0.0000,0.00
15:48:59,22.2636571,84.9099879,-13.940,-11.635,0.14,-0.328,-0.515,-149.7,29,0.0000,0.00
15:48:59,22.2636571,84.9099879,-13.957,-11.661,0.14,-0.328,-0.515,-149.5,29,0.0000,0.00
15:48:59,22.2636571,84.9099879,-13.973,-11.687,0.14,-0.328,-0.515,-149.5,29,0.0000,0.00
15:48:59,22.2636571,84.9099879,-13.990,-11.713,0.14,-0.328,-0.515,-149.5,29,0.0000,0.00
15:48:59,22.2636571,84.9099879,-14.006,-11.739,0.14,-0.328,-0.515,-149.4,29,0.0000,0.00
15:48:59,22.2636571,84.9099879,-14.023,-11.765,0.14,-0.328,-0.515,-149.5,29,0.0000,0.00
15:48:59,22.2636571,84.9099879,-14.039,-11.791,0.14,-0.328,-0.515,-149.5,29,0.0000,0.00
15:48:59,22.2636571,84.9099879,-14.056,-11.817,0.14,-0.328,-0.515,-149.7,29,0.0000,0.00
15:48:59,22.2636571,84.9099879,-14.072,-11.843,0.14,-0.328,-0.515,-149.9,29,0.0000,0.00
15:48:59,22.2636571,84.9099879,-14.089,-11.869,0.14,-0.328,-0.515,-150.2,29,0.0000,0.00
15:48:59,22.2636571,84.9099879,-14.105,-11.895,0.14,-0.328,-0.515,-150.2,29,0.0000,0.00
15:48:59,22.2636571,84.9099879,-14.122,-11.921,0.14,-0.328,-0.515,-150.4,29,0.0000,0.00
15:48:59,22.2636571,84.9099879,-14.138,-11.947,0.15,-0.328,-0.515,-150.7,29,0.0000,0.00
15:49:00,22.2636571,84.9099879,-14.155,-11.973,0.15,-0.328,-0.515,-150.7,29,0.0000,0.00
15:49:00,22.2636571,84.9099879,-14.171,-11.998,0.15,-0.328,-0.515,-150.7,29,0.0000,0.00
15:49:00,22.2636571,84.9099879,-14.188,-12.024,0.15,-0.328,-0.515,-150.8,29,0.0000,0.00
15:49:00,22.2636571,84.9099879,-14.204,-12.050,0.15,-0.328,-0.515,-150.8,29,0.0000,0.00
15:49:00,22.2636571,84.9099879,-14.221,-12.076,0.15,-0.328,-0.515,-150.8,29,0.0000,0.00
15:49:00,22.2636571,84.9099879,-14.237,-12.102,0.15,-0.328,-0.515,-150.8,29,0.0000,0.00
15:49:00,22.2636571,84.9099879,-14.254,-12.128,0.15,-0.328,-0.515,-150.7,29,0.0000,0.00
15:49:00,22.2636571,84.9099879,-14.270,-12.154,0.17,-0.328,-0.515,-150.7,29,0.0000,0.00
15:49:00,22.2636571,84.9099879,-14.287,-12.180,0.17,-0.328,-0.515,-150.7,29,0.0000,0.00
15:49:00,22.2636571,84.9099879,-14.279,-12.223,0.17,-0.304,-0.532,-150.7,29,0.0063,0.00
15:49:00,22.2636571,84.9099879,-14.294,-12.250,0.17,-0.304,-0.532,-150.8,29,0.0000,0.00
15:49:00,22.2636571,84.9099879,-14.310,-12.276,0.23,-0.304,-0.532,-150.9,29,0.0000,0.00
15:49:00,22.2636571,84.9099879,-14.325,-12.303,0.23,-0.304,-0.532,-151.0,29,0.0000,0.00
15:49:00,22.2636571,84.9099879,-14.340,-12.330,0.23,-0.304,-0.532,-151.0,29,0.0000,0.00
15:49:00,22.2636571,84.9099879,-14.347,-12.353,0.23,-0.291,-0.526,-151.2,29,0.0062,0.00
15:49:00,22.2636571,84.9099879,-14.362,-12.380,0.23,-0.291,-0.526,-151.2,28,0.0000,0.00
15:49:00,22.2636571,84.9099879,-14.377,-12.406,0.23,-0.291,-0.526,-151.2,28,0.0000,0.00
15:49:00,22.2636571,84.9099879,-14.391,-12.433,0.23,-0.291,-0.526,-151.3,28,0.0000,0.00
15:49:00,22.2636571,84.9099879,-14.406,-12.459,0.23,-0.291,-0.526,-151.2,28,0.0000,0.00
15:49:01,22.2636571,84.9099879,-14.421,-12.486,0.23,-0.291,-0.526,-151.2,28,0.0000,0.00
15:49:01,22.26354470214531,84.90984778071417,-14.435,-12.512,0.30,-0.291,-0.526,-151.2,28,0.0000,0.00
15:49:01,22.263544463757114,84.90984763825942,-14.450,-12.539,0.30,-0.291,-0.526,-151.2,28,0.0000,0.00
15:49:01,22.26354422617936,84.90984749628896,-14.465,-12.565,0.30,-0.291,-0.526,-151.1,28,0.0000,0.00
15:49:01,22.26354398809776,84.90984735401742,-14.479,-12.592,0.30,-0.291,-0.526,-151.1,28,0.0000,0.00
15:49:01,22.263543749737742,84.9098472115795,-14.494,-12.618,0.35,-0.291,-0.526,-151.1,28,0.0000,0.00
15:49:01,22.26354351328159,84.90984709145833,-14.506,-12.644,0.35,-0.286,-0.526,-151.1,28,0.0065,0.00
15:49:01,22.263543274314806,84.909846950914,-14.521,-12.671,0.35,-0.286,-0.526,-151.1,28,0.0000,0.00
15:49:01,22.263543035950697,84.90984681072413,-14.535,-12.698,0.35,-0.286,-0.526,-151.1,28,0.0000,0.00
15:49:01,22.26354279772064,84.90984667061309,-14.550,-12.724,0.35,-0.286,-0.526,-151.1,27,0.0000,0.00
15:49:01,22.26354256014395,84.90984653088633,-14.564,-12.751,0.35,-0.286,-0.526,-151.1,27,0.0000,0.00
15:49:01,22.263542322482774,84.90984639110987,-14.578,-12.777,0.35,-0.286,-0.526,-151.1,27,0.0000,0.00
15:49:01,22.26354208429665,84.90984625102467,-14.593,-12.804,0.35,-0.286,-0.526,-151.1,27,0.0000,0.00
15:49:01,22.263541846779663,84.90984611133302,-14.607,-12.830,0.43,-0.286,-0.526,-151.1,27,0.0000,0.00
15:49:01,22.2635416088853,84.90984597141943,-14.622,-12.856,0.43,-0.286,-0.526,-151.1,27,0.0000,0.00
15:49:01,22.263541371324383,84.90984583170193,-14.636,-12.883,0.43,-0.286,-0.526,-151.1,27,0.0000,0.00
15:49:01,22.263541182694812,84.90984572058497,-14.647,-12.904,0.43,-0.279,-0.513,-151.1,27,0.0062,0.00
15:49:01,22.263540950123414,84.90984558378132,-14.662,-12.930,0.43,-0.279,-0.513,-151.1,27,0.0000,0.00
15:49:01,22.263540717535523,84.90984544696796,-14.676,-12.956,0.48,-0.279,-0.513,-151.0,26,0.0000,0.00
15:49:01,22.263540485142254,84.90984531026909,-14.690,-12.982,0.48,-0.279,-0.513,-150.9,26,0.0000,0.00
15:49:02,22.263540253045857,84.90984517374484,-14.704,-13.007,0.48,-0.279,-0.513,-150.8,26,0.0000,0.00
15:49:02,22.263540020461264,84.90984503693343,-14.718,-13.033,0.48,-0.279,-0.513,-150.8,26,0.0000,0.00
15:49:02,22.26353978882777,84.90984490068148,-14.732,-13.059,0.48,-0.279,-0.513,-150.7,26,0.0000,0.00
15:49:02,22.263539555830853,84.90984476362752,-14.746,-13.085,0.48,-0.279,-0.513,-150.6,26,0.0000,0.00
15:49:02,22.26353932379273,84.90984462713755,-14.760,-13.111,0.48,-0.279,-0.513,-150.6,26,0.0000,0.00
15:49:02,22.263539091295005,84.90984449037724,-14.774,-13.137,0.48,-0.279,-0.513,-150.6,26,0.0000,0.00
15:49:02,22.26353885918871,84.90984435384716,-14.788,-13.163,0.54,-0.279,-0.513,-150.6,22,0.0000,0.00
15:49:02,22.263538626650302,84.90984421706291,-14.802,-13.188,0.54,-0.279,-0.513,-150.6,22,0.0000,0.00
15:49:02,22.26353839397335,84.90984408019717,-14.816,-13.214,0.54,-0.279,-0.513,-150.6,22,0.0000,0.00
15:49:02,22.263538161698825,84.90984394356815,-14.831,-13.240,0.54,-0.279,-0.513,-150.6,22,0.0000,0.00
15:49:02,22.263537929606827,84.90984380704649,-14.845,-13.266,0.54,-0.279,-0.513,-150.6,22,0.0000,0.00
15:49:02,22.263537696901288,84.90984367016394,-14.859,-13.292,0.54,-0.279,-0.513,-150.6,22,0.0000,0.00
15:49:02,22.263537464840077,84.90984353366038,-14.873,-13.318,0.54,-0.279,-0.513,-150.6,22,0.0000,0.00
15:49:02,22.263537231802477,84.9098433965825,-14.887,-13.344,0.54,-0.279,-0.513,-150.6,22,0.0000,0.00
15:49:02,22.263536999946876,84.90984326019989,-14.901,-13.370,0.54,-0.279,-0.513,-150.5,22,0.0000,0.00
15:49:02,22.263536766936767,84.90984312313817,-14.915,-13.395,0.61,-0.279,-0.513,-150.4,22,0.0000,0.00
15:49:02,22.26353653462376,84.90984298648652,-14.929,-13.421,0.61,-0.279,-0.513,-150.4,22,0.0000,0.00
15:49:02,22.26353630192372,84.90984284960719,-14.943,-13.447,0.61,-0.279,-0.513,-150.4,22,0.0000,0.00
15:49:02,22.26353606956673,84.90984271292966,-14.957,-13.473,0.61,-0.279,-0.513,-150.3,22,0.0000,0.00
15:49:02,22.26353583679742,84.9098425760096,-14.971,-13.499,0.66,-0.279,-0.513,-150.2,20,0.0000,0.00
15:49:03,22.263535604522897,84.90984243938057,-14.986,-13.525,0.66,-0.279,-0.513,-150.2,20,0.0000,0.00
15:49:03,22.263535372068052,84.90984230264547,-15.000,-13.551,0.66,-0.279,-0.513,-150.2,20,0.0000,0.00
15:49:03,22.263535140435657,84.90984216639416,-15.014,-13.577,0.66,-0.279,-0.513,-150.3,20,0.0000,0.00
15:49:03,22.263534907480523,84.90984202936478,-15.028,-13.602,0.66,-0.279,-0.513,-150.4,20,0.0000,0.00
15:49:03,22.26353467532365,84.90984189280496,-15.042,-13.628,0.66,-0.279,-0.513,-150.4,20,0.0000,0.00
15:49:03,22.26353444281163,84.90984175603624,-15.056,-13.654,0.66,-0.279,-0.513,-150.4,20,0.0000,0.00
15:49:03,22.263534210990116,84.90984161967368,-15.070,-13.680,0.66,-0.279,-0.513,-150.6,20,0.0000,0.00
15:49:03,22.263533978238396,84.90984148276397,-15.084,-13.706,0.70,-0.279,-0.513,-150.6,18,0.0000,0.00
15:49:03,22.263533745516362,84.9098413458717,-15.098,-13.732,0.70,-0.279,-0.513,-150.7,18,0.0000,0.00
15:49:03,22.26353351302303,84.90984120911398,-15.112,-13.758,0.70,-0.279,-0.513,-150.7,18,0.0000,0.00
15:49:03,22.263533281257594,84.9098410727844,-15.126,-13.784,0.70,-0.279,-0.513,-150.6,18,0.0000,0.00
15:49:03,22.263533048414615,84.909840935821,-15.140,-13.809,0.77,-0.279,-0.513,-150.5,18,0.0000,0.00
15:49:03,22.263532792754923,84.90984072173373,-15.162,-13.838,0.77,-0.287,-0.516,-150.4,18,0.0062,0.00
15:49:03,22.263532557591297,84.90984058020797,-15.177,-13.864,0.77,-0.287,-0.516,-150.4,18,0.0000,0.00
15:49:03,22.263532324285244,84.90984043980012,-15.192,-13.890,0.77,-0.287,-0.516,-150.3,18,0.0000,0.00
15:49:03,22.26353209029738,84.90984029898196,-15.206,-13.916,0.77,-0.287,-0.516,-150.2,18,0.0000,0.00
15:49:03,22.26353185697917,84.9098401585668,-15.220,-13.942,0.77,-0.287,-0.516,-150.2,17,0.0000,0.00
15:49:03,22.263531628094473,84.90984000901624,-15.236,-13.968,0.77,-0.289,-0.515,-150.2,17,0.0059,0.00
15:49:03,22.263531393966183,84.90983986720263,-15.251,-13.994,0.77,-0.289,-0.515,-150.3,17,0.0000,0.00
15:49:03,22.263531160485403,84.90983972578123,-15.265,-14.020,0.77,-0.289,-0.515,-150.4,17,0.0000,0.00
15:49:04,22.263530927630065,84.90983958473866,-15.280,-14.046,0.81,-0.289,-0.515,-150.5,17,0.0000,0.00
15:49:04,22.263530694142666,84.90983944331325,-15.294,-14.072,0.81,-0.289,-0.515,-150.5,17,0.0000,0.00
15:49:04,22.263530469928142,84.9098393154742,-15.307,-14.096,0.81,-0.285,-0.513,-150.5,17,0.0061,0.00
15:49:04,22.263530236545773,84.90983917506364,-15.322,-14.122,0.81,-0.285,-0.513,-150.5,17,0.0000,0.00
15:49:04,22.26353000452297,84.90983903547105,-15.336,-14.148,0.87,-0.285,-0.513,-150.4,17,0.0000,0.00
15:49:04,22.26352977216302,84.9098388956756,-15.351,-14.174,0.87,-0.285,-0.513,-150.4,17,0.0000,0.00
15:49:04,22.263529540223683,84.90983875613323,-15.365,-14.200,0.87,-0.285,-0.513,-150.3,17,0.0000,0.00
15:49:04,22.263529307761605,84.90983861627635,-15.379,-14.226,0.87,-0.285,-0.513,-150.3,17,0.0000,0.00
15:49:04,22.263529075632277,84.90983847661965,-15.394,-14.252,0.87,-0.285,-0.513,-150.2,16,0.0000,0.00
15:49:04,22.263528842068705,84.90983833610008,-15.408,-14.278,0.87,-0.285,-0.513,-150.2,16,0.0000,0.00
15:49:04,22.26352861033583,84.90983819668192,-15.423,-14.303,0.87,-0.285,-0.513,-150.1,16,0.0000,0.00
15:49:04,22.2635283780242,84.90983805691555,-15.437,-14.329,0.87,-0.285,-0.513,-150.2,16,0.0000,0.00
15:49:04,22.26352814613428,84.9098379174029,-15.451,-14.355,0.94,-0.285,-0.513,-150.3,16,0.0000,0.00
15:49:04,22.26352791360741,84.90983777750704,-15.466,-14.381,0.94,-0.285,-0.513,-150.3,16,0.0000,0.00
15:49:04,22.26352768177679,84.90983763803007,-15.480,-14.407,0.94,-0.285,-0.513,-150.3,16,0.0000,0.00
15:49:04,22.263527450154832,84.90983749867863,-15.495,-14.433,0.94,-0.285,-0.513,-150.3,16,0.0000,0.00
15:49:04,22.26352721800025,84.90983735900674,-15.509,-14.458,0.94,-0.285,-0.513,-150.3,16,0.0000,0.00
15:49:04,22.26352698613998,84.90983721951194,-15.523,-14.484,0.98,-0.285,-0.513,-150.3,15,0.0000,0.00
15:49:04,22.263526753937075,84.90983707981098,-15.538,-14.510,0.98,-0.285,-0.513,-150.4,15,0.0000,0.00
15:49:05,22.263526521737464,84.90983694011202,-15.552,-14.536,0.98,-0.285,-0.513,-150.4,15,0.0000,0.00
15:49:05,22.263526289475255,84.90983680037539,-15.566,-14.562,0.98,-0.285,-0.513,-150.3,15,0.0000,0.00
15:49:05,22.263526057250385,84.90983666066121,-15.581,-14.588,0.98,-0.285,-0.513,-150.3,15,0.0000,0.00
15:49:05,22.263525825289083,84.90983652110562,-15.595,-14.614,0.98,-0.285,-0.513,-150.3,15,0.0000,0.00
15:49:05,22.263525592893995,84.90983638128904,-15.610,-14.639,0.98,-0.285,-0.513,-150.3,15,0.0000,0.00
15:49:05,22.26352535975762,84.90983624102648,-15.624,-14.665,0.98,-0.285,-0.513,-150.3,15,0.0000,0.00
15:49:05,22.263525127525064,84.90983610130769,-15.638,-14.691,1.02,-0.285,-0.513,-150.3,0,0.0000,0.00
15:49:05,22.263524895615376,84.90983596178314,-15.653,-14.717,1.02,-0.285,-0.513,-150.3,0,0.0000,0.00
15:49:05,22.263524663452007,84.90983582210598,-15.667,-14.743,1.02,-0.285,-0.513,-150.3,0,0.0000,0.00
15:49:05,22.2635244317367,84.90983568269839,-15.682,-14.769,1.02,-0.285,-0.513,-150.1,0,0.0000,0.00
15:49:05,22.26352419990718,84.90983554322207,-15.696,-14.794,1.02,-0.285,-0.513,-150.1,0,0.0000,0.00
15:49:05,22.26352396801946,84.90983540371074,-15.710,-14.820,1.02,-0.285,-0.513,-150.1,0,0.0000,0.00
15:49:05,22.263523735749562,84.90983526396948,-15.725,-14.846,1.02,-0.285,-0.513,-150.1,0,0.0000,0.00
15:49:05,22.263523503603764,84.90983512430289,-15.739,-14.872,1.02,-0.285,-0.513,-150.0,0,0.0000,0.00
15:49:05,22.263523187362292,84.90983491609268,-15.761,-14.907,1.02,-0.294,-0.524,-150.0,0,0.0062,0.00
15:49:05,22.263522949484486,84.90983477193485,-15.775,-14.934,1.12,-0.294,-0.524,-150.0,0,0.0000,0.00
15:49:05,22.26352271239725,84.90983462825614,-15.790,-14.960,1.12,-0.294,-0.524,-149.9,0,0.0000,0.00
15:49:05,22.263522475344782,84.90983448459849,-15.805,-14.986,1.12,-0.294,-0.524,-150.0,0,0.0000,0.00
15:49:05,22.263522238702738,84.90983434118957,-15.820,-15.013,1.12,-0.294,-0.524,-150.0,0,0.0000,0.00
15:49:05,22.263522014129062,84.90983420707559,-15.834,-15.038,1.16,-0.292,-0.521,-150.0,8,0.0062,0.00
15:49:06,22.26352177754594,84.90983406387384,-15.848,-15.064,1.16,-0.292,-0.521,-150.1,8,0.0000,0.00
15:49:06,22.263521541307735,84.90983392088089,-15.863,-15.090,1.16,-0.292,-0.521,-150.1,8,0.0000,0.00
15:49:06,22.26352130587323,84.90983377837439,-15.878,-15.117,1.16,-0.292,-0.521,-150.1,8,0.0000,0.00
15:49:06,22.263521069992226,84.90983363559764,-15.892,-15.143,1.16,-0.292,-0.521,-150.1,8,0.0000,0.00
15:49:06,22.263520824503214,84.90983348719769,-15.908,-15.170,1.16,-0.293,-0.524,-150.1,8,0.0062,0.00
15:49:06,22.26352058614686,84.90983334294728,-15.923,-15.197,1.16,-0.293,-0.524,-150.1,8,0.0000,0.00
15:49:06,22.26352034887227,84.90983319935155,-15.937,-15.223,1.16,-0.293,-0.524,-150.1,8,0.0000,0.00
15:49:06,22.26352011180415,84.90983305588078,-15.952,-15.250,1.20,-0.293,-0.524,-150.1,9,0.0000,0.00
15:49:06,22.26351987451497,84.90983291227622,-15.967,-15.276,1.20,-0.293,-0.524,-150.2,9,0.0000,0.00
15:49:06,22.263519637464807,84.90983276881632,-15.982,-15.302,1.20,-0.293,-0.524,-150.2,9,0.0000,0.00
15:49:06,22.263519400530228,84.90983262542635,-15.997,-15.329,1.20,-0.293,-0.524,-150.3,9,0.0000,0.00
15:49:06,22.263519162918985,84.90983248162688,-16.011,-15.355,1.20,-0.293,-0.524,-150.3,9,0.0000,0.00
15:49:06,22.26351892607418,84.90983233829125,-16.026,-15.382,1.26,-0.293,-0.524,-150.3,9,0.0000,0.00
15:49:06,22.263518688680637,84.90983219462353,-16.041,-15.408,1.26,-0.293,-0.524,-150.3,9,0.0000,0.00
15:49:06,22.26351845139707,84.90983205102238,-16.056,-15.434,1.26,-0.293,-0.524,-150.3,9,0.0000,0.00
15:49:06,22.2635182337748,84.90983192774532,-16.068,-15.459,1.26,-0.288,-0.519,-150.3,9,0.0061,0.00
15:49:06,22.263517998410475,84.90983178634696,-16.083,-15.485,1.26,-0.288,-0.519,-150.3,10,0.0000,0.00
15:49:06,22.263517763068368,84.90983164496195,-16.098,-15.511,1.26,-0.288,-0.519,-150.3,10,0.0000,0.00
15:49:06,22.263517528499495,84.90983150404148,-16.112,-15.537,1.26,-0.288,-0.519,-150.3,10,0.0000,0.00
15:49:06,22.263517293852853,84.90983136307428,-16.127,-15.563,1.26,-0.288,-0.519,-150.3,10,0.0000,0.00
15:49:07,22.26351705960727,84.90983122234802,-16.141,-15.589,1.31,-0.288,-0.519,-150.3,10,0.0000,0.00
15:49:07,22.263516824170733,84.90983108090629,-16.156,-15.616,1.31,-0.288,-0.519,-150.3,10,0.0000,0.00
15:49:07,22.263516589490763,84.90983093991906,-16.170,-15.642,1.31,-0.288,-0.519,-150.2,10,0.0000,0.00
15:49:07,22.263516118665454,84.90983065706429,-16.199,-15.694,1.36,-0.288,-0.519,-150.3,10,0.0000,0.00
15:49:07,22.26351588412769,84.9098305161625,-16.214,-15.720,1.36,-0.288,-0.519,-150.4,10,0.0000,0.00
15:49:07,22.263515648848905,84.90983037481554,-16.228,-15.746,1.36,-0.288,-0.519,-150.4,10,0.0000,0.00
15:49:07,22.263515414032288,84.90983023374622,-16.243,-15.772,1.36,-0.288,-0.519,-150.5,10,0.0000,0.00
15:49:07,22.26351517888238,84.90983009247668,-16.258,-15.799,1.36,-0.288,-0.519,-150.5,10,0.0000,0.00
15:49:07,22.26351494426462,84.90982995152685,-16.272,-15.825,1.36,-0.288,-0.519,-150.5,10,0.0000,0.00
15:49:07,22.26351476999165,84.90982985688457,-16.282,-15.844,1.36,-0.279,-0.506,-150.5,10,0.0060,0.00
15:49:07,22.26351453964539,84.90982971948816,-16.296,-15.870,1.36,-0.279,-0.506,-150.4,10,0.0000,0.00
15:49:07,22.263514310389834,84.90982958274233,-16.310,-15.895,1.36,-0.279,-0.506,-150.3,10,0.0000,0.00
15:49:07,22.26351408091332,84.9098294458647,-16.324,-15.921,1.42,-0.279,-0.506,-150.2,10,0.0000,0.00
15:49:07,22.263513851727083,84.90982930916022,-16.338,-15.946,1.42,-0.279,-0.506,-150.2,10,0.0000,0.00
15:49:07,22.263513622700067,84.90982917255072,-16.352,-15.972,1.42,-0.279,-0.506,-150.0,10,0.0000,0.00
15:49:07,22.263513393780283,84.90982903600516,-16.366,-15.997,1.42,-0.279,-0.506,-150.0,10,0.0000,0.00
15:49:07,22.263513164637374,84.90982889932651,-16.380,-16.023,1.42,-0.279,-0.506,-150.1,10,0.0000,0.00
15:49:07,22.263512935675344,84.90982876275577,-16.394,-16.048,1.42,-0.279,-0.506,-150.1,10,0.0000,0.00
15:49:07,22.2635127067209,84.90982862618955,-16.409,-16.074,1.42,-0.279,-0.506,-150.2,10,0.0000,0.00
15:49:07,22.263512521288725,84.90982851359435,-16.420,-16.095,1.42,-0.274,-0.495,-150.2,10,0.0060,0.00
15:49:08,22.263512295864192,84.90982837891232,-16.434,-16.120,1.46,-0.274,-0.495,-150.2,10,0.0000,0.00
15:49:08,22.263512071282484,84.90982824473384,-16.448,-16.145,1.46,-0.274,-0.495,-150.2,10,0.0000,0.00
15:49:08,22.263511846703953,84.90982811055727,-16.462,-16.170,1.46,-0.274,-0.495,-150.2,10,0.0000,0.00
15:49:08,22.26351162215405,84.90982797639779,-16.476,-16.195,1.46,-0.274,-0.495,-150.2,10,0.0000,0.00
15:49:08,22.263511397722883,84.90982784230927,-16.489,-16.220,1.46,-0.274,-0.495,-150.2,10,0.0000,0.00
15:49:08,22.2635111735875,84.90982770839744,-16.503,-16.245,1.50,-0.274,-0.495,-150.3,0,0.0000,0.00
15:49:08,22.263510948960207,84.90982757419174,-16.517,-16.270,1.50,-0.274,-0.495,-150.4,0,0.0000,0.00
15:49:08,22.263510724849205,84.90982744029449,-16.531,-16.294,1.50,-0.274,-0.495,-150.4,0,0.0000,0.00
15:49:08,22.26351050075729,84.90982730640864,-16.545,-16.319,1.50,-0.274,-0.495,-150.4,0,0.0000,0.00
15:49:08,22.26351027670248,84.90982717254496,-16.558,-16.344,1.50,-0.274,-0.495,-150.5,0,0.0000,0.00
15:49:08,22.26350997474428,84.90982699891757,-16.576,-16.378,1.50,-0.283,-0.514,-150.5,0,0.0061,0.00
15:49:08,22.263509740236994,84.90982685958083,-16.591,-16.404,1.50,-0.283,-0.514,-150.6,0,0.0000,0.00
15:49:08,22.263509506965637,84.90982672097846,-16.605,-16.430,1.50,-0.283,-0.514,-150.6,0,0.0000,0.00
15:49:08,22.263509274080917,84.9098265826058,-16.619,-16.456,1.56,-0.283,-0.514,-150.7,0,0.0000,0.00
15:49:08,22.263509041120187,84.90982644418798,-16.633,-16.482,1.56,-0.283,-0.514,-150.8,0,0.0000,0.00
15:49:08,22.263508808190306,84.9098263057885,-16.648,-16.508,1.56,-0.283,-0.514,-151.0,0,0.0000,0.00
15:49:08,22.263508575313296,84.90982616742043,-16.662,-16.534,1.56,-0.283,-0.514,-151.0,0,0.0000,0.00
15:49:08,22.26350834250348,84.90982602909227,-16.676,-16.560,1.61,-0.283,-0.514,-151.4,0,0.0000,0.00
15:49:08,22.263508109802718,84.90982589082893,-16.690,-16.586,1.61,-0.283,-0.514,-151.5,0,0.0000,0.00
15:49:09,22.263507876789117,84.9098257523797,-16.705,-16.612,1.61,-0.283,-0.514,-151.7,0,0.0000,0.00
15:49:09,22.263507703967214,84.9098257051504,-16.709,-16.631,1.61,-0.261,-0.499,-151.9,0,0.0058,0.00
15:49:09,22.2635074771711,84.90982557697278,-16.723,-16.656,1.61,-0.261,-0.499,-151.9,0,0.0000,0.00
15:49:09,22.263507251651266,84.90982544951646,-16.736,-16.681,1.61,-0.261,-0.499,-151.9,0,0.0000,0.00
15:49:09,22.263507025672187,84.9098253218006,-16.749,-16.706,1.61,-0.261,-0.499,-151.9,0,0.0000,0.00
15:49:09,22.26350680007866,84.90982519430264,-16.762,-16.731,1.61,-0.261,-0.499,-152.0,0,0.0000,0.00
15:49:09,22.26350657465388,84.90982506690004,-16.775,-16.756,1.61,-0.261,-0.499,-152.0,0,0.0000,0.00
15:49:09,22.263506349531347,84.90982493966827,-16.788,-16.782,1.64,-0.261,-0.499,-152.1,0,0.0000,0.00
15:49:09,22.26350612348178,84.90982481191257,-16.802,-16.807,1.64,-0.261,-0.499,-152.1,0,0.0000,0.00
15:49:09,22.263505898000393,84.90982468447798,-16.815,-16.832,1.64,-0.261,-0.499,-152.1,0,0.0000,0.00
15:49:09,22.26350567291738,84.90982455726855,-16.828,-16.857,1.64,-0.261,-0.499,-152.3,0,0.0000,0.00
15:49:09,22.263505447268315,84.90982442973919,-16.841,-16.882,1.68,-0.261,-0.499,-152.4,0,0.0000,0.00
15:49:09,22.263505221343703,84.90982430205412,-16.854,-16.907,1.68,-0.261,-0.499,-152.5,0,0.0000,0.00
15:49:09,22.26350499559745,84.90982417446983,-16.867,-16.932,1.68,-0.261,-0.499,-152.5,0,0.0000,0.00
15:49:09,22.26350477005519,84.90982404700084,-16.880,-16.957,1.68,-0.261,-0.499,-152.5,0,0.0000,0.00
15:49:09,22.26350454404834,84.90982391926929,-16.893,-16.983,1.68,-0.261,-0.499,-152.3,0,0.0000,0.00
15:49:09,22.263504317828957,84.90982379141761,-16.907,-17.008,1.68,-0.261,-0.499,-152.1,0,0.0000,0.00
15:49:09,22.263504092002602,84.90982366378806,-16.920,-17.033,1.68,-0.261,-0.499,-152.1,0,0.0000,0.00
15:49:09,22.263503866429367,84.90982353630157,-16.933,-17.058,1.68,-0.261,-0.499,-151.6,0,0.0000,0.00
15:49:09,22.26350364083691,84.90982340880421,-16.946,-17.083,1.68,-0.261,-0.499,-151.5,0,0.0000,0.00
15:49:10,22.26350341506823,84.90982328120725,-16.959,-17.108,1.72,-0.261,-0.499,-151.3,0,0.0000,0.00
15:49:10,22.263503189395667,84.90982315366462,-16.972,-17.133,1.72,-0.261,-0.499,-151.3,0,0.0000,0.00
15:49:10,22.26350296382884,84.90982302618175,-16.985,-17.158,1.72,-0.261,-0.499,-151.3,0,0.0000,0.00
15:49:10,22.26350273838911,84.90982289877071,-16.999,-17.184,1.72,-0.261,-0.499,-151.4,0,0.0000,0.00
15:49:10,22.263502512558485,84.90982277113875,-17.012,-17.209,1.76,-0.261,-0.499,-151.5,0,0.0000,0.00
15:49:10,22.26350228701729,84.90982264367037,-17.025,-17.234,1.76,-0.261,-0.499,-151.5,0,0.0000,0.00
15:49:10,22.26350206173242,84.90982251634684,-17.038,-17.259,1.76,-0.261,-0.499,-151.4,0,0.0000,0.00
15:49:10,22.263501835834507,84.90982238867684,-17.051,-17.284,1.76,-0.261,-0.499,-151.2,0,0.0000,0.00
15:49:10,22.26350160969736,84.90982226087165,-17.064,-17.309,1.76,-0.261,-0.499,-150.8,0,0.0000,0.00
15:49:10,22.26350138357944,84.90982213307731,-17.077,-17.334,1.76,-0.261,-0.499,-150.8,0,0.0000,0.00
15:49:10,22.26350115775629,84.90982200544958,-17.091,-17.359,1.76,-0.261,-0.499,-150.7,0,0.0000,0.00
15:49:10,22.26350093194275,84.90982187782727,-17.104,-17.385,1.76,-0.261,-0.499,-150.6,0,0.0000,0.00
15:49:10,22.263500580619247,84.90982158328922,-17.134,-17.424,1.79,-0.280,-0.514,-150.6,0,0.0061,0.00
15:49:10,22.26350034672806,84.90982144563696,-17.148,-17.450,1.79,-0.280,-0.514,-150.6,0,0.0000,0.00
15:49:10,22.263500114201964,84.90982130878811,-17.162,-17.476,1.79,-0.280,-0.514,-150.8,0,0.0000,0.00
15:49:10,22.263499881645018,84.9098211719211,-17.177,-17.502,1.79,-0.280,-0.514,-151.0,0,0.0000,0.00
15:49:10,22.26349964923571,84.90982103514098,-17.191,-17.527,1.79,-0.280,-0.514,-151.3,0,0.0000,0.00
15:49:10,22.26349946727106,84.90982094948579,-17.199,-17.548,1.83,-0.271,-0.505,-151.3,0,0.0058,0.00
15:49:10,22.26349923836598,84.90982081659288,-17.213,-17.573,1.83,-0.271,-0.505,-151.2,0,0.0000,0.00
15:49:10,22.26349900980592,84.90982068390028,-17.227,-17.599,1.83,-0.271,-0.505,-151.1,0,0.0000,0.00
15:49:11,22.263498781099845,84.90982055112289,-17.240,-17.624,1.83,-0.271,-0.505,-150.8,0,0.0000,0.00
15:49:11,22.263498552641448,84.9098204184893,-17.254,-17.649,1.83,-0.271,-0.505,-150.8,0,0.0000,0.00
15:49:11,22.263498324088957,84.90982028580109,-17.268,-17.675,1.83,-0.271,-0.505,-150.6,0,0.0000,0.00
15:49:11,22.263498095481303,84.90982015308086,-17.281,-17.700,1.83,-0.271,-0.505,-150.6,0,0.0000,0.00
15:49:11,22.26349786667681,84.90982002024634,-17.295,-17.726,1.83,-0.271,-0.505,-150.9,0,0.0000,0.00
15:49:11,22.263497638232472,84.90981988762091,-17.309,-17.751,1.86,-0.271,-0.505,-150.9,0,0.0000,0.00
15:49:11,22.26349741000769,84.90981975512295,-17.322,-17.777,1.86,-0.271,-0.505,-151.0,0,0.0000,0.00
15:49:11,22.263497228998244,84.90981964744499,-17.334,-17.797,1.86,-0.266,-0.493,-151.1,0,0.0058,0.00
15:49:11,22.263497005630608,84.90981951747283,-17.347,-17.822,1.86,-0.266,-0.493,-150.7,0,0.0000,0.00
15:49:11,22.263496782315773,84.90981938753139,-17.360,-17.847,1.86,-0.266,-0.493,-150.7,0,0.0000,0.00
15:49:11,22.26349655960713,84.90981925794267,-17.374,-17.871,1.86,-0.266,-0.493,-150.6,0,0.0000,0.00
15:49:11,22.263496336279623,84.90981912799387,-17.387,-17.896,1.86,-0.266,-0.493,-150.7,0,0.0000,0.00
15:49:11,22.263496113113696,84.90981899813907,-17.400,-17.921,1.86,-0.266,-0.493,-151.0,0,0.0000,0.00
15:49:11,22.26349589022869,84.90981886844774,-17.414,-17.946,1.86,-0.266,-0.493,-151.0,0,0.0000,0.00
15:49:11,22.263495666743825,84.90981873840737,-17.427,-17.971,1.90,-0.266,-0.493,-151.1,0,0.0000,0.00
15:49:11,22.263495443104773,84.90981860827728,-17.441,-17.996,1.90,-0.266,-0.493,-151.1,0,0.0000,0.00
15:49:11,22.26349522009726,84.90981847851467,-17.454,-18.020,1.90,-0.266,-0.493,-150.9,0,0.0000,0.00
15:49:11,22.263494996726454,84.90981834854065,-17.467,-18.045,1.90,-0.266,-0.493,-150.9,0,0.0000,0.00
15:49:11,22.263494773832996,84.9098182188444,-17.481,-18.070,1.93,-0.266,-0.493,-150.7,0,0.0000,0.00
15:49:11,22.263494549924644,84.90981808855761,-17.494,-18.095,1.93,-0.266,-0.493,-150.5,0,0.0000,0.00
15:49:12,22.263494326834756,84.90981795874707,-17.508,-18.120,1.93,-0.266,-0.493,-150.6,0,0.0000,0.00
15:49:12,22.263494103907504,84.90981782903116,-17.521,-18.145,1.93,-0.266,-0.493,-150.6,0,0.0000,0.00
15:49:12,22.26349388089154,84.90981769926363,-17.534,-18.170,1.93,-0.266,-0.493,-150.7,0,0.0000,0.00
15:49:12,22.2634936577235,84.90981756940761,-17.548,-18.194,1.93,-0.266,-0.493,-150.8,0,0.0000,0.00
15:49:12,22.263493434503715,84.90981743952148,-17.561,-18.219,1.93,-0.266,-0.493,-150.8,0,0.0000,0.00
15:49:12,22.26349321118994,84.90981730958065,-17.574,-18.244,1.93,-0.266,-0.493,-150.8,0,0.0000,0.00
15:49:12,22.26349298827536,84.9098171798721,-17.588,-18.269,1.96,-0.266,-0.493,-150.7,0,0.0000,0.00
15:49:12,22.263492764210707,84.90981704949438,-17.601,-18.294,1.96,-0.266,-0.493,-150.6,0,0.0000,0.00
15:49:12,22.263492540784984,84.9098169194884,-17.615,-18.319,1.96,-0.266,-0.493,-150.7,0,0.0000,0.00
15:49:12,22.26349231676997,84.90981678913955,-17.628,-18.344,1.96,-0.266,-0.493,-150.7,0,0.0000,0.00
15:49:12,22.263492093786745,84.90981665939107,-17.641,-18.368,2.00,-0.266,-0.493,-151.0,0,0.0000,0.00
15:49:12,22.263491870367357,84.9098165293888,-17.655,-18.393,2.00,-0.266,-0.493,-151.1,0,0.0000,0.00
15:49:12,22.263491647097936,84.90981639947378,-17.668,-18.418,2.00,-0.266,-0.493,-151.1,0,0.0000,0.00
15:49:12,22.263491316669928,84.90981620541078,-17.688,-18.455,2.00,-0.274,-0.509,-151.1,0,0.0061,0.00
15:49:12,22.26349108605687,84.90981607110513,-17.702,-18.481,2.00,-0.274,-0.509,-150.9,0,0.0000,0.00
15:49:12,22.26349085601673,84.90981593713313,-17.716,-18.506,2.00,-0.274,-0.509,-150.8,0,0.0000,0.00
15:49:12,22.263490625711913,84.909815803007,-17.730,-18.532,2.00,-0.274,-0.509,-150.8,0,0.0000,0.00
15:49:12,22.263490395396207,84.90981566887451,-17.743,-18.558,2.00,-0.274,-0.509,-150.8,0,0.0000,0.00
15:49:12,22.263490143328564,84.90981551737772,-17.759,-18.586,2.00,-0.278,-0.513,-150.9,0,0.0059,0.00
15:49:13,22.26348990980636,84.90981538093067,-17.773,-18.612,2.02,-0.278,-0.513,-150.9,0,0.0000,0.00
15:49:13,22.263489676929435,84.90981524486064,-17.787,-18.638,2.02,-0.278,-0.513,-150.8,0,0.0000,0.00
15:49:13,22.263489444636235,84.90981510913167,-17.801,-18.663,2.02,-0.278,-0.513,-150.8,0,0.0000,0.00
15:49:13,22.263489212260588,84.90981497335454,-17.815,-18.689,2.02,-0.278,-0.513,-150.6,0,0.0000,0.00
15:49:13,22.26348894478474,84.90981479821707,-17.833,-18.719,2.04,-0.288,-0.524,-150.2,0,0.0064,0.00
15:49:13,22.263488706212577,84.90981465626243,-17.848,-18.746,2.04,-0.288,-0.524,-150.2,0,0.0000,0.00
15:49:13,22.26348846928229,84.90981451528472,-17.862,-18.772,2.04,-0.288,-0.524,-150.0,0,0.0000,0.00
15:49:13,22.263488232509015,84.90981437440045,-17.877,-18.798,2.04,-0.288,-0.524,-149.8,0,0.0000,0.00
15:49:13,22.263487995509195,84.90981423338138,-17.891,-18.825,2.04,-0.288,-0.524,-149.9,0,0.0000,0.00
15:49:13,22.263487758539654,84.90981409238033,-17.906,-18.851,2.04,-0.288,-0.524,-149.9,0,0.0000,0.00
15:49:13,22.263487522255353,84.909813951787,-17.920,-18.877,2.04,-0.288,-0.524,-150.0,0,0.0000,0.00
15:49:13,22.263487285376655,84.90981381084,-17.935,-18.904,2.04,-0.288,-0.524,-150.0,0,0.0000,0.00
15:49:13,22.26348704841833,84.90981366984562,-17.949,-18.930,2.04,-0.288,-0.524,-150.0,0,0.0000,0.00
15:49:13,22.263486811839073,84.9098135290768,-17.964,-18.956,2.07,-0.288,-0.524,-150.0,0,0.0000,0.00
15:49:13,22.263486574840375,84.9098133880584,-17.978,-18.983,2.07,-0.288,-0.524,-150.0,0,0.0000,0.00
15:49:13,22.263486337847283,84.90981324704333,-17.993,-19.009,2.07,-0.288,-0.524,-149.9,0,0.0000,0.00
15:49:13,22.263486100662416,84.90981310591415,-18.007,-19.036,2.07,-0.288,-0.524,-150.0,0,0.0000,0.00
15:49:13,22.26348586362895,84.90981296487506,-18.022,-19.062,2.07,-0.288,-0.524,-150.0,0,0.0000,0.00
15:49:13,22.263485626918477,84.90981282402815,-18.037,-19.088,2.07,-0.288,-0.524,-150.0,0,0.0000,0.00
15:49:13,22.263485390295482,84.9098126832333,-18.051,-19.115,2.07,-0.288,-0.524,-150.0,0,0.0000,0.00
15:49:14,22.263485153098276,84.90981254209679,-18.066,-19.141,2.07,-0.288,-0.524,-149.9,0,0.0000,0.00
15:49:14,22.263484915836028,84.90981240092157,-18.080,-19.168,2.09,-0.288,-0.524,-149.8,0,0.0000,0.00
15:49:14,22.26348467896406,84.90981225997857,-18.095,-19.194,2.09,-0.288,-0.524,-149.8,0,0.0000,0.00
15:49:14,22.263484442187416,84.9098121190923,-18.109,-19.220,2.09,-0.288,-0.524,-149.6,0,0.0000,0.00
15:49:14,22.263484205179747,84.90981197806855,-18.124,-19.247,2.09,-0.288,-0.524,-149.6,0,0.0000,0.00
15:49:14,22.263483926549554,84.90981175916635,-18.146,-19.278,2.13,-0.301,-0.531,-149.6,0,0.0064,0.00
15:49:14,22.263483685929078,84.90981161171337,-18.161,-19.304,2.13,-0.301,-0.531,-149.6,0,0.0000,0.00
15:49:14,22.26348344576127,84.90981146453778,-18.177,-19.331,2.13,-0.301,-0.531,-149.8,0,0.0000,0.00
15:49:14,22.263483205584368,84.90981131735661,-18.192,-19.358,2.13,-0.301,-0.531,-149.8,0,0.0000,0.00
15:49:14,22.263482965385858,84.90981117016221,-18.207,-19.385,2.13,-0.301,-0.531,-149.8,0,0.0000,0.00
15:49:14,22.26348277196371,84.90981105314934,-18.219,-19.406,2.13,-0.294,-0.520,-149.7,0,0.0061,0.00
15:49:14,22.263482535883423,84.90981090864608,-18.234,-19.432,2.13,-0.294,-0.520,-149.7,0,0.0000,0.00
15:49:14,22.263482300545718,84.90981076459734,-18.249,-19.459,2.13,-0.294,-0.520,-149.7,0,0.0000,0.00
15:49:14,22.263482065617712,84.90981062079938,-18.264,-19.485,2.13,-0.294,-0.520,-149.7,0,0.0000,0.00
15:49:14,22.26348183059062,84.90981047694076,-18.278,-19.511,2.15,-0.294,-0.520,-149.8,0,0.0000,0.00
15:49:14,22.263481600106097,84.90981033646469,-18.293,-19.537,2.15,-0.293,-0.518,-149.9,0,0.0061,0.00
15:49:14,22.263481364848538,84.9098101925536,-18.308,-19.563,2.15,-0.293,-0.518,-150.0,0,0.0000,0.00
15:49:14,22.263481130213744,84.90981004902346,-18.322,-19.589,2.15,-0.293,-0.518,-150.0,0,0.0000,0.00
15:49:14,22.2634808963538,84.90980990596732,-18.337,-19.615,2.17,-0.293,-0.518,-150.0,0,0.0000,0.00
15:49:14,22.26348066129939,84.9098097621805,-18.352,-19.641,2.17,-0.293,-0.518,-150.0,0,0.0000,0.00
15:49:15,22.26348042705091,84.90980961888668,-18.367,-19.667,2.17,-0.293,-0.518,-150.0,0,0.0000,0.00
15:49:15,22.26348019243388,84.90980947536741,-18.382,-19.693,2.17,-0.293,-0.518,-150.0,0,0.0000,0.00
15:49:15,22.26347995781907,84.9098093318495,-18.396,-19.719,2.17,-0.293,-0.518,-150.1,0,0.0000,0.00
15:49:15,22.263479722911192,84.90980918815232,-18.411,-19.746,2.17,-0.293,-0.518,-150.2,0,0.0000,0.00
15:49:15,22.263479488229773,84.90980904459366,-18.426,-19.772,2.17,-0.293,-0.518,-150.2,0,0.0000,0.00
15:49:15,22.263479253319677,84.90980890089511,-18.441,-19.798,2.17,-0.293,-0.518,-150.2,0,0.0000,0.00
15:49:15,22.263479019213293,84.90980875768823,-18.455,-19.824,2.19,-0.293,-0.518,-150.3,0,0.0000,0.00
15:49:15,22.263478783206416,84.90980861331876,-18.470,-19.850,2.19,-0.293,-0.518,-150.2,0,0.0000,0.00
15:49:15,22.263478548289658,84.90980846961615,-18.485,-19.876,2.19,-0.293,-0.518,-150.1,0,0.0000,0.00
15:49:15,22.263478313166424,84.90980832578722,-18.500,-19.903,2.19,-0.293,-0.518,-150.1,0,0.0000,0.00
15:49:15,22.263478035695993,84.9098081611394,-18.517,-19.933,2.19,-0.298,-0.528,-150.0,0,0.0063,0.00
15:49:15,22.26347779531702,84.90980801462806,-18.532,-19.960,2.22,-0.298,-0.528,-150.0,0,0.0000,0.00
15:49:15,22.263477555961945,84.90980786874078,-18.547,-19.987,2.22,-0.298,-0.528,-150.0,0,0.0000,0.00
15:49:15,22.263477316388514,84.90980772272043,-18.562,-20.014,2.22,-0.298,-0.528,-150.0,0,0.0000,0.00
15:49:15,22.263477078064128,84.90980757746136,-18.577,-20.040,2.22,-0.298,-0.528,-150.1,0,0.0000,0.00
15:49:15,22.26347683896701,84.90980743173132,-18.592,-20.067,2.22,-0.298,-0.528,-150.2,0,0.0000,0.00
15:49:15,22.263476600183285,84.90980728619229,-18.607,-20.093,2.22,-0.298,-0.528,-150.3,0,0.0000,0.00
15:49:15,22.2634763606585,84.9098071402016,-18.622,-20.120,2.22,-0.298,-0.528,-150.3,0,0.0000,0.00
15:49:15,22.263476121604377,84.90980699449774,-18.637,-20.147,2.22,-0.298,-0.528,-150.5,0,0.0000,0.00
15:49:15,22.26347588245408,84.9098068487353,-18.652,-20.173,2.23,-0.298,-0.528,-150.6,0,0.0000,0.00
15:49:16,22.263475643203094,84.90980670291147,-18.667,-20.200,2.23,-0.298,-0.528,-150.6,0,0.0000,0.00
15:49:16,22.263475404768965,84.90980655758551,-18.682,-20.226,2.23,-0.298,-0.528,-150.7,0,0.0000,0.00
15:49:16,22.2634751656232,84.90980641182583,-18.697,-20.253,2.23,-0.298,-0.528,-150.7,0,0.0000,0.00
15:49:16,22.263474925998853,84.90980626577444,-18.712,-20.280,2.23,-0.298,-0.528,-150.8,0,0.0000,0.00
15:49:16,22.263474686530643,84.90980611981821,-18.727,-20.306,2.26,-0.298,-0.528,-150.8,0,0.0000,0.00
15:49:16,22.263474446917613,84.90980597377371,-18.742,-20.333,2.26,-0.298,-0.528,-151.4,0,0.0000,0.00
15:49:16,22.263474171225315,84.9098058958042,-18.750,-20.364,2.26,-0.285,-0.535,-151.6,0,0.0063,0.00
15:49:16,22.263473926870642,84.90980575502057,-18.765,-20.391,2.26,-0.285,-0.535,-151.7,0,0.0000,0.00
15:49:16,22.263473684479088,84.90980561536799,-18.779,-20.418,2.26,-0.285,-0.535,-151.7,0,0.0000,0.00
15:49:16,22.26347344170684,84.90980547549607,-18.794,-20.445,2.26,-0.285,-0.535,-151.8,0,0.0000,0.00
15:49:16,22.26347319928547,84.90980533582632,-18.808,-20.472,2.26,-0.285,-0.535,-151.9,0,0.0000,0.00
15:49:16,22.26347298755357,84.90980524009859,-18.818,-20.495,2.26,-0.275,-0.527,-152.0,0,0.0061,0.00
15:49:16,22.263472748313063,84.90980510540271,-18.832,-20.522,2.29,-0.275,-0.527,-152.0,0,0.0000,0.00
15:49:16,22.263472509590844,84.90980497099864,-18.846,-20.549,2.29,-0.275,-0.527,-152.0,0,0.0000,0.00
15:49:16,22.263472271530315,84.9098048369671,-18.859,-20.575,2.29,-0.275,-0.527,-152.0,0,0.0000,0.00
15:49:16,22.26347203293682,84.9098047026355,-18.873,-20.602,2.29,-0.275,-0.527,-152.1,0,0.0000,0.00
15:49:16,22.263471813730074,84.90980458905344,-18.885,-20.626,2.29,-0.268,-0.521,-152.1,0,0.0061,0.00
15:49:16,22.26347157723519,84.90980445741766,-18.898,-20.652,2.29,-0.268,-0.521,-152.1,0,0.0000,0.00
15:49:16,22.26347134122428,84.90980432605129,-18.912,-20.679,2.29,-0.268,-0.521,-151.9,0,0.0000,0.00
15:49:17,22.263471105322655,84.90980419474573,-18.926,-20.705,2.29,-0.268,-0.521,-151.9,0,0.0000,0.00
15:49:17,22.26347086971989,84.90980406360653,-18.939,-20.731,2.31,-0.268,-0.521,-151.3,0,0.0000,0.00
15:49:17,22.26347063351829,84.909803932134,-18.953,-20.757,2.31,-0.268,-0.521,-151.0,0,0.0000,0.00
15:49:17,22.263470397502918,84.90980380076513,-18.966,-20.784,2.31,-0.268,-0.521,-150.6,0,0.0000,0.00
15:49:17,22.263470161001344,84.90980366912564,-18.980,-20.810,2.31,-0.268,-0.521,-150.6,0,0.0000,0.00
15:49:17,22.26346992572866,84.90980353817017,-18.993,-20.836,2.31,-0.268,-0.521,-150.5,0,0.0000,0.00
15:49:17,22.2634696896698,84.90980340677709,-19.007,-20.863,2.32,-0.268,-0.521,-150.5,0,0.0000,0.00
15:49:17,22.263469454197505,84.9098032757105,-19.020,-20.889,2.32,-0.268,-0.521,-150.5,0,0.0000,0.00
15:49:17,22.263469218400704,84.9098031444633,-19.034,-20.915,2.32,-0.268,-0.521,-150.8,0,0.0000,0.00
15:49:17,22.26346898199949,84.90980301287966,-19.047,-20.941,2.32,-0.268,-0.521,-150.9,0,0.0000,0.00
15:49:17,22.26346874581685,84.9098028814177,-19.061,-20.968,2.32,-0.268,-0.521,-150.8,0,0.0000,0.00
15:49:17,22.26346850930301,84.90980274977137,-19.074,-20.994,2.32,-0.268,-0.521,-150.8,0,0.0000,0.00
15:49:17,22.26346827347387,84.90980261850616,-19.088,-21.020,2.32,-0.268,-0.521,-150.8,0,0.0000,0.00
15:49:17,22.263468037949163,84.90980248741042,-19.101,-21.046,2.32,-0.268,-0.521,-150.8,0,0.0000,0.00
15:49:17,22.263467801455395,84.90980235577527,-19.115,-21.073,2.35,-0.268,-0.521,-150.8,0,0.0000,0.00
15:49:17,22.263467565901692,84.90980222466337,-19.128,-21.099,2.35,-0.268,-0.521,-150.8,0,0.0000,0.00
15:49:17,22.26346732999338,84.90980209335409,-19.142,-21.125,2.35,-0.268,-0.521,-151.0,0,0.0000,0.00
15:49:17,22.263467093962394,84.90980196197653,-19.156,-21.151,2.35,-0.268,-0.521,-151.3,0,0.0000,0.00
15:49:17,22.263466857567874,84.90980183039663,-19.169,-21.178,2.35,-0.268,-0.521,-151.4,0,0.0000,0.00
15:49:17,22.263466621364042,84.90980169892286,-19.183,-21.204,2.35,-0.268,-0.521,-151.4,0,0.0000,0.00
15:49:18,22.26346638540889,84.90980156758752,-19.196,-21.230,2.35,-0.268,-0.521,-151.4,0,0.0000,0.00
15:49:18,22.263466149552986,84.9098014363074,-19.210,-21.257,2.35,-0.268,-0.521,-151.1,0,0.0000,0.00
15:49:18,22.26346591341718,84.90980130487151,-19.223,-21.283,2.35,-0.268,-0.521,-150.9,0,0.0000,0.00
15:49:18,22.26346563437439,84.90980108547183,-19.246,-21.314,2.35,-0.280,-0.527,-150.9,0,0.0062,0.00
15:49:18,22.26346539406197,84.90980094732102,-19.260,-21.341,2.35,-0.280,-0.527,-150.7,0,0.0000,0.00
15:49:18,22.26346515527725,84.90980081004845,-19.274,-21.367,2.35,-0.280,-0.527,-150.5,0,0.0000,0.00
15:49:18,22.263464916291543,84.90980067266034,-19.288,-21.394,2.35,-0.280,-0.527,-150.5,0,0.0000,0.00
15:49:18,22.263464677895236,84.90980053561107,-19.302,-21.420,2.37,-0.280,-0.527,-150.5,0,0.0000,0.00
15:49:18,22.263464446448484,84.90980036963762,-19.320,-21.446,2.37,-0.286,-0.526,-150.4,0,0.0062,0.00
15:49:18,22.263464207452273,84.90980022902428,-19.334,-21.473,2.37,-0.286,-0.526,-150.2,0,0.0000,0.00
15:49:18,22.263463969027995,84.90980008874743,-19.349,-21.499,2.37,-0.286,-0.526,-150.1,0,0.0000,0.00
15:49:18,22.26346373149201,84.90979994899321,-19.363,-21.526,2.38,-0.286,-0.526,-150.1,0,0.0000,0.00
15:49:18,22.263463493523698,84.90979980898463,-19.377,-21.552,2.38,-0.286,-0.526,-150.0,0,0.0000,0.00
15:49:18,22.263463259069766,84.9097996526,-19.393,-21.578,2.38,-0.291,-0.525,-150.0,0,0.0063,0.00
15:49:18,22.26346302143772,84.909799510263,-19.408,-21.605,2.38,-0.291,-0.525,-150.0,0,0.0000,0.00
15:49:18,22.26346278433047,84.90979936824033,-19.423,-21.631,2.38,-0.291,-0.525,-150.0,0,0.0000,0.00
15:49:18,22.26346254695689,84.90979922605813,-19.437,-21.658,2.38,-0.291,-0.525,-149.9,0,0.0000,0.00
15:49:18,22.263462309940667,84.90979908408997,-19.452,-21.684,2.38,-0.291,-0.525,-149.7,0,0.0000,0.00
15:49:18,22.263462072736775,84.90979894200942,-19.467,-21.710,2.38,-0.291,-0.525,-149.6,0,0.0000,0.00
15:49:18,22.263461835761007,84.9097988000655,-19.481,-21.737,2.42,-0.291,-0.525,-149.6,0,0.0000,0.00
15:49:19,22.26346159827505,84.909798657816,-19.496,-21.763,2.42,-0.291,-0.525,-149.5,0,0.0000,0.00
15:49:19,22.263461361249835,84.90979851584245,-19.511,-21.790,2.42,-0.291,-0.525,-149.3,0,0.0000,0.00
15:49:19,22.26346112421563,84.90979837386354,-19.525,-21.816,2.42,-0.291,-0.525,-149.3,0,0.0000,0.00
15:49:19,22.263460887229748,84.90979823191357,-19.540,-21.842,2.42,-0.291,-0.525,-149.4,0,0.0000,0.00
15:49:19,22.263460650210153,84.9097980899434,-19.554,-21.869,2.43,-0.291,-0.525,-149.4,0,0.0000,0.00
15:49:19,22.263460412532034,84.90979794757878,-19.569,-21.895,2.43,-0.291,-0.525,-149.6,0,0.0000,0.00
15:49:19,22.263460175368596,84.90979780552246,-19.584,-21.922,2.43,-0.291,-0.525,-149.6,0,0.0000,0.00
15:49:19,22.26345993834001,84.90979766354691,-19.598,-21.948,2.43,-0.291,-0.525,-149.5,0,0.0000,0.00
15:49:19,22.26345970152494,84.90979752169925,-19.613,-21.974,2.43,-0.291,-0.525,-149.5,0,0.0000,0.00
15:49:19,22.263459464436796,84.90979737968802,-19.628,-22.001,2.43,-0.291,-0.525,-149.3,0,0.0000,0.00
15:49:19,22.26345922662495,84.90979723724331,-19.642,-22.027,2.43,-0.291,-0.525,-149.2,0,0.0000,0.00
15:49:19,22.263458989119886,84.90979709498235,-19.657,-22.054,2.43,-0.291,-0.525,-149.2,0,0.0000,0.00
15:49:19,22.263458752063208,84.90979695298996,-19.672,-22.080,2.45,-0.291,-0.525,-149.2,0,0.0000,0.00
15:49:19,22.263458514673893,84.90979681079835,-19.686,-22.107,2.45,-0.291,-0.525,-149.2,0,0.0000,0.00
15:49:19,22.26345827756215,84.90979666877298,-19.701,-22.133,2.45,-0.291,-0.525,-149.3,0,0.0000,0.00
15:49:19,22.263458040527947,84.90979652679407,-19.715,-22.159,2.45,-0.291,-0.525,-149.5,0,0.0000,0.00
15:49:19,22.26345780346677,84.909796384799,-19.730,-22.186,2.45,-0.291,-0.525,-149.5,0,0.0000,0.00
15:49:19,22.26345756639773,84.9097962427992,-19.745,-22.212,2.45,-0.291,-0.525,-149.9,0,0.0000,0.00
15:49:19,22.263457329190466,84.90979610071663,-19.759,-22.238,2.45,-0.291,-0.525,-150.1,0,0.0000,0.00
15:49:19,22.263457091905664,84.90979595858761,-19.774,-22.265,2.45,-0.291,-0.525,-150.2,0,0.0000,0.00
15:49:20,22.26345685450174,84.90979581638723,-19.789,-22.291,2.47,-0.291,-0.525,-150.2,0,0.0000,0.00
15:49:20,22.263456617254022,84.90979567428043,-19.803,-22.318,2.47,-0.291,-0.525,-150.5,0,0.0000,0.00
15:49:20,22.263456379636583,84.90979553195217,-19.818,-22.344,2.47,-0.291,-0.525,-150.6,0,0.0000,0.00
15:49:20,22.263456141095414,84.9097953890706,-19.833,-22.371,2.47,-0.291,-0.525,-150.6,0,0.0000,0.00
15:49:20,22.26345590261493,84.90979524622539,-19.847,-22.397,2.47,-0.291,-0.525,-150.6,0,0.0000,0.00
15:49:20,22.26345566322082,84.90979510283293,-19.862,-22.424,2.49,-0.291,-0.525,-150.3,0,0.0000,0.00
15:49:20,22.263455422351214,84.90979495855669,-19.877,-22.451,2.49,-0.291,-0.525,-150.2,0,0.0000,0.00
15:49:20,22.263454944400205,84.90979467227325,-19.907,-22.504,2.49,-0.291,-0.525,-150.0,0,0.0000,0.00
15:49:20,22.26345470728621,84.90979453024653,-19.921,-22.530,2.49,-0.291,-0.525,-149.8,0,0.0000,0.00
15:49:20,22.2634544694193,84.90979438776884,-19.936,-22.557,2.49,-0.291,-0.525,-149.6,0,0.0000,0.00
15:49:20,22.26345423134786,84.90979424516864,-19.951,-22.583,2.49,-0.291,-0.525,-149.6,0,0.0000,0.00
15:49:20,22.263453993897866,84.90979410294067,-19.965,-22.610,2.49,-0.291,-0.525,-149.6,0,0.0000,0.00
15:49:20,22.263453756215252,84.90979396057337,-19.980,-22.636,2.51,-0.291,-0.525,-149.5,0,0.0000,0.00
15:49:20,22.263453518383177,84.90979381811654,-19.995,-22.663,2.51,-0.291,-0.525,-149.5,0,0.0000,0.00
15:49:20,22.26345328091857,84.90979367587981,-20.009,-22.689,2.51,-0.291,-0.525,-149.6,0,0.0000,0.00
15:49:20,22.263453043578703,84.90979353371782,-20.024,-22.716,2.51,-0.291,-0.525,-149.6,0,0.0000,0.00
15:49:20,22.263452806487187,84.90979339170457,-20.038,-22.742,2.53,-0.291,-0.525,-149.7,0,0.0000,0.00
15:49:20,22.263452568973136,84.90979324943822,-20.053,-22.768,2.53,-0.291,-0.525,-149.8,0,0.0000,0.00
15:49:20,22.263452331390535,84.90979310713082,-20.068,-22.795,2.53,-0.291,-0.525,-149.8,0,0.0000,0.00
15:49:21,22.263452094555237,84.90979296527105,-20.082,-22.821,2.53,-0.291,-0.525,-149.8,0,0.0000,0.00
15:49:21,22.263451856588308,84.90979282273345,-20.097,-22.848,2.53,-0.291,-0.525,-149.9,0,0.0000,0.00
15:49:21,22.26345161894952,84.9097926803924,-20.112,-22.874,2.53,-0.291,-0.525,-150.0,0,0.0000,0.00
15:49:21,22.26345138131298,84.90979253805268,-20.126,-22.901,2.53,-0.291,-0.525,-150.0,0,0.0000,0.00
15:49:21,22.26345114450465,84.90979239620907,-20.141,-22.927,2.53,-0.291,-0.525,-150.2,0,0.0000,0.00
15:49:21,22.263450907079378,84.9097922539959,-20.156,-22.953,2.53,-0.291,-0.525,-150.2,0,0.0000,0.00
15:49:21,22.263450669631627,84.90979211176928,-20.170,-22.980,2.56,-0.291,-0.525,-150.2,0,0.0000,0.00
15:49:21,22.263450432377166,84.90979196965843,-20.185,-23.006,2.56,-0.291,-0.525,-150.1,0,0.0000,0.00
15:49:21,22.26345019461926,84.90979182724602,-20.200,-23.033,2.56,-0.291,-0.525,-149.9,0,0.0000,0.00
15:49:21,22.263449957250174,84.90979168506652,-20.214,-23.059,2.56,-0.291,-0.525,-149.8,0,0.0000,0.00
15:49:21,22.2634497197114,84.90979154278538,-20.229,-23.086,2.56,-0.291,-0.525,-149.8,0,0.0000,0.00
15:49:21,22.263449481862466,84.90979140031845,-20.244,-23.112,2.56,-0.291,-0.525,-149.4,0,0.0000,0.00
15:49:21,22.263449244240537,84.9097912579875,-20.258,-23.139,2.56,-0.291,-0.525,-149.3,0,0.0000,0.00
15:49:21,22.263449006568035,84.90979111562625,-20.273,-23.165,2.56,-0.291,-0.525,-149.1,0,0.0000,0.00
15:49:21,22.26344876939111,84.90979097356185,-20.288,-23.191,2.56,-0.291,-0.525,-149.1,0,0.0000,0.00
15:49:21,22.263448094546643,84.90979029171135,-20.358,-23.266,2.56,-0.325,-0.554,-149.0,0,0.0066,0.00
15:49:21,22.26344784150211,84.9097901315066,-20.374,-23.295,2.56,-0.325,-0.554,-149.0,0,0.0000,0.00
15:49:21,22.26344759048713,84.90978997258678,-20.391,-23.323,2.56,-0.325,-0.554,-149.1,0,0.0000,0.00
15:49:21,22.26344733989017,84.90978981393161,-20.407,-23.350,2.60,-0.325,-0.554,-149.1,0,0.0000,0.00
15:49:21,22.263447088855,84.909789654999,-20.423,-23.378,2.60,-0.325,-0.554,-149.2,0,0.0000,0.00
15:49:22,22.26344699199478,84.90978960978278,-20.428,-23.389,2.60,-0.313,-0.537,-149.2,0,0.0064,0.00
15:49:22,22.263446748809887,84.90978945665425,-20.444,-23.416,2.60,-0.313,-0.537,-149.2,0,0.0000,0.00
15:49:22,22.263446505800925,84.9097893036365,-20.460,-23.443,2.60,-0.313,-0.537,-149.5,0,0.0000,0.00
15:49:22,22.26344626321511,84.9097891508852,-20.475,-23.470,2.60,-0.313,-0.537,-149.7,0,0.0000,0.00
15:49:22,22.26344602025214,84.90978899789641,-20.491,-23.497,2.60,-0.313,-0.537,-149.9,0,0.0000,0.00
15:49:22,22.26344577732252,84.90978884492863,-20.507,-23.524,2.60,-0.313,-0.537,-149.9,0,0.0000,0.00
15:49:22,22.263445534973574,84.90978869232649,-20.523,-23.551,2.60,-0.313,-0.537,-150.1,0,0.0000,0.00
15:49:22,22.26344529173694,84.90978853916538,-20.538,-23.578,2.61,-0.313,-0.537,-150.2,0,0.0000,0.00
15:49:22,22.2634450485256,84.9097883860202,-20.554,-23.606,2.61,-0.313,-0.537,-150.4,0,0.0000,0.00
15:49:22,22.263444806105365,84.90978823337315,-20.570,-23.633,2.61,-0.313,-0.537,-150.4,0,0.0000,0.00
15:49:22,22.263444563748376,84.90978808076594,-20.586,-23.660,2.61,-0.313,-0.537,-150.4,0,0.0000,0.00
15:49:22,22.26344432066582,84.90978792770186,-20.601,-23.687,2.62,-0.313,-0.537,-150.3,0,0.0000,0.00
15:49:22,22.26344407764076,84.90978777467397,-20.617,-23.714,2.62,-0.313,-0.537,-150.3,0,0.0000,0.00
15:49:22,22.263443835117037,84.90978762196177,-20.633,-23.741,2.62,-0.313,-0.537,-150.1,0,0.0000,0.00
15:49:22,22.263443591867755,84.9097874687927,-20.649,-23.768,2.62,-0.313,-0.537,-150.0,0,0.0000,0.00
15:49:22,22.263443349061166,84.90978731590238,-20.664,-23.795,2.62,-0.313,-0.537,-149.6,0,0.0000,0.00
15:49:22,22.26344301118891,84.90978713604694,-20.683,-23.832,2.62,-0.317,-0.554,-149.6,0,0.0066,0.00
15:49:22,22.263442760276543,84.90978698071893,-20.699,-23.860,2.62,-0.317,-0.554,-149.4,0,0.0000,0.00
15:49:22,22.263442509309616,84.90978682535713,-20.715,-23.888,2.62,-0.317,-0.554,-149.3,0,0.0000,0.00
15:49:22,22.263442258788665,84.90978667027142,-20.731,-23.916,2.62,-0.317,-0.554,-149.3,0,0.0000,0.00
15:49:23,22.26344200837446,84.90978651525178,-20.747,-23.944,2.65,-0.317,-0.554,-149.1,0,0.0000,0.00
15:49:23,22.263441825402726,84.90978638434532,-20.760,-23.964,2.65,-0.312,-0.537,-149.0,0,0.0063,0.00
15:49:23,22.263441581172582,84.90978623116217,-20.776,-23.992,2.65,-0.312,-0.537,-149.1,0,0.0000,0.00
15:49:23,22.263441338034973,84.90978607866427,-20.792,-24.019,2.65,-0.312,-0.537,-149.1,0,0.0000,0.00
15:49:23,22.263441095029616,84.90978592624931,-20.808,-24.046,2.68,-0.312,-0.537,-149.3,0,0.0000,0.00
15:49:23,22.263440851833355,84.90978577371463,-20.823,-24.073,2.68,-0.312,-0.537,-149.4,0,0.0000,0.00
15:49:23,22.263440596020672,84.90978562284737,-20.839,-24.101,2.68,-0.311,-0.541,-149.7,0,0.0066,0.00
15:49:23,22.26344035023797,84.90978547011981,-20.855,-24.129,2.68,-0.311,-0.541,-149.7,0,0.0000,0.00
15:49:23,22.263440104991925,84.90978531772573,-20.870,-24.156,2.68,-0.311,-0.541,-149.8,0,0.0000,0.00
15:49:23,22.26343985927761,84.90978516504067,-20.886,-24.183,2.68,-0.311,-0.541,-150.0,0,0.0000,0.00
15:49:23,22.263439613945792,84.90978501259329,-20.902,-24.211,2.68,-0.311,-0.541,-150.2,0,0.0000,0.00
15:49:23,22.263439397732167,84.90978489172211,-20.914,-24.235,2.68,-0.300,-0.530,-150.2,0,0.0063,0.00
15:49:23,22.263439157048442,84.90978474449882,-20.929,-24.261,2.69,-0.300,-0.530,-150.2,0,0.0000,0.00
15:49:23,22.26343891694516,84.90978459763059,-20.944,-24.288,2.69,-0.300,-0.530,-150.1,0,0.0000,0.00
15:49:23,22.26343867702476,84.90978445087421,-20.960,-24.315,2.69,-0.300,-0.530,-150.0,0,0.0000,0.00
15:49:23,22.263438437275884,84.90978430422277,-20.975,-24.342,2.69,-0.300,-0.530,-150.0,0,0.0000,0.00
15:49:23,22.263438177881252,84.90978414544387,-20.991,-24.370,2.69,-0.305,-0.539,-149.9,0,0.0065,0.00
15:49:23,22.263437933514613,84.90978399594731,-21.006,-24.398,2.72,-0.305,-0.539,-149.8,0,0.0000,0.00
15:49:23,22.263437689850353,84.90978384688044,-21.022,-24.425,2.72,-0.305,-0.539,-149.8,0,0.0000,0.00
15:49:23,22.263437446504412,84.90978369800833,-21.037,-24.452,2.72,-0.305,-0.539,-149.5,0,0.0000,0.00
15:49:24,22.26343720282516,84.9097835489323,-21.052,-24.479,2.72,-0.305,-0.539,-149.4,0,0.0000,0.00
15:49:24,22.26343695931314,84.90978339995857,-21.068,-24.506,2.72,-0.305,-0.539,-149.2,0,0.0000,0.00
15:49:24,22.26343671557276,84.90978325084514,-21.083,-24.533,2.72,-0.305,-0.539,-149.2,0,0.0000,0.00
15:49:24,22.26343647145063,84.90978310149816,-21.099,-24.560,2.72,-0.305,-0.539,-149.1,0,0.0000,0.00
15:49:24,22.26343622783596,84.90978295246164,-21.114,-24.587,2.72,-0.305,-0.539,-149.2,0,0.0000,0.00
15:49:24,22.26343598392143,84.90978280324167,-21.129,-24.615,2.75,-0.305,-0.539,-149.2,0,0.0000,0.00
15:49:24,22.26343574042094,84.909782654275,-21.145,-24.642,2.75,-0.305,-0.539,-149.2,0,0.0000,0.00
15:49:24,22.26343549704963,84.90978250538735,-21.160,-24.669,2.75,-0.305,-0.539,-149.3,0,0.0000,0.00
15:49:24,22.2634352530486,84.90978235611446,-21.175,-24.696,2.75,-0.305,-0.539,-149.4,0,0.0000,0.00
15:49:24,22.263435009227486,84.90978220695165,-21.191,-24.723,2.75,-0.305,-0.539,-149.6,0,0.0000,0.00
15:49:24,22.263434765037307,84.90978205756305,-21.206,-24.750,2.75,-0.305,-0.539,-149.6,0,0.0000,0.00
15:49:24,22.2634345215472,84.90978190860272,-21.221,-24.777,2.75,-0.305,-0.539,-149.7,0,0.0000,0.00
15:49:24,22.263434277634975,84.90978175938417,-21.237,-24.805,2.75,-0.305,-0.539,-149.8,0,0.0000,0.00
15:49:24,22.2634340340872,84.90978161038858,-21.252,-24.832,2.77,-0.305,-0.539,-149.9,0,0.0000,0.00
15:49:24,22.263433790654762,84.90978146146352,-21.268,-24.859,2.77,-0.305,-0.539,-149.9,0,0.0000,0.00
15:49:24,22.263433547629447,84.90978131278756,-21.283,-24.886,2.77,-0.305,-0.539,-149.9,0,0.0000,0.00
15:49:24,22.26343330421892,84.90978116387592,-21.298,-24.913,2.77,-0.305,-0.539,-150.1,0,0.0000,0.00
15:49:24,22.263433082372334,84.90978104680325,-21.310,-24.938,2.77,-0.299,-0.535,-150.2,0,0.0064,0.00
15:49:24,22.26343284008293,84.90978090011522,-21.325,-24.965,2.81,-0.299,-0.535,-150.2,0,0.0000,0.00
15:49:24,22.263432598353358,84.90978075376614,-21.340,-24.992,2.81,-0.299,-0.535,-150.2,0,0.0000,0.00
15:49:25,22.26343235673026,84.90978060748151,-21.356,-25.018,2.81,-0.299,-0.535,-150.3,0,0.0000,0.00
15:49:25,22.263432115274306,84.90978046129808,-21.371,-25.045,2.81,-0.299,-0.535,-150.4,0,0.0000,0.00
15:49:25,22.263431873250507,84.90978031477086,-21.386,-25.072,2.81,-0.299,-0.535,-150.4,0,0.0000,0.00
15:49:25,22.263431631527805,84.90978016842593,-21.401,-25.099,2.81,-0.299,-0.535,-150.5,0,0.0000,0.00
15:49:25,22.263431389167422,84.90978002169493,-21.416,-25.126,2.81,-0.299,-0.535,-150.6,0,0.0000,0.00
15:49:25,22.263431147542033,84.90977987540892,-21.431,-25.153,2.81,-0.299,-0.535,-150.6,0,0.0000,0.00
15:49:25,22.26343090570828,84.90977972899675,-21.446,-25.180,2.82,-0.299,-0.535,-150.6,0,0.0000,0.00
15:49:25,22.263430663782938,84.90977958252914,-21.461,-25.207,2.82,-0.299,-0.535,-150.6,0,0.0000,0.00
15:49:25,22.26343042202818,84.90977943616481,-21.476,-25.234,2.82,-0.299,-0.535,-150.3,0,0.0000,0.00
15:49:25,22.26343018018756,84.90977928974849,-21.491,-25.261,2.82,-0.299,-0.535,-150.2,0,0.0000,0.00
15:49:25,22.26342993880602,84.90977914361011,-21.506,-25.288,2.82,-0.299,-0.535,-150.2,0,0.0000,0.00
15:49:25,22.26342969729168,84.90977899739133,-21.521,-25.314,2.84,-0.299,-0.535,-149.8,0,0.0000,0.00
15:49:25,22.26342949019314,84.90977884897602,-21.537,-25.338,2.84,-0.300,-0.528,-149.6,0,0.0063,0.00
15:49:25,22.2634292509196,84.9097787020983,-21.552,-25.364,2.84,-0.300,-0.528,-149.4,0,0.0000,0.00
15:49:25,22.263429012293898,84.90977855561823,-21.567,-25.391,2.84,-0.300,-0.528,-149.4,0,0.0000,0.00
15:49:25,22.263428774115916,84.90977840941301,-21.582,-25.417,2.84,-0.300,-0.528,-149.2,0,0.0000,0.00
15:49:25,22.263428535399765,84.90977826287744,-21.597,-25.444,2.84,-0.300,-0.528,-148.9,0,0.0000,0.00
15:49:25,22.263428296830593,84.90977811643208,-21.612,-25.470,2.84,-0.300,-0.528,-148.8,0,0.0000,0.00
15:49:25,22.26342805794146,84.90977796979031,-21.627,-25.497,2.84,-0.300,-0.528,-148.8,0,0.0000,0.00
15:49:26,22.26342781882621,84.90977782300975,-21.642,-25.524,2.88,-0.300,-0.528,-148.7,0,0.0000,0.00
15:49:26,22.263427580064832,84.90977767644641,-21.657,-25.550,2.88,-0.300,-0.528,-148.7,0,0.0000,0.00
15:49:26,22.263427340993672,84.90977752969292,-21.673,-25.577,2.88,-0.300,-0.528,-148.7,0,0.0000,0.00
15:49:26,22.263427102512686,84.90977738330169,-21.688,-25.603,2.88,-0.300,-0.528,-148.7,0,0.0000,0.00
15:49:26,22.26342686396387,84.90977723686883,-21.703,-25.630,2.89,-0.300,-0.528,-148.7,0,0.0000,0.00
15:49:26,22.263426624643973,84.90977708996265,-21.718,-25.657,2.89,-0.300,-0.528,-148.7,0,0.0000,0.00
15:49:26,22.263426385519676,84.90977694317652,-21.733,-25.683,2.89,-0.300,-0.528,-148.7,0,0.0000,0.00
15:49:26,22.263426146692723,84.90977679657294,-21.748,-25.710,2.89,-0.300,-0.528,-148.7,0,0.0000,0.00
15:49:26,22.263425907827333,84.90977664994575,-21.763,-25.736,2.89,-0.300,-0.528,-148.9,0,0.0000,0.00
15:49:26,22.263425598117635,84.90977641556049,-21.787,-25.771,2.89,-0.315,-0.541,-148.9,0,0.0068,0.00
15:49:26,22.2634253510151,84.90977626000927,-21.803,-25.798,2.89,-0.315,-0.541,-149.0,0,0.0000,0.00
15:49:26,22.263425105806174,84.90977610565008,-21.819,-25.826,2.89,-0.315,-0.541,-149.0,0,0.0000,0.00
15:49:26,22.263424860692336,84.90977595135075,-21.835,-25.853,2.89,-0.315,-0.541,-149.2,0,0.0000,0.00
15:49:26,22.26342461515988,84.90977579678791,-21.851,-25.880,2.91,-0.315,-0.541,-149.3,0,0.0000,0.00
15:49:26,22.263424369293467,84.90977564201484,-21.867,-25.908,2.91,-0.315,-0.541,-149.3,0,0.0000,0.00
15:49:26,22.26342412422949,84.9097754877469,-21.883,-25.935,2.91,-0.315,-0.541,-149.3,0,0.0000,0.00
15:49:26,22.26342387950759,84.90977533369428,-21.899,-25.962,2.91,-0.315,-0.541,-149.3,0,0.0000,0.00
15:49:26,22.26342363422097,84.9097751792862,-21.915,-25.989,2.96,-0.315,-0.541,-149.3,0,0.0000,0.00
15:49:26,22.26342338840906,84.90977502454743,-21.931,-26.017,2.96,-0.315,-0.541,-149.4,0,0.0000,0.00
15:49:26,22.263423143244196,84.90977487021598,-21.947,-26.044,2.96,-0.315,-0.541,-149.4,0,0.0000,0.00
15:49:27,22.263422896888436,84.90977471513486,-21.963,-26.071,2.96,-0.315,-0.541,-149.5,0,0.0000,0.00
15:49:27,22.26342265162733,84.90977456074283,-21.978,-26.099,2.96,-0.315,-0.541,-149.5,0,0.0000,0.00
15:49:27,22.263422406246782,84.9097744062756,-21.994,-26.126,2.96,-0.315,-0.541,-149.6,0,0.0000,0.00
15:49:27,22.263422161131782,84.90977425197555,-22.010,-26.153,2.96,-0.315,-0.541,-149.6,0,0.0000,0.00
15:49:27,22.263421953138213,84.90977414530951,-22.021,-26.177,2.96,-0.307,-0.534,-149.6,0,0.0063,0.00
15:49:27,22.26342170910788,84.90977399387589,-22.037,-26.204,2.97,-0.307,-0.534,-149.6,0,0.0000,0.00
15:49:27,22.263421466225942,84.90977384315488,-22.052,-26.231,2.97,-0.307,-0.534,-149.7,0,0.0000,0.00
15:49:27,22.26342122449811,84.90977369315007,-22.068,-26.258,2.97,-0.307,-0.534,-149.7,0,0.0000,0.00
15:49:27,22.26342098283662,84.90977354318642,-22.083,-26.285,2.97,-0.307,-0.534,-150.0,0,0.0000,0.00
15:49:27,22.26342076978451,84.9097734337855,-22.095,-26.308,2.97,-0.297,-0.526,-150.2,0,0.0063,0.00
15:49:27,22.26342053016923,84.9097732878277,-22.110,-26.335,2.97,-0.297,-0.526,-150.4,0,0.0000,0.00
15:49:27,22.26342029127999,84.90977314231218,-22.125,-26.362,2.97,-0.297,-0.526,-150.4,0,0.0000,0.00
15:49:27,22.263420053095366,84.90977299722584,-22.140,-26.388,2.97,-0.297,-0.526,-150.7,0,0.0000,0.00
15:49:27,22.263419814522923,84.90977285190328,-22.154,-26.415,2.97,-0.297,-0.526,-150.7,0,0.0000,0.00
15:49:27,22.26341956746697,84.90977271692356,-22.168,-26.442,2.99,-0.293,-0.529,-150.6,0,0.0064,0.00
15:49:27,22.263419326508103,84.9097725725393,-22.183,-26.469,2.99,-0.293,-0.529,-150.6,0,0.0000,0.00
15:49:27,22.263419086739443,84.90977242886824,-22.198,-26.496,2.99,-0.293,-0.529,-150.3,0,0.0000,0.00
15:49:27,22.26341884694245,84.90977228518018,-22.213,-26.522,2.99,-0.293,-0.529,-150.3,0,0.0000,0.00
15:49:27,22.263418607100114,84.90977214146497,-22.228,-26.549,3.02,-0.293,-0.529,-150.4,0,0.0000,0.00
15:49:27,22.263418367298584,84.9097719977742,-22.242,-26.576,3.02,-0.293,-0.529,-150.4,0,0.0000,0.00
15:49:28,22.263418127854116,84.90977185429739,-22.257,-26.602,3.02,-0.293,-0.529,-150.7,0,0.0000,0.00
15:49:28,22.26341788781228,84.90977171046262,-22.272,-26.629,3.02,-0.293,-0.529,-150.8,0,0.0000,0.00
15:49:28,22.263417647110725,84.90977156623256,-22.287,-26.656,3.02,-0.293,-0.529,-150.9,0,0.0000,0.00
15:49:28,22.263417407036012,84.9097714223781,-22.302,-26.683,3.02,-0.293,-0.529,-150.9,0,0.0000,0.00
15:49:28,22.26341716775931,84.90977127900182,-22.317,-26.709,3.02,-0.293,-0.529,-151.1,0,0.0000,0.00
15:49:28,22.263416928269503,84.90977113549783,-22.331,-26.736,3.02,-0.293,-0.529,-151.1,0,0.0000,0.00
15:49:28,22.26341668830701,84.90977099171062,-22.346,-26.763,3.02,-0.293,-0.529,-151.1,0,0.0000,0.00
15:49:28,22.26341644865851,84.90977084811155,-22.361,-26.789,3.06,-0.293,-0.529,-151.1,0,0.0000,0.00
15:49:28,22.26341620912903,84.90977070458379,-22.376,-26.816,3.06,-0.293,-0.529,-150.9,0,0.0000,0.00
15:49:28,22.2634159695168,84.90977056100647,-22.391,-26.843,3.06,-0.293,-0.529,-150.7,0,0.0000,0.00
15:49:28,22.263415730058732,84.9097704175215,-22.405,-26.869,3.06,-0.293,-0.529,-150.4,0,0.0000,0.00
15:49:28,22.26341549067661,84.90977027408205,-22.420,-26.896,3.08,-0.293,-0.529,-150.4,0,0.0000,0.00
15:49:28,22.26341525160394,84.90977013082802,-22.435,-26.923,3.08,-0.293,-0.529,-150.2,0,0.0000,0.00
15:49:28,22.263415011983778,84.90976998724594,-22.450,-26.949,3.08,-0.293,-0.529,-150.1,0,0.0000,0.00
15:49:28,22.263414772431627,84.9097698437046,-22.464,-26.976,3.08,-0.293,-0.529,-150.1,0,0.0000,0.00
15:49:28,22.263414531923907,84.90976969959067,-22.479,-27.003,3.08,-0.293,-0.529,-150.1,0,0.0000,0.00
15:49:28,22.263414291614552,84.90976955559562,-22.494,-27.029,3.08,-0.293,-0.529,-150.1,0,0.0000,0.00
15:49:28,22.26341405147523,84.90976941170244,-22.509,-27.056,3.08,-0.293,-0.529,-150.2,0,0.0000,0.00
15:49:28,22.26341381122709,84.90976926774407,-22.524,-27.083,3.08,-0.293,-0.529,-150.2,0,0.0000,0.00
15:49:28,22.26341357169081,84.90976912421223,-22.539,-27.110,3.11,-0.293,-0.529,-150.3,0,0.0000,0.00
15:49:29,22.263413331819,84.90976898047936,-22.553,-27.136,3.11,-0.293,-0.529,-150.3,0,0.0000,0.00
15:49:29,22.263413091739753,84.90976883662218,-22.568,-27.163,3.11,-0.293,-0.529,-150.5,0,0.0000,0.00
15:49:29,22.263412851756858,84.90976869282274,-22.583,-27.190,3.11,-0.293,-0.529,-150.5,0,0.0000,0.00
15:49:29,22.2634126125357,84.90976854947974,-22.598,-27.216,3.11,-0.293,-0.529,-150.5,0,0.0000,0.00
15:49:29,22.263412372787446,84.9097684058209,-22.613,-27.243,3.13,-0.293,-0.529,-150.5,0,0.0000,0.00
15:49:29,22.263412230083713,84.90976834110734,-22.619,-27.259,3.13,-0.284,-0.517,-150.4,0,0.0064,0.00
15:49:29,22.263411995483573,84.90976820175224,-22.634,-27.285,3.13,-0.284,-0.517,-150.4,0,0.0000,0.00
15:49:29,22.26341176155961,84.90976806279879,-22.648,-27.311,3.13,-0.284,-0.517,-150.4,0,0.0000,0.00
15:49:29,22.26341152783706,84.90976792396499,-22.662,-27.337,3.13,-0.284,-0.517,-150.3,0,0.0000,0.00
15:49:29,22.263411293744884,84.90976778491162,-22.677,-27.363,3.13,-0.284,-0.517,-150.1,0,0.0000,0.00
15:49:29,22.26341100263493,84.90976760090537,-22.695,-27.396,3.13,-0.292,-0.528,-150.1,0,0.0064,0.00
15:49:29,22.263410762383096,84.90976745722475,-22.710,-27.422,3.13,-0.292,-0.528,-149.9,0,0.0000,0.00
15:49:29,22.263410523592757,84.90976731441816,-22.725,-27.449,3.15,-0.292,-0.528,-149.7,0,0.0000,0.00
15:49:29,22.263410284213524,84.90976717125939,-22.740,-27.476,3.15,-0.292,-0.528,-149.0,0,0.0000,0.00
15:49:29,22.26341004521973,84.90976702833112,-22.754,-27.502,3.15,-0.292,-0.528,-149.0,0,0.0000,0.00
15:49:29,22.263409806483644,84.90976688555698,-22.769,-27.529,3.15,-0.292,-0.528,-148.7,0,0.0000,0.00
15:49:29,22.26340956780407,84.90976674281664,-22.784,-27.555,3.19,-0.292,-0.528,-148.6,0,0.0000,0.00
15:49:29,22.26340932899791,84.90976660000058,-22.799,-27.582,3.19,-0.292,-0.528,-148.6,0,0.0000,0.00
15:49:29,22.26340909080098,84.90976645754888,-22.813,-27.608,3.19,-0.292,-0.528,-148.6,0,0.0000,0.00
15:49:30,22.263408852106714,84.90976631479975,-22.828,-27.635,3.19,-0.292,-0.528,-148.4,0,0.0000,0.00
15:49:30,22.263408613433928,84.90976617206346,-22.843,-27.662,3.19,-0.292,-0.528,-148.3,0,0.0000,0.00
15:49:30,22.263408374852695,84.90976602938193,-22.857,-27.688,3.19,-0.292,-0.528,-148.3,0,0.0000,0.00
15:49:30,22.263408135814814,84.90976588642731,-22.872,-27.715,3.19,-0.292,-0.528,-148.0,0,0.0000,0.00
15:49:30,22.263407896842494,84.90976574351188,-22.887,-27.741,3.19,-0.292,-0.528,-147.5,0,0.0000,0.00
15:49:30,22.263407657789923,84.90976560054847,-22.902,-27.768,3.19,-0.292,-0.528,-147.5,0,0.0000,0.00
15:49:30,22.263407418894463,84.90976545767901,-22.916,-27.795,3.20,-0.292,-0.528,-147.3,0,0.0000,0.00
15:49:30,22.263407180347137,84.90976531501776,-22.931,-27.821,3.20,-0.292,-0.528,-147.1,0,0.0000,0.00
15:49:30,22.263406941647222,84.90976517226525,-22.946,-27.848,3.20,-0.292,-0.528,-146.7,0,0.0000,0.00
15:49:30,22.26340670189386,84.90976502888273,-22.960,-27.874,3.20,-0.292,-0.528,-146.7,0,0.0000,0.00
15:49:30,22.26340646321203,84.90976488614103,-22.975,-27.901,3.20,-0.292,-0.528,-146.6,0,0.0000,0.00
15:49:30,22.263406224445422,84.90976474334865,-22.990,-27.927,3.20,-0.292,-0.528,-146.4,0,0.0000,0.00
15:49:30,22.26340598590149,84.90976460068941,-23.005,-27.954,3.20,-0.292,-0.528,-145.8,0,0.0000,0.00
15:49:30,22.263405747154103,84.90976445790851,-23.019,-27.981,3.20,-0.292,-0.528,-145.8,0,0.0000,0.00
15:49:30,22.263405508602258,84.90976431524456,-23.034,-28.007,3.23,-0.292,-0.528,-145.4,0,0.0000,0.00
15:49:30,22.26340526998146,84.90976417253937,-23.049,-28.034,3.23,-0.292,-0.528,-144.4,0,0.0000,0.00
15:49:30,22.263405030838467,84.90976402952187,-23.063,-28.060,3.23,-0.292,-0.528,-143.9,0,0.0000,0.00
15:49:30,22.263404908165047,84.9097634588664,-23.122,-28.074,3.23,-0.349,-0.511,-143.9,0,0.0065,0.00
15:49:30,22.26340467601871,84.90976328751276,-23.140,-28.100,3.23,-0.349,-0.511,-143.3,0,0.0000,0.00
15:49:30,22.26340444491222,84.90976311692665,-23.157,-28.126,3.25,-0.349,-0.511,-142.3,0,0.0000,0.00
15:49:31,22.263404213895484,84.90976294640681,-23.175,-28.151,3.25,-0.349,-0.511,-141.9,0,0.0000,0.00
15:49:31,22.26340398274302,84.90976277578677,-23.193,-28.177,3.25,-0.349,-0.511,-141.6,0,0.0000,0.00
15:49:31,22.2634037942005,84.90976248735086,-23.222,-28.198,3.25,-0.372,-0.502,-141.6,0,0.0066,0.00
15:49:31,22.263403566091274,84.90976230481607,-23.241,-28.223,3.25,-0.372,-0.502,-141.3,0,0.0000,0.00
15:49:31,22.263403338776904,84.90976212291733,-23.260,-28.249,3.25,-0.372,-0.502,-140.9,0,0.0000,0.00
15:49:31,22.26340311157225,84.90976194110637,-23.279,-28.274,3.25,-0.372,-0.502,-140.8,0,0.0000,0.00
15:49:31,22.26340288442029,84.90976175933758,-23.297,-28.299,3.25,-0.372,-0.502,-140.8,0,0.0000,0.00
15:49:31,22.26340271277334,84.90976156087964,-23.318,-28.318,3.27,-0.377,-0.486,-140.8,0,0.0063,0.00
15:49:31,22.26340249261327,84.90976137647193,-23.337,-28.343,3.27,-0.377,-0.486,-140.6,0,0.0000,0.00
15:49:31,22.263402272823594,84.90976119237446,-23.356,-28.367,3.27,-0.377,-0.486,-140.5,0,0.0000,0.00
15:49:31,22.263402053181657,84.90976100840074,-23.375,-28.392,3.27,-0.377,-0.486,-140.5,0,0.0000,0.00
15:49:31,22.263401833818556,84.90976082466057,-23.394,-28.416,3.29,-0.377,-0.486,-140.1,0,0.0000,0.00
15:49:31,22.263401613677214,84.90976064026854,-23.413,-28.441,3.29,-0.377,-0.486,-139.8,0,0.0000,0.00
15:49:31,22.263401394014473,84.9097604562774,-23.432,-28.465,3.29,-0.377,-0.486,-139.6,0,0.0000,0.00
15:49:31,22.263401174266413,84.90976027221478,-23.450,-28.490,3.29,-0.377,-0.486,-139.6,0,0.0000,0.00
15:49:31,22.26340095455893,84.90976008818616,-23.469,-28.514,3.29,-0.377,-0.486,-139.0,0,0.0000,0.00
15:49:31,22.26340073461631,84.90975990396059,-23.488,-28.539,3.29,-0.377,-0.486,-138.6,0,0.0000,0.00
15:49:31,22.263400514445838,84.90975971954416,-23.507,-28.563,3.29,-0.377,-0.486,-138.6,0,0.0000,0.00
15:49:31,22.263400294977654,84.90975953571598,-23.526,-28.588,3.29,-0.377,-0.486,-138.1,0,0.0000,0.00
15:49:31,22.263400075021508,84.90975935147907,-23.545,-28.612,3.29,-0.377,-0.486,-137.3,0,0.0000,0.00
15:49:32,22.263399854821902,84.90975916703825,-23.564,-28.637,3.31,-0.377,-0.486,-136.8,0,0.0000,0.00
15:49:32,22.263399634525538,84.90975898251637,-23.583,-28.661,3.31,-0.377,-0.486,-136.4,0,0.0000,0.00
15:49:32,22.263399414639103,84.90975879833785,-23.602,-28.686,3.31,-0.377,-0.486,-136.4,0,0.0000,0.00
15:49:32,22.263399195017975,84.90975861438156,-23.621,-28.710,3.31,-0.377,-0.486,-135.8,0,0.0000,0.00
15:49:32,22.263398975276157,84.90975843032417,-23.640,-28.734,3.33,-0.377,-0.486,-135.6,0,0.0000,0.00
15:49:32,22.263398755114007,84.90975824591472,-23.659,-28.759,3.33,-0.377,-0.486,-135.6,0,0.0000,0.00
15:49:32,22.263398535957954,84.90975806234798,-23.678,-28.783,3.33,-0.377,-0.486,-135.4,0,0.0000,0.00
15:49:32,22.2633983162692,84.90975787833504,-23.697,-28.808,3.33,-0.377,-0.486,-135.1,0,0.0000,0.00
15:49:32,22.263398300163974,84.90975741411462,-23.745,-28.810,3.33,-0.423,-0.450,-135.0,0,0.0068,0.00
15:49:32,22.26339809612421,84.90975720683471,-23.766,-28.832,3.33,-0.423,-0.450,-135.0,0,0.0000,0.00
15:49:32,22.2633978929153,84.90975700039884,-23.788,-28.855,3.33,-0.423,-0.450,-134.8,0,0.0000,0.00
15:49:32,22.263397689261595,84.90975679351112,-23.809,-28.878,3.33,-0.423,-0.450,-134.7,0,0.0000,0.00
15:49:32,22.263397485805257,84.90975658682389,-23.830,-28.900,3.36,-0.423,-0.450,-134.6,0,0.0000,0.00
15:49:32,22.263397282102456,84.90975637988629,-23.851,-28.923,3.36,-0.423,-0.450,-134.5,0,0.0000,0.00
15:49:32,22.26339707884926,84.90975617340543,-23.873,-28.946,3.36,-0.423,-0.450,-134.5,0,0.0000,0.00
15:49:32,22.263396874797937,84.90975596611378,-23.894,-28.968,3.36,-0.423,-0.450,-134.3,0,0.0000,0.00
15:49:32,22.26339667136278,84.90975575944807,-23.915,-28.991,3.36,-0.423,-0.450,-134.3,0,0.0000,0.00
15:49:32,22.263396467670567,84.90975555252122,-23.937,-29.014,3.38,-0.423,-0.450,-134.2,0,0.0000,0.00
15:49:32,22.26339632548278,84.90975531107424,-23.962,-29.029,3.38,-0.430,-0.436,-134.2,0,0.0070,0.00
15:49:32,22.263396127788393,84.90975510038164,-23.983,-29.051,3.38,-0.430,-0.436,-134.0,0,0.0000,0.00
15:49:33,22.263395930703417,84.90975489033853,-24.005,-29.073,3.38,-0.430,-0.436,-133.8,0,0.0000,0.00
15:49:33,22.263395733498054,84.90975468016713,-24.027,-29.095,3.38,-0.430,-0.436,-133.5,0,0.0000,0.00
15:49:33,22.263395536506405,84.90975447022348,-24.048,-29.117,3.38,-0.430,-0.436,-133.5,0,0.0000,0.00
15:49:33,22.263395387124856,84.90975424424362,-24.071,-29.134,3.38,-0.434,-0.422,-132.7,0,0.0063,0.00
15:49:33,22.2633951959804,84.90975403167933,-24.093,-29.155,3.38,-0.434,-0.422,-132.2,0,0.0000,0.00
15:49:33,22.263395005017557,84.90975381931702,-24.115,-29.176,3.42,-0.434,-0.422,-131.7,0,0.0000,0.00
15:49:33,22.263394814233607,84.90975360715363,-24.137,-29.198,3.42,-0.434,-0.422,-131.7,0,0.0000,0.00
15:49:33,22.26339462351652,84.90975339506461,-24.159,-29.219,3.42,-0.434,-0.422,-130.6,0,0.0000,0.00
15:49:33,22.263394432430793,84.90975318256565,-24.181,-29.240,3.42,-0.434,-0.422,-130.2,0,0.0000,0.00
15:49:33,22.26339424180044,84.90975297057308,-24.203,-29.261,3.42,-0.434,-0.422,-129.9,0,0.0000,0.00
15:49:33,22.263394050804166,84.90975275817358,-24.225,-29.283,3.42,-0.434,-0.422,-129.9,0,0.0000,0.00
15:49:33,22.26339386007533,84.9097525460715,-24.246,-29.304,3.42,-0.434,-0.422,-129.8,0,0.0000,0.00
15:49:33,22.263393669536235,84.90975233418042,-24.268,-29.325,3.42,-0.434,-0.422,-130.0,0,0.0000,0.00
15:49:33,22.263393478523696,84.90975212176284,-24.290,-29.346,3.42,-0.434,-0.422,-130.1,0,0.0000,0.00
15:49:33,22.263393352792455,84.90975182976133,-24.320,-29.360,3.43,-0.454,-0.404,-130.1,0,0.0064,0.00
15:49:33,22.263393169703964,84.90975160732431,-24.343,-29.381,3.43,-0.454,-0.404,-129.8,0,0.0000,0.00
15:49:33,22.263392986543625,84.9097513848,-24.366,-29.401,3.43,-0.454,-0.404,-129.4,0,0.0000,0.00
15:49:33,22.26339280324306,84.90975116210534,-24.389,-29.422,3.43,-0.454,-0.404,-128.8,0,0.0000,0.00
15:49:33,22.263392620250652,84.90975093978504,-24.412,-29.442,3.45,-0.454,-0.404,-128.8,0,0.0000,0.00
15:49:34,22.263392437259974,84.90975071746686,-24.435,-29.462,3.45,-0.454,-0.404,-127.7,0,0.0000,0.00
15:49:34,22.263392254547156,84.90975049548625,-24.458,-29.483,3.45,-0.454,-0.404,-127.3,0,0.0000,0.00
15:49:34,22.263392071872428,84.90975027355192,-24.481,-29.503,3.45,-0.454,-0.404,-127.0,0,0.0000,0.00
15:49:34,22.263391889290318,84.90975005173011,-24.503,-29.523,3.45,-0.454,-0.404,-127.0,0,0.0000,0.00
15:49:34,22.26339170683199,84.90974983005869,-24.526,-29.544,3.45,-0.454,-0.404,-126.8,0,0.0000,0.00
15:49:34,22.263391524339035,84.9097496083452,-24.549,-29.564,3.45,-0.454,-0.404,-126.8,0,0.0000,0.00
15:49:34,22.263391341331047,84.90974938600597,-24.572,-29.584,3.45,-0.454,-0.404,-126.5,0,0.0000,0.00
15:49:34,22.263391158551578,84.9097491639444,-24.595,-29.605,3.48,-0.454,-0.404,-126.5,0,0.0000,0.00
15:49:34,22.2633909753973,84.90974894142745,-24.618,-29.625,3.48,-0.454,-0.404,-126.3,0,0.0000,0.00
15:49:34,22.263390792137418,84.9097487187822,-24.641,-29.645,3.48,-0.454,-0.404,-125.8,0,0.0063,0.00
15:49:34,22.263390787446564,84.90974840003601,-24.674,-29.646,3.48,-0.474,-0.366,-125.8,0,0.0063,0.00
15:49:34,22.263390620317953,84.90974816613259,-24.698,-29.665,3.50,-0.474,-0.366,-124.5,0,0.0000,0.00
15:49:34,22.263390452285414,84.90974793096409,-24.722,-29.683,3.50,-0.474,-0.366,-123.5,0,0.0000,0.00
15:49:34,22.263390285489706,84.90974769752658,-24.746,-29.702,3.50,-0.474,-0.366,-122.5,0,0.0000,0.00
15:49:34,22.263389908839468,84.90974723011074,-24.794,-29.744,3.50,-0.475,-0.378,-120.8,0,0.0063,0.00
15:49:34,22.263389737305264,84.9097469975708,-24.818,-29.763,3.50,-0.475,-0.378,-120.2,0,0.0000,0.00
15:49:34,22.263389566177114,84.90974676558135,-24.842,-29.782,3.50,-0.475,-0.378,-120.0,0,0.0000,0.00
15:49:34,22.263389395112995,84.90974653367867,-24.866,-29.801,3.50,-0.475,-0.378,-120.0,0,0.0000,0.00
15:49:34,22.263389224232046,84.90974630202433,-24.890,-29.820,3.50,-0.475,-0.378,-120.4,0,0.0000,0.00
15:49:34,22.263389053234388,84.90974607021175,-24.914,-29.839,3.54,-0.475,-0.378,-120.6,0,0.0000,0.00
15:49:35,22.263388881915777,84.9097458379641,-24.938,-29.858,3.54,-0.475,-0.378,-119.9,0,0.0000,0.00
15:49:35,22.26338871072279,84.90974560588673,-24.961,-29.877,3.54,-0.475,-0.378,-119.9,0,0.0000,0.00
15:49:35,22.26338853924694,84.9097453734259,-24.985,-29.896,3.54,-0.475,-0.378,-119.1,0,0.0000,0.00
15:49:35,22.263388368137434,84.90974514146171,-25.009,-29.915,3.54,-0.475,-0.378,-118.1,0,0.0000,0.00
15:49:35,22.263388196332528,84.9097449085548,-25.033,-29.934,3.54,-0.475,-0.378,-115.9,0,0.0000,0.00
15:49:35,22.26338802495232,84.90974467622364,-25.057,-29.953,3.54,-0.475,-0.378,-115.9,0,0.0000,0.00
15:49:35,22.263387853720428,84.90974444409353,-25.081,-29.972,3.54,-0.475,-0.378,-115.0,0,0.0000,0.00
15:49:35,22.26338768215624,84.90974421151294,-25.105,-29.992,3.54,-0.475,-0.378,-114.3,0,0.0000,0.00
15:49:35,22.26338751045102,84.90974397874118,-25.129,-30.011,3.54,-0.475,-0.378,-112.9,0,0.0000,0.00
15:49:35,22.26338733949551,84.90974374698575,-25.153,-30.030,3.54,-0.475,-0.378,-112.9,0,0.0000,0.00
15:49:35,22.26338716815177,84.90974351470402,-25.177,-30.049,3.54,-0.475,-0.378,-112.0,0,0.0000,0.00
15:49:35,22.263386996893132,84.90974328253766,-25.201,-30.068,3.57,-0.475,-0.378,-111.1,0,0.0000,0.00
15:49:35,22.263386825165224,84.90974304973513,-25.225,-30.087,3.57,-0.475,-0.378,-108.8,0,0.0000,0.00
15:49:35,22.263386653336003,84.90974281679526,-25.249,-30.106,3.57,-0.475,-0.378,-108.8,0,0.0000,0.00
15:49:35,22.263386482203803,84.9097425848003,-25.273,-30.125,3.57,-0.475,-0.378,-107.5,0,0.0000,0.00
15:49:35,22.263386310902213,84.9097423525757,-25.297,-30.144,3.57,-0.475,-0.378,-106.3,0,0.0000,0.00
15:49:35,22.263386139496067,84.90974212020937,-25.321,-30.163,3.57,-0.475,-0.378,-103.7,0,0.0000,0.00
15:49:35,22.26338596825769,84.90974188807049,-25.344,-30.182,3.57,-0.475,-0.378,-103.7,0,0.0000,0.00
15:49:35,22.26338579683939,84.90974165568767,-25.368,-30.201,3.57,-0.475,-0.378,-102.5,0,0.0000,0.00
15:49:35,22.26338562566261,84.90974142363228,-25.392,-30.221,3.57,-0.475,-0.378,-101.3,0,0.0000,0.00
15:49:36,22.263385454151102,84.90974119112312,-25.416,-30.240,3.60,-0.475,-0.378,-99.4,0,0.0000,0.00
15:49:36,22.263385282625816,84.90974095859526,-25.440,-30.259,3.60,-0.475,-0.378,-99.4,0,0.0000,0.00
15:49:36,22.263385111309635,84.9097407263509,-25.464,-30.278,3.60,-0.475,-0.378,-98.5,0,0.0000,0.00
15:49:36,22.263384939837838,84.90974049389557,-25.488,-30.297,3.60,-0.475,-0.378,-97.6,0,0.0000,0.00
15:49:36,22.263384768057247,84.90974026102162,-25.512,-30.316,3.61,-0.475,-0.378,-95.8,0,0.0000,0.00
15:49:36,22.26338459674431,84.90974002878164,-25.536,-30.335,3.61,-0.475,-0.378,-95.8,0,0.0000,0.00
15:49:36,22.26338442579447,84.90973979703391,-25.560,-30.354,3.61,-0.475,-0.378,-94.9,0,0.0000,0.00
15:49:36,22.26338425454637,84.90973956488183,-25.584,-30.373,3.61,-0.475,-0.378,-93.1,0,0.0000,0.00
15:49:36,22.263384083128066,84.90973933249902,-25.608,-30.392,3.61,-0.475,-0.378,-92.1,0,0.0000,0.00
15:49:36,22.263383911765686,84.90973910019201,-25.632,-30.411,3.61,-0.475,-0.378,-92.1,0,0.0000,0.00
15:49:36,22.263383740911483,84.90973886857392,-25.655,-30.430,3.61,-0.475,-0.378,-91.0,0,0.0000,0.00
15:49:36,22.26338356925571,84.90973863586919,-25.679,-30.449,3.61,-0.475,-0.378,-88.6,0,0.0000,0.00
15:49:36,22.26338339772556,84.90973840333474,-25.703,-30.469,3.61,-0.475,-0.378,-88.6,0,0.0000,0.00
15:49:36,22.263383226607136,84.90973817135847,-25.727,-30.488,3.63,-0.475,-0.378,-87.5,0,0.0000,0.00
15:49:36,22.263383055210717,84.90973793900532,-25.751,-30.507,3.63,-0.475,-0.378,-86.3,0,0.0000,0.00
15:49:36,22.26338288394965,84.90973770683566,-25.775,-30.526,3.63,-0.475,-0.378,-84.3,0,0.0000,0.00
15:49:36,22.263382712595373,84.90973747453965,-25.799,-30.545,3.63,-0.475,-0.378,-84.3,0,0.0000,0.00
15:49:36,22.263382541828705,84.90973724304023,-25.823,-30.564,3.65,-0.475,-0.378,-83.4,0,0.0000,0.00
15:49:36,22.263382370452547,84.90973701071455,-25.847,-30.583,3.65,-0.475,-0.378,-81.8,0,0.0000,0.00
15:49:36,22.26338219927901,84.90973677866356,-25.871,-30.602,3.65,-0.475,-0.378,-81.1,0,0.0000,0.00
15:49:37,22.263382027977418,84.90973654643896,-25.895,-30.621,3.65,-0.475,-0.378,-81.1,0,0.0000,0.00
15:49:37,22.263381856993536,84.90973631464507,-25.919,-30.640,3.65,-0.475,-0.378,-80.3,0,0.0000,0.00
15:49:37,22.263381685840265,84.90973608262155,-25.943,-30.659,3.65,-0.475,-0.378,-78.6,0,0.0000,0.00
15:49:37,22.26338151480289,84.90973585075514,-25.966,-30.678,3.65,-0.475,-0.378,-77.8,0,0.0000,0.00
15:49:37,22.26338134381739,84.90973561895905,-25.990,-30.697,3.65,-0.475,-0.378,-77.8,0,0.0000,0.00
15:49:37,22.263381172816487,84.90973538714209,-26.014,-30.716,3.69,-0.475,-0.378,-77.0,0,0.0000,0.00
15:49:37,22.263381001860974,84.90973515538666,-26.038,-30.735,3.69,-0.475,-0.378,-75.5,0,0.0000,0.00
15:49:37,22.26338083062341,84.90973492324886,-26.062,-30.754,3.69,-0.475,-0.378,-75.5,0,0.0000,0.00
15:49:37,22.26338065987295,84.9097346917714,-26.086,-30.773,3.69,-0.475,-0.378,-74.8,0,0.0000,0.00
15:49:37,22.263380488512194,84.9097344594666,-26.110,-30.792,3.69,-0.475,-0.378,-74.2,0,0.0000,0.00
15:49:37,22.263380317296512,84.90973422735848,-26.134,-30.811,3.70,-0.475,-0.378,-72.7,0,0.0000,0.00
15:49:37,22.263380145843357,84.90973399492842,-26.158,-30.831,3.70,-0.475,-0.378,-71.9,0,0.0000,0.00
15:49:37,22.263379974609848,84.90973376279612,-26.181,-30.850,3.70,-0.475,-0.378,-71.9,0,0.0000,0.00
15:49:37,22.26337980386668,84.90973353132856,-26.205,-30.869,3.70,-0.475,-0.378,-70.9,0,0.0000,0.00
15:49:37,22.263379632768522,84.90973329937975,-26.229,-30.888,3.70,-0.475,-0.378,-69.0,0,0.0000,0.00
15:49:37,22.26337946145315,84.90973306713647,-26.253,-30.907,3.70,-0.475,-0.378,-68.1,0,0.0000,0.00
15:49:37,22.263379290280426,84.90973283508657,-26.277,-30.926,3.70,-0.475,-0.378,-68.1,0,0.0000,0.00
15:49:37,22.263379118901025,84.9097326027565,-26.301,-30.945,3.70,-0.475,-0.378,-67.2,0,0.0000,0.00
15:49:37,22.263378947541888,84.9097323704539,-26.325,-30.964,3.72,-0.475,-0.378,-65.6,0,0.0000,0.00
15:49:37,22.263378776055504,84.90973213797879,-26.349,-30.983,3.72,-0.475,-0.378,-64.8,0,0.0000,0.00
15:49:38,22.263378604971123,84.90973190604866,-26.373,-31.002,3.72,-0.475,-0.378,-64.8,0,0.0000,0.00
15:49:38,22.263378433828386,84.90973167403942,-26.397,-31.021,3.72,-0.475,-0.378,-63.3,0,0.0000,0.00
15:49:38,22.26337826243926,84.90973144169617,-26.421,-31.040,3.74,-0.475,-0.378,-62.4,0,0.0000,0.00
15:49:38,22.263378090946393,84.90973120921227,-26.445,-31.059,3.74,-0.475,-0.378,-62.4,0,0.0000,0.00
15:49:38,22.26337791992037,84.90973097736125,-26.468,-31.078,3.74,-0.475,-0.378,-61.5,0,0.0000,0.00
15:49:38,22.263377748707118,84.90973074525641,-26.492,-31.097,3.74,-0.475,-0.378,-59.7,0,0.0000,0.00
15:49:38,22.263377577558707,84.90973051323948,-26.516,-31.116,3.74,-0.475,-0.378,-58.9,0,0.0000,0.00
15:49:38,22.263377405658165,84.90973028020292,-26.540,-31.136,3.74,-0.475,-0.378,-58.9,0,0.0000,0.00
15:49:38,22.263377234261746,84.90973004784978,-26.564,-31.155,3.74,-0.475,-0.378,-58.1,0,0.0000,0.00
15:49:38,22.26337706257436,84.90972981510218,-26.588,-31.174,3.74,-0.475,-0.378,-56.6,0,0.0000,0.00
15:49:38,22.26337689134571,84.90972958297648,-26.612,-31.193,3.74,-0.475,-0.378,-55.9,0,0.0000,0.00
15:49:38,22.263376719574037,84.90972935011462,-26.636,-31.212,3.76,-0.475,-0.378,-55.9,0,0.0000,0.00
15:49:38,22.263376548046317,84.90972911758347,-26.660,-31.231,3.76,-0.475,-0.378,-55.1,0,0.0000,0.00
15:49:38,22.263376376414858,84.90972888491169,-26.684,-31.250,3.76,-0.475,-0.378,-53.4,0,0.0000,0.00
15:49:38,22.263376205311022,84.9097286529552,-26.708,-31.269,3.76,-0.475,-0.378,-52.4,0,0.0000,0.00
15:49:38,22.26337603359365,84.90972842016694,-26.732,-31.288,3.76,-0.475,-0.378,-52.4,0,0.0000,0.00
15:49:38,22.263389915185584,84.90972754110031,-26.822,-29.743,3.76,-0.506,0.354,-51.5,0,0.0066,0.00
15:49:38,22.26339007634726,84.9097272919636,-26.848,-29.725,3.76,-0.506,0.354,-49.6,0,0.0000,0.00
15:49:38,22.263390236327393,84.90972704465341,-26.874,-29.707,3.76,-0.506,0.354,-48.6,0,0.0000,0.00
15:49:39,22.26339039657792,84.90972679692523,-26.899,-29.689,3.79,-0.506,0.354,-47.7,0,0.0000,0.00
15:49:39,22.263390556740585,84.90972654933287,-26.925,-29.672,3.79,-0.506,0.354,-47.7,0,0.0000,0.00
15:49:39,22.26339140977239,84.90972657003066,-26.923,-29.577,3.79,-0.483,0.416,-46.0,0,0.0066,0.00
15:49:39,22.263391598855115,84.90972633276672,-26.947,-29.556,3.79,-0.483,0.416,-45.3,0,0.0000,0.00
15:49:39,22.263391787780016,84.90972609570083,-26.971,-29.535,3.80,-0.483,0.416,-45.3,0,0.0000,0.00
15:49:39,22.263391976271556,84.90972585917874,-26.996,-29.514,3.80,-0.483,0.416,-43.8,0,0.0000,0.00
15:49:39,22.263392165020793,84.90972562233327,-27.020,-29.493,3.80,-0.483,0.416,-43.0,0,0.0000,0.00
15:49:39,22.263392553877168,84.90972559109309,-27.023,-29.449,3.80,-0.451,0.450,-42.1,0,0.0068,0.00
15:49:39,22.263392759181542,84.90972536863292,-27.046,-29.426,3.80,-0.451,0.450,-42.1,0,0.0000,0.00
15:49:39,22.263392963114804,84.90972514765843,-27.069,-29.404,3.80,-0.451,0.450,-40.2,0,0.0000,0.00
15:49:39,22.263393166841723,84.90972492690753,-27.092,-29.381,3.80,-0.451,0.450,-39.3,0,0.0000,0.00
15:49:39,22.263393370815482,84.90972470588916,-27.115,-29.358,3.80,-0.451,0.450,-38.3,0,0.0000,0.00
15:49:39,22.2633935750679,84.90972448456886,-27.137,-29.336,3.80,-0.451,0.450,-38.3,0,0.0000,0.00
15:49:39,22.263393778655008,84.90972426396945,-27.160,-29.313,3.83,-0.451,0.450,-36.6,0,0.0000,0.00
15:49:39,22.263393982465814,84.90972404312765,-27.183,-29.290,3.83,-0.451,0.450,-35.7,0,0.0000,0.00
15:49:39,22.26339418614067,84.90972382243318,-27.206,-29.268,3.83,-0.451,0.450,-35.0,0,0.0000,0.00
15:49:39,22.263394389928333,84.90972360161645,-27.228,-29.245,3.83,-0.451,0.450,-35.0,0,0.0000,0.00
15:49:39,22.263394593118186,84.90972338144749,-27.251,-29.222,3.86,-0.451,0.450,-33.4,0,0.0000,0.00
15:49:39,22.263394796596337,84.90972316096615,-27.274,-29.200,3.86,-0.451,0.450,-32.7,0,0.0000,0.00
15:49:39,22.263395000457283,84.90972294007003,-27.296,-29.177,3.86,-0.451,0.450,-31.9,0,0.0000,0.00
15:49:40,22.263395203947006,84.90972271957614,-27.319,-29.154,3.86,-0.451,0.450,-31.9,0,0.0000,0.00
15:49:40,22.26339540713011,84.9097224994145,-27.342,-29.132,3.86,-0.451,0.450,-30.1,0,0.0000,0.00
15:49:40,22.26339561097177,84.90972227853928,-27.365,-29.109,3.86,-0.451,0.450,-29.2,0,0.0000,0.00
15:49:40,22.263395814477885,84.90972205802763,-27.387,-29.086,3.86,-0.451,0.450,-28.3,0,0.0000,0.00
15:49:40,22.263396017925185,84.90972183757972,-27.410,-29.064,3.86,-0.451,0.450,-28.3,0,0.0000,0.00
15:49:40,22.26339622163282,84.90972161684971,-27.433,-29.041,3.89,-0.451,0.450,-26.5,0,0.0000,0.00
15:49:40,22.263396425335635,84.90972139612494,-27.456,-29.018,3.89,-0.451,0.450,-25.6,0,0.0000,0.00
15:49:40,22.263396628750147,84.90972117571255,-27.478,-28.996,3.89,-0.451,0.450,-23.9,0,0.0000,0.00
15:49:40,22.26339683240861,84.90972095503582,-27.501,-28.973,3.89,-0.451,0.450,-23.9,0,0.0000,0.00
15:49:40,22.26339703549722,84.90972073497657,-27.524,-28.950,3.89,-0.451,0.450,-23.1,0,0.0000,0.00
15:49:40,22.263397238837488,84.90972051464463,-27.546,-28.928,3.91,-0.451,0.450,-22.2,0,0.0000,0.00
15:49:40,22.263397442716755,84.90972029372865,-27.569,-28.905,3.91,-0.451,0.450,-21.4,0,0.0000,0.00
15:49:40,22.263397646521778,84.90972007289312,-27.592,-28.882,3.91,-0.451,0.450,-21.4,0,0.0000,0.00
15:49:40,22.263397849930506,84.909719852487,-27.615,-28.860,3.91,-0.451,0.450,-19.8,0,0.0000,0.00
15:49:40,22.263398053652605,84.90971963174132,-27.637,-28.837,3.91,-0.451,0.450,-18.9,0,0.0000,0.00
15:49:40,22.263398257582008,84.90971941077102,-27.660,-28.814,3.91,-0.451,0.450,-17.3,0,0.0000,0.00
15:49:40,22.263398461012915,84.90971919034087,-27.683,-28.792,3.91,-0.451,0.450,-17.3,0,0.0000,0.00
15:49:40,22.26339866459906,84.90971896974251,-27.705,-28.769,3.91,-0.451,0.450,-16.5,0,0.0000,0.00
15:49:40,22.263399951234643,84.90972085857501,-27.511,-28.626,3.95,-0.208,0.585,-15.6,0,0.0064,0.00
15:49:40,22.263400216802026,84.90972075664996,-27.521,-28.596,3.95,-0.208,0.585,-14.5,0,0.0000,0.00
15:49:41,22.26340048124144,84.90972065515781,-27.532,-28.567,3.95,-0.208,0.585,-14.5,0,0.0000,0.00
15:49:41,22.26340074544649,84.90972055375562,-27.542,-28.537,3.95,-0.208,0.585,-14.2,0,0.0000,0.00
15:49:41,22.2634010099022,84.90972045225723,-27.553,-28.508,3.95,-0.208,0.585,-14.1,0,0.0000,0.00
15:49:41,22.263400718409656,84.90972072922231,-27.524,-28.540,3.95,-0.142,0.481,-14.0,0,0.0057,0.00
15:49:41,22.26340093679549,84.90972065944905,-27.531,-28.516,3.95,-0.142,0.481,-14.0,0,0.0000,0.00
15:49:41,22.263401154283095,84.90972058996276,-27.539,-28.492,3.95,-0.142,0.481,-14.0,0,0.0000,0.00
15:49:41,22.26340137164915,84.90972052051531,-27.546,-28.468,3.99,-0.142,0.481,-13.9,0,0.0000,0.00
15:49:41,22.263401589411785,84.90972045094115,-27.553,-28.443,3.99,-0.142,0.481,-13.5,0,0.0000,0.00
15:49:41,22.263401503378812,84.90972052002132,-27.546,-28.453,3.99,-0.106,0.396,-13.5,0,0.0055,0.00
15:49:41,22.26340168324438,84.90972046782142,-27.551,-28.433,3.99,-0.106,0.396,-13.3,0,0.0000,0.00
15:49:41,22.263401862592197,84.90972041577177,-27.557,-28.413,3.99,-0.106,0.396,-13.0,0,0.0000,0.00
15:49:41,22.263402041886543,84.90972036373765,-27.562,-28.393,4.02,-0.106,0.396,-12.2,0,0.0000,0.00
15:49:41,22.263402221017923,84.90972031175082,-27.567,-28.373,4.02,-0.106,0.396,-12.2,0,0.0000,0.00
15:49:41,22.263402400180713,84.90972025975488,-27.573,-28.353,4.02,-0.106,0.396,-11.8,0,0.0000,0.00
15:49:41,22.263402579525135,84.90972020770621,-27.578,-28.333,4.02,-0.106,0.396,-11.4,0,0.0000,0.00
15:49:41,22.263402759059684,84.90972015560239,-27.583,-28.313,4.02,-0.106,0.396,-10.9,0,0.0000,0.00
15:49:41,22.263402938285278,84.90972010358821,-27.589,-28.293,4.02,-0.106,0.396,-10.9,0,0.0000,0.00
15:49:41,22.263403117405627,84.90972005160458,-27.594,-28.273,4.02,-0.106,0.396,-9.9,0,0.0000,0.00
15:49:41,22.263403296803524,84.90971999954041,-27.599,-28.253,4.02,-0.106,0.396,-9.3,0,0.0000,0.00
15:49:41,22.263403128090854,84.90971989901409,-27.610,-28.272,4.07,-0.119,0.302,-8.2,0,0.0062,0.00
15:49:42,22.263403265157297,84.90971984074736,-27.616,-28.257,4.07,-0.119,0.302,-8.2,0,0.0000,0.00
15:49:42,22.263403401598545,84.9097197827464,-27.622,-28.242,4.07,-0.119,0.302,-7.7,0,0.0000,0.00
15:49:42,22.263403538178004,84.90971972468668,-27.628,-28.227,4.07,-0.119,0.302,-7.2,0,0.0000,0.00
15:49:42,22.263403674643794,84.90971966667527,-27.634,-28.211,4.07,-0.119,0.302,-6.1,0,0.0000,0.00
15:49:42,22.26340369208771,84.9097195694874,-27.644,-28.209,4.10,-0.130,0.263,-6.1,0,0.0053,0.00
15:49:42,22.263403811646356,84.90971950537715,-27.650,-28.196,4.10,-0.130,0.263,-5.5,0,0.0000,0.00
15:49:42,22.263403930698853,84.90971944153833,-27.657,-28.183,4.10,-0.130,0.263,-5.0,0,0.0000,0.00
15:49:42,22.26340404984256,84.90971937765059,-27.663,-28.170,4.10,-0.130,0.263,-3.9,0,0.0000,0.00
15:49:42,22.26340416884608,84.90971931383802,-27.670,-28.156,4.10,-0.130,0.263,-3.3,0,0.0000,0.00
15:49:42,22.263404287876057,84.90971925001126,-27.677,-28.143,4.10,-0.130,0.263,-3.3,0,0.0000,0.00
15:49:42,22.26340440696853,84.90971918615101,-27.683,-28.130,4.10,-0.130,0.263,-2.8,0,0.0000,0.00
15:49:42,22.263404526132504,84.9097191222524,-27.690,-28.117,4.10,-0.130,0.263,-1.6,0,0.0000,0.00
15:49:42,22.263404645042563,84.90971905848996,-27.696,-28.103,4.15,-0.130,0.263,-1.0,0,0.0000,0.00
15:49:42,22.263404764158683,84.90971899461701,-27.703,-28.090,4.15,-0.130,0.263,-1.0,0,0.0000,0.00
15:49:42,22.26340471075172,84.90971886235634,-27.717,-28.096,4.15,-0.149,0.212,-0.4,0,0.0041,0.00
15:49:42,22.263404807440974,84.90971878894425,-27.724,-28.085,4.15,-0.149,0.212,0.2,0,0.0000,0.00
15:49:42,22.263404903634292,84.9097187159087,-27.732,-28.074,4.21,-0.149,0.212,1.6,0,0.0000,0.00
15:49:42,22.263404999631234,84.90971864302225,-27.739,-28.064,4.21,-0.149,0.212,1.6,0,0.0000,0.00
15:49:42,22.26340509551771,84.90971857021965,-27.747,-28.053,4.21,-0.149,0.212,2.2,0,0.0000,0.00
15:49:43,22.263405124940224,84.9097184750955,-27.756,-28.050,4.21,-0.156,0.189,3.7,0,0.0043,0.00
15:49:43,22.263405211192786,84.90971839827398,-27.764,-28.040,4.21,-0.156,0.189,4.4,0,0.0000,0.00
15:49:43,22.263405296954033,84.90971832189007,-27.772,-28.031,4.21,-0.156,0.189,4.4,0,0.0000,0.00
15:49:43,22.26340538277208,84.90971824545557,-27.780,-28.021,4.21,-0.156,0.189,5.1,0,0.0000,0.00
15:49:43,22.263405468584445,84.90971816902612,-27.788,-28.012,4.21,-0.156,0.189,6.7,0,0.0000,0.00
15:49:43,22.263405490947317,84.90971809504114,-27.796,-28.009,4.21,-0.155,0.165,6.7,0,0.0047,0.00
15:49:43,22.263405565826194,84.90971801884575,-27.803,-28.001,4.27,-0.155,0.165,7.5,0,0.0000,0.00
15:49:43,22.26340564046415,84.90971794289553,-27.811,-27.992,4.27,-0.155,0.165,8.2,0,0.0000,0.00
15:49:43,22.26340571502757,84.90971786702113,-27.819,-27.984,4.27,-0.155,0.165,9.8,0,0.0000,0.00
15:49:43,22.263405789587814,84.90971779114997,-27.827,-27.976,4.27,-0.155,0.165,9.8,0,0.0000,0.00
15:49:43,22.26340587967232,84.9097177455576,-27.832,-27.966,4.33,-0.144,0.171,10.6,0,0.0054,0.00
15:49:43,22.26340595755972,84.90971767492495,-27.839,-27.957,4.33,-0.144,0.171,11.5,0,0.0000,0.00
15:49:43,22.263406035175148,84.90971760453894,-27.846,-27.949,4.33,-0.144,0.171,13.3,0,0.0000,0.00
15:49:43,22.263406112572923,84.9097175343503,-27.853,-27.940,4.33,-0.144,0.171,13.3,0,0.0000,0.00
15:49:43,22.263406189867567,84.9097174642552,-27.861,-27.931,4.33,-0.144,0.171,14.2,0,0.0000,0.00
15:49:43,22.263406281302952,84.90971736967862,-27.870,-27.921,4.33,-0.153,0.177,15.1,0,0.0159,0.00
15:49:43,22.263406361706824,84.90971729453052,-27.878,-27.912,4.33,-0.153,0.177,17.1,0,0.0000,0.00
15:49:43,22.263406441925095,84.90971721955592,-27.886,-27.903,4.33,-0.153,0.177,17.1,0,0.0000,0.00
15:49:43,22.26340652202874,84.90971714468843,-27.894,-27.894,4.33,-0.153,0.177,18.1,0,0.0000,0.00
15:49:43,22.263406602139217,84.90971706981456,-27.901,-27.885,4.42,-0.153,0.177,20.1,0,0.0000,0.00
15:49:44,22.263406645496953,84.90971703142746,-27.905,-27.881,4.42,-0.139,0.162,21.1,0,0.0068,0.00
15:49:44,22.263406718897656,84.90971696323321,-27.912,-27.872,4.42,-0.139,0.162,21.1,0,0.0000,0.00
15:49:44,22.26340679209925,84.90971689522395,-27.919,-27.864,4.42,-0.139,0.162,22.1,0,0.0000,0.00
15:49:44,22.263406865186575,84.90971682732085,-27.926,-27.856,4.42,-0.139,0.162,24.1,0,0.0000,0.00
15:49:44,22.263406938362895,84.90971675933508,-27.933,-27.848,4.42,-0.139,0.162,25.1,0,0.0000,0.00
15:49:44,22.26340687893464,84.90971665740254,-27.944,-27.855,4.42,-0.152,0.105,25.1,0,0.0061,0.00
15:49:44,22.263406926784175,84.90971658267817,-27.951,-27.849,4.42,-0.152,0.105,26.1,0,0.0000,0.00
15:49:44,22.263406974528515,84.90971650811807,-27.959,-27.844,4.47,-0.152,0.105,28.0,0,0.0000,0.00
15:49:44,22.26340702226179,84.90971643357524,-27.967,-27.839,4.47,-0.152,0.105,28.0,0,0.0000,0.00
15:49:44,22.26340706983366,84.90971635928449,-27.974,-27.833,4.47,-0.152,0.105,29.0,0,0.0000,0.00
15:49:44,22.263407117577774,84.90971628472474,-27.982,-27.828,4.47,-0.152,0.105,31.0,0,0.0000,0.00
15:49:44,22.26340716528509,84.90971621022246,-27.990,-27.823,4.52,-0.152,0.105,32.0,0,0.0000,0.00
15:49:44,22.263407213151556,84.90971613547164,-27.997,-27.817,4.52,-0.152,0.105,32.0,0,0.0000,0.00
15:49:44,22.263407260826817,84.90971606101941,-28.005,-27.812,4.52,-0.152,0.105,32.9,0,0.0000,0.00
15:49:44,22.26340730862511,84.90971598637506,-28.013,-27.807,4.52,-0.152,0.105,35.0,0,0.0000,0.00
15:49:44,22.263407356324752,84.90971591188477,-28.021,-27.801,4.52,-0.152,0.105,36.0,0,0.0000,0.00
15:49:44,22.263407404120784,84.90971583724394,-28.028,-27.796,4.52,-0.152,0.105,36.0,0,0.0000,0.00
15:49:44,22.263407451886795,84.90971576265,-28.036,-27.791,4.52,-0.152,0.105,37.0,0,0.0000,0.00
15:49:44,22.26340749971872,84.90971568795312,-28.044,-27.786,4.52,-0.152,0.105,39.0,0,0.0000,0.00
15:49:44,22.263407547533717,84.90971561328269,-28.051,-27.780,4.52,-0.152,0.105,40.0,0,0.0000,0.00
15:49:45,22.26340759537016,84.90971553857875,-28.059,-27.775,4.60,-0.152,0.105,40.0,0,0.0000,0.00
15:49:45,22.263407643107954,84.90971546402888,-28.067,-27.770,4.60,-0.152,0.105,41.0,0,0.0000,0.00
15:49:45,22.263407691000154,84.90971538923786,-28.074,-27.764,4.60,-0.152,0.105,43.1,0,0.0000,0.00
15:49:45,22.263407738762325,84.90971531464992,-28.082,-27.759,4.60,-0.152,0.105,44.1,0,0.0000,0.00
15:49:45,22.263407786472126,84.90971524014375,-28.090,-27.754,4.66,-0.152,0.105,44.1,0,0.0000,0.00
15:49:45,22.263407834185536,84.90971516563197,-28.097,-27.748,4.66,-0.152,0.105,45.2,0,0.0000,0.00
15:49:45,22.263407920356766,84.90971528841679,-28.085,-27.739,4.66,-0.119,0.112,47.2,0,0.0065,0.00
15:49:45,22.26340797162384,84.90971522972576,-28.091,-27.733,4.66,-0.119,0.112,48.2,0,0.0000,0.00
15:49:45,22.263408022562626,84.90971517141058,-28.097,-27.727,4.66,-0.119,0.112,48.2,0,0.0000,0.00
15:49:45,22.26340807349756,84.9097151130998,-28.103,-27.722,4.66,-0.119,0.112,50.1,0,0.0000,0.00
15:49:45,22.26340812437617,84.90971505485349,-28.109,-27.716,4.66,-0.119,0.112,51.1,0,0.0000,0.00
15:49:45,22.263408208123472,84.909715036531,-28.111,-27.707,4.66,-0.110,0.120,52.1,0,0.0025,0.00
15:49:45,22.263408263067888,84.90971498234529,-28.116,-27.701,4.66,-0.110,0.120,52.1,0,0.0000,0.00
15:49:45,22.263408317545306,84.90971492862013,-28.122,-27.694,4.71,-0.110,0.120,53.1,0,0.0000,0.00
15:49:45,22.263408372154306,84.90971487476521,-28.127,-27.688,4.71,-0.110,0.120,55.1,0,0.0000,0.00
15:49:45,22.263408426740604,84.90971482093269,-28.133,-27.682,4.71,-0.110,0.120,56.1,0,0.0000,0.00
15:49:45,22.263408489580975,84.90971481049446,-28.134,-27.675,4.71,-0.097,0.123,57.1,0,0.0031,0.00
15:49:45,22.26340854563619,84.9097147629019,-28.139,-27.669,4.79,-0.097,0.123,57.1,0,0.0000,0.00
15:49:45,22.263408601399355,84.90971471555729,-28.144,-27.663,4.79,-0.097,0.123,58.9,0,0.0000,0.00
15:49:45,22.26340865723956,84.90971466814727,-28.149,-27.657,4.79,-0.097,0.123,59.9,0,0.0000,0.00
15:49:46,22.263408713216943,84.90971462062078,-28.154,-27.650,4.79,-0.097,0.123,59.9,0,0.0000,0.00
15:49:46,22.263408768922865,84.90971457332478,-28.158,-27.644,4.79,-0.097,0.123,60.9,0,0.0000,0.00
15:49:46,22.26340882479288,84.90971452588946,-28.163,-27.638,4.79,-0.097,0.123,63.0,0,0.0000,0.00
15:49:46,22.26340888060116,84.90971447850654,-28.168,-27.632,4.79,-0.097,0.123,64.5,0,0.0000,0.00
15:49:46,22.263408936244552,84.90971443126362,-28.173,-27.626,4.79,-0.097,0.123,64.5,0,0.0000,0.00
15:49:46,22.26340899192462,84.90971438398957,-28.178,-27.619,4.84,-0.097,0.123,69.5,0,0.0000,0.00
15:49:46,22.263409047614974,84.90971433670677,-28.183,-27.613,4.84,-0.097,0.123,72.3,0,0.0000,0.00
15:49:46,22.263409103343847,84.90971428939129,-28.188,-27.607,4.84,-0.097,0.123,75.4,0,0.0000,0.00
15:49:46,22.263409159081686,84.90971424206818,-28.193,-27.601,4.84,-0.097,0.123,75.4,0,0.0000,0.00
15:49:46,22.263409214692103,84.90971419485325,-28.197,-27.595,4.84,-0.097,0.123,81.4,0,0.0000,0.00
15:49:46,22.263409270340777,84.90971414760585,-28.202,-27.588,4.84,-0.097,0.123,84.2,0,0.0000,0.00
15:49:46,22.263409326043003,84.90971410031298,-28.207,-27.582,4.84,-0.097,0.123,86.8,0,0.0000,0.00
15:49:46,22.26340938175235,84.90971405301407,-28.212,-27.576,4.84,-0.097,0.123,86.8,0,0.0000,0.00
15:49:46,22.26340943762421,84.90971400557717,-28.217,-27.570,4.84,-0.097,0.123,91.4,0,0.0000,0.00
15:49:46,22.263409493405582,84.90971395821711,-28.222,-27.564,4.91,-0.097,0.123,93.3,0,0.0000,0.00
15:49:46,22.263409549233913,84.90971391081717,-28.227,-27.557,4.91,-0.097,0.123,94.7,0,0.0000,0.00
15:49:46,22.263409604903163,84.90971386355231,-28.232,-27.551,4.91,-0.097,0.123,94.7,0,0.0000,0.00
15:49:46,22.26340966050672,84.90971381634321,-28.236,-27.545,4.91,-0.097,0.123,96.5,0,0.0000,0.00
15:49:46,22.263409716326347,84.90971376895067,-28.241,-27.539,4.96,-0.097,0.123,97.1,0,0.0000,0.00
15:49:46,22.26340977224833,84.90971372147122,-28.246,-27.533,4.96,-0.097,0.123,97.1,0,0.0000,0.00
15:49:47,22.2634098279896,84.9097136741452,-28.251,-27.526,4.96,-0.097,0.123,98.0,0,0.0000,0.00
15:49:47,22.263409883708185,84.90971362683844,-28.256,-27.520,4.96,-0.097,0.123,98.4,0,0.0000,0.00
15:49:47,22.263408904726756,84.90971663852439,-27.946,-27.629,4.96,0.329,-0.033,98.7,0,0.0042,0.00
15:49:47,22.26340888993592,84.9097168003627,-27.929,-27.631,4.96,0.329,-0.033,98.7,0,0.0000,0.00
15:49:47,22.26340887524123,84.90971696114904,-27.912,-27.632,4.96,0.329,-0.033,99.4,0,0.0000,0.00
15:49:47,22.26340886049154,84.90971712253717,-27.896,-27.634,4.96,0.329,-0.033,99.7,0,0.0000,0.00
15:49:47,22.26340884578216,84.90971728348424,-27.879,-27.636,4.98,0.329,-0.033,100.1,0,0.0000,0.00
15:49:47,22.26340868782464,84.90971780913476,-27.825,-27.653,4.98,0.402,-0.063,100.1,0,0.0045,0.00
15:49:47,22.26340865903919,84.90971800621813,-27.805,-27.656,4.98,0.402,-0.063,100.9,0,0.0000,0.00
15:49:47,22.263408630268955,84.90971820319727,-27.784,-27.660,4.98,0.402,-0.063,101.3,0,0.0000,0.00
15:49:47,22.263408601452117,84.90971840049555,-27.764,-27.663,4.98,0.402,-0.063,101.8,0,0.0000,0.00
15:49:47,22.263408572679573,84.90971859749051,-27.744,-27.666,5.01,0.402,-0.063,101.8,0,0.0000,0.00
15:49:47,22.263408544020088,84.90971879371143,-27.724,-27.669,5.01,0.402,-0.063,102.8,0,0.0000,0.00
15:49:47,22.2634085153606,84.90971898993234,-27.703,-27.672,5.01,0.402,-0.063,103.4,0,0.0000,0.00
15:49:47,22.263408486642547,84.90971918655424,-27.683,-27.676,5.01,0.402,-0.063,103.9,0,0.0000,0.00
15:49:47,22.26340845795371,84.90971938297612,-27.663,-27.679,5.01,0.402,-0.063,105.0,0,0.0000,0.00
15:49:47,22.263408429293815,84.90971957919983,-27.643,-27.682,5.01,0.402,-0.063,105.0,0,0.0000,0.00
15:49:47,22.26340818766929,84.90972008651177,-27.590,-27.709,5.01,0.478,-0.119,105.5,0,0.0053,0.00
15:49:47,22.263408133503493,84.90972032061121,-27.566,-27.715,5.01,0.478,-0.119,106.1,0,0.0000,0.00
15:49:48,22.263408079436193,84.90972055428497,-27.542,-27.721,5.06,0.478,-0.119,107.4,0,0.0000,0.00
15:49:48,22.263408025348422,84.90972078804718,-27.518,-27.727,5.06,0.478,-0.119,107.4,0,0.0000,0.00
15:49:48,22.26340797143002,84.90972102107742,-27.494,-27.733,5.06,0.478,-0.119,108.0,0,0.0000,0.00
15:49:48,22.2634079174057,84.90972125456541,-27.470,-27.739,5.06,0.478,-0.119,108.6,0,0.0000,0.00
15:49:48,22.263407863305396,84.90972148838179,-27.446,-27.745,5.08,0.478,-0.119,110.0,0,0.0000,0.00
15:49:48,22.263407809279798,84.90972172187531,-27.422,-27.751,5.08,0.478,-0.119,110.0,0,0.0000,0.00
15:49:48,22.263407755288224,84.90972195522178,-27.398,-27.757,5.08,0.478,-0.119,110.7,0,0.0000,0.00
15:49:48,22.26340770112038,84.90972218933008,-27.374,-27.763,5.08,0.478,-0.119,112.0,0,0.0000,0.00
15:49:48,22.263407647017004,84.90972242315974,-27.350,-27.769,5.08,0.478,-0.119,112.0,0,0.0000,0.00
15:49:48,22.26340759290442,84.9097226570292,-27.326,-27.775,5.08,0.478,-0.119,112.7,0,0.0000,0.00
15:49:48,22.263407538672617,84.90972289141394,-27.301,-27.781,5.08,0.478,-0.119,113.4,0,0.0000,0.00
15:49:48,22.26340748454366,84.90972312535416,-27.277,-27.787,5.08,0.478,-0.119,114.8,0,0.0000,0.00
15:49:48,22.263407430538273,84.90972335876033,-27.253,-27.793,5.08,0.478,-0.119,114.8,0,0.0000,0.00
15:49:48,22.26340737656563,84.90972359202497,-27.229,-27.799,5.10,0.478,-0.119,115.5,0,0.0000,0.00
15:49:48,22.26340679286494,84.90972408439028,-27.179,-27.864,5.10,0.527,-0.229,116.2,0,0.0062,0.00
15:49:48,22.2634066887592,84.90972434339331,-27.152,-27.876,5.10,0.527,-0.229,117.6,0,0.0000,0.00
15:49:48,22.26340658500213,84.9097246015289,-27.125,-27.887,5.10,0.527,-0.229,117.6,0,0.0000,0.00
15:49:48,22.263406481648158,84.9097248586616,-27.099,-27.899,5.13,0.527,-0.229,118.3,0,0.0000,0.00
15:49:48,22.26340637796072,84.90972511662393,-27.072,-27.910,5.13,0.527,-0.229,119.0,0,0.0000,0.00
15:49:48,22.2634060888048,84.909725402668,-27.043,-27.943,5.13,0.534,-0.279,120.5,0,0.0064,0.00
15:49:49,22.263405962058155,84.90972566471689,-27.016,-27.957,5.13,0.534,-0.279,121.3,0,0.0000,0.00
15:49:49,22.26340583567393,84.90972592601646,-26.989,-27.971,5.13,0.534,-0.279,121.3,0,0.0000,0.00
15:49:49,22.26340570950022,84.9097261868808,-26.962,-27.985,5.13,0.534,-0.279,122.2,0,0.0000,0.00
15:49:49,22.263405582992792,84.90972644843511,-26.935,-27.999,5.13,0.534,-0.279,123.8,0,0.0000,0.00
15:49:49,22.2634054564142,84.90972671013654,-26.908,-28.013,5.13,0.534,-0.279,124.6,0,0.0000,0.00
15:49:49,22.26340533031405,84.9097269708488,-26.881,-28.027,5.17,0.534,-0.279,124.6,0,0.0000,0.00
15:49:49,22.263405204029702,84.90972723194189,-26.854,-28.041,5.17,0.534,-0.279,125.4,0,0.0000,0.00
15:49:49,22.263405077854795,84.9097274928087,-26.827,-28.055,5.17,0.534,-0.279,127.0,0,0.0000,0.00
15:49:49,22.263404951386246,84.90972775428261,-26.801,-28.069,5.17,0.534,-0.279,127.8,0,0.0000,0.00
15:49:49,22.263404537665572,84.90972795793706,-26.780,-28.115,5.17,0.519,-0.360,127.8,0,0.0066,0.00
15:49:49,22.26340437456211,84.90972821233605,-26.753,-28.133,5.17,0.519,-0.360,128.7,0,0.0000,0.00
15:49:49,22.263404211397773,84.90972846682999,-26.727,-28.152,5.17,0.519,-0.360,130.3,0,0.0000,0.00
15:49:49,22.263404048701215,84.90972872059432,-26.701,-28.170,5.17,0.519,-0.360,131.1,0,0.0000,0.00
15:49:49,22.26340388572414,84.90972897479617,-26.675,-28.188,5.17,0.519,-0.360,131.1,0,0.0000,0.00
15:49:49,22.263403722951292,84.9097292286795,-26.649,-28.206,5.19,0.519,-0.360,131.9,0,0.0000,0.00
15:49:49,22.26340356001044,84.90972948282484,-26.622,-28.224,5.19,0.519,-0.360,133.5,0,0.0000,0.00
15:49:49,22.263403396864597,84.90972973728995,-26.596,-28.242,5.19,0.519,-0.360,134.4,0,0.0000,0.00
15:49:49,22.263403234178828,84.90972999103744,-26.570,-28.260,5.19,0.519,-0.360,134.4,0,0.0000,0.00
15:49:49,22.26340307175508,84.90973024437625,-26.544,-28.278,5.22,0.519,-0.360,135.2,0,0.0000,0.00
15:49:49,22.263402908831182,84.90973049849516,-26.518,-28.297,5.22,0.519,-0.360,137.0,0,0.0000,0.00
15:49:50,22.263402745395574,84.90973075341222,-26.492,-28.315,5.22,0.519,-0.360,137.8,0,0.0000,0.00
15:49:50,22.263402581608553,84.90973100887739,-26.465,-28.333,5.22,0.519,-0.360,137.8,0,0.0000,0.00
15:49:50,22.263402418330926,84.90973126354803,-26.439,-28.351,5.22,0.519,-0.360,138.7,0,0.0000,0.00
15:49:50,22.26340225471499,84.90973151874634,-26.413,-28.369,5.22,0.519,-0.360,140.3,0,0.0000,0.00
15:49:50,22.263402091996856,84.90973177254432,-26.387,-28.387,5.22,0.519,-0.360,141.1,0,0.0000,0.00
15:49:50,22.263401926991442,84.90973202990986,-26.360,-28.406,5.22,0.519,-0.360,141.9,0,0.0000,0.00
15:49:50,22.263401599714097,84.90973254037742,-26.307,-28.442,5.24,0.519,-0.360,142.6,0,0.0000,0.00
15:49:50,22.26340143705453,84.90973279408405,-26.281,-28.460,5.24,0.519,-0.360,143.5,0,0.0000,0.00
15:49:50,22.26340127390098,84.90973304856116,-26.255,-28.479,5.24,0.519,-0.360,143.8,0,0.0000,0.00
15:49:50,22.263401111099615,84.90973330248896,-26.229,-28.497,5.28,0.519,-0.360,143.8,0,0.0000,0.00
15:49:50,22.26340094833601,84.90973355635786,-26.203,-28.515,5.28,0.519,-0.360,144.1,0,0.0000,0.00
15:49:50,22.263400785664114,84.90973381008372,-26.177,-28.533,5.28,0.519,-0.360,144.5,0,0.0000,0.00
15:49:50,22.26340062290282,84.909734063949,-26.150,-28.551,5.28,0.519,-0.360,144.7,0,0.0000,0.00
15:49:50,22.263400460335735,84.9097343175114,-26.124,-28.569,5.28,0.519,-0.360,144.7,0,0.0000,0.00
15:49:50,22.26340029772472,84.9097345711423,-26.098,-28.587,5.28,0.519,-0.360,144.9,0,0.0000,0.00
15:49:50,22.26340013489407,84.90973482511578,-26.072,-28.605,5.28,0.519,-0.360,145.2,0,0.0000,0.00
15:49:50,22.263399972260704,84.90973507878152,-26.046,-28.623,5.28,0.519,-0.360,145.3,0,0.0000,0.00
15:49:50,22.263399809509433,84.9097353326312,-26.020,-28.642,5.28,0.519,-0.360,145.3,0,0.0000,0.00
15:49:50,22.263399646971628,84.9097355861479,-25.994,-28.660,5.31,0.519,-0.360,145.5,0,0.0000,0.00
15:49:50,22.26340027645112,84.90973323946196,-26.235,-28.590,5.31,0.217,-0.260,145.9,0,0.0037,0.00
15:49:51,22.263400158529045,84.90973334560702,-26.224,-28.603,5.31,0.217,-0.260,146.1,0,0.0000,0.00
15:49:51,22.263400040844918,84.9097334515379,-26.214,-28.616,5.31,0.217,-0.260,146.1,0,0.0000,0.00
15:49:51,22.26339992341156,84.90973355724306,-26.203,-28.629,5.35,0.217,-0.260,146.4,0,0.0000,0.00
15:49:51,22.26339980576198,84.90973366314283,-26.192,-28.642,5.35,0.217,-0.260,147.2,0,0.0000,0.00
15:49:51,22.263399688232216,84.90973376893477,-26.181,-28.655,5.35,0.217,-0.260,147.6,0,0.0000,0.00
15:49:51,22.263399570705793,84.9097338747237,-26.170,-28.668,5.35,0.217,-0.260,147.6,0,0.0000,0.00
15:49:51,22.263399452820497,84.90973398083565,-26.159,-28.681,5.35,0.217,-0.260,148.4,0,0.0000,0.00
15:49:51,22.263399335099034,84.90973408680014,-26.148,-28.694,5.35,0.217,-0.260,148.9,0,0.0000,0.00
15:49:51,22.26339921746395,84.90973419268687,-26.137,-28.707,5.35,0.217,-0.260,149.4,0,0.0000,0.00
15:49:51,22.263399099736912,84.90973429865637,-26.126,-28.721,5.35,0.217,-0.260,149.4,0,0.0000,0.00
15:49:51,22.26339898202771,84.90973440460982,-26.115,-28.734,5.35,0.217,-0.260,149.9,0,0.0000,0.00
15:49:51,22.26339886413127,84.90973451073182,-26.104,-28.747,5.37,0.217,-0.260,151.0,0,0.0000,0.00
15:49:51,22.263398746299472,84.90973461679562,-26.094,-28.760,5.37,0.217,-0.260,151.6,0,0.0000,0.00
15:49:51,22.26339862856965,84.90973472276762,-26.083,-28.773,5.37,0.217,-0.260,151.6,0,0.0000,0.00
15:49:51,22.26339851113796,84.90973482847129,-26.072,-28.786,5.37,0.217,-0.260,153.0,0,0.0000,0.00
15:49:51,22.26339885719366,84.90973494016664,-26.060,-28.748,5.37,0.218,-0.182,153.8,0,0.0036,0.00
15:49:51,22.2633987742509,84.90973504714782,-26.049,-28.757,5.37,0.218,-0.182,154.6,0,0.0000,0.00
15:49:51,22.26339869181531,84.90973515347484,-26.038,-28.766,5.37,0.218,-0.182,154.6,0,0.0000,0.00
15:49:51,22.263398609406277,84.90973525976761,-26.027,-28.775,5.37,0.218,-0.182,156.3,0,0.0000,0.00
15:49:52,22.263398526839502,84.90973536626385,-26.016,-28.784,5.41,0.218,-0.182,157.2,0,0.0000,0.00
15:49:52,22.263398444393765,84.90973547260396,-26.005,-28.794,5.41,0.218,-0.182,158.0,0,0.0000,0.00
15:49:52,22.263398361980435,84.90973557890227,-25.994,-28.803,5.41,0.218,-0.182,158.0,0,0.0000,0.00
15:49:52,22.26339827974436,84.90973568497196,-25.983,-28.812,5.41,0.218,-0.182,159.7,0,0.0000,0.00
15:49:52,22.263398197293938,84.90973579131811,-25.973,-28.821,5.45,0.218,-0.182,160.6,0,0.0000,0.00
15:49:52,22.263398114872018,84.90973589762751,-25.962,-28.830,5.45,0.218,-0.182,161.4,0,0.0000,0.00
15:49:52,22.26339832540584,84.90973600535524,-25.950,-28.807,5.45,0.218,-0.117,161.4,0,0.0030,0.00
15:49:52,22.26339827244543,84.90973611201663,-25.939,-28.813,5.45,0.218,-0.117,163.0,0,0.0000,0.00
15:49:52,22.263398219517562,84.90973621861247,-25.928,-28.819,5.45,0.218,-0.117,163.7,0,0.0000,0.00
15:49:52,22.263398166577677,84.9097363252325,-25.918,-28.824,5.45,0.218,-0.117,164.5,0,0.0000,0.00
15:49:52,22.263398113712398,84.90973643170229,-25.907,-28.830,5.45,0.218,-0.117,164.5,0,0.0000,0.00
15:49:52,22.263398094098324,84.90973651732156,-25.898,-28.833,5.45,0.212,-0.107,166.1,0,0.0038,0.00
15:49:52,22.263398045542612,84.90973662126109,-25.887,-28.838,5.45,0.212,-0.107,166.9,0,0.0000,0.00
15:49:52,22.263397997009847,84.9097367251515,-25.876,-28.843,5.51,0.212,-0.107,166.9,0,0.0000,0.00
15:49:52,22.26339794853009,84.90973682892844,-25.866,-28.849,5.51,0.212,-0.107,168.5,0,0.0000,0.00
15:49:52,22.26339790007122,84.90973693266068,-25.855,-28.854,5.51,0.212,-0.107,169.3,0,0.0000,0.00
15:49:52,22.263397851578613,84.90973703646513,-25.844,-28.860,5.51,0.212,-0.107,170.2,0,0.0000,0.00
15:49:52,22.2633978030626,84.90973714031969,-25.834,-28.865,5.56,0.212,-0.107,170.2,0,0.0000,0.00
15:49:52,22.263397754596383,84.90973724406764,-25.823,-28.870,5.56,0.212,-0.107,171.9,0,0.0000,0.00
15:49:52,22.263397706101482,84.909737347877,-25.812,-28.876,5.56,0.212,-0.107,172.8,0,0.0000,0.00
15:49:53,22.263397657671295,84.90973745154784,-25.801,-28.881,5.56,0.212,-0.107,173.6,0,0.0000,0.00
15:49:53,22.263397609218845,84.90973755526632,-25.791,-28.887,5.56,0.212,-0.107,173.6,0,0.0000,0.00
15:49:53,22.26339756074345,84.90973765903394,-25.780,-28.892,5.56,0.212,-0.107,175.2,0,0.0000,0.00
15:49:53,22.26339751228894,84.90973776275683,-25.769,-28.897,5.56,0.212,-0.107,175.9,0,0.0000,0.00
15:49:53,22.263397463799546,84.90973786655441,-25.759,-28.903,5.56,0.212,-0.107,176.7,0,0.0000,0.00
15:49:53,22.263397415339295,84.9097379702896,-25.748,-28.908,5.56,0.212,-0.107,176.7,0,0.0000,0.00
15:49:53,22.263397366964412,84.90973807384205,-25.737,-28.913,5.64,0.212,-0.107,178.3,0,0.0000,0.00
15:49:53,22.263397318498882,84.90973817758852,-25.727,-28.919,5.64,0.212,-0.107,179.2,0,0.0000,0.00
15:49:53,22.26339726994271,84.90973828152904,-25.716,-28.924,5.64,0.212,-0.107,-179.9,0,0.0000,0.00
15:49:53,22.26339722150449,84.90973838521707,-25.705,-28.930,5.64,0.212,-0.107,-179.9,0,0.0000,0.00
15:49:53,22.263397173082566,84.90973848887023,-25.695,-28.935,5.69,0.212,-0.107,-178.2,0,0.0000,0.00
15:49:53,22.263397124556224,84.90973859274689,-25.684,-28.940,5.69,0.212,-0.107,-177.3,0,0.0000,0.00
15:49:53,22.263397555300116,84.9097384688979,-25.697,-28.893,5.69,0.175,-0.022,-176.5,0,0.0027,0.00
15:49:53,22.26339754526086,84.90973855463047,-25.688,-28.894,5.69,0.175,-0.022,-176.5,0,0.0000,0.00
15:49:53,22.2633975352545,84.9097386400821,-25.679,-28.895,5.69,0.175,-0.022,-174.8,0,0.0000,0.00
15:49:53,22.263397525250323,84.90973872551511,-25.670,-28.896,5.69,0.175,-0.022,-173.9,0,0.0000,0.00
15:49:53,22.263397515229602,84.9097388110894,-25.661,-28.897,5.69,0.175,-0.022,-173.9,0,0.0000,0.00
15:49:53,22.263397520363988,84.90973887006282,-25.655,-28.896,5.69,0.169,-0.018,-172.3,0,0.0031,0.00
15:49:53,22.263397512003944,84.90973895284486,-25.647,-28.897,5.74,0.169,-0.018,-171.5,0,0.0000,0.00
15:49:53,22.263397503660403,84.9097390354635,-25.638,-28.898,5.74,0.169,-0.018,-169.9,0,0.0000,0.00
15:49:54,22.26339749532926,84.90973911795938,-25.630,-28.899,5.74,0.169,-0.018,-169.9,0,0.0000,0.00
15:49:54,22.26339748699409,84.90973920049514,-25.621,-28.900,5.74,0.169,-0.018,-169.1,0,0.0000,0.00
15:49:54,22.26339745748948,84.90973928797081,-25.612,-28.903,5.74,0.170,-0.025,-168.2,0,0.0034,0.00
15:49:54,22.263397445999995,84.90973937143121,-25.604,-28.905,5.74,0.170,-0.025,-166.5,0,0.0000,0.00
15:49:54,22.263397434522943,84.9097394548013,-25.595,-28.906,5.74,0.170,-0.025,-166.5,0,0.0000,0.00
15:49:54,22.263397423081237,84.90973953791462,-25.587,-28.907,5.74,0.170,-0.025,-165.6,0,0.0000,0.00
15:49:54,22.263397411611027,84.909739621235,-25.578,-28.909,5.74,0.170,-0.025,-164.8,0,0.0000,0.00
15:49:54,22.263397370981366,84.90973970713144,-25.569,-28.913,5.82,0.171,-0.037,-163.9,0,0.0031,0.00
15:49:54,22.263397354426168,84.90973979107025,-25.560,-28.915,5.82,0.171,-0.037,-163.9,0,0.0000,0.00
15:49:54,22.263397337925486,84.90973987473267,-25.552,-28.917,5.82,0.171,-0.037,-162.3,0,0.0000,0.00
15:49:54,22.263397321422772,84.90973995840538,-25.543,-28.919,5.82,0.171,-0.037,-161.5,0,0.0000,0.00
15:49:54,22.26339730491083,84.90974004212488,-25.535,-28.920,5.88,0.171,-0.037,-159.9,0,0.0000,0.00
15:49:54,22.263397270181954,84.9097400905497,-25.530,-28.924,5.88,0.158,-0.044,-159.9,0,0.0051,0.00
15:49:54,22.263397250203667,84.90974016801329,-25.522,-28.926,5.88,0.158,-0.044,-159.0,0,0.0000,0.00
15:49:54,22.263397230281377,84.90974024525974,-25.514,-28.929,5.88,0.158,-0.044,-158.2,0,0.0000,0.00
15:49:54,22.2633972103523,84.90974032253253,-25.506,-28.931,5.88,0.158,-0.044,-157.3,0,0.0000,0.00
15:49:54,22.263397190428595,84.90974039978447,-25.498,-28.933,5.88,0.158,-0.044,-157.3,0,0.0000,0.00
15:49:54,22.263397144692508,84.90974046564456,-25.491,-28.938,5.88,0.154,-0.055,-155.7,0,0.0046,0.00
15:49:54,22.263397119722253,84.90974054106788,-25.483,-28.941,5.88,0.154,-0.055,-154.9,0,0.0000,0.00
15:49:54,22.263397094885892,84.90974061608676,-25.475,-28.944,5.93,0.154,-0.055,-153.6,0,0.0000,0.00
15:49:55,22.26339707000341,84.90974069124496,-25.468,-28.947,5.93,0.154,-0.055,-153.6,0,0.0000,0.00
15:49:55,22.26339704513575,84.9097407663584,-25.460,-28.949,5.93,0.154,-0.055,-153.1,0,0.0000,0.00
15:49:55,22.263397017886284,84.90974079431722,-25.457,-28.952,5.93,0.135,-0.056,-152.6,0,0.0056,0.00
15:49:55,22.26339699248085,84.90974086052677,-25.450,-28.955,5.93,0.135,-0.056,-151.8,0,0.0000,0.00
15:49:55,22.263396967221475,84.90974092635567,-25.444,-28.958,6.01,0.135,-0.056,-151.8,0,0.0000,0.00
15:49:55,22.263396941891166,84.90974099236944,-25.437,-28.961,6.01,0.135,-0.056,-151.5,0,0.0000,0.00
15:49:55,22.2633969165345,84.9097410584519,-25.430,-28.964,6.01,0.135,-0.056,-151.2,0,0.0000,0.00
15:49:55,22.263396891183703,84.90974112451906,-25.423,-28.966,6.01,0.135,-0.056,-150.7,0,0.0000,0.00
15:49:55,22.263396863926605,84.90974115769579,-25.420,-28.969,6.01,0.123,-0.057,-150.7,0,0.0044,0.00
15:49:55,22.263396838166862,84.90974121791167,-25.413,-28.972,6.01,0.123,-0.057,-150.5,0,0.0000,0.00
15:49:55,22.263396812447958,84.90974127803209,-25.407,-28.975,6.01,0.123,-0.057,-150.3,0,0.0000,0.00
15:49:55,22.26339678679092,84.90974133800788,-25.401,-28.978,6.01,0.123,-0.057,-150.0,0,0.0000,0.00
15:49:55,22.26339676111675,84.90974139802373,-25.395,-28.981,6.07,0.123,-0.057,-150.0,0,0.0000,0.00
15:49:55,22.263396735432,84.9097414580643,-25.389,-28.984,6.07,0.123,-0.057,-149.9,0,0.0000,0.00
15:49:55,22.26339670970775,84.90974151819722,-25.383,-28.987,6.07,0.123,-0.057,-149.8,0,0.0000,0.00
15:49:55,22.263396684070646,84.90974157812641,-25.376,-28.990,6.07,0.123,-0.057,-149.4,0,0.0000,0.00
15:49:55,22.26339665837265,84.90974163819796,-25.370,-28.992,6.12,0.123,-0.057,-149.4,0,0.0000,0.00
15:49:55,22.263396632692153,84.90974169822859,-25.364,-28.995,6.12,0.123,-0.057,-149.3,0,0.0000,0.00
15:49:55,22.263396606989293,84.9097417583115,-25.358,-28.998,6.12,0.123,-0.057,-149.1,0,0.0000,0.00
15:49:56,22.263396581304182,84.90974181835291,-25.352,-29.001,6.12,0.123,-0.057,-148.8,0,0.0000,0.00
15:49:56,22.263396555649695,84.90974187832275,-25.345,-29.004,6.12,0.123,-0.057,-148.6,0,0.0000,0.00
15:49:56,22.26339652993833,84.90974193842554,-25.339,-29.007,6.12,0.123,-0.057,-148.6,0,0.0000,0.00
15:49:56,22.26339650422307,84.90974199853743,-25.333,-29.010,6.12,0.123,-0.057,-148.4,0,0.0000,0.00
15:49:56,22.263396481681948,84.90974197886376,-25.335,-29.012,6.12,0.105,-0.056,-148.0,0,0.0042,0.00
15:49:56,22.263396456185713,84.90974203073918,-25.330,-29.015,6.12,0.105,-0.056,-147.8,0,0.0000,0.00
15:49:56,22.26339643083199,84.90974208232466,-25.324,-29.018,6.20,0.105,-0.056,-147.8,0,0.0000,0.00
15:49:56,22.263396405492298,84.90974213388156,-25.319,-29.021,6.20,0.105,-0.056,-147.5,0,0.0000,0.00
15:49:56,22.26339638014097,84.90974218546215,-25.314,-29.023,6.20,0.105,-0.056,-147.1,0,0.0000,0.00
15:49:56,22.263396354103953,84.90974221751495,-25.310,-29.026,6.20,0.100,-0.056,-146.9,0,0.0042,0.00
15:49:56,22.263396328555256,84.90974226670198,-25.305,-29.029,6.25,0.100,-0.056,-146.9,0,0.0000,0.00
15:49:56,22.26339630309767,84.90974231571359,-25.300,-29.032,6.25,0.100,-0.056,-146.7,0,0.0000,0.00
15:49:56,22.263396277635998,84.90974236473306,-25.295,-29.035,6.25,0.100,-0.056,-146.2,0,0.0000,0.00
15:49:56,22.26339625220803,84.90974241368767,-25.290,-29.038,6.25,0.100,-0.056,-146.2,0,0.0000,0.00
15:49:56,22.263396217995243,84.90974246520733,-25.285,-29.041,6.25,0.101,-0.059,-146.0,0,0.0044,0.00
15:49:56,22.2633961909005,84.90974251501856,-25.280,-29.044,6.25,0.101,-0.059,-145.5,0,0.0000,0.00
15:49:56,22.263396163982257,84.90974256450532,-25.275,-29.047,6.25,0.101,-0.059,-145.3,0,0.0000,0.00
15:49:56,22.26339613697004,84.90974261416484,-25.270,-29.050,6.25,0.101,-0.059,-145.3,0,0.0000,0.00
15:49:56,22.263396110132035,84.90974266350409,-25.265,-29.053,6.31,0.101,-0.059,-145.1,0,0.0000,0.00
15:49:56,22.263396083004043,84.90974270317335,-25.260,-29.056,6.31,0.097,-0.059,-144.7,0,0.0033,0.00
15:49:57,22.263396055954967,84.90974275105242,-25.256,-29.059,6.31,0.097,-0.059,-144.4,0,0.0000,0.00
15:49:57,22.26339602901119,84.9097427987451,-25.251,-29.062,6.31,0.097,-0.059,-144.2,0,0.0000,0.00
15:49:57,22.263396002120764,84.90974284634335,-25.246,-29.065,6.31,0.097,-0.059,-144.2,0,0.0000,0.00
15:49:57,22.263395975184373,84.90974289402295,-25.241,-29.068,6.31,0.097,-0.059,-144.0,0,0.0000,0.00
15:49:57,22.263395938219897,84.90974294708445,-25.235,-29.073,6.31,0.099,-0.064,-143.6,0,0.0035,0.00
15:49:57,22.263395909257078,84.90974299600272,-25.230,-29.076,6.31,0.099,-0.064,-143.4,0,0.0000,0.00
15:49:57,22.26339588047615,84.90974304461378,-25.225,-29.079,6.31,0.099,-0.064,-143.4,0,0.0000,0.00
15:49:57,22.26339585170694,84.90974309320504,-25.220,-29.082,6.39,0.099,-0.064,-143.0,0,0.0000,0.00
15:49:57,22.263395822858566,84.90974314193001,-25.215,-29.085,6.39,0.099,-0.064,-142.7,0,0.0000,0.00
15:49:57,22.263395794083088,84.90974319053186,-25.210,-29.089,6.39,0.099,-0.064,-142.5,0,0.0000,0.00
15:49:57,22.263395765289218,84.90974323916477,-25.205,-29.092,6.39,0.099,-0.064,-142.5,0,0.0000,0.00
15:49:57,22.26339573650461,84.90974328778205,-25.200,-29.095,6.44,0.099,-0.064,-142.1,0,0.0000,0.00
15:49:57,22.263395707677766,84.90974333647065,-25.195,-29.098,6.44,0.099,-0.064,-141.9,0,0.0000,0.00
15:49:57,22.263395678913867,84.90974338505293,-25.190,-29.101,6.44,0.099,-0.064,-141.7,0,0.0000,0.00
15:49:57,22.263395650083073,84.90974343374822,-25.185,-29.105,6.44,0.099,-0.064,-141.7,0,0.0000,0.00
15:49:57,22.263395621339065,84.9097434822969,-25.180,-29.108,6.44,0.099,-0.064,-141.6,0,0.0000,0.00
15:49:57,22.26339559245132,84.90974353108838,-25.175,-29.111,6.44,0.099,-0.064,-141.2,0,0.0000,0.00
15:49:57,22.263395563642188,84.90974357974707,-25.170,-29.114,6.44,0.099,-0.064,-141.0,0,0.0000,0.00
15:49:57,22.26339553486453,84.9097436283526,-25.165,-29.117,6.44,0.099,-0.064,-140.8,0,0.0000,0.00
15:49:57,22.26339550605567,84.90974367701084,-25.160,-29.121,6.44,0.099,-0.064,-140.8,0,0.0000,0.00
15:49:58,22.263395477310436,84.9097437255616,-25.155,-29.124,6.50,0.099,-0.064,-140.4,0,0.0000,0.00
15:49:58,22.26339544854218,84.90974377415125,-25.150,-29.127,6.50,0.099,-0.064,-140.2,0,0.0000,0.00
15:49:58,22.263395419723917,84.90974382282536,-25.145,-29.130,6.50,0.099,-0.064,-139.9,0,0.0000,0.00
15:49:58,22.26339539099776,84.9097438713439,-25.140,-29.133,6.50,0.099,-0.064,-139.9,0,0.0000,0.00
15:49:58,22.263395362280594,84.90974391984726,-25.135,-29.137,6.56,0.099,-0.064,-139.5,0,0.0000,0.00
15:49:58,22.26339533352896,84.90974396840885,-25.130,-29.140,6.56,0.099,-0.064,-139.3,0,0.0000,0.00
15:49:58,22.263395304717783,84.90974401707098,-25.125,-29.143,6.56,0.099,-0.064,-139.0,0,0.0000,0.00
15:49:58,22.26339527598781,84.90974406559597,-25.120,-29.146,6.56,0.099,-0.064,-139.0,0,0.0000,0.00
15:49:58,22.263395247221734,84.90974411418195,-25.115,-29.149,6.56,0.099,-0.064,-138.6,0,0.0000,0.00
15:49:58,22.263395218423774,84.90974416282177,-25.110,-29.153,6.56,0.099,-0.064,-138.4,0,0.0000,0.00
15:49:58,22.263395189668184,84.90974421139002,-25.105,-29.156,6.56,0.099,-0.064,-138.2,0,0.0000,0.00
15:49:58,22.263395160871863,84.90974426002708,-25.100,-29.159,6.56,0.099,-0.064,-138.2,0,0.0000,0.00
15:49:58,22.263395132156468,84.90974430852744,-25.095,-29.162,6.61,0.099,-0.064,-137.8,0,0.0000,0.00
15:49:58,22.26339510338671,84.90974435711962,-25.090,-29.165,6.61,0.099,-0.064,-137.6,0,0.0000,0.00
15:49:58,22.263395074562727,84.9097444058034,-25.085,-29.169,6.61,0.099,-0.064,-137.4,0,0.0000,0.00
15:49:58,22.263394957564447,84.9097443952729,-25.086,-29.182,6.61,0.092,-0.075,-137.2,0,0.0067,0.00
15:49:58,22.263394923417927,84.90974444061,-25.081,-29.185,6.66,0.092,-0.075,-137.2,0,0.0000,0.00
15:49:58,22.26339488943487,84.90974448573007,-25.077,-29.189,6.66,0.092,-0.075,-136.8,0,0.0000,0.00
15:49:58,22.263394855345304,84.90974453099155,-25.072,-29.193,6.66,0.092,-0.075,-136.7,0,0.0000,0.00
15:49:58,22.263394821326205,84.90974457615947,-25.067,-29.197,6.66,0.092,-0.075,-136.5,0,0.0000,0.00
15:49:59,22.26339478101151,84.90974461081102,-25.064,-29.201,6.66,0.090,-0.076,-136.5,0,0.0031,0.00
15:49:59,22.26339474624811,84.90974465530726,-25.059,-29.205,6.66,0.090,-0.076,-136.3,0,0.0000,0.00
15:49:59,22.263394711638874,84.9097446996062,-25.055,-29.209,6.66,0.090,-0.076,-136.1,0,0.0000,0.00
15:49:59,22.26339467698239,84.9097447439656,-25.050,-29.213,6.66,0.090,-0.076,-136.0,0,0.0000,0.00
15:49:59,22.26339464234765,84.90974478829717,-25.046,-29.217,6.66,0.090,-0.076,-136.0,0,0.0000,0.00
15:49:59,22.263394595935573,84.90974483651453,-25.041,-29.222,6.74,0.091,-0.080,-135.6,0,0.0029,0.00
15:49:59,22.26339455966756,84.90974488148682,-25.036,-29.226,6.74,0.091,-0.080,-135.5,0,0.0000,0.00
15:49:59,22.263394523556762,84.90974492626415,-25.031,-29.230,6.74,0.091,-0.080,-135.3,0,0.0000,0.00
15:49:59,22.263394487452793,84.909744971033,-25.027,-29.234,6.74,0.091,-0.080,-135.3,0,0.0000,0.00
15:49:59,22.26339445140498,84.90974501573224,-25.022,-29.238,6.74,0.091,-0.080,-135.0,0,0.0000,0.00
15:49:59,22.2633944060561,84.90974506365808,-25.017,-29.243,6.74,0.093,-0.083,-134.8,0,0.0085,0.00
15:49:59,22.263394368316842,84.90974510910061,-25.013,-29.247,6.74,0.093,-0.083,-134.7,0,0.0000,0.00
15:49:59,22.263394330764314,84.9097451543183,-25.008,-29.251,6.74,0.093,-0.083,-134.7,0,0.0000,0.00
15:49:59,22.26339429319756,84.90974519955311,-25.003,-29.256,6.77,0.093,-0.083,-134.5,0,0.0000,0.00
15:49:59,22.263394255595774,84.9097452448301,-24.999,-29.260,6.77,0.093,-0.083,-134.3,0,0.0000,0.00
15:49:59,22.26339421804574,84.9097452900448,-24.994,-29.264,6.77,0.093,-0.083,-134.2,0,0.0000,0.00
15:49:59,22.263394170661513,84.90974533955523,-24.989,-29.269,6.77,0.094,-0.087,-134.2,0,0.0037,0.00
15:49:59,22.26339413125518,84.90974538570993,-24.984,-29.274,6.82,0.094,-0.087,-133.9,0,0.0000,0.00
15:49:59,22.263394092022924,84.90974543166074,-24.979,-29.278,6.82,0.094,-0.087,-133.8,0,0.0000,0.00
15:49:59,22.263394052745898,84.90974547766398,-24.975,-29.282,6.82,0.094,-0.087,-133.5,0,0.0000,0.00
15:50:00,22.26339401353668,84.9097455235878,-24.970,-29.287,6.82,0.094,-0.087,-133.5,0,0.0000,0.00
15:50:00,22.26339397431799,84.90974556952271,-24.965,-29.291,6.82,0.094,-0.087,-133.0,0,0.0000,0.00
15:50:00,22.263393935007517,84.90974561556513,-24.960,-29.296,6.82,0.094,-0.087,-131.5,0,0.0000,0.00
15:50:00,22.263393895786038,84.90974566150331,-24.956,-29.300,6.82,0.094,-0.087,-127.3,0,0.0000,0.00
15:50:00,22.26339385655063,84.90974570745782,-24.951,-29.304,6.82,0.094,-0.087,-127.3,0,0.0000,0.00
15:50:00,22.263393817402903,84.90974575330961,-24.946,-29.309,6.82,0.094,-0.087,-125.1,0,0.0000,0.00
15:50:00,22.263393778198516,84.90974579922778,-24.941,-29.313,6.87,0.094,-0.087,-122.9,0,0.0000,0.00
15:50:00,22.26339373893784,84.90974584521187,-24.937,-29.317,6.87,0.094,-0.087,-122.9,0,0.0000,0.00
15:50:00,22.26339369974144,84.90974589112068,-24.932,-29.322,6.87,0.094,-0.087,-118.7,0,0.0000,0.00
15:50:00,22.263393660550243,84.90974593702339,-24.927,-29.326,6.87,0.094,-0.087,-116.9,0,0.0000,0.00
15:50:00,22.263393621346598,84.90974598294068,-24.923,-29.330,6.92,0.094,-0.087,-114.0,0,0.0000,0.00
15:50:00,22.26339358212215,84.90974602888235,-24.918,-29.335,6.92,0.094,-0.087,-114.0,0,0.0000,0.00
15:50:00,22.26339354298074,84.90974607472674,-24.913,-29.339,6.92,0.094,-0.087,-113.1,0,0.0000,0.00
15:50:00,22.263393503683464,84.90974612075371,-24.908,-29.344,6.92,0.094,-0.087,-112.7,0,0.0000,0.00
15:50:00,22.263393464408477,84.90974616675456,-24.904,-29.348,6.92,0.094,-0.087,-112.5,0,0.0000,0.00
15:50:00,22.26339342508519,84.90974621281198,-24.899,-29.352,6.92,0.094,-0.087,-112.5,0,0.0000,0.00
15:50:00,22.263393385883962,84.90974625872646,-24.894,-29.357,6.92,0.094,-0.087,-112.7,0,0.0000,0.00
15:50:00,22.263393346626813,84.90974630470642,-24.889,-29.361,6.92,0.094,-0.087,-112.9,0,0.0000,0.00
15:50:00,22.263393307367433,84.90974635068899,-24.885,-29.365,6.92,0.094,-0.087,-113.4,0,0.0000,0.00
15:50:01,22.26339326815227,84.90974639661977,-24.880,-29.370,6.96,0.094,-0.087,-113.4,0,0.0000,0.00
15:50:01,22.26339322894844,84.90974644253728,-24.875,-29.374,6.96,0.094,-0.087,-113.7,0,0.0000,0.00
15:50:01,22.2633926892157,84.90974368072438,-25.160,-29.434,6.96,-0.311,-0.165,-114.0,0,0.0044,0.00
15:50:01,22.263392614580145,84.90974352848764,-25.175,-29.443,6.96,-0.311,-0.165,-114.6,0,0.0000,0.00
15:50:01,22.26339254013336,84.90974337663596,-25.191,-29.451,6.98,-0.311,-0.165,-114.6,0,0.0000,0.00
15:50:01,22.263392465614594,84.90974322463745,-25.207,-29.459,6.98,-0.311,-0.165,-114.8,0,0.0000,0.00
15:50:01,22.26339239108842,84.90974307262383,-25.222,-29.467,6.98,-0.311,-0.165,-115.1,0,0.0000,0.00
15:50:01,22.26339231665963,84.90974292080884,-25.238,-29.476,6.98,-0.311,-0.165,-115.5,0,0.0000,0.00
15:50:01,22.263392123163353,84.90974241479931,-25.290,-29.497,6.98,-0.384,-0.191,-115.5,0,0.0049,0.00
15:50:01,22.263392036457205,84.90974222668561,-25.310,-29.507,6.98,-0.384,-0.191,-115.8,0,0.0000,0.00
15:50:01,22.26339195005094,84.90974203922255,-25.329,-29.516,6.98,-0.384,-0.191,-116.2,0,0.0000,0.00
15:50:01,22.263391863660654,84.90974185179414,-25.348,-29.526,6.98,-0.384,-0.191,-117.2,0,0.0000,0.00
15:50:01,22.263391777162212,84.90974166413109,-25.367,-29.536,6.99,-0.384,-0.191,-117.2,0,0.0000,0.00
15:50:01,22.26339169061297,84.90974147635782,-25.387,-29.545,6.99,-0.384,-0.191,-117.8,0,0.0000,0.00
15:50:01,22.263391603935904,84.90974128830723,-25.406,-29.555,6.99,-0.384,-0.191,-118.5,0,0.0000,0.00
15:50:01,22.263391517500963,84.90974110078194,-25.426,-29.565,6.99,-0.384,-0.191,-120.1,0,0.0000,0.00
15:50:01,22.26339143104267,84.909740913206,-25.445,-29.574,7.02,-0.384,-0.191,-120.1,0,0.0000,0.00
15:50:01,22.263391344625347,84.90974072571893,-25.464,-29.584,7.02,-0.384,-0.191,-120.8,0,0.0000,0.00
15:50:01,22.263391258156812,84.90974053812076,-25.483,-29.594,7.02,-0.384,-0.191,-121.7,0,0.0000,0.00
15:50:01,22.263391171505557,84.90974035012617,-25.503,-29.603,7.02,-0.384,-0.191,-122.0,0,0.0000,0.00
15:50:02,22.26339108479162,84.9097401619956,-25.522,-29.613,7.02,-0.384,-0.191,-122.0,0,0.0000,0.00
15:50:02,22.263390998483274,84.90973997474497,-25.542,-29.622,7.02,-0.384,-0.191,-122.2,0,0.0000,0.00
15:50:02,22.263390911831202,84.90973978674859,-25.561,-29.632,7.02,-0.384,-0.191,-122.6,0,0.0000,0.00
15:50:02,22.2633908254192,84.90973959927308,-25.580,-29.642,7.02,-0.384,-0.191,-122.6,0,0.0000,0.00
15:50:02,22.263390738875696,84.90973941151226,-25.600,-29.651,7.02,-0.384,-0.191,-122.7,0,0.0000,0.00
15:50:02,22.263390652312523,84.90973922370877,-25.619,-29.661,7.06,-0.384,-0.191,-122.7,0,0.0000,0.00
15:50:02,22.263390565808756,84.90973903603415,-25.638,-29.671,7.06,-0.384,-0.191,-122.7,0,0.0000,0.00
15:50:02,22.26339047927221,84.90973884828844,-25.658,-29.680,7.06,-0.384,-0.191,-122.7,0,0.0000,0.00
15:50:02,22.26339071182225,84.90973974334719,-25.565,-29.654,7.06,-0.207,-0.135,-122.6,0,0.0033,0.00
15:50:02,22.263390650596133,84.90973964192915,-25.576,-29.661,7.06,-0.207,-0.135,-122.4,0,0.0000,0.00
15:50:02,22.263390589639915,84.9097395409582,-25.586,-29.668,7.06,-0.207,-0.135,-121.7,0,0.0000,0.00
15:50:02,22.263390528683697,84.90973943998723,-25.597,-29.675,7.06,-0.207,-0.135,-121.7,0,0.0000,0.00
15:50:02,22.26339046785911,84.90973933923432,-25.607,-29.681,7.06,-0.207,-0.135,-121.3,0,0.0000,0.00
15:50:02,22.263390463835528,84.90973936634059,-25.604,-29.682,7.09,-0.178,-0.121,-120.9,0,0.0036,0.00
15:50:02,22.263390409077452,84.9097392793749,-25.613,-29.688,7.09,-0.178,-0.121,-120.0,0,0.0000,0.00
15:50:02,22.263390354475202,84.9097391926567,-25.622,-29.694,7.09,-0.178,-0.121,-120.0,0,0.0000,0.00
15:50:02,22.26339029993637,84.90973910603923,-25.631,-29.700,7.09,-0.178,-0.121,-119.6,0,0.0000,0.00
15:50:02,22.263390245229804,84.90973901915534,-25.640,-29.706,7.09,-0.178,-0.121,-118.7,0,0.0000,0.00
15:50:02,22.26339019063532,84.90973893244947,-25.649,-29.712,7.11,-0.178,-0.121,-118.2,0,0.0000,0.00
15:50:02,22.263390135941435,84.90973884558575,-25.658,-29.718,7.11,-0.178,-0.121,-118.2,0,0.0000,0.00
15:50:03,22.26339008129078,84.90973875879067,-25.667,-29.725,7.11,-0.178,-0.121,-117.8,0,0.0000,0.00
15:50:03,22.26339002671804,84.90973867211933,-25.676,-29.731,7.11,-0.178,-0.121,-116.8,0,0.0000,0.00
15:50:03,22.263389972135204,84.90973858543197,-25.685,-29.737,7.11,-0.178,-0.121,-116.3,0,0.0000,0.00
15:50:03,22.263389860678377,84.90973877340164,-25.665,-29.749,7.11,-0.108,-0.136,-116.3,0,0.0035,0.00
15:50:03,22.26338979890783,84.90973872049766,-25.671,-29.756,7.11,-0.108,-0.136,-115.8,0,0.0000,0.00
15:50:03,22.26338973726233,84.90973866770078,-25.676,-29.763,7.11,-0.108,-0.136,-114.7,0,0.0000,0.00
15:50:03,22.26338967550756,84.90973861481031,-25.682,-29.770,7.14,-0.108,-0.136,-114.1,0,0.0000,0.00
15:50:03,22.263389613847743,84.90973856200115,-25.687,-29.777,7.14,-0.108,-0.136,-114.1,0,0.0000,0.00
15:50:03,22.263389531663023,84.90973860584442,-25.683,-29.786,7.14,-0.079,-0.143,-113.4,0,0.0024,0.00
15:50:03,22.2633894667101,84.90973856731938,-25.687,-29.793,7.14,-0.079,-0.143,-112.0,0,0.0000,0.00
15:50:03,22.26338940204789,84.90973852896677,-25.690,-29.800,7.17,-0.079,-0.143,-111.3,0,0.0000,0.00
15:50:03,22.26338933724063,84.90973849052813,-25.694,-29.807,7.17,-0.079,-0.143,-111.3,0,0.0000,0.00
15:50:03,22.263389272586085,84.90973845218006,-25.698,-29.815,7.17,-0.079,-0.143,-110.6,0,0.0000,0.00
15:50:03,22.263389211154877,84.90973846533159,-25.697,-29.821,7.17,-0.060,-0.142,-109.3,0,0.0041,0.00
15:50:03,22.263389146864515,84.90973843578965,-25.700,-29.829,7.17,-0.060,-0.142,-108.6,0,0.0000,0.00
15:50:03,22.263389082719478,84.90973840631449,-25.703,-29.836,7.17,-0.060,-0.142,-108.6,0,0.0000,0.00
15:50:03,22.26338901857596,84.90973837684004,-25.706,-29.843,7.17,-0.060,-0.142,-108.0,0,0.0000,0.00
15:50:03,22.263388953754458,84.90973834705403,-25.709,-29.850,7.17,-0.060,-0.142,-106.5,0,0.0000,0.00
15:50:03,22.26338888930083,84.90973831743709,-25.712,-29.857,7.17,-0.060,-0.142,-105.8,0,0.0000,0.00
15:50:04,22.26338882503722,84.90973828790744,-25.715,-29.864,7.20,-0.060,-0.142,-105.8,0,0.0000,0.00
15:50:04,22.26338876026011,84.90973825814184,-25.718,-29.872,7.20,-0.060,-0.142,-105.0,0,0.0000,0.00
15:50:04,22.263388630836612,84.90973819867072,-25.725,-29.886,7.20,-0.060,-0.142,-102.8,0,0.0000,0.00
15:50:04,22.263388566651443,84.90973816917712,-25.728,-29.893,7.25,-0.060,-0.142,-102.8,0,0.0000,0.00
15:50:04,22.263388539373917,84.90973815098249,-25.729,-29.896,7.25,-0.057,-0.131,-102.2,0,0.0029,0.00
15:50:04,22.26338847961457,84.90973812277717,-25.732,-29.903,7.25,-0.057,-0.131,-100.8,0,0.0000,0.00
15:50:04,22.263388420236993,84.90973809475204,-25.735,-29.909,7.25,-0.057,-0.131,-100.2,0,0.0000,0.00
15:50:04,22.263388360896805,84.90973806674455,-25.738,-29.916,7.25,-0.057,-0.131,-100.2,0,0.0000,0.00
15:50:04,22.263388301559992,84.90973803873867,-25.741,-29.923,7.25,-0.057,-0.131,-99.5,0,0.0000,0.00
15:50:04,22.26338824629637,84.90973800381936,-25.745,-29.929,7.25,-0.059,-0.130,-98.2,0,0.0029,0.00
15:50:04,22.26338818730026,84.90973797462009,-25.748,-29.935,7.25,-0.059,-0.130,-97.5,0,0.0000,0.00
15:50:04,22.263388128533368,84.90973794553425,-25.751,-29.942,7.25,-0.059,-0.130,-97.5,0,0.0000,0.00
15:50:04,22.263388069923085,84.90973791652593,-25.754,-29.948,7.28,-0.059,-0.130,-96.0,0,0.0000,0.00
15:50:04,22.263388011032127,84.90973788737868,-25.757,-29.955,7.28,-0.059,-0.130,-95.2,0,0.0000,0.00
15:50:04,22.263387965054875,84.90973799121043,-25.746,-29.960,7.28,-0.012,-0.125,-95.2,0,0.0040,0.00
15:50:04,22.26338790835489,84.90973798528532,-25.746,-29.966,7.28,-0.012,-0.125,-94.5,0,0.0000,0.00
15:50:04,22.26338785186446,84.90973797938209,-25.747,-29.973,7.28,-0.012,-0.125,-93.1,0,0.0000,0.00
15:50:04,22.26338779537002,84.90973797347844,-25.748,-29.979,7.28,-0.012,-0.125,-92.1,0,0.0000,0.00
15:50:04,22.263387738776018,84.90973796756438,-25.748,-29.985,7.28,-0.012,-0.125,-92.1,0,0.0000,0.00
15:50:04,22.263387629512927,84.90973779093716,-25.767,-29.997,7.28,-0.077,-0.147,-87.5,0,0.0018,0.00
15:50:05,22.263387562971133,84.90973775315334,-25.770,-30.005,7.30,-0.077,-0.147,-84.7,0,0.0000,0.00
15:50:05,22.263387496548706,84.9097377154373,-25.774,-30.012,7.30,-0.077,-0.147,-82.0,0,0.0000,0.00
15:50:05,22.263387430296852,84.90973767781811,-25.778,-30.020,7.30,-0.077,-0.147,-82.0,0,0.0000,0.00
15:50:05,22.263387363993797,84.90973764016985,-25.782,-30.027,7.30,-0.077,-0.147,-76.7,0,0.0000,0.00
15:50:05,22.263387297621946,84.90973760248254,-25.786,-30.034,7.34,-0.077,-0.147,-74.3,0,0.0000,0.00
15:50:05,22.263387231201094,84.9097375647674,-25.790,-30.042,7.34,-0.077,-0.147,-72.0,0,0.0000,0.00
15:50:05,22.2633871648528,84.90973752709345,-25.794,-30.049,7.34,-0.077,-0.147,-72.0,0,0.0000,0.00
15:50:05,22.26338709857142,84.9097374894575,-25.798,-30.057,7.34,-0.077,-0.147,-68.1,0,0.0000,0.00
15:50:05,22.263387032303548,84.90973745182922,-25.801,-30.064,7.34,-0.077,-0.147,-66.6,0,0.0000,0.00
15:50:05,22.26338720990199,84.90973689210543,-25.859,-30.044,7.34,-0.228,-0.071,-65.4,0,0.0029,0.00
15:50:05,22.263387177896764,84.90973678037068,-25.871,-30.048,7.34,-0.228,-0.071,-65.4,0,0.0000,0.00
15:50:05,22.263387146015983,84.90973666907037,-25.882,-30.051,7.34,-0.228,-0.071,-63.7,0,0.0000,0.00
15:50:05,22.26338711406573,84.90973655752752,-25.894,-30.055,7.34,-0.228,-0.071,-63.0,0,0.0000,0.00
15:50:05,22.26338708214674,84.90973644609382,-25.905,-30.058,7.38,-0.228,-0.071,-62.5,0,0.0000,0.00
15:50:05,22.26338747256949,84.90973610174422,-25.941,-30.015,7.38,-0.304,0.079,-62.5,0,0.0041,0.00
15:50:05,22.263387508201074,84.9097359527742,-25.956,-30.011,7.38,-0.304,0.079,-61.5,0,0.0000,0.00
15:50:05,22.263387543797673,84.90973580395045,-25.971,-30.007,7.38,-0.304,0.079,-61.0,0,0.0000,0.00
15:50:05,22.26338757931051,84.90973565547694,-25.987,-30.003,7.39,-0.304,0.079,-60.6,0,0.0000,0.00
15:50:05,22.263387614843527,84.90973550691902,-26.002,-29.999,7.39,-0.304,0.079,-60.6,0,0.0000,0.00
15:50:05,22.263387872034066,84.90973520622224,-26.033,-29.970,7.39,-0.359,0.166,-59.7,0,0.0046,0.00
15:50:06,22.263387947509,84.909735029366,-26.051,-29.962,7.39,-0.359,0.166,-59.3,0,0.0000,0.00
15:50:06,22.26338802256764,84.90973485348523,-26.069,-29.954,7.39,-0.359,0.166,-59.0,0,0.0000,0.00
15:50:06,22.26338809752159,84.9097346778498,-26.087,-29.945,7.39,-0.359,0.166,-59.0,0,0.0000,0.00
15:50:06,22.263388172280347,84.90973450267172,-26.105,-29.937,7.39,-0.359,0.166,-58.3,0,0.0000,0.00
15:50:06,22.263388247327278,84.90973432681841,-26.123,-29.929,7.39,-0.359,0.166,-58.1,0,0.0000,0.00
15:50:06,22.263388322211313,84.9097341513468,-26.141,-29.920,7.41,-0.359,0.166,-57.8,0,0.0000,0.00
15:50:06,22.26338839735371,84.90973397526977,-26.160,-29.912,7.41,-0.359,0.166,-57.8,0,0.0000,0.00
15:50:06,22.26338847215541,84.90973379999109,-26.178,-29.904,7.41,-0.359,0.166,-57.3,0,0.0000,0.00
15:50:06,22.263388547326553,84.9097336238467,-26.196,-29.895,7.41,-0.359,0.166,-57.0,0,0.0000,0.00
15:50:06,22.263388622218752,84.90973344835595,-26.214,-29.887,7.43,-0.359,0.166,-56.5,0,0.0000,0.00
15:50:06,22.26338869720819,84.90973327263735,-26.232,-29.879,7.43,-0.359,0.166,-56.5,0,0.0000,0.00
15:50:06,22.26338877214404,84.90973309704432,-26.250,-29.870,7.43,-0.359,0.166,-56.3,0,0.0000,0.00
15:50:06,22.26338884713241,84.90973292132821,-26.268,-29.862,7.43,-0.359,0.166,-56.0,0,0.0000,0.00
15:50:06,22.263388921988057,84.90973274592312,-26.286,-29.854,7.43,-0.359,0.166,-55.3,0,0.0000,0.00
15:50:06,22.26338899694946,84.90973257027022,-26.304,-29.845,7.43,-0.359,0.166,-55.3,0,0.0000,0.00
15:50:06,22.263389071781678,84.90973239492001,-26.322,-29.837,7.43,-0.359,0.166,-55.0,0,0.0000,0.00
15:50:06,22.263389146809445,84.9097322191116,-26.341,-29.829,7.43,-0.359,0.166,-54.6,0,0.0000,0.00
15:50:06,22.263389221808822,84.90973204336971,-26.359,-29.820,7.43,-0.359,0.166,-54.6,0,0.0000,0.00
15:50:06,22.263389296581774,84.90973186815839,-26.377,-29.812,7.44,-0.359,0.166,-53.9,0,0.0000,0.00
15:50:06,22.26338937145729,84.90973169270673,-26.395,-29.804,7.44,-0.359,0.166,-53.5,0,0.0000,0.00
15:50:07,22.263390233614086,84.90973099375204,-26.467,-29.708,7.44,-0.447,0.309,-53.1,0,0.0058,0.00
15:50:07,22.26339037378053,84.90973077429688,-26.489,-29.692,7.44,-0.447,0.309,-53.1,0,0.0000,0.00
15:50:07,22.263390513439784,84.90973055563583,-26.512,-29.676,7.44,-0.447,0.309,-52.2,0,0.0000,0.00
15:50:07,22.2633906534548,84.90973033641777,-26.534,-29.661,7.44,-0.447,0.309,-51.7,0,0.0000,0.00
15:50:07,22.263390793517424,84.90973011712516,-26.557,-29.645,7.44,-0.447,0.309,-51.3,0,0.0000,0.00
15:50:07,22.263391094680166,84.90972980687782,-26.589,-29.612,7.44,-0.468,0.348,-51.3,0,0.0063,0.00
15:50:07,22.263391253111873,84.90972957689351,-26.613,-29.594,7.47,-0.468,0.348,-50.4,0,0.0000,0.00
15:50:07,22.2633914111816,84.90972934743466,-26.636,-29.576,7.47,-0.468,0.348,-50.0,0,0.0000,0.00
15:50:07,22.263391568856512,84.90972911854894,-26.660,-29.559,7.47,-0.468,0.348,-49.2,0,0.0000,0.00
15:50:07,22.2633917267307,84.90972888937395,-26.684,-29.541,7.47,-0.468,0.348,-49.2,0,0.0000,0.00
15:50:07,22.26339195056333,84.90972868739223,-26.704,-29.516,7.47,-0.460,0.370,-48.8,0,0.0063,0.00
15:50:07,22.26339211888795,84.90972846129368,-26.728,-29.498,7.49,-0.460,0.370,-48.4,0,0.0000,0.00
15:50:07,22.263392286839995,84.90972823569558,-26.751,-29.479,7.49,-0.460,0.370,-47.5,0,0.0000,0.00
15:50:07,22.263392454226043,84.90972801085773,-26.774,-29.460,7.49,-0.460,0.370,-47.5,0,0.0000,0.00
15:50:07,22.263392621650137,84.9097277859688,-26.797,-29.442,7.49,-0.460,0.370,-47.0,0,0.0000,0.00
15:50:07,22.263392789006854,84.90972756117036,-26.820,-29.423,7.49,-0.460,0.370,-46.5,0,0.0000,0.00
15:50:07,22.26339295689469,84.9097273356585,-26.844,-29.404,7.49,-0.460,0.370,-45.6,0,0.0000,0.00
15:50:07,22.26339312423872,84.9097271108771,-26.867,-29.386,7.49,-0.460,0.370,-45.6,0,0.0000,0.00
15:50:07,22.263393291585135,84.9097268860925,-26.890,-29.367,7.49,-0.460,0.370,-45.0,0,0.0000,0.00
15:50:08,22.263393459114663,84.90972666106194,-26.913,-29.349,7.52,-0.460,0.370,-44.0,0,0.0000,0.00
15:50:08,22.26339382917925,84.9097264493607,-26.935,-29.307,7.52,-0.456,0.430,-44.0,0,0.0065,0.00
15:50:08,22.26339402450552,84.90972622535855,-26.958,-29.286,7.52,-0.456,0.430,-43.5,0,0.0000,0.00
15:50:08,22.263394219653144,84.90972600156127,-26.981,-29.264,7.52,-0.456,0.430,-42.9,0,0.0000,0.00
15:50:08,22.26339441434769,84.90972577828357,-27.004,-29.242,7.52,-0.456,0.430,-41.9,0,0.0000,0.00
15:50:08,22.263394609447428,84.90972555454121,-27.027,-29.220,7.52,-0.456,0.430,-41.9,0,0.0000,0.00
15:50:08,22.26339487733013,84.9097253842946,-27.045,-29.191,7.52,-0.440,0.455,-41.4,0,0.0065,0.00
15:50:08,22.26339508426165,84.90972516827097,-27.067,-29.168,7.52,-0.440,0.455,-40.5,0,0.0000,0.00
15:50:08,22.26339529059867,84.90972495286795,-27.089,-29.145,7.52,-0.440,0.455,-40.0,0,0.0000,0.00
15:50:08,22.263395496805092,84.90972473760127,-27.111,-29.122,7.52,-0.440,0.455,-40.0,0,0.0000,0.00
15:50:08,22.263395702974478,84.90972452237325,-27.133,-29.099,7.52,-0.440,0.455,-39.6,0,0.0000,0.00
15:50:08,22.263395909162384,84.9097243071259,-27.156,-29.076,7.52,-0.440,0.455,-38.6,0,0.0000,0.00
15:50:08,22.263396115778136,84.9097240914319,-27.178,-29.053,7.52,-0.440,0.455,-38.1,0,0.0000,0.00
15:50:08,22.26339632182375,84.9097238763331,-27.200,-29.030,7.54,-0.440,0.455,-38.1,0,0.0000,0.00
15:50:08,22.26339652735477,84.9097236617715,-27.222,-29.007,7.54,-0.440,0.455,-37.7,0,0.0000,0.00
15:50:08,22.263396732958892,84.90972344713357,-27.244,-28.984,7.54,-0.440,0.455,-36.8,0,0.0000,0.00
15:50:08,22.263396938797893,84.90972323225046,-27.266,-28.961,7.54,-0.440,0.455,-36.4,0,0.0000,0.00
15:50:08,22.263397144422477,84.90972301759118,-27.288,-28.938,7.55,-0.440,0.455,-36.4,0,0.0000,0.00
15:50:08,22.263397350279995,84.90972280268873,-27.311,-28.915,7.55,-0.440,0.455,-36.0,0,0.0000,0.00
15:50:08,22.263397556191112,84.90972258773033,-27.333,-28.892,7.55,-0.440,0.455,-35.2,0,0.0000,0.00
15:50:09,22.263397762060322,84.90972237281568,-27.355,-28.869,7.55,-0.440,0.455,-34.7,0,0.0000,0.00
15:50:09,22.263397967929535,84.90972215790103,-27.377,-28.847,7.55,-0.440,0.455,-34.7,0,0.0000,0.00
15:50:09,22.263398446438487,84.90972219926562,-27.373,-28.793,7.55,-0.387,0.515,-34.3,0,0.0067,0.00
15:50:09,22.263398680442595,84.90972200915287,-27.392,-28.767,7.55,-0.387,0.515,-33.9,0,0.0000,0.00
15:50:09,22.263398913576157,84.9097218197474,-27.412,-28.741,7.55,-0.387,0.515,-33.1,0,0.0000,0.00
15:50:09,22.263399146345616,84.90972163063773,-27.431,-28.715,7.55,-0.387,0.515,-33.1,0,0.0000,0.00
15:50:09,22.26339937883262,84.90972144175755,-27.451,-28.690,7.58,-0.387,0.515,-32.7,0,0.0000,0.00
15:50:09,22.263399611989353,84.90972125233326,-27.470,-28.664,7.58,-0.387,0.515,-32.0,0,0.0000,0.00
15:50:09,22.263399845109678,84.90972106293853,-27.490,-28.638,7.58,-0.387,0.515,-31.5,0,0.0000,0.00
15:50:09,22.26340007789569,84.90972087381543,-27.509,-28.612,7.58,-0.387,0.515,-31.5,0,0.0000,0.00
15:50:09,22.26340031065632,84.90972068471294,-27.529,-28.586,7.59,-0.387,0.515,-31.0,0,0.0000,0.00
15:50:09,22.263400543623277,84.90972049544281,-27.548,-28.560,7.59,-0.387,0.515,-30.2,0,0.0000,0.00
15:50:09,22.26340085696395,84.90972050322038,-27.548,-28.525,7.59,-0.342,0.535,-30.2,0,0.0065,0.00
15:50:09,22.263401099633253,84.90972033532056,-27.565,-28.498,7.59,-0.342,0.535,-29.8,0,0.0000,0.00
15:50:09,22.263401341431898,84.90972016802311,-27.582,-28.471,7.59,-0.342,0.535,-29.1,0,0.0000,0.00
15:50:09,22.263401583355417,84.90972000063927,-27.599,-28.444,7.59,-0.342,0.535,-29.1,0,0.0000,0.00
15:50:09,22.26340182504638,84.90971983341633,-27.617,-28.417,7.59,-0.342,0.535,-28.7,0,0.0000,0.00
15:50:09,22.26340209667712,84.90971975273673,-27.625,-28.387,7.59,-0.318,0.544,-28.0,0,0.0065,0.00
15:50:09,22.263402343678706,84.90971959686657,-27.641,-28.359,7.62,-0.318,0.544,-27.7,0,0.0000,0.00
15:50:09,22.263402589575776,84.9097194416934,-27.657,-28.332,7.62,-0.318,0.544,-27.3,0,0.0000,0.00
15:50:10,22.263402835696546,84.90971928637907,-27.673,-28.305,7.62,-0.318,0.544,-27.3,0,0.0000,0.00
15:50:10,22.263403081635563,84.90971913117944,-27.689,-28.277,7.62,-0.318,0.544,-26.9,0,0.0000,0.00
15:50:10,22.263403328331894,84.9097189755019,-27.705,-28.250,7.62,-0.318,0.544,-26.1,0,0.0000,0.00
15:50:10,22.263403574834815,84.90971881994642,-27.721,-28.222,7.62,-0.318,0.544,-25.7,0,0.0000,0.00
15:50:10,22.2634038215929,84.90971866422991,-27.737,-28.195,7.62,-0.318,0.544,-25.7,0,0.0000,0.00
15:50:10,22.26340406763211,84.90971850896706,-27.753,-28.168,7.62,-0.318,0.544,-25.3,0,0.0000,0.00
15:50:10,22.263404313996386,84.90971835349906,-27.769,-28.140,7.62,-0.318,0.544,-24.4,0,0.0000,0.00
15:50:10,22.263404560139293,84.90971819817076,-27.785,-28.113,7.63,-0.318,0.544,-23.9,0,0.0000,0.00
15:50:10,22.263404806783196,84.90971804252631,-27.801,-28.085,7.63,-0.318,0.544,-23.9,0,0.0000,0.00
15:50:10,22.263405052990183,84.90971788715758,-27.817,-28.058,7.63,-0.318,0.544,-23.4,0,0.0000,0.00
15:50:10,22.263405299855453,84.90971773137343,-27.833,-28.030,7.63,-0.318,0.544,-22.5,0,0.0000,0.00
15:50:10,22.263405546361874,84.90971757581575,-27.849,-28.003,7.66,-0.318,0.544,-22.1,0,0.0000,0.00
15:50:10,22.26340579240225,84.90971742055214,-27.865,-27.976,7.66,-0.318,0.544,-22.1,0,0.0000,0.00
15:50:10,22.2634060383669,84.90971726533634,-27.881,-27.948,7.66,-0.318,0.544,-21.6,0,0.0000,0.00
15:50:10,22.263406284840695,84.90971710979923,-27.897,-27.921,7.66,-0.318,0.544,-20.8,0,0.0000,0.00
15:50:10,22.26340653135294,84.90971695423787,-27.913,-27.893,7.66,-0.318,0.544,-20.3,0,0.0000,0.00
15:50:10,22.263406777895476,84.90971679865739,-27.929,-27.866,7.66,-0.318,0.544,-20.3,0,0.0000,0.00
15:50:10,22.263407023328835,84.90971664377685,-27.945,-27.839,7.66,-0.318,0.544,-19.8,0,0.0000,0.00
15:50:10,22.263407269422807,84.90971648847942,-27.961,-27.811,7.66,-0.318,0.544,-18.9,0,0.0000,0.00
15:50:11,22.26340751518706,84.90971633339008,-27.977,-27.784,7.67,-0.318,0.544,-18.4,0,0.0000,0.00
15:50:11,22.26340776121462,84.90971617813457,-27.993,-27.756,7.67,-0.318,0.544,-18.4,0,0.0000,0.00
15:50:11,22.26340800726199,84.90971602286656,-28.009,-27.729,7.67,-0.318,0.544,-17.8,0,0.0000,0.00
15:50:11,22.26340825310663,84.90971586772648,-28.025,-27.702,7.67,-0.318,0.544,-16.7,0,0.0000,0.00
15:50:11,22.26340849910157,84.90971571249156,-28.041,-27.674,7.67,-0.318,0.544,-16.2,0,0.0000,0.00
15:50:11,22.263408745235157,84.90971555716915,-28.057,-27.647,7.68,-0.318,0.544,-15.6,0,0.0000,0.00
15:50:11,22.26340899206547,84.90971540140706,-28.073,-27.619,7.68,-0.318,0.544,-15.6,0,0.0000,0.00
15:50:11,22.263409237949727,84.90971524624199,-28.089,-27.592,7.68,-0.318,0.544,-15.1,0,0.0000,0.00
15:50:11,22.26341007095008,84.90971614394469,-27.997,-27.499,7.68,-0.189,0.622,-14.0,0,0.0067,0.00
15:50:11,22.26341035263691,84.90971605145195,-28.006,-27.468,7.68,-0.189,0.622,-13.5,0,0.0000,0.00
15:50:11,22.263410634068144,84.90971595904314,-28.016,-27.437,7.68,-0.189,0.622,-13.5,0,0.0000,0.00
15:50:11,22.263410915076044,84.90971586677333,-28.025,-27.405,7.68,-0.189,0.622,-12.6,0,0.0000,0.00
15:50:11,22.2634111966404,84.9097157743208,-28.035,-27.374,7.68,-0.189,0.622,-12.1,0,0.0000,0.00
15:50:11,22.26341160891714,84.90971582917162,-28.029,-27.328,7.70,-0.162,0.647,-11.7,0,0.0068,0.00
15:50:11,22.26341190274947,84.90971574955935,-28.037,-27.295,7.70,-0.162,0.647,-11.7,0,0.0000,0.00
15:50:11,22.2634121957695,84.90971567016717,-28.045,-27.263,7.70,-0.162,0.647,-10.9,0,0.0000,0.00
15:50:11,22.26341248887409,84.90971559075209,-28.054,-27.230,7.70,-0.162,0.647,-10.5,0,0.0000,0.00
15:50:11,22.263412781647375,84.90971551142677,-28.062,-27.198,7.72,-0.162,0.647,-10.1,0,0.0000,0.00
15:50:11,22.263413074671565,84.90971543203347,-28.070,-27.165,7.72,-0.162,0.647,-10.1,0,0.0000,0.00
15:50:11,22.26341336688622,84.9097153528595,-28.078,-27.132,7.72,-0.162,0.647,-9.1,0,0.0000,0.00
15:50:12,22.26341366009477,84.90971527341624,-28.086,-27.100,7.72,-0.162,0.647,-8.7,0,0.0000,0.00
15:50:12,22.263413953380947,84.90971519395195,-28.094,-27.067,7.72,-0.162,0.647,-8.2,0,0.0000,0.00
15:50:12,22.26341424630256,84.90971511458645,-28.103,-27.034,7.72,-0.162,0.647,-8.2,0,0.0000,0.00
15:50:12,22.26341453927823,84.90971503520629,-28.111,-27.002,7.72,-0.162,0.647,-7.3,0,0.0000,0.00
15:50:12,22.26341483732638,84.90971520504254,-28.093,-26.969,7.72,-0.106,0.649,-6.8,0,0.0068,0.00
15:50:12,22.26341513118446,84.90971515317817,-28.099,-26.936,7.72,-0.106,0.649,-6.3,0,0.0000,0.00
15:50:12,22.263415424721693,84.90971510137041,-28.104,-26.903,7.74,-0.106,0.649,-6.3,0,0.0000,0.00
15:50:12,22.263415717707513,84.90971504965998,-28.109,-26.871,7.74,-0.106,0.649,-5.9,0,0.0000,0.00
15:50:12,22.263416011436423,84.9097149978184,-28.115,-26.838,7.74,-0.106,0.649,-5.0,0,0.0000,0.00
15:50:12,22.26341631286858,84.90971504956299,-28.109,-26.804,7.74,-0.077,0.651,-4.5,0,0.0068,0.00
15:50:12,22.26341660876903,84.90971501197616,-28.113,-26.771,7.77,-0.077,0.651,-4.5,0,0.0000,0.00
15:50:12,22.263416903569603,84.90971497452905,-28.117,-26.739,7.77,-0.077,0.651,-3.6,0,0.0000,0.00
15:50:12,22.263417198070464,84.90971493712001,-28.121,-26.706,7.77,-0.077,0.651,-3.2,0,0.0000,0.00
15:50:12,22.263417492907283,84.9097148996683,-28.125,-26.673,7.77,-0.077,0.651,-2.7,0,0.0000,0.00
15:50:12,22.263417787631187,84.90971486223093,-28.129,-26.640,7.77,-0.077,0.651,-2.7,0,0.0000,0.00
15:50:12,22.26341808202471,84.90971482483553,-28.133,-26.607,7.77,-0.077,0.651,-1.8,0,0.0000,0.00
15:50:12,22.263418376529753,84.90971478742595,-28.136,-26.575,7.77,-0.077,0.651,-1.3,0,0.0000,0.00
15:50:12,22.263418671111467,84.90971475000666,-28.140,-26.542,7.77,-0.077,0.651,-0.9,0,0.0000,0.00
15:50:12,22.263418965240128,84.90971471264488,-28.144,-26.509,7.77,-0.077,0.651,-0.9,0,0.0000,0.00
15:50:12,22.263419259483094,84.90971467526862,-28.148,-26.476,7.77,-0.077,0.651,-0.1,0,0.0000,0.00
15:50:13,22.26341955438125,84.9097146378091,-28.152,-26.444,7.77,-0.077,0.651,0.3,0,0.0000,0.00
15:50:13,22.263419848390026,84.90971460046258,-28.156,-26.411,7.77,-0.077,0.651,0.7,0,0.0000,0.00
15:50:13,22.26342014308326,84.9097145630291,-28.159,-26.378,7.77,-0.077,0.651,1.6,0,0.0000,0.00
15:50:13,22.2634204374726,84.90971452563423,-28.163,-26.345,7.77,-0.077,0.651,1.6,0,0.0000,0.00
15:50:13,22.26342076140021,84.90971482625031,-28.132,-26.309,7.77,-0.005,0.658,2.1,0,0.0067,0.00
15:50:13,22.26342105976262,84.90971482363346,-28.133,-26.276,7.77,-0.005,0.658,2.5,0,0.0000,0.00
15:50:13,22.263421356923686,84.90971482102717,-28.133,-26.243,7.77,-0.005,0.658,2.5,0,0.0000,0.00
15:50:13,22.263421653638293,84.90971481842477,-28.133,-26.210,7.81,-0.005,0.658,3.0,0,0.0000,0.00
15:50:13,22.263421951313415,84.90971481581396,-28.133,-26.177,7.81,-0.005,0.658,4.0,0,0.0000,0.00
15:50:13,22.263422248436452,84.90971481320798,-28.134,-26.144,7.81,-0.005,0.658,4.5,0,0.0000,0.00
15:50:13,22.26342254571582,84.90971481060065,-28.134,-26.111,7.81,-0.005,0.658,4.5,0,0.0000,0.00
15:50:13,22.263422842979697,84.90971480799344,-28.134,-26.077,7.82,-0.005,0.658,5.6,0,0.0000,0.00
15:50:13,22.263423140482995,84.90971480538413,-28.135,-26.044,7.82,-0.005,0.658,6.0,0,0.0000,0.00
15:50:13,22.263423437689127,84.90971480277743,-28.135,-26.011,7.82,-0.005,0.658,6.5,0,0.0000,0.00
15:50:13,22.263423734883993,84.90971480017083,-28.135,-25.978,7.82,-0.005,0.658,6.5,0,0.0000,0.00
15:50:13,22.263423994308035,84.90971507560151,-28.107,-25.949,7.82,0.056,0.649,7.6,0,0.0065,0.00
15:50:13,22.263424288703977,84.90971510327874,-28.104,-25.917,7.82,0.056,0.649,8.1,0,0.0000,0.00
15:50:13,22.2634245819844,84.90971513085111,-28.101,-25.884,7.82,0.056,0.649,9.2,0,0.0000,0.00
15:50:13,22.263424875520435,84.90971515844751,-28.098,-25.851,7.82,0.056,0.649,9.2,0,0.0000,0.00
15:50:13,22.263425168289636,84.9097151859718,-28.095,-25.819,7.82,0.056,0.649,9.8,0,0.0000,0.00
15:50:14,22.263425438870016,84.90971532993879,-28.080,-25.789,7.83,0.089,0.642,10.4,0,0.0067,0.00
15:50:14,22.26342572974929,84.90971537353951,-28.076,-25.756,7.83,0.089,0.642,11.4,0,0.0000,0.00
15:50:14,22.26342601996462,84.9097154170407,-28.071,-25.724,7.83,0.089,0.642,11.4,0,0.0000,0.00
15:50:14,22.263426309730445,84.90971546047453,-28.067,-25.692,7.83,0.089,0.642,12.0,0,0.0000,0.00
15:50:14,22.263426600068115,84.90971550399406,-28.063,-25.659,7.86,0.089,0.642,12.5,0,0.0000,0.00
15:50:14,22.26342693476523,84.90971566120578,-28.046,-25.622,7.86,0.127,0.658,13.5,0,0.0069,0.00
15:50:14,22.263427232931836,84.90971572356618,-28.040,-25.589,7.86,0.127,0.658,13.5,0,0.0000,0.00
15:50:14,22.26342753027678,84.90971578575474,-28.034,-25.556,7.86,0.127,0.658,14.0,0,0.0000,0.00
15:50:14,22.263427828444794,84.90971584811545,-28.027,-25.523,7.86,0.127,0.658,14.5,0,0.0000,0.00
15:50:14,22.263428126738237,84.90971591050238,-28.021,-25.489,7.86,0.127,0.658,15.5,0,0.0000,0.00
15:50:14,22.26342835020128,84.9097160390261,-28.007,-25.464,7.86,0.152,0.628,16.1,0,0.0065,0.00
15:50:14,22.263428635355524,84.90971611350233,-28.000,-25.433,7.86,0.152,0.628,16.1,0,0.0000,0.00
15:50:14,22.263428919751053,84.90971618778039,-27.992,-25.401,7.88,0.152,0.628,16.6,0,0.0000,0.00
15:50:14,22.263429203580237,84.90971626191055,-27.984,-25.369,7.88,0.152,0.628,17.4,0,0.0000,0.00
15:50:14,22.263429488707576,84.90971633637976,-27.977,-25.338,7.88,0.152,0.628,17.4,0,0.0000,0.00
15:50:14,22.263429772057854,84.90971641038483,-27.969,-25.306,7.88,0.152,0.628,17.7,0,0.0000,0.00
15:50:14,22.26343005689193,84.90971648477745,-27.961,-25.274,7.91,0.152,0.628,17.8,0,0.0000,0.00
15:50:14,22.26343034149328,84.90971655910927,-27.954,-25.243,7.91,0.152,0.628,17.7,0,0.0000,0.00
15:50:14,22.26343062626144,84.90971663348468,-27.946,-25.211,7.91,0.152,0.628,17.5,0,0.0000,0.00
15:50:14,22.263430910578943,84.90971670774236,-27.939,-25.179,7.91,0.152,0.628,17.5,0,0.0000,0.00
15:50:15,22.263431194522475,84.90971678190239,-27.931,-25.148,7.91,0.152,0.628,17.4,0,0.0000,0.00
15:50:15,22.263431479329647,84.90971685628797,-27.923,-25.116,7.91,0.152,0.628,16.8,0,0.0000,0.00
15:50:15,22.263431764871317,84.90971693086539,-27.916,-25.084,7.91,0.152,0.628,16.5,0,0.0000,0.00
15:50:15,22.263432049813012,84.90971700528611,-27.908,-25.053,7.91,0.152,0.628,16.5,0,0.0000,0.00
15:50:15,22.263432333806314,84.90971707945913,-27.900,-25.021,7.91,0.152,0.628,16.2,0,0.0000,0.00
15:50:15,22.263432618504524,84.90971715381626,-27.893,-24.989,7.96,0.152,0.628,15.6,0,0.0000,0.00
15:50:15,22.263432902647146,84.90971722802828,-27.885,-24.958,7.96,0.152,0.628,15.4,0,0.0000,0.00
15:50:15,22.263433187938606,84.90971730254034,-27.877,-24.926,7.96,0.152,0.628,15.4,0,0.0000,0.00
15:50:15,22.263433471474524,84.90971737659392,-27.870,-24.894,7.96,0.152,0.628,15.2,0,0.0000,0.00
15:50:15,22.263433755274114,84.90971745071634,-27.862,-24.863,7.96,0.152,0.628,14.8,0,0.0000,0.00
15:50:15,22.263434039598344,84.90971752497579,-27.854,-24.831,7.96,0.152,0.628,14.8,0,0.0000,0.00
15:50:15,22.26343276636731,84.90971718817678,-27.889,-24.973,7.96,0.083,0.345,14.8,0,0.0049,0.00
15:50:15,22.26343292312507,84.90971722876778,-27.885,-24.955,7.96,0.083,0.345,15.0,0,0.0000,0.00
15:50:15,22.26343307918673,84.90971726917851,-27.881,-24.938,7.99,0.083,0.345,16.1,0,0.0000,0.00
15:50:15,22.26343323555686,84.90971730966912,-27.877,-24.921,7.99,0.083,0.345,17.1,0,0.0000,0.00
15:50:15,22.26343339191294,84.9097173501561,-27.872,-24.903,7.99,0.083,0.345,17.1,0,0.0000,0.00
15:50:15,22.263433734942147,84.90971723710436,-27.884,-24.865,7.99,0.048,0.392,18.5,0,0.0045,0.00
15:50:15,22.263433912716835,84.9097172605102,-27.882,-24.845,7.99,0.048,0.392,21.8,0,0.0000,0.00
15:50:15,22.263434089960683,84.90971728384616,-27.879,-24.825,8.01,0.048,0.392,23.7,0,0.0000,0.00
15:50:16,22.26343426702171,84.90971730715806,-27.877,-24.806,8.01,0.048,0.392,23.7,0,0.0000,0.00
15:50:16,22.263434443921728,84.90971733044874,-27.874,-24.786,8.01,0.048,0.392,25.6,0,0.0000,0.00
15:50:16,22.263434790878133,84.90971739759874,-27.867,-24.747,8.01,0.061,0.447,28.2,0,0.0046,0.00
15:50:16,22.26343499352341,84.90971742746729,-27.864,-24.725,8.01,0.061,0.447,28.9,0,0.0000,0.00
15:50:16,22.2634351958507,84.90971745728896,-27.861,-24.702,8.01,0.061,0.447,28.9,0,0.0000,0.00
15:50:16,22.263435397878197,84.90971748706644,-27.858,-24.680,8.01,0.061,0.447,29.2,0,0.0000,0.00
15:50:16,22.263435599922932,84.90971751684648,-27.855,-24.657,8.01,0.061,0.447,29.4,0,0.0000,0.00
15:50:16,22.263435807720484,84.90971787342035,-27.818,-24.634,8.04,0.177,0.449,29.3,0,0.0052,0.00
15:50:16,22.26343601157107,84.90971796006401,-27.810,-24.612,8.04,0.177,0.449,29.3,0,0.0000,0.00
15:50:16,22.26343621445591,84.9097180462972,-27.801,-24.589,8.04,0.177,0.449,29.3,0,0.0000,0.00
15:50:16,22.263436417370574,84.90971813254306,-27.792,-24.566,8.04,0.177,0.449,29.2,0,0.0000,0.00
15:50:16,22.263436620361226,84.90971821882123,-27.783,-24.544,8.08,0.177,0.449,29.1,0,0.0000,0.00
15:50:16,22.263436858425226,84.90971844362915,-27.760,-24.517,8.08,0.229,0.463,29.1,0,0.0054,0.00
15:50:16,22.263437068617492,84.90971855595204,-27.748,-24.494,8.08,0.229,0.463,29.1,0,0.0000,0.00
15:50:16,22.263437278374962,84.90971866804259,-27.737,-24.471,8.08,0.229,0.463,29.3,0,0.0000,0.00
15:50:16,22.263437488365714,84.90971878025779,-27.725,-24.447,8.08,0.229,0.463,29.5,0,0.0000,0.00
15:50:16,22.263437697773764,84.9097188921616,-27.713,-24.424,8.08,0.229,0.463,29.5,0,0.0000,0.00
15:50:16,22.263437930123935,84.9097190700765,-27.695,-24.398,8.08,0.255,0.473,29.7,0,0.0055,0.00
15:50:16,22.26343814482407,84.90971919508905,-27.682,-24.374,8.08,0.255,0.473,30.1,0,0.0000,0.00
15:50:16,22.263438358899172,84.90971931973765,-27.669,-24.350,8.08,0.255,0.473,30.2,0,0.0000,0.00
15:50:17,22.263438572787877,84.90971944427773,-27.657,-24.326,8.09,0.255,0.473,30.2,0,0.0000,0.00
15:50:17,22.263438788199153,84.90971956970434,-27.644,-24.302,8.09,0.255,0.473,30.6,0,0.0000,0.00
15:50:17,22.263439248238615,84.90971987981708,-27.612,-24.251,8.09,0.275,0.484,30.9,0,0.0000,0.00
15:50:17,22.263439467254273,84.90972001415828,-27.598,-24.227,8.14,0.275,0.484,31.1,0,0.0000,0.00
15:50:17,22.26343968666055,84.90972014873908,-27.584,-24.202,8.14,0.275,0.484,31.5,0,0.0000,0.00
15:50:17,22.263439905781894,84.90972028314512,-27.570,-24.178,8.14,0.275,0.484,31.7,0,0.0000,0.00
15:50:17,22.263440124559246,84.90972041734015,-27.556,-24.154,8.14,0.275,0.484,31.7,0,0.0000,0.00
15:50:17,22.26344034293873,84.90972055129114,-27.543,-24.129,8.14,0.275,0.484,32.1,0,0.0000,0.00
15:50:17,22.263440562157466,84.90972068575691,-27.529,-24.105,8.14,0.275,0.484,32.3,0,0.0000,0.00
15:50:17,22.263440781002167,84.90972081999325,-27.515,-24.081,8.14,0.275,0.484,32.4,0,0.0000,0.00
15:50:17,22.263440999724605,84.90972095415461,-27.501,-24.056,8.14,0.275,0.484,32.4,0,0.0000,0.00
15:50:17,22.263441218544436,84.90972108837569,-27.487,-24.032,8.17,0.275,0.484,32.7,0,0.0000,0.00
15:50:17,22.263441437367376,84.90972122259869,-27.473,-24.008,8.17,0.275,0.484,32.9,0,0.0000,0.00
15:50:17,22.26344165680163,84.90972135719666,-27.460,-23.983,8.17,0.275,0.484,33.1,0,0.0000,0.00
15:50:17,22.263441875681558,84.90972149145462,-27.446,-23.959,8.17,0.275,0.484,33.1,0,0.0000,0.00
15:50:17,22.26344209439156,84.90972162560834,-27.432,-23.934,8.17,0.275,0.484,33.5,0,0.0000,0.00
15:50:17,22.263442313640347,84.90972176009254,-27.418,-23.910,8.17,0.275,0.484,33.6,0,0.0000,0.00
15:50:17,22.263442532491265,84.9097218943327,-27.404,-23.886,8.17,0.275,0.484,33.8,0,0.0000,0.00
15:50:17,22.263442751836408,84.909722028876,-27.390,-23.861,8.17,0.275,0.484,33.8,0,0.0000,0.00
15:50:17,22.263442970444874,84.90972216296746,-27.377,-23.837,8.17,0.275,0.484,34.0,0,0.0000,0.00
15:50:18,22.263443189654286,84.9097222974275,-27.363,-23.812,8.19,0.275,0.484,34.1,0,0.0000,0.00
15:50:18,22.263443408707246,84.9097224317916,-27.349,-23.788,8.19,0.275,0.484,34.1,0,0.0000,0.00
15:50:18,22.26344362764934,84.90972256608768,-27.335,-23.764,8.19,0.275,0.484,34.1,0,0.0000,0.00
15:50:18,22.26344384679866,84.90972270051087,-27.321,-23.739,8.19,0.275,0.484,33.7,0,0.0000,0.00
15:50:18,22.263444065789454,84.90972283483683,-27.307,-23.715,8.21,0.275,0.484,33.3,0,0.0000,0.00
15:50:18,22.26344428487039,84.90972296921808,-27.293,-23.691,8.21,0.275,0.484,33.0,0,0.0000,0.00
15:50:18,22.2634445041544,84.90972310372389,-27.280,-23.666,8.21,0.275,0.484,33.0,0,0.0000,0.00
15:50:18,22.263444722578438,84.9097232377022,-27.266,-23.642,8.21,0.275,0.484,32.4,0,0.0000,0.00
15:50:18,22.26344494258359,84.90972337265035,-27.252,-23.617,8.21,0.275,0.484,32.2,0,0.0000,0.00
15:50:18,22.26344516150496,84.90972350693373,-27.238,-23.593,8.21,0.275,0.484,32.1,0,0.0000,0.00
15:50:18,22.26344538060144,84.9097236413245,-27.224,-23.569,8.21,0.275,0.484,32.1,0,0.0000,0.00
15:50:18,22.263445599542496,84.90972377561995,-27.210,-23.544,8.21,0.275,0.484,32.1,0,0.0000,0.00
15:50:18,22.26344581789815,84.90972390955632,-27.197,-23.520,8.25,0.275,0.484,32.3,0,0.0000,0.00
15:50:18,22.26344603705679,84.90972404398524,-27.183,-23.496,8.25,0.275,0.484,32.5,0,0.0000,0.00
15:50:18,22.263446256576003,84.90972417863532,-27.169,-23.471,8.25,0.275,0.484,33.1,0,0.0000,0.00
15:50:18,22.263446475575087,84.90972431296636,-27.155,-23.447,8.25,0.275,0.484,33.1,0,0.0000,0.00
15:50:18,22.263446694273693,84.90972444711309,-27.141,-23.422,8.25,0.275,0.484,33.4,0,0.0000,0.00
15:50:18,22.263445179738774,84.90972366518088,-27.222,-23.591,8.27,0.178,0.287,33.8,0,0.0038,0.00
15:50:18,22.263445309898017,84.90972375262214,-27.213,-23.576,8.27,0.178,0.287,34.9,0,0.0000,0.00
15:50:18,22.26344543966759,84.90972383980163,-27.204,-23.562,8.27,0.178,0.287,34.9,0,0.0000,0.00
15:50:19,22.26344556914996,84.90972392678817,-27.195,-23.548,8.27,0.178,0.287,35.5,0,0.0000,0.00
15:50:19,22.263445698850802,84.90972401392148,-27.186,-23.533,8.27,0.178,0.287,35.5,0,0.0000,0.00
15:50:19,22.263445855993997,84.90972376267355,-27.212,-23.516,8.27,0.123,0.291,36.8,0,0.0036,0.00
15:50:19,22.263445988124793,84.9097238231277,-27.205,-23.501,8.27,0.123,0.291,37.5,0,0.0000,0.00
15:50:19,22.263446119934876,84.90972388343513,-27.199,-23.486,8.27,0.123,0.291,38.2,0,0.0000,0.00
15:50:19,22.26344625161268,84.90972394368202,-27.193,-23.472,8.32,0.123,0.291,38.2,0,0.0000,0.00
15:50:19,22.263446383568148,84.90972400405596,-27.187,-23.457,8.32,0.123,0.291,39.7,0,0.0000,0.00
15:50:19,22.263446515328315,84.90972406434055,-27.181,-23.442,8.32,0.123,0.291,40.5,0,0.0000,0.00
15:50:19,22.26344664731498,84.90972412472875,-27.174,-23.428,8.32,0.123,0.291,41.3,0,0.0000,0.00
15:50:19,22.26344677939773,84.90972418516093,-27.168,-23.413,8.32,0.123,0.291,41.3,0,0.0000,0.00
15:50:19,22.263446911115466,84.9097242454261,-27.162,-23.398,8.35,0.123,0.291,43.0,0,0.0000,0.00
15:50:19,22.263447043030375,84.90972430578148,-27.156,-23.384,8.35,0.123,0.291,43.8,0,0.0000,0.00
15:50:19,22.263447174786176,84.90972436606407,-27.150,-23.369,8.35,0.123,0.291,44.7,0,0.0000,0.00
15:50:19,22.263447306580037,84.90972442636406,-27.143,-23.354,8.35,0.123,0.291,46.7,0,0.0000,0.00
15:50:19,22.26344743852739,84.90972448673429,-27.137,-23.340,8.35,0.123,0.291,46.7,0,0.0000,0.00
15:50:19,22.26344757041422,84.90972454707682,-27.131,-23.325,8.35,0.123,0.291,47.6,0,0.0000,0.00
15:50:19,22.263447702481372,84.90972460750186,-27.125,-23.310,8.35,0.123,0.291,48.6,0,0.0000,0.00
15:50:19,22.26344783437631,84.9097246678481,-27.118,-23.295,8.35,0.123,0.291,50.5,0,0.0000,0.00
15:50:19,22.263447806638542,84.90972435149325,-27.151,-23.299,8.38,0.054,0.260,50.5,0,0.0026,0.00
15:50:19,22.26344792445235,84.90972437804372,-27.148,-23.285,8.38,0.054,0.260,51.5,0,0.0000,0.00
15:50:20,22.26344804220109,84.90972440457952,-27.146,-23.272,8.38,0.054,0.260,52.5,0,0.0000,0.00
15:50:20,22.263448159706815,84.90972443106057,-27.143,-23.259,8.38,0.054,0.260,54.5,0,0.0000,0.00
15:50:20,22.26344827705294,84.90972445750563,-27.140,-23.246,8.44,0.054,0.260,54.5,0,0.0000,0.00
15:50:20,22.263448394559777,84.90972448398693,-27.137,-23.233,8.44,0.054,0.260,55.6,0,0.0000,0.00
15:50:20,22.263448512048264,84.90972451046409,-27.135,-23.220,8.44,0.054,0.260,56.7,0,0.0000,0.00
15:50:20,22.263448629393274,84.90972453690891,-27.132,-23.207,8.44,0.054,0.260,57.8,0,0.0000,0.00
15:50:20,22.26344874687564,84.90972456338469,-27.129,-23.194,8.44,0.054,0.260,57.8,0,0.0000,0.00
15:50:20,22.26344886430796,84.90972458984918,-27.127,-23.181,8.44,0.054,0.260,60.0,0,0.0000,0.00
15:50:20,22.263448981657973,84.90972461629512,-27.124,-23.168,8.44,0.054,0.260,61.1,0,0.0000,0.00
15:50:20,22.263449099164813,84.90972464277642,-27.121,-23.155,8.44,0.054,0.260,63.6,0,0.0000,0.00
15:50:20,22.263449216743386,84.90972466927387,-27.118,-23.142,8.44,0.054,0.260,63.6,0,0.0000,0.00
15:50:20,22.263449334349765,84.9097246957776,-27.116,-23.128,8.48,0.054,0.260,64.8,0,0.0000,0.00
15:50:20,22.263449451976722,84.90972472228596,-27.113,-23.115,8.48,0.054,0.260,66.1,0,0.0000,0.00
15:50:20,22.263449452620332,84.90972481127234,-27.104,-23.115,8.48,0.066,0.236,68.7,0,0.0253,0.00
15:50:20,22.26344956003633,84.90972484356575,-27.100,-23.103,8.48,0.066,0.236,70.0,0,0.0253,0.00
15:50:20,22.263449666959595,84.90972487571103,-27.097,-23.091,8.48,0.066,0.236,70.0,0,0.0253,0.00
15:50:20,22.263449773878815,84.90972490785511,-27.094,-23.080,8.48,0.066,0.236,71.4,0,0.0253,0.00
15:50:20,22.263449880947775,84.90972494004419,-27.090,-23.068,8.48,0.066,0.236,72.7,0,0.0253,0.00
15:50:20,22.263449987834615,84.90972497217852,-27.087,-23.056,8.48,0.066,0.236,75.4,0,0.0253,0.00
15:50:21,22.263450094797847,84.90972500433581,-27.084,-23.044,8.53,0.066,0.236,75.4,0,0.0000,0.00
15:50:21,22.263450201716054,84.90972503647957,-27.080,-23.032,8.53,0.066,0.236,76.8,0,0.0000,0.00
15:50:21,22.263450308473896,84.90972506857513,-27.077,-23.020,8.53,0.066,0.236,78.1,0,0.0000,0.00
15:50:21,22.26345041519531,84.90972510065971,-27.074,-23.008,8.53,0.066,0.236,80.7,0,0.0000,0.00
15:50:21,22.263450522121108,84.90972513280576,-27.071,-22.996,8.59,0.066,0.236,80.7,0,0.0000,0.00
15:50:21,22.263450628911322,84.90972516491104,-27.067,-22.984,8.59,0.066,0.236,82.0,0,0.0000,0.00
15:50:21,22.26345073571014,84.90972519701891,-27.064,-22.972,8.59,0.066,0.236,83.3,0,0.0000,0.00
15:50:21,22.263450842528687,84.90972522913272,-27.061,-22.961,8.59,0.066,0.236,85.9,0,0.0000,0.00
15:50:21,22.263450949282987,84.9097252612272,-27.057,-22.949,8.59,0.066,0.236,85.9,0,0.0000,0.00
15:50:21,22.26345105599125,84.90972529330784,-27.054,-22.937,8.59,0.066,0.236,87.2,0,0.0000,0.00
15:50:21,22.263451162863927,84.90972532543792,-27.051,-22.925,8.59,0.066,0.236,89.6,0,0.0000,0.00
15:50:21,22.263451270044182,84.90972535766045,-27.047,-22.913,8.59,0.066,0.236,90.8,0,0.0000,0.00
15:50:21,22.263451376823777,84.90972538976254,-27.044,-22.901,8.59,0.066,0.236,90.8,0,0.0000,0.00
15:50:21,22.26345148338837,84.90972542179999,-27.041,-22.889,8.64,0.066,0.236,92.1,0,0.0000,0.00
15:50:21,22.263451590341987,84.9097254539544,-27.037,-22.877,8.64,0.066,0.236,94.5,0,0.0000,0.00
15:50:21,22.26345169722478,84.90972548608751,-27.034,-22.865,8.64,0.066,0.236,95.7,0,0.0000,0.00
15:50:21,22.263451804276038,84.90972551827127,-27.031,-22.854,8.64,0.066,0.236,95.7,0,0.0000,0.00
15:50:21,22.26345191086643,84.90972555031648,-27.028,-22.842,8.68,0.066,0.236,96.9,0,0.0000,0.00
15:50:21,22.263452017693577,84.90972558243287,-27.024,-22.830,8.68,0.066,0.236,98.0,0,0.0000,0.00
15:50:21,22.263452124790867,84.90972561463046,-27.021,-22.818,8.68,0.066,0.236,100.3,0,0.0000,0.00
15:50:22,22.263451851863586,84.9097254225382,-27.041,-22.848,8.68,0.037,0.184,101.5,0,0.0024,0.00
15:50:22,22.263451935261656,84.90972544073375,-27.039,-22.839,8.68,0.037,0.184,101.5,0,0.0000,0.00
15:50:22,22.263452018452572,84.9097254588841,-27.037,-22.830,8.68,0.037,0.184,102.7,0,0.0000,0.00
15:50:22,22.26345210155882,84.90972547701597,-27.035,-22.820,8.68,0.037,0.184,105.0,0,0.0000,0.00
15:50:22,22.263452184795025,84.9097254951762,-27.033,-22.811,8.68,0.037,0.184,106.1,0,0.0000,0.00
15:50:22,22.26345220470842,84.909725536491,-27.029,-22.809,8.75,0.042,0.171,106.1,0,0.0022,0.00
15:50:22,22.263452282315654,84.90972555684259,-27.027,-22.800,8.75,0.042,0.171,107.3,0,0.0000,0.00
15:50:22,22.26345235973501,84.9097255771449,-27.025,-22.792,8.75,0.042,0.171,109.5,0,0.0000,0.00
15:50:22,22.263452437062067,84.909725597423,-27.023,-22.783,8.75,0.042,0.171,109.5,0,0.0000,0.00
15:50:22,22.263452514338955,84.90972561768797,-27.021,-22.774,8.75,0.042,0.171,110.6,0,0.0000,0.00
15:50:22,22.263452591889056,84.90972563802457,-27.019,-22.766,8.79,0.042,0.171,112.7,0,0.0000,0.00
15:50:22,22.26345266930768,84.90972565832669,-27.016,-22.757,8.79,0.042,0.171,113.7,0,0.0000,0.00
15:50:22,22.26345274684423,84.90972567865974,-27.014,-22.749,8.79,0.042,0.171,113.7,0,0.0000,0.00
15:50:22,22.263452823996225,84.90972569889195,-27.012,-22.740,8.79,0.042,0.171,114.7,0,0.0000,0.00
15:50:22,22.26345290126505,84.90972571915478,-27.010,-22.731,8.79,0.042,0.171,116.5,0,0.0000,0.00
15:50:22,22.26345297870052,84.90972573946132,-27.008,-22.723,8.79,0.042,0.171,116.5,0,0.0000,0.00
15:50:22,22.26345305607629,84.9097257597522,-27.006,-22.714,8.79,0.042,0.171,117.5,0,0.0000,0.00
15:50:22,22.26345313353703,84.90972578006537,-27.004,-22.706,8.79,0.042,0.171,119.4,0,0.0000,0.00
15:50:22,22.263453210840282,84.90972580033724,-27.002,-22.697,8.85,0.042,0.171,120.4,0,0.0000,0.00
15:50:22,22.263453288183825,84.90972582061968,-27.000,-22.688,8.85,0.042,0.171,120.4,0,0.0000,0.00
15:50:23,22.263453157422603,84.90972593282783,-26.988,-22.703,8.85,0.060,0.127,121.4,0,0.0018,0.00
15:50:23,22.263453214873188,84.90972596203666,-26.985,-22.696,8.85,0.060,0.127,123.3,0,0.0000,0.00
15:50:23,22.26345327214903,84.90972599115665,-26.982,-22.690,8.85,0.060,0.127,124.2,0,0.0000,0.00
15:50:23,22.26345332951523,84.9097260203226,-26.979,-22.684,8.85,0.060,0.127,124.2,0,0.0000,0.00
15:50:23,22.263453386674932,84.90972604938354,-26.976,-22.677,8.85,0.060,0.127,124.9,0,0.0000,0.00
15:50:23,22.263453443919026,84.9097260784874,-26.973,-22.671,8.85,0.060,0.127,126.2,0,0.0000,0.00
15:50:23,22.263453501188895,84.90972610760436,-26.970,-22.665,8.90,0.060,0.127,126.8,0,0.0000,0.00
15:50:23,22.26345355848183,84.90972613673304,-26.967,-22.658,8.90,0.060,0.127,126.8,0,0.0000,0.00
15:50:23,22.26345361566623,84.90972616580655,-26.964,-22.652,8.90,0.060,0.127,127.3,0,0.0000,0.00
15:50:23,22.263453673041653,84.90972619497717,-26.961,-22.645,8.90,0.060,0.127,128.0,0,0.0000,0.00
15:50:23,22.263453730310438,84.90972622409357,-26.958,-22.639,8.93,0.060,0.127,128.3,0,0.0000,0.00
15:50:23,22.26345340096523,84.90972605443402,-26.976,-22.676,8.93,0.016,0.035,128.5,0,0.0011,0.00
15:50:23,22.263453416888364,84.90972606229131,-26.975,-22.674,8.93,0.016,0.035,128.5,0,0.0000,0.00
15:50:23,22.263453432755753,84.90972607012111,-26.974,-22.672,8.93,0.016,0.035,128.8,0,0.0000,0.00
15:50:23,22.263453448608644,84.90972607794374,-26.973,-22.670,8.93,0.016,0.035,128.9,0,0.0000,0.00
15:50:23,22.263453464468295,84.90972608576972,-26.972,-22.669,8.93,0.016,0.035,128.9,0,0.0000,0.00
15:50:23,22.263453480329975,84.90972609359669,-26.972,-22.667,8.93,0.016,0.035,128.9,0,0.0000,0.00
15:50:23,22.263453496215167,84.90972610143527,-26.971,-22.665,8.93,0.016,0.035,128.9,0,0.0000,0.00
15:50:23,22.263453512083686,84.90972610926562,-26.970,-22.663,8.93,0.016,0.035,128.8,0,0.0000,0.00
15:50:24,22.263453527932594,84.9097261170863,-26.969,-22.662,8.94,0.016,0.035,128.8,0,0.0000,0.00
15:50:24,22.263453543806445,84.90972612491927,-26.968,-22.660,8.94,0.016,0.035,128.8,0,0.0000,0.00
15:50:24,22.263453462573917,84.90972608462519,-26.973,-22.669,8.94,0.005,0.010,128.5,0,0.0010,0.00
15:50:24,22.263453467103655,84.9097260868358,-26.972,-22.668,8.94,0.005,0.010,128.4,0,0.0000,0.00
15:50:24,22.263453471621805,84.90972608904076,-26.972,-22.668,8.95,0.005,0.010,128.2,0,0.0000,0.00
15:50:24,22.263453476136384,84.90972609124397,-26.972,-22.667,8.95,0.005,0.010,128.2,0,0.0000,0.00
15:50:24,22.263453480644035,84.9097260934438,-26.972,-22.667,8.95,0.005,0.010,127.8,0,0.0000,0.00
15:50:24,22.263453464571548,84.90972608572824,-26.972,-22.669,8.95,0.002,0.003,127.5,0,0.0010,0.00
15:50:24,22.263453466106096,84.90972608649574,-26.972,-22.669,8.95,0.002,0.003,127.3,0,0.0000,0.00
15:50:24,22.263453467640527,84.90972608726318,-26.972,-22.668,8.95,0.002,0.003,127.3,0,0.0000,0.00
15:50:24,22.26345346916825,84.90972608802727,-26.972,-22.668,8.95,0.002,0.003,126.7,0,0.0000,0.00
15:50:24,22.26345347070055,84.90972608879365,-26.972,-22.668,8.95,0.002,0.003,126.4,0,0.0000,0.00
15:50:24,22.263453464409523,84.90972608622037,-26.972,-22.669,8.95,0.000,0.000,126.1,0,0.0011,0.00
15:50:24,22.263453464605156,84.90972608641671,-26.972,-22.669,8.95,0.000,0.000,126.1,0,0.0000,0.00
15:50:24,22.263453464799937,84.90972608661218,-26.972,-22.669,8.95,0.000,0.000,125.4,0,0.0000,0.00
15:50:24,22.263453464994768,84.90972608680772,-26.972,-22.669,8.95,0.000,0.000,125.1,0,0.0000,0.00
15:50:24,22.26345346518939,84.90972608700304,-26.972,-22.669,8.95,0.000,0.000,124.7,0,0.0000,0.00
15:50:24,22.263453465384178,84.90972608719854,-26.972,-22.669,8.94,0.000,0.000,124.7,0,0.0000,0.00
15:50:24,22.2634534655785,84.90972608739355,-26.972,-22.669,8.94,0.000,0.000,124.1,0,0.0000,0.00
15:50:24,22.263453465773768,84.90972608758952,-26.972,-22.669,8.94,0.000,0.000,123.8,0,0.0000,0.00
15:50:25,22.263453465968244,84.9097260877847,-26.972,-22.669,8.94,0.000,0.000,123.6,0,0.0000,0.00
15:50:25,22.263453466162893,84.90972608798005,-26.972,-22.669,8.94,0.000,0.000,123.6,0,0.0000,0.00
15:50:25,22.263453456991392,84.90972608531949,-26.972,-22.670,8.94,-0.000,-0.002,123.1,0,0.0012,0.00
15:50:25,22.263453455878953,84.90972608511699,-26.972,-22.670,8.94,-0.000,-0.002,123.0,0,0.0000,0.00
15:50:25,22.26345345477197,84.90972608491549,-26.972,-22.670,8.94,-0.000,-0.002,122.8,0,0.0000,0.00
15:50:25,22.26345345366534,84.90972608471405,-26.973,-22.670,8.93,-0.000,-0.002,122.8,0,0.0000,0.00
15:50:25,22.263453452560167,84.90972608451288,-26.973,-22.670,8.93,-0.000,-0.002,122.7,0,0.0000,0.00
15:50:25,22.263453451453895,84.90972608431152,-26.973,-22.670,8.93,-0.000,-0.002,122.7,0,0.0000,0.00
15:50:25,22.263453450348475,84.9097260841103,-26.973,-22.670,8.93,-0.000,-0.002,122.8,0,0.0000,0.00
15:50:25,22.263453449242444,84.90972608390898,-26.973,-22.670,8.93,-0.000,-0.002,122.8,0,0.0000,0.00
15:50:25,22.263453448135873,84.90972608370755,-26.973,-22.671,8.93,-0.000,-0.002,122.9,0,0.0000,0.00
15:50:25,22.2634534470298,84.90972608350623,-26.973,-22.671,8.93,-0.000,-0.002,123.0,0,0.0000,0.00
15:50:25,22.2634534459223,84.90972608330463,-26.973,-22.671,8.93,-0.000,-0.002,123.2,0,0.0000,0.00
15:50:25,22.26345344481634,84.90972608310332,-26.973,-22.671,8.90,-0.000,-0.002,123.2,0,0.0000,0.00
15:50:25,22.26345344370867,84.9097260829017,-26.973,-22.671,8.90,-0.000,-0.002,123.6,0,0.0000,0.00
15:50:25,22.263453442601588,84.90972608270017,-26.973,-22.671,8.90,-0.000,-0.002,123.8,0,0.0000,0.00
15:50:25,22.263453441494747,84.90972608249871,-26.973,-22.671,8.90,-0.000,-0.002,124.0,0,0.0000,0.00
15:50:25,22.263453440389434,84.90972608229751,-26.973,-22.671,8.90,-0.000,-0.002,124.4,0,0.0000,0.00
15:50:25,22.26345343432483,84.90972607786819,-26.973,-22.672,8.88,-0.001,-0.004,124.4,0,0.0011,0.00
15:50:25,22.26345343273378,84.90972607725739,-26.973,-22.672,8.88,-0.001,-0.004,124.7,0,0.0000,0.00
15:50:26,22.263453431150754,84.90972607664969,-26.973,-22.672,8.88,-0.001,-0.004,124.9,0,0.0000,0.00
15:50:26,22.263453429569353,84.9097260760426,-26.973,-22.673,8.88,-0.001,-0.004,125.3,0,0.0000,0.00
15:50:26,22.263453427984086,84.90972607543404,-26.973,-22.673,8.88,-0.001,-0.004,125.3,0,0.0000,0.00
15:50:26,22.263453425559085,84.90972607379986,-26.974,-22.673,8.88,-0.002,-0.004,125.5,0,0.0014,0.00
15:50:26,22.263453423865236,84.90972607306102,-26.974,-22.673,8.88,-0.002,-0.004,125.6,0,0.0000,0.00
15:50:26,22.2634534221752,84.90972607232386,-26.974,-22.673,8.88,-0.002,-0.004,125.9,0,0.0000,0.00
15:50:26,22.263453420486226,84.90972607158716,-26.974,-22.674,8.85,-0.002,-0.004,125.9,0,0.0000,0.00
15:50:26,22.26345341879811,84.90972607085082,-26.974,-22.674,8.85,-0.002,-0.004,126.0,0,0.0000,0.00
15:50:26,22.263453417108312,84.90972607011376,-26.974,-22.674,8.85,-0.002,-0.004,126.0,0,0.0000,0.00
15:50:26,22.263453415422067,84.90972606937824,-26.974,-22.674,8.85,-0.002,-0.004,126.1,0,0.0000,0.00
15:50:26,22.26345341373412,84.90972606864199,-26.974,-22.674,8.81,-0.002,-0.004,126.1,0,0.0000,0.00
15:50:26,22.263453412047742,84.90972606790642,-26.974,-22.675,8.81,-0.002,-0.004,126.1,0,0.0000,0.00
15:50:26,22.2634534103579,84.90972606716933,-26.974,-22.675,8.81,-0.002,-0.004,126.1,0,0.0000,0.00
15:50:26,22.26345340866956,84.9097260664329,-26.974,-22.675,8.81,-0.002,-0.004,126.0,0,0.0000,0.00
15:50:26,22.263453406980066,84.90972606569596,-26.974,-22.675,8.81,-0.002,-0.004,126.0,0,0.0000,0.00
15:50:26,22.26345340529074,84.90972606495912,-26.975,-22.675,8.81,-0.002,-0.004,125.9,0,0.0000,0.00
15:50:26,22.26345340360278,84.90972606422285,-26.975,-22.675,8.81,-0.002,-0.004,125.9,0,0.0000,0.00
15:50:26,22.26345340191137,84.90972606348508,-26.975,-22.676,8.81,-0.002,-0.004,125.7,0,0.0000,0.00
15:50:26,22.263453400224364,84.90972606274923,-26.975,-22.676,8.81,-0.002,-0.004,125.7,0,0.0000,0.00
15:50:26,22.263453398540484,84.90972606201476,-26.975,-22.676,8.79,-0.002,-0.004,125.7,0,0.0000,0.00
15:50:27,22.263453396847243,84.90972606127619,-26.975,-22.676,8.79,-0.002,-0.004,125.6,0,0.0000,0.00
15:50:27,22.26345339515621,84.90972606053857,-26.975,-22.676,8.79,-0.002,-0.004,125.5,0,0.0000,0.00
15:50:27,22.26345339346554,84.90972605980113,-26.975,-22.677,8.79,-0.002,-0.004,125.5,0,0.0000,0.00
15:50:27,22.26345339177767,84.90972605906491,-26.975,-22.677,8.75,-0.002,-0.004,125.4,0,0.0000,0.00
15:50:27,22.26345337533101,84.9097260566045,-26.975,-22.679,8.75,-0.002,-0.006,125.3,0,0.0012,0.00
15:50:27,22.263453372446993,84.90972605572502,-26.975,-22.679,8.75,-0.002,-0.006,125.2,0,0.0000,0.00
15:50:27,22.26345336957398,84.90972605484887,-26.976,-22.679,8.75,-0.002,-0.006,125.2,0,0.0000,0.00
15:50:27,22.263453366710493,84.90972605397565,-26.976,-22.680,8.75,-0.002,-0.006,125.2,0,0.0000,0.00
15:50:27,22.263453363839137,84.90972605310002,-26.976,-22.680,8.75,-0.002,-0.006,125.2,0,0.0000,0.00
15:50:27,22.263453359336264,84.90972605053314,-26.976,-22.680,8.75,-0.002,-0.007,125.1,0,0.0014,0.00
15:50:27,22.263453356266172,84.90972604946417,-26.976,-22.681,8.75,-0.002,-0.007,125.1,0,0.0000,0.00
15:50:27,22.263453353220843,84.90972604840384,-26.976,-22.681,8.71,-0.002,-0.007,125.1,0,0.0000,0.00
15:50:27,22.263453350165317,84.90972604733996,-26.976,-22.681,8.71,-0.002,-0.007,125.1,0,0.0000,0.00
15:50:27,22.263453347114233,84.90972604627763,-26.976,-22.682,8.71,-0.002,-0.007,125.0,0,0.0000,0.00
15:50:27,22.263453343190005,84.90972604475687,-26.977,-22.682,8.71,-0.002,-0.007,125.0,0,0.0018,0.00
15:50:27,22.263453339998712,84.90972604362275,-26.977,-22.683,8.71,-0.002,-0.007,124.9,0,0.0000,0.00
15:50:27,22.26345333682047,84.90972604249328,-26.977,-22.683,8.71,-0.002,-0.007,124.8,0,0.0000,0.00
15:50:27,22.26345333364169,84.90972604136361,-26.977,-22.683,8.71,-0.002,-0.007,124.5,0,0.0000,0.00
15:50:27,22.263453330459523,84.90972604023275,-26.977,-22.684,8.71,-0.002,-0.007,124.5,0,0.0000,0.00
15:50:27,22.263453331908053,84.90972603983637,-26.977,-22.683,8.71,-0.002,-0.005,124.3,0,0.0022,0.00
15:50:28,22.263453329521337,84.90972603882918,-26.977,-22.684,8.67,-0.002,-0.005,124.1,0,0.0000,0.00
15:50:28,22.26345332714452,84.90972603782616,-26.977,-22.684,8.67,-0.002,-0.005,123.7,0,0.0000,0.00
15:50:28,22.263453324770623,84.90972603682437,-26.977,-22.684,8.67,-0.002,-0.005,123.5,0,0.0000,0.00
15:50:28,22.263453322395538,84.90972603582209,-26.978,-22.685,8.67,-0.002,-0.005,123.5,0,0.0000,0.00
15:50:28,22.263453327087998,84.90972603793838,-26.977,-22.684,8.65,-0.001,-0.002,123.4,0,0.0016,0.00
15:50:28,22.26345332602645,84.90972603751587,-26.977,-22.684,8.65,-0.001,-0.002,123.1,0,0.0000,0.00
15:50:28,22.263453324967607,84.90972603709442,-26.977,-22.684,8.65,-0.001,-0.002,123.0,0,0.0000,0.00
15:50:28,22.26345332391061,84.90972603667372,-26.977,-22.684,8.65,-0.001,-0.002,123.0,0,0.0000,0.00
15:50:28,22.263453322854485,84.90972603625335,-26.977,-22.684,8.65,-0.001,-0.002,122.9,0,0.0000,0.00
15:50:28,22.263453321796934,84.90972603583242,-26.978,-22.685,8.65,-0.001,-0.002,122.7,0,0.0000,0.00
15:50:28,22.2634533207381,84.90972603541098,-26.978,-22.685,8.65,-0.001,-0.002,122.6,0,0.0000,0.00
15:50:28,22.26345331967759,84.90972603498888,-26.978,-22.685,8.65,-0.001,-0.002,122.6,0,0.0000,0.00
15:50:28,22.26345331862069,84.90972603456821,-26.978,-22.685,8.64,-0.001,-0.002,122.6,0,0.0000,0.00
15:50:28,22.26345331756155,84.90972603414664,-26.978,-22.685,8.64,-0.001,-0.002,122.5,0,0.0000,0.00
15:50:28,22.26345331650441,84.90972603372587,-26.978,-22.685,8.64,-0.001,-0.002,122.5,0,0.0000,0.00
15:50:28,22.263453315446455,84.90972603330479,-26.978,-22.685,8.64,-0.001,-0.002,122.5,0,0.0000,0.00
15:50:28,22.263453314387963,84.90972603288348,-26.978,-22.685,8.64,-0.001,-0.002,122.5,0,0.0000,0.00
15:50:28,22.26345331333114,84.90972603246284,-26.978,-22.686,8.65,-0.001,-0.002,122.5,0,0.0000,0.00
15:50:28,22.263453312271185,84.90972603204096,-26.978,-22.686,8.65,-0.001,-0.002,122.6,0,0.0000,0.00
15:50:29,22.263453311212658,84.90972603161964,-26.978,-22.686,8.65,-0.001,-0.002,122.6,0,0.0000,0.00
15:50:29,22.263453310156105,84.90972603119911,-26.978,-22.686,8.65,-0.001,-0.002,122.6,0,0.0000,0.00
15:50:29,22.263453309097116,84.9097260307776,-26.978,-22.686,8.65,-0.001,-0.002,122.7,0,0.0000,0.00
15:50:29,22.26345330804115,84.90972603035732,-26.978,-22.686,8.65,-0.001,-0.002,122.8,0,0.0000,0.00
15:50:29,22.263453306983706,84.90972602993642,-26.978,-22.686,8.65,-0.001,-0.002,122.8,0,0.0000,0.00
15:50:29,22.26345330592643,84.90972602951561,-26.978,-22.686,8.65,-0.001,-0.002,122.8,0,0.0000,0.00
15:50:29,22.263453304869113,84.90972602909477,-26.978,-22.686,8.67,-0.001,-0.002,122.9,0,0.0000,0.00
15:50:29,22.263453303808838,84.90972602867276,-26.978,-22.687,8.67,-0.001,-0.002,123.0,0,0.0000,0.00
15:50:29,22.263453302752012,84.90972602825212,-26.978,-22.687,8.67,-0.001,-0.002,123.0,0,0.0000,0.00
15:50:29,22.263453301696167,84.90972602783187,-26.978,-22.687,8.67,-0.001,-0.002,123.0,0,0.0000,0.00
15:50:29,22.263453300636673,84.90972602741017,-26.978,-22.687,8.70,-0.001,-0.002,123.1,0,0.0000,0.00
15:50:29,22.263453806703534,84.90972635596428,-26.945,-22.631,8.70,0.045,0.075,123.1,0,0.0020,0.00
15:50:29,22.26345384072999,84.90972637830382,-26.942,-22.627,8.70,0.045,0.075,123.2,0,0.0000,0.00
15:50:29,22.263453874652395,84.90972640057504,-26.940,-22.623,8.70,0.045,0.075,123.4,0,0.0000,0.00
15:50:29,22.263453908494636,84.90972642279363,-26.938,-22.619,8.70,0.045,0.075,123.5,0,0.0000,0.00
15:50:29,22.26345394239155,84.90972644504812,-26.935,-22.616,8.70,0.045,0.075,123.5,0,0.0000,0.00
15:50:29,22.26345397959146,84.909726467477,-26.933,-22.611,8.70,0.046,0.076,123.5,0,0.0019,0.00
15:50:29,22.263454013857103,84.90972648977588,-26.931,-22.608,8.70,0.046,0.076,123.6,0,0.0000,0.00
15:50:29,22.26345404803727,84.90972651201915,-26.928,-22.604,8.70,0.046,0.076,123.7,0,0.0000,0.00
15:50:29,22.26345408227458,84.9097265342996,-26.926,-22.600,8.71,0.046,0.076,123.8,0,0.0000,0.00
15:50:30,22.263454116453456,84.90972655654201,-26.924,-22.596,8.71,0.046,0.076,123.8,0,0.0000,0.00
15:50:30,22.263454150646574,84.9097265787937,-26.922,-22.592,8.71,0.046,0.076,123.8,0,0.0000,0.00
15:50:30,22.263454184889877,84.90972660107803,-26.919,-22.589,8.71,0.046,0.076,123.8,0,0.0000,0.00
15:50:30,22.26345421911521,84.90972662335068,-26.917,-22.585,8.71,0.046,0.076,123.8,0,0.0000,0.00
15:50:30,22.26345425330962,84.90972664560321,-26.915,-22.581,8.71,0.046,0.076,123.8,0,0.0000,0.00
15:50:30,22.263454287441228,84.90972666781487,-26.912,-22.577,8.71,0.046,0.076,123.8,0,0.0000,0.00
15:50:30,22.263454321596953,84.90972669004222,-26.910,-22.573,8.71,0.046,0.076,123.7,0,0.0000,0.00
15:50:30,22.263454355786024,84.90972671229127,-26.908,-22.569,8.74,0.046,0.076,123.7,0,0.0000,0.00
15:50:30,22.26345439002706,84.90972673457415,-26.906,-22.566,8.74,0.046,0.076,123.7,0,0.0000,0.00
15:50:30,22.263454424132117,84.90972675676852,-26.903,-22.562,8.74,0.046,0.076,123.7,0,0.0000,0.00
15:50:30,22.26345445832653,84.90972677902106,-26.901,-22.558,8.74,0.046,0.076,123.7,0,0.0000,0.00
15:50:30,22.26345449251188,84.90972680126768,-26.899,-22.554,8.74,0.046,0.076,123.7,0,0.0000,0.00
15:50:30,22.263454526628752,84.90972682346975,-26.896,-22.550,8.79,0.046,0.076,123.7,0,0.0000,0.00
15:50:30,22.263454560884842,84.90972684576242,-26.894,-22.547,8.79,0.046,0.076,123.7,0,0.0000,0.00
15:50:30,22.263454595155988,84.90972686806488,-26.892,-22.543,8.79,0.046,0.076,123.7,0,0.0000,0.00
15:50:30,22.263454629323043,84.90972689029961,-26.890,-22.539,8.79,0.046,0.076,123.7,0,0.0000,0.00
15:50:30,22.263454663435873,84.90972691249904,-26.887,-22.535,8.79,0.046,0.076,123.7,0,0.0000,0.00
15:50:30,22.263454697710092,84.9097269348035,-26.885,-22.531,8.79,0.046,0.076,123.6,0,0.0000,0.00
15:50:30,22.263454731902076,84.90972695705446,-26.883,-22.528,8.79,0.046,0.076,123.6,0,0.0000,0.00
15:50:30,22.263454766133723,84.90972697933121,-26.880,-22.524,8.79,0.046,0.076,123.6,0,0.0000,0.00
15:50:31,22.26345480028718,84.90972700155709,-26.878,-22.520,8.83,0.046,0.076,123.6,0,0.0000,0.00
15:50:31,22.263454834440964,84.90972702378318,-26.876,-22.516,8.83,0.046,0.076,123.6,0,0.0000,0.00
15:50:31,22.26345486858714,84.90972704600432,-26.873,-22.512,8.83,0.046,0.076,123.6,0,0.0000,0.00
15:50:31,22.263454902798387,84.9097270682678,-26.871,-22.509,8.83,0.046,0.076,123.6,0,0.0000,0.00
15:50:31,22.263454936980175,84.9097270905121,-26.869,-22.505,8.88,0.046,0.076,123.6,0,0.0000,0.00
15:50:31,22.26345497117443,84.90972711276454,-26.867,-22.501,8.88,0.046,0.076,123.6,0,0.0000,0.00
15:50:31,22.26345500530555,84.90972713497588,-26.864,-22.497,8.88,0.046,0.076,123.6,0,0.0000,0.00
15:50:31,22.26345503947584,84.90972715721271,-26.862,-22.493,8.88,0.046,0.076,123.6,0,0.0000,0.00
15:50:31,22.263455073697287,84.90972717948283,-26.860,-22.490,8.88,0.046,0.076,123.6,0,0.0000,0.00
15:50:31,22.26345510784233,84.90972720170323,-26.857,-22.486,8.88,0.046,0.076,123.5,0,0.0000,0.00
15:50:31,22.263455142053903,84.90972722396693,-26.855,-22.482,8.88,0.046,0.076,123.5,0,0.0000,0.00
15:50:31,22.263455176276484,84.90972724623778,-26.853,-22.478,8.88,0.046,0.076,123.5,0,0.0000,0.00
15:50:31,22.26345473221942,84.90972687665449,-26.891,-22.528,8.88,0.005,0.022,123.5,0,0.0018,0.00
15:50:31,22.26345474239681,84.90972687920728,-26.891,-22.526,8.93,0.005,0.022,123.5,0,0.0000,0.00
15:50:31,22.26345475253551,84.90972688175037,-26.890,-22.525,8.93,0.005,0.022,123.5,0,0.0000,0.00
15:50:31,22.26345476265899,84.90972688428965,-26.890,-22.524,8.93,0.005,0.022,123.5,0,0.0000,0.00
15:50:31,22.263454772794713,84.90972688683199,-26.890,-22.523,8.93,0.005,0.022,123.4,0,0.0000,0.00
15:50:31,22.263454782929525,84.90972688937411,-26.890,-22.522,9.00,0.005,0.022,123.4,0,0.0000,0.00
15:50:31,22.26345479307763,84.90972689191956,-26.889,-22.521,9.00,0.005,0.022,123.4,0,0.0000,0.00
15:50:31,22.26345480325531,84.90972689447243,-26.889,-22.520,9.00,0.005,0.022,123.4,0,0.0000,0.00
15:50:32,22.263454813373322,84.90972689701033,-26.889,-22.519,9.00,0.005,0.022,123.3,0,0.0000,0.00
15:50:32,22.263454823512884,84.90972689955363,-26.889,-22.517,9.00,0.005,0.022,123.3,0,0.0000,0.00
15:50:32,22.263454833717827,84.90972690211335,-26.888,-22.516,9.00,0.005,0.022,123.3,0,0.0000,0.00
15:50:32,22.263454843827915,84.90972690464926,-26.888,-22.515,9.00,0.005,0.022,123.3,0,0.0000,0.00
15:50:32,22.263454853959175,84.90972690719047,-26.888,-22.514,9.00,0.005,0.022,123.3,0,0.0000,0.00
15:50:32,22.26345486408554,84.90972690973048,-26.888,-22.513,9.04,0.005,0.022,123.3,0,0.0000,0.00
15:50:32,22.26345487422083,84.90972691227272,-26.887,-22.512,9.04,0.005,0.022,123.3,0,0.0000,0.00
15:50:32,22.263454884351656,84.90972691481383,-26.887,-22.511,9.04,0.005,0.022,123.4,0,0.0000,0.00
15:50:32,22.263454894494004,84.90972691735783,-26.887,-22.510,9.04,0.005,0.022,123.4,0,0.0000,0.00
15:50:32,22.26345490465368,84.90972691990619,-26.886,-22.508,9.04,0.005,0.022,123.4,0,0.0000,0.00
15:50:32,22.26345491480265,84.90972692245185,-26.886,-22.507,9.11,0.005,0.022,123.4,0,0.0000,0.00
15:50:32,22.26345492494764,84.90972692499652,-26.886,-22.506,9.11,0.005,0.022,123.4,0,0.0000,0.00
15:50:32,22.263454935241434,84.90972692757852,-26.886,-22.505,9.11,0.005,0.022,123.4,0,0.0000,0.00
15:50:32,22.26345534990694,84.90972721293062,-26.856,-22.459,9.11,0.040,0.075,125.4,0,0.0000,0.00
15:50:32,22.26345538408183,84.90972723254866,-26.854,-22.455,9.11,0.040,0.075,125.4,0,0.0000,0.00
15:50:32,22.263455418185032,84.90972725212555,-26.852,-22.451,9.11,0.040,0.075,127.3,0,0.0000,0.00
15:50:32,22.263455452252394,84.90972727168187,-26.850,-22.447,9.11,0.040,0.075,129.4,0,0.0000,0.00
15:50:32,22.263455486428896,84.90972729130084,-26.848,-22.444,9.16,0.040,0.075,129.4,0,0.0000,0.00
15:50:32,22.263455520545822,84.9097273108856,-26.846,-22.440,9.16,0.040,0.075,133.7,0,0.0000,0.00
15:50:32,22.263455554654836,84.90972733046583,-26.844,-22.436,9.16,0.040,0.075,135.8,0,0.0000,0.00
15:50:33,22.263455588798404,84.90972735006589,-26.842,-22.432,9.16,0.040,0.075,137.8,0,0.0000,0.00
15:50:33,22.263455622948428,84.90972736966965,-26.840,-22.428,9.16,0.040,0.075,141.1,0,0.0000,0.00
15:50:33,22.2634556570371,84.90972738923821,-26.838,-22.425,9.16,0.040,0.075,141.1,0,0.0000,0.00
15:50:33,22.263455691229424,84.90972740886626,-26.836,-22.421,9.16,0.040,0.075,142.3,0,0.0000,0.00
15:50:33,22.263455725301952,84.90972742842554,-26.834,-22.417,9.16,0.040,0.075,143.1,0,0.0000,0.00
15:50:33,22.26345575946166,84.90972744803487,-26.832,-22.413,9.21,0.040,0.075,143.5,0,0.0000,0.00
15:50:33,22.26345579354856,84.9097274676024,-26.830,-22.409,9.21,0.040,0.075,143.5,0,0.0000,0.00
15:50:33,22.26345582762916,84.90972748716631,-26.828,-22.406,9.21,0.040,0.075,143.9,0,0.0000,0.00
15:50:33,22.263455861689092,84.90972750671835,-26.826,-22.402,9.21,0.040,0.075,143.8,0,0.0000,0.00
15:50:33,22.263455895819096,84.90972752631063,-26.824,-22.398,9.21,0.040,0.075,143.6,0,0.0000,0.00
15:50:33,22.263455929873377,84.90972754585944,-26.822,-22.394,9.25,0.040,0.075,143.6,0,0.0000,0.00
15:50:33,22.26345596399095,84.90972756544458,-26.820,-22.390,9.25,0.040,0.075,143.4,0,0.0000,0.00
15:50:33,22.263453734414444,84.90972890755617,-26.682,-22.639,9.25,0.233,-0.282,143.3,0,0.0045,0.00
15:50:33,22.263453606610703,84.90972902185366,-26.670,-22.653,9.25,0.233,-0.282,143.2,0,0.0000,0.00
15:50:33,22.263453479246024,84.9097291357585,-26.658,-22.667,9.25,0.233,-0.282,143.1,0,0.0000,0.00
15:50:33,22.26345335193864,84.90972924961208,-26.646,-22.681,9.25,0.233,-0.282,143.1,0,0.0000,0.00
15:50:33,22.26345322486707,84.90972936325478,-26.635,-22.695,9.25,0.233,-0.282,143.0,0,0.0000,0.00
15:50:33,22.263453435330025,84.90972913559361,-26.658,-22.672,9.25,0.162,-0.205,142.8,0,0.0026,0.00
15:50:33,22.26345334232221,84.90972921473875,-26.650,-22.682,9.24,0.162,-0.205,141.9,0,0.0000,0.00
15:50:34,22.26345324934782,84.90972929385545,-26.642,-22.693,9.24,0.162,-0.205,141.9,0,0.0000,0.00
15:50:34,22.263453156583584,84.90972937279332,-26.634,-22.703,9.24,0.162,-0.205,141.4,0,0.0000,0.00
15:50:34,22.263453063599517,84.90972945191827,-26.626,-22.713,9.24,0.162,-0.205,140.9,0,0.0000,0.00
15:50:34,22.263453164459182,84.90972937029336,-26.634,-22.702,9.23,0.115,-0.145,139.7,0,0.0014,0.00
15:50:34,22.26345309872082,84.90972942683163,-26.628,-22.709,9.23,0.115,-0.145,139.7,0,0.0000,0.00
15:50:34,22.263453033282552,84.9097294831118,-26.622,-22.717,9.23,0.115,-0.145,139.1,0,0.0000,0.00
15:50:34,22.26345296779194,84.90972953943698,-26.617,-22.724,9.23,0.115,-0.145,138.5,0,0.0000,0.00
15:50:34,22.26345290225612,84.90972959580105,-26.611,-22.731,9.23,0.115,-0.145,137.2,0,0.0000,0.00
15:50:34,22.263452836789668,84.90972965210547,-26.605,-22.739,9.23,0.115,-0.145,137.2,0,0.0000,0.00
15:50:34,22.26345277143997,84.90972970830946,-26.599,-22.746,9.23,0.115,-0.145,136.5,0,0.0000,0.00
15:50:34,22.26345270589888,84.90972976467806,-26.593,-22.753,9.23,0.115,-0.145,135.9,0,0.0000,0.00
15:50:34,22.263452640486317,84.90972982093612,-26.588,-22.760,9.23,0.115,-0.145,134.5,0,0.0000,0.00
15:50:34,22.263452574981773,84.90972987727329,-26.582,-22.768,9.22,0.115,-0.145,134.5,0,0.0000,0.00
15:50:34,22.263452575521846,84.90972993008995,-26.576,-22.768,9.22,0.114,-0.125,133.9,0,0.0017,0.00
15:50:34,22.263452518742895,84.90972998604772,-26.571,-22.774,9.22,0.114,-0.125,133.2,0,0.0000,0.00
15:50:34,22.263452462110315,84.90973004186125,-26.565,-22.780,9.22,0.114,-0.125,132.0,0,0.0000,0.00
15:50:34,22.26345240548229,84.90973009767028,-26.559,-22.787,9.22,0.114,-0.125,131.4,0,0.0000,0.00
15:50:34,22.263452348897165,84.90973015343702,-26.553,-22.793,9.22,0.114,-0.125,131.4,0,0.0000,0.00
15:50:34,22.26345229232758,84.90973020918847,-26.548,-22.799,9.22,0.114,-0.125,130.8,0,0.0000,0.00
15:50:34,22.26345228157172,84.90973026831928,-26.542,-22.800,9.22,0.115,-0.110,129.8,0,0.0017,0.00
15:50:35,22.26345223161071,84.90973032488301,-26.536,-22.806,9.21,0.115,-0.110,129.8,0,0.0000,0.00
15:50:35,22.263452181899076,84.90973038116442,-26.530,-22.811,9.21,0.115,-0.110,129.3,0,0.0000,0.00
15:50:35,22.263452132242314,84.90973043738371,-26.524,-22.817,9.21,0.115,-0.110,128.8,0,0.0000,0.00
15:50:35,22.263452082455565,84.90973049375017,-26.518,-22.823,9.21,0.115,-0.110,128.0,0,0.0000,0.00
15:50:35,22.263452032788674,84.90973054998092,-26.512,-22.828,9.19,0.115,-0.110,128.0,0,0.0000,0.00
15:50:35,22.263451983047137,84.90973060629618,-26.507,-22.834,9.19,0.115,-0.110,127.6,0,0.0000,0.00
15:50:35,22.263451933226946,84.9097306627005,-26.501,-22.839,9.19,0.115,-0.110,127.2,0,0.0000,0.00
15:50:35,22.263451883402517,84.90973071910962,-26.495,-22.845,9.19,0.115,-0.110,126.6,0,0.0000,0.00
15:50:35,22.263451833514505,84.9097307755907,-26.489,-22.850,9.19,0.115,-0.110,126.6,0,0.0000,0.00
15:50:35,22.26345192283903,84.9097306990419,-26.497,-22.840,9.19,0.079,-0.069,126.3,0,0.0011,0.00
15:50:35,22.26345189133268,84.90973073800205,-26.493,-22.844,9.19,0.079,-0.069,126.1,0,0.0000,0.00
15:50:35,22.263451860000682,84.90973077674661,-26.489,-22.847,9.19,0.079,-0.069,125.7,0,0.0000,0.00
15:50:35,22.263451828705538,84.90973081544558,-26.485,-22.851,9.19,0.079,-0.069,125.5,0,0.0000,0.00
15:50:35,22.263451797413502,84.90973085414072,-26.481,-22.854,9.14,0.079,-0.069,125.5,0,0.0000,0.00
15:50:35,22.263451766119985,84.9097308928377,-26.477,-22.858,9.14,0.079,-0.069,125.4,0,0.0000,0.00
15:50:35,22.26345173475587,84.90973093162197,-26.473,-22.861,9.14,0.079,-0.069,125.1,0,0.0000,0.00
15:50:35,22.2634517034477,84.90973097033705,-26.469,-22.865,9.14,0.079,-0.069,125.0,0,0.0000,0.00
15:50:35,22.263451672124877,84.90973100907026,-26.465,-22.868,9.11,0.079,-0.069,125.0,0,0.0000,0.00
15:50:35,22.26345164084542,84.90973104774983,-26.461,-22.872,9.11,0.079,-0.069,125.0,0,0.0000,0.00
15:50:35,22.263451766552194,84.90973086018545,-26.481,-22.858,9.11,0.021,-0.026,125.0,0,0.0013,0.00
15:50:36,22.26345175490292,84.90973087056386,-26.479,-22.859,9.11,0.021,-0.026,125.0,0,0.0000,0.00
15:50:36,22.263451743285778,84.90973088091364,-26.478,-22.860,9.11,0.021,-0.026,125.0,0,0.0000,0.00
15:50:36,22.263451731676227,84.90973089125666,-26.477,-22.862,9.11,0.021,-0.026,125.1,0,0.0000,0.00
15:50:36,22.263451720049016,84.90973090161542,-26.476,-22.863,9.11,0.021,-0.026,125.3,0,0.0000,0.00
15:50:36,22.263451726995886,84.90973086513749,-26.480,-22.862,9.11,0.007,-0.020,125.4,0,0.0016,0.00
15:50:36,22.26345171813689,84.90973086846877,-26.480,-22.863,9.08,0.007,-0.020,125.4,0,0.0000,0.00
15:50:36,22.263451709305865,84.90973087178953,-26.479,-22.864,9.08,0.007,-0.020,125.5,0,0.0000,0.00
15:50:36,22.26345170048003,84.90973087510834,-26.479,-22.865,9.08,0.007,-0.020,125.9,0,0.0000,0.00
15:50:36,22.263451691645454,84.90973087843044,-26.479,-22.866,9.08,0.007,-0.020,125.9,0,0.0000,0.00
15:50:36,22.26345168281046,84.90973088175268,-26.478,-22.867,9.08,0.007,-0.020,126.0,0,0.0000,0.00
15:50:36,22.263451673992233,84.90973088506864,-26.478,-22.868,9.02,0.007,-0.020,126.5,0,0.0000,0.00
15:50:36,22.26345166512851,84.90973088840168,-26.478,-22.869,9.02,0.007,-0.020,126.7,0,0.0000,0.00
15:50:36,22.263451656298365,84.90973089172212,-26.477,-22.870,9.02,0.007,-0.020,126.7,0,0.0000,0.00
15:50:36,22.26345164747278,84.90973089504084,-26.477,-22.871,9.02,0.007,-0.020,127.0,0,0.0000,0.00
15:50:36,22.263451638640923,84.9097308983619,-26.477,-22.872,9.02,0.007,-0.020,127.5,0,0.0000,0.00
15:50:36,22.263451629809943,84.90973090168265,-26.476,-22.873,9.02,0.007,-0.020,127.7,0,0.0000,0.00
15:50:36,22.263451620950946,84.90973090501393,-26.476,-22.874,9.02,0.007,-0.020,127.7,0,0.0000,0.00
15:50:36,22.263451612123017,84.90973090833353,-26.476,-22.875,9.02,0.007,-0.020,128.3,0,0.0000,0.00
15:50:36,22.263451603277694,84.90973091165966,-26.475,-22.876,8.97,0.007,-0.020,128.5,0,0.0000,0.00
15:50:36,22.263451594446295,84.90973091498056,-26.475,-22.877,8.97,0.007,-0.020,128.8,0,0.0000,0.00
15:50:37,22.263451585593153,84.90973091830963,-26.475,-22.878,8.97,0.007,-0.020,128.8,0,0.0000,0.00
15:50:37,22.263451576749876,84.909730921635,-26.474,-22.879,8.97,0.007,-0.020,129.1,0,0.0000,0.00
15:50:37,22.263451567926715,84.90973092495281,-26.474,-22.880,8.89,0.007,-0.020,129.6,0,0.0000,0.00
15:50:37,22.263451559099543,84.90973092827213,-26.474,-22.881,8.89,0.007,-0.020,129.8,0,0.0000,0.00
15:50:37,22.263451550276507,84.90973093158988,-26.473,-22.882,8.89,0.007,-0.020,130.0,0,0.0000,0.00
15:50:37,22.26345154142378,84.9097309349188,-26.473,-22.883,8.89,0.007,-0.020,130.0,0,0.0000,0.00
15:50:37,22.26345153259142,84.90973093824006,-26.472,-22.884,8.89,0.007,-0.020,130.4,0,0.0000,0.00
15:50:37,22.263451523743253,84.90973094156726,-26.472,-22.885,8.89,0.007,-0.020,130.5,0,0.0000,0.00
15:50:37,22.26345151488087,84.90973094489982,-26.472,-22.886,8.89,0.007,-0.020,130.7,0,0.0000,0.00
15:50:37,22.263451506051563,84.90973094821993,-26.471,-22.887,8.89,0.007,-0.020,130.7,0,0.0000,0.00
15:50:37,22.26345153258184,84.90973087695468,-26.479,-22.884,8.89,-0.004,-0.014,130.9,0,0.0024,0.00
15:50:37,22.263451526123795,84.90973087519784,-26.479,-22.884,8.81,-0.004,-0.014,131.0,0,0.0000,0.00
15:50:37,22.26345151968368,84.90973087344588,-26.479,-22.885,8.81,-0.004,-0.014,131.1,0,0.0000,0.00
15:50:37,22.26345151323961,84.90973087169283,-26.479,-22.886,8.81,-0.004,-0.014,131.1,0,0.0000,0.00
15:50:37,22.263451506803268,84.9097308699419,-26.480,-22.887,8.81,-0.004,-0.014,131.2,0,0.0000,0.00
15:50:37,22.26345149944268,84.90973086232167,-26.480,-22.887,8.81,-0.005,-0.014,131.3,0,0.0024,0.00
15:50:37,22.263451492895975,84.90973085998804,-26.481,-22.888,8.81,-0.005,-0.014,131.3,0,0.0000,0.00
15:50:37,22.263451486382078,84.90973085766612,-26.481,-22.889,8.81,-0.005,-0.014,131.2,0,0.0000,0.00
15:50:37,22.263451479848673,84.90973085533723,-26.481,-22.890,8.81,-0.005,-0.014,131.1,0,0.0000,0.00
15:50:38,22.263451473320334,84.90973085301016,-26.481,-22.890,8.81,-0.005,-0.014,131.0,0,0.0000,0.00
15:50:38,22.263451464793285,84.90973084931481,-26.482,-22.891,8.73,-0.005,-0.015,131.0,0,0.0025,0.00
15:50:38,22.2634514579686,84.90973084679106,-26.482,-22.892,8.73,-0.005,-0.015,130.9,0,0.0000,0.00
15:50:38,22.263451451156747,84.90973084427208,-26.482,-22.893,8.73,-0.005,-0.015,130.8,0,0.0000,0.00
15:50:38,22.263451444365867,84.90973084176085,-26.482,-22.894,8.73,-0.005,-0.015,130.6,0,0.0000,0.00
15:50:38,22.2634514375627,84.90973083924507,-26.483,-22.894,8.66,-0.005,-0.015,130.6,0,0.0000,0.00
15:50:38,22.26345142968938,84.90973083595587,-26.483,-22.895,8.66,-0.005,-0.015,130.4,0,0.0025,0.00
15:50:38,22.26345142268162,84.90973083330071,-26.483,-22.896,8.66,-0.005,-0.015,130.3,0,0.0000,0.00
15:50:38,22.263451415690373,84.9097308306518,-26.484,-22.897,8.66,-0.005,-0.015,130.2,0,0.0000,0.00
15:50:38,22.263451408708466,84.90973082800643,-26.484,-22.898,8.66,-0.005,-0.015,130.2,0,0.0000,0.00
15:50:38,22.263451401726233,84.90973082536094,-26.484,-22.898,8.66,-0.005,-0.015,130.0,0,0.0000,0.00
15:50:38,22.263451395390955,84.90973082305575,-26.484,-22.899,8.66,-0.005,-0.015,129.9,0,0.0025,0.00
15:50:38,22.263451388498517,84.90973082046185,-26.485,-22.900,8.66,-0.005,-0.015,129.8,0,0.0000,0.00
15:50:38,22.263451381640778,84.909730817881,-26.485,-22.901,8.56,-0.005,-0.015,129.5,0,0.0000,0.00
15:50:38,22.26345137478791,84.90973081530198,-26.485,-22.901,8.56,-0.005,-0.015,129.5,0,0.0000,0.00
15:50:38,22.26345136794416,84.9097308127264,-26.485,-22.902,8.56,-0.005,-0.015,129.3,0,0.0000,0.00
15:50:38,22.263451361074736,84.90973081014116,-26.486,-22.903,8.56,-0.005,-0.015,129.2,0,0.0000,0.00
15:50:38,22.263451354222937,84.90973080756254,-26.486,-22.904,8.56,-0.005,-0.015,128.9,0,0.0000,0.00
15:50:38,22.263451347347605,84.90973080497508,-26.486,-22.904,8.48,-0.005,-0.015,128.9,0,0.0000,0.00
15:50:38,22.26345134048529,84.9097308023925,-26.486,-22.905,8.48,-0.005,-0.015,128.7,0,0.0000,0.00
15:50:39,22.263451333619436,84.90973079980861,-26.487,-22.906,8.48,-0.005,-0.015,128.6,0,0.0000,0.00
15:50:39,22.26345132675728,84.9097307972261,-26.487,-22.907,8.48,-0.005,-0.015,128.3,0,0.0000,0.00
15:50:39,22.263451319894056,84.9097307946432,-26.487,-22.907,8.48,-0.005,-0.015,128.3,0,0.0000,0.00
15:50:39,22.263451313025378,84.90973079205823,-26.488,-22.908,8.48,-0.005,-0.015,128.1,0,0.0000,0.00
15:50:39,22.263451306168843,84.90973078947783,-26.488,-22.909,8.48,-0.005,-0.015,128.0,0,0.0000,0.00
15:50:39,22.263451299289322,84.90973078688879,-26.488,-22.910,8.48,-0.005,-0.015,127.8,0,0.0000,0.00
15:50:39,22.263451292428336,84.90973078430672,-26.488,-22.910,8.41,-0.005,-0.015,127.8,0,0.0000,0.00
15:50:39,22.263451280621876,84.90973079180648,-26.488,-22.912,8.41,-0.003,-0.016,127.7,0,0.0027,0.00
15:50:39,22.263451273234956,84.90973079025116,-26.488,-22.913,8.41,-0.003,-0.016,127.6,0,0.0000,0.00
15:50:39,22.263451265852606,84.90973078869679,-26.488,-22.913,8.41,-0.003,-0.016,127.4,0,0.0000,0.00
15:50:39,22.26345125847308,84.90973078714303,-26.488,-22.914,8.30,-0.003,-0.016,127.4,0,0.0000,0.00
15:50:39,22.26345125110812,84.90973078559233,-26.488,-22.915,8.30,-0.003,-0.016,127.4,0,0.0000,0.00
15:50:39,22.26345124094985,84.9097307867066,-26.488,-22.916,8.30,-0.002,-0.017,127.3,0,0.0027,0.00
15:50:39,22.263451233179815,84.90973078549598,-26.488,-22.917,8.30,-0.002,-0.017,127.2,0,0.0000,0.00
15:50:39,22.263451225465964,84.90973078429413,-26.488,-22.918,8.30,-0.002,-0.017,127.2,0,0.0000,0.00
15:50:39,22.26345121773331,84.90973078308933,-26.488,-22.919,8.30,-0.002,-0.017,127.2,0,0.0000,0.00
15:50:39,22.263451209984197,84.90973078188198,-26.489,-22.920,8.30,-0.002,-0.017,127.2,0,0.0000,0.00
15:50:39,22.263451201021255,84.90973078131628,-26.489,-22.921,8.30,-0.002,-0.018,127.1,0,0.0028,0.00
15:50:39,22.263451193043927,84.90973078020802,-26.489,-22.922,8.30,-0.002,-0.018,127.1,0,0.0000,0.00
15:50:39,22.263451185128325,84.90973077910833,-26.489,-22.922,8.22,-0.002,-0.018,127.1,0,0.0000,0.00
15:50:40,22.263451177197975,84.9097307780066,-26.489,-22.923,8.22,-0.002,-0.018,127.1,0,0.0000,0.00
15:50:40,22.26345116927633,84.90973077690607,-26.489,-22.924,8.22,-0.002,-0.018,127.1,0,0.0000,0.00
15:50:40,22.26345116134977,84.90973077580486,-26.489,-22.925,8.22,-0.002,-0.018,127.1,0,0.0000,0.00
15:50:40,22.263451153426175,84.90973077470406,-26.489,-22.926,8.13,-0.002,-0.018,127.1,0,0.0000,0.00
15:50:40,22.263451145473837,84.90973077359928,-26.489,-22.927,8.13,-0.002,-0.018,127.1,0,0.0000,0.00
15:50:40,22.263451137565436,84.9097307725006,-26.490,-22.928,8.13,-0.002,-0.018,127.1,0,0.0000,0.00
15:50:40,22.26345112964203,84.90973077139982,-26.490,-22.929,8.13,-0.002,-0.018,127.1,0,0.0000,0.00
15:50:40,22.263451121718656,84.90973077029905,-26.490,-22.930,8.13,-0.002,-0.018,127.0,0,0.0000,0.00
15:50:40,22.263451113787745,84.90973076919724,-26.490,-22.930,8.13,-0.002,-0.018,127.0,0,0.0000,0.00
15:50:40,22.263451105859758,84.90973076809583,-26.490,-22.931,8.13,-0.002,-0.018,127.1,0,0.0000,0.00
15:50:40,22.263451097929746,84.90973076699414,-26.490,-22.932,8.13,-0.002,-0.018,127.1,0,0.0000,0.00
15:50:40,22.26345108999482,84.90973076589177,-26.490,-22.933,8.13,-0.002,-0.018,127.1,0,0.0000,0.00
15:50:40,22.26345108205963,84.90973076478936,-26.490,-22.934,8.03,-0.002,-0.018,127.1,0,0.0000,0.00
15:50:40,22.263451074134647,84.90973076368837,-26.490,-22.935,8.03,-0.002,-0.018,127.1,0,0.0000,0.00
15:50:40,22.26345106621199,84.9097307625877,-26.491,-22.936,8.03,-0.002,-0.018,127.1,0,0.0000,0.00
15:50:40,22.26345105829068,84.90973076148722,-26.491,-22.937,8.03,-0.002,-0.018,127.1,0,0.0000,0.00
15:50:40,22.26345105036656,84.90973076038635,-26.491,-22.937,8.03,-0.002,-0.018,127.1,0,0.0000,0.00
15:50:40,22.263451042438575,84.90973075928495,-26.491,-22.938,8.03,-0.002,-0.018,127.2,0,0.0000,0.00
15:50:40,22.263451034511302,84.90973075818364,-26.491,-22.939,8.03,-0.002,-0.018,127.2,0,0.0000,0.00
15:50:40,22.263451026577986,84.90973075708149,-26.491,-22.940,8.03,-0.002,-0.018,127.2,0,0.0000,0.00
15:50:41,22.26345101863214,84.9097307559776,-26.491,-22.941,7.94,-0.002,-0.018,127.2,0,0.0000,0.00
15:50:41,22.26345101070603,84.90973075487646,-26.491,-22.942,7.94,-0.002,-0.018,127.2,0,0.0000,0.00
15:50:41,22.26345100276874,84.90973075377376,-26.491,-22.943,7.94,-0.002,-0.018,127.2,0,0.0000,0.00
15:50:41,22.263450994825895,84.90973075267028,-26.492,-22.944,7.94,-0.002,-0.018,127.1,0,0.0000,0.00
15:50:41,22.263450986882376,84.90973075156673,-26.492,-22.945,7.85,-0.002,-0.018,127.1,0,0.0000,0.00
15:50:41,22.263450978953788,84.90973075046523,-26.492,-22.945,7.85,-0.002,-0.018,127.1,0,0.0000,0.00
15:50:41,22.26345097101556,84.9097307493624,-26.492,-22.946,7.85,-0.002,-0.018,127.1,0,0.0000,0.00
15:50:41,22.2634509630878,84.90973074826103,-26.492,-22.947,7.85,-0.002,-0.018,127.1,0,0.0000,0.00
15:50:41,22.263450955149345,84.90973074715816,-26.492,-22.948,7.85,-0.002,-0.018,127.1,0,0.0000,0.00
15:50:41,22.263450947218544,84.90973074605637,-26.492,-22.949,7.85,-0.002,-0.018,127.1,0,0.0000,0.00
15:50:41,22.26345093925082,84.90973074494944,-26.492,-22.950,7.85,-0.002,-0.018,127.0,0,0.0000,0.00
15:50:41,22.26345093131931,84.90973074384753,-26.493,-22.951,7.85,-0.002,-0.018,127.0,0,0.0000,0.00
15:50:41,22.263450923396274,84.90973074274682,-26.493,-22.952,7.85,-0.002,-0.018,127.0,0,0.0000,0.00
15:50:41,22.263450879611657,84.90973074501649,-26.492,-22.956,7.73,-0.002,-0.022,127.0,0,0.0031,0.00
15:50:41,22.263450869779994,84.90973074408191,-26.492,-22.958,7.73,-0.002,-0.022,126.9,0,0.0000,0.00
15:50:41,22.26345086000085,84.90973074315232,-26.493,-22.959,7.73,-0.002,-0.022,126.9,0,0.0000,0.00
15:50:41,22.26345085021556,84.90973074222215,-26.493,-22.960,7.73,-0.002,-0.022,126.8,0,0.0000,0.00
15:50:41,22.263450840438264,84.90973074129275,-26.493,-22.961,7.64,-0.002,-0.022,126.8,0,0.0000,0.00
15:50:41,22.263450830654175,84.90973074036269,-26.493,-22.962,7.64,-0.002,-0.022,126.8,0,0.0000,0.00
15:50:41,22.263450820853674,84.90973073943107,-26.493,-22.963,7.64,-0.002,-0.022,126.7,0,0.0000,0.00
15:50:42,22.26345081107407,84.90973073850144,-26.493,-22.964,7.64,-0.002,-0.022,126.6,0,0.0000,0.00
15:50:42,22.263450801308284,84.90973073757311,-26.493,-22.965,7.64,-0.002,-0.022,126.6,0,0.0000,0.00
15:50:42,22.26345079153002,84.90973073664361,-26.493,-22.966,7.64,-0.002,-0.022,126.6,0,0.0000,0.00
15:50:42,22.263450781765624,84.90973073571543,-26.493,-22.967,7.64,-0.002,-0.022,126.5,0,0.0000,0.00
15:50:42,22.263450771970575,84.90973073478433,-26.493,-22.968,7.64,-0.002,-0.022,126.5,0,0.0000,0.00
15:50:42,22.2634507621391,84.90973073384977,-26.494,-22.970,7.56,-0.002,-0.022,126.5,0,0.0000,0.00
15:50:42,22.26345075235427,84.90973073291964,-26.494,-22.971,7.56,-0.002,-0.022,126.4,0,0.0000,0.00
15:50:42,22.26345074259852,84.90973073199228,-26.494,-22.972,7.56,-0.002,-0.022,126.4,0,0.0000,0.00
15:50:42,22.263450732826957,84.9097307310634,-26.494,-22.973,7.56,-0.002,-0.022,126.4,0,0.0000,0.00
15:50:42,22.263450723063762,84.90973073013534,-26.494,-22.974,7.43,-0.002,-0.022,126.4,0,0.0000,0.00
15:50:42,22.263450713276484,84.90973072920498,-26.494,-22.975,7.43,-0.002,-0.022,126.4,0,0.0000,0.00
15:50:42,22.26345070352013,84.90973072827755,-26.494,-22.976,7.43,-0.002,-0.022,126.4,0,0.0000,0.00
15:50:42,22.26345069375407,84.90973072734921,-26.494,-22.977,7.43,-0.002,-0.022,126.5,0,0.0000,0.00
15:50:42,22.26345068399448,84.90973072642149,-26.494,-22.978,7.43,-0.002,-0.022,126.5,0,0.0000,0.00
15:50:42,22.263450650838163,84.90973072281365,-26.495,-22.982,7.43,-0.002,-0.025,126.5,0,0.0033,0.00
15:50:42,22.263450639527345,84.90973072170877,-26.495,-22.983,7.43,-0.002,-0.025,126.5,0,0.0000,0.00
15:50:42,22.263450628206698,84.90973072060292,-26.495,-22.984,7.43,-0.002,-0.025,126.5,0,0.0000,0.00
15:50:42,22.263450616927344,84.90973071950111,-26.495,-22.986,7.43,-0.002,-0.025,126.5,0,0.0000,0.00
15:50:42,22.263450605622133,84.90973071839677,-26.495,-22.987,7.33,-0.002,-0.025,126.5,0,0.0000,0.00
15:50:43,22.26345059431906,84.90973071729265,-26.495,-22.988,7.33,-0.002,-0.025,126.6,0,0.0000,0.00
15:50:43,22.263450583025765,84.90973071618947,-26.495,-22.989,7.33,-0.002,-0.025,126.6,0,0.0000,0.00
15:50:43,22.26345057171521,84.9097307150846,-26.495,-22.991,7.33,-0.002,-0.025,126.6,0,0.0000,0.00
15:50:43,22.263450560433238,84.90973071398254,-26.496,-22.992,7.33,-0.002,-0.025,126.6,0,0.0000,0.00
15:50:43,22.26345054913054,84.90973071287846,-26.496,-22.993,7.33,-0.002,-0.025,126.7,0,0.0000,0.00
15:50:43,22.263450546014536,84.9097307106771,-26.496,-22.994,7.33,-0.002,-0.023,126.7,0,0.0034,0.00
15:50:43,22.26345053543888,84.90973070946627,-26.496,-22.995,7.33,-0.002,-0.023,126.7,0,0.0000,0.00
15:50:43,22.263450524911786,84.909730708261,-26.496,-22.996,7.23,-0.002,-0.023,126.7,0,0.0000,0.00
15:50:43,22.263450514365964,84.90973070705358,-26.496,-22.997,7.23,-0.002,-0.023,126.7,0,0.0000,0.00
15:50:43,22.263450503856745,84.90973070585035,-26.496,-22.998,7.23,-0.002,-0.023,126.7,0,0.0000,0.00
15:50:43,22.263450495246445,84.90973070354123,-26.497,-22.999,7.23,-0.003,-0.023,126.7,0,0.0034,0.00
15:50:43,22.263450484898208,84.90973070218743,-26.497,-23.000,7.09,-0.003,-0.023,126.7,0,0.0000,0.00
15:50:43,22.263450474629177,84.90973070084401,-26.497,-23.002,7.09,-0.003,-0.023,126.7,0,0.0000,0.00
15:50:43,22.26345046437917,84.90973069950307,-26.497,-23.003,7.09,-0.003,-0.023,126.7,0,0.0000,0.00
15:50:43,22.26345045410177,84.90973069815854,-26.497,-23.004,7.09,-0.003,-0.023,126.7,0,0.0000,0.00
15:50:43,22.263450444054072,84.909730695399,-26.498,-23.005,7.09,-0.003,-0.023,126.7,0,0.0034,0.00
15:50:43,22.26345043379428,84.90973069382555,-26.498,-23.006,7.09,-0.003,-0.023,126.7,0,0.0000,0.00
15:50:43,22.263450423559693,84.90973069225598,-26.498,-23.007,7.09,-0.003,-0.023,126.7,0,0.0000,0.00
15:50:43,22.26345041331667,84.9097306906851,-26.498,-23.008,7.09,-0.003,-0.023,126.6,0,0.0000,0.00
15:50:43,22.26345040308664,84.9097306891162,-26.498,-23.010,7.09,-0.003,-0.023,126.5,0,0.0000,0.00
15:50:44,22.263450392149828,84.90973068642477,-26.498,-23.011,7.00,-0.004,-0.023,126.5,0,0.0034,0.00
15:50:44,22.26345038174877,84.90973068464706,-26.499,-23.012,7.00,-0.004,-0.023,126.4,0,0.0000,0.00
15:50:44,22.26345037139483,84.90973068287741,-26.499,-23.013,7.00,-0.004,-0.023,126.3,0,0.0000,0.00
15:50:44,22.26345036102464,84.90973068110497,-26.499,-23.014,7.00,-0.004,-0.023,126.3,0,0.0000,0.00
15:50:44,22.263450350647826,84.90973067933142,-26.499,-23.015,6.90,-0.004,-0.023,126.3,0,0.0000,0.00
15:50:44,22.263450340291428,84.90973067756134,-26.499,-23.016,6.90,-0.004,-0.023,126.1,0,0.0000,0.00
15:50:44,22.263450329903424,84.90973067578587,-26.500,-23.018,6.90,-0.004,-0.023,126.1,0,0.0000,0.00
15:50:44,22.263450319493824,84.90973067400671,-26.500,-23.019,6.90,-0.004,-0.023,126.0,0,0.0000,0.00
15:50:44,22.263450309119467,84.90973067223356,-26.500,-23.020,6.90,-0.004,-0.023,126.0,0,0.0000,0.00
15:50:44,22.263450298760173,84.90973067046299,-26.500,-23.021,6.90,-0.004,-0.023,125.9,0,0.0000,0.00
15:50:44,22.263450288401323,84.9097306686925,-26.500,-23.022,6.90,-0.004,-0.023,125.9,0,0.0000,0.00
15:50:44,22.263450278031673,84.90973066692015,-26.500,-23.023,6.90,-0.004,-0.023,125.8,0,0.0000,0.00
15:50:44,22.263450267646665,84.9097306651452,-26.501,-23.025,6.76,-0.004,-0.023,125.8,0,0.0000,0.00
15:50:44,22.263450257288255,84.90973066337477,-26.501,-23.026,6.76,-0.004,-0.023,125.7,0,0.0000,0.00
15:50:44,22.26345024691684,84.90973066160214,-26.501,-23.027,6.76,-0.004,-0.023,125.7,0,0.0000,0.00
15:50:44,22.26345023655882,84.9097306598318,-26.501,-23.028,6.76,-0.004,-0.023,125.7,0,0.0000,0.00
15:50:44,22.263450226216317,84.90973065806409,-26.501,-23.029,6.76,-0.004,-0.023,125.7,0,0.0000,0.00
15:50:44,22.263450215841956,84.90973065629095,-26.502,-23.030,6.66,-0.004,-0.023,125.7,0,0.0000,0.00
15:50:44,22.263450205478147,84.9097306545196,-26.502,-23.031,6.66,-0.004,-0.023,125.7,0,0.0000,0.00
15:50:44,22.263450195126513,84.90973065275035,-26.502,-23.033,6.66,-0.004,-0.023,125.7,0,0.0000,0.00
15:50:45,22.263450184769233,84.90973065098012,-26.502,-23.034,6.66,-0.004,-0.023,125.6,0,0.0000,0.00
15:50:45,22.263450163027272,84.90973063441996,-26.504,-23.036,6.66,-0.006,-0.025,125.6,0,0.0034,0.00
15:50:45,22.263450151700514,84.90973063142458,-26.504,-23.037,6.66,-0.006,-0.025,125.6,0,0.0000,0.00
15:50:45,22.26345014038917,84.90973062843328,-26.504,-23.039,6.66,-0.006,-0.025,125.6,0,0.0000,0.00
15:50:45,22.26345012909875,84.90973062544751,-26.505,-23.040,6.66,-0.006,-0.025,125.6,0,0.0000,0.00
15:50:45,22.263450117819247,84.90973062246464,-26.505,-23.041,6.57,-0.006,-0.025,125.6,0,0.0000,0.00
15:50:45,22.263450102778688,84.90973061796801,-26.505,-23.043,6.57,-0.006,-0.026,125.6,0,0.0034,0.00
15:50:45,22.26345009102302,84.90973061480082,-26.506,-23.044,6.57,-0.006,-0.026,125.7,0,0.0000,0.00
15:50:45,22.263450079298433,84.90973061164199,-26.506,-23.046,6.57,-0.006,-0.026,125.7,0,0.0000,0.00
15:50:45,22.263450067587666,84.9097306084869,-26.506,-23.047,6.57,-0.006,-0.026,125.7,0,0.0000,0.00
15:50:45,22.263450055870518,84.90973060533007,-26.507,-23.048,6.57,-0.006,-0.026,125.7,0,0.0000,0.00
15:50:45,22.263450043785713,84.90973060220266,-26.507,-23.049,6.57,-0.006,-0.026,125.7,0,0.0035,0.00
15:50:45,22.263450031992658,84.90973059904455,-26.507,-23.051,6.57,-0.006,-0.026,125.7,0,0.0000,0.00
15:50:45,22.263450020206516,84.90973059588828,-26.508,-23.052,6.44,-0.006,-0.026,125.7,0,0.0000,0.00
15:50:45,22.263450008427338,84.90973059273388,-26.508,-23.053,6.44,-0.006,-0.026,125.7,0,0.0000,0.00
15:50:45,22.26344999665078,84.90973058958018,-26.508,-23.055,6.44,-0.006,-0.026,125.8,0,0.0000,0.00
15:50:45,22.263449984853157,84.90973058642084,-26.509,-23.056,6.44,-0.006,-0.026,125.8,0,0.0000,0.00
15:50:45,22.263449973097384,84.9097305832727,-26.509,-23.057,6.33,-0.006,-0.026,125.8,0,0.0000,0.00
15:50:45,22.263449961283545,84.90973058010903,-26.509,-23.059,6.33,-0.006,-0.026,125.8,0,0.0000,0.00
15:50:45,22.263449949530504,84.90973057696162,-26.510,-23.060,6.33,-0.006,-0.026,125.8,0,0.0000,0.00
15:50:46,22.263449937769604,84.90973057381211,-26.510,-23.061,6.33,-0.006,-0.026,125.8,0,0.0000,0.00
15:50:46,22.263449922725627,84.90973056935348,-26.510,-23.063,6.33,-0.007,-0.027,125.9,0,0.0035,0.00
15:50:46,22.263449910469546,84.9097305660133,-26.511,-23.064,6.33,-0.007,-0.027,125.9,0,0.0000,0.00
15:50:46,22.263449898240644,84.90973056268052,-26.511,-23.066,6.33,-0.007,-0.027,125.9,0,0.0000,0.00
15:50:46,22.26344988602389,84.90973055935106,-26.512,-23.067,6.33,-0.007,-0.027,125.9,0,0.0000,0.00
15:50:46,22.263449873822054,84.90973055602566,-26.512,-23.068,6.33,-0.007,-0.027,125.9,0,0.0000,0.00
15:50:46,22.263449861625425,84.90973055270167,-26.512,-23.070,6.23,-0.007,-0.027,125.9,0,0.0000,0.00
15:50:46,22.263449849422667,84.90973054937604,-26.513,-23.071,6.23,-0.007,-0.027,126.0,0,0.0000,0.00
15:50:46,22.26344983719943,84.9097305460448,-26.513,-23.072,6.23,-0.007,-0.027,126.0,0,0.0000,0.00
15:50:46,22.263449824981464,84.909730542715,-26.513,-23.074,6.23,-0.007,-0.027,126.0,0,0.0000,0.00
15:50:46,22.263449812778354,84.90973053938926,-26.514,-23.075,6.10,-0.007,-0.027,126.0,0,0.0000,0.00
15:50:46,22.26344980058242,84.90973053606547,-26.514,-23.077,6.10,-0.007,-0.027,126.1,0,0.0000,0.00
15:50:46,22.263449788380182,84.90973053273996,-26.514,-23.078,6.10,-0.007,-0.027,126.1,0,0.0000,0.00
15:50:46,22.263449776159437,84.9097305294094,-26.515,-23.079,6.10,-0.007,-0.027,126.1,0,0.0000,0.00
15:50:46,22.263449763977437,84.9097305260894,-26.515,-23.081,6.10,-0.007,-0.027,126.1,0,0.0000,0.00
15:50:46,22.26344975177676,84.90973052276432,-26.515,-23.082,6.10,-0.007,-0.027,126.1,0,0.0000,0.00
15:50:46,22.26344973958661,84.9097305194421,-26.516,-23.083,6.10,-0.007,-0.027,126.2,0,0.0000,0.00
15:50:46,22.26344972756944,84.9097305128259,-26.516,-23.085,6.10,-0.007,-0.027,126.2,0,0.0035,0.00
15:50:46,22.26344971531584,84.90973050916561,-26.517,-23.086,6.10,-0.007,-0.027,126.2,0,0.0000,0.00
15:50:46,22.26344970312299,84.90973050552346,-26.517,-23.087,6.01,-0.007,-0.027,126.2,0,0.0000,0.00
15:50:47,22.263449690909408,84.9097305018751,-26.517,-23.089,6.01,-0.007,-0.027,126.2,0,0.0000,0.00
15:50:47,22.26344967873954,84.90973049823982,-26.518,-23.090,6.01,-0.007,-0.027,126.2,0,0.0000,0.00
15:50:47,22.263449664686892,84.90973049408932,-26.518,-23.092,6.01,-0.008,-0.027,126.2,0,0.0037,0.00
15:50:47,22.26344965224772,84.90973049037947,-26.519,-23.093,5.90,-0.008,-0.027,126.2,0,0.0000,0.00
15:50:47,22.263449639804424,84.90973048666841,-26.519,-23.094,5.90,-0.008,-0.027,126.2,0,0.0000,0.00
15:50:47,22.26344962741226,84.90973048297259,-26.519,-23.096,5.90,-0.008,-0.027,126.2,0,0.0000,0.00
15:50:47,22.263449615001914,84.90973047927135,-26.520,-23.097,5.90,-0.008,-0.027,126.2,0,0.0000,0.00
15:50:47,22.26344960239705,84.90973047379222,-26.520,-23.099,5.90,-0.008,-0.028,126.1,0,0.0034,0.00
15:50:47,22.263449589903452,84.90973046979434,-26.521,-23.100,5.90,-0.008,-0.028,126.1,0,0.0000,0.00
15:50:47,22.263449577465586,84.90973046581429,-26.521,-23.101,5.90,-0.008,-0.028,126.1,0,0.0000,0.00
15:50:47,22.26344956500826,84.909730461828,-26.522,-23.103,5.90,-0.008,-0.028,126.1,0,0.0000,0.00
15:50:47,22.263449552553997,84.9097304578427,-26.522,-23.104,5.77,-0.008,-0.028,126.1,0,0.0000,0.00
15:50:47,22.263449540098907,84.90973045385714,-26.522,-23.106,5.77,-0.008,-0.028,126.1,0,0.0000,0.00
15:50:47,22.26344951519251,84.9097304458872,-26.523,-23.108,5.77,-0.008,-0.028,126.1,0,0.0000,0.00
15:50:47,22.263449502723443,84.90973044189717,-26.524,-23.110,5.77,-0.008,-0.028,126.1,0,0.0000,0.00
15:50:47,22.26344949027219,84.90973043791283,-26.524,-23.111,5.66,-0.008,-0.028,126.0,0,0.0000,0.00
15:50:47,22.26344947791889,84.90973043156184,-26.525,-23.112,5.66,-0.009,-0.028,126.0,0,0.0035,0.00
15:50:47,22.263449465436608,84.90973042723967,-26.525,-23.114,5.66,-0.009,-0.028,126.0,0,0.0000,0.00
15:50:47,22.26344945298019,84.90973042292646,-26.526,-23.115,5.66,-0.009,-0.028,126.0,0,0.0000,0.00
15:50:48,22.26344944055611,84.90973041862443,-26.526,-23.117,5.66,-0.009,-0.028,126.0,0,0.0000,0.00
15:50:48,22.263449428127785,84.90973041432095,-26.526,-23.118,5.66,-0.009,-0.028,125.9,0,0.0000,0.00
15:50:48,22.263449415688626,84.90973041001371,-26.527,-23.119,5.66,-0.009,-0.028,125.9,0,0.0000,0.00
15:50:48,22.263449403234443,84.90973040570127,-26.527,-23.121,5.66,-0.009,-0.028,125.9,0,0.0000,0.00
15:50:48,22.263449390796225,84.90973040139436,-26.528,-23.122,5.57,-0.009,-0.028,125.9,0,0.0000,0.00
15:50:48,22.2634493783358,84.90973039707976,-26.528,-23.124,5.57,-0.009,-0.028,125.9,0,0.0000,0.00
15:50:48,22.263449365880263,84.90973039276685,-26.529,-23.125,5.57,-0.009,-0.028,125.9,0,0.0000,0.00
15:50:48,22.263449353430264,84.90973038845584,-26.529,-23.126,5.57,-0.009,-0.028,125.9,0,0.0000,0.00
15:50:48,22.263449336994356,84.90973038671856,-26.529,-23.128,5.57,-0.008,-0.029,125.9,0,0.0035,0.00
15:50:48,22.2634493240214,84.90973038270255,-26.530,-23.130,5.43,-0.008,-0.029,125.9,0,0.0000,0.00
15:50:48,22.2634493110876,84.90973037869865,-26.530,-23.131,5.43,-0.008,-0.029,125.9,0,0.0000,0.00
15:50:48,22.26344929815472,84.90973037469506,-26.531,-23.133,5.43,-0.008,-0.029,125.9,0,0.0000,0.00
15:50:48,22.263449285231626,84.90973037069448,-26.531,-23.134,5.43,-0.008,-0.029,125.9,0,0.0000,0.00
15:50:48,22.263449271248852,84.90973036919809,-26.531,-23.135,5.43,-0.007,-0.029,125.9,0,0.0038,0.00
15:50:48,22.263449258094898,84.90973036554001,-26.531,-23.137,5.43,-0.007,-0.029,125.8,0,0.0000,0.00
15:50:48,22.263449244979764,84.90973036189271,-26.532,-23.138,5.43,-0.007,-0.029,125.8,0,0.0000,0.00
15:50:48,22.263449231905675,84.90973035825684,-26.532,-23.140,5.43,-0.007,-0.029,125.8,0,0.0000,0.00
15:50:48,22.263449218801437,84.90973035461259,-26.533,-23.141,5.34,-0.007,-0.029,125.8,0,0.0000,0.00
15:50:48,22.263449206431865,84.90973035276131,-26.533,-23.143,5.34,-0.007,-0.029,125.8,0,0.0035,0.00
15:50:48,22.263449193398507,84.90973034940856,-26.533,-23.144,5.34,-0.007,-0.029,125.8,0,0.0000,0.00
15:50:49,22.2634491804374,84.9097303460744,-26.533,-23.146,5.34,-0.007,-0.029,125.7,0,0.0000,0.00
15:50:49,22.26344916744906,84.90973034273323,-26.534,-23.147,5.34,-0.007,-0.029,125.7,0,0.0000,0.00
15:50:49,22.263449154482437,84.90973033939764,-26.534,-23.148,5.34,-0.007,-0.029,125.7,0,0.0000,0.00
15:50:49,22.2634491421026,84.90973033640776,-26.534,-23.150,5.34,-0.007,-0.028,125.7,0,0.0038,0.00
15:50:49,22.263449129193177,84.90973033312291,-26.535,-23.151,5.34,-0.007,-0.028,125.7,0,0.0000,0.00
15:50:49,22.263449116343175,84.90973032985318,-26.535,-23.153,5.34,-0.007,-0.028,125.6,0,0.0000,0.00
15:50:49,22.26344910347547,84.90973032657894,-26.536,-23.154,5.24,-0.007,-0.028,125.6,0,0.0000,0.00
15:50:49,22.263449090608255,84.90973032330481,-26.536,-23.156,5.24,-0.007,-0.028,125.6,0,0.0000,0.00
15:50:49,22.263449077736535,84.90973032002955,-26.536,-23.157,5.24,-0.007,-0.028,125.6,0,0.0000,0.00
15:50:49,22.263449064892857,84.90973031676143,-26.537,-23.158,5.24,-0.007,-0.028,125.5,0,0.0000,0.00
15:50:49,22.263449052039448,84.90973031349083,-26.537,-23.160,5.10,-0.007,-0.028,125.5,0,0.0000,0.00
15:50:49,22.263449039192604,84.9097303102219,-26.537,-23.161,5.10,-0.007,-0.028,125.5,0,0.0000,0.00
15:50:49,22.26344902635306,84.90973030695483,-26.538,-23.163,5.10,-0.007,-0.028,125.5,0,0.0000,0.00
15:50:49,22.26344901353152,84.90973030369233,-26.538,-23.164,5.10,-0.007,-0.028,125.4,0,0.0000,0.00
15:50:49,22.263449000662725,84.90973030041782,-26.538,-23.166,5.10,-0.007,-0.028,125.4,0,0.0000,0.00
15:50:49,22.26344898777513,84.90973029713852,-26.539,-23.167,5.10,-0.007,-0.028,125.4,0,0.0000,0.00
15:50:49,22.2634489749143,84.90973029386602,-26.539,-23.168,5.10,-0.007,-0.028,125.4,0,0.0000,0.00
15:50:49,22.263448962062718,84.90973029059589,-26.539,-23.170,5.10,-0.007,-0.028,125.3,0,0.0000,0.00
15:50:49,22.263448949194164,84.90973028732144,-26.540,-23.171,5.01,-0.007,-0.028,125.3,0,0.0000,0.00
15:50:49,22.26344893632445,84.90973028404669,-26.540,-23.173,5.01,-0.007,-0.028,125.2,0,0.0000,0.00
15:50:50,22.263448923434428,84.90973028076677,-26.540,-23.174,5.01,-0.007,-0.028,125.2,0,0.0000,0.00
15:50:50,22.26344891059738,84.90973027750033,-26.541,-23.176,5.01,-0.007,-0.028,125.2,0,0.0000,0.00
15:50:50,22.263448897732655,84.90973027422685,-26.541,-23.177,5.01,-0.007,-0.028,125.2,0,0.0000,0.00
15:50:50,22.263448884859965,84.90973027095134,-26.541,-23.179,4.91,-0.007,-0.028,125.2,0,0.0000,0.00
15:50:50,22.263448872239792,84.90973027133236,-26.541,-23.180,4.91,-0.006,-0.028,125.2,0,0.0036,0.00
15:50:50,22.263448859354742,84.90973026835076,-26.542,-23.181,4.91,-0.006,-0.028,125.2,0,0.0000,0.00
15:50:50,22.263448846500488,84.90973026537628,-26.542,-23.183,4.91,-0.006,-0.028,125.2,0,0.0000,0.00
15:50:50,22.26344883368061,84.90973026240975,-26.542,-23.184,4.91,-0.006,-0.028,125.1,0,0.0000,0.00
15:50:50,22.26344882084148,84.90973025943877,-26.542,-23.186,4.91,-0.006,-0.028,125.1,0,0.0000,0.00
15:50:50,22.263448808014978,84.90973025647072,-26.543,-23.187,4.91,-0.006,-0.028,125.1,0,0.0000,0.00
15:50:50,22.263448795173296,84.90973025349915,-26.543,-23.188,4.91,-0.006,-0.028,125.1,0,0.0000,0.00
15:50:50,22.26344878235202,84.9097302505323,-26.543,-23.190,4.78,-0.006,-0.028,125.1,0,0.0000,0.00
15:50:50,22.263448769526008,84.90973024756435,-26.544,-23.191,4.78,-0.006,-0.028,125.1,0,0.0000,0.00
15:50:50,22.26344875668809,84.90973024459366,-26.544,-23.193,4.78,-0.006,-0.028,125.1,0,0.0000,0.00
15:50:50,22.263448743840883,84.9097302416208,-26.544,-23.194,4.78,-0.006,-0.028,125.1,0,0.0000,0.00
15:50:50,22.263448730995552,84.9097302386484,-26.545,-23.196,4.68,-0.006,-0.028,125.1,0,0.0000,0.00
15:50:50,22.26344871812569,84.90973023567031,-26.545,-23.197,4.68,-0.006,-0.028,125.1,0,0.0000,0.00
15:50:50,22.26344870530065,84.90973023270259,-26.545,-23.198,4.68,-0.006,-0.028,125.1,0,0.0000,0.00
15:50:50,22.263448692451618,84.90973022972932,-26.545,-23.200,4.68,-0.006,-0.028,125.1,0,0.0000,0.00
15:50:50,22.263448679607627,84.9097302267572,-26.546,-23.201,4.68,-0.006,-0.028,125.1,0,0.0000,0.00
15:50:51,22.263448666751795,84.90973022378236,-26.546,-23.203,4.68,-0.006,-0.028,125.1,0,0.0000,0.00
15:50:51,22.263448653930638,84.90973022081555,-26.546,-23.204,4.68,-0.006,-0.028,125.1,0,0.0000,0.00
15:50:51,22.26344864110153,84.90973021784689,-26.547,-23.206,4.68,-0.006,-0.028,125.1,0,0.0000,0.00
15:50:51,22.263448628236098,84.90973021486982,-26.547,-23.207,4.68,-0.006,-0.028,125.1,0,0.0000,0.00
15:50:51,22.263448615420593,84.9097302119043,-26.547,-23.209,4.58,-0.006,-0.028,125.0,0,0.0000,0.00
15:50:51,22.263448602566886,84.90973020892996,-26.548,-23.210,4.58,-0.006,-0.028,125.0,0,0.0000,0.00
15:50:51,22.263448589729332,84.90973020595935,-26.548,-23.211,4.58,-0.006,-0.028,125.0,0,0.0000,0.00
15:50:51,22.263448576867,84.909730202983,-26.548,-23.213,4.58,-0.006,-0.028,125.0,0,0.0000,0.00
15:50:51,22.263448564045724,84.90973020001614,-26.549,-23.214,4.58,-0.006,-0.028,125.0,0,0.0000,0.00
15:50:51,22.263448551196024,84.90973019704272,-26.549,-23.216,4.58,-0.006,-0.028,124.9,0,0.0000,0.00
15:50:51,22.26344853834098,84.90973019406806,-26.549,-23.217,4.58,-0.006,-0.028,124.9,0,0.0000,0.00
15:50:51,22.26344852547312,84.90973019109043,-26.549,-23.219,4.58,-0.006,-0.028,124.9,0,0.0000,0.00
15:50:51,22.26344851262336,84.909730188117,-26.550,-23.220,4.46,-0.006,-0.028,124.8,0,0.0000,0.00
15:50:51,22.263448499770746,84.90973018514289,-26.550,-23.221,4.46,-0.006,-0.028,124.8,0,0.0000,0.00
15:50:51,22.26344848694188,84.90973018217429,-26.550,-23.223,4.46,-0.006,-0.028,124.7,0,0.0000,0.00
15:50:51,22.263448474097643,84.90973017920213,-26.551,-23.224,4.46,-0.006,-0.028,124.7,0,0.0000,0.00
15:50:51,22.263448461249403,84.90973017622905,-26.551,-23.226,4.36,-0.006,-0.028,124.7,0,0.0000,0.00
15:50:51,22.26344844843487,84.90973017326375,-26.551,-23.227,4.36,-0.006,-0.028,124.6,0,0.0000,0.00
15:50:51,22.263448435580433,84.90973017028924,-26.552,-23.229,4.36,-0.006,-0.028,124.6,0,0.0000,0.00
15:50:51,22.263448422732676,84.90973016731625,-26.552,-23.230,4.36,-0.006,-0.028,124.5,0,0.0000,0.00
15:50:52,22.263448409903262,84.90973016434752,-26.552,-23.231,4.36,-0.006,-0.028,124.5,0,0.0000,0.00
15:50:52,22.26344839703285,84.90973016136931,-26.553,-23.233,4.36,-0.006,-0.028,124.5,0,0.0000,0.00
15:50:52,22.26344838416724,84.90973015839221,-26.553,-23.234,4.36,-0.006,-0.028,124.5,0,0.0000,0.00
15:50:52,22.263448371341347,84.90973015542428,-26.553,-23.236,4.36,-0.006,-0.028,124.4,0,0.0000,0.00
15:50:52,22.263448358486183,84.9097301524496,-26.553,-23.237,4.36,-0.006,-0.028,124.4,0,0.0000,0.00
15:50:52,22.263448329609037,84.90973017378172,-26.551,-23.240,4.26,-0.004,-0.030,124.4,0,0.0039,0.00
15:50:52,22.263448315994747,84.90973017185178,-26.551,-23.242,4.26,-0.004,-0.030,124.3,0,0.0000,0.00
15:50:52,22.263448302463434,84.9097301699336,-26.552,-23.243,4.26,-0.004,-0.030,124.3,0,0.0000,0.00
15:50:52,22.263448288918678,84.90973016801351,-26.552,-23.245,4.26,-0.004,-0.030,124.3,0,0.0000,0.00
15:50:52,22.263448275408432,84.90973016609831,-26.552,-23.246,4.13,-0.004,-0.030,124.3,0,0.0000,0.00
15:50:52,22.2634482589591,84.90973016673213,-26.552,-23.248,4.13,-0.004,-0.030,124.3,0,0.0034,0.00
15:50:52,22.263448245158376,84.90973016498157,-26.552,-23.250,4.13,-0.004,-0.030,124.2,0,0.0000,0.00
15:50:52,22.263448231406514,84.9097301632372,-26.552,-23.251,4.13,-0.004,-0.030,124.2,0,0.0000,0.00
15:50:52,22.26344821767739,84.90973016149573,-26.553,-23.253,4.13,-0.004,-0.030,124.2,0,0.0000,0.00
15:50:52,22.263448203925783,84.90973015975139,-26.553,-23.254,4.13,-0.004,-0.030,124.2,0,0.0000,0.00
15:50:52,22.26344819119161,84.9097301593514,-26.553,-23.256,4.13,-0.003,-0.030,124.1,0,0.0035,0.00
15:50:52,22.263448177508824,84.9097301577517,-26.553,-23.257,4.13,-0.003,-0.030,124.1,0,0.0000,0.00
15:50:52,22.26344816388339,84.9097301561587,-26.553,-23.259,4.13,-0.003,-0.030,124.1,0,0.0000,0.00
15:50:52,22.263448150253765,84.90973015456521,-26.553,-23.260,4.04,-0.003,-0.030,124.1,0,0.0000,0.00
15:50:53,22.263448136605003,84.90973015296947,-26.553,-23.262,4.04,-0.003,-0.030,124.0,0,0.0000,0.00
15:50:53,22.263448122771784,84.9097301519761,-26.553,-23.263,4.04,-0.003,-0.030,124.0,0,0.0034,0.00
15:50:53,22.263448109072847,84.90973015046876,-26.554,-23.265,4.04,-0.003,-0.030,124.0,0,0.0000,0.00
15:50:53,22.263448095410794,84.90973014896547,-26.554,-23.266,3.94,-0.003,-0.030,124.0,0,0.0000,0.00
15:50:53,22.263448081755328,84.90973014746291,-26.554,-23.268,3.94,-0.003,-0.030,124.0,0,0.0000,0.00
15:50:53,22.263448068092497,84.90973014595953,-26.554,-23.269,3.94,-0.003,-0.030,124.0,0,0.0000,0.00
15:50:53,22.26344805479837,84.90973014541116,-26.554,-23.271,3.94,-0.003,-0.030,124.1,0,0.0034,0.00
15:50:53,22.263448041144926,84.90973014406953,-26.554,-23.272,3.94,-0.003,-0.030,124.2,0,0.0000,0.00
15:50:53,22.263448027520994,84.9097301427308,-26.554,-23.274,3.94,-0.003,-0.030,124.2,0,0.0000,0.00
15:50:53,22.26344801394374,84.90973014139666,-26.555,-23.275,3.94,-0.003,-0.030,124.3,0,0.0000,0.00
15:50:53,22.263448000369895,84.90973014006285,-26.555,-23.277,3.94,-0.003,-0.030,124.4,0,0.0000,0.00
15:50:53,22.26344798679129,84.90973013872858,-26.555,-23.278,3.81,-0.003,-0.030,124.6,0,0.0000,0.00
15:50:53,22.26344797318273,84.90973013739136,-26.555,-23.280,3.81,-0.003,-0.030,124.6,0,0.0000,0.00
15:50:53,22.26344795960586,84.90973013605726,-26.555,-23.282,3.81,-0.003,-0.030,124.7,0,0.0000,0.00
15:50:53,22.263447946001794,84.90973013472049,-26.555,-23.283,3.81,-0.003,-0.030,125.0,0,0.0000,0.00
15:50:53,22.263447932392136,84.90973013338316,-26.555,-23.285,3.81,-0.003,-0.030,125.1,0,0.0000,0.00
15:50:53,22.263447918803436,84.9097301320479,-26.556,-23.286,3.72,-0.003,-0.030,125.1,0,0.0000,0.00
15:50:53,22.263447905216477,84.9097301307128,-26.556,-23.288,3.72,-0.003,-0.030,125.2,0,0.0000,0.00
15:50:53,22.2634478915748,84.90973012937233,-26.556,-23.289,3.72,-0.003,-0.030,125.3,0,0.0000,0.00
15:50:53,22.263447877980955,84.90973012803656,-26.556,-23.291,3.72,-0.003,-0.030,125.4,0,0.0000,0.00
15:50:54,22.263447864381327,84.90973012670023,-26.556,-23.292,3.72,-0.003,-0.030,125.4,0,0.0000,0.00
15:50:54,22.263447850756496,84.9097301253614,-26.556,-23.294,3.72,-0.003,-0.030,125.5,0,0.0000,0.00
15:50:54,22.26344783715558,84.90973012402493,-26.556,-23.295,3.72,-0.003,-0.030,125.7,0,0.0000,0.00
15:50:54,22.263447823530747,84.90973012268613,-26.557,-23.297,3.72,-0.003,-0.030,125.7,0,0.0000,0.00
15:50:54,22.263447809972142,84.90973012135382,-26.557,-23.298,3.62,-0.003,-0.030,125.7,0,0.0000,0.00
15:50:54,22.263447796391866,84.90973012001938,-26.557,-23.300,3.62,-0.003,-0.030,125.8,0,0.0000,0.00
15:50:54,22.263447782792046,84.90973011868302,-26.557,-23.301,3.62,-0.003,-0.030,125.9,0,0.0000,0.00
15:50:54,22.26344778814529,84.90973011409636,-26.557,-23.301,3.62,-0.003,-0.027,125.9,0,0.0037,0.00
15:50:54,22.26344777605502,84.90973011248644,-26.558,-23.302,3.62,-0.003,-0.027,125.9,0,0.0000,0.00
15:50:54,22.263447764005978,84.90973011088201,-26.558,-23.303,3.62,-0.003,-0.027,125.9,0,0.0000,0.00
15:50:54,22.263447751974304,84.90973010927989,-26.558,-23.305,3.62,-0.003,-0.027,125.9,0,0.0000,0.00
15:50:54,22.2634477399358,84.90973010767686,-26.558,-23.306,3.62,-0.003,-0.027,125.9,0,0.0000,0.00
15:50:54,22.263447732701813,84.90973010550881,-26.558,-23.307,3.62,-0.003,-0.025,125.9,0,0.0034,0.00
15:50:54,22.263447721169147,84.90973010383789,-26.558,-23.308,3.49,-0.003,-0.025,125.9,0,0.0000,0.00
15:50:54,22.263447709675,84.90973010217255,-26.559,-23.309,3.49,-0.003,-0.025,126.0,0,0.0000,0.00
15:50:54,22.263447698154735,84.90973010050341,-26.559,-23.311,3.49,-0.003,-0.025,126.0,0,0.0000,0.00
15:50:54,22.26344768666929,84.90973009883933,-26.559,-23.312,3.49,-0.003,-0.025,126.0,0,0.0000,0.00
15:50:54,22.26344767662241,84.90973009703492,-26.559,-23.313,3.39,-0.003,-0.025,126.0,0,0.0036,0.00
15:50:54,22.26344766529625,84.90973009534186,-26.559,-23.314,3.39,-0.003,-0.025,126.1,0,0.0000,0.00
15:50:54,22.263447654001062,84.90973009365344,-26.559,-23.316,3.39,-0.003,-0.025,126.1,0,0.0000,0.00
15:50:55,22.263447642732036,84.90973009196891,-26.560,-23.317,3.39,-0.003,-0.025,126.1,0,0.0000,0.00
15:50:55,22.263447631461197,84.90973009028411,-26.560,-23.318,3.39,-0.003,-0.025,126.1,0,0.0000,0.00
15:50:55,22.26344762183353,84.90973008868173,-26.560,-23.319,3.39,-0.003,-0.024,126.1,0,0.0039,0.00
15:50:55,22.26344761078959,84.9097300870024,-26.560,-23.320,3.39,-0.003,-0.024,126.1,0,0.0000,0.00
15:50:55,22.26344759978623,84.90973008532923,-26.560,-23.322,3.39,-0.003,-0.024,126.1,0,0.0000,0.00
15:50:55,22.263447588816575,84.9097300836612,-26.561,-23.323,3.30,-0.003,-0.024,126.0,0,0.0000,0.00
15:50:55,22.263447577828195,84.9097300819903,-26.561,-23.324,3.30,-0.003,-0.024,126.0,0,0.0000,0.00
15:50:55,22.26344756683482,84.90973008031867,-26.561,-23.325,3.30,-0.003,-0.024,125.9,0,0.0000,0.00
15:50:55,22.26344755584358,84.90973007864734,-26.561,-23.326,3.30,-0.003,-0.024,125.9,0,0.0000,0.00
15:50:55,22.26344754483444,84.9097300769733,-26.561,-23.328,3.18,-0.003,-0.024,125.9,0,0.0000,0.00
15:50:55,22.263447533829936,84.90973007529996,-26.561,-23.329,3.18,-0.003,-0.024,125.9,0,0.0000,0.00
15:50:55,22.263447522841346,84.90973007362905,-26.562,-23.330,3.18,-0.003,-0.024,125.9,0,0.0000,0.00
15:50:55,22.263447511841573,84.90973007195643,-26.562,-23.331,3.18,-0.003,-0.024,125.9,0,0.0000,0.00
15:50:55,22.263447500866093,84.90973007028751,-26.562,-23.333,3.18,-0.003,-0.024,125.8,0,0.0000,0.00
15:50:55,22.263447489854045,84.90973006861302,-26.562,-23.334,3.18,-0.003,-0.024,125.8,0,0.0000,0.00
15:50:55,22.26344747884756,84.90973006693937,-26.562,-23.335,3.18,-0.003,-0.024,125.8,0,0.0000,0.00
15:50:55,22.263447467847733,84.90973006526676,-26.562,-23.336,3.18,-0.003,-0.024,125.8,0,0.0000,0.00
15:50:55,22.263447456860966,84.90973006359611,-26.563,-23.337,3.18,-0.003,-0.024,125.7,0,0.0000,0.00
15:50:55,22.263447449431855,84.90973006194602,-26.563,-23.338,3.08,-0.003,-0.023,125.7,0,0.0034,0.00
15:50:56,22.26344743878209,84.90973006027365,-26.563,-23.339,3.08,-0.003,-0.023,125.7,0,0.0000,0.00
15:50:56,22.263447428150233,84.90973005860408,-26.563,-23.341,3.08,-0.003,-0.023,125.7,0,0.0000,0.00
15:50:56,22.263447417548704,84.90973005693928,-26.563,-23.342,3.08,-0.003,-0.023,125.7,0,0.0000,0.00
15:50:56,22.26344740690533,84.90973005526791,-26.563,-23.343,2.99,-0.003,-0.023,125.6,0,0.0000,0.00
15:50:56,22.26344739626829,84.90973005359754,-26.564,-23.344,2.99,-0.003,-0.023,125.5,0,0.0000,0.00
15:50:56,22.26344738563769,84.90973005192816,-26.564,-23.345,2.99,-0.003,-0.023,125.3,0,0.0000,0.00
15:50:56,22.263447375006034,84.90973005025864,-26.564,-23.347,2.99,-0.003,-0.023,125.3,0,0.0000,0.00
15:50:56,22.263447364384536,84.9097300485907,-26.564,-23.348,2.99,-0.003,-0.023,125.2,0,0.0000,0.00
15:50:56,22.26344735374217,84.90973004691949,-26.564,-23.349,2.99,-0.003,-0.023,125.1,0,0.0000,0.00
15:50:56,22.26344734146009,84.9097300427343,-26.565,-23.350,2.99,-0.004,-0.024,125.1,0,0.0040,0.00
15:50:56,22.263447330618966,84.90973004077772,-26.565,-23.352,2.99,-0.004,-0.024,124.9,0,0.0000,0.00
15:50:56,22.26344731975241,84.90973003881653,-26.565,-23.353,2.99,-0.004,-0.024,124.8,0,0.0000,0.00
15:50:56,22.263447308939636,84.90973003686506,-26.565,-23.354,2.86,-0.004,-0.024,124.7,0,0.0000,0.00
15:50:56,22.263447298110027,84.90973003491055,-26.566,-23.355,2.86,-0.004,-0.024,124.6,0,0.0000,0.00
15:50:56,22.26344728650215,84.90973003270666,-26.566,-23.356,2.86,-0.004,-0.024,124.6,0,0.0033,0.00
15:50:56,22.263447275541417,84.90973003071309,-26.566,-23.358,2.86,-0.004,-0.024,124.5,0,0.0000,0.00
15:50:56,22.26344726462013,84.9097300287267,-26.566,-23.359,2.76,-0.004,-0.024,124.5,0,0.0000,0.00
15:50:56,22.2634472536808,84.90973002673702,-26.566,-23.360,2.76,-0.004,-0.024,124.3,0,0.0000,0.00
15:50:56,22.263447242772642,84.909730024753,-26.567,-23.361,2.76,-0.004,-0.024,124.3,0,0.0000,0.00
15:50:56,22.26344723186356,84.90973002276883,-26.567,-23.363,2.76,-0.004,-0.024,124.3,0,0.0000,0.00
15:50:57,22.263447220939376,84.90973002078191,-26.567,-23.364,2.76,-0.004,-0.024,124.3,0,0.0000,0.00
15:50:57,22.263447210004852,84.9097300187931,-26.567,-23.365,2.76,-0.004,-0.024,124.2,0,0.0000,0.00
15:50:57,22.2634471990679,84.90973001680386,-26.567,-23.366,2.76,-0.004,-0.024,124.2,0,0.0000,0.00
15:50:57,22.263447188118644,84.90973001481238,-26.568,-23.367,2.76,-0.004,-0.024,124.2,0,0.0000,0.00
15:50:57,22.263447177175024,84.90973001282192,-26.568,-23.369,2.66,-0.004,-0.024,124.2,0,0.0000,0.00
15:50:57,22.263447166198727,84.90973001082551,-26.568,-23.370,2.66,-0.004,-0.024,124.2,0,0.0000,0.00
15:50:57,22.263447155238357,84.90973000883201,-26.568,-23.371,2.66,-0.004,-0.024,124.2,0,0.0000,0.00
15:50:57,22.26344714432653,84.90973000684734,-26.568,-23.372,2.66,-0.004,-0.024,124.2,0,0.0000,0.00
15:50:57,22.263447133389786,84.90973000485813,-26.569,-23.373,2.66,-0.004,-0.024,124.1,0,0.0000,0.00
15:50:57,22.263447122472115,84.9097300028724,-26.569,-23.375,2.66,-0.004,-0.024,124.1,0,0.0000,0.00
15:50:57,22.263447111555532,84.90973000088685,-26.569,-23.376,2.66,-0.004,-0.024,124.1,0,0.0000,0.00
15:50:57,22.263447100616048,84.90972999889715,-26.569,-23.377,2.66,-0.004,-0.024,124.1,0,0.0000,0.00
15:50:57,22.263447089683286,84.90972999690867,-26.569,-23.378,2.66,-0.004,-0.024,124.1,0,0.0000,0.00
15:50:57,22.263447078775386,84.9097299949247,-26.570,-23.380,2.55,-0.004,-0.024,124.1,0,0.0000,0.00
15:50:57,22.263447067855186,84.9097299929385,-26.570,-23.381,2.55,-0.004,-0.024,124.1,0,0.0000,0.00
15:50:57,22.26344705694791,84.90972999095466,-26.570,-23.382,2.55,-0.004,-0.024,124.1,0,0.0000,0.00
15:50:57,22.263447046033807,84.90972998896956,-26.570,-23.383,2.55,-0.004,-0.024,124.1,0,0.0000,0.00
15:50:57,22.263447035113867,84.90972998698341,-26.570,-23.384,2.46,-0.004,-0.024,124.0,0,0.0000,0.00
15:50:57,22.263447024171125,84.90972998499312,-26.571,-23.386,2.46,-0.004,-0.024,124.0,0,0.0000,0.00
15:50:57,22.26344701323195,84.90972998300346,-26.571,-23.387,2.46,-0.004,-0.024,124.0,0,0.0000,0.00
15:50:58,22.263447002286828,84.90972998101273,-26.571,-23.388,2.46,-0.004,-0.024,124.0,0,0.0000,0.00
15:50:58,22.263446991349667,84.90972997902345,-26.571,-23.389,2.46,-0.004,-0.024,124.0,0,0.0000,0.00
15:50:58,22.26344698043526,84.90972997703831,-26.572,-23.391,2.46,-0.004,-0.024,124.0,0,0.0000,0.00
15:50:58,22.26344696952726,84.90972997505432,-26.572,-23.392,2.46,-0.004,-0.024,124.0,0,0.0000,0.00
15:50:58,22.26344695863756,84.90972997307368,-26.572,-23.393,2.46,-0.004,-0.024,124.1,0,0.0000,0.00
15:50:58,22.263446949854217,84.90972996873982,-26.572,-23.394,2.36,-0.004,-0.024,124.1,0,0.0036,0.00
15:50:58,22.26344693902764,84.90972996661091,-26.573,-23.395,2.36,-0.004,-0.024,124.1,0,0.0000,0.00
15:50:58,22.263446928239087,84.90972996448949,-26.573,-23.396,2.36,-0.004,-0.024,124.1,0,0.0000,0.00
15:50:58,22.263446917469444,84.90972996237177,-26.573,-23.398,2.36,-0.004,-0.024,124.1,0,0.0000,0.00
15:50:58,22.2634469066652,84.90972996024725,-26.573,-23.399,2.28,-0.004,-0.024,124.1,0,0.0000,0.00
15:50:58,22.263446900301762,84.90972995883072,-26.573,-23.399,2.28,-0.004,-0.023,124.2,0,0.0043,0.00
15:50:58,22.263446889869517,84.90972995676492,-26.574,-23.401,2.28,-0.004,-0.023,124.2,0,0.0000,0.00
15:50:58,22.26344687946393,84.9097299547044,-26.574,-23.402,2.28,-0.004,-0.023,124.2,0,0.0000,0.00
15:50:58,22.263446869050608,84.90972995264235,-26.574,-23.403,2.28,-0.004,-0.023,124.2,0,0.0000,0.00
15:50:58,22.263446858651523,84.90972995058313,-26.574,-23.404,2.28,-0.004,-0.023,124.2,0,0.0000,0.00
15:50:58,22.263446848175132,84.90972994897957,-26.574,-23.405,2.28,-0.004,-0.023,124.2,0,0.0034,0.00
15:50:58,22.26344683772532,84.90972994697108,-26.575,-23.406,2.28,-0.004,-0.023,124.2,0,0.0000,0.00
15:50:58,22.26344682731056,84.90972994496933,-26.575,-23.408,2.28,-0.004,-0.023,124.2,0,0.0000,0.00
15:50:58,22.26344681690527,84.90972994296939,-26.575,-23.409,2.14,-0.004,-0.023,124.2,0,0.0000,0.00
15:50:58,22.26344680649875,84.90972994096923,-26.575,-23.410,2.14,-0.004,-0.023,124.2,0,0.0000,0.00
15:50:59,22.263446796094442,84.90972993896948,-26.575,-23.411,2.14,-0.004,-0.023,124.2,0,0.0000,0.00
15:50:59,22.26344678568368,84.90972993696849,-26.576,-23.412,2.14,-0.004,-0.023,124.3,0,0.0000,0.00
15:50:59,22.263446775270104,84.90972993496696,-26.576,-23.413,2.05,-0.004,-0.023,124.3,0,0.0000,0.00
15:50:59,22.26344676485096,84.90972993296437,-26.576,-23.415,2.05,-0.004,-0.023,124.3,0,0.0000,0.00
15:50:59,22.263446754438075,84.90972993096298,-26.576,-23.416,2.05,-0.004,-0.023,124.3,0,0.0000,0.00
15:50:59,22.263446744030123,84.90972992896253,-26.576,-23.417,2.05,-0.004,-0.023,124.4,0,0.0000,0.00
15:50:59,22.263446733613392,84.9097299269604,-26.577,-23.418,2.05,-0.004,-0.023,124.4,0,0.0000,0.00
15:50:59,22.263446723205146,84.9097299249599,-26.577,-23.419,2.05,-0.004,-0.023,124.4,0,0.0000,0.00
15:50:59,22.263446712807497,84.90972992296143,-26.577,-23.420,2.05,-0.004,-0.023,124.5,0,0.0000,0.00
15:50:59,22.26344670239116,84.90972992095938,-26.577,-23.421,2.05,-0.004,-0.023,124.5,0,0.0000,0.00
15:50:59,22.26344669198449,84.90972991895919,-26.577,-23.423,2.05,-0.004,-0.023,124.5,0,0.0000,0.00
15:50:59,22.263446681598825,84.90972991696302,-26.578,-23.424,1.96,-0.004,-0.023,124.6,0,0.0000,0.00
15:50:59,22.26344667118816,84.90972991496206,-26.578,-23.425,1.96,-0.004,-0.023,124.7,0,0.0000,0.00
15:50:59,22.263446660767585,84.90972991295918,-26.578,-23.426,1.96,-0.004,-0.023,124.7,0,0.0000,0.00
15:50:59,22.263446650369392,84.9097299109606,-26.578,-23.427,1.96,-0.004,-0.023,124.7,0,0.0000,0.00
15:50:59,22.26344663998397,84.9097299089645,-26.579,-23.428,1.96,-0.004,-0.023,124.8,0,0.0000,0.00
15:50:59,22.263446628376517,84.90972990446612,-26.579,-23.430,1.96,-0.005,-0.023,124.8,0,0.0041,0.00
15:50:59,22.26344661783248,84.90972990225673,-26.579,-23.431,1.96,-0.005,-0.023,124.9,0,0.0000,0.00
15:50:59,22.263446607322777,84.90972990005454,-26.579,-23.432,1.96,-0.005,-0.023,124.9,0,0.0000,0.00
15:50:59,22.263446596819996,84.90972989785381,-26.580,-23.433,1.83,-0.005,-0.023,124.9,0,0.0000,0.00
15:51:00,22.263446586300145,84.9097298956495,-26.580,-23.434,1.83,-0.005,-0.023,125.0,0,0.0000,0.00
15:51:00,22.26344657728139,84.90972989280986,-26.580,-23.435,1.83,-0.005,-0.023,125.0,0,0.0055,0.00
15:51:00,22.263446566918166,84.90972989053341,-26.580,-23.437,1.83,-0.005,-0.023,125.0,0,0.0000,0.00
15:51:00,22.263446556581837,84.90972988826289,-26.581,-23.438,1.75,-0.005,-0.023,125.0,0,0.0000,0.00
15:51:00,22.2634465462144,84.90972988598553,-26.581,-23.439,1.75,-0.005,-0.023,124.9,0,0.0000,0.00
15:51:00,22.263446535878167,84.90972988371502,-26.581,-23.440,1.75,-0.005,-0.023,124.9,0,0.0000,0.00
15:51:00,22.26344652566478,84.90972988123247,-26.581,-23.441,1.75,-0.005,-0.023,124.9,0,0.0035,0.00
15:51:00,22.26344651531197,84.90972987892306,-26.582,-23.442,1.75,-0.005,-0.023,124.9,0,0.0000,0.00
15:51:00,22.263446504981594,84.90972987661866,-26.582,-23.443,1.75,-0.005,-0.023,124.9,0,0.0000,0.00
15:51:00,22.26344649464374,84.90972987431259,-26.582,-23.445,1.75,-0.005,-0.023,124.9,0,0.0000,0.00
15:51:00,22.2634464843054,84.90972987200641,-26.582,-23.446,1.75,-0.005,-0.023,124.9,0,0.0000,0.00
15:51:00,22.263446473995458,84.90972986970657,-26.583,-23.447,1.75,-0.005,-0.023,124.9,0,0.0000,0.00
15:51:00,22.263446463631457,84.90972986739466,-26.583,-23.448,1.66,-0.005,-0.023,124.9,0,0.0000,0.00
15:51:00,22.263446453309538,84.90972986509215,-26.583,-23.449,1.66,-0.005,-0.023,124.8,0,0.0000,0.00
15:51:00,22.26344644296362,84.90972986278427,-26.583,-23.450,1.66,-0.005,-0.023,124.8,0,0.0000,0.00
15:51:00,22.263446432668342,84.9097298604877,-26.584,-23.451,1.66,-0.005,-0.023,124.8,0,0.0000,0.00
15:51:00,22.263446422335573,84.90972985818277,-26.584,-23.453,1.53,-0.005,-0.023,124.8,0,0.0000,0.00
15:51:00,22.263446411998356,84.90972985587683,-26.584,-23.454,1.53,-0.005,-0.023,124.7,0,0.0000,0.00
15:51:00,22.263446401651606,84.90972985356878,-26.584,-23.455,1.53,-0.005,-0.023,124.7,0,0.0000,0.00
15:51:01,22.263446391339713,84.90972985126851,-26.584,-23.456,1.53,-0.005,-0.023,124.7,0,0.0000,0.00
15:51:01,22.26344638100264,84.90972984896261,-26.585,-23.457,1.53,-0.005,-0.023,124.7,0,0.0000,0.00
15:51:01,22.26344637068581,84.90972984666122,-26.585,-23.458,1.53,-0.005,-0.023,124.7,0,0.0000,0.00
15:51:01,22.26344636039239,84.90972984436507,-26.585,-23.460,1.53,-0.005,-0.023,124.7,0,0.0000,0.00
15:51:01,22.26344635006788,84.90972984206198,-26.585,-23.461,1.53,-0.005,-0.023,124.7,0,0.0000,0.00
15:51:01,22.26344633975618,84.90972983976174,-26.586,-23.462,1.53,-0.005,-0.023,124.7,0,0.0000,0.00
15:51:01,22.263446329447266,84.90972983746212,-26.586,-23.463,1.44,-0.005,-0.023,124.7,0,0.0000,0.00
15:51:01,22.263446319118554,84.90972983515809,-26.586,-23.464,1.44,-0.005,-0.023,124.7,0,0.0000,0.00
15:51:01,22.26344630879253,84.90972983285467,-26.586,-23.465,1.44,-0.005,-0.023,124.7,0,0.0000,0.00
15:51:01,22.263446298451303,84.90972983054783,-26.587,-23.466,1.44,-0.005,-0.023,124.8,0,0.0000,0.00
15:51:01,22.263446288113453,84.90972982824177,-26.587,-23.468,1.35,-0.005,-0.023,124.8,0,0.0000,0.00
15:51:01,22.263446277788113,84.90972982593848,-26.587,-23.469,1.35,-0.005,-0.023,124.8,0,0.0000,0.00
15:51:01,22.263446267457887,84.90972982363412,-26.587,-23.470,1.35,-0.005,-0.023,124.9,0,0.0000,0.00
15:51:01,22.263446257143496,84.90972982133329,-26.588,-23.471,1.35,-0.005,-0.023,124.9,0,0.0000,0.00
15:51:01,22.26344624681288,84.90972981902883,-26.588,-23.472,1.35,-0.005,-0.023,124.9,0,0.0000,0.00
15:51:01,22.263446236503867,84.9097298167292,-26.588,-23.473,1.35,-0.005,-0.023,125.0,0,0.0000,0.00
15:51:01,22.2634462261797,84.90972981442617,-26.588,-23.474,1.35,-0.005,-0.023,125.1,0,0.0000,0.00
15:51:01,22.263446215871177,84.90972981212664,-26.589,-23.476,1.35,-0.005,-0.023,125.1,0,0.0000,0.00
15:51:01,22.26344622046842,84.90972980602339,-26.589,-23.475,1.22,-0.005,-0.021,125.1,0,0.0041,0.00
15:51:01,22.263446210974752,84.90972980348704,-26.589,-23.476,1.22,-0.005,-0.021,125.2,0,0.0000,0.00
15:51:02,22.2634462015053,84.90972980095714,-26.590,-23.477,1.22,-0.005,-0.021,125.2,0,0.0000,0.00
15:51:02,22.26344619204287,84.90972979842913,-26.590,-23.478,1.22,-0.005,-0.021,125.3,0,0.0000,0.00
15:51:02,22.263446182591274,84.90972979590401,-26.590,-23.479,1.22,-0.005,-0.021,125.3,0,0.0000,0.00
15:51:02,22.2634461723743,84.90972978964186,-26.591,-23.480,1.22,-0.006,-0.021,125.3,0,0.0042,0.00
15:51:02,22.26344616280813,84.90972978677637,-26.591,-23.482,1.22,-0.006,-0.021,125.3,0,0.0000,0.00
15:51:02,22.26344615328532,84.90972978392388,-26.591,-23.483,1.22,-0.006,-0.021,125.3,0,0.0000,0.00
15:51:02,22.263446143773862,84.90972978107479,-26.592,-23.484,1.22,-0.006,-0.021,125.3,0,0.0000,0.00
15:51:02,22.2634461342689,84.90972977822763,-26.592,-23.485,1.12,-0.006,-0.021,125.4,0,0.0000,0.00
15:51:02,22.263446124759113,84.90972977537903,-26.592,-23.486,1.12,-0.006,-0.021,125.4,0,0.0000,0.00
15:51:02,22.26344611524045,84.90972977252778,-26.593,-23.487,1.12,-0.006,-0.021,125.4,0,0.0000,0.00
15:51:02,22.263446105743913,84.90972976968315,-26.593,-23.488,1.12,-0.006,-0.021,125.4,0,0.0000,0.00
15:51:02,22.263446096218754,84.90972976682995,-26.593,-23.489,1.02,-0.006,-0.021,125.4,0,0.0000,0.00
15:51:02,22.263446086700856,84.90972976397893,-26.593,-23.490,1.02,-0.006,-0.021,125.4,0,0.0000,0.00
15:51:02,22.26344607718079,84.90972976112727,-26.594,-23.491,1.02,-0.006,-0.021,125.4,0,0.0000,0.00
15:51:02,22.26344606767326,84.90972975827934,-26.594,-23.492,1.02,-0.006,-0.021,125.4,0,0.0000,0.00
15:51:02,22.263446058152024,84.90972975542732,-26.594,-23.493,1.02,-0.006,-0.021,125.4,0,0.0000,0.00
15:51:02,22.263446048641562,84.90972975257851,-26.595,-23.494,1.02,-0.006,-0.021,125.4,0,0.0000,0.00
15:51:02,22.263446039101215,84.90972974972077,-26.595,-23.495,1.02,-0.006,-0.021,125.4,0,0.0000,0.00
15:51:02,22.26344602960536,84.90972974687635,-26.595,-23.496,1.02,-0.006,-0.021,125.5,0,0.0000,0.00
15:51:02,22.263446023081354,84.90972974582102,-26.595,-23.497,0.91,-0.005,-0.020,125.5,0,0.0045,0.00
15:51:03,22.26344601379994,84.90972974312346,-26.596,-23.498,0.91,-0.005,-0.020,125.5,0,0.0000,0.00
15:51:03,22.263446004555167,84.90972974043655,-26.596,-23.499,0.91,-0.005,-0.020,125.5,0,0.0000,0.00
15:51:03,22.263445995305705,84.90972973774828,-26.596,-23.500,0.91,-0.005,-0.020,125.5,0,0.0000,0.00
15:51:03,22.263445986074416,84.90972973506528,-26.596,-23.501,0.80,-0.005,-0.020,125.6,0,0.0000,0.00
15:51:03,22.26344597681471,84.90972973237403,-26.597,-23.502,0.80,-0.005,-0.020,125.6,0,0.0000,0.00
15:51:03,22.26344596756832,84.90972972968665,-26.597,-23.503,0.80,-0.005,-0.020,125.6,0,0.0000,0.00
15:51:03,22.26344595832731,84.90972972700084,-26.597,-23.504,0.80,-0.005,-0.020,125.6,0,0.0000,0.00
15:51:03,22.263445949095622,84.90972972431773,-26.598,-23.505,0.80,-0.005,-0.020,125.6,0,0.0000,0.00
15:51:03,22.26344593985527,84.90972972163209,-26.598,-23.506,0.80,-0.005,-0.020,125.6,0,0.0000,0.00
15:51:03,22.263445932287866,84.90972971953077,-26.598,-23.507,0.80,-0.005,-0.020,125.6,0,0.0083,0.00
15:51:03,22.26344592317863,84.90972971689393,-26.598,-23.508,0.80,-0.005,-0.020,125.6,0,0.0000,0.00
15:51:03,22.263445914065013,84.90972971425583,-26.599,-23.509,0.80,-0.005,-0.020,125.6,0,0.0000,0.00
15:51:03,22.263445895927013,84.90972970900545,-26.599,-23.511,0.71,-0.005,-0.020,125.5,0,0.0000,0.00
15:51:03,22.26344588809625,84.90972970690402,-26.599,-23.512,0.71,-0.005,-0.020,125.5,0,0.0041,0.00
15:51:03,22.263445879170877,84.90972970434316,-26.600,-23.513,0.71,-0.005,-0.020,125.5,0,0.0000,0.00
15:51:03,22.263445870259524,84.90972970178633,-26.600,-23.514,0.59,-0.005,-0.020,125.5,0,0.0000,0.00
15:51:03,22.263445861359585,84.90972969923278,-26.600,-23.515,0.59,-0.005,-0.020,125.5,0,0.0000,0.00
15:51:03,22.26344585247902,84.90972969668479,-26.600,-23.516,0.59,-0.005,-0.020,125.5,0,0.0000,0.00
15:51:03,22.263445846308453,84.90972969491739,-26.601,-23.517,0.59,-0.005,-0.019,125.4,0,0.0053,0.00
15:51:03,22.263445837813236,84.90972969248047,-26.601,-23.518,0.59,-0.005,-0.019,125.4,0,0.0000,0.00
15:51:04,22.26344582936143,84.909729690056,-26.601,-23.519,0.59,-0.005,-0.019,125.4,0,0.0000,0.00
15:51:04,22.26344582093389,84.90972968763849,-26.601,-23.520,0.59,-0.005,-0.019,125.4,0,0.0000,0.00
15:51:04,22.26344581248752,84.90972968521557,-26.602,-23.521,0.59,-0.005,-0.019,125.4,0,0.0000,0.00
15:51:04,22.263445805587228,84.90972968331653,-26.602,-23.521,0.59,-0.005,-0.018,125.4,0,0.0043,0.00
15:51:04,22.26344579740281,84.9097296809834,-26.602,-23.522,0.50,-0.005,-0.018,125.4,0,0.0000,0.00
15:51:04,22.26344578921526,84.90972967864937,-26.602,-23.523,0.50,-0.005,-0.018,125.4,0,0.0000,0.00
15:51:04,22.263445781067823,84.90972967632679,-26.602,-23.524,0.50,-0.005,-0.018,125.4,0,0.0000,0.00
15:51:04,22.263445772908792,84.9097296740009,-26.603,-23.525,0.50,-0.005,-0.018,125.4,0,0.0000,0.00
15:51:04,22.263445764727773,84.90972967166874,-26.603,-23.526,0.40,-0.005,-0.018,125.3,0,0.0000,0.00
15:51:04,22.26344575656704,84.90972966934235,-26.603,-23.527,0.40,-0.005,-0.018,125.3,0,0.0000,0.00
15:51:04,22.263445748388882,84.909729667011,-26.603,-23.528,0.40,-0.005,-0.018,125.3,0,0.0000,0.00
15:51:04,22.263445740228732,84.9097296646848,-26.604,-23.529,0.40,-0.005,-0.018,125.3,0,0.0000,0.00
15:51:04,22.263445732063825,84.90972966235724,-26.604,-23.529,0.40,-0.005,-0.018,125.3,0,0.0000,0.00
15:51:04,22.263445720718888,84.90972966125501,-26.604,-23.531,0.40,-0.004,-0.019,125.3,0,0.0048,0.00
15:51:04,22.263445712097575,84.9097296590966,-26.604,-23.532,0.40,-0.004,-0.019,125.3,0,0.0000,0.00
15:51:04,22.263445703471007,84.90972965693688,-26.604,-23.533,0.40,-0.004,-0.019,125.3,0,0.0000,0.00
15:51:04,22.26344569485589,84.90972965478001,-26.605,-23.534,0.27,-0.004,-0.019,125.3,0,0.0000,0.00
15:51:04,22.263445686244072,84.90972965262398,-26.605,-23.535,0.27,-0.004,-0.019,125.3,0,0.0000,0.00
15:51:04,22.263445677646313,84.90972965047146,-26.605,-23.536,0.27,-0.004,-0.019,125.3,0,0.0000,0.00
15:51:05,22.26344566903087,84.90972964831451,-26.605,-23.536,0.27,-0.004,-0.019,125.3,0,0.0000,0.00
15:51:05,22.263445660411186,84.9097296461565,-26.606,-23.537,0.27,-0.004,-0.019,125.3,0,0.0000,0.00
15:51:05,22.263445651796477,84.90972964399975,-26.606,-23.538,0.27,-0.004,-0.019,125.3,0,0.0000,0.00
15:51:05,22.263445643202264,84.90972964184813,-26.606,-23.539,0.27,-0.004,-0.019,125.3,0,0.0000,0.00
15:51:05,22.263445634589672,84.90972963969189,-26.606,-23.540,0.27,-0.004,-0.019,125.3,0,0.0000,0.00
15:51:05,22.26344562598177,84.90972963753684,-26.606,-23.541,0.27,-0.004,-0.019,125.3,0,0.0000,0.00
15:51:05,22.263445617365797,84.90972963537976,-26.607,-23.542,0.18,-0.004,-0.019,125.3,0,0.0000,0.00
15:51:05,22.26344560875785,84.9097296332247,-26.607,-23.543,0.18,-0.004,-0.019,125.4,0,0.0000,0.00
15:51:05,22.263445600155773,84.9097296310711,-26.607,-23.544,0.18,-0.004,-0.019,125.4,0,0.0000,0.00
15:51:05,22.26344559155614,84.90972962891811,-26.607,-23.545,0.18,-0.004,-0.019,125.4,0,0.0000,0.00
15:51:05,22.26344559155614,84.90972962891811,-26.606,-23.544,0.10,-0.001,-0.014,125.4,0,0.0050,0.00
15:51:05,22.26344559155614,84.90972962891811,-26.606,-23.544,0.10,-0.001,-0.014,125.4,0,0.0000,0.00
15:51:05,22.26344559155614,84.90972962891811,-26.606,-23.545,0.10,-0.001,-0.014,125.5,0,0.0000,0.00
15:51:05,22.26344559155614,84.90972962891811,-26.606,-23.546,0.10,-0.001,-0.014,125.7,0,0.0000,0.00
15:51:05,22.26344559155614,84.90972962891811,-26.606,-23.546,0.10,-0.001,-0.014,125.7,0,0.0000,0.00
15:51:05,22.26344559155614,84.90972962891811,-26.606,-23.543,0.10,-0.000,-0.005,125.9,0,0.0047,0.00
15:51:05,22.26344559155614,84.90972962891811,-26.606,-23.544,0.10,-0.000,-0.005,126.1,0,0.0000,0.00
15:51:05,22.26344559155614,84.90972962891811,-26.606,-23.544,0.10,-0.000,-0.005,126.4,0,0.0000,0.00
15:51:05,22.26344559155614,84.90972962891811,-26.606,-23.544,0.07,-0.000,-0.005,126.4,0,0.0000,0.00
15:51:05,22.26344559155614,84.90972962891811,-26.606,-23.545,0.07,-0.000,-0.005,126.6,0,0.0000,0.00
15:51:06,22.26344559155614,84.90972962891811,-26.606,-23.543,0.07,-0.001,0.002,126.7,0,0.0042,0.00
15:51:06,22.26344559155614,84.90972962891811,-26.606,-23.543,0.07,-0.001,0.002,126.9,0,0.0000,0.00
15:51:06,22.26344559155614,84.90972962891811,-26.606,-23.542,0.07,-0.001,0.002,127.0,0,0.0000,0.00
15:51:06,22.26344559155614,84.90972962891811,-26.606,-23.542,0.08,-0.001,0.002,127.0,0,0.0000,0.00
15:51:06,22.26344559155614,84.90972962891811,-26.606,-23.542,0.08,-0.001,0.002,127.0,0,0.0000,0.00
15:51:06,22.26344559155614,84.90972962891811,-26.606,-23.542,0.08,-0.001,0.002,127.0,0,0.0000,0.00
15:51:06,22.26344559155614,84.90972962891811,-26.606,-23.542,0.08,-0.001,0.002,127.0,0,0.0000,0.00
15:51:06,22.26344559155614,84.90972962891811,-26.606,-23.542,0.08,-0.001,0.002,126.9,0,0.0000,0.00
15:51:06,22.26344559155614,84.90972962891811,-26.606,-23.542,0.08,-0.001,0.002,126.9,0,0.0000,0.00
15:51:06,22.26344559155614,84.90972962891811,-26.606,-23.542,0.08,-0.001,0.002,126.7,0,0.0000,0.00
15:51:06,22.26344559155614,84.90972962891811,-26.607,-23.542,0.08,-0.001,0.002,126.7,0,0.0000,0.00
15:51:06,22.26344559155614,84.90972962891811,-26.607,-23.542,0.09,-0.001,0.002,126.6,0,0.0000,0.00
15:51:06,22.26344559155614,84.90972962891811,-26.607,-23.542,0.09,-0.001,0.002,126.5,0,0.0000,0.00
15:51:06,22.26344559155614,84.90972962891811,-26.607,-23.542,0.09,-0.001,0.002,126.2,0,0.0000,0.00
15:51:06,22.26344559155614,84.90972962891811,-26.607,-23.541,0.09,-0.001,0.002,126.2,0,0.0000,0.00
15:51:06,22.26344559155614,84.90972962891811,-26.607,-23.541,0.08,-0.001,0.002,126.0,0,0.0000,0.00
15:51:06,22.26344559155614,84.90972962891811,-26.606,-23.543,0.08,-0.000,-0.002,125.7,0,0.0075,0.00
15:51:06,22.26344559155614,84.90972962891811,-26.606,-23.543,0.08,-0.000,-0.002,125.6,0,0.0000,0.00
15:51:06,22.26344559155614,84.90972962891811,-26.606,-23.543,0.08,-0.000,-0.002,125.6,0,0.0000,0.00
15:51:06,22.26344559155614,84.90972962891811,-26.606,-23.543,0.08,-0.000,-0.002,125.4,0,0.0000,0.00
15:51:07,22.26344559155614,84.90972962891811,-26.606,-23.543,0.08,-0.000,-0.002,125.1,0,0.0000,0.00
15:51:07,22.26344559155614,84.90972962891811,-26.606,-23.543,0.08,0.000,-0.001,125.0,0,0.0078,0.00
15:51:07,22.26344559155614,84.90972962891811,-26.606,-23.543,0.08,0.000,-0.001,124.9,0,0.0000,0.00
15:51:07,22.26344559155614,84.90972962891811,-26.606,-23.543,0.08,0.000,-0.001,124.9,0,0.0000,0.00
15:51:07,22.26344559155614,84.90972962891811,-26.606,-23.543,0.08,0.000,-0.001,124.8,0,0.0000,0.00
15:51:07,22.26344559155614,84.90972962891811,-26.606,-23.543,0.08,0.000,-0.001,124.6,0,0.0000,0.00
15:51:07,22.26344559155614,84.90972962891811,-26.606,-23.544,0.08,0.000,-0.001,124.5,0,0.0000,0.00
15:51:07,22.26344559155614,84.90972962891811,-26.606,-23.544,0.08,0.000,-0.001,124.5,0,0.0000,0.00
15:51:07,22.26344559155614,84.90972962891811,-26.606,-23.544,0.08,0.000,-0.001,124.4,6,0.0000,0.00
15:51:07,22.26344559155614,84.90972962891811,-26.606,-23.544,0.08,0.000,-0.001,124.4,6,0.0000,0.00
15:51:07,22.26344559155614,84.90972962891811,-26.606,-23.544,0.08,0.000,-0.001,124.4,6,0.0000,0.00
15:51:07,22.26344559155614,84.90972962891811,-26.606,-23.543,0.08,-0.000,0.000,124.4,6,0.0071,0.00
15:51:07,22.26344559155614,84.90972962891811,-26.606,-23.543,0.09,-0.000,0.000,124.3,6,0.0000,0.00
15:51:07,22.26344559155614,84.90972962891811,-26.606,-23.543,0.09,-0.000,0.000,124.2,6,0.0000,0.00
15:51:07,22.26344559155614,84.90972962891811,-26.606,-23.543,0.09,-0.000,0.000,124.2,6,0.0000,0.00
15:51:07,22.26344559155614,84.90972962891811,-26.606,-23.543,0.09,-0.000,0.000,124.1,6,0.0000,0.00
15:51:07,22.26344559155614,84.90972962891811,-26.606,-23.543,0.10,0.000,-0.000,124.0,10,0.0096,0.00
15:51:07,22.26344559155614,84.90972962891811,-26.606,-23.543,0.10,0.000,-0.000,124.0,10,0.0000,0.00
15:51:07,22.26344559155614,84.90972962891811,-26.606,-23.543,0.10,0.000,-0.000,124.0,10,0.0000,0.00
15:51:07,22.26344559155614,84.90972962891811,-26.606,-23.543,0.10,0.000,-0.000,124.0,10,0.0000,0.00
15:51:08,22.26344559155614,84.90972962891811,-26.606,-23.543,0.10,0.000,-0.000,123.9,10,0.0000,0.00
15:51:08,22.26344559155614,84.90972962891811,-26.606,-23.544,0.10,0.000,-0.000,123.9,10,0.0000,0.00
15:51:08,22.26344559155614,84.90972962891811,-26.606,-23.544,0.10,0.000,-0.000,123.9,10,0.0000,0.00
15:51:08,22.26344559155614,84.90972962891811,-26.606,-23.544,0.10,0.000,-0.000,123.8,10,0.0000,0.00
15:51:08,22.26344559155614,84.90972962891811,-26.606,-23.544,0.10,0.000,-0.000,123.7,10,0.0000,0.00
15:51:08,22.26344559155614,84.90972962891811,-26.606,-23.544,0.09,0.000,-0.000,123.7,10,0.0000,0.00
15:51:08,22.26344559155614,84.90972962891811,-26.606,-23.544,0.09,0.000,-0.000,123.7,10,0.0000,0.00
15:51:08,22.26344559155614,84.90972962891811,-26.606,-23.544,0.09,0.000,-0.000,123.6,10,0.0000,0.00
15:51:08,22.26344559155614,84.90972962891811,-26.606,-23.544,0.09,0.000,-0.000,123.6,10,0.0000,0.00
15:51:08,22.26344559155614,84.90972962891811,-26.606,-23.544,0.09,0.000,-0.000,123.5,11,0.0000,0.00
15:51:08,22.26344559155614,84.90972962891811,-26.606,-23.544,0.09,0.000,-0.000,123.5,11,0.0000,0.00
15:51:08,22.26344559155614,84.90972962891811,-26.606,-23.544,0.09,0.000,-0.000,123.5,11,0.0000,0.00
15:51:08,22.26344559155614,84.90972962891811,-26.606,-23.544,0.09,0.000,-0.000,123.5,11,10.0005,0.00
15:51:08,22.26344559155614,84.90972962891811,-26.606,-23.544,0.09,0.000,-0.000,123.5,11,0.0000,0.00
15:51:08,22.26344559155614,84.90972962891811,-26.606,-23.544,0.09,0.000,-0.000,123.5,11,0.0000,0.00
15:51:08,22.26344559155614,84.90972962891811,-26.606,-23.544,0.09,0.000,-0.000,123.5,11,0.0000,0.00
15:51:08,22.26344559155614,84.90972962891811,-26.606,-23.544,0.09,0.000,-0.000,123.5,11,0.0000,0.00
15:51:08,22.26344559155614,84.90972962891811,-26.606,-23.543,0.10,-0.000,0.000,123.5,14,0.0098,0.00
15:51:08,22.26344559155614,84.90972962891811,-26.606,-23.543,0.10,-0.000,0.000,123.4,14,0.0000,0.00
15:51:09,22.26344559155614,84.90972962891811,-26.606,-23.543,0.10,-0.000,0.000,123.4,14,0.0000,0.00
15:51:09,22.26344559155614,84.90972962891811,-26.606,-23.543,0.10,-0.000,0.000,123.4,14,0.0000,0.00
15:51:09,22.26344559155614,84.90972962891811,-26.606,-23.543,0.10,-0.000,0.000,123.4,14,0.0000,0.00
15:51:09,22.26344559155614,84.90972962891811,-26.606,-23.543,0.09,0.000,-0.000,123.4,14,0.0039,0.00
15:51:09,22.26344559155614,84.90972962891811,-26.606,-23.543,0.09,0.000,-0.000,123.4,14,0.0000,0.00
15:51:09,22.26344559155614,84.90972962891811,-26.606,-23.543,0.09,0.000,-0.000,123.2,14,0.0000,0.00
15:51:09,22.26344559155614,84.90972962891811,-26.606,-23.543,0.09,0.000,-0.000,123.0,14,0.0000,0.00
15:51:09,22.26344559155614,84.90972962891811,-26.606,-23.543,0.09,0.000,-0.000,123.0,15,0.0000,0.00
15:51:09,22.26344559155614,84.90972962891811,-26.606,-23.543,0.09,-0.000,0.001,122.7,15,0.0022,0.00
15:51:09,22.26344559155614,84.90972962891811,-26.606,-23.543,0.09,-0.000,0.001,122.5,15,0.0000,0.00
15:51:09,22.26344559155614,84.90972962891811,-26.606,-23.543,0.09,-0.000,0.001,122.3,15,0.0000,0.00
15:51:09,22.26344559155614,84.90972962891811,-26.606,-23.543,0.10,-0.000,0.001,122.3,15,0.0000,0.00
15:51:09,22.26344559155614,84.90972962891811,-26.606,-23.543,0.10,-0.000,0.001,122.0,15,0.0000,0.00
15:51:09,22.26344559155614,84.90972962891811,-26.606,-23.543,0.10,-0.000,0.001,121.9,15,0.0000,0.00
15:51:09,22.26344559155614,84.90972962891811,-26.606,-23.543,0.10,-0.000,0.001,121.8,15,0.0000,0.00
15:51:09,22.26344559155614,84.90972962891811,-26.606,-23.542,0.10,-0.000,0.001,121.8,15,0.0000,0.00
15:51:09,22.26344559155614,84.90972962891811,-26.606,-23.542,0.10,-0.000,0.001,121.5,15,0.0000,0.00
15:51:09,22.26344559155614,84.90972962891811,-26.607,-23.542,0.10,-0.000,0.001,121.4,15,0.0000,0.00
15:51:09,22.26344559155614,84.90972962891811,-26.607,-23.542,0.10,-0.000,0.001,121.3,15,0.0000,0.00
15:51:09,22.26344559155614,84.90972962891811,-26.607,-23.542,0.10,-0.000,0.001,121.3,15,0.0000,0.00
15:51:09,22.26344559155614,84.90972962891811,-26.607,-23.542,0.11,-0.000,0.001,121.2,16,0.0000,0.00
15:51:10,22.26344559155614,84.90972962891811,-26.607,-23.542,0.11,-0.000,0.001,121.2,16,0.0000,0.00
15:51:10,22.26344559155614,84.90972962891811,-26.607,-23.542,0.11,-0.000,0.001,121.1,16,0.0000,0.00
15:51:10,22.26344559155614,84.90972962891811,-26.607,-23.542,0.11,-0.000,0.001,121.1,16,0.0000,0.00
15:51:10,22.26344559155614,84.90972962891811,-26.607,-23.542,0.10,-0.000,0.001,121.1,16,0.0000,0.00
15:51:10,22.26344559155614,84.90972962891811,-26.607,-23.542,0.10,-0.000,0.001,121.0,16,0.0000,0.00
15:51:10,22.26344559155614,84.90972962891811,-26.607,-23.542,0.10,-0.000,0.001,120.9,16,0.0000,0.00
15:51:10,22.26344559155614,84.90972962891811,-26.607,-23.542,0.10,-0.000,0.001,120.9,16,0.0000,0.00
15:51:10,22.26344559155614,84.90972962891811,-26.607,-23.542,0.10,-0.000,0.001,120.8,16,0.0000,0.00
15:51:10,22.26344559155614,84.90972962891811,-26.607,-23.542,0.10,-0.000,0.001,120.8,16,0.0031,0.00
15:51:10,22.26344559155614,84.90972962891811,-26.607,-23.542,0.10,-0.000,0.001,120.7,16,0.0000,0.00
15:51:10,22.26344559155614,84.90972962891811,-26.607,-23.542,0.10,-0.000,0.001,120.7,16,0.0000,0.00
15:51:10,22.26344559155614,84.90972962891811,-26.607,-23.542,0.11,-0.000,0.001,120.7,16,0.0000,0.00
15:51:10,22.26344559155614,84.90972962891811,-26.607,-23.542,0.11,-0.000,0.001,120.7,16,0.0000,0.00
15:51:10,22.26344559155614,84.90972962891811,-26.607,-23.542,0.11,-0.000,0.001,120.7,16,0.0000,0.00
15:51:10,22.26344559155614,84.90972962891811,-26.607,-23.542,0.11,-0.000,0.001,120.6,16,0.0000,0.00
15:51:10,22.26344559155614,84.90972962891811,-26.607,-23.542,0.11,-0.000,0.001,120.6,17,0.0000,0.00
15:51:10,22.26344559155614,84.90972962891811,-26.607,-23.542,0.11,-0.000,0.001,120.5,17,0.0000,0.00
15:51:10,22.26344559155614,84.90972962891811,-26.607,-23.541,0.11,-0.000,0.001,120.5,17,0.0000,0.00
15:51:10,22.26344559155614,84.90972962891811,-26.607,-23.541,0.11,-0.000,0.001,120.5,17,0.0000,0.00
15:51:11,22.26344559155614,84.90972962891811,-26.607,-23.541,0.11,-0.000,0.001,120.5,17,0.0000,0.00
15:51:11,22.26344559155614,84.90972962891811,-26.607,-23.541,0.11,-0.000,0.001,120.5,17,0.0000,0.00
15:51:11,22.26344559155614,84.90972962891811,-26.607,-23.541,0.11,-0.000,0.001,120.5,17,0.0000,0.00
15:51:11,22.26344559155614,84.90972962891811,-26.607,-23.541,0.11,-0.000,0.001,120.5,17,0.0000,0.00
15:51:11,22.26344559155614,84.90972962891811,-26.607,-23.541,0.11,-0.000,0.001,120.5,17,0.0000,0.00
15:51:11,22.26344559155614,84.90972962891811,-26.607,-23.541,0.10,-0.000,0.001,120.4,17,0.0000,0.00
15:51:11,22.26344559155614,84.90972962891811,-26.607,-23.541,0.10,-0.000,0.001,120.4,17,0.0000,0.00
15:51:11,22.26344559155614,84.90972962891811,-26.607,-23.541,0.10,-0.000,0.001,120.6,17,0.0000,0.00
15:51:11,22.26344559155614,84.90972962891811,-26.607,-23.541,0.10,-0.000,0.001,120.8,17,0.0000,0.00
15:51:11,22.26344559155614,84.90972962891811,-26.607,-23.541,0.10,-0.000,0.001,121.4,18,0.0000,0.00
15:51:11,22.26344559155614,84.90972962891811,-26.607,-23.541,0.10,-0.000,0.001,121.4,18,0.0000,0.00
15:51:11,22.26344559155614,84.90972962891811,-26.607,-23.541,0.10,-0.000,0.001,121.8,18,0.0000,0.00
15:51:11,22.26344559155614,84.90972962891811,-26.607,-23.541,0.10,-0.000,0.001,122.4,18,0.0000,0.00
15:51:11,22.26344559155614,84.90972962891811,-26.607,-23.541,0.10,-0.000,0.001,124.2,18,0.0000,0.00
15:51:11,22.26344559155614,84.90972962891811,-26.554,-23.576,0.10,0.067,-0.044,124.2,18,0.0087,0.00
15:51:11,22.26344559155614,84.90972962891811,-26.551,-23.579,0.10,0.067,-0.044,125.7,18,0.0000,0.00
15:51:11,22.26344559155614,84.90972962891811,-26.547,-23.581,0.10,0.067,-0.044,127.2,18,0.0000,0.00
15:51:11,22.26344559155614,84.90972962891811,-26.544,-23.583,0.10,0.067,-0.044,129.2,18,0.0000,0.00
15:51:11,22.26344559155614,84.90972962891811,-26.540,-23.585,0.10,0.067,-0.044,129.2,19,0.0000,0.00
15:51:11,22.26344559155614,84.90972962891811,-26.537,-23.588,0.10,0.067,-0.044,129.6,19,0.0000,0.00
15:51:12,22.26344559155614,84.90972962891811,-26.534,-23.590,0.10,0.067,-0.044,129.8,19,0.0000,0.00
15:51:12,22.26344559155614,84.90972962891811,-26.530,-23.592,0.10,0.067,-0.044,129.9,19,0.0000,0.00
15:51:12,22.26344559155614,84.90972962891811,-26.527,-23.594,0.10,0.067,-0.044,129.9,19,0.0000,0.00
15:51:12,22.26344559155614,84.90972962891811,-26.524,-23.596,0.10,0.067,-0.044,129.8,19,0.0000,0.00
15:51:12,22.26344559155614,84.90972962891811,-26.520,-23.599,0.10,0.067,-0.044,129.6,19,0.0000,0.00
15:51:12,22.26344559155614,84.90972962891811,-26.517,-23.601,0.10,0.067,-0.044,129.2,19,0.0000,0.00
15:51:12,22.26344559155614,84.90972962891811,-26.513,-23.603,0.10,0.067,-0.044,129.0,20,0.0000,0.00
15:51:12,22.26344559155614,84.90972962891811,-26.510,-23.605,0.10,0.067,-0.044,129.0,20,0.0000,0.00
15:51:12,22.26344559155614,84.90972962891811,-26.507,-23.608,0.10,0.067,-0.044,128.8,20,0.0000,0.00
15:51:12,22.26344559155614,84.90972962891811,-26.503,-23.610,0.10,0.067,-0.044,128.4,20,0.0000,0.00
15:51:12,22.26344559155614,84.90972962891811,-26.500,-23.612,0.08,0.067,-0.044,128.2,20,0.0000,0.00
15:51:12,22.26344559155614,84.90972962891811,-26.497,-23.614,0.08,0.067,-0.044,128.2,20,0.0000,0.00
15:51:12,22.26344559155614,84.90972962891811,-26.493,-23.617,0.08,0.067,-0.044,128.1,20,0.0000,0.00
15:51:12,22.26344559155614,84.90972962891811,-26.490,-23.619,0.08,0.067,-0.044,127.7,20,0.0000,0.00
15:51:12,22.26344559155614,84.90972962891811,-26.487,-23.621,0.08,0.067,-0.044,127.5,20,0.0000,0.00
15:51:12,22.26344559155614,84.90972962891811,-26.483,-23.623,0.08,0.067,-0.044,127.5,20,0.0000,0.00
15:51:12,22.26344559155614,84.90972962891811,-26.480,-23.626,0.08,0.067,-0.044,127.4,20,0.0000,0.00
15:51:12,22.26344559155614,84.90972962891811,-26.476,-23.628,0.08,0.067,-0.044,127.1,20,0.0000,0.00
15:51:12,22.26344559155614,84.90972962891811,-26.473,-23.630,0.08,0.067,-0.044,127.1,20,0.0000,0.00
15:51:12,22.26344559155614,84.90972962891811,-26.470,-23.632,0.10,0.067,-0.044,126.9,20,0.0000,0.00
15:51:13,22.26344559155614,84.90972962891811,-26.466,-23.634,0.10,0.067,-0.044,126.8,20,0.0000,0.00
15:51:13,22.26344559155614,84.90972962891811,-26.463,-23.637,0.10,0.067,-0.044,126.8,20,0.0000,0.00
15:51:13,22.26344559155614,84.90972962891811,-26.460,-23.639,0.10,0.067,-0.044,126.8,20,0.0000,0.00
15:51:13,22.26344559155614,84.90972962891811,-26.456,-23.641,0.09,0.067,-0.044,126.8,20,0.0000,0.00
15:51:13,22.26344559155614,84.90972962891811,-26.453,-23.643,0.09,0.067,-0.044,126.8,20,0.0000,0.00
15:51:13,22.26344559155614,84.90972962891811,-26.197,-23.968,0.09,0.331,-0.382,126.9,20,0.0061,0.00
15:51:13,22.26344559155614,84.90972962891811,-26.180,-23.987,0.09,0.331,-0.382,127.0,20,0.0000,0.00
15:51:13,22.26344559155614,84.90972962891811,-26.163,-24.007,0.09,0.331,-0.382,127.0,21,0.0000,0.00
15:51:13,22.26344559155614,84.90972962891811,-26.147,-24.026,0.09,0.331,-0.382,127.0,21,0.0000,0.00
15:51:13,22.26344559155614,84.90972962891811,-26.130,-24.045,0.09,0.331,-0.382,127.0,21,0.0000,0.00
15:51:13,22.26344559155614,84.90972962891811,-26.113,-24.064,0.09,0.331,-0.382,127.0,21,0.0000,0.00
15:51:13,22.26344559155614,84.90972962891811,-26.097,-24.084,0.09,0.331,-0.382,127.0,21,0.0000,0.00
15:51:13,22.26344559155614,84.90972962891811,-26.080,-24.103,0.11,0.331,-0.382,127.0,21,0.0000,0.00
15:51:13,22.26344559155614,84.90972962891811,-26.063,-24.122,0.11,0.331,-0.382,127.1,21,0.0000,0.00
15:51:13,22.26344559155614,84.90972962891811,-26.047,-24.141,0.11,0.331,-0.382,127.1,21,0.0000,0.00
15:51:13,22.26344559155614,84.90972962891811,-25.985,-24.195,0.11,0.405,-0.438,127.1,21,0.0064,0.00
15:51:13,22.26344559155614,84.90972962891811,-25.964,-24.217,0.12,0.405,-0.438,127.1,21,0.0000,0.00
15:51:13,22.26344559155614,84.90972962891811,-25.944,-24.239,0.12,0.405,-0.438,127.2,21,0.0000,0.00
15:51:13,22.26344559155614,84.90972962891811,-25.924,-24.261,0.12,0.405,-0.438,127.2,21,0.0000,0.00
15:51:14,22.26344559155614,84.90972962891811,-25.903,-24.283,0.12,0.405,-0.438,127.2,21,0.0000,0.00
15:51:14,22.26344559155614,84.90972962891811,-25.883,-24.305,0.12,0.405,-0.438,127.2,21,0.0000,0.00
15:51:14,22.26344559155614,84.90972962891811,-25.862,-24.327,0.12,0.405,-0.438,127.2,21,0.0000,0.00
15:51:14,22.26344559155614,84.90972962891811,-25.842,-24.349,0.12,0.405,-0.438,127.2,21,0.0000,0.00
15:51:14,22.26344559155614,84.90972962891811,-25.822,-24.371,0.12,0.405,-0.438,127.2,21,0.0000,0.00
15:51:14,22.26344559155614,84.90972962891811,-25.801,-24.393,0.12,0.405,-0.438,127.1,21,0.0000,0.00
15:51:14,22.26344559155614,84.90972962891811,-25.781,-24.415,0.12,0.405,-0.438,127.1,21,0.0000,0.00
15:51:14,22.26344559155614,84.90972962891811,-25.761,-24.437,0.12,0.405,-0.438,127.1,21,0.0000,0.00
15:51:14,22.26344559155614,84.90972962891811,-25.740,-24.459,0.12,0.405,-0.438,127.1,21,0.0000,0.00
15:51:14,22.26344559155614,84.90972962891811,-25.720,-24.481,0.12,0.405,-0.438,127.1,21,0.0000,0.00
15:51:14,22.26344559155614,84.90972962891811,-25.699,-24.504,0.13,0.405,-0.438,127.1,21,0.0000,0.00
15:51:14,22.26344559155614,84.90972962891811,-25.679,-24.526,0.13,0.405,-0.438,127.2,21,0.0000,0.00
15:51:14,22.26344559155614,84.90972962891811,-25.659,-24.548,0.13,0.405,-0.438,127.2,21,0.0000,0.00
15:51:14,22.26344559155614,84.90972962891811,-25.638,-24.570,0.13,0.405,-0.438,127.2,21,0.0000,0.00
15:51:14,22.26344559155614,84.90972962891811,-25.618,-24.592,0.13,0.405,-0.438,127.2,21,0.0000,0.00
15:51:14,22.26344559155614,84.90972962891811,-25.597,-24.614,0.13,0.405,-0.438,127.2,21,0.0000,0.00
15:51:14,22.26344559155614,84.90972962891811,-25.577,-24.636,0.13,0.405,-0.438,127.2,21,0.0000,0.00
15:51:14,22.26344559155614,84.90972962891811,-25.529,-24.679,0.13,0.445,-0.468,127.2,21,0.0070,0.00
15:51:14,22.26344559155614,84.90972962891811,-25.507,-24.702,0.13,0.445,-0.468,127.2,21,0.0000,0.00
15:51:14,22.26344559155614,84.90972962891811,-25.484,-24.726,0.13,0.445,-0.468,127.1,21,0.0000,0.00
15:51:15,22.26344559155614,84.90972962891811,-25.462,-24.749,0.13,0.445,-0.468,127.1,21,0.0000,0.00
15:51:15,22.26344559155614,84.90972962891811,-25.440,-24.773,0.13,0.445,-0.468,127.0,21,0.0000,0.00
15:51:15,22.26344559155614,84.90972962891811,-25.417,-24.796,0.12,0.445,-0.468,127.0,21,0.0000,0.00
15:51:15,22.26344559155614,84.90972962891811,-25.395,-24.820,0.12,0.445,-0.468,127.0,21,0.0000,0.00
15:51:15,22.26344559155614,84.90972962891811,-25.373,-24.844,0.12,0.445,-0.468,127.1,21,0.0000,0.00
15:51:15,22.26344559155614,84.90972962891811,-25.350,-24.867,0.12,0.445,-0.468,127.1,21,0.0000,0.00
15:51:15,22.26344559155614,84.90972962891811,-25.328,-24.891,0.12,0.445,-0.468,127.1,21,0.0000,0.00
15:51:15,22.26344559155614,84.90972962891811,-25.314,-24.908,0.12,0.428,-0.455,127.1,21,0.0066,0.00
15:51:15,22.26344559155614,84.90972962891811,-25.292,-24.931,0.12,0.428,-0.455,127.2,21,0.0000,0.00
15:51:15,22.26344559155614,84.90972962891811,-25.271,-24.954,0.12,0.428,-0.455,127.1,21,0.0000,0.00
15:51:15,22.26344559155614,84.90972962891811,-25.249,-24.977,0.12,0.428,-0.455,127.1,21,0.0000,0.00
15:51:15,22.26344559155614,84.90972962891811,-25.228,-24.999,0.12,0.428,-0.455,127.1,21,0.0000,0.00
15:51:15,22.26344559155614,84.90972962891811,-25.206,-25.022,0.12,0.428,-0.455,127.1,21,0.0000,0.00
15:51:15,22.26344559155614,84.90972962891811,-25.184,-25.045,0.12,0.428,-0.455,127.0,21,0.0000,0.00
15:51:15,22.26344559155614,84.90972962891811,-25.163,-25.068,0.12,0.428,-0.455,127.0,21,0.0000,0.00
15:51:15,22.26344559155614,84.90972962891811,-25.141,-25.091,0.12,0.428,-0.455,126.9,21,0.0000,0.00
15:51:15,22.26344559155614,84.90972962891811,-25.120,-25.114,0.12,0.428,-0.455,126.9,21,0.0000,0.00
15:51:15,22.26344559155614,84.90972962891811,-25.089,-25.147,0.12,0.448,-0.477,126.9,21,0.0068,0.00
15:51:15,22.26344559155614,84.90972962891811,-25.066,-25.171,0.12,0.448,-0.477,126.9,21,0.0000,0.00
15:51:15,22.26344559155614,84.90972962891811,-25.044,-25.195,0.13,0.448,-0.477,126.9,21,0.0000,0.00
15:51:16,22.26344559155614,84.90972962891811,-25.021,-25.219,0.13,0.448,-0.477,126.9,21,0.0000,0.00
15:51:16,22.26344559155614,84.90972962891811,-24.999,-25.243,0.13,0.448,-0.477,126.9,21,0.0000,0.00
15:51:16,22.26344559155614,84.90972962891811,-24.974,-25.269,0.13,0.453,-0.483,126.9,21,0.0068,0.00
15:51:16,22.26344559155614,84.90972962891811,-24.951,-25.294,0.13,0.453,-0.483,126.9,21,0.0000,0.00
15:51:16,22.26344559155614,84.90972962891811,-24.929,-25.318,0.13,0.453,-0.483,127.0,21,0.0000,0.00
15:51:16,22.26344559155614,84.90972962891811,-24.906,-25.342,0.13,0.453,-0.483,127.0,21,0.0000,0.00
15:51:16,22.26344559155614,84.90972962891811,-24.883,-25.367,0.13,0.453,-0.483,127.1,21,0.0000,0.00
15:51:16,22.26344559155614,84.90972962891811,-24.860,-25.391,0.13,0.453,-0.483,127.1,21,0.0000,0.00
15:51:16,22.26344559155614,84.90972962891811,-24.837,-25.415,0.13,0.453,-0.483,127.1,23,0.0000,0.00
15:51:16,22.26344559155614,84.90972962891811,-24.791,-25.464,0.13,0.453,-0.483,127.2,23,0.0000,0.00
15:51:16,22.26344559155614,84.90972962891811,-24.769,-25.489,0.13,0.453,-0.483,127.2,23,0.0000,0.00
15:51:16,22.26344559155614,84.90972962891811,-24.751,-25.515,0.12,0.439,-0.488,127.2,23,0.0067,0.00
15:51:16,22.26344559155614,84.90972962891811,-24.729,-25.540,0.12,0.439,-0.488,127.2,23,0.0000,0.00
15:51:16,22.26344559155614,84.90972962891811,-24.707,-25.564,0.12,0.439,-0.488,127.2,23,0.0000,0.00
15:51:16,22.26344559155614,84.90972962891811,-24.685,-25.589,0.12,0.439,-0.488,127.2,23,0.0000,0.00
15:51:16,22.26344559155614,84.90972962891811,-24.663,-25.613,0.13,0.439,-0.488,127.2,22,0.0000,0.00
15:51:16,22.26344559155614,84.90972962891811,-24.641,-25.638,0.13,0.439,-0.488,127.4,22,0.0000,0.00
15:51:16,22.26344559155614,84.90972962891811,-24.618,-25.663,0.13,0.439,-0.488,127.4,22,0.0000,0.00
15:51:16,22.26344559155614,84.90972962891811,-24.596,-25.687,0.13,0.439,-0.488,129.1,22,0.0000,0.00
15:51:17,22.26344559155614,84.90972962891811,-24.574,-25.712,0.13,0.439,-0.488,130.9,22,0.0000,0.00
15:51:17,22.26344559155614,84.90972962891811,-24.552,-25.736,0.13,0.439,-0.488,135.5,22,0.0000,0.00
15:51:17,22.26344559155614,84.90972962891811,-24.530,-25.761,0.13,0.439,-0.488,135.5,22,0.0000,0.00
15:51:17,22.26344559155614,84.90972962891811,-24.508,-25.786,0.13,0.439,-0.488,138.2,22,0.0000,0.00
15:51:17,22.26344559155614,84.90972962891811,-24.486,-25.810,0.13,0.439,-0.488,141.0,22,0.0000,0.00
15:51:17,22.26344559155614,84.90972962891811,-24.464,-25.835,0.13,0.439,-0.488,143.9,22,0.0000,0.00
15:51:17,22.26344559155614,84.90972962891811,-24.441,-25.859,0.13,0.439,-0.488,150.0,22,0.0000,0.00
15:51:17,22.26344559155614,84.90972962891811,-24.419,-25.884,0.13,0.439,-0.488,150.0,22,0.0000,0.00
15:51:17,22.26344559155614,84.90972962891811,-24.397,-25.917,0.13,0.439,-0.503,153.2,22,0.0070,0.00
15:51:17,22.26344559155614,84.90972962891811,-24.375,-25.942,0.13,0.439,-0.503,156.1,23,0.0000,0.00
15:51:17,22.26344559155614,84.90972962891811,-24.353,-25.967,0.13,0.439,-0.503,160.8,23,0.0000,0.00
15:51:17,22.26344559155614,84.90972962891811,-24.331,-25.993,0.13,0.439,-0.503,160.8,23,0.0000,0.00
15:51:17,22.26344559155614,84.90972962891811,-24.309,-26.018,0.13,0.439,-0.503,162.7,23,0.0000,0.00
15:51:17,22.26344559155614,84.90972962891811,-24.322,-26.068,0.13,0.353,-0.563,164.3,23,0.0067,0.00
15:51:17,22.26344559155614,84.90972962891811,-24.304,-26.096,0.13,0.353,-0.563,166.7,23,0.0000,0.00
15:51:17,22.26344559155614,84.90972962891811,-24.286,-26.124,0.13,0.353,-0.563,166.7,23,0.0000,0.00
15:51:17,22.26344559155614,84.90972962891811,-24.268,-26.153,0.13,0.353,-0.563,167.4,23,0.0000,0.00
15:51:17,22.26344559155614,84.90972962891811,-24.251,-26.181,0.13,0.353,-0.563,167.8,23,0.0000,0.00
15:51:17,22.26344559155614,84.90972962891811,-24.277,-26.221,0.13,0.216,-0.599,168.3,23,0.0065,0.00
15:51:17,22.26344559155614,84.90972962891811,-24.266,-26.251,0.13,0.216,-0.599,168.3,23,0.0000,0.00
15:51:18,22.26344559155614,84.90972962891811,-24.255,-26.281,0.13,0.216,-0.599,168.4,23,0.0000,0.00
15:51:18,22.26344559155614,84.90972962891811,-24.245,-26.312,0.13,0.216,-0.599,168.5,23,0.0000,0.00
15:51:18,22.26344559155614,84.90972962891811,-24.234,-26.342,0.13,0.216,-0.599,168.6,23,0.0000,0.00
15:51:18,22.26344559155614,84.90972962891811,-24.223,-26.372,0.13,0.216,-0.599,168.6,23,0.0000,0.00
15:51:18,22.26344559155614,84.90972962891811,-24.212,-26.402,0.13,0.216,-0.599,168.6,23,0.0000,0.00
15:51:18,22.26344559155614,84.90972962891811,-24.201,-26.432,0.13,0.216,-0.599,168.6,23,0.0000,0.00
15:51:18,22.26344559155614,84.90972962891811,-24.190,-26.462,0.11,0.216,-0.599,168.6,23,0.0000,0.00
15:51:18,22.26344559155614,84.90972962891811,-24.179,-26.493,0.11,0.216,-0.599,168.6,23,0.0000,0.00
15:51:18,22.26344559155614,84.90972962891811,-24.169,-26.523,0.11,0.216,-0.599,168.6,23,0.0000,0.00
15:51:18,22.26344559155614,84.90972962891811,-24.158,-26.553,0.11,0.216,-0.599,168.7,23,0.0000,0.00
15:51:18,22.26344559155614,84.90972962891811,-24.147,-26.583,0.11,0.216,-0.599,169.3,23,0.0000,0.00
15:51:18,22.26344559155614,84.90972962891811,-24.136,-26.613,0.11,0.216,-0.599,169.3,23,0.0000,0.00
15:51:18,22.26344559155614,84.90972962891811,-24.125,-26.643,0.11,0.216,-0.599,170.6,23,0.0000,0.00
15:51:18,22.26344559155614,84.90972962891811,-24.114,-26.673,0.11,0.216,-0.599,172.4,23,0.0000,0.00
15:51:18,22.26344559155614,84.90972962891811,-24.103,-26.704,0.11,0.216,-0.599,177.1,23,0.0000,0.00
15:51:18,22.26344559155614,84.90972962891811,-24.093,-26.734,0.11,0.216,-0.599,177.1,23,0.0000,0.00
15:51:18,22.26344559155614,84.90972962891811,-24.082,-26.764,0.11,0.216,-0.599,179.8,23,0.0000,0.00
15:51:18,22.26344559155614,84.90972962891811,-24.071,-26.794,0.11,0.216,-0.599,-174.4,23,0.0000,0.00
15:51:18,22.26344559155614,84.90972962891811,-24.060,-26.824,0.11,0.216,-0.599,-171.4,23,0.0000,0.00
15:51:18,22.26344559155614,84.90972962891811,-24.149,-26.878,0.11,0.055,-0.638,-171.4,23,0.0065,0.00
15:51:19,22.26344559155614,84.90972962891811,-24.146,-26.910,0.11,0.055,-0.638,-168.3,23,0.0000,0.00
15:51:19,22.26344559155614,84.90972962891811,-24.143,-26.943,0.11,0.055,-0.638,-161.9,23,0.0000,0.00
15:51:19,22.26344559155614,84.90972962891811,-24.141,-26.975,0.11,0.055,-0.638,-158.5,23,0.0000,0.00
15:51:19,22.26344559155614,84.90972962891811,-24.138,-27.007,0.10,0.055,-0.638,-158.5,23,0.0000,0.00
15:51:19,22.26344559155614,84.90972962891811,-24.135,-27.039,0.10,0.055,-0.638,-155.2,23,0.0000,0.00
15:51:19,22.26344559155614,84.90972962891811,-24.132,-27.071,0.10,0.055,-0.638,-148.3,23,0.0000,0.00
15:51:19,22.26344559155614,84.90972962891811,-24.130,-27.103,0.10,0.055,-0.638,-144.9,23,0.0000,0.00
15:51:19,22.26344559155614,84.90972962891811,-24.127,-27.135,0.10,0.055,-0.638,-144.9,23,0.0000,0.00
15:51:19,22.26344559155614,84.90972962891811,-24.124,-27.167,0.10,0.055,-0.638,-141.3,23,0.0000,0.00
15:51:19,22.26344559155614,84.90972962891811,-24.230,-27.198,0.10,-0.166,-0.634,-137.7,23,0.0067,0.00
15:51:19,22.26344559155614,84.90972962891811,-24.239,-27.230,0.10,-0.166,-0.634,-130.3,23,0.0000,0.00
15:51:19,22.26344559155614,84.90972962891811,-24.247,-27.262,0.10,-0.166,-0.634,-130.3,23,0.0000,0.00
15:51:19,22.26344559155614,84.90972962891811,-24.255,-27.294,0.10,-0.166,-0.634,-126.6,23,0.0000,0.00
15:51:19,22.26344559155614,84.90972962891811,-24.264,-27.325,0.10,-0.166,-0.634,-122.9,23,0.0000,0.00
15:51:19,22.26344559155614,84.90972962891811,-24.332,-27.329,0.10,-0.324,-0.560,-115.2,23,0.0063,0.00
15:51:19,22.26344559155614,84.90972962891811,-24.349,-27.357,0.10,-0.324,-0.560,-115.2,23,0.0000,0.00
15:51:19,22.26344559155614,84.90972962891811,-24.365,-27.386,0.10,-0.324,-0.560,-111.3,23,0.0000,0.00
15:51:19,22.26344559155614,84.90972962891811,-24.381,-27.414,0.10,-0.324,-0.560,-103.4,23,0.0000,0.00
15:51:19,22.26344559155614,84.90972962891811,-24.398,-27.442,0.10,-0.324,-0.560,-99.5,23,0.0000,0.00
15:51:19,22.26344559155614,84.90972962891811,-24.445,-27.432,0.10,-0.424,-0.436,-99.5,23,0.0056,0.00
15:51:20,22.26344559155614,84.90972962891811,-24.466,-27.454,0.10,-0.424,-0.436,-95.6,23,0.0000,0.00
15:51:20,22.26344559155614,84.90972962891811,-24.488,-27.476,0.10,-0.424,-0.436,-87.6,23,0.0000,0.00
15:51:20,22.26344559155614,84.90972962891811,-24.509,-27.498,0.10,-0.424,-0.436,-83.6,23,0.0000,0.00
15:51:20,22.26344559155614,84.90972962891811,-24.530,-27.520,0.10,-0.424,-0.436,-83.6,23,0.0000,0.00
15:51:20,22.26344559155614,84.90972962891811,-24.552,-27.542,0.11,-0.424,-0.436,-79.6,23,0.0000,0.00
15:51:20,22.26344559155614,84.90972962891811,-24.573,-27.564,0.11,-0.424,-0.436,-71.6,23,0.0000,0.00
15:51:20,22.26344559155614,84.90972962891811,-24.594,-27.586,0.11,-0.424,-0.436,-67.7,23,0.0000,0.00
15:51:20,22.26344559155614,84.90972962891811,-24.616,-27.608,0.11,-0.424,-0.436,-67.7,23,0.0000,0.00
15:51:20,22.26344559155614,84.90972962891811,-24.637,-27.630,0.08,-0.424,-0.436,-63.7,23,0.0000,0.00
15:51:20,22.26344559155614,84.90972962891811,-24.658,-27.652,0.08,-0.424,-0.436,-56.1,23,0.0000,0.00
15:51:20,22.26344559155614,84.90972962891811,-24.680,-27.673,0.08,-0.424,-0.436,-52.7,23,0.0000,0.00
15:51:20,22.26344559155614,84.90972962891811,-24.701,-27.695,0.08,-0.424,-0.436,-52.7,23,0.0000,0.00
15:51:20,22.26344559155614,84.90972962891811,-24.722,-27.717,0.08,-0.424,-0.436,-49.8,23,0.0000,0.00
15:51:20,22.26344559155614,84.90972962891811,-24.744,-27.739,0.08,-0.424,-0.436,-46.0,23,0.0000,0.00
15:51:20,22.26344559155614,84.90972962891811,-24.765,-27.761,0.08,-0.424,-0.436,-44.9,23,0.0000,0.00
15:51:20,22.26344559155614,84.90972962891811,-24.786,-27.783,0.08,-0.424,-0.436,-44.9,23,0.0000,0.00
15:51:20,22.26344559155614,84.90972962891811,-24.808,-27.805,0.09,-0.424,-0.436,-43.9,23,0.0000,0.00
15:51:20,22.26344559155614,84.90972962891811,-24.829,-27.827,0.09,-0.424,-0.436,-42.1,23,0.0000,0.00
15:51:20,22.26344559155614,84.90972962891811,-24.850,-27.849,0.09,-0.424,-0.436,-41.3,23,0.0000,0.00
15:51:20,22.26344559155614,84.90972962891811,-24.872,-27.871,0.09,-0.424,-0.436,-41.3,23,0.0000,0.00
15:51:21,22.26344559155614,84.90972962891811,-24.893,-27.893,0.09,-0.424,-0.436,-39.8,23,0.0000,0.00
15:51:21,22.26344559155614,84.90972962891811,-24.828,-27.512,0.09,-0.290,0.194,-39.2,23,0.0042,0.00
15:51:21,22.26344559155614,84.90972962891811,-24.843,-27.502,0.09,-0.290,0.194,-39.2,23,0.0000,0.00
15:51:21,22.26344559155614,84.90972962891811,-24.858,-27.492,0.09,-0.290,0.194,-38.8,23,0.0000,0.00
15:51:21,22.26344559155614,84.90972962891811,-24.872,-27.482,0.09,-0.290,0.194,-38.2,23,0.0000,0.00
15:51:21,22.26344559155614,84.90972962891811,-24.887,-27.473,0.09,-0.290,0.194,-38.1,23,0.0000,0.00
15:51:21,22.26344559155614,84.90972962891811,-24.902,-27.463,0.09,-0.290,0.194,-38.1,23,0.0000,0.00
15:51:21,22.26344559155614,84.90972962891811,-24.916,-27.453,0.09,-0.290,0.194,-38.1,23,0.0000,0.00
15:51:21,22.26344559155614,84.90972962891811,-24.931,-27.443,0.09,-0.290,0.194,-38.2,23,0.0000,0.00
15:51:21,22.26344559155614,84.90972962891811,-24.945,-27.433,0.10,-0.290,0.194,-38.4,23,0.0000,0.00
15:51:21,22.26344559155614,84.90972962891811,-24.960,-27.424,0.10,-0.290,0.194,-38.4,23,0.0000,0.00
15:51:21,22.26344559155614,84.90972962891811,-24.975,-27.414,0.10,-0.290,0.194,-38.9,23,0.0000,0.00
15:51:21,22.26344559155614,84.90972962891811,-24.989,-27.404,0.10,-0.290,0.194,-39.2,23,0.0000,0.00
15:51:21,22.26344559155614,84.90972962891811,-25.004,-27.394,0.10,-0.290,0.194,-39.5,23,0.0000,0.00
15:51:21,22.26344559155614,84.90972962891811,-25.018,-27.385,0.10,-0.290,0.194,-39.5,23,0.0000,0.00
15:51:21,22.26344559155614,84.90972962891811,-25.033,-27.375,0.10,-0.290,0.194,-40.1,23,0.0000,0.00
15:51:21,22.26344559155614,84.90972962891811,-25.048,-27.365,0.10,-0.290,0.194,-40.5,23,0.0000,0.00
15:51:21,22.26344559155614,84.90972962891811,-25.062,-27.355,0.10,-0.290,0.194,-40.8,23,0.0000,0.00
15:51:21,22.26344559155614,84.90972962891811,-25.077,-27.346,0.11,-0.290,0.194,-40.8,23,0.0000,0.00
15:51:21,22.26344559155614,84.90972962891811,-25.091,-27.336,0.11,-0.290,0.194,-41.6,23,0.0000,0.00
15:51:22,22.26344559155614,84.90972962891811,-25.106,-27.326,0.11,-0.290,0.194,-41.9,23,0.0000,0.00
15:51:22,22.26344559155614,84.90972962891811,-25.121,-27.316,0.11,-0.290,0.194,-42.2,23,0.0000,0.00
15:51:22,22.26344559155614,84.90972962891811,-25.135,-27.307,0.13,-0.290,0.194,-42.6,23,0.0000,0.00
15:51:22,22.26344559155614,84.90972962891811,-25.150,-27.297,0.13,-0.290,0.194,-42.6,23,0.0000,0.00
15:51:22,22.26344559155614,84.90972962891811,-25.164,-27.287,0.13,-0.290,0.194,-43.2,23,0.0000,0.00
15:51:22,22.26344559155614,84.90972962891811,-25.179,-27.277,0.13,-0.290,0.194,-43.5,23,0.0000,0.00
15:51:22,22.26344559155614,84.90972962891811,-25.193,-27.268,0.13,-0.290,0.194,-43.5,23,0.0000,0.00
15:51:22,22.26344559155614,84.90972962891811,-25.208,-27.258,0.13,-0.290,0.194,-43.9,23,0.0000,0.00
15:51:22,22.26344559155614,84.90972962891811,-25.223,-27.248,0.13,-0.290,0.194,-44.1,23,0.0000,0.00
15:51:22,22.26344559155614,84.90972962891811,-25.237,-27.238,0.13,-0.290,0.194,-44.3,23,0.0000,0.00
15:51:22,22.26344559155614,84.90972962891811,-25.252,-27.229,0.13,-0.290,0.194,-44.5,23,0.0000,0.00
15:51:22,22.26344559155614,84.90972962891811,-25.266,-27.219,0.13,-0.290,0.194,-44.5,23,0.0000,0.00
15:51:22,22.26344559155614,84.90972962891811,-25.281,-27.209,0.13,-0.290,0.194,-44.6,23,0.0000,0.00
15:51:22,22.26344559155614,84.90972962891811,-25.296,-27.199,0.13,-0.290,0.194,-44.6,23,0.0000,0.00
15:51:22,22.26344559155614,84.90972962891811,-25.310,-27.190,0.14,-0.290,0.194,-44.7,23,0.0000,0.00
15:51:22,22.26344559155614,84.90972962891811,-25.325,-27.180,0.14,-0.290,0.194,-44.7,23,0.0000,0.00
15:51:22,22.26344559155614,84.90972962891811,-25.339,-27.170,0.14,-0.290,0.194,-44.8,23,0.0000,0.00
15:51:22,22.26344559155614,84.90972962891811,-25.354,-27.160,0.14,-0.290,0.194,-44.8,23,0.0000,0.00
15:51:22,22.26344559155614,84.90972962891811,-25.369,-27.151,0.14,-0.290,0.194,-44.9,23,0.0000,0.00
15:51:22,22.26344559155614,84.90972962891811,-25.383,-27.141,0.14,-0.290,0.194,-44.9,23,0.0000,0.00
15:51:23,22.26344559155614,84.90972962891811,-25.398,-27.131,0.14,-0.290,0.194,-44.9,23,0.0000,0.00
15:51:23,22.26344559155614,84.90972962891811,-25.412,-27.121,0.14,-0.290,0.194,-45.0,23,0.0000,0.00
15:51:23,22.26344559155614,84.90972962891811,-25.427,-27.112,0.14,-0.290,0.194,-45.1,23,0.0000,0.00
15:51:23,22.26344559155614,84.90972962891811,-25.442,-27.102,0.15,-0.290,0.194,-45.1,23,0.0000,0.00
15:51:23,22.26344559155614,84.90972962891811,-25.456,-27.092,0.15,-0.290,0.194,-45.2,23,0.0000,0.00
15:51:23,22.26344559155614,84.90972962891811,-25.471,-27.082,0.15,-0.290,0.194,-45.2,23,0.0000,0.00
15:51:23,22.26344559155614,84.90972962891811,-25.485,-27.072,0.15,-0.290,0.194,-45.2,23,0.0000,0.00
15:51:23,22.26344559155614,84.90972962891811,-25.624,-26.833,0.15,-0.386,0.372,-45.2,23,0.0057,0.00
15:51:23,22.26344559155614,84.90972962891811,-25.643,-26.815,0.15,-0.386,0.372,-45.2,23,0.0000,0.00
15:51:23,22.26344559155614,84.90972962891811,-25.663,-26.796,0.15,-0.386,0.372,-45.2,23,0.0000,0.00
15:51:23,22.26344559155614,84.90972962891811,-25.682,-26.777,0.15,-0.386,0.372,-45.2,23,0.0000,0.00
15:51:23,22.26344559155614,84.90972962891811,-25.702,-26.758,0.16,-0.386,0.372,-45.2,23,0.0000,0.00
15:51:23,22.26344559155614,84.90972962891811,-25.721,-26.740,0.16,-0.386,0.372,-45.3,23,0.0000,0.00
15:51:23,22.26344559155614,84.90972962891811,-25.741,-26.721,0.16,-0.386,0.372,-45.3,23,0.0000,0.00
15:51:23,22.26344559155614,84.90972962891811,-25.760,-26.702,0.16,-0.386,0.372,-45.3,23,0.0000,0.00
15:51:23,22.26344559155614,84.90972962891811,-25.779,-26.683,0.16,-0.386,0.372,-45.4,23,0.0000,0.00
15:51:23,22.26344559155614,84.90972962891811,-25.799,-26.665,0.16,-0.386,0.372,-45.4,23,0.0000,0.00
15:51:23,22.26344559155614,84.90972962891811,-25.809,-26.570,0.16,-0.373,0.477,-45.5,23,0.0063,0.00
15:51:23,22.26344559155614,84.90972962891811,-25.827,-26.546,0.16,-0.373,0.477,-45.5,23,0.0000,0.00
15:51:24,22.26344559155614,84.90972962891811,-25.846,-26.522,0.16,-0.373,0.477,-45.5,23,0.0000,0.00
15:51:24,22.26344559155614,84.90972962891811,-25.865,-26.498,0.16,-0.373,0.477,-45.6,23,0.0000,0.00
15:51:24,22.26344559155614,84.90972962891811,-25.884,-26.474,0.16,-0.373,0.477,-46.4,23,0.0000,0.00
15:51:24,22.26344559155614,84.90972962891811,-25.902,-26.450,0.16,-0.373,0.477,-46.4,23,0.0000,0.00
15:51:24,22.26344559155614,84.90972962891811,-25.921,-26.426,0.16,-0.373,0.477,-47.5,23,0.0000,0.00
15:51:24,22.26344559155614,84.90972962891811,-25.940,-26.402,0.16,-0.373,0.477,-49.1,23,0.0000,0.00
15:51:24,22.26344559155614,84.90972962891811,-25.959,-26.378,0.16,-0.373,0.477,-49.1,23,0.0000,0.00
15:51:24,22.26344559155614,84.90972962891811,-25.978,-26.354,0.16,-0.373,0.477,-52.9,23,0.0000,0.00
15:51:24,22.26344559155614,84.90972962891811,-25.996,-26.330,0.16,-0.373,0.477,-54.5,23,0.0000,0.00
15:51:24,22.26344559155614,84.90972962891811,-26.015,-26.306,0.15,-0.373,0.477,-56.8,23,0.0000,0.00
15:51:24,22.26344559155614,84.90972962891811,-26.034,-26.282,0.15,-0.373,0.477,-56.8,23,0.0000,0.00
15:51:24,22.26344559155614,84.90972962891811,-26.053,-26.258,0.15,-0.373,0.477,-57.6,23,0.0000,0.00
15:51:24,22.26344559155614,84.90972962891811,-26.071,-26.234,0.15,-0.373,0.477,-58.3,23,0.0000,0.00
15:51:24,22.26344559155614,84.90972962891811,-26.090,-26.210,0.15,-0.373,0.477,-59.0,23,0.0000,0.00
15:51:24,22.26344559155614,84.90972962891811,-26.109,-26.186,0.15,-0.373,0.477,-59.0,23,0.0000,0.00
15:51:24,22.26344559155614,84.90972962891811,-26.128,-26.162,0.15,-0.373,0.477,-58.9,23,0.0000,0.00
15:51:24,22.26344559155614,84.90972962891811,-26.146,-26.138,0.15,-0.373,0.477,-58.8,23,0.0000,0.00
15:51:24,22.26344559155614,84.90972962891811,-26.165,-26.114,0.15,-0.373,0.477,-58.4,23,0.0000,0.00
15:51:24,22.26344559155614,84.90972962891811,-26.184,-26.090,0.15,-0.373,0.477,-58.4,22,0.0000,0.00
15:51:24,22.26344559155614,84.90972962891811,-26.203,-26.066,0.15,-0.373,0.477,-58.3,22,0.0000,0.00
15:51:25,22.26344559155614,84.90972962891811,-26.221,-26.042,0.15,-0.373,0.477,-58.1,22,0.0000,0.00
15:51:25,22.26344559155614,84.90972962891811,-26.240,-26.018,0.15,-0.373,0.477,-57.8,22,0.0000,0.00
15:51:25,22.26344559155614,84.90972962891811,-26.259,-25.994,0.16,-0.373,0.477,-57.8,22,0.0000,0.00
15:51:25,22.26344559155614,84.90972962891811,-26.278,-25.970,0.16,-0.373,0.477,-57.7,22,0.0000,0.00
15:51:25,22.26344559155614,84.90972962891811,-26.297,-25.946,0.16,-0.373,0.477,-57.6,22,0.0000,0.00
15:51:25,22.26344559155614,84.90972962891811,-26.315,-25.922,0.16,-0.373,0.477,-57.3,22,0.0000,0.00
15:51:25,22.26344559155614,84.90972962891811,-26.334,-25.898,0.16,-0.373,0.477,-57.3,22,0.0000,0.00
15:51:25,22.26344559155614,84.90972962891811,-26.353,-25.874,0.16,-0.373,0.477,-57.1,22,0.0000,0.00
15:51:25,22.26344559155614,84.90972962891811,-26.372,-25.850,0.16,-0.373,0.477,-56.9,22,0.0000,0.00
15:51:25,22.26344559155614,84.90972962891811,-26.466,-25.878,0.16,-0.454,0.420,-56.6,22,0.0064,0.00
15:51:25,22.26344559155614,84.90972962891811,-26.489,-25.857,0.16,-0.454,0.420,-56.6,22,0.0000,0.00
15:51:25,22.26344559155614,84.90972962891811,-26.512,-25.836,0.17,-0.454,0.420,-56.5,22,0.0000,0.00
15:51:25,22.26344559155614,84.90972962891811,-26.534,-25.815,0.17,-0.454,0.420,-56.4,22,0.0000,0.00
15:51:25,22.26344559155614,84.90972962891811,-26.557,-25.794,0.17,-0.454,0.420,-56.1,22,0.0000,0.00
15:51:25,22.26344559155614,84.90972962891811,-26.602,-25.803,0.17,-0.491,0.370,-56.1,22,0.0064,0.00
15:51:25,22.26344559155614,84.90972962891811,-26.627,-25.784,0.16,-0.491,0.370,-56.1,22,0.0000,0.00
15:51:25,22.26344559155614,84.90972962891811,-26.652,-25.766,0.16,-0.491,0.370,-56.1,22,0.0000,0.00
15:51:25,22.26344559155614,84.90972962891811,-26.677,-25.747,0.16,-0.491,0.370,-56.2,22,0.0000,0.00
15:51:25,22.26344559155614,84.90972962891811,-26.701,-25.728,0.16,-0.491,0.370,-56.2,22,0.0000,0.00
15:51:25,22.26344559155614,84.90972962891811,-26.719,-25.691,0.16,-0.473,0.416,-56.2,22,0.0065,0.00
15:51:26,22.26344559155614,84.90972962891811,-26.742,-25.670,0.16,-0.473,0.416,-56.3,22,0.0000,0.00
15:51:26,22.26344559155614,84.90972962891811,-26.766,-25.649,0.16,-0.473,0.416,-56.4,22,0.0000,0.00
15:51:26,22.26344559155614,84.90972962891811,-26.790,-25.628,0.16,-0.473,0.416,-56.4,22,0.0000,0.00
15:51:26,22.26344559155614,84.90972962891811,-26.814,-25.607,0.14,-0.473,0.416,-56.5,22,0.0000,0.00
15:51:26,22.26344559155614,84.90972962891811,-26.834,-25.590,0.14,-0.461,0.403,-56.6,22,0.0063,0.00
15:51:26,22.26344559155614,84.90972962891811,-26.857,-25.570,0.14,-0.461,0.403,-56.8,22,0.0000,0.00
15:51:26,22.26344559155614,84.90972962891811,-26.881,-25.550,0.14,-0.461,0.403,-56.8,22,0.0000,0.00
15:51:26,22.26344559155614,84.90972962891811,-26.904,-25.529,0.14,-0.461,0.403,-56.9,22,0.0000,0.00
15:51:26,22.26344559155614,84.90972962891811,-26.927,-25.509,0.14,-0.461,0.403,-57.4,22,0.0000,0.00
15:51:26,22.26344559155614,84.90972962891811,-26.947,-25.491,0.14,-0.450,0.394,-57.6,22,0.0061,0.00
15:51:26,22.26344559155614,84.90972962891811,-26.970,-25.471,0.14,-0.450,0.394,-57.6,22,0.0000,0.00
15:51:26,22.26344559155614,84.90972962891811,-26.993,-25.452,0.14,-0.450,0.394,-57.9,22,0.0000,0.00
15:51:26,22.26344559155614,84.90972962891811,-27.015,-25.432,0.15,-0.450,0.394,-58.4,22,0.0000,0.00
15:51:26,22.26344559155614,84.90972962891811,-27.038,-25.412,0.15,-0.450,0.394,-58.6,22,0.0000,0.00
15:51:26,22.26344559155614,84.90972962891811,-27.061,-25.392,0.15,-0.450,0.394,-58.6,22,0.0000,0.00
15:51:26,22.26344559155614,84.90972962891811,-27.083,-25.372,0.15,-0.450,0.394,-58.7,22,0.0000,0.00
15:51:26,22.26344559155614,84.90972962891811,-27.106,-25.352,0.15,-0.450,0.394,-59.1,23,0.0000,0.00
15:51:26,22.26344559155614,84.90972962891811,-27.129,-25.332,0.15,-0.450,0.394,-59.2,23,0.0000,0.00
15:51:26,22.26344559155614,84.90972962891811,-27.151,-25.313,0.15,-0.450,0.394,-59.2,23,0.0000,0.00
15:51:26,22.26344559155614,84.90972962891811,-27.174,-25.293,0.15,-0.450,0.394,-59.3,23,0.0000,0.00
15:51:27,22.26344559155614,84.90972962891811,-27.197,-25.273,0.15,-0.450,0.394,-59.4,23,0.0000,0.00
15:51:27,22.26344559155614,84.90972962891811,-27.219,-25.253,0.15,-0.450,0.394,-59.4,23,0.0000,0.00
15:51:27,22.26344559155614,84.90972962891811,-27.242,-25.233,0.15,-0.450,0.394,-59.4,23,0.0000,0.00
15:51:27,22.26344559155614,84.90972962891811,-27.265,-25.213,0.15,-0.450,0.394,-59.4,23,0.0000,0.00
15:51:27,22.26344559155614,84.90972962891811,-27.287,-25.194,0.17,-0.450,0.394,-59.3,23,0.0000,0.00
15:51:27,22.26344559155614,84.90972962891811,-27.310,-25.174,0.17,-0.450,0.394,-59.3,23,0.0000,0.00
15:51:27,22.26344559155614,84.90972962891811,-27.333,-25.154,0.17,-0.450,0.394,-59.3,23,0.0000,0.00
15:51:27,22.26344559155614,84.90972962891811,-27.355,-25.134,0.17,-0.450,0.394,-59.3,23,0.0000,0.00
15:51:27,22.26344559155614,84.90972962891811,-27.378,-25.114,0.17,-0.450,0.394,-59.3,23,0.0000,0.00
15:51:27,22.26344559155614,84.90972962891811,-27.401,-25.094,0.16,-0.450,0.394,-59.3,23,0.0000,0.00
15:51:27,22.26344559155614,84.90972962891811,-27.423,-25.075,0.16,-0.450,0.394,-59.3,23,0.0000,0.00
15:51:27,22.26344559155614,84.90972962891811,-27.446,-25.055,0.16,-0.450,0.394,-59.5,23,0.0000,0.00
15:51:27,22.26344559155614,84.90972962891811,-27.469,-25.035,0.16,-0.450,0.394,-59.6,23,0.0000,0.00
15:51:27,22.26344559155614,84.90972962891811,-27.491,-25.015,0.16,-0.450,0.394,-59.7,23,0.0000,0.00
15:51:27,22.26344559155614,84.90972962891811,-27.514,-24.995,0.16,-0.450,0.394,-59.7,23,0.0000,0.00
15:51:27,22.26344559155614,84.90972962891811,-27.575,-25.035,0.16,-0.502,0.312,-59.7,23,0.0061,0.00
15:51:27,22.26344559155614,84.90972962891811,-27.601,-25.019,0.16,-0.502,0.312,-59.7,23,0.0000,0.00
15:51:27,22.26344559155614,84.90972962891811,-27.626,-25.004,0.16,-0.502,0.312,-59.6,23,0.0000,0.00
15:51:27,22.26344559155614,84.90972962891811,-27.651,-24.988,0.16,-0.502,0.312,-59.6,23,0.0000,0.00
15:51:28,22.26344559155614,84.90972962891811,-27.676,-24.972,0.16,-0.502,0.312,-59.6,23,0.0000,0.00
15:51:28,22.26344559155614,84.90972962891811,-27.701,-24.962,0.16,-0.501,0.301,-59.4,23,0.0062,0.00
15:51:28,22.26344559155614,84.90972962891811,-27.727,-24.947,0.17,-0.501,0.301,-59.3,23,0.0000,0.00
15:51:28,22.26344559155614,84.90972962891811,-27.752,-24.932,0.17,-0.501,0.301,-59.3,23,0.0000,0.00
15:51:28,22.26344559155614,84.90972962891811,-27.777,-24.917,0.17,-0.501,0.301,-58.9,23,0.0000,0.00
15:51:28,22.26344559155614,84.90972962891811,-27.802,-24.901,0.17,-0.501,0.301,-58.7,23,0.0000,0.00
15:51:28,22.26344559155614,84.90972962891811,-27.828,-24.886,0.17,-0.501,0.303,-58.7,23,0.0062,0.00
15:51:28,22.26344559155614,84.90972962891811,-27.853,-24.870,0.17,-0.501,0.303,-58.5,23,0.0000,0.00
15:51:28,22.26344559155614,84.90972962891811,-27.878,-24.855,0.17,-0.501,0.303,-58.3,23,0.0000,0.00
15:51:28,22.26344559155614,84.90972962891811,-27.904,-24.840,0.17,-0.501,0.303,-58.2,23,0.0000,0.00
15:51:28,22.26344559155614,84.90972962891811,-27.929,-24.824,0.17,-0.501,0.303,-58.1,23,0.0000,0.00
15:51:28,22.26344559155614,84.90972962891811,-27.954,-24.809,0.16,-0.501,0.303,-58.1,22,0.0000,0.00
15:51:28,22.26344559155614,84.90972962891811,-27.979,-24.794,0.16,-0.501,0.303,-58.0,22,0.0000,0.00
15:51:28,22.26344559155614,84.90972962891811,-28.005,-24.778,0.16,-0.501,0.303,-58.0,22,0.0000,0.00
15:51:28,22.26344559155614,84.90972962891811,-28.030,-24.763,0.16,-0.501,0.303,-58.0,22,0.0000,0.00
15:51:28,22.26344559155614,84.90972962891811,-28.055,-24.748,0.16,-0.501,0.303,-58.0,22,0.0000,0.00
15:51:28,22.26344559155614,84.90972962891811,-28.080,-24.733,0.16,-0.501,0.303,-57.9,22,0.0000,0.00
15:51:28,22.26344559155614,84.90972962891811,-28.106,-24.717,0.16,-0.501,0.303,-57.8,22,0.0000,0.00
15:51:28,22.26344559155614,84.90972962891811,-28.131,-24.702,0.16,-0.501,0.303,-57.7,22,0.0000,0.00
15:51:28,22.26344559155614,84.90972962891811,-28.156,-24.687,0.15,-0.501,0.303,-57.7,22,0.0000,0.00
15:51:29,22.26344559155614,84.90972962891811,-28.181,-24.671,0.15,-0.501,0.303,-57.5,22,0.0000,0.00
15:51:29,22.26344559155614,84.90972962891811,-28.207,-24.656,0.15,-0.501,0.303,-57.5,22,0.0000,0.00
15:51:29,22.26344559155614,84.90972962891811,-28.232,-24.641,0.15,-0.501,0.303,-57.4,22,0.0000,0.00
15:51:29,22.26344559155614,84.90972962891811,-28.257,-24.626,0.15,-0.501,0.303,-57.4,22,0.0000,0.00
15:51:29,22.26344559155614,84.90972962891811,-28.283,-24.610,0.15,-0.501,0.303,-57.5,22,0.0000,0.00
15:51:29,22.26344559155614,84.90972962891811,-28.308,-24.595,0.15,-0.501,0.303,-57.5,22,0.0000,0.00
15:51:29,22.26344559155614,84.90972962891811,-28.333,-24.580,0.15,-0.501,0.303,-57.5,22,0.0000,0.00
15:51:29,22.26344559155614,84.90972962891811,-28.358,-24.564,0.15,-0.501,0.303,-57.5,22,0.0000,0.00
15:51:29,22.26344559155614,84.90972962891811,-28.384,-24.549,0.15,-0.501,0.303,-57.5,22,0.0000,0.00
15:51:29,22.26344559155614,84.90972962891811,-28.409,-24.534,0.15,-0.501,0.303,-57.5,22,0.0000,0.00
15:51:29,22.26344559155614,84.90972962891811,-28.434,-24.519,0.15,-0.501,0.303,-57.5,22,0.0000,0.00
15:51:29,22.26344559155614,84.90972962891811,-28.459,-24.503,0.15,-0.501,0.303,-57.5,22,0.0000,0.00
15:51:29,22.26344559155614,84.90972962891811,-28.503,-24.467,0.16,-0.525,0.332,-57.5,22,0.0066,0.00
15:51:29,22.26344559155614,84.90972962891811,-28.529,-24.450,0.16,-0.525,0.332,-57.5,22,0.0000,0.00
15:51:29,22.26344559155614,84.90972962891811,-28.556,-24.434,0.16,-0.525,0.332,-57.5,22,0.0000,0.00
15:51:29,22.26344559155614,84.90972962891811,-28.582,-24.417,0.16,-0.525,0.332,-57.5,22,0.0000,0.00
15:51:29,22.26344559155614,84.90972962891811,-28.608,-24.400,0.16,-0.525,0.332,-57.4,22,0.0000,0.00
15:51:29,22.26344559155614,84.90972962891811,-28.627,-24.387,0.16,-0.511,0.325,-57.4,22,0.0063,0.00
15:51:29,22.26344559155614,84.90972962891811,-28.653,-24.371,0.16,-0.511,0.325,-57.2,22,0.0000,0.00
15:51:29,22.26344559155614,84.90972962891811,-28.679,-24.354,0.16,-0.511,0.325,-57.0,22,0.0000,0.00
15:51:30,22.26344559155614,84.90972962891811,-28.705,-24.338,0.16,-0.511,0.325,-57.0,22,0.0000,0.00
15:51:30,22.26344559155614,84.90972962891811,-28.730,-24.322,0.16,-0.511,0.325,-56.6,22,0.0000,0.00
15:51:30,22.26344559155614,84.90972962891811,-28.756,-24.305,0.16,-0.511,0.325,-56.4,22,10.0005,0.00
15:51:30,22.26344559155614,84.90972962891811,-28.782,-24.289,0.16,-0.511,0.325,-56.3,22,0.0000,0.00
15:51:30,22.26344559155614,84.90972962891811,-28.808,-24.273,0.16,-0.511,0.325,-56.3,22,0.0000,0.00
15:51:30,22.26344559155614,84.90972962891811,-28.833,-24.256,0.16,-0.511,0.325,-56.1,22,0.0000,0.00
15:51:30,22.26344559155614,84.90972962891811,-28.859,-24.240,0.16,-0.511,0.325,-56.1,22,0.0000,0.00
15:51:30,22.26344559155614,84.90972962891811,-28.885,-24.223,0.16,-0.511,0.325,-56.1,22,10.0005,0.00
15:51:30,22.26344559155614,84.90972962891811,-28.911,-24.207,0.16,-0.511,0.325,-56.1,22,0.0000,0.00
15:51:30,22.26344559155614,84.90972962891811,-28.936,-24.191,0.14,-0.511,0.325,-56.1,22,0.0000,0.00
15:51:30,22.26344559155614,84.90972962891811,-28.962,-24.174,0.14,-0.511,0.325,-56.1,22,0.0000,0.00
15:51:30,22.26344559155614,84.90972962891811,-28.988,-24.158,0.14,-0.511,0.325,-56.1,22,0.0000,0.00
15:51:30,22.26344559155614,84.90972962891811,-29.014,-24.142,0.14,-0.511,0.325,-56.1,22,0.0000,0.00
15:51:30,22.26344559155614,84.90972962891811,-29.039,-24.125,0.14,-0.511,0.325,-56.1,22,0.0000,0.00
15:51:30,22.26344559155614,84.90972962891811,-29.065,-24.109,0.14,-0.511,0.325,-56.1,22,0.0000,0.00
15:51:30,22.26344559155614,84.90972962891811,-29.091,-24.093,0.14,-0.511,0.325,-56.2,22,0.0000,0.00
15:51:30,22.26344559155614,84.90972962891811,-29.117,-24.076,0.14,-0.511,0.325,-56.2,22,0.0000,0.00
15:51:30,22.26344559155614,84.90972962891811,-29.142,-24.060,0.14,-0.511,0.325,-56.2,22,0.0000,0.00
15:51:30,22.26344559155614,84.90972962891811,-29.168,-24.043,0.13,-0.511,0.325,-56.2,22,0.0000,0.00
15:51:30,22.26344559155614,84.90972962891811,-29.194,-24.027,0.13,-0.511,0.325,-56.2,22,0.0000,0.00
15:51:31,22.26344559155614,84.90972962891811,-29.246,-23.994,0.13,-0.511,0.325,-56.2,22,0.0000,0.00
15:51:31,22.26344559155614,84.90972962891811,-29.271,-23.978,0.14,-0.511,0.325,-56.1,22,0.0000,0.00
15:51:31,22.26344559155614,84.90972962891811,-29.294,-23.952,0.14,-0.508,0.338,-56.1,22,0.0074,0.00
15:51:31,22.26344559155614,84.90972962891811,-29.320,-23.934,0.14,-0.508,0.338,-56.0,22,0.0000,0.00
15:51:31,22.26344559155614,84.90972962891811,-29.346,-23.917,0.14,-0.508,0.338,-55.9,22,0.0000,0.00
15:51:31,22.26344559155614,84.90972962891811,-29.371,-23.900,0.14,-0.508,0.338,-55.8,22,0.0000,0.00
15:51:31,22.26344559155614,84.90972962891811,-29.397,-23.883,0.14,-0.508,0.338,-55.8,22,0.0000,0.00
15:51:31,22.26344559155614,84.90972962891811,-29.422,-23.866,0.14,-0.508,0.338,-55.6,22,0.0000,0.00
15:51:31,22.26344559155614,84.90972962891811,-29.448,-23.849,0.14,-0.508,0.338,-55.5,22,0.0000,0.00
15:51:31,22.26344559155614,84.90972962891811,-29.474,-23.832,0.14,-0.508,0.338,-55.5,22,0.0000,0.00
15:51:31,22.26344559155614,84.90972962891811,-29.499,-23.816,0.14,-0.508,0.338,-55.5,22,0.0000,0.00
15:51:31,22.26344559155614,84.90972962891811,-29.525,-23.799,0.14,-0.508,0.338,-55.5,22,0.0000,0.00
15:51:31,22.26344559155614,84.90972962891811,-29.550,-23.782,0.14,-0.508,0.338,-55.6,22,0.0000,0.00
15:51:31,22.26344559155614,84.90972962891811,-29.576,-23.765,0.14,-0.508,0.338,-55.8,22,0.0000,0.00
15:51:31,22.26344559155614,84.90972962891811,-29.601,-23.748,0.13,-0.508,0.338,-55.8,22,0.0000,0.00
15:51:31,22.26344559155614,84.90972962891811,-29.627,-23.731,0.13,-0.508,0.338,-55.9,22,0.0000,0.00
15:51:31,22.26344559155614,84.90972962891811,-29.652,-23.714,0.13,-0.508,0.338,-56.0,22,0.0000,0.00
15:51:31,22.26344559155614,84.90972962891811,-29.678,-23.697,0.13,-0.508,0.338,-56.2,22,0.0000,0.00
15:51:31,22.26344559155614,84.90972962891811,-29.704,-23.680,0.13,-0.508,0.338,-56.2,23,0.0000,0.00
15:51:31,22.26344559155614,84.90972962891811,-29.729,-23.662,0.13,-0.508,0.338,-56.2,23,0.0000,0.00
15:51:32,22.26344559155614,84.90972962891811,-29.755,-23.646,0.13,-0.508,0.338,-56.3,23,0.0000,0.00
15:51:32,22.26344559155614,84.90972962891811,-29.780,-23.628,0.13,-0.508,0.338,-56.4,23,0.0000,0.00
15:51:32,22.26344559155614,84.90972962891811,-29.806,-23.611,0.14,-0.508,0.338,-56.5,23,0.0000,0.00
15:51:32,22.26344559155614,84.90972962891811,-29.831,-23.594,0.14,-0.508,0.338,-56.5,23,0.0000,0.00
15:51:32,22.26344559155614,84.90972962891811,-29.857,-23.577,0.14,-0.508,0.338,-56.7,23,0.0000,0.00
15:51:32,22.26344559155614,84.90972962891811,-29.883,-23.560,0.14,-0.508,0.338,-57.4,23,0.0000,0.00
15:51:32,22.26344559155614,84.90972962891811,-29.908,-23.543,0.14,-0.508,0.338,-57.4,24,0.0000,0.00
15:51:32,22.26344559155614,84.90972962891811,-29.934,-23.526,0.14,-0.508,0.338,-58.2,24,0.0000,0.00
15:51:32,22.26344559155614,84.90972962891811,-29.838,-23.608,0.14,-0.363,0.220,-59.4,24,0.0055,0.00
15:51:32,22.26344559155614,84.90972962891811,-29.856,-23.597,0.14,-0.363,0.220,-62.9,24,0.0000,0.00
15:51:32,22.26344559155614,84.90972962891811,-29.874,-23.586,0.14,-0.363,0.220,-64.9,24,0.0000,0.00
15:51:32,22.26344559155614,84.90972962891811,-29.893,-23.575,0.15,-0.363,0.220,-64.9,24,0.0000,0.00
15:51:32,22.26344559155614,84.90972962891811,-29.911,-23.564,0.15,-0.363,0.220,-67.1,24,0.0000,0.00
15:51:32,22.26344559155614,84.90972962891811,-29.929,-23.553,0.15,-0.363,0.220,-72.0,24,10.0005,0.00
15:51:32,22.26344559155614,84.90972962891811,-29.947,-23.542,0.15,-0.363,0.220,-72.0,24,0.0000,0.00
15:51:32,22.26344559155614,84.90972962891811,-29.966,-23.531,0.15,-0.363,0.220,-74.8,24,0.0000,0.00
15:51:32,22.26344559155614,84.90972962891811,-29.984,-23.520,0.15,-0.363,0.220,-81.2,24,0.0000,0.00
15:51:32,22.26344559155614,84.90972962891811,-30.002,-23.509,0.15,-0.363,0.220,-84.6,24,0.0000,0.00
15:51:32,22.26344559155614,84.90972962891811,-30.020,-23.497,0.15,-0.363,0.220,-84.6,24,10.0005,0.00
15:51:33,22.26344559155614,84.90972962891811,-30.039,-23.486,0.15,-0.363,0.220,-87.8,24,0.0000,0.00
15:51:33,22.26344559155614,84.90972962891811,-30.057,-23.475,0.15,-0.363,0.220,-93.8,24,0.0000,0.00
15:51:33,22.26344559155614,84.90972962891811,-30.075,-23.464,0.15,-0.363,0.220,-97.0,24,0.0000,0.00
15:51:33,22.26344559155614,84.90972962891811,-30.093,-23.453,0.15,-0.363,0.220,-97.0,24,0.0000,0.00
15:51:33,22.26344559155614,84.90972962891811,-30.112,-23.442,0.17,-0.363,0.220,-99.9,24,0.0000,0.00
15:51:33,22.26344559155614,84.90972962891811,-30.130,-23.431,0.17,-0.363,0.220,-104.7,24,0.0000,0.00
15:51:33,22.26344559155614,84.90972962891811,-30.148,-23.420,0.17,-0.363,0.220,-106.6,24,0.0000,0.00
15:51:33,22.26344559155614,84.90972962891811,-30.167,-23.409,0.17,-0.363,0.220,-108.3,24,0.0000,0.00
15:51:33,22.26344559155614,84.90972962891811,-30.185,-23.398,0.18,-0.363,0.220,-108.3,24,0.0000,0.00
15:51:33,22.26344559155614,84.90972962891811,-30.193,-23.400,0.18,-0.348,0.201,-110.8,24,0.0045,0.00
15:51:33,22.26344559155614,84.90972962891811,-30.210,-23.390,0.18,-0.348,0.201,-111.5,24,0.0000,0.00
15:51:33,22.26344559155614,84.90972962891811,-30.228,-23.380,0.18,-0.348,0.201,-111.8,24,0.0000,0.00
15:51:33,22.26344559155614,84.90972962891811,-30.245,-23.370,0.18,-0.348,0.201,-111.8,24,0.0000,0.00
15:51:33,22.26344559155614,84.90972962891811,-30.263,-23.360,0.18,-0.348,0.201,-110.2,24,0.0000,0.00
15:51:33,22.26344559155614,84.90972962891811,-30.300,-23.400,0.18,-0.388,0.101,-108.7,24,0.0040,0.00
15:51:33,22.26344559155614,84.90972962891811,-30.320,-23.395,0.18,-0.388,0.101,-107.1,24,0.0000,0.00
15:51:33,22.26344559155614,84.90972962891811,-30.340,-23.390,0.18,-0.388,0.101,-107.1,24,0.0000,0.00
15:51:33,22.26344559155614,84.90972962891811,-30.359,-23.385,0.17,-0.388,0.101,-105.6,24,0.0000,0.00
15:51:33,22.26344559155614,84.90972962891811,-30.379,-23.380,0.17,-0.388,0.101,-102.9,24,0.0000,0.00
15:51:33,22.26344559155614,84.90972962891811,-30.398,-23.374,0.17,-0.388,0.101,-101.6,24,0.0000,0.00
15:51:34,22.26344559155614,84.90972962891811,-30.418,-23.369,0.17,-0.388,0.101,-101.6,24,0.0000,0.00
15:51:34,22.26344559155614,84.90972962891811,-30.437,-23.364,0.18,-0.388,0.101,-100.5,24,0.0000,0.00
15:51:34,22.26344559155614,84.90972962891811,-30.457,-23.359,0.18,-0.388,0.101,-98.6,24,0.0000,0.00
15:51:34,22.26344559155614,84.90972962891811,-30.476,-23.354,0.18,-0.388,0.101,-97.7,24,0.0000,0.00
15:51:34,22.26344559155614,84.90972962891811,-30.496,-23.349,0.18,-0.388,0.101,-97.7,24,0.0000,0.00
15:51:34,22.26344559155614,84.90972962891811,-30.516,-23.344,0.18,-0.388,0.101,-96.9,24,0.0000,0.00
15:51:34,22.26344559155614,84.90972962891811,-30.535,-23.339,0.18,-0.388,0.101,-95.7,24,0.0000,0.00
15:51:34,22.26344559155614,84.90972962891811,-30.555,-23.334,0.18,-0.388,0.101,-95.2,24,0.0000,0.00
15:51:34,22.26344559155614,84.90972962891811,-30.574,-23.329,0.18,-0.388,0.101,-95.2,24,0.0000,0.00
15:51:34,22.26344559155614,84.90972962891811,-30.594,-23.324,0.18,-0.388,0.101,-94.8,24,0.0000,0.00
15:51:34,22.26344559155614,84.90972962891811,-30.613,-23.318,0.17,-0.388,0.101,-94.1,24,0.0000,0.00
15:51:34,22.26344559155614,84.90972962891811,-30.633,-23.313,0.17,-0.388,0.101,-93.8,24,0.0000,0.00
15:51:34,22.26344559155614,84.90972962891811,-30.652,-23.308,0.17,-0.388,0.101,-93.8,24,0.0000,0.00
15:51:34,22.26344559155614,84.90972962891811,-30.672,-23.303,0.17,-0.388,0.101,-93.7,24,0.0000,0.00
15:51:34,22.26344559155614,84.90972962891811,-30.691,-23.298,0.17,-0.388,0.101,-93.4,24,0.0000,0.00
15:51:34,22.26344559155614,84.90972962891811,-30.786,-23.363,0.17,-0.505,-0.007,-93.3,24,0.0058,0.00
15:51:34,22.26344559155614,84.90972962891811,-30.812,-23.364,0.17,-0.505,-0.007,-93.3,24,0.0000,0.00
15:51:34,22.26344559155614,84.90972962891811,-30.837,-23.364,0.17,-0.505,-0.007,-93.2,24,0.0000,0.00
15:51:34,22.26344559155614,84.90972962891811,-30.862,-23.364,0.17,-0.505,-0.007,-93.1,24,0.0000,0.00
15:51:35,22.26344559155614,84.90972962891811,-30.888,-23.365,0.17,-0.505,-0.007,-93.1,24,0.0000,0.00
15:51:35,22.26344559155614,84.90972962891811,-30.933,-23.372,0.17,-0.546,-0.022,-93.1,24,0.0060,0.00
15:51:35,22.26344559155614,84.90972962891811,-30.960,-23.373,0.17,-0.546,-0.022,-93.1,24,0.0000,0.00
15:51:35,22.26344559155614,84.90972962891811,-30.988,-23.374,0.16,-0.546,-0.022,-93.2,24,0.0000,0.00
15:51:35,22.26344559155614,84.90972962891811,-31.015,-23.375,0.16,-0.546,-0.022,-93.3,24,0.0000,0.00
15:51:35,22.26344559155614,84.90972962891811,-31.043,-23.376,0.16,-0.546,-0.022,-93.3,24,0.0000,0.00
15:51:35,22.26344559155614,84.90972962891811,-31.076,-23.380,0.16,-0.564,-0.030,-93.4,24,0.0061,0.00
15:51:35,22.26344559155614,84.90972962891811,-31.105,-23.382,0.16,-0.564,-0.030,-93.5,24,0.0000,0.00
15:51:35,22.26344559155614,84.90972962891811,-31.133,-23.383,0.16,-0.564,-0.030,-93.6,23,0.0000,0.00
15:51:35,22.26344559155614,84.90972962891811,-31.162,-23.385,0.16,-0.564,-0.030,-93.6,23,0.0000,0.00
15:51:35,22.26344559155614,84.90972962891811,-31.190,-23.386,0.16,-0.564,-0.030,-93.7,23,0.0000,0.00
15:51:35,22.26344559155614,84.90972962891811,-31.218,-23.388,0.16,-0.564,-0.030,-93.8,23,0.0000,0.00
15:51:35,22.26344559155614,84.90972962891811,-31.247,-23.389,0.16,-0.564,-0.030,-93.8,23,0.0000,0.00
15:51:35,22.26344559155614,84.90972962891811,-31.275,-23.391,0.16,-0.564,-0.030,-93.8,23,0.0000,0.00
15:51:35,22.26344559155614,84.90972962891811,-31.304,-23.392,0.16,-0.564,-0.030,-94.0,23,0.0000,0.00
15:51:35,22.26344559155614,84.90972962891811,-31.332,-23.394,0.16,-0.564,-0.030,-94.4,23,0.0000,0.00
15:51:35,22.26344559155614,84.90972962891811,-31.360,-23.395,0.16,-0.564,-0.030,-94.8,23,0.0000,0.00
15:51:35,22.26344559155614,84.90972962891811,-31.389,-23.397,0.16,-0.564,-0.030,-94.8,23,0.0000,0.00
15:51:35,22.26344559155614,84.90972962891811,-31.417,-23.398,0.16,-0.564,-0.030,-96.5,23,0.0000,0.00
15:51:35,22.26344559155614,84.90972962891811,-31.446,-23.400,0.16,-0.564,-0.030,-98.0,23,0.0000,0.00
15:51:36,22.26344559155614,84.90972962891811,-31.474,-23.401,0.16,-0.564,-0.030,-99.7,23,0.0000,0.00
15:51:36,22.26344559155614,84.90972962891811,-31.502,-23.403,0.16,-0.564,-0.030,-99.7,23,0.0000,0.00
15:51:36,22.26344559155614,84.90972962891811,-31.531,-23.404,0.16,-0.564,-0.030,-104.0,23,0.0000,0.00
15:51:36,22.26344559155614,84.90972962891811,-31.559,-23.406,0.16,-0.564,-0.030,-106.4,23,0.0000,0.00
15:51:36,22.26344559155614,84.90972962891811,-31.588,-23.407,0.17,-0.564,-0.030,-109.0,23,0.0000,0.00
15:51:36,22.26344559155614,84.90972962891811,-31.616,-23.409,0.17,-0.564,-0.030,-109.0,23,0.0000,0.00
15:51:36,22.26344559155614,84.90972962891811,-31.644,-23.410,0.17,-0.564,-0.030,-114.6,23,0.0000,0.00
15:51:36,22.26344559155614,84.90972962891811,-31.673,-23.412,0.17,-0.564,-0.030,-117.8,23,0.0000,0.00
15:51:36,22.26344559155614,84.90972962891811,-31.701,-23.413,0.17,-0.564,-0.030,-121.2,23,0.0000,0.00
15:51:36,22.26344559155614,84.90972962891811,-31.730,-23.415,0.16,-0.564,-0.030,-121.2,23,0.0000,0.00
15:51:36,22.26344559155614,84.90972962891811,-31.758,-23.416,0.16,-0.564,-0.030,-128.6,23,0.0000,0.00
15:51:36,22.26344559155614,84.90972962891811,-31.786,-23.418,0.16,-0.564,-0.030,-132.2,23,0.0000,0.00
15:51:36,22.26344559155614,84.90972962891811,-31.815,-23.419,0.16,-0.564,-0.030,-135.9,23,0.0000,0.00
15:51:36,22.26344559155614,84.90972962891811,-31.843,-23.421,0.16,-0.564,-0.030,-135.9,23,0.0000,0.00
15:51:36,22.26344559155614,84.90972962891811,-31.872,-23.422,0.16,-0.564,-0.030,-143.2,23,0.0000,0.00
15:51:36,22.26344559155614,84.90972962891811,-31.900,-23.424,0.16,-0.564,-0.030,-146.9,23,0.0000,0.00
15:51:36,22.26344559155614,84.90972962891811,-31.928,-23.425,0.16,-0.564,-0.030,-150.6,23,0.0000,0.00
15:51:36,22.26344559155614,84.90972962891811,-31.811,-23.380,0.18,-0.395,0.025,-158.0,23,0.0053,0.00
15:51:36,22.26344559155614,84.90972962891811,-31.831,-23.378,0.18,-0.395,0.025,-158.0,23,0.0000,0.00
15:51:36,22.26344559155614,84.90972962891811,-31.851,-23.377,0.18,-0.395,0.025,-161.8,23,0.0000,0.00
15:51:37,22.26344559155614,84.90972962891811,-31.871,-23.376,0.18,-0.395,0.025,-165.5,23,0.0000,0.00
15:51:37,22.26344559155614,84.90972962891811,-31.891,-23.375,0.18,-0.395,0.025,-173.0,23,0.0000,0.00
15:51:37,22.26344559155614,84.90972962891811,-31.887,-23.367,0.18,-0.355,0.036,-173.0,23,0.0067,0.00
15:51:37,22.26344559155614,84.90972962891811,-31.905,-23.365,0.18,-0.355,0.036,-176.8,23,0.0000,0.00
15:51:37,22.26344559155614,84.90972962891811,-31.923,-23.363,0.18,-0.355,0.036,179.5,23,0.0000,0.00
15:51:37,22.26344559155614,84.90972962891811,-31.941,-23.361,0.18,-0.355,0.036,172.2,23,0.0000,0.00
15:51:37,22.26344559155614,84.90972962891811,-31.959,-23.359,0.18,-0.355,0.036,172.2,23,0.0000,0.00
15:51:37,22.26344559155614,84.90972962891811,-31.970,-23.382,0.18,-0.337,-0.027,168.4,23,0.0073,0.00
15:51:37,22.26344559155614,84.90972962891811,-31.987,-23.384,0.18,-0.337,-0.027,164.7,23,0.0000,0.00
15:51:37,22.26344559155614,84.90972962891811,-32.004,-23.385,0.18,-0.337,-0.027,157.1,23,0.0000,0.00
15:51:37,22.26344559155614,84.90972962891811,-32.021,-23.387,0.19,-0.337,-0.027,157.1,23,0.0000,0.00
15:51:37,22.26344559155614,84.90972962891811,-32.038,-23.388,0.19,-0.337,-0.027,153.3,23,0.0000,0.00
15:51:37,22.26344559155614,84.90972962891811,-32.039,-23.413,0.19,-0.288,-0.103,149.5,23,0.0053,0.00
15:51:37,22.26344559155614,84.90972962891811,-32.054,-23.418,0.19,-0.288,-0.103,141.8,23,0.0000,0.00
15:51:37,22.26344559155614,84.90972962891811,-32.068,-23.424,0.19,-0.288,-0.103,141.8,23,0.0000,0.00
15:51:37,22.26344559155614,84.90972962891811,-32.083,-23.429,0.19,-0.288,-0.103,138.0,23,0.0000,0.00
15:51:37,22.26344559155614,84.90972962891811,-32.097,-23.434,0.19,-0.288,-0.103,138.0,23,0.0000,0.00
15:51:37,22.26344559155614,84.90972962891811,-32.093,-23.458,0.19,-0.221,-0.169,130.2,23,0.0078,0.00
15:51:37,22.26344559155614,84.90972962891811,-32.104,-23.466,0.19,-0.221,-0.169,126.4,23,0.0000,0.00
15:51:37,22.26344559155614,84.90972962891811,-32.115,-23.475,0.19,-0.221,-0.169,118.7,23,0.0000,0.00
15:51:38,22.26344559155614,84.90972962891811,-32.126,-23.483,0.19,-0.221,-0.169,118.7,23,0.0000,0.00
15:51:38,22.26344559155614,84.90972962891811,-32.137,-23.492,0.19,-0.221,-0.169,115.0,23,0.0000,0.00
15:51:38,22.26344559155614,84.90972962891811,-32.149,-23.500,0.19,-0.221,-0.169,111.5,23,0.0000,0.00
15:51:38,22.26344559155614,84.90972962891811,-32.160,-23.509,0.19,-0.221,-0.169,105.4,23,0.0000,0.00
15:51:38,22.26344559155614,84.90972962891811,-32.171,-23.518,0.19,-0.221,-0.169,105.4,23,0.0000,0.00
15:51:38,22.26344559155614,84.90972962891811,-32.182,-23.526,0.19,-0.221,-0.169,102.8,23,0.0000,0.00
15:51:38,22.26344559155614,84.90972962891811,-32.193,-23.535,0.19,-0.221,-0.169,100.4,24,0.0000,0.00
15:51:38,22.26344559155614,84.90972962891811,-32.204,-23.543,0.19,-0.221,-0.169,96.3,24,0.0000,0.00
15:51:38,22.26344559155614,84.90972962891811,-32.215,-23.552,0.19,-0.221,-0.169,96.3,24,0.0000,0.00
15:51:38,22.26344559155614,84.90972962891811,-32.227,-23.560,0.19,-0.221,-0.169,94.6,24,0.0000,0.00
15:51:38,22.26344559155614,84.90972962891811,-32.238,-23.569,0.19,-0.221,-0.169,93.1,24,0.0000,0.00
15:51:38,22.26344559155614,84.90972962891811,-32.249,-23.577,0.18,-0.221,-0.169,90.9,24,0.0000,0.00
15:51:38,22.26344559155614,84.90972962891811,-32.260,-23.586,0.18,-0.221,-0.169,90.9,24,0.0000,0.00
15:51:38,22.26344559155614,84.90972962891811,-32.271,-23.594,0.18,-0.221,-0.169,90.2,24,10.0005,0.00
15:51:38,22.26344559155614,84.90972962891811,-32.282,-23.603,0.18,-0.221,-0.169,89.5,24,0.0000,0.00
15:51:38,22.26344559155614,84.90972962891811,-32.293,-23.611,0.17,-0.221,-0.169,88.6,24,0.0000,0.00
15:51:38,22.26344559155614,84.90972962891811,-32.305,-23.620,0.17,-0.221,-0.169,88.6,24,0.0000,0.00
15:51:38,22.26344559155614,84.90972962891811,-32.316,-23.629,0.17,-0.221,-0.169,88.3,24,0.0000,0.00
15:51:38,22.26344559155614,84.90972962891811,-32.214,-23.552,0.17,-0.038,-0.030,88.0,24,0.0043,0.00
15:51:38,22.26344559155614,84.90972962891811,-32.216,-23.553,0.17,-0.038,-0.030,87.7,24,0.0000,0.00
15:51:39,22.26344559155614,84.90972962891811,-32.218,-23.555,0.17,-0.038,-0.030,87.7,24,0.0000,0.00
15:51:39,22.26344559155614,84.90972962891811,-32.220,-23.556,0.17,-0.038,-0.030,87.7,24,0.0000,0.00
15:51:39,22.26344559155614,84.90972962891811,-32.222,-23.558,0.17,-0.038,-0.030,87.7,24,0.0000,0.00
15:51:39,22.26344559155614,84.90972962891811,-32.243,-23.552,0.11,-0.081,-0.014,87.9,24,0.0057,0.00
15:51:39,22.26344559155614,84.90972962891811,-32.247,-23.553,0.11,-0.081,-0.014,87.9,24,0.0000,0.00
15:51:39,22.26344559155614,84.90972962891811,-32.251,-23.554,0.11,-0.081,-0.014,88.0,24,0.0000,0.00
15:51:39,22.26344559155614,84.90972962891811,-32.255,-23.554,0.11,-0.081,-0.014,88.6,24,0.0000,0.00
15:51:39,22.26344559155614,84.90972962891811,-32.260,-23.555,0.11,-0.081,-0.014,89.0,24,0.0000,0.00
15:51:39,22.26344559155614,84.90972962891811,-32.267,-23.553,0.11,-0.089,-0.007,89.0,23,0.0069,0.00
15:51:39,22.26344559155614,84.90972962891811,-32.271,-23.554,0.11,-0.089,-0.007,89.4,23,0.0000,0.00
15:51:39,22.26344559155614,84.90972962891811,-32.276,-23.554,0.11,-0.089,-0.007,90.3,23,0.0000,0.00
15:51:39,22.26344559155614,84.90972962891811,-32.280,-23.554,0.11,-0.089,-0.007,90.3,23,0.0000,0.00
15:51:39,22.26344559155614,84.90972962891811,-32.285,-23.555,0.10,-0.089,-0.007,90.8,23,0.0000,0.00
15:51:39,22.26344559155614,84.90972962891811,-32.289,-23.555,0.10,-0.089,-0.007,91.2,23,0.0000,0.00
15:51:39,22.26344559155614,84.90972962891811,-32.294,-23.555,0.10,-0.089,-0.007,92.2,23,0.0000,0.00
15:51:39,22.26344559155614,84.90972962891811,-32.298,-23.556,0.10,-0.089,-0.007,92.2,23,0.0000,0.00
15:51:39,22.26344559155614,84.90972962891811,-32.303,-23.556,0.10,-0.089,-0.007,92.6,24,0.0000,0.00
15:51:39,22.26344559155614,84.90972962891811,-32.307,-23.556,0.10,-0.089,-0.007,93.5,24,0.0000,0.00
15:51:39,22.26344559155614,84.90972962891811,-32.312,-23.557,0.10,-0.089,-0.007,94.0,24,0.0000,0.00
15:51:39,22.26344559155614,84.90972962891811,-32.316,-23.557,0.10,-0.089,-0.007,94.0,24,0.0000,0.00
15:51:40,22.26344559155614,84.90972962891811,-32.321,-23.557,0.10,-0.089,-0.007,94.4,24,0.0000,0.00
15:51:40,22.26344559155614,84.90972962891811,-32.325,-23.558,0.10,-0.089,-0.007,95.3,24,0.0000,0.00
15:51:40,22.26344559155614,84.90972962891811,-32.330,-23.558,0.10,-0.089,-0.007,95.8,24,0.0000,0.00
15:51:40,22.26344559155614,84.90972962891811,-32.341,-23.552,0.10,-0.104,0.007,95.8,24,0.0042,0.00
15:51:40,22.26344559155614,84.90972962891811,-32.347,-23.551,0.10,-0.104,0.007,96.3,24,0.0000,0.00
15:51:40,22.26344559155614,84.90972962891811,-32.352,-23.551,0.10,-0.104,0.007,97.3,24,0.0000,0.00
15:51:40,22.26344559155614,84.90972962891811,-32.357,-23.551,0.10,-0.104,0.007,97.8,24,0.0000,0.00
15:51:40,22.26344559155614,84.90972962891811,-32.362,-23.550,0.10,-0.104,0.007,97.8,24,0.0000,0.00
15:51:40,22.26344559155614,84.90972962891811,-32.368,-23.550,0.10,-0.104,0.007,98.9,24,0.0000,0.00
15:51:40,22.26344559155614,84.90972962891811,-32.373,-23.550,0.09,-0.104,0.007,99.5,23,0.0000,0.00
15:51:40,22.26344559155614,84.90972962891811,-32.378,-23.549,0.09,-0.104,0.007,99.5,23,0.0000,0.00
15:51:40,22.26344559155614,84.90972962891811,-32.383,-23.549,0.09,-0.104,0.007,100.0,23,0.0000,0.00
15:51:41,22.26344559155614,84.90972962891811,-32.389,-23.549,0.09,-0.104,0.007,101.1,23,0.0000,0.00
15:51:41,22.26344559155614,84.90972962891811,-32.394,-23.548,0.09,-0.104,0.007,101.6,23,0.0000,0.00
15:51:41,22.26344559155614,84.90972962891811,-32.399,-23.548,0.09,-0.104,0.007,101.6,23,0.0000,0.00
15:51:41,22.26344559155614,84.90972962891811,-32.404,-23.547,0.09,-0.104,0.007,102.1,23,0.0000,0.00
15:51:41,22.26344559155614,84.90972962891811,-32.410,-23.547,0.09,-0.104,0.007,103.0,23,0.0000,0.00
15:51:41,22.26344559155614,84.90972962891811,-32.415,-23.547,0.10,-0.104,0.007,103.4,24,0.0000,0.00
15:51:41,22.26344559155614,84.90972962891811,-32.420,-23.546,0.10,-0.104,0.007,103.7,24,0.0000,0.00
15:51:41,22.26344559155614,84.90972962891811,-32.426,-23.546,0.10,-0.104,0.007,103.7,24,0.0000,0.00
15:51:41,22.26344559155614,84.90972962891811,-32.431,-23.546,0.10,-0.104,0.007,104.3,24,0.0000,0.00
15:51:41,22.26344559155614,84.90972962891811,-32.436,-23.545,0.11,-0.104,0.007,104.4,24,0.0000,0.00
15:51:41,22.26344559155614,84.90972962891811,-32.441,-23.545,0.11,-0.104,0.007,104.6,24,0.0000,0.00
15:51:41,22.26344559155614,84.90972962891811,-32.447,-23.545,0.11,-0.104,0.007,104.6,24,0.0000,0.00
15:51:41,22.26344559155614,84.90972962891811,-32.450,-23.533,0.11,-0.101,0.023,104.7,24,0.0077,0.00
15:51:41,22.26344559155614,84.90972962891811,-32.455,-23.532,0.11,-0.101,0.023,104.7,24,0.0000,0.00
15:51:41,22.26344559155614,84.90972962891811,-32.460,-23.531,0.11,-0.101,0.023,104.6,24,0.0000,0.00
15:51:41,22.26344559155614,84.90972962891811,-32.465,-23.530,0.11,-0.101,0.023,104.6,24,0.0000,0.00
15:51:41,22.26344559155614,84.90972962891811,-32.470,-23.529,0.11,-0.101,0.023,104.3,24,0.0000,0.00
15:51:41,22.26344559155614,84.90972962891811,-32.475,-23.527,0.11,-0.101,0.023,104.1,24,0.0000,0.00
15:51:41,22.26344559155614,84.90972962891811,-32.480,-23.526,0.11,-0.101,0.023,103.9,24,0.0000,0.00
15:51:41,22.26344559155614,84.90972962891811,-32.485,-23.525,0.11,-0.101,0.023,103.9,24,0.0000,0.00
15:51:41,22.26344559155614,84.90972962891811,-32.491,-23.524,0.11,-0.101,0.023,103.3,24,0.0000,0.00
15:51:41,22.26344559155614,84.90972962891811,-32.496,-23.523,0.11,-0.101,0.023,102.8,24,0.0000,0.00
15:51:41,22.26344559155614,84.90972962891811,-32.501,-23.521,0.10,-0.101,0.023,102.1,24,0.0000,0.00
15:51:41,22.26344559155614,84.90972962891811,-32.506,-23.520,0.10,-0.101,0.023,102.1,24,0.0000,0.00
15:51:41,22.26344559155614,84.90972962891811,-32.511,-23.519,0.10,-0.101,0.023,101.3,24,0.0000,0.00
15:51:41,22.26344559155614,84.90972962891811,-32.516,-23.518,0.10,-0.101,0.023,99.7,24,0.0000,0.00
15:51:41,22.26344559155614,84.90972962891811,-32.521,-23.517,0.10,-0.101,0.023,98.9,24,0.0000,0.00
15:51:42,22.26344559155614,84.90972962891811,-32.526,-23.516,0.10,-0.101,0.023,98.9,24,0.0000,0.00
15:51:42,22.26344559155614,84.90972962891811,-32.531,-23.514,0.10,-0.101,0.023,97.7,24,0.0000,0.00
15:51:42,22.26344559155614,84.90972962891811,-32.536,-23.513,0.10,-0.101,0.023,97.5,24,0.0000,0.00
15:51:42,22.26344559155614,84.90972962891811,-32.542,-23.512,0.11,-0.101,0.023,97.7,24,0.0000,0.00
15:51:42,22.26344559155614,84.90972962891811,-32.547,-23.511,0.11,-0.101,0.023,97.7,24,0.0000,0.00
15:51:42,22.26344559155614,84.90972962891811,-32.552,-23.510,0.11,-0.101,0.023,99.3,24,0.0000,0.00
15:51:42,22.26344559155614,84.90972962891811,-32.557,-23.508,0.11,-0.101,0.023,100.5,24,0.0000,0.00
15:51:42,22.26344559155614,84.90972962891811,-32.562,-23.507,0.11,-0.101,0.023,101.7,24,0.0000,0.00
15:51:42,22.26344559155614,84.90972962891811,-32.567,-23.506,0.11,-0.101,0.023,104.1,24,0.0000,0.00
15:51:42,22.26344559155614,84.90972962891811,-32.572,-23.505,0.11,-0.101,0.023,104.1,24,0.0000,0.00
15:51:42,22.26344559155614,84.90972962891811,-32.577,-23.504,0.11,-0.101,0.023,105.3,24,0.0000,0.00
15:51:42,22.26344559155614,84.90972962891811,-32.582,-23.503,0.11,-0.101,0.023,106.4,24,0.0000,0.00
15:51:42,22.26344559155614,84.90972962891811,-32.593,-23.500,0.12,-0.101,0.023,107.5,24,0.0000,0.00
15:51:42,22.26344559155614,84.90972962891811,-32.598,-23.499,0.12,-0.101,0.023,109.3,24,0.0000,0.00
15:51:42,22.26344559155614,84.90972962891811,-32.603,-23.498,0.12,-0.101,0.023,110.1,24,0.0000,0.00
15:51:42,22.26344559155614,84.90972962891811,-32.595,-23.334,0.12,-0.087,0.197,110.8,24,0.0025,0.00
15:51:42,22.26344559155614,84.90972962891811,-32.599,-23.324,0.12,-0.087,0.197,110.8,24,0.0000,0.00
15:51:42,22.26344559155614,84.90972962891811,-32.604,-23.314,0.12,-0.087,0.197,112.0,24,0.0000,0.00
15:51:42,22.26344559155614,84.90972962891811,-32.608,-23.304,0.12,-0.087,0.197,112.4,24,0.0000,0.00
15:51:42,22.26344559155614,84.90972962891811,-32.612,-23.294,0.12,-0.087,0.197,112.4,24,0.0000,0.00
15:51:43,22.26344559155614,84.90972962891811,-32.622,-23.261,0.12,-0.096,0.235,113.1,24,0.0027,0.00
15:51:43,22.26344559155614,84.90972962891811,-32.627,-23.250,0.12,-0.096,0.235,113.1,24,0.0000,0.00
15:51:43,22.26344559155614,84.90972962891811,-32.632,-23.238,0.12,-0.096,0.235,113.4,24,0.0000,0.00
15:51:43,22.26344559155614,84.90972962891811,-32.637,-23.226,0.12,-0.096,0.235,113.8,24,0.0000,0.00
15:51:43,22.26344559155614,84.90972962891811,-32.642,-23.214,0.11,-0.096,0.235,114.1,24,0.0000,0.00
15:51:43,22.26344559155614,84.90972962891811,-32.647,-23.202,0.11,-0.096,0.235,114.1,24,0.0000,0.00
15:51:43,22.26344559155614,84.90972962891811,-32.652,-23.191,0.11,-0.096,0.235,114.2,24,0.0000,0.00
15:51:43,22.26344559155614,84.90972962891811,-32.656,-23.179,0.11,-0.096,0.235,114.3,24,0.0000,0.00
15:51:43,22.26344559155614,84.90972962891811,-32.661,-23.167,0.10,-0.096,0.235,114.5,24,0.0000,0.00
15:51:43,22.26344559155614,84.90972962891811,-32.666,-23.155,0.10,-0.096,0.235,114.5,24,0.0000,0.00
15:51:43,22.26344559155614,84.90972962891811,-32.657,-23.133,0.10,-0.065,0.259,114.6,24,0.0024,0.00
15:51:43,22.26344559155614,84.90972962891811,-32.660,-23.119,0.10,-0.065,0.259,114.7,24,0.0000,0.00
15:51:43,22.26344559155614,84.90972962891811,-32.663,-23.106,0.10,-0.065,0.259,114.8,24,0.0000,0.00
15:51:43,22.26344559155614,84.90972962891811,-32.667,-23.093,0.10,-0.065,0.259,114.8,24,0.0000,0.00
15:51:43,22.26344559155614,84.90972962891811,-32.670,-23.080,0.10,-0.065,0.259,114.8,24,0.0000,0.00
15:51:43,22.26344559155614,84.90972962891811,-32.668,-23.062,0.10,-0.050,0.273,114.8,24,0.0026,0.00
15:51:43,22.26344559155614,84.90972962891811,-32.670,-23.048,0.10,-0.050,0.273,114.9,24,0.0000,0.00
15:51:43,22.26344559155614,84.90972962891811,-32.673,-23.035,0.10,-0.050,0.273,114.9,24,0.0000,0.00
15:51:43,22.26344559155614,84.90972962891811,-32.676,-23.021,0.10,-0.050,0.273,114.9,24,0.0000,0.00
15:51:44,22.26344559155614,84.90972962891811,-32.678,-23.007,0.10,-0.050,0.273,114.9,24,0.0000,0.00
15:51:44,22.26344559155614,84.90972962891811,-32.680,-22.988,0.10,-0.047,0.292,115.0,24,0.0028,0.00
15:51:44,22.26344559155614,84.90972962891811,-32.682,-22.973,0.10,-0.047,0.292,115.0,24,0.0000,0.00
15:51:44,22.26344559155614,84.90972962891811,-32.684,-22.958,0.10,-0.047,0.292,115.0,24,0.0000,0.00
15:51:44,22.26344559155614,84.90972962891811,-32.687,-22.944,0.10,-0.047,0.292,115.0,24,0.0000,0.00
15:51:44,22.26344559155614,84.90972962891811,-32.689,-22.929,0.10,-0.047,0.292,115.0,24,0.0000,0.00
15:51:44,22.26344559155614,84.90972962891811,-32.692,-22.914,0.10,-0.047,0.292,115.0,24,0.0000,0.00
15:51:44,22.26344559155614,84.90972962891811,-32.694,-22.899,0.10,-0.047,0.292,115.0,24,0.0000,0.00
15:51:44,22.26344559155614,84.90972962891811,-32.696,-22.885,0.10,-0.047,0.292,115.0,24,0.0000,0.00
15:51:44,22.26344559155614,84.90972962891811,-32.699,-22.870,0.10,-0.047,0.292,115.0,24,0.0000,0.00
15:51:44,22.26344559155614,84.90972962891811,-32.701,-22.855,0.10,-0.047,0.292,115.0,24,0.0000,0.00
15:51:44,22.26344559155614,84.90972962891811,-32.700,-22.830,0.11,-0.038,0.321,115.0,24,0.0031,0.00
15:51:44,22.26344559155614,84.90972962891811,-32.702,-22.814,0.11,-0.038,0.321,115.0,24,0.0000,0.00
15:51:44,22.26344559155614,84.90972962891811,-32.704,-22.798,0.11,-0.038,0.321,115.0,24,0.0000,0.00
15:51:44,22.26344559155614,84.90972962891811,-32.706,-22.781,0.11,-0.038,0.321,115.0,24,0.0000,0.00
15:51:44,22.26344559155614,84.90972962891811,-32.708,-22.765,0.11,-0.038,0.321,115.0,24,0.0000,0.00
15:51:44,22.26344559155614,84.90972962891811,-32.710,-22.749,0.11,-0.038,0.321,114.9,24,0.0000,0.00
15:51:44,22.26344559155614,84.90972962891811,-32.712,-22.733,0.11,-0.038,0.321,114.9,24,0.0000,0.00
15:51:44,22.26344559155614,84.90972962891811,-32.714,-22.717,0.11,-0.038,0.321,114.9,24,0.0000,0.00
15:51:44,22.26344559155614,84.90972962891811,-32.716,-22.701,0.11,-0.038,0.321,114.9,25,0.0000,0.00
15:51:45,22.26344559155614,84.90972962891811,-32.717,-22.684,0.11,-0.038,0.321,114.8,25,0.0000,0.00
15:51:45,22.26344559155614,84.90972962891811,-32.719,-22.668,0.11,-0.038,0.321,114.8,25,0.0000,0.00
15:51:45,22.26344559155614,84.90972962891811,-32.721,-22.652,0.11,-0.038,0.321,114.7,25,0.0000,0.00
15:51:45,22.26344559155614,84.90972962891811,-32.723,-22.636,0.10,-0.038,0.321,114.6,25,0.0000,0.00
15:51:45,22.26344559155614,84.90972962891811,-32.725,-22.620,0.10,-0.038,0.321,114.2,25,0.0000,0.00
15:51:45,22.26344559155614,84.90972962891811,-32.727,-22.604,0.10,-0.038,0.321,114.2,25,0.0000,0.00
15:51:45,22.26344559155614,84.90972962891811,-32.729,-22.587,0.10,-0.038,0.321,114.2,25,0.0000,0.00
15:51:45,22.26344559155614,84.90972962891811,-32.728,-22.609,0.10,-0.033,0.250,114.0,25,0.0030,0.00
15:51:45,22.26344559155614,84.90972962891811,-32.730,-22.596,0.10,-0.033,0.250,113.3,25,0.0000,0.00
15:51:45,22.26344559155614,84.90972962891811,-32.731,-22.584,0.10,-0.033,0.250,112.9,25,0.0000,0.00
15:51:45,22.26344559155614,84.90972962891811,-32.733,-22.571,0.10,-0.033,0.250,112.9,25,0.0000,0.00
15:51:45,22.26344559155614,84.90972962891811,-32.735,-22.558,0.10,-0.033,0.250,112.4,25,0.0000,0.00
15:51:45,22.26344559155614,84.90972962891811,-32.736,-22.546,0.11,-0.033,0.250,111.4,25,0.0000,0.00
15:51:45,22.26344559155614,84.90972962891811,-32.738,-22.533,0.11,-0.033,0.250,110.8,25,0.0000,0.00
15:51:45,22.26344559155614,84.90972962891811,-32.740,-22.521,0.11,-0.033,0.250,110.8,25,0.0000,0.00
15:51:45,22.26344559155614,84.90972962891811,-32.741,-22.508,0.11,-0.033,0.250,110.2,25,0.0000,0.00
15:51:45,22.26344559155614,84.90972962891811,-32.743,-22.496,0.09,-0.033,0.250,108.9,25,0.0000,0.00
15:51:45,22.26344559155614,84.90972962891811,-32.745,-22.483,0.09,-0.033,0.250,108.2,25,0.0000,0.00
15:51:45,22.26344559155614,84.90972962891811,-32.746,-22.470,0.09,-0.033,0.250,108.2,25,0.0000,0.00
15:51:45,22.26344559155614,84.90972962891811,-32.748,-22.458,0.09,-0.033,0.250,107.5,25,0.0000,0.00
15:51:46,22.26344559155614,84.90972962891811,-32.750,-22.445,0.09,-0.033,0.250,106.1,25,0.0000,0.00
15:51:46,22.26344559155614,84.90972962891811,-32.751,-22.433,0.09,-0.033,0.250,105.5,25,0.0000,0.00
15:51:46,22.26344559155614,84.90972962891811,-32.753,-22.420,0.09,-0.033,0.250,105.5,25,0.0000,0.00
15:51:46,22.26344559155614,84.90972962891811,-32.755,-22.408,0.09,-0.033,0.250,104.9,25,0.0000,0.00
15:51:46,22.26344559155614,84.90972962891811,-32.756,-22.395,0.10,-0.033,0.250,103.9,25,0.0000,0.00
15:51:46,22.26344559155614,84.90972962891811,-32.758,-22.382,0.10,-0.033,0.250,103.5,25,0.0000,0.00
15:51:46,22.26344559155614,84.90972962891811,-32.760,-22.370,0.10,-0.033,0.250,103.5,25,0.0000,0.00
15:51:46,22.26344559155614,84.90972962891811,-32.761,-22.357,0.10,-0.033,0.250,103.1,25,0.0000,0.00
15:51:46,22.26344559155614,84.90972962891811,-32.763,-22.345,0.10,-0.033,0.250,102.4,25,0.0000,0.00
15:51:46,22.26344559155614,84.90972962891811,-32.765,-22.332,0.10,-0.033,0.250,102.1,25,0.0000,0.00
15:51:46,22.26344559155614,84.90972962891811,-32.766,-22.320,0.10,-0.033,0.250,102.1,25,0.0000,0.00
15:51:46,22.26344559155614,84.90972962891811,-32.768,-22.307,0.10,-0.033,0.250,101.7,25,0.0000,0.00
15:51:46,22.26344559155614,84.90972962891811,-32.748,-22.458,0.10,-0.005,0.037,101.2,25,0.0037,0.00
15:51:46,22.26344559155614,84.90972962891811,-32.748,-22.456,0.10,-0.005,0.037,101.0,25,0.0000,0.00
15:51:46,22.26344559155614,84.90972962891811,-32.749,-22.454,0.10,-0.005,0.037,100.8,25,0.0000,0.00
15:51:46,22.26344559155614,84.90972962891811,-32.749,-22.452,0.10,-0.005,0.037,100.8,25,0.0000,0.00
15:51:46,22.26344559155614,84.90972962891811,-32.749,-22.451,0.10,-0.005,0.037,100.3,25,0.0000,0.00
15:51:46,22.26344559155614,84.90972962891811,-32.748,-22.461,0.11,-0.002,0.013,100.0,25,0.0028,0.00
15:51:46,22.26344559155614,84.90972962891811,-32.748,-22.460,0.11,-0.002,0.013,99.7,25,0.0000,0.00
15:51:47,22.26344559155614,84.90972962891811,-32.748,-22.460,0.11,-0.002,0.013,99.7,25,0.0000,0.00
15:51:47,22.26344559155614,84.90972962891811,-32.748,-22.459,0.11,-0.002,0.013,99.1,25,0.0000,0.00
15:51:47,22.26344559155614,84.90972962891811,-32.748,-22.458,0.12,-0.002,0.013,98.9,25,0.0000,0.00
15:51:47,22.26344559155614,84.90972962891811,-32.748,-22.458,0.12,-0.002,0.013,98.9,25,0.0000,0.00
15:51:47,22.26344559155614,84.90972962891811,-32.748,-22.457,0.12,-0.002,0.013,98.6,25,0.0000,0.00
15:51:47,22.26344559155614,84.90972962891811,-32.748,-22.456,0.12,-0.002,0.013,97.6,25,0.0000,0.00
15:51:47,22.26344559155614,84.90972962891811,-32.748,-22.456,0.12,-0.002,0.013,96.4,25,0.0000,0.00
15:51:47,22.26344559155614,84.90972962891811,-32.748,-22.455,0.12,-0.002,0.013,96.4,25,0.0000,0.00
15:51:47,22.26344559155614,84.90972962891811,-32.749,-22.454,0.12,-0.002,0.013,94.7,25,0.0000,0.00
15:51:47,22.26344559155614,84.90972962891811,-32.749,-22.454,0.12,-0.002,0.013,90.0,25,0.0000,0.00
15:51:47,22.26344559155614,84.90972962891811,-32.749,-22.453,0.12,-0.002,0.013,87.2,25,0.0000,0.00
15:51:47,22.26344559155614,84.90972962891811,-32.749,-22.452,0.13,-0.002,0.013,87.2,25,0.0000,0.00
15:51:47,22.26344559155614,84.90972962891811,-32.749,-22.452,0.13,-0.002,0.013,84.2,25,0.0000,0.00
15:51:47,22.26344559155614,84.90972962891811,-32.749,-22.451,0.13,-0.002,0.013,77.9,25,0.0000,0.00
15:51:47,22.26344559155614,84.90972962891811,-32.749,-22.450,0.13,-0.002,0.013,74.6,25,0.0000,0.00
15:51:47,22.26344559155614,84.90972962891811,-32.749,-22.450,0.13,-0.002,0.013,74.6,25,0.0000,0.00
15:51:47,22.26344559155614,84.90972962891811,-32.749,-22.449,0.13,-0.002,0.013,68.0,25,0.0000,0.00
15:51:47,22.26344559155614,84.90972962891811,-32.749,-22.448,0.13,-0.002,0.013,64.5,25,0.0000,0.00
15:51:47,22.26344559155614,84.90972962891811,-32.749,-22.448,0.13,-0.002,0.013,61.0,25,0.0000,0.00
15:51:47,22.26344559155614,84.90972962891811,-32.750,-22.447,0.13,-0.002,0.013,61.0,25,0.0000,0.00
15:51:47,22.26344559155614,84.90972962891811,-32.750,-22.446,0.13,-0.002,0.013,53.7,25,0.0000,0.00
15:51:48,22.26344559155614,84.90972962891811,-32.750,-22.446,0.13,-0.002,0.013,50.1,25,0.0000,0.00
15:51:48,22.26344559155614,84.90972962891811,-32.750,-22.445,0.13,-0.002,0.013,50.1,25,0.0000,0.00
15:51:48,22.26344559155614,84.90972962891811,-32.750,-22.444,0.13,-0.002,0.013,46.3,25,0.0000,0.00
15:51:48,22.26344559155614,84.90972962891811,-32.655,-22.527,0.14,0.122,-0.096,38.8,25,0.0037,0.00
15:51:48,22.26344559155614,84.90972962891811,-32.649,-22.532,0.14,0.122,-0.096,34.8,25,0.0000,0.00
15:51:48,22.26344559155614,84.90972962891811,-32.643,-22.537,0.14,0.122,-0.096,34.8,25,0.0000,0.00
15:51:48,22.26344559155614,84.90972962891811,-32.637,-22.542,0.14,0.122,-0.096,30.9,25,0.0000,0.00
15:51:48,22.26344559155614,84.90972962891811,-32.630,-22.547,0.14,0.122,-0.096,22.9,25,0.0000,0.00
15:51:48,22.26344559155614,84.90972962891811,-32.597,-22.542,0.14,0.173,-0.077,18.5,25,0.0039,0.00
15:51:48,22.26344559155614,84.90972962891811,-32.589,-22.546,0.14,0.173,-0.077,18.5,25,0.0000,0.00
15:51:48,22.26344559155614,84.90972962891811,-32.580,-22.550,0.14,0.173,-0.077,10.4,25,0.0000,0.00
15:51:48,22.26344559155614,84.90972962891811,-32.571,-22.553,0.13,0.173,-0.077,6.9,25,0.0000,0.00
15:51:48,22.26344559155614,84.90972962891811,-32.562,-22.557,0.13,0.173,-0.077,3.8,25,0.0000,0.00
15:51:48,22.26344559155614,84.90972962891811,-32.554,-22.561,0.13,0.173,-0.077,3.8,25,0.0000,0.00
15:51:48,22.26344559155614,84.90972962891811,-32.545,-22.565,0.13,0.173,-0.077,-1.9,25,0.0000,0.00
15:51:48,22.26344559155614,84.90972962891811,-32.536,-22.569,0.14,0.173,-0.077,-4.5,25,0.0000,0.00
15:51:48,22.26344559155614,84.90972962891811,-32.527,-22.573,0.14,0.173,-0.077,-7.2,25,0.0000,0.00
15:51:48,22.26344559155614,84.90972962891811,-32.519,-22.577,0.14,0.173,-0.077,-7.2,25,0.0000,0.00
15:51:48,22.26344559155614,84.90972962891811,-32.514,-22.516,0.14,0.164,0.075,-12.6,25,0.0054,0.00
15:51:48,22.26344559155614,84.90972962891811,-32.506,-22.512,0.14,0.164,0.075,-15.2,25,0.0000,0.00
15:51:49,22.26344559155614,84.90972962891811,-32.498,-22.508,0.14,0.164,0.075,-17.8,25,0.0000,0.00
15:51:49,22.26344559155614,84.90972962891811,-32.489,-22.504,0.14,0.164,0.075,-17.8,25,0.0000,0.00
15:51:49,22.26344559155614,84.90972962891811,-32.481,-22.500,0.14,0.164,0.075,-22.9,25,0.0000,0.00
15:51:49,22.26344559155614,84.90972962891811,-32.480,-22.500,0.14,0.142,0.066,-25.4,25,0.0040,0.00
15:51:49,22.26344559155614,84.90972962891811,-32.473,-22.497,0.14,0.142,0.066,-28.0,25,0.0000,0.00
15:51:49,22.26344559155614,84.90972962891811,-32.466,-22.493,0.14,0.142,0.066,-28.0,25,0.0000,0.00
15:51:49,22.26344559155614,84.90972962891811,-32.459,-22.490,0.14,0.142,0.066,-33.2,25,0.0000,0.00
15:51:49,22.26344559155614,84.90972962891811,-32.452,-22.487,0.14,0.142,0.066,-35.9,25,0.0000,0.00
15:51:49,22.26344559155614,84.90972962891811,-32.445,-22.483,0.16,0.142,0.066,-38.7,25,0.0000,0.00
15:51:49,22.26344559155614,84.90972962891811,-32.437,-22.480,0.16,0.142,0.066,-38.7,25,0.0000,0.00
15:51:49,22.26344559155614,84.90972962891811,-32.430,-22.477,0.16,0.142,0.066,-44.4,25,0.0000,0.00
15:51:49,22.26344559155614,84.90972962891811,-32.423,-22.473,0.16,0.142,0.066,-47.3,25,0.0000,0.00
15:51:49,22.26344559155614,84.90972962891811,-32.416,-22.470,0.16,0.142,0.066,-50.2,25,0.0000,0.00
15:51:49,22.26344559155614,84.90972962891811,-32.409,-22.467,0.16,0.142,0.066,-50.2,25,0.0000,0.00
15:51:49,22.26344559155614,84.90972962891811,-32.402,-22.463,0.16,0.142,0.066,-56.2,25,0.0000,0.00
15:51:49,22.26344559155614,84.90972962891811,-32.394,-22.460,0.16,0.142,0.066,-59.1,25,0.0000,0.00
15:51:49,22.26344559155614,84.90972962891811,-32.387,-22.457,0.17,0.142,0.066,-65.2,26,0.0000,0.00
15:51:49,22.26344559155614,84.90972962891811,-32.380,-22.453,0.17,0.142,0.066,-65.2,26,0.0000,0.00
15:51:49,22.26344559155614,84.90972962891811,-32.373,-22.450,0.17,0.142,0.066,-68.3,26,0.0000,0.00
15:51:50,22.26344559155614,84.90972962891811,-32.409,-22.432,0.17,0.058,0.094,-71.4,26,0.0053,0.00
15:51:50,22.26344559155614,84.90972962891811,-32.406,-22.427,0.17,0.058,0.094,-77.9,26,0.0000,0.00
15:51:50,22.26344559155614,84.90972962891811,-32.403,-22.423,0.17,0.058,0.094,-77.9,26,0.0000,0.00
15:51:50,22.26344559155614,84.90972962891811,-32.400,-22.418,0.17,0.058,0.094,-81.6,26,0.0000,0.00
15:51:50,22.26344559155614,84.90972962891811,-32.397,-22.413,0.17,0.058,0.094,-85.6,26,0.0000,0.00
15:51:50,22.26344559155614,84.90972962891811,-32.394,-22.408,0.17,0.058,0.094,-93.6,26,0.0000,0.00
15:51:50,22.26344559155614,84.90972962891811,-32.391,-22.404,0.17,0.058,0.094,-93.6,26,0.0000,0.00
15:51:50,22.26344559155614,84.90972962891811,-32.388,-22.399,0.17,0.058,0.094,-97.5,26,0.0000,0.00
15:51:50,22.26344559155614,84.90972962891811,-32.385,-22.394,0.17,0.058,0.094,-101.4,26,0.0000,0.00
15:51:50,22.26344559155614,84.90972962891811,-32.383,-22.389,0.17,0.058,0.094,-109.3,26,0.0000,0.00
15:51:50,22.26344559155614,84.90972962891811,-32.486,-22.337,0.15,-0.178,0.199,-109.3,26,0.0037,0.00
15:51:50,22.26344559155614,84.90972962891811,-32.495,-22.327,0.15,-0.178,0.199,-113.3,26,0.0000,0.00
15:51:50,22.26344559155614,84.90972962891811,-32.504,-22.317,0.15,-0.178,0.199,-117.3,26,0.0000,0.00
15:51:50,22.26344559155614,84.90972962891811,-32.513,-22.307,0.15,-0.178,0.199,-125.5,26,0.0000,0.00
15:51:50,22.26344559155614,84.90972962891811,-32.522,-22.297,0.15,-0.178,0.199,-125.5,26,0.0000,0.00
15:51:50,22.26344559155614,84.90972962891811,-32.572,-22.320,0.15,-0.291,0.108,-129.6,26,0.0037,0.00
15:51:50,22.26344559155614,84.90972962891811,-32.587,-22.314,0.15,-0.291,0.108,-133.6,26,0.0000,0.00
15:51:50,22.26344559155614,84.90972962891811,-32.601,-22.309,0.15,-0.291,0.108,-141.8,26,0.0000,0.00
15:51:50,22.26344559155614,84.90972962891811,-32.616,-22.303,0.15,-0.291,0.108,-141.8,26,0.0000,0.00
15:51:50,22.26344559155614,84.90972962891811,-32.631,-22.298,0.15,-0.291,0.108,-145.9,26,0.0000,0.00
15:51:51,22.26344559155614,84.90972962891811,-32.645,-22.292,0.15,-0.291,0.108,-150.0,26,0.0000,0.00
15:51:51,22.26344559155614,84.90972962891811,-32.660,-22.287,0.15,-0.291,0.108,-158.1,26,0.0000,0.00
15:51:51,22.26344559155614,84.90972962891811,-32.675,-22.282,0.13,-0.291,0.108,-158.1,26,0.0000,0.00
15:51:51,22.26344559155614,84.90972962891811,-32.689,-22.276,0.13,-0.291,0.108,-162.1,26,0.0000,0.00
15:51:51,22.26344559155614,84.90972962891811,-32.704,-22.271,0.13,-0.291,0.108,-170.2,26,0.0000,0.00
15:51:51,22.26344559155614,84.90972962891811,-32.719,-22.265,0.13,-0.291,0.108,-170.2,26,0.0000,0.00
15:51:51,22.26344559155614,84.90972962891811,-32.733,-22.260,0.13,-0.291,0.108,-174.3,26,0.0000,0.00
15:51:51,22.26344559155614,84.90972962891811,-32.748,-22.254,0.13,-0.291,0.108,-178.3,26,0.0000,0.00
15:51:51,22.26344559155614,84.90972962891811,-32.763,-22.249,0.13,-0.291,0.108,173.5,26,0.0000,0.00
15:51:51,22.26344559155614,84.90972962891811,-32.777,-22.243,0.13,-0.291,0.108,173.5,26,0.0000,0.00
15:51:51,22.26344559155614,84.90972962891811,-32.792,-22.238,0.13,-0.291,0.108,169.3,26,0.0000,0.00
15:51:51,22.26344559155614,84.90972962891811,-32.807,-22.233,0.12,-0.291,0.108,165.3,26,0.0000,0.00
15:51:51,22.26344559155614,84.90972962891811,-32.821,-22.227,0.12,-0.291,0.108,156.9,26,0.0000,0.00
15:51:51,22.26344559155614,84.90972962891811,-32.836,-22.222,0.12,-0.291,0.108,152.6,26,0.0000,0.00
15:51:51,22.26344559155614,84.90972962891811,-32.851,-22.216,0.12,-0.291,0.108,152.6,26,0.0000,0.00
15:51:51,22.26344559155614,84.90972962891811,-32.865,-22.211,0.13,-0.291,0.108,148.4,26,0.0000,0.00
15:51:51,22.26344559155614,84.90972962891811,-32.880,-22.205,0.13,-0.291,0.108,139.9,26,0.0000,0.00
15:51:51,22.26344559155614,84.90972962891811,-32.894,-22.200,0.13,-0.291,0.108,135.6,26,0.0000,0.00
15:51:51,22.26344559155614,84.90972962891811,-32.909,-22.194,0.13,-0.291,0.108,135.6,26,0.0000,0.00
15:51:51,22.26344559155614,84.90972962891811,-32.924,-22.189,0.13,-0.291,0.108,131.4,26,0.0000,0.00
15:51:52,22.26344559155614,84.90972962891811,-32.939,-22.184,0.13,-0.291,0.108,122.9,26,0.0000,0.00
15:51:52,22.26344559155614,84.90972962891811,-32.953,-22.178,0.13,-0.291,0.108,122.9,26,0.0000,0.00
15:51:52,22.26344559155614,84.90972962891811,-32.968,-22.173,0.13,-0.291,0.108,118.7,26,0.0000,0.00
15:51:52,22.26344559155614,84.90972962891811,-32.983,-22.167,0.14,-0.291,0.108,114.5,26,0.0000,0.00
15:51:52,22.26344559155614,84.90972962891811,-32.997,-22.162,0.14,-0.291,0.108,106.2,26,0.0000,0.00
15:51:52,22.26344559155614,84.90972962891811,-33.012,-22.156,0.14,-0.291,0.108,106.2,26,0.0000,0.00
15:51:52,22.26344559155614,84.90972962891811,-33.026,-22.151,0.14,-0.291,0.108,102.1,26,0.0000,0.00
15:51:52,22.26344559155614,84.90972962891811,-33.041,-22.146,0.14,-0.291,0.108,93.9,26,0.0000,0.00
15:51:52,22.26344559155614,84.90972962891811,-33.056,-22.140,0.14,-0.291,0.108,89.8,26,0.0000,0.00
15:51:52,22.26344559155614,84.90972962891811,-33.070,-22.135,0.14,-0.291,0.108,89.8,26,0.0000,0.00
15:51:52,22.26344559155614,84.90972962891811,-33.085,-22.129,0.14,-0.291,0.108,85.7,26,0.0000,0.00
15:51:52,22.26344559155614,84.90972962891811,-33.100,-22.124,0.14,-0.291,0.108,77.5,26,0.0000,0.00
15:51:52,22.26344559155614,84.90972962891811,-33.114,-22.118,0.14,-0.291,0.108,73.5,26,0.0000,0.00
15:51:52,22.26344559155614,84.90972962891811,-33.129,-22.113,0.14,-0.291,0.108,73.5,26,0.0000,0.00
15:51:52,22.26344559155614,84.90972962891811,-33.144,-22.107,0.14,-0.291,0.108,69.6,26,0.0000,0.00
15:51:52,22.26344559155614,84.90972962891811,-33.158,-22.102,0.14,-0.291,0.108,61.9,26,0.0000,0.00
15:51:52,22.26344559155614,84.90972962891811,-32.435,-22.300,0.14,0.374,-0.075,58.1,27,0.0046,0.00
15:51:52,22.26344559155614,84.90972962891811,-32.416,-22.304,0.14,0.374,-0.075,58.1,27,0.0000,0.00
15:51:52,22.26344559155614,84.90972962891811,-32.397,-22.307,0.14,0.374,-0.075,50.6,27,0.0000,0.00
15:51:53,22.26344559155614,84.90972962891811,-32.378,-22.311,0.14,0.374,-0.075,46.9,27,0.0000,0.00
15:51:53,22.26344559155614,84.90972962891811,-32.359,-22.315,0.14,0.374,-0.075,46.9,27,0.0000,0.00
15:51:53,22.26344559155614,84.90972962891811,-32.340,-22.319,0.14,0.374,-0.075,43.4,27,0.0000,0.00
15:51:53,22.26344559155614,84.90972962891811,-32.321,-22.323,0.14,0.374,-0.075,36.2,27,0.0000,0.00
15:51:53,22.26344559155614,84.90972962891811,-32.302,-22.326,0.14,0.374,-0.075,32.7,27,0.0000,0.00
15:51:53,22.26344559155614,84.90972962891811,-32.284,-22.330,0.14,0.374,-0.075,32.7,27,0.0000,0.00
15:51:53,22.26344559155614,84.90972962891811,-32.265,-22.334,0.14,0.374,-0.075,29.6,27,0.0000,0.00
15:51:53,22.26344559155614,84.90972962891811,-32.246,-22.338,0.14,0.374,-0.075,24.8,27,0.0000,0.00
15:51:53,22.26344559155614,84.90972962891811,-32.227,-22.341,0.14,0.374,-0.075,24.8,27,0.0000,0.00
15:51:53,22.26344559155614,84.90972962891811,-32.208,-22.345,0.14,0.374,-0.075,24.8,27,0.0000,0.00
15:51:53,22.26344559155614,84.90972962891811,-32.189,-22.349,0.13,0.374,-0.075,21.2,27,0.0000,0.00
15:51:53,22.26344559155614,84.90972962891811,-32.171,-22.353,0.13,0.374,-0.075,20.5,27,0.0000,0.00
15:51:53,22.26344559155614,84.90972962891811,-32.152,-22.357,0.13,0.374,-0.075,20.5,27,0.0000,0.00
15:51:53,22.26344559155614,84.90972962891811,-32.133,-22.360,0.13,0.374,-0.075,20.0,27,0.0000,0.00
15:51:53,22.26344559155614,84.90972962891811,-32.114,-22.364,0.13,0.374,-0.075,19.0,27,0.0000,0.00
15:51:53,22.26344559155614,84.90972962891811,-32.095,-22.368,0.13,0.374,-0.075,18.5,27,0.0000,0.00
15:51:53,22.26344559155614,84.90972962891811,-32.076,-22.372,0.13,0.374,-0.075,18.5,27,0.0000,0.00
15:51:53,22.26344559155614,84.90972962891811,-32.058,-22.375,0.13,0.374,-0.075,18.2,27,0.0000,0.00
15:51:53,22.26344559155614,84.90972962891811,-32.039,-22.379,0.13,0.374,-0.075,17.9,27,0.0000,0.00
15:51:53,22.26344559155614,84.90972962891811,-32.020,-22.383,0.13,0.374,-0.075,17.9,27,0.0000,0.00
15:51:54,22.26344559155614,84.90972962891811,-32.001,-22.387,0.13,0.374,-0.075,17.9,27,0.0000,0.00
15:51:54,22.26344559155614,84.90972962891811,-31.982,-22.391,0.13,0.374,-0.075,18.0,27,0.0000,0.00
15:51:54,22.26344559155614,84.90972962891811,-31.963,-22.394,0.13,0.374,-0.075,18.0,27,0.0000,0.00
15:51:54,22.26344559155614,84.90972962891811,-32.131,-22.033,0.10,0.166,0.331,17.9,27,0.0043,0.00
15:51:54,22.26344559155614,84.90972962891811,-32.123,-22.016,0.10,0.166,0.331,17.8,27,0.0000,0.00
15:51:54,22.26344559155614,84.90972962891811,-32.115,-22.000,0.10,0.166,0.331,17.8,27,0.0000,0.00
15:51:54,22.26344559155614,84.90972962891811,-32.106,-21.983,0.10,0.166,0.331,17.2,27,0.0000,0.00
15:51:54,22.26344559155614,84.90972962891811,-32.098,-21.966,0.10,0.166,0.331,16.8,27,0.0000,0.00
15:51:54,22.26344559155614,84.90972962891811,-32.100,-21.894,0.10,0.149,0.425,16.5,27,0.0057,0.00
15:51:54,22.26344559155614,84.90972962891811,-32.092,-21.873,0.10,0.149,0.425,16.5,27,0.0000,0.00
15:51:54,22.26344559155614,84.90972962891811,-32.085,-21.851,0.10,0.149,0.425,15.8,27,0.0000,0.00
15:51:54,22.26344559155614,84.90972962891811,-32.077,-21.830,0.10,0.149,0.425,15.4,27,0.0000,0.00
15:51:54,22.26344559155614,84.90972962891811,-32.070,-21.809,0.10,0.149,0.425,15.4,27,0.0000,0.00
15:51:54,22.26344559155614,84.90972962891811,-32.062,-21.787,0.10,0.149,0.425,14.8,27,0.0000,0.00
15:51:54,22.26344559155614,84.90972962891811,-32.055,-21.766,0.10,0.149,0.425,13.3,27,0.0000,0.00
15:51:54,22.26344559155614,84.90972962891811,-32.047,-21.744,0.12,0.149,0.425,12.4,27,0.0000,0.00
15:51:54,22.26344559155614,84.90972962891811,-32.040,-21.723,0.12,0.149,0.425,12.4,27,0.0000,0.00
15:51:54,22.26344559155614,84.90972962891811,-32.032,-21.701,0.12,0.149,0.425,10.0,27,0.0000,0.00
15:51:54,22.26344559155614,84.90972962891811,-32.062,-21.746,0.12,0.065,0.277,8.0,27,0.0027,0.00
15:51:54,22.26344559155614,84.90972962891811,-32.059,-21.732,0.12,0.065,0.277,5.6,27,0.0000,0.00
15:51:55,22.26344559155614,84.90972962891811,-32.055,-21.718,0.12,0.065,0.277,5.6,27,0.0000,0.00
15:51:55,22.26344559155614,84.90972962891811,-32.052,-21.704,0.12,0.065,0.277,0.1,27,0.0000,0.00
15:51:55,22.26344559155614,84.90972962891811,-32.049,-21.690,0.12,0.065,0.277,-2.9,27,0.0000,0.00
15:51:55,22.26344559155614,84.90972962891811,-32.046,-21.676,0.12,0.065,0.277,-6.0,27,0.0000,0.00
15:51:55,22.26344559155614,84.90972962891811,-32.042,-21.662,0.13,0.065,0.277,-6.0,27,0.0000,0.00
15:51:55,22.26344559155614,84.90972962891811,-32.039,-21.648,0.13,0.065,0.277,-12.1,27,0.0000,0.00
15:51:55,22.26344559155614,84.90972962891811,-32.036,-21.634,0.13,0.065,0.277,-15.0,27,0.0000,0.00
15:51:55,22.26344559155614,84.90972962891811,-32.032,-21.620,0.13,0.065,0.277,-20.0,27,0.0000,0.00
15:51:55,22.26344559155614,84.90972962891811,-32.029,-21.606,0.13,0.065,0.277,-20.0,27,0.0000,0.00
15:51:55,22.26344559155614,84.90972962891811,-32.026,-21.592,0.13,0.065,0.277,-21.9,27,0.0000,0.00
15:51:55,22.26344559155614,84.90972962891811,-32.023,-21.578,0.13,0.065,0.277,-23.3,27,0.0000,0.00
15:51:55,22.26344559155614,84.90972962891811,-32.019,-21.564,0.13,0.065,0.277,-25.8,27,0.0000,0.00
15:51:55,22.26344559155614,84.90972962891811,-32.016,-21.550,0.13,0.065,0.277,-25.8,27,0.0000,0.00
15:51:55,22.26344559155614,84.90972962891811,-32.013,-21.536,0.13,0.065,0.277,-26.8,27,0.0000,0.00
15:51:55,22.26344559155614,84.90972962891811,-32.010,-21.522,0.13,0.065,0.277,-27.7,27,0.0000,0.00
15:51:55,22.26344559155614,84.90972962891811,-32.006,-21.508,0.13,0.065,0.277,-29.0,27,0.0000,0.00
15:51:55,22.26344559155614,84.90972962891811,-32.003,-21.494,0.11,0.065,0.277,-29.0,27,0.0000,0.00
15:51:55,22.26344559155614,84.90972962891811,-32.000,-21.480,0.11,0.065,0.277,-29.6,27,0.0000,0.00
15:51:55,22.26344559155614,84.90972962891811,-31.996,-21.466,0.11,0.065,0.277,-30.0,27,0.0000,0.00
15:51:56,22.26344559155614,84.90972962891811,-31.993,-21.452,0.11,0.065,0.277,-30.9,27,0.0000,0.00
15:51:56,22.26344559155614,84.90972962891811,-31.990,-21.438,0.11,0.065,0.277,-30.9,27,0.0000,0.00
15:51:56,22.26344559155614,84.90972962891811,-31.987,-21.425,0.11,0.065,0.277,-31.2,27,0.0000,0.00
15:51:56,22.26344559155614,84.90972962891811,-31.983,-21.411,0.11,0.065,0.277,-31.4,27,0.0000,0.00
15:51:56,22.26344559155614,84.90972962891811,-31.980,-21.397,0.11,0.065,0.277,-31.4,27,0.0000,0.00
15:51:56,22.26344559155614,84.90972962891811,-31.910,-21.741,0.11,0.151,-0.189,-31.7,27,0.0035,0.00
15:51:56,22.26344559155614,84.90972962891811,-31.903,-21.750,0.11,0.151,-0.189,-31.6,27,0.0000,0.00
15:51:56,22.26344559155614,84.90972962891811,-31.895,-21.760,0.11,0.151,-0.189,-31.5,27,0.0000,0.00
15:51:56,22.26344559155614,84.90972962891811,-31.888,-21.770,0.11,0.151,-0.189,-31.5,27,0.0000,0.00
15:51:56,22.26344559155614,84.90972962891811,-31.880,-21.779,0.11,0.151,-0.189,-31.2,27,0.0000,0.00
15:51:56,22.26344559155614,84.90972962891811,-31.895,-21.870,0.11,0.109,-0.343,-30.9,27,0.0044,0.00
15:51:56,22.26344559155614,84.90972962891811,-31.889,-21.887,0.11,0.109,-0.343,-30.5,27,0.0000,0.00
15:51:56,22.26344559155614,84.90972962891811,-31.884,-21.905,0.11,0.109,-0.343,-30.5,27,0.0000,0.00
15:51:56,22.26344559155614,84.90972962891811,-31.878,-21.922,0.11,0.109,-0.343,-30.2,27,0.0000,0.00
15:51:56,22.26344559155614,84.90972962891811,-31.873,-21.939,0.11,0.109,-0.343,-29.9,27,0.0000,0.00
15:51:56,22.26344559155614,84.90972962891811,-31.867,-21.956,0.11,0.109,-0.343,-29.3,27,0.0000,0.00
15:51:56,22.26344559155614,84.90972962891811,-31.862,-21.974,0.11,0.109,-0.343,-29.3,27,0.0000,0.00
15:51:56,22.26344559155614,84.90972962891811,-31.856,-21.991,0.11,0.109,-0.343,-29.1,27,0.0000,0.00
15:51:56,22.26344559155614,84.90972962891811,-31.851,-22.008,0.11,0.109,-0.343,-28.6,27,0.0000,0.00
15:51:56,22.26344559155614,84.90972962891811,-31.846,-22.026,0.11,0.109,-0.343,-28.4,27,0.0000,0.00
15:51:56,22.26344559155614,84.90972962891811,-31.840,-22.043,0.11,0.109,-0.343,-28.4,27,0.0000,0.00
15:51:57,22.26344559155614,84.90972962891811,-31.835,-22.060,0.11,0.109,-0.343,-28.2,27,0.0000,0.00
15:51:57,22.26344559155614,84.90972962891811,-31.829,-22.077,0.11,0.109,-0.343,-27.9,27,0.0000,0.00
15:51:57,22.26344559155614,84.90972962891811,-31.824,-22.095,0.11,0.109,-0.343,-27.8,27,0.0000,0.00
15:51:57,22.26344559155614,84.90972962891811,-31.818,-22.112,0.11,0.109,-0.343,-27.8,27,0.0000,0.00
15:51:57,22.26344559155614,84.90972962891811,-31.813,-22.129,0.11,0.109,-0.343,-27.7,27,0.0000,0.00
15:51:57,22.26344559155614,84.90972962891811,-31.807,-22.146,0.11,0.109,-0.343,-27.6,27,0.0000,0.00
15:51:57,22.26344559155614,84.90972962891811,-31.802,-22.164,0.11,0.109,-0.343,-27.5,28,0.0000,0.00
15:51:57,22.26344559155614,84.90972962891811,-31.796,-22.181,0.11,0.109,-0.343,-27.5,28,0.0000,0.00
15:51:57,22.26344559155614,84.90972962891811,-31.791,-22.198,0.11,0.109,-0.343,-27.5,28,0.0000,0.00
15:51:57,22.26344559155614,84.90972962891811,-31.785,-22.215,0.11,0.109,-0.343,-27.4,28,0.0000,0.00
15:51:57,22.26344559155614,84.90972962891811,-31.780,-22.233,0.11,0.109,-0.343,-27.3,28,0.0000,0.00
15:51:57,22.26344559155614,84.90972962891811,-31.774,-22.250,0.11,0.109,-0.343,-27.3,28,0.0000,0.00
15:51:57,22.26344559155614,84.90972962891811,-31.769,-22.267,0.11,0.109,-0.343,-27.3,28,0.0000,0.00
15:51:57,22.26344559155614,84.90972962891811,-31.763,-22.285,0.11,0.109,-0.343,-27.2,28,0.0000,0.00
15:51:57,22.26344559155614,84.90972962891811,-31.758,-22.302,0.11,0.109,-0.343,-27.0,28,0.0000,0.00
15:51:57,22.26344559155614,84.90972962891811,-31.810,-22.445,0.11,0.034,-0.507,-27.0,28,0.0050,0.00
15:51:57,22.26344559155614,84.90972962891811,-31.808,-22.471,0.11,0.034,-0.507,-26.9,28,0.0000,0.00
15:51:57,22.26344559155614,84.90972962891811,-31.806,-22.496,0.11,0.034,-0.507,-26.7,28,0.0000,0.00
15:51:57,22.26344559155614,84.90972962891811,-31.805,-22.522,0.11,0.034,-0.507,-26.6,28,0.0000,0.00
15:51:57,22.26344559155614,84.90972962891811,-31.803,-22.547,0.11,0.034,-0.507,-26.6,28,0.0000,0.00
15:51:58,22.26344559155614,84.90972962891811,-31.803,-22.569,0.11,0.031,-0.501,-26.4,28,0.0049,0.00
15:51:58,22.26344559155614,84.90972962891811,-31.801,-22.594,0.11,0.031,-0.501,-26.1,28,0.0000,0.00
15:51:58,22.26344559155614,84.90972962891811,-31.800,-22.620,0.11,0.031,-0.501,-25.9,28,0.0000,0.00
15:51:58,22.26344559155614,84.90972962891811,-31.798,-22.645,0.13,0.031,-0.501,-25.9,28,0.0000,0.00
15:51:58,22.26344559155614,84.90972962891811,-31.797,-22.670,0.13,0.031,-0.501,-25.7,28,0.0000,0.00
15:51:58,22.26344559155614,84.90972962891811,-31.795,-22.696,0.13,0.031,-0.501,-25.3,28,0.0000,0.00
15:51:58,22.26344559155614,84.90972962891811,-31.794,-22.721,0.13,0.031,-0.501,-25.1,28,0.0000,0.00
15:51:58,22.26344559155614,84.90972962891811,-31.792,-22.746,0.13,0.031,-0.501,-25.1,28,0.0000,0.00
15:51:58,22.26344559155614,84.90972962891811,-31.790,-22.772,0.13,0.031,-0.501,-24.9,28,0.0000,0.00
15:51:58,22.26344559155614,84.90972962891811,-31.789,-22.797,0.13,0.031,-0.501,-24.4,28,0.0000,0.00
15:51:58,22.26344559155614,84.90972962891811,-31.792,-22.839,0.13,0.020,-0.539,-24.3,28,0.0053,0.00
15:51:58,22.26344559155614,84.90972962891811,-31.791,-22.866,0.14,0.020,-0.539,-24.3,28,0.0000,0.00
15:51:58,22.26344559155614,84.90972962891811,-31.790,-22.893,0.14,0.020,-0.539,-24.1,28,0.0000,0.00
15:51:58,22.26344559155614,84.90972962891811,-31.789,-22.921,0.14,0.020,-0.539,-23.9,28,0.0000,0.00
15:51:58,22.26344559155614,84.90972962891811,-31.788,-22.948,0.14,0.020,-0.539,-23.6,28,0.0000,0.00
15:51:58,22.26344559155614,84.90972962891811,-31.790,-22.974,0.14,0.010,-0.537,-23.6,28,0.0052,0.00
15:51:58,22.26344559155614,84.90972962891811,-31.790,-23.002,0.15,0.010,-0.537,-23.4,28,0.0000,0.00
15:51:58,22.26344559155614,84.90972962891811,-31.789,-23.029,0.15,0.010,-0.537,-22.9,28,0.0000,0.00
15:51:58,22.26344559155614,84.90972962891811,-31.788,-23.083,0.15,0.010,-0.537,-22.5,28,0.0000,0.00
15:51:59,22.26344559155614,84.90972962891811,-31.790,-23.104,0.15,0.004,-0.518,-22.5,28,0.0052,0.00
15:51:59,22.26344559155614,84.90972962891811,-31.790,-23.131,0.15,0.004,-0.518,-22.0,28,0.0000,0.00
15:51:59,22.26344559155614,84.90972962891811,-31.789,-23.157,0.15,0.004,-0.518,-21.8,28,0.0000,0.00
15:51:59,22.26344559155614,84.90972962891811,-31.789,-23.183,0.15,0.004,-0.518,-21.5,28,0.0000,0.00
15:51:59,22.26344559155614,84.90972962891811,-31.789,-23.209,0.16,0.004,-0.518,-21.5,28,0.0000,0.00
15:51:59,22.26344559155614,84.90972962891811,-31.789,-23.235,0.16,0.004,-0.518,-21.2,28,0.0000,0.00
15:51:59,22.26344559155614,84.90972962891811,-31.789,-23.261,0.16,0.004,-0.518,-20.6,28,0.0000,0.00
15:51:59,22.26344559155614,84.90972962891811,-31.788,-23.287,0.16,0.004,-0.518,-20.3,28,0.0000,0.00
15:51:59,22.26344559155614,84.90972962891811,-31.788,-23.314,0.17,0.004,-0.518,-20.3,29,0.0000,0.00
15:51:59,22.26344559155614,84.90972962891811,-31.788,-23.340,0.17,0.004,-0.518,-20.0,29,0.0000,0.00
15:51:59,22.26344559155614,84.90972962891811,-31.788,-23.366,0.17,0.004,-0.518,-19.3,29,0.0000,0.00
15:51:59,22.26344559155614,84.90972962891811,-31.805,-23.398,0.17,-0.042,-0.533,-18.9,29,0.0052,0.00
15:51:59,22.26344559155614,84.90972962891811,-31.808,-23.425,0.17,-0.042,-0.533,-18.9,29,0.0000,0.00
15:51:59,22.26344559155614,84.90972962891811,-31.810,-23.452,0.17,-0.042,-0.533,-18.5,29,0.0000,0.00
15:51:59,22.26344559155614,84.90972962891811,-31.812,-23.479,0.17,-0.042,-0.533,-17.6,29,0.0000,0.00
15:51:59,22.26344559155614,84.90972962891811,-31.814,-23.505,0.17,-0.042,-0.533,-17.6,29,0.0000,0.00
15:51:59,22.26344559155614,84.90972962891811,-31.823,-23.529,0.17,-0.063,-0.524,-17.2,29,0.0050,0.00
15:51:59,22.26344559155614,84.90972962891811,-31.826,-23.556,0.16,-0.063,-0.524,-16.4,29,0.0000,0.00
15:51:59,22.26344559155614,84.90972962891811,-31.829,-23.582,0.16,-0.063,-0.524,-16.0,29,0.0000,0.00
15:51:59,22.26344559155614,84.90972962891811,-31.833,-23.609,0.16,-0.063,-0.524,-16.0,29,0.0000,0.00
15:52:00,22.26344559155614,84.90972962891811,-31.836,-23.635,0.16,-0.063,-0.524,-15.0,29,0.0000,0.00
15:52:00,22.26344559155614,84.90972962891811,-31.844,-23.661,0.16,-0.080,-0.521,-14.5,29,0.0051,0.00
15:52:00,22.26344559155614,84.90972962891811,-31.848,-23.687,0.16,-0.080,-0.521,-14.5,29,0.0000,0.00
15:52:00,22.26344559155614,84.90972962891811,-31.852,-23.713,0.16,-0.080,-0.521,-14.0,29,0.0000,0.00
15:52:00,22.26344559155614,84.90972962891811,-31.856,-23.739,0.16,-0.080,-0.521,-13.0,29,0.0000,0.00
15:52:00,22.26344559155614,84.90972962891811,-31.860,-23.766,0.16,-0.080,-0.521,-12.5,29,0.0000,0.00
15:52:00,22.26344559155614,84.90972962891811,-31.865,-23.793,0.16,-0.085,-0.523,-12.5,29,0.0052,0.00
15:52:00,22.26344559155614,84.90972962891811,-31.870,-23.819,0.16,-0.085,-0.523,-11.6,29,0.0000,0.00
15:52:00,22.26344559155614,84.90972962891811,-31.874,-23.845,0.16,-0.085,-0.523,-11.2,29,0.0000,0.00
15:52:00,22.26344559155614,84.90972962891811,-31.878,-23.872,0.16,-0.085,-0.523,-10.7,29,0.0000,0.00
15:52:00,22.26344559155614,84.90972962891811,-31.883,-23.898,0.14,-0.085,-0.523,-10.7,30,0.0000,0.00
15:52:00,22.26344559155614,84.90972962891811,-31.892,-23.923,0.14,-0.106,-0.515,-9.7,30,0.0051,0.00
15:52:00,22.26344559155614,84.90972962891811,-31.898,-23.949,0.14,-0.106,-0.515,-9.2,30,0.0000,0.00
15:52:00,22.26344559155614,84.90972962891811,-31.903,-23.975,0.14,-0.106,-0.515,-8.7,30,0.0000,0.00
15:52:00,22.26344559155614,84.90972962891811,-31.909,-24.000,0.14,-0.106,-0.515,-8.7,30,0.0000,0.00
15:52:00,22.26344559155614,84.90972962891811,-31.914,-24.026,0.14,-0.106,-0.515,-7.6,30,0.0000,0.00
15:52:00,22.26344559155614,84.90972962891811,-31.919,-24.052,0.14,-0.106,-0.515,-7.0,30,0.0000,0.00
15:52:00,22.26344559155614,84.90972962891811,-31.925,-24.078,0.14,-0.106,-0.515,-6.0,30,0.0000,0.00
15:52:00,22.26344559155614,84.90972962891811,-31.930,-24.104,0.14,-0.106,-0.515,-6.0,30,0.0000,0.00
15:52:00,22.26344559155614,84.90972962891811,-31.935,-24.130,0.14,-0.106,-0.515,-5.5,30,0.0000,0.00
15:52:01,22.26344559155614,84.90972962891811,-31.941,-24.156,0.14,-0.106,-0.515,-5.0,30,0.0000,0.00
15:52:01,22.26344559155614,84.90972962891811,-31.946,-24.182,0.14,-0.106,-0.515,-5.0,30,0.0000,0.00
15:52:01,22.26344559155614,84.90972962891811,-31.951,-24.208,0.14,-0.106,-0.515,-4.0,30,0.0000,0.00
15:52:01,22.26344559155614,84.90972962891811,-31.957,-24.234,0.14,-0.106,-0.515,-3.6,30,0.0000,0.00
15:52:01,22.26344559155614,84.90972962891811,-31.962,-24.260,0.14,-0.106,-0.515,-3.2,30,0.0000,0.00
15:52:01,22.26344559155614,84.90972962891811,-31.967,-24.286,0.14,-0.106,-0.515,-3.2,30,0.0000,0.00
15:52:01,22.26344559155614,84.90972962891811,-31.973,-24.312,0.14,-0.106,-0.515,-2.4,30,0.0000,0.00
15:52:01,22.26344559155614,84.90972962891811,-32.008,-24.332,0.14,-0.168,-0.503,-2.1,30,0.0053,0.00
15:52:01,22.26344559155614,84.90972962891811,-32.017,-24.357,0.14,-0.168,-0.503,-1.4,30,0.0000,0.00
15:52:01,22.26344559155614,84.90972962891811,-32.025,-24.383,0.14,-0.168,-0.503,-1.4,30,0.0000,0.00
15:52:01,22.26344559155614,84.90972962891811,-32.034,-24.408,0.14,-0.168,-0.503,-1.1,30,0.0000,0.00
15:52:01,22.26344559155614,84.90972962891811,-32.042,-24.433,0.14,-0.168,-0.503,-0.7,30,0.0000,0.00
15:52:01,22.26344559155614,84.90972962891811,-32.050,-24.459,0.14,-0.168,-0.503,-0.1,30,0.0000,0.00
15:52:01,22.26344559155614,84.90972962891811,-32.059,-24.484,0.14,-0.168,-0.503,-0.1,30,0.0000,0.00
15:52:01,22.26344559155614,84.90972962891811,-32.067,-24.510,0.14,-0.168,-0.503,0.2,30,0.0000,0.00
15:52:01,22.26344559155614,84.90972962891811,-32.076,-24.535,0.17,-0.168,-0.503,0.5,30,0.0000,0.00
15:52:01,22.26344559155614,84.90972962891811,-32.084,-24.560,0.17,-0.168,-0.503,1.1,30,0.0000,0.00
15:52:01,22.26344559155614,84.90972962891811,-32.093,-24.586,0.17,-0.168,-0.503,1.1,30,0.0000,0.00
15:52:01,22.26344559155614,84.90972962891811,-32.101,-24.611,0.17,-0.168,-0.503,1.4,30,0.0000,0.00
15:52:01,22.26344559155614,84.90972962891811,-32.109,-24.636,0.17,-0.168,-0.503,1.6,30,0.0000,0.00
15:52:02,22.26344559155614,84.90972962891811,-32.118,-24.662,0.17,-0.168,-0.503,2.1,30,0.0000,0.00
15:52:02,22.26344559155614,84.90972962891811,-32.126,-24.687,0.17,-0.168,-0.503,2.1,30,0.0000,0.00
15:52:02,22.26344559155614,84.90972962891811,-32.135,-24.712,0.17,-0.168,-0.503,2.4,30,0.0000,0.00
15:52:02,22.26344559155614,84.90972962891811,-32.143,-24.738,0.17,-0.168,-0.503,2.6,30,0.0000,0.00
15:52:02,22.26344559155614,84.90972962891811,-32.152,-24.763,0.18,-0.168,-0.503,3.1,30,0.0000,0.00
15:52:02,22.26344559155614,84.90972962891811,-32.160,-24.788,0.18,-0.168,-0.503,3.1,30,0.0000,0.00
15:52:02,22.26344559155614,84.90972962891811,-32.168,-24.814,0.18,-0.168,-0.503,3.3,30,0.0000,0.00
15:52:02,22.26344559155614,84.90972962891811,-32.177,-24.839,0.18,-0.168,-0.503,3.5,30,0.0000,0.00
15:52:02,22.26344559155614,84.90972962891811,-32.185,-24.864,0.16,-0.168,-0.503,3.5,30,0.0000,0.00
15:52:02,22.26344559155614,84.90972962891811,-32.194,-24.890,0.16,-0.168,-0.503,4.0,30,0.0000,0.00
15:52:02,22.26344559155614,84.90972962891811,-32.202,-24.915,0.16,-0.168,-0.503,4.1,30,0.0000,0.00
15:52:02,22.26344559155614,84.90972962891811,-32.211,-24.940,0.16,-0.168,-0.503,4.5,30,0.0000,0.00
15:52:02,22.26344559155614,84.90972962891811,-32.219,-24.966,0.16,-0.168,-0.503,4.5,30,0.0000,0.00
15:52:02,22.26344559155614,84.90972962891811,-32.253,-24.936,0.16,-0.199,-0.433,4.7,30,0.0046,0.00
15:52:02,22.26344559155614,84.90972962891811,-32.263,-24.958,0.16,-0.199,-0.433,4.9,30,0.0000,0.00
15:52:02,22.26344559155614,84.90972962891811,-32.273,-24.979,0.16,-0.199,-0.433,5.3,30,0.0000,0.00
15:52:02,22.26344559155614,84.90972962891811,-32.283,-25.001,0.15,-0.199,-0.433,5.5,30,0.0000,0.00
15:52:02,22.26344559155614,84.90972962891811,-32.293,-25.023,0.15,-0.199,-0.433,5.5,30,0.0000,0.00
15:52:02,22.26344559155614,84.90972962891811,-32.304,-25.038,0.15,-0.201,-0.421,5.7,30,0.0046,0.00
15:52:03,22.26344559155614,84.90972962891811,-32.314,-25.060,0.15,-0.201,-0.421,5.9,30,0.0000,0.00
15:52:03,22.26344559155614,84.90972962891811,-32.324,-25.081,0.13,-0.201,-0.421,6.2,30,0.0000,0.00
15:52:03,22.26344559155614,84.90972962891811,-32.334,-25.102,0.13,-0.201,-0.421,6.2,30,0.0000,0.00
15:52:03,22.26344559155614,84.90972962891811,-32.344,-25.123,0.13,-0.201,-0.421,6.3,30,0.0000,0.00
15:52:03,22.26344559155614,84.90972962891811,-32.354,-25.145,0.13,-0.201,-0.421,6.4,30,0.0000,0.00
15:52:03,22.26344559155614,84.90972962891811,-32.364,-25.166,0.13,-0.201,-0.421,6.4,30,0.0000,0.00
15:52:03,22.26344559155614,84.90972962891811,-32.374,-25.187,0.13,-0.201,-0.421,6.6,30,0.0000,0.00
15:52:03,22.26344559155614,84.90972962891811,-32.384,-25.208,0.13,-0.201,-0.421,6.7,30,0.0000,0.00
15:52:03,22.26344559155614,84.90972962891811,-32.394,-25.229,0.13,-0.201,-0.421,6.9,30,0.0000,0.00
15:52:03,22.26344559155614,84.90972962891811,-32.405,-25.251,0.13,-0.201,-0.421,7.1,30,0.0000,0.00
15:52:03,22.26344559155614,84.90972962891811,-32.415,-25.272,0.12,-0.201,-0.421,7.1,30,0.0000,0.00
15:52:03,22.26344559155614,84.90972962891811,-32.425,-25.293,0.12,-0.201,-0.421,7.2,30,0.0000,0.00
15:52:03,22.26344559155614,84.90972962891811,-32.435,-25.314,0.12,-0.201,-0.421,7.4,30,0.0000,0.00
15:52:03,22.26344559155614,84.90972962891811,-32.445,-25.336,0.12,-0.201,-0.421,7.4,30,0.0000,0.00
15:52:03,22.26344559155614,84.90972962891811,-32.455,-25.357,0.12,-0.201,-0.421,7.4,30,0.0000,0.00
15:52:03,22.26344559155614,84.90972962891811,-32.465,-25.378,0.12,-0.201,-0.421,7.5,30,0.0000,0.00
15:52:03,22.26344559155614,84.90972962891811,-32.475,-25.399,0.12,-0.201,-0.421,7.5,30,0.0000,0.00
15:52:03,22.26344559155614,84.90972962891811,-32.485,-25.421,0.12,-0.201,-0.421,7.5,30,0.0000,0.00
15:52:03,22.26344559155614,84.90972962891811,-32.496,-25.442,0.12,-0.201,-0.421,7.5,30,0.0000,0.00
15:52:03,22.26344559155614,84.90972962891811,-32.506,-25.463,0.12,-0.201,-0.421,7.6,30,0.0000,0.00
15:52:04,22.26344559155614,84.90972962891811,-32.516,-25.484,0.12,-0.201,-0.421,7.8,30,0.0000,0.00
15:52:04,22.26344559155614,84.90972962891811,-32.526,-25.505,0.12,-0.201,-0.421,7.9,30,0.0000,0.00
15:52:04,22.26344559155614,84.90972962891811,-32.536,-25.527,0.11,-0.201,-0.421,7.9,30,0.0000,0.00
15:52:04,22.26344559155614,84.90972962891811,-32.546,-25.548,0.11,-0.201,-0.421,8.1,30,0.0000,0.00
15:52:04,22.26344559155614,84.90972962891811,-32.556,-25.569,0.11,-0.201,-0.421,8.4,30,0.0000,0.00
15:52:04,22.26344559155614,84.90972962891811,-32.564,-25.582,0.11,-0.197,-0.411,8.4,30,0.0046,0.00
15:52:04,22.26344559155614,84.90972962891811,-32.574,-25.603,0.11,-0.197,-0.411,8.6,30,0.0000,0.00
15:52:04,22.26344559155614,84.90972962891811,-32.583,-25.624,0.11,-0.197,-0.411,8.9,30,0.0000,0.00
15:52:04,22.26344559155614,84.90972962891811,-32.593,-25.644,0.11,-0.197,-0.411,8.9,30,0.0000,0.00
15:52:04,22.26344559155614,84.90972962891811,-32.603,-25.665,0.11,-0.197,-0.411,9.0,30,0.0000,0.00
15:52:04,22.26344559155614,84.90972962891811,-32.613,-25.686,0.11,-0.197,-0.411,9.2,30,0.0000,0.00
15:52:04,22.26344559155614,84.90972962891811,-32.623,-25.706,0.12,-0.197,-0.411,9.5,30,0.0000,0.00
15:52:04,22.26344559155614,84.90972962891811,-32.633,-25.727,0.12,-0.197,-0.411,9.5,30,0.0000,0.00
15:52:04,22.26344559155614,84.90972962891811,-32.643,-25.748,0.12,-0.197,-0.411,9.5,30,0.0000,0.00
15:52:04,22.26344559155614,84.90972962891811,-32.653,-25.768,0.12,-0.197,-0.411,9.7,30,0.0000,0.00
15:52:04,22.26344559155614,84.90972962891811,-32.663,-25.789,0.11,-0.197,-0.411,9.8,30,0.0000,0.00
15:52:04,22.26344559155614,84.90972962891811,-32.673,-25.810,0.11,-0.197,-0.411,9.8,30,0.0000,0.00
15:52:04,22.26344559155614,84.90972962891811,-32.683,-25.830,0.11,-0.197,-0.411,9.9,30,0.0000,0.00
15:52:04,22.26344559155614,84.90972962891811,-32.693,-25.851,0.11,-0.197,-0.411,10.1,30,0.0000,0.00
15:52:04,22.26344559155614,84.90972962891811,-32.707,-25.870,0.11,-0.204,-0.409,10.1,30,0.0045,0.00
15:52:05,22.26344559155614,84.90972962891811,-32.717,-25.891,0.11,-0.204,-0.409,10.2,30,0.0000,0.00
15:52:05,22.26344559155614,84.90972962891811,-32.727,-25.912,0.11,-0.204,-0.409,10.5,30,0.0000,0.00
15:52:05,22.26344559155614,84.90972962891811,-32.737,-25.932,0.11,-0.204,-0.409,10.7,30,0.0000,0.00
15:52:05,22.26344559155614,84.90972962891811,-32.748,-25.953,0.11,-0.204,-0.409,10.7,30,0.0000,0.00
15:52:05,22.26344559155614,84.90972962891811,-32.758,-25.973,0.12,-0.204,-0.409,10.9,30,0.0000,0.00
15:52:05,22.26344559155614,84.90972962891811,-32.768,-25.994,0.12,-0.204,-0.409,11.5,30,0.0000,0.00
15:52:05,22.26344559155614,84.90972962891811,-32.778,-26.014,0.12,-0.204,-0.409,11.8,30,0.0000,0.00
15:52:05,22.26344559155614,84.90972962891811,-32.791,-26.025,0.12,-0.209,-0.387,11.8,30,0.0042,0.00
15:52:05,22.26344559155614,84.90972962891811,-32.802,-26.045,0.11,-0.209,-0.387,12.0,30,0.0000,0.00
15:52:05,22.26344559155614,84.90972962891811,-32.812,-26.064,0.11,-0.209,-0.387,12.6,30,0.0000,0.00
15:52:05,22.26344559155614,84.90972962891811,-32.823,-26.084,0.11,-0.209,-0.387,12.9,30,0.0000,0.00
15:52:05,22.26344559155614,84.90972962891811,-32.833,-26.103,0.11,-0.209,-0.387,12.9,30,0.0000,0.00
15:52:05,22.26344559155614,84.90972962891811,-32.844,-26.123,0.11,-0.209,-0.387,13.1,30,0.0000,0.00
15:52:05,22.26344559155614,84.90972962891811,-32.854,-26.142,0.11,-0.209,-0.387,13.5,30,0.0000,0.00
15:52:05,22.26344559155614,84.90972962891811,-32.865,-26.162,0.11,-0.209,-0.387,13.7,30,0.0000,0.00
15:52:05,22.26344559155614,84.90972962891811,-32.874,-26.178,0.11,-0.207,-0.378,13.7,30,0.0043,0.00
15:52:05,22.26344559155614,84.90972962891811,-32.885,-26.197,0.11,-0.207,-0.378,13.8,30,0.0000,0.00
15:52:05,22.26344559155614,84.90972962891811,-32.895,-26.216,0.11,-0.207,-0.378,14.1,30,0.0000,0.00
15:52:05,22.26344559155614,84.90972962891811,-32.906,-26.235,0.11,-0.207,-0.378,14.2,30,0.0000,0.00
15:52:05,22.26344559155614,84.90972962891811,-32.916,-26.254,0.11,-0.207,-0.378,14.2,30,0.0000,0.00
15:52:06,22.26344559155614,84.90972962891811,-32.927,-26.273,0.11,-0.207,-0.378,14.2,30,0.0000,0.00
15:52:06,22.26344559155614,84.90972962891811,-32.937,-26.292,0.11,-0.207,-0.378,14.2,30,0.0000,0.00
15:52:06,22.26344559155614,84.90972962891811,-32.947,-26.312,0.11,-0.205,-0.381,14.2,30,0.0044,0.00
15:52:06,22.26344559155614,84.90972962891811,-32.957,-26.331,0.11,-0.205,-0.381,14.1,30,0.0000,0.00
15:52:06,22.26344559155614,84.90972962891811,-32.967,-26.351,0.11,-0.205,-0.381,14.1,30,0.0000,0.00
15:52:06,22.26344559155614,84.90972962891811,-32.978,-26.370,0.11,-0.205,-0.381,13.8,30,0.0000,0.00
15:52:06,22.26344559155614,84.90972962891811,-32.988,-26.389,0.11,-0.205,-0.381,13.5,30,0.0000,0.00
15:52:06,22.26344559155614,84.90972962891811,-32.998,-26.408,0.11,-0.205,-0.381,13.3,30,0.0000,0.00
15:52:06,22.26344559155614,84.90972962891811,-33.009,-26.427,0.11,-0.205,-0.381,13.3,30,0.0000,0.00
15:52:06,22.26344559155614,84.90972962891811,-33.019,-26.446,0.11,-0.205,-0.381,12.7,30,0.0000,0.00
15:52:06,22.26344559155614,84.90972962891811,-33.025,-26.469,0.11,-0.193,-0.392,12.4,30,0.0044,0.00
15:52:06,22.26344559155614,84.90972962891811,-33.035,-26.489,0.11,-0.193,-0.392,12.1,30,0.0000,0.00
15:52:06,22.26344559155614,84.90972962891811,-33.044,-26.509,0.11,-0.193,-0.392,12.1,30,0.0000,0.00
15:52:06,22.26344559155614,84.90972962891811,-33.054,-26.529,0.11,-0.193,-0.392,11.8,30,0.0000,0.00
15:52:06,22.26344559155614,84.90972962891811,-33.064,-26.548,0.11,-0.193,-0.392,11.6,30,0.0000,0.00
15:52:06,22.26344559155614,84.90972962891811,-33.074,-26.568,0.11,-0.193,-0.392,11.6,30,0.0000,0.00
15:52:06,22.26344559155614,84.90972962891811,-33.083,-26.588,0.11,-0.193,-0.392,11.6,30,0.0000,0.00
15:52:06,22.26344559155614,84.90972962891811,-33.093,-26.608,0.12,-0.193,-0.392,11.5,30,0.0000,0.00
15:52:06,22.26344559155614,84.90972962891811,-33.102,-26.630,0.12,-0.190,-0.401,11.5,30,0.0044,0.00
15:52:07,22.26344559155614,84.90972962891811,-33.111,-26.651,0.12,-0.190,-0.401,11.5,30,0.0000,0.00
15:52:07,22.26344559155614,84.90972962891811,-33.121,-26.671,0.12,-0.190,-0.401,11.5,30,0.0000,0.00
15:52:07,22.26344559155614,84.90972962891811,-33.130,-26.691,0.12,-0.190,-0.401,11.6,30,0.0000,0.00
15:52:07,22.26344559155614,84.90972962891811,-33.140,-26.711,0.12,-0.190,-0.401,11.6,30,0.0000,0.00
15:52:07,22.26344559155614,84.90972962891811,-33.150,-26.731,0.12,-0.190,-0.401,11.6,30,0.0000,0.00
15:52:07,22.26344559155614,84.90972962891811,-33.159,-26.752,0.12,-0.190,-0.401,11.6,30,0.0000,0.00
15:52:07,22.26344559155614,84.90972962891811,-33.169,-26.772,0.12,-0.190,-0.401,11.8,30,0.0000,0.00
15:52:07,22.26344559155614,84.90972962891811,-33.178,-26.792,0.12,-0.190,-0.401,11.9,30,0.0000,0.00
15:52:07,22.26344559155614,84.90972962891811,-33.188,-26.812,0.12,-0.190,-0.401,12.2,30,0.0000,0.00
15:52:07,22.26344559155614,84.90972962891811,-33.197,-26.832,0.12,-0.190,-0.401,12.2,30,0.0000,0.00
15:52:07,22.26344559155614,84.90972962891811,-33.207,-26.852,0.12,-0.190,-0.401,12.7,30,0.0000,0.00
15:52:07,22.26344559155614,84.90972962891811,-33.217,-26.872,0.11,-0.190,-0.401,13.0,30,0.0000,0.00
15:52:07,22.26344559155614,84.90972962891811,-33.226,-26.893,0.11,-0.190,-0.401,13.3,30,0.0000,0.00
15:52:07,22.26344559155614,84.90972962891811,-33.236,-26.913,0.11,-0.190,-0.401,13.3,30,0.0000,0.00
15:52:07,22.26344559155614,84.90972962891811,-33.245,-26.933,0.11,-0.190,-0.401,13.7,30,0.0000,0.00
15:52:07,22.26344559155614,84.90972962891811,-33.255,-26.953,0.10,-0.190,-0.401,13.8,30,0.0000,0.00
15:52:07,22.26344559155614,84.90972962891811,-33.264,-26.973,0.10,-0.190,-0.401,13.8,30,0.0000,0.00
15:52:07,22.26344559155614,84.90972962891811,-33.274,-26.994,0.10,-0.190,-0.401,13.8,30,0.0000,0.00
15:52:07,22.26344559155614,84.90972962891811,-33.284,-27.014,0.10,-0.190,-0.401,13.7,30,0.0000,0.00
15:52:07,22.26344559155614,84.90972962891811,-33.293,-27.034,0.10,-0.190,-0.401,13.7,30,0.0000,0.00
15:52:08,22.26344559155614,84.90972962891811,-33.303,-27.054,0.10,-0.190,-0.401,13.7,30,0.0000,0.00
15:52:08,22.26344559155614,84.90972962891811,-33.312,-27.074,0.10,-0.190,-0.401,13.7,30,0.0000,0.00
15:52:08,22.26344559155614,84.90972962891811,-33.322,-27.094,0.10,-0.190,-0.401,13.7,30,0.0000,0.00
15:52:08,22.26344559155614,84.90972962891811,-33.342,-27.104,0.10,-0.204,-0.385,13.6,30,0.0044,0.00
15:52:08,22.26344559155614,84.90972962891811,-33.352,-27.123,0.11,-0.204,-0.385,13.3,30,0.0000,0.00
15:52:08,22.26344559155614,84.90972962891811,-33.362,-27.143,0.11,-0.204,-0.385,13.3,30,0.0000,0.00
15:52:08,22.26344559155614,84.90972962891811,-33.372,-27.162,0.11,-0.204,-0.385,13.1,30,0.0000,0.00
15:52:08,22.26344559155614,84.90972962891811,-33.383,-27.181,0.11,-0.204,-0.385,12.9,30,0.0000,0.00
15:52:08,22.26344559155614,84.90972962891811,-33.393,-27.201,0.10,-0.204,-0.385,12.9,30,0.0000,0.00
15:52:08,22.26344559155614,84.90972962891811,-33.403,-27.220,0.10,-0.204,-0.385,12.5,30,0.0000,0.00
15:52:08,22.26344559155614,84.90972962891811,-33.414,-27.240,0.10,-0.204,-0.385,12.4,30,0.0000,0.00
15:52:08,22.26344559155614,84.90972962891811,-33.422,-27.254,0.10,-0.201,-0.375,12.4,30,0.0042,0.00
15:52:08,22.26344559155614,84.90972962891811,-33.432,-27.273,0.10,-0.201,-0.375,12.4,30,0.0000,0.00
15:52:08,22.26344559155614,84.90972962891811,-33.442,-27.292,0.10,-0.201,-0.375,12.4,30,0.0000,0.00
15:52:08,22.26344559155614,84.90972962891811,-33.453,-27.310,0.10,-0.201,-0.375,12.5,30,0.0000,0.00
15:52:08,22.26344559155614,84.90972962891811,-33.463,-27.329,0.10,-0.201,-0.375,12.5,30,0.0000,0.00
15:52:08,22.26344559155614,84.90972962891811,-33.473,-27.348,0.12,-0.201,-0.375,12.5,30,0.0000,0.00
15:52:08,22.26344559155614,84.90972962891811,-33.483,-27.367,0.12,-0.201,-0.375,12.5,30,0.0000,0.00
15:52:08,22.26344559155614,84.90972962891811,-33.493,-27.386,0.12,-0.201,-0.375,12.5,30,0.0000,0.00
15:52:08,22.26344559155614,84.90972962891811,-33.503,-27.407,0.12,-0.201,-0.381,12.4,30,0.0043,0.00
15:52:09,22.26344559155614,84.90972962891811,-33.514,-27.427,0.12,-0.201,-0.381,12.2,30,0.0000,0.00
15:52:09,22.26344559155614,84.90972962891811,-33.524,-27.446,0.12,-0.201,-0.381,12.2,30,0.0000,0.00
15:52:09,22.26344559155614,84.90972962891811,-33.534,-27.465,0.12,-0.201,-0.381,12.0,30,0.0000,0.00
15:52:09,22.26344559155614,84.90972962891811,-33.544,-27.484,0.12,-0.201,-0.381,11.9,30,0.0000,0.00
15:52:09,22.26344559155614,84.90972962891811,-33.554,-27.503,0.12,-0.201,-0.381,11.9,30,0.0000,0.00
15:52:09,22.26344559155614,84.90972962891811,-33.564,-27.522,0.12,-0.201,-0.381,11.9,30,0.0000,0.00
15:52:09,22.26344559155614,84.90972962891811,-33.574,-27.542,0.12,-0.201,-0.381,12.0,30,0.0000,0.00
15:52:09,22.26344559155614,84.90972962891811,-33.585,-27.561,0.12,-0.201,-0.381,12.2,30,0.0000,0.00
15:52:09,22.26344559155614,84.90972962891811,-33.595,-27.580,0.12,-0.201,-0.381,12.5,30,0.0000,0.00
15:52:09,22.26344559155614,84.90972962891811,-33.605,-27.599,0.13,-0.201,-0.381,12.5,30,0.0000,0.00
15:52:09,22.26344559155614,84.90972962891811,-33.615,-27.618,0.13,-0.201,-0.381,12.6,30,0.0000,0.00
15:52:09,22.26344559155614,84.90972962891811,-33.625,-27.637,0.13,-0.201,-0.381,12.8,30,0.0000,0.00
15:52:09,22.26344559155614,84.90972962891811,-33.635,-27.657,0.13,-0.201,-0.381,13.2,30,0.0000,0.00
15:52:09,22.26344559155614,84.90972962891811,-33.645,-27.676,0.13,-0.201,-0.381,13.2,30,0.0000,0.00
15:52:09,22.26344559155614,84.90972962891811,-33.659,-27.691,0.13,-0.209,-0.373,13.4,30,0.0042,0.00
15:52:09,22.26344559155614,84.90972962891811,-33.670,-27.710,0.13,-0.209,-0.373,13.6,30,0.0000,0.00
15:52:09,22.26344559155614,84.90972962891811,-33.680,-27.728,0.13,-0.209,-0.373,14.0,30,0.0000,0.00
15:52:09,22.26344559155614,84.90972962891811,-33.691,-27.747,0.14,-0.209,-0.373,14.0,30,0.0000,0.00
15:52:09,22.26344559155614,84.90972962891811,-33.701,-27.766,0.14,-0.209,-0.373,14.1,30,0.0000,0.00
15:52:09,22.26344559155614,84.90972962891811,-33.712,-27.785,0.14,-0.209,-0.373,14.1,30,0.0000,0.00
15:52:10,22.26344559155614,84.90972962891811,-33.722,-27.803,0.14,-0.209,-0.373,13.9,30,0.0000,0.00
15:52:10,22.26344559155614,84.90972962891811,-33.733,-27.822,0.14,-0.209,-0.373,13.9,30,0.0000,0.00
15:52:10,22.26344559155614,84.90972962891811,-33.740,-27.847,0.12,-0.201,-0.388,13.7,30,0.0044,0.00
15:52:10,22.26344559155614,84.90972962891811,-33.750,-27.867,0.12,-0.201,-0.388,13.5,30,0.0000,0.00
15:52:10,22.26344559155614,84.90972962891811,-33.760,-27.887,0.12,-0.201,-0.388,13.2,30,0.0000,0.00
15:52:10,22.26344559155614,84.90972962891811,-33.770,-27.906,0.12,-0.201,-0.388,13.2,30,0.0000,0.00
15:52:10,22.26344559155614,84.90972962891811,-33.780,-27.926,0.12,-0.201,-0.388,13.0,30,0.0000,0.00
15:52:10,22.26344559155614,84.90972962891811,-33.790,-27.945,0.12,-0.201,-0.388,13.0,30,0.0000,0.00
15:52:10,22.26344559155614,84.90972962891811,-33.801,-27.965,0.12,-0.201,-0.388,12.8,30,0.0000,0.00
15:52:10,22.26344559155614,84.90972962891811,-33.811,-27.984,0.12,-0.201,-0.388,12.8,30,0.0000,0.00
15:52:10,22.26344559155614,84.90972962891811,-33.817,-28.000,0.13,-0.190,-0.379,12.8,30,0.0041,0.00
15:52:10,22.26344559155614,84.90972962891811,-33.826,-28.019,0.13,-0.190,-0.379,12.7,30,0.0000,0.00
15:52:10,22.26344559155614,84.90972962891811,-33.836,-28.038,0.13,-0.190,-0.379,12.7,30,0.0000,0.00
15:52:10,22.26344559155614,84.90972962891811,-33.846,-28.058,0.13,-0.190,-0.379,12.7,30,0.0000,0.00
15:52:10,22.26344559155614,84.90972962891811,-33.855,-28.077,0.13,-0.190,-0.379,12.6,30,0.0000,0.00
15:52:10,22.26344559155614,84.90972962891811,-33.865,-28.096,0.12,-0.190,-0.379,12.6,30,0.0000,0.00
15:52:10,22.26344559155614,84.90972962891811,-33.874,-28.115,0.12,-0.190,-0.379,12.6,30,0.0000,0.00
15:52:10,22.26344559155614,84.90972962891811,-33.884,-28.134,0.12,-0.190,-0.379,12.6,30,0.0000,0.00
15:52:10,22.26344559155614,84.90972962891811,-33.894,-28.153,0.12,-0.190,-0.379,12.6,30,0.0000,0.00
15:52:10,22.26344559155614,84.90972962891811,-33.903,-28.172,0.12,-0.190,-0.379,12.7,30,0.0000,0.00
15:52:11,22.26344559155614,84.90972962891811,-33.913,-28.191,0.12,-0.190,-0.379,12.8,30,0.0000,0.00
15:52:11,22.26344559155614,84.90972962891811,-33.922,-28.210,0.12,-0.190,-0.379,12.8,30,0.0000,0.00
15:52:11,22.26344559155614,84.90972962891811,-33.932,-28.229,0.12,-0.190,-0.379,12.8,30,0.0000,0.00
15:52:11,22.26344559155614,84.90972962891811,-33.941,-28.248,0.13,-0.190,-0.379,12.8,30,0.0000,0.00
15:52:11,22.26344559155614,84.90972962891811,-33.951,-28.267,0.13,-0.190,-0.379,12.6,30,0.0000,0.00
15:52:11,22.26344559155614,84.90972962891811,-33.961,-28.286,0.13,-0.190,-0.379,12.6,30,0.0000,0.00
15:52:11,22.26344559155614,84.90972962891811,-33.972,-28.302,0.13,-0.193,-0.373,12.5,30,0.0041,0.00
15:52:11,22.26344559155614,84.90972962891811,-33.981,-28.321,0.14,-0.193,-0.373,12.1,30,0.0000,0.00
15:52:11,22.26344559155614,84.90972962891811,-33.991,-28.340,0.14,-0.193,-0.373,12.0,30,0.0000,0.00
15:52:11,22.26344559155614,84.90972962891811,-34.001,-28.359,0.14,-0.193,-0.373,12.0,30,0.0000,0.00
15:52:11,22.26344559155614,84.90972962891811,-34.011,-28.377,0.14,-0.193,-0.373,11.8,30,0.0000,0.00
15:52:11,22.26344559155614,84.90972962891811,-34.020,-28.396,0.14,-0.193,-0.373,11.5,30,0.0000,0.00
15:52:11,22.26344559155614,84.90972962891811,-34.030,-28.415,0.14,-0.193,-0.373,11.4,30,0.0000,0.00
15:52:11,22.26344559155614,84.90972962891811,-34.041,-28.437,0.14,-0.196,-0.382,11.4,30,0.0043,0.00
15:52:11,22.26344559155614,84.90972962891811,-34.051,-28.457,0.14,-0.196,-0.382,11.4,30,0.0000,0.00
15:52:11,22.26344559155614,84.90972962891811,-34.061,-28.476,0.14,-0.196,-0.382,11.4,30,0.0000,0.00
15:52:11,22.26344559155614,84.90972962891811,-34.071,-28.495,0.14,-0.196,-0.382,11.4,30,0.0000,0.00
15:52:11,22.26344559155614,84.90972962891811,-34.080,-28.514,0.14,-0.196,-0.382,11.4,30,0.0000,0.00
15:52:11,22.26344559155614,84.90972962891811,-34.090,-28.533,0.14,-0.196,-0.382,11.4,30,0.0000,0.00
15:52:12,22.26344559155614,84.90972962891811,-34.100,-28.553,0.14,-0.196,-0.382,11.5,30,0.0000,0.00
15:52:12,22.26344559155614,84.90972962891811,-34.110,-28.572,0.14,-0.196,-0.382,11.5,30,0.0000,0.00
15:52:12,22.26344559155614,84.90972962891811,-34.120,-28.591,0.14,-0.196,-0.382,11.5,30,0.0000,0.00
15:52:12,22.26344559155614,84.90972962891811,-34.130,-28.610,0.14,-0.196,-0.382,11.4,30,0.0000,0.00
15:52:12,22.26344559155614,84.90972962891811,-34.140,-28.630,0.14,-0.196,-0.382,11.3,30,0.0000,0.00
15:52:12,22.26344559155614,84.90972962891811,-34.149,-28.649,0.14,-0.196,-0.382,11.3,30,0.0000,0.00
15:52:12,22.26344559155614,84.90972962891811,-34.159,-28.668,0.14,-0.196,-0.382,11.3,30,0.0000,0.00
15:52:12,22.26344559155614,84.90972962891811,-34.169,-28.687,0.14,-0.196,-0.382,11.2,30,0.0000,0.00
15:52:12,22.26344559155614,84.90972962891811,-34.179,-28.706,0.14,-0.196,-0.382,11.1,30,0.0000,0.00
15:52:12,22.26344559155614,84.90972962891811,-34.189,-28.726,0.16,-0.196,-0.382,11.2,30,0.0000,0.00
15:52:12,22.26344559155614,84.90972962891811,-34.199,-28.745,0.16,-0.196,-0.382,11.2,30,0.0000,0.00
15:52:12,22.26344559155614,84.90972962891811,-34.209,-28.764,0.16,-0.196,-0.382,11.3,30,0.0000,0.00
15:52:12,22.26344559155614,84.90972962891811,-34.219,-28.783,0.16,-0.196,-0.382,11.8,30,0.0000,0.00
15:52:12,22.26344559155614,84.90972962891811,-34.228,-28.802,0.16,-0.196,-0.382,12.1,30,0.0000,0.00
15:52:12,22.26344559155614,84.90972962891811,-34.238,-28.822,0.16,-0.196,-0.382,12.1,30,0.0000,0.00
15:52:12,22.26344559155614,84.90972962891811,-34.248,-28.841,0.16,-0.196,-0.382,12.4,30,0.0000,0.00
15:52:12,22.26344559155614,84.90972962891811,-34.258,-28.860,0.16,-0.196,-0.382,13.1,30,0.0000,0.00
15:52:12,22.26344559155614,84.90972962891811,-34.268,-28.879,0.16,-0.196,-0.382,13.4,30,0.0000,0.00
15:52:12,22.26344559155614,84.90972962891811,-34.278,-28.898,0.16,-0.196,-0.382,13.4,30,0.0000,0.00
15:52:12,22.26344559155614,84.90972962891811,-34.288,-28.918,0.16,-0.196,-0.382,13.7,30,0.0000,0.00
15:52:13,22.26344559155614,84.90972962891811,-34.297,-28.937,0.16,-0.196,-0.382,14.5,30,0.0000,0.00
15:52:13,22.26344559155614,84.90972962891811,-34.307,-28.956,0.16,-0.196,-0.382,14.8,30,0.0000,0.00
15:52:13,22.26344559155614,84.90972962891811,-34.317,-28.975,0.16,-0.196,-0.382,14.8,30,0.0000,0.00
15:52:13,22.26344559155614,84.90972962891811,-34.327,-28.995,0.16,-0.196,-0.382,15.0,30,0.0000,0.00
15:52:13,22.26344559155614,84.90972962891811,-34.337,-29.014,0.16,-0.196,-0.382,15.0,30,0.0000,0.00
15:52:13,22.26344559155614,84.90972962891811,-34.347,-29.033,0.16,-0.196,-0.382,14.9,30,0.0000,0.00
15:52:13,22.26344559155614,84.90972962891811,-34.357,-29.052,0.16,-0.196,-0.382,14.9,30,0.0000,0.00
15:52:13,22.26344559155614,84.90972962891811,-34.367,-29.071,0.16,-0.196,-0.382,14.7,30,0.0000,0.00
15:52:13,22.26344559155614,84.90972962891811,-34.376,-29.091,0.16,-0.196,-0.382,14.2,30,0.0000,0.00
15:52:13,22.26344559155614,84.90972962891811,-34.386,-29.110,0.16,-0.196,-0.382,14.1,30,0.0000,0.00
15:52:13,22.26344559155614,84.90972962891811,-34.396,-29.129,0.16,-0.196,-0.382,14.1,30,0.0000,0.00
15:52:13,22.26344559155614,84.90972962891811,-34.406,-29.148,0.16,-0.196,-0.382,14.0,30,0.0000,0.00
15:52:13,22.26344559155614,84.90972962891811,-34.416,-29.168,0.16,-0.196,-0.382,13.9,30,0.0000,0.00
15:52:13,22.26344559155614,84.90972962891811,-34.426,-29.187,0.16,-0.196,-0.382,13.8,30,0.0000,0.00
15:52:13,22.26344559155614,84.90972962891811,-34.436,-29.206,0.17,-0.196,-0.382,13.8,30,0.0000,0.00
15:52:13,22.26344559155614,84.90972962891811,-34.456,-29.245,0.17,-0.196,-0.382,13.4,30,0.0000,0.00
15:52:13,22.26344559155614,84.90972962891811,-34.466,-29.264,0.17,-0.196,-0.382,13.2,30,0.0000,0.00
15:52:13,22.26344559155614,84.90972962891811,-34.475,-29.283,0.17,-0.196,-0.382,13.2,30,0.0000,0.00
15:52:13,22.26344559155614,84.90972962891811,-34.485,-29.303,0.17,-0.196,-0.382,12.9,30,0.0000,0.00
15:52:14,22.26344559155614,84.90972962891811,-34.495,-29.322,0.17,-0.196,-0.382,12.4,30,0.0000,0.00
15:52:14,22.26344559155614,84.90972962891811,-34.505,-29.341,0.17,-0.196,-0.382,12.1,30,0.0000,0.00
15:52:14,22.26344559155614,84.90972962891811,-34.515,-29.360,0.17,-0.196,-0.382,12.1,30,0.0000,0.00
15:52:14,22.26344559155614,84.90972962891811,-34.525,-29.380,0.17,-0.196,-0.382,11.7,30,0.0000,0.00
15:52:14,22.26344559155614,84.90972962891811,-34.535,-29.399,0.17,-0.196,-0.382,11.6,30,0.0000,0.00
15:52:14,22.26344559155614,84.90972962891811,-34.545,-29.418,0.17,-0.196,-0.382,11.5,30,0.0000,0.00
15:52:14,22.26344559155614,84.90972962891811,-34.586,-29.412,0.17,-0.218,-0.363,11.5,30,0.0048,0.00
15:52:14,22.26344559155614,84.90972962891811,-34.597,-29.430,0.17,-0.218,-0.363,11.4,30,0.0000,0.00
15:52:14,22.26344559155614,84.90972962891811,-34.608,-29.449,0.17,-0.218,-0.363,11.3,30,0.0000,0.00
15:52:14,22.26344559155614,84.90972962891811,-34.619,-29.467,0.17,-0.218,-0.363,11.2,30,0.0000,0.00
15:52:14,22.26344559155614,84.90972962891811,-34.630,-29.485,0.17,-0.218,-0.363,11.2,30,0.0000,0.00
15:52:14,22.26344559155614,84.90972962891811,-34.641,-29.504,0.16,-0.218,-0.363,10.7,30,0.0000,0.00
15:52:14,22.26344559155614,84.90972962891811,-34.652,-29.522,0.16,-0.218,-0.363,10.5,30,0.0000,0.00
15:52:14,22.26344559155614,84.90972962891811,-34.663,-29.540,0.16,-0.218,-0.363,10.2,30,0.0000,0.00
15:52:14,22.26344559155614,84.90972962891811,-34.674,-29.559,0.16,-0.218,-0.363,10.2,30,0.0000,0.00
15:52:14,22.26344559155614,84.90972962891811,-34.685,-29.577,0.16,-0.218,-0.363,9.5,30,0.0000,0.00
15:52:14,22.26344559155614,84.90972962891811,-34.696,-29.595,0.14,-0.218,-0.363,9.2,30,0.0000,0.00
15:52:14,22.26344559155614,84.90972962891811,-34.707,-29.614,0.14,-0.218,-0.363,8.9,30,0.0000,0.00
15:52:14,22.26344559155614,84.90972962891811,-34.718,-29.632,0.14,-0.218,-0.363,8.9,30,0.0000,0.00
15:52:14,22.26344559155614,84.90972962891811,-34.729,-29.650,0.14,-0.218,-0.363,8.3,30,0.0000,0.00
15:52:15,22.26344559155614,84.90972962891811,-34.704,-29.679,0.14,-0.172,-0.377,8.1,30,0.0040,0.00
15:52:15,22.26344559155614,84.90972962891811,-34.713,-29.698,0.14,-0.172,-0.377,8.0,30,0.0000,0.00
15:52:15,22.26344559155614,84.90972962891811,-34.722,-29.717,0.14,-0.172,-0.377,8.0,30,0.0000,0.00
15:52:15,22.26344559155614,84.90972962891811,-34.730,-29.736,0.14,-0.172,-0.377,7.8,30,0.0000,0.00
15:52:15,22.26344559155614,84.90972962891811,-34.739,-29.755,0.13,-0.172,-0.377,7.7,30,0.0000,0.00
15:52:15,22.26344559155614,84.90972962891811,-34.748,-29.774,0.13,-0.172,-0.377,7.6,30,0.0000,0.00
15:52:15,22.26344559155614,84.90972962891811,-34.756,-29.793,0.13,-0.172,-0.377,7.6,30,0.0000,0.00
15:52:15,22.26344559155614,84.90972962891811,-34.765,-29.812,0.13,-0.172,-0.377,7.2,30,0.0000,0.00
15:52:15,22.26344559155614,84.90972962891811,-34.774,-29.831,0.12,-0.172,-0.377,7.0,30,0.0000,0.00
15:52:15,22.26344559155614,84.90972962891811,-34.782,-29.850,0.12,-0.172,-0.377,6.7,30,0.0000,0.00
15:52:15,22.26344559155614,84.90972962891811,-34.791,-29.869,0.12,-0.172,-0.377,6.7,30,0.0000,0.00
15:52:15,22.26344559155614,84.90972962891811,-34.800,-29.888,0.12,-0.172,-0.377,6.2,30,0.0000,0.00
15:52:15,22.26344559155614,84.90972962891811,-34.808,-29.907,0.12,-0.172,-0.377,6.0,30,0.0000,0.00
15:52:15,22.26344559155614,84.90972962891811,-34.817,-29.926,0.12,-0.172,-0.377,5.7,30,0.0000,0.00
15:52:15,22.26344559155614,84.90972962891811,-34.826,-29.945,0.12,-0.172,-0.377,5.7,30,0.0000,0.00
15:52:15,22.26344559155614,84.90972962891811,-34.834,-29.964,0.12,-0.172,-0.377,5.3,30,0.0000,0.00
15:52:15,22.26344559155614,84.90972962891811,-34.827,-29.997,0.12,-0.146,-0.400,5.2,30,0.0042,0.00
15:52:15,22.26344559155614,84.90972962891811,-34.834,-30.017,0.12,-0.146,-0.400,5.1,30,0.0000,0.00
15:52:15,22.26344559155614,84.90972962891811,-34.841,-30.038,0.12,-0.146,-0.400,5.1,30,0.0000,0.00
15:52:15,22.26344559155614,84.90972962891811,-34.849,-30.058,0.12,-0.146,-0.400,5.1,30,0.0000,0.00
15:52:16,22.26344559155614,84.90972962891811,-34.856,-30.078,0.12,-0.146,-0.400,5.1,30,0.0000,0.00
15:52:16,22.26344559155614,84.90972962891811,-34.863,-30.098,0.11,-0.146,-0.400,5.0,30,0.0000,0.00
15:52:16,22.26344559155614,84.90972962891811,-34.871,-30.118,0.11,-0.146,-0.400,5.0,30,0.0000,0.00
15:52:16,22.26344559155614,84.90972962891811,-34.878,-30.138,0.11,-0.146,-0.400,5.0,30,0.0000,0.00
15:52:16,22.26344559155614,84.90972962891811,-34.878,-30.154,0.11,-0.129,-0.391,4.8,30,0.0040,0.00
15:52:16,22.26344559155614,84.90972962891811,-34.884,-30.174,0.11,-0.129,-0.391,4.4,30,0.0000,0.00
15:52:16,22.26344559155614,84.90972962891811,-34.891,-30.194,0.11,-0.129,-0.391,4.4,30,0.0000,0.00
15:52:16,22.26344559155614,84.90972962891811,-34.897,-30.213,0.11,-0.129,-0.391,4.1,30,0.0000,0.00
15:52:16,22.26344559155614,84.90972962891811,-34.904,-30.233,0.11,-0.129,-0.391,3.9,30,0.0000,0.00
15:52:16,22.26344559155614,84.90972962891811,-34.910,-30.253,0.12,-0.129,-0.391,3.3,30,0.0000,0.00
15:52:16,22.26344559155614,84.90972962891811,-34.917,-30.273,0.12,-0.129,-0.391,3.3,30,0.0000,0.00
15:52:16,22.26344559155614,84.90972962891811,-34.896,-30.297,0.12,-0.056,-0.404,3.0,30,0.0042,0.00
15:52:16,22.26344559155614,84.90972962891811,-34.899,-30.318,0.12,-0.056,-0.404,2.7,30,0.0000,0.00
15:52:16,22.26344559155614,84.90972962891811,-34.901,-30.338,0.12,-0.056,-0.404,2.7,30,0.0000,0.00
15:52:16,22.26344559155614,84.90972962891811,-34.904,-30.359,0.12,-0.056,-0.404,2.4,30,0.0000,0.00
15:52:16,22.26344559155614,84.90972962891811,-34.907,-30.379,0.12,-0.056,-0.404,2.2,30,0.0000,0.00
15:52:16,22.26344559155614,84.90972962891811,-34.910,-30.399,0.12,-0.056,-0.404,2.0,30,0.0000,0.00
15:52:16,22.26344559155614,84.90972962891811,-34.913,-30.420,0.12,-0.056,-0.404,2.0,30,0.0000,0.00
15:52:16,22.26344559155614,84.90972962891811,-34.916,-30.440,0.11,-0.056,-0.404,2.0,30,0.0000,0.00
15:52:16,22.26344559155614,84.90972962891811,-34.929,-30.459,0.11,-0.086,-0.402,1.7,30,0.0040,0.00
15:52:16,22.26344559155614,84.90972962891811,-34.933,-30.480,0.11,-0.086,-0.402,1.5,30,0.0000,0.00
15:52:17,22.26344559155614,84.90972962891811,-34.938,-30.500,0.11,-0.086,-0.402,1.5,30,0.0000,0.00
15:52:17,22.26344559155614,84.90972962891811,-34.942,-30.520,0.10,-0.086,-0.402,1.3,30,0.0000,0.00
15:52:17,22.26344559155614,84.90972962891811,-34.946,-30.541,0.10,-0.086,-0.402,0.6,30,0.0000,0.00
15:52:17,22.26344559155614,84.90972962891811,-34.951,-30.561,0.10,-0.086,-0.402,0.3,30,0.0000,0.00
15:52:17,22.26344559155614,84.90972962891811,-34.955,-30.581,0.10,-0.086,-0.402,0.3,30,0.0000,0.00
15:52:17,22.26344559155614,84.90972962891811,-34.959,-30.601,0.10,-0.086,-0.402,-0.0,30,0.0000,0.00
15:52:17,22.26344559155614,84.90972962891811,-34.941,-30.624,0.10,-0.022,-0.408,-0.6,30,0.0042,0.00
15:52:17,22.26344559155614,84.90972962891811,-34.942,-30.644,0.10,-0.022,-0.408,-0.9,30,0.0000,0.00
15:52:17,22.26344559155614,84.90972962891811,-34.943,-30.665,0.10,-0.022,-0.408,-0.9,30,0.0000,0.00
15:52:17,22.26344559155614,84.90972962891811,-34.944,-30.685,0.11,-0.022,-0.408,-1.1,30,0.0000,0.00
15:52:17,22.26344559155614,84.90972962891811,-34.946,-30.706,0.11,-0.022,-0.408,-1.5,30,0.0000,0.00
15:52:17,22.26344559155614,84.90972962891811,-34.947,-30.727,0.11,-0.022,-0.408,-1.8,30,0.0000,0.00
15:52:17,22.26344559155614,84.90972962891811,-34.948,-30.747,0.11,-0.022,-0.408,-1.8,30,0.0000,0.00
15:52:17,22.26344559155614,84.90972962891811,-34.949,-30.768,0.11,-0.022,-0.408,-2.0,30,0.0000,0.00
15:52:17,22.26344559155614,84.90972962891811,-34.940,-30.786,0.12,0.006,-0.401,-2.6,30,0.0040,0.00
15:52:17,22.26344559155614,84.90972962891811,-34.940,-30.806,0.12,0.006,-0.401,-3.0,30,0.0000,0.00
15:52:17,22.26344559155614,84.90972962891811,-34.939,-30.826,0.12,0.006,-0.401,-3.0,30,0.0000,0.00
15:52:17,22.26344559155614,84.90972962891811,-34.939,-30.847,0.12,0.006,-0.401,-3.5,30,0.0000,0.00
15:52:17,22.26344559155614,84.90972962891811,-34.939,-30.867,0.12,0.006,-0.401,-4.7,30,0.0000,0.00
15:52:18,22.26344559155614,84.90972962891811,-34.939,-30.887,0.12,0.006,-0.401,-4.7,30,0.0000,0.00
15:52:18,22.26344559155614,84.90972962891811,-34.938,-30.907,0.12,0.006,-0.401,-5.4,30,0.0000,0.00
15:52:18,22.26344559155614,84.90972962891811,-34.938,-30.928,0.12,0.006,-0.401,-6.9,30,0.0000,0.00
15:52:18,22.26344559155614,84.90972962891811,-34.926,-30.946,0.10,0.040,-0.398,-7.8,30,0.0040,0.00
15:52:18,22.26344559155614,84.90972962891811,-34.924,-30.967,0.10,0.040,-0.398,-7.8,30,0.0000,0.00
15:52:18,22.26344559155614,84.90972962891811,-34.922,-30.987,0.10,0.040,-0.398,-8.8,30,0.0000,0.00
15:52:18,22.26344559155614,84.90972962891811,-34.920,-31.007,0.10,0.040,-0.398,-10.9,30,0.0000,0.00
15:52:18,22.26344559155614,84.90972962891811,-34.918,-31.027,0.10,0.040,-0.398,-12.2,30,0.0000,0.00
15:52:18,22.26344559155614,84.90972962891811,-34.916,-31.047,0.10,0.040,-0.398,-12.2,30,0.0000,0.00
15:52:18,22.26344559155614,84.90972962891811,-34.914,-31.067,0.10,0.040,-0.398,-15.0,30,0.0000,0.00
15:52:18,22.26344559155614,84.90972962891811,-34.912,-31.087,0.10,0.040,-0.398,-16.7,30,0.0000,0.00
15:52:18,22.26344559155614,84.90972962891811,-34.910,-31.107,0.10,0.040,-0.398,-18.4,30,0.0000,0.00
15:52:18,22.26344559155614,84.90972962891811,-34.908,-31.127,0.10,0.040,-0.398,-18.4,30,0.0000,0.00
15:52:18,22.26344559155614,84.90972962891811,-34.906,-31.147,0.10,0.040,-0.398,-22.1,30,0.0000,0.00
15:52:18,22.26344559155614,84.90972962891811,-34.904,-31.167,0.10,0.040,-0.398,-24.0,30,0.0000,0.00
15:52:18,22.26344559155614,84.90972962891811,-34.902,-31.187,0.10,0.040,-0.398,-26.0,30,0.0000,0.00
15:52:18,22.26344559155614,84.90972962891811,-34.900,-31.207,0.12,0.040,-0.398,-26.0,30,0.0000,0.00
15:52:18,22.26344559155614,84.90972962891811,-34.898,-31.227,0.12,0.040,-0.398,-30.0,30,0.0000,0.00
15:52:18,22.26344559155614,84.90972962891811,-34.896,-31.247,0.12,0.040,-0.398,-32.0,30,0.0000,0.00
15:52:19,22.26344559155614,84.90972962891811,-34.894,-31.267,0.12,0.040,-0.398,-34.1,30,0.0000,0.00
15:52:19,22.26344559155614,84.90972962891811,-34.892,-31.287,0.12,0.040,-0.398,-34.1,30,0.0000,0.00
15:52:19,22.26344559155614,84.90972962891811,-34.890,-31.307,0.12,0.040,-0.398,-38.1,30,0.0000,0.00
15:52:19,22.26344559155614,84.90972962891811,-34.888,-31.327,0.12,0.040,-0.398,-40.1,30,0.0000,0.00
15:52:19,22.26344559155614,84.90972962891811,-34.886,-31.347,0.12,0.040,-0.398,-42.0,30,0.0000,0.00
15:52:19,22.26344559155614,84.90972962891811,-34.884,-31.367,0.12,0.040,-0.398,-42.0,30,0.0000,0.00
15:52:19,22.26344559155614,84.90972962891811,-34.882,-31.387,0.12,0.040,-0.398,-45.7,30,0.0000,0.00
15:52:19,22.26344559155614,84.90972962891811,-34.880,-31.407,0.12,0.040,-0.398,-47.6,30,0.0000,0.00
15:52:19,22.26344559155614,84.90972962891811,-34.878,-31.428,0.12,0.040,-0.398,-49.4,30,0.0000,0.00
15:52:19,22.26344559155614,84.90972962891811,-34.876,-31.448,0.12,0.040,-0.398,-49.4,30,0.0000,0.00
15:52:19,22.26344559155614,84.90972962891811,-34.874,-31.468,0.12,0.040,-0.398,-53.0,30,0.0000,0.00
15:52:19,22.26344559155614,84.90972962891811,-34.872,-31.488,0.12,0.040,-0.398,-54.7,30,0.0000,0.00
15:52:19,22.26344559155614,84.90972962891811,-34.870,-31.508,0.12,0.040,-0.398,-56.4,30,0.0000,0.00
15:52:19,22.26344559155614,84.90972962891811,-34.868,-31.528,0.12,0.040,-0.398,-56.4,30,0.0000,0.00
15:52:19,22.26344559155614,84.90972962891811,-34.866,-31.548,0.12,0.040,-0.398,-58.1,30,0.0000,0.00
15:52:19,22.26344559155614,84.90972962891811,-34.864,-31.568,0.12,0.040,-0.398,-61.4,30,0.0000,0.00
15:52:19,22.26344559155614,84.90972962891811,-34.862,-31.588,0.12,0.040,-0.398,-61.4,30,0.0000,0.00
15:52:19,22.26344559155614,84.90972962891811,-34.860,-31.608,0.12,0.040,-0.398,-63.0,30,0.0000,0.00
15:52:19,22.26344559155614,84.90972962891811,-34.858,-31.628,0.10,0.040,-0.398,-66.2,30,0.0000,0.00
15:52:19,22.26344559155614,84.90972962891811,-34.856,-31.648,0.10,0.040,-0.398,-67.8,30,0.0000,0.00
15:52:20,22.26344559155614,84.90972962891811,-34.854,-31.668,0.10,0.040,-0.398,-67.8,30,0.0000,0.00
15:52:20,22.26344559155614,84.90972962891811,-34.852,-31.688,0.10,0.040,-0.398,-70.9,30,0.0000,0.00
15:52:20,22.26344559155614,84.90972962891811,-34.850,-31.708,0.10,0.040,-0.398,-72.5,30,0.0000,0.00
15:52:20,22.26344559155614,84.90972962891811,-34.549,-31.534,0.10,0.319,-0.217,-74.0,30,0.0040,0.00
15:52:20,22.26344559155614,84.90972962891811,-34.533,-31.545,0.10,0.319,-0.217,-74.0,30,0.0000,0.00
15:52:20,22.26344559155614,84.90972962891811,-34.517,-31.556,0.10,0.319,-0.217,-77.1,30,0.0000,0.00
15:52:20,22.26344559155614,84.90972962891811,-34.501,-31.567,0.10,0.319,-0.217,-78.7,30,0.0000,0.00
15:52:20,22.26344559155614,84.90972962891811,-34.485,-31.578,0.10,0.319,-0.217,-80.2,30,0.0000,0.00
15:52:20,22.26344559155614,84.90972962891811,-34.469,-31.589,0.10,0.319,-0.217,-80.2,30,0.0000,0.00
15:52:20,22.26344559155614,84.90972962891811,-34.453,-31.600,0.10,0.319,-0.217,-83.3,30,0.0000,0.00
15:52:20,22.26344559155614,84.90972962891811,-34.437,-31.611,0.10,0.319,-0.217,-84.8,30,0.0000,0.00
15:52:20,22.26344559155614,84.90972962891811,-34.421,-31.622,0.11,0.319,-0.217,-86.3,30,0.0000,0.00
15:52:20,22.26344559155614,84.90972962891811,-34.405,-31.633,0.11,0.319,-0.217,-89.2,30,0.0000,0.00
15:52:20,22.26344559155614,84.90972962891811,-34.389,-31.644,0.11,0.319,-0.217,-89.2,30,0.0000,0.00
15:52:20,22.26344559155614,84.90972962891811,-34.373,-31.655,0.11,0.319,-0.217,-90.6,30,0.0000,0.00
15:52:20,22.26344559155614,84.90972962891811,-34.357,-31.665,0.10,0.319,-0.217,-92.0,30,0.0000,0.00
15:52:20,22.26344559155614,84.90972962891811,-34.341,-31.676,0.10,0.319,-0.217,-93.2,30,0.0000,0.00
15:52:20,22.26344559155614,84.90972962891811,-34.325,-31.687,0.10,0.319,-0.217,-93.2,30,0.0000,0.00
15:52:20,22.26344559155614,84.90972962891811,-34.309,-31.698,0.10,0.319,-0.217,-95.4,30,0.0000,0.00
15:52:20,22.26344559155614,84.90972962891811,-34.300,-31.566,0.10,0.308,-0.015,-96.4,30,0.0033,0.00
15:52:20,22.26344559155614,84.90972962891811,-34.285,-31.567,0.10,0.308,-0.015,-97.3,30,0.0000,0.00
15:52:21,22.26344559155614,84.90972962891811,-34.269,-31.568,0.10,0.308,-0.015,-97.3,30,0.0000,0.00
15:52:21,22.26344559155614,84.90972962891811,-34.254,-31.568,0.10,0.308,-0.015,-98.7,30,0.0000,0.00
15:52:21,22.26344559155614,84.90972962891811,-34.238,-31.569,0.10,0.308,-0.015,-99.2,30,0.0000,0.00
15:52:21,22.26344559155614,84.90972962891811,-34.223,-31.570,0.11,0.308,-0.015,-99.5,30,0.0000,0.00
15:52:21,22.26344559155614,84.90972962891811,-34.207,-31.571,0.11,0.308,-0.015,-99.5,30,0.0000,0.00
15:52:21,22.26344559155614,84.90972962891811,-34.192,-31.572,0.11,0.308,-0.015,-99.8,30,0.0000,0.00
15:52:21,22.26344559155614,84.90972962891811,-34.222,-31.557,0.11,0.215,0.017,-99.9,30,0.0021,0.00
15:52:21,22.26344559155614,84.90972962891811,-34.211,-31.556,0.11,0.215,0.017,-100.2,30,0.0000,0.00
15:52:21,22.26344559155614,84.90972962891811,-34.200,-31.555,0.11,0.215,0.017,-100.2,30,0.0000,0.00
15:52:21,22.26344559155614,84.90972962891811,-34.189,-31.554,0.11,0.215,0.017,-100.7,30,0.0000,0.00
15:52:21,22.26344559155614,84.90972962891811,-34.178,-31.553,0.11,0.215,0.017,-101.4,30,0.0000,0.00
15:52:21,22.26344559155614,84.90972962891811,-34.167,-31.552,0.11,0.215,0.017,-103.7,30,0.0000,0.00
15:52:21,22.26344559155614,84.90972962891811,-34.157,-31.551,0.11,0.215,0.017,-103.7,30,0.0000,0.00
15:52:21,22.26344559155614,84.90972962891811,-34.146,-31.551,0.11,0.215,0.017,-105.0,30,0.0000,0.00
15:52:21,22.26344559155614,84.90972962891811,-34.135,-31.550,0.11,0.215,0.017,-106.5,30,0.0000,0.00
15:52:21,22.26344559155614,84.90972962891811,-34.124,-31.549,0.11,0.215,0.017,-106.5,30,0.0000,0.00
15:52:21,22.26344559155614,84.90972962891811,-34.113,-31.548,0.12,0.215,0.017,-110.0,30,0.0000,0.00
15:52:21,22.26344559155614,84.90972962891811,-34.102,-31.547,0.12,0.215,0.017,-112.2,30,0.0000,0.00
15:52:21,22.26344559155614,84.90972962891811,-34.091,-31.546,0.12,0.215,0.017,-114.5,30,0.0000,0.00
15:52:22,22.26344559155614,84.90972962891811,-34.081,-31.546,0.12,0.215,0.017,-119.6,30,0.0000,0.00
15:52:22,22.26344559155614,84.90972962891811,-34.070,-31.545,0.13,0.215,0.017,-119.6,30,0.0000,0.00
15:52:22,22.26344559155614,84.90972962891811,-34.059,-31.544,0.13,0.215,0.017,-122.4,30,0.0000,0.00
15:52:22,22.26344559155614,84.90972962891811,-34.048,-31.543,0.13,0.215,0.017,-125.4,30,0.0000,0.00
15:52:22,22.26344559155614,84.90972962891811,-34.037,-31.542,0.13,0.215,0.017,-131.2,30,0.0000,0.00
15:52:22,22.26344559155614,84.90972962891811,-34.026,-31.541,0.13,0.215,0.017,-131.2,30,0.0000,0.00
15:52:22,22.26344559155614,84.90972962891811,-34.016,-31.540,0.13,0.215,0.017,-134.0,30,0.0000,0.00
15:52:22,22.26344559155614,84.90972962891811,-34.005,-31.540,0.13,0.215,0.017,-136.6,30,0.0000,0.00
15:52:22,22.26344559155614,84.90972962891811,-33.994,-31.539,0.13,0.215,0.017,-136.6,30,0.0000,0.00
15:52:22,22.26344559155614,84.90972962891811,-33.983,-31.538,0.12,0.215,0.017,-141.3,30,0.0000,0.00
15:52:22,22.26344559155614,84.90972962891811,-33.972,-31.537,0.12,0.215,0.017,-143.4,30,0.0000,0.00
15:52:22,22.26344559155614,84.90972962891811,-33.961,-31.536,0.12,0.215,0.017,-147.1,30,0.0000,0.00
15:52:22,22.26344559155614,84.90972962891811,-33.950,-31.535,0.12,0.215,0.017,-147.1,30,0.0000,0.00
15:52:22,22.26344559155614,84.90972962891811,-33.940,-31.535,0.12,0.215,0.017,-148.8,30,0.0000,0.00
15:52:22,22.26344559155614,84.90972962891811,-33.929,-31.534,0.12,0.215,0.017,-150.3,30,0.0000,0.00
15:52:22,22.26344559155614,84.90972962891811,-33.918,-31.533,0.12,0.215,0.017,-153.1,30,0.0000,0.00
15:52:22,22.26344559155614,84.90972962891811,-33.907,-31.532,0.12,0.215,0.017,-153.1,30,0.0000,0.00
15:52:22,22.26344559155614,84.90972962891811,-33.896,-31.531,0.12,0.215,0.017,-154.7,30,0.0000,0.00
15:52:22,22.26344559155614,84.90972962891811,-33.885,-31.530,0.13,0.215,0.017,-156.4,30,0.0000,0.00
15:52:22,22.26344559155614,84.90972962891811,-33.874,-31.529,0.13,0.215,0.017,-159.6,30,0.0000,0.00
15:52:23,22.26344559155614,84.90972962891811,-33.864,-31.529,0.13,0.215,0.017,-159.6,30,0.0000,0.00
15:52:23,22.26344559155614,84.90972962891811,-33.853,-31.528,0.13,0.215,0.017,-161.1,30,0.0000,0.00
15:52:23,22.26344559155614,84.90972962891811,-33.842,-31.527,0.13,0.215,0.017,-162.5,30,0.0000,0.00
15:52:23,22.26344559155614,84.90972962891811,-33.831,-31.526,0.13,0.215,0.017,-164.9,30,0.0000,0.00
15:52:23,22.26344559155614,84.90972962891811,-33.820,-31.525,0.13,0.215,0.017,-164.9,30,0.0000,0.00
15:52:23,22.26344559155614,84.90972962891811,-33.809,-31.524,0.13,0.215,0.017,-165.9,30,0.0000,0.00
15:52:23,22.26344559155614,84.90972962891811,-34.009,-31.539,0.13,0.021,0.003,-167.5,30,0.0045,0.00
15:52:23,22.26344559155614,84.90972962891811,-34.008,-31.539,0.13,0.021,0.003,-167.8,30,0.0000,0.00
15:52:23,22.26344559155614,84.90972962891811,-34.007,-31.539,0.13,0.021,0.003,-167.8,30,0.0000,0.00
15:52:23,22.26344559155614,84.90972962891811,-34.006,-31.538,0.13,0.021,0.003,-168.0,30,0.0000,0.00
15:52:23,22.26344559155614,84.90972962891811,-34.005,-31.538,0.13,0.021,0.003,-167.9,30,0.0000,0.00
15:52:23,22.26344559155614,84.90972962891811,-34.004,-31.538,0.13,0.021,0.003,-167.8,30,0.0000,0.00
15:52:23,22.26344559155614,84.90972962891811,-34.003,-31.538,0.13,0.021,0.003,-167.8,30,0.0000,0.00
15:52:23,22.26344559155614,84.90972962891811,-34.002,-31.538,0.13,0.021,0.003,-167.5,30,0.0000,0.00
15:52:23,22.26344559155614,84.90972962891811,-34.001,-31.538,0.13,0.021,0.003,-166.0,30,0.0000,0.00
15:52:23,22.26344559155614,84.90972962891811,-34.010,-31.539,0.13,0.005,0.001,-166.0,30,0.0018,0.00
15:52:23,22.26344559155614,84.90972962891811,-34.010,-31.539,0.13,0.005,0.001,-164.4,30,0.0000,0.00
15:52:23,22.26344559155614,84.90972962891811,-34.010,-31.539,0.13,0.005,0.001,-160.1,30,0.0000,0.00
15:52:23,22.26344559155614,84.90972962891811,-34.009,-31.538,0.13,0.005,0.001,-158.2,30,0.0000,0.00
15:52:24,22.26344559155614,84.90972962891811,-34.009,-31.538,0.13,0.005,0.001,-158.2,30,0.0000,0.00
15:52:24,22.26344559155614,84.90972962891811,-34.009,-31.538,0.13,0.005,0.001,-156.7,30,0.0000,0.00
15:52:24,22.26344559155614,84.90972962891811,-34.009,-31.538,0.13,0.005,0.001,-154.7,30,0.0000,0.00
15:52:24,22.26344559155614,84.90972962891811,-34.008,-31.538,0.13,0.005,0.001,-154.0,30,0.0000,0.00
15:52:24,22.26344559155614,84.90972962891811,-34.051,-31.625,0.11,-0.090,-0.191,-154.0,30,0.0030,0.00
15:52:24,22.26344559155614,84.90972962891811,-34.056,-31.635,0.11,-0.090,-0.191,-153.3,30,0.0000,0.00
15:52:24,22.26344559155614,84.90972962891811,-34.060,-31.644,0.11,-0.090,-0.191,-152.2,30,0.0000,0.00
15:52:24,22.26344559155614,84.90972962891811,-34.065,-31.654,0.11,-0.090,-0.191,-152.2,30,0.0000,0.00
15:52:24,22.26344559155614,84.90972962891811,-34.069,-31.664,0.11,-0.090,-0.191,-151.6,30,0.0000,0.00
15:52:24,22.26344559155614,84.90972962891811,-34.074,-31.673,0.08,-0.090,-0.191,-151.0,30,0.0000,0.00
15:52:24,22.26344559155614,84.90972962891811,-34.078,-31.683,0.08,-0.090,-0.191,-150.0,30,0.0000,0.00
15:52:24,22.26344559155614,84.90972962891811,-34.083,-31.693,0.08,-0.090,-0.191,-150.0,30,0.0000,0.00
15:52:24,22.26344559155614,84.90972962891811,-34.087,-31.702,0.08,-0.090,-0.191,-149.5,30,0.0000,0.00
15:52:24,22.26344559155614,84.90972962891811,-34.092,-31.712,0.08,-0.090,-0.191,-148.6,30,0.0000,0.00
15:52:24,22.26344559155614,84.90972962891811,-34.096,-31.722,0.08,-0.090,-0.191,-148.2,30,0.0000,0.00
15:52:24,22.26344559155614,84.90972962891811,-34.101,-31.731,0.08,-0.090,-0.191,-148.2,30,0.0000,0.00
15:52:24,22.26344559155614,84.90972962891811,-34.105,-31.741,0.08,-0.090,-0.191,-147.8,30,0.0000,0.00
15:52:24,22.26344559155614,84.90972962891811,-34.110,-31.750,0.09,-0.090,-0.191,-147.0,30,0.0000,0.00
15:52:24,22.26344559155614,84.90972962891811,-34.114,-31.760,0.09,-0.090,-0.191,-146.6,30,0.0000,0.00
15:52:24,22.26344559155614,84.90972962891811,-34.119,-31.770,0.09,-0.090,-0.191,-146.6,30,0.0000,0.00
15:52:24,22.26344559155614,84.90972962891811,-34.123,-31.779,0.09,-0.090,-0.191,-146.3,30,0.0000,0.00
15:52:25,22.26344559155614,84.90972962891811,-34.128,-31.789,0.10,-0.090,-0.191,-145.8,30,0.0000,0.00
15:52:25,22.26344559155614,84.90972962891811,-34.132,-31.799,0.10,-0.090,-0.191,-145.6,30,0.0000,0.00
15:52:25,22.26344559155614,84.90972962891811,-34.137,-31.808,0.10,-0.090,-0.191,-145.6,30,0.0000,0.00
15:52:25,22.26344559155614,84.90972962891811,-34.141,-31.818,0.10,-0.090,-0.191,-145.1,30,0.0000,0.00
15:52:25,22.26344559155614,84.90972962891811,-34.146,-31.827,0.10,-0.090,-0.191,-144.9,30,0.0000,0.00
15:52:25,22.26344559155614,84.90972962891811,-34.150,-31.837,0.10,-0.090,-0.191,-144.8,30,0.0000,0.00
15:52:25,22.26344559155614,84.90972962891811,-34.259,-31.959,0.10,-0.239,-0.353,-144.8,30,0.0048,0.00
15:52:25,22.26344559155614,84.90972962891811,-34.271,-31.977,0.10,-0.239,-0.353,-144.7,30,0.0000,0.00
15:52:25,22.26344559155614,84.90972962891811,-34.283,-31.995,0.10,-0.239,-0.353,-144.7,30,0.0000,0.00
15:52:25,22.26344559155614,84.90972962891811,-34.295,-32.013,0.11,-0.239,-0.353,-144.8,30,0.0000,0.00
15:52:25,22.26344559155614,84.90972962891811,-34.307,-32.031,0.11,-0.239,-0.353,-144.8,30,0.0000,0.00
15:52:25,22.26344559155614,84.90972962891811,-34.319,-32.048,0.11,-0.239,-0.353,-145.2,30,0.0000,0.00
15:52:25,22.26344559155614,84.90972962891811,-34.331,-32.066,0.11,-0.239,-0.353,-145.4,30,0.0000,0.00
15:52:25,22.26344559155614,84.90972962891811,-34.343,-32.084,0.11,-0.239,-0.353,-145.6,30,0.0000,0.00
15:52:25,22.26344559155614,84.90972962891811,-34.355,-32.102,0.11,-0.239,-0.353,-145.6,30,0.0000,0.00
15:52:25,22.26344559155614,84.90972962891811,-34.367,-32.119,0.11,-0.239,-0.353,-145.6,30,0.0000,0.00
15:52:25,22.26344559155614,84.90972962891811,-34.379,-32.137,0.11,-0.239,-0.353,-145.6,30,0.0000,0.00
15:52:25,22.26344559155614,84.90972962891811,-34.391,-32.155,0.13,-0.239,-0.353,-145.6,30,0.0000,0.00
15:52:25,22.26344559155614,84.90972962891811,-34.403,-32.173,0.13,-0.239,-0.353,-145.6,30,0.0000,0.00
15:52:26,22.26344559155614,84.90972962891811,-34.415,-32.191,0.13,-0.239,-0.353,-145.7,30,0.0000,0.00
15:52:26,22.26344559155614,84.90972962891811,-34.427,-32.208,0.13,-0.239,-0.353,-145.9,30,0.0000,0.00
15:52:26,22.26344559155614,84.90972962891811,-34.439,-32.226,0.13,-0.239,-0.353,-146.2,30,0.0000,0.00
15:52:26,22.26344559155614,84.90972962891811,-34.529,-32.232,0.13,-0.365,-0.334,-146.2,30,0.0051,0.00
15:52:26,22.26344559155614,84.90972962891811,-34.547,-32.249,0.13,-0.365,-0.334,-147.0,30,0.0000,0.00
15:52:26,22.26344559155614,84.90972962891811,-34.566,-32.266,0.13,-0.365,-0.334,-147.5,30,0.0000,0.00
15:52:26,22.26344559155614,84.90972962891811,-34.584,-32.282,0.13,-0.365,-0.334,-147.9,30,0.0000,0.00
15:52:26,22.26344559155614,84.90972962891811,-34.603,-32.299,0.13,-0.365,-0.334,-147.9,30,0.0000,0.00
15:52:26,22.26344559155614,84.90972962891811,-34.621,-32.316,0.13,-0.365,-0.334,-147.9,30,0.0000,0.00
15:52:26,22.26344559155614,84.90972962891811,-34.639,-32.333,0.13,-0.365,-0.334,-148.7,30,0.0000,0.00
15:52:26,22.26344559155614,84.90972962891811,-34.658,-32.349,0.13,-0.365,-0.334,-148.9,30,0.0000,0.00
15:52:26,22.26344559155614,84.90972962891811,-34.687,-32.381,0.11,-0.388,-0.366,-148.9,30,0.0054,0.00
15:52:26,22.26344559155614,84.90972962891811,-34.706,-32.400,0.11,-0.388,-0.366,-150.1,30,0.0000,0.00
15:52:26,22.26344559155614,84.90972962891811,-34.726,-32.418,0.11,-0.388,-0.366,-151.4,30,0.0000,0.00
15:52:26,22.26344559155614,84.90972962891811,-34.745,-32.436,0.11,-0.388,-0.366,-152.9,30,0.0000,0.00
15:52:26,22.26344559155614,84.90972962891811,-34.765,-32.455,0.12,-0.388,-0.366,-152.9,30,0.0000,0.00
15:52:26,22.26344559155614,84.90972962891811,-34.784,-32.473,0.12,-0.388,-0.366,-156.4,30,0.0000,0.00
15:52:26,22.26344559155614,84.90972962891811,-34.804,-32.492,0.12,-0.388,-0.366,-157.8,30,0.0000,0.00
15:52:26,22.26344559155614,84.90972962891811,-34.823,-32.510,0.12,-0.388,-0.366,-159.0,30,0.0000,0.00
15:52:26,22.26344559155614,84.90972962891811,-34.864,-32.529,0.12,-0.443,-0.367,-159.0,30,0.0052,0.00
15:52:27,22.26344559155614,84.90972962891811,-34.887,-32.548,0.12,-0.443,-0.367,-160.6,30,0.0000,0.00
15:52:27,22.26344559155614,84.90972962891811,-34.909,-32.566,0.12,-0.443,-0.367,-161.2,30,0.0000,0.00
15:52:27,22.26344559155614,84.90972962891811,-34.931,-32.585,0.12,-0.443,-0.367,-161.6,30,0.0000,0.00
15:52:27,22.26344559155614,84.90972962891811,-34.954,-32.603,0.12,-0.443,-0.367,-161.6,30,0.0000,0.00
15:52:27,22.26344559155614,84.90972962891811,-34.976,-32.622,0.14,-0.443,-0.367,-161.7,30,0.0000,0.00
15:52:27,22.26344559155614,84.90972962891811,-34.998,-32.640,0.14,-0.443,-0.367,-161.6,30,0.0000,0.00
15:52:27,22.26344559155614,84.90972962891811,-35.020,-32.659,0.14,-0.443,-0.367,-161.9,30,0.0000,0.00
15:52:27,22.26344559155614,84.90972962891811,-35.032,-32.696,0.14,-0.413,-0.420,-161.9,30,0.0055,0.00
15:52:27,22.26344559155614,84.90972962891811,-35.073,-32.739,0.14,-0.413,-0.420,-166.0,30,0.0000,0.00
15:52:27,22.26344559155614,84.90972962891811,-35.094,-32.760,0.14,-0.413,-0.420,-167.7,30,0.0000,0.00
15:52:27,22.26344559155614,84.90972962891811,-35.115,-32.781,0.14,-0.413,-0.420,-167.7,30,0.0000,0.00
15:52:27,22.26344559155614,84.90972962891811,-35.136,-32.802,0.14,-0.413,-0.420,-170.0,30,0.0000,0.00
15:52:27,22.26344559155614,84.90972962891811,-35.157,-32.823,0.14,-0.413,-0.420,-170.7,30,0.0000,0.00
15:52:27,22.26344559155614,84.90972962891811,-35.177,-32.844,0.14,-0.413,-0.420,-171.4,30,0.0000,0.00
15:52:27,22.26344559155614,84.90972962891811,-35.179,-32.881,0.14,-0.359,-0.462,-172.9,30,0.0053,0.00
15:52:27,22.26344559155614,84.90972962891811,-35.197,-32.904,0.14,-0.359,-0.462,-172.9,30,0.0000,0.00
15:52:27,22.26344559155614,84.90972962891811,-35.215,-32.927,0.14,-0.359,-0.462,-173.5,30,0.0000,0.00
15:52:27,22.26344559155614,84.90972962891811,-35.233,-32.951,0.14,-0.359,-0.462,-173.6,30,0.0000,0.00
15:52:27,22.26344559155614,84.90972962891811,-35.251,-32.974,0.14,-0.359,-0.462,-173.0,30,0.0000,0.00
15:52:27,22.26344559155614,84.90972962891811,-35.269,-32.997,0.14,-0.359,-0.462,-173.0,30,0.0000,0.00
15:52:28,22.26344559155614,84.90972962891811,-35.288,-33.020,0.14,-0.359,-0.462,-172.4,30,0.0000,0.00
15:52:28,22.26344559155614,84.90972962891811,-35.306,-33.044,0.14,-0.359,-0.462,-171.8,30,0.0000,0.00
15:52:28,22.26344559155614,84.90972962891811,-35.291,-33.087,0.14,-0.268,-0.520,-171.1,30,0.0059,0.00
15:52:28,22.26344559155614,84.90972962891811,-35.304,-33.114,0.14,-0.268,-0.520,-171.1,30,0.0000,0.00
15:52:28,22.26344559155614,84.90972962891811,-35.318,-33.140,0.15,-0.268,-0.520,-170.8,30,0.0000,0.00
15:52:28,22.26344559155614,84.90972962891811,-35.331,-33.166,0.15,-0.268,-0.520,-170.8,30,0.0000,0.00
15:52:28,22.26344559155614,84.90972962891811,-35.345,-33.192,0.15,-0.268,-0.520,-170.8,30,0.0000,0.00
15:52:28,22.26344559155614,84.90972962891811,-35.358,-33.218,0.15,-0.268,-0.520,-170.9,30,0.0000,0.00
15:52:28,22.26344559155614,84.90972962891811,-35.372,-33.244,0.14,-0.268,-0.520,-171.0,30,0.0000,0.00
15:52:28,22.26344559155614,84.90972962891811,-35.385,-33.270,0.14,-0.268,-0.520,-171.2,30,0.0000,0.00
15:52:28,22.26344559155614,84.90972962891811,-35.345,-33.247,0.14,-0.117,-0.379,-171.7,30,0.0035,0.00
15:52:28,22.26344559155614,84.90972962891811,-35.351,-33.266,0.14,-0.117,-0.379,-171.7,30,0.0000,0.00
15:52:28,22.26344559155614,84.90972962891811,-35.357,-33.285,0.14,-0.117,-0.379,-171.8,30,0.0000,0.00
15:52:28,22.26344559155614,84.90972962891811,-35.363,-33.304,0.14,-0.117,-0.379,-171.9,30,0.0000,0.00
15:52:28,22.26344559155614,84.90972962891811,-35.369,-33.323,0.14,-0.117,-0.379,-172.1,30,0.0000,0.00
15:52:28,22.26344559155614,84.90972962891811,-35.374,-33.342,0.14,-0.117,-0.379,-172.1,30,0.0000,0.00
15:52:28,22.26344559155614,84.90972962891811,-35.380,-33.361,0.14,-0.117,-0.379,-172.1,30,0.0000,0.00
15:52:28,22.26344559155614,84.90972962891811,-35.386,-33.380,0.14,-0.117,-0.379,-172.2,30,0.0000,0.00
15:52:28,22.26344559155614,84.90972962891811,-35.392,-33.399,0.14,-0.117,-0.379,-172.2,30,0.0000,0.00
15:52:29,22.26344559155614,84.90972962891811,-35.398,-33.418,0.14,-0.117,-0.379,-173.1,30,0.0000,0.00
15:52:29,22.26344559155614,84.90972962891811,-35.404,-33.437,0.14,-0.117,-0.379,-173.7,30,0.0000,0.00
15:52:29,22.26344559155614,84.90972962891811,-35.410,-33.456,0.15,-0.117,-0.379,-175.5,30,0.0000,0.00
15:52:29,22.26344559155614,84.90972962891811,-35.416,-33.475,0.15,-0.117,-0.379,-175.5,30,0.0000,0.00
15:52:29,22.26344559155614,84.90972962891811,-35.421,-33.495,0.15,-0.117,-0.379,-176.6,30,0.0000,0.00
15:52:29,22.26344559155614,84.90972962891811,-35.427,-33.514,0.15,-0.117,-0.379,-178.0,30,0.0000,0.00
15:52:29,22.26344559155614,84.90972962891811,-35.433,-33.533,0.15,-0.117,-0.379,-179.4,30,0.0000,0.00
15:52:29,22.26344559155614,84.90972962891811,-35.391,-33.479,0.15,-0.025,-0.240,-179.4,30,0.0029,0.00
15:52:29,22.26344559155614,84.90972962891811,-35.393,-33.492,0.15,-0.025,-0.240,177.7,30,0.0000,0.00
15:52:29,22.26344559155614,84.90972962891811,-35.394,-33.504,0.15,-0.025,-0.240,176.3,30,0.0000,0.00
15:52:29,22.26344559155614,84.90972962891811,-35.395,-33.516,0.14,-0.025,-0.240,173.6,30,0.0000,0.00
15:52:29,22.26344559155614,84.90972962891811,-35.396,-33.528,0.14,-0.025,-0.240,173.6,30,0.0000,0.00
15:52:29,22.26344559155614,84.90972962891811,-35.398,-33.540,0.14,-0.025,-0.240,172.4,30,0.0000,0.00
15:52:29,22.26344559155614,84.90972962891811,-35.399,-33.552,0.14,-0.025,-0.240,171.2,30,0.0000,0.00
15:52:29,22.26344559155614,84.90972962891811,-35.400,-33.564,0.13,-0.025,-0.240,168.7,30,0.0000,0.00
15:52:29,22.26344559155614,84.90972962891811,-35.402,-33.576,0.13,-0.025,-0.240,168.7,30,0.0000,0.00
15:52:29,22.26344559155614,84.90972962891811,-35.403,-33.588,0.13,-0.025,-0.240,167.1,30,0.0000,0.00
15:52:29,22.26344559155614,84.90972962891811,-35.404,-33.600,0.13,-0.025,-0.240,163.4,30,0.0000,0.00
15:52:29,22.26344559155614,84.90972962891811,-35.405,-33.612,0.13,-0.025,-0.240,163.4,30,0.0000,0.00
15:52:29,22.26344559155614,84.90972962891811,-35.407,-33.624,0.13,-0.025,-0.240,161.6,30,0.0000,0.00
15:52:30,22.26344559155614,84.90972962891811,-35.408,-33.636,0.13,-0.025,-0.240,158.2,30,0.0000,0.00
15:52:30,22.26344559155614,84.90972962891811,-35.409,-33.649,0.13,-0.025,-0.240,158.2,30,0.0000,0.00
15:52:30,22.26344559155614,84.90972962891811,-35.436,-33.616,0.13,-0.072,-0.158,156.7,30,0.0020,0.00
15:52:30,22.26344559155614,84.90972962891811,-35.440,-33.624,0.13,-0.072,-0.158,155.3,30,0.0000,0.00
15:52:30,22.26344559155614,84.90972962891811,-35.444,-33.632,0.13,-0.072,-0.158,152.9,30,0.0000,0.00
15:52:30,22.26344559155614,84.90972962891811,-35.447,-33.640,0.13,-0.072,-0.158,152.9,30,0.0000,0.00
15:52:30,22.26344559155614,84.90972962891811,-35.451,-33.648,0.13,-0.072,-0.158,151.9,30,0.0000,0.00
15:52:30,22.26344559155614,84.90972962891811,-35.454,-33.656,0.13,-0.072,-0.158,151.1,30,0.0000,0.00
15:52:30,22.26344559155614,84.90972962891811,-35.458,-33.664,0.13,-0.072,-0.158,150.0,30,0.0000,0.00
15:52:30,22.26344559155614,84.90972962891811,-35.462,-33.672,0.13,-0.072,-0.158,149.6,30,0.0000,0.00
15:52:30,22.26344559155614,84.90972962891811,-35.443,-33.632,0.13,-0.021,-0.047,149.6,30,0.0022,0.00
15:52:30,22.26344559155614,84.90972962891811,-35.444,-33.634,0.13,-0.021,-0.047,149.2,30,0.0000,0.00
15:52:30,22.26344559155614,84.90972962891811,-35.445,-33.636,0.13,-0.021,-0.047,148.9,30,0.0000,0.00
15:52:30,22.26344559155614,84.90972962891811,-35.447,-33.639,0.13,-0.021,-0.047,148.8,30,0.0000,0.00
15:52:30,22.26344559155614,84.90972962891811,-35.448,-33.641,0.13,-0.021,-0.047,148.8,30,0.0000,0.00
15:52:30,22.26344559155614,84.90972962891811,-35.449,-33.643,0.13,-0.021,-0.047,148.8,30,0.0000,0.00
15:52:30,22.26344559155614,84.90972962891811,-35.450,-33.646,0.14,-0.021,-0.047,149.0,30,0.0000,0.00
15:52:30,22.26344559155614,84.90972962891811,-35.451,-33.648,0.14,-0.021,-0.047,149.2,30,0.0000,0.00
15:52:30,22.26344559155614,84.90972962891811,-35.446,-33.638,0.14,-0.007,-0.015,149.2,30,0.0033,0.00
15:52:31,22.26344559155614,84.90972962891811,-35.447,-33.639,0.14,-0.007,-0.015,149.5,30,0.0000,0.00
15:52:31,22.26344559155614,84.90972962891811,-35.447,-33.640,0.13,-0.007,-0.015,150.2,30,0.0000,0.00
15:52:31,22.26344559155614,84.90972962891811,-35.448,-33.641,0.13,-0.007,-0.015,150.7,30,0.0000,0.00
15:52:31,22.26344559155614,84.90972962891811,-35.448,-33.641,0.13,-0.007,-0.015,150.7,30,0.0000,0.00
15:52:31,22.26344559155614,84.90972962891811,-35.448,-33.642,0.13,-0.007,-0.015,151.2,30,0.0000,0.00
15:52:31,22.26344559155614,84.90972962891811,-35.449,-33.643,0.13,-0.007,-0.015,152.5,30,0.0000,0.00
15:52:31,22.26344559155614,84.90972962891811,-35.449,-33.644,0.13,-0.007,-0.015,153.1,30,0.0000,0.00
15:52:31,22.26344559155614,84.90972962891811,-35.437,-33.661,0.13,0.026,-0.061,153.1,30,0.0020,0.00
15:52:31,22.26344559155614,84.90972962891811,-35.436,-33.664,0.13,0.026,-0.061,153.9,30,0.0000,0.00
15:52:31,22.26344559155614,84.90972962891811,-35.435,-33.667,0.13,0.026,-0.061,156.4,30,0.0000,0.00
15:52:31,22.26344559155614,84.90972962891811,-35.433,-33.670,0.13,0.026,-0.061,156.4,30,0.0000,0.00
15:52:31,22.26344559155614,84.90972962891811,-35.432,-33.673,0.13,0.026,-0.061,158.2,30,0.0000,0.00
15:52:31,22.26344559155614,84.90972962891811,-35.431,-33.676,0.13,0.026,-0.061,162.2,30,0.0000,0.00
15:52:31,22.26344559155614,84.90972962891811,-35.429,-33.680,0.13,0.026,-0.061,164.3,30,0.0000,0.00
15:52:31,22.26344559155614,84.90972962891811,-35.428,-33.683,0.13,0.026,-0.061,164.3,30,0.0000,0.00
15:52:31,22.26344559155614,84.90972962891811,-35.427,-33.686,0.13,0.026,-0.061,166.4,30,0.0000,0.00
15:52:31,22.26344559155614,84.90972962891811,-35.425,-33.689,0.13,0.026,-0.061,170.2,30,0.0000,0.00
15:52:31,22.26344559155614,84.90972962891811,-35.424,-33.692,0.13,0.026,-0.061,171.7,30,0.0000,0.00
15:52:31,22.26344559155614,84.90972962891811,-35.423,-33.695,0.13,0.026,-0.061,172.7,30,0.0000,0.00
15:52:31,22.26344559155614,84.90972962891811,-35.421,-33.698,0.13,0.026,-0.061,172.7,30,0.0000,0.00
15:52:31,22.26344559155614,84.90972962891811,-35.420,-33.701,0.13,0.026,-0.061,173.3,30,0.0000,0.00
15:52:32,22.26344559155614,84.90972962891811,-35.419,-33.704,0.13,0.026,-0.061,173.3,30,0.0000,0.00
15:52:32,22.26344559155614,84.90972962891811,-35.413,-33.805,0.11,0.035,-0.258,173.3,30,0.0032,0.00
15:52:32,22.26344559155614,84.90972962891811,-35.411,-33.819,0.11,0.035,-0.258,173.3,30,0.0000,0.00
15:52:32,22.26344559155614,84.90972962891811,-35.409,-33.832,0.11,0.035,-0.258,173.3,30,0.0000,0.00
15:52:32,22.26344559155614,84.90972962891811,-35.408,-33.845,0.11,0.035,-0.258,173.3,30,0.0000,0.00
15:52:32,22.26344559155614,84.90972962891811,-35.406,-33.858,0.11,0.035,-0.258,173.3,30,0.0000,0.00
15:52:32,22.26344559155614,84.90972962891811,-35.404,-33.871,0.11,0.035,-0.258,173.3,30,0.0000,0.00
15:52:32,22.26344559155614,84.90972962891811,-35.402,-33.884,0.11,0.035,-0.258,173.7,30,0.0000,0.00
15:52:32,22.26344559155614,84.90972962891811,-35.400,-33.897,0.11,0.035,-0.258,173.6,30,0.0000,0.00
15:52:32,22.26344559155614,84.90972962891811,-35.399,-33.910,0.11,0.035,-0.258,173.3,30,0.0000,0.00
15:52:32,22.26344559155614,84.90972962891811,-35.397,-33.923,0.10,0.035,-0.258,173.3,30,0.0000,0.00
15:52:32,22.26344559155614,84.90972962891811,-35.395,-33.936,0.10,0.035,-0.258,172.4,30,0.0000,0.00
15:52:32,22.26344559155614,84.90972962891811,-35.393,-33.949,0.10,0.035,-0.258,171.9,30,0.0000,0.00
15:52:32,22.26344559155614,84.90972962891811,-35.392,-33.962,0.10,0.035,-0.258,171.9,30,0.0000,0.00
15:52:32,22.26344559155614,84.90972962891811,-35.390,-33.975,0.10,0.035,-0.258,171.5,30,0.0000,0.00
15:52:32,22.26344559155614,84.90972962891811,-35.388,-33.988,0.10,0.035,-0.258,170.9,30,0.0000,0.00
15:52:32,22.26344559155614,84.90972962891811,-35.386,-34.001,0.10,0.035,-0.258,170.9,30,0.0000,0.00
15:52:32,22.26344559155614,84.90972962891811,-35.384,-34.014,0.10,0.035,-0.258,170.9,30,0.0000,0.00
15:52:32,22.26344559155614,84.90972962891811,-35.383,-34.027,0.10,0.035,-0.258,171.2,30,0.0000,0.00
15:52:33,22.26344559155614,84.90972962891811,-35.381,-34.040,0.10,0.035,-0.258,172.5,30,0.0000,0.00
15:52:33,22.26344559155614,84.90972962891811,-35.379,-34.053,0.10,0.035,-0.258,173.3,30,0.0000,0.00
15:52:33,22.26344559155614,84.90972962891811,-35.377,-34.066,0.10,0.035,-0.258,173.3,30,0.0000,0.00
15:52:33,22.26344559155614,84.90972962891811,-35.376,-34.079,0.10,0.035,-0.258,174.7,30,0.0000,0.00
15:52:33,22.26344559155614,84.90972962891811,-35.374,-34.092,0.11,0.035,-0.258,175.4,30,0.0000,0.00
15:52:33,22.26344559155614,84.90972962891811,-35.372,-34.105,0.11,0.035,-0.258,176.0,30,0.0000,0.00
15:52:33,22.26344559155614,84.90972962891811,-35.370,-34.118,0.11,0.035,-0.258,176.0,30,0.0000,0.00
15:52:33,22.26344559155614,84.90972962891811,-35.368,-34.131,0.11,0.035,-0.258,176.9,30,0.0000,0.00
15:52:33,22.26344559155614,84.90972962891811,-35.367,-34.144,0.12,0.035,-0.258,177.1,30,0.0000,0.00
15:52:33,22.26344559155614,84.90972962891811,-35.365,-34.157,0.12,0.035,-0.258,177.3,30,0.0000,0.00
15:52:33,22.26344559155614,84.90972962891811,-35.363,-34.170,0.12,0.035,-0.258,177.3,30,0.0000,0.00
15:52:33,22.26344559155614,84.90972962891811,-35.361,-34.183,0.12,0.035,-0.258,177.3,30,0.0000,0.00
15:52:33,22.26344559155614,84.90972962891811,-35.360,-34.196,0.12,0.035,-0.258,177.3,30,0.0000,0.00
15:52:33,22.26344559155614,84.90972962891811,-35.358,-34.209,0.12,0.035,-0.258,177.2,30,0.0000,0.00
15:52:33,22.26344559155614,84.90972962891811,-35.356,-34.222,0.12,0.035,-0.258,177.2,30,0.0000,0.00
15:52:33,22.26344559155614,84.90972962891811,-35.354,-34.235,0.12,0.035,-0.258,177.0,30,0.0000,0.00
15:52:33,22.26344559155614,84.90972962891811,-35.353,-34.248,0.11,0.035,-0.258,176.9,30,0.0000,0.00
15:52:33,22.26344559155614,84.90972962891811,-35.351,-34.261,0.11,0.035,-0.258,176.8,30,0.0000,0.00
15:52:33,22.26344559155614,84.90972962891811,-35.349,-34.274,0.11,0.035,-0.258,176.8,30,0.0000,0.00
15:52:33,22.26344559155614,84.90972962891811,-35.347,-34.287,0.11,0.035,-0.258,176.5,30,0.0000,0.00
15:52:34,22.26344559155614,84.90972962891811,-35.345,-34.300,0.11,0.035,-0.258,176.3,30,0.0000,0.00
15:52:34,22.26344559155614,84.90972962891811,-35.344,-34.313,0.12,0.035,-0.258,176.0,30,0.0000,0.00
15:52:34,22.26344559155614,84.90972962891811,-35.342,-34.326,0.12,0.035,-0.258,176.0,30,0.0000,0.00
15:52:34,22.26344559155614,84.90972962891811,-35.340,-34.339,0.12,0.035,-0.258,175.6,30,0.0000,0.00
15:52:34,22.26344559155614,84.90972962891811,-35.338,-34.352,0.12,0.035,-0.258,175.3,30,0.0000,0.00
15:52:34,22.26344559155614,84.90972962891811,-35.363,-34.218,0.12,0.013,-0.135,175.1,30,0.0016,0.00
15:52:34,22.26344559155614,84.90972962891811,-35.363,-34.224,0.12,0.013,-0.135,175.1,30,0.0000,0.00
15:52:34,22.26344559155614,84.90972962891811,-35.362,-34.231,0.12,0.013,-0.135,174.6,30,0.0000,0.00
15:52:34,22.26344559155614,84.90972962891811,-35.361,-34.238,0.12,0.013,-0.135,174.4,30,0.0000,0.00
15:52:34,22.26344559155614,84.90972962891811,-35.361,-34.245,0.12,0.013,-0.135,174.3,30,0.0000,0.00
15:52:34,22.26344559155614,84.90972962891811,-35.360,-34.251,0.12,0.013,-0.135,174.3,30,0.0000,0.00
15:52:34,22.26344559155614,84.90972962891811,-35.359,-34.258,0.12,0.013,-0.135,175.0,30,0.0000,0.00
15:52:34,22.26344559155614,84.90972962891811,-35.359,-34.265,0.12,0.013,-0.135,175.7,30,0.0000,0.00
15:52:34,22.26344559155614,84.90972962891811,-35.362,-34.264,0.12,0.007,-0.124,177.7,30,0.0017,0.00
15:52:34,22.26344559155614,84.90972962891811,-35.362,-34.271,0.12,0.007,-0.124,177.7,30,0.0000,0.00
15:52:34,22.26344559155614,84.90972962891811,-35.361,-34.277,0.12,0.007,-0.124,179.0,30,0.0000,0.00
15:52:34,22.26344559155614,84.90972962891811,-35.361,-34.283,0.12,0.007,-0.124,-179.4,30,0.0000,0.00
15:52:34,22.26344559155614,84.90972962891811,-35.361,-34.289,0.12,0.007,-0.124,-175.2,30,0.0000,0.00
15:52:34,22.26344559155614,84.90972962891811,-35.360,-34.295,0.12,0.007,-0.124,-175.2,30,0.0000,0.00
15:52:34,22.26344559155614,84.90972962891811,-35.360,-34.302,0.12,0.007,-0.124,-172.7,30,0.0000,0.00
15:52:35,22.26344559155614,84.90972962891811,-35.359,-34.308,0.12,0.007,-0.124,-170.0,30,0.0000,0.00
15:52:35,22.26344559155614,84.90972962891811,-35.321,-34.333,0.12,0.090,-0.164,-170.0,30,0.0025,0.00
15:52:35,22.26344559155614,84.90972962891811,-35.317,-34.341,0.10,0.090,-0.164,-164.2,30,0.0000,0.00
15:52:35,22.26344559155614,84.90972962891811,-35.312,-34.349,0.10,0.090,-0.164,-161.3,30,0.0000,0.00
15:52:35,22.26344559155614,84.90972962891811,-35.307,-34.357,0.10,0.090,-0.164,-155.3,30,0.0000,0.00
15:52:35,22.26344559155614,84.90972962891811,-35.303,-34.366,0.10,0.090,-0.164,-155.3,30,0.0000,0.00
15:52:35,22.26344559155614,84.90972962891811,-35.298,-34.374,0.10,0.090,-0.164,-152.3,30,0.0000,0.00
15:52:35,22.26344559155614,84.90972962891811,-35.294,-34.382,0.10,0.090,-0.164,-149.5,30,0.0000,0.00
15:52:35,22.26344559155614,84.90972962891811,-35.289,-34.390,0.10,0.090,-0.164,-144.6,30,0.0000,0.00
15:52:35,22.26344559155614,84.90972962891811,-35.282,-34.420,0.10,0.097,-0.220,-144.6,30,0.0025,0.00
15:52:35,22.26344559155614,84.90972962891811,-35.277,-34.431,0.12,0.097,-0.220,-142.4,30,0.0000,0.00
15:52:35,22.26344559155614,84.90972962891811,-35.272,-34.442,0.12,0.097,-0.220,-140.4,30,0.0000,0.00
15:52:35,22.26344559155614,84.90972962891811,-35.268,-34.454,0.12,0.097,-0.220,-136.8,30,0.0000,0.00
15:52:35,22.26344559155614,84.90972962891811,-35.263,-34.465,0.12,0.097,-0.220,-136.8,30,0.0000,0.00
15:52:35,22.26344559155614,84.90972962891811,-35.258,-34.476,0.12,0.097,-0.220,-135.3,30,0.0000,0.00
15:52:35,22.26344559155614,84.90972962891811,-35.253,-34.487,0.11,0.097,-0.220,-134.1,30,0.0000,0.00
15:52:35,22.26344559155614,84.90972962891811,-35.248,-34.498,0.11,0.097,-0.220,-132.6,30,0.0000,0.00
15:52:35,22.26344559155614,84.90972962891811,-35.236,-34.488,0.11,0.118,-0.164,-132.6,30,0.0024,0.00
15:52:35,22.26344559155614,84.90972962891811,-35.230,-34.497,0.11,0.118,-0.164,-132.3,30,0.0000,0.00
15:52:36,22.26344559155614,84.90972962891811,-35.224,-34.505,0.11,0.118,-0.164,-132.2,30,0.0000,0.00
15:52:36,22.26344559155614,84.90972962891811,-35.218,-34.513,0.11,0.118,-0.164,-132.5,30,0.0000,0.00
15:52:36,22.26344559155614,84.90972962891811,-35.212,-34.522,0.11,0.118,-0.164,-132.5,30,0.0000,0.00
15:52:36,22.26344559155614,84.90972962891811,-35.206,-34.530,0.11,0.118,-0.164,-132.9,30,0.0000,0.00
15:52:36,22.26344559155614,84.90972962891811,-35.200,-34.538,0.12,0.118,-0.164,-133.4,30,0.0000,0.00
15:52:36,22.26344559155614,84.90972962891811,-35.194,-34.546,0.12,0.118,-0.164,-134.1,30,0.0000,0.00
15:52:36,22.26344559155614,84.90972962891811,-35.217,-34.514,0.12,0.036,-0.050,-134.1,30,0.0034,0.00
15:52:36,22.26344559155614,84.90972962891811,-35.215,-34.517,0.12,0.036,-0.050,-134.1,30,0.0000,0.00
15:52:36,22.26344559155614,84.90972962891811,-35.214,-34.519,0.11,0.036,-0.050,-133.8,30,0.0000,0.00
15:52:36,22.26344559155614,84.90972962891811,-35.212,-34.522,0.11,0.036,-0.050,-133.0,30,0.0000,0.00
15:52:36,22.26344559155614,84.90972962891811,-35.210,-34.524,0.11,0.036,-0.050,-133.0,30,0.0000,0.00
15:52:36,22.26344559155614,84.90972962891811,-35.208,-34.527,0.11,0.036,-0.050,-132.6,30,0.0000,0.00
15:52:36,22.26344559155614,84.90972962891811,-35.206,-34.529,0.11,0.036,-0.050,-132.1,30,0.0000,0.00
15:52:36,22.26344559155614,84.90972962891811,-35.204,-34.532,0.11,0.036,-0.050,-131.2,30,0.0000,0.00
15:52:36,22.26344559155614,84.90972962891811,-35.203,-34.534,0.11,0.036,-0.050,-131.2,30,0.0000,0.00
15:52:36,22.26344559155614,84.90972962891811,-35.201,-34.537,0.11,0.036,-0.050,-130.7,30,0.0000,0.00
15:52:36,22.26344559155614,84.90972962891811,-35.199,-34.539,0.11,0.036,-0.050,-130.3,30,0.0000,0.00
15:52:36,22.26344559155614,84.90972962891811,-35.197,-34.542,0.12,0.036,-0.050,-129.7,30,0.0000,0.00
15:52:36,22.26344559155614,84.90972962891811,-35.195,-34.544,0.12,0.036,-0.050,-129.7,30,0.0000,0.00
15:52:36,22.26344559155614,84.90972962891811,-35.193,-34.547,0.12,0.036,-0.050,-129.4,30,0.0000,0.00
15:52:36,22.26344559155614,84.90972962891811,-35.192,-34.550,0.12,0.036,-0.050,-129.3,30,0.0000,0.00
15:52:37,22.26344559155614,84.90972962891811,-35.190,-34.552,0.12,0.036,-0.050,-129.3,30,0.0000,0.00
15:52:37,22.26344559155614,84.90972962891811,-35.178,-34.564,0.12,0.055,-0.069,-129.1,30,0.0029,0.00
15:52:37,22.26344559155614,84.90972962891811,-35.176,-34.568,0.12,0.055,-0.069,-129.0,30,0.0000,0.00
15:52:37,22.26344559155614,84.90972962891811,-35.173,-34.571,0.12,0.055,-0.069,-128.9,30,0.0000,0.00
15:52:37,22.26344559155614,84.90972962891811,-35.170,-34.575,0.12,0.055,-0.069,-128.4,30,0.0000,0.00
15:52:37,22.26344559155614,84.90972962891811,-35.167,-34.578,0.12,0.055,-0.069,-128.4,30,0.0000,0.00
15:52:37,22.26344559155614,84.90972962891811,-35.165,-34.581,0.12,0.055,-0.069,-127.8,30,0.0000,0.00
15:52:37,22.26344559155614,84.90972962891811,-35.162,-34.585,0.12,0.055,-0.069,-126.0,30,0.0000,0.00
15:52:37,22.26344559155614,84.90972962891811,-35.159,-34.588,0.11,0.055,-0.069,-125.0,30,0.0000,0.00
15:52:37,22.26344559155614,84.90972962891811,-35.156,-34.592,0.11,0.055,-0.069,-125.0,30,0.0000,0.00
15:52:37,22.26344559155614,84.90972962891811,-35.153,-34.595,0.11,0.055,-0.069,-124.1,30,0.0000,0.00
15:52:37,22.26344559155614,84.90972962891811,-35.151,-34.599,0.11,0.055,-0.069,-122.4,30,0.0000,0.00
15:52:37,22.26344559155614,84.90972962891811,-35.148,-34.602,0.11,0.055,-0.069,-121.5,30,0.0000,0.00
15:52:37,22.26344559155614,84.90972962891811,-35.145,-34.606,0.11,0.055,-0.069,-121.5,30,0.0000,0.00
15:52:37,22.26344559155614,84.90972962891811,-35.142,-34.609,0.11,0.055,-0.069,-120.7,30,0.0000,0.00
15:52:37,22.26344559155614,84.90972962891811,-35.140,-34.613,0.11,0.055,-0.069,-118.8,30,0.0000,0.00
15:52:37,22.26344559155614,84.90972962891811,-35.137,-34.616,0.11,0.055,-0.069,-117.5,30,0.0000,0.00
15:52:37,22.26344559155614,84.90972962891811,-35.134,-34.619,0.12,0.055,-0.069,-117.5,30,0.0000,0.00
15:52:37,22.26344559155614,84.90972962891811,-35.131,-34.623,0.12,0.055,-0.069,-116.1,30,0.0000,0.00
15:52:37,22.26344559155614,84.90972962891811,-35.129,-34.626,0.12,0.055,-0.069,-112.9,30,0.0000,0.00
15:52:38,22.26344559155614,84.90972962891811,-35.126,-34.630,0.12,0.055,-0.069,-111.3,30,0.0000,0.00
15:52:38,22.26344559155614,84.90972962891811,-35.123,-34.633,0.12,0.055,-0.069,-111.3,30,0.0000,0.00
15:52:38,22.26344559155614,84.90972962891811,-35.120,-34.637,0.12,0.055,-0.069,-109.8,30,0.0000,0.00
15:52:38,22.26344559155614,84.90972962891811,-35.118,-34.640,0.12,0.055,-0.069,-107.0,30,0.0000,0.00
15:52:38,22.26344559155614,84.90972962891811,-35.115,-34.644,0.12,0.055,-0.069,-105.7,30,0.0000,0.00
15:52:38,22.26344559155614,84.90972962891811,-35.112,-34.647,0.12,0.055,-0.069,-105.7,30,0.0000,0.00
15:52:38,22.26344559155614,84.90972962891811,-35.109,-34.651,0.12,0.055,-0.069,-104.4,30,0.0000,0.00
15:52:38,22.26344559155614,84.90972962891811,-35.107,-34.654,0.12,0.055,-0.069,-102.0,30,0.0000,0.00
15:52:38,22.26344559155614,84.90972962891811,-35.104,-34.657,0.12,0.055,-0.069,-102.0,30,0.0000,0.00
15:52:38,22.26344559155614,84.90972962891811,-35.101,-34.661,0.12,0.055,-0.069,-100.5,30,0.0000,0.00
15:52:38,22.26344559155614,84.90972962891811,-35.098,-34.664,0.12,0.055,-0.069,-97.2,30,0.0000,0.00
15:52:38,22.26344559155614,84.90972962891811,-35.096,-34.668,0.12,0.055,-0.069,-95.6,30,0.0000,0.00
15:52:38,22.26344559155614,84.90972962891811,-35.093,-34.671,0.12,0.055,-0.069,-94.1,30,0.0000,0.00
15:52:38,22.26344559155614,84.90972962891811,-35.090,-34.675,0.12,0.055,-0.069,-94.1,30,0.0000,0.00
15:52:38,22.26344559155614,84.90972962891811,-35.087,-34.678,0.12,0.055,-0.069,-91.2,30,0.0000,0.00
15:52:38,22.26344559155614,84.90972962891811,-35.082,-34.685,0.12,0.055,-0.069,-88.7,30,0.0000,0.00
15:52:38,22.26344559155614,84.90972962891811,-35.079,-34.689,0.12,0.055,-0.069,-88.7,30,0.0000,0.00
15:52:38,22.26344559155614,84.90972962891811,-35.076,-34.692,0.12,0.055,-0.069,-86.7,30,0.0000,0.00
15:52:38,22.26344559155614,84.90972962891811,-35.073,-34.696,0.12,0.055,-0.069,-85.7,30,0.0000,0.00
15:52:39,22.26344559155614,84.90972962891811,-35.071,-34.699,0.12,0.055,-0.069,-84.4,30,0.0000,0.00
15:52:39,22.26344559155614,84.90972962891811,-35.068,-34.702,0.12,0.055,-0.069,-84.4,30,0.0000,0.00
15:52:39,22.26344559155614,84.90972962891811,-35.139,-34.777,0.12,-0.010,-0.130,-83.0,30,0.0059,0.00
15:52:39,22.26344559155614,84.90972962891811,-35.140,-34.783,0.12,-0.010,-0.130,-80.0,30,0.0000,0.00
15:52:39,22.26344559155614,84.90972962891811,-35.140,-34.790,0.12,-0.010,-0.130,-78.6,30,0.0000,0.00
15:52:39,22.26344559155614,84.90972962891811,-35.141,-34.796,0.12,-0.010,-0.130,-78.6,30,0.0000,0.00
15:52:39,22.26344559155614,84.90972962891811,-35.141,-34.803,0.12,-0.010,-0.130,-76.0,30,0.0000,0.00
15:52:39,22.26344559155614,84.90972962891811,-35.142,-34.809,0.12,-0.010,-0.130,-74.8,30,0.0000,0.00
15:52:39,22.26344559155614,84.90972962891811,-35.142,-34.816,0.12,-0.010,-0.130,-73.7,30,0.0000,0.00
15:52:39,22.26344559155614,84.90972962891811,-35.143,-34.822,0.12,-0.010,-0.130,-73.7,30,0.0000,0.00
15:52:39,22.26344559155614,84.90972962891811,-35.143,-34.829,0.12,-0.010,-0.130,-72.2,30,0.0000,0.00
15:52:39,22.26344559155614,84.90972962891811,-35.144,-34.836,0.12,-0.010,-0.130,-71.7,30,0.0000,0.00
15:52:39,22.26344559155614,84.90972962891811,-35.144,-34.842,0.12,-0.010,-0.130,-71.4,30,0.0000,0.00
15:52:39,22.26344559155614,84.90972962891811,-35.145,-34.849,0.12,-0.010,-0.130,-71.4,30,0.0000,0.00
15:52:39,22.26344559155614,84.90972962891811,-35.145,-34.855,0.12,-0.010,-0.130,-71.0,30,0.0000,0.00
15:52:39,22.26344559155614,84.90972962891811,-35.146,-34.862,0.12,-0.010,-0.130,-71.0,30,0.0000,0.00
15:52:39,22.26344559155614,84.90972962891811,-35.146,-34.868,0.12,-0.010,-0.130,-71.0,30,0.0000,0.00
15:52:39,22.26344559155614,84.90972962891811,-35.147,-34.875,0.12,-0.010,-0.130,-71.1,30,0.0000,0.00
15:52:39,22.26344559155614,84.90972962891811,-35.147,-34.882,0.12,-0.010,-0.130,-71.5,30,0.0000,0.00
15:52:39,22.26344559155614,84.90972962891811,-35.148,-34.888,0.12,-0.010,-0.130,-72.1,30,0.0000,0.00
15:52:40,22.26344559155614,84.90972962891811,-35.148,-34.895,0.12,-0.010,-0.130,-72.1,30,0.0000,0.00
15:52:40,22.26344559155614,84.90972962891811,-35.149,-34.901,0.12,-0.010,-0.130,-73.9,30,0.0000,0.00
15:52:40,22.26344559155614,84.90972962891811,-35.149,-34.908,0.12,-0.010,-0.130,-75.2,30,0.0000,0.00
15:52:40,22.26344559155614,84.90972962891811,-35.150,-34.914,0.12,-0.010,-0.130,-76.6,30,0.0000,0.00
15:52:40,22.26344559155614,84.90972962891811,-35.150,-34.921,0.12,-0.010,-0.130,-76.6,30,0.0000,0.00
15:52:40,22.26344559155614,84.90972962891811,-35.151,-34.927,0.12,-0.010,-0.130,-79.5,30,0.0000,0.00
15:52:40,22.26344559155614,84.90972962891811,-35.151,-34.934,0.12,-0.010,-0.130,-80.7,30,0.0000,0.00
15:52:40,22.26344559155614,84.90972962891811,-35.152,-34.941,0.12,-0.010,-0.130,-81.5,30,0.0000,0.00
15:52:40,22.26344559155614,84.90972962891811,-35.152,-34.947,0.11,-0.010,-0.130,-81.5,30,0.0000,0.00
15:52:40,22.26344559155614,84.90972962891811,-35.153,-34.954,0.11,-0.010,-0.130,-81.1,30,0.0000,0.00
15:52:40,22.26344559155614,84.90972962891811,-35.153,-34.960,0.11,-0.010,-0.130,-80.2,30,0.0000,0.00
15:52:40,22.26344559155614,84.90972962891811,-35.154,-34.967,0.11,-0.010,-0.130,-79.2,30,0.0000,0.00
15:52:40,22.26344559155614,84.90972962891811,-35.154,-34.973,0.11,-0.010,-0.130,-79.2,30,0.0000,0.00
15:52:40,22.26344559155614,84.90972962891811,-35.155,-34.980,0.11,-0.010,-0.130,-77.3,30,0.0000,0.00
15:52:40,22.26344559155614,84.90972962891811,-35.155,-34.986,0.11,-0.010,-0.130,-76.6,30,0.0000,0.00
15:52:40,22.26344559155614,84.90972962891811,-35.156,-34.993,0.11,-0.010,-0.130,-75.9,30,0.0000,0.00
15:52:40,22.26344559155614,84.90972962891811,-35.156,-35.000,0.10,-0.010,-0.130,-75.9,30,0.0000,0.00
15:52:40,22.26344559155614,84.90972962891811,-35.157,-35.006,0.10,-0.010,-0.130,-74.9,30,0.0000,0.00
15:52:40,22.26344559155614,84.90972962891811,-35.157,-35.013,0.10,-0.010,-0.130,-74.5,30,0.0000,0.00
15:52:41,22.26344559155614,84.90972962891811,-35.158,-35.019,0.10,-0.010,-0.130,-74.1,30,0.0000,0.00
15:52:41,22.26344559155614,84.90972962891811,-35.158,-35.026,0.10,-0.010,-0.130,-74.1,30,0.0000,0.00
15:52:41,22.26344559155614,84.90972962891811,-35.159,-35.032,0.11,-0.010,-0.130,-73.6,30,0.0000,0.00
15:52:41,22.26344559155614,84.90972962891811,-35.159,-35.039,0.11,-0.010,-0.130,-73.4,30,0.0000,0.00
15:52:41,22.26344559155614,84.90972962891811,-35.160,-35.045,0.11,-0.010,-0.130,-73.0,30,0.0000,0.00
15:52:41,22.26344559155614,84.90972962891811,-35.160,-35.052,0.11,-0.010,-0.130,-73.0,30,0.0000,0.00
15:52:41,22.26344559155614,84.90972962891811,-35.161,-35.059,0.11,-0.010,-0.130,-72.8,30,0.0000,0.00
15:52:41,22.26344559155614,84.90972962891811,-35.161,-35.065,0.11,-0.010,-0.130,-72.7,30,0.0000,0.00
15:52:41,22.26344559155614,84.90972962891811,-35.162,-35.072,0.11,-0.010,-0.130,-72.6,30,0.0000,0.00
15:52:41,22.26344559155614,84.90972962891811,-35.162,-35.078,0.11,-0.010,-0.130,-72.6,30,0.0000,0.00
15:52:41,22.26344559155614,84.90972962891811,-35.163,-35.085,0.10,-0.010,-0.130,-72.5,30,0.0000,0.00
15:52:41,22.26344559155614,84.90972962891811,-35.163,-35.091,0.10,-0.010,-0.130,-72.5,30,0.0000,0.00
15:52:41,22.26344559155614,84.90972962891811,-35.164,-35.098,0.10,-0.010,-0.130,-72.4,30,0.0000,0.00
15:52:41,22.26344559155614,84.90972962891811,-35.164,-35.105,0.10,-0.010,-0.130,-72.4,30,0.0000,0.00
15:52:41,22.26344559155614,84.90972962891811,-35.165,-35.111,0.10,-0.010,-0.130,-72.4,30,0.0000,0.00
15:52:41,22.26344559155614,84.90972962891811,-35.165,-35.118,0.10,-0.010,-0.130,-72.4,30,0.0000,0.00
15:52:41,22.26344559155614,84.90972962891811,-35.166,-35.124,0.10,-0.010,-0.130,-72.3,30,0.0000,0.00
15:52:41,22.26344559155614,84.90972962891811,-35.166,-35.131,0.10,-0.010,-0.130,-72.3,30,0.0000,0.00
15:52:41,22.26344559155614,84.90972962891811,-35.167,-35.137,0.10,-0.010,-0.130,-72.3,30,0.0000,0.00
15:52:41,22.26344559155614,84.90972962891811,-35.893,-34.720,0.10,-0.468,0.138,-72.2,30,0.0053,0.00
15:52:42,22.26344559155614,84.90972962891811,-35.917,-34.713,0.10,-0.468,0.138,-72.2,30,0.0000,0.00
15:52:42,22.26344559155614,84.90972962891811,-35.940,-34.706,0.10,-0.468,0.138,-72.2,30,0.0000,0.00
15:52:42,22.26344559155614,84.90972962891811,-35.964,-34.699,0.10,-0.468,0.138,-72.3,30,0.0000,0.00
15:52:42,22.26344559155614,84.90972962891811,-35.988,-34.692,0.12,-0.468,0.138,-72.3,30,0.0000,0.00
15:52:42,22.26344559155614,84.90972962891811,-36.011,-34.685,0.12,-0.468,0.138,-72.4,30,0.0000,0.00
15:52:42,22.26344559155614,84.90972962891811,-36.035,-34.678,0.12,-0.468,0.138,-72.4,30,0.0000,0.00
15:52:42,22.26344559155614,84.90972962891811,-36.058,-34.671,0.12,-0.468,0.138,-72.5,30,0.0000,0.00
15:52:42,22.26344559155614,84.90972962891811,-36.104,-34.601,0.13,-0.495,0.212,-72.5,30,0.0055,0.00
15:52:42,22.26344559155614,84.90972962891811,-36.129,-34.590,0.13,-0.495,0.212,-72.7,30,0.0000,0.00
15:52:42,22.26344559155614,84.90972962891811,-36.154,-34.579,0.13,-0.495,0.212,-72.8,30,0.0000,0.00
15:52:42,22.26344559155614,84.90972962891811,-36.179,-34.569,0.13,-0.495,0.212,-73.0,30,0.0000,0.00
15:52:42,22.26344559155614,84.90972962891811,-36.204,-34.558,0.13,-0.495,0.212,-73.0,30,0.0000,0.00
15:52:42,22.26344559155614,84.90972962891811,-36.229,-34.547,0.13,-0.495,0.212,-73.0,30,0.0000,0.00
15:52:42,22.26344559155614,84.90972962891811,-36.254,-34.537,0.13,-0.495,0.212,-73.0,30,0.0000,0.00
15:52:42,22.26344559155614,84.90972962891811,-36.279,-34.526,0.13,-0.495,0.212,-73.0,30,0.0000,0.00
15:52:42,22.26344559155614,84.90972962891811,-36.304,-34.515,0.13,-0.495,0.212,-73.0,30,0.0000,0.00
15:52:42,22.26344559155614,84.90972962891811,-36.328,-34.505,0.12,-0.495,0.212,-73.0,30,0.0000,0.00
15:52:42,22.26344559155614,84.90972962891811,-36.353,-34.494,0.12,-0.495,0.212,-72.9,30,0.0000,0.00
15:52:42,22.26344559155614,84.90972962891811,-36.378,-34.483,0.12,-0.495,0.212,-72.8,30,0.0000,0.00
15:52:42,22.26344559155614,84.90972962891811,-36.403,-34.473,0.12,-0.495,0.212,-72.8,30,0.0000,0.00
15:52:43,22.26344559155614,84.90972962891811,-36.428,-34.462,0.12,-0.495,0.212,-72.8,30,0.0000,0.00
15:52:43,22.26344559155614,84.90972962891811,-36.453,-34.451,0.12,-0.495,0.212,-72.8,30,0.0000,0.00
15:52:43,22.26344559155614,84.90972962891811,-36.478,-34.440,0.12,-0.495,0.212,-72.8,30,0.0000,0.00
15:52:43,22.26344559155614,84.90972962891811,-36.503,-34.430,0.12,-0.495,0.212,-72.8,30,0.0000,0.00
15:52:43,22.26344559155614,84.90972962891811,-36.528,-34.419,0.12,-0.495,0.212,-72.8,30,0.0000,0.00
15:52:43,22.26344559155614,84.90972962891811,-36.552,-34.408,0.12,-0.495,0.212,-72.7,30,0.0000,0.00
15:52:43,22.26344559155614,84.90972962891811,-36.577,-34.398,0.12,-0.495,0.212,-72.7,30,0.0000,0.00
15:52:43,22.26344559155614,84.90972962891811,-36.602,-34.387,0.12,-0.495,0.212,-72.7,30,0.0000,0.00
15:52:43,22.26344559155614,84.90972962891811,-36.627,-34.376,0.13,-0.495,0.212,-72.7,30,0.0000,0.00
15:52:43,22.26344559155614,84.90972962891811,-36.652,-34.366,0.13,-0.495,0.212,-72.7,30,0.0000,0.00
15:52:43,22.26344559155614,84.90972962891811,-36.677,-34.355,0.13,-0.495,0.212,-72.7,30,0.0000,0.00
15:52:43,22.26344559155614,84.90972962891811,-36.702,-34.344,0.13,-0.495,0.212,-72.7,30,0.0000,0.00
15:52:43,22.26344559155614,84.90972962891811,-36.727,-34.334,0.13,-0.495,0.212,-72.8,30,0.0000,0.00
15:52:43,22.26344559155614,84.90972962891811,-36.752,-34.323,0.13,-0.495,0.212,-72.8,30,0.0000,0.00
15:52:43,22.26344559155614,84.90972962891811,-36.777,-34.312,0.13,-0.495,0.212,-72.9,30,0.0000,0.00
15:52:43,22.26344559155614,84.90972962891811,-36.801,-34.302,0.13,-0.495,0.212,-72.9,30,0.0000,0.00
15:52:43,22.26344559155614,84.90972962891811,-36.826,-34.291,0.13,-0.495,0.212,-72.9,30,0.0000,0.00
15:52:43,22.26344559155614,84.90972962891811,-36.851,-34.280,0.12,-0.495,0.212,-72.9,30,0.0000,0.00
15:52:43,22.26344559155614,84.90972962891811,-36.876,-34.269,0.12,-0.495,0.212,-73.0,30,0.0000,0.00
15:52:43,22.26344559155614,84.90972962891811,-36.901,-34.259,0.12,-0.495,0.212,-73.0,30,0.0000,0.00
15:52:44,22.26344559155614,84.90972962891811,-36.926,-34.248,0.12,-0.495,0.212,-73.1,30,0.0000,0.00
15:52:44,22.26344559155614,84.90972962891811,-36.951,-34.237,0.14,-0.495,0.212,-73.2,30,0.0000,0.00
15:52:44,22.26344559155614,84.90972962891811,-36.976,-34.227,0.14,-0.495,0.212,-73.3,30,0.0000,0.00
15:52:44,22.26344559155614,84.90972962891811,-37.001,-34.216,0.14,-0.495,0.212,-73.4,30,0.0000,0.00
15:52:44,22.26344559155614,84.90972962891811,-37.026,-34.205,0.14,-0.495,0.212,-73.4,30,0.0000,0.00
15:52:44,22.26344559155614,84.90972962891811,-37.050,-34.195,0.14,-0.495,0.212,-73.5,30,0.0000,0.00
15:52:44,22.26344559155614,84.90972962891811,-37.075,-34.184,0.14,-0.495,0.212,-73.7,30,0.0000,0.00
15:52:44,22.26344559155614,84.90972962891811,-37.100,-34.173,0.14,-0.495,0.212,-73.7,30,0.0000,0.00
15:52:44,22.26344559155614,84.90972962891811,-37.125,-34.163,0.14,-0.495,0.212,-73.7,30,0.0000,0.00
15:52:44,22.26344559155614,84.90972962891811,-37.150,-34.152,0.14,-0.495,0.212,-73.8,30,0.0000,0.00
15:52:44,22.26344559155614,84.90972962891811,-37.207,-34.022,0.13,-0.521,0.311,-73.9,30,0.0060,0.00
15:52:44,22.26344559155614,84.90972962891811,-37.233,-34.006,0.13,-0.521,0.311,-73.9,30,0.0000,0.00
15:52:44,22.26344559155614,84.90972962891811,-37.259,-33.990,0.13,-0.521,0.311,-74.0,30,0.0000,0.00
15:52:44,22.26344559155614,84.90972962891811,-37.285,-33.975,0.13,-0.521,0.311,-74.1,30,0.0000,0.00
15:52:44,22.26344559155614,84.90972962891811,-37.312,-33.959,0.14,-0.521,0.311,-74.2,30,0.0000,0.00
15:52:44,22.26344559155614,84.90972962891811,-37.338,-33.943,0.14,-0.521,0.311,-74.2,30,0.0000,0.00
15:52:44,22.26344559155614,84.90972962891811,-37.364,-33.928,0.14,-0.521,0.311,-74.2,30,0.0000,0.00
15:52:44,22.26344559155614,84.90972962891811,-37.390,-33.912,0.14,-0.521,0.311,-74.4,30,0.0000,0.00
15:52:44,22.26344559155614,84.90972962891811,-37.417,-33.896,0.14,-0.521,0.311,-74.5,30,0.0000,0.00
15:52:44,22.26344559155614,84.90972962891811,-37.443,-33.881,0.14,-0.521,0.311,-74.5,30,0.0000,0.00
15:52:45,22.26344559155614,84.90972962891811,-37.469,-33.865,0.14,-0.521,0.311,-74.6,30,0.0000,0.00
15:52:45,22.26344559155614,84.90972962891811,-37.495,-33.849,0.14,-0.521,0.311,-74.7,30,0.0000,0.00
15:52:45,22.26344559155614,84.90972962891811,-37.521,-33.834,0.14,-0.521,0.311,-74.7,30,0.0000,0.00
15:52:45,22.26344559155614,84.90972962891811,-37.548,-33.818,0.14,-0.521,0.311,-74.7,30,0.0000,0.00
15:52:45,22.26344559155614,84.90972962891811,-37.574,-33.802,0.14,-0.521,0.311,-74.7,30,0.0000,0.00
15:52:45,22.26344559155614,84.90972962891811,-37.600,-33.787,0.14,-0.521,0.311,-74.9,30,0.0000,0.00
15:52:45,22.26344559155614,84.90972962891811,-37.626,-33.771,0.14,-0.521,0.311,-74.9,30,0.0000,0.00
15:52:45,22.26344559155614,84.90972962891811,-37.653,-33.755,0.15,-0.521,0.311,-75.2,30,0.0000,0.00
15:52:45,22.26344559155614,84.90972962891811,-37.679,-33.739,0.15,-0.521,0.311,-75.9,30,0.0000,0.00
15:52:45,22.26344559155614,84.90972962891811,-37.705,-33.724,0.15,-0.521,0.311,-76.3,30,0.0000,0.00
15:52:45,22.26344559155614,84.90972962891811,-37.731,-33.708,0.15,-0.521,0.311,-76.8,30,0.0000,0.00
15:52:45,22.26344559155614,84.90972962891811,-37.757,-33.692,0.15,-0.521,0.311,-76.8,30,0.0000,0.00
15:52:45,22.26344559155614,84.90972962891811,-37.784,-33.677,0.15,-0.521,0.311,-78.3,30,0.0000,0.00
15:52:45,22.26344559155614,84.90972962891811,-37.653,-33.844,0.15,-0.339,0.098,-79.4,30,0.0032,0.00
15:52:45,22.26344559155614,84.90972962891811,-37.671,-33.839,0.15,-0.339,0.098,-80.9,30,0.0000,0.00
15:52:45,22.26344559155614,84.90972962891811,-37.688,-33.834,0.15,-0.339,0.098,-80.9,30,0.0000,0.00
15:52:45,22.26344559155614,84.90972962891811,-37.705,-33.829,0.15,-0.339,0.098,-82.8,30,0.0000,0.00
15:52:45,22.26344559155614,84.90972962891811,-37.722,-33.824,0.15,-0.339,0.098,-87.6,30,0.0000,0.00
15:52:45,22.26344559155614,84.90972962891811,-37.739,-33.819,0.15,-0.339,0.098,-90.3,30,0.0000,0.00
15:52:45,22.26344559155614,84.90972962891811,-37.756,-33.814,0.15,-0.339,0.098,-90.3,30,0.0000,0.00
15:52:46,22.26344559155614,84.90972962891811,-37.773,-33.809,0.15,-0.339,0.098,-93.4,30,0.0000,0.00
15:52:46,22.26344559155614,84.90972962891811,-37.790,-33.804,0.15,-0.339,0.098,-99.7,30,0.0000,0.00
15:52:46,22.26344559155614,84.90972962891811,-37.807,-33.799,0.15,-0.339,0.098,-103.1,30,0.0000,0.00
15:52:46,22.26344559155614,84.90972962891811,-37.824,-33.795,0.15,-0.339,0.098,-103.1,30,0.0000,0.00
15:52:46,22.26344559155614,84.90972962891811,-37.841,-33.790,0.15,-0.339,0.098,-109.7,30,0.0000,0.00
15:52:46,22.26344559155614,84.90972962891811,-37.858,-33.785,0.15,-0.339,0.098,-112.9,30,0.0000,0.00
15:52:46,22.26344559155614,84.90972962891811,-37.875,-33.780,0.15,-0.339,0.098,-112.9,30,0.0000,0.00
15:52:46,22.26344559155614,84.90972962891811,-37.892,-33.775,0.15,-0.339,0.098,-115.9,30,0.0000,0.00
15:52:46,22.26344559155614,84.90972962891811,-37.909,-33.770,0.17,-0.339,0.098,-121.0,30,0.0000,0.00
15:52:46,22.26344559155614,84.90972962891811,-37.926,-33.765,0.17,-0.339,0.098,-123.3,30,0.0000,0.00
15:52:46,22.26344559155614,84.90972962891811,-37.943,-33.760,0.17,-0.339,0.098,-123.3,30,0.0000,0.00
15:52:46,22.26344559155614,84.90972962891811,-37.960,-33.755,0.17,-0.339,0.098,-125.3,30,0.0000,0.00
15:52:46,22.26344559155614,84.90972962891811,-37.977,-33.750,0.17,-0.339,0.098,-128.8,30,0.0000,0.00
15:52:46,22.26344559155614,84.90972962891811,-37.994,-33.745,0.17,-0.339,0.098,-130.2,30,0.0000,0.00
15:52:46,22.26344559155614,84.90972962891811,-38.011,-33.740,0.17,-0.339,0.098,-131.3,30,0.0000,0.00
15:52:46,22.26344559155614,84.90972962891811,-38.028,-33.735,0.17,-0.339,0.098,-131.3,30,0.0000,0.00
15:52:46,22.26344559155614,84.90972962891811,-38.045,-33.730,0.17,-0.339,0.098,-132.6,30,0.0000,0.00
15:52:46,22.26344559155614,84.90972962891811,-38.063,-33.725,0.17,-0.339,0.098,-133.0,30,10.0005,0.00
15:52:46,22.26344559155614,84.90972962891811,-38.080,-33.720,0.17,-0.339,0.098,-133.2,30,0.0000,0.00
15:52:47,22.26344559155614,84.90972962891811,-38.097,-33.715,0.17,-0.339,0.098,-133.2,30,0.0000,0.00
15:52:47,22.26344559155614,84.90972962891811,-38.114,-33.711,0.17,-0.339,0.098,-133.3,30,0.0000,0.00
15:52:47,22.26344559155614,84.90972962891811,-38.131,-33.706,0.17,-0.339,0.098,-133.2,30,0.0000,0.00
15:52:47,22.26344559155614,84.90972962891811,-38.148,-33.701,0.17,-0.339,0.098,-133.0,30,0.0000,0.00
15:52:47,22.26344559155614,84.90972962891811,-38.165,-33.696,0.17,-0.339,0.098,-133.0,30,0.0000,0.00
15:52:47,22.26344559155614,84.90972962891811,-38.182,-33.691,0.17,-0.339,0.098,-132.2,30,0.0000,0.00
15:52:47,22.26344559155614,84.90972962891811,-38.199,-33.686,0.17,-0.339,0.098,-131.6,30,0.0000,0.00
15:52:47,22.26344559155614,84.90972962891811,-38.216,-33.681,0.17,-0.339,0.098,-130.9,30,0.0000,0.00
15:52:47,22.26344559155614,84.90972962891811,-38.233,-33.676,0.17,-0.339,0.098,-130.9,30,0.0000,0.00
15:52:47,22.26344559155614,84.90972962891811,-38.250,-33.671,0.17,-0.339,0.098,-129.7,30,0.0000,0.00
15:52:47,22.26344559155614,84.90972962891811,-38.267,-33.666,0.18,-0.339,0.098,-129.3,29,0.0000,0.00
15:52:47,22.26344559155614,84.90972962891811,-38.284,-33.661,0.18,-0.339,0.098,-129.0,29,0.0000,0.00
15:52:47,22.26344559155614,84.90972962891811,-38.301,-33.656,0.18,-0.339,0.098,-129.0,29,0.0000,0.00
15:52:47,22.26344559155614,84.90972962891811,-38.318,-33.651,0.18,-0.339,0.098,-128.6,29,0.0000,0.00
15:52:47,22.26344559155614,84.90972962891811,-38.048,-33.664,0.18,-0.092,0.083,-128.4,29,0.0027,0.00
15:52:47,22.26344559155614,84.90972962891811,-38.052,-33.660,0.18,-0.092,0.083,-128.5,29,0.0000,0.00
15:52:47,22.26344559155614,84.90972962891811,-38.057,-33.656,0.18,-0.092,0.083,-128.5,29,0.0000,0.00
15:52:47,22.26344559155614,84.90972962891811,-38.062,-33.652,0.18,-0.092,0.083,-129.7,29,0.0000,0.00
15:52:47,22.26344559155614,84.90972962891811,-38.066,-33.647,0.18,-0.092,0.083,-131.1,29,0.0000,0.00
15:52:47,22.26344559155614,84.90972962891811,-38.071,-33.643,0.18,-0.092,0.083,-131.1,29,0.0000,0.00
15:52:48,22.26344559155614,84.90972962891811,-38.075,-33.639,0.18,-0.092,0.083,-132.8,29,0.0000,0.00
15:52:48,22.26344559155614,84.90972962891811,-38.080,-33.635,0.18,-0.092,0.083,-136.4,29,10.0005,0.00
15:52:48,22.26344559155614,84.90972962891811,-38.085,-33.631,0.18,-0.092,0.083,-138.1,29,0.0000,0.00
15:52:48,22.26344559155614,84.90972962891811,-38.089,-33.627,0.19,-0.092,0.083,-138.1,29,0.0000,0.00
15:52:48,22.26344559155614,84.90972962891811,-38.094,-33.622,0.19,-0.092,0.083,-142.1,29,0.0000,0.00
15:52:48,22.26344559155614,84.90972962891811,-38.098,-33.618,0.19,-0.092,0.083,-144.6,29,0.0000,0.00
15:52:48,22.26344559155614,84.90972962891811,-38.103,-33.614,0.19,-0.092,0.083,-147.1,29,0.0000,0.00
15:52:48,22.26344559155614,84.90972962891811,-38.108,-33.610,0.20,-0.092,0.083,-147.1,29,0.0000,0.00
15:52:48,22.26344559155614,84.90972962891811,-38.112,-33.606,0.20,-0.092,0.083,-152.5,29,0.0000,0.00
15:52:48,22.26344559155614,84.90972962891811,-38.117,-33.602,0.20,-0.092,0.083,-155.2,29,0.0000,0.00
15:52:48,22.26344559155614,84.90972962891811,-38.122,-33.597,0.20,-0.092,0.083,-155.2,29,0.0000,0.00
15:52:48,22.26344559155614,84.90972962891811,-38.126,-33.593,0.20,-0.092,0.083,-161.2,29,0.0000,0.00
15:52:48,22.26344559155614,84.90972962891811,-38.131,-33.589,0.20,-0.092,0.083,-164.3,29,0.0000,0.00
15:52:48,22.26344559155614,84.90972962891811,-38.135,-33.585,0.20,-0.092,0.083,-167.4,29,0.0000,0.00
15:52:48,22.26344559155614,84.90972962891811,-38.140,-33.581,0.20,-0.092,0.083,-167.4,29,0.0000,0.00
15:52:48,22.26344559155614,84.90972962891811,-38.145,-33.577,0.21,-0.092,0.083,-172.9,29,0.0000,0.00
15:52:48,22.26344559155614,84.90972962891811,-38.149,-33.572,0.21,-0.092,0.083,-175.6,29,0.0000,0.00
15:52:48,22.26344559155614,84.90972962891811,-38.221,-33.559,0.21,-0.171,0.093,178.6,29,0.0023,0.00
15:52:48,22.26344559155614,84.90972962891811,-38.229,-33.555,0.21,-0.171,0.093,178.6,29,0.0000,0.00
15:52:49,22.26344559155614,84.90972962891811,-38.238,-33.550,0.21,-0.171,0.093,175.6,29,0.0000,0.00
15:52:49,22.26344559155614,84.90972962891811,-38.247,-33.545,0.21,-0.171,0.093,172.7,28,0.0000,0.00
15:52:49,22.26344559155614,84.90972962891811,-38.255,-33.541,0.21,-0.171,0.093,170.1,28,0.0000,0.00
15:52:49,22.26344559155614,84.90972962891811,-38.264,-33.536,0.21,-0.171,0.093,170.1,28,0.0000,0.00
15:52:49,22.26344559155614,84.90972962891811,-38.272,-33.531,0.21,-0.171,0.093,165.3,28,0.0000,0.00
15:52:49,22.26344559155614,84.90972962891811,-38.281,-33.527,0.22,-0.171,0.093,163.1,28,0.0000,0.00
15:52:49,22.26344559155614,84.90972962891811,-38.277,-33.544,0.22,-0.148,0.053,159.4,28,0.0019,0.00
15:52:49,22.26344559155614,84.90972962891811,-38.284,-33.541,0.22,-0.148,0.053,159.4,28,0.0000,0.00
15:52:49,22.26344559155614,84.90972962891811,-38.292,-33.539,0.22,-0.148,0.053,158.0,28,0.0000,0.00
15:52:49,22.26344559155614,84.90972962891811,-38.299,-33.536,0.23,-0.148,0.053,156.8,28,0.0000,0.00
15:52:49,22.26344559155614,84.90972962891811,-38.307,-33.533,0.23,-0.148,0.053,154.9,28,0.0000,0.00
15:52:49,22.26344559155614,84.90972962891811,-38.314,-33.531,0.23,-0.148,0.053,154.9,28,0.0000,0.00
15:52:49,22.26344559155614,84.90972962891811,-38.322,-33.528,0.23,-0.148,0.053,154.1,28,0.0000,0.00
15:52:49,22.26344559155614,84.90972962891811,-38.329,-33.525,0.23,-0.148,0.053,153.5,28,0.0000,0.00
15:52:49,22.26344559155614,84.90972962891811,-38.294,-33.538,0.23,-0.045,0.016,152.6,28,0.0016,0.00
15:52:49,22.26344559155614,84.90972962891811,-38.296,-33.537,0.23,-0.045,0.016,152.6,28,0.0000,0.00
15:52:49,22.26344559155614,84.90972962891811,-38.298,-33.537,0.23,-0.045,0.016,152.1,28,0.0000,0.00
15:52:49,22.26344559155614,84.90972962891811,-38.301,-33.536,0.22,-0.045,0.016,151.7,27,0.0000,0.00
15:52:49,22.26344559155614,84.90972962891811,-38.303,-33.535,0.22,-0.045,0.016,150.3,27,0.0000,0.00
15:52:49,22.26344559155614,84.90972962891811,-38.305,-33.534,0.22,-0.045,0.016,150.3,27,0.0000,0.00
15:52:50,22.26344559155614,84.90972962891811,-38.308,-33.534,0.22,-0.045,0.016,149.5,27,0.0000,0.00
15:52:50,22.26344559155614,84.90972962891811,-38.310,-33.533,0.22,-0.045,0.016,147.9,27,0.0000,0.00
15:52:50,22.26344559155614,84.90972962891811,-38.301,-33.536,0.22,-0.014,0.004,147.9,27,0.0015,0.00
15:52:50,22.26344559155614,84.90972962891811,-38.301,-33.536,0.22,-0.014,0.004,147.2,27,0.0000,0.00
15:52:50,22.26344559155614,84.90972962891811,-38.302,-33.536,0.22,-0.014,0.004,146.5,27,0.0000,0.00
15:52:50,22.26344559155614,84.90972962891811,-38.303,-33.536,0.22,-0.014,0.004,145.2,27,0.0000,0.00
15:52:50,22.26344559155614,84.90972962891811,-38.303,-33.535,0.22,-0.014,0.004,144.6,27,0.0000,0.00
15:52:50,22.26344559155614,84.90972962891811,-38.304,-33.535,0.22,-0.014,0.004,144.6,27,0.0000,0.00
15:52:50,22.26344559155614,84.90972962891811,-38.305,-33.535,0.22,-0.014,0.004,144.1,27,0.0000,0.00
15:52:50,22.26344559155614,84.90972962891811,-38.306,-33.535,0.22,-0.014,0.004,143.5,27,0.0000,0.00
15:52:50,22.26344559155614,84.90972962891811,-38.306,-33.535,0.21,-0.014,0.004,143.4,28,0.0000,0.00
15:52:50,22.26344559155614,84.90972962891811,-38.307,-33.534,0.21,-0.014,0.004,143.4,28,0.0000,0.00
15:52:50,22.26344559155614,84.90972962891811,-38.308,-33.534,0.21,-0.014,0.004,143.3,28,0.0000,0.00
15:52:50,22.26344559155614,84.90972962891811,-38.308,-33.534,0.21,-0.014,0.004,143.5,28,0.0000,0.00
15:52:50,22.26344559155614,84.90972962891811,-38.310,-33.533,0.19,-0.014,0.004,143.8,28,0.0000,0.00
15:52:50,22.26344559155614,84.90972962891811,-38.311,-33.533,0.19,-0.014,0.004,144.5,28,0.0000,0.00
15:52:50,22.26344559155614,84.90972962891811,-38.307,-33.535,0.19,-0.005,0.001,146.6,28,0.0049,0.00
15:52:50,22.26344559155614,84.90972962891811,-38.307,-33.535,0.19,-0.005,0.001,147.5,28,0.0000,0.00
15:52:50,22.26344559155614,84.90972962891811,-38.307,-33.535,0.19,-0.005,0.001,147.5,28,0.0000,0.00
15:52:50,22.26344559155614,84.90972962891811,-38.308,-33.535,0.19,-0.005,0.001,148.1,28,0.0000,0.00
15:52:51,22.26344559155614,84.90972962891811,-38.308,-33.535,0.19,-0.005,0.001,148.8,28,0.0000,0.00
15:52:51,22.26344559155614,84.90972962891811,-38.308,-33.535,0.19,-0.005,0.001,149.0,28,0.0000,0.00
15:52:51,22.26344559155614,84.90972962891811,-38.308,-33.535,0.17,-0.005,0.001,149.0,28,0.0000,0.00
15:52:51,22.26344559155614,84.90972962891811,-38.309,-33.534,0.17,-0.005,0.001,149.1,28,0.0000,0.00
15:52:51,22.26344559155614,84.90972962891811,-38.309,-33.534,0.17,-0.005,0.001,149.1,28,0.0000,0.00
15:52:51,22.26344559155614,84.90972962891811,-38.309,-33.534,0.17,-0.005,0.001,149.1,28,0.0000,0.00
15:52:51,22.26344559155614,84.90972962891811,-38.309,-33.534,0.17,-0.005,0.001,149.1,28,0.0000,0.00
15:52:51,22.26344559155614,84.90972962891811,-38.310,-33.534,0.17,-0.005,0.001,149.1,28,0.0000,0.00
15:52:51,22.26344559155614,84.90972962891811,-38.310,-33.534,0.17,-0.005,0.001,149.1,28,0.0000,0.00
15:52:51,22.26344559155614,84.90972962891811,-38.310,-33.534,0.17,-0.005,0.001,149.1,28,0.0000,0.00
15:52:51,22.26344559155614,84.90972962891811,-38.310,-33.534,0.13,-0.005,0.001,149.1,28,0.0000,0.00
15:52:51,22.26344559155614,84.90972962891811,-38.311,-33.534,0.13,-0.005,0.001,149.2,28,0.0000,0.00
15:52:51,22.26344559155614,84.90972962891811,-38.265,-33.681,0.13,0.076,-0.259,149.2,28,0.0035,0.00
15:52:51,22.26344559155614,84.90972962891811,-38.261,-33.694,0.13,0.076,-0.259,149.2,28,0.0000,0.00
15:52:51,22.26344559155614,84.90972962891811,-38.257,-33.707,0.10,0.076,-0.259,149.2,28,0.0000,0.00
15:52:51,22.26344559155614,84.90972962891811,-38.253,-33.720,0.10,0.076,-0.259,149.2,28,0.0000,0.00
15:52:51,22.26344559155614,84.90972962891811,-38.250,-33.733,0.10,0.076,-0.259,149.1,28,0.0000,0.00
15:52:51,22.26344559155614,84.90972962891811,-38.246,-33.746,0.10,0.076,-0.259,149.0,28,0.0000,0.00
15:52:51,22.26344559155614,84.90972962891811,-38.242,-33.759,0.10,0.076,-0.259,149.0,28,0.0000,0.00
15:52:51,22.26344559155614,84.90972962891811,-38.238,-33.772,0.10,0.076,-0.259,149.0,28,0.0000,0.00
15:52:52,22.26344559155614,84.90972962891811,-38.228,-33.821,0.10,0.090,-0.341,148.9,28,0.0038,0.00
15:52:52,22.26344559155614,84.90972962891811,-38.224,-33.839,0.10,0.090,-0.341,148.5,28,0.0000,0.00
15:52:52,22.26344559155614,84.90972962891811,-38.219,-33.856,0.10,0.090,-0.341,148.2,28,0.0000,0.00
15:52:52,22.26344559155614,84.90972962891811,-38.215,-33.873,0.10,0.090,-0.341,148.2,28,0.0000,0.00
15:52:52,22.26344559155614,84.90972962891811,-38.210,-33.890,0.10,0.090,-0.341,147.9,28,0.0000,0.00
15:52:52,22.26344559155614,84.90972962891811,-38.206,-33.907,0.10,0.090,-0.341,146.3,28,0.0000,0.00
15:52:52,22.26344559155614,84.90972962891811,-38.201,-33.925,0.10,0.090,-0.341,144.7,28,0.0000,0.00
15:52:52,22.26344559155614,84.90972962891811,-38.197,-33.942,0.11,0.090,-0.341,144.7,29,0.0000,0.00
15:52:52,22.26344559155614,84.90972962891811,-38.192,-33.959,0.11,0.090,-0.341,142.8,29,0.0000,0.00
15:52:52,22.26344559155614,84.90972962891811,-38.188,-33.976,0.11,0.090,-0.341,138.4,29,0.0000,0.00
15:52:52,22.26344559155614,84.90972962891811,-38.183,-33.993,0.11,0.090,-0.341,138.4,29,0.0000,0.00
15:52:52,22.26344559155614,84.90972962891811,-38.179,-34.011,0.11,0.090,-0.341,136.3,29,0.0000,0.00
15:52:52,22.26344559155614,84.90972962891811,-38.174,-34.028,0.11,0.090,-0.341,133.0,29,0.0000,0.00
15:52:52,22.26344559155614,84.90972962891811,-38.170,-34.045,0.11,0.090,-0.341,131.7,29,0.0000,0.00
15:52:52,22.26344559155614,84.90972962891811,-38.165,-34.062,0.11,0.090,-0.341,131.7,29,0.0000,0.00
15:52:52,22.26344559155614,84.90972962891811,-38.161,-34.079,0.11,0.090,-0.341,130.6,29,0.0000,0.00
15:52:52,22.26344559155614,84.90972962891811,-38.156,-34.097,0.12,0.090,-0.341,129.0,29,0.0000,0.00
15:52:52,22.26344559155614,84.90972962891811,-38.152,-34.114,0.12,0.090,-0.341,128.6,29,0.0000,0.00
15:52:52,22.26344559155614,84.90972962891811,-38.147,-34.131,0.12,0.090,-0.341,128.6,29,0.0000,0.00
15:52:52,22.26344559155614,84.90972962891811,-38.142,-34.148,0.12,0.090,-0.341,128.6,29,0.0000,0.00
15:52:53,22.26344559155614,84.90972962891811,-38.138,-34.165,0.15,0.090,-0.341,128.9,29,0.0000,0.00
15:52:53,22.26344559155614,84.90972962891811,-38.133,-34.183,0.15,0.090,-0.341,129.2,29,0.0000,0.00
15:52:53,22.26344559155614,84.90972962891811,-38.129,-34.200,0.15,0.090,-0.341,129.2,29,0.0000,0.00
15:52:53,22.26344559155614,84.90972962891811,-38.124,-34.217,0.15,0.090,-0.341,129.7,29,0.0000,0.00
15:52:53,22.26344559155614,84.90972962891811,-38.120,-34.234,0.15,0.090,-0.341,129.9,29,0.0000,0.00
15:52:53,22.26344559155614,84.90972962891811,-38.115,-34.251,0.15,0.090,-0.341,129.9,29,0.0000,0.00
15:52:53,22.26344559155614,84.90972962891811,-38.111,-34.268,0.15,0.090,-0.341,130.1,29,0.0000,0.00
15:52:53,22.26344559155614,84.90972962891811,-38.106,-34.286,0.15,0.090,-0.341,130.5,29,0.0000,0.00
15:52:53,22.26344559155614,84.90972962891811,-38.102,-34.303,0.13,0.090,-0.341,130.6,30,0.0000,0.00
15:52:53,22.26344559155614,84.90972962891811,-38.097,-34.320,0.13,0.090,-0.341,130.6,30,0.0000,0.00
15:52:53,22.26344559155614,84.90972962891811,-38.093,-34.337,0.13,0.090,-0.341,130.7,30,0.0000,0.00
15:52:53,22.26344559155614,84.90972962891811,-38.088,-34.354,0.13,0.090,-0.341,131.0,30,0.0000,0.00
15:52:53,22.26344559155614,84.90972962891811,-38.084,-34.372,0.13,0.090,-0.341,131.1,30,0.0000,0.00
15:52:53,22.26344559155614,84.90972962891811,-38.079,-34.389,0.14,0.090,-0.341,131.1,30,0.0000,0.00
15:52:53,22.26344559155614,84.90972962891811,-37.798,-34.426,0.14,0.379,-0.362,131.3,30,0.0060,0.00
15:52:53,22.26344559155614,84.90972962891811,-37.779,-34.444,0.14,0.379,-0.362,131.5,30,0.0000,0.00
15:52:53,22.26344559155614,84.90972962891811,-37.760,-34.462,0.14,0.379,-0.362,131.7,30,0.0000,0.00
15:52:53,22.26344559155614,84.90972962891811,-37.741,-34.480,0.14,0.379,-0.362,131.7,30,0.0000,0.00
15:52:53,22.26344559155614,84.90972962891811,-37.722,-34.499,0.14,0.379,-0.362,131.8,30,0.0000,0.00
15:52:53,22.26344559155614,84.90972962891811,-37.703,-34.517,0.14,0.379,-0.362,132.0,30,0.0000,0.00
15:52:54,22.26344559155614,84.90972962891811,-37.684,-34.535,0.14,0.379,-0.362,132.1,30,0.0000,0.00
15:52:54,22.26344559155614,84.90972962891811,-37.665,-34.553,0.14,0.379,-0.362,132.1,30,0.0000,0.00
15:52:54,22.26344559155614,84.90972962891811,-37.646,-34.572,0.14,0.379,-0.362,132.4,30,0.0000,0.00
15:52:54,22.26344559155614,84.90972962891811,-37.608,-34.599,0.14,0.410,-0.378,132.5,30,0.0058,0.00
15:52:54,22.26344559155614,84.90972962891811,-37.587,-34.618,0.14,0.410,-0.378,132.6,30,0.0000,0.00
15:52:54,22.26344559155614,84.90972962891811,-37.566,-34.637,0.14,0.410,-0.378,132.6,30,0.0000,0.00
15:52:54,22.26344559155614,84.90972962891811,-37.546,-34.656,0.14,0.410,-0.378,132.9,30,0.0000,0.00
15:52:54,22.26344559155614,84.90972962891811,-37.525,-34.675,0.14,0.410,-0.378,133.0,30,0.0000,0.00
15:52:54,22.26344559155614,84.90972962891811,-37.505,-34.694,0.14,0.410,-0.378,133.1,30,0.0000,0.00
15:52:54,22.26344559155614,84.90972962891811,-37.484,-34.714,0.14,0.410,-0.378,133.1,30,0.0000,0.00
15:52:54,22.26344559155614,84.90972962891811,-37.463,-34.733,0.13,0.410,-0.378,133.4,30,0.0000,0.00
15:52:54,22.26344559155614,84.90972962891811,-37.441,-34.756,0.13,0.414,-0.388,133.6,30,0.0059,0.00
15:52:54,22.26344559155614,84.90972962891811,-37.420,-34.776,0.13,0.414,-0.388,133.7,30,0.0000,0.00
15:52:54,22.26344559155614,84.90972962891811,-37.399,-34.795,0.13,0.414,-0.388,133.8,30,0.0000,0.00
15:52:55,22.26344559155614,84.90972962891811,-37.378,-34.815,0.13,0.414,-0.388,133.8,30,0.0000,0.00
15:52:55,22.26344559155614,84.90972962891811,-37.358,-34.834,0.13,0.414,-0.388,134.0,30,0.0000,0.00
15:52:55,22.26344559155614,84.90972962891811,-37.337,-34.854,0.13,0.414,-0.388,134.1,30,0.0000,0.00
15:52:55,22.26344559155614,84.90972962891811,-37.316,-34.873,0.13,0.414,-0.388,134.1,30,0.0000,0.00
15:52:55,22.26344559155614,84.90972962891811,-37.295,-34.893,0.13,0.414,-0.388,134.1,30,0.0000,0.00
15:52:55,22.26344559155614,84.90972962891811,-37.296,-34.930,0.13,0.356,-0.433,134.2,30,0.0056,0.00
15:52:55,22.26344559155614,84.90972962891811,-37.278,-34.951,0.13,0.356,-0.433,134.2,30,0.0000,0.00
15:52:55,22.26344559155614,84.90972962891811,-37.260,-34.973,0.13,0.356,-0.433,134.3,30,0.0000,0.00
15:52:55,22.26344559155614,84.90972962891811,-37.243,-34.995,0.13,0.356,-0.433,134.3,30,0.0000,0.00
15:52:55,22.26344559155614,84.90972962891811,-37.225,-35.017,0.13,0.356,-0.433,134.3,30,0.0000,0.00
15:52:55,22.26344559155614,84.90972962891811,-37.207,-35.038,0.13,0.356,-0.433,134.4,30,0.0000,0.00
15:52:55,22.26344559155614,84.90972962891811,-37.189,-35.060,0.13,0.356,-0.433,134.4,30,0.0000,0.00
15:52:55,22.26344559155614,84.90972962891811,-37.171,-35.082,0.13,0.356,-0.433,134.4,30,0.0000,0.00
15:52:55,22.26344559155614,84.90972962891811,-37.154,-35.117,0.11,0.354,-0.470,134.5,30,0.0060,0.00
15:52:55,22.26344559155614,84.90972962891811,-37.136,-35.141,0.11,0.354,-0.470,134.4,30,0.0000,0.00
15:52:55,22.26344559155614,84.90972962891811,-37.118,-35.165,0.11,0.354,-0.470,134.3,30,0.0000,0.00
15:52:55,22.26344559155614,84.90972962891811,-37.100,-35.189,0.11,0.354,-0.470,134.3,30,0.0000,0.00
15:52:55,22.26344559155614,84.90972962891811,-37.082,-35.212,0.11,0.354,-0.470,134.2,30,0.0000,0.00
15:52:55,22.26344559155614,84.90972962891811,-37.064,-35.236,0.11,0.354,-0.470,134.2,30,0.0000,0.00
15:52:55,22.26344559155614,84.90972962891811,-37.046,-35.260,0.11,0.354,-0.470,134.1,30,0.0000,0.00
15:52:55,22.26344559155614,84.90972962891811,-37.024,-35.286,0.11,0.369,-0.478,134.1,30,0.0061,0.00
15:52:55,22.26344559155614,84.90972962891811,-37.005,-35.310,0.12,0.369,-0.478,134.0,30,0.0000,0.00
15:52:55,22.26344559155614,84.90972962891811,-36.986,-35.334,0.12,0.369,-0.478,134.0,30,0.0000,0.00
15:52:55,22.26344559155614,84.90972962891811,-36.968,-35.358,0.12,0.369,-0.478,134.0,30,0.0000,0.00
15:52:55,22.26344559155614,84.90972962891811,-36.949,-35.382,0.12,0.369,-0.478,134.0,30,0.0000,0.00
15:52:56,22.26344559155614,84.90972962891811,-36.931,-35.406,0.13,0.369,-0.478,134.0,30,0.0000,0.00
15:52:56,22.26344559155614,84.90972962891811,-36.912,-35.431,0.13,0.369,-0.478,134.0,30,0.0000,0.00
15:52:56,22.26344559155614,84.90972962891811,-36.893,-35.455,0.13,0.369,-0.478,134.0,30,0.0000,0.00
15:52:56,22.26344559155614,84.90972962891811,-36.878,-35.477,0.13,0.361,-0.473,134.0,30,0.0061,0.00
15:52:56,22.26344559155614,84.90972962891811,-36.859,-35.501,0.13,0.361,-0.473,133.9,30,0.0000,0.00
15:52:56,22.26344559155614,84.90972962891811,-36.841,-35.525,0.13,0.361,-0.473,133.9,30,0.0000,0.00
15:52:56,22.26344559155614,84.90972962891811,-36.823,-35.548,0.13,0.361,-0.473,133.5,30,0.0000,0.00
15:52:56,22.26344559155614,84.90972962891811,-36.805,-35.572,0.13,0.361,-0.473,133.5,30,0.0000,0.00
15:52:56,22.26344559155614,84.90972962891811,-36.787,-35.596,0.13,0.361,-0.473,132.6,30,0.0000,0.00
15:52:56,22.26344559155614,84.90972962891811,-36.769,-35.620,0.14,0.361,-0.473,131.3,30,0.0000,0.00
15:52:56,22.26344559155614,84.90972962891811,-36.750,-35.644,0.14,0.361,-0.473,127.9,30,0.0000,0.00
15:52:56,22.26344559155614,84.90972962891811,-36.732,-35.667,0.14,0.361,-0.473,127.9,30,0.0000,0.00
15:52:56,22.26344559155614,84.90972962891811,-36.714,-35.691,0.14,0.361,-0.473,126.2,30,0.0000,0.00
15:52:56,22.26344559155614,84.90972962891811,-36.696,-35.715,0.13,0.361,-0.473,124.8,30,0.0000,0.00
15:52:56,22.26344559155614,84.90972962891811,-36.678,-35.739,0.13,0.361,-0.473,122.7,30,0.0000,0.00
15:52:56,22.26344559155614,84.90972962891811,-36.660,-35.763,0.13,0.361,-0.473,122.7,30,0.0000,0.00
15:52:56,22.26344559155614,84.90972962891811,-36.641,-35.786,0.13,0.361,-0.473,121.8,30,0.0000,0.00
15:52:56,22.26344559155614,84.90972962891811,-36.623,-35.810,0.13,0.361,-0.473,120.5,30,0.0000,0.00
15:52:56,22.26344559155614,84.90972962891811,-36.605,-35.834,0.13,0.361,-0.473,120.5,30,0.0000,0.00
15:52:56,22.26344559155614,84.90972962891811,-36.565,-35.871,0.13,0.403,-0.499,120.2,30,0.0061,0.00
15:52:57,22.26344559155614,84.90972962891811,-36.545,-35.897,0.13,0.403,-0.499,120.2,30,0.0000,0.00
15:52:57,22.26344559155614,84.90972962891811,-36.524,-35.922,0.13,0.403,-0.499,120.5,30,0.0000,0.00
15:52:57,22.26344559155614,84.90972962891811,-36.504,-35.947,0.15,0.403,-0.499,120.5,30,0.0000,0.00
15:52:57,22.26344559155614,84.90972962891811,-36.484,-35.972,0.15,0.403,-0.499,120.6,30,0.0000,0.00
15:52:57,22.26344559155614,84.90972962891811,-36.463,-35.997,0.15,0.403,-0.499,120.6,30,0.0000,0.00
15:52:57,22.26344559155614,84.90972962891811,-36.443,-36.023,0.15,0.403,-0.499,118.9,30,0.0000,0.00
15:52:57,22.26344559155614,84.90972962891811,-36.402,-36.028,0.15,0.453,-0.452,118.9,30,0.0063,0.00
15:52:57,22.26344559155614,84.90972962891811,-36.379,-36.051,0.15,0.453,-0.452,117.3,30,0.0000,0.00
15:52:57,22.26344559155614,84.90972962891811,-36.356,-36.074,0.15,0.453,-0.452,115.3,30,0.0000,0.00
15:52:57,22.26344559155614,84.90972962891811,-36.333,-36.097,0.15,0.453,-0.452,110.7,30,0.0000,0.00
15:52:57,22.26344559155614,84.90972962891811,-36.310,-36.119,0.15,0.453,-0.452,110.7,30,0.0000,0.00
15:52:57,22.26344559155614,84.90972962891811,-36.288,-36.142,0.15,0.453,-0.452,108.1,30,0.0000,0.00
15:52:57,22.26344559155614,84.90972962891811,-36.265,-36.165,0.15,0.453,-0.452,105.5,30,0.0000,0.00
15:52:57,22.26344559155614,84.90972962891811,-36.242,-36.188,0.15,0.453,-0.452,100.3,30,0.0000,0.00
15:52:57,22.26344559155614,84.90972962891811,-36.219,-36.210,0.15,0.453,-0.452,100.3,30,0.0000,0.00
15:52:57,22.26344559155614,84.90972962891811,-36.189,-36.216,0.15,0.472,-0.408,98.1,30,0.0056,0.00
15:52:57,22.26344559155614,84.90972962891811,-36.165,-36.237,0.15,0.472,-0.408,94.4,30,0.0000,0.00
15:52:57,22.26344559155614,84.90972962891811,-36.141,-36.257,0.15,0.472,-0.408,92.9,30,0.0000,0.00
15:52:57,22.26344559155614,84.90972962891811,-36.117,-36.278,0.15,0.472,-0.408,92.9,30,0.0000,0.00
15:52:57,22.26344559155614,84.90972962891811,-36.093,-36.299,0.15,0.472,-0.408,91.6,30,0.0000,0.00
15:52:58,22.26344559155614,84.90972962891811,-36.070,-36.319,0.15,0.472,-0.408,89.6,30,0.0000,0.00
15:52:58,22.26344559155614,84.90972962891811,-36.046,-36.340,0.15,0.472,-0.408,89.1,30,0.0000,0.00
15:52:58,22.26344559155614,84.90972962891811,-36.022,-36.360,0.15,0.472,-0.408,89.1,30,0.0000,0.00
15:52:58,22.26344559155614,84.90972962891811,-35.971,-36.354,0.16,0.546,-0.337,88.8,30,0.0058,0.00
15:52:58,22.26344559155614,84.90972962891811,-35.943,-36.372,0.16,0.546,-0.337,88.7,30,0.0000,0.00
15:52:58,22.26344559155614,84.90972962891811,-35.916,-36.389,0.16,0.546,-0.337,88.7,30,0.0000,0.00
15:52:58,22.26344559155614,84.90972962891811,-35.888,-36.406,0.16,0.546,-0.337,88.7,30,0.0000,0.00
15:52:58,22.26344559155614,84.90972962891811,-35.861,-36.423,0.15,0.546,-0.337,88.8,30,0.0000,0.00
15:52:58,22.26344559155614,84.90972962891811,-35.833,-36.440,0.15,0.546,-0.337,88.9,30,0.0000,0.00
15:52:58,22.26344559155614,84.90972962891811,-35.806,-36.457,0.15,0.546,-0.337,89.1,30,0.0000,0.00
15:52:58,22.26344559155614,84.90972962891811,-35.778,-36.474,0.15,0.546,-0.337,89.1,30,0.0000,0.00
15:52:58,22.26344559155614,84.90972962891811,-35.751,-36.490,0.15,0.546,-0.337,89.2,30,0.0000,0.00
15:52:58,22.26344559155614,84.90972962891811,-35.723,-36.507,0.15,0.546,-0.337,89.6,30,0.0000,0.00
15:52:58,22.26344559155614,84.90972962891811,-35.695,-36.524,0.15,0.546,-0.337,89.7,30,0.0000,0.00
15:52:58,22.26344559155614,84.90972962891811,-35.668,-36.541,0.15,0.546,-0.337,89.7,30,0.0000,0.00
15:52:58,22.26344559155614,84.90972962891811,-35.640,-36.558,0.15,0.546,-0.337,89.9,30,0.0000,0.00
15:52:58,22.26344559155614,84.90972962891811,-35.613,-36.575,0.15,0.546,-0.337,90.2,30,0.0000,0.00
15:52:58,22.26344559155614,84.90972962891811,-35.585,-36.592,0.15,0.546,-0.337,90.4,30,0.0000,0.00
15:52:58,22.26344559155614,84.90972962891811,-35.558,-36.609,0.15,0.546,-0.337,90.5,30,0.0000,0.00
15:52:59,22.26344559155614,84.90972962891811,-35.530,-36.626,0.16,0.546,-0.337,90.5,30,0.0000,0.00
15:52:59,22.26344559155614,84.90972962891811,-35.503,-36.643,0.16,0.546,-0.337,90.6,30,0.0000,0.00
15:52:59,22.26344559155614,84.90972962891811,-35.475,-36.660,0.16,0.546,-0.337,90.9,30,0.0000,0.00
15:52:59,22.26344559155614,84.90972962891811,-35.447,-36.677,0.16,0.546,-0.337,91.0,30,0.0000,0.00
15:52:59,22.26344559155614,84.90972962891811,-35.420,-36.694,0.16,0.546,-0.337,91.0,30,0.0000,0.00
15:52:59,22.26344559155614,84.90972962891811,-35.392,-36.711,0.16,0.546,-0.337,91.1,30,0.0000,0.00
15:52:59,22.26344559155614,84.90972962891811,-35.365,-36.728,0.16,0.546,-0.337,91.5,30,0.0000,0.00
15:52:59,22.26344559155614,84.90972962891811,-35.337,-36.745,0.16,0.546,-0.337,91.6,30,0.0000,0.00
15:52:59,22.26344559155614,84.90972962891811,-35.310,-36.762,0.16,0.546,-0.337,91.6,30,0.0000,0.00
15:52:59,22.26344559155614,84.90972962891811,-35.282,-36.779,0.16,0.546,-0.337,91.8,29,0.0000,0.00
15:52:59,22.26344559155614,84.90972962891811,-35.255,-36.796,0.16,0.546,-0.337,92.0,29,0.0000,0.00
15:52:59,22.26344559155614,84.90972962891811,-35.227,-36.813,0.16,0.546,-0.337,92.1,29,0.0000,0.00
15:52:59,22.26344559155614,84.90972962891811,-35.199,-36.830,0.16,0.546,-0.337,92.1,29,0.0000,0.00
15:52:59,22.26344559155614,84.90972962891811,-35.172,-36.847,0.16,0.546,-0.337,92.3,29,0.0000,0.00
15:52:59,22.26344559155614,84.90972962891811,-35.144,-36.864,0.16,0.546,-0.337,92.5,29,0.0000,0.00
15:52:59,22.26344559155614,84.90972962891811,-35.117,-36.881,0.16,0.546,-0.337,92.4,29,0.0000,0.00
15:52:59,22.26344559155614,84.90972962891811,-35.089,-36.898,0.16,0.546,-0.337,92.4,29,0.0000,0.00
15:52:59,22.26344559155614,84.90972962891811,-35.062,-36.915,0.16,0.546,-0.337,91.8,29,0.0000,0.00
15:52:59,22.26344559155614,84.90972962891811,-35.034,-36.932,0.16,0.546,-0.337,89.0,29,0.0000,0.00
15:52:59,22.26344559155614,84.90972962891811,-35.007,-36.949,0.16,0.546,-0.337,86.9,29,0.0000,0.00
15:53:00,22.26344559155614,84.90972962891811,-34.979,-36.966,0.16,0.546,-0.337,86.9,29,0.0000,0.00
15:53:00,22.26344559155614,84.90972962891811,-34.952,-36.983,0.16,0.546,-0.337,82.2,29,0.0000,0.00
15:53:00,22.26344559155614,84.90972962891811,-34.924,-37.000,0.16,0.546,-0.337,79.7,29,0.0000,0.00
15:53:00,22.26344559155614,84.90972962891811,-34.896,-37.017,0.16,0.546,-0.337,79.7,29,0.0000,0.00
15:53:00,22.26344559155614,84.90972962891811,-34.869,-37.034,0.16,0.546,-0.337,77.4,29,0.0000,0.00
15:53:00,22.26344559155614,84.90972962891811,-34.841,-37.051,0.16,0.546,-0.337,73.9,29,0.0000,0.00
15:53:00,22.26344559155614,84.90972962891811,-34.814,-37.068,0.16,0.546,-0.337,72.5,29,0.0000,0.00
15:53:00,22.26344559155614,84.90972962891811,-34.786,-37.085,0.16,0.546,-0.337,72.5,29,0.0000,0.00
15:53:00,22.26344559155614,84.90972962891811,-34.759,-37.102,0.16,0.546,-0.337,70.5,29,0.0000,0.00
15:53:00,22.26344559155614,84.90972962891811,-34.731,-37.119,0.16,0.546,-0.337,69.9,29,0.0000,0.00
15:53:00,22.26344559155614,84.90972962891811,-34.704,-37.136,0.16,0.546,-0.337,69.7,28,0.0000,0.00
15:53:00,22.26344559155614,84.90972962891811,-34.676,-37.153,0.16,0.546,-0.337,69.7,28,0.0000,0.00
15:53:00,22.26344559155614,84.90972962891811,-34.649,-37.170,0.16,0.546,-0.337,69.8,28,0.0000,0.00
15:53:00,22.26344559155614,84.90972962891811,-34.621,-37.187,0.16,0.546,-0.337,70.0,28,0.0000,0.00
15:53:00,22.26344559155614,84.90972962891811,-34.594,-37.204,0.17,0.546,-0.337,70.0,28,0.0000,0.00
15:53:00,22.26344559155614,84.90972962891811,-34.566,-37.221,0.17,0.546,-0.337,70.2,28,0.0000,0.00
15:53:00,22.26344559155614,84.90972962891811,-34.539,-37.238,0.17,0.546,-0.337,70.5,28,0.0000,0.00
15:53:00,22.26344559155614,84.90972962891811,-34.511,-37.255,0.17,0.546,-0.337,70.7,28,0.0000,0.00
15:53:00,22.26344559155614,84.90972962891811,-34.484,-37.272,0.17,0.546,-0.337,70.7,28,0.0000,0.00
15:53:00,22.26344559155614,84.90972962891811,-34.359,-36.721,0.17,0.613,0.050,70.5,28,0.0062,0.00
15:53:01,22.26344559155614,84.90972962891811,-34.328,-36.718,0.17,0.613,0.050,69.7,28,0.0000,0.00
15:53:01,22.26344559155614,84.90972962891811,-34.297,-36.716,0.17,0.613,0.050,68.4,28,0.0000,0.00
15:53:01,22.26344559155614,84.90972962891811,-34.266,-36.713,0.17,0.613,0.050,68.4,28,0.0000,0.00
15:53:01,22.26344559155614,84.90972962891811,-34.235,-36.711,0.16,0.613,0.050,64.6,28,0.0000,0.00
15:53:01,22.26344559155614,84.90972962891811,-34.204,-36.708,0.16,0.613,0.050,62.2,28,0.0000,0.00
15:53:01,22.26344559155614,84.90972962891811,-34.174,-36.706,0.16,0.613,0.050,62.2,28,0.0000,0.00
15:53:01,22.26344559155614,84.90972962891811,-34.143,-36.703,0.16,0.613,0.050,56.9,28,0.0000,0.00
15:53:01,22.26344559155614,84.90972962891811,-34.105,-36.664,0.17,0.621,0.095,54.0,28,0.0057,0.00
15:53:01,22.26344559155614,84.90972962891811,-34.074,-36.659,0.17,0.621,0.095,51.0,28,0.0000,0.00
15:53:01,22.26344559155614,84.90972962891811,-34.043,-36.654,0.17,0.621,0.095,51.0,28,0.0000,0.00
15:53:01,22.26344559155614,84.90972962891811,-34.011,-36.650,0.17,0.621,0.095,44.7,28,0.0000,0.00
15:53:01,22.26344559155614,84.90972962891811,-33.980,-36.645,0.17,0.621,0.095,41.3,28,0.0000,0.00
15:53:01,22.26344559155614,84.90972962891811,-33.949,-36.640,0.17,0.621,0.095,37.8,28,0.0000,0.00
15:53:01,22.26344559155614,84.90972962891811,-33.918,-36.635,0.17,0.621,0.095,37.8,28,0.0000,0.00
15:53:01,22.26344559155614,84.90972962891811,-33.886,-36.631,0.17,0.621,0.095,30.7,28,0.0000,0.00
15:53:01,22.26344559155614,84.90972962891811,-33.831,-36.571,0.17,0.669,0.205,27.1,28,0.0055,0.00
15:53:01,22.26344559155614,84.90972962891811,-33.797,-36.561,0.20,0.669,0.205,23.6,28,0.0000,0.00
15:53:01,22.26344559155614,84.90972962891811,-33.764,-36.550,0.20,0.669,0.205,23.6,28,0.0000,0.00
15:53:01,22.26344559155614,84.90972962891811,-33.730,-36.540,0.20,0.669,0.205,18.0,28,0.0000,0.00
15:53:01,22.26344559155614,84.90972962891811,-33.696,-36.530,0.20,0.669,0.205,15.8,28,0.0000,0.00
15:53:02,22.26344559155614,84.90972962891811,-33.662,-36.519,0.21,0.669,0.205,12.3,28,0.0000,0.00
15:53:02,22.26344559155614,84.90972962891811,-33.629,-36.509,0.21,0.669,0.205,12.3,28,0.0000,0.00
15:53:02,22.26344559155614,84.90972962891811,-33.595,-36.499,0.21,0.669,0.205,11.1,28,0.0000,0.00
15:53:02,22.26344559155614,84.90972962891811,-33.607,-36.423,0.21,0.555,0.368,10.2,28,0.0052,0.00
15:53:02,22.26344559155614,84.90972962891811,-33.579,-36.404,0.21,0.555,0.368,9.2,28,0.0000,0.00
15:53:02,22.26344559155614,84.90972962891811,-33.551,-36.386,0.21,0.555,0.368,9.2,28,0.0000,0.00
15:53:02,22.26344559155614,84.90972962891811,-33.523,-36.367,0.21,0.555,0.368,8.9,28,0.0000,0.00
15:53:02,22.26344559155614,84.90972962891811,-33.495,-36.348,0.21,0.555,0.368,8.7,28,0.0000,0.00
15:53:02,22.26344559155614,84.90972962891811,-33.467,-36.330,0.21,0.555,0.368,8.5,28,0.0000,0.00
15:53:02,22.26344559155614,84.90972962891811,-33.439,-36.311,0.21,0.555,0.368,8.5,28,0.0000,0.00
15:53:02,22.26344559155614,84.90972962891811,-33.411,-36.293,0.21,0.555,0.368,8.5,28,0.0000,0.00
15:53:02,22.26344559155614,84.90972962891811,-33.458,-36.241,0.21,0.353,0.457,8.5,28,0.0053,0.00
15:53:02,22.26344559155614,84.90972962891811,-33.440,-36.218,0.21,0.353,0.457,8.7,28,0.0000,0.00
15:53:02,22.26344559155614,84.90972962891811,-33.422,-36.195,0.21,0.353,0.457,8.7,28,0.0000,0.00
15:53:02,22.26344559155614,84.90972962891811,-33.404,-36.172,0.21,0.353,0.457,8.9,28,0.0000,0.00
15:53:02,22.26344559155614,84.90972962891811,-33.387,-36.149,0.21,0.353,0.457,9.1,28,0.0000,0.00
15:53:02,22.26344559155614,84.90972962891811,-33.369,-36.126,0.21,0.353,0.457,9.5,28,0.0000,0.00
15:53:02,22.26344559155614,84.90972962891811,-33.351,-36.103,0.22,0.353,0.457,9.5,28,0.0000,0.00
15:53:02,22.26344559155614,84.90972962891811,-33.333,-36.080,0.22,0.353,0.457,9.7,28,0.0000,0.00
15:53:03,22.26344559155614,84.90972962891811,-33.316,-36.057,0.22,0.353,0.457,10.0,28,0.0000,0.00
15:53:03,22.26344559155614,84.90972962891811,-33.298,-36.034,0.22,0.353,0.457,10.5,28,0.0000,0.00
15:53:03,22.26344559155614,84.90972962891811,-33.280,-36.011,0.20,0.353,0.457,10.5,28,0.0000,0.00
15:53:03,22.26344559155614,84.90972962891811,-33.262,-35.989,0.20,0.353,0.457,10.7,28,0.0000,0.00
15:53:03,22.26344559155614,84.90972962891811,-33.245,-35.966,0.20,0.353,0.457,10.9,28,0.0000,0.00
15:53:03,22.26344559155614,84.90972962891811,-33.227,-35.943,0.20,0.353,0.457,11.3,28,0.0000,0.00
15:53:03,22.26344559155614,84.90972962891811,-33.209,-35.920,0.20,0.353,0.457,11.3,28,0.0000,0.00
15:53:03,22.26344559155614,84.90972962891811,-33.191,-35.897,0.20,0.353,0.457,11.5,28,0.0000,0.00
15:53:03,22.26344559155614,84.90972962891811,-33.174,-35.874,0.20,0.353,0.457,11.7,28,0.0000,0.00
15:53:03,22.26344559155614,84.90972962891811,-33.156,-35.851,0.20,0.353,0.457,12.1,28,0.0000,0.00
15:53:03,22.26344559155614,84.90972962891811,-33.138,-35.828,0.20,0.353,0.457,12.1,28,0.0000,0.00
15:53:03,22.26344559155614,84.90972962891811,-33.120,-35.805,0.21,0.353,0.457,12.3,27,0.0000,0.00
15:53:03,22.26344559155614,84.90972962891811,-33.103,-35.782,0.21,0.353,0.457,12.6,27,0.0000,0.00
15:53:03,22.26344559155614,84.90972962891811,-33.085,-35.759,0.21,0.353,0.457,12.6,27,0.0000,0.00
15:53:03,22.26344559155614,84.90972962891811,-33.067,-35.736,0.21,0.353,0.457,12.8,27,0.0000,0.00
15:53:03,22.26344559155614,84.90972962891811,-33.049,-35.713,0.18,0.353,0.457,12.9,27,0.0000,0.00
15:53:03,22.26344559155614,84.90972962891811,-33.032,-35.690,0.18,0.353,0.457,13.1,27,0.0000,0.00
15:53:03,22.26344559155614,84.90972962891811,-33.014,-35.667,0.18,0.353,0.457,13.1,27,0.0000,0.00
15:53:03,22.26344559155614,84.90972962891811,-33.136,-35.565,0.18,0.168,0.561,13.2,27,0.0062,0.00
15:53:03,22.26344559155614,84.90972962891811,-33.127,-35.537,0.18,0.168,0.561,13.3,27,0.0000,0.00
15:53:03,22.26344559155614,84.90972962891811,-33.119,-35.509,0.18,0.168,0.561,13.5,27,0.0000,0.00
15:53:04,22.26344559155614,84.90972962891811,-33.110,-35.481,0.18,0.168,0.561,13.5,27,0.0000,0.00
15:53:04,22.26344559155614,84.90972962891811,-33.102,-35.452,0.18,0.168,0.561,13.6,27,0.0000,0.00
15:53:04,22.26344559155614,84.90972962891811,-33.094,-35.424,0.18,0.168,0.561,13.6,27,0.0000,0.00
15:53:04,22.26344559155614,84.90972962891811,-33.085,-35.396,0.18,0.168,0.561,13.8,27,0.0000,0.00
15:53:04,22.26344559155614,84.90972962891811,-33.077,-35.368,0.18,0.168,0.561,13.8,27,0.0061,0.00
15:53:04,22.26344559155614,84.90972962891811,-33.047,-35.342,0.18,0.208,0.556,13.8,27,0.0061,0.00
15:53:04,22.26344559155614,84.90972962891811,-33.037,-35.314,0.18,0.208,0.556,13.9,27,0.0000,0.00
15:53:04,22.26344559155614,84.90972962891811,-33.016,-35.258,0.18,0.208,0.556,14.1,28,0.0000,0.00
15:53:04,22.26344559155614,84.90972962891811,-33.005,-35.230,0.18,0.208,0.556,14.1,28,0.0000,0.00
15:53:04,22.26344559155614,84.90972962891811,-32.995,-35.202,0.18,0.208,0.556,14.2,28,0.0000,0.00
15:53:04,22.26344559155614,84.90972962891811,-32.984,-35.174,0.18,0.208,0.556,14.3,28,0.0000,0.00
15:53:04,22.26344559155614,84.90972962891811,-32.974,-35.146,0.18,0.208,0.556,14.3,28,0.0000,0.00
15:53:04,22.26344559155614,84.90972962891811,-32.948,-35.116,0.18,0.246,0.561,14.3,28,0.0061,0.00
15:53:04,22.26344559155614,84.90972962891811,-32.935,-35.087,0.18,0.246,0.561,14.4,28,0.0000,0.00
15:53:04,22.26344559155614,84.90972962891811,-32.923,-35.059,0.18,0.246,0.561,14.4,28,0.0000,0.00
15:53:04,22.26344559155614,84.90972962891811,-32.911,-35.031,0.18,0.246,0.561,14.4,28,0.0000,0.00
15:53:04,22.26344559155614,84.90972962891811,-32.898,-35.003,0.18,0.246,0.561,14.4,28,0.0000,0.00
15:53:04,22.26344559155614,84.90972962891811,-32.886,-34.974,0.18,0.246,0.561,14.4,28,0.0000,0.00
15:53:04,22.26344559155614,84.90972962891811,-32.874,-34.946,0.17,0.246,0.561,14.4,28,0.0000,0.00
15:53:05,22.26344559155614,84.90972962891811,-32.861,-34.918,0.17,0.246,0.561,14.4,28,0.0000,0.00
15:53:05,22.26344559155614,84.90972962891811,-32.849,-34.890,0.17,0.246,0.561,14.4,28,0.0000,0.00
15:53:05,22.26344559155614,84.90972962891811,-32.836,-34.861,0.17,0.246,0.561,14.4,28,0.0000,0.00
15:53:05,22.26344559155614,84.90972962891811,-32.824,-34.833,0.17,0.246,0.561,14.4,28,0.0000,0.00
15:53:05,22.26344559155614,84.90972962891811,-32.812,-34.805,0.17,0.246,0.561,14.4,28,0.0000,0.00
15:53:05,22.26344559155614,84.90972962891811,-32.799,-34.777,0.17,0.246,0.561,14.4,28,0.0000,0.00
15:53:05,22.26344559155614,84.90972962891811,-32.787,-34.748,0.17,0.246,0.561,14.4,28,0.0000,0.00
15:53:05,22.26344559155614,84.90972962891811,-32.775,-34.720,0.17,0.246,0.561,14.4,28,0.0000,0.00
15:53:05,22.26344559155614,84.90972962891811,-32.762,-34.692,0.18,0.246,0.561,14.4,28,0.0000,0.00
15:53:05,22.26344559155614,84.90972962891811,-32.752,-34.661,0.18,0.242,0.565,14.4,28,0.0062,0.00
15:53:05,22.26344559155614,84.90972962891811,-32.739,-34.633,0.18,0.242,0.565,14.4,28,0.0000,0.00
15:53:05,22.26344559155614,84.90972962891811,-32.727,-34.604,0.18,0.242,0.565,14.4,28,0.0000,0.00
15:53:05,22.26344559155614,84.90972962891811,-32.715,-34.576,0.18,0.242,0.565,14.4,28,0.0000,0.00
15:53:05,22.26344559155614,84.90972962891811,-32.703,-34.547,0.18,0.242,0.565,14.4,28,0.0000,0.00
15:53:05,22.26344559155614,84.90972962891811,-32.691,-34.519,0.18,0.242,0.565,14.4,28,0.0000,0.00
15:53:05,22.26344559155614,84.90972962891811,-32.679,-34.490,0.18,0.242,0.565,14.4,28,0.0000,0.00
15:53:05,22.26344559155614,84.90972962891811,-32.666,-34.462,0.17,0.242,0.565,14.3,28,0.0000,0.00
15:53:05,22.26344559155614,84.90972962891811,-32.657,-34.434,0.17,0.236,0.565,14.3,28,0.0061,0.00
15:53:05,22.26344559155614,84.90972962891811,-32.645,-34.405,0.17,0.236,0.565,14.3,28,0.0000,0.00
15:53:05,22.26344559155614,84.90972962891811,-32.633,-34.376,0.17,0.236,0.565,14.3,28,0.0000,0.00
15:53:06,22.26344559155614,84.90972962891811,-32.621,-34.348,0.16,0.236,0.565,14.2,28,0.0000,0.00
15:53:06,22.26344559155614,84.90972962891811,-32.609,-34.320,0.16,0.236,0.565,14.2,28,0.0000,0.00
15:53:06,22.26344559155614,84.90972962891811,-32.597,-34.291,0.16,0.236,0.565,14.2,28,0.0000,0.00
15:53:06,22.26344559155614,84.90972962891811,-32.586,-34.263,0.16,0.236,0.565,14.1,28,0.0000,0.00
15:53:06,22.26344559155614,84.90972962891811,-32.574,-34.234,0.16,0.236,0.565,14.1,28,0.0000,0.00
15:53:06,22.26344559155614,84.90972962891811,-32.559,-34.201,0.16,0.244,0.577,14.0,28,0.0063,0.00
15:53:06,22.26344559155614,84.90972962891811,-32.546,-34.172,0.16,0.244,0.577,14.0,28,0.0000,0.00
15:53:06,22.26344559155614,84.90972962891811,-32.534,-34.143,0.16,0.244,0.577,14.0,28,0.0000,0.00
15:53:06,22.26344559155614,84.90972962891811,-32.522,-34.114,0.16,0.244,0.577,14.0,28,0.0000,0.00
15:53:06,22.26344559155614,84.90972962891811,-32.510,-34.085,0.17,0.244,0.577,14.0,28,0.0000,0.00
15:53:06,22.26344559155614,84.90972962891811,-32.497,-34.056,0.17,0.244,0.577,14.0,28,0.0000,0.00
15:53:06,22.26344559155614,84.90972962891811,-32.485,-34.027,0.17,0.244,0.577,14.0,28,0.0000,0.00
15:53:06,22.26344559155614,84.90972962891811,-32.473,-33.998,0.17,0.244,0.577,14.0,28,0.0000,0.00
15:53:06,22.26344559155614,84.90972962891811,-32.459,-33.967,0.17,0.248,0.582,14.0,28,0.0063,0.00
15:53:06,22.26344559155614,84.90972962891811,-32.446,-33.938,0.17,0.248,0.582,14.0,28,0.0000,0.00
15:53:06,22.26344559155614,84.90972962891811,-32.434,-33.908,0.17,0.248,0.582,14.0,28,0.0000,0.00
15:53:06,22.26344559155614,84.90972962891811,-32.422,-33.879,0.17,0.248,0.582,14.0,28,0.0000,0.00
15:53:06,22.26344559155614,84.90972962891811,-32.409,-33.850,0.17,0.248,0.582,14.1,28,0.0000,0.00
15:53:06,22.26344559155614,84.90972962891811,-32.397,-33.820,0.17,0.248,0.582,14.1,28,0.0000,0.00
15:53:07,22.26344559155614,84.90972962891811,-32.384,-33.791,0.17,0.248,0.582,14.1,28,0.0000,0.00
15:53:07,22.26344559155614,84.90972962891811,-32.372,-33.762,0.17,0.248,0.582,14.1,28,0.0000,0.00
15:53:07,22.26344559155614,84.90972962891811,-32.360,-33.734,0.17,0.245,0.577,14.1,28,0.0063,0.00
15:53:07,22.26344559155614,84.90972962891811,-32.348,-33.705,0.17,0.245,0.577,14.1,28,0.0000,0.00
15:53:07,22.26344559155614,84.90972962891811,-32.335,-33.676,0.17,0.245,0.577,14.1,28,0.0000,0.00
15:53:07,22.26344559155614,84.90972962891811,-32.323,-33.647,0.17,0.245,0.577,14.1,28,0.0000,0.00
15:53:07,22.26344559155614,84.90972962891811,-32.311,-33.618,0.17,0.245,0.577,14.1,28,0.0000,0.00
15:53:07,22.26344559155614,84.90972962891811,-32.298,-33.589,0.18,0.245,0.577,14.1,28,0.0000,0.00
15:53:07,22.26344559155614,84.90972962891811,-32.286,-33.560,0.18,0.245,0.577,14.1,28,0.0000,0.00
15:53:07,22.26344559155614,84.90972962891811,-32.273,-33.531,0.18,0.245,0.577,14.1,28,0.0000,0.00
15:53:07,22.26344559155614,84.90972962891811,-32.264,-33.504,0.18,0.238,0.570,14.1,28,0.0063,0.00
15:53:07,22.26344559155614,84.90972962891811,-32.252,-33.476,0.18,0.238,0.570,14.1,28,0.0000,0.00
15:53:07,22.26344559155614,84.90972962891811,-32.240,-33.447,0.18,0.238,0.570,14.1,28,0.0000,0.00
15:53:07,22.26344559155614,84.90972962891811,-32.228,-33.418,0.18,0.238,0.570,14.1,28,0.0000,0.00
15:53:07,22.26344559155614,84.90972962891811,-32.216,-33.390,0.18,0.238,0.570,14.2,28,0.0000,0.00
15:53:07,22.26344559155614,84.90972962891811,-32.204,-33.361,0.18,0.238,0.570,14.2,28,0.0000,0.00
15:53:07,22.26344559155614,84.90972962891811,-32.192,-33.332,0.18,0.238,0.570,14.3,28,0.0000,0.00
15:53:07,22.26344559155614,84.90972962891811,-32.180,-33.303,0.18,0.238,0.570,14.3,28,0.0000,0.00
15:53:07,22.26344559155614,84.90972962891811,-32.164,-33.270,0.18,0.249,0.583,14.3,28,0.0063,0.00
15:53:07,22.26344559155614,84.90972962891811,-32.151,-33.241,0.18,0.249,0.583,14.3,28,0.0000,0.00
15:53:08,22.26344559155614,84.90972962891811,-32.139,-33.211,0.18,0.249,0.583,14.3,28,0.0000,0.00
15:53:08,22.26344559155614,84.90972962891811,-32.126,-33.182,0.18,0.249,0.583,14.3,28,0.0000,0.00
15:53:08,22.26344559155614,84.90972962891811,-32.114,-33.153,0.18,0.249,0.583,14.4,28,0.0000,0.00
15:53:08,22.26344559155614,84.90972962891811,-32.101,-33.123,0.18,0.249,0.583,14.4,28,0.0000,0.00
15:53:08,22.26344559155614,84.90972962891811,-32.089,-33.094,0.18,0.249,0.583,14.4,28,0.0000,0.00
15:53:08,22.26344559155614,84.90972962891811,-32.076,-33.068,0.18,0.250,0.572,14.4,28,0.0062,0.00
15:53:08,22.26344559155614,84.90972962891811,-32.063,-33.039,0.18,0.250,0.572,14.4,28,0.0000,0.00
15:53:08,22.26344559155614,84.90972962891811,-32.051,-33.010,0.18,0.250,0.572,14.5,28,0.0000,0.00
15:53:08,22.26344559155614,84.90972962891811,-32.038,-32.981,0.16,0.250,0.572,14.5,29,0.0000,0.00
15:53:08,22.26344559155614,84.90972962891811,-32.026,-32.953,0.16,0.250,0.572,14.5,29,0.0000,0.00
15:53:08,22.26344559155614,84.90972962891811,-32.013,-32.924,0.16,0.250,0.572,14.5,29,0.0000,0.00
15:53:08,22.26344559155614,84.90972962891811,-32.001,-32.895,0.16,0.250,0.572,14.6,29,0.0000,0.00
15:53:08,22.26344559155614,84.90972962891811,-31.988,-32.866,0.16,0.250,0.572,14.8,29,0.0000,0.00
15:53:08,22.26344559155614,84.90972962891811,-31.975,-32.837,0.16,0.250,0.574,14.8,29,0.0062,0.00
15:53:08,22.26344559155614,84.90972962891811,-31.962,-32.808,0.16,0.250,0.574,14.9,29,0.0000,0.00
15:53:08,22.26344559155614,84.90972962891811,-31.950,-32.779,0.16,0.250,0.574,15.0,29,0.0000,0.00
15:53:08,22.26344559155614,84.90972962891811,-31.937,-32.750,0.16,0.250,0.574,15.1,29,0.0000,0.00
15:53:08,22.26344559155614,84.90972962891811,-31.925,-32.721,0.16,0.250,0.574,15.1,29,0.0000,0.00
15:53:08,22.26344559155614,84.90972962891811,-31.912,-32.692,0.16,0.250,0.574,15.3,29,0.0000,0.00
15:53:08,22.26344559155614,84.90972962891811,-31.899,-32.663,0.16,0.250,0.574,15.4,29,0.0000,0.00
15:53:09,22.26344559155614,84.90972962891811,-31.887,-32.634,0.16,0.250,0.574,15.4,29,0.0000,0.00
15:53:09,22.26344559155614,84.90972962891811,-31.874,-32.606,0.15,0.250,0.574,15.5,29,0.0000,0.00
15:53:09,22.26344559155614,84.90972962891811,-31.862,-32.577,0.15,0.250,0.574,15.5,29,0.0000,0.00
15:53:09,22.26344559155614,84.90972962891811,-31.849,-32.548,0.15,0.250,0.574,15.6,29,0.0000,0.00
15:53:09,22.26344559155614,84.90972962891811,-31.836,-32.519,0.15,0.250,0.574,15.7,29,0.0000,0.00
15:53:09,22.26344559155614,84.90972962891811,-31.824,-32.490,0.15,0.250,0.574,15.9,29,0.0000,0.00
15:53:09,22.26344559155614,84.90972962891811,-31.811,-32.461,0.15,0.250,0.574,15.9,29,0.0000,0.00
15:53:09,22.26344559155614,84.90972962891811,-31.799,-32.432,0.15,0.250,0.574,16.0,29,0.0000,0.00
15:53:09,22.26344559155614,84.90972962891811,-31.786,-32.403,0.15,0.250,0.574,16.0,29,0.0000,0.00
15:53:09,22.26344559155614,84.90972962891811,-31.773,-32.374,0.13,0.250,0.574,16.1,29,0.0000,0.00
15:53:09,22.26344559155614,84.90972962891811,-31.761,-32.346,0.13,0.250,0.574,16.1,29,0.0000,0.00
15:53:09,22.26344559155614,84.90972962891811,-31.748,-32.317,0.13,0.250,0.574,16.2,29,0.0000,0.00
15:53:09,22.26344559155614,84.90972962891811,-31.735,-32.288,0.13,0.250,0.574,16.2,29,0.0000,0.00
15:53:09,22.26344559155614,84.90972962891811,-31.723,-32.259,0.11,0.250,0.574,16.2,29,0.0000,0.00
15:53:09,22.26344559155614,84.90972962891811,-31.710,-32.230,0.11,0.250,0.574,16.3,29,0.0000,0.00
15:53:09,22.26344559155614,84.90972962891811,-31.698,-32.201,0.11,0.250,0.574,16.4,29,0.0000,0.00
15:53:09,22.26344559155614,84.90972962891811,-31.685,-32.172,0.11,0.250,0.574,16.5,29,0.0000,0.00
15:53:09,22.26344559155614,84.90972962891811,-31.634,-32.161,0.11,0.305,0.548,16.5,29,0.0062,0.00
15:53:09,22.26344559155614,84.90972962891811,-31.618,-32.134,0.11,0.305,0.548,16.5,28,0.0000,0.00
15:53:09,22.26344559155614,84.90972962891811,-31.603,-32.106,0.11,0.305,0.548,16.6,28,0.0000,0.00
15:53:10,22.26344559155614,84.90972962891811,-31.588,-32.078,0.11,0.305,0.548,16.6,28,0.0000,0.00
15:53:10,22.26344559155614,84.90972962891811,-31.572,-32.051,0.11,0.305,0.548,16.6,28,0.0000,0.00
15:53:10,22.26344559155614,84.90972962891811,-31.557,-32.023,0.11,0.305,0.548,16.6,28,0.0000,0.00
15:53:10,22.26344559155614,84.90972962891811,-31.542,-31.995,0.11,0.305,0.548,16.7,28,0.0000,0.00
15:53:10,22.26344559155614,84.90972962891811,-31.526,-31.968,0.11,0.305,0.548,16.6,28,0.0000,0.00
15:53:10,22.26344559155614,84.90972962891811,-31.499,-31.953,0.11,0.328,0.523,16.6,28,0.0059,0.00
15:53:10,22.26344559155614,84.90972962891811,-31.483,-31.927,0.10,0.328,0.523,16.6,29,0.0000,0.00
15:53:10,22.26344559155614,84.90972962891811,-31.466,-31.900,0.10,0.328,0.523,16.5,29,0.0000,0.00
15:53:10,22.26344559155614,84.90972962891811,-31.450,-31.874,0.10,0.328,0.523,16.3,29,0.0000,0.00
15:53:10,22.26344559155614,84.90972962891811,-31.433,-31.848,0.10,0.328,0.523,16.3,29,0.0000,0.00
15:53:10,22.26344559155614,84.90972962891811,-31.417,-31.821,0.10,0.328,0.523,16.2,29,0.0000,0.00
15:53:10,22.26344559155614,84.90972962891811,-31.400,-31.795,0.10,0.328,0.523,16.2,29,0.0000,0.00
15:53:10,22.26344559155614,84.90972962891811,-31.384,-31.768,0.10,0.328,0.523,16.1,29,0.0000,0.00
15:53:10,22.26344559155614,84.90972962891811,-31.372,-31.750,0.10,0.317,0.504,16.1,29,0.0058,0.00
15:53:10,22.26344559155614,84.90972962891811,-31.356,-31.724,0.10,0.317,0.504,16.0,29,0.0000,0.00
15:53:10,22.26344559155614,84.90972962891811,-31.340,-31.699,0.11,0.317,0.504,16.0,29,0.0000,0.00
15:53:10,22.26344559155614,84.90972962891811,-31.324,-31.674,0.11,0.317,0.504,16.0,29,0.0000,0.00
15:53:10,22.26344559155614,84.90972962891811,-31.308,-31.648,0.11,0.317,0.504,15.9,29,0.0000,0.00
15:53:10,22.26344559155614,84.90972962891811,-31.292,-31.623,0.11,0.317,0.504,15.9,29,0.0000,0.00
15:53:11,22.26344559155614,84.90972962891811,-31.276,-31.597,0.11,0.317,0.504,16.0,30,0.0000,0.00
15:53:11,22.26344559155614,84.90972962891811,-31.260,-31.572,0.11,0.317,0.504,16.0,30,0.0000,0.00
15:53:11,22.26344559155614,84.90972962891811,-31.243,-31.544,0.11,0.319,0.511,16.0,30,0.0061,0.00
15:53:11,22.26344559155614,84.90972962891811,-31.227,-31.518,0.11,0.319,0.511,16.1,30,0.0000,0.00
15:53:11,22.26344559155614,84.90972962891811,-31.211,-31.492,0.10,0.319,0.511,16.1,30,0.0000,0.00
15:53:11,22.26344559155614,84.90972962891811,-31.195,-31.467,0.10,0.319,0.511,16.1,30,0.0000,0.00
15:53:11,22.26344559155614,84.90972962891811,-31.179,-31.441,0.10,0.319,0.511,16.1,30,0.0000,0.00
15:53:11,22.26344559155614,84.90972962891811,-31.163,-31.415,0.10,0.319,0.511,16.0,30,0.0000,0.00
15:53:11,22.26344559155614,84.90972962891811,-31.146,-31.389,0.10,0.319,0.511,16.0,31,0.0000,0.00
15:53:11,22.26344559155614,84.90972962891811,-31.130,-31.364,0.10,0.319,0.511,16.0,31,0.0000,0.00
15:53:11,22.26344559155614,84.90972962891811,-31.115,-31.336,0.10,0.316,0.516,16.0,31,0.0059,0.00
15:53:11,22.26344559155614,84.90972962891811,-31.099,-31.310,0.10,0.316,0.516,15.9,31,0.0000,0.00
15:53:11,22.26344559155614,84.90972962891811,-31.084,-31.284,0.10,0.316,0.516,15.9,31,0.0000,0.00
15:53:11,22.26344559155614,84.90972962891811,-31.068,-31.258,0.10,0.316,0.516,15.9,31,0.0000,0.00
15:53:11,22.26344559155614,84.90972962891811,-31.052,-31.232,0.10,0.316,0.516,16.0,31,0.0000,0.00
15:53:11,22.26344559155614,84.90972962891811,-31.036,-31.206,0.10,0.316,0.516,16.0,31,0.0000,0.00
15:53:11,22.26344559155614,84.90972962891811,-31.020,-31.180,0.10,0.316,0.516,16.0,31,0.0000,0.00
15:53:11,22.26344559155614,84.90972962891811,-31.004,-31.154,0.10,0.316,0.516,16.0,31,0.0000,0.00
15:53:11,22.26344559155614,84.90972962891811,-30.988,-31.128,0.10,0.316,0.516,16.0,31,0.0000,0.00
15:53:11,22.26344559155614,84.90972962891811,-30.972,-31.102,0.10,0.316,0.516,16.0,31,0.0000,0.00
15:53:12,22.26344559155614,84.90972962891811,-30.956,-31.076,0.10,0.316,0.516,16.0,31,0.0000,0.00
15:53:12,22.26344559155614,84.90972962891811,-30.940,-31.050,0.10,0.316,0.516,16.0,31,0.0000,0.00
15:53:12,22.26344559155614,84.90972962891811,-30.924,-31.024,0.10,0.316,0.516,16.0,31,0.0000,0.00
15:53:12,22.26344559155614,84.90972962891811,-30.908,-30.998,0.10,0.316,0.516,16.0,31,0.0000,0.00
15:53:12,22.26344559155614,84.90972962891811,-30.892,-30.972,0.10,0.316,0.516,16.0,31,0.0000,0.00
15:53:12,22.26344559155614,84.90972962891811,-30.876,-30.946,0.10,0.316,0.516,16.0,31,0.0000,0.00
15:53:12,22.26344559155614,84.90972962891811,-30.860,-30.920,0.10,0.316,0.516,15.9,31,0.0000,0.00
15:53:12,22.26344559155614,84.90972962891811,-30.844,-30.894,0.10,0.316,0.516,15.8,31,0.0000,0.00
15:53:12,22.26344559155614,84.90972962891811,-30.829,-30.868,0.10,0.316,0.516,15.8,31,0.0000,0.00
15:53:12,22.26344559155614,84.90972962891811,-30.813,-30.842,0.11,0.316,0.516,15.8,31,0.0000,0.00
15:53:12,22.26344559155614,84.90972962891811,-30.797,-30.816,0.11,0.316,0.516,15.8,31,0.0000,0.00
15:53:12,22.26344559155614,84.90972962891811,-30.781,-30.791,0.11,0.316,0.516,15.8,31,0.0000,0.00
15:53:12,22.26344559155614,84.90972962891811,-30.765,-30.765,0.11,0.316,0.516,15.8,31,0.0000,0.00
15:53:12,22.26344559155614,84.90972962891811,-30.748,-30.739,0.11,0.318,0.515,15.7,31,0.0059,0.00
15:53:12,22.26344559155614,84.90972962891811,-30.732,-30.713,0.11,0.318,0.515,15.7,31,0.0000,0.00
15:53:12,22.26344559155614,84.90972962891811,-30.715,-30.687,0.11,0.318,0.515,15.7,31,0.0000,0.00
15:53:12,22.26344559155614,84.90972962891811,-30.699,-30.661,0.11,0.318,0.515,15.7,31,0.0000,0.00
15:53:12,22.26344559155614,84.90972962891811,-30.683,-30.635,0.11,0.318,0.515,15.7,31,0.0000,0.00
15:53:12,22.26344559155614,84.90972962891811,-30.667,-30.609,0.11,0.318,0.515,15.7,31,0.0000,0.00
15:53:12,22.26344559155614,84.90972962891811,-30.651,-30.583,0.11,0.318,0.515,15.7,31,0.0000,0.00
15:53:13,22.26344559155614,84.90972962891811,-30.635,-30.557,0.11,0.318,0.515,15.7,31,0.0000,0.00
15:53:13,22.26344559155614,84.90972962891811,-30.619,-30.531,0.11,0.318,0.515,15.7,31,0.0000,0.00
15:53:13,22.26344559155614,84.90972962891811,-30.603,-30.505,0.10,0.318,0.515,15.6,31,0.0000,0.00
15:53:13,22.26344559155614,84.90972962891811,-30.587,-30.479,0.10,0.318,0.515,15.6,31,0.0000,0.00
15:53:13,22.26344559155614,84.90972962891811,-30.571,-30.453,0.10,0.318,0.515,15.6,31,0.0000,0.00
15:53:13,22.26344559155614,84.90972962891811,-30.555,-30.427,0.10,0.318,0.515,15.6,31,0.0000,0.00
15:53:13,22.26344559155614,84.90972962891811,-30.539,-30.401,0.10,0.318,0.515,15.6,31,0.0000,0.00
15:53:13,22.26344559155614,84.90972962891811,-30.523,-30.375,0.10,0.318,0.515,15.6,31,0.0000,0.00
15:53:13,22.26344559155614,84.90972962891811,-30.507,-30.350,0.10,0.318,0.515,15.6,31,0.0000,0.00
15:53:13,22.26344559155614,84.90972962891811,-30.491,-30.323,0.10,0.318,0.515,15.6,31,0.0000,0.00
15:53:13,22.26344559155614,84.90972962891811,-30.475,-30.297,0.10,0.318,0.515,15.6,31,0.0000,0.00
15:53:13,22.26344559155614,84.90972962891811,-30.459,-30.271,0.12,0.318,0.515,15.6,31,0.0000,0.00
15:53:13,22.26344559155614,84.90972962891811,-30.443,-30.245,0.12,0.318,0.515,15.6,31,0.0000,0.00
15:53:13,22.26344559155614,84.90972962891811,-30.427,-30.220,0.12,0.318,0.515,15.6,31,0.0000,0.00
15:53:13,22.26344559155614,84.90972962891811,-30.411,-30.194,0.12,0.318,0.515,15.6,31,0.0000,0.00
15:53:13,22.26344559155614,84.90972962891811,-30.395,-30.168,0.11,0.318,0.515,15.6,31,0.0000,0.00
15:53:13,22.26344559155614,84.90972962891811,-30.379,-30.142,0.11,0.318,0.515,15.6,31,0.0000,0.00
15:53:13,22.26344559155614,84.90972962891811,-30.363,-30.116,0.11,0.318,0.515,15.6,31,0.0000,0.00
15:53:13,22.26344559155614,84.90972962891811,-30.347,-30.090,0.11,0.318,0.515,15.6,31,0.0000,0.00
15:53:13,22.26344559155614,84.90972962891811,-30.331,-30.064,0.11,0.318,0.515,15.5,31,0.0000,0.00
15:53:14,22.26344559155614,84.90972962891811,-30.315,-30.038,0.11,0.318,0.515,15.5,31,0.0000,0.00
15:53:14,22.26344559155614,84.90972962891811,-30.299,-30.012,0.11,0.318,0.515,15.5,31,0.0000,0.00
15:53:14,22.26344559155614,84.90972962891811,-30.283,-29.986,0.11,0.318,0.515,15.4,31,0.0000,0.00
15:53:14,22.26344559155614,84.90972962891811,-30.267,-29.960,0.11,0.318,0.515,15.4,31,0.0000,0.00
15:53:14,22.26344559155614,84.90972962891811,-30.251,-29.934,0.12,0.318,0.515,15.4,31,0.0000,0.00
15:53:14,22.26344559155614,84.90972962891811,-30.234,-29.908,0.12,0.318,0.515,15.4,31,0.0000,0.00
15:53:14,22.26344559155614,84.90972962891811,-30.218,-29.882,0.12,0.318,0.515,15.4,31,0.0000,0.00
15:53:14,22.26344559155614,84.90972962891811,-30.202,-29.856,0.12,0.318,0.515,15.4,31,0.0000,0.00
15:53:14,22.26344559155614,84.90972962891811,-30.217,-29.815,0.11,0.289,0.531,15.5,31,0.0060,0.00
15:53:14,22.26344559155614,84.90972962891811,-30.202,-29.788,0.11,0.289,0.531,15.5,31,0.0000,0.00
15:53:14,22.26344559155614,84.90972962891811,-30.188,-29.761,0.11,0.289,0.531,15.5,31,0.0000,0.00
15:53:14,22.26344559155614,84.90972962891811,-30.173,-29.734,0.11,0.289,0.531,15.5,31,0.0000,0.00
15:53:14,22.26344559155614,84.90972962891811,-30.159,-29.708,0.11,0.289,0.531,15.5,31,0.0000,0.00
15:53:14,22.26344559155614,84.90972962891811,-30.144,-29.681,0.11,0.289,0.531,15.5,31,0.0000,0.00
15:53:14,22.26344559155614,84.90972962891811,-30.130,-29.654,0.11,0.289,0.531,15.5,31,0.0000,0.00
15:53:14,22.26344559155614,84.90972962891811,-30.115,-29.627,0.11,0.289,0.531,15.4,31,0.0000,0.00
15:53:14,22.26344559155614,84.90972962891811,-30.100,-29.601,0.11,0.289,0.531,15.3,31,0.0000,0.00
15:53:14,22.26344559155614,84.90972962891811,-30.086,-29.574,0.11,0.289,0.531,15.3,31,0.0000,0.00
15:53:14,22.26344559155614,84.90972962891811,-30.071,-29.547,0.11,0.289,0.531,14.9,31,0.0000,0.00
15:53:14,22.26344559155614,84.90972962891811,-30.057,-29.521,0.11,0.289,0.531,14.8,31,0.0000,0.00
15:53:15,22.26344559155614,84.90972962891811,-30.042,-29.494,0.13,0.289,0.531,14.6,31,0.0000,0.00
15:53:15,22.26344559155614,84.90972962891811,-30.028,-29.467,0.13,0.289,0.531,14.2,31,0.0000,0.00
15:53:15,22.26344559155614,84.90972962891811,-30.013,-29.440,0.13,0.289,0.531,14.2,31,0.0000,0.00
15:53:15,22.26344559155614,84.90972962891811,-30.039,-29.476,0.13,0.230,0.441,13.8,31,0.0050,0.00
15:53:15,22.26344559155614,84.90972962891811,-30.028,-29.453,0.13,0.230,0.441,13.5,31,0.0000,0.00
15:53:15,22.26344559155614,84.90972962891811,-30.016,-29.431,0.13,0.230,0.441,12.8,31,0.0000,0.00
15:53:15,22.26344559155614,84.90972962891811,-30.004,-29.409,0.13,0.230,0.441,12.8,31,0.0000,0.00
15:53:15,22.26344559155614,84.90972962891811,-29.993,-29.387,0.13,0.230,0.441,12.4,31,0.0000,0.00
15:53:15,22.26344559155614,84.90972962891811,-29.981,-29.364,0.13,0.230,0.441,12.1,31,0.0000,0.00
15:53:15,22.26344559155614,84.90972962891811,-29.970,-29.342,0.14,0.230,0.441,11.4,31,0.0000,0.00
15:53:15,22.26344559155614,84.90972962891811,-29.958,-29.320,0.14,0.230,0.441,11.4,31,0.0000,0.00
15:53:15,22.26344559155614,84.90972962891811,-30.002,-29.334,0.14,0.115,0.366,11.1,31,0.0038,0.00
15:53:15,22.26344559155614,84.90972962891811,-29.996,-29.316,0.14,0.115,0.366,10.9,31,0.0000,0.00
15:53:15,22.26344559155614,84.90972962891811,-29.990,-29.297,0.15,0.115,0.366,10.4,31,0.0000,0.00
15:53:15,22.26344559155614,84.90972962891811,-29.985,-29.279,0.15,0.115,0.366,10.4,31,0.0000,0.00
15:53:15,22.26344559155614,84.90972962891811,-29.979,-29.260,0.15,0.115,0.366,10.1,31,0.0000,0.00
15:53:15,22.26344559155614,84.90972962891811,-29.973,-29.242,0.15,0.115,0.366,9.9,31,0.0000,0.00
15:53:15,22.26344559155614,84.90972962891811,-29.967,-29.223,0.15,0.115,0.366,9.5,31,0.0000,0.00
15:53:15,22.26344559155614,84.90972962891811,-29.962,-29.205,0.15,0.115,0.366,9.5,31,0.0000,0.00
15:53:15,22.26344559155614,84.90972962891811,-29.976,-29.215,0.15,0.063,0.295,9.3,31,0.0031,0.00
15:53:16,22.26344559155614,84.90972962891811,-29.973,-29.200,0.15,0.063,0.295,9.0,31,0.0000,0.00
15:53:16,22.26344559155614,84.90972962891811,-29.970,-29.185,0.15,0.063,0.295,9.0,31,0.0000,0.00
15:53:16,22.26344559155614,84.90972962891811,-29.967,-29.170,0.17,0.063,0.295,8.6,31,0.0000,0.00
15:53:16,22.26344559155614,84.90972962891811,-29.963,-29.155,0.17,0.063,0.295,8.4,31,0.0000,0.00
15:53:16,22.26344559155614,84.90972962891811,-29.960,-29.140,0.17,0.063,0.295,8.1,31,0.0000,0.00
15:53:16,22.26344559155614,84.90972962891811,-29.957,-29.126,0.17,0.063,0.295,8.1,31,0.0000,0.00
15:53:16,22.26344559155614,84.90972962891811,-29.954,-29.111,0.17,0.063,0.295,7.9,31,0.0000,0.00
15:53:16,22.26344559155614,84.90972962891811,-29.961,-29.122,0.17,0.037,0.225,7.7,31,0.0024,0.00
15:53:16,22.26344559155614,84.90972962891811,-29.959,-29.110,0.17,0.037,0.225,7.3,31,0.0000,0.00
15:53:16,22.26344559155614,84.90972962891811,-29.957,-29.099,0.17,0.037,0.225,7.3,31,0.0000,0.00
15:53:16,22.26344559155614,84.90972962891811,-29.955,-29.088,0.19,0.037,0.225,7.2,31,0.0000,0.00
15:53:16,22.26344559155614,84.90972962891811,-29.953,-29.076,0.19,0.037,0.225,7.0,31,0.0000,0.00
15:53:16,22.26344559155614,84.90972962891811,-29.951,-29.065,0.19,0.037,0.225,6.7,31,0.0000,0.00
15:53:16,22.26344559155614,84.90972962891811,-29.950,-29.054,0.19,0.037,0.225,6.7,31,0.0000,0.00
15:53:16,22.26344559155614,84.90972962891811,-29.948,-29.042,0.20,0.037,0.225,6.5,31,0.0000,0.00
15:53:16,22.26344559155614,84.90972962891811,-29.951,-29.051,0.20,0.021,0.167,6.4,31,0.0018,0.00
15:53:16,22.26344559155614,84.90972962891811,-29.950,-29.043,0.20,0.021,0.167,6.1,31,0.0000,0.00
15:53:16,22.26344559155614,84.90972962891811,-29.949,-29.035,0.20,0.021,0.167,6.1,31,0.0000,0.00
15:53:16,22.26344559155614,84.90972962891811,-29.948,-29.026,0.20,0.021,0.167,6.0,31,0.0000,0.00
15:53:16,22.26344559155614,84.90972962891811,-29.947,-29.018,0.20,0.021,0.167,5.8,31,0.0000,0.00
15:53:17,22.26344559155614,84.90972962891811,-29.946,-29.009,0.20,0.021,0.167,5.5,31,0.0000,0.00
15:53:17,22.26344559155614,84.90972962891811,-29.945,-29.001,0.20,0.021,0.167,5.5,31,0.0000,0.00
15:53:17,22.26344559155614,84.90972962891811,-29.944,-28.992,0.20,0.021,0.167,5.4,31,0.0000,0.00
15:53:17,22.26344559155614,84.90972962891811,-29.946,-28.996,0.22,0.013,0.133,5.2,31,0.0015,0.00
15:53:17,22.26344559155614,84.90972962891811,-29.945,-28.990,0.22,0.013,0.133,5.2,31,0.0000,0.00
15:53:17,22.26344559155614,84.90972962891811,-29.944,-28.983,0.22,0.013,0.133,5.0,31,0.0000,0.00
15:53:17,22.26344559155614,84.90972962891811,-29.944,-28.976,0.22,0.013,0.133,4.9,31,0.0000,0.00
15:53:17,22.26344559155614,84.90972962891811,-29.943,-28.969,0.22,0.013,0.133,4.7,29,0.0000,0.00
15:53:17,22.26344559155614,84.90972962891811,-29.942,-28.963,0.22,0.013,0.133,4.7,29,0.0000,0.00
15:53:17,22.26344559155614,84.90972962891811,-29.942,-28.956,0.22,0.013,0.133,4.7,29,0.0000,0.00
15:53:17,22.26344559155614,84.90972962891811,-29.941,-28.949,0.22,0.013,0.133,4.6,29,0.0000,0.00
15:53:17,22.26344559155614,84.90972962891811,-29.941,-28.946,0.22,0.011,0.123,4.5,29,0.0015,0.00
15:53:17,22.26344559155614,84.90972962891811,-29.941,-28.940,0.22,0.011,0.123,4.5,29,0.0000,0.00
15:53:17,22.26344559155614,84.90972962891811,-29.940,-28.934,0.22,0.011,0.123,4.4,29,0.0000,0.00
15:53:17,22.26344559155614,84.90972962891811,-29.939,-28.921,0.22,0.011,0.123,4.3,29,0.0000,0.00
15:53:17,22.26344559155614,84.90972962891811,-29.938,-28.915,0.22,0.011,0.123,4.3,29,0.0000,0.00
15:53:17,22.26344559155614,84.90972962891811,-29.938,-28.909,0.22,0.011,0.123,4.3,29,0.0000,0.00
15:53:17,22.26344559155614,84.90972962891811,-29.937,-28.903,0.22,0.011,0.123,4.3,29,0.0000,0.00
15:53:17,22.26344559155614,84.90972962891811,-29.937,-28.895,0.22,0.011,0.128,4.4,29,0.0016,0.00
15:53:18,22.26344559155614,84.90972962891811,-29.936,-28.888,0.20,0.011,0.128,4.4,29,0.0000,0.00
15:53:18,22.26344559155614,84.90972962891811,-29.936,-28.882,0.20,0.011,0.128,4.4,29,0.0000,0.00
15:53:18,22.26344559155614,84.90972962891811,-29.935,-28.876,0.20,0.011,0.128,4.5,29,0.0000,0.00
15:53:18,22.26344559155614,84.90972962891811,-29.935,-28.869,0.20,0.011,0.128,4.7,29,0.0000,0.00
15:53:18,22.26344559155614,84.90972962891811,-29.934,-28.863,0.20,0.011,0.128,4.8,29,0.0000,0.00
15:53:18,22.26344559155614,84.90972962891811,-29.934,-28.856,0.20,0.011,0.128,4.8,29,0.0000,0.00
15:53:18,22.26344559155614,84.90972962891811,-29.933,-28.850,0.20,0.011,0.128,4.9,29,0.0000,0.00
15:53:18,22.26344559155614,84.90972962891811,-29.932,-28.842,0.20,0.013,0.132,5.0,29,0.0016,0.00
15:53:18,22.26344559155614,84.90972962891811,-29.931,-28.835,0.19,0.013,0.132,5.0,29,0.0000,0.00
15:53:18,22.26344559155614,84.90972962891811,-29.930,-28.828,0.19,0.013,0.132,5.2,29,0.0000,0.00
15:53:18,22.26344559155614,84.90972962891811,-29.930,-28.822,0.19,0.013,0.132,5.4,29,0.0000,0.00
15:53:18,22.26344559155614,84.90972962891811,-29.929,-28.815,0.19,0.013,0.132,5.5,29,0.0000,0.00
15:53:18,22.26344559155614,84.90972962891811,-29.929,-28.808,0.19,0.013,0.132,5.5,29,0.0000,0.00
15:53:18,22.26344559155614,84.90972962891811,-29.928,-28.802,0.18,0.013,0.132,5.6,29,0.0000,0.00
15:53:18,22.26344559155614,84.90972962891811,-29.927,-28.795,0.18,0.013,0.132,5.9,29,0.0000,0.00
15:53:18,22.26344559155614,84.90972962891811,-29.925,-28.787,0.18,0.017,0.136,6.1,29,0.0018,0.00
15:53:18,22.26344559155614,84.90972962891811,-29.924,-28.780,0.18,0.017,0.136,6.1,29,0.0000,0.00
15:53:18,22.26344559155614,84.90972962891811,-29.924,-28.773,0.18,0.017,0.136,6.3,29,0.0000,0.00
15:53:18,22.26344559155614,84.90972962891811,-29.923,-28.767,0.18,0.017,0.136,6.7,29,0.0000,0.00
15:53:18,22.26344559155614,84.90972962891811,-29.922,-28.760,0.18,0.017,0.136,6.9,29,0.0000,0.00
15:53:19,22.26344559155614,84.90972962891811,-29.921,-28.753,0.18,0.017,0.136,7.1,29,0.0000,0.00
15:53:19,22.26344559155614,84.90972962891811,-29.920,-28.746,0.15,0.017,0.136,7.1,29,0.0000,0.00
15:53:19,22.26344559155614,84.90972962891811,-29.919,-28.739,0.15,0.017,0.136,7.6,29,0.0000,0.00
15:53:19,22.26344559155614,84.90972962891811,-29.917,-28.733,0.15,0.020,0.133,7.8,29,0.0017,0.00
15:53:19,22.26344559155614,84.90972962891811,-29.916,-28.727,0.15,0.020,0.133,8.0,29,0.0000,0.00
15:53:19,22.26344559155614,84.90972962891811,-29.915,-28.720,0.15,0.020,0.133,8.0,29,0.0000,0.00
15:53:19,22.26344559155614,84.90972962891811,-29.914,-28.713,0.15,0.020,0.133,8.2,29,0.0000,0.00
15:53:19,22.26344559155614,84.90972962891811,-29.913,-28.706,0.15,0.020,0.133,8.7,29,0.0000,0.00
15:53:19,22.26344559155614,84.90972962891811,-29.912,-28.700,0.15,0.020,0.133,8.9,29,0.0000,0.00
15:53:19,22.26344559155614,84.90972962891811,-29.911,-28.693,0.14,0.020,0.133,8.9,29,0.0000,0.00
15:53:19,22.26344559155614,84.90972962891811,-29.910,-28.686,0.14,0.020,0.133,9.3,29,0.0000,0.00
15:53:19,22.26344559155614,84.90972962891811,-29.908,-28.676,0.14,0.025,0.144,9.5,29,0.0018,0.00
15:53:19,22.26344559155614,84.90972962891811,-29.906,-28.669,0.14,0.025,0.144,9.7,29,0.0000,0.00
15:53:19,22.26344559155614,84.90972962891811,-29.905,-28.661,0.14,0.025,0.144,9.7,29,0.0000,0.00
15:53:19,22.26344559155614,84.90972962891811,-29.904,-28.654,0.12,0.025,0.144,10.1,29,0.0000,0.00
15:53:19,22.26344559155614,84.90972962891811,-29.903,-28.647,0.12,0.025,0.144,10.1,29,0.0000,0.00
15:53:19,22.26344559155614,84.90972962891811,-29.901,-28.640,0.12,0.025,0.144,10.3,29,0.0000,0.00
15:53:19,22.26344559155614,84.90972962891811,-29.900,-28.632,0.12,0.025,0.144,10.6,29,0.0000,0.00
15:53:19,22.26344559155614,84.90972962891811,-29.899,-28.625,0.12,0.025,0.144,10.8,30,0.0000,0.00
15:53:19,22.26344559155614,84.90972962891811,-29.898,-28.622,0.12,0.025,0.132,10.9,30,0.0016,0.00
15:53:20,22.26344559155614,84.90972962891811,-29.896,-28.616,0.12,0.025,0.132,10.9,30,0.0000,0.00
15:53:20,22.26344559155614,84.90972962891811,-29.895,-28.609,0.12,0.025,0.132,11.2,30,0.0000,0.00
15:53:20,22.26344559155614,84.90972962891811,-29.894,-28.602,0.12,0.025,0.132,11.3,30,0.0000,0.00
15:53:20,22.26344559155614,84.90972962891811,-29.893,-28.596,0.12,0.025,0.132,11.4,30,0.0000,0.00
15:53:20,22.26344559155614,84.90972962891811,-29.891,-28.589,0.12,0.025,0.132,11.4,30,0.0000,0.00
15:53:20,22.26344559155614,84.90972962891811,-29.890,-28.582,0.12,0.025,0.132,11.6,30,0.0000,0.00
15:53:20,22.26344559155614,84.90972962891811,-29.889,-28.578,0.12,0.025,0.126,11.6,30,0.0015,0.00
15:53:20,22.26344559155614,84.90972962891811,-29.888,-28.571,0.12,0.025,0.126,11.7,31,0.0000,0.00
15:53:20,22.26344559155614,84.90972962891811,-29.886,-28.565,0.12,0.025,0.126,11.7,31,0.0000,0.00
15:53:20,22.26344559155614,84.90972962891811,-29.885,-28.559,0.12,0.025,0.126,11.7,31,0.0000,0.00
15:53:20,22.26344559155614,84.90972962891811,-29.884,-28.552,0.12,0.025,0.126,11.8,31,0.0000,0.00
15:53:20,22.26344559155614,84.90972962891811,-29.883,-28.546,0.12,0.025,0.126,11.8,31,0.0000,0.00
15:53:20,22.26344559155614,84.90972962891811,-29.881,-28.539,0.12,0.025,0.126,11.8,31,0.0000,0.00
15:53:20,22.26344559155614,84.90972962891811,-29.880,-28.533,0.12,0.025,0.126,11.9,31,0.0000,0.00
15:53:20,22.26344559155614,84.90972962891811,-29.879,-28.527,0.12,0.026,0.124,12.0,31,0.0016,0.00
15:53:20,22.26344559155614,84.90972962891811,-29.877,-28.521,0.12,0.026,0.124,12.0,31,0.0000,0.00
15:53:20,22.26344559155614,84.90972962891811,-29.876,-28.515,0.12,0.026,0.124,12.0,31,0.0000,0.00
15:53:20,22.26344559155614,84.90972962891811,-29.875,-28.509,0.12,0.026,0.124,12.1,31,0.0000,0.00
15:53:20,22.26344559155614,84.90972962891811,-29.873,-28.502,0.12,0.026,0.124,12.1,31,0.0000,0.00
15:53:21,22.26344559155614,84.90972962891811,-29.872,-28.496,0.12,0.026,0.124,12.1,31,0.0000,0.00
15:53:21,22.26344559155614,84.90972962891811,-29.871,-28.490,0.12,0.026,0.124,12.1,31,0.0000,0.00
15:53:21,22.26344559155614,84.90972962891811,-29.870,-28.484,0.12,0.026,0.124,12.2,31,0.0000,0.00
15:53:21,22.26344559155614,84.90972962891811,-29.869,-28.481,0.12,0.024,0.115,12.3,31,0.0014,0.00
15:53:21,22.26344559155614,84.90972962891811,-29.867,-28.475,0.12,0.024,0.115,12.3,31,0.0000,0.00
15:53:21,22.26344559155614,84.90972962891811,-29.866,-28.469,0.12,0.024,0.115,12.3,31,0.0000,0.00
15:53:21,22.26344559155614,84.90972962891811,-29.865,-28.463,0.12,0.024,0.115,12.4,31,0.0000,0.00
15:53:21,22.26344559155614,84.90972962891811,-29.864,-28.457,0.12,0.024,0.115,12.5,31,0.0000,0.00
15:53:21,22.26344559155614,84.90972962891811,-29.863,-28.452,0.12,0.024,0.115,12.6,31,0.0000,0.00
15:53:21,22.26344559155614,84.90972962891811,-29.861,-28.446,0.12,0.024,0.115,12.6,31,0.0000,0.00
15:53:21,22.26344559155614,84.90972962891811,-29.860,-28.440,0.12,0.024,0.115,12.6,31,0.0000,0.00
15:53:21,22.26344559155614,84.90972962891811,-29.859,-28.438,0.12,0.023,0.105,12.7,31,0.0014,0.00
15:53:21,22.26344559155614,84.90972962891811,-29.858,-28.432,0.12,0.023,0.105,12.8,31,0.0000,0.00
15:53:21,22.26344559155614,84.90972962891811,-29.857,-28.427,0.12,0.023,0.105,13.4,31,0.0000,0.00
15:53:21,22.26344559155614,84.90972962891811,-29.856,-28.422,0.12,0.023,0.105,13.4,31,0.0000,0.00
15:53:21,22.26344559155614,84.90972962891811,-29.855,-28.417,0.12,0.023,0.105,14.4,31,0.0000,0.00
15:53:21,22.26344559155614,84.90972962891811,-29.854,-28.411,0.12,0.023,0.105,15.8,31,0.0000,0.00
15:53:21,22.26344559155614,84.90972962891811,-29.852,-28.406,0.12,0.023,0.105,18.9,31,0.0000,0.00
15:53:21,22.26344559155614,84.90972962891811,-29.851,-28.401,0.12,0.023,0.105,18.9,31,0.0000,0.00
15:53:21,22.26344559155614,84.90972962891811,-29.838,-28.372,0.12,0.058,0.171,20.7,31,0.0027,0.00
15:53:22,22.26344559155614,84.90972962891811,-29.835,-28.364,0.12,0.058,0.171,22.4,31,0.0000,0.00
15:53:22,22.26344559155614,84.90972962891811,-29.832,-28.355,0.13,0.058,0.171,25.4,31,0.0000,0.00
15:53:22,22.26344559155614,84.90972962891811,-29.829,-28.346,0.13,0.058,0.171,25.4,31,0.0000,0.00
15:53:22,22.26344559155614,84.90972962891811,-29.826,-28.338,0.13,0.058,0.171,26.2,31,0.0000,0.00
15:53:22,22.26344559155614,84.90972962891811,-29.823,-28.329,0.13,0.058,0.171,26.5,31,0.0000,0.00
15:53:22,22.26344559155614,84.90972962891811,-29.821,-28.321,0.13,0.058,0.171,26.0,31,0.0000,0.00
15:53:22,22.26344559155614,84.90972962891811,-29.818,-28.312,0.13,0.058,0.171,26.0,31,0.0000,0.00
15:53:22,22.26344559155614,84.90972962891811,-29.796,-28.274,0.13,0.111,0.252,25.4,31,0.0032,0.00
15:53:22,22.26344559155614,84.90972962891811,-29.790,-28.262,0.13,0.111,0.252,24.8,31,0.0000,0.00
15:53:22,22.26344559155614,84.90972962891811,-29.785,-28.249,0.13,0.111,0.252,24.8,31,0.0000,0.00
15:53:22,22.26344559155614,84.90972962891811,-29.779,-28.236,0.12,0.111,0.252,22.8,31,0.0000,0.00
15:53:22,22.26344559155614,84.90972962891811,-29.773,-28.223,0.12,0.111,0.252,21.1,31,0.0000,0.00
15:53:22,22.26344559155614,84.90972962891811,-29.768,-28.211,0.12,0.111,0.252,19.0,31,0.0000,0.00
15:53:22,22.26344559155614,84.90972962891811,-29.762,-28.198,0.12,0.111,0.252,14.0,31,0.0000,0.00
15:53:22,22.26344559155614,84.90972962891811,-29.757,-28.185,0.11,0.111,0.252,14.0,31,0.0000,0.00
15:53:22,22.26344559155614,84.90972962891811,-29.709,-28.144,0.11,0.230,0.332,11.2,31,0.0041,0.00
15:53:22,22.26344559155614,84.90972962891811,-29.697,-28.127,0.11,0.230,0.332,5.2,31,0.0000,0.00
15:53:22,22.26344559155614,84.90972962891811,-29.686,-28.111,0.11,0.230,0.332,5.2,31,0.0000,0.00
15:53:22,22.26344559155614,84.90972962891811,-29.674,-28.094,0.11,0.230,0.332,2.1,31,0.0000,0.00
15:53:22,22.26344559155614,84.90972962891811,-29.662,-28.077,0.11,0.230,0.332,-1.2,31,0.0000,0.00
15:53:23,22.26344559155614,84.90972962891811,-29.651,-28.060,0.11,0.230,0.332,-7.8,31,0.0000,0.00
15:53:23,22.26344559155614,84.90972962891811,-29.639,-28.044,0.11,0.230,0.332,-11.3,31,0.0000,0.00
15:53:23,22.26344559155614,84.90972962891811,-29.628,-28.027,0.11,0.230,0.332,-11.3,31,0.0000,0.00
15:53:23,22.26344559155614,84.90972962891811,-29.616,-28.010,0.12,0.230,0.332,-14.7,31,0.0000,0.00
15:53:23,22.26344559155614,84.90972962891811,-29.604,-27.993,0.12,0.230,0.332,-21.8,31,0.0000,0.00
15:53:23,22.26344559155614,84.90972962891811,-29.593,-27.977,0.12,0.230,0.332,-25.4,31,0.0000,0.00
15:53:23,22.26344559155614,84.90972962891811,-29.581,-27.960,0.12,0.230,0.332,-25.4,31,0.0000,0.00
15:53:23,22.26344559155614,84.90972962891811,-29.570,-27.943,0.14,0.230,0.332,-29.0,31,0.0000,0.00
15:53:23,22.26344559155614,84.90972962891811,-29.558,-27.926,0.14,0.230,0.332,-36.0,31,0.0000,0.00
15:53:23,22.26344559155614,84.90972962891811,-29.546,-27.910,0.14,0.230,0.332,-36.0,31,0.0000,0.00
15:53:23,22.26344559155614,84.90972962891811,-29.535,-27.893,0.14,0.230,0.332,-39.0,31,0.0000,0.00
15:53:23,22.26344559155614,84.90972962891811,-29.523,-27.876,0.14,0.230,0.332,-41.5,31,0.0000,0.00
15:53:23,22.26344559155614,84.90972962891811,-29.512,-27.859,0.14,0.230,0.332,-45.7,31,0.0000,0.00
15:53:23,22.26344559155614,84.90972962891811,-29.500,-27.843,0.14,0.230,0.332,-45.7,31,0.0000,0.00
15:53:23,22.26344559155614,84.90972962891811,-29.488,-27.826,0.14,0.230,0.332,-47.3,31,0.0000,0.00
15:53:23,22.26344559155614,84.90972962891811,-29.477,-27.809,0.16,0.230,0.332,-48.7,31,0.0000,0.00
15:53:23,22.26344559155614,84.90972962891811,-29.465,-27.792,0.16,0.230,0.332,-49.9,31,0.0000,0.00
15:53:23,22.26344559155614,84.90972962891811,-29.454,-27.775,0.16,0.230,0.332,-49.9,31,0.0000,0.00
15:53:23,22.26344559155614,84.90972962891811,-29.442,-27.759,0.16,0.230,0.332,-50.0,31,0.0000,0.00
15:53:24,22.26344559155614,84.90972962891811,-29.430,-27.742,0.14,0.230,0.332,-49.6,31,0.0000,0.00
15:53:24,22.26344559155614,84.90972962891811,-29.419,-27.725,0.14,0.230,0.332,-49.3,31,0.0000,0.00
15:53:24,22.26344559155614,84.90972962891811,-29.407,-27.708,0.14,0.230,0.332,-49.3,31,0.0000,0.00
15:53:24,22.26344559155614,84.90972962891811,-29.396,-27.692,0.14,0.230,0.332,-48.8,31,0.0000,0.00
15:53:24,22.26344559155614,84.90972962891811,-29.384,-27.675,0.14,0.230,0.332,-48.0,31,0.0000,0.00
15:53:24,22.26344559155614,84.90972962891811,-29.372,-27.658,0.14,0.230,0.332,-47.6,31,0.0000,0.00
15:53:24,22.26344559155614,84.90972962891811,-29.361,-27.641,0.14,0.230,0.332,-47.6,31,0.0000,0.00
15:53:24,22.26344559155614,84.90972962891811,-29.349,-27.625,0.14,0.230,0.332,-47.2,31,0.0000,0.00
15:53:24,22.26344559155614,84.90972962891811,-29.338,-27.608,0.14,0.230,0.332,-46.4,31,0.0000,0.00
15:53:24,22.26344559155614,84.90972962891811,-29.326,-27.591,0.14,0.230,0.332,-46.1,31,0.0000,0.00
15:53:24,22.26344559155614,84.90972962891811,-29.314,-27.574,0.14,0.230,0.332,-46.1,31,0.0000,0.00
15:53:24,22.26344559155614,84.90972962891811,-29.303,-27.558,0.14,0.230,0.332,-45.8,31,0.0000,0.00
15:53:24,22.26344559155614,84.90972962891811,-29.291,-27.541,0.14,0.230,0.332,-45.2,31,0.0000,0.00
15:53:24,22.26344559155614,84.90972962891811,-29.279,-27.524,0.14,0.230,0.332,-45.2,31,0.0000,0.00
15:53:24,22.26344559155614,84.90972962891811,-29.268,-27.507,0.14,0.230,0.332,-45.0,31,0.0000,0.00
15:53:24,22.26344559155614,84.90972962891811,-29.256,-27.490,0.14,0.230,0.332,-44.6,31,0.0000,0.00
15:53:24,22.26344559155614,84.90972962891811,-29.245,-27.474,0.14,0.230,0.332,-44.4,31,0.0000,0.00
15:53:24,22.26344559155614,84.90972962891811,-29.233,-27.457,0.14,0.230,0.332,-44.4,31,0.0000,0.00
15:53:24,22.26344559155614,84.90972962891811,-29.221,-27.440,0.14,0.230,0.332,-44.2,31,0.0000,0.00
15:53:24,22.26344559155614,84.90972962891811,-29.210,-27.423,0.14,0.230,0.332,-43.9,31,0.0000,0.00
15:53:25,22.26344559155614,84.90972962891811,-29.198,-27.407,0.14,0.230,0.332,-43.7,31,0.0000,0.00
15:53:25,22.26344559155614,84.90972962891811,-29.187,-27.390,0.14,0.230,0.332,-43.7,31,0.0000,0.00
15:53:25,22.26344559155614,84.90972962891811,-29.175,-27.373,0.13,0.230,0.332,-43.6,31,0.0000,0.00
15:53:25,22.26344559155614,84.90972962891811,-29.163,-27.356,0.13,0.230,0.332,-43.0,31,0.0000,0.00
15:53:25,22.26344559155614,84.90972962891811,-29.152,-27.340,0.13,0.230,0.332,-42.1,31,0.0000,0.00
15:53:25,22.26344559155614,84.90972962891811,-29.140,-27.323,0.13,0.230,0.332,-42.1,31,0.0000,0.00
15:53:25,22.26344559155614,84.90972962891811,-29.129,-27.306,0.13,0.230,0.332,-38.9,31,0.0000,0.00
15:53:25,22.26344559155614,84.90972962891811,-29.117,-27.289,0.13,0.230,0.332,-36.9,31,0.0000,0.00
15:53:25,22.26344559155614,84.90972962891811,-29.105,-27.273,0.13,0.230,0.332,-35.0,31,0.0000,0.00
15:53:25,22.26344559155614,84.90972962891811,-29.094,-27.256,0.13,0.230,0.332,-35.0,31,0.0000,0.00
15:53:25,22.26344559155614,84.90972962891811,-29.082,-27.239,0.11,0.230,0.332,-32.1,31,0.0000,0.00
15:53:25,22.26344559155614,84.90972962891811,-29.071,-27.222,0.11,0.230,0.332,-31.0,31,0.0000,0.00
15:53:25,22.26344559155614,84.90972962891811,-29.059,-27.206,0.11,0.230,0.332,-30.0,31,0.0000,0.00
15:53:25,22.26344559155614,84.90972962891811,-29.048,-27.189,0.11,0.230,0.332,-30.0,31,0.0000,0.00
15:53:25,22.26344559155614,84.90972962891811,-29.711,-27.028,0.12,-0.208,0.426,-28.9,31,0.0050,0.00
15:53:25,22.26344559155614,84.90972962891811,-29.722,-27.007,0.12,-0.208,0.426,-28.5,31,0.0000,0.00
15:53:25,22.26344559155614,84.90972962891811,-29.732,-26.985,0.12,-0.208,0.426,-28.5,31,0.0000,0.00
15:53:25,22.26344559155614,84.90972962891811,-29.742,-26.964,0.12,-0.208,0.426,-28.1,31,0.0000,0.00
15:53:25,22.26344559155614,84.90972962891811,-29.753,-26.942,0.12,-0.208,0.426,-27.9,31,0.0000,0.00
15:53:25,22.26344559155614,84.90972962891811,-29.763,-26.921,0.12,-0.208,0.426,-27.8,31,0.0000,0.00
15:53:25,22.26344559155614,84.90972962891811,-29.774,-26.899,0.12,-0.208,0.426,-27.8,31,0.0000,0.00
15:53:26,22.26344559155614,84.90972962891811,-29.784,-26.878,0.12,-0.208,0.426,-27.8,31,0.0000,0.00
15:53:26,22.26344559155614,84.90972962891811,-29.795,-26.856,0.12,-0.208,0.426,-27.8,31,0.0000,0.00
15:53:26,22.26344559155614,84.90972962891811,-29.805,-26.835,0.12,-0.208,0.426,-27.8,31,0.0000,0.00
15:53:26,22.26344559155614,84.90972962891811,-29.816,-26.813,0.12,-0.208,0.426,-27.8,31,0.0000,0.00
15:53:26,22.26344559155614,84.90972962891811,-29.826,-26.792,0.12,-0.208,0.426,-27.9,31,0.0000,0.00
15:53:26,22.26344559155614,84.90972962891811,-29.837,-26.771,0.12,-0.208,0.426,-28.0,31,0.0000,0.00
15:53:26,22.26344559155614,84.90972962891811,-29.847,-26.749,0.11,-0.208,0.426,-28.0,31,0.0000,0.00
15:53:26,22.26344559155614,84.90972962891811,-29.858,-26.728,0.11,-0.208,0.426,-28.1,31,0.0000,0.00
15:53:26,22.26344559155614,84.90972962891811,-29.868,-26.706,0.11,-0.208,0.426,-28.2,31,0.0000,0.00
15:53:26,22.26344559155614,84.90972962891811,-29.878,-26.685,0.11,-0.208,0.426,-28.3,31,0.0000,0.00
15:53:26,22.26344559155614,84.90972962891811,-29.889,-26.663,0.11,-0.208,0.426,-28.3,31,0.0000,0.00
15:53:26,22.26344559155614,84.90972962891811,-29.899,-26.642,0.11,-0.208,0.426,-28.4,31,0.0000,0.00
15:53:26,22.26344559155614,84.90972962891811,-29.910,-26.620,0.11,-0.208,0.426,-28.5,31,0.0000,0.00
15:53:26,22.26344559155614,84.90972962891811,-29.920,-26.599,0.11,-0.208,0.426,-28.5,31,0.0000,0.00
15:53:26,22.26344559155614,84.90972962891811,-29.931,-26.577,0.11,-0.208,0.426,-28.5,31,0.0000,0.00
15:53:26,22.26344559155614,84.90972962891811,-29.941,-26.556,0.13,-0.208,0.426,-28.7,31,0.0000,0.00
15:53:26,22.26344559155614,84.90972962891811,-29.952,-26.535,0.13,-0.208,0.426,-28.8,31,0.0000,0.00
15:53:26,22.26344559155614,84.90972962891811,-29.962,-26.513,0.13,-0.208,0.426,-28.9,31,0.0000,0.00
15:53:26,22.26344559155614,84.90972962891811,-29.973,-26.492,0.13,-0.208,0.426,-28.9,31,0.0000,0.00
15:53:27,22.26344559155614,84.90972962891811,-29.983,-26.470,0.12,-0.208,0.426,-29.0,31,0.0000,0.00
15:53:27,22.26344559155614,84.90972962891811,-29.993,-26.449,0.12,-0.208,0.426,-29.1,31,0.0000,0.00
15:53:27,22.26344559155614,84.90972962891811,-30.004,-26.427,0.12,-0.208,0.426,-29.2,31,0.0000,0.00
15:53:27,22.26344559155614,84.90972962891811,-30.014,-26.406,0.12,-0.208,0.426,-29.2,31,0.0000,0.00
15:53:27,22.26344559155614,84.90972962891811,-29.972,-26.301,0.12,-0.157,0.506,-29.3,31,0.0053,0.00
15:53:27,22.26344559155614,84.90972962891811,-29.979,-26.275,0.12,-0.157,0.506,-29.4,31,0.0000,0.00
15:53:27,22.26344559155614,84.90972962891811,-29.987,-26.250,0.12,-0.157,0.506,-29.5,31,0.0000,0.00
15:53:27,22.26344559155614,84.90972962891811,-29.995,-26.224,0.12,-0.157,0.506,-29.5,31,0.0000,0.00
15:53:27,22.26344559155614,84.90972962891811,-30.003,-26.199,0.12,-0.157,0.506,-29.6,31,0.0000,0.00
15:53:27,22.26344559155614,84.90972962891811,-30.005,-26.169,0.12,-0.148,0.512,-29.7,31,0.0052,0.00
15:53:27,22.26344559155614,84.90972962891811,-30.013,-26.143,0.12,-0.148,0.512,-29.7,31,0.0000,0.00
15:53:27,22.26344559155614,84.90972962891811,-30.020,-26.118,0.12,-0.148,0.512,-29.7,31,0.0000,0.00
15:53:27,22.26344559155614,84.90972962891811,-30.028,-26.092,0.12,-0.148,0.512,-29.9,31,0.0000,0.00
15:53:27,22.26344559155614,84.90972962891811,-30.035,-26.066,0.12,-0.148,0.512,-29.9,31,0.0000,0.00
15:53:27,22.26344559155614,84.90972962891811,-30.042,-26.037,0.12,-0.146,0.521,-29.9,31,0.0055,0.00
15:53:27,22.26344559155614,84.90972962891811,-30.049,-26.010,0.12,-0.146,0.521,-30.1,31,0.0000,0.00
15:53:27,22.26344559155614,84.90972962891811,-30.057,-25.984,0.12,-0.146,0.521,-30.1,31,0.0000,0.00
15:53:27,22.26344559155614,84.90972962891811,-30.064,-25.958,0.12,-0.146,0.521,-30.1,31,0.0000,0.00
15:53:27,22.26344559155614,84.90972962891811,-30.071,-25.932,0.12,-0.146,0.521,-30.1,31,0.0000,0.00
15:53:27,22.26344559155614,84.90972962891811,-30.079,-25.906,0.12,-0.146,0.521,-30.1,31,0.0000,0.00
15:53:28,22.26344559155614,84.90972962891811,-30.086,-25.879,0.12,-0.146,0.521,-30.1,31,0.0000,0.00
15:53:28,22.26344559155614,84.90972962891811,-30.093,-25.853,0.13,-0.146,0.521,-30.1,31,0.0000,0.00
15:53:28,22.26344559155614,84.90972962891811,-30.101,-25.827,0.13,-0.146,0.521,-30.1,31,0.0000,0.00
15:53:28,22.26344559155614,84.90972962891811,-30.108,-25.801,0.13,-0.146,0.521,-30.2,31,0.0000,0.00
15:53:28,22.26344559155614,84.90972962891811,-30.115,-25.775,0.13,-0.146,0.521,-30.2,31,0.0000,0.00
15:53:28,22.26344559155614,84.90972962891811,-30.127,-25.749,0.13,-0.156,0.519,-30.3,31,0.0054,0.00
15:53:28,22.26344559155614,84.90972962891811,-30.135,-25.723,0.13,-0.156,0.519,-30.3,31,0.0000,0.00
15:53:28,22.26344559155614,84.90972962891811,-30.143,-25.697,0.13,-0.156,0.519,-30.3,31,0.0000,0.00
15:53:28,22.26344559155614,84.90972962891811,-30.151,-25.671,0.13,-0.156,0.519,-30.4,31,0.0000,0.00
15:53:28,22.26344559155614,84.90972962891811,-30.158,-25.644,0.13,-0.156,0.519,-30.6,31,0.0000,0.00
15:53:28,22.26344559155614,84.90972962891811,-30.166,-25.618,0.13,-0.156,0.519,-30.6,31,0.0000,0.00
15:53:28,22.26344559155614,84.90972962891811,-30.174,-25.592,0.13,-0.156,0.519,-30.6,31,0.0000,0.00
15:53:28,22.26344559155614,84.90972962891811,-30.182,-25.566,0.13,-0.156,0.519,-30.2,31,0.0000,0.00
15:53:28,22.26344559155614,84.90972962891811,-30.190,-25.540,0.13,-0.156,0.519,-27.8,31,0.0000,0.00
15:53:28,22.26344559155614,84.90972962891811,-30.198,-25.514,0.11,-0.156,0.519,-27.8,31,0.0000,0.00
15:53:28,22.26344559155614,84.90972962891811,-30.235,-25.487,0.11,-0.227,0.520,-25.8,31,0.0061,0.00
15:53:28,22.26344559155614,84.90972962891811,-30.247,-25.461,0.11,-0.227,0.520,-23.5,31,0.0000,0.00
15:53:28,22.26344559155614,84.90972962891811,-30.258,-25.435,0.11,-0.227,0.520,-18.4,31,0.0000,0.00
15:53:28,22.26344559155614,84.90972962891811,-30.270,-25.409,0.11,-0.227,0.520,-18.4,31,0.0000,0.00
15:53:29,22.26344559155614,84.90972962891811,-30.281,-25.383,0.11,-0.227,0.520,-15.6,31,0.0000,0.00
15:53:29,22.26344559155614,84.90972962891811,-30.292,-25.356,0.11,-0.227,0.520,-12.7,31,0.0000,0.00
15:53:29,22.26344559155614,84.90972962891811,-30.304,-25.330,0.11,-0.227,0.520,-6.6,31,0.0000,0.00
15:53:29,22.26344559155614,84.90972962891811,-30.315,-25.304,0.13,-0.227,0.520,-6.6,31,0.0000,0.00
15:53:29,22.26344559155614,84.90972962891811,-30.327,-25.278,0.13,-0.227,0.520,-3.5,31,0.0000,0.00
15:53:29,22.26344559155614,84.90972962891811,-30.338,-25.252,0.13,-0.227,0.520,-0.3,31,0.0000,0.00
15:53:29,22.26344559155614,84.90972962891811,-30.330,-25.213,0.13,-0.179,0.551,4.8,31,0.0061,0.00
15:53:29,22.26344559155614,84.90972962891811,-30.339,-25.185,0.15,-0.179,0.551,4.8,31,0.0000,0.00
15:53:29,22.26344559155614,84.90972962891811,-30.348,-25.157,0.15,-0.179,0.551,6.8,31,0.0000,0.00
15:53:29,22.26344559155614,84.90972962891811,-30.357,-25.129,0.15,-0.179,0.551,8.6,31,0.0000,0.00
15:53:29,22.26344559155614,84.90972962891811,-30.366,-25.102,0.15,-0.179,0.551,11.4,31,0.0000,0.00
15:53:29,22.26344559155614,84.90972962891811,-30.336,-25.078,0.15,-0.068,0.540,11.4,31,0.0055,0.00
15:53:29,22.26344559155614,84.90972962891811,-30.340,-25.051,0.15,-0.068,0.540,12.4,31,0.0000,0.00
15:53:29,22.26344559155614,84.90972962891811,-30.343,-25.023,0.15,-0.068,0.540,13.3,31,0.0000,0.00
15:53:29,22.26344559155614,84.90972962891811,-30.347,-24.996,0.15,-0.068,0.540,13.3,31,0.0000,0.00
15:53:29,22.26344559155614,84.90972962891811,-30.350,-24.969,0.15,-0.068,0.540,13.3,31,0.0000,0.00
15:53:29,22.26344559155614,84.90972962891811,-30.353,-24.942,0.14,-0.068,0.540,13.3,31,0.0000,0.00
15:53:29,22.26344559155614,84.90972962891811,-30.357,-24.915,0.14,-0.068,0.540,13.0,31,0.0000,0.00
15:53:29,22.26344559155614,84.90972962891811,-30.360,-24.887,0.14,-0.068,0.540,12.8,31,0.0000,0.00
15:53:29,22.26344559155614,84.90972962891811,-30.364,-24.860,0.14,-0.068,0.540,12.8,31,0.0000,0.00
15:53:30,22.26344559155614,84.90972962891811,-30.367,-24.833,0.14,-0.068,0.540,12.6,31,0.0000,0.00
15:53:30,22.26344559155614,84.90972962891811,-30.370,-24.806,0.14,-0.068,0.540,12.3,31,0.0000,0.00
15:53:30,22.26344559155614,84.90972962891811,-30.374,-24.779,0.14,-0.068,0.540,12.3,31,0.0000,0.00
15:53:30,22.26344559155614,84.90972962891811,-30.377,-24.751,0.14,-0.068,0.540,12.2,31,0.0000,0.00
15:53:30,22.26344559155614,84.90972962891811,-30.381,-24.724,0.14,-0.068,0.540,12.0,31,0.0000,0.00
15:53:30,22.26344559155614,84.90972962891811,-30.384,-24.697,0.14,-0.068,0.540,11.9,31,0.0000,0.00
15:53:30,22.26344559155614,84.90972962891811,-30.387,-24.670,0.14,-0.068,0.540,11.9,31,0.0000,0.00
15:53:30,22.26344559155614,84.90972962891811,-30.253,-24.673,0.14,0.204,0.480,11.8,31,0.0054,0.00
15:53:30,22.26344559155614,84.90972962891811,-30.243,-24.649,0.14,0.204,0.480,11.6,31,0.0000,0.00
15:53:30,22.26344559155614,84.90972962891811,-30.232,-24.624,0.14,0.204,0.480,11.5,31,0.0000,0.00
15:53:30,22.26344559155614,84.90972962891811,-30.222,-24.600,0.14,0.204,0.480,11.5,31,0.0000,0.00
15:53:30,22.26344559155614,84.90972962891811,-30.212,-24.576,0.14,0.204,0.480,11.4,31,0.0000,0.00
15:53:30,22.26344559155614,84.90972962891811,-30.202,-24.552,0.14,0.204,0.480,11.1,31,0.0000,0.00
15:53:30,22.26344559155614,84.90972962891811,-30.191,-24.528,0.14,0.204,0.480,11.0,31,0.0000,0.00
15:53:30,22.26344559155614,84.90972962891811,-30.181,-24.503,0.14,0.204,0.480,11.0,31,0.0000,0.00
15:53:30,22.26344559155614,84.90972962891811,-30.171,-24.479,0.14,0.204,0.480,10.9,31,0.0000,0.00
15:53:30,22.26344559155614,84.90972962891811,-30.160,-24.455,0.14,0.204,0.480,10.6,31,0.0000,0.00
15:53:30,22.26344559155614,84.90972962891811,-30.119,-24.432,0.14,0.272,0.479,10.4,31,0.0054,0.00
15:53:30,22.26344559155614,84.90972962891811,-30.105,-24.407,0.14,0.272,0.479,10.4,31,0.0000,0.00
15:53:30,22.26344559155614,84.90972962891811,-30.092,-24.383,0.14,0.272,0.479,10.2,31,0.0000,0.00
15:53:30,22.26344559155614,84.90972962891811,-30.078,-24.359,0.14,0.272,0.479,9.9,31,0.0000,0.00
15:53:31,22.26344559155614,84.90972962891811,-30.064,-24.335,0.14,0.272,0.479,9.9,31,0.0000,0.00
15:53:31,22.26344559155614,84.90972962891811,-30.045,-24.312,0.14,0.289,0.476,9.7,31,0.0054,0.00
15:53:31,22.26344559155614,84.90972962891811,-30.030,-24.288,0.14,0.289,0.476,9.4,31,0.0000,0.00
15:53:31,22.26344559155614,84.90972962891811,-30.016,-24.264,0.14,0.289,0.476,9.3,31,0.0000,0.00
15:53:31,22.26344559155614,84.90972962891811,-30.001,-24.240,0.14,0.289,0.476,9.3,31,0.0000,0.00
15:53:31,22.26344559155614,84.90972962891811,-29.972,-24.192,0.14,0.289,0.476,8.9,31,0.0000,0.00
15:53:31,22.26344559155614,84.90972962891811,-29.957,-24.168,0.14,0.289,0.476,8.9,31,0.0000,0.00
15:53:31,22.26344559155614,84.90972962891811,-29.943,-24.144,0.14,0.289,0.476,8.8,31,0.0000,0.00
15:53:31,22.26344559155614,84.90972962891811,-29.928,-24.120,0.14,0.289,0.476,8.7,31,0.0000,0.00
15:53:31,22.26344559155614,84.90972962891811,-29.914,-24.096,0.14,0.289,0.476,8.6,31,0.0000,0.00
15:53:31,22.26344559155614,84.90972962891811,-29.899,-24.072,0.14,0.289,0.476,8.6,31,0.0000,0.00
15:53:31,22.26344559155614,84.90972962891811,-29.884,-24.048,0.14,0.289,0.476,8.5,31,0.0000,0.00
15:53:31,22.26344559155614,84.90972962891811,-29.870,-24.024,0.13,0.289,0.476,8.3,31,0.0000,0.00
15:53:31,22.26344559155614,84.90972962891811,-29.855,-24.000,0.13,0.289,0.476,8.3,31,0.0000,0.00
15:53:31,22.26344559155614,84.90972962891811,-29.841,-23.976,0.13,0.289,0.476,8.3,31,0.0000,0.00
15:53:31,22.26344559155614,84.90972962891811,-29.826,-23.952,0.13,0.289,0.476,8.2,31,0.0000,0.00
15:53:31,22.26344559155614,84.90972962891811,-29.812,-23.928,0.13,0.289,0.476,8.2,31,0.0000,0.00
15:53:31,22.26344559155614,84.90972962891811,-29.797,-23.904,0.13,0.289,0.476,8.1,31,0.0000,0.00
15:53:31,22.26344559155614,84.90972962891811,-29.783,-23.880,0.13,0.289,0.476,8.1,31,0.0000,0.00
15:53:32,22.26344559155614,84.90972962891811,-29.768,-23.856,0.13,0.289,0.476,8.1,31,0.0000,0.00
15:53:32,22.26344559155614,84.90972962891811,-29.754,-23.832,0.13,0.289,0.476,8.0,31,0.0000,0.00
15:53:32,22.26344559155614,84.90972962891811,-29.739,-23.808,0.14,0.289,0.476,8.0,31,0.0000,0.00
15:53:32,22.26344559155614,84.90972962891811,-29.724,-23.784,0.14,0.289,0.476,8.0,31,0.0000,0.00
15:53:32,22.26344559155614,84.90972962891811,-29.710,-23.760,0.14,0.289,0.476,7.9,31,0.0000,0.00
15:53:32,22.26344559155614,84.90972962891811,-29.695,-23.736,0.14,0.289,0.476,7.9,31,0.0000,0.00
15:53:32,22.26344559155614,84.90972962891811,-29.681,-23.712,0.13,0.289,0.476,7.9,31,0.0000,0.00
15:53:32,22.26344559155614,84.90972962891811,-29.707,-23.659,0.13,0.234,0.515,7.9,31,0.0056,0.00
15:53:32,22.26344559155614,84.90972962891811,-29.695,-23.633,0.13,0.234,0.515,7.9,31,0.0000,0.00
15:53:32,22.26344559155614,84.90972962891811,-29.683,-23.607,0.13,0.234,0.515,8.0,31,0.0000,0.00
15:53:32,22.26344559155614,84.90972962891811,-29.672,-23.581,0.13,0.234,0.515,8.0,31,0.0000,0.00
15:53:32,22.26344559155614,84.90972962891811,-29.660,-23.555,0.13,0.234,0.515,8.0,31,0.0000,0.00
15:53:32,22.26344559155614,84.90972962891811,-29.648,-23.529,0.13,0.234,0.515,8.0,31,0.0000,0.00
15:53:32,22.26344559155614,84.90972962891811,-29.636,-23.503,0.13,0.234,0.515,8.0,31,0.0000,0.00
15:53:32,22.26344559155614,84.90972962891811,-29.624,-23.477,0.14,0.234,0.515,8.0,31,0.0000,0.00
15:53:32,22.26344559155614,84.90972962891811,-29.613,-23.451,0.14,0.234,0.515,8.0,31,0.0000,0.00
15:53:32,22.26344559155614,84.90972962891811,-29.601,-23.425,0.14,0.234,0.515,8.0,31,0.0000,0.00
15:53:32,22.26344559155614,84.90972962891811,-29.589,-23.399,0.14,0.234,0.515,8.0,31,0.0000,0.00
15:53:32,22.26344559155614,84.90972962891811,-29.577,-23.373,0.14,0.234,0.515,8.0,31,0.0000,0.00
15:53:32,22.26344559155614,84.90972962891811,-29.565,-23.347,0.13,0.234,0.515,8.1,31,0.0000,0.00
15:53:33,22.26344559155614,84.90972962891811,-29.554,-23.321,0.13,0.234,0.515,8.1,31,0.0000,0.00
15:53:33,22.26344559155614,84.90972962891811,-29.542,-23.296,0.13,0.234,0.515,8.1,31,0.0000,0.00
15:53:33,22.26344559155614,84.90972962891811,-29.530,-23.270,0.13,0.234,0.515,8.2,31,0.0000,0.00
15:53:33,22.26344559155614,84.90972962891811,-29.518,-23.244,0.13,0.234,0.515,8.2,31,0.0000,0.00
15:53:33,22.26344559155614,84.90972962891811,-29.506,-23.218,0.13,0.234,0.515,8.2,31,0.0000,0.00
15:53:33,22.26344559155614,84.90972962891811,-29.495,-23.192,0.13,0.234,0.515,8.3,31,0.0000,0.00
15:53:33,22.26344559155614,84.90972962891811,-29.483,-23.166,0.13,0.234,0.515,8.3,31,0.0000,0.00
15:53:33,22.26344559155614,84.90972962891811,-29.471,-23.140,0.13,0.234,0.515,8.3,31,0.0000,0.00
15:53:33,22.26344559155614,84.90972962891811,-29.459,-23.114,0.13,0.234,0.515,8.3,31,0.0000,0.00
15:53:33,22.26344559155614,84.90972962891811,-29.448,-23.088,0.13,0.234,0.515,8.3,31,0.0000,0.00
15:53:33,22.26344559155614,84.90972962891811,-29.436,-23.062,0.13,0.234,0.515,8.2,31,0.0000,0.00
15:53:33,22.26344559155614,84.90972962891811,-29.424,-23.036,0.13,0.234,0.515,8.2,31,0.0000,0.00
15:53:33,22.26344559155614,84.90972962891811,-29.412,-23.010,0.13,0.234,0.515,8.2,31,0.0000,0.00
15:53:33,22.26344559155614,84.90972962891811,-29.400,-22.984,0.13,0.234,0.515,8.2,31,0.0000,0.00
15:53:33,22.26344559155614,84.90972962891811,-29.389,-22.958,0.13,0.234,0.515,8.1,31,0.0000,0.00
15:53:33,22.26344559155614,84.90972962891811,-29.377,-22.933,0.15,0.234,0.515,8.1,31,0.0000,0.00
15:53:33,22.26344559155614,84.90972962891811,-29.365,-22.907,0.15,0.234,0.515,8.1,31,0.0000,0.00
15:53:33,22.26344559155614,84.90972962891811,-29.353,-22.881,0.15,0.234,0.515,8.0,31,0.0000,0.00
15:53:33,22.26344559155614,84.90972962891811,-29.398,-22.818,0.15,0.174,0.554,8.0,31,0.0059,0.00
15:53:34,22.26344559155614,84.90972962891811,-29.389,-22.790,0.15,0.174,0.554,8.0,31,0.0000,0.00
15:53:34,22.26344559155614,84.90972962891811,-29.381,-22.763,0.14,0.174,0.554,8.0,31,0.0000,0.00
15:53:34,22.26344559155614,84.90972962891811,-29.372,-22.735,0.14,0.174,0.554,7.9,31,0.0000,0.00
15:53:34,22.26344559155614,84.90972962891811,-29.363,-22.707,0.14,0.174,0.554,7.9,31,0.0000,0.00
15:53:34,22.26344559155614,84.90972962891811,-29.352,-22.685,0.14,0.178,0.543,7.9,31,0.0058,0.00
15:53:34,22.26344559155614,84.90972962891811,-29.343,-22.658,0.14,0.178,0.543,7.9,31,0.0000,0.00
15:53:34,22.26344559155614,84.90972962891811,-29.334,-22.630,0.14,0.178,0.543,7.9,31,0.0000,0.00
15:53:34,22.26344559155614,84.90972962891811,-29.325,-22.603,0.14,0.178,0.543,7.9,31,0.0000,0.00
15:53:34,22.26344559155614,84.90972962891811,-29.316,-22.575,0.14,0.178,0.543,7.9,31,0.0000,0.00
15:53:34,22.26344559155614,84.90972962891811,-29.307,-22.548,0.13,0.178,0.543,7.9,31,0.0000,0.00
15:53:34,22.26344559155614,84.90972962891811,-29.298,-22.521,0.13,0.178,0.543,7.9,31,0.0000,0.00
15:53:34,22.26344559155614,84.90972962891811,-29.289,-22.493,0.13,0.178,0.543,7.9,31,0.0000,0.00
15:53:34,22.26344559155614,84.90972962891811,-29.280,-22.466,0.13,0.178,0.543,7.9,31,0.0000,0.00
15:53:34,22.26344559155614,84.90972962891811,-29.271,-22.438,0.15,0.178,0.543,7.9,31,0.0000,0.00
15:53:34,22.26344559155614,84.90972962891811,-29.262,-22.411,0.15,0.178,0.543,8.0,31,0.0000,0.00
15:53:34,22.26344559155614,84.90972962891811,-29.253,-22.384,0.15,0.178,0.543,8.0,31,0.0000,0.00
15:53:34,22.26344559155614,84.90972962891811,-29.244,-22.356,0.15,0.178,0.543,8.0,31,0.0000,0.00
15:53:34,22.26344559155614,84.90972962891811,-29.235,-22.329,0.15,0.178,0.543,8.0,31,0.0000,0.00
15:53:34,22.26344559155614,84.90972962891811,-29.226,-22.301,0.15,0.178,0.543,8.1,31,0.0000,0.00
15:53:34,22.26344559155614,84.90972962891811,-29.217,-22.274,0.15,0.178,0.543,8.1,31,0.0000,0.00
15:53:34,22.26344559155614,84.90972962891811,-29.208,-22.247,0.15,0.178,0.543,8.2,31,0.0000,0.00
15:53:35,22.26344559155614,84.90972962891811,-29.199,-22.219,0.15,0.178,0.543,8.2,31,0.0000,0.00
15:53:35,22.26344559155614,84.90972962891811,-29.190,-22.192,0.13,0.178,0.543,8.3,31,0.0000,0.00
15:53:35,22.26344559155614,84.90972962891811,-29.181,-22.165,0.13,0.178,0.543,8.3,31,0.0000,0.00
15:53:35,22.26344559155614,84.90972962891811,-29.172,-22.137,0.13,0.178,0.543,8.4,31,0.0000,0.00
15:53:35,22.26344559155614,84.90972962891811,-29.168,-22.092,0.13,0.171,0.571,8.4,31,0.0062,0.00
15:53:35,22.26344559155614,84.90972962891811,-29.159,-22.063,0.15,0.171,0.571,8.4,31,0.0000,0.00
15:53:35,22.26344559155614,84.90972962891811,-29.151,-22.034,0.15,0.171,0.571,8.4,31,0.0000,0.00
15:53:35,22.26344559155614,84.90972962891811,-29.142,-22.005,0.15,0.171,0.571,8.4,31,0.0000,0.00
15:53:35,22.26344559155614,84.90972962891811,-29.133,-21.977,0.15,0.171,0.571,8.5,31,0.0000,0.00
15:53:35,22.26344559155614,84.90972962891811,-29.118,-21.947,0.15,0.186,0.572,8.7,31,0.0060,0.00
15:53:35,22.26344559155614,84.90972962891811,-29.108,-21.919,0.15,0.186,0.572,10.1,30,0.0000,0.00
15:53:35,22.26344559155614,84.90972962891811,-29.099,-21.890,0.15,0.186,0.572,10.1,30,0.0000,0.00
15:53:35,22.26344559155614,84.90972962891811,-29.090,-21.861,0.15,0.186,0.572,11.5,30,0.0000,0.00
15:53:35,22.26344559155614,84.90972962891811,-29.080,-21.832,0.15,0.186,0.572,13.3,30,0.0000,0.00
15:53:35,22.26344559155614,84.90972962891811,-29.069,-21.795,0.14,0.191,0.595,17.6,30,0.0067,0.00
15:53:35,22.26344559155614,84.90972962891811,-29.059,-21.765,0.14,0.191,0.595,19.8,30,0.0000,0.00
15:53:35,22.26344559155614,84.90972962891811,-29.050,-21.735,0.14,0.191,0.595,19.8,30,0.0000,0.00
15:53:35,22.26344559155614,84.90972962891811,-29.040,-21.705,0.14,0.191,0.595,21.7,30,0.0000,0.00
15:53:35,22.26344559155614,84.90972962891811,-29.031,-21.675,0.13,0.191,0.595,24.5,30,0.0000,0.00
15:53:36,22.26344559155614,84.90972962891811,-29.021,-21.645,0.13,0.191,0.595,24.5,30,0.0000,0.00
15:53:36,22.26344559155614,84.90972962891811,-29.011,-21.615,0.13,0.191,0.595,25.5,30,0.0000,0.00
15:53:36,22.26344559155614,84.90972962891811,-29.002,-21.585,0.13,0.191,0.595,26.4,30,0.0000,0.00
15:53:36,22.26344559155614,84.90972962891811,-28.992,-21.555,0.13,0.191,0.595,27.4,30,0.0000,0.00
15:53:36,22.26344559155614,84.90972962891811,-28.982,-21.525,0.13,0.191,0.595,27.4,30,0.0000,0.00
15:53:36,22.26344559155614,84.90972962891811,-28.973,-21.495,0.13,0.191,0.595,27.7,30,0.0000,0.00
15:53:36,22.26344559155614,84.90972962891811,-28.963,-21.465,0.13,0.191,0.595,27.9,30,0.0000,0.00
15:53:36,22.26344559155614,84.90972962891811,-28.954,-21.435,0.14,0.191,0.595,28.1,31,0.0000,0.00
15:53:36,22.26344559155614,84.90972962891811,-28.944,-21.405,0.14,0.191,0.595,28.2,31,0.0000,0.00
15:53:36,22.26344559155614,84.90972962891811,-28.934,-21.375,0.14,0.191,0.595,28.2,31,0.0000,0.00
15:53:36,22.26344559155614,84.90972962891811,-28.925,-21.345,0.14,0.191,0.595,28.3,31,0.0000,0.00
15:53:36,22.26344559155614,84.90972962891811,-28.915,-21.315,0.14,0.191,0.595,28.3,31,0.0000,0.00
15:53:36,22.26344559155614,84.90972962891811,-28.905,-21.285,0.14,0.191,0.595,28.3,31,0.0000,0.00
15:53:36,22.26344559155614,84.90972962891811,-28.896,-21.255,0.14,0.191,0.595,28.3,31,0.0000,0.00
15:53:36,22.26344559155614,84.90972962891811,-28.886,-21.225,0.14,0.191,0.595,28.3,31,0.0000,0.00
15:53:36,22.26344559155614,84.90972962891811,-28.877,-21.195,0.14,0.191,0.595,28.3,31,0.0000,0.00
15:53:36,22.26344559155614,84.90972962891811,-28.867,-21.165,0.12,0.191,0.595,28.2,31,0.0000,0.00
15:53:36,22.26344559155614,84.90972962891811,-28.857,-21.135,0.12,0.191,0.595,28.2,31,0.0000,0.00
15:53:36,22.26344559155614,84.90972962891811,-28.848,-21.105,0.12,0.191,0.595,28.1,31,0.0000,0.00
15:53:36,22.26344559155614,84.90972962891811,-28.838,-21.075,0.12,0.191,0.595,27.9,31,0.0000,0.00
15:53:37,22.26344559155614,84.90972962891811,-28.828,-21.045,0.13,0.191,0.595,27.8,31,0.0000,0.00
15:53:37,22.26344559155614,84.90972962891811,-28.683,-21.136,0.13,0.374,0.432,27.8,31,0.0058,0.00
15:53:37,22.26344559155614,84.90972962891811,-28.664,-21.114,0.13,0.374,0.432,27.6,31,0.0000,0.00
15:53:37,22.26344559155614,84.90972962891811,-28.645,-21.092,0.13,0.374,0.432,27.5,31,0.0000,0.00
15:53:37,22.26344559155614,84.90972962891811,-28.626,-21.070,0.13,0.374,0.432,27.1,31,0.0000,0.00
15:53:37,22.26344559155614,84.90972962891811,-28.608,-21.049,0.13,0.374,0.432,27.1,31,0.0000,0.00
15:53:37,22.26344559155614,84.90972962891811,-28.572,-21.028,0.13,0.406,0.430,27.0,31,0.0073,0.00
15:53:37,22.26344559155614,84.90972962891811,-28.551,-21.006,0.13,0.406,0.430,27.0,31,0.0000,0.00
15:53:37,22.26344559155614,84.90972962891811,-28.531,-20.984,0.13,0.406,0.430,27.0,31,0.0000,0.00
15:53:37,22.26344559155614,84.90972962891811,-28.511,-20.963,0.13,0.406,0.430,27.0,31,0.0000,0.00
15:53:37,22.26344559155614,84.90972962891811,-28.490,-20.941,0.13,0.406,0.430,27.1,31,0.0000,0.00
15:53:37,22.26344559155614,84.90972962891811,-28.465,-20.928,0.13,0.418,0.409,27.1,31,0.0064,0.00
15:53:37,22.26344559155614,84.90972962891811,-28.444,-20.907,0.13,0.418,0.409,27.1,31,0.0000,0.00
15:53:37,22.26344559155614,84.90972962891811,-28.423,-20.886,0.12,0.418,0.409,27.0,31,0.0000,0.00
15:53:37,22.26344559155614,84.90972962891811,-28.402,-20.866,0.12,0.418,0.409,27.0,31,0.0000,0.00
15:53:37,22.26344559155614,84.90972962891811,-28.381,-20.845,0.12,0.418,0.409,27.0,31,0.0000,0.00
15:53:37,22.26344559155614,84.90972962891811,-28.360,-20.825,0.12,0.418,0.409,27.1,31,0.0000,0.00
15:53:37,22.26344559155614,84.90972962891811,-28.339,-20.804,0.12,0.418,0.409,27.1,31,0.0000,0.00
15:53:37,22.26344559155614,84.90972962891811,-28.318,-20.783,0.12,0.418,0.409,27.1,31,0.0000,0.00
15:53:37,22.26344559155614,84.90972962891811,-28.297,-20.763,0.12,0.418,0.409,27.2,31,0.0000,0.00
15:53:38,22.26344559155614,84.90972962891811,-28.276,-20.742,0.12,0.418,0.409,27.2,31,0.0000,0.00
15:53:38,22.26344559155614,84.90972962891811,-28.255,-20.722,0.11,0.418,0.409,27.2,31,0.0000,0.00
15:53:38,22.26344559155614,84.90972962891811,-28.234,-20.701,0.11,0.418,0.409,27.2,31,0.0000,0.00
15:53:38,22.26344559155614,84.90972962891811,-28.213,-20.681,0.11,0.418,0.409,27.3,31,0.0000,0.00
15:53:38,22.26344559155614,84.90972962891811,-28.192,-20.660,0.11,0.418,0.409,27.3,31,0.0000,0.00
15:53:38,22.26344559155614,84.90972962891811,-28.171,-20.639,0.10,0.418,0.409,27.3,31,0.0000,0.00
15:53:38,22.26344559155614,84.90972962891811,-28.150,-20.619,0.10,0.418,0.409,27.3,31,0.0000,0.00
15:53:38,22.26344559155614,84.90972962891811,-28.129,-20.598,0.10,0.418,0.409,27.3,31,0.0000,0.00
15:53:38,22.26344559155614,84.90972962891811,-28.108,-20.578,0.10,0.418,0.409,27.3,31,0.0000,0.00
15:53:38,22.26344559155614,84.90972962891811,-28.087,-20.557,0.10,0.418,0.409,27.3,31,0.0000,0.00
15:53:38,22.26344559155614,84.90972962891811,-28.066,-20.537,0.10,0.418,0.409,27.3,31,0.0000,0.00
15:53:38,22.26344559155614,84.90972962891811,-28.045,-20.516,0.10,0.418,0.409,27.3,31,0.0000,0.00
15:53:38,22.26344559155614,84.90972962891811,-28.024,-20.496,0.10,0.418,0.409,27.3,31,0.0000,0.00
15:53:38,22.26344559155614,84.90972962891811,-28.003,-20.475,0.10,0.418,0.409,27.3,31,0.0000,0.00
15:53:38,22.26344559155614,84.90972962891811,-27.982,-20.454,0.10,0.418,0.409,27.3,31,0.0000,0.00
15:53:38,22.26344559155614,84.90972962891811,-27.961,-20.434,0.10,0.418,0.409,27.1,31,0.0000,0.00
15:53:38,22.26344559155614,84.90972962891811,-27.940,-20.413,0.10,0.418,0.409,27.1,31,0.0000,0.00
15:53:38,22.26344559155614,84.90972962891811,-27.914,-20.390,0.10,0.424,0.412,27.1,31,0.0059,0.00
15:53:38,22.26344559155614,84.90972962891811,-27.893,-20.369,0.10,0.424,0.412,26.9,31,0.0000,0.00
15:53:39,22.26344559155614,84.90972962891811,-27.871,-20.348,0.10,0.424,0.412,26.9,31,0.0000,0.00
15:53:39,22.26344559155614,84.90972962891811,-27.850,-20.328,0.10,0.424,0.412,26.8,31,0.0000,0.00
15:53:39,22.26344559155614,84.90972962891811,-27.829,-20.307,0.10,0.424,0.412,26.8,31,0.0000,0.00
15:53:39,22.26344559155614,84.90972962891811,-27.810,-20.286,0.10,0.419,0.412,26.7,31,0.0060,0.00
15:53:39,22.26344559155614,84.90972962891811,-27.789,-20.266,0.10,0.419,0.412,26.7,31,0.0000,0.00
15:53:39,22.26344559155614,84.90972962891811,-27.767,-20.245,0.10,0.419,0.412,26.7,31,0.0000,0.00
15:53:39,22.26344559155614,84.90972962891811,-27.746,-20.224,0.10,0.419,0.412,26.7,31,0.0000,0.00
15:53:39,22.26344559155614,84.90972962891811,-27.725,-20.203,0.09,0.419,0.412,26.7,31,0.0000,0.00
15:53:39,22.26344559155614,84.90972962891811,-27.703,-20.172,0.09,0.423,0.440,26.7,31,0.0061,0.00
15:53:39,22.26344559155614,84.90972962891811,-27.681,-20.150,0.09,0.423,0.440,26.6,31,0.0000,0.00
15:53:39,22.26344559155614,84.90972962891811,-27.660,-20.128,0.09,0.423,0.440,26.6,31,0.0000,0.00
15:53:39,22.26344559155614,84.90972962891811,-27.639,-20.106,0.09,0.423,0.440,26.6,31,0.0000,0.00
15:53:39,22.26344559155614,84.90972962891811,-27.618,-20.084,0.09,0.423,0.440,26.6,31,0.0000,0.00
15:53:39,22.26344559155614,84.90972962891811,-27.598,-20.061,0.09,0.417,0.442,26.5,31,0.0068,0.00
15:53:39,22.26344559155614,84.90972962891811,-27.577,-20.039,0.09,0.417,0.442,26.5,31,0.0000,0.00
15:53:39,22.26344559155614,84.90972962891811,-27.556,-20.016,0.09,0.417,0.442,26.5,31,0.0000,0.00
15:53:39,22.26344559155614,84.90972962891811,-27.535,-19.994,0.10,0.417,0.442,26.5,31,0.0000,0.00
15:53:39,22.26344559155614,84.90972962891811,-27.514,-19.972,0.10,0.417,0.442,26.5,31,0.0000,0.00
15:53:39,22.26344559155614,84.90972962891811,-27.495,-19.953,0.10,0.410,0.431,26.5,31,0.0058,0.00
15:53:39,22.26344559155614,84.90972962891811,-27.474,-19.931,0.10,0.410,0.431,26.5,31,0.0000,0.00
15:53:40,22.26344559155614,84.90972962891811,-27.453,-19.909,0.10,0.410,0.431,26.5,31,0.0000,0.00
15:53:40,22.26344559155614,84.90972962891811,-27.433,-19.887,0.10,0.410,0.431,26.5,31,0.0000,0.00
15:53:40,22.26344559155614,84.90972962891811,-27.412,-19.866,0.10,0.410,0.431,26.5,31,0.0000,0.00
15:53:40,22.26344559155614,84.90972962891811,-27.392,-19.844,0.10,0.410,0.431,26.2,31,0.0000,0.00
15:53:40,22.26344559155614,84.90972962891811,-27.371,-19.822,0.10,0.410,0.431,26.1,31,0.0000,0.00
15:53:40,22.26344559155614,84.90972962891811,-27.350,-19.801,0.10,0.410,0.431,26.0,31,0.0000,0.00
15:53:40,22.26344559155614,84.90972962891811,-27.330,-19.779,0.10,0.410,0.431,26.0,31,0.0000,0.00
15:53:40,22.26344559155614,84.90972962891811,-27.309,-19.757,0.10,0.410,0.431,25.8,31,0.0000,0.00
15:53:40,22.26344559155614,84.90972962891811,-27.294,-19.736,0.12,0.393,0.431,25.7,31,0.0071,0.00
15:53:40,22.26344559155614,84.90972962891811,-27.275,-19.714,0.12,0.393,0.431,25.6,31,0.0000,0.00
15:53:40,22.26344559155614,84.90972962891811,-27.255,-19.692,0.12,0.393,0.431,25.6,31,0.0000,0.00
15:53:40,22.26344559155614,84.90972962891811,-27.235,-19.670,0.12,0.393,0.431,25.4,31,0.0000,0.00
15:53:40,22.26344559155614,84.90972962891811,-27.215,-19.649,0.12,0.393,0.431,25.4,31,0.0000,0.00
15:53:40,22.26344559155614,84.90972962891811,-27.196,-19.627,0.12,0.393,0.431,25.3,31,0.0000,0.00
15:53:40,22.26344559155614,84.90972962891811,-27.176,-19.605,0.12,0.393,0.431,25.3,31,0.0000,0.00
15:53:40,22.26344559155614,84.90972962891811,-27.156,-19.584,0.12,0.393,0.431,25.3,31,0.0000,0.00
15:53:40,22.26344559155614,84.90972962891811,-27.136,-19.562,0.12,0.393,0.431,25.2,31,0.0000,0.00
15:53:40,22.26344559155614,84.90972962891811,-27.116,-19.540,0.12,0.393,0.431,25.2,31,0.0000,0.00
15:53:40,22.26344559155614,84.90972962891811,-27.097,-19.519,0.12,0.393,0.431,25.3,31,0.0000,0.00
15:53:40,22.26344559155614,84.90972962891811,-27.077,-19.497,0.12,0.393,0.431,25.4,31,0.0000,0.00
15:53:41,22.26344559155614,84.90972962891811,-27.057,-19.475,0.12,0.393,0.431,25.5,31,0.0000,0.00
15:53:41,22.26344559155614,84.90972962891811,-27.037,-19.453,0.13,0.393,0.431,25.5,31,0.0000,0.00
15:53:41,22.26344559155614,84.90972962891811,-27.017,-19.432,0.13,0.393,0.431,25.7,31,0.0000,0.00
15:53:41,22.26344559155614,84.90972962891811,-26.998,-19.410,0.13,0.393,0.431,25.8,31,0.0000,0.00
15:53:41,22.26344559155614,84.90972962891811,-26.978,-19.388,0.13,0.393,0.431,25.8,31,0.0000,0.00
15:53:41,22.26344559155614,84.90972962891811,-26.958,-19.367,0.13,0.393,0.431,25.8,31,0.0000,0.00
15:53:41,22.26344559155614,84.90972962891811,-26.938,-19.345,0.13,0.393,0.431,25.9,31,0.0000,0.00
15:53:41,22.26344559155614,84.90972962891811,-26.919,-19.323,0.13,0.393,0.431,25.9,31,0.0000,0.00
15:53:41,22.26344559155614,84.90972962891811,-26.899,-19.302,0.13,0.393,0.431,25.9,31,0.0000,0.00
15:53:41,22.26344559155614,84.90972962891811,-26.872,-19.267,0.13,0.403,0.451,25.9,31,0.0062,0.00
15:53:41,22.26344559155614,84.90972962891811,-26.852,-19.244,0.12,0.403,0.451,25.9,31,0.0000,0.00
15:53:41,22.26344559155614,84.90972962891811,-26.832,-19.222,0.12,0.403,0.451,25.9,31,0.0000,0.00
15:53:41,22.26344559155614,84.90972962891811,-26.812,-19.199,0.12,0.403,0.451,25.9,31,0.0000,0.00
15:53:41,22.26344559155614,84.90972962891811,-26.791,-19.176,0.12,0.403,0.451,25.9,31,0.0000,0.00
15:53:41,22.26344559155614,84.90972962891811,-26.772,-19.141,0.10,0.400,0.477,25.9,31,0.0064,0.00
15:53:41,22.26344559155614,84.90972962891811,-26.752,-19.117,0.10,0.400,0.477,25.9,31,0.0000,0.00
15:53:41,22.26344559155614,84.90972962891811,-26.732,-19.093,0.10,0.400,0.477,25.6,31,0.0000,0.00
15:53:41,22.26344559155614,84.90972962891811,-26.712,-19.069,0.10,0.400,0.477,25.6,31,0.0000,0.00
15:53:41,22.26344559155614,84.90972962891811,-26.692,-19.045,0.10,0.400,0.477,25.5,31,0.0000,0.00
15:53:42,22.26344559155614,84.90972962891811,-26.671,-19.021,0.10,0.400,0.477,25.4,31,0.0000,0.00
15:53:42,22.26344559155614,84.90972962891811,-26.651,-18.997,0.10,0.400,0.477,25.2,31,0.0000,0.00
15:53:42,22.26344559155614,84.90972962891811,-26.631,-18.973,0.10,0.400,0.477,25.2,31,0.0000,0.00
15:53:42,22.26344559155614,84.90972962891811,-26.611,-18.949,0.10,0.400,0.477,25.1,31,0.0000,0.00
15:53:42,22.26344559155614,84.90972962891811,-26.591,-18.925,0.10,0.400,0.477,25.1,31,0.0000,0.00
15:53:42,22.26344559155614,84.90972962891811,-26.571,-18.901,0.10,0.400,0.477,25.0,31,0.0000,0.00
15:53:42,22.26344559155614,84.90972962891811,-26.550,-18.877,0.10,0.400,0.477,25.0,31,0.0000,0.00
15:53:42,22.26344559155614,84.90972962891811,-26.530,-18.853,0.10,0.400,0.477,25.0,31,0.0000,0.00
15:53:42,22.26344559155614,84.90972962891811,-26.510,-18.829,0.12,0.400,0.477,25.1,31,0.0000,0.00
15:53:42,22.26344559155614,84.90972962891811,-26.490,-18.805,0.12,0.400,0.477,25.1,31,0.0000,0.00
15:53:42,22.26344559155614,84.90972962891811,-26.470,-18.781,0.12,0.400,0.477,25.1,31,0.0000,0.00
15:53:42,22.26344559155614,84.90972962891811,-26.450,-18.757,0.12,0.400,0.477,25.1,31,0.0000,0.00
15:53:42,22.26344559155614,84.90972962891811,-26.429,-18.733,0.12,0.400,0.477,25.1,31,0.0000,0.00
15:53:42,22.26344559155614,84.90972962891811,-26.409,-18.709,0.12,0.400,0.477,25.0,31,0.0000,0.00
15:53:42,22.26344559155614,84.90972962891811,-26.389,-18.685,0.12,0.400,0.477,25.0,31,0.0000,0.00
15:53:42,22.26344559155614,84.90972962891811,-26.369,-18.661,0.12,0.400,0.477,25.0,31,0.0000,0.00
15:53:42,22.26344559155614,84.90972962891811,-26.362,-18.643,0.13,0.381,0.467,24.9,31,0.0064,0.00
15:53:42,22.26344559155614,84.90972962891811,-26.342,-18.620,0.13,0.381,0.467,24.8,31,0.0000,0.00
15:53:42,22.26344559155614,84.90972962891811,-26.323,-18.596,0.13,0.381,0.467,24.8,31,0.0000,0.00
15:53:42,22.26344559155614,84.90972962891811,-26.304,-18.573,0.13,0.381,0.467,24.8,31,0.0000,0.00
15:53:43,22.26344559155614,84.90972962891811,-26.285,-18.549,0.14,0.381,0.467,24.8,31,0.0000,0.00
15:53:43,22.26344559155614,84.90972962891811,-26.266,-18.526,0.14,0.381,0.467,24.7,31,0.0000,0.00
15:53:43,22.26344559155614,84.90972962891811,-26.247,-18.502,0.14,0.381,0.467,24.7,31,0.0000,0.00
15:53:43,22.26344559155614,84.90972962891811,-26.227,-18.479,0.14,0.381,0.467,24.6,31,0.0000,0.00
15:53:43,22.26344559155614,84.90972962891811,-26.208,-18.455,0.14,0.381,0.467,24.6,31,0.0000,0.00
15:53:43,22.26344559155614,84.90972962891811,-26.189,-18.432,0.14,0.381,0.467,24.6,31,0.0000,0.00
15:53:43,22.26344559155614,84.90972962891811,-26.170,-18.408,0.14,0.381,0.467,24.6,31,0.0000,0.00
15:53:43,22.26344559155614,84.90972962891811,-26.151,-18.385,0.14,0.381,0.467,24.6,31,0.0000,0.00
15:53:43,22.26344559155614,84.90972962891811,-26.132,-18.361,0.14,0.381,0.467,24.5,31,0.0000,0.00
15:53:43,22.26344559155614,84.90972962891811,-26.112,-18.338,0.15,0.381,0.467,24.5,31,0.0000,0.00
15:53:43,22.26344559155614,84.90972962891811,-26.093,-18.314,0.15,0.381,0.467,24.5,31,0.0000,0.00
15:53:43,22.26344559155614,84.90972962891811,-26.074,-18.291,0.15,0.381,0.467,24.4,31,0.0000,0.00
15:53:43,22.26344559155614,84.90972962891811,-26.055,-18.267,0.15,0.381,0.467,24.3,31,0.0000,0.00
15:53:43,22.26344559155614,84.90972962891811,-26.036,-18.244,0.15,0.381,0.467,24.3,31,0.0000,0.00
15:53:43,22.26344559155614,84.90972962891811,-26.016,-18.220,0.15,0.381,0.467,24.2,31,0.0000,0.00
15:53:43,22.26344559155614,84.90972962891811,-25.997,-18.197,0.15,0.381,0.467,24.2,31,0.0000,0.00
15:53:43,22.26344559155614,84.90972962891811,-25.978,-18.173,0.15,0.381,0.467,24.2,31,0.0000,0.00
15:53:43,22.26344559155614,84.90972962891811,-25.959,-18.150,0.15,0.381,0.467,24.2,31,0.0000,0.00
15:53:43,22.26344559155614,84.90972962891811,-25.940,-18.126,0.15,0.381,0.467,24.2,31,0.0000,0.00
15:53:43,22.26344559155614,84.90972962891811,-25.921,-18.103,0.15,0.381,0.467,24.2,31,0.0000,0.00
15:53:43,22.26344559155614,84.90972962891811,-25.901,-18.079,0.15,0.381,0.467,24.3,31,0.0000,0.00
15:53:44,22.26344559155614,84.90972962891811,-25.882,-18.056,0.14,0.381,0.467,24.3,31,0.0000,0.00
15:53:44,22.26344559155614,84.90972962891811,-25.863,-18.032,0.14,0.381,0.467,24.3,31,0.0000,0.00
15:53:44,22.26344559155614,84.90972962891811,-25.844,-18.009,0.14,0.381,0.467,24.3,31,0.0000,0.00
15:53:44,22.26344559155614,84.90972962891811,-25.825,-17.985,0.14,0.381,0.467,24.3,31,0.0000,0.00
15:53:44,22.26344559155614,84.90972962891811,-25.805,-17.961,0.14,0.381,0.467,24.4,31,0.0000,0.00
15:53:44,22.26344559155614,84.90972962891811,-25.786,-17.938,0.14,0.381,0.467,24.4,31,0.0000,0.00
15:53:44,22.26344559155614,84.90972962891811,-25.808,-17.912,0.14,0.337,0.469,24.4,31,0.0059,0.00
15:53:44,22.26344559155614,84.90972962891811,-25.791,-17.888,0.14,0.337,0.469,24.4,31,0.0000,0.00
15:53:44,22.26344559155614,84.90972962891811,-25.774,-17.865,0.14,0.337,0.469,24.4,31,0.0000,0.00
15:53:44,22.26344559155614,84.90972962891811,-25.757,-17.841,0.14,0.337,0.469,24.4,31,0.0000,0.00
15:53:44,22.26344559155614,84.90972962891811,-25.740,-17.817,0.14,0.337,0.469,24.5,31,0.0000,0.00
15:53:44,22.26344559155614,84.90972962891811,-25.730,-17.791,0.14,0.324,0.474,24.5,31,0.0058,0.00
15:53:44,22.26344559155614,84.90972962891811,-25.714,-17.767,0.14,0.324,0.474,24.5,31,0.0000,0.00
15:53:44,22.26344559155614,84.90972962891811,-25.698,-17.743,0.14,0.324,0.474,24.5,31,0.0000,0.00
15:53:44,22.26344559155614,84.90972962891811,-25.681,-17.719,0.14,0.324,0.474,24.6,31,0.0000,0.00
15:53:44,22.26344559155614,84.90972962891811,-25.665,-17.695,0.14,0.324,0.474,24.6,31,0.0000,0.00
15:53:44,22.26344559155614,84.90972962891811,-25.633,-17.648,0.14,0.322,0.471,24.6,31,0.0000,0.00
15:53:44,22.26344559155614,84.90972962891811,-25.617,-17.624,0.14,0.322,0.471,24.6,31,0.0000,0.00
15:53:44,22.26344559155614,84.90972962891811,-25.601,-17.601,0.14,0.322,0.471,24.8,31,0.0000,0.00
15:53:45,22.26344559155614,84.90972962891811,-25.584,-17.577,0.14,0.322,0.471,24.9,31,0.0000,0.00
15:53:45,22.26344559155614,84.90972962891811,-25.570,-17.556,0.14,0.318,0.461,24.9,31,0.0062,0.00
15:53:45,22.26344559155614,84.90972962891811,-25.553,-17.533,0.14,0.318,0.461,25.1,31,0.0000,0.00
15:53:45,22.26344559155614,84.90972962891811,-25.537,-17.510,0.14,0.318,0.461,25.5,31,0.0000,0.00
15:53:45,22.26344559155614,84.90972962891811,-25.521,-17.487,0.14,0.318,0.461,25.5,31,0.0000,0.00
15:53:45,22.26344559155614,84.90972962891811,-25.505,-17.463,0.14,0.318,0.461,25.7,31,0.0000,0.00
15:53:45,22.26344559155614,84.90972962891811,-25.484,-17.439,0.12,0.336,0.464,26.1,31,0.0060,0.00
15:53:45,22.26344559155614,84.90972962891811,-25.467,-17.416,0.12,0.336,0.464,26.2,31,0.0000,0.00
15:53:45,22.26344559155614,84.90972962891811,-25.450,-17.392,0.12,0.336,0.464,26.2,31,0.0000,0.00
15:53:45,22.26344559155614,84.90972962891811,-25.433,-17.369,0.12,0.336,0.464,26.4,31,0.0000,0.00
15:53:45,22.26344559155614,84.90972962891811,-25.416,-17.345,0.12,0.336,0.464,26.7,31,0.0000,0.00
15:53:45,22.26344559155614,84.90972962891811,-25.395,-17.326,0.12,0.351,0.450,26.8,31,0.0060,0.00
15:53:45,22.26344559155614,84.90972962891811,-25.378,-17.303,0.12,0.351,0.450,26.8,31,0.0000,0.00
15:53:45,22.26344559155614,84.90972962891811,-25.360,-17.280,0.12,0.351,0.450,26.8,31,0.0000,0.00
15:53:45,22.26344559155614,84.90972962891811,-25.342,-17.258,0.11,0.351,0.450,26.8,31,0.0000,0.00
15:53:45,22.26344559155614,84.90972962891811,-25.324,-17.235,0.11,0.351,0.450,26.7,31,0.0000,0.00
15:53:45,22.26344559155614,84.90972962891811,-25.307,-17.212,0.11,0.351,0.450,26.7,31,0.0000,0.00
15:53:45,22.26344559155614,84.90972962891811,-25.289,-17.190,0.11,0.351,0.450,26.5,31,0.0000,0.00
15:53:45,22.26344559155614,84.90972962891811,-25.271,-17.167,0.12,0.351,0.450,26.4,31,0.0000,0.00
15:53:45,22.26344559155614,84.90972962891811,-25.254,-17.144,0.12,0.351,0.450,26.4,31,0.0000,0.00
15:53:46,22.26344559155614,84.90972962891811,-25.236,-17.122,0.12,0.351,0.450,26.4,31,0.0000,0.00
15:53:46,22.26344559155614,84.90972962891811,-25.218,-17.099,0.12,0.351,0.450,26.3,31,0.0000,0.00
15:53:46,22.26344559155614,84.90972962891811,-25.201,-17.076,0.12,0.351,0.450,26.3,31,0.0000,0.00
15:53:46,22.26344559155614,84.90972962891811,-25.183,-17.054,0.12,0.351,0.450,26.3,31,0.0000,0.00
15:53:46,22.26344559155614,84.90972962891811,-25.165,-17.031,0.12,0.351,0.450,26.3,31,0.0000,0.00
15:53:46,22.26344559155614,84.90972962891811,-25.147,-17.008,0.12,0.351,0.450,26.3,31,0.0000,0.00
15:53:46,22.26344559155614,84.90972962891811,-25.130,-16.986,0.12,0.351,0.450,26.2,31,0.0000,0.00
15:53:46,22.26344559155614,84.90972962891811,-25.103,-16.958,0.12,0.370,0.460,26.2,31,0.0060,0.00
15:53:46,22.26344559155614,84.90972962891811,-25.084,-16.934,0.12,0.370,0.460,26.2,31,0.0000,0.00
15:53:46,22.26344559155614,84.90972962891811,-25.065,-16.911,0.12,0.370,0.460,26.3,31,0.0000,0.00
15:53:46,22.26344559155614,84.90972962891811,-25.047,-16.888,0.12,0.370,0.460,26.7,31,0.0000,0.00
15:53:46,22.26344559155614,84.90972962891811,-25.028,-16.865,0.12,0.370,0.460,27.5,31,0.0000,0.00
15:53:46,22.26344559155614,84.90972962891811,-25.015,-16.835,0.12,0.355,0.479,27.5,31,0.0062,0.00
15:53:46,22.26344559155614,84.90972962891811,-24.997,-16.810,0.12,0.355,0.479,30.9,31,0.0000,0.00
15:53:46,22.26344559155614,84.90972962891811,-24.979,-16.786,0.12,0.355,0.479,33.1,31,0.0000,0.00
15:53:46,22.26344559155614,84.90972962891811,-24.961,-16.762,0.13,0.355,0.479,35.5,31,0.0000,0.00
15:53:46,22.26344559155614,84.90972962891811,-24.944,-16.738,0.13,0.355,0.479,35.5,31,0.0000,0.00
15:53:46,22.26344559155614,84.90972962891811,-24.926,-16.714,0.13,0.355,0.479,40.8,31,0.0000,0.00
15:53:46,22.26344559155614,84.90972962891811,-24.908,-16.690,0.13,0.355,0.479,43.4,31,0.0000,0.00
15:53:47,22.26344559155614,84.90972962891811,-24.890,-16.666,0.13,0.355,0.479,45.7,31,0.0000,0.00
15:53:47,22.26344559155614,84.90972962891811,-24.872,-16.642,0.13,0.355,0.479,45.7,31,0.0000,0.00
15:53:47,22.26344559155614,84.90972962891811,-24.854,-16.618,0.13,0.355,0.479,49.6,31,0.0000,0.00
15:53:47,22.26344559155614,84.90972962891811,-24.876,-16.631,0.13,0.255,0.382,51.7,31,0.0045,0.00
15:53:47,22.26344559155614,84.90972962891811,-24.863,-16.612,0.13,0.255,0.382,56.0,31,0.0000,0.00
15:53:47,22.26344559155614,84.90972962891811,-24.850,-16.593,0.13,0.255,0.382,56.0,31,0.0000,0.00
15:53:47,22.26344559155614,84.90972962891811,-24.837,-16.573,0.13,0.255,0.382,58.4,31,0.0000,0.00
15:53:47,22.26344559155614,84.90972962891811,-24.824,-16.554,0.13,0.255,0.382,60.8,31,0.0000,0.00
15:53:47,22.26344559155614,84.90972962891811,-24.811,-16.535,0.13,0.255,0.382,60.8,31,0.0000,0.00
15:53:47,22.26344559155614,84.90972962891811,-24.799,-16.516,0.14,0.255,0.382,65.9,31,0.0000,0.00
15:53:47,22.26344559155614,84.90972962891811,-24.786,-16.496,0.14,0.255,0.382,68.6,31,0.0000,0.00
15:53:47,22.26344559155614,84.90972962891811,-24.773,-16.477,0.14,0.255,0.382,71.2,31,0.0000,0.00
15:53:47,22.26344559155614,84.90972962891811,-24.760,-16.458,0.14,0.255,0.382,71.2,31,0.0000,0.00
15:53:47,22.26344559155614,84.90972962891811,-24.747,-16.439,0.14,0.255,0.382,76.0,31,0.0000,0.00
15:53:47,22.26344559155614,84.90972962891811,-24.734,-16.419,0.14,0.255,0.382,78.1,31,0.0000,0.00
15:53:47,22.26344559155614,84.90972962891811,-24.721,-16.400,0.14,0.255,0.382,81.8,31,0.0000,0.00
15:53:47,22.26344559155614,84.90972962891811,-24.709,-16.381,0.14,0.255,0.382,81.8,31,0.0000,0.00
15:53:47,22.26344559155614,84.90972962891811,-24.696,-16.362,0.14,0.255,0.382,83.5,31,0.0000,0.00
15:53:47,22.26344559155614,84.90972962891811,-24.683,-16.342,0.14,0.255,0.382,85.0,31,0.0000,0.00
15:53:47,22.26344559155614,84.90972962891811,-24.670,-16.323,0.14,0.255,0.382,87.4,31,0.0000,0.00
15:53:47,22.26344559155614,84.90972962891811,-24.657,-16.304,0.14,0.255,0.382,87.4,31,0.0000,0.00
15:53:48,22.26344559155614,84.90972962891811,-24.644,-16.285,0.14,0.255,0.382,88.1,31,0.0000,0.00
15:53:48,22.26344559155614,84.90972962891811,-24.632,-16.265,0.15,0.255,0.382,88.6,31,0.0000,0.00
15:53:48,22.26344559155614,84.90972962891811,-24.619,-16.246,0.15,0.255,0.382,88.9,31,0.0000,0.00
15:53:48,22.26344559155614,84.90972962891811,-24.606,-16.227,0.15,0.255,0.382,88.9,31,0.0000,0.00
15:53:48,22.26344559155614,84.90972962891811,-24.593,-16.208,0.15,0.255,0.382,88.9,31,0.0000,0.00
15:53:48,22.26344559155614,84.90972962891811,-24.580,-16.188,0.17,0.255,0.382,88.6,31,0.0000,0.00
15:53:48,22.26344559155614,84.90972962891811,-24.567,-16.169,0.17,0.255,0.382,86.4,31,0.0000,0.00
15:53:48,22.26344559155614,84.90972962891811,-24.555,-16.150,0.17,0.255,0.382,86.4,31,0.0000,0.00
15:53:48,22.26344559155614,84.90972962891811,-24.542,-16.130,0.17,0.255,0.382,84.3,31,0.0000,0.00
15:53:48,22.26344559155614,84.90972962891811,-24.529,-16.111,0.17,0.255,0.382,81.8,31,0.0000,0.00
15:53:48,22.26344559155614,84.90972962891811,-24.516,-16.092,0.17,0.255,0.382,76.2,31,0.0000,0.00
15:53:48,22.26344559155614,84.90972962891811,-24.503,-16.073,0.17,0.255,0.382,73.6,31,0.0000,0.00
15:53:48,22.26344559155614,84.90972962891811,-24.490,-16.053,0.17,0.255,0.382,73.6,31,0.0000,0.00
15:53:48,22.26344559155614,84.90972962891811,-24.602,-16.304,0.18,0.114,0.077,71.0,31,0.0037,0.00
15:53:48,22.26344559155614,84.90972962891811,-24.596,-16.300,0.18,0.114,0.077,66.5,31,0.0000,0.00
15:53:48,22.26344559155614,84.90972962891811,-24.591,-16.296,0.18,0.114,0.077,66.5,31,0.0000,0.00
15:53:48,22.26344559155614,84.90972962891811,-24.585,-16.292,0.18,0.114,0.077,64.3,31,0.0000,0.00
15:53:48,22.26344559155614,84.90972962891811,-24.579,-16.288,0.18,0.114,0.077,62.0,31,0.0000,0.00
15:53:48,22.26344559155614,84.90972962891811,-24.579,-16.289,0.18,0.104,0.068,56.8,31,0.0036,0.00
15:53:49,22.26344559155614,84.90972962891811,-24.574,-16.286,0.18,0.104,0.068,56.8,31,0.0000,0.00
15:53:49,22.26344559155614,84.90972962891811,-24.569,-16.283,0.18,0.104,0.068,54.2,31,0.0000,0.00
15:53:49,22.26344559155614,84.90972962891811,-24.563,-16.279,0.18,0.104,0.068,51.7,31,0.0000,0.00
15:53:49,22.26344559155614,84.90972962891811,-24.558,-16.276,0.19,0.104,0.068,47.0,31,0.0000,0.00
15:53:49,22.26344559155614,84.90972962891811,-24.555,-16.265,0.19,0.099,0.086,44.6,31,0.0025,0.00
15:53:49,22.26344559155614,84.90972962891811,-24.550,-16.261,0.19,0.099,0.086,44.6,31,0.0000,0.00
15:53:49,22.26344559155614,84.90972962891811,-24.545,-16.256,0.19,0.099,0.086,42.1,31,0.0000,0.00
15:53:49,22.26344559155614,84.90972962891811,-24.540,-16.252,0.20,0.099,0.086,37.6,31,0.0000,0.00
15:53:49,22.26344559155614,84.90972962891811,-24.535,-16.248,0.20,0.099,0.086,35.5,31,0.0000,0.00
15:53:49,22.26344559155614,84.90972962891811,-24.519,-16.249,0.20,0.134,0.069,35.5,31,0.0042,0.00
15:53:49,22.26344559155614,84.90972962891811,-24.512,-16.245,0.20,0.134,0.069,33.6,31,0.0000,0.00
15:53:49,22.26344559155614,84.90972962891811,-24.505,-16.242,0.20,0.134,0.069,30.4,31,0.0000,0.00
15:53:49,22.26344559155614,84.90972962891811,-24.499,-16.238,0.20,0.134,0.069,29.1,31,0.0000,0.00
15:53:49,22.26344559155614,84.90972962891811,-24.492,-16.235,0.20,0.134,0.069,29.1,31,0.0000,0.00
15:53:49,22.26344559155614,84.90972962891811,-24.484,-16.229,0.20,0.138,0.078,28.0,31,0.0035,0.00
15:53:49,22.26344559155614,84.90972962891811,-24.477,-16.225,0.22,0.138,0.078,27.1,31,0.0000,0.00
15:53:49,22.26344559155614,84.90972962891811,-24.470,-16.221,0.22,0.138,0.078,25.0,31,0.0000,0.00
15:53:49,22.26344559155614,84.90972962891811,-24.463,-16.217,0.22,0.138,0.078,25.0,31,0.0000,0.00
15:53:49,22.26344559155614,84.90972962891811,-24.456,-16.213,0.22,0.138,0.078,23.8,31,0.0000,0.00
15:53:49,22.26344559155614,84.90972962891811,-24.449,-16.209,0.23,0.138,0.078,22.8,29,0.0000,0.00
15:53:50,22.26344559155614,84.90972962891811,-24.442,-16.205,0.23,0.138,0.078,20.7,29,0.0000,0.00
15:53:50,22.26344559155614,84.90972962891811,-24.435,-16.201,0.23,0.138,0.078,20.7,29,0.0000,0.00
15:53:50,22.26344559155614,84.90972962891811,-24.429,-16.197,0.23,0.138,0.078,19.7,29,0.0000,0.00
15:53:50,22.26344559155614,84.90972962891811,-24.422,-16.193,0.23,0.138,0.078,18.9,29,0.0000,0.00
15:53:50,22.26344559155614,84.90972962891811,-24.415,-16.189,0.23,0.138,0.078,17.4,29,0.0000,0.00
15:53:50,22.26344559155614,84.90972962891811,-24.408,-16.185,0.23,0.138,0.078,17.4,29,0.0000,0.00
15:53:50,22.26344559155614,84.90972962891811,-24.401,-16.181,0.23,0.138,0.078,16.6,29,0.0000,0.00
15:53:50,22.26344559155614,84.90972962891811,-24.394,-16.177,0.23,0.138,0.078,15.2,29,0.0000,0.00
15:53:50,22.26344559155614,84.90972962891811,-24.387,-16.174,0.24,0.138,0.078,14.6,29,0.0000,0.00
15:53:50,22.26344559155614,84.90972962891811,-24.380,-16.170,0.24,0.138,0.078,14.6,29,0.0000,0.00
15:53:50,22.26344559155614,84.90972962891811,-24.373,-16.166,0.24,0.138,0.078,14.0,29,0.0000,0.00
15:53:50,22.26344559155614,84.90972962891811,-24.366,-16.162,0.24,0.138,0.078,12.8,29,0.0000,0.00
15:53:50,22.263511953195657,84.90975145351337,-24.359,-16.158,0.26,0.138,0.078,12.3,29,0.0000,0.00
15:53:50,22.263511988679422,84.909751521011,-24.352,-16.154,0.26,0.138,0.078,12.3,29,0.0000,0.00
15:53:50,22.263512024130613,84.9097515884467,-24.345,-16.150,0.26,0.138,0.078,11.9,29,0.0000,0.00
15:53:50,22.263512059604135,84.90975165592485,-24.338,-16.146,0.26,0.138,0.078,11.2,29,0.0000,0.00
15:53:50,22.263512095111743,84.90975172346785,-24.331,-16.142,0.26,0.138,0.078,10.9,29,0.0000,0.00
15:53:50,22.26351213058678,84.90975179094889,-24.324,-16.138,0.26,0.138,0.078,10.9,29,0.0000,0.00
15:53:50,22.263512165964592,84.909751858245,-24.317,-16.134,0.26,0.138,0.078,10.6,29,0.0000,0.00
15:53:50,22.263512201455914,84.90975192575702,-24.310,-16.130,0.26,0.138,0.078,10.5,29,0.0000,0.00
15:53:51,22.263512236950255,84.90975199327478,-24.303,-16.126,0.27,0.138,0.078,10.7,29,0.0000,0.00
15:53:51,22.263512272448125,84.90975206079926,-24.296,-16.122,0.27,0.138,0.078,11.2,29,0.0000,0.00
15:53:51,22.263512307947675,84.90975212832693,-24.289,-16.118,0.27,0.138,0.078,11.2,29,0.0000,0.00
15:53:51,22.26351234342338,84.90975219580925,-24.283,-16.114,0.27,0.138,0.078,13.6,29,0.0000,0.00
15:53:51,22.263512378904963,84.90975226330274,-24.276,-16.110,0.27,0.138,0.078,15.5,29,0.0000,0.00
15:53:51,22.263513353731433,84.909751826141,-24.321,-16.002,0.27,0.077,0.201,17.7,29,0.0025,0.00
15:53:51,22.263513444764413,84.90975186399288,-24.317,-15.992,0.27,0.077,0.201,17.7,29,0.0000,0.00
15:53:51,22.26351353546257,84.90975190170555,-24.313,-15.982,0.27,0.077,0.201,20.0,29,0.0000,0.00
15:53:51,22.263513626416895,84.90975193952474,-24.309,-15.971,0.27,0.077,0.201,24.1,29,0.0000,0.00
15:53:51,22.263513717274513,84.9097519773037,-24.305,-15.961,0.28,0.077,0.201,25.7,29,0.0000,0.00
15:53:51,22.26351396732169,84.9097521585442,-24.286,-15.934,0.28,0.103,0.232,25.7,29,0.0030,0.00
15:53:51,22.263514072609798,84.90975220915385,-24.281,-15.922,0.28,0.103,0.232,26.8,29,0.0000,0.00
15:53:51,22.263514177489615,84.90975225956724,-24.276,-15.910,0.28,0.103,0.232,27.1,29,0.0000,0.00
15:53:51,22.26351428233421,84.90975230996372,-24.271,-15.898,0.28,0.103,0.232,26.8,29,0.0000,0.00
15:53:51,22.26351438728894,84.90975236041312,-24.266,-15.887,0.28,0.103,0.232,26.8,29,0.0000,0.00
15:53:51,22.26351465323635,84.90975284566001,-24.216,-15.857,0.28,0.218,0.278,26.3,29,0.0042,0.00
15:53:51,22.263514779936713,84.90975295327588,-24.204,-15.843,0.28,0.218,0.278,25.1,29,0.0000,0.00
15:53:51,22.2635149062407,84.90975306055509,-24.193,-15.829,0.28,0.218,0.278,24.5,29,0.0000,0.00
15:53:51,22.263515032264962,84.9097531675967,-24.182,-15.815,0.28,0.218,0.278,24.5,29,0.0000,0.00
15:53:52,22.263515158060684,84.90975327444421,-24.171,-15.801,0.28,0.218,0.278,23.3,29,0.0000,0.00
15:53:52,22.26351528412661,84.90975338152121,-24.160,-15.787,0.28,0.218,0.278,22.7,29,0.0000,0.00
15:53:52,22.26351541012171,84.90975348853806,-24.149,-15.773,0.28,0.218,0.278,22.3,29,0.0000,0.00
15:53:52,22.263515535797207,84.90975359528345,-24.138,-15.759,0.27,0.218,0.278,22.3,29,0.0000,0.00
15:53:52,22.26351566152032,84.90975370206927,-24.127,-15.745,0.27,0.218,0.278,21.6,29,0.0000,0.00
15:53:52,22.263515787466616,84.90975380904467,-24.116,-15.731,0.27,0.218,0.278,21.4,29,0.0000,0.00
15:53:52,22.263516232844474,84.90975410041905,-24.086,-15.681,0.27,0.268,0.370,21.2,29,0.0050,0.00
15:53:52,22.26351640146776,84.90975423224096,-24.073,-15.663,0.26,0.268,0.370,21.2,28,0.0000,0.00
15:53:52,22.26351656856563,84.90975436287036,-24.059,-15.644,0.26,0.268,0.370,21.1,28,0.0000,0.00
15:53:52,22.26351673576488,84.90975449357902,-24.046,-15.625,0.26,0.268,0.370,20.9,28,0.0000,0.00
15:53:52,22.263516903157385,84.90975462443876,-24.032,-15.607,0.26,0.268,0.370,20.8,28,0.0000,0.00
15:53:52,22.263517070271096,84.90975475508054,-24.019,-15.588,0.26,0.268,0.370,20.8,28,0.0000,0.00
15:53:52,22.26351723768894,84.9097548859601,-24.005,-15.569,0.26,0.268,0.370,20.4,28,0.0000,0.00
15:53:52,22.26351740508857,84.9097550168254,-23.992,-15.551,0.26,0.268,0.370,20.1,28,0.0000,0.00
15:53:52,22.263517572140504,84.9097551474189,-23.978,-15.532,0.26,0.268,0.370,19.8,28,0.0000,0.00
15:53:52,22.263517739328666,84.9097552781189,-23.965,-15.514,0.25,0.268,0.370,19.5,28,0.0000,0.00
15:53:52,22.26351757153753,84.90975488482471,-24.005,-15.532,0.25,0.134,0.278,19.5,28,0.0031,0.00
15:53:52,22.263517697860067,84.90975495086842,-23.999,-15.518,0.25,0.134,0.278,18.9,28,0.0000,0.00
15:53:52,22.263517823677454,84.90975501664803,-23.992,-15.504,0.25,0.134,0.278,18.5,28,0.0000,0.00
15:53:52,22.263517949223516,84.90975508228578,-23.985,-15.490,0.26,0.134,0.278,18.5,27,0.0000,0.00
15:53:53,22.263518074895124,84.90975514798917,-23.978,-15.476,0.26,0.134,0.278,18.0,27,0.0000,0.00
15:53:53,22.263518200615522,84.90975521371809,-23.972,-15.462,0.26,0.134,0.278,17.8,27,0.0000,0.00
15:53:53,22.263518326418033,84.90975527948991,-23.965,-15.448,0.26,0.134,0.278,17.5,27,0.0000,0.00
15:53:53,22.263518452028357,84.90975534516127,-23.958,-15.434,0.26,0.134,0.278,17.5,27,0.0000,0.00
15:53:53,22.263518577390567,84.9097554107029,-23.951,-15.420,0.26,0.134,0.278,17.1,27,0.0000,0.00
15:53:53,22.263518702947934,84.90975547634658,-23.945,-15.406,0.26,0.134,0.278,16.9,27,0.0000,0.00
15:53:53,22.263518828527317,84.90975554200175,-23.938,-15.392,0.26,0.134,0.278,16.5,27,0.0000,0.00
15:53:53,22.26351895421856,84.90975560771541,-23.931,-15.378,0.26,0.134,0.278,16.5,27,0.0000,0.00
15:53:53,22.26351907979378,84.90975567336841,-23.924,-15.364,0.27,0.134,0.278,16.3,28,0.0000,0.00
15:53:53,22.263519205561185,84.90975573912189,-23.917,-15.350,0.27,0.134,0.278,15.9,28,0.0000,0.00
15:53:53,22.263519331373214,84.9097558048987,-23.911,-15.336,0.27,0.134,0.278,15.5,28,0.0000,0.00
15:53:53,22.263519456865726,84.90975587050845,-23.904,-15.322,0.27,0.134,0.278,15.5,28,0.0000,0.00
15:53:53,22.263519582415956,84.90975593614839,-23.897,-15.308,0.26,0.134,0.278,14.2,28,0.0000,0.00
15:53:53,22.26351970811196,84.90975600186454,-23.890,-15.294,0.26,0.134,0.278,13.2,28,0.0000,0.00
15:53:53,22.263519834197094,84.90975606778413,-23.884,-15.280,0.26,0.134,0.278,12.1,28,0.0000,0.00
15:53:53,22.263519959928203,84.90975613351863,-23.877,-15.266,0.26,0.134,0.278,12.1,28,0.0000,0.00
15:53:53,22.26352008548795,84.90975619916354,-23.870,-15.252,0.26,0.134,0.278,9.1,28,0.0000,0.00
15:53:53,22.263520211144684,84.90975626485915,-23.863,-15.238,0.26,0.134,0.278,7.2,28,0.0000,0.00
15:53:53,22.263520337210778,84.9097563307688,-23.857,-15.224,0.26,0.134,0.278,5.1,28,0.0000,0.00
15:53:53,22.26352046324117,84.90975639665977,-23.850,-15.210,0.26,0.134,0.278,5.1,28,0.0000,0.00
15:53:54,22.263520588890767,84.90975646235165,-23.843,-15.196,0.26,0.134,0.278,0.9,28,0.0000,0.00
15:53:54,22.263520714844404,84.90975652820251,-23.836,-15.182,0.28,0.134,0.278,-1.0,28,0.0000,0.00
15:53:54,22.263519744414847,84.909756555385,-23.833,-15.290,0.28,0.129,0.118,-4.6,28,0.0023,0.00
15:53:54,22.26351979822268,84.90975661886945,-23.827,-15.284,0.28,0.129,0.118,-4.6,28,0.0000,0.00
15:53:54,22.263519851822988,84.90975668210905,-23.820,-15.278,0.28,0.129,0.118,-6.2,28,0.0000,0.00
15:53:54,22.263519905339933,84.9097567452503,-23.814,-15.273,0.28,0.129,0.118,-7.6,28,0.0000,0.00
15:53:54,22.263519958995985,84.90975680855567,-23.807,-15.267,0.28,0.129,0.118,-9.5,28,0.0000,0.00
15:53:54,22.263519725438268,84.9097567846809,-23.810,-15.293,0.28,0.112,0.058,-9.5,28,0.0013,0.00
15:53:54,22.263519751608943,84.90975683978088,-23.804,-15.290,0.28,0.112,0.058,-10.0,28,0.0000,0.00
15:53:54,22.26351977766783,84.9097568946455,-23.798,-15.287,0.27,0.112,0.058,-10.4,27,0.0000,0.00
15:53:54,22.26351980376135,84.90975694958304,-23.793,-15.284,0.27,0.112,0.058,-10.4,27,0.0000,0.00
15:53:54,22.26351982974358,84.90975700428626,-23.787,-15.281,0.27,0.112,0.058,-10.4,27,0.0000,0.00
15:53:54,22.263519855819474,84.90975705918669,-23.781,-15.278,0.27,0.112,0.058,-10.4,27,0.0000,0.00
15:53:54,22.26351988188859,84.90975711407286,-23.776,-15.275,0.26,0.112,0.058,-10.0,27,0.0000,0.00
15:53:54,22.26351990806518,84.9097571691853,-23.770,-15.272,0.26,0.112,0.058,-10.0,27,0.0000,0.00
15:53:54,22.26351993407625,84.90975722394923,-23.765,-15.269,0.26,0.112,0.058,-9.8,27,0.0000,0.00
15:53:54,22.263519960124167,84.90975727879076,-23.759,-15.266,0.26,0.112,0.058,-9.5,27,0.0000,0.00
15:53:54,22.263519870408324,84.90975700933083,-23.787,-15.276,0.26,0.033,0.027,-8.8,27,0.0057,0.00
15:53:54,22.26351988275956,84.90975702575186,-23.785,-15.275,0.26,0.033,0.027,-8.8,28,0.0000,0.00
15:53:54,22.263519895110452,84.90975704217242,-23.783,-15.274,0.26,0.033,0.027,-8.5,28,0.0000,0.00
15:53:55,22.263519907447062,84.90975705857399,-23.782,-15.272,0.26,0.033,0.027,-8.0,28,0.0000,0.00
15:53:55,22.26351991978111,84.90975707497215,-23.780,-15.271,0.26,0.033,0.027,-7.1,28,0.0000,0.00
15:53:55,22.263519932106995,84.90975709135947,-23.778,-15.270,0.21,0.033,0.027,-6.7,28,0.0000,0.00
15:53:55,22.26351994442391,84.90975710773485,-23.776,-15.268,0.21,0.033,0.027,-6.7,28,0.0000,0.00
15:53:55,22.263519956754983,84.90975712412906,-23.775,-15.267,0.21,0.033,0.027,-6.2,28,0.0000,0.00
15:53:55,22.263519969066298,84.909757140497,-23.773,-15.265,0.21,0.033,0.027,-5.1,28,0.0000,0.00
15:53:55,22.26351998138659,84.90975715687688,-23.771,-15.264,0.15,0.033,0.027,-4.7,28,0.0000,0.00
15:53:55,22.26351999370519,84.9097571732545,-23.770,-15.263,0.15,0.033,0.027,-4.7,28,0.0000,0.00
15:53:55,22.263520006017966,84.90975718962439,-23.768,-15.261,0.15,0.033,0.027,-4.2,28,0.0000,0.00
15:53:55,22.26352001832602,84.90975720598799,-23.766,-15.260,0.15,0.033,0.027,-3.3,28,0.0000,0.00
15:53:55,22.263520030642173,84.90975722236237,-23.765,-15.259,0.15,0.033,0.027,-3.3,28,0.0000,0.00
15:53:55,22.263520042935422,84.90975723870629,-23.763,-15.257,0.15,0.033,0.027,-2.8,29,0.0000,0.00
15:53:55,22.263520055255945,84.90975725508648,-23.761,-15.256,0.15,0.033,0.027,-2.3,29,0.0000,0.00
15:53:55,22.263519985708996,84.90975713790034,-23.773,-15.264,0.15,0.008,0.010,-1.5,29,0.0045,0.00
15:53:55,22.263519990374277,84.90975714178495,-23.773,-15.263,0.15,0.008,0.010,-1.5,29,0.0000,0.00
15:53:55,22.263519990374277,84.90975714178495,-23.773,-15.263,0.11,0.008,0.010,-1.1,29,0.0000,0.00
15:53:55,22.263519990374277,84.90975714178495,-23.772,-15.262,0.11,0.008,0.010,-0.7,29,0.0000,0.00
15:53:55,22.263519990374277,84.90975714178495,-23.772,-15.261,0.11,0.008,0.010,0.0,29,0.0000,0.00
15:53:55,22.263519990374277,84.90975714178495,-23.774,-15.264,0.11,0.002,0.003,0.0,29,0.0038,0.00
15:53:56,22.263519990374277,84.90975714178495,-23.773,-15.264,0.09,0.002,0.003,0.3,26,0.0000,0.00
15:53:56,22.263519990374277,84.90975714178495,-23.773,-15.264,0.09,0.002,0.003,0.6,26,0.0000,0.00
15:53:56,22.263519990374277,84.90975714178495,-23.773,-15.264,0.09,0.002,0.003,1.1,26,0.0000,0.00
15:53:56,22.263519990374277,84.90975714178495,-23.773,-15.264,0.09,0.002,0.003,1.4,26,0.0000,0.00
15:53:56,22.263519990374277,84.90975714178495,-23.774,-15.265,0.09,-0.000,-0.002,1.4,26,0.0028,0.00
15:53:56,22.263519990374277,84.90975714178495,-23.774,-15.265,0.09,-0.000,-0.002,1.7,26,0.0000,0.00
15:53:56,22.263519990374277,84.90975714178495,-23.774,-15.265,0.09,-0.000,-0.002,2.1,26,0.0000,0.00
15:53:56,22.263519990374277,84.90975714178495,-23.774,-15.265,0.09,-0.000,-0.002,2.3,26,0.0000,0.00
15:53:56,22.263519990374277,84.90975714178495,-23.774,-15.265,0.11,-0.000,-0.002,2.3,26,0.0000,0.00
15:53:56,22.263519990374277,84.90975714178495,-23.774,-15.265,0.11,-0.000,-0.002,2.4,26,0.0000,0.00
15:53:56,22.263519990374277,84.90975714178495,-23.774,-15.265,0.11,-0.000,-0.002,2.7,26,0.0000,0.00
15:53:56,22.263519990374277,84.90975714178495,-23.774,-15.265,0.11,-0.000,-0.002,2.7,26,0.0000,0.00
15:53:56,22.263519990374277,84.90975714178495,-23.774,-15.266,0.11,-0.000,-0.002,3.2,26,0.0000,0.00
15:53:56,22.263519990374277,84.90975714178495,-23.774,-15.266,0.11,-0.000,-0.002,3.2,26,0.0000,0.00
15:53:56,22.263519990374277,84.90975714178495,-23.774,-15.266,0.11,-0.000,-0.002,3.9,26,0.0000,0.00
15:53:56,22.263519990374277,84.90975714178495,-23.774,-15.266,0.11,-0.000,-0.002,4.0,26,0.0000,0.00
15:53:56,22.263519990374277,84.90975714178495,-23.774,-15.266,0.12,-0.000,-0.002,2.9,26,0.0000,0.00
15:53:56,22.263519990374277,84.90975714178495,-23.774,-15.266,0.12,-0.000,-0.002,1.7,26,0.0000,0.00
15:53:56,22.263519990374277,84.90975714178495,-23.774,-15.266,0.12,-0.000,-0.002,0.5,26,0.0000,0.00
15:53:56,22.263519990374277,84.90975714178495,-23.774,-15.266,0.12,-0.000,-0.002,0.5,26,0.0000,0.00
15:53:57,22.263519990374277,84.90975714178495,-23.774,-15.266,0.11,-0.000,-0.002,-1.7,28,0.0000,0.00
15:53:57,22.263519990374277,84.90975714178495,-23.774,-15.266,0.11,-0.000,-0.002,-2.6,28,0.0000,0.00
15:53:57,22.263519990374277,84.90975714178495,-23.774,-15.267,0.11,-0.000,-0.002,-3.4,28,0.0000,0.00
15:53:57,22.263519990374277,84.90975714178495,-23.774,-15.267,0.11,-0.000,-0.002,-3.4,28,0.0000,0.00
15:53:57,22.263519990374277,84.90975714178495,-23.649,-15.151,0.11,0.202,0.185,-4.7,28,0.0028,0.00
15:53:57,22.263519990374277,84.90975714178495,-23.639,-15.142,0.11,0.202,0.185,-5.1,28,0.0000,0.00
15:53:57,22.263519990374277,84.90975714178495,-23.629,-15.133,0.11,0.202,0.185,-5.4,28,0.0000,0.00
15:53:57,22.263519990374277,84.90975714178495,-23.619,-15.123,0.11,0.202,0.185,-5.4,28,0.0000,0.00
15:53:57,22.263519990374277,84.90975714178495,-23.609,-15.114,0.10,0.202,0.185,-5.7,29,0.0000,0.00
15:53:57,22.263519990374277,84.90975714178495,-23.591,-15.081,0.10,0.218,0.236,-6.1,29,0.0028,0.00
15:53:57,22.263519990374277,84.90975714178495,-23.580,-15.070,0.10,0.218,0.236,-6.2,29,0.0000,0.00
15:53:57,22.263519990374277,84.90975714178495,-23.569,-15.058,0.10,0.218,0.236,-6.2,29,0.0000,0.00
15:53:57,22.263519990374277,84.90975714178495,-23.558,-15.046,0.10,0.218,0.236,-6.3,29,0.0000,0.00
15:53:57,22.263519990374277,84.90975714178495,-23.547,-15.034,0.10,0.218,0.236,-6.3,29,0.0000,0.00
15:53:57,22.263519990374277,84.90975714178495,-23.532,-15.013,0.10,0.230,0.263,-6.3,29,0.0029,0.00
15:53:57,22.263519990374277,84.90975714178495,-23.521,-14.999,0.10,0.230,0.263,-6.3,29,0.0000,0.00
15:53:57,22.263519990374277,84.90975714178495,-23.509,-14.986,0.10,0.230,0.263,-6.3,29,0.0000,0.00
15:53:57,22.263519990374277,84.90975714178495,-23.498,-14.973,0.10,0.230,0.263,-6.1,29,0.0000,0.00
15:53:57,22.263519990374277,84.90975714178495,-23.486,-14.960,0.10,0.230,0.263,-6.0,29,0.0000,0.00
15:53:57,22.263519990374277,84.90975714178495,-23.469,-14.942,0.10,0.250,0.280,-6.0,29,0.0031,0.00
15:53:58,22.263519990374277,84.90975714178495,-23.456,-14.928,0.10,0.250,0.280,-5.7,29,0.0000,0.00
15:53:58,22.263519990374277,84.90975714178495,-23.444,-14.913,0.10,0.250,0.280,-5.6,29,0.0000,0.00
15:53:58,22.263519990374277,84.90975714178495,-23.431,-14.899,0.10,0.250,0.280,-5.4,29,0.0000,0.00
15:53:58,22.263519990374277,84.90975714178495,-23.418,-14.885,0.10,0.250,0.280,-5.4,29,0.0000,0.00
15:53:58,22.263519990374277,84.90975714178495,-23.404,-14.864,0.10,0.257,0.305,-5.1,29,0.0031,0.00
15:53:58,22.263519990374277,84.90975714178495,-23.391,-14.849,0.10,0.257,0.305,-4.9,29,0.0000,0.00
15:53:58,22.263519990374277,84.90975714178495,-23.378,-14.834,0.10,0.257,0.305,-4.7,29,0.0000,0.00
15:53:58,22.263519990374277,84.90975714178495,-23.365,-14.818,0.10,0.257,0.305,-4.7,29,0.0000,0.00
15:53:58,22.263519990374277,84.90975714178495,-23.352,-14.803,0.10,0.257,0.305,-4.4,29,0.0000,0.00
15:53:58,22.263519990374277,84.90975714178495,-23.342,-14.784,0.10,0.248,0.319,-4.3,29,0.0033,0.00
15:53:58,22.263519990374277,84.90975714178495,-23.329,-14.768,0.10,0.248,0.319,-4.1,29,0.0000,0.00
15:53:58,22.263519990374277,84.90975714178495,-23.316,-14.752,0.10,0.248,0.319,-4.1,29,0.0000,0.00
15:53:58,22.263519990374277,84.90975714178495,-23.304,-14.736,0.10,0.248,0.319,-3.9,29,0.0000,0.00
15:53:58,22.263519990374277,84.90975714178495,-23.292,-14.720,0.09,0.248,0.319,-3.8,29,0.0000,0.00
15:53:58,22.263519990374277,84.90975714178495,-23.279,-14.704,0.09,0.248,0.319,-3.7,29,0.0000,0.00
15:53:58,22.263519990374277,84.90975714178495,-23.267,-14.688,0.09,0.248,0.319,-3.7,29,0.0000,0.00
15:53:58,22.263519990374277,84.90975714178495,-23.254,-14.671,0.09,0.248,0.319,-3.6,29,0.0000,0.00
15:53:58,22.263519990374277,84.90975714178495,-23.242,-14.655,0.09,0.248,0.319,-3.5,29,0.0000,0.00
15:53:58,22.263519990374277,84.90975714178495,-23.229,-14.639,0.09,0.248,0.319,-3.4,29,0.0000,0.00
15:53:59,22.263519990374277,84.90975714178495,-23.217,-14.623,0.09,0.248,0.319,-3.4,29,0.0000,0.00
15:53:59,22.263519990374277,84.90975714178495,-23.204,-14.607,0.09,0.248,0.319,-3.2,29,0.0000,0.00
15:53:59,22.263519990374277,84.90975714178495,-23.192,-14.591,0.09,0.248,0.319,-3.2,29,0.0000,0.00
15:53:59,22.263519990374277,84.90975714178495,-23.179,-14.575,0.10,0.248,0.319,-3.1,29,0.0000,0.00
15:53:59,22.263519990374277,84.90975714178495,-23.167,-14.559,0.10,0.248,0.319,-3.1,29,0.0000,0.00
15:53:59,22.263519990374277,84.90975714178495,-23.154,-14.543,0.10,0.248,0.319,-3.0,29,0.0000,0.00
15:53:59,22.263519990374277,84.90975714178495,-23.136,-14.539,0.10,0.259,0.295,-2.9,29,0.0030,0.00
15:53:59,22.263519990374277,84.90975714178495,-23.123,-14.524,0.10,0.259,0.295,-2.9,29,0.0000,0.00
15:53:59,22.263519990374277,84.90975714178495,-23.110,-14.509,0.10,0.259,0.295,-2.9,29,0.0000,0.00
15:53:59,22.263519990374277,84.90975714178495,-23.097,-14.494,0.10,0.259,0.295,-2.7,29,0.0000,0.00
15:53:59,22.263519990374277,84.90975714178495,-23.084,-14.479,0.10,0.259,0.295,-2.5,29,0.0000,0.00
15:53:59,22.263519990374277,84.90975714178495,-23.064,-14.463,0.10,0.277,0.300,-2.2,29,0.0043,0.00
15:53:59,22.263519990374277,84.90975714178495,-23.050,-14.447,0.10,0.277,0.300,-2.2,29,0.0000,0.00
15:53:59,22.263519990374277,84.90975714178495,-23.036,-14.432,0.10,0.277,0.300,-1.2,29,0.0000,0.00
15:53:59,22.263519990374277,84.90975714178495,-23.022,-14.417,0.10,0.277,0.300,-0.6,29,0.0000,0.00
15:53:59,22.263519990374277,84.90975714178495,-23.009,-14.402,0.10,0.277,0.300,0.1,29,0.0000,0.00
15:53:59,22.263519990374277,84.90975714178495,-23.015,-14.413,0.10,0.212,0.216,0.1,29,0.0033,0.00
15:53:59,22.263519990374277,84.90975714178495,-23.004,-14.402,0.10,0.212,0.216,1.6,29,0.0000,0.00
15:53:59,22.263519990374277,84.90975714178495,-22.993,-14.391,0.10,0.212,0.216,2.3,29,0.0000,0.00
15:53:59,22.263519990374277,84.90975714178495,-22.983,-14.380,0.10,0.212,0.216,3.1,29,0.0000,0.00
15:53:59,22.263519990374277,84.90975714178495,-22.972,-14.370,0.11,0.212,0.216,3.1,29,0.0000,0.00
15:54:00,22.263519990374277,84.90975714178495,-22.974,-14.372,0.11,0.167,0.167,4.6,29,0.0029,0.00
15:54:00,22.263519990374277,84.90975714178495,-22.965,-14.364,0.11,0.167,0.167,5.2,29,0.0000,0.00
15:54:00,22.263519990374277,84.90975714178495,-22.957,-14.356,0.11,0.167,0.167,5.8,29,0.0000,0.00
15:54:00,22.263519990374277,84.90975714178495,-22.949,-14.347,0.11,0.167,0.167,5.8,29,0.0000,0.00
15:54:00,22.263519990374277,84.90975714178495,-22.940,-14.339,0.11,0.167,0.167,6.8,29,0.0000,0.00
15:54:00,22.263519990374277,84.90975714178495,-22.932,-14.330,0.11,0.167,0.167,7.2,29,0.0000,0.00
15:54:00,22.263519990374277,84.90975714178495,-22.923,-14.322,0.11,0.167,0.167,7.6,29,0.0000,0.00
15:54:00,22.263519990374277,84.90975714178495,-22.915,-14.314,0.11,0.167,0.167,7.6,29,0.0000,0.00
15:54:00,22.263519990374277,84.90975714178495,-22.906,-14.305,0.11,0.167,0.167,8.4,29,0.0000,0.00
15:54:00,22.263519990374277,84.90975714178495,-22.898,-14.297,0.11,0.167,0.167,8.8,29,0.0000,0.00
15:54:00,22.263519990374277,84.90975714178495,-22.890,-14.288,0.11,0.167,0.167,9.1,29,0.0000,0.00
15:54:00,22.263519990374277,84.90975714178495,-22.881,-14.280,0.10,0.167,0.167,9.1,29,0.0000,0.00
15:54:00,22.263519990374277,84.90975714178495,-22.873,-14.271,0.10,0.167,0.167,9.7,29,0.0000,0.00
15:54:00,22.263519990374277,84.90975714178495,-22.864,-14.263,0.10,0.167,0.167,10.0,29,0.0000,0.00
15:54:00,22.263519990374277,84.90975714178495,-22.856,-14.255,0.10,0.167,0.167,10.4,29,0.0000,0.00
15:54:00,22.263519990374277,84.90975714178495,-22.847,-14.246,0.10,0.167,0.167,10.4,29,0.0000,0.00
15:54:00,22.263519990374277,84.90975714178495,-22.839,-14.238,0.10,0.167,0.167,10.6,29,0.0000,0.00
15:54:00,22.263519990374277,84.90975714178495,-22.831,-14.229,0.10,0.167,0.167,10.8,29,0.0000,0.00
15:54:00,22.263519990374277,84.90975714178495,-22.822,-14.221,0.10,0.167,0.167,11.1,29,0.0000,0.00
15:54:01,22.263519990374277,84.90975714178495,-22.814,-14.213,0.10,0.167,0.167,11.1,29,0.0000,0.00
15:54:01,22.263519990374277,84.90975714178495,-22.805,-14.204,0.09,0.167,0.167,11.2,29,0.0000,0.00
15:54:01,22.263519990374277,84.90975714178495,-22.797,-14.196,0.09,0.167,0.167,11.3,29,0.0000,0.00
15:54:01,22.263519990374277,84.90975714178495,-22.788,-14.187,0.09,0.167,0.167,11.4,29,0.0000,0.00
15:54:01,22.263519990374277,84.90975714178495,-22.780,-14.179,0.09,0.167,0.167,11.4,29,0.0000,0.00
15:54:01,22.263519990374277,84.90975714178495,-22.772,-14.171,0.10,0.167,0.167,11.4,29,0.0000,0.00
15:54:01,22.263519990374277,84.90975714178495,-22.763,-14.162,0.10,0.167,0.167,11.3,29,0.0000,0.00
15:54:01,22.263519990374277,84.90975714178495,-22.786,-14.273,0.10,0.125,0.004,11.3,29,0.0031,0.00
15:54:01,22.263519990374277,84.90975714178495,-22.780,-14.273,0.10,0.125,0.004,11.3,29,0.0000,0.00
15:54:01,22.263519990374277,84.90975714178495,-22.773,-14.273,0.10,0.125,0.004,11.3,29,0.0000,0.00
15:54:01,22.263519990374277,84.90975714178495,-22.767,-14.272,0.10,0.125,0.004,11.2,29,0.0000,0.00
15:54:01,22.263519990374277,84.90975714178495,-22.761,-14.272,0.10,0.125,0.004,11.2,29,0.0000,0.00
15:54:01,22.263519990374277,84.90975714178495,-22.761,-14.280,0.10,0.112,-0.012,11.2,29,0.0021,0.00
15:54:01,22.263519990374277,84.90975714178495,-22.755,-14.281,0.10,0.112,-0.012,11.1,29,0.0000,0.00
15:54:01,22.263519990374277,84.90975714178495,-22.750,-14.282,0.10,0.112,-0.012,10.9,29,0.0000,0.00
15:54:01,22.263519990374277,84.90975714178495,-22.744,-14.282,0.10,0.112,-0.012,10.9,29,0.0000,0.00
15:54:01,22.263519990374277,84.90975714178495,-22.738,-14.283,0.10,0.112,-0.012,10.8,29,0.0000,0.00
15:54:01,22.263519990374277,84.90975714178495,-22.733,-14.283,0.10,0.112,-0.012,10.5,29,0.0000,0.00
15:54:01,22.263519990374277,84.90975714178495,-22.727,-14.284,0.10,0.112,-0.012,10.5,29,0.0000,0.00
15:54:01,22.263519990374277,84.90975714178495,-22.721,-14.285,0.10,0.112,-0.012,10.3,29,0.0000,0.00
15:54:02,22.263519990374277,84.90975714178495,-22.716,-14.285,0.10,0.112,-0.012,9.9,29,0.0000,0.00
15:54:02,22.263519990374277,84.90975714178495,-22.710,-14.286,0.10,0.112,-0.012,9.5,29,0.0000,0.00
15:54:02,22.263519990374277,84.90975714178495,-22.713,-14.287,0.10,0.091,-0.014,9.5,29,0.0017,0.00
15:54:02,22.263519990374277,84.90975714178495,-22.709,-14.288,0.10,0.091,-0.014,9.0,29,0.0000,0.00
15:54:02,22.263519990374277,84.90975714178495,-22.704,-14.289,0.10,0.091,-0.014,8.1,29,0.0000,0.00
15:54:02,22.263519990374277,84.90975714178495,-22.700,-14.290,0.10,0.091,-0.014,8.1,29,0.0000,0.00
15:54:02,22.263519990374277,84.90975714178495,-22.695,-14.290,0.12,0.091,-0.014,7.6,30,0.0000,0.00
15:54:02,22.263519990374277,84.90975714178495,-22.690,-14.291,0.12,0.091,-0.014,7.0,30,0.0000,0.00
15:54:02,22.263519990374277,84.90975714178495,-22.686,-14.292,0.12,0.091,-0.014,4.7,30,0.0000,0.00
15:54:02,22.263519990374277,84.90975714178495,-22.681,-14.292,0.12,0.091,-0.014,4.7,30,0.0000,0.00
15:54:02,22.263519990374277,84.90975714178495,-22.677,-14.293,0.12,0.091,-0.014,3.0,30,0.0000,0.00
15:54:02,22.263519990374277,84.90975714178495,-22.672,-14.294,0.12,0.091,-0.014,-1.3,30,0.0000,0.00
15:54:02,22.263519990374277,84.90975714178495,-22.668,-14.295,0.12,0.091,-0.014,-3.8,30,0.0000,0.00
15:54:02,22.263519990374277,84.90975714178495,-22.663,-14.295,0.12,0.091,-0.014,-3.8,30,0.0000,0.00
15:54:02,22.263519990374277,84.90975714178495,-22.659,-14.296,0.12,0.091,-0.014,-6.4,30,0.0000,0.00
15:54:02,22.263519990374277,84.90975714178495,-22.654,-14.297,0.12,0.091,-0.014,-12.1,30,0.0000,0.00
15:54:02,22.263519990374277,84.90975714178495,-22.649,-14.297,0.12,0.091,-0.014,-15.1,30,0.0000,0.00
15:54:02,22.263519990374277,84.90975714178495,-22.645,-14.298,0.12,0.091,-0.014,-15.1,30,0.0000,0.00
15:54:02,22.263519990374277,84.90975714178495,-22.590,-14.265,0.12,0.184,0.050,-18.1,30,0.0031,0.00
15:54:03,22.263519990374277,84.90975714178495,-22.581,-14.262,0.14,0.184,0.050,-24.6,30,0.0000,0.00
15:54:03,22.263519990374277,84.90975714178495,-22.571,-14.260,0.14,0.184,0.050,-27.9,30,0.0000,0.00
15:54:03,22.263519990374277,84.90975714178495,-22.562,-14.257,0.14,0.184,0.050,-27.9,30,0.0000,0.00
15:54:03,22.263519990374277,84.90975714178495,-22.553,-14.255,0.14,0.184,0.050,-31.3,30,0.0000,0.00
15:54:03,22.263519990374277,84.90975714178495,-22.544,-14.252,0.14,0.184,0.050,-38.3,30,0.0000,0.00
15:54:03,22.263519990374277,84.90975714178495,-22.534,-14.250,0.14,0.184,0.050,-41.8,30,0.0000,0.00
15:54:03,22.263519990374277,84.90975714178495,-22.525,-14.247,0.14,0.184,0.050,-41.8,30,0.0000,0.00
15:54:03,22.263519990374277,84.90975714178495,-22.516,-14.245,0.14,0.184,0.050,-45.4,30,0.0000,0.00
15:54:03,22.263519990374277,84.90975714178495,-22.506,-14.242,0.14,0.184,0.050,-52.9,30,0.0000,0.00
15:54:03,22.263519990374277,84.90975714178495,-22.497,-14.240,0.15,0.184,0.050,-56.6,31,0.0000,0.00
15:54:03,22.263519990374277,84.90975714178495,-22.488,-14.237,0.15,0.184,0.050,-56.6,31,0.0000,0.00
15:54:03,22.263519990374277,84.90975714178495,-22.479,-14.235,0.15,0.184,0.050,-60.5,31,0.0000,0.00
15:54:03,22.263519990374277,84.90975714178495,-22.469,-14.232,0.15,0.184,0.050,-68.3,31,0.0000,0.00
15:54:03,22.263519990374277,84.90975714178495,-22.460,-14.230,0.17,0.184,0.050,-72.2,31,0.0000,0.00
15:54:03,22.263519990374277,84.90975714178495,-22.451,-14.227,0.17,0.184,0.050,-72.2,31,0.0000,0.00
15:54:03,22.263519990374277,84.90975714178495,-22.441,-14.225,0.17,0.184,0.050,-76.2,31,0.0000,0.00
15:54:03,22.263519990374277,84.90975714178495,-22.432,-14.222,0.17,0.184,0.050,-84.0,31,0.0000,0.00
15:54:03,22.263519990374277,84.90975714178495,-22.423,-14.220,0.17,0.184,0.050,-88.0,31,0.0000,0.00
15:54:03,22.263519990374277,84.90975714178495,-22.413,-14.217,0.17,0.184,0.050,-92.1,31,0.0000,0.00
15:54:03,22.263519990374277,84.90975714178495,-22.404,-14.215,0.17,0.184,0.050,-92.1,31,0.0000,0.00
15:54:04,22.263519990374277,84.90975714178495,-22.395,-14.212,0.17,0.184,0.050,-100.2,31,0.0000,0.00
15:54:04,22.263519990374277,84.90975714178495,-22.386,-14.210,0.16,0.184,0.050,-104.2,31,0.0000,0.00
15:54:04,22.263519990374277,84.90975714178495,-22.376,-14.207,0.16,0.184,0.050,-108.3,31,0.0000,0.00
15:54:04,22.263519990374277,84.90975714178495,-22.367,-14.205,0.16,0.184,0.050,-108.3,31,0.0000,0.00
15:54:04,22.263519990374277,84.90975714178495,-22.358,-14.202,0.16,0.184,0.050,-115.8,31,0.0000,0.00
15:54:04,22.263519990374277,84.90975714178495,-22.349,-14.200,0.16,0.184,0.050,-119.0,31,0.0000,0.00
15:54:04,22.263519990374277,84.90975714178495,-22.526,-14.140,0.19,-0.044,0.120,-121.9,31,0.0028,0.00
15:54:04,22.263519990374277,84.90975714178495,-22.528,-14.134,0.19,-0.044,0.120,-121.9,31,0.0000,0.00
15:54:04,22.263519990374277,84.90975714178495,-22.530,-14.128,0.19,-0.044,0.120,-127.0,31,0.0000,0.00
15:54:04,22.263519990374277,84.90975714178495,-22.533,-14.122,0.19,-0.044,0.120,-129.2,31,0.0000,0.00
15:54:04,22.263519990374277,84.90975714178495,-22.535,-14.116,0.19,-0.044,0.120,-131.0,31,0.0000,0.00
15:54:04,22.263519990374277,84.90975714178495,-22.543,-14.127,0.19,-0.056,0.088,-131.0,31,0.0025,0.00
15:54:04,22.263519990374277,84.90975714178495,-22.546,-14.123,0.19,-0.056,0.088,-132.7,31,0.0000,0.00
15:54:04,22.263519990374277,84.90975714178495,-22.549,-14.118,0.19,-0.056,0.088,-134.9,31,0.0000,0.00
15:54:04,22.263519990374277,84.90975714178495,-22.552,-14.114,0.19,-0.056,0.088,-135.6,31,0.0000,0.00
15:54:04,22.263519990374277,84.90975714178495,-22.555,-14.109,0.19,-0.056,0.088,-135.6,31,0.0000,0.00
15:54:04,22.263519990374277,84.90975714178495,-22.544,-14.125,0.19,-0.022,0.034,-136.2,31,0.0026,0.00
15:54:04,22.263519990374277,84.90975714178495,-22.546,-14.124,0.19,-0.022,0.034,-137.1,31,0.0000,0.00
15:54:04,22.263519990374277,84.90975714178495,-22.547,-14.122,0.19,-0.022,0.034,-137.3,31,0.0000,0.00
15:54:04,22.263519990374277,84.90975714178495,-22.548,-14.120,0.19,-0.022,0.034,-137.3,31,0.0000,0.00
15:54:05,22.263519990374277,84.90975714178495,-22.549,-14.119,0.19,-0.022,0.034,-137.5,31,0.0000,0.00
15:54:05,22.263519990374277,84.90975714178495,-22.546,-14.123,0.19,-0.009,0.014,-137.7,31,0.0019,0.00
15:54:05,22.263519990374277,84.90975714178495,-22.546,-14.122,0.18,-0.009,0.014,-137.7,31,0.0000,0.00
15:54:05,22.263519990374277,84.90975714178495,-22.547,-14.122,0.18,-0.009,0.014,-137.7,31,0.0000,0.00
15:54:05,22.263519990374277,84.90975714178495,-22.547,-14.121,0.18,-0.009,0.014,-137.6,31,0.0000,0.00
15:54:05,22.263519990374277,84.90975714178495,-22.548,-14.120,0.18,-0.009,0.014,-137.4,31,0.0000,0.00
15:54:05,22.263519990374277,84.90975714178495,-22.548,-14.120,0.18,-0.009,0.014,-137.1,31,0.0000,0.00
15:54:05,22.263519990374277,84.90975714178495,-22.549,-14.119,0.17,-0.009,0.014,-137.1,30,0.0000,0.00
15:54:05,22.263519990374277,84.90975714178495,-22.549,-14.118,0.17,-0.009,0.014,-136.9,30,0.0000,0.00
15:54:05,22.263519990374277,84.90975714178495,-22.550,-14.117,0.17,-0.009,0.014,-136.2,30,0.0000,0.00
15:54:05,22.263519990374277,84.90975714178495,-22.550,-14.117,0.17,-0.009,0.014,-135.8,30,0.0000,0.00
15:54:05,22.263519990374277,84.90975714178495,-22.549,-14.119,0.17,-0.004,0.005,-135.4,30,0.0017,0.00
15:54:05,22.263519990374277,84.90975714178495,-22.549,-14.119,0.17,-0.004,0.005,-135.4,30,0.0000,0.00
15:54:05,22.263519990374277,84.90975714178495,-22.549,-14.119,0.17,-0.004,0.005,-134.5,30,0.0000,0.00
15:54:05,22.263519990374277,84.90975714178495,-22.549,-14.118,0.17,-0.004,0.005,-134.0,30,0.0000,0.00
15:54:05,22.263519990374277,84.90975714178495,-22.549,-14.118,0.16,-0.004,0.005,-133.5,30,0.0000,0.00
15:54:05,22.263519990374277,84.90975714178495,-22.550,-14.118,0.16,-0.004,0.005,-133.5,30,0.0000,0.00
15:54:05,22.263519990374277,84.90975714178495,-22.550,-14.118,0.16,-0.003,0.003,-132.5,30,0.0018,0.00
15:54:05,22.263519990374277,84.90975714178495,-22.550,-14.118,0.16,-0.003,0.003,-132.0,30,0.0000,0.00
15:54:05,22.263519990374277,84.90975714178495,-22.550,-14.118,0.15,-0.003,0.003,-131.0,30,0.0000,0.00
15:54:05,22.263519990374277,84.90975714178495,-22.550,-14.118,0.15,-0.003,0.003,-131.0,30,0.0000,0.00
15:54:06,22.263519990374277,84.90975714178495,-22.550,-14.118,0.15,-0.003,0.003,-130.5,30,0.0000,0.00
15:54:06,22.263519990374277,84.90975714178495,-22.550,-14.118,0.15,-0.003,0.002,-130.0,30,0.0018,0.00
15:54:06,22.263519990374277,84.90975714178495,-22.550,-14.118,0.15,-0.003,0.002,-129.1,30,0.0000,0.00
15:54:06,22.263519990374277,84.90975714178495,-22.551,-14.118,0.15,-0.003,0.002,-129.1,30,0.0000,0.00
15:54:06,22.263519990374277,84.90975714178495,-22.551,-14.117,0.15,-0.003,0.002,-128.7,30,0.0000,0.00
15:54:06,22.263519990374277,84.90975714178495,-22.551,-14.117,0.15,-0.003,0.002,-128.2,30,0.0000,0.00
15:54:06,22.263519990374277,84.90975714178495,-22.551,-14.117,0.15,-0.003,0.002,-128.2,30,0.0018,0.00
15:54:06,22.263519990374277,84.90975714178495,-22.551,-14.117,0.13,-0.003,0.002,-127.3,31,0.0000,0.00
15:54:06,22.263519990374277,84.90975714178495,-22.551,-14.117,0.13,-0.003,0.002,-126.9,31,0.0000,0.00
15:54:06,22.263519990374277,84.90975714178495,-22.551,-14.117,0.13,-0.003,0.002,-126.5,31,0.0000,0.00
15:54:06,22.263519990374277,84.90975714178495,-22.551,-14.117,0.13,-0.003,0.002,-125.6,31,0.0000,0.00
15:54:06,22.263519990374277,84.90975714178495,-22.551,-14.117,0.12,-0.001,0.001,-125.6,31,0.0019,0.00
15:54:06,22.263519990374277,84.90975714178495,-22.551,-14.117,0.12,-0.001,0.001,-125.2,31,0.0000,0.00
15:54:06,22.263519990374277,84.90975714178495,-22.551,-14.117,0.12,-0.001,0.001,-124.9,31,0.0000,0.00
15:54:06,22.263519990374277,84.90975714178495,-22.551,-14.117,0.12,-0.001,0.001,-124.5,31,0.0000,0.00
15:54:06,22.263519990374277,84.90975714178495,-22.552,-14.117,0.12,-0.001,0.001,-124.5,31,0.0000,0.00
15:54:06,22.263519990374277,84.90975714178495,-22.551,-14.117,0.12,-0.000,0.000,-123.9,31,0.0017,0.00
15:54:06,22.263519990374277,84.90975714178495,-22.551,-14.117,0.12,-0.000,0.000,-123.5,31,0.0000,0.00
15:54:06,22.263519990374277,84.90975714178495,-22.551,-14.117,0.12,-0.000,0.000,-123.0,31,0.0000,0.00
15:54:07,22.263519990374277,84.90975714178495,-22.551,-14.117,0.12,-0.000,0.000,-123.0,31,0.0000,0.00
15:54:07,22.263519990374277,84.90975714178495,-22.551,-14.117,0.12,-0.000,0.000,-122.7,31,0.0000,0.00
15:54:07,22.263519990374277,84.90975714178495,-22.551,-14.117,0.12,-0.000,0.000,-122.5,31,0.0000,0.00
15:54:07,22.263519990374277,84.90975714178495,-22.551,-14.117,0.12,-0.000,0.000,-122.5,31,0.0000,0.00
15:54:07,22.263519990374277,84.90975714178495,-22.551,-14.117,0.12,-0.000,0.000,-122.2,31,0.0000,0.00
15:54:07,22.263519990374277,84.90975714178495,-22.552,-14.117,0.12,-0.000,0.000,-122.1,31,0.0000,0.00
15:54:07,22.263519990374277,84.90975714178495,-22.552,-14.117,0.12,-0.000,0.000,-122.0,31,0.0000,0.00
15:54:07,22.263519990374277,84.90975714178495,-22.552,-14.117,0.12,-0.000,0.000,-122.0,31,0.0000,0.00
15:54:07,22.263519990374277,84.90975714178495,-22.552,-14.117,0.12,-0.001,0.001,-121.7,31,0.0021,0.00
15:54:07,22.263519990374277,84.90975714178495,-22.552,-14.117,0.12,-0.001,0.001,-121.6,31,0.0000,0.00
15:54:07,22.263519990374277,84.90975714178495,-22.552,-14.117,0.12,-0.001,0.001,-121.4,31,0.0000,0.00
15:54:07,22.263519990374277,84.90975714178495,-22.552,-14.117,0.12,-0.001,0.001,-121.4,31,0.0000,0.00
15:54:07,22.263519990374277,84.90975714178495,-22.552,-14.117,0.12,-0.001,0.001,-121.3,31,0.0000,0.00
15:54:07,22.263519990374277,84.90975714178495,-22.552,-14.117,0.12,-0.001,0.001,-121.2,31,0.0000,0.00
15:54:07,22.263519990374277,84.90975714178495,-22.552,-14.117,0.12,-0.001,0.001,-121.2,31,0.0000,0.00
15:54:07,22.263519990374277,84.90975714178495,-22.552,-14.117,0.12,-0.001,0.001,-121.0,31,0.0000,0.00
15:54:07,22.263519990374277,84.90975714178495,-22.552,-14.117,0.12,-0.001,0.001,-120.9,31,0.0000,0.00
15:54:07,22.263519990374277,84.90975714178495,-22.552,-14.117,0.12,-0.001,0.001,-120.8,31,0.0000,0.00
15:54:07,22.263519990374277,84.90975714178495,-22.552,-14.117,0.12,-0.001,0.001,-120.8,31,0.0020,0.00
15:54:07,22.263519990374277,84.90975714178495,-22.552,-14.116,0.12,-0.001,0.001,-120.8,31,0.0000,0.00
15:54:08,22.263519990374277,84.90975714178495,-22.552,-14.116,0.12,-0.001,0.001,-120.9,31,0.0000,0.00
15:54:08,22.263519990374277,84.90975714178495,-22.552,-14.116,0.12,-0.001,0.001,-121.0,31,0.0000,0.00
15:54:08,22.263519990374277,84.90975714178495,-22.552,-14.116,0.10,-0.001,0.001,-121.2,31,0.0000,0.00
15:54:08,22.263519990374277,84.90975714178495,-22.552,-14.117,0.10,0.000,-0.000,-121.2,31,0.0025,0.00
15:54:08,22.263519990374277,84.90975714178495,-22.552,-14.117,0.10,0.000,-0.000,-121.3,31,0.0000,0.00
15:54:08,22.263519990374277,84.90975714178495,-22.552,-14.117,0.10,0.000,-0.000,-121.5,31,0.0000,0.00
15:54:08,22.263519990374277,84.90975714178495,-22.552,-14.117,0.11,0.000,-0.000,-121.9,31,0.0000,0.00
15:54:08,22.263519990374277,84.90975714178495,-22.552,-14.117,0.11,0.000,-0.000,-121.9,31,0.0000,0.00
15:54:08,22.263519990374277,84.90975714178495,-22.551,-14.117,0.11,0.002,-0.002,-122.1,31,0.0021,0.00
15:54:08,22.263519990374277,84.90975714178495,-22.551,-14.118,0.11,0.002,-0.002,-122.3,31,0.0000,0.00
15:54:08,22.263519990374277,84.90975714178495,-22.551,-14.118,0.11,0.002,-0.002,-122.6,31,0.0000,0.00
15:54:08,22.263519990374277,84.90975714178495,-22.551,-14.118,0.11,0.002,-0.002,-122.6,31,0.0000,0.00
15:54:08,22.263519990374277,84.90975714178495,-22.551,-14.118,0.11,0.002,-0.002,-122.8,31,0.0000,0.00
15:54:08,22.263519990374277,84.90975714178495,-22.551,-14.117,0.11,0.000,-0.000,-122.9,31,0.0023,0.00
15:54:08,22.263519990374277,84.90975714178495,-22.551,-14.117,0.13,0.000,-0.000,-123.2,31,0.0000,0.00
15:54:08,22.263519990374277,84.90975714178495,-22.551,-14.117,0.13,0.000,-0.000,-123.2,31,0.0000,0.00
15:54:08,22.263519990374277,84.90975714178495,-22.551,-14.117,0.13,0.000,-0.000,-123.3,31,0.0000,0.00
15:54:08,22.263519990374277,84.90975714178495,-22.551,-14.118,0.13,0.000,-0.000,-123.4,31,0.0000,0.00
15:54:08,22.263519990374277,84.90975714178495,-22.552,-14.117,0.13,-0.002,0.001,-123.4,31,0.0029,0.00
15:54:08,22.263519990374277,84.90975714178495,-22.552,-14.117,0.12,-0.002,0.001,-123.4,31,0.0000,0.00
15:54:09,22.263519990374277,84.90975714178495,-22.552,-14.117,0.12,-0.002,0.001,-123.4,31,0.0000,0.00
15:54:09,22.263519990374277,84.90975714178495,-22.552,-14.117,0.12,-0.002,0.001,-123.3,31,0.0000,0.00
15:54:09,22.263519990374277,84.90975714178495,-22.552,-14.117,0.12,-0.002,0.001,-123.3,31,0.0000,0.00
15:54:09,22.263519990374277,84.90975714178495,-22.552,-14.117,0.12,-0.001,0.001,-123.3,31,0.0021,0.00
15:54:09,22.263519990374277,84.90975714178495,-22.552,-14.117,0.12,-0.001,0.001,-123.4,31,0.0000,0.00
15:54:09,22.263519990374277,84.90975714178495,-22.552,-14.117,0.12,-0.001,0.001,-123.5,31,0.0000,0.00
15:54:09,22.263519990374277,84.90975714178495,-22.552,-14.117,0.12,-0.001,0.001,-123.6,31,0.0000,0.00
15:54:09,22.263519990374277,84.90975714178495,-22.552,-14.117,0.11,-0.001,0.001,-123.6,31,0.0000,0.00
15:54:09,22.263519990374277,84.90975714178495,-22.552,-14.117,0.11,-0.001,0.001,-123.7,31,0.0000,0.00
15:54:09,22.263519990374277,84.90975714178495,-22.552,-14.117,0.11,-0.001,0.001,-124.4,31,0.0000,0.00
15:54:09,22.263519990374277,84.90975714178495,-22.552,-14.117,0.11,-0.001,0.001,-125.4,31,0.0000,0.00
15:54:09,22.263519990374277,84.90975714178495,-22.553,-14.117,0.11,-0.001,0.001,-125.4,31,0.0000,0.00
15:54:09,22.263519990374277,84.90975714178495,-22.553,-14.117,0.11,-0.001,0.001,-126.8,31,0.0000,0.00
15:54:09,22.263519990374277,84.90975714178495,-22.553,-14.117,0.11,-0.001,0.001,-130.3,31,0.0000,0.00
15:54:09,22.263519990374277,84.90975714178495,-22.553,-14.117,0.11,-0.001,0.001,-132.2,31,0.0000,0.00
15:54:09,22.263519990374277,84.90975714178495,-22.553,-14.117,0.11,-0.001,0.001,-132.2,31,0.0000,0.00
15:54:09,22.263519990374277,84.90975714178495,-22.553,-14.117,0.12,-0.001,0.001,-134.3,31,0.0000,0.00
15:54:09,22.263519990374277,84.90975714178495,-22.553,-14.117,0.12,-0.001,0.001,-138.7,31,0.0000,0.00
15:54:09,22.263519990374277,84.90975714178495,-22.553,-14.116,0.12,-0.001,0.001,-138.7,31,0.0000,0.00
15:54:10,22.263519990374277,84.90975714178495,-22.506,-14.059,0.12,0.094,0.117,-140.7,31,0.0027,0.00
15:54:10,22.263519990374277,84.90975714178495,-22.502,-14.054,0.13,0.094,0.117,-143.7,31,0.0000,0.00
15:54:10,22.263519990374277,84.90975714178495,-22.497,-14.048,0.13,0.094,0.117,-143.7,31,0.0000,0.00
15:54:10,22.263519990374277,84.90975714178495,-22.492,-14.042,0.13,0.094,0.117,-144.6,31,0.0000,0.00
15:54:10,22.263519990374277,84.90975714178495,-22.487,-14.036,0.13,0.094,0.117,-145.7,31,0.0000,0.00
15:54:10,22.263519990374277,84.90975714178495,-22.435,-14.020,0.13,0.219,0.144,-146.1,31,0.0031,0.00
15:54:10,22.263519990374277,84.90975714178495,-22.424,-14.012,0.13,0.219,0.144,-146.1,31,0.0000,0.00
15:54:10,22.263519990374277,84.90975714178495,-22.413,-14.005,0.13,0.219,0.144,-146.5,31,0.0000,0.00
15:54:10,22.263519990374277,84.90975714178495,-22.402,-13.998,0.13,0.219,0.144,-147.3,31,0.0000,0.00
15:54:10,22.263519990374277,84.90975714178495,-22.390,-13.991,0.13,0.219,0.144,-147.6,31,0.0000,0.00
15:54:10,22.263519990374277,84.90975714178495,-22.380,-13.987,0.13,0.218,0.131,-147.6,31,0.0025,0.00
15:54:10,22.263519990374277,84.90975714178495,-22.369,-13.981,0.13,0.218,0.131,-147.8,31,0.0000,0.00
15:54:10,22.263519990374277,84.90975714178495,-22.358,-13.974,0.13,0.218,0.131,-147.4,31,0.0000,0.00
15:54:10,22.263519990374277,84.90975714178495,-22.347,-13.967,0.13,0.218,0.131,-147.0,31,0.0000,0.00
15:54:10,22.263519990374277,84.90975714178495,-22.336,-13.961,0.14,0.218,0.131,-147.0,31,0.0000,0.00
15:54:10,22.263519990374277,84.90975714178495,-22.335,-13.973,0.14,0.180,0.064,-146.4,31,0.0018,0.00
15:54:10,22.263519990374277,84.90975714178495,-22.326,-13.970,0.14,0.180,0.064,-145.0,31,0.0000,0.00
15:54:10,22.263519990374277,84.90975714178495,-22.317,-13.966,0.14,0.180,0.064,-144.3,31,0.0000,0.00
15:54:10,22.263519990374277,84.90975714178495,-22.308,-13.963,0.14,0.180,0.064,-143.5,31,0.0000,0.00
15:54:10,22.263519990374277,84.90975714178495,-22.299,-13.960,0.14,0.180,0.064,-143.5,31,0.0000,0.00
15:54:11,22.263519990374277,84.90975714178495,-22.290,-13.957,0.14,0.180,0.064,-141.0,31,0.0000,0.00
15:54:11,22.263519990374277,84.90975714178495,-22.281,-13.953,0.14,0.180,0.064,-139.6,31,0.0000,0.00
15:54:11,22.263519990374277,84.90975714178495,-22.272,-13.950,0.12,0.180,0.064,-138.2,31,0.0000,0.00
15:54:11,22.263519990374277,84.90975714178495,-22.263,-13.947,0.12,0.180,0.064,-138.2,31,0.0000,0.00
15:54:11,22.263519990374277,84.90975714178495,-22.254,-13.944,0.12,0.180,0.064,-135.7,31,0.0000,0.00
15:54:11,22.263519990374277,84.90975714178495,-22.245,-13.941,0.12,0.180,0.064,-134.5,31,0.0000,0.00
15:54:11,22.263519990374277,84.90975714178495,-22.195,-13.935,0.12,0.286,0.069,-134.5,31,0.0039,0.00
15:54:11,22.263519990374277,84.90975714178495,-22.181,-13.932,0.12,0.286,0.069,-133.3,31,0.0000,0.00
15:54:11,22.263519990374277,84.90975714178495,-22.167,-13.928,0.12,0.286,0.069,-131.2,31,0.0000,0.00
15:54:11,22.263519990374277,84.90975714178495,-22.152,-13.925,0.12,0.286,0.069,-130.6,31,0.0000,0.00
15:54:11,22.263519990374277,84.90975714178495,-22.138,-13.921,0.12,0.286,0.069,-130.6,31,0.0000,0.00
15:54:11,22.263519990374277,84.90975714178495,-22.124,-13.918,0.12,0.286,0.069,-130.4,31,0.0000,0.00
15:54:11,22.263519990374277,84.90975714178495,-22.109,-13.914,0.12,0.286,0.069,-130.7,31,0.0000,0.00
15:54:11,22.263519990374277,84.90975714178495,-22.095,-13.911,0.12,0.286,0.069,-131.0,31,0.0000,0.00
15:54:11,22.263519990374277,84.90975714178495,-22.080,-13.907,0.12,0.286,0.069,-131.0,31,0.0000,0.00
15:54:11,22.263519990374277,84.90975714178495,-22.066,-13.904,0.13,0.286,0.069,-131.4,31,0.0000,0.00
15:54:11,22.263519990374277,84.90975714178495,-22.004,-13.876,0.13,0.359,0.116,-132.7,31,0.0000,0.00
15:54:11,22.263519990374277,84.90975714178495,-21.986,-13.870,0.13,0.359,0.116,-132.7,31,0.0000,0.00
15:54:11,22.263519990374277,84.90975714178495,-21.968,-13.864,0.13,0.359,0.116,-133.1,31,0.0000,0.00
15:54:12,22.263519990374277,84.90975714178495,-21.949,-13.858,0.13,0.359,0.116,-133.9,31,0.0000,0.00
15:54:12,22.263519990374277,84.90975714178495,-21.927,-13.852,0.13,0.373,0.117,-134.2,31,0.0037,0.00
15:54:12,22.263519990374277,84.90975714178495,-21.908,-13.846,0.13,0.373,0.117,-134.5,31,0.0000,0.00
15:54:12,22.263519990374277,84.90975714178495,-21.889,-13.840,0.13,0.373,0.117,-134.5,31,0.0000,0.00
15:54:12,22.263519990374277,84.90975714178495,-21.870,-13.834,0.13,0.373,0.117,-135.3,31,0.0000,0.00
15:54:12,22.263519990374277,84.90975714178495,-21.851,-13.828,0.13,0.373,0.117,-135.9,31,0.0000,0.00
15:54:12,22.263519990374277,84.90975714178495,-21.848,-13.826,0.13,0.321,0.106,-136.3,31,0.0029,0.00
15:54:12,22.263519990374277,84.90975714178495,-21.832,-13.820,0.13,0.321,0.106,-136.3,31,0.0000,0.00
15:54:12,22.263519990374277,84.90975714178495,-21.816,-13.815,0.13,0.321,0.106,-136.7,31,0.0000,0.00
15:54:12,22.263519990374277,84.90975714178495,-21.799,-13.810,0.13,0.321,0.106,-136.5,31,0.0000,0.00
15:54:12,22.263519990374277,84.90975714178495,-21.783,-13.804,0.13,0.321,0.106,-136.2,31,0.0000,0.00
15:54:12,22.263519990374277,84.90975714178495,-21.786,-13.814,0.13,0.252,0.052,-136.2,31,0.0022,0.00
15:54:12,22.263519990374277,84.90975714178495,-21.773,-13.811,0.13,0.252,0.052,-135.3,31,0.0000,0.00
15:54:12,22.263519990374277,84.90975714178495,-21.760,-13.808,0.13,0.252,0.052,-134.8,31,0.0000,0.00
15:54:12,22.263519990374277,84.90975714178495,-21.748,-13.806,0.13,0.252,0.052,-134.3,31,0.0000,0.00
15:54:12,22.263519990374277,84.90975714178495,-21.735,-13.803,0.13,0.252,0.052,-134.3,31,0.0000,0.00
15:54:12,22.263519990374277,84.90975714178495,-21.730,-13.810,0.13,0.224,0.017,-133.1,31,0.0029,0.00
15:54:12,22.263519990374277,84.90975714178495,-21.718,-13.809,0.13,0.224,0.017,-132.5,31,0.0000,0.00
15:54:12,22.263519990374277,84.90975714178495,-21.707,-13.808,0.13,0.224,0.017,-131.9,31,0.0000,0.00
15:54:12,22.263519990374277,84.90975714178495,-21.696,-13.807,0.13,0.224,0.017,-131.9,31,0.0000,0.00
15:54:13,22.263519990374277,84.90975714178495,-21.685,-13.806,0.13,0.224,0.017,-130.5,31,0.0000,0.00
15:54:13,22.263519990374277,84.90975714178495,-21.676,-13.810,0.13,0.213,-0.001,-129.8,31,0.0027,0.00
15:54:13,22.263519990374277,84.90975714178495,-21.665,-13.810,0.13,0.213,-0.001,-129.1,31,0.0000,0.00
15:54:13,22.263519990374277,84.90975714178495,-21.654,-13.810,0.13,0.213,-0.001,-129.1,31,0.0000,0.00
15:54:13,22.263519990374277,84.90975714178495,-21.644,-13.810,0.13,0.213,-0.001,-127.7,31,0.0000,0.00
15:54:13,22.263519990374277,84.90975714178495,-21.633,-13.810,0.13,0.213,-0.001,-127.0,31,0.0000,0.00
15:54:13,22.263519990374277,84.90975714178495,-21.622,-13.810,0.13,0.213,-0.001,-126.4,31,0.0000,0.00
15:54:13,22.263519990374277,84.90975714178495,-21.612,-13.810,0.13,0.213,-0.001,-126.4,31,0.0000,0.00
15:54:13,22.263519990374277,84.90975714178495,-21.601,-13.810,0.13,0.213,-0.001,-125.1,31,0.0000,0.00
15:54:13,22.263519990374277,84.90975714178495,-21.590,-13.811,0.13,0.213,-0.001,-124.6,31,0.0000,0.00
15:54:13,22.263519990374277,84.90975714178495,-21.579,-13.811,0.13,0.213,-0.001,-124.0,31,0.0000,0.00
15:54:13,22.263519990374277,84.90975714178495,-21.569,-13.811,0.13,0.213,-0.001,-123.1,31,0.0000,0.00
15:54:13,22.263519990374277,84.90975714178495,-21.558,-13.811,0.13,0.213,-0.001,-123.1,31,0.0000,0.00
15:54:13,22.263519990374277,84.90975714178495,-21.547,-13.811,0.13,0.213,-0.001,-122.7,31,0.0000,0.00
15:54:13,22.263519990374277,84.90975714178495,-21.536,-13.811,0.13,0.213,-0.001,-122.3,31,0.0000,0.00
15:54:13,22.263519990374277,84.90975714178495,-21.526,-13.811,0.13,0.213,-0.001,-122.3,31,0.0000,0.00
15:54:13,22.263519990374277,84.90975714178495,-21.515,-13.811,0.13,0.213,-0.001,-121.6,31,0.0000,0.00
15:54:13,22.263519990374277,84.90975714178495,-21.504,-13.811,0.13,0.213,-0.001,-121.3,31,0.0000,0.00
15:54:13,22.263519990374277,84.90975714178495,-21.493,-13.811,0.13,0.213,-0.001,-121.0,31,0.0000,0.00
15:54:13,22.263519990374277,84.90975714178495,-21.483,-13.811,0.13,0.213,-0.001,-120.5,31,0.0000,0.00
15:54:14,22.263519990374277,84.90975714178495,-21.472,-13.811,0.13,0.213,-0.001,-120.5,31,0.0000,0.00
15:54:14,22.263519990374277,84.90975714178495,-21.461,-13.811,0.13,0.213,-0.001,-120.3,31,0.0000,0.00
15:54:14,22.263519990374277,84.90975714178495,-21.450,-13.811,0.13,0.213,-0.001,-120.1,31,0.0000,0.00
15:54:14,22.263519990374277,84.90975714178495,-21.440,-13.811,0.13,0.213,-0.001,-119.9,31,0.0000,0.00
15:54:14,22.263519990374277,84.90975714178495,-21.429,-13.811,0.13,0.213,-0.001,-119.9,31,0.0000,0.00
15:54:14,22.263519990374277,84.90975714178495,-21.418,-13.811,0.13,0.213,-0.001,-119.8,31,0.0000,0.00
15:54:14,22.263519990374277,84.90975714178495,-21.407,-13.811,0.13,0.213,-0.001,-119.7,31,0.0000,0.00
15:54:14,22.263519990374277,84.90975714178495,-21.477,-13.781,0.13,0.104,0.041,-119.6,31,0.0020,0.00
15:54:14,22.263519990374277,84.90975714178495,-21.471,-13.779,0.13,0.104,0.041,-119.6,31,0.0000,0.00
15:54:14,22.263519990374277,84.90975714178495,-21.466,-13.777,0.13,0.104,0.041,-119.6,31,0.0000,0.00
15:54:14,22.263519990374277,84.90975714178495,-21.461,-13.775,0.13,0.104,0.041,-119.6,31,0.0000,0.00
15:54:14,22.263519990374277,84.90975714178495,-21.456,-13.773,0.13,0.104,0.041,-119.6,31,0.0000,0.00
15:54:14,22.263519990374277,84.90975714178495,-21.450,-13.771,0.13,0.104,0.041,-119.6,31,0.0000,0.00
15:54:14,22.263519990374277,84.90975714178495,-21.445,-13.769,0.13,0.104,0.041,-119.7,31,0.0000,0.00
15:54:14,22.263519990374277,84.90975714178495,-21.440,-13.767,0.13,0.104,0.041,-119.7,31,0.0000,0.00
15:54:14,22.263519990374277,84.90975714178495,-21.435,-13.764,0.13,0.104,0.041,-119.9,31,0.0000,0.00
15:54:14,22.263519990374277,84.90975714178495,-21.429,-13.762,0.13,0.104,0.041,-119.9,31,0.0000,0.00
15:54:14,22.263519990374277,84.90975714178495,-21.424,-13.760,0.13,0.104,0.041,-119.9,31,0.0000,0.00
15:54:14,22.263519990374277,84.90975714178495,-21.430,-13.756,0.13,0.084,0.044,-120.0,31,0.0020,0.00
15:54:14,22.263519990374277,84.90975714178495,-21.425,-13.754,0.13,0.084,0.044,-120.0,31,0.0000,0.00
15:54:15,22.263519990374277,84.90975714178495,-21.421,-13.752,0.13,0.084,0.044,-120.2,31,0.0000,0.00
15:54:15,22.263519990374277,84.90975714178495,-21.417,-13.750,0.13,0.084,0.044,-120.2,31,0.0000,0.00
15:54:15,22.263519990374277,84.90975714178495,-21.413,-13.748,0.12,0.084,0.044,-120.3,31,0.0000,0.00
15:54:15,22.263519990374277,84.90975714178495,-21.409,-13.744,0.12,0.084,0.047,-120.4,31,0.0018,0.00
15:54:15,22.263519990374277,84.90975714178495,-21.404,-13.742,0.12,0.084,0.047,-120.4,31,0.0000,0.00
15:54:15,22.263519990374277,84.90975714178495,-21.400,-13.739,0.12,0.084,0.047,-120.5,31,0.0000,0.00
15:54:15,22.263519990374277,84.90975714178495,-21.396,-13.737,0.12,0.084,0.047,-120.6,31,0.0000,0.00
15:54:15,22.263519990374277,84.90975714178495,-21.392,-13.734,0.12,0.084,0.047,-120.8,31,0.0000,0.00
15:54:15,22.263519990374277,84.90975714178495,-21.388,-13.732,0.12,0.083,0.049,-120.8,31,0.0018,0.00
15:54:15,22.263519990374277,84.90975714178495,-21.384,-13.729,0.12,0.083,0.049,-120.9,31,0.0000,0.00
15:54:15,22.263519990374277,84.90975714178495,-21.380,-13.727,0.12,0.083,0.049,-121.0,31,0.0000,0.00
15:54:15,22.263519990374277,84.90975714178495,-21.375,-13.724,0.12,0.083,0.049,-121.0,31,0.0000,0.00
15:54:15,22.263519990374277,84.90975714178495,-21.371,-13.722,0.12,0.083,0.049,-121.1,31,0.0000,0.00
15:54:15,22.263519990374277,84.90975714178495,-21.368,-13.720,0.12,0.079,0.048,-121.2,31,0.0018,0.00
15:54:15,22.263519990374277,84.90975714178495,-21.364,-13.717,0.12,0.079,0.048,-121.3,31,0.0000,0.00
15:54:15,22.263519990374277,84.90975714178495,-21.360,-13.715,0.13,0.079,0.048,-121.3,31,0.0000,0.00
15:54:15,22.263519990374277,84.90975714178495,-21.356,-13.712,0.13,0.079,0.048,-121.3,31,0.0000,0.00
15:54:15,22.263519990374277,84.90975714178495,-21.352,-13.710,0.13,0.079,0.048,-121.4,31,0.0000,0.00
15:54:15,22.263519990374277,84.90975714178495,-21.348,-13.708,0.13,0.079,0.048,-121.4,31,0.0000,0.00
15:54:15,22.263519990374277,84.90975714178495,-21.344,-13.705,0.13,0.079,0.048,-121.5,31,0.0000,0.00
15:54:16,22.263519990374277,84.90975714178495,-21.340,-13.703,0.13,0.079,0.048,-121.5,31,0.0000,0.00
15:54:16,22.263519990374277,84.90975714178495,-21.336,-13.700,0.13,0.079,0.048,-121.5,31,0.0000,0.00
15:54:16,22.263519990374277,84.90975714178495,-21.332,-13.698,0.13,0.079,0.048,-121.5,31,0.0000,0.00
15:54:16,22.263519990374277,84.90975714178495,-21.349,-13.708,0.13,0.022,0.013,-121.5,31,0.0022,0.00
15:54:16,22.263519990374277,84.90975714178495,-21.348,-13.707,0.13,0.022,0.013,-121.5,31,0.0000,0.00
15:54:16,22.263519990374277,84.90975714178495,-21.346,-13.707,0.13,0.022,0.013,-121.5,31,0.0000,0.00
15:54:16,22.263519990374277,84.90975714178495,-21.345,-13.706,0.13,0.022,0.013,-121.5,31,0.0000,0.00
15:54:16,22.263519990374277,84.90975714178495,-21.344,-13.705,0.13,0.022,0.013,-121.5,31,0.0000,0.00
15:54:16,22.263519990374277,84.90975714178495,-21.347,-13.707,0.13,0.008,0.005,-121.5,31,0.0020,0.00
15:54:16,22.263519990374277,84.90975714178495,-21.347,-13.707,0.13,0.008,0.005,-121.4,31,0.0000,0.00
15:54:16,22.263519990374277,84.90975714178495,-21.347,-13.707,0.13,0.008,0.005,-121.4,31,0.0000,0.00
15:54:16,22.263519990374277,84.90975714178495,-21.346,-13.706,0.13,0.008,0.005,-121.4,31,0.0000,0.00
15:54:16,22.263519990374277,84.90975714178495,-21.346,-13.706,0.12,0.008,0.005,-121.4,31,0.0000,0.00
15:54:16,22.263519990374277,84.90975714178495,-21.345,-13.706,0.12,0.008,0.005,-121.3,31,0.0000,0.00
15:54:16,22.263519990374277,84.90975714178495,-21.345,-13.706,0.12,0.008,0.005,-121.3,31,0.0000,0.00
15:54:16,22.263519990374277,84.90975714178495,-21.345,-13.705,0.12,0.008,0.005,-121.3,31,0.0000,0.00
15:54:16,22.263519990374277,84.90975714178495,-21.344,-13.705,0.12,0.008,0.005,-121.2,31,0.0000,0.00
15:54:16,22.263519990374277,84.90975714178495,-21.344,-13.705,0.12,0.008,0.005,-121.2,31,0.0000,0.00
15:54:16,22.263519990374277,84.90975714178495,-21.343,-13.705,0.12,0.008,0.005,-121.1,31,0.0000,0.00
15:54:17,22.263519990374277,84.90975714178495,-21.343,-13.704,0.12,0.008,0.005,-121.1,31,0.0000,0.00
15:54:17,22.263519990374277,84.90975714178495,-21.343,-13.704,0.12,0.008,0.005,-121.1,31,0.0000,0.00
15:54:17,22.263519990374277,84.90975714178495,-21.342,-13.704,0.12,0.008,0.005,-121.0,31,0.0000,0.00
15:54:17,22.263519990374277,84.90975714178495,-21.342,-13.704,0.12,0.008,0.005,-121.0,31,0.0000,0.00
15:54:17,22.263519990374277,84.90975714178495,-21.341,-13.703,0.12,0.008,0.005,-121.0,31,0.0000,0.00
15:54:17,22.263519990374277,84.90975714178495,-21.341,-13.703,0.12,0.008,0.005,-120.9,31,0.0000,0.00
15:54:17,22.263519990374277,84.90975714178495,-21.341,-13.703,0.12,0.008,0.005,-120.9,31,0.0000,0.00
15:54:17,22.263519990374277,84.90975714178495,-21.340,-13.703,0.12,0.008,0.005,-120.9,31,0.0000,0.00
15:54:17,22.263519990374277,84.90975714178495,-21.340,-13.702,0.12,0.008,0.005,-120.9,31,0.0000,0.00
15:54:17,22.263519990374277,84.90975714178495,-21.339,-13.702,0.12,0.008,0.005,-120.8,31,0.0000,0.00
15:54:17,22.263519990374277,84.90975714178495,-21.343,-13.704,0.12,0.001,0.001,-120.7,31,0.0019,0.00
15:54:17,22.263519990374277,84.90975714178495,-21.343,-13.704,0.12,0.001,0.001,-120.7,31,0.0000,0.00
15:54:17,22.263519990374277,84.90975714178495,-21.343,-13.704,0.12,0.001,0.001,-120.7,31,0.0000,0.00
15:54:17,22.263519990374277,84.90975714178495,-21.343,-13.704,0.12,0.001,0.001,-120.7,31,0.0000,0.00
15:54:17,22.263519990374277,84.90975714178495,-21.343,-13.704,0.12,0.001,0.001,-120.6,31,0.0000,0.00
15:54:17,22.263519990374277,84.90975714178495,-21.343,-13.704,0.12,0.001,0.001,-120.6,31,0.0000,0.00
15:54:17,22.263519990374277,84.90975714178495,-21.343,-13.704,0.12,0.001,0.001,-120.6,31,0.0000,0.00
15:54:17,22.263519990374277,84.90975714178495,-21.343,-13.704,0.12,0.001,0.001,-120.6,31,0.0000,0.00
15:54:17,22.263519990374277,84.90975714178495,-21.343,-13.704,0.12,0.001,0.001,-120.6,31,0.0000,0.00
15:54:17,22.263519990374277,84.90975714178495,-21.343,-13.704,0.12,0.001,0.001,-120.6,31,0.0000,0.00
15:54:17,22.263519990374277,84.90975714178495,-21.343,-13.704,0.12,0.001,0.001,-120.6,31,0.0000,0.00
15:54:18,22.263519990374277,84.90975714178495,-21.343,-13.704,0.12,0.001,0.001,-120.6,31,0.0000,0.00
15:54:18,22.263519990374277,84.90975714178495,-21.342,-13.704,0.12,0.001,0.001,-120.6,31,0.0000,0.00
15:54:18,22.263519990374277,84.90975714178495,-21.342,-13.704,0.12,0.001,0.001,-120.6,31,0.0000,0.00
15:54:18,22.263519990374277,84.90975714178495,-21.342,-13.704,0.12,0.001,0.001,-120.6,31,0.0000,0.00
15:54:18,22.263519990374277,84.90975714178495,-21.342,-13.704,0.12,0.001,0.001,-120.6,31,0.0000,0.00
15:54:18,22.263519990374277,84.90975714178495,-21.342,-13.704,0.12,0.001,0.001,-120.6,31,0.0000,0.00
15:54:18,22.263519990374277,84.90975714178495,-21.342,-13.704,0.12,0.001,0.001,-120.6,31,0.0000,0.00
15:54:18,22.263519990374277,84.90975714178495,-21.342,-13.703,0.12,0.001,0.001,-120.6,31,0.0000,0.00
15:54:18,22.263519990374277,84.90975714178495,-21.342,-13.703,0.12,0.001,0.001,-120.7,31,0.0000,0.00
15:54:18,22.263519990374277,84.90975714178495,-21.342,-13.703,0.12,0.001,0.001,-120.7,31,0.0000,0.00
15:54:18,22.263519990374277,84.90975714178495,-21.342,-13.703,0.12,0.001,0.001,-120.7,31,0.0000,0.00
15:54:18,22.263519990374277,84.90975714178495,-21.342,-13.703,0.12,0.001,0.001,-120.8,31,0.0000,0.00
15:54:18,22.263519990374277,84.90975714178495,-21.342,-13.703,0.12,0.001,0.001,-120.8,31,0.0000,0.00
15:54:18,22.263519990374277,84.90975714178495,-21.342,-13.703,0.12,0.001,0.001,-120.9,31,0.0000,0.00
15:54:18,22.263519990374277,84.90975714178495,-21.342,-13.703,0.12,0.001,0.001,-120.9,31,0.0000,0.00
15:54:18,22.263519990374277,84.90975714178495,-21.342,-13.704,0.12,0.000,0.000,-120.9,31,0.0015,0.00
15:54:18,22.263519990374277,84.90975714178495,-21.342,-13.704,0.12,0.000,0.000,-121.0,31,0.0000,0.00
15:54:18,22.263519990374277,84.90975714178495,-21.342,-13.704,0.12,0.000,0.000,-121.0,31,0.0000,0.00
15:54:18,22.263519990374277,84.90975714178495,-21.342,-13.704,0.13,0.000,0.000,-121.0,31,0.0000,0.00
15:54:19,22.263519990374277,84.90975714178495,-21.342,-13.704,0.13,0.000,0.000,-121.0,31,0.0000,0.00
15:54:19,22.263519990374277,84.90975714178495,-21.342,-13.704,0.13,0.000,0.000,-121.1,31,0.0000,0.00
15:54:19,22.263519990374277,84.90975714178495,-21.342,-13.704,0.13,0.000,0.000,-121.1,31,0.0000,0.00
15:54:19,22.263519990374277,84.90975714178495,-21.342,-13.704,0.13,0.000,0.000,-121.1,31,0.0000,0.00
15:54:19,22.263519990374277,84.90975714178495,-21.342,-13.704,0.13,0.000,0.000,-121.2,31,0.0000,0.00
15:54:19,22.263519990374277,84.90975714178495,-21.342,-13.704,0.13,0.000,0.000,-121.3,31,0.0000,0.00
15:54:19,22.263519990374277,84.90975714178495,-21.342,-13.704,0.13,-0.000,0.000,-121.3,31,0.0015,0.00
15:54:19,22.263519990374277,84.90975714178495,-21.342,-13.704,0.13,-0.000,0.000,-121.3,31,0.0000,0.00
15:54:19,22.263519990374277,84.90975714178495,-21.342,-13.704,0.12,-0.000,0.000,-121.4,31,0.0000,0.00
15:54:19,22.263519990374277,84.90975714178495,-21.342,-13.704,0.12,-0.000,0.000,-121.4,31,0.0000,0.00
15:54:19,22.263519990374277,84.90975714178495,-21.342,-13.704,0.12,-0.000,0.000,-121.4,31,0.0000,0.00
15:54:19,22.263519990374277,84.90975714178495,-21.342,-13.704,0.12,0.000,-0.000,-121.4,31,0.0014,0.00